q,recall,fpr,category
0.5,1,0.4731182796,bottle
0.510560064,1,0.4731182796,bottle
0.5208970982,1,0.4731182796,bottle
0.5310158128,1,0.4677419355,bottle
0.5409208189,1,0.4623655914,bottle
0.55061663,1,0.4623655914,bottle
0.5601076643,1,0.4569892473,bottle
0.5693982468,1,0.4569892473,bottle
0.578492611,1,0.4516129032,bottle
0.587394901,1,0.4516129032,bottle
0.5961091735,1,0.4408602151,bottle
0.6046393995,1,0.435483871,bottle
0.612989466,1,0.435483871,bottle
0.6211631781,1,0.4193548387,bottle
0.6291642603,1,0.4139784946,bottle
0.6369963586,1,0.3978494624,bottle
0.644663042,1,0.3978494624,bottle
0.652167804,1,0.3978494624,bottle
0.6595140646,1,0.3978494624,bottle
0.6667051711,1,0.3924731183,bottle
0.6737444006,1,0.3924731183,bottle
0.6806349606,1,0.3924731183,bottle
0.6873799912,1,0.3870967742,bottle
0.6939825658,1,0.376344086,bottle
0.7004456932,1,0.376344086,bottle
0.7067723185,1,0.3709677419,bottle
0.7129653247,1,0.3709677419,bottle
0.7190275338,1,0.3655913978,bottle
0.7249617083,1,0.3602150538,bottle
0.7307705522,1,0.3548387097,bottle
0.7364567126,1,0.3494623656,bottle
0.7420227806,1,0.3494623656,bottle
0.7474712925,1,0.3387096774,bottle
0.7528047312,1,0.3333333333,bottle
0.7580255269,1,0.3279569892,bottle
0.7631360588,1,0.3225806452,bottle
0.7681386555,1,0.3225806452,bottle
0.7730355968,1,0.3225806452,bottle
0.7778291141,1,0.311827957,bottle
0.7825213917,1,0.3064516129,bottle
0.7871145677,1,0.3010752688,bottle
0.7916107353,1,0.3010752688,bottle
0.7960119433,1,0.2903225806,bottle
0.8003201972,1,0.2849462366,bottle
0.8045374602,1,0.2688172043,bottle
0.808665654,1,0.2634408602,bottle
0.8127066599,1,0.2580645161,bottle
0.8166623193,1,0.247311828,bottle
0.8205344346,1,0.2365591398,bottle
0.8243247703,1,0.2365591398,bottle
0.8280350536,1,0.2311827957,bottle
0.8316669753,1,0.2311827957,bottle
0.8352221904,1,0.2258064516,bottle
0.8387023188,1,0.2204301075,bottle
0.8421089465,1,0.2150537634,bottle
0.8454436258,1,0.2150537634,bottle
0.8487078762,1,0.2150537634,bottle
0.8519031852,1,0.2043010753,bottle
0.8550310089,1,0.1935483871,bottle
0.8580927726,1,0.1935483871,bottle
0.8610898714,1,0.1935483871,bottle
0.8640236711,1,0.188172043,bottle
0.8668955086,1,0.1774193548,bottle
0.8697066925,1,0.1720430108,bottle
0.8724585038,1,0.1720430108,bottle
0.8751521965,1,0.1612903226,bottle
0.8777889981,1,0.1612903226,bottle
0.8803701101,1,0.1559139785,bottle
0.8828967087,1,0.1505376344,bottle
0.8853699453,1,0.1505376344,bottle
0.8877909467,1,0.1505376344,bottle
0.8901608163,1,0.1451612903,bottle
0.8924806339,1,0.1451612903,bottle
0.8947514567,1,0.1451612903,bottle
0.8969743194,1,0.1451612903,bottle
0.899150235,1,0.1451612903,bottle
0.9012801949,1,0.1451612903,bottle
0.9033651698,1,0.1397849462,bottle
0.9054061098,1,0.1397849462,bottle
0.9074039449,1,0.1397849462,bottle
0.9093595854,1,0.1397849462,bottle
0.9112739226,1,0.1397849462,bottle
0.9131478287,1,0.1397849462,bottle
0.9149821577,1,0.1397849462,bottle
0.9167777454,1,0.1344086022,bottle
0.9185354101,1,0.1290322581,bottle
0.9202559527,1,0.123655914,bottle
0.9219401572,1,0.123655914,bottle
0.923588791,1,0.123655914,bottle
0.9252026056,1,0.123655914,bottle
0.9267823361,1,0.123655914,bottle
0.9283287025,1,0.1182795699,bottle
0.9298424095,1,0.1182795699,bottle
0.9313241468,1,0.1182795699,bottle
0.9327745896,1,0.1182795699,bottle
0.9341943989,1,0.1075268817,bottle
0.9355842216,1,0.1021505376,bottle
0.9369446911,1,0.1021505376,bottle
0.9382764273,1,0.1021505376,bottle
0.9395800371,1,0.1021505376,bottle
0.9408561144,1,0.1021505376,bottle
0.9421052409,1,0.1021505376,bottle
0.9433279856,1,0.1021505376,bottle
0.9445249058,1,0.1021505376,bottle
0.9456965469,1,0.1021505376,bottle
0.9468434428,1,0.1021505376,bottle
0.9479661161,1,0.1021505376,bottle
0.9490650784,1,0.1021505376,bottle
0.9501408304,1,0.1021505376,bottle
0.9511938625,1,0.1021505376,bottle
0.9522246544,1,0.09677419355,bottle
0.9532336758,1,0.09139784946,bottle
0.9542213865,1,0.08602150538,bottle
0.9551882367,1,0.0752688172,bottle
0.9561346669,1,0.0752688172,bottle
0.9570611083,1,0.0752688172,bottle
0.9579679832,1,0.06989247312,bottle
0.9588557048,1,0.06989247312,bottle
0.9597246776,1,0.06451612903,bottle
0.9605752976,1,0.06451612903,bottle
0.9614079523,1,0.05913978495,bottle
0.9622230213,1,0.05913978495,bottle
0.9630208759,1,0.05913978495,bottle
0.9638018798,1,0.05913978495,bottle
0.9645663887,1,0.05913978495,bottle
0.9653147511,1,0.05913978495,bottle
0.966047308,1,0.05913978495,bottle
0.9667643932,1,0.05376344086,bottle
0.9674663335,1,0.05376344086,bottle
0.9681534487,1,0.05376344086,bottle
0.9688260519,1,0.05376344086,bottle
0.9694844497,1,0.05376344086,bottle
0.970128942,1,0.05376344086,bottle
0.9707598226,1,0.05376344086,bottle
0.9713773789,1,0.04838709677,bottle
0.9719818923,1,0.04838709677,bottle
0.9725736384,1,0.04838709677,bottle
0.9731528866,1,0.04838709677,bottle
0.9737199011,1,0.04838709677,bottle
0.9742749402,1,0.04838709677,bottle
0.9748182567,1,0.04838709677,bottle
0.9753500984,1,0.04301075269,bottle
0.9758707074,1,0.0376344086,bottle
0.9763803212,1,0.03225806452,bottle
0.9768791718,1,0.02688172043,bottle
0.9773674867,1,0.02688172043,bottle
0.9778454883,1,0.02688172043,bottle
0.9783133944,1,0.02688172043,bottle
0.9787714183,1,0.02688172043,bottle
0.9792197686,1,0.02688172043,bottle
0.9796586498,1,0.02688172043,bottle
0.9800882617,1,0.02688172043,bottle
0.9805088002,1,0.02150537634,bottle
0.9809204568,1,0.02150537634,bottle
0.9813234192,1,0.02150537634,bottle
0.981717871,1,0.02150537634,bottle
0.9821039919,1,0.02150537634,bottle
0.9824819579,1,0.02150537634,bottle
0.9828519412,1,0.02150537634,bottle
0.9832141104,1,0.01612903226,bottle
0.9835686305,1,0.01612903226,bottle
0.9839156631,1,0.01612903226,bottle
0.9842553664,1,0.01075268817,bottle
0.9845878951,1,0.01075268817,bottle
0.9849134007,1,0.01075268817,bottle
0.9852320316,1,0.01075268817,bottle
0.985543933,1,0.01075268817,bottle
0.985849247,1,0.01075268817,bottle
0.9861481127,1,0.01075268817,bottle
0.9864406663,1,0.01075268817,bottle
0.9867270412,1,0.01075268817,bottle
0.9870073678,1,0.01075268817,bottle
0.9872817738,1,0.01075268817,bottle
0.9875503844,1,0.01075268817,bottle
0.9878133219,1,0.01075268817,bottle
0.9880707061,1,0.01075268817,bottle
0.9883226543,1,0.01075268817,bottle
0.9885692813,1,0.01075268817,bottle
0.9888106996,1,0.01075268817,bottle
0.989047019,1,0.01075268817,bottle
0.9892783474,1,0.01075268817,bottle
0.9895047901,1,0.01075268817,bottle
0.9897264502,1,0.01075268817,bottle
0.9899434289,1,0.01075268817,bottle
0.990155825,1,0.01075268817,bottle
0.9903637352,1,0.01075268817,bottle
0.9905672544,1,0.01075268817,bottle
0.9907664752,1,0.01075268817,bottle
0.9909614884,1,0.01075268817,bottle
0.9911523829,1,0.01075268817,bottle
0.9913392457,1,0.01075268817,bottle
0.991522162,1,0.01075268817,bottle
0.991701215,1,0.01075268817,bottle
0.9918764864,1,0.01075268817,bottle
0.992048056,1,0.01075268817,bottle
0.9922160021,1,0.01075268817,bottle
0.9923804012,1,0.01075268817,bottle
0.9925413281,1,0.01075268817,bottle
0.9926988562,1,0.01075268817,bottle
0.9928530573,1,0.01075268817,bottle
0.9930040016,1,0.01075268817,bottle
0.993151758,1,0.01075268817,bottle
0.9932963937,1,0.01075268817,bottle
0.9934379748,1,0.01075268817,bottle
0.9935765656,1,0.01075268817,bottle
0.9937122293,1,0.01075268817,bottle
0.9938450278,1,0.01075268817,bottle
0.9939750216,1,0.01075268817,bottle
0.99410227,1,0.01075268817,bottle
0.9942268308,1,0.01075268817,bottle
0.9943487608,1,0.01075268817,bottle
0.9944681157,1,0.01075268817,bottle
0.9945849498,1,0.01075268817,bottle
0.9946993164,1,0.01075268817,bottle
0.9948112675,1,0.01075268817,bottle
0.9949208542,1,0.01075268817,bottle
0.9950281264,1,0.01075268817,bottle
0.995133133,1,0.01075268817,bottle
0.9952359219,1,0.01075268817,bottle
0.9953365398,1,0.01075268817,bottle
0.9954350327,1,0.01075268817,bottle
0.9955314454,1,0.01075268817,bottle
0.9956258218,1,0.01075268817,bottle
0.995718205,1,0.01075268817,bottle
0.9958086371,1,0.01075268817,bottle
0.9958971592,1,0.01075268817,bottle
0.9959838117,1,0.01075268817,bottle
0.9960686342,1,0.01075268817,bottle
0.9961516651,1,0.01075268817,bottle
0.9962329424,1,0.01075268817,bottle
0.9963125032,1,0.01075268817,bottle
0.9963903836,1,0.01075268817,bottle
0.9964666191,1,0.01075268817,bottle
0.9965412446,1,0.01075268817,bottle
0.9966142939,1,0.01075268817,bottle
0.9966858005,1,0.01075268817,bottle
0.9967557968,1,0.01075268817,bottle
0.9968243148,1,0.01075268817,bottle
0.9968913857,1,0.01075268817,bottle
0.99695704,1,0.01075268817,bottle
0.9970213077,1,0.01075268817,bottle
0.9970842181,1,0.01075268817,bottle
0.9971457998,1,0.01075268817,bottle
0.9972060808,1,0.01075268817,bottle
0.9972650888,1,0.01075268817,bottle
0.9973228504,1,0.01075268817,bottle
0.9973793922,1,0.01075268817,bottle
0.9974347398,1,0.01075268817,bottle
0.9974889184,1,0.01075268817,bottle
0.9975419527,1,0.01075268817,bottle
0.997593867,1,0.01075268817,bottle
0.9976446849,1,0.01075268817,bottle
0.9976944294,1,0.01075268817,bottle
0.9977431234,1,0.01075268817,bottle
0.9977907889,1,0.01075268817,bottle
0.9978374477,1,0.01075268817,bottle
0.9978831211,1,0.01075268817,bottle
0.9979278298,1,0.01075268817,bottle
0.9979715943,1,0.01075268817,bottle
0.9980144345,1,0.01075268817,bottle
0.9980563699,1,0.01075268817,bottle
0.9980974196,1,0.01075268817,bottle
0.9981376024,1,0.01075268817,bottle
0.9981769365,1,0.01075268817,bottle
0.9982154398,1,0.01075268817,bottle
0.9982531299,1,0.01075268817,bottle
0.9982900241,1,0.01075268817,bottle
0.998326139,1,0.01075268817,bottle
0.9983614911,1,0.01075268817,bottle
0.9983960966,1,0.01075268817,bottle
0.9984299713,1,0.01075268817,bottle
0.9984631305,1,0.01075268817,bottle
0.9984955894,1,0.01075268817,bottle
0.9985273627,1,0.01075268817,bottle
0.998558465,1,0.01075268817,bottle
0.9985889104,1,0.01075268817,bottle
0.9986187128,1,0.01075268817,bottle
0.9986478858,1,0.01075268817,bottle
0.9986764426,1,0.01075268817,bottle
0.9987043963,1,0.01075268817,bottle
0.9987317596,1,0.01075268817,bottle
0.998758545,1,0.01075268817,bottle
0.9987847647,1,0.01075268817,bottle
0.9988104306,1,0.01075268817,bottle
0.9988355545,1,0.01075268817,bottle
0.9988601477,1,0.01075268817,bottle
0.9988842215,1,0.01075268817,bottle
0.9989077869,1,0.01075268817,bottle
0.9989308546,1,0.01075268817,bottle
0.9989534351,1,0.01075268817,bottle
0.9989755387,1,0.01075268817,bottle
0.9989971754,1,0.01075268817,bottle
0.9990183552,1,0.01075268817,bottle
0.9990390877,1,0.01075268817,bottle
0.9990593823,1,0.01075268817,bottle
0.9990792482,1,0.01075268817,bottle
0.9990986946,1,0.01075268817,bottle
0.9991177303,1,0.01075268817,bottle
0.999136364,1,0.01075268817,bottle
0.9991546041,1,0.01075268817,bottle
0.9991724589,1,0.01075268817,bottle
0.9991899367,1,0.01075268817,bottle
0.9992070454,1,0.01075268817,bottle
0.9992237927,1,0.01075268817,bottle
0.9992401863,1,0.01075268817,bottle
0.9992562336,1,0.01075268817,bottle
0.9992719421,1,0.01075268817,bottle
0.9992873187,1,0.01075268817,bottle
0.9993023707,1,0.01075268817,bottle
0.9993171047,1,0.01075268817,bottle
0.9993315275,1,0.01075268817,bottle
0.9993456457,1,0.01075268817,bottle
0.9993594658,1,0.01075268817,bottle
0.999372994,1,0.01075268817,bottle
0.9993862364,1,0.01075268817,bottle
0.9993991992,1,0.01075268817,bottle
0.9994118882,1,0.01075268817,bottle
0.9994243092,1,0.01075268817,bottle
0.9994364678,1,0.01075268817,bottle
0.9994483697,1,0.01075268817,bottle
0.9994600202,1,0.01075268817,bottle
0.9994714246,1,0.01075268817,bottle
0.9994825882,1,0.01075268817,bottle
0.999493516,1,0.01075268817,bottle
0.999504213,1,0.01075268817,bottle
0.9995146841,1,0.01075268817,bottle
0.999524934,1,0.01075268817,bottle
0.9995349675,1,0.01075268817,bottle
0.999544789,1,0.01075268817,bottle
0.9995544032,1,0.01075268817,bottle
0.9995638142,1,0.01075268817,bottle
0.9995730265,1,0.01075268817,bottle
0.9995820443,1,0.01075268817,bottle
0.9995908715,1,0.01075268817,bottle
0.9995995124,1,0.01075268817,bottle
0.9996079707,1,0.01075268817,bottle
0.9996162504,1,0.01075268817,bottle
0.9996243553,1,0.01075268817,bottle
0.9996322889,1,0.01075268817,bottle
0.999640055,1,0.01075268817,bottle
0.9996476571,1,0.01075268817,bottle
0.9996550987,1,0.01075268817,bottle
0.999662383,1,0.01075268817,bottle
0.9996695135,1,0.01075268817,bottle
0.9996764934,1,0.01075268817,bottle
0.9996833259,1,0.01075268817,bottle
0.9996900141,1,0.01075268817,bottle
0.9996965611,1,0.01075268817,bottle
0.9997029698,1,0.01075268817,bottle
0.9997092431,1,0.01075268817,bottle
0.9997153839,1,0.01075268817,bottle
0.999721395,1,0.01075268817,bottle
0.9997272792,1,0.01075268817,bottle
0.9997330391,1,0.01075268817,bottle
0.9997386773,1,0.01075268817,bottle
0.9997441965,1,0.01075268817,bottle
0.9997495991,1,0.01075268817,bottle
0.9997548876,1,0.01075268817,bottle
0.9997600644,1,0.01075268817,bottle
0.9997651319,1,0.01075268817,bottle
0.9997700923,1,0.01075268817,bottle
0.999774948,1,0.01075268817,bottle
0.9997797011,1,0.01075268817,bottle
0.9997843539,1,0.01075268817,bottle
0.9997889084,1,0.01075268817,bottle
0.9997933666,1,0.01075268817,bottle
0.9997977308,1,0.01075268817,bottle
0.9998020027,1,0.01075268817,bottle
0.9998061844,1,0.01075268817,bottle
0.9998102778,1,0.01075268817,bottle
0.9998142848,1,0.01075268817,bottle
0.9998182071,1,0.01075268817,bottle
0.9998220466,1,0.01075268817,bottle
0.999825805,1,0.01075268817,bottle
0.999829484,1,0.01075268817,bottle
0.9998330854,1,0.01075268817,bottle
0.9998366106,1,0.01075268817,bottle
0.9998400614,1,0.01075268817,bottle
0.9998434393,1,0.01075268817,bottle
0.9998467459,1,0.01075268817,bottle
0.9998499827,1,0.01075268817,bottle
0.9998531511,1,0.01075268817,bottle
0.9998562525,1,0.01075268817,bottle
0.9998592885,1,0.01075268817,bottle
0.9998622603,1,0.01075268817,bottle
0.9998651694,1,0.01075268817,bottle
0.9998680171,1,0.01075268817,bottle
0.9998708046,1,0.01075268817,bottle
0.9998735332,1,0.01075268817,bottle
0.9998762042,1,0.01075268817,bottle
0.9998788188,1,0.01075268817,bottle
0.9998813781,1,0.01075268817,bottle
0.9998838834,1,0.01075268817,bottle
0.9998863358,1,0.01075268817,bottle
0.9998887364,1,0.01075268817,bottle
0.9998910863,1,0.01075268817,bottle
0.9998933866,1,0.01075268817,bottle
0.9998956383,1,0.01075268817,bottle
0.9998978424,1,0.01075268817,bottle
0.9999,1,0.01075268817,bottle
0.5,1,0.4433656958,cable
0.510560064,1,0.430420712,cable
0.5208970982,1,0.4239482201,cable
0.5310158128,1,0.4207119741,cable
0.5409208189,1,0.4045307443,cable
0.55061663,1,0.3915857605,cable
0.5601076643,1,0.3754045307,cable
0.5693982468,1,0.3721682848,cable
0.578492611,1,0.3624595469,cable
0.587394901,1,0.355987055,cable
0.5961091735,1,0.355987055,cable
0.6046393995,1,0.3495145631,cable
0.612989466,1,0.3495145631,cable
0.6211631781,1,0.3430420712,cable
0.6291642603,1,0.3365695793,cable
0.6369963586,1,0.3268608414,cable
0.644663042,1,0.3203883495,cable
0.652167804,1,0.3171521036,cable
0.6595140646,1,0.3139158576,cable
0.6667051711,1,0.3042071197,cable
0.6737444006,1,0.2944983819,cable
0.6806349606,1,0.28802589,cable
0.6873799912,1,0.284789644,cable
0.6939825658,1,0.284789644,cable
0.7004456932,1,0.2815533981,cable
0.7067723185,1,0.2815533981,cable
0.7129653247,1,0.2718446602,cable
0.7190275338,1,0.2686084142,cable
0.7249617083,1,0.2686084142,cable
0.7307705522,1,0.2686084142,cable
0.7364567126,1,0.2686084142,cable
0.7420227806,1,0.2686084142,cable
0.7474712925,0.9927536232,0.2621359223,cable
0.7528047312,0.9927536232,0.2588996764,cable
0.7580255269,0.9927536232,0.2524271845,cable
0.7631360588,0.9927536232,0.2491909385,cable
0.7681386555,0.9927536232,0.2491909385,cable
0.7730355968,0.9927536232,0.2459546926,cable
0.7778291141,0.9927536232,0.2394822006,cable
0.7825213917,0.9891304348,0.2362459547,cable
0.7871145677,0.9891304348,0.2233009709,cable
0.7916107353,0.9782608696,0.216828479,cable
0.7960119433,0.9782608696,0.2071197411,cable
0.8003201972,0.9782608696,0.2038834951,cable
0.8045374602,0.9782608696,0.2038834951,cable
0.808665654,0.9782608696,0.2038834951,cable
0.8127066599,0.9782608696,0.2006472492,cable
0.8166623193,0.9782608696,0.2006472492,cable
0.8205344346,0.9782608696,0.1974110032,cable
0.8243247703,0.9782608696,0.1941747573,cable
0.8280350536,0.9782608696,0.1941747573,cable
0.8316669753,0.9746376812,0.1941747573,cable
0.8352221904,0.9746376812,0.1877022654,cable
0.8387023188,0.9746376812,0.1747572816,cable
0.8421089465,0.9746376812,0.1682847896,cable
0.8454436258,0.9746376812,0.1650485437,cable
0.8487078762,0.9710144928,0.1585760518,cable
0.8519031852,0.9710144928,0.145631068,cable
0.8550310089,0.9710144928,0.1391585761,cable
0.8580927726,0.9710144928,0.1262135922,cable
0.8610898714,0.9710144928,0.1132686084,cable
0.8640236711,0.9673913043,0.1100323625,cable
0.8668955086,0.9673913043,0.1067961165,cable
0.8697066925,0.9673913043,0.1035598706,cable
0.8724585038,0.9673913043,0.1035598706,cable
0.8751521965,0.9673913043,0.1035598706,cable
0.8777889981,0.9601449275,0.1003236246,cable
0.8803701101,0.9601449275,0.1003236246,cable
0.8828967087,0.9601449275,0.1003236246,cable
0.8853699453,0.9601449275,0.1003236246,cable
0.8877909467,0.9601449275,0.09385113269,cable
0.8901608163,0.9601449275,0.09061488673,cable
0.8924806339,0.9565217391,0.08414239482,cable
0.8947514567,0.9565217391,0.07443365696,cable
0.8969743194,0.9528985507,0.071197411,cable
0.899150235,0.9492753623,0.071197411,cable
0.9012801949,0.9492753623,0.06472491909,cable
0.9033651698,0.9492753623,0.06472491909,cable
0.9054061098,0.9492753623,0.05177993528,cable
0.9074039449,0.9492753623,0.04854368932,cable
0.9093595854,0.9456521739,0.04854368932,cable
0.9112739226,0.9456521739,0.04530744337,cable
0.9131478287,0.9420289855,0.04530744337,cable
0.9149821577,0.9384057971,0.04530744337,cable
0.9167777454,0.9384057971,0.04530744337,cable
0.9185354101,0.9347826087,0.04530744337,cable
0.9202559527,0.9347826087,0.04530744337,cable
0.9219401572,0.9347826087,0.04530744337,cable
0.923588791,0.9347826087,0.04207119741,cable
0.9252026056,0.9311594203,0.03883495146,cable
0.9267823361,0.9311594203,0.03883495146,cable
0.9283287025,0.9275362319,0.03883495146,cable
0.9298424095,0.9275362319,0.03883495146,cable
0.9313241468,0.9202898551,0.0355987055,cable
0.9327745896,0.9202898551,0.0355987055,cable
0.9341943989,0.9166666667,0.0355987055,cable
0.9355842216,0.9166666667,0.0355987055,cable
0.9369446911,0.9166666667,0.0355987055,cable
0.9382764273,0.9166666667,0.0355987055,cable
0.9395800371,0.9166666667,0.0355987055,cable
0.9408561144,0.9166666667,0.0355987055,cable
0.9421052409,0.9166666667,0.0355987055,cable
0.9433279856,0.9130434783,0.03236245955,cable
0.9445249058,0.9130434783,0.03236245955,cable
0.9456965469,0.9094202899,0.03236245955,cable
0.9468434428,0.9057971014,0.03236245955,cable
0.9479661161,0.9057971014,0.03236245955,cable
0.9490650784,0.9057971014,0.03236245955,cable
0.9501408304,0.9057971014,0.02912621359,cable
0.9511938625,0.9057971014,0.02912621359,cable
0.9522246544,0.9057971014,0.02912621359,cable
0.9532336758,0.9057971014,0.02912621359,cable
0.9542213865,0.9057971014,0.02912621359,cable
0.9551882367,0.902173913,0.02912621359,cable
0.9561346669,0.902173913,0.02912621359,cable
0.9570611083,0.8985507246,0.02912621359,cable
0.9579679832,0.8949275362,0.02912621359,cable
0.9588557048,0.8949275362,0.02912621359,cable
0.9597246776,0.884057971,0.02912621359,cable
0.9605752976,0.884057971,0.02912621359,cable
0.9614079523,0.884057971,0.02912621359,cable
0.9622230213,0.8804347826,0.02912621359,cable
0.9630208759,0.8768115942,0.02912621359,cable
0.9638018798,0.8731884058,0.02912621359,cable
0.9645663887,0.8731884058,0.02912621359,cable
0.9653147511,0.8695652174,0.02912621359,cable
0.966047308,0.865942029,0.02912621359,cable
0.9667643932,0.865942029,0.02912621359,cable
0.9674663335,0.865942029,0.02912621359,cable
0.9681534487,0.865942029,0.02912621359,cable
0.9688260519,0.865942029,0.02912621359,cable
0.9694844497,0.8623188406,0.02912621359,cable
0.970128942,0.8623188406,0.02588996764,cable
0.9707598226,0.8586956522,0.02588996764,cable
0.9713773789,0.8586956522,0.02588996764,cable
0.9719818923,0.8586956522,0.02588996764,cable
0.9725736384,0.8586956522,0.02588996764,cable
0.9731528866,0.8586956522,0.02588996764,cable
0.9737199011,0.8586956522,0.02588996764,cable
0.9742749402,0.8586956522,0.02588996764,cable
0.9748182567,0.8586956522,0.02588996764,cable
0.9753500984,0.8586956522,0.02588996764,cable
0.9758707074,0.8586956522,0.02588996764,cable
0.9763803212,0.8550724638,0.02588996764,cable
0.9768791718,0.8550724638,0.02588996764,cable
0.9773674867,0.8514492754,0.02588996764,cable
0.9778454883,0.8514492754,0.02588996764,cable
0.9783133944,0.8514492754,0.02588996764,cable
0.9787714183,0.8514492754,0.02588996764,cable
0.9792197686,0.8514492754,0.02588996764,cable
0.9796586498,0.8514492754,0.02588996764,cable
0.9800882617,0.847826087,0.02588996764,cable
0.9805088002,0.8442028986,0.02588996764,cable
0.9809204568,0.8442028986,0.02588996764,cable
0.9813234192,0.8442028986,0.02588996764,cable
0.981717871,0.8442028986,0.02588996764,cable
0.9821039919,0.8405797101,0.02588996764,cable
0.9824819579,0.8405797101,0.02588996764,cable
0.9828519412,0.8369565217,0.02588996764,cable
0.9832141104,0.8369565217,0.02588996764,cable
0.9835686305,0.8333333333,0.02588996764,cable
0.9839156631,0.8333333333,0.02588996764,cable
0.9842553664,0.8333333333,0.02588996764,cable
0.9845878951,0.8297101449,0.02588996764,cable
0.9849134007,0.8297101449,0.02588996764,cable
0.9852320316,0.8297101449,0.02588996764,cable
0.985543933,0.8297101449,0.02588996764,cable
0.985849247,0.8297101449,0.02588996764,cable
0.9861481127,0.8260869565,0.02588996764,cable
0.9864406663,0.8260869565,0.02588996764,cable
0.9867270412,0.8260869565,0.02588996764,cable
0.9870073678,0.8260869565,0.02588996764,cable
0.9872817738,0.8224637681,0.02588996764,cable
0.9875503844,0.8224637681,0.02588996764,cable
0.9878133219,0.8224637681,0.02265372168,cable
0.9880707061,0.8188405797,0.02265372168,cable
0.9883226543,0.8188405797,0.02265372168,cable
0.9885692813,0.8188405797,0.02265372168,cable
0.9888106996,0.8188405797,0.02265372168,cable
0.989047019,0.8188405797,0.02265372168,cable
0.9892783474,0.8188405797,0.02265372168,cable
0.9895047901,0.8188405797,0.02265372168,cable
0.9897264502,0.8188405797,0.02265372168,cable
0.9899434289,0.8188405797,0.02265372168,cable
0.990155825,0.8188405797,0.02265372168,cable
0.9903637352,0.8188405797,0.02265372168,cable
0.9905672544,0.8188405797,0.02265372168,cable
0.9907664752,0.8188405797,0.02265372168,cable
0.9909614884,0.8152173913,0.02265372168,cable
0.9911523829,0.8152173913,0.02265372168,cable
0.9913392457,0.8152173913,0.02265372168,cable
0.991522162,0.8152173913,0.02265372168,cable
0.991701215,0.8152173913,0.02265372168,cable
0.9918764864,0.8152173913,0.02265372168,cable
0.992048056,0.8152173913,0.02265372168,cable
0.9922160021,0.8115942029,0.02265372168,cable
0.9923804012,0.8079710145,0.01941747573,cable
0.9925413281,0.8079710145,0.01941747573,cable
0.9926988562,0.8079710145,0.01941747573,cable
0.9928530573,0.8079710145,0.01618122977,cable
0.9930040016,0.8079710145,0.01618122977,cable
0.993151758,0.8079710145,0.01618122977,cable
0.9932963937,0.8043478261,0.01618122977,cable
0.9934379748,0.8043478261,0.01618122977,cable
0.9935765656,0.8043478261,0.01618122977,cable
0.9937122293,0.8043478261,0.01618122977,cable
0.9938450278,0.8007246377,0.01618122977,cable
0.9939750216,0.8007246377,0.01618122977,cable
0.99410227,0.8007246377,0.01618122977,cable
0.9942268308,0.7971014493,0.01618122977,cable
0.9943487608,0.7971014493,0.01294498382,cable
0.9944681157,0.7971014493,0.01294498382,cable
0.9945849498,0.7971014493,0.01294498382,cable
0.9946993164,0.7971014493,0.01294498382,cable
0.9948112675,0.7971014493,0.01294498382,cable
0.9949208542,0.7971014493,0.01294498382,cable
0.9950281264,0.7971014493,0.01294498382,cable
0.995133133,0.7971014493,0.01294498382,cable
0.9952359219,0.7971014493,0.01294498382,cable
0.9953365398,0.7971014493,0.01294498382,cable
0.9954350327,0.7971014493,0.01294498382,cable
0.9955314454,0.7971014493,0.01294498382,cable
0.9956258218,0.7971014493,0.01294498382,cable
0.995718205,0.7971014493,0.01294498382,cable
0.9958086371,0.7971014493,0.01294498382,cable
0.9958971592,0.7971014493,0.01294498382,cable
0.9959838117,0.7971014493,0.01294498382,cable
0.9960686342,0.7971014493,0.01294498382,cable
0.9961516651,0.7971014493,0.01294498382,cable
0.9962329424,0.7971014493,0.01294498382,cable
0.9963125032,0.7971014493,0.01294498382,cable
0.9963903836,0.7971014493,0.01294498382,cable
0.9964666191,0.7971014493,0.01294498382,cable
0.9965412446,0.7971014493,0.01294498382,cable
0.9966142939,0.7971014493,0.01294498382,cable
0.9966858005,0.7971014493,0.01294498382,cable
0.9967557968,0.7971014493,0.01294498382,cable
0.9968243148,0.7971014493,0.01294498382,cable
0.9968913857,0.7971014493,0.01294498382,cable
0.99695704,0.7971014493,0.01294498382,cable
0.9970213077,0.7971014493,0.01294498382,cable
0.9970842181,0.7971014493,0.01294498382,cable
0.9971457998,0.7971014493,0.01294498382,cable
0.9972060808,0.7971014493,0.01294498382,cable
0.9972650888,0.7971014493,0.01294498382,cable
0.9973228504,0.7971014493,0.01294498382,cable
0.9973793922,0.7971014493,0.01294498382,cable
0.9974347398,0.7971014493,0.01294498382,cable
0.9974889184,0.7971014493,0.01294498382,cable
0.9975419527,0.7971014493,0.01294498382,cable
0.997593867,0.7971014493,0.01294498382,cable
0.9976446849,0.7971014493,0.01294498382,cable
0.9976944294,0.7971014493,0.01294498382,cable
0.9977431234,0.7971014493,0.01294498382,cable
0.9977907889,0.7971014493,0.01294498382,cable
0.9978374477,0.7971014493,0.01294498382,cable
0.9978831211,0.7971014493,0.01294498382,cable
0.9979278298,0.7971014493,0.01294498382,cable
0.9979715943,0.7971014493,0.01294498382,cable
0.9980144345,0.7971014493,0.01294498382,cable
0.9980563699,0.7971014493,0.01294498382,cable
0.9980974196,0.7971014493,0.01294498382,cable
0.9981376024,0.7971014493,0.01294498382,cable
0.9981769365,0.7971014493,0.01294498382,cable
0.9982154398,0.7971014493,0.01294498382,cable
0.9982531299,0.7971014493,0.01294498382,cable
0.9982900241,0.7971014493,0.01294498382,cable
0.998326139,0.7971014493,0.01294498382,cable
0.9983614911,0.7971014493,0.01294498382,cable
0.9983960966,0.7971014493,0.01294498382,cable
0.9984299713,0.7971014493,0.01294498382,cable
0.9984631305,0.7971014493,0.01294498382,cable
0.9984955894,0.7971014493,0.01294498382,cable
0.9985273627,0.7971014493,0.01294498382,cable
0.998558465,0.7971014493,0.01294498382,cable
0.9985889104,0.7971014493,0.01294498382,cable
0.9986187128,0.7971014493,0.01294498382,cable
0.9986478858,0.7971014493,0.01294498382,cable
0.9986764426,0.7971014493,0.01294498382,cable
0.9987043963,0.7971014493,0.01294498382,cable
0.9987317596,0.7971014493,0.01294498382,cable
0.998758545,0.7971014493,0.01294498382,cable
0.9987847647,0.7971014493,0.01294498382,cable
0.9988104306,0.7971014493,0.01294498382,cable
0.9988355545,0.7971014493,0.01294498382,cable
0.9988601477,0.7971014493,0.01294498382,cable
0.9988842215,0.7971014493,0.01294498382,cable
0.9989077869,0.7971014493,0.01294498382,cable
0.9989308546,0.7971014493,0.01294498382,cable
0.9989534351,0.7971014493,0.01294498382,cable
0.9989755387,0.7971014493,0.01294498382,cable
0.9989971754,0.7971014493,0.01294498382,cable
0.9990183552,0.7971014493,0.01294498382,cable
0.9990390877,0.7971014493,0.01294498382,cable
0.9990593823,0.7971014493,0.01294498382,cable
0.9990792482,0.7934782609,0.01294498382,cable
0.9990986946,0.7934782609,0.01294498382,cable
0.9991177303,0.7934782609,0.01294498382,cable
0.999136364,0.7934782609,0.01294498382,cable
0.9991546041,0.7934782609,0.01294498382,cable
0.9991724589,0.7934782609,0.01294498382,cable
0.9991899367,0.7934782609,0.01294498382,cable
0.9992070454,0.7934782609,0.01294498382,cable
0.9992237927,0.7934782609,0.01294498382,cable
0.9992401863,0.7934782609,0.01294498382,cable
0.9992562336,0.7934782609,0.01294498382,cable
0.9992719421,0.7934782609,0.01294498382,cable
0.9992873187,0.7934782609,0.01294498382,cable
0.9993023707,0.7934782609,0.01294498382,cable
0.9993171047,0.7934782609,0.01294498382,cable
0.9993315275,0.7934782609,0.01294498382,cable
0.9993456457,0.7934782609,0.01294498382,cable
0.9993594658,0.7934782609,0.01294498382,cable
0.999372994,0.7934782609,0.01294498382,cable
0.9993862364,0.7934782609,0.01294498382,cable
0.9993991992,0.7934782609,0.01294498382,cable
0.9994118882,0.7934782609,0.01294498382,cable
0.9994243092,0.7934782609,0.01294498382,cable
0.9994364678,0.7934782609,0.01294498382,cable
0.9994483697,0.7934782609,0.01294498382,cable
0.9994600202,0.7934782609,0.01294498382,cable
0.9994714246,0.7934782609,0.01294498382,cable
0.9994825882,0.7898550725,0.01294498382,cable
0.999493516,0.7898550725,0.01294498382,cable
0.999504213,0.7898550725,0.01294498382,cable
0.9995146841,0.7898550725,0.01294498382,cable
0.999524934,0.7898550725,0.01294498382,cable
0.9995349675,0.7898550725,0.01294498382,cable
0.999544789,0.7898550725,0.01294498382,cable
0.9995544032,0.7898550725,0.01294498382,cable
0.9995638142,0.7898550725,0.01294498382,cable
0.9995730265,0.7898550725,0.01294498382,cable
0.9995820443,0.7898550725,0.01294498382,cable
0.9995908715,0.7898550725,0.01294498382,cable
0.9995995124,0.7898550725,0.01294498382,cable
0.9996079707,0.7898550725,0.01294498382,cable
0.9996162504,0.7898550725,0.01294498382,cable
0.9996243553,0.7898550725,0.01294498382,cable
0.9996322889,0.7898550725,0.01294498382,cable
0.999640055,0.7898550725,0.01294498382,cable
0.9996476571,0.7898550725,0.01294498382,cable
0.9996550987,0.7898550725,0.01294498382,cable
0.999662383,0.7898550725,0.01294498382,cable
0.9996695135,0.7898550725,0.01294498382,cable
0.9996764934,0.7898550725,0.01294498382,cable
0.9996833259,0.7898550725,0.01294498382,cable
0.9996900141,0.7898550725,0.01294498382,cable
0.9996965611,0.7898550725,0.01294498382,cable
0.9997029698,0.7898550725,0.01294498382,cable
0.9997092431,0.7898550725,0.01294498382,cable
0.9997153839,0.7898550725,0.01294498382,cable
0.999721395,0.7898550725,0.01294498382,cable
0.9997272792,0.7898550725,0.01294498382,cable
0.9997330391,0.7898550725,0.01294498382,cable
0.9997386773,0.7898550725,0.01294498382,cable
0.9997441965,0.7898550725,0.01294498382,cable
0.9997495991,0.7898550725,0.01294498382,cable
0.9997548876,0.7898550725,0.01294498382,cable
0.9997600644,0.7898550725,0.01294498382,cable
0.9997651319,0.7898550725,0.01294498382,cable
0.9997700923,0.7898550725,0.01294498382,cable
0.999774948,0.7898550725,0.01294498382,cable
0.9997797011,0.7898550725,0.01294498382,cable
0.9997843539,0.7898550725,0.01294498382,cable
0.9997889084,0.7898550725,0.01294498382,cable
0.9997933666,0.7898550725,0.01294498382,cable
0.9997977308,0.7898550725,0.01294498382,cable
0.9998020027,0.7898550725,0.01294498382,cable
0.9998061844,0.7898550725,0.01294498382,cable
0.9998102778,0.7898550725,0.01294498382,cable
0.9998142848,0.7898550725,0.01294498382,cable
0.9998182071,0.7898550725,0.01294498382,cable
0.9998220466,0.7898550725,0.01294498382,cable
0.999825805,0.7898550725,0.01294498382,cable
0.999829484,0.7898550725,0.01294498382,cable
0.9998330854,0.7898550725,0.01294498382,cable
0.9998366106,0.7898550725,0.01294498382,cable
0.9998400614,0.7898550725,0.01294498382,cable
0.9998434393,0.7898550725,0.01294498382,cable
0.9998467459,0.7898550725,0.01294498382,cable
0.9998499827,0.7898550725,0.01294498382,cable
0.9998531511,0.7898550725,0.01294498382,cable
0.9998562525,0.7898550725,0.01294498382,cable
0.9998592885,0.7898550725,0.01294498382,cable
0.9998622603,0.7898550725,0.01294498382,cable
0.9998651694,0.7898550725,0.01294498382,cable
0.9998680171,0.7898550725,0.01294498382,cable
0.9998708046,0.7898550725,0.01294498382,cable
0.9998735332,0.7898550725,0.01294498382,cable
0.9998762042,0.7898550725,0.01294498382,cable
0.9998788188,0.7898550725,0.01294498382,cable
0.9998813781,0.7898550725,0.01294498382,cable
0.9998838834,0.7898550725,0.01294498382,cable
0.9998863358,0.7898550725,0.01294498382,cable
0.9998887364,0.7898550725,0.01294498382,cable
0.9998910863,0.7898550725,0.01294498382,cable
0.9998933866,0.7898550725,0.01294498382,cable
0.9998956383,0.7898550725,0.01294498382,cable
0.9998978424,0.7898550725,0.01294498382,cable
0.9999,0.7898550725,0.01294498382,cable
0.5,0.9925093633,0.619047619,carpet
0.510560064,0.9925093633,0.5992063492,carpet
0.5208970982,0.9925093633,0.5833333333,carpet
0.5310158128,0.9925093633,0.5674603175,carpet
0.5409208189,0.9925093633,0.5555555556,carpet
0.55061663,0.9925093633,0.5476190476,carpet
0.5601076643,0.9925093633,0.5476190476,carpet
0.5693982468,0.9887640449,0.5357142857,carpet
0.578492611,0.9887640449,0.5238095238,carpet
0.587394901,0.9887640449,0.5198412698,carpet
0.5961091735,0.9887640449,0.5158730159,carpet
0.6046393995,0.9887640449,0.5119047619,carpet
0.612989466,0.9887640449,0.503968254,carpet
0.6211631781,0.9887640449,0.496031746,carpet
0.6291642603,0.9887640449,0.4642857143,carpet
0.6369963586,0.9887640449,0.4484126984,carpet
0.644663042,0.9887640449,0.4484126984,carpet
0.652167804,0.9887640449,0.4444444444,carpet
0.6595140646,0.9887640449,0.4285714286,carpet
0.6667051711,0.9887640449,0.4206349206,carpet
0.6737444006,0.9887640449,0.4166666667,carpet
0.6806349606,0.9887640449,0.4126984127,carpet
0.6873799912,0.9887640449,0.4126984127,carpet
0.6939825658,0.9850187266,0.4126984127,carpet
0.7004456932,0.9850187266,0.4087301587,carpet
0.7067723185,0.9850187266,0.4007936508,carpet
0.7129653247,0.9850187266,0.3928571429,carpet
0.7190275338,0.9850187266,0.3849206349,carpet
0.7249617083,0.9850187266,0.376984127,carpet
0.7307705522,0.9850187266,0.369047619,carpet
0.7364567126,0.9850187266,0.3650793651,carpet
0.7420227806,0.9850187266,0.3650793651,carpet
0.7474712925,0.9850187266,0.3611111111,carpet
0.7528047312,0.9850187266,0.3611111111,carpet
0.7580255269,0.9850187266,0.3611111111,carpet
0.7631360588,0.9850187266,0.3611111111,carpet
0.7681386555,0.9850187266,0.3452380952,carpet
0.7730355968,0.9812734082,0.3412698413,carpet
0.7778291141,0.9812734082,0.3412698413,carpet
0.7825213917,0.9812734082,0.3373015873,carpet
0.7871145677,0.9812734082,0.3373015873,carpet
0.7916107353,0.9812734082,0.3373015873,carpet
0.7960119433,0.9812734082,0.3373015873,carpet
0.8003201972,0.9812734082,0.3333333333,carpet
0.8045374602,0.9812734082,0.3293650794,carpet
0.808665654,0.9812734082,0.3253968254,carpet
0.8127066599,0.9812734082,0.3214285714,carpet
0.8166623193,0.9775280899,0.3214285714,carpet
0.8205344346,0.9775280899,0.3095238095,carpet
0.8243247703,0.9775280899,0.3015873016,carpet
0.8280350536,0.9775280899,0.3015873016,carpet
0.8316669753,0.9775280899,0.3015873016,carpet
0.8352221904,0.9775280899,0.2976190476,carpet
0.8387023188,0.9775280899,0.2936507937,carpet
0.8421089465,0.9775280899,0.2857142857,carpet
0.8454436258,0.9775280899,0.2817460317,carpet
0.8487078762,0.9775280899,0.2817460317,carpet
0.8519031852,0.9775280899,0.2817460317,carpet
0.8550310089,0.9775280899,0.2817460317,carpet
0.8580927726,0.9775280899,0.2777777778,carpet
0.8610898714,0.9737827715,0.2738095238,carpet
0.8640236711,0.9737827715,0.2738095238,carpet
0.8668955086,0.9737827715,0.2698412698,carpet
0.8697066925,0.9737827715,0.2698412698,carpet
0.8724585038,0.9737827715,0.2619047619,carpet
0.8751521965,0.9737827715,0.253968254,carpet
0.8777889981,0.9700374532,0.246031746,carpet
0.8803701101,0.9700374532,0.2380952381,carpet
0.8828967087,0.9700374532,0.2222222222,carpet
0.8853699453,0.9700374532,0.2182539683,carpet
0.8877909467,0.9700374532,0.2142857143,carpet
0.8901608163,0.9700374532,0.1944444444,carpet
0.8924806339,0.9700374532,0.1944444444,carpet
0.8947514567,0.9700374532,0.1944444444,carpet
0.8969743194,0.9700374532,0.1944444444,carpet
0.899150235,0.9700374532,0.1904761905,carpet
0.9012801949,0.9700374532,0.1904761905,carpet
0.9033651698,0.9700374532,0.1865079365,carpet
0.9054061098,0.9700374532,0.1865079365,carpet
0.9074039449,0.9700374532,0.1825396825,carpet
0.9093595854,0.9700374532,0.1825396825,carpet
0.9112739226,0.9700374532,0.1825396825,carpet
0.9131478287,0.9700374532,0.1785714286,carpet
0.9149821577,0.9700374532,0.1785714286,carpet
0.9167777454,0.9700374532,0.1785714286,carpet
0.9185354101,0.9700374532,0.1785714286,carpet
0.9202559527,0.9700374532,0.1785714286,carpet
0.9219401572,0.9700374532,0.1785714286,carpet
0.923588791,0.9700374532,0.1785714286,carpet
0.9252026056,0.9700374532,0.1785714286,carpet
0.9267823361,0.9700374532,0.1746031746,carpet
0.9283287025,0.9700374532,0.1746031746,carpet
0.9298424095,0.9700374532,0.1706349206,carpet
0.9313241468,0.9700374532,0.1706349206,carpet
0.9327745896,0.9700374532,0.1666666667,carpet
0.9341943989,0.9700374532,0.1587301587,carpet
0.9355842216,0.9700374532,0.1587301587,carpet
0.9369446911,0.9700374532,0.1547619048,carpet
0.9382764273,0.9700374532,0.1547619048,carpet
0.9395800371,0.9700374532,0.1507936508,carpet
0.9408561144,0.9700374532,0.1507936508,carpet
0.9421052409,0.9700374532,0.1507936508,carpet
0.9433279856,0.9700374532,0.1507936508,carpet
0.9445249058,0.9700374532,0.1468253968,carpet
0.9456965469,0.9700374532,0.1468253968,carpet
0.9468434428,0.9700374532,0.1388888889,carpet
0.9479661161,0.9700374532,0.1349206349,carpet
0.9490650784,0.9662921348,0.130952381,carpet
0.9501408304,0.9662921348,0.119047619,carpet
0.9511938625,0.9662921348,0.1150793651,carpet
0.9522246544,0.9662921348,0.1150793651,carpet
0.9532336758,0.9662921348,0.1111111111,carpet
0.9542213865,0.9662921348,0.1111111111,carpet
0.9551882367,0.9662921348,0.1031746032,carpet
0.9561346669,0.9625468165,0.1031746032,carpet
0.9570611083,0.9625468165,0.1031746032,carpet
0.9579679832,0.9625468165,0.1031746032,carpet
0.9588557048,0.9625468165,0.1031746032,carpet
0.9597246776,0.9625468165,0.1031746032,carpet
0.9605752976,0.9625468165,0.1031746032,carpet
0.9614079523,0.9625468165,0.1031746032,carpet
0.9622230213,0.9625468165,0.1031746032,carpet
0.9630208759,0.9625468165,0.09920634921,carpet
0.9638018798,0.9625468165,0.09920634921,carpet
0.9645663887,0.9625468165,0.09920634921,carpet
0.9653147511,0.9625468165,0.09523809524,carpet
0.966047308,0.9625468165,0.09523809524,carpet
0.9667643932,0.9625468165,0.09126984127,carpet
0.9674663335,0.9625468165,0.09126984127,carpet
0.9681534487,0.9625468165,0.09126984127,carpet
0.9688260519,0.9625468165,0.09126984127,carpet
0.9694844497,0.9625468165,0.09126984127,carpet
0.970128942,0.9625468165,0.09126984127,carpet
0.9707598226,0.9625468165,0.09126984127,carpet
0.9713773789,0.9625468165,0.09126984127,carpet
0.9719818923,0.9625468165,0.09126984127,carpet
0.9725736384,0.9625468165,0.09126984127,carpet
0.9731528866,0.9625468165,0.0873015873,carpet
0.9737199011,0.9625468165,0.0873015873,carpet
0.9742749402,0.9625468165,0.0873015873,carpet
0.9748182567,0.9625468165,0.0873015873,carpet
0.9753500984,0.9625468165,0.08333333333,carpet
0.9758707074,0.9625468165,0.08333333333,carpet
0.9763803212,0.9625468165,0.08333333333,carpet
0.9768791718,0.9625468165,0.08333333333,carpet
0.9773674867,0.9625468165,0.07936507937,carpet
0.9778454883,0.9625468165,0.07936507937,carpet
0.9783133944,0.9625468165,0.07936507937,carpet
0.9787714183,0.9625468165,0.07936507937,carpet
0.9792197686,0.9625468165,0.07936507937,carpet
0.9796586498,0.9625468165,0.07936507937,carpet
0.9800882617,0.9625468165,0.07936507937,carpet
0.9805088002,0.9625468165,0.07936507937,carpet
0.9809204568,0.9625468165,0.07936507937,carpet
0.9813234192,0.9625468165,0.07936507937,carpet
0.981717871,0.9625468165,0.07936507937,carpet
0.9821039919,0.9625468165,0.07936507937,carpet
0.9824819579,0.9625468165,0.0753968254,carpet
0.9828519412,0.9625468165,0.0753968254,carpet
0.9832141104,0.9625468165,0.0753968254,carpet
0.9835686305,0.9625468165,0.0753968254,carpet
0.9839156631,0.9625468165,0.0753968254,carpet
0.9842553664,0.9625468165,0.07142857143,carpet
0.9845878951,0.9625468165,0.07142857143,carpet
0.9849134007,0.9625468165,0.07142857143,carpet
0.9852320316,0.9625468165,0.07142857143,carpet
0.985543933,0.9625468165,0.07142857143,carpet
0.985849247,0.9625468165,0.07142857143,carpet
0.9861481127,0.9625468165,0.07142857143,carpet
0.9864406663,0.9625468165,0.07142857143,carpet
0.9867270412,0.9625468165,0.07142857143,carpet
0.9870073678,0.9625468165,0.06746031746,carpet
0.9872817738,0.9625468165,0.06746031746,carpet
0.9875503844,0.9625468165,0.06746031746,carpet
0.9878133219,0.9625468165,0.06746031746,carpet
0.9880707061,0.9625468165,0.06349206349,carpet
0.9883226543,0.9625468165,0.06349206349,carpet
0.9885692813,0.9625468165,0.06349206349,carpet
0.9888106996,0.9625468165,0.06349206349,carpet
0.989047019,0.9625468165,0.06349206349,carpet
0.9892783474,0.9625468165,0.06349206349,carpet
0.9895047901,0.9625468165,0.06349206349,carpet
0.9897264502,0.9625468165,0.06349206349,carpet
0.9899434289,0.9625468165,0.06349206349,carpet
0.990155825,0.9625468165,0.06349206349,carpet
0.9903637352,0.9625468165,0.05952380952,carpet
0.9905672544,0.9625468165,0.05952380952,carpet
0.9907664752,0.9625468165,0.05952380952,carpet
0.9909614884,0.9625468165,0.05952380952,carpet
0.9911523829,0.9625468165,0.05952380952,carpet
0.9913392457,0.9625468165,0.05952380952,carpet
0.991522162,0.9625468165,0.05952380952,carpet
0.991701215,0.9625468165,0.05952380952,carpet
0.9918764864,0.9625468165,0.05952380952,carpet
0.992048056,0.9625468165,0.05952380952,carpet
0.9922160021,0.9625468165,0.05952380952,carpet
0.9923804012,0.9625468165,0.05555555556,carpet
0.9925413281,0.9625468165,0.05555555556,carpet
0.9926988562,0.9625468165,0.05555555556,carpet
0.9928530573,0.9625468165,0.05555555556,carpet
0.9930040016,0.9625468165,0.05555555556,carpet
0.993151758,0.9625468165,0.05555555556,carpet
0.9932963937,0.9625468165,0.05555555556,carpet
0.9934379748,0.9625468165,0.05555555556,carpet
0.9935765656,0.9625468165,0.05555555556,carpet
0.9937122293,0.9625468165,0.05555555556,carpet
0.9938450278,0.9625468165,0.05555555556,carpet
0.9939750216,0.9625468165,0.05555555556,carpet
0.99410227,0.9625468165,0.05555555556,carpet
0.9942268308,0.9625468165,0.05555555556,carpet
0.9943487608,0.9625468165,0.05555555556,carpet
0.9944681157,0.9625468165,0.05158730159,carpet
0.9945849498,0.9625468165,0.05158730159,carpet
0.9946993164,0.9625468165,0.05158730159,carpet
0.9948112675,0.9625468165,0.05158730159,carpet
0.9949208542,0.9625468165,0.05158730159,carpet
0.9950281264,0.9625468165,0.05158730159,carpet
0.995133133,0.9625468165,0.05158730159,carpet
0.9952359219,0.9625468165,0.05158730159,carpet
0.9953365398,0.9625468165,0.05158730159,carpet
0.9954350327,0.9625468165,0.05158730159,carpet
0.9955314454,0.9625468165,0.05158730159,carpet
0.9956258218,0.9625468165,0.04761904762,carpet
0.995718205,0.9625468165,0.04761904762,carpet
0.9958086371,0.9625468165,0.04761904762,carpet
0.9958971592,0.9625468165,0.04761904762,carpet
0.9959838117,0.9625468165,0.04761904762,carpet
0.9960686342,0.9625468165,0.04761904762,carpet
0.9961516651,0.9625468165,0.04761904762,carpet
0.9962329424,0.9625468165,0.04761904762,carpet
0.9963125032,0.9625468165,0.04761904762,carpet
0.9963903836,0.9625468165,0.04761904762,carpet
0.9964666191,0.9625468165,0.04761904762,carpet
0.9965412446,0.9625468165,0.04761904762,carpet
0.9966142939,0.9625468165,0.04761904762,carpet
0.9966858005,0.9625468165,0.04761904762,carpet
0.9967557968,0.9625468165,0.04761904762,carpet
0.9968243148,0.9625468165,0.04761904762,carpet
0.9968913857,0.9625468165,0.04761904762,carpet
0.99695704,0.9625468165,0.04761904762,carpet
0.9970213077,0.9625468165,0.04761904762,carpet
0.9970842181,0.9625468165,0.04761904762,carpet
0.9971457998,0.9625468165,0.04761904762,carpet
0.9972060808,0.9625468165,0.04761904762,carpet
0.9972650888,0.9625468165,0.04761904762,carpet
0.9973228504,0.9625468165,0.04761904762,carpet
0.9973793922,0.9625468165,0.04761904762,carpet
0.9974347398,0.9625468165,0.04761904762,carpet
0.9974889184,0.9625468165,0.04761904762,carpet
0.9975419527,0.9625468165,0.04761904762,carpet
0.997593867,0.9625468165,0.04761904762,carpet
0.9976446849,0.9625468165,0.04761904762,carpet
0.9976944294,0.9625468165,0.04761904762,carpet
0.9977431234,0.9625468165,0.04761904762,carpet
0.9977907889,0.9625468165,0.04761904762,carpet
0.9978374477,0.9625468165,0.04761904762,carpet
0.9978831211,0.9625468165,0.04761904762,carpet
0.9979278298,0.9625468165,0.04761904762,carpet
0.9979715943,0.9625468165,0.04761904762,carpet
0.9980144345,0.9625468165,0.04761904762,carpet
0.9980563699,0.9625468165,0.04761904762,carpet
0.9980974196,0.9625468165,0.04761904762,carpet
0.9981376024,0.9625468165,0.04761904762,carpet
0.9981769365,0.9625468165,0.04761904762,carpet
0.9982154398,0.9625468165,0.04761904762,carpet
0.9982531299,0.9625468165,0.04761904762,carpet
0.9982900241,0.9625468165,0.04761904762,carpet
0.998326139,0.9625468165,0.04761904762,carpet
0.9983614911,0.9625468165,0.04761904762,carpet
0.9983960966,0.9625468165,0.04761904762,carpet
0.9984299713,0.9625468165,0.04761904762,carpet
0.9984631305,0.9625468165,0.04761904762,carpet
0.9984955894,0.9625468165,0.04761904762,carpet
0.9985273627,0.9625468165,0.04761904762,carpet
0.998558465,0.9625468165,0.04761904762,carpet
0.9985889104,0.9625468165,0.04761904762,carpet
0.9986187128,0.9625468165,0.04761904762,carpet
0.9986478858,0.9625468165,0.04761904762,carpet
0.9986764426,0.9625468165,0.04761904762,carpet
0.9987043963,0.9625468165,0.04761904762,carpet
0.9987317596,0.9625468165,0.04761904762,carpet
0.998758545,0.9625468165,0.04761904762,carpet
0.9987847647,0.9625468165,0.04761904762,carpet
0.9988104306,0.9625468165,0.04761904762,carpet
0.9988355545,0.9625468165,0.04761904762,carpet
0.9988601477,0.9625468165,0.04761904762,carpet
0.9988842215,0.9625468165,0.04761904762,carpet
0.9989077869,0.9625468165,0.04761904762,carpet
0.9989308546,0.9625468165,0.04761904762,carpet
0.9989534351,0.9625468165,0.04761904762,carpet
0.9989755387,0.9625468165,0.04761904762,carpet
0.9989971754,0.9625468165,0.04761904762,carpet
0.9990183552,0.9625468165,0.04761904762,carpet
0.9990390877,0.9625468165,0.04761904762,carpet
0.9990593823,0.9625468165,0.04761904762,carpet
0.9990792482,0.9625468165,0.04761904762,carpet
0.9990986946,0.9625468165,0.04761904762,carpet
0.9991177303,0.9625468165,0.04761904762,carpet
0.999136364,0.9625468165,0.04761904762,carpet
0.9991546041,0.9625468165,0.04761904762,carpet
0.9991724589,0.9625468165,0.04761904762,carpet
0.9991899367,0.9625468165,0.04761904762,carpet
0.9992070454,0.9625468165,0.04761904762,carpet
0.9992237927,0.9625468165,0.04761904762,carpet
0.9992401863,0.9625468165,0.04761904762,carpet
0.9992562336,0.9625468165,0.04761904762,carpet
0.9992719421,0.9625468165,0.04761904762,carpet
0.9992873187,0.9625468165,0.04761904762,carpet
0.9993023707,0.9625468165,0.04761904762,carpet
0.9993171047,0.9625468165,0.04761904762,carpet
0.9993315275,0.9625468165,0.04761904762,carpet
0.9993456457,0.9625468165,0.04761904762,carpet
0.9993594658,0.9625468165,0.04761904762,carpet
0.999372994,0.9625468165,0.04761904762,carpet
0.9993862364,0.9625468165,0.04761904762,carpet
0.9993991992,0.9625468165,0.04761904762,carpet
0.9994118882,0.9625468165,0.04761904762,carpet
0.9994243092,0.9625468165,0.04761904762,carpet
0.9994364678,0.9625468165,0.04761904762,carpet
0.9994483697,0.9625468165,0.04761904762,carpet
0.9994600202,0.9625468165,0.04761904762,carpet
0.9994714246,0.9625468165,0.04761904762,carpet
0.9994825882,0.9625468165,0.04761904762,carpet
0.999493516,0.9625468165,0.04761904762,carpet
0.999504213,0.9625468165,0.04761904762,carpet
0.9995146841,0.9625468165,0.04761904762,carpet
0.999524934,0.9625468165,0.04761904762,carpet
0.9995349675,0.9625468165,0.04761904762,carpet
0.999544789,0.9625468165,0.04761904762,carpet
0.9995544032,0.9625468165,0.04761904762,carpet
0.9995638142,0.9625468165,0.04761904762,carpet
0.9995730265,0.9625468165,0.04761904762,carpet
0.9995820443,0.9625468165,0.04761904762,carpet
0.9995908715,0.9625468165,0.04761904762,carpet
0.9995995124,0.9625468165,0.04761904762,carpet
0.9996079707,0.9625468165,0.04761904762,carpet
0.9996162504,0.9625468165,0.04761904762,carpet
0.9996243553,0.9625468165,0.04761904762,carpet
0.9996322889,0.9625468165,0.04761904762,carpet
0.999640055,0.9625468165,0.04761904762,carpet
0.9996476571,0.9625468165,0.04761904762,carpet
0.9996550987,0.9625468165,0.04761904762,carpet
0.999662383,0.9625468165,0.04761904762,carpet
0.9996695135,0.9625468165,0.04761904762,carpet
0.9996764934,0.9625468165,0.04761904762,carpet
0.9996833259,0.9625468165,0.04761904762,carpet
0.9996900141,0.9625468165,0.04761904762,carpet
0.9996965611,0.9625468165,0.04761904762,carpet
0.9997029698,0.9625468165,0.04761904762,carpet
0.9997092431,0.9625468165,0.04761904762,carpet
0.9997153839,0.9625468165,0.04761904762,carpet
0.999721395,0.9625468165,0.04761904762,carpet
0.9997272792,0.9625468165,0.04761904762,carpet
0.9997330391,0.9625468165,0.04761904762,carpet
0.9997386773,0.9625468165,0.04761904762,carpet
0.9997441965,0.9625468165,0.04761904762,carpet
0.9997495991,0.9625468165,0.04761904762,carpet
0.9997548876,0.9625468165,0.04761904762,carpet
0.9997600644,0.9625468165,0.04761904762,carpet
0.9997651319,0.9625468165,0.04761904762,carpet
0.9997700923,0.9625468165,0.04761904762,carpet
0.999774948,0.9625468165,0.04761904762,carpet
0.9997797011,0.9625468165,0.04761904762,carpet
0.9997843539,0.9625468165,0.04761904762,carpet
0.9997889084,0.9625468165,0.04761904762,carpet
0.9997933666,0.9625468165,0.04761904762,carpet
0.9997977308,0.9625468165,0.04761904762,carpet
0.9998020027,0.9625468165,0.04761904762,carpet
0.9998061844,0.9625468165,0.04761904762,carpet
0.9998102778,0.9625468165,0.04761904762,carpet
0.9998142848,0.9625468165,0.04761904762,carpet
0.9998182071,0.9625468165,0.04761904762,carpet
0.9998220466,0.9625468165,0.04761904762,carpet
0.999825805,0.9625468165,0.04761904762,carpet
0.999829484,0.9625468165,0.04761904762,carpet
0.9998330854,0.9625468165,0.04761904762,carpet
0.9998366106,0.9625468165,0.04761904762,carpet
0.9998400614,0.9625468165,0.04761904762,carpet
0.9998434393,0.9625468165,0.04761904762,carpet
0.9998467459,0.9625468165,0.04761904762,carpet
0.9998499827,0.9625468165,0.04761904762,carpet
0.9998531511,0.9625468165,0.04761904762,carpet
0.9998562525,0.9625468165,0.04761904762,carpet
0.9998592885,0.9625468165,0.04761904762,carpet
0.9998622603,0.9625468165,0.04761904762,carpet
0.9998651694,0.9625468165,0.04761904762,carpet
0.9998680171,0.9625468165,0.04761904762,carpet
0.9998708046,0.9625468165,0.04761904762,carpet
0.9998735332,0.9625468165,0.04761904762,carpet
0.9998762042,0.9625468165,0.04761904762,carpet
0.9998788188,0.9625468165,0.04761904762,carpet
0.9998813781,0.9625468165,0.04761904762,carpet
0.9998838834,0.9625468165,0.04761904762,carpet
0.9998863358,0.9625468165,0.04761904762,carpet
0.9998887364,0.9625468165,0.04761904762,carpet
0.9998910863,0.9625468165,0.04761904762,carpet
0.9998933866,0.9625468165,0.04761904762,carpet
0.9998956383,0.9625468165,0.04761904762,carpet
0.9998978424,0.9625468165,0.04761904762,carpet
0.9999,0.9625468165,0.04761904762,carpet
0.5,1,0.4095238095,grid
0.510560064,1,0.4047619048,grid
0.5208970982,1,0.4,grid
0.5310158128,1,0.3952380952,grid
0.5409208189,1,0.380952381,grid
0.55061663,1,0.380952381,grid
0.5601076643,1,0.3714285714,grid
0.5693982468,1,0.3666666667,grid
0.578492611,1,0.3666666667,grid
0.587394901,1,0.3523809524,grid
0.5961091735,1,0.3428571429,grid
0.6046393995,1,0.3428571429,grid
0.612989466,1,0.3380952381,grid
0.6211631781,1,0.3285714286,grid
0.6291642603,1,0.3238095238,grid
0.6369963586,1,0.3142857143,grid
0.644663042,1,0.3047619048,grid
0.652167804,1,0.2857142857,grid
0.6595140646,1,0.280952381,grid
0.6667051711,1,0.2428571429,grid
0.6737444006,1,0.2380952381,grid
0.6806349606,1,0.2238095238,grid
0.6873799912,1,0.2238095238,grid
0.6939825658,1,0.219047619,grid
0.7004456932,1,0.2095238095,grid
0.7067723185,1,0.2,grid
0.7129653247,1,0.2,grid
0.7190275338,1,0.2,grid
0.7249617083,1,0.2,grid
0.7307705522,1,0.1952380952,grid
0.7364567126,1,0.1952380952,grid
0.7420227806,1,0.1904761905,grid
0.7474712925,1,0.1904761905,grid
0.7528047312,1,0.1904761905,grid
0.7580255269,1,0.1857142857,grid
0.7631360588,1,0.1857142857,grid
0.7681386555,1,0.180952381,grid
0.7730355968,1,0.180952381,grid
0.7778291141,1,0.180952381,grid
0.7825213917,1,0.180952381,grid
0.7871145677,1,0.180952381,grid
0.7916107353,1,0.180952381,grid
0.7960119433,1,0.180952381,grid
0.8003201972,1,0.180952381,grid
0.8045374602,1,0.1761904762,grid
0.808665654,1,0.1714285714,grid
0.8127066599,1,0.1714285714,grid
0.8166623193,1,0.1666666667,grid
0.8205344346,1,0.1666666667,grid
0.8243247703,1,0.1666666667,grid
0.8280350536,1,0.1666666667,grid
0.8316669753,1,0.1619047619,grid
0.8352221904,1,0.1571428571,grid
0.8387023188,1,0.1523809524,grid
0.8421089465,1,0.1523809524,grid
0.8454436258,1,0.1523809524,grid
0.8487078762,1,0.1523809524,grid
0.8519031852,1,0.1523809524,grid
0.8550310089,1,0.1523809524,grid
0.8580927726,1,0.1476190476,grid
0.8610898714,1,0.1285714286,grid
0.8640236711,1,0.1238095238,grid
0.8668955086,1,0.119047619,grid
0.8697066925,1,0.119047619,grid
0.8724585038,1,0.119047619,grid
0.8751521965,1,0.119047619,grid
0.8777889981,1,0.119047619,grid
0.8803701101,1,0.119047619,grid
0.8828967087,1,0.119047619,grid
0.8853699453,1,0.1142857143,grid
0.8877909467,1,0.1142857143,grid
0.8901608163,1,0.1142857143,grid
0.8924806339,1,0.1142857143,grid
0.8947514567,1,0.1142857143,grid
0.8969743194,1,0.1142857143,grid
0.899150235,1,0.1142857143,grid
0.9012801949,1,0.1142857143,grid
0.9033651698,1,0.1142857143,grid
0.9054061098,1,0.1142857143,grid
0.9074039449,1,0.1142857143,grid
0.9093595854,1,0.1142857143,grid
0.9112739226,1,0.1142857143,grid
0.9131478287,1,0.1142857143,grid
0.9149821577,1,0.1095238095,grid
0.9167777454,1,0.1095238095,grid
0.9185354101,1,0.1095238095,grid
0.9202559527,1,0.1095238095,grid
0.9219401572,1,0.1095238095,grid
0.923588791,1,0.1047619048,grid
0.9252026056,1,0.1047619048,grid
0.9267823361,1,0.1047619048,grid
0.9283287025,1,0.1,grid
0.9298424095,1,0.1,grid
0.9313241468,1,0.1,grid
0.9327745896,1,0.1,grid
0.9341943989,1,0.1,grid
0.9355842216,1,0.09523809524,grid
0.9369446911,1,0.09523809524,grid
0.9382764273,1,0.09523809524,grid
0.9395800371,1,0.09523809524,grid
0.9408561144,1,0.09523809524,grid
0.9421052409,1,0.09523809524,grid
0.9433279856,1,0.09523809524,grid
0.9445249058,1,0.09523809524,grid
0.9456965469,1,0.09047619048,grid
0.9468434428,1,0.09047619048,grid
0.9479661161,1,0.08571428571,grid
0.9490650784,1,0.08095238095,grid
0.9501408304,1,0.07619047619,grid
0.9511938625,1,0.07619047619,grid
0.9522246544,1,0.07619047619,grid
0.9532336758,1,0.07619047619,grid
0.9542213865,1,0.07619047619,grid
0.9551882367,1,0.07619047619,grid
0.9561346669,1,0.07619047619,grid
0.9570611083,1,0.07619047619,grid
0.9579679832,1,0.07619047619,grid
0.9588557048,1,0.07619047619,grid
0.9597246776,1,0.07619047619,grid
0.9605752976,1,0.07619047619,grid
0.9614079523,1,0.07619047619,grid
0.9622230213,1,0.07619047619,grid
0.9630208759,1,0.07619047619,grid
0.9638018798,1,0.07619047619,grid
0.9645663887,1,0.07619047619,grid
0.9653147511,1,0.07619047619,grid
0.966047308,1,0.07142857143,grid
0.9667643932,1,0.07142857143,grid
0.9674663335,1,0.07142857143,grid
0.9681534487,1,0.07142857143,grid
0.9688260519,1,0.07142857143,grid
0.9694844497,1,0.07142857143,grid
0.970128942,1,0.07142857143,grid
0.9707598226,1,0.07142857143,grid
0.9713773789,1,0.07142857143,grid
0.9719818923,1,0.07142857143,grid
0.9725736384,1,0.07142857143,grid
0.9731528866,1,0.07142857143,grid
0.9737199011,1,0.07142857143,grid
0.9742749402,1,0.07142857143,grid
0.9748182567,1,0.07142857143,grid
0.9753500984,1,0.06666666667,grid
0.9758707074,1,0.06666666667,grid
0.9763803212,1,0.06666666667,grid
0.9768791718,1,0.06666666667,grid
0.9773674867,1,0.06666666667,grid
0.9778454883,1,0.06666666667,grid
0.9783133944,1,0.06666666667,grid
0.9787714183,1,0.06666666667,grid
0.9792197686,1,0.0619047619,grid
0.9796586498,1,0.0619047619,grid
0.9800882617,1,0.05714285714,grid
0.9805088002,1,0.05714285714,grid
0.9809204568,1,0.05714285714,grid
0.9813234192,1,0.05714285714,grid
0.981717871,1,0.05714285714,grid
0.9821039919,1,0.05238095238,grid
0.9824819579,1,0.05238095238,grid
0.9828519412,1,0.05238095238,grid
0.9832141104,1,0.05238095238,grid
0.9835686305,1,0.05238095238,grid
0.9839156631,1,0.05238095238,grid
0.9842553664,1,0.05238095238,grid
0.9845878951,1,0.05238095238,grid
0.9849134007,1,0.05238095238,grid
0.9852320316,1,0.05238095238,grid
0.985543933,1,0.05238095238,grid
0.985849247,1,0.05238095238,grid
0.9861481127,1,0.05238095238,grid
0.9864406663,1,0.04761904762,grid
0.9867270412,1,0.04285714286,grid
0.9870073678,1,0.04285714286,grid
0.9872817738,1,0.04285714286,grid
0.9875503844,1,0.04285714286,grid
0.9878133219,1,0.04285714286,grid
0.9880707061,1,0.04285714286,grid
0.9883226543,1,0.04285714286,grid
0.9885692813,1,0.04285714286,grid
0.9888106996,1,0.04285714286,grid
0.989047019,1,0.0380952381,grid
0.9892783474,1,0.0380952381,grid
0.9895047901,1,0.03333333333,grid
0.9897264502,1,0.03333333333,grid
0.9899434289,1,0.03333333333,grid
0.990155825,1,0.03333333333,grid
0.9903637352,1,0.03333333333,grid
0.9905672544,1,0.03333333333,grid
0.9907664752,1,0.02857142857,grid
0.9909614884,1,0.02857142857,grid
0.9911523829,1,0.02857142857,grid
0.9913392457,1,0.02857142857,grid
0.991522162,1,0.02857142857,grid
0.991701215,1,0.02857142857,grid
0.9918764864,1,0.02857142857,grid
0.992048056,1,0.02857142857,grid
0.9922160021,1,0.02857142857,grid
0.9923804012,1,0.02857142857,grid
0.9925413281,1,0.02857142857,grid
0.9926988562,1,0.02857142857,grid
0.9928530573,1,0.02857142857,grid
0.9930040016,1,0.02857142857,grid
0.993151758,1,0.02857142857,grid
0.9932963937,1,0.02857142857,grid
0.9934379748,1,0.02857142857,grid
0.9935765656,1,0.02857142857,grid
0.9937122293,1,0.02857142857,grid
0.9938450278,1,0.02857142857,grid
0.9939750216,1,0.02857142857,grid
0.99410227,1,0.02857142857,grid
0.9942268308,1,0.02857142857,grid
0.9943487608,1,0.02857142857,grid
0.9944681157,1,0.02857142857,grid
0.9945849498,1,0.02857142857,grid
0.9946993164,1,0.02857142857,grid
0.9948112675,1,0.02380952381,grid
0.9949208542,1,0.02380952381,grid
0.9950281264,1,0.02380952381,grid
0.995133133,1,0.02380952381,grid
0.9952359219,1,0.02380952381,grid
0.9953365398,1,0.02380952381,grid
0.9954350327,1,0.02380952381,grid
0.9955314454,1,0.02380952381,grid
0.9956258218,1,0.02380952381,grid
0.995718205,1,0.02380952381,grid
0.9958086371,1,0.02380952381,grid
0.9958971592,1,0.02380952381,grid
0.9959838117,1,0.02380952381,grid
0.9960686342,1,0.02380952381,grid
0.9961516651,1,0.02380952381,grid
0.9962329424,1,0.02380952381,grid
0.9963125032,1,0.02380952381,grid
0.9963903836,1,0.02380952381,grid
0.9964666191,1,0.02380952381,grid
0.9965412446,1,0.02380952381,grid
0.9966142939,1,0.02380952381,grid
0.9966858005,1,0.02380952381,grid
0.9967557968,1,0.02380952381,grid
0.9968243148,1,0.02380952381,grid
0.9968913857,1,0.02380952381,grid
0.99695704,1,0.02380952381,grid
0.9970213077,1,0.01904761905,grid
0.9970842181,1,0.01904761905,grid
0.9971457998,1,0.01904761905,grid
0.9972060808,1,0.01904761905,grid
0.9972650888,1,0.01904761905,grid
0.9973228504,1,0.01904761905,grid
0.9973793922,1,0.01904761905,grid
0.9974347398,1,0.01904761905,grid
0.9974889184,1,0.01904761905,grid
0.9975419527,1,0.01904761905,grid
0.997593867,1,0.01904761905,grid
0.9976446849,1,0.01904761905,grid
0.9976944294,1,0.01904761905,grid
0.9977431234,1,0.01904761905,grid
0.9977907889,1,0.01904761905,grid
0.9978374477,1,0.01904761905,grid
0.9978831211,1,0.01904761905,grid
0.9979278298,1,0.01904761905,grid
0.9979715943,1,0.01904761905,grid
0.9980144345,1,0.01904761905,grid
0.9980563699,1,0.01904761905,grid
0.9980974196,1,0.01904761905,grid
0.9981376024,1,0.01904761905,grid
0.9981769365,1,0.01904761905,grid
0.9982154398,1,0.01904761905,grid
0.9982531299,1,0.01904761905,grid
0.9982900241,1,0.01904761905,grid
0.998326139,1,0.01904761905,grid
0.9983614911,1,0.01904761905,grid
0.9983960966,1,0.01904761905,grid
0.9984299713,1,0.01904761905,grid
0.9984631305,1,0.01904761905,grid
0.9984955894,1,0.01904761905,grid
0.9985273627,1,0.01904761905,grid
0.998558465,1,0.01904761905,grid
0.9985889104,1,0.01904761905,grid
0.9986187128,1,0.01904761905,grid
0.9986478858,1,0.01904761905,grid
0.9986764426,1,0.01904761905,grid
0.9987043963,1,0.01904761905,grid
0.9987317596,1,0.01904761905,grid
0.998758545,1,0.01904761905,grid
0.9987847647,1,0.01904761905,grid
0.9988104306,1,0.01904761905,grid
0.9988355545,1,0.01904761905,grid
0.9988601477,1,0.01904761905,grid
0.9988842215,1,0.01904761905,grid
0.9989077869,1,0.01904761905,grid
0.9989308546,1,0.01904761905,grid
0.9989534351,1,0.01904761905,grid
0.9989755387,1,0.01904761905,grid
0.9989971754,1,0.01904761905,grid
0.9990183552,1,0.01904761905,grid
0.9990390877,1,0.01904761905,grid
0.9990593823,1,0.01904761905,grid
0.9990792482,1,0.01904761905,grid
0.9990986946,1,0.01904761905,grid
0.9991177303,1,0.01904761905,grid
0.999136364,1,0.01904761905,grid
0.9991546041,1,0.01904761905,grid
0.9991724589,1,0.01904761905,grid
0.9991899367,1,0.01904761905,grid
0.9992070454,1,0.01904761905,grid
0.9992237927,1,0.01904761905,grid
0.9992401863,1,0.01904761905,grid
0.9992562336,1,0.01904761905,grid
0.9992719421,1,0.01904761905,grid
0.9992873187,1,0.01904761905,grid
0.9993023707,1,0.01904761905,grid
0.9993171047,1,0.01904761905,grid
0.9993315275,1,0.01904761905,grid
0.9993456457,1,0.01904761905,grid
0.9993594658,1,0.01904761905,grid
0.999372994,1,0.01904761905,grid
0.9993862364,1,0.01904761905,grid
0.9993991992,1,0.01904761905,grid
0.9994118882,1,0.01904761905,grid
0.9994243092,1,0.01904761905,grid
0.9994364678,1,0.01904761905,grid
0.9994483697,1,0.01904761905,grid
0.9994600202,1,0.01904761905,grid
0.9994714246,1,0.01904761905,grid
0.9994825882,1,0.01904761905,grid
0.999493516,1,0.01904761905,grid
0.999504213,1,0.01904761905,grid
0.9995146841,1,0.01904761905,grid
0.999524934,1,0.01904761905,grid
0.9995349675,1,0.01904761905,grid
0.999544789,1,0.01904761905,grid
0.9995544032,1,0.01904761905,grid
0.9995638142,1,0.01904761905,grid
0.9995730265,1,0.01904761905,grid
0.9995820443,1,0.01904761905,grid
0.9995908715,1,0.01904761905,grid
0.9995995124,1,0.01904761905,grid
0.9996079707,1,0.01904761905,grid
0.9996162504,1,0.01904761905,grid
0.9996243553,1,0.01904761905,grid
0.9996322889,1,0.01904761905,grid
0.999640055,1,0.01904761905,grid
0.9996476571,1,0.01904761905,grid
0.9996550987,1,0.01904761905,grid
0.999662383,1,0.01904761905,grid
0.9996695135,1,0.01904761905,grid
0.9996764934,1,0.01904761905,grid
0.9996833259,1,0.01904761905,grid
0.9996900141,1,0.01904761905,grid
0.9996965611,1,0.01904761905,grid
0.9997029698,1,0.01904761905,grid
0.9997092431,1,0.01904761905,grid
0.9997153839,1,0.01904761905,grid
0.999721395,1,0.01904761905,grid
0.9997272792,1,0.01904761905,grid
0.9997330391,1,0.01904761905,grid
0.9997386773,1,0.01904761905,grid
0.9997441965,1,0.01904761905,grid
0.9997495991,1,0.01904761905,grid
0.9997548876,1,0.01904761905,grid
0.9997600644,1,0.01904761905,grid
0.9997651319,1,0.01904761905,grid
0.9997700923,1,0.01904761905,grid
0.999774948,1,0.01904761905,grid
0.9997797011,1,0.01904761905,grid
0.9997843539,1,0.01904761905,grid
0.9997889084,1,0.01904761905,grid
0.9997933666,1,0.01904761905,grid
0.9997977308,1,0.01904761905,grid
0.9998020027,1,0.01904761905,grid
0.9998061844,1,0.01904761905,grid
0.9998102778,1,0.01904761905,grid
0.9998142848,1,0.01904761905,grid
0.9998182071,1,0.01904761905,grid
0.9998220466,1,0.01904761905,grid
0.999825805,1,0.01904761905,grid
0.999829484,1,0.01904761905,grid
0.9998330854,1,0.01904761905,grid
0.9998366106,1,0.01904761905,grid
0.9998400614,1,0.01904761905,grid
0.9998434393,1,0.01904761905,grid
0.9998467459,1,0.01904761905,grid
0.9998499827,1,0.01904761905,grid
0.9998531511,1,0.01904761905,grid
0.9998562525,1,0.01904761905,grid
0.9998592885,1,0.01904761905,grid
0.9998622603,1,0.01904761905,grid
0.9998651694,1,0.01904761905,grid
0.9998680171,1,0.01904761905,grid
0.9998708046,1,0.01904761905,grid
0.9998735332,1,0.01904761905,grid
0.9998762042,1,0.01904761905,grid
0.9998788188,1,0.01904761905,grid
0.9998813781,1,0.01904761905,grid
0.9998838834,1,0.01904761905,grid
0.9998863358,1,0.01904761905,grid
0.9998887364,1,0.01904761905,grid
0.9998910863,1,0.01904761905,grid
0.9998933866,1,0.01904761905,grid
0.9998956383,1,0.01904761905,grid
0.9998978424,1,0.01904761905,grid
0.9999,1,0.01904761905,grid
0.5,1,0.4435028249,hazelnut
0.510560064,1,0.4350282486,hazelnut
0.5208970982,1,0.4237288136,hazelnut
0.5310158128,1,0.4209039548,hazelnut
0.5409208189,1,0.4152542373,hazelnut
0.55061663,1,0.406779661,hazelnut
0.5601076643,1,0.4039548023,hazelnut
0.5693982468,1,0.395480226,hazelnut
0.578492611,1,0.3870056497,hazelnut
0.587394901,1,0.3785310734,hazelnut
0.5961091735,1,0.3785310734,hazelnut
0.6046393995,1,0.3757062147,hazelnut
0.612989466,1,0.3757062147,hazelnut
0.6211631781,1,0.3700564972,hazelnut
0.6291642603,1,0.3587570621,hazelnut
0.6369963586,1,0.3587570621,hazelnut
0.644663042,1,0.3531073446,hazelnut
0.652167804,1,0.3389830508,hazelnut
0.6595140646,1,0.3361581921,hazelnut
0.6667051711,1,0.3248587571,hazelnut
0.6737444006,1,0.3163841808,hazelnut
0.6806349606,1,0.3107344633,hazelnut
0.6873799912,1,0.2994350282,hazelnut
0.6939825658,1,0.2937853107,hazelnut
0.7004456932,1,0.2768361582,hazelnut
0.7067723185,1,0.2655367232,hazelnut
0.7129653247,1,0.2598870056,hazelnut
0.7190275338,1,0.2570621469,hazelnut
0.7249617083,1,0.2570621469,hazelnut
0.7307705522,1,0.2570621469,hazelnut
0.7364567126,1,0.2485875706,hazelnut
0.7420227806,1,0.2485875706,hazelnut
0.7474712925,1,0.2429378531,hazelnut
0.7528047312,1,0.2316384181,hazelnut
0.7580255269,1,0.2231638418,hazelnut
0.7631360588,1,0.2203389831,hazelnut
0.7681386555,1,0.2203389831,hazelnut
0.7730355968,1,0.2203389831,hazelnut
0.7778291141,1,0.2203389831,hazelnut
0.7825213917,1,0.2175141243,hazelnut
0.7871145677,1,0.2146892655,hazelnut
0.7916107353,1,0.209039548,hazelnut
0.7960119433,1,0.2062146893,hazelnut
0.8003201972,1,0.2062146893,hazelnut
0.8045374602,1,0.2033898305,hazelnut
0.808665654,1,0.2005649718,hazelnut
0.8127066599,1,0.197740113,hazelnut
0.8166623193,1,0.1920903955,hazelnut
0.8205344346,1,0.1892655367,hazelnut
0.8243247703,1,0.1807909605,hazelnut
0.8280350536,1,0.1779661017,hazelnut
0.8316669753,1,0.1638418079,hazelnut
0.8352221904,1,0.1610169492,hazelnut
0.8387023188,1,0.1581920904,hazelnut
0.8421089465,1,0.1525423729,hazelnut
0.8454436258,1,0.1497175141,hazelnut
0.8487078762,1,0.1497175141,hazelnut
0.8519031852,1,0.1440677966,hazelnut
0.8550310089,1,0.1412429379,hazelnut
0.8580927726,1,0.1355932203,hazelnut
0.8610898714,1,0.1355932203,hazelnut
0.8640236711,1,0.1299435028,hazelnut
0.8668955086,1,0.1271186441,hazelnut
0.8697066925,1,0.1271186441,hazelnut
0.8724585038,1,0.1242937853,hazelnut
0.8751521965,1,0.1242937853,hazelnut
0.8777889981,1,0.1242937853,hazelnut
0.8803701101,1,0.1214689266,hazelnut
0.8828967087,1,0.1186440678,hazelnut
0.8853699453,1,0.115819209,hazelnut
0.8877909467,1,0.115819209,hazelnut
0.8901608163,1,0.115819209,hazelnut
0.8924806339,1,0.1129943503,hazelnut
0.8947514567,1,0.1101694915,hazelnut
0.8969743194,1,0.1101694915,hazelnut
0.899150235,1,0.1073446328,hazelnut
0.9012801949,1,0.104519774,hazelnut
0.9033651698,1,0.09322033898,hazelnut
0.9054061098,1,0.09039548023,hazelnut
0.9074039449,1,0.09039548023,hazelnut
0.9093595854,1,0.09039548023,hazelnut
0.9112739226,1,0.09039548023,hazelnut
0.9131478287,1,0.08757062147,hazelnut
0.9149821577,1,0.08474576271,hazelnut
0.9167777454,1,0.08192090395,hazelnut
0.9185354101,1,0.07627118644,hazelnut
0.9202559527,1,0.07344632768,hazelnut
0.9219401572,1,0.07344632768,hazelnut
0.923588791,1,0.07062146893,hazelnut
0.9252026056,1,0.07062146893,hazelnut
0.9267823361,1,0.07062146893,hazelnut
0.9283287025,1,0.07062146893,hazelnut
0.9298424095,1,0.07062146893,hazelnut
0.9313241468,1,0.06779661017,hazelnut
0.9327745896,1,0.06497175141,hazelnut
0.9341943989,1,0.06214689266,hazelnut
0.9355842216,1,0.06214689266,hazelnut
0.9369446911,1,0.05649717514,hazelnut
0.9382764273,1,0.05367231638,hazelnut
0.9395800371,1,0.05367231638,hazelnut
0.9408561144,1,0.05367231638,hazelnut
0.9421052409,1,0.04802259887,hazelnut
0.9433279856,1,0.04802259887,hazelnut
0.9445249058,1,0.04519774011,hazelnut
0.9456965469,1,0.04237288136,hazelnut
0.9468434428,1,0.04237288136,hazelnut
0.9479661161,0.9952380952,0.0395480226,hazelnut
0.9490650784,0.9952380952,0.0395480226,hazelnut
0.9501408304,0.9952380952,0.0395480226,hazelnut
0.9511938625,0.9952380952,0.03672316384,hazelnut
0.9522246544,0.9952380952,0.03107344633,hazelnut
0.9532336758,0.9952380952,0.03107344633,hazelnut
0.9542213865,0.9952380952,0.02824858757,hazelnut
0.9551882367,0.9952380952,0.02824858757,hazelnut
0.9561346669,0.9952380952,0.02824858757,hazelnut
0.9570611083,0.9952380952,0.02824858757,hazelnut
0.9579679832,0.9952380952,0.02824858757,hazelnut
0.9588557048,0.9952380952,0.02824858757,hazelnut
0.9597246776,0.9952380952,0.02824858757,hazelnut
0.9605752976,0.9952380952,0.02542372881,hazelnut
0.9614079523,0.9952380952,0.02259887006,hazelnut
0.9622230213,0.9952380952,0.0197740113,hazelnut
0.9630208759,0.9952380952,0.01694915254,hazelnut
0.9638018798,0.9952380952,0.01412429379,hazelnut
0.9645663887,0.9952380952,0.01412429379,hazelnut
0.9653147511,0.9952380952,0.01412429379,hazelnut
0.966047308,0.9952380952,0.01412429379,hazelnut
0.9667643932,0.9952380952,0.01412429379,hazelnut
0.9674663335,0.9952380952,0.01129943503,hazelnut
0.9681534487,0.9952380952,0.01129943503,hazelnut
0.9688260519,0.9952380952,0.01129943503,hazelnut
0.9694844497,0.9952380952,0.01129943503,hazelnut
0.970128942,0.9952380952,0.01129943503,hazelnut
0.9707598226,0.9952380952,0.01129943503,hazelnut
0.9713773789,0.9952380952,0.01129943503,hazelnut
0.9719818923,0.9952380952,0.01129943503,hazelnut
0.9725736384,0.9952380952,0.01129943503,hazelnut
0.9731528866,0.9857142857,0.01129943503,hazelnut
0.9737199011,0.9857142857,0.01129943503,hazelnut
0.9742749402,0.9857142857,0.01129943503,hazelnut
0.9748182567,0.9857142857,0.01129943503,hazelnut
0.9753500984,0.9857142857,0.01129943503,hazelnut
0.9758707074,0.9857142857,0.01129943503,hazelnut
0.9763803212,0.9857142857,0.01129943503,hazelnut
0.9768791718,0.9857142857,0.01129943503,hazelnut
0.9773674867,0.9857142857,0.01129943503,hazelnut
0.9778454883,0.9857142857,0.01129943503,hazelnut
0.9783133944,0.9857142857,0.01129943503,hazelnut
0.9787714183,0.9857142857,0.01129943503,hazelnut
0.9792197686,0.9857142857,0.01129943503,hazelnut
0.9796586498,0.9857142857,0.01129943503,hazelnut
0.9800882617,0.9857142857,0.01129943503,hazelnut
0.9805088002,0.9857142857,0.01129943503,hazelnut
0.9809204568,0.9857142857,0.01129943503,hazelnut
0.9813234192,0.9857142857,0.01129943503,hazelnut
0.981717871,0.9857142857,0.01129943503,hazelnut
0.9821039919,0.9857142857,0.01129943503,hazelnut
0.9824819579,0.9857142857,0.01129943503,hazelnut
0.9828519412,0.9857142857,0.01129943503,hazelnut
0.9832141104,0.9857142857,0.008474576271,hazelnut
0.9835686305,0.9857142857,0.008474576271,hazelnut
0.9839156631,0.9857142857,0.008474576271,hazelnut
0.9842553664,0.9857142857,0.008474576271,hazelnut
0.9845878951,0.9857142857,0.008474576271,hazelnut
0.9849134007,0.9857142857,0.008474576271,hazelnut
0.9852320316,0.9857142857,0.008474576271,hazelnut
0.985543933,0.9857142857,0.008474576271,hazelnut
0.985849247,0.9857142857,0.008474576271,hazelnut
0.9861481127,0.9857142857,0.008474576271,hazelnut
0.9864406663,0.9857142857,0.008474576271,hazelnut
0.9867270412,0.9857142857,0.008474576271,hazelnut
0.9870073678,0.9857142857,0.008474576271,hazelnut
0.9872817738,0.9857142857,0.008474576271,hazelnut
0.9875503844,0.9857142857,0.008474576271,hazelnut
0.9878133219,0.9857142857,0.008474576271,hazelnut
0.9880707061,0.9857142857,0.008474576271,hazelnut
0.9883226543,0.9857142857,0.008474576271,hazelnut
0.9885692813,0.9857142857,0.008474576271,hazelnut
0.9888106996,0.9857142857,0.008474576271,hazelnut
0.989047019,0.9857142857,0.008474576271,hazelnut
0.9892783474,0.9857142857,0.008474576271,hazelnut
0.9895047901,0.9857142857,0.008474576271,hazelnut
0.9897264502,0.9857142857,0.008474576271,hazelnut
0.9899434289,0.9857142857,0.008474576271,hazelnut
0.990155825,0.9857142857,0.008474576271,hazelnut
0.9903637352,0.9857142857,0.008474576271,hazelnut
0.9905672544,0.9857142857,0.008474576271,hazelnut
0.9907664752,0.9857142857,0.008474576271,hazelnut
0.9909614884,0.9857142857,0.008474576271,hazelnut
0.9911523829,0.9857142857,0.008474576271,hazelnut
0.9913392457,0.9857142857,0.008474576271,hazelnut
0.991522162,0.9857142857,0.008474576271,hazelnut
0.991701215,0.9857142857,0.008474576271,hazelnut
0.9918764864,0.9857142857,0.008474576271,hazelnut
0.992048056,0.9857142857,0.008474576271,hazelnut
0.9922160021,0.9857142857,0.008474576271,hazelnut
0.9923804012,0.9857142857,0.008474576271,hazelnut
0.9925413281,0.9857142857,0.008474576271,hazelnut
0.9926988562,0.980952381,0.008474576271,hazelnut
0.9928530573,0.980952381,0.008474576271,hazelnut
0.9930040016,0.980952381,0.008474576271,hazelnut
0.993151758,0.9761904762,0.008474576271,hazelnut
0.9932963937,0.9761904762,0.008474576271,hazelnut
0.9934379748,0.9761904762,0.008474576271,hazelnut
0.9935765656,0.9761904762,0.008474576271,hazelnut
0.9937122293,0.9761904762,0.008474576271,hazelnut
0.9938450278,0.9761904762,0.008474576271,hazelnut
0.9939750216,0.9761904762,0.008474576271,hazelnut
0.99410227,0.9761904762,0.008474576271,hazelnut
0.9942268308,0.9761904762,0.008474576271,hazelnut
0.9943487608,0.9761904762,0.008474576271,hazelnut
0.9944681157,0.9761904762,0.008474576271,hazelnut
0.9945849498,0.9761904762,0.008474576271,hazelnut
0.9946993164,0.9761904762,0.008474576271,hazelnut
0.9948112675,0.9714285714,0.008474576271,hazelnut
0.9949208542,0.9714285714,0.008474576271,hazelnut
0.9950281264,0.9714285714,0.008474576271,hazelnut
0.995133133,0.9714285714,0.008474576271,hazelnut
0.9952359219,0.9714285714,0.008474576271,hazelnut
0.9953365398,0.9714285714,0.008474576271,hazelnut
0.9954350327,0.9666666667,0.008474576271,hazelnut
0.9955314454,0.9666666667,0.008474576271,hazelnut
0.9956258218,0.9666666667,0.008474576271,hazelnut
0.995718205,0.9666666667,0.008474576271,hazelnut
0.9958086371,0.9666666667,0.008474576271,hazelnut
0.9958971592,0.9666666667,0.005649717514,hazelnut
0.9959838117,0.9666666667,0.005649717514,hazelnut
0.9960686342,0.9666666667,0.005649717514,hazelnut
0.9961516651,0.9666666667,0.005649717514,hazelnut
0.9962329424,0.9666666667,0.005649717514,hazelnut
0.9963125032,0.9666666667,0.005649717514,hazelnut
0.9963903836,0.9666666667,0.005649717514,hazelnut
0.9964666191,0.9666666667,0.005649717514,hazelnut
0.9965412446,0.9666666667,0.005649717514,hazelnut
0.9966142939,0.9666666667,0.005649717514,hazelnut
0.9966858005,0.9666666667,0.005649717514,hazelnut
0.9967557968,0.9666666667,0.005649717514,hazelnut
0.9968243148,0.9666666667,0.005649717514,hazelnut
0.9968913857,0.9666666667,0.005649717514,hazelnut
0.99695704,0.9666666667,0.005649717514,hazelnut
0.9970213077,0.9666666667,0.005649717514,hazelnut
0.9970842181,0.9666666667,0.005649717514,hazelnut
0.9971457998,0.9666666667,0.005649717514,hazelnut
0.9972060808,0.9666666667,0.005649717514,hazelnut
0.9972650888,0.9666666667,0.005649717514,hazelnut
0.9973228504,0.9666666667,0.005649717514,hazelnut
0.9973793922,0.9666666667,0.005649717514,hazelnut
0.9974347398,0.9666666667,0.005649717514,hazelnut
0.9974889184,0.9619047619,0.005649717514,hazelnut
0.9975419527,0.9619047619,0.005649717514,hazelnut
0.997593867,0.9619047619,0.005649717514,hazelnut
0.9976446849,0.9619047619,0.005649717514,hazelnut
0.9976944294,0.9619047619,0.005649717514,hazelnut
0.9977431234,0.9619047619,0.005649717514,hazelnut
0.9977907889,0.9619047619,0.005649717514,hazelnut
0.9978374477,0.9619047619,0.005649717514,hazelnut
0.9978831211,0.9619047619,0.005649717514,hazelnut
0.9979278298,0.9619047619,0.005649717514,hazelnut
0.9979715943,0.9619047619,0.005649717514,hazelnut
0.9980144345,0.9619047619,0.005649717514,hazelnut
0.9980563699,0.9619047619,0.005649717514,hazelnut
0.9980974196,0.9619047619,0.005649717514,hazelnut
0.9981376024,0.9619047619,0.005649717514,hazelnut
0.9981769365,0.9619047619,0.005649717514,hazelnut
0.9982154398,0.9619047619,0.005649717514,hazelnut
0.9982531299,0.9619047619,0.005649717514,hazelnut
0.9982900241,0.9619047619,0.005649717514,hazelnut
0.998326139,0.9619047619,0.005649717514,hazelnut
0.9983614911,0.9619047619,0.005649717514,hazelnut
0.9983960966,0.9619047619,0.005649717514,hazelnut
0.9984299713,0.9619047619,0.005649717514,hazelnut
0.9984631305,0.9619047619,0.005649717514,hazelnut
0.9984955894,0.9571428571,0.005649717514,hazelnut
0.9985273627,0.9571428571,0.005649717514,hazelnut
0.998558465,0.9571428571,0.005649717514,hazelnut
0.9985889104,0.9571428571,0.005649717514,hazelnut
0.9986187128,0.9571428571,0.005649717514,hazelnut
0.9986478858,0.9571428571,0.005649717514,hazelnut
0.9986764426,0.9571428571,0.005649717514,hazelnut
0.9987043963,0.9571428571,0.005649717514,hazelnut
0.9987317596,0.9571428571,0.005649717514,hazelnut
0.998758545,0.9571428571,0.005649717514,hazelnut
0.9987847647,0.9571428571,0.005649717514,hazelnut
0.9988104306,0.9571428571,0.005649717514,hazelnut
0.9988355545,0.9571428571,0.005649717514,hazelnut
0.9988601477,0.9571428571,0.005649717514,hazelnut
0.9988842215,0.9571428571,0.005649717514,hazelnut
0.9989077869,0.9571428571,0.005649717514,hazelnut
0.9989308546,0.9571428571,0.005649717514,hazelnut
0.9989534351,0.9571428571,0.005649717514,hazelnut
0.9989755387,0.9571428571,0.005649717514,hazelnut
0.9989971754,0.9571428571,0.005649717514,hazelnut
0.9990183552,0.9571428571,0.005649717514,hazelnut
0.9990390877,0.9571428571,0.005649717514,hazelnut
0.9990593823,0.9571428571,0.005649717514,hazelnut
0.9990792482,0.9571428571,0.005649717514,hazelnut
0.9990986946,0.9571428571,0.005649717514,hazelnut
0.9991177303,0.9571428571,0.005649717514,hazelnut
0.999136364,0.9571428571,0.005649717514,hazelnut
0.9991546041,0.9571428571,0.005649717514,hazelnut
0.9991724589,0.9571428571,0.005649717514,hazelnut
0.9991899367,0.9571428571,0.005649717514,hazelnut
0.9992070454,0.9571428571,0.005649717514,hazelnut
0.9992237927,0.9571428571,0.005649717514,hazelnut
0.9992401863,0.9571428571,0.005649717514,hazelnut
0.9992562336,0.9571428571,0.005649717514,hazelnut
0.9992719421,0.9571428571,0.005649717514,hazelnut
0.9992873187,0.9571428571,0.005649717514,hazelnut
0.9993023707,0.9571428571,0.005649717514,hazelnut
0.9993171047,0.9571428571,0.005649717514,hazelnut
0.9993315275,0.9571428571,0.005649717514,hazelnut
0.9993456457,0.9571428571,0.005649717514,hazelnut
0.9993594658,0.9571428571,0.005649717514,hazelnut
0.999372994,0.9571428571,0.005649717514,hazelnut
0.9993862364,0.9571428571,0.005649717514,hazelnut
0.9993991992,0.9571428571,0.005649717514,hazelnut
0.9994118882,0.9571428571,0.005649717514,hazelnut
0.9994243092,0.9571428571,0.005649717514,hazelnut
0.9994364678,0.9571428571,0.005649717514,hazelnut
0.9994483697,0.9571428571,0.005649717514,hazelnut
0.9994600202,0.9571428571,0.005649717514,hazelnut
0.9994714246,0.9571428571,0.005649717514,hazelnut
0.9994825882,0.9571428571,0.005649717514,hazelnut
0.999493516,0.9571428571,0.005649717514,hazelnut
0.999504213,0.9571428571,0.005649717514,hazelnut
0.9995146841,0.9571428571,0.005649717514,hazelnut
0.999524934,0.9571428571,0.005649717514,hazelnut
0.9995349675,0.9571428571,0.005649717514,hazelnut
0.999544789,0.9571428571,0.005649717514,hazelnut
0.9995544032,0.9571428571,0.005649717514,hazelnut
0.9995638142,0.9571428571,0.005649717514,hazelnut
0.9995730265,0.9571428571,0.005649717514,hazelnut
0.9995820443,0.9571428571,0.005649717514,hazelnut
0.9995908715,0.9571428571,0.005649717514,hazelnut
0.9995995124,0.9571428571,0.005649717514,hazelnut
0.9996079707,0.9571428571,0.005649717514,hazelnut
0.9996162504,0.9571428571,0.005649717514,hazelnut
0.9996243553,0.9571428571,0.005649717514,hazelnut
0.9996322889,0.9571428571,0.005649717514,hazelnut
0.999640055,0.9571428571,0.005649717514,hazelnut
0.9996476571,0.9571428571,0.005649717514,hazelnut
0.9996550987,0.9571428571,0.005649717514,hazelnut
0.999662383,0.9571428571,0.005649717514,hazelnut
0.9996695135,0.9571428571,0.005649717514,hazelnut
0.9996764934,0.9571428571,0.005649717514,hazelnut
0.9996833259,0.9571428571,0.005649717514,hazelnut
0.9996900141,0.9571428571,0.005649717514,hazelnut
0.9996965611,0.9571428571,0.005649717514,hazelnut
0.9997029698,0.9571428571,0.005649717514,hazelnut
0.9997092431,0.9571428571,0.005649717514,hazelnut
0.9997153839,0.9571428571,0.005649717514,hazelnut
0.999721395,0.9571428571,0.005649717514,hazelnut
0.9997272792,0.9571428571,0.005649717514,hazelnut
0.9997330391,0.9571428571,0.005649717514,hazelnut
0.9997386773,0.9571428571,0.005649717514,hazelnut
0.9997441965,0.9571428571,0.005649717514,hazelnut
0.9997495991,0.9571428571,0.005649717514,hazelnut
0.9997548876,0.9571428571,0.005649717514,hazelnut
0.9997600644,0.9571428571,0.005649717514,hazelnut
0.9997651319,0.9571428571,0.005649717514,hazelnut
0.9997700923,0.9571428571,0.005649717514,hazelnut
0.999774948,0.9571428571,0.005649717514,hazelnut
0.9997797011,0.9571428571,0.005649717514,hazelnut
0.9997843539,0.9571428571,0.005649717514,hazelnut
0.9997889084,0.9571428571,0.005649717514,hazelnut
0.9997933666,0.9571428571,0.005649717514,hazelnut
0.9997977308,0.9571428571,0.005649717514,hazelnut
0.9998020027,0.9571428571,0.005649717514,hazelnut
0.9998061844,0.9571428571,0.005649717514,hazelnut
0.9998102778,0.9571428571,0.005649717514,hazelnut
0.9998142848,0.9571428571,0.005649717514,hazelnut
0.9998182071,0.9571428571,0.005649717514,hazelnut
0.9998220466,0.9571428571,0.005649717514,hazelnut
0.999825805,0.9571428571,0.005649717514,hazelnut
0.999829484,0.9571428571,0.005649717514,hazelnut
0.9998330854,0.9571428571,0.005649717514,hazelnut
0.9998366106,0.9571428571,0.005649717514,hazelnut
0.9998400614,0.9571428571,0.005649717514,hazelnut
0.9998434393,0.9571428571,0.005649717514,hazelnut
0.9998467459,0.9571428571,0.005649717514,hazelnut
0.9998499827,0.9571428571,0.005649717514,hazelnut
0.9998531511,0.9571428571,0.005649717514,hazelnut
0.9998562525,0.9571428571,0.005649717514,hazelnut
0.9998592885,0.9571428571,0.005649717514,hazelnut
0.9998622603,0.9571428571,0.005649717514,hazelnut
0.9998651694,0.9571428571,0.005649717514,hazelnut
0.9998680171,0.9571428571,0.005649717514,hazelnut
0.9998708046,0.9571428571,0.005649717514,hazelnut
0.9998735332,0.9571428571,0.005649717514,hazelnut
0.9998762042,0.9571428571,0.005649717514,hazelnut
0.9998788188,0.9571428571,0.005649717514,hazelnut
0.9998813781,0.9571428571,0.005649717514,hazelnut
0.9998838834,0.9571428571,0.005649717514,hazelnut
0.9998863358,0.9571428571,0.005649717514,hazelnut
0.9998887364,0.9571428571,0.005649717514,hazelnut
0.9998910863,0.9571428571,0.005649717514,hazelnut
0.9998933866,0.9571428571,0.005649717514,hazelnut
0.9998956383,0.9571428571,0.005649717514,hazelnut
0.9998978424,0.9571428571,0.005649717514,hazelnut
0.9999,0.9571428571,0.005649717514,hazelnut
0.5,1,0.5428571429,leather
0.510560064,1,0.5428571429,leather
0.5208970982,1,0.5285714286,leather
0.5310158128,1,0.519047619,leather
0.5409208189,1,0.5047619048,leather
0.55061663,1,0.5,leather
0.5601076643,1,0.4952380952,leather
0.5693982468,1,0.4761904762,leather
0.578492611,1,0.4714285714,leather
0.587394901,1,0.4523809524,leather
0.5961091735,1,0.4523809524,leather
0.6046393995,1,0.4523809524,leather
0.612989466,1,0.4380952381,leather
0.6211631781,1,0.4333333333,leather
0.6291642603,1,0.4333333333,leather
0.6369963586,1,0.4333333333,leather
0.644663042,1,0.4285714286,leather
0.652167804,1,0.419047619,leather
0.6595140646,1,0.4047619048,leather
0.6667051711,1,0.3904761905,leather
0.6737444006,1,0.3904761905,leather
0.6806349606,1,0.3857142857,leather
0.6873799912,1,0.3761904762,leather
0.6939825658,1,0.3761904762,leather
0.7004456932,1,0.3714285714,leather
0.7067723185,1,0.3571428571,leather
0.7129653247,1,0.3523809524,leather
0.7190275338,1,0.3333333333,leather
0.7249617083,1,0.3285714286,leather
0.7307705522,1,0.3285714286,leather
0.7364567126,1,0.3238095238,leather
0.7420227806,1,0.3238095238,leather
0.7474712925,1,0.319047619,leather
0.7528047312,1,0.3095238095,leather
0.7580255269,1,0.3,leather
0.7631360588,1,0.2952380952,leather
0.7681386555,1,0.2904761905,leather
0.7730355968,1,0.2904761905,leather
0.7778291141,1,0.2714285714,leather
0.7825213917,1,0.2666666667,leather
0.7871145677,1,0.2571428571,leather
0.7916107353,1,0.2571428571,leather
0.7960119433,1,0.2476190476,leather
0.8003201972,1,0.2476190476,leather
0.8045374602,1,0.2476190476,leather
0.808665654,1,0.2476190476,leather
0.8127066599,1,0.2476190476,leather
0.8166623193,1,0.2428571429,leather
0.8205344346,1,0.2428571429,leather
0.8243247703,1,0.2428571429,leather
0.8280350536,1,0.2333333333,leather
0.8316669753,1,0.2333333333,leather
0.8352221904,1,0.2333333333,leather
0.8387023188,1,0.2238095238,leather
0.8421089465,1,0.219047619,leather
0.8454436258,1,0.2142857143,leather
0.8487078762,1,0.2142857143,leather
0.8519031852,1,0.2095238095,leather
0.8550310089,1,0.2095238095,leather
0.8580927726,1,0.2047619048,leather
0.8610898714,1,0.2,leather
0.8640236711,1,0.2,leather
0.8668955086,1,0.2,leather
0.8697066925,1,0.2,leather
0.8724585038,1,0.2,leather
0.8751521965,1,0.2,leather
0.8777889981,1,0.2,leather
0.8803701101,1,0.1904761905,leather
0.8828967087,1,0.1857142857,leather
0.8853699453,1,0.1857142857,leather
0.8877909467,1,0.1857142857,leather
0.8901608163,1,0.1857142857,leather
0.8924806339,1,0.1857142857,leather
0.8947514567,1,0.1761904762,leather
0.8969743194,1,0.1714285714,leather
0.899150235,1,0.1714285714,leather
0.9012801949,1,0.1714285714,leather
0.9033651698,1,0.1714285714,leather
0.9054061098,1,0.1571428571,leather
0.9074039449,1,0.1476190476,leather
0.9093595854,1,0.1428571429,leather
0.9112739226,1,0.1428571429,leather
0.9131478287,1,0.1380952381,leather
0.9149821577,1,0.1380952381,leather
0.9167777454,1,0.1333333333,leather
0.9185354101,1,0.1333333333,leather
0.9202559527,1,0.1285714286,leather
0.9219401572,1,0.1285714286,leather
0.923588791,1,0.1238095238,leather
0.9252026056,1,0.1238095238,leather
0.9267823361,1,0.119047619,leather
0.9283287025,1,0.1047619048,leather
0.9298424095,1,0.1047619048,leather
0.9313241468,1,0.1,leather
0.9327745896,1,0.1,leather
0.9341943989,1,0.1,leather
0.9355842216,1,0.1,leather
0.9369446911,1,0.1,leather
0.9382764273,1,0.1,leather
0.9395800371,1,0.08571428571,leather
0.9408561144,1,0.08571428571,leather
0.9421052409,1,0.08571428571,leather
0.9433279856,1,0.08571428571,leather
0.9445249058,1,0.08571428571,leather
0.9456965469,1,0.08571428571,leather
0.9468434428,1,0.08571428571,leather
0.9479661161,1,0.08571428571,leather
0.9490650784,1,0.08571428571,leather
0.9501408304,1,0.08571428571,leather
0.9511938625,1,0.07619047619,leather
0.9522246544,1,0.07619047619,leather
0.9532336758,1,0.07619047619,leather
0.9542213865,1,0.07619047619,leather
0.9551882367,1,0.07619047619,leather
0.9561346669,1,0.07619047619,leather
0.9570611083,1,0.07142857143,leather
0.9579679832,1,0.07142857143,leather
0.9588557048,1,0.07142857143,leather
0.9597246776,1,0.06666666667,leather
0.9605752976,1,0.06666666667,leather
0.9614079523,1,0.0619047619,leather
0.9622230213,1,0.0619047619,leather
0.9630208759,1,0.0619047619,leather
0.9638018798,1,0.0619047619,leather
0.9645663887,1,0.0619047619,leather
0.9653147511,1,0.0619047619,leather
0.966047308,1,0.0619047619,leather
0.9667643932,1,0.0619047619,leather
0.9674663335,1,0.05714285714,leather
0.9681534487,1,0.05714285714,leather
0.9688260519,1,0.05238095238,leather
0.9694844497,1,0.05238095238,leather
0.970128942,1,0.05238095238,leather
0.9707598226,1,0.05238095238,leather
0.9713773789,1,0.05238095238,leather
0.9719818923,1,0.05238095238,leather
0.9725736384,1,0.05238095238,leather
0.9731528866,1,0.05238095238,leather
0.9737199011,1,0.05238095238,leather
0.9742749402,1,0.05238095238,leather
0.9748182567,1,0.05238095238,leather
0.9753500984,1,0.05238095238,leather
0.9758707074,1,0.04761904762,leather
0.9763803212,1,0.04761904762,leather
0.9768791718,1,0.04761904762,leather
0.9773674867,1,0.04761904762,leather
0.9778454883,1,0.04761904762,leather
0.9783133944,1,0.04285714286,leather
0.9787714183,1,0.04285714286,leather
0.9792197686,1,0.04285714286,leather
0.9796586498,1,0.04285714286,leather
0.9800882617,1,0.04285714286,leather
0.9805088002,1,0.0380952381,leather
0.9809204568,1,0.0380952381,leather
0.9813234192,1,0.0380952381,leather
0.981717871,1,0.0380952381,leather
0.9821039919,1,0.0380952381,leather
0.9824819579,1,0.0380952381,leather
0.9828519412,1,0.0380952381,leather
0.9832141104,1,0.0380952381,leather
0.9835686305,1,0.0380952381,leather
0.9839156631,1,0.0380952381,leather
0.9842553664,1,0.0380952381,leather
0.9845878951,1,0.03333333333,leather
0.9849134007,1,0.03333333333,leather
0.9852320316,1,0.03333333333,leather
0.985543933,1,0.03333333333,leather
0.985849247,1,0.03333333333,leather
0.9861481127,1,0.03333333333,leather
0.9864406663,1,0.03333333333,leather
0.9867270412,1,0.03333333333,leather
0.9870073678,1,0.03333333333,leather
0.9872817738,1,0.02857142857,leather
0.9875503844,1,0.02857142857,leather
0.9878133219,1,0.02857142857,leather
0.9880707061,1,0.02857142857,leather
0.9883226543,1,0.02857142857,leather
0.9885692813,1,0.02857142857,leather
0.9888106996,1,0.02857142857,leather
0.989047019,1,0.02857142857,leather
0.9892783474,1,0.02857142857,leather
0.9895047901,1,0.02857142857,leather
0.9897264502,1,0.02857142857,leather
0.9899434289,1,0.02857142857,leather
0.990155825,1,0.02857142857,leather
0.9903637352,1,0.02857142857,leather
0.9905672544,1,0.02857142857,leather
0.9907664752,1,0.02857142857,leather
0.9909614884,1,0.02857142857,leather
0.9911523829,1,0.02857142857,leather
0.9913392457,1,0.02857142857,leather
0.991522162,1,0.02857142857,leather
0.991701215,1,0.02857142857,leather
0.9918764864,1,0.02857142857,leather
0.992048056,1,0.02857142857,leather
0.9922160021,1,0.02857142857,leather
0.9923804012,1,0.02857142857,leather
0.9925413281,1,0.02857142857,leather
0.9926988562,1,0.02857142857,leather
0.9928530573,1,0.02857142857,leather
0.9930040016,1,0.02857142857,leather
0.993151758,1,0.02857142857,leather
0.9932963937,1,0.02857142857,leather
0.9934379748,1,0.02857142857,leather
0.9935765656,1,0.02857142857,leather
0.9937122293,1,0.02857142857,leather
0.9938450278,1,0.02857142857,leather
0.9939750216,1,0.02857142857,leather
0.99410227,1,0.02857142857,leather
0.9942268308,1,0.02857142857,leather
0.9943487608,1,0.02857142857,leather
0.9944681157,1,0.02857142857,leather
0.9945849498,1,0.02857142857,leather
0.9946993164,1,0.02857142857,leather
0.9948112675,1,0.02857142857,leather
0.9949208542,1,0.02857142857,leather
0.9950281264,1,0.02857142857,leather
0.995133133,1,0.02857142857,leather
0.9952359219,1,0.02857142857,leather
0.9953365398,1,0.02857142857,leather
0.9954350327,1,0.02857142857,leather
0.9955314454,1,0.02857142857,leather
0.9956258218,1,0.02857142857,leather
0.995718205,1,0.02857142857,leather
0.9958086371,1,0.02857142857,leather
0.9958971592,1,0.02857142857,leather
0.9959838117,1,0.02857142857,leather
0.9960686342,1,0.02857142857,leather
0.9961516651,1,0.02857142857,leather
0.9962329424,1,0.02857142857,leather
0.9963125032,1,0.02857142857,leather
0.9963903836,1,0.02857142857,leather
0.9964666191,1,0.02857142857,leather
0.9965412446,1,0.02857142857,leather
0.9966142939,1,0.02857142857,leather
0.9966858005,1,0.02857142857,leather
0.9967557968,1,0.02857142857,leather
0.9968243148,1,0.02857142857,leather
0.9968913857,1,0.02857142857,leather
0.99695704,1,0.02857142857,leather
0.9970213077,1,0.02857142857,leather
0.9970842181,1,0.02857142857,leather
0.9971457998,1,0.02857142857,leather
0.9972060808,1,0.02857142857,leather
0.9972650888,1,0.02857142857,leather
0.9973228504,1,0.02857142857,leather
0.9973793922,1,0.02857142857,leather
0.9974347398,1,0.02857142857,leather
0.9974889184,1,0.02857142857,leather
0.9975419527,1,0.02857142857,leather
0.997593867,1,0.02857142857,leather
0.9976446849,1,0.02857142857,leather
0.9976944294,1,0.02857142857,leather
0.9977431234,1,0.02857142857,leather
0.9977907889,1,0.02857142857,leather
0.9978374477,1,0.02857142857,leather
0.9978831211,1,0.02857142857,leather
0.9979278298,1,0.02857142857,leather
0.9979715943,1,0.02857142857,leather
0.9980144345,1,0.02857142857,leather
0.9980563699,1,0.02857142857,leather
0.9980974196,1,0.02857142857,leather
0.9981376024,1,0.02857142857,leather
0.9981769365,1,0.02857142857,leather
0.9982154398,1,0.02857142857,leather
0.9982531299,1,0.02857142857,leather
0.9982900241,1,0.02857142857,leather
0.998326139,1,0.02857142857,leather
0.9983614911,1,0.02857142857,leather
0.9983960966,1,0.02857142857,leather
0.9984299713,1,0.02857142857,leather
0.9984631305,1,0.02857142857,leather
0.9984955894,1,0.02857142857,leather
0.9985273627,1,0.02857142857,leather
0.998558465,1,0.02857142857,leather
0.9985889104,1,0.02857142857,leather
0.9986187128,1,0.02857142857,leather
0.9986478858,1,0.02857142857,leather
0.9986764426,1,0.02857142857,leather
0.9987043963,1,0.02857142857,leather
0.9987317596,1,0.02857142857,leather
0.998758545,1,0.02857142857,leather
0.9987847647,1,0.02857142857,leather
0.9988104306,1,0.02857142857,leather
0.9988355545,1,0.02857142857,leather
0.9988601477,1,0.02857142857,leather
0.9988842215,1,0.02857142857,leather
0.9989077869,1,0.02857142857,leather
0.9989308546,1,0.02857142857,leather
0.9989534351,1,0.02857142857,leather
0.9989755387,1,0.02857142857,leather
0.9989971754,1,0.02857142857,leather
0.9990183552,1,0.02857142857,leather
0.9990390877,1,0.02857142857,leather
0.9990593823,1,0.02857142857,leather
0.9990792482,1,0.02857142857,leather
0.9990986946,1,0.02857142857,leather
0.9991177303,1,0.02857142857,leather
0.999136364,1,0.02857142857,leather
0.9991546041,1,0.02857142857,leather
0.9991724589,1,0.02857142857,leather
0.9991899367,1,0.02857142857,leather
0.9992070454,1,0.02857142857,leather
0.9992237927,1,0.02857142857,leather
0.9992401863,1,0.02857142857,leather
0.9992562336,1,0.02857142857,leather
0.9992719421,1,0.02857142857,leather
0.9992873187,1,0.02857142857,leather
0.9993023707,1,0.02857142857,leather
0.9993171047,1,0.02857142857,leather
0.9993315275,1,0.02857142857,leather
0.9993456457,1,0.02857142857,leather
0.9993594658,1,0.02857142857,leather
0.999372994,1,0.02857142857,leather
0.9993862364,1,0.02857142857,leather
0.9993991992,1,0.02857142857,leather
0.9994118882,1,0.02857142857,leather
0.9994243092,1,0.02857142857,leather
0.9994364678,1,0.02857142857,leather
0.9994483697,1,0.02857142857,leather
0.9994600202,1,0.02857142857,leather
0.9994714246,1,0.02857142857,leather
0.9994825882,1,0.02857142857,leather
0.999493516,1,0.02857142857,leather
0.999504213,1,0.02857142857,leather
0.9995146841,1,0.02857142857,leather
0.999524934,1,0.02857142857,leather
0.9995349675,1,0.02857142857,leather
0.999544789,1,0.02857142857,leather
0.9995544032,1,0.02857142857,leather
0.9995638142,1,0.02857142857,leather
0.9995730265,1,0.02857142857,leather
0.9995820443,1,0.02857142857,leather
0.9995908715,1,0.02857142857,leather
0.9995995124,1,0.02857142857,leather
0.9996079707,1,0.02857142857,leather
0.9996162504,1,0.02857142857,leather
0.9996243553,1,0.02857142857,leather
0.9996322889,1,0.02857142857,leather
0.999640055,1,0.02857142857,leather
0.9996476571,1,0.02857142857,leather
0.9996550987,1,0.02857142857,leather
0.999662383,1,0.02857142857,leather
0.9996695135,1,0.02857142857,leather
0.9996764934,1,0.02857142857,leather
0.9996833259,1,0.02857142857,leather
0.9996900141,1,0.02857142857,leather
0.9996965611,1,0.02857142857,leather
0.9997029698,1,0.02857142857,leather
0.9997092431,1,0.02857142857,leather
0.9997153839,1,0.02857142857,leather
0.999721395,1,0.02857142857,leather
0.9997272792,1,0.02857142857,leather
0.9997330391,1,0.02857142857,leather
0.9997386773,1,0.02857142857,leather
0.9997441965,1,0.02857142857,leather
0.9997495991,1,0.02857142857,leather
0.9997548876,1,0.02857142857,leather
0.9997600644,1,0.02857142857,leather
0.9997651319,1,0.02857142857,leather
0.9997700923,1,0.02857142857,leather
0.999774948,1,0.02857142857,leather
0.9997797011,1,0.02857142857,leather
0.9997843539,1,0.02857142857,leather
0.9997889084,1,0.02857142857,leather
0.9997933666,1,0.02857142857,leather
0.9997977308,1,0.02857142857,leather
0.9998020027,1,0.02857142857,leather
0.9998061844,1,0.02857142857,leather
0.9998102778,1,0.02857142857,leather
0.9998142848,1,0.02857142857,leather
0.9998182071,1,0.02857142857,leather
0.9998220466,1,0.02857142857,leather
0.999825805,1,0.02857142857,leather
0.999829484,1,0.02857142857,leather
0.9998330854,1,0.02857142857,leather
0.9998366106,1,0.02857142857,leather
0.9998400614,1,0.02857142857,leather
0.9998434393,1,0.02857142857,leather
0.9998467459,1,0.02857142857,leather
0.9998499827,1,0.02857142857,leather
0.9998531511,1,0.02857142857,leather
0.9998562525,1,0.02857142857,leather
0.9998592885,1,0.02857142857,leather
0.9998622603,1,0.02857142857,leather
0.9998651694,1,0.02857142857,leather
0.9998680171,1,0.02857142857,leather
0.9998708046,1,0.02857142857,leather
0.9998735332,1,0.02857142857,leather
0.9998762042,1,0.02857142857,leather
0.9998788188,1,0.02857142857,leather
0.9998813781,1,0.02857142857,leather
0.9998838834,1,0.02857142857,leather
0.9998863358,1,0.02857142857,leather
0.9998887364,1,0.02857142857,leather
0.9998910863,1,0.02857142857,leather
0.9998933866,1,0.02857142857,leather
0.9998956383,1,0.02857142857,leather
0.9998978424,1,0.02857142857,leather
0.9999,1,0.02857142857,leather
0.5,0.9892473118,0.5202020202,metal_nut
0.510560064,0.9892473118,0.5151515152,metal_nut
0.5208970982,0.9892473118,0.4797979798,metal_nut
0.5310158128,0.9892473118,0.4646464646,metal_nut
0.5409208189,0.9892473118,0.4545454545,metal_nut
0.55061663,0.9892473118,0.4494949495,metal_nut
0.5601076643,0.9892473118,0.4494949495,metal_nut
0.5693982468,0.9892473118,0.4494949495,metal_nut
0.578492611,0.9892473118,0.4494949495,metal_nut
0.587394901,0.9892473118,0.4444444444,metal_nut
0.5961091735,0.9892473118,0.4343434343,metal_nut
0.6046393995,0.9892473118,0.4292929293,metal_nut
0.612989466,0.9892473118,0.4292929293,metal_nut
0.6211631781,0.9892473118,0.4292929293,metal_nut
0.6291642603,0.9892473118,0.4242424242,metal_nut
0.6369963586,0.9892473118,0.4141414141,metal_nut
0.644663042,0.9892473118,0.398989899,metal_nut
0.652167804,0.9892473118,0.3737373737,metal_nut
0.6595140646,0.9892473118,0.3585858586,metal_nut
0.6667051711,0.9892473118,0.3535353535,metal_nut
0.6737444006,0.9892473118,0.3535353535,metal_nut
0.6806349606,0.9892473118,0.3434343434,metal_nut
0.6873799912,0.9892473118,0.3282828283,metal_nut
0.6939825658,0.9892473118,0.3282828283,metal_nut
0.7004456932,0.9892473118,0.3282828283,metal_nut
0.7067723185,0.9892473118,0.3232323232,metal_nut
0.7129653247,0.9892473118,0.3232323232,metal_nut
0.7190275338,0.9892473118,0.3080808081,metal_nut
0.7249617083,0.9892473118,0.303030303,metal_nut
0.7307705522,0.9892473118,0.2878787879,metal_nut
0.7364567126,0.9892473118,0.2878787879,metal_nut
0.7420227806,0.9892473118,0.2828282828,metal_nut
0.7474712925,0.9892473118,0.2777777778,metal_nut
0.7528047312,0.9892473118,0.2777777778,metal_nut
0.7580255269,0.9892473118,0.2777777778,metal_nut
0.7631360588,0.9892473118,0.2777777778,metal_nut
0.7681386555,0.9892473118,0.2676767677,metal_nut
0.7730355968,0.9892473118,0.2626262626,metal_nut
0.7778291141,0.9892473118,0.2575757576,metal_nut
0.7825213917,0.9892473118,0.2474747475,metal_nut
0.7871145677,0.9892473118,0.2373737374,metal_nut
0.7916107353,0.9892473118,0.2272727273,metal_nut
0.7960119433,0.9892473118,0.2222222222,metal_nut
0.8003201972,0.9892473118,0.1919191919,metal_nut
0.8045374602,0.9892473118,0.1666666667,metal_nut
0.808665654,0.9892473118,0.1616161616,metal_nut
0.8127066599,0.9892473118,0.1565656566,metal_nut
0.8166623193,0.9892473118,0.1464646465,metal_nut
0.8205344346,0.9892473118,0.1464646465,metal_nut
0.8243247703,0.9892473118,0.1464646465,metal_nut
0.8280350536,0.9892473118,0.1464646465,metal_nut
0.8316669753,0.9892473118,0.1464646465,metal_nut
0.8352221904,0.9892473118,0.1464646465,metal_nut
0.8387023188,0.9892473118,0.1464646465,metal_nut
0.8421089465,0.9892473118,0.1414141414,metal_nut
0.8454436258,0.9892473118,0.1414141414,metal_nut
0.8487078762,0.9892473118,0.1414141414,metal_nut
0.8519031852,0.9892473118,0.1414141414,metal_nut
0.8550310089,0.9892473118,0.1414141414,metal_nut
0.8580927726,0.9892473118,0.1363636364,metal_nut
0.8610898714,0.9892473118,0.1363636364,metal_nut
0.8640236711,0.9892473118,0.1313131313,metal_nut
0.8668955086,0.9892473118,0.1262626263,metal_nut
0.8697066925,0.9892473118,0.1262626263,metal_nut
0.8724585038,0.9892473118,0.1262626263,metal_nut
0.8751521965,0.9892473118,0.1262626263,metal_nut
0.8777889981,0.9892473118,0.1262626263,metal_nut
0.8803701101,0.9892473118,0.1262626263,metal_nut
0.8828967087,0.9892473118,0.1262626263,metal_nut
0.8853699453,0.9892473118,0.1212121212,metal_nut
0.8877909467,0.9892473118,0.1161616162,metal_nut
0.8901608163,0.9892473118,0.1161616162,metal_nut
0.8924806339,0.9892473118,0.1060606061,metal_nut
0.8947514567,0.9892473118,0.101010101,metal_nut
0.8969743194,0.9892473118,0.101010101,metal_nut
0.899150235,0.9892473118,0.101010101,metal_nut
0.9012801949,0.9892473118,0.101010101,metal_nut
0.9033651698,0.9892473118,0.101010101,metal_nut
0.9054061098,0.9892473118,0.101010101,metal_nut
0.9074039449,0.9892473118,0.09595959596,metal_nut
0.9093595854,0.9892473118,0.09595959596,metal_nut
0.9112739226,0.9892473118,0.09595959596,metal_nut
0.9131478287,0.9892473118,0.09595959596,metal_nut
0.9149821577,0.9892473118,0.09595959596,metal_nut
0.9167777454,0.9892473118,0.09595959596,metal_nut
0.9185354101,0.9892473118,0.09595959596,metal_nut
0.9202559527,0.9892473118,0.09090909091,metal_nut
0.9219401572,0.9892473118,0.09090909091,metal_nut
0.923588791,0.9892473118,0.09090909091,metal_nut
0.9252026056,0.9892473118,0.09090909091,metal_nut
0.9267823361,0.9856630824,0.09090909091,metal_nut
0.9283287025,0.9856630824,0.09090909091,metal_nut
0.9298424095,0.9856630824,0.09090909091,metal_nut
0.9313241468,0.9856630824,0.09090909091,metal_nut
0.9327745896,0.9856630824,0.08585858586,metal_nut
0.9341943989,0.9856630824,0.08585858586,metal_nut
0.9355842216,0.9856630824,0.07575757576,metal_nut
0.9369446911,0.9856630824,0.07575757576,metal_nut
0.9382764273,0.9856630824,0.07575757576,metal_nut
0.9395800371,0.9856630824,0.06565656566,metal_nut
0.9408561144,0.9856630824,0.06565656566,metal_nut
0.9421052409,0.9856630824,0.06060606061,metal_nut
0.9433279856,0.9856630824,0.06060606061,metal_nut
0.9445249058,0.9856630824,0.05555555556,metal_nut
0.9456965469,0.9856630824,0.05555555556,metal_nut
0.9468434428,0.9856630824,0.05555555556,metal_nut
0.9479661161,0.9856630824,0.05555555556,metal_nut
0.9490650784,0.9856630824,0.05555555556,metal_nut
0.9501408304,0.9856630824,0.05050505051,metal_nut
0.9511938625,0.9856630824,0.04545454545,metal_nut
0.9522246544,0.982078853,0.04545454545,metal_nut
0.9532336758,0.982078853,0.04545454545,metal_nut
0.9542213865,0.982078853,0.04545454545,metal_nut
0.9551882367,0.982078853,0.04545454545,metal_nut
0.9561346669,0.982078853,0.04545454545,metal_nut
0.9570611083,0.982078853,0.04545454545,metal_nut
0.9579679832,0.982078853,0.03535353535,metal_nut
0.9588557048,0.982078853,0.03535353535,metal_nut
0.9597246776,0.9784946237,0.03535353535,metal_nut
0.9605752976,0.9784946237,0.03535353535,metal_nut
0.9614079523,0.9784946237,0.0303030303,metal_nut
0.9622230213,0.9784946237,0.02525252525,metal_nut
0.9630208759,0.9784946237,0.02525252525,metal_nut
0.9638018798,0.9784946237,0.02525252525,metal_nut
0.9645663887,0.9784946237,0.02525252525,metal_nut
0.9653147511,0.9784946237,0.02525252525,metal_nut
0.966047308,0.9784946237,0.02525252525,metal_nut
0.9667643932,0.9784946237,0.02525252525,metal_nut
0.9674663335,0.9784946237,0.02525252525,metal_nut
0.9681534487,0.9784946237,0.02525252525,metal_nut
0.9688260519,0.9784946237,0.02525252525,metal_nut
0.9694844497,0.9749103943,0.02525252525,metal_nut
0.970128942,0.9749103943,0.02525252525,metal_nut
0.9707598226,0.9713261649,0.02525252525,metal_nut
0.9713773789,0.9713261649,0.02525252525,metal_nut
0.9719818923,0.9677419355,0.02525252525,metal_nut
0.9725736384,0.9677419355,0.02525252525,metal_nut
0.9731528866,0.9677419355,0.02525252525,metal_nut
0.9737199011,0.9677419355,0.02525252525,metal_nut
0.9742749402,0.9677419355,0.02525252525,metal_nut
0.9748182567,0.9677419355,0.02525252525,metal_nut
0.9753500984,0.9677419355,0.02525252525,metal_nut
0.9758707074,0.9677419355,0.0202020202,metal_nut
0.9763803212,0.9677419355,0.0202020202,metal_nut
0.9768791718,0.9677419355,0.0202020202,metal_nut
0.9773674867,0.9677419355,0.0202020202,metal_nut
0.9778454883,0.9677419355,0.0202020202,metal_nut
0.9783133944,0.9677419355,0.0202020202,metal_nut
0.9787714183,0.9677419355,0.0202020202,metal_nut
0.9792197686,0.9677419355,0.0202020202,metal_nut
0.9796586498,0.9641577061,0.0202020202,metal_nut
0.9800882617,0.9641577061,0.0202020202,metal_nut
0.9805088002,0.9641577061,0.0202020202,metal_nut
0.9809204568,0.9641577061,0.0202020202,metal_nut
0.9813234192,0.9641577061,0.0202020202,metal_nut
0.981717871,0.9641577061,0.0202020202,metal_nut
0.9821039919,0.9641577061,0.0202020202,metal_nut
0.9824819579,0.9641577061,0.0202020202,metal_nut
0.9828519412,0.9641577061,0.0202020202,metal_nut
0.9832141104,0.9641577061,0.01515151515,metal_nut
0.9835686305,0.9641577061,0.01515151515,metal_nut
0.9839156631,0.9641577061,0.01515151515,metal_nut
0.9842553664,0.9641577061,0.01515151515,metal_nut
0.9845878951,0.9641577061,0.01515151515,metal_nut
0.9849134007,0.9641577061,0.01515151515,metal_nut
0.9852320316,0.9641577061,0.01515151515,metal_nut
0.985543933,0.9641577061,0.01515151515,metal_nut
0.985849247,0.9641577061,0.01515151515,metal_nut
0.9861481127,0.9641577061,0.01515151515,metal_nut
0.9864406663,0.9641577061,0.01515151515,metal_nut
0.9867270412,0.9641577061,0.01515151515,metal_nut
0.9870073678,0.9641577061,0.01515151515,metal_nut
0.9872817738,0.9641577061,0.01515151515,metal_nut
0.9875503844,0.9641577061,0.0101010101,metal_nut
0.9878133219,0.9641577061,0.0101010101,metal_nut
0.9880707061,0.9641577061,0.0101010101,metal_nut
0.9883226543,0.9641577061,0.0101010101,metal_nut
0.9885692813,0.9641577061,0.0101010101,metal_nut
0.9888106996,0.9641577061,0.0101010101,metal_nut
0.989047019,0.9641577061,0.0101010101,metal_nut
0.9892783474,0.9641577061,0.0101010101,metal_nut
0.9895047901,0.9641577061,0.0101010101,metal_nut
0.9897264502,0.9641577061,0.0101010101,metal_nut
0.9899434289,0.9641577061,0.0101010101,metal_nut
0.990155825,0.9641577061,0.0101010101,metal_nut
0.9903637352,0.9641577061,0.0101010101,metal_nut
0.9905672544,0.9641577061,0.0101010101,metal_nut
0.9907664752,0.9641577061,0.0101010101,metal_nut
0.9909614884,0.9641577061,0.0101010101,metal_nut
0.9911523829,0.9605734767,0.0101010101,metal_nut
0.9913392457,0.9605734767,0.0101010101,metal_nut
0.991522162,0.9605734767,0.0101010101,metal_nut
0.991701215,0.9605734767,0.0101010101,metal_nut
0.9918764864,0.9605734767,0.0101010101,metal_nut
0.992048056,0.9605734767,0.0101010101,metal_nut
0.9922160021,0.9605734767,0.0101010101,metal_nut
0.9923804012,0.9569892473,0.0101010101,metal_nut
0.9925413281,0.9569892473,0.0101010101,metal_nut
0.9926988562,0.9569892473,0.0101010101,metal_nut
0.9928530573,0.9569892473,0.0101010101,metal_nut
0.9930040016,0.9569892473,0.0101010101,metal_nut
0.993151758,0.9569892473,0.0101010101,metal_nut
0.9932963937,0.9534050179,0.0101010101,metal_nut
0.9934379748,0.9534050179,0.0101010101,metal_nut
0.9935765656,0.9534050179,0.0101010101,metal_nut
0.9937122293,0.9534050179,0.0101010101,metal_nut
0.9938450278,0.9534050179,0.0101010101,metal_nut
0.9939750216,0.9534050179,0.0101010101,metal_nut
0.99410227,0.9534050179,0.0101010101,metal_nut
0.9942268308,0.9534050179,0.0101010101,metal_nut
0.9943487608,0.9534050179,0.0101010101,metal_nut
0.9944681157,0.9534050179,0.0101010101,metal_nut
0.9945849498,0.9534050179,0.0101010101,metal_nut
0.9946993164,0.9534050179,0.0101010101,metal_nut
0.9948112675,0.9534050179,0.0101010101,metal_nut
0.9949208542,0.9534050179,0.0101010101,metal_nut
0.9950281264,0.9534050179,0.0101010101,metal_nut
0.995133133,0.9534050179,0.0101010101,metal_nut
0.9952359219,0.9534050179,0.0101010101,metal_nut
0.9953365398,0.9534050179,0.0101010101,metal_nut
0.9954350327,0.9534050179,0.0101010101,metal_nut
0.9955314454,0.9534050179,0.0101010101,metal_nut
0.9956258218,0.9534050179,0.0101010101,metal_nut
0.995718205,0.9534050179,0.0101010101,metal_nut
0.9958086371,0.9534050179,0.0101010101,metal_nut
0.9958971592,0.9534050179,0.0101010101,metal_nut
0.9959838117,0.9534050179,0.0101010101,metal_nut
0.9960686342,0.9534050179,0.0101010101,metal_nut
0.9961516651,0.9534050179,0.0101010101,metal_nut
0.9962329424,0.9534050179,0.0101010101,metal_nut
0.9963125032,0.9534050179,0.0101010101,metal_nut
0.9963903836,0.9498207885,0.0101010101,metal_nut
0.9964666191,0.9498207885,0.0101010101,metal_nut
0.9965412446,0.9498207885,0.0101010101,metal_nut
0.9966142939,0.9498207885,0.0101010101,metal_nut
0.9966858005,0.9462365591,0.0101010101,metal_nut
0.9967557968,0.9462365591,0.0101010101,metal_nut
0.9968243148,0.9462365591,0.0101010101,metal_nut
0.9968913857,0.9462365591,0.0101010101,metal_nut
0.99695704,0.9462365591,0.0101010101,metal_nut
0.9970213077,0.9462365591,0.0101010101,metal_nut
0.9970842181,0.9462365591,0.0101010101,metal_nut
0.9971457998,0.9462365591,0.0101010101,metal_nut
0.9972060808,0.9462365591,0.0101010101,metal_nut
0.9972650888,0.9462365591,0.0101010101,metal_nut
0.9973228504,0.9462365591,0.0101010101,metal_nut
0.9973793922,0.9462365591,0.0101010101,metal_nut
0.9974347398,0.9462365591,0.0101010101,metal_nut
0.9974889184,0.9462365591,0.0101010101,metal_nut
0.9975419527,0.9462365591,0.0101010101,metal_nut
0.997593867,0.9462365591,0.0101010101,metal_nut
0.9976446849,0.9462365591,0.0101010101,metal_nut
0.9976944294,0.9462365591,0.0101010101,metal_nut
0.9977431234,0.9462365591,0.0101010101,metal_nut
0.9977907889,0.9462365591,0.0101010101,metal_nut
0.9978374477,0.9462365591,0.0101010101,metal_nut
0.9978831211,0.9462365591,0.0101010101,metal_nut
0.9979278298,0.9462365591,0.0101010101,metal_nut
0.9979715943,0.9462365591,0.0101010101,metal_nut
0.9980144345,0.9462365591,0.0101010101,metal_nut
0.9980563699,0.9462365591,0.0101010101,metal_nut
0.9980974196,0.9462365591,0.0101010101,metal_nut
0.9981376024,0.9462365591,0.0101010101,metal_nut
0.9981769365,0.9462365591,0.0101010101,metal_nut
0.9982154398,0.9462365591,0.0101010101,metal_nut
0.9982531299,0.9462365591,0.0101010101,metal_nut
0.9982900241,0.9462365591,0.0101010101,metal_nut
0.998326139,0.9462365591,0.0101010101,metal_nut
0.9983614911,0.9462365591,0.0101010101,metal_nut
0.9983960966,0.9462365591,0.0101010101,metal_nut
0.9984299713,0.9462365591,0.0101010101,metal_nut
0.9984631305,0.9462365591,0.0101010101,metal_nut
0.9984955894,0.9462365591,0.0101010101,metal_nut
0.9985273627,0.9462365591,0.0101010101,metal_nut
0.998558465,0.9462365591,0.0101010101,metal_nut
0.9985889104,0.9462365591,0.0101010101,metal_nut
0.9986187128,0.9426523297,0.0101010101,metal_nut
0.9986478858,0.9426523297,0.0101010101,metal_nut
0.9986764426,0.9426523297,0.0101010101,metal_nut
0.9987043963,0.9426523297,0.0101010101,metal_nut
0.9987317596,0.9426523297,0.0101010101,metal_nut
0.998758545,0.9426523297,0.0101010101,metal_nut
0.9987847647,0.9426523297,0.0101010101,metal_nut
0.9988104306,0.9426523297,0.0101010101,metal_nut
0.9988355545,0.9426523297,0.005050505051,metal_nut
0.9988601477,0.9426523297,0.005050505051,metal_nut
0.9988842215,0.9426523297,0.005050505051,metal_nut
0.9989077869,0.9426523297,0.005050505051,metal_nut
0.9989308546,0.9426523297,0.005050505051,metal_nut
0.9989534351,0.9426523297,0.005050505051,metal_nut
0.9989755387,0.9426523297,0.005050505051,metal_nut
0.9989971754,0.9426523297,0.005050505051,metal_nut
0.9990183552,0.9426523297,0.005050505051,metal_nut
0.9990390877,0.9426523297,0.005050505051,metal_nut
0.9990593823,0.9426523297,0.005050505051,metal_nut
0.9990792482,0.9426523297,0.005050505051,metal_nut
0.9990986946,0.9426523297,0.005050505051,metal_nut
0.9991177303,0.9426523297,0.005050505051,metal_nut
0.999136364,0.9426523297,0.005050505051,metal_nut
0.9991546041,0.9426523297,0.005050505051,metal_nut
0.9991724589,0.9426523297,0.005050505051,metal_nut
0.9991899367,0.9426523297,0.005050505051,metal_nut
0.9992070454,0.9426523297,0.005050505051,metal_nut
0.9992237927,0.9426523297,0.005050505051,metal_nut
0.9992401863,0.9426523297,0.005050505051,metal_nut
0.9992562336,0.9426523297,0.005050505051,metal_nut
0.9992719421,0.9426523297,0.005050505051,metal_nut
0.9992873187,0.9426523297,0.005050505051,metal_nut
0.9993023707,0.9426523297,0.005050505051,metal_nut
0.9993171047,0.9426523297,0.005050505051,metal_nut
0.9993315275,0.9426523297,0.005050505051,metal_nut
0.9993456457,0.9426523297,0.005050505051,metal_nut
0.9993594658,0.9426523297,0.005050505051,metal_nut
0.999372994,0.9426523297,0.005050505051,metal_nut
0.9993862364,0.9426523297,0.005050505051,metal_nut
0.9993991992,0.9426523297,0.005050505051,metal_nut
0.9994118882,0.9426523297,0.005050505051,metal_nut
0.9994243092,0.9426523297,0.005050505051,metal_nut
0.9994364678,0.9426523297,0.005050505051,metal_nut
0.9994483697,0.9426523297,0.005050505051,metal_nut
0.9994600202,0.9426523297,0.005050505051,metal_nut
0.9994714246,0.9426523297,0.005050505051,metal_nut
0.9994825882,0.9426523297,0.005050505051,metal_nut
0.999493516,0.9426523297,0.005050505051,metal_nut
0.999504213,0.9426523297,0.005050505051,metal_nut
0.9995146841,0.9426523297,0.005050505051,metal_nut
0.999524934,0.9426523297,0.005050505051,metal_nut
0.9995349675,0.9426523297,0.005050505051,metal_nut
0.999544789,0.9426523297,0.005050505051,metal_nut
0.9995544032,0.9426523297,0.005050505051,metal_nut
0.9995638142,0.9426523297,0.005050505051,metal_nut
0.9995730265,0.9426523297,0.005050505051,metal_nut
0.9995820443,0.9426523297,0.005050505051,metal_nut
0.9995908715,0.9426523297,0.005050505051,metal_nut
0.9995995124,0.9426523297,0.005050505051,metal_nut
0.9996079707,0.9426523297,0.005050505051,metal_nut
0.9996162504,0.9426523297,0.005050505051,metal_nut
0.9996243553,0.9426523297,0.005050505051,metal_nut
0.9996322889,0.9426523297,0.005050505051,metal_nut
0.999640055,0.9426523297,0.005050505051,metal_nut
0.9996476571,0.9426523297,0.005050505051,metal_nut
0.9996550987,0.9426523297,0.005050505051,metal_nut
0.999662383,0.9426523297,0.005050505051,metal_nut
0.9996695135,0.9426523297,0.005050505051,metal_nut
0.9996764934,0.9426523297,0.005050505051,metal_nut
0.9996833259,0.9426523297,0.005050505051,metal_nut
0.9996900141,0.9426523297,0.005050505051,metal_nut
0.9996965611,0.9426523297,0.005050505051,metal_nut
0.9997029698,0.9426523297,0.005050505051,metal_nut
0.9997092431,0.9426523297,0.005050505051,metal_nut
0.9997153839,0.9426523297,0.005050505051,metal_nut
0.999721395,0.9426523297,0.005050505051,metal_nut
0.9997272792,0.9426523297,0.005050505051,metal_nut
0.9997330391,0.9426523297,0.005050505051,metal_nut
0.9997386773,0.9426523297,0.005050505051,metal_nut
0.9997441965,0.9426523297,0.005050505051,metal_nut
0.9997495991,0.9426523297,0.005050505051,metal_nut
0.9997548876,0.9426523297,0.005050505051,metal_nut
0.9997600644,0.9426523297,0.005050505051,metal_nut
0.9997651319,0.9426523297,0.005050505051,metal_nut
0.9997700923,0.9426523297,0.005050505051,metal_nut
0.999774948,0.9426523297,0.005050505051,metal_nut
0.9997797011,0.9426523297,0.005050505051,metal_nut
0.9997843539,0.9426523297,0.005050505051,metal_nut
0.9997889084,0.9426523297,0.005050505051,metal_nut
0.9997933666,0.9426523297,0.005050505051,metal_nut
0.9997977308,0.9426523297,0.005050505051,metal_nut
0.9998020027,0.9426523297,0.005050505051,metal_nut
0.9998061844,0.9426523297,0.005050505051,metal_nut
0.9998102778,0.9426523297,0.005050505051,metal_nut
0.9998142848,0.9426523297,0.005050505051,metal_nut
0.9998182071,0.9426523297,0.005050505051,metal_nut
0.9998220466,0.9426523297,0.005050505051,metal_nut
0.999825805,0.9426523297,0.005050505051,metal_nut
0.999829484,0.9426523297,0.005050505051,metal_nut
0.9998330854,0.9426523297,0.005050505051,metal_nut
0.9998366106,0.9426523297,0.005050505051,metal_nut
0.9998400614,0.9426523297,0.005050505051,metal_nut
0.9998434393,0.9426523297,0.005050505051,metal_nut
0.9998467459,0.9426523297,0.005050505051,metal_nut
0.9998499827,0.9426523297,0.005050505051,metal_nut
0.9998531511,0.9426523297,0.005050505051,metal_nut
0.9998562525,0.9426523297,0.005050505051,metal_nut
0.9998592885,0.9426523297,0.005050505051,metal_nut
0.9998622603,0.9426523297,0.005050505051,metal_nut
0.9998651694,0.9426523297,0.005050505051,metal_nut
0.9998680171,0.9426523297,0.005050505051,metal_nut
0.9998708046,0.9426523297,0.005050505051,metal_nut
0.9998735332,0.9426523297,0.005050505051,metal_nut
0.9998762042,0.9426523297,0.005050505051,metal_nut
0.9998788188,0.9426523297,0.005050505051,metal_nut
0.9998813781,0.9426523297,0.005050505051,metal_nut
0.9998838834,0.9426523297,0.005050505051,metal_nut
0.9998863358,0.9426523297,0.005050505051,metal_nut
0.9998887364,0.9426523297,0.005050505051,metal_nut
0.9998910863,0.9426523297,0.005050505051,metal_nut
0.9998933866,0.9426523297,0.005050505051,metal_nut
0.9998956383,0.9426523297,0.005050505051,metal_nut
0.9998978424,0.9426523297,0.005050505051,metal_nut
0.9999,0.9426523297,0.005050505051,metal_nut
