stage,repeat,time_s,power_w
BASELINE_IDLE,0,0.001265487000637222,6.279
BASELINE_IDLE,0,0.052493172000140476,6.228
BASELINE_IDLE,0,0.10410089700053504,6.257
BASELINE_IDLE,0,0.15566618200045923,6.235
BASELINE_IDLE,0,0.2065621800002191,6.235
BASELINE_IDLE,0,0.2574740469999597,6.248
BASELINE_IDLE,0,0.309101921000547,6.265
BASELINE_IDLE,0,0.36038917699988815,6.288
BASELINE_IDLE,0,0.4112538460003634,6.288
BASELINE_IDLE,0,0.4622515970004315,6.206
BASELINE_IDLE,0,0.5134521580002911,6.193
BASELINE_IDLE,0,0.56452120799986,6.193
BASELINE_IDLE,0,0.6154169990004448,6.141
BASELINE_IDLE,0,0.6669387740003003,6.141
BASELINE_IDLE,0,0.7181298189998415,6.166
BASELINE_IDLE,0,0.7690718800004106,6.166
BASELINE_IDLE,0,0.8200582449999274,6.138
BASELINE_IDLE,0,0.8712611979999565,6.138
BASELINE_IDLE,0,0.9223015110001143,6.273
BASELINE_IDLE,0,0.9733178400001634,6.273
BASELINE_IDLE,0,1.024820808000186,6.134
BASELINE_IDLE,0,1.0763295209999342,6.155
BASELINE_IDLE,0,1.127513459000511,6.155
BASELINE_IDLE,0,1.1787594070001433,6.159
BASELINE_IDLE,0,1.2302566590005881,6.159
BASELINE_IDLE,0,1.2816272999998546,6.18
BASELINE_IDLE,0,1.3325920510005744,6.187
BASELINE_IDLE,0,1.3840351290000399,6.148
BASELINE_IDLE,0,1.4352670570006012,6.148
BASELINE_IDLE,0,1.486752761000389,6.153
BASELINE_IDLE,0,1.5384212890003255,6.206
BASELINE_IDLE,0,1.5896635810004227,6.14
BASELINE_IDLE,0,1.640879295000559,6.169
BASELINE_IDLE,0,1.6921063529998719,6.169
BASELINE_IDLE,0,1.7433760700005223,6.203
BASELINE_IDLE,0,1.794614322000598,6.203
BASELINE_IDLE,0,1.8460558240003593,6.226
BASELINE_IDLE,0,1.8976328240005387,6.226
BASELINE_IDLE,0,1.9486705890003577,6.225
BASELINE_IDLE,0,2.000128800999846,6.225
BASELINE_IDLE,0,2.0514125050003713,6.186
BASELINE_IDLE,0,2.1026446140003827,6.207
BASELINE_IDLE,0,2.1537290320002285,6.329
BASELINE_IDLE,0,2.2048778060006953,6.194
BASELINE_IDLE,0,2.2557946870001615,6.212
BASELINE_IDLE,0,2.3070636040001773,6.177
BASELINE_IDLE,0,2.3590430419999393,6.177
BASELINE_IDLE,0,2.4106451880006716,3.49
BASELINE_IDLE,0,2.469410243999846,3.49
BASELINE_IDLE,0,2.5212681789998896,3.682
BASELINE_IDLE,0,2.5728955310005404,3.615
BASELINE_IDLE,0,2.6241528130003644,3.615
BASELINE_IDLE,0,2.675417338999978,3.519
BASELINE_IDLE,0,2.727270564000719,3.519
BASELINE_IDLE,0,2.7788082440001745,3.543
BASELINE_IDLE,0,2.8303591210005834,3.483
BASELINE_IDLE,0,2.8817978090000906,3.839
BASELINE_IDLE,0,2.933474966000176,3.839
BASELINE_IDLE,0,2.9850237609998658,3.534
BASELINE_IDLE,0,3.0364260639998975,3.534
BASELINE_IDLE,0,3.088148579000517,3.408
BASELINE_IDLE,0,3.1396953630001008,3.508
BASELINE_IDLE,0,3.1910325250000824,3.508
BASELINE_IDLE,0,3.243002615000478,3.466
BASELINE_IDLE,0,3.2949333900005513,3.466
BASELINE_IDLE,0,3.3462251280006967,3.593
BASELINE_IDLE,0,3.397821541000667,3.593
BASELINE_IDLE,0,3.449616763999984,3.572
BASELINE_IDLE,0,3.501178233000246,3.572
BASELINE_IDLE,0,3.553324920000705,3.508
BASELINE_IDLE,0,3.605302054999811,3.672
BASELINE_IDLE,0,3.656919597000524,3.677
BASELINE_IDLE,0,3.7088578780003445,3.664
BASELINE_IDLE,0,3.7611789140000838,3.664
BASELINE_IDLE,0,3.8125571800001126,3.445
BASELINE_IDLE,0,3.864241652000601,3.445
BASELINE_IDLE,0,3.916270308000094,3.528
BASELINE_IDLE,0,3.968105906999881,3.528
BASELINE_IDLE,0,4.020342309000625,3.459
BASELINE_IDLE,0,4.0726050270004635,2.135
BASELINE_IDLE,0,4.124585515000035,2.135
BASELINE_IDLE,0,4.17598745900068,1.587
BASELINE_IDLE,0,4.228140277999955,1.587
BASELINE_IDLE,0,4.2796774520002145,1.613
BASELINE_IDLE,0,4.331545533999815,1.613
BASELINE_IDLE,0,4.383143325000674,1.577
BASELINE_IDLE,0,4.434616313000333,1.661
BASELINE_IDLE,0,4.4858724300001995,1.661
BASELINE_IDLE,0,4.537340212999879,1.607
BASELINE_IDLE,0,4.588832442000239,1.607
BASELINE_IDLE,0,4.640081718000147,1.641
BASELINE_IDLE,0,4.698142762999851,1.641
BASELINE_IDLE,0,4.749583970999993,1.681
BASELINE_IDLE,0,4.801207239000178,1.652
BASELINE_IDLE,0,4.852595279000525,1.652
BASELINE_IDLE,0,4.904000928000642,1.565
BASELINE_IDLE,0,4.955570744999932,1.692
BASELINE_IDLE,0,5.007110344000466,1.78
BASELINE_IDLE,0,5.059087042000101,1.78
BASELINE_IDLE,0,5.110478055000385,1.577
BASELINE_IDLE,0,5.162519291000535,1.88
BASELINE_IDLE,0,5.2135972430005495,1.88
BASELINE_IDLE,0,5.265546233999885,1.548
BASELINE_IDLE,0,5.317136165000193,1.548
BASELINE_IDLE,0,5.36904812100056,1.675
BASELINE_IDLE,0,5.421008287000404,1.675
BASELINE_IDLE,0,5.4724004600002445,2.553
BASELINE_IDLE,0,5.524754150000263,2.553
BASELINE_IDLE,0,5.576077477000581,1.699
BASELINE_IDLE,0,5.62752479700066,1.533
BASELINE_IDLE,0,5.679450866000479,1.533
BASELINE_IDLE,0,5.743788245999895,1.563
BASELINE_IDLE,0,5.795880307000516,1.563
BASELINE_IDLE,0,5.847287077000146,1.715
BASELINE_IDLE,0,5.898721352000393,1.674
BASELINE_IDLE,0,5.950678060000428,1.591
BASELINE_IDLE,0,6.002137077000043,1.709
BASELINE_IDLE,0,6.053902213000583,1.719
BASELINE_IDLE,0,6.105352760000642,1.707
BASELINE_IDLE,0,6.156628662000003,1.582
BASELINE_IDLE,0,6.209211962000154,1.712
BASELINE_IDLE,0,6.260805246000018,1.689
BASELINE_IDLE,0,6.312185492000026,1.836
BASELINE_IDLE,0,6.363423795000017,1.594
BASELINE_IDLE,0,6.4148505789999035,1.594
BASELINE_IDLE,0,6.466307276999942,2.036
BASELINE_IDLE,0,6.517628259000048,2.036
BASELINE_IDLE,0,6.569667518000642,2.857
BASELINE_IDLE,0,6.6210405350002475,2.857
BASELINE_IDLE,0,6.672290588000578,2.829
BASELINE_IDLE,0,6.723841118000564,1.652
BASELINE_IDLE,0,6.7754324180004915,1.652
BASELINE_IDLE,0,6.827050124999914,1.612
BASELINE_IDLE,0,6.878950750000513,1.725
BASELINE_IDLE,0,6.930406976000086,1.773
BASELINE_IDLE,0,6.9859285980001005,1.773
BASELINE_IDLE,0,7.037285258999873,1.582
BASELINE_IDLE,0,7.0889379070004,1.687
BASELINE_IDLE,0,7.140801668000677,1.687
BASELINE_IDLE,0,7.192197917000158,1.888
BASELINE_IDLE,0,7.242995597000117,1.888
BASELINE_IDLE,0,7.2936777800005075,2.309
BASELINE_IDLE,0,7.345818210999823,2.413
BASELINE_IDLE,0,7.397916724000424,2.313
BASELINE_IDLE,0,7.4522374240004865,2.264
BASELINE_IDLE,0,7.512215503999869,2.264
BASELINE_IDLE,0,7.564507302000493,2.484
BASELINE_IDLE,0,7.616328959000384,2.484
BASELINE_IDLE,0,7.670109155000318,2.246
BASELINE_IDLE,0,7.72073243900013,2.246
BASELINE_IDLE,0,7.771525754000322,2.974
BASELINE_IDLE,0,7.822909201000584,2.177
BASELINE_IDLE,0,7.873426019000362,2.177
BASELINE_IDLE,0,7.923810427000717,2.239
BASELINE_IDLE,0,7.974310596000578,2.239
BASELINE_IDLE,0,8.024857583000085,2.246
BASELINE_IDLE,0,8.075727926000582,2.246
BASELINE_IDLE,0,8.126454303000173,2.246
BASELINE_IDLE,0,8.177002895000442,2.246
BASELINE_IDLE,0,8.227753291000226,2.246
BASELINE_IDLE,0,8.278537681000671,2.246
BASELINE_IDLE,0,8.329031371000383,2.246
BASELINE_IDLE,0,8.379734608000035,2.246
BASELINE_IDLE,0,8.430438544000026,2.246
BASELINE_IDLE,0,8.48104543699992,2.246
BASELINE_IDLE,0,8.531829111000661,2.246
BASELINE_IDLE,0,8.582521565000206,2.246
BASELINE_IDLE,0,8.633190391000426,2.246
BASELINE_IDLE,0,8.687491687000147,2.246
BASELINE_IDLE,0,8.738188433000687,2.246
BASELINE_IDLE,0,8.788803667000138,2.246
BASELINE_IDLE,0,8.844301998000446,2.246
BASELINE_IDLE,0,8.895047095999871,2.246
BASELINE_IDLE,0,8.945794645000205,1.502
BASELINE_IDLE,0,8.997268985000119,1.502
BASELINE_IDLE,0,9.048844601999917,1.634
BASELINE_IDLE,0,9.100337517000298,1.634
BASELINE_IDLE,0,9.151515905999986,1.617
BASELINE_IDLE,0,9.20298688100047,1.577
BASELINE_IDLE,0,9.25429208300011,1.573
BASELINE_IDLE,0,9.305719261000377,1.666
BASELINE_IDLE,0,9.35712222500024,1.679
BASELINE_IDLE,0,9.408546317999935,1.644
BASELINE_IDLE,0,9.459745087000556,1.551
BASELINE_IDLE,0,9.511345756000082,1.677
BASELINE_IDLE,0,9.56267510700036,1.698
BASELINE_IDLE,0,9.61406033000003,1.698
BASELINE_IDLE,0,9.665287622000506,1.874
BASELINE_IDLE,0,9.716840036000576,1.874
BASELINE_IDLE,0,9.768124360000002,2.002
BASELINE_IDLE,0,9.819345457000054,2.002
BASELINE_IDLE,0,9.870521392000228,2.451
BASELINE_IDLE,0,9.922574739000083,2.451
BASELINE_IDLE,0,9.974263451999832,1.632
BASELINE_IDLE,0,10.02835247800067,1.485
BASELINE_IDLE,0,10.080363984000542,1.485
BASELINE_IDLE,0,10.132028298000478,1.596
BASELINE_IDLE,0,10.183231381000041,1.596
BASELINE_IDLE,0,10.234615864000261,1.51
BASELINE_IDLE,0,10.286208204000104,1.51
BASELINE_IDLE,0,10.337845103999825,1.599
BASELINE_IDLE,0,10.389649041000666,1.482
BASELINE_IDLE,0,10.441020295000271,1.64
BASELINE_IDLE,0,10.49267905600027,1.654
BASELINE_IDLE,0,10.54400338600044,1.654
BASELINE_IDLE,0,10.595198243000596,1.499
BASELINE_IDLE,0,10.646980135000376,1.499
BASELINE_IDLE,0,10.698374319000322,1.566
BASELINE_IDLE,0,10.750323019999996,1.566
BASELINE_IDLE,0,10.801626916000714,1.521
BASELINE_IDLE,0,10.853123927000524,1.935
BASELINE_IDLE,0,10.9044947400007,1.935
BASELINE_IDLE,0,10.955779677999999,1.55
BASELINE_IDLE,0,11.007739700000457,1.55
BASELINE_IDLE,0,11.059181405000345,2.797
BASELINE_IDLE,0,11.111186705999899,2.797
BASELINE_IDLE,0,11.162648292000085,1.536
BASELINE_IDLE,0,11.214212550999946,1.537
BASELINE_IDLE,0,11.265519029000643,1.742
BASELINE_IDLE,0,11.317066782999973,1.578
BASELINE_IDLE,0,11.368865930000538,1.578
BASELINE_IDLE,0,11.420144270000492,1.567
BASELINE_IDLE,0,11.471879508000711,1.633
BASELINE_IDLE,0,11.523567943000671,1.629
BASELINE_IDLE,0,11.575074317000144,1.629
BASELINE_IDLE,0,11.627179930000239,1.582
BASELINE_IDLE,0,11.679122899000504,1.507
BASELINE_IDLE,0,11.730730655000116,1.71
BASELINE_IDLE,0,11.782271980000587,1.717
BASELINE_IDLE,0,11.834290522000629,1.717
BASELINE_IDLE,0,11.885767947000204,1.524
BASELINE_IDLE,0,11.937492153000676,1.524
BASELINE_IDLE,0,11.988897922000433,1.601
BASELINE_IDLE,0,12.040424241000437,1.482
BASELINE_IDLE,0,12.09225293000054,1.482
BASELINE_IDLE,0,12.143796268000187,1.56
BASELINE_IDLE,0,12.1956475220004,1.56
BASELINE_IDLE,0,12.2469238700005,2.351
BASELINE_IDLE,0,12.298706047999985,2.351
BASELINE_IDLE,0,12.35040149500037,1.692
BASELINE_IDLE,0,12.401859508000598,1.618
BASELINE_IDLE,0,12.45281547400009,1.77
BASELINE_IDLE,0,12.504417082000145,1.618
BASELINE_IDLE,0,12.555861046000246,1.618
BASELINE_IDLE,0,12.607507071000327,1.515
BASELINE_IDLE,0,12.659535550000328,1.515
BASELINE_IDLE,0,12.711206988000413,1.643
BASELINE_IDLE,0,12.762431815000127,1.643
BASELINE_IDLE,0,12.813843546000498,1.548
BASELINE_IDLE,0,12.866022913000052,1.608
BASELINE_IDLE,0,12.9176328500007,1.608
BASELINE_IDLE,0,12.969657947000087,1.745
BASELINE_IDLE,0,13.02170223900066,1.617
BASELINE_IDLE,0,13.080402636000144,1.878
BASELINE_IDLE,0,13.132527216000199,1.574
BASELINE_IDLE,0,13.184378177000326,2.31
BASELINE_IDLE,0,13.235968275000232,1.568
BASELINE_IDLE,0,13.287285340999915,1.568
BASELINE_IDLE,0,13.338823243000661,1.513
BASELINE_IDLE,0,13.39040927699989,1.513
BASELINE_IDLE,0,13.441900843999974,1.798
BASELINE_IDLE,0,13.493441510000594,1.798
BASELINE_IDLE,0,13.54469468500065,1.65
BASELINE_IDLE,0,13.596301548000156,1.633
BASELINE_IDLE,0,13.64758422200066,1.651
BASELINE_IDLE,0,13.69973187100004,1.639
BASELINE_IDLE,0,13.751296385000387,1.639
BASELINE_IDLE,0,13.802675058000204,1.595
BASELINE_IDLE,0,13.854142614000011,1.582
BASELINE_IDLE,0,13.905670131000079,1.689
BASELINE_IDLE,0,13.957310062000033,1.663
BASELINE_IDLE,0,14.00883183499991,1.73
BASELINE_IDLE,0,14.060205322000002,1.694
BASELINE_IDLE,0,14.111993232000714,1.694
BASELINE_IDLE,0,14.16380444600054,1.577
BASELINE_IDLE,0,14.215161019000334,1.577
BASELINE_IDLE,0,14.266456631000437,1.516
BASELINE_IDLE,0,14.317998903999978,1.618
BASELINE_IDLE,0,14.37496444000044,2.648
BASELINE_IDLE,0,14.426377098000557,1.503
BASELINE_IDLE,0,14.478057209000326,1.503
BASELINE_IDLE,0,14.53066575000048,1.715
BASELINE_IDLE,0,14.582279408999966,1.715
BASELINE_IDLE,0,14.633823453999867,1.644
BASELINE_IDLE,0,14.685534227000062,1.644
BASELINE_IDLE,0,14.737145295000118,1.618
BASELINE_IDLE,0,14.788531619000423,1.505
BASELINE_IDLE,0,14.840149522000502,1.719
BASELINE_IDLE,0,14.891598535999947,1.678
BASELINE_IDLE,0,14.942922504000308,1.597
BASELINE_IDLE,0,14.99452502800068,1.776
STAGE_MODEL_POLICY,0,0.0013948469995739288,1.707
STAGE_MODEL_POLICY,0,0.054466025999317935,5.322
STAGE_MODEL_POLICY,0,0.10533609199956118,5.322
STAGE_MODEL_POLICY,0,0.1559195939998972,5.608
STAGE_MODEL_POLICY,0,0.20668652599943016,5.766
STAGE_MODEL_POLICY,0,0.2571331919998556,5.766
STAGE_MODEL_POLICY,0,0.3077681599997959,7.397
STAGE_MODEL_POLICY,0,0.3841833950000364,53.962
STAGE_MODEL_POLICY,0,0.43541234899930714,53.962
STAGE_MODEL_POLICY,0,0.48648660799972276,24.401
STAGE_MODEL_POLICY,0,0.5369596709997495,24.401
STAGE_MODEL_POLICY,0,0.5874534869999479,21.679
STAGE_MODEL_POLICY,0,0.6378026160000445,21.679
STAGE_MODEL_POLICY,0,0.6881355549994623,21.185
STAGE_MODEL_POLICY,0,0.7385588099996312,21.185
STAGE_MODEL_POLICY,0,0.7890251869994245,19.336
STAGE_MODEL_POLICY,0,0.8430215379994479,18.211
STAGE_MODEL_POLICY,0,0.8934426949999761,18.211
STAGE_MODEL_POLICY,0,0.9439016439991974,19.07
STAGE_MODEL_POLICY,0,0.9943333779992827,19.07
STAGE_MODEL_POLICY,0,1.044651454999439,21.427
STAGE_MODEL_POLICY,0,1.0983773899997686,21.427
STAGE_MODEL_POLICY,0,1.1536718799998198,20.451
STAGE_MODEL_POLICY,0,1.2041784549992371,20.451
STAGE_MODEL_POLICY,0,1.2544535649994941,20.291
STAGE_MODEL_POLICY,0,1.3055335499993816,19.586
STAGE_MODEL_POLICY,0,1.3560295859997495,19.586
STAGE_MODEL_POLICY,0,1.407003338999857,24.353
STAGE_MODEL_POLICY,0,1.46173035099946,24.353
STAGE_MODEL_POLICY,0,1.5162753839995275,20.414
STAGE_MODEL_POLICY,0,1.5667106639994017,20.414
STAGE_MODEL_POLICY,0,1.6173207029996775,36.175
STAGE_MODEL_POLICY,0,1.6685251159997279,19.154
STAGE_MODEL_POLICY,0,1.7192055539999274,19.154
STAGE_MODEL_POLICY,0,1.769551015999241,19.671
STAGE_MODEL_POLICY,0,1.8200532739992923,19.671
STAGE_MODEL_POLICY,0,1.8704466539993518,19.862
STAGE_MODEL_POLICY,0,1.9208131379991755,19.862
STAGE_MODEL_POLICY,0,1.9711474289997568,19.944
STAGE_MODEL_POLICY,0,2.0215128689997073,19.944
STAGE_MODEL_POLICY,0,2.071859843999846,20.214
STAGE_MODEL_POLICY,0,2.1228480789995956,20.235
STAGE_MODEL_POLICY,0,2.173326704999454,20.235
STAGE_MODEL_POLICY,0,2.2237470299996858,14.926
STAGE_MODEL_POLICY,0,2.27506214099958,14.926
STAGE_MODEL_POLICY,0,2.326072623000073,11.447
STAGE_MODEL_POLICY,0,2.376479153999753,11.447
STAGE_MODEL_POLICY,0,2.4268706119992203,11.021
STAGE_MODEL_POLICY,0,2.479835137999544,11.021
STAGE_MODEL_POLICY,0,2.53486725699986,10.58
STAGE_MODEL_POLICY,0,2.5854165309992823,20.333
STAGE_MODEL_POLICY,0,2.6364636879998216,20.333
STAGE_MODEL_POLICY,0,2.6875112129991976,21.943
STAGE_MODEL_POLICY,0,2.7392747549993146,21.943
STAGE_MODEL_POLICY,0,2.790499299999283,9.753
STAGE_MODEL_POLICY,0,2.8408978459992795,9.753
STAGE_MODEL_POLICY,0,2.891521740999451,6.178
STAGE_MODEL_POLICY,0,2.9461959399995976,11.244
STAGE_MODEL_POLICY,0,3.002466194999215,7.044
STAGE_MODEL_POLICY,0,3.053450693999366,10.14
STAGE_MODEL_POLICY,0,3.110084691999873,10.418
STAGE_MODEL_POLICY,0,3.1614903829995455,10.27
STAGE_MODEL_POLICY,0,3.2158223689993974,10.27
STAGE_MODEL_POLICY,0,3.270344588999251,10.281
STAGE_MODEL_POLICY,0,3.320625270999699,11.352
STAGE_MODEL_POLICY,0,3.3765201339992927,8.426
STAGE_MODEL_POLICY,0,3.427601317999688,9.623
STAGE_MODEL_POLICY,0,3.4870564579996426,9.623
STAGE_MODEL_POLICY,0,3.5382574879995445,10.18
STAGE_MODEL_POLICY,0,3.588850776000072,10.18
STAGE_MODEL_POLICY,0,3.639272145999712,10.611
STAGE_MODEL_POLICY,0,3.6904786559998684,17.306
STAGE_MODEL_POLICY,0,3.7454194709998774,17.306
STAGE_MODEL_POLICY,0,3.800790653999684,8.881
STAGE_MODEL_POLICY,0,3.8511326299994835,8.881
STAGE_MODEL_POLICY,0,3.90148668799975,9.496
STAGE_MODEL_POLICY,0,3.952005124999232,9.496
STAGE_MODEL_POLICY,0,4.00238505499965,9.747
STAGE_MODEL_POLICY,0,4.052751457999875,9.862
STAGE_MODEL_POLICY,0,4.103193313999327,9.862
STAGE_MODEL_POLICY,0,4.153761540999767,9.697
STAGE_MODEL_POLICY,0,4.209676233999744,9.697
STAGE_MODEL_POLICY,0,4.261008740999387,10.155
STAGE_MODEL_POLICY,0,4.311410638999405,10.155
STAGE_MODEL_POLICY,0,4.361910556999646,10.766
STAGE_MODEL_POLICY,0,4.416055229999984,10.004
STAGE_MODEL_POLICY,0,4.466460662999452,10.004
STAGE_MODEL_POLICY,0,4.5168840259993885,9.488
STAGE_MODEL_POLICY,0,4.567406546999337,9.488
STAGE_MODEL_POLICY,0,4.617796826999438,9.696
STAGE_MODEL_POLICY,0,4.66821431399967,9.696
STAGE_MODEL_POLICY,0,4.718648402999861,9.836
STAGE_MODEL_POLICY,0,4.769094854999821,9.836
STAGE_MODEL_POLICY,0,4.819608354999218,12.642
STAGE_MODEL_POLICY,0,4.874399821999759,9.007
STAGE_MODEL_POLICY,0,4.924885180999809,9.007
STAGE_MODEL_POLICY,0,4.975290540999595,9.604
STAGE_MODEL_POLICY,0,5.025708302999192,9.604
STAGE_MODEL_POLICY,0,5.076202311999623,9.83
STAGE_MODEL_POLICY,0,5.1267794030000005,9.83
STAGE_MODEL_POLICY,0,5.177268316999289,9.947
STAGE_MODEL_POLICY,0,5.227621878999344,9.947
STAGE_MODEL_POLICY,0,5.2780564069998945,10.009
STAGE_MODEL_POLICY,0,5.3479779539993615,10.006
STAGE_MODEL_POLICY,0,5.398949750999236,10.006
STAGE_MODEL_POLICY,0,5.450123609999537,9.401
STAGE_MODEL_POLICY,0,5.500644611999633,9.401
STAGE_MODEL_POLICY,0,5.55104965999999,8.868
STAGE_MODEL_POLICY,0,5.60221498699957,8.868
STAGE_MODEL_POLICY,0,5.653786334999495,10.309
STAGE_MODEL_POLICY,0,5.704448149999735,10.309
STAGE_MODEL_POLICY,0,5.754912403999697,10.315
STAGE_MODEL_POLICY,0,5.805387277999216,10.315
STAGE_MODEL_POLICY,0,5.855980606999765,10.257
STAGE_MODEL_POLICY,0,5.907414461999906,10.257
STAGE_MODEL_POLICY,0,5.9592902689992115,10.081
STAGE_MODEL_POLICY,0,6.009745812999427,7.907
STAGE_MODEL_POLICY,0,6.0614314829999785,7.907
STAGE_MODEL_POLICY,0,6.112512959999549,9.96
STAGE_MODEL_POLICY,0,6.163138689999869,9.96
STAGE_MODEL_POLICY,0,6.213544518999697,5.924
STAGE_MODEL_POLICY,0,6.264795477000007,5.924
STAGE_MODEL_POLICY,0,6.316382865999913,10.74
STAGE_MODEL_POLICY,0,6.366757597999822,10.74
STAGE_MODEL_POLICY,0,6.417152055999395,10.569
STAGE_MODEL_POLICY,0,6.467629721999401,10.569
STAGE_MODEL_POLICY,0,6.5180623439991905,10.505
STAGE_MODEL_POLICY,0,6.568663393999486,10.505
STAGE_MODEL_POLICY,0,6.619027982999796,10.293
STAGE_MODEL_POLICY,0,6.706914829999732,9.746
STAGE_MODEL_POLICY,0,6.758514450999428,9.746
STAGE_MODEL_POLICY,0,6.809832956999344,10.353
STAGE_MODEL_POLICY,0,6.860220441999445,10.397
STAGE_MODEL_POLICY,0,6.91062373999921,10.397
STAGE_MODEL_POLICY,0,6.960916764999638,10.409
STAGE_MODEL_POLICY,0,7.011366727999302,10.409
STAGE_MODEL_POLICY,0,7.061885587999313,10.409
STAGE_MODEL_POLICY,0,7.112406678999832,10.409
STAGE_MODEL_POLICY,0,7.162901538999904,10.3
STAGE_MODEL_POLICY,0,7.2134830729992245,10.3
STAGE_MODEL_POLICY,0,7.264007837999998,10.217
STAGE_MODEL_POLICY,0,7.314487384999666,10.217
STAGE_MODEL_POLICY,0,7.364940946999923,5.793
STAGE_MODEL_POLICY,0,7.416441521999332,5.793
STAGE_MODEL_POLICY,0,7.467646443999911,10.235
STAGE_MODEL_POLICY,0,7.518130519999431,10.235
STAGE_MODEL_POLICY,0,7.568652367999675,10.316
STAGE_MODEL_POLICY,0,7.6192288439997355,10.316
STAGE_MODEL_POLICY,0,7.669704697999805,10.833
STAGE_MODEL_POLICY,0,7.721029809999891,10.439
STAGE_MODEL_POLICY,0,7.771561073999692,10.439
STAGE_MODEL_POLICY,0,7.821923789999346,9.734
STAGE_MODEL_POLICY,0,7.873235620999367,11.617
STAGE_MODEL_POLICY,0,7.928383978000056,8.591
STAGE_MODEL_POLICY,0,7.980013513999438,8.591
STAGE_MODEL_POLICY,0,8.031286363999243,10.441
STAGE_MODEL_POLICY,0,8.081713480999497,10.441
STAGE_MODEL_POLICY,0,8.13219315599963,10.433
STAGE_MODEL_POLICY,0,8.182692317999681,10.433
STAGE_MODEL_POLICY,0,8.23317865899935,10.448
STAGE_MODEL_POLICY,0,8.28371671900004,10.45
STAGE_MODEL_POLICY,0,8.33423129699986,10.45
STAGE_MODEL_POLICY,0,8.384623912999814,10.294
STAGE_MODEL_POLICY,0,8.435194927999873,10.294
STAGE_MODEL_POLICY,0,8.485724405999463,8.52
STAGE_MODEL_POLICY,0,8.536819799999648,8.52
STAGE_MODEL_POLICY,0,8.588198673000079,10.266
STAGE_MODEL_POLICY,0,8.63885648699943,10.266
STAGE_MODEL_POLICY,0,8.689147609999964,10.286
STAGE_MODEL_POLICY,0,8.739579987999605,10.286
STAGE_MODEL_POLICY,0,8.78988841499995,10.311
STAGE_MODEL_POLICY,0,8.840955799999392,10.311
STAGE_MODEL_POLICY,0,8.89202313199985,10.443
STAGE_MODEL_POLICY,0,8.942418703999465,10.443
STAGE_MODEL_POLICY,0,8.992749914999877,9.954
STAGE_MODEL_POLICY,0,9.046576937999816,9.055
STAGE_MODEL_POLICY,0,9.097761161999188,11.72
STAGE_MODEL_POLICY,0,9.14879803399981,9.069
STAGE_MODEL_POLICY,0,9.205116896999243,10.906
STAGE_MODEL_POLICY,0,9.25623534099941,10.182
STAGE_MODEL_POLICY,0,9.307285443999717,10.182
STAGE_MODEL_POLICY,0,9.358477445999597,10.613
STAGE_MODEL_POLICY,0,9.408937454999432,10.613
STAGE_MODEL_POLICY,0,9.459355209000023,10.64
STAGE_MODEL_POLICY,0,9.5098315919995,10.64
STAGE_MODEL_POLICY,0,9.56015243999991,10.408
STAGE_MODEL_POLICY,0,9.610584935999213,10.341
STAGE_MODEL_POLICY,0,9.661098646999562,10.341
STAGE_MODEL_POLICY,0,9.711562176999905,10.351
STAGE_MODEL_POLICY,0,9.761972104000051,10.351
STAGE_MODEL_POLICY,0,9.812453414999254,10.336
STAGE_MODEL_POLICY,0,9.862836816999334,10.336
STAGE_MODEL_POLICY,0,9.913255331000073,10.373
STAGE_MODEL_POLICY,0,9.963747656999658,10.373
STAGE_MODEL_POLICY,0,10.014173264999954,10.398
STAGE_MODEL_POLICY,0,10.064607086999786,10.398
STAGE_MODEL_POLICY,0,10.115171421999548,10.419
STAGE_MODEL_POLICY,0,10.165595720000056,10.419
STAGE_MODEL_POLICY,0,10.2160746189993,10.359
STAGE_MODEL_POLICY,0,10.266440432999843,10.359
STAGE_MODEL_POLICY,0,10.316893510999762,10.297
STAGE_MODEL_POLICY,0,10.367218252999919,10.283
STAGE_MODEL_POLICY,0,10.41766316399935,10.283
STAGE_MODEL_POLICY,0,10.468195989999913,10.267
STAGE_MODEL_POLICY,0,10.518651613999282,10.267
STAGE_MODEL_POLICY,0,10.569050287999744,10.313
STAGE_MODEL_POLICY,0,10.619405005999397,10.313
STAGE_MODEL_POLICY,0,10.669761415999346,10.338
STAGE_MODEL_POLICY,0,10.720133408999573,10.338
STAGE_MODEL_POLICY,0,10.77052106499923,10.304
STAGE_MODEL_POLICY,0,10.821064595999815,10.304
STAGE_MODEL_POLICY,0,10.871462510999663,10.223
STAGE_MODEL_POLICY,0,10.921774615999311,10.223
STAGE_MODEL_POLICY,0,10.972139986999537,10.213
STAGE_MODEL_POLICY,0,11.02257812299922,10.213
STAGE_MODEL_POLICY,0,11.073139368999364,10.204
STAGE_MODEL_POLICY,0,11.123511509999844,10.204
STAGE_MODEL_POLICY,0,11.174071040999479,10.192
STAGE_MODEL_POLICY,0,11.224459510999623,10.252
STAGE_MODEL_POLICY,0,11.274858626999958,10.252
STAGE_MODEL_POLICY,0,11.325222980000035,10.272
STAGE_MODEL_POLICY,0,11.375606426999184,10.272
STAGE_MODEL_POLICY,0,11.425990445000025,10.226
STAGE_MODEL_POLICY,0,11.476442276999478,10.226
STAGE_MODEL_POLICY,0,11.526842145000046,10.255
STAGE_MODEL_POLICY,0,11.578040526999757,10.255
STAGE_MODEL_POLICY,0,11.6291539799995,10.447
STAGE_MODEL_POLICY,0,11.679583961999924,10.447
STAGE_MODEL_POLICY,0,11.733810748999531,8.414
STAGE_MODEL_POLICY,0,11.78488230199946,8.414
STAGE_MODEL_POLICY,0,11.836366058999374,10.498
STAGE_MODEL_POLICY,0,11.886921892999453,10.526
STAGE_MODEL_POLICY,0,11.937492512000063,10.526
STAGE_MODEL_POLICY,0,11.987844817999758,10.274
STAGE_MODEL_POLICY,0,12.052030462999937,10.274
STAGE_MODEL_POLICY,0,12.102406200999212,9.747
STAGE_MODEL_POLICY,0,12.154531825999584,9.747
STAGE_MODEL_POLICY,0,12.208827149999706,10.344
STAGE_MODEL_POLICY,0,12.25921951700002,10.344
STAGE_MODEL_POLICY,0,12.309657800999958,10.405
STAGE_MODEL_POLICY,0,12.36018190499999,11.32
STAGE_MODEL_POLICY,0,12.411404720999599,11.32
STAGE_MODEL_POLICY,0,12.462615949999417,10.445
STAGE_MODEL_POLICY,0,12.513243982999484,10.445
STAGE_MODEL_POLICY,0,12.563698364999254,10.248
STAGE_MODEL_POLICY,0,12.614075414999206,10.248
STAGE_MODEL_POLICY,0,12.664421714999662,10.047
STAGE_MODEL_POLICY,0,12.71479098599957,10.047
STAGE_MODEL_POLICY,0,12.768705218999457,6.767
STAGE_MODEL_POLICY,0,12.819857712999692,6.767
STAGE_MODEL_POLICY,0,12.870898750999913,10.484
STAGE_MODEL_POLICY,0,12.921288476999507,10.484
STAGE_MODEL_POLICY,0,12.971809339999709,10.494
STAGE_MODEL_POLICY,0,13.022143015999973,10.508
STAGE_MODEL_POLICY,0,13.072677888999351,10.508
STAGE_MODEL_POLICY,0,13.123474739999438,10.199
STAGE_MODEL_POLICY,0,13.173998833000041,10.199
STAGE_MODEL_POLICY,0,13.224522941999567,10.211
STAGE_MODEL_POLICY,0,13.275117023999883,10.211
STAGE_MODEL_POLICY,0,13.325783559999763,10.268
STAGE_MODEL_POLICY,0,13.376304872999754,10.268
STAGE_MODEL_POLICY,0,13.426670133999323,10.303
STAGE_MODEL_POLICY,0,13.47707608699966,8.93
STAGE_MODEL_POLICY,0,13.52801565899972,11.125
STAGE_MODEL_POLICY,0,13.581341350000002,9.503
STAGE_MODEL_POLICY,0,13.632578476999697,10.351
STAGE_MODEL_POLICY,0,13.687777292999272,10.801
STAGE_MODEL_POLICY,0,13.738798046999364,10.801
STAGE_MODEL_POLICY,0,13.789784069999769,10.637
STAGE_MODEL_POLICY,0,13.840194188999703,7.015
STAGE_MODEL_POLICY,0,13.89124083399929,7.015
STAGE_MODEL_POLICY,0,13.943222643999434,10.323
STAGE_MODEL_POLICY,0,13.993897335999463,10.323
STAGE_MODEL_POLICY,0,14.044399217999853,10.434
STAGE_MODEL_POLICY,0,14.094682299999477,10.434
STAGE_MODEL_POLICY,0,14.145126993999838,10.532
STAGE_MODEL_POLICY,0,14.196310813999844,10.532
STAGE_MODEL_POLICY,0,14.249769141999423,9.198
STAGE_MODEL_POLICY,0,14.300237403999745,9.966
STAGE_MODEL_POLICY,0,14.351825536999968,10.286
STAGE_MODEL_POLICY,0,14.407845787000042,10.231
STAGE_MODEL_POLICY,0,14.461706663999394,9.694
STAGE_MODEL_POLICY,0,14.51352842399956,11.541
STAGE_MODEL_POLICY,0,14.566089939999983,9.288
STAGE_MODEL_POLICY,0,14.617227235999962,9.332
STAGE_MODEL_POLICY,0,14.668834851999236,9.982
STAGE_MODEL_POLICY,0,14.720322296999257,9.982
STAGE_MODEL_POLICY,0,14.771460690999447,12.221
STAGE_MODEL_POLICY,0,14.822593070000039,12.221
STAGE_MODEL_POLICY,0,14.873746256999766,10.444
STAGE_MODEL_POLICY,0,14.924287625000034,10.444
STAGE_MODEL_POLICY,0,14.987334408999232,7.339
STAGE_MODEL_POLICY,0,15.038523973999872,5.817
STAGE_MODEL_POLICY,0,15.090407575999961,5.817
STAGE_MODEL_POLICY,0,15.142375439999341,10.303
STAGE_MODEL_POLICY,0,15.192717318999712,10.303
STAGE_MODEL_POLICY,0,15.24314427399986,10.786
STAGE_MODEL_POLICY,0,15.299101347000033,10.786
STAGE_MODEL_POLICY,0,15.354934432999471,9.192
STAGE_MODEL_POLICY,0,15.405279509999673,9.929
STAGE_MODEL_POLICY,0,15.459058686999924,10.095
STAGE_MODEL_POLICY,0,15.51112581399957,10.674
STAGE_MODEL_POLICY,0,15.563392600999578,10.674
STAGE_MODEL_POLICY,0,15.619499083999472,10.374
STAGE_MODEL_POLICY,0,15.669949307000024,10.374
STAGE_MODEL_POLICY,0,15.720285531999252,9.776
STAGE_MODEL_POLICY,0,15.770678537999629,9.776
STAGE_MODEL_POLICY,0,15.820960770000056,9.431
STAGE_MODEL_POLICY,0,15.874413047999951,10.443
STAGE_MODEL_POLICY,0,15.924719820000064,10.443
STAGE_MODEL_POLICY,0,15.977990781999324,11.349
STAGE_MODEL_POLICY,0,16.029255091999403,11.349
STAGE_MODEL_POLICY,0,16.08021058599934,9.325
STAGE_MODEL_POLICY,0,16.130614339999738,5.831
STAGE_MODEL_POLICY,0,16.18170207899948,5.831
STAGE_MODEL_POLICY,0,16.23650714499945,10.446
STAGE_MODEL_POLICY,0,16.287017865999587,10.446
STAGE_MODEL_POLICY,0,16.33738182899924,10.425
STAGE_MODEL_POLICY,0,16.387799426999663,10.425
STAGE_MODEL_POLICY,0,16.438219518999176,9.444
STAGE_MODEL_POLICY,0,16.490961347999473,9.444
STAGE_MODEL_POLICY,0,16.54675519600005,10.311
STAGE_MODEL_POLICY,0,16.59731865699996,10.224
STAGE_MODEL_POLICY,0,16.648759819999214,10.224
STAGE_MODEL_POLICY,0,16.700116274999345,10.324
STAGE_MODEL_POLICY,0,16.750537992999853,10.324
STAGE_MODEL_POLICY,0,16.801109241999256,9.784
STAGE_MODEL_POLICY,0,16.851630631999797,9.784
STAGE_MODEL_POLICY,0,16.901998728999388,9.853
STAGE_MODEL_POLICY,0,16.953225683999335,9.853
STAGE_MODEL_POLICY,0,17.004607328999555,10.484
STAGE_MODEL_POLICY,0,17.05497730299976,10.928
STAGE_MODEL_POLICY,0,17.106583776999287,10.928
STAGE_MODEL_POLICY,0,17.15755995699965,9.595
STAGE_MODEL_POLICY,0,17.20795191399975,9.595
STAGE_MODEL_POLICY,0,17.258235742999204,5.735
STAGE_MODEL_POLICY,0,17.309287392999977,5.735
STAGE_MODEL_POLICY,0,17.36027138099962,10.468
STAGE_MODEL_POLICY,0,17.410563449999245,10.468
STAGE_MODEL_POLICY,0,17.461011858999882,10.386
STAGE_MODEL_POLICY,0,17.51150528299968,10.036
STAGE_MODEL_POLICY,0,17.56199089799975,10.036
STAGE_MODEL_POLICY,0,17.612464765999903,9.886
STAGE_MODEL_POLICY,0,17.66364227899976,11.781
STAGE_MODEL_POLICY,0,17.715506416999233,10.038
STAGE_MODEL_POLICY,0,17.770827806999478,10.038
STAGE_MODEL_POLICY,0,17.825096875999407,10.295
STAGE_MODEL_POLICY,0,17.875572923999243,9.827
STAGE_MODEL_POLICY,0,17.925943756999914,9.827
STAGE_MODEL_POLICY,0,17.976449150000008,10.024
STAGE_MODEL_POLICY,0,18.026833543000066,10.024
STAGE_MODEL_POLICY,0,18.077856047999376,10.453
STAGE_MODEL_POLICY,0,18.12905212499936,10.453
STAGE_MODEL_POLICY,0,18.180122701000073,10.231
STAGE_MODEL_POLICY,0,18.230672336999305,10.231
STAGE_MODEL_POLICY,0,18.28123715499987,9.783
STAGE_MODEL_POLICY,0,18.33163789399987,5.855
STAGE_MODEL_POLICY,0,18.38716250699963,5.855
STAGE_MODEL_POLICY,0,18.441727544999594,10.566
STAGE_MODEL_POLICY,0,18.49209003099986,10.566
STAGE_MODEL_POLICY,0,18.542580660999192,10.389
STAGE_MODEL_POLICY,0,18.593233562000023,10.389
STAGE_MODEL_POLICY,0,18.643740992999483,10.024
STAGE_MODEL_POLICY,0,18.69417527599944,10.024
STAGE_MODEL_POLICY,0,18.74464201899991,9.228
STAGE_MODEL_POLICY,0,18.79583701899992,10.515
STAGE_MODEL_POLICY,0,18.84643695699924,10.515
STAGE_MODEL_POLICY,0,18.896901253999204,10.146
STAGE_MODEL_POLICY,0,18.95374312599961,10.146
STAGE_MODEL_POLICY,0,19.008482900999297,9.731
STAGE_MODEL_POLICY,0,19.058938891999787,9.731
STAGE_MODEL_POLICY,0,19.10931490599978,9.706
STAGE_MODEL_POLICY,0,19.159700569999586,9.706
STAGE_MODEL_POLICY,0,19.210142658999757,9.968
STAGE_MODEL_POLICY,0,19.26060843399955,9.458
STAGE_MODEL_POLICY,0,19.312977633999253,9.458
STAGE_MODEL_POLICY,0,19.367871602999912,9.376
STAGE_MODEL_POLICY,0,19.41841843199927,9.376
STAGE_MODEL_POLICY,0,19.468906307999532,9.847
STAGE_MODEL_POLICY,0,19.519357876999493,5.887
STAGE_MODEL_POLICY,0,19.583346415999586,5.887
STAGE_MODEL_POLICY,0,19.63462158099992,10.645
STAGE_MODEL_POLICY,0,19.685310468999887,10.645
STAGE_MODEL_POLICY,0,19.735718472999906,11.76
STAGE_MODEL_POLICY,0,19.787633271999766,11.76
STAGE_MODEL_POLICY,0,19.844529529999818,9.984
STAGE_MODEL_POLICY,0,19.899593157999334,10.535
STAGE_MODEL_POLICY,0,19.950110136999683,10.535
STAGE_MODEL_POLICY,0,20.00054727999941,10.314
STAGE_MODEL_POLICY,0,20.051932748999207,9.494
STAGE_MODEL_POLICY,0,20.103437056000075,9.304
STAGE_MODEL_POLICY,0,20.155406030999984,9.304
STAGE_MODEL_POLICY,0,20.206588507999186,10.459
STAGE_MODEL_POLICY,0,20.256897190000018,10.474
STAGE_MODEL_POLICY,0,20.30736730099943,10.474
STAGE_MODEL_POLICY,0,20.35774934499932,10.945
STAGE_MODEL_POLICY,0,20.40949500499937,10.945
STAGE_MODEL_POLICY,0,20.460569482999745,9.64
STAGE_MODEL_POLICY,0,20.51108389699948,9.64
STAGE_MODEL_POLICY,0,20.561443263,5.784
STAGE_MODEL_POLICY,0,20.612833745999524,5.784
STAGE_MODEL_POLICY,0,20.66398695799944,10.33
STAGE_MODEL_POLICY,0,20.714437742999507,10.352
STAGE_MODEL_POLICY,0,20.764930523999283,10.352
STAGE_MODEL_POLICY,0,20.816060299999663,9.485
STAGE_MODEL_POLICY,0,20.86732579999989,9.485
STAGE_MODEL_POLICY,0,20.918746047999775,10.307
STAGE_MODEL_POLICY,0,20.96922007899957,10.307
STAGE_MODEL_POLICY,0,21.019719293999515,10.298
STAGE_MODEL_POLICY,0,21.074939522000022,10.298
STAGE_MODEL_POLICY,0,21.12837474599928,10.081
STAGE_MODEL_POLICY,0,21.17892523899991,9.723
STAGE_MODEL_POLICY,0,21.22937945800004,9.723
STAGE_MODEL_POLICY,0,21.285652542999742,10.154
STAGE_MODEL_POLICY,0,21.33682299499924,10.154
STAGE_MODEL_POLICY,0,21.388027211000008,10.436
STAGE_MODEL_POLICY,0,21.438761995999812,10.436
STAGE_MODEL_POLICY,0,21.489288344999295,10.825
STAGE_MODEL_POLICY,0,21.541240092999942,6.032
STAGE_MODEL_POLICY,0,21.592369026999222,6.032
STAGE_MODEL_POLICY,0,21.643996410999534,10.315
STAGE_MODEL_POLICY,0,21.69432278199929,10.315
STAGE_MODEL_POLICY,0,21.744901804999245,10.381
STAGE_MODEL_POLICY,0,21.795348913999987,10.381
STAGE_MODEL_POLICY,0,21.84589449899977,10.145
STAGE_MODEL_POLICY,0,21.897275468999396,10.145
STAGE_MODEL_POLICY,0,21.949278665999373,9.423
STAGE_MODEL_POLICY,0,21.99985280999954,9.897
STAGE_MODEL_POLICY,0,22.05038502199932,9.897
STAGE_MODEL_POLICY,0,22.10089117699954,10.831
STAGE_MODEL_POLICY,0,22.151867228999436,10.831
STAGE_MODEL_POLICY,0,22.20376264299921,10.001
STAGE_MODEL_POLICY,0,22.254124532999413,10.001
STAGE_MODEL_POLICY,0,22.304569604999415,9.653
STAGE_MODEL_POLICY,0,22.35501856999963,9.653
STAGE_MODEL_POLICY,0,22.405482550999295,9.494
STAGE_MODEL_POLICY,0,22.457068584999433,10.403
STAGE_MODEL_POLICY,0,22.507620847999533,10.403
STAGE_MODEL_POLICY,0,22.55795809999927,10.166
STAGE_MODEL_POLICY,0,22.608511704999728,10.166
STAGE_MODEL_POLICY,0,22.658859900999232,5.959
STAGE_MODEL_POLICY,0,22.709908963999624,5.959
STAGE_MODEL_POLICY,0,22.761128508999718,10.426
STAGE_MODEL_POLICY,0,22.81170609899982,10.426
STAGE_MODEL_POLICY,0,22.862076720000005,10.448
STAGE_MODEL_POLICY,0,22.912453889999597,10.138
STAGE_MODEL_POLICY,0,22.96350617600001,10.138
STAGE_MODEL_POLICY,0,23.015102702999684,9.484
STAGE_MODEL_POLICY,0,23.065758670999458,9.484
STAGE_MODEL_POLICY,0,23.116256087999318,9.972
STAGE_MODEL_POLICY,0,23.166721422999217,9.972
STAGE_MODEL_POLICY,0,23.217283080000016,10.149
STAGE_MODEL_POLICY,0,23.267816694999965,10.149
STAGE_MODEL_POLICY,0,23.318440535999798,10.089
STAGE_MODEL_POLICY,0,23.368876350999926,10.089
STAGE_MODEL_POLICY,0,23.419304256000032,9.957
STAGE_MODEL_POLICY,0,23.469740363999335,10.033
STAGE_MODEL_POLICY,0,23.520246232999853,10.033
STAGE_MODEL_POLICY,0,23.570704195999497,10.642
STAGE_MODEL_POLICY,0,23.621760809999614,10.642
STAGE_MODEL_POLICY,0,23.67368102099954,9.869
STAGE_MODEL_POLICY,0,23.72416293599963,9.869
STAGE_MODEL_POLICY,0,23.776844484999856,5.655
STAGE_MODEL_POLICY,0,23.828002085999287,10.386
STAGE_MODEL_POLICY,0,23.87847234899982,10.386
STAGE_MODEL_POLICY,0,23.928841430999455,10.365
STAGE_MODEL_POLICY,0,23.97930751199965,10.365
STAGE_MODEL_POLICY,0,24.029628706999574,10.208
STAGE_MODEL_POLICY,0,24.08411483799955,10.208
STAGE_MODEL_POLICY,0,24.13452912899993,9.609
STAGE_MODEL_POLICY,0,24.18603116199938,9.609
STAGE_MODEL_POLICY,0,24.23709116400005,10.476
STAGE_MODEL_POLICY,0,24.287557358999948,10.478
STAGE_MODEL_POLICY,0,24.337938949999625,10.478
STAGE_MODEL_POLICY,0,24.388354011000047,10.27
STAGE_MODEL_POLICY,0,24.438931963999494,10.27
STAGE_MODEL_POLICY,0,24.489259084999503,9.184
STAGE_MODEL_POLICY,0,24.54031782399943,11.182
STAGE_MODEL_POLICY,0,24.59145858299962,9.541
STAGE_MODEL_POLICY,0,24.64394660599919,10.315
STAGE_MODEL_POLICY,0,24.694925289999446,10.902
STAGE_MODEL_POLICY,0,24.745933260999664,9.752
STAGE_MODEL_POLICY,0,24.79810945400004,9.752
STAGE_MODEL_POLICY,0,24.85190256899932,9.329
STAGE_MODEL_POLICY,0,24.902321269999447,9.329
STAGE_MODEL_POLICY,0,24.952651804999732,9.762
STAGE_MODEL_POLICY,0,25.00298574899989,9.762
STAGE_MODEL_POLICY,0,25.053415605999362,9.973
STAGE_MODEL_POLICY,0,25.10382692299936,9.973
STAGE_MODEL_POLICY,0,25.154325812000025,10.108
STAGE_MODEL_POLICY,0,25.205544142999315,9.468
STAGE_MODEL_POLICY,0,25.255891758999496,9.468
STAGE_MODEL_POLICY,0,25.306359402999988,9.701
STAGE_MODEL_POLICY,0,25.35832278699945,9.701
STAGE_MODEL_POLICY,0,25.41227312599949,10.357
STAGE_MODEL_POLICY,0,25.462648058000013,10.357
STAGE_MODEL_POLICY,0,25.51306381699942,9.668
STAGE_MODEL_POLICY,0,25.56430503699994,9.668
STAGE_MODEL_POLICY,0,25.615425881999727,9.424
STAGE_MODEL_POLICY,0,25.665848086999176,9.39
STAGE_MODEL_POLICY,0,25.71893029399962,10.205
STAGE_MODEL_POLICY,0,25.7796472,10.721
STAGE_MODEL_POLICY,0,25.830885505999504,10.721
STAGE_MODEL_POLICY,0,25.882449766999343,9.685
STAGE_MODEL_POLICY,0,25.933139587999904,9.685
STAGE_MODEL_POLICY,0,25.983700830999624,5.565
STAGE_MODEL_POLICY,0,26.035670415999448,10.408
STAGE_MODEL_POLICY,0,26.08614780299922,10.408
STAGE_MODEL_POLICY,0,26.13662190099967,5.616
STAGE_MODEL_POLICY,0,26.18785564799964,5.616
STAGE_MODEL_POLICY,0,26.239317323999785,9.996
STAGE_MODEL_POLICY,0,26.289779607999662,9.996
STAGE_MODEL_POLICY,0,26.340192676999322,14.324
STAGE_MODEL_POLICY,0,26.394656806999592,9.587
STAGE_MODEL_POLICY,0,26.452324758999566,9.587
STAGE_MODEL_POLICY,0,26.506387455999175,10.488
STAGE_MODEL_POLICY,0,26.556698624999626,10.488
STAGE_MODEL_POLICY,0,26.607143580999946,10.121
STAGE_MODEL_POLICY,0,26.657517177000045,10.121
STAGE_MODEL_POLICY,0,26.70791764399928,9.925
STAGE_MODEL_POLICY,0,26.758294773999296,9.925
STAGE_MODEL_POLICY,0,26.808651987999838,10.049
STAGE_MODEL_POLICY,0,26.858988653999404,10.116
STAGE_MODEL_POLICY,0,26.90938878199995,10.116
STAGE_MODEL_POLICY,0,26.95977007700003,10.037
STAGE_MODEL_POLICY,0,27.01030438199996,10.037
STAGE_MODEL_POLICY,0,27.060804967999502,9.976
STAGE_MODEL_POLICY,0,27.111313293999956,9.976
STAGE_MODEL_POLICY,0,27.161840413999926,10.045
STAGE_MODEL_POLICY,0,27.212349077,10.045
STAGE_MODEL_POLICY,0,27.262712529000055,10.09
STAGE_MODEL_POLICY,0,27.31309342899931,10.052
STAGE_MODEL_POLICY,0,27.363420394999594,10.052
STAGE_MODEL_POLICY,0,27.413851812999383,10.001
STAGE_MODEL_POLICY,0,27.464317553999535,10.001
STAGE_MODEL_POLICY,0,27.514728030999322,9.99
STAGE_MODEL_POLICY,0,27.5651479929993,9.99
STAGE_MODEL_POLICY,0,27.61565306600005,10.048
STAGE_MODEL_POLICY,0,27.666075547999753,10.048
STAGE_MODEL_POLICY,0,27.716719983000075,10.054
STAGE_MODEL_POLICY,0,27.767597782999474,10.054
STAGE_MODEL_POLICY,0,27.818187601999853,8.82
STAGE_MODEL_POLICY,0,27.869220372999735,10.409
STAGE_MODEL_POLICY,0,27.919584975999896,10.409
STAGE_MODEL_POLICY,0,27.96991784399961,10.498
STAGE_MODEL_POLICY,0,28.02321312299955,10.498
STAGE_MODEL_POLICY,0,28.078473338999174,10.074
STAGE_MODEL_POLICY,0,28.128788359999817,10.074
STAGE_MODEL_POLICY,0,28.179092839999612,9.744
STAGE_MODEL_POLICY,0,28.2294182859996,9.987
STAGE_MODEL_POLICY,0,28.279777338999338,9.987
STAGE_MODEL_POLICY,0,28.330313801999182,10.045
STAGE_MODEL_POLICY,0,28.381082204999984,10.045
STAGE_MODEL_POLICY,0,28.431538356999226,10.023
STAGE_MODEL_POLICY,0,28.48200365699995,10.023
STAGE_MODEL_POLICY,0,28.532331013999283,9.965
STAGE_MODEL_POLICY,0,28.582881692999763,9.965
STAGE_MODEL_POLICY,0,28.633689247999428,10.034
STAGE_MODEL_POLICY,0,28.684319114999198,10.034
STAGE_MODEL_POLICY,0,28.73502331599957,10.064
STAGE_MODEL_POLICY,0,28.785677315999237,10.035
STAGE_MODEL_POLICY,0,28.836151700999835,10.035
STAGE_MODEL_POLICY,0,28.886638465999567,8.729
STAGE_MODEL_POLICY,0,28.938938102000066,10.893
STAGE_MODEL_POLICY,0,28.990646661000028,10.217
STAGE_MODEL_POLICY,0,29.042847418999372,10.414
STAGE_MODEL_POLICY,0,29.09472662400003,10.708
STAGE_MODEL_POLICY,0,29.148518856999544,9.634
STAGE_MODEL_POLICY,0,29.205271335999896,9.634
STAGE_MODEL_POLICY,0,29.258844194999256,9.81
STAGE_MODEL_POLICY,0,29.309337435999623,9.81
STAGE_MODEL_POLICY,0,29.359683222999593,12.032
STAGE_MODEL_POLICY,0,29.410933040999225,12.032
STAGE_MODEL_POLICY,0,29.462291520999315,10.493
STAGE_MODEL_POLICY,0,29.512765313999807,20.091
STAGE_MODEL_POLICY,0,29.56423640199955,20.091
STAGE_MODEL_POLICY,0,29.62041808199956,9.824
STAGE_MODEL_POLICY,0,29.67079118899983,9.824
STAGE_MODEL_POLICY,0,29.721076021000044,9.943
STAGE_MODEL_POLICY,0,29.771469747999618,9.943
STAGE_MODEL_POLICY,0,29.82181581199984,10.129
STAGE_MODEL_POLICY,0,29.872225715999775,10.129
STAGE_MODEL_POLICY,0,29.922658120999586,9.896
STAGE_MODEL_POLICY,0,29.97402494800008,9.707
STAGE_FULL_PIPELINE,0,0.001142582999818842,9.707
STAGE_FULL_PIPELINE,0,0.05172188300002745,8.533
STAGE_FULL_PIPELINE,0,0.1030096409995167,8.614
STAGE_FULL_PIPELINE,0,0.15414715799943224,10.898
STAGE_FULL_PIPELINE,0,0.20540525099931983,9.702
STAGE_FULL_PIPELINE,0,0.2564368969997304,9.724
STAGE_FULL_PIPELINE,0,0.30784167799993156,10.295
STAGE_FULL_PIPELINE,0,0.36412101199948665,10.223
STAGE_FULL_PIPELINE,0,0.41467943499992543,15.907
STAGE_FULL_PIPELINE,0,0.4667850890000409,15.907
STAGE_FULL_PIPELINE,0,0.5213170489996628,9.673
STAGE_FULL_PIPELINE,0,0.571779895999498,9.673
STAGE_FULL_PIPELINE,0,0.6221816329998546,14.395
STAGE_FULL_PIPELINE,0,0.6731803409993518,14.395
STAGE_FULL_PIPELINE,0,0.7248504379995211,10.086
STAGE_FULL_PIPELINE,0,0.775331651999295,10.261
STAGE_FULL_PIPELINE,0,0.8258768589994361,10.261
STAGE_FULL_PIPELINE,0,0.8763166919998184,10.042
STAGE_FULL_PIPELINE,0,0.9268455599994923,10.042
STAGE_FULL_PIPELINE,0,0.977277752000191,9.938
STAGE_FULL_PIPELINE,0,1.0329311429995869,9.938
STAGE_FULL_PIPELINE,0,1.0881295330000285,8.981
STAGE_FULL_PIPELINE,0,1.1386422619998484,11.499
STAGE_FULL_PIPELINE,0,1.1899674619999132,11.499
STAGE_FULL_PIPELINE,0,1.240971619999982,9.627
STAGE_FULL_PIPELINE,0,1.2914487099997132,9.627
STAGE_FULL_PIPELINE,0,1.341815981999389,9.664
STAGE_FULL_PIPELINE,0,1.3924565739998798,9.664
STAGE_FULL_PIPELINE,0,1.443965785999353,12.13
STAGE_FULL_PIPELINE,0,1.4951867989993843,12.13
STAGE_FULL_PIPELINE,0,1.5463214329993207,10.491
STAGE_FULL_PIPELINE,0,1.596833195999352,10.022
STAGE_FULL_PIPELINE,0,1.6473978549993262,10.022
STAGE_FULL_PIPELINE,0,1.697875701999692,9.923
STAGE_FULL_PIPELINE,0,1.748302913999396,9.923
STAGE_FULL_PIPELINE,0,1.7987805329994444,10.054
STAGE_FULL_PIPELINE,0,1.8493429780000952,10.054
STAGE_FULL_PIPELINE,0,1.8998528940001052,10.128
STAGE_FULL_PIPELINE,0,1.9503419779994147,10.128
STAGE_FULL_PIPELINE,0,2.0011292210001557,10.048
STAGE_FULL_PIPELINE,0,2.0528179859993543,9.985
STAGE_FULL_PIPELINE,0,2.1031692369997472,9.985
STAGE_FULL_PIPELINE,0,2.153636225999435,10.041
STAGE_FULL_PIPELINE,0,2.2042843720000747,10.041
STAGE_FULL_PIPELINE,0,2.2547240630001397,10.085
STAGE_FULL_PIPELINE,0,2.305083444999582,10.085
STAGE_FULL_PIPELINE,0,2.355556249000074,10.036
STAGE_FULL_PIPELINE,0,2.4060071439998865,10.036
STAGE_FULL_PIPELINE,0,2.4564146570000958,10.122
STAGE_FULL_PIPELINE,0,2.507427986000039,10.439
STAGE_FULL_PIPELINE,0,2.558808884999962,10.423
STAGE_FULL_PIPELINE,0,2.6094682909997573,10.467
STAGE_FULL_PIPELINE,0,2.6601462179996815,10.467
STAGE_FULL_PIPELINE,0,2.7106552770001144,10.731
STAGE_FULL_PIPELINE,0,2.7620760149993657,10.731
STAGE_FULL_PIPELINE,0,2.8132029009993857,8.868
STAGE_FULL_PIPELINE,0,2.8646303589994204,8.868
STAGE_FULL_PIPELINE,0,2.9182861219996994,10.529
STAGE_FULL_PIPELINE,0,2.9689734109997516,10.799
STAGE_FULL_PIPELINE,0,3.020691091000117,10.799
STAGE_FULL_PIPELINE,0,3.0720171469993147,9.623
STAGE_FULL_PIPELINE,0,3.122479161999763,9.623
STAGE_FULL_PIPELINE,0,3.1730701460001,9.697
STAGE_FULL_PIPELINE,0,3.2235298189998502,9.697
STAGE_FULL_PIPELINE,0,3.273965800000042,10.242
STAGE_FULL_PIPELINE,0,3.3277662629998304,9.414
STAGE_FULL_PIPELINE,0,3.3790698339998926,8.487
STAGE_FULL_PIPELINE,0,3.4406555750001644,10.744
STAGE_FULL_PIPELINE,0,3.49182955499964,10.19
STAGE_FULL_PIPELINE,0,3.5429938560000664,9.322
STAGE_FULL_PIPELINE,0,3.5941917410000315,9.322
STAGE_FULL_PIPELINE,0,3.6454859369996484,10.042
STAGE_FULL_PIPELINE,0,3.695957389999421,10.042
STAGE_FULL_PIPELINE,0,3.7465133189998596,10.737
STAGE_FULL_PIPELINE,0,3.7981222270000217,10.094
STAGE_FULL_PIPELINE,0,3.848500263999995,10.094
STAGE_FULL_PIPELINE,0,3.898934265999742,9.755
STAGE_FULL_PIPELINE,0,3.9493416320001415,9.755
STAGE_FULL_PIPELINE,0,3.999864546999561,9.973
STAGE_FULL_PIPELINE,0,4.050257166999472,9.973
STAGE_FULL_PIPELINE,0,4.1007410359998175,10.09
STAGE_FULL_PIPELINE,0,4.151292699999431,10.09
STAGE_FULL_PIPELINE,0,4.201780675000009,9.661
STAGE_FULL_PIPELINE,0,4.252890103000027,9.821
STAGE_FULL_PIPELINE,0,4.303260519000105,9.821
STAGE_FULL_PIPELINE,0,4.353588527999818,9.966
STAGE_FULL_PIPELINE,0,4.405539153000063,9.966
STAGE_FULL_PIPELINE,0,4.4604128709997894,10.406
STAGE_FULL_PIPELINE,0,4.510890649999965,10.406
STAGE_FULL_PIPELINE,0,4.561308098999689,9.436
STAGE_FULL_PIPELINE,0,4.61251279499993,9.436
STAGE_FULL_PIPELINE,0,4.663759184999435,9.735
STAGE_FULL_PIPELINE,0,4.714079211999888,9.803
STAGE_FULL_PIPELINE,0,4.767329274000076,9.803
STAGE_FULL_PIPELINE,0,4.822394809999423,10.602
STAGE_FULL_PIPELINE,0,4.873570173999724,9.643
STAGE_FULL_PIPELINE,0,4.935847435000142,9.435
STAGE_FULL_PIPELINE,0,4.987003897999784,9.783
STAGE_FULL_PIPELINE,0,5.037447334999342,9.783
STAGE_FULL_PIPELINE,0,5.087939258000006,5.801
STAGE_FULL_PIPELINE,0,5.1389837619999525,5.801
STAGE_FULL_PIPELINE,0,5.190667424999447,10.718
STAGE_FULL_PIPELINE,0,5.241075743999318,10.718
STAGE_FULL_PIPELINE,0,5.2916912239998055,10.047
STAGE_FULL_PIPELINE,0,5.342157799999768,10.047
STAGE_FULL_PIPELINE,0,5.392708636999487,9.321
STAGE_FULL_PIPELINE,0,5.444114091999836,10.164
STAGE_FULL_PIPELINE,0,5.499258806999933,10.068
STAGE_FULL_PIPELINE,0,5.549716524999894,10.256
STAGE_FULL_PIPELINE,0,5.600154249999832,10.256
STAGE_FULL_PIPELINE,0,5.650645147999967,10.295
STAGE_FULL_PIPELINE,0,5.701268993999292,10.295
STAGE_FULL_PIPELINE,0,5.751722563999465,8.923
STAGE_FULL_PIPELINE,0,5.804678628000147,8.923
STAGE_FULL_PIPELINE,0,5.859504314999867,10.297
STAGE_FULL_PIPELINE,0,5.909967413999766,10.875
STAGE_FULL_PIPELINE,0,5.966335924999839,10.875
STAGE_FULL_PIPELINE,0,6.021401842999694,9.425
STAGE_FULL_PIPELINE,0,6.071898077999322,9.425
STAGE_FULL_PIPELINE,0,6.1264066730000195,5.792
STAGE_FULL_PIPELINE,0,6.177502752999317,10.425
STAGE_FULL_PIPELINE,0,6.228046008000092,10.425
STAGE_FULL_PIPELINE,0,6.278594649999832,10.447
STAGE_FULL_PIPELINE,0,6.331691356000192,10.447
STAGE_FULL_PIPELINE,0,6.382303884000066,9.762
STAGE_FULL_PIPELINE,0,6.433615309999368,9.762
STAGE_FULL_PIPELINE,0,6.4855016390001765,9.672
STAGE_FULL_PIPELINE,0,6.535863870999492,9.672
STAGE_FULL_PIPELINE,0,6.586335213999519,10.021
STAGE_FULL_PIPELINE,0,6.636935122000068,10.159
STAGE_FULL_PIPELINE,0,6.6873363679997055,10.159
STAGE_FULL_PIPELINE,0,6.737742911999703,9.528
STAGE_FULL_PIPELINE,0,6.789937999999893,9.528
STAGE_FULL_PIPELINE,0,6.843986572000176,9.833
STAGE_FULL_PIPELINE,0,6.894511478999448,9.833
STAGE_FULL_PIPELINE,0,6.94500804099971,10.32
STAGE_FULL_PIPELINE,0,6.9964039890001,10.32
STAGE_FULL_PIPELINE,0,7.04833718899954,10.352
STAGE_FULL_PIPELINE,0,7.099051795999912,15.416
STAGE_FULL_PIPELINE,0,7.150310735999483,15.416
STAGE_FULL_PIPELINE,0,7.202480795000156,9.618
STAGE_FULL_PIPELINE,0,7.2531901009997455,9.618
STAGE_FULL_PIPELINE,0,7.3036839349997535,9.707
STAGE_FULL_PIPELINE,0,7.354213069999787,9.707
STAGE_FULL_PIPELINE,0,7.404593651000141,9.895
STAGE_FULL_PIPELINE,0,7.455008304999865,9.895
STAGE_FULL_PIPELINE,0,7.505580906999967,10.018
STAGE_FULL_PIPELINE,0,7.556151372999921,10.018
STAGE_FULL_PIPELINE,0,7.6065527159998965,10.093
STAGE_FULL_PIPELINE,0,7.665714355000091,10.907
STAGE_FULL_PIPELINE,0,7.716857249999521,9.523
STAGE_FULL_PIPELINE,0,7.768408240999634,9.895
STAGE_FULL_PIPELINE,0,7.823128731999532,9.993
STAGE_FULL_PIPELINE,0,7.874082473999806,9.806
STAGE_FULL_PIPELINE,0,7.927547936999872,10.517
STAGE_FULL_PIPELINE,0,7.978696113999831,9.458
STAGE_FULL_PIPELINE,0,8.029788080999424,9.458
STAGE_FULL_PIPELINE,0,8.081664704999639,10.426
STAGE_FULL_PIPELINE,0,8.132233272999656,10.426
STAGE_FULL_PIPELINE,0,8.18275368600007,10.43
STAGE_FULL_PIPELINE,0,8.233295799000189,10.43
STAGE_FULL_PIPELINE,0,8.284009723999588,10.414
STAGE_FULL_PIPELINE,0,8.334593192999819,19.828
STAGE_FULL_PIPELINE,0,8.386246076000134,19.828
STAGE_FULL_PIPELINE,0,8.438509120999697,9.63
STAGE_FULL_PIPELINE,0,8.48894046499936,9.63
STAGE_FULL_PIPELINE,0,8.539471313999456,9.485
STAGE_FULL_PIPELINE,0,8.590867394999805,9.485
STAGE_FULL_PIPELINE,0,8.642106409999542,10.336
STAGE_FULL_PIPELINE,0,8.692696783999963,10.336
STAGE_FULL_PIPELINE,0,8.743211009999868,10.33
STAGE_FULL_PIPELINE,0,8.7936089979994,10.33
STAGE_FULL_PIPELINE,0,8.844067484999869,9.975
STAGE_FULL_PIPELINE,0,8.895384716999615,9.975
STAGE_FULL_PIPELINE,0,8.946627223000178,10.359
STAGE_FULL_PIPELINE,0,8.997099250999781,9.791
STAGE_FULL_PIPELINE,0,9.048201124000116,9.791
STAGE_FULL_PIPELINE,0,9.099640778999856,9.679
STAGE_FULL_PIPELINE,0,9.150048886999684,9.679
STAGE_FULL_PIPELINE,0,9.200631787999555,9.941
STAGE_FULL_PIPELINE,0,9.251134037000156,9.941
STAGE_FULL_PIPELINE,0,9.30151503199977,10.073
STAGE_FULL_PIPELINE,0,9.35196361599992,10.073
STAGE_FULL_PIPELINE,0,9.402381981999497,12.088
STAGE_FULL_PIPELINE,0,9.455346650000138,12.088
STAGE_FULL_PIPELINE,0,9.506488277999779,10.356
STAGE_FULL_PIPELINE,0,9.556831517999854,10.356
STAGE_FULL_PIPELINE,0,9.607129560999965,10.101
STAGE_FULL_PIPELINE,0,9.657450691999657,9.202
STAGE_FULL_PIPELINE,0,9.70946183199976,9.202
STAGE_FULL_PIPELINE,0,9.761525830999744,10.02
STAGE_FULL_PIPELINE,0,9.812048050000158,10.02
STAGE_FULL_PIPELINE,0,9.86245874999986,9.84
STAGE_FULL_PIPELINE,0,9.918863144999705,9.84
STAGE_FULL_PIPELINE,0,9.970239528999628,10.371
STAGE_FULL_PIPELINE,0,10.020733405999636,10.371
STAGE_FULL_PIPELINE,0,10.071096769000178,11.274
STAGE_FULL_PIPELINE,0,10.122234767000009,11.274
STAGE_FULL_PIPELINE,0,10.174493984999572,10.121
STAGE_FULL_PIPELINE,0,10.224879471999884,10.387
STAGE_FULL_PIPELINE,0,10.275727954999638,10.387
STAGE_FULL_PIPELINE,0,10.327995345999625,9.854
STAGE_FULL_PIPELINE,0,10.378454656999565,9.854
STAGE_FULL_PIPELINE,0,10.428922200999295,10.121
STAGE_FULL_PIPELINE,0,10.479293124999458,10.121
STAGE_FULL_PIPELINE,0,10.52977360299974,10.189
STAGE_FULL_PIPELINE,0,10.580104560000109,10.189
STAGE_FULL_PIPELINE,0,10.630701026999304,10.21
STAGE_FULL_PIPELINE,0,10.68119440099963,10.21
STAGE_FULL_PIPELINE,0,10.731597940999563,10.226
STAGE_FULL_PIPELINE,0,10.782042348999312,10.226
STAGE_FULL_PIPELINE,0,10.832512145999317,10.114
STAGE_FULL_PIPELINE,0,10.883017880999432,10.114
STAGE_FULL_PIPELINE,0,10.933490917999734,9.586
STAGE_FULL_PIPELINE,0,10.985200418999739,10.214
STAGE_FULL_PIPELINE,0,11.035504915999809,10.214
STAGE_FULL_PIPELINE,0,11.086017623999396,10.291
STAGE_FULL_PIPELINE,0,11.136425130999669,10.291
STAGE_FULL_PIPELINE,0,11.186968011999852,10.323
STAGE_FULL_PIPELINE,0,11.237494758000139,10.323
STAGE_FULL_PIPELINE,0,11.28792200999942,11.751
STAGE_FULL_PIPELINE,0,11.33927094899991,11.751
STAGE_FULL_PIPELINE,0,11.394259366999904,10.03
STAGE_FULL_PIPELINE,0,11.4448331399999,10.03
STAGE_FULL_PIPELINE,0,11.49520264900002,9.791
STAGE_FULL_PIPELINE,0,11.545733879000181,9.791
STAGE_FULL_PIPELINE,0,11.596184178999465,9.827
STAGE_FULL_PIPELINE,0,11.646624404999784,9.948
STAGE_FULL_PIPELINE,0,11.697095091999472,9.948
STAGE_FULL_PIPELINE,0,11.74747846199989,10.024
STAGE_FULL_PIPELINE,0,11.79807358800008,10.024
STAGE_FULL_PIPELINE,0,11.848477793999336,5.865
STAGE_FULL_PIPELINE,0,11.901849248999497,5.865
STAGE_FULL_PIPELINE,0,11.95296355299979,11.073
STAGE_FULL_PIPELINE,0,12.003282748999482,11.073
STAGE_FULL_PIPELINE,0,12.053790625999682,9.188
STAGE_FULL_PIPELINE,0,12.10496238199994,9.188
STAGE_FULL_PIPELINE,0,12.155969034000009,10.454
STAGE_FULL_PIPELINE,0,12.206451135999487,10.454
STAGE_FULL_PIPELINE,0,12.256843567999567,10.39
STAGE_FULL_PIPELINE,0,12.307190968999748,10.39
STAGE_FULL_PIPELINE,0,12.357605055999556,10.384
STAGE_FULL_PIPELINE,0,12.408347945999594,10.374
STAGE_FULL_PIPELINE,0,12.458857824000006,10.374
STAGE_FULL_PIPELINE,0,12.50927847999992,10.364
STAGE_FULL_PIPELINE,0,12.559667069999705,10.364
STAGE_FULL_PIPELINE,0,12.60998496999946,10.249
STAGE_FULL_PIPELINE,0,12.66053321399977,10.249
STAGE_FULL_PIPELINE,0,12.712295784000162,8.895
STAGE_FULL_PIPELINE,0,12.763612161999845,8.895
STAGE_FULL_PIPELINE,0,12.814710487999946,10.139
STAGE_FULL_PIPELINE,0,12.86529082099969,10.139
STAGE_FULL_PIPELINE,0,12.915704359999836,10.209
STAGE_FULL_PIPELINE,0,12.966215042999465,10.209
STAGE_FULL_PIPELINE,0,13.016649266999593,5.762
STAGE_FULL_PIPELINE,0,13.068800005999947,10.82
STAGE_FULL_PIPELINE,0,13.119296254999426,10.82
STAGE_FULL_PIPELINE,0,13.169593091999559,10.36
STAGE_FULL_PIPELINE,0,13.220026136999877,10.36
STAGE_FULL_PIPELINE,0,13.270524481999928,9.96
STAGE_FULL_PIPELINE,0,13.321822386999884,9.96
STAGE_FULL_PIPELINE,0,13.373484574999566,9.858
STAGE_FULL_PIPELINE,0,13.423915181999291,9.858
STAGE_FULL_PIPELINE,0,13.474249818999851,10.153
STAGE_FULL_PIPELINE,0,13.524578795999332,10.153
STAGE_FULL_PIPELINE,0,13.57495830300013,10.953
STAGE_FULL_PIPELINE,0,13.626956963999874,10.953
STAGE_FULL_PIPELINE,0,13.67972766999992,10.336
STAGE_FULL_PIPELINE,0,13.730291566999767,10.327
STAGE_FULL_PIPELINE,0,13.781295519000196,10.327
STAGE_FULL_PIPELINE,0,13.833621175999724,9.527
STAGE_FULL_PIPELINE,0,13.884102154000175,9.527
STAGE_FULL_PIPELINE,0,13.934711032999985,5.981
STAGE_FULL_PIPELINE,0,13.986005920000025,5.981
STAGE_FULL_PIPELINE,0,14.037645268999768,5.691
STAGE_FULL_PIPELINE,0,14.08929722799985,5.691
STAGE_FULL_PIPELINE,0,14.14264904799984,7.925
STAGE_FULL_PIPELINE,0,14.19486670399965,7.925
STAGE_FULL_PIPELINE,0,14.246132854999814,10.903
STAGE_FULL_PIPELINE,0,14.29663445299957,10.903
STAGE_FULL_PIPELINE,0,14.347198407000178,10.889
STAGE_FULL_PIPELINE,0,14.404756351999822,9.824
STAGE_FULL_PIPELINE,0,14.455253205999725,9.824
STAGE_FULL_PIPELINE,0,14.50561682999978,10.109
STAGE_FULL_PIPELINE,0,14.556779413000186,10.109
STAGE_FULL_PIPELINE,0,14.609422802999688,10.191
STAGE_FULL_PIPELINE,0,14.65988969999944,10.191
STAGE_FULL_PIPELINE,0,14.710552179999468,10.253
STAGE_FULL_PIPELINE,0,14.761091173999375,10.253
STAGE_FULL_PIPELINE,0,14.811831500000153,10.306
STAGE_FULL_PIPELINE,0,14.862286019999374,10.306
STAGE_FULL_PIPELINE,0,14.912668829999348,10.468
STAGE_FULL_PIPELINE,0,14.963862806999714,9.991
STAGE_FULL_PIPELINE,0,15.014327347999824,9.991
STAGE_FULL_PIPELINE,0,15.064857607999329,6.654
STAGE_FULL_PIPELINE,0,15.117091078000158,6.654
STAGE_FULL_PIPELINE,0,15.172446255999603,10.272
STAGE_FULL_PIPELINE,0,15.22291753599984,10.272
STAGE_FULL_PIPELINE,0,15.273294920999433,10.323
STAGE_FULL_PIPELINE,0,15.323826908999763,10.323
STAGE_FULL_PIPELINE,0,15.374201996999545,10.45
STAGE_FULL_PIPELINE,0,15.425375351000184,10.45
STAGE_FULL_PIPELINE,0,15.476709986999595,10.075
STAGE_FULL_PIPELINE,0,15.52717068399943,9.991
STAGE_FULL_PIPELINE,0,15.583639106000192,9.991
STAGE_FULL_PIPELINE,0,15.639410770999348,10.174
STAGE_FULL_PIPELINE,0,15.689902434999567,10.174
STAGE_FULL_PIPELINE,0,15.74031014799948,10.863
STAGE_FULL_PIPELINE,0,15.791527476999363,10.863
STAGE_FULL_PIPELINE,0,15.842705778999516,10.43
STAGE_FULL_PIPELINE,0,15.893129221999516,10.43
STAGE_FULL_PIPELINE,0,15.943505580999954,11.106
STAGE_FULL_PIPELINE,0,15.995056794999982,9.463
STAGE_FULL_PIPELINE,0,16.045424552999975,9.463
STAGE_FULL_PIPELINE,0,16.095876781999323,6.423
STAGE_FULL_PIPELINE,0,16.147120359999462,6.423
STAGE_FULL_PIPELINE,0,16.198940002999734,10.369
STAGE_FULL_PIPELINE,0,16.249430290999953,10.369
STAGE_FULL_PIPELINE,0,16.300299358999837,10.379
STAGE_FULL_PIPELINE,0,16.350767889999588,10.379
STAGE_FULL_PIPELINE,0,16.401694995999605,10.364
STAGE_FULL_PIPELINE,0,16.478422627999862,10.483
STAGE_FULL_PIPELINE,0,16.530610807999437,10.483
STAGE_FULL_PIPELINE,0,16.58659271599936,9.37
STAGE_FULL_PIPELINE,0,16.637059865999618,9.37
STAGE_FULL_PIPELINE,0,16.687585601999672,9.604
STAGE_FULL_PIPELINE,0,16.73809241700019,9.604
STAGE_FULL_PIPELINE,0,16.78868177499953,9.867
STAGE_FULL_PIPELINE,0,16.8407008209997,11.691
STAGE_FULL_PIPELINE,0,16.89202957299949,11.691
STAGE_FULL_PIPELINE,0,16.943266614000095,9.452
STAGE_FULL_PIPELINE,0,16.993734253000184,9.452
STAGE_FULL_PIPELINE,0,17.044181251999362,9.587
STAGE_FULL_PIPELINE,0,17.094786077999743,9.587
STAGE_FULL_PIPELINE,0,17.14540499799932,10.578
STAGE_FULL_PIPELINE,0,17.19714669899986,10.578
STAGE_FULL_PIPELINE,0,17.252499616999557,10.393
STAGE_FULL_PIPELINE,0,17.302927456999896,10.376
STAGE_FULL_PIPELINE,0,17.35349838000002,10.376
STAGE_FULL_PIPELINE,0,17.403929394999977,10.101
STAGE_FULL_PIPELINE,0,17.454490430000078,10.101
STAGE_FULL_PIPELINE,0,17.50482941700011,9.99
STAGE_FULL_PIPELINE,0,17.55525501899956,9.99
STAGE_FULL_PIPELINE,0,17.605579703999865,10.216
STAGE_FULL_PIPELINE,0,17.659629288999895,10.216
STAGE_FULL_PIPELINE,0,17.715236950999497,10.428
STAGE_FULL_PIPELINE,0,17.76586183299969,10.422
STAGE_FULL_PIPELINE,0,17.816440466999666,10.422
STAGE_FULL_PIPELINE,0,17.866919514000074,10.172
STAGE_FULL_PIPELINE,0,17.917355008999948,10.172
STAGE_FULL_PIPELINE,0,17.967744835999838,8.987
STAGE_FULL_PIPELINE,0,18.018809273999977,12.116
STAGE_FULL_PIPELINE,0,18.069876354999906,8.855
STAGE_FULL_PIPELINE,0,18.1209274189996,10.793
STAGE_FULL_PIPELINE,0,18.172055039999577,9.864
STAGE_FULL_PIPELINE,0,18.22325082399948,9.864
STAGE_FULL_PIPELINE,0,18.275016995999977,10.446
STAGE_FULL_PIPELINE,0,18.325416417999804,10.446
STAGE_FULL_PIPELINE,0,18.37583173999974,8.831
STAGE_FULL_PIPELINE,0,18.427151825999317,9.589
STAGE_FULL_PIPELINE,0,18.477537705999566,9.589
STAGE_FULL_PIPELINE,0,18.528036188999977,5.67
STAGE_FULL_PIPELINE,0,18.583858668000175,5.67
STAGE_FULL_PIPELINE,0,18.639292838000074,5.648
STAGE_FULL_PIPELINE,0,18.690564872999857,5.648
STAGE_FULL_PIPELINE,0,18.74166277399945,10.085
STAGE_FULL_PIPELINE,0,18.792158589999417,10.085
STAGE_FULL_PIPELINE,0,18.842523309999706,10.517
STAGE_FULL_PIPELINE,0,18.893837083000108,9.459
STAGE_FULL_PIPELINE,0,18.94419379699957,9.459
STAGE_FULL_PIPELINE,0,18.99477453899999,9.894
STAGE_FULL_PIPELINE,0,19.046449630999632,10.909
STAGE_FULL_PIPELINE,0,19.097674843999812,10.137
STAGE_FULL_PIPELINE,0,19.148776578999787,10.137
STAGE_FULL_PIPELINE,0,19.200639489999958,10.444
STAGE_FULL_PIPELINE,0,19.25117080200016,10.444
STAGE_FULL_PIPELINE,0,19.30167177400017,10.943
STAGE_FULL_PIPELINE,0,19.35278414000004,10.943
STAGE_FULL_PIPELINE,0,19.40473755199946,9.522
STAGE_FULL_PIPELINE,0,19.45528243999979,10.347
STAGE_FULL_PIPELINE,0,19.506310064999525,10.347
STAGE_FULL_PIPELINE,0,19.557645438999316,12.493
STAGE_FULL_PIPELINE,0,19.60876755299978,12.493
STAGE_FULL_PIPELINE,0,19.66019497399975,15.094
STAGE_FULL_PIPELINE,0,19.711298606999662,15.094
STAGE_FULL_PIPELINE,0,19.76242156399985,12.451
STAGE_FULL_PIPELINE,0,19.814091729999745,12.451
STAGE_FULL_PIPELINE,0,19.866331447999983,9.252
STAGE_FULL_PIPELINE,0,19.91682910899999,9.535
STAGE_FULL_PIPELINE,0,19.969258927999363,9.535
STAGE_FULL_PIPELINE,0,20.02081146599994,10.382
STAGE_FULL_PIPELINE,0,20.071143959999972,10.382
STAGE_FULL_PIPELINE,0,20.121574445999613,10.25
STAGE_FULL_PIPELINE,0,20.172812255999816,10.512
STAGE_FULL_PIPELINE,0,20.228419074000158,9.917
STAGE_FULL_PIPELINE,0,20.285120407999784,9.917
STAGE_FULL_PIPELINE,0,20.340215358999558,9.502
STAGE_FULL_PIPELINE,0,20.390571291000015,8.705
STAGE_FULL_PIPELINE,0,20.441970074999517,8.705
STAGE_FULL_PIPELINE,0,20.493113561999962,10.371
STAGE_FULL_PIPELINE,0,20.543524900999728,10.371
STAGE_FULL_PIPELINE,0,20.59396520700011,10.141
STAGE_FULL_PIPELINE,0,20.64509798400013,10.141
STAGE_FULL_PIPELINE,0,20.696490352999717,10.212
STAGE_FULL_PIPELINE,0,20.747032671999477,10.212
STAGE_FULL_PIPELINE,0,20.79753725199953,9.788
STAGE_FULL_PIPELINE,0,20.84798667099949,8.802
STAGE_FULL_PIPELINE,0,20.908167830999446,8.802
STAGE_FULL_PIPELINE,0,20.95931583299989,10.326
STAGE_FULL_PIPELINE,0,21.00971115199991,10.326
STAGE_FULL_PIPELINE,0,21.060095787000137,10.312
STAGE_FULL_PIPELINE,0,21.110586136000165,10.312
STAGE_FULL_PIPELINE,0,21.161037632999978,10.313
STAGE_FULL_PIPELINE,0,21.21141964399976,10.313
STAGE_FULL_PIPELINE,0,21.261859062999974,10.074
STAGE_FULL_PIPELINE,0,21.31243826699938,10.074
STAGE_FULL_PIPELINE,0,21.36307334399953,10.002
STAGE_FULL_PIPELINE,0,21.413662901999487,10.665
STAGE_FULL_PIPELINE,0,21.470424147999438,10.665
STAGE_FULL_PIPELINE,0,21.52524153899958,10.344
STAGE_FULL_PIPELINE,0,21.575711747999776,10.344
STAGE_FULL_PIPELINE,0,21.626243423999767,11.077
STAGE_FULL_PIPELINE,0,21.67734074999953,11.077
STAGE_FULL_PIPELINE,0,21.730997487999957,9.437
STAGE_FULL_PIPELINE,0,21.78164513399952,9.437
STAGE_FULL_PIPELINE,0,21.832198266999512,9.578
STAGE_FULL_PIPELINE,0,21.882717034999587,9.83
STAGE_FULL_PIPELINE,0,21.93332369000018,9.83
STAGE_FULL_PIPELINE,0,21.98390362600003,9.951
STAGE_FULL_PIPELINE,0,22.03446959199937,9.951
STAGE_FULL_PIPELINE,0,22.08491640400007,10.022
STAGE_FULL_PIPELINE,0,22.135523688999456,10.022
STAGE_FULL_PIPELINE,0,22.185959347999415,9.949
STAGE_FULL_PIPELINE,0,22.23649199600004,9.949
STAGE_FULL_PIPELINE,0,22.287048853999295,11.135
STAGE_FULL_PIPELINE,0,22.33845455499977,11.135
STAGE_FULL_PIPELINE,0,22.393035140999928,9.63
STAGE_FULL_PIPELINE,0,22.44412234399988,10.909
STAGE_FULL_PIPELINE,0,22.502078824999444,9.407
STAGE_FULL_PIPELINE,0,22.55590593999932,11.066
STAGE_FULL_PIPELINE,0,22.610567236999486,11.066
STAGE_FULL_PIPELINE,0,22.661563498999385,9.598
STAGE_FULL_PIPELINE,0,22.711987693000083,9.598
STAGE_FULL_PIPELINE,0,22.762364504999823,9.641
STAGE_FULL_PIPELINE,0,22.814035444999718,10.239
STAGE_FULL_PIPELINE,0,22.864513374000126,10.239
STAGE_FULL_PIPELINE,0,22.91488788100014,10.81
STAGE_FULL_PIPELINE,0,22.966825266999876,10.81
STAGE_FULL_PIPELINE,0,23.01797908699973,17.912
STAGE_FULL_PIPELINE,0,23.06910579899977,17.912
STAGE_FULL_PIPELINE,0,23.121206455999527,9.239
STAGE_FULL_PIPELINE,0,23.171625977000076,9.239
STAGE_FULL_PIPELINE,0,23.222188384999754,9.541
STAGE_FULL_PIPELINE,0,23.272591500999624,10.555
STAGE_FULL_PIPELINE,0,23.323765813000136,10.555
STAGE_FULL_PIPELINE,0,23.375486633000037,10.333
STAGE_FULL_PIPELINE,0,23.42599625999992,10.333
STAGE_FULL_PIPELINE,0,23.476413290999517,10.083
STAGE_FULL_PIPELINE,0,23.527708646000065,10.083
STAGE_FULL_PIPELINE,0,23.57909350999944,9.915
STAGE_FULL_PIPELINE,0,23.629624698000043,9.915
STAGE_FULL_PIPELINE,0,23.680104619999838,10.118
STAGE_FULL_PIPELINE,0,23.730712761000177,10.118
STAGE_FULL_PIPELINE,0,23.781194342000163,11.38
STAGE_FULL_PIPELINE,0,23.832537984999362,9.176
STAGE_FULL_PIPELINE,0,23.883090173999335,9.176
STAGE_FULL_PIPELINE,0,23.933574959999532,10.426
STAGE_FULL_PIPELINE,0,23.984804179999628,10.426
STAGE_FULL_PIPELINE,0,24.037371818999418,10.267
STAGE_FULL_PIPELINE,0,24.087750525000047,10.267
STAGE_FULL_PIPELINE,0,24.1387713919994,16.845
STAGE_FULL_PIPELINE,0,24.18990985599976,9.09
STAGE_FULL_PIPELINE,0,24.24032265200003,9.09
STAGE_FULL_PIPELINE,0,24.290669224999874,9.489
STAGE_FULL_PIPELINE,0,24.342650423000123,9.489
STAGE_FULL_PIPELINE,0,24.393166161999943,10.561
STAGE_FULL_PIPELINE,0,24.44420270899991,10.561
STAGE_FULL_PIPELINE,0,24.49614704799933,10.378
STAGE_FULL_PIPELINE,0,24.546482896999805,10.378
STAGE_FULL_PIPELINE,0,24.596826449999753,9.654
STAGE_FULL_PIPELINE,0,24.647954784999456,9.928
STAGE_FULL_PIPELINE,0,24.704198329000064,10.542
STAGE_FULL_PIPELINE,0,24.755296382999404,10.606
STAGE_FULL_PIPELINE,0,24.806786446999467,10.606
STAGE_FULL_PIPELINE,0,24.8612765580001,10.291
STAGE_FULL_PIPELINE,0,24.91165927899965,10.291
STAGE_FULL_PIPELINE,0,24.962055353999858,10.043
STAGE_FULL_PIPELINE,0,25.01321137800005,9.831
STAGE_FULL_PIPELINE,0,25.06758572599938,9.831
STAGE_FULL_PIPELINE,0,25.121979531999386,10.4
STAGE_FULL_PIPELINE,0,25.176267838999593,10.4
STAGE_FULL_PIPELINE,0,25.22667231200012,16.036
STAGE_FULL_PIPELINE,0,25.278973748999306,16.036
STAGE_FULL_PIPELINE,0,25.335639512999478,9.041
STAGE_FULL_PIPELINE,0,25.386034649000067,9.501
STAGE_FULL_PIPELINE,0,25.43645505999939,9.501
STAGE_FULL_PIPELINE,0,25.486843855999723,9.774
STAGE_FULL_PIPELINE,0,25.537201395999546,9.774
STAGE_FULL_PIPELINE,0,25.58771732399964,9.907
STAGE_FULL_PIPELINE,0,25.638047792999714,9.907
STAGE_FULL_PIPELINE,0,25.688508373999866,9.736
STAGE_FULL_PIPELINE,0,25.738885707999543,9.736
STAGE_FULL_PIPELINE,0,25.78941064999981,9.781
STAGE_FULL_PIPELINE,0,25.83980165899993,9.857
STAGE_FULL_PIPELINE,0,25.890181892999863,9.857
STAGE_FULL_PIPELINE,0,25.94062016999942,9.908
STAGE_FULL_PIPELINE,0,25.991200638999544,9.908
STAGE_FULL_PIPELINE,0,26.041562876999706,9.918
STAGE_FULL_PIPELINE,0,26.09287889299958,9.918
STAGE_FULL_PIPELINE,0,26.143844842999897,9.99
STAGE_FULL_PIPELINE,0,26.19425154199962,9.99
STAGE_FULL_PIPELINE,0,26.244663692999893,10.133
STAGE_FULL_PIPELINE,0,26.29515870799969,10.133
STAGE_FULL_PIPELINE,0,26.3456848349997,10.194
STAGE_FULL_PIPELINE,0,26.39612739399945,9.889
STAGE_FULL_PIPELINE,0,26.446591103000173,9.889
STAGE_FULL_PIPELINE,0,26.497030284000175,9.919
STAGE_FULL_PIPELINE,0,26.547738944999764,9.919
STAGE_FULL_PIPELINE,0,26.5982012329996,9.996
STAGE_FULL_PIPELINE,0,26.64875458899951,9.996
STAGE_FULL_PIPELINE,0,26.699245335999876,6.102
STAGE_FULL_PIPELINE,0,26.75073901199994,6.102
STAGE_FULL_PIPELINE,0,26.802015857999322,9.661
STAGE_FULL_PIPELINE,0,26.85310661999938,10.102
STAGE_FULL_PIPELINE,0,26.903552869999658,10.102
STAGE_FULL_PIPELINE,0,26.953996894999364,10.223
STAGE_FULL_PIPELINE,0,27.00430024599973,10.223
STAGE_FULL_PIPELINE,0,27.054563826999583,10.248
STAGE_FULL_PIPELINE,0,27.10492694899949,10.248
STAGE_FULL_PIPELINE,0,27.155323613999826,9.938
STAGE_FULL_PIPELINE,0,27.20563680699979,9.938
STAGE_FULL_PIPELINE,0,27.25620972500019,9.952
STAGE_FULL_PIPELINE,0,27.306601008000143,10.009
STAGE_FULL_PIPELINE,0,27.357062955999936,10.009
STAGE_FULL_PIPELINE,0,27.4074376210001,10.066
STAGE_FULL_PIPELINE,0,27.457741799999894,10.066
STAGE_FULL_PIPELINE,0,27.50812210999993,9.929
STAGE_FULL_PIPELINE,0,27.558636650000153,9.929
STAGE_FULL_PIPELINE,0,27.609059102000174,9.942
STAGE_FULL_PIPELINE,0,27.659688857999754,9.942
STAGE_FULL_PIPELINE,0,27.710301022999374,9.97
STAGE_FULL_PIPELINE,0,27.76078402799976,9.97
STAGE_FULL_PIPELINE,0,27.811348797999926,9.99
STAGE_FULL_PIPELINE,0,27.861826057000144,9.849
STAGE_FULL_PIPELINE,0,27.912281789999724,9.849
STAGE_FULL_PIPELINE,0,27.962654889000078,9.854
STAGE_FULL_PIPELINE,0,28.013051128999905,9.854
STAGE_FULL_PIPELINE,0,28.06344449199969,9.846
STAGE_FULL_PIPELINE,0,28.113841258999855,9.846
STAGE_FULL_PIPELINE,0,28.164377951999995,9.95
STAGE_FULL_PIPELINE,0,28.214868557000045,9.95
STAGE_FULL_PIPELINE,0,28.265309714000068,9.826
STAGE_FULL_PIPELINE,0,28.315639632000057,9.832
STAGE_FULL_PIPELINE,0,28.366129125999578,9.832
STAGE_FULL_PIPELINE,0,28.416550089999873,9.925
STAGE_FULL_PIPELINE,0,28.46897426599935,9.925
STAGE_FULL_PIPELINE,0,28.521912475000136,10.206
STAGE_FULL_PIPELINE,0,28.572300642999835,10.206
STAGE_FULL_PIPELINE,0,28.62262824699974,9.58
STAGE_FULL_PIPELINE,0,28.67299557199931,9.58
STAGE_FULL_PIPELINE,0,28.723366911000085,9.752
STAGE_FULL_PIPELINE,0,28.77385416099969,9.917
STAGE_FULL_PIPELINE,0,28.8243167189994,9.917
STAGE_FULL_PIPELINE,0,28.87479260100008,9.969
STAGE_FULL_PIPELINE,0,28.935847243999888,9.969
STAGE_FULL_PIPELINE,0,28.986343380999642,9.613
STAGE_FULL_PIPELINE,0,29.037325522000174,9.613
STAGE_FULL_PIPELINE,0,29.08928220300004,10.229
STAGE_FULL_PIPELINE,0,29.139652002999355,10.229
STAGE_FULL_PIPELINE,0,29.1900052889996,10.816
STAGE_FULL_PIPELINE,0,29.241045834000033,10.387
STAGE_FULL_PIPELINE,0,29.29243177099943,9.27
STAGE_FULL_PIPELINE,0,29.34344671100007,9.415
STAGE_FULL_PIPELINE,0,29.396031391999713,9.415
STAGE_FULL_PIPELINE,0,29.447479230999306,9.902
STAGE_FULL_PIPELINE,0,29.49798681199991,9.902
STAGE_FULL_PIPELINE,0,29.548422453000057,10.43
STAGE_FULL_PIPELINE,0,29.599769853999533,10.096
STAGE_FULL_PIPELINE,0,29.650178439999763,10.096
STAGE_FULL_PIPELINE,0,29.70053488099984,6.645
STAGE_FULL_PIPELINE,0,29.752493534999303,6.645
STAGE_FULL_PIPELINE,0,29.806279370000084,5.83
STAGE_FULL_PIPELINE,0,29.857709891999548,5.83
STAGE_FULL_PIPELINE,0,29.909251254999617,10.404
STAGE_FULL_PIPELINE,0,29.959746544000154,10.404
STAGE_FULL_PIPELINE,0,30.010138339999685,10.256
STAGE_MODEL_CCT,0,0.0017993929996009683,7.442
STAGE_MODEL_CCT,0,0.05331985500015435,10.743
STAGE_MODEL_CCT,0,0.10651418999987072,10.157
STAGE_MODEL_CCT,0,0.1602456729997357,10.157
STAGE_MODEL_CCT,0,0.21662980200017046,9.473
STAGE_MODEL_CCT,0,0.26697940600024594,9.473
STAGE_MODEL_CCT,0,0.317456953999681,10.817
STAGE_MODEL_CCT,0,0.36935535199972946,9.948
STAGE_MODEL_CCT,0,0.42408525999962876,9.948
STAGE_MODEL_CCT,0,0.47959771800015005,10.346
STAGE_MODEL_CCT,0,0.5302632100001574,10.346
STAGE_MODEL_CCT,0,0.5807196189998649,9.149
STAGE_MODEL_CCT,0,0.6323339979999218,9.149
STAGE_MODEL_CCT,0,0.6834347160001926,9.674
STAGE_MODEL_CCT,0,0.7338633019999179,10.563
STAGE_MODEL_CCT,0,0.7874891459996434,10.563
STAGE_MODEL_CCT,0,0.8414378079996823,10.377
STAGE_MODEL_CCT,0,0.8917772570002853,10.377
STAGE_MODEL_CCT,0,0.9421584820001954,20.787
STAGE_MODEL_CCT,0,0.9931735809996098,20.787
STAGE_MODEL_CCT,0,1.0442747810002402,9.294
STAGE_MODEL_CCT,0,1.094697728999563,9.833
STAGE_MODEL_CCT,0,1.1453510909996112,9.833
STAGE_MODEL_CCT,0,1.1959418790002019,10.003
STAGE_MODEL_CCT,0,1.2464735430003202,10.003
STAGE_MODEL_CCT,0,1.2969133480000892,10.035
STAGE_MODEL_CCT,0,1.3472970220000207,10.035
STAGE_MODEL_CCT,0,1.3977062459998706,9.894
STAGE_MODEL_CCT,0,1.4481792260003203,9.894
STAGE_MODEL_CCT,0,1.498743486999956,8.696
STAGE_MODEL_CCT,0,1.5503745969999727,8.696
STAGE_MODEL_CCT,0,1.601606940000238,10.252
STAGE_MODEL_CCT,0,1.652125736999551,10.252
STAGE_MODEL_CCT,0,1.702517257999716,10.317
STAGE_MODEL_CCT,0,1.7529236179998406,9.072
STAGE_MODEL_CCT,0,1.8051898029998483,9.072
STAGE_MODEL_CCT,0,1.8563938309998775,9.459
STAGE_MODEL_CCT,0,1.9069479720001254,9.459
STAGE_MODEL_CCT,0,1.9573957060001703,9.798
STAGE_MODEL_CCT,0,2.0078855159999875,9.798
STAGE_MODEL_CCT,0,2.0583236969996506,9.981
STAGE_MODEL_CCT,0,2.108912102999966,9.981
STAGE_MODEL_CCT,0,2.1594136679996154,10.078
STAGE_MODEL_CCT,0,2.2100176710000596,9.655
STAGE_MODEL_CCT,0,2.261792059000072,10.453
STAGE_MODEL_CCT,0,2.3130358700000215,9.834
STAGE_MODEL_CCT,0,2.3647950790000323,9.834
STAGE_MODEL_CCT,0,2.4205227729999024,10.308
STAGE_MODEL_CCT,0,2.4710856519996014,10.308
STAGE_MODEL_CCT,0,2.521556617999522,10.303
STAGE_MODEL_CCT,0,2.572088459999577,10.303
STAGE_MODEL_CCT,0,2.62249669799985,10.249
STAGE_MODEL_CCT,0,2.673965926999699,9.559
STAGE_MODEL_CCT,0,2.7242711440003404,9.559
STAGE_MODEL_CCT,0,2.7746886619997895,10.669
STAGE_MODEL_CCT,0,2.828324557999622,10.669
STAGE_MODEL_CCT,0,2.8847139580002477,10.326
STAGE_MODEL_CCT,0,2.935188131999894,10.326
STAGE_MODEL_CCT,0,2.9906657749997976,16.689
STAGE_MODEL_CCT,0,3.041912757999853,9.101
STAGE_MODEL_CCT,0,3.0924278789998425,9.101
STAGE_MODEL_CCT,0,3.142937032000191,9.558
STAGE_MODEL_CCT,0,3.193352698999661,9.558
STAGE_MODEL_CCT,0,3.2438995189995694,9.802
STAGE_MODEL_CCT,0,3.3000303010003336,9.802
STAGE_MODEL_CCT,0,3.3505962560002445,10.578
STAGE_MODEL_CCT,0,3.4021772480000436,10.578
STAGE_MODEL_CCT,0,3.454308071000014,9.695
STAGE_MODEL_CCT,0,3.504848296000091,9.695
STAGE_MODEL_CCT,0,3.555324871999801,9.9
STAGE_MODEL_CCT,0,3.6110941509996337,10.24
STAGE_MODEL_CCT,0,3.661853431999589,10.24
STAGE_MODEL_CCT,0,3.712399865000407,10.289
STAGE_MODEL_CCT,0,3.7627564000003986,10.289
STAGE_MODEL_CCT,0,3.81332760100031,11.156
STAGE_MODEL_CCT,0,3.8648844870003813,11.156
STAGE_MODEL_CCT,0,3.916152097000122,10.016
STAGE_MODEL_CCT,0,3.9670940730002258,10.016
STAGE_MODEL_CCT,0,4.0175962069997695,9.674
STAGE_MODEL_CCT,0,4.067960409999614,9.916
STAGE_MODEL_CCT,0,4.118466631000047,9.916
STAGE_MODEL_CCT,0,4.168962728000224,10.02
STAGE_MODEL_CCT,0,4.219442423000146,10.02
STAGE_MODEL_CCT,0,4.269856693999827,10.017
STAGE_MODEL_CCT,0,4.320482080999682,10.017
STAGE_MODEL_CCT,0,4.370856223999908,9.938
STAGE_MODEL_CCT,0,4.421346125999662,9.938
STAGE_MODEL_CCT,0,4.471831161999944,9.903
STAGE_MODEL_CCT,0,4.5222156379995795,9.903
STAGE_MODEL_CCT,0,4.572681386000113,9.871
STAGE_MODEL_CCT,0,4.623890951000249,10.3
STAGE_MODEL_CCT,0,4.674293199999738,10.3
STAGE_MODEL_CCT,0,4.724669143000028,9.772
STAGE_MODEL_CCT,0,4.775073265999708,9.772
STAGE_MODEL_CCT,0,4.825462884999979,9.79
STAGE_MODEL_CCT,0,4.875779318000241,9.79
STAGE_MODEL_CCT,0,4.926108976999785,9.906
STAGE_MODEL_CCT,0,4.976535196999976,9.906
STAGE_MODEL_CCT,0,5.026958290000039,9.986
STAGE_MODEL_CCT,0,5.077513404999991,9.986
STAGE_MODEL_CCT,0,5.127932360999694,9.959
STAGE_MODEL_CCT,0,5.1784979920003025,5.965
STAGE_MODEL_CCT,0,5.229716529999678,5.965
STAGE_MODEL_CCT,0,5.281025698999656,10.248
STAGE_MODEL_CCT,0,5.331566885000029,10.248
STAGE_MODEL_CCT,0,5.381991354999627,10.283
STAGE_MODEL_CCT,0,5.432447365000371,10.283
STAGE_MODEL_CCT,0,5.483059887999843,10.304
STAGE_MODEL_CCT,0,5.533576281999558,10.304
STAGE_MODEL_CCT,0,5.584118660000058,10.254
STAGE_MODEL_CCT,0,5.642553749000399,9.859
STAGE_MODEL_CCT,0,5.693122407999908,9.859
STAGE_MODEL_CCT,0,5.7437847589999365,10.704
STAGE_MODEL_CCT,0,5.794945268999982,10.704
STAGE_MODEL_CCT,0,5.846244481999747,10.395
STAGE_MODEL_CCT,0,5.896744534999925,10.395
STAGE_MODEL_CCT,0,5.947422686999744,10.135
STAGE_MODEL_CCT,0,5.997959565000201,10.135
STAGE_MODEL_CCT,0,6.048395361000075,9.882
STAGE_MODEL_CCT,0,6.0989632909995635,9.979
STAGE_MODEL_CCT,0,6.14938778800024,9.979
STAGE_MODEL_CCT,0,6.199858723000034,10.051
STAGE_MODEL_CCT,0,6.2503777179999815,10.051
STAGE_MODEL_CCT,0,6.300872599000286,10.107
STAGE_MODEL_CCT,0,6.351470204000179,10.107
STAGE_MODEL_CCT,0,6.401959185000123,12.251
STAGE_MODEL_CCT,0,6.453602073999718,12.251
STAGE_MODEL_CCT,0,6.504814036000425,9.318
STAGE_MODEL_CCT,0,6.555211703999703,9.318
STAGE_MODEL_CCT,0,6.605661878000319,9.885
STAGE_MODEL_CCT,0,6.6561163070000475,10.062
STAGE_MODEL_CCT,0,6.706645193999975,10.062
STAGE_MODEL_CCT,0,6.757143073999941,10.324
STAGE_MODEL_CCT,0,6.811908183000014,10.324
STAGE_MODEL_CCT,0,6.863618069999575,9.371
STAGE_MODEL_CCT,0,6.914181047999591,9.371
STAGE_MODEL_CCT,0,6.964615511000375,10.175
STAGE_MODEL_CCT,0,7.015895991999969,10.175
STAGE_MODEL_CCT,0,7.066990340000302,10.331
STAGE_MODEL_CCT,0,7.11755240399998,10.34
STAGE_MODEL_CCT,0,7.1681990730003236,10.34
STAGE_MODEL_CCT,0,7.218684624000161,8.444
STAGE_MODEL_CCT,0,7.269720336999853,8.444
STAGE_MODEL_CCT,0,7.3210054330002095,8.34
STAGE_MODEL_CCT,0,7.374078771999848,8.34
STAGE_MODEL_CCT,0,7.428556578000098,6.655
STAGE_MODEL_CCT,0,7.480355644000156,10.138
STAGE_MODEL_CCT,0,7.533259595000345,12.624
STAGE_MODEL_CCT,0,7.584333056000105,9.719
STAGE_MODEL_CCT,0,7.6382299019996935,9.719
STAGE_MODEL_CCT,0,7.6895062679996045,9.129
STAGE_MODEL_CCT,0,7.740849216999777,9.129
STAGE_MODEL_CCT,0,7.791289138999673,9.047
STAGE_MODEL_CCT,0,7.842481358999976,9.047
STAGE_MODEL_CCT,0,7.894473835000099,10.228
STAGE_MODEL_CCT,0,7.9450514130003285,10.228
STAGE_MODEL_CCT,0,7.995513754000058,9.052
STAGE_MODEL_CCT,0,8.046781281000221,9.403
STAGE_MODEL_CCT,0,8.098552532000213,11.484
STAGE_MODEL_CCT,0,8.149943729999904,8.482
STAGE_MODEL_CCT,0,8.20130639099989,8.482
STAGE_MODEL_CCT,0,8.253519054999742,10.281
STAGE_MODEL_CCT,0,8.304002961000151,10.281
STAGE_MODEL_CCT,0,8.3543832080004,9.716
STAGE_MODEL_CCT,0,8.405816593000054,9.716
STAGE_MODEL_CCT,0,8.458631948000402,9.937
STAGE_MODEL_CCT,0,8.509165090000351,6.201
STAGE_MODEL_CCT,0,8.563965430999815,6.201
STAGE_MODEL_CCT,0,8.619913859999542,10.205
STAGE_MODEL_CCT,0,8.67039097900033,10.205
STAGE_MODEL_CCT,0,8.720712962000107,5.686
STAGE_MODEL_CCT,0,8.771876218000216,5.686
STAGE_MODEL_CCT,0,8.823229816000094,10.046
STAGE_MODEL_CCT,0,8.873745601000337,10.046
STAGE_MODEL_CCT,0,8.92419911199977,10.142
STAGE_MODEL_CCT,0,8.974658185000408,9.221
STAGE_MODEL_CCT,0,9.026571729999887,9.221
STAGE_MODEL_CCT,0,9.078355335999731,10.047
STAGE_MODEL_CCT,0,9.128776128000027,10.047
STAGE_MODEL_CCT,0,9.179361954999877,10.127
STAGE_MODEL_CCT,0,9.229930671000147,10.127
STAGE_MODEL_CCT,0,9.280528606999724,11.445
STAGE_MODEL_CCT,0,9.336571840999568,11.445
STAGE_MODEL_CCT,0,9.391387507000218,9.287
STAGE_MODEL_CCT,0,9.44189108699993,9.796
STAGE_MODEL_CCT,0,9.496324020999964,9.796
STAGE_MODEL_CCT,0,9.554061466999883,11.352
STAGE_MODEL_CCT,0,9.607618164999622,9.644
STAGE_MODEL_CCT,0,9.658625922999818,13.486
STAGE_MODEL_CCT,0,9.709688513999936,13.486
STAGE_MODEL_CCT,0,9.760697638999773,10.161
STAGE_MODEL_CCT,0,9.81103918899953,13.885
STAGE_MODEL_CCT,0,9.862099085000409,13.885
STAGE_MODEL_CCT,0,9.913148706000356,10.108
STAGE_MODEL_CCT,0,9.96804278000036,10.108
STAGE_MODEL_CCT,0,10.018397924000055,10.773
STAGE_MODEL_CCT,0,10.069419024000126,10.773
STAGE_MODEL_CCT,0,10.124126728999727,10.257
STAGE_MODEL_CCT,0,10.175083696000002,10.257
STAGE_MODEL_CCT,0,10.233287101000315,9.928
STAGE_MODEL_CCT,0,10.285409015999903,9.309
STAGE_MODEL_CCT,0,10.335755135999534,9.309
STAGE_MODEL_CCT,0,10.386091225999735,8.723
STAGE_MODEL_CCT,0,10.437116494999827,8.723
STAGE_MODEL_CCT,0,10.488331206999646,10.404
STAGE_MODEL_CCT,0,10.53868637800042,10.404
STAGE_MODEL_CCT,0,10.588991200999772,10.422
STAGE_MODEL_CCT,0,10.639335173999825,10.422
STAGE_MODEL_CCT,0,10.689703301000009,10.238
STAGE_MODEL_CCT,0,10.740033948000018,10.058
STAGE_MODEL_CCT,0,10.790379639999628,10.058
STAGE_MODEL_CCT,0,10.840748911999981,10.092
STAGE_MODEL_CCT,0,10.891033803999562,10.092
STAGE_MODEL_CCT,0,10.941558866999912,10.131
STAGE_MODEL_CCT,0,10.992026711999642,10.131
STAGE_MODEL_CCT,0,11.042436554999767,10.167
STAGE_MODEL_CCT,0,11.092887658000109,10.167
STAGE_MODEL_CCT,0,11.143426632000228,10.097
STAGE_MODEL_CCT,0,11.19388893500036,10.097
STAGE_MODEL_CCT,0,11.244455641999593,10.077
STAGE_MODEL_CCT,0,11.294823078000263,10.077
STAGE_MODEL_CCT,0,11.345180170000276,10.055
STAGE_MODEL_CCT,0,11.395500335000179,10.081
STAGE_MODEL_CCT,0,11.446127274999526,10.081
STAGE_MODEL_CCT,0,11.49648457999956,10.074
STAGE_MODEL_CCT,0,11.54700001099991,10.074
STAGE_MODEL_CCT,0,11.597509465000257,10.003
STAGE_MODEL_CCT,0,11.64808164399983,10.003
STAGE_MODEL_CCT,0,11.698546200999772,9.97
STAGE_MODEL_CCT,0,11.74891892300002,9.97
STAGE_MODEL_CCT,0,11.799253350000072,10.057
STAGE_MODEL_CCT,0,11.849617597999895,10.057
STAGE_MODEL_CCT,0,11.900151963999633,10.078
STAGE_MODEL_CCT,0,11.950624928999787,10.087
STAGE_MODEL_CCT,0,12.00103613400006,10.087
STAGE_MODEL_CCT,0,12.051484231000359,9.999
STAGE_MODEL_CCT,0,12.101946777999729,9.999
STAGE_MODEL_CCT,0,12.152355743999578,10.009
STAGE_MODEL_CCT,0,12.203028285000073,10.009
STAGE_MODEL_CCT,0,12.253585573000237,10.045
STAGE_MODEL_CCT,0,12.304032981999626,10.045
STAGE_MODEL_CCT,0,12.354510848000245,10.084
STAGE_MODEL_CCT,0,12.405028166999728,10.084
STAGE_MODEL_CCT,0,12.455364536999696,10.065
STAGE_MODEL_CCT,0,12.505993564000164,10.065
STAGE_MODEL_CCT,0,12.556439926000166,9.963
STAGE_MODEL_CCT,0,12.606859215999975,9.996
STAGE_MODEL_CCT,0,12.657218039999862,9.996
STAGE_MODEL_CCT,0,12.707724378000421,10.057
STAGE_MODEL_CCT,0,12.758069665000221,10.057
STAGE_MODEL_CCT,0,12.808557299000313,10.043
STAGE_MODEL_CCT,0,12.858899695000218,10.043
STAGE_MODEL_CCT,0,12.909346991999882,10.007
STAGE_MODEL_CCT,0,12.959741646000111,10.007
STAGE_MODEL_CCT,0,13.010322223000003,9.96
STAGE_MODEL_CCT,0,13.060834314999738,9.96
STAGE_MODEL_CCT,0,13.11126133200014,9.966
STAGE_MODEL_CCT,0,13.161729776000357,10.02
STAGE_MODEL_CCT,0,13.212129665999782,10.02
STAGE_MODEL_CCT,0,13.262389599999551,9.99
STAGE_MODEL_CCT,0,13.313114804999714,9.99
STAGE_MODEL_CCT,0,13.363729812000201,9.976
STAGE_MODEL_CCT,0,13.414206196000123,9.976
STAGE_MODEL_CCT,0,13.464708608000365,9.984
STAGE_MODEL_CCT,0,13.515258637999978,9.984
STAGE_MODEL_CCT,0,13.56562385899997,9.987
STAGE_MODEL_CCT,0,13.616243665999718,9.987
STAGE_MODEL_CCT,0,13.666744592999748,10.026
STAGE_MODEL_CCT,0,13.717183722999835,10.026
STAGE_MODEL_CCT,0,13.767550567999933,10.027
STAGE_MODEL_CCT,0,13.817982063000272,10.041
STAGE_MODEL_CCT,0,13.874632412999745,10.041
STAGE_MODEL_CCT,0,13.929375849999815,9.556
STAGE_MODEL_CCT,0,13.979735031000018,9.556
STAGE_MODEL_CCT,0,14.030260847000136,9.891
STAGE_MODEL_CCT,0,14.080695953999566,9.891
STAGE_MODEL_CCT,0,14.131158954000057,10.051
STAGE_MODEL_CCT,0,14.18165989299996,10.051
STAGE_MODEL_CCT,0,14.232071067999641,13.816
STAGE_MODEL_CCT,0,14.284591743999954,15.798
STAGE_MODEL_CCT,0,14.335897154000122,15.798
STAGE_MODEL_CCT,0,14.387378020999677,9.517
STAGE_MODEL_CCT,0,14.437802815000396,9.517
STAGE_MODEL_CCT,0,14.48816410299969,9.804
STAGE_MODEL_CCT,0,14.538591907999944,9.804
STAGE_MODEL_CCT,0,14.588903875000142,9.953
STAGE_MODEL_CCT,0,14.639366028999575,9.953
STAGE_MODEL_CCT,0,14.689690662999965,10.034
STAGE_MODEL_CCT,0,14.740056650999577,10.034
STAGE_MODEL_CCT,0,14.790493253000022,10.223
STAGE_MODEL_CCT,0,14.841988887999833,9.501
STAGE_MODEL_CCT,0,14.893818601999556,11.271
STAGE_MODEL_CCT,0,14.945070529000077,9.41
STAGE_MODEL_CCT,0,14.996409706000122,9.41
STAGE_MODEL_CCT,0,15.052340696000101,10.281
STAGE_MODEL_CCT,0,15.102753287999803,10.281
STAGE_MODEL_CCT,0,15.153199405000123,10.454
STAGE_MODEL_CCT,0,15.204371918000106,10.454
STAGE_MODEL_CCT,0,15.255662032000146,9.234
STAGE_MODEL_CCT,0,15.306125586000235,5.632
STAGE_MODEL_CCT,0,15.362577222000255,5.632
STAGE_MODEL_CCT,0,15.417383437999888,10.359
STAGE_MODEL_CCT,0,15.467729127999519,10.359
STAGE_MODEL_CCT,0,15.518244920000143,5.768
STAGE_MODEL_CCT,0,15.570135515000402,5.768
STAGE_MODEL_CCT,0,15.62334764299976,10.424
STAGE_MODEL_CCT,0,15.673799406000398,9.587
STAGE_MODEL_CCT,0,15.724748687000101,9.587
STAGE_MODEL_CCT,0,15.775974416999816,10.055
STAGE_MODEL_CCT,0,15.826324616999955,10.055
STAGE_MODEL_CCT,0,15.876808582000194,10.093
STAGE_MODEL_CCT,0,15.928524875999756,10.093
STAGE_MODEL_CCT,0,15.985063084999638,10.353
STAGE_MODEL_CCT,0,16.03560572399965,10.353
STAGE_MODEL_CCT,0,16.086119630000212,10.16
STAGE_MODEL_CCT,0,16.13665476999995,10.16
STAGE_MODEL_CCT,0,16.18725849400016,9.876
STAGE_MODEL_CCT,0,16.23760762100028,9.965
STAGE_MODEL_CCT,0,16.289410919000147,9.965
STAGE_MODEL_CCT,0,16.340680541999973,10.696
STAGE_MODEL_CCT,0,16.392485557000327,10.696
STAGE_MODEL_CCT,0,16.448827860000165,14.509
STAGE_MODEL_CCT,0,16.500049950000175,9.298
STAGE_MODEL_CCT,0,16.55348851599956,12.341
STAGE_MODEL_CCT,0,16.604970981000406,9.434
STAGE_MODEL_CCT,0,16.655566403000194,9.434
STAGE_MODEL_CCT,0,16.705950943999596,9.833
STAGE_MODEL_CCT,0,16.756303574000412,9.833
STAGE_MODEL_CCT,0,16.80676609300008,10.451
STAGE_MODEL_CCT,0,16.857873050999842,10.451
STAGE_MODEL_CCT,0,16.910057023999798,10.381
STAGE_MODEL_CCT,0,16.960402376000275,10.381
STAGE_MODEL_CCT,0,17.010723891999987,10.796
STAGE_MODEL_CCT,0,17.061744378000185,10.796
STAGE_MODEL_CCT,0,17.11347310600013,9.485
STAGE_MODEL_CCT,0,17.163835119000396,9.485
STAGE_MODEL_CCT,0,17.214280959999996,9.946
STAGE_MODEL_CCT,0,17.26601429600032,10.354
STAGE_MODEL_CCT,0,17.320537380000133,9.912
STAGE_MODEL_CCT,0,17.370932546000404,10.111
STAGE_MODEL_CCT,0,17.421460167999612,10.111
STAGE_MODEL_CCT,0,17.479811205999795,10.575
STAGE_MODEL_CCT,0,17.53105729300023,10.575
STAGE_MODEL_CCT,0,17.58224176299973,9.975
STAGE_MODEL_CCT,0,17.632990793000317,9.975
STAGE_MODEL_CCT,0,17.683748036999532,9.75
STAGE_MODEL_CCT,0,17.734112436000032,9.75
STAGE_MODEL_CCT,0,17.784635474000424,5.649
STAGE_MODEL_CCT,0,17.835983513999963,10.337
STAGE_MODEL_CCT,0,17.886367844000233,10.337
STAGE_MODEL_CCT,0,17.936909914999887,10.342
STAGE_MODEL_CCT,0,17.98737532300038,10.342
STAGE_MODEL_CCT,0,18.03776524299974,10.352
STAGE_MODEL_CCT,0,18.096824360000028,10.352
STAGE_MODEL_CCT,0,18.147384975999557,10.84
STAGE_MODEL_CCT,0,18.198561625000366,10.84
STAGE_MODEL_CCT,0,18.25370534800004,9.525
STAGE_MODEL_CCT,0,18.304042540999944,9.767
STAGE_MODEL_CCT,0,18.35442767299992,9.767
STAGE_MODEL_CCT,0,18.404930609000075,9.943
STAGE_MODEL_CCT,0,18.45524120800019,9.943
STAGE_MODEL_CCT,0,18.508773780999945,9.435
STAGE_MODEL_CCT,0,18.55973755099967,9.435
STAGE_MODEL_CCT,0,18.611509817000297,10.312
STAGE_MODEL_CCT,0,18.66213304499979,10.312
STAGE_MODEL_CCT,0,18.712732572000277,10.42
STAGE_MODEL_CCT,0,18.7640855919999,10.42
STAGE_MODEL_CCT,0,18.81529677599974,10.051
STAGE_MODEL_CCT,0,18.866072965000058,10.051
STAGE_MODEL_CCT,0,18.91666105599961,5.675
STAGE_MODEL_CCT,0,18.967871283999557,10.283
STAGE_MODEL_CCT,0,19.01844494800025,10.283
STAGE_MODEL_CCT,0,19.06896008900003,10.296
STAGE_MODEL_CCT,0,19.119413823000286,10.296
STAGE_MODEL_CCT,0,19.16972458300006,10.292
STAGE_MODEL_CCT,0,19.220507953999913,10.292
STAGE_MODEL_CCT,0,19.27107378100027,10.224
STAGE_MODEL_CCT,0,19.321762159000173,10.224
STAGE_MODEL_CCT,0,19.37225818099978,10.081
STAGE_MODEL_CCT,0,19.422635033000006,10.081
STAGE_MODEL_CCT,0,19.473110873000223,9.025
STAGE_MODEL_CCT,0,19.525115303999883,11.095
STAGE_MODEL_CCT,0,19.57664227999976,9.544
STAGE_MODEL_CCT,0,19.630042273000072,10.209
STAGE_MODEL_CCT,0,19.680443383000238,10.209
STAGE_MODEL_CCT,0,19.731001291999746,9.969
STAGE_MODEL_CCT,0,19.78267108700038,9.969
STAGE_MODEL_CCT,0,19.838586486000167,11.068
STAGE_MODEL_CCT,0,19.890361679000307,9.925
STAGE_MODEL_CCT,0,19.94432403799965,7.362
STAGE_MODEL_CCT,0,19.995518935999826,7.362
STAGE_MODEL_CCT,0,20.046605726999587,9.897
STAGE_MODEL_CCT,0,20.09726794299968,5.697
STAGE_MODEL_CCT,0,20.150852456000393,5.697
STAGE_MODEL_CCT,0,20.20192455799952,10.022
STAGE_MODEL_CCT,0,20.259218678000252,10.022
STAGE_MODEL_CCT,0,20.309602968000036,10.86
STAGE_MODEL_CCT,0,20.36077345600006,10.86
STAGE_MODEL_CCT,0,20.414498074999756,10.394
STAGE_MODEL_CCT,0,20.46484612400036,10.394
STAGE_MODEL_CCT,0,20.515312991999963,9.949
STAGE_MODEL_CCT,0,20.56595037399984,9.949
STAGE_MODEL_CCT,0,20.616398019999906,10.007
STAGE_MODEL_CCT,0,20.667948121000336,10.33
STAGE_MODEL_CCT,0,20.71867324699997,10.33
STAGE_MODEL_CCT,0,20.769239035999817,10.838
STAGE_MODEL_CCT,0,20.823146734000147,10.838
STAGE_MODEL_CCT,0,20.879818487000193,10.344
STAGE_MODEL_CCT,0,20.930331931999717,10.344
STAGE_MODEL_CCT,0,20.98081929700038,10.553
STAGE_MODEL_CCT,0,21.032142486999874,10.553
STAGE_MODEL_CCT,0,21.084525610999663,9.524
STAGE_MODEL_CCT,0,21.13503017000039,9.524
STAGE_MODEL_CCT,0,21.18559137400007,6.376
STAGE_MODEL_CCT,0,21.237220244000127,10.291
STAGE_MODEL_CCT,0,21.287844006999876,10.291
STAGE_MODEL_CCT,0,21.338393123999595,5.507
STAGE_MODEL_CCT,0,21.38955702400017,5.507
STAGE_MODEL_CCT,0,21.44124505899981,10.339
STAGE_MODEL_CCT,0,21.491754525000033,10.339
STAGE_MODEL_CCT,0,21.54238097399957,10.259
STAGE_MODEL_CCT,0,21.592713971000194,10.259
STAGE_MODEL_CCT,0,21.643157905000407,10.001
STAGE_MODEL_CCT,0,21.693601193000177,10.001
STAGE_MODEL_CCT,0,21.74394368600042,10.113
STAGE_MODEL_CCT,0,21.79567600199971,10.113
STAGE_MODEL_CCT,0,21.84966963700026,10.135
STAGE_MODEL_CCT,0,21.900140906999695,11.023
STAGE_MODEL_CCT,0,21.957591200000024,11.023
STAGE_MODEL_CCT,0,22.01457633999962,10.364
STAGE_MODEL_CCT,0,22.06497785800002,10.364
STAGE_MODEL_CCT,0,22.115373454999826,11.189
STAGE_MODEL_CCT,0,22.16651597300006,11.189
STAGE_MODEL_CCT,0,22.21897050699954,9.483
STAGE_MODEL_CCT,0,22.2693796450003,9.483
STAGE_MODEL_CCT,0,22.31991347500025,6.159
STAGE_MODEL_CCT,0,22.37123127399991,10.249
STAGE_MODEL_CCT,0,22.421797029999652,10.249
STAGE_MODEL_CCT,0,22.472234865000246,5.65
STAGE_MODEL_CCT,0,22.523236312000336,5.65
STAGE_MODEL_CCT,0,22.57430883899997,10.026
STAGE_MODEL_CCT,0,22.62473628099997,10.026
STAGE_MODEL_CCT,0,22.67514765099986,10.15
STAGE_MODEL_CCT,0,22.72551788799956,10.15
STAGE_MODEL_CCT,0,22.77608447900002,9.999
STAGE_MODEL_CCT,0,22.827044470000146,9.999
STAGE_MODEL_CCT,0,22.878950991000238,9.691
STAGE_MODEL_CCT,0,22.92945050199978,9.691
STAGE_MODEL_CCT,0,22.979992053000387,9.955
STAGE_MODEL_CCT,0,23.030429182999796,10.062
STAGE_MODEL_CCT,0,23.08087037899986,10.062
STAGE_MODEL_CCT,0,23.13314151099985,10.728
STAGE_MODEL_CCT,0,23.184287502999723,10.728
STAGE_MODEL_CCT,0,23.235676797999986,10.326
STAGE_MODEL_CCT,0,23.28616517899991,10.326
STAGE_MODEL_CCT,0,23.336809237000125,9.835
STAGE_MODEL_CCT,0,23.391527337999833,9.835
STAGE_MODEL_CCT,0,23.442564381999546,9.675
STAGE_MODEL_CCT,0,23.492978991999735,9.675
STAGE_MODEL_CCT,0,23.543431598000097,5.659
STAGE_MODEL_CCT,0,23.600129520000337,10.349
STAGE_MODEL_CCT,0,23.650574997999684,10.349
STAGE_MODEL_CCT,0,23.700995745,10.34
STAGE_MODEL_CCT,0,23.751734376999593,10.34
STAGE_MODEL_CCT,0,23.802185096000358,10.346
STAGE_MODEL_CCT,0,23.852845389999857,10.346
STAGE_MODEL_CCT,0,23.90330330100005,10.147
STAGE_MODEL_CCT,0,23.953717311999753,10.147
STAGE_MODEL_CCT,0,24.00408194099964,10.054
STAGE_MODEL_CCT,0,24.054508745999556,10.054
STAGE_MODEL_CCT,0,24.104931660000148,10.081
STAGE_MODEL_CCT,0,24.15767493600015,10.081
STAGE_MODEL_CCT,0,24.208179983000264,9.655
STAGE_MODEL_CCT,0,24.26533421699969,10.898
STAGE_MODEL_CCT,0,24.31657198100038,10.898
STAGE_MODEL_CCT,0,24.367743101999622,10.258
STAGE_MODEL_CCT,0,24.418099831999825,10.258
STAGE_MODEL_CCT,0,24.46849949999978,9.56
STAGE_MODEL_CCT,0,24.520101711999814,10.76
STAGE_MODEL_CCT,0,24.573016954000195,6.038
STAGE_MODEL_CCT,0,24.624178066999775,10.834
STAGE_MODEL_CCT,0,24.679313955999532,5.592
STAGE_MODEL_CCT,0,24.730490068999643,5.619
STAGE_MODEL_CCT,0,24.781849920999775,5.619
STAGE_MODEL_CCT,0,24.833671157000026,5.75
STAGE_MODEL_CCT,0,24.884710416000416,5.75
STAGE_MODEL_CCT,0,24.935800403999565,10.805
STAGE_MODEL_CCT,0,24.98621431399988,10.805
STAGE_MODEL_CCT,0,25.0366122559999,9.926
STAGE_MODEL_CCT,0,25.087171860000126,9.926
STAGE_MODEL_CCT,0,25.137648259000343,9.594
STAGE_MODEL_CCT,0,25.192895701999987,10.362
STAGE_MODEL_CCT,0,25.243339710000328,10.362
STAGE_MODEL_CCT,0,25.29380138600027,10.243
STAGE_MODEL_CCT,0,25.345042638999985,10.243
STAGE_MODEL_CCT,0,25.39615696599958,9.412
STAGE_MODEL_CCT,0,25.45115099299983,9.412
STAGE_MODEL_CCT,0,25.501461431999815,8.904
STAGE_MODEL_CCT,0,25.554505662000338,8.904
STAGE_MODEL_CCT,0,25.608930825000243,10.225
STAGE_MODEL_CCT,0,25.65931230499973,10.313
STAGE_MODEL_CCT,0,25.709660554999573,10.313
STAGE_MODEL_CCT,0,25.759995520000302,9.906
STAGE_MODEL_CCT,0,25.810349553999913,9.906
STAGE_MODEL_CCT,0,25.860766898999827,9.896
STAGE_MODEL_CCT,0,25.911155144000077,9.896
STAGE_MODEL_CCT,0,25.96149001899994,9.979
STAGE_MODEL_CCT,0,26.011949654999626,9.979
STAGE_MODEL_CCT,0,26.0622824889997,10.028
STAGE_MODEL_CCT,0,26.11270178199993,9.899
STAGE_MODEL_CCT,0,26.16309058600018,9.899
STAGE_MODEL_CCT,0,26.213569991999975,9.9
STAGE_MODEL_CCT,0,26.26405049599998,9.9
STAGE_MODEL_CCT,0,26.31445552399964,9.946
STAGE_MODEL_CCT,0,26.364854655000272,9.946
STAGE_MODEL_CCT,0,26.415259981999952,9.975
STAGE_MODEL_CCT,0,26.46562540800005,9.975
STAGE_MODEL_CCT,0,26.516108722000354,9.909
STAGE_MODEL_CCT,0,26.566450670999984,9.881
STAGE_MODEL_CCT,0,26.616814175999934,9.881
STAGE_MODEL_CCT,0,26.667181408999568,9.874
STAGE_MODEL_CCT,0,26.717618054000013,9.874
STAGE_MODEL_CCT,0,26.76797828799954,9.983
STAGE_MODEL_CCT,0,26.818448836000243,9.983
STAGE_MODEL_CCT,0,26.86887143199965,9.919
STAGE_MODEL_CCT,0,26.91931305700018,9.919
STAGE_MODEL_CCT,0,26.969751085000098,9.897
STAGE_MODEL_CCT,0,27.020377607999762,9.897
STAGE_MODEL_CCT,0,27.070857789,9.908
STAGE_MODEL_CCT,0,27.121239504000187,10.032
STAGE_MODEL_CCT,0,27.171638550999887,10.032
STAGE_MODEL_CCT,0,27.22215736399994,9.915
STAGE_MODEL_CCT,0,27.27263037800003,9.915
STAGE_MODEL_CCT,0,27.323161725999853,9.929
STAGE_MODEL_CCT,0,27.373560515999998,9.929
STAGE_MODEL_CCT,0,27.42402916500032,9.943
STAGE_MODEL_CCT,0,27.474380943999677,9.943
STAGE_MODEL_CCT,0,27.52480032099993,10.046
STAGE_MODEL_CCT,0,27.575163307000366,9.933
STAGE_MODEL_CCT,0,27.625591975000134,9.933
STAGE_MODEL_CCT,0,27.67603001400039,9.938
STAGE_MODEL_CCT,0,27.726411655999982,9.938
STAGE_MODEL_CCT,0,27.776905243999863,9.942
STAGE_MODEL_CCT,0,27.827224914999533,9.942
STAGE_MODEL_CCT,0,27.877602708999802,10.04
STAGE_MODEL_CCT,0,27.927985602000263,10.04
STAGE_MODEL_CCT,0,27.978463092999846,9.917
STAGE_MODEL_CCT,0,28.028779215000213,9.917
STAGE_MODEL_CCT,0,28.079237807000027,9.924
STAGE_MODEL_CCT,0,28.129602156000146,9.924
STAGE_MODEL_CCT,0,28.180014821999976,9.924
STAGE_MODEL_CCT,0,28.230419163999613,10.021
STAGE_MODEL_CCT,0,28.28081477700016,10.021
STAGE_MODEL_CCT,0,28.331208034000156,9.895
STAGE_MODEL_CCT,0,28.38157111700002,9.895
STAGE_MODEL_CCT,0,28.43187250000028,9.907
STAGE_MODEL_CCT,0,28.482441866000045,9.907
STAGE_MODEL_CCT,0,28.532930925000073,9.623
STAGE_MODEL_CCT,0,28.58478292000018,10.341
STAGE_MODEL_CCT,0,28.640650258000278,10.328
STAGE_MODEL_CCT,0,28.69096936599999,10.089
STAGE_MODEL_CCT,0,28.741419996999866,10.089
STAGE_MODEL_CCT,0,28.791813111999545,8.727
STAGE_MODEL_CCT,0,28.842949963000137,8.727
STAGE_MODEL_CCT,0,28.89401819500017,10.387
STAGE_MODEL_CCT,0,28.94434604700018,10.387
STAGE_MODEL_CCT,0,28.99475536800037,10.337
STAGE_MODEL_CCT,0,29.045269356999597,9.912
STAGE_MODEL_CCT,0,29.09579031999965,9.912
STAGE_MODEL_CCT,0,29.146235401000013,9.997
STAGE_MODEL_CCT,0,29.196698249999827,9.997
STAGE_MODEL_CCT,0,29.247455939000247,10.096
STAGE_MODEL_CCT,0,29.29785045599965,10.096
STAGE_MODEL_CCT,0,29.34827895699982,10.109
STAGE_MODEL_CCT,0,29.398869655999988,10.109
STAGE_MODEL_CCT,0,29.449296949999734,10.0
STAGE_MODEL_CCT,0,29.49974697200014,9.32
STAGE_MODEL_CCT,0,29.55339840200031,9.32
STAGE_MODEL_CCT,0,29.604477779999797,10.359
STAGE_MODEL_CCT,0,29.65516231699985,10.359
STAGE_MODEL_CCT,0,29.705609743000423,10.132
STAGE_MODEL_CCT,0,29.757121523999558,10.132
STAGE_MODEL_CCT,0,29.808219735999955,9.174
STAGE_MODEL_CCT,0,29.85863082099968,9.174
STAGE_MODEL_CCT,0,29.90909275499962,10.812
STAGE_MODEL_CCT,0,29.972313258999748,9.956
STAGE_MODEL_INFER,0,0.002180898999540659,7.971
STAGE_MODEL_INFER,0,0.05339196599925344,10.585
STAGE_MODEL_INFER,0,0.10968503599997348,10.075
STAGE_MODEL_INFER,0,0.16455922199929773,10.742
STAGE_MODEL_INFER,0,0.22063335399980133,6.591
STAGE_MODEL_INFER,0,0.2717977219999739,6.591
STAGE_MODEL_INFER,0,0.32344397899942123,5.801
STAGE_MODEL_INFER,0,0.3746141499996156,5.801
STAGE_MODEL_INFER,0,0.42597131799993804,5.738
STAGE_MODEL_INFER,0,0.47725198499938415,5.738
STAGE_MODEL_INFER,0,0.5282431569994515,10.508
STAGE_MODEL_INFER,0,0.5787283159997969,10.086
STAGE_MODEL_INFER,0,0.6306927609994091,10.36
STAGE_MODEL_INFER,0,0.6853901189997487,9.52
STAGE_MODEL_INFER,0,0.7405582289993617,9.52
STAGE_MODEL_INFER,0,0.7945201209995503,10.346
STAGE_MODEL_INFER,0,0.8449443059998885,10.346
STAGE_MODEL_INFER,0,0.8954772139995839,10.301
STAGE_MODEL_INFER,0,0.9536295139996582,9.828
STAGE_MODEL_INFER,0,1.004763914999785,9.828
STAGE_MODEL_INFER,0,1.0560796699992352,9.656
STAGE_MODEL_INFER,0,1.106455375999758,9.656
STAGE_MODEL_INFER,0,1.1567637749994901,10.341
STAGE_MODEL_INFER,0,1.2092434819996924,10.341
STAGE_MODEL_INFER,0,1.2613698319992181,10.248
STAGE_MODEL_INFER,0,1.311908497999866,6.4
STAGE_MODEL_INFER,0,1.372767255999861,6.4
STAGE_MODEL_INFER,0,1.424003146999894,10.215
STAGE_MODEL_INFER,0,1.4744184470000619,10.215
STAGE_MODEL_INFER,0,1.5247715890000109,5.685
STAGE_MODEL_INFER,0,1.5759428009996554,5.685
STAGE_MODEL_INFER,0,1.6269996019991595,10.393
STAGE_MODEL_INFER,0,1.6777439379993666,9.779
STAGE_MODEL_INFER,0,1.7280930699998862,9.779
STAGE_MODEL_INFER,0,1.7785592739992353,9.124
STAGE_MODEL_INFER,0,1.8295290169999134,9.124
STAGE_MODEL_INFER,0,1.8806676599997445,10.317
STAGE_MODEL_INFER,0,1.931012279999777,10.317
STAGE_MODEL_INFER,0,1.981534109999302,10.423
STAGE_MODEL_INFER,0,2.031939242999215,10.423
STAGE_MODEL_INFER,0,2.082323986999654,10.189
STAGE_MODEL_INFER,0,2.132810907000021,10.189
STAGE_MODEL_INFER,0,2.1832510589993035,10.026
STAGE_MODEL_INFER,0,2.233609998999782,10.68
STAGE_MODEL_INFER,0,2.2847154069995668,10.68
STAGE_MODEL_INFER,0,2.336124034999557,9.959
STAGE_MODEL_INFER,0,2.387402421999468,9.959
STAGE_MODEL_INFER,0,2.4389043940000192,9.286
STAGE_MODEL_INFER,0,2.48918226799924,9.286
STAGE_MODEL_INFER,0,2.5431191289999333,5.743
STAGE_MODEL_INFER,0,2.59422347599957,10.398
STAGE_MODEL_INFER,0,2.6445873829998163,10.398
STAGE_MODEL_INFER,0,2.6950934199994663,10.271
STAGE_MODEL_INFER,0,2.7455800179996004,10.271
STAGE_MODEL_INFER,0,2.7960004719998324,9.276
STAGE_MODEL_INFER,0,2.8471303249998527,9.276
STAGE_MODEL_INFER,0,2.898322764999648,10.282
STAGE_MODEL_INFER,0,2.948761568000009,10.282
STAGE_MODEL_INFER,0,2.9993089370000234,10.013
STAGE_MODEL_INFER,0,3.0505414239996753,10.311
STAGE_MODEL_INFER,0,3.1011067139997976,10.311
STAGE_MODEL_INFER,0,3.151504790999752,9.785
STAGE_MODEL_INFER,0,3.2019698049998624,9.785
STAGE_MODEL_INFER,0,3.2525492129998383,9.858
STAGE_MODEL_INFER,0,3.3030000089993337,9.858
STAGE_MODEL_INFER,0,3.3533636089996435,9.996
STAGE_MODEL_INFER,0,3.40375037099966,9.996
STAGE_MODEL_INFER,0,3.454148067999995,10.08
STAGE_MODEL_INFER,0,3.5045541929994215,10.08
STAGE_MODEL_INFER,0,3.5549870469994858,10.028
STAGE_MODEL_INFER,0,3.605575680999209,6.12
STAGE_MODEL_INFER,0,3.656380908999381,6.12
STAGE_MODEL_INFER,0,3.710448527999688,10.275
STAGE_MODEL_INFER,0,3.760961115999635,10.275
STAGE_MODEL_INFER,0,3.811467098999856,10.314
STAGE_MODEL_INFER,0,3.861985251999613,10.314
STAGE_MODEL_INFER,0,3.9123172859999613,10.314
STAGE_MODEL_INFER,0,3.9626560229999086,10.314
STAGE_MODEL_INFER,0,4.013109109999277,10.099
STAGE_MODEL_INFER,0,4.064292088000002,10.099
STAGE_MODEL_INFER,0,4.116602729999613,9.968
STAGE_MODEL_INFER,0,4.167033683999762,10.805
STAGE_MODEL_INFER,0,4.219111636999514,10.805
STAGE_MODEL_INFER,0,4.274219959999755,10.378
STAGE_MODEL_INFER,0,4.324546988999828,10.378
STAGE_MODEL_INFER,0,4.374930250999569,10.091
STAGE_MODEL_INFER,0,4.425323328999184,10.091
STAGE_MODEL_INFER,0,4.475834142999702,8.673
STAGE_MODEL_INFER,0,4.5272480029998405,10.992
STAGE_MODEL_INFER,0,4.578270008999425,6.737
STAGE_MODEL_INFER,0,4.630243577999863,10.279
STAGE_MODEL_INFER,0,4.680696503000036,10.279
STAGE_MODEL_INFER,0,4.731096874999821,16.943
STAGE_MODEL_INFER,0,4.782289531999595,16.943
STAGE_MODEL_INFER,0,4.833278561000043,9.186
STAGE_MODEL_INFER,0,4.883762072999161,9.186
STAGE_MODEL_INFER,0,4.934189370999775,9.567
STAGE_MODEL_INFER,0,4.984668360999422,9.567
STAGE_MODEL_INFER,0,5.035349009999663,9.817
STAGE_MODEL_INFER,0,5.085888772999169,9.817
STAGE_MODEL_INFER,0,5.136264202999882,10.043
STAGE_MODEL_INFER,0,5.191944616000001,9.815
STAGE_MODEL_INFER,0,5.242318270999931,9.815
STAGE_MODEL_INFER,0,5.292709465999906,8.569
STAGE_MODEL_INFER,0,5.343711072999213,8.569
STAGE_MODEL_INFER,0,5.394767249999859,10.243
STAGE_MODEL_INFER,0,5.445297809999829,10.243
STAGE_MODEL_INFER,0,5.495764162999876,10.312
STAGE_MODEL_INFER,0,5.546321035999426,10.312
STAGE_MODEL_INFER,0,5.596796474999792,10.109
STAGE_MODEL_INFER,0,5.649001943999792,9.231
STAGE_MODEL_INFER,0,5.6993472750000365,9.231
STAGE_MODEL_INFER,0,5.7498326810000435,5.7
STAGE_MODEL_INFER,0,5.801051816999461,5.7
STAGE_MODEL_INFER,0,5.852173620999565,10.356
STAGE_MODEL_INFER,0,5.902600666999206,10.356
STAGE_MODEL_INFER,0,5.953036151999186,5.59
STAGE_MODEL_INFER,0,6.004575753999234,5.59
STAGE_MODEL_INFER,0,6.0555982369996855,9.754
STAGE_MODEL_INFER,0,6.106093675999546,9.169
STAGE_MODEL_INFER,0,6.158945820999179,12.34
STAGE_MODEL_INFER,0,6.210906527999214,9.871
STAGE_MODEL_INFER,0,6.262485808999372,12.412
STAGE_MODEL_INFER,0,6.314274290999492,9.704
STAGE_MODEL_INFER,0,6.3690992239999105,9.704
STAGE_MODEL_INFER,0,6.4251577029990585,10.266
STAGE_MODEL_INFER,0,6.4756922670003405,9.744
STAGE_MODEL_INFER,0,6.526109563999853,9.744
STAGE_MODEL_INFER,0,6.576585536999119,8.636
STAGE_MODEL_INFER,0,6.631586522000362,8.636
STAGE_MODEL_INFER,0,6.688574902000255,10.331
STAGE_MODEL_INFER,0,6.738937119000184,10.331
STAGE_MODEL_INFER,0,6.789412005000486,10.04
STAGE_MODEL_INFER,0,6.840757252999538,10.04
STAGE_MODEL_INFER,0,6.891901388999031,9.64
STAGE_MODEL_INFER,0,6.9422639069998695,5.777
STAGE_MODEL_INFER,0,6.995649095999397,5.777
STAGE_MODEL_INFER,0,7.051579799999672,10.374
STAGE_MODEL_INFER,0,7.102091748000021,10.374
STAGE_MODEL_INFER,0,7.152675960998749,5.681
STAGE_MODEL_INFER,0,7.20374864400037,5.681
STAGE_MODEL_INFER,0,7.25517037300051,10.362
STAGE_MODEL_INFER,0,7.305580991998795,10.362
STAGE_MODEL_INFER,0,7.355980999000167,10.171
STAGE_MODEL_INFER,0,7.407036516000517,9.412
STAGE_MODEL_INFER,0,7.457340461000058,9.412
STAGE_MODEL_INFER,0,7.507688630999837,10.004
STAGE_MODEL_INFER,0,7.559459052999955,10.004
STAGE_MODEL_INFER,0,7.615767519999281,10.429
STAGE_MODEL_INFER,0,7.666299599999547,10.429
STAGE_MODEL_INFER,0,7.716765668999869,9.919
STAGE_MODEL_INFER,0,7.767979643000217,9.919
STAGE_MODEL_INFER,0,7.8193752440001845,9.528
STAGE_MODEL_INFER,0,7.8697889289996965,9.939
STAGE_MODEL_INFER,0,7.920181804000094,9.939
STAGE_MODEL_INFER,0,7.97052531099871,10.087
STAGE_MODEL_INFER,0,8.021106809999765,10.087
STAGE_MODEL_INFER,0,8.071576241000002,12.26
STAGE_MODEL_INFER,0,8.125125795999338,12.26
STAGE_MODEL_INFER,0,8.181512574999942,9.349
STAGE_MODEL_INFER,0,8.231953597000029,9.349
STAGE_MODEL_INFER,0,8.282361477999075,9.746
STAGE_MODEL_INFER,0,8.332669065999653,9.973
STAGE_MODEL_INFER,0,8.383502832999511,9.973
STAGE_MODEL_INFER,0,8.434135520999916,10.087
STAGE_MODEL_INFER,0,8.489489165000123,10.087
STAGE_MODEL_INFER,0,8.54008872600025,10.393
STAGE_MODEL_INFER,0,8.591304759000195,10.393
STAGE_MODEL_INFER,0,8.64402236099886,9.6
STAGE_MODEL_INFER,0,8.694307863999711,9.6
STAGE_MODEL_INFER,0,8.74488472899975,9.987
STAGE_MODEL_INFER,0,8.799951445998886,10.753
STAGE_MODEL_INFER,0,8.851275670000177,10.753
STAGE_MODEL_INFER,0,8.9027396829988,10.297
STAGE_MODEL_INFER,0,8.953255426999021,10.297
STAGE_MODEL_INFER,0,9.003694343999086,9.772
STAGE_MODEL_INFER,0,9.054038786000092,9.772
STAGE_MODEL_INFER,0,9.104478744000517,9.823
STAGE_MODEL_INFER,0,9.154933403999166,9.823
STAGE_MODEL_INFER,0,9.20542069899966,11.441
STAGE_MODEL_INFER,0,9.259285250000175,10.399
STAGE_MODEL_INFER,0,9.30981311100004,10.399
STAGE_MODEL_INFER,0,9.360151199000029,15.445
STAGE_MODEL_INFER,0,9.41118653599915,15.445
STAGE_MODEL_INFER,0,9.462967747998846,9.006
STAGE_MODEL_INFER,0,9.513361788998736,9.006
STAGE_MODEL_INFER,0,9.563769951999348,9.693
STAGE_MODEL_INFER,0,9.61419426700013,9.693
STAGE_MODEL_INFER,0,9.664603100000022,10.236
STAGE_MODEL_INFER,0,9.71577435600011,9.952
STAGE_MODEL_INFER,0,9.766710338999474,9.952
STAGE_MODEL_INFER,0,9.81822498099973,9.193
STAGE_MODEL_INFER,0,9.868665006999436,9.193
STAGE_MODEL_INFER,0,9.919180118999066,9.594
STAGE_MODEL_INFER,0,9.969598296000186,9.594
STAGE_MODEL_INFER,0,10.020023121000122,9.686
STAGE_MODEL_INFER,0,10.073107872000037,9.686
STAGE_MODEL_INFER,0,10.12824145400009,10.404
STAGE_MODEL_INFER,0,10.17863857500015,10.006
STAGE_MODEL_INFER,0,10.229081135999877,10.006
STAGE_MODEL_INFER,0,10.27949384599924,5.684
STAGE_MODEL_INFER,0,10.331629588999931,5.684
STAGE_MODEL_INFER,0,10.38630397199995,10.302
STAGE_MODEL_INFER,0,10.436628161000044,10.302
STAGE_MODEL_INFER,0,10.487035193000338,5.646
STAGE_MODEL_INFER,0,10.538491100000101,5.646
STAGE_MODEL_INFER,0,10.589804987999742,10.454
STAGE_MODEL_INFER,0,10.645656732000134,9.752
STAGE_MODEL_INFER,0,10.698767468998994,13.775
STAGE_MODEL_INFER,0,10.75206487899959,9.486
STAGE_MODEL_INFER,0,10.80751264599894,9.486
STAGE_MODEL_INFER,0,10.862276806999944,10.313
STAGE_MODEL_INFER,0,10.912697649999245,10.313
STAGE_MODEL_INFER,0,10.963074785999197,10.31
STAGE_MODEL_INFER,0,11.013475507999829,10.097
STAGE_MODEL_INFER,0,11.063803998998992,10.097
STAGE_MODEL_INFER,0,11.11900911399971,9.449
STAGE_MODEL_INFER,0,11.170290301999557,9.449
STAGE_MODEL_INFER,0,11.221454958000322,9.616
STAGE_MODEL_INFER,0,11.271941449000224,9.616
STAGE_MODEL_INFER,0,11.324955195999792,12.812
STAGE_MODEL_INFER,0,11.37618537599883,9.523
STAGE_MODEL_INFER,0,11.433654177999415,18.356
STAGE_MODEL_INFER,0,11.484658215000309,9.57
STAGE_MODEL_INFER,0,11.535098501999528,9.57
STAGE_MODEL_INFER,0,11.585866434999843,9.558
STAGE_MODEL_INFER,0,11.636579529998926,9.558
STAGE_MODEL_INFER,0,11.687154461998944,9.782
STAGE_MODEL_INFER,0,11.737582460998965,9.782
STAGE_MODEL_INFER,0,11.787906867999482,10.493
STAGE_MODEL_INFER,0,11.839239404998807,10.493
STAGE_MODEL_INFER,0,11.890391977000036,10.367
STAGE_MODEL_INFER,0,11.940804773999844,10.367
STAGE_MODEL_INFER,0,11.991256252000312,9.915
STAGE_MODEL_INFER,0,12.041608903000451,9.808
STAGE_MODEL_INFER,0,12.092067821000455,9.808
STAGE_MODEL_INFER,0,12.142640668998865,8.758
STAGE_MODEL_INFER,0,12.19373989899941,8.758
STAGE_MODEL_INFER,0,12.245006535998982,10.279
STAGE_MODEL_INFER,0,12.295521193998866,10.279
STAGE_MODEL_INFER,0,12.346044247999089,10.804
STAGE_MODEL_INFER,0,12.397216289000426,10.804
STAGE_MODEL_INFER,0,12.448382063999816,9.266
STAGE_MODEL_INFER,0,12.498821293998844,9.266
STAGE_MODEL_INFER,0,12.549235387999943,5.67
STAGE_MODEL_INFER,0,12.60047768199911,10.266
STAGE_MODEL_INFER,0,12.65096519600047,10.266
STAGE_MODEL_INFER,0,12.701397229999202,10.264
STAGE_MODEL_INFER,0,12.751804948999052,10.264
STAGE_MODEL_INFER,0,12.802214710000044,10.511
STAGE_MODEL_INFER,0,12.853882501000044,10.511
STAGE_MODEL_INFER,0,12.90557563999937,9.197
STAGE_MODEL_INFER,0,12.955969291999281,9.197
STAGE_MODEL_INFER,0,13.006328028999633,9.701
STAGE_MODEL_INFER,0,13.058943603000444,9.701
STAGE_MODEL_INFER,0,13.110109448000003,10.669
STAGE_MODEL_INFER,0,13.161239879998902,10.284
STAGE_MODEL_INFER,0,13.211821560998942,10.284
STAGE_MODEL_INFER,0,13.262293260999286,11.53
STAGE_MODEL_INFER,0,13.313371389998792,11.53
STAGE_MODEL_INFER,0,13.364552820999961,9.855
STAGE_MODEL_INFER,0,13.415095579999615,9.855
STAGE_MODEL_INFER,0,13.465528728998834,9.11
STAGE_MODEL_INFER,0,13.516856762000316,9.11
STAGE_MODEL_INFER,0,13.568205237999791,10.3
STAGE_MODEL_INFER,0,13.618681288000516,10.3
STAGE_MODEL_INFER,0,13.669138694998765,12.158
STAGE_MODEL_INFER,0,13.720588029998908,9.917
STAGE_MODEL_INFER,0,13.770980213999792,9.917
STAGE_MODEL_INFER,0,13.821401328999855,9.619
STAGE_MODEL_INFER,0,13.87179398599983,9.619
STAGE_MODEL_INFER,0,13.922115989998929,9.282
STAGE_MODEL_INFER,0,13.973526882999067,9.282
STAGE_MODEL_INFER,0,14.02561909599899,10.327
STAGE_MODEL_INFER,0,14.07608181499927,10.327
STAGE_MODEL_INFER,0,14.126525941999716,10.338
STAGE_MODEL_INFER,0,14.182517958999597,10.114
STAGE_MODEL_INFER,0,14.233510705998924,10.114
STAGE_MODEL_INFER,0,14.284853459999795,9.331
STAGE_MODEL_INFER,0,14.335326116999568,9.331
STAGE_MODEL_INFER,0,14.3857655110005,9.515
STAGE_MODEL_INFER,0,14.441635836999922,9.515
STAGE_MODEL_INFER,0,14.49685058599971,10.363
STAGE_MODEL_INFER,0,14.547262979000152,10.363
STAGE_MODEL_INFER,0,14.597755912000139,10.766
STAGE_MODEL_INFER,0,14.648904158999358,10.341
STAGE_MODEL_INFER,0,14.702555758000017,10.335
STAGE_MODEL_INFER,0,14.753034770999875,6.366
STAGE_MODEL_INFER,0,14.808109743000387,6.366
STAGE_MODEL_INFER,0,14.862647920999734,10.287
STAGE_MODEL_INFER,0,14.913175277999471,10.287
STAGE_MODEL_INFER,0,14.963600212999154,10.573
STAGE_MODEL_INFER,0,15.01466560100016,10.573
STAGE_MODEL_INFER,0,15.067340304000027,10.371
STAGE_MODEL_INFER,0,15.117954952998844,9.997
STAGE_MODEL_INFER,0,15.16858369900001,9.997
STAGE_MODEL_INFER,0,15.219172729999627,9.85
STAGE_MODEL_INFER,0,15.269519428000422,9.85
STAGE_MODEL_INFER,0,15.319941232999554,9.957
STAGE_MODEL_INFER,0,15.370372133000274,9.957
STAGE_MODEL_INFER,0,15.420755985998767,11.183
STAGE_MODEL_INFER,0,15.472445544999573,9.554
STAGE_MODEL_INFER,0,15.523714396000287,11.494
STAGE_MODEL_INFER,0,15.57814398499977,10.806
STAGE_MODEL_INFER,0,15.629458932999114,10.806
STAGE_MODEL_INFER,0,15.680708644998958,9.214
STAGE_MODEL_INFER,0,15.731986699000117,9.214
STAGE_MODEL_INFER,0,15.7832846099991,8.701
STAGE_MODEL_INFER,0,15.834532904998923,8.701
STAGE_MODEL_INFER,0,15.885703660000217,13.165
STAGE_MODEL_INFER,0,15.938143994999336,13.165
STAGE_MODEL_INFER,0,15.992992514000434,20.224
STAGE_MODEL_INFER,0,16.044290675999946,9.8
STAGE_MODEL_INFER,0,16.09855227799926,9.831
STAGE_MODEL_INFER,0,16.149124217999997,9.668
STAGE_MODEL_INFER,0,16.208761670999593,9.668
STAGE_MODEL_INFER,0,16.259185183000227,9.406
STAGE_MODEL_INFER,0,16.310433414999352,9.406
STAGE_MODEL_INFER,0,16.362098150999373,10.388
STAGE_MODEL_INFER,0,16.412600395999107,10.388
STAGE_MODEL_INFER,0,16.463272676999622,10.345
STAGE_MODEL_INFER,0,16.514328702000057,9.989
STAGE_MODEL_INFER,0,16.564817557000424,9.989
STAGE_MODEL_INFER,0,16.615789814999516,9.021
STAGE_MODEL_INFER,0,16.66676988099971,9.021
STAGE_MODEL_INFER,0,16.718217296998773,10.063
STAGE_MODEL_INFER,0,16.768817023999873,10.063
STAGE_MODEL_INFER,0,16.81931442200039,10.662
STAGE_MODEL_INFER,0,16.87061703799918,10.662
STAGE_MODEL_INFER,0,16.922499043999778,10.211
STAGE_MODEL_INFER,0,16.973060758999054,10.211
STAGE_MODEL_INFER,0,17.023528940999313,7.097
STAGE_MODEL_INFER,0,17.07632202899913,10.069
STAGE_MODEL_INFER,0,17.12688976499885,10.069
STAGE_MODEL_INFER,0,17.177478808998785,10.202
STAGE_MODEL_INFER,0,17.227884208999967,10.202
STAGE_MODEL_INFER,0,17.278394949000358,10.534
STAGE_MODEL_INFER,0,17.329697352999574,10.534
STAGE_MODEL_INFER,0,17.381049546998838,9.977
STAGE_MODEL_INFER,0,17.431385378000414,9.977
STAGE_MODEL_INFER,0,17.48174834299971,9.911
STAGE_MODEL_INFER,0,17.538677675000145,10.126
STAGE_MODEL_INFER,0,17.589195165999627,10.126
STAGE_MODEL_INFER,0,17.64003885300008,10.222
STAGE_MODEL_INFER,0,17.690588678000495,10.222
STAGE_MODEL_INFER,0,17.741010507999817,10.267
STAGE_MODEL_INFER,0,17.791298531999928,10.267
STAGE_MODEL_INFER,0,17.841765510000187,10.181
STAGE_MODEL_INFER,0,17.892081310999856,10.181
STAGE_MODEL_INFER,0,17.942445454000335,10.016
STAGE_MODEL_INFER,0,17.993041880999954,10.016
STAGE_MODEL_INFER,0,18.043528878999496,10.047
STAGE_MODEL_INFER,0,18.093850469000245,11.698
STAGE_MODEL_INFER,0,18.145639117999963,11.698
STAGE_MODEL_INFER,0,18.196733626000423,10.368
STAGE_MODEL_INFER,0,18.24719226599882,10.368
STAGE_MODEL_INFER,0,18.297667950999312,18.152
STAGE_MODEL_INFER,0,18.34889023299911,18.152
STAGE_MODEL_INFER,0,18.39997784299885,9.111
STAGE_MODEL_INFER,0,18.45033314899956,9.111
STAGE_MODEL_INFER,0,18.500677236999763,18.256
STAGE_MODEL_INFER,0,18.551824553000188,18.256
STAGE_MODEL_INFER,0,18.603178194000066,9.752
STAGE_MODEL_INFER,0,18.65428918699945,10.436
STAGE_MODEL_INFER,0,18.704786495000008,10.436
STAGE_MODEL_INFER,0,18.75526588499997,10.031
STAGE_MODEL_INFER,0,18.805695142998957,10.031
STAGE_MODEL_INFER,0,18.856138350000037,9.268
STAGE_MODEL_INFER,0,18.909869711000283,11.441
STAGE_MODEL_INFER,0,18.96336919299938,8.857
STAGE_MODEL_INFER,0,19.014715192999574,10.701
STAGE_MODEL_INFER,0,19.070728986000177,10.018
STAGE_MODEL_INFER,0,19.12739855200016,10.362
STAGE_MODEL_INFER,0,19.177870849998726,10.362
STAGE_MODEL_INFER,0,19.228368354999475,12.205
STAGE_MODEL_INFER,0,19.280007909999767,12.205
STAGE_MODEL_INFER,0,19.33136187799937,9.394
STAGE_MODEL_INFER,0,19.381807149999077,9.394
STAGE_MODEL_INFER,0,19.432281077999505,5.612
STAGE_MODEL_INFER,0,19.48344512999938,5.612
STAGE_MODEL_INFER,0,19.534706795999227,10.029
STAGE_MODEL_INFER,0,19.585138847000053,10.029
STAGE_MODEL_INFER,0,19.635629749000145,10.146
STAGE_MODEL_INFER,0,19.68603624899879,10.146
STAGE_MODEL_INFER,0,19.736322411999936,10.142
STAGE_MODEL_INFER,0,19.78668916499919,10.197
STAGE_MODEL_INFER,0,19.837118931998702,10.197
STAGE_MODEL_INFER,0,19.88785557600022,10.13
STAGE_MODEL_INFER,0,19.938311666999653,10.13
STAGE_MODEL_INFER,0,19.98881848199926,8.611
STAGE_MODEL_INFER,0,20.04072689500026,8.611
STAGE_MODEL_INFER,0,20.095378748999792,10.357
STAGE_MODEL_INFER,0,20.145760239998708,10.357
STAGE_MODEL_INFER,0,20.19617574699987,9.994
STAGE_MODEL_INFER,0,20.247626641999886,9.994
STAGE_MODEL_INFER,0,20.29887124599918,10.337
STAGE_MODEL_INFER,0,20.349389217999487,12.267
STAGE_MODEL_INFER,0,20.40079546999914,12.267
STAGE_MODEL_INFER,0,20.452031487999193,9.548
STAGE_MODEL_INFER,0,20.502716110999245,9.548
STAGE_MODEL_INFER,0,20.5532361759997,9.668
STAGE_MODEL_INFER,0,20.603743428999223,9.668
STAGE_MODEL_INFER,0,20.654213783998784,9.883
STAGE_MODEL_INFER,0,20.704727587999514,9.883
STAGE_MODEL_INFER,0,20.75549175099877,9.989
STAGE_MODEL_INFER,0,20.806206756999018,9.989
STAGE_MODEL_INFER,0,20.856574768999053,10.054
STAGE_MODEL_INFER,0,20.90785384999981,10.054
STAGE_MODEL_INFER,0,20.95822994399896,9.983
STAGE_MODEL_INFER,0,21.010347620000175,9.727
STAGE_MODEL_INFER,0,21.065311629999997,9.874
STAGE_MODEL_INFER,0,21.11586463399908,9.785
STAGE_MODEL_INFER,0,21.166450716000327,9.785
STAGE_MODEL_INFER,0,21.217120631999933,9.832
STAGE_MODEL_INFER,0,21.267555730999447,9.832
STAGE_MODEL_INFER,0,21.319486350999796,10.408
STAGE_MODEL_INFER,0,21.370592133998798,10.408
STAGE_MODEL_INFER,0,21.425222113999553,10.367
STAGE_MODEL_INFER,0,21.475728863999393,10.367
STAGE_MODEL_INFER,0,21.526112419998753,11.697
STAGE_MODEL_INFER,0,21.578337015000216,9.616
STAGE_MODEL_INFER,0,21.62887073099955,9.616
STAGE_MODEL_INFER,0,21.679362900998967,9.722
STAGE_MODEL_INFER,0,21.729926189000253,9.722
STAGE_MODEL_INFER,0,21.780467439999484,9.928
STAGE_MODEL_INFER,0,21.838440180999896,9.928
STAGE_MODEL_INFER,0,21.888937233999968,10.094
STAGE_MODEL_INFER,0,21.940436888999102,10.094
STAGE_MODEL_INFER,0,21.99254997800017,10.414
STAGE_MODEL_INFER,0,22.04301346899956,10.414
STAGE_MODEL_INFER,0,22.09347820899893,10.911
STAGE_MODEL_INFER,0,22.14811569199992,9.6
STAGE_MODEL_INFER,0,22.198814633999064,9.6
STAGE_MODEL_INFER,0,22.24926143799894,9.687
STAGE_MODEL_INFER,0,22.299726500999896,9.687
STAGE_MODEL_INFER,0,22.350275060000058,9.914
STAGE_MODEL_INFER,0,22.400772682000024,9.914
STAGE_MODEL_INFER,0,22.451168327999767,10.023
STAGE_MODEL_INFER,0,22.501537195999845,10.023
STAGE_MODEL_INFER,0,22.551924756000517,10.095
STAGE_MODEL_INFER,0,22.602487301999645,10.095
STAGE_MODEL_INFER,0,22.652895135999643,10.133
STAGE_MODEL_INFER,0,22.703308975000255,10.133
STAGE_MODEL_INFER,0,22.75363619000018,9.29
STAGE_MODEL_INFER,0,22.805010226999002,9.785
STAGE_MODEL_INFER,0,22.85541247400033,9.785
STAGE_MODEL_INFER,0,22.90603143000044,10.061
STAGE_MODEL_INFER,0,22.96011706199897,10.061
STAGE_MODEL_INFER,0,23.0107105219995,10.661
STAGE_MODEL_INFER,0,23.061834254998757,10.661
STAGE_MODEL_INFER,0,23.115639497000302,10.389
STAGE_MODEL_INFER,0,23.16605546699975,10.389
STAGE_MODEL_INFER,0,23.216493726000408,10.339
STAGE_MODEL_INFER,0,23.266920189998928,10.339
STAGE_MODEL_INFER,0,23.317429197999445,11.382
STAGE_MODEL_INFER,0,23.371581171999424,8.59
STAGE_MODEL_INFER,0,23.422729453999636,11.452
STAGE_MODEL_INFER,0,23.478515511000296,8.811
STAGE_MODEL_INFER,0,23.52955412299889,11.5
STAGE_MODEL_INFER,0,23.58076494799934,9.555
STAGE_MODEL_INFER,0,23.636665878999338,10.155
STAGE_MODEL_INFER,0,23.687877942998966,10.846
STAGE_MODEL_INFER,0,23.74358303400004,10.846
STAGE_MODEL_INFER,0,23.79893055499997,10.38
STAGE_MODEL_INFER,0,23.849421867000274,9.561
STAGE_MODEL_INFER,0,23.906242314998963,9.561
STAGE_MODEL_INFER,0,23.961330266000004,9.797
STAGE_MODEL_INFER,0,24.011736861999452,9.797
STAGE_MODEL_INFER,0,24.062153554999895,10.021
STAGE_MODEL_INFER,0,24.11257027799911,10.021
STAGE_MODEL_INFER,0,24.162960108000334,10.133
STAGE_MODEL_INFER,0,24.213347865999822,10.133
STAGE_MODEL_INFER,0,24.264068971999222,10.19
STAGE_MODEL_INFER,0,24.314559178999843,10.19
STAGE_MODEL_INFER,0,24.365007712998704,11.098
STAGE_MODEL_INFER,0,24.416323035999085,9.604
STAGE_MODEL_INFER,0,24.466801021999345,9.604
STAGE_MODEL_INFER,0,24.517442645999836,9.948
STAGE_MODEL_INFER,0,24.56870330499987,9.948
STAGE_MODEL_INFER,0,24.620466334999946,10.199
STAGE_MODEL_INFER,0,24.67094310399989,10.199
STAGE_MODEL_INFER,0,24.72131975999946,9.482
STAGE_MODEL_INFER,0,24.7723789319989,9.482
STAGE_MODEL_INFER,0,24.824370805999934,10.39
STAGE_MODEL_INFER,0,24.874801011999807,10.39
STAGE_MODEL_INFER,0,24.925114018000386,10.41
STAGE_MODEL_INFER,0,24.975623135000205,10.41
STAGE_MODEL_INFER,0,25.025954938999348,10.105
STAGE_MODEL_INFER,0,25.076555649999136,5.921
STAGE_MODEL_INFER,0,25.127452513999742,5.921
STAGE_MODEL_INFER,0,25.17873737300033,10.369
STAGE_MODEL_INFER,0,25.229082881000068,10.369
STAGE_MODEL_INFER,0,25.279569649999758,10.393
STAGE_MODEL_INFER,0,25.329944586999773,10.393
STAGE_MODEL_INFER,0,25.38035469500028,10.397
STAGE_MODEL_INFER,0,25.4309825069995,10.397
STAGE_MODEL_INFER,0,25.481394762999116,5.948
STAGE_MODEL_INFER,0,25.532780636998723,5.948
STAGE_MODEL_INFER,0,25.585465242998907,10.525
STAGE_MODEL_INFER,0,25.643070984999213,9.718
STAGE_MODEL_INFER,0,25.69348689099934,9.718
STAGE_MODEL_INFER,0,25.743883764998827,9.99
STAGE_MODEL_INFER,0,25.79548259100011,11.283
STAGE_MODEL_INFER,0,25.84690933999991,9.33
STAGE_MODEL_INFER,0,25.899359617998925,9.33
STAGE_MODEL_INFER,0,25.95501119599976,10.269
STAGE_MODEL_INFER,0,26.005380583999795,10.269
STAGE_MODEL_INFER,0,26.05569292600012,10.281
STAGE_MODEL_INFER,0,26.106169274000422,10.281
STAGE_MODEL_INFER,0,26.156591212999047,10.025
STAGE_MODEL_INFER,0,26.207021537999026,9.916
STAGE_MODEL_INFER,0,26.25741458899938,9.916
STAGE_MODEL_INFER,0,26.307853518999764,5.565
STAGE_MODEL_INFER,0,26.359202233999895,5.565
STAGE_MODEL_INFER,0,26.411088396000196,9.991
STAGE_MODEL_INFER,0,26.46144271099911,9.991
STAGE_MODEL_INFER,0,26.511924018999707,10.141
STAGE_MODEL_INFER,0,26.562357478000195,10.141
STAGE_MODEL_INFER,0,26.612791442999878,11.253
STAGE_MODEL_INFER,0,26.66395094499967,11.253
STAGE_MODEL_INFER,0,26.715611822999563,9.521
STAGE_MODEL_INFER,0,26.766111052998895,9.521
STAGE_MODEL_INFER,0,26.816734216999976,9.631
STAGE_MODEL_INFER,0,26.867189790998964,9.846
STAGE_MODEL_INFER,0,26.91759041699879,9.846
STAGE_MODEL_INFER,0,26.969264789999215,9.33
STAGE_MODEL_INFER,0,27.0204813069995,9.33
STAGE_MODEL_INFER,0,27.071482207000372,10.346
STAGE_MODEL_INFER,0,27.12196720799875,10.346
STAGE_MODEL_INFER,0,27.172352633999253,7.715
STAGE_MODEL_INFER,0,27.22771461999946,7.715
STAGE_MODEL_INFER,0,27.283176318998812,9.843
STAGE_MODEL_INFER,0,27.33350214299935,10.076
STAGE_MODEL_INFER,0,27.383848577999743,10.076
STAGE_MODEL_INFER,0,27.434161752000364,10.191
STAGE_MODEL_INFER,0,27.484608275999562,10.191
STAGE_MODEL_INFER,0,27.534915402999104,9.981
STAGE_MODEL_INFER,0,27.58535730499898,9.981
STAGE_MODEL_INFER,0,27.63594087599995,9.273
STAGE_MODEL_INFER,0,27.687348698998903,9.273
STAGE_MODEL_INFER,0,27.73930613199991,10.298
STAGE_MODEL_INFER,0,27.78995428899907,10.022
STAGE_MODEL_INFER,0,27.841100997000467,10.022
STAGE_MODEL_INFER,0,27.892189733998748,9.208
STAGE_MODEL_INFER,0,27.942640814999322,9.208
STAGE_MODEL_INFER,0,27.993083657998795,9.101
STAGE_MODEL_INFER,0,28.04533525399893,9.101
STAGE_MODEL_INFER,0,28.09845884099923,10.333
STAGE_MODEL_INFER,0,28.149162935000277,10.333
STAGE_MODEL_INFER,0,28.199606321999454,10.329
STAGE_MODEL_INFER,0,28.249988108998878,9.929
STAGE_MODEL_INFER,0,28.300374477999867,9.929
STAGE_MODEL_INFER,0,28.350815132998832,9.914
STAGE_MODEL_INFER,0,28.401372356000138,9.914
STAGE_MODEL_INFER,0,28.451755218999097,9.995
STAGE_MODEL_INFER,0,28.502300653999555,9.995
STAGE_MODEL_INFER,0,28.5528274469998,10.053
STAGE_MODEL_INFER,0,28.603449709000415,10.053
STAGE_MODEL_INFER,0,28.653913068999827,20.321
STAGE_MODEL_INFER,0,28.705138879000515,9.175
STAGE_MODEL_INFER,0,28.755479318999278,9.175
STAGE_MODEL_INFER,0,28.80588401499881,9.783
STAGE_MODEL_INFER,0,28.856184301999747,9.783
STAGE_MODEL_INFER,0,28.906668023999373,9.987
STAGE_MODEL_INFER,0,28.957087176999266,9.987
STAGE_MODEL_INFER,0,29.007467104998796,9.765
STAGE_MODEL_INFER,0,29.057807659999526,9.765
STAGE_MODEL_INFER,0,29.108195132999754,9.339
STAGE_MODEL_INFER,0,29.165490190998753,10.394
STAGE_MODEL_INFER,0,29.216108520999114,10.394
STAGE_MODEL_INFER,0,29.2692641729991,10.793
STAGE_MODEL_INFER,0,29.321393427999283,10.793
STAGE_MODEL_INFER,0,29.372582800999226,9.199
STAGE_MODEL_INFER,0,29.42302438799925,9.199
STAGE_MODEL_INFER,0,29.47346576000018,9.632
STAGE_MODEL_INFER,0,29.523755805999826,9.632
STAGE_MODEL_INFER,0,29.57426277400009,11.867
STAGE_MODEL_INFER,0,29.62608840499888,17.58
STAGE_MODEL_INFER,0,29.67708192200007,17.58
STAGE_MODEL_INFER,0,29.728061759999036,9.142
STAGE_MODEL_INFER,0,29.77846060199954,9.142
STAGE_MODEL_INFER,0,29.82879091599898,9.59
STAGE_MODEL_INFER,0,29.87921984700006,9.59
STAGE_MODEL_INFER,0,29.929787454999314,10.084
STAGE_MODEL_INFER,0,29.984617291000177,10.317
BASELINE_IDLE,1,0.0013380410000536358,5.233
BASELINE_IDLE,1,0.05272222200073884,5.233
BASELINE_IDLE,1,0.10468528199999128,4.357
BASELINE_IDLE,1,0.15615005400104565,3.469
BASELINE_IDLE,1,0.20851229500112822,3.666
BASELINE_IDLE,1,0.26032608400055324,3.566
BASELINE_IDLE,1,0.31203536500106566,3.822
BASELINE_IDLE,1,0.3641267560014967,3.502
BASELINE_IDLE,1,0.4159536620009021,3.502
BASELINE_IDLE,1,0.4679226500011282,1.945
BASELINE_IDLE,1,0.5241668920007214,1.682
BASELINE_IDLE,1,0.5764322250015539,1.682
BASELINE_IDLE,1,0.6286768340014532,1.596
BASELINE_IDLE,1,0.6807216240013076,1.624
BASELINE_IDLE,1,0.7326227710000239,1.697
BASELINE_IDLE,1,0.7846586280011252,1.697
BASELINE_IDLE,1,0.8363898420011537,1.549
BASELINE_IDLE,1,0.8881746250008291,1.55
BASELINE_IDLE,1,0.9401719450015662,1.55
BASELINE_IDLE,1,0.9922394800014445,2.2
BASELINE_IDLE,1,1.044262522000281,2.2
BASELINE_IDLE,1,1.096095499000512,1.567
BASELINE_IDLE,1,1.14824272199985,1.567
BASELINE_IDLE,1,1.200288496000212,2.277
BASELINE_IDLE,1,1.2525263370007451,1.597
BASELINE_IDLE,1,1.3045697070010647,1.597
BASELINE_IDLE,1,1.3565809320007247,1.506
BASELINE_IDLE,1,1.4086931630008621,1.796
BASELINE_IDLE,1,1.4605173590007325,1.577
BASELINE_IDLE,1,1.512677591001193,1.577
BASELINE_IDLE,1,1.564831118001166,1.586
BASELINE_IDLE,1,1.6163833440004964,1.586
BASELINE_IDLE,1,1.6682132090008963,1.541
BASELINE_IDLE,1,1.7230722250005783,1.65
BASELINE_IDLE,1,1.7749815070001205,1.596
BASELINE_IDLE,1,1.8265969820004102,1.67
BASELINE_IDLE,1,1.8779733360006503,1.67
BASELINE_IDLE,1,1.9293514620003407,1.479
BASELINE_IDLE,1,1.980995845000507,1.479
BASELINE_IDLE,1,2.032616771000903,1.548
BASELINE_IDLE,1,2.0840093470014835,1.527
BASELINE_IDLE,1,2.1357084490009584,1.527
BASELINE_IDLE,1,2.187862948001566,1.572
BASELINE_IDLE,1,2.2401220629999443,1.572
BASELINE_IDLE,1,2.2920458230000804,2.082
BASELINE_IDLE,1,2.3436081240015483,2.082
BASELINE_IDLE,1,2.395785368000361,1.576
BASELINE_IDLE,1,2.447633322000911,1.576
BASELINE_IDLE,1,2.499995083000613,1.58
BASELINE_IDLE,1,2.5521809430010762,1.553
BASELINE_IDLE,1,2.6041901740009052,1.553
BASELINE_IDLE,1,2.6562294240011397,1.551
BASELINE_IDLE,1,2.707931169999938,1.684
BASELINE_IDLE,1,2.7592563680009334,1.666
BASELINE_IDLE,1,2.811319259000811,1.666
BASELINE_IDLE,1,2.863147170000957,1.52
BASELINE_IDLE,1,2.915347965001274,1.551
BASELINE_IDLE,1,2.9671276370008854,1.551
BASELINE_IDLE,1,3.0188619820000895,1.774
BASELINE_IDLE,1,3.0706320380013494,1.774
BASELINE_IDLE,1,3.1227317130014853,1.567
BASELINE_IDLE,1,3.1746513930011133,1.567
BASELINE_IDLE,1,3.226690415000121,1.512
BASELINE_IDLE,1,3.2786212810005964,1.512
BASELINE_IDLE,1,3.33045913100068,1.591
BASELINE_IDLE,1,3.3824546480009303,1.555
BASELINE_IDLE,1,3.4343301959997916,1.555
BASELINE_IDLE,1,3.4863894500012975,1.599
BASELINE_IDLE,1,3.538336067000273,1.599
BASELINE_IDLE,1,3.590101040001173,1.541
BASELINE_IDLE,1,3.6421672190008394,1.541
BASELINE_IDLE,1,3.6940543680011615,1.547
BASELINE_IDLE,1,3.746783321001203,1.601
BASELINE_IDLE,1,3.7978311850001774,1.64
BASELINE_IDLE,1,3.849470930001189,1.655
BASELINE_IDLE,1,3.9008802000007563,1.515
BASELINE_IDLE,1,3.9520592750013748,1.719
BASELINE_IDLE,1,4.003386932001376,1.653
BASELINE_IDLE,1,4.055440232001274,1.724
BASELINE_IDLE,1,4.106783054001426,1.49
BASELINE_IDLE,1,4.158776647000195,1.8
BASELINE_IDLE,1,4.21036129300046,1.505
BASELINE_IDLE,1,4.262222254001244,1.505
BASELINE_IDLE,1,4.314229055000396,1.553
BASELINE_IDLE,1,4.366002922000916,1.553
BASELINE_IDLE,1,4.417592677000357,1.573
BASELINE_IDLE,1,4.468957433000469,1.573
BASELINE_IDLE,1,4.520811386000787,2.02
BASELINE_IDLE,1,4.5723642080010904,2.02
BASELINE_IDLE,1,4.62426916000004,1.574
BASELINE_IDLE,1,4.675822907000111,1.549
BASELINE_IDLE,1,4.727487658001337,1.659
BASELINE_IDLE,1,4.779639718000908,1.622
BASELINE_IDLE,1,4.831594242999927,1.572
BASELINE_IDLE,1,4.883580995001466,1.685
BASELINE_IDLE,1,4.935702428001605,1.685
BASELINE_IDLE,1,4.987702218000777,1.581
BASELINE_IDLE,1,5.039788752001186,1.551
BASELINE_IDLE,1,5.091892348000329,1.687
BASELINE_IDLE,1,5.144105451001451,1.732
BASELINE_IDLE,1,5.196055790000173,1.732
BASELINE_IDLE,1,5.247535177000827,1.575
BASELINE_IDLE,1,5.299714743001459,1.575
BASELINE_IDLE,1,5.351273983000283,2.078
BASELINE_IDLE,1,5.403189170001497,2.078
BASELINE_IDLE,1,5.454939201999878,1.548
BASELINE_IDLE,1,5.506929526000022,1.533
BASELINE_IDLE,1,5.558276248000766,1.533
BASELINE_IDLE,1,5.610121649000575,2.001
BASELINE_IDLE,1,5.667594537000696,2.001
BASELINE_IDLE,1,5.718796511000619,1.594
BASELINE_IDLE,1,5.770442869999897,1.594
BASELINE_IDLE,1,5.822374581000986,1.536
BASELINE_IDLE,1,5.874460456001543,1.536
BASELINE_IDLE,1,5.926611815000797,1.581
BASELINE_IDLE,1,5.978171774000657,1.48
BASELINE_IDLE,1,6.03078582300077,1.48
BASELINE_IDLE,1,6.082579332000023,1.561
BASELINE_IDLE,1,6.1346945889999915,1.561
BASELINE_IDLE,1,6.186301282999921,1.571
BASELINE_IDLE,1,6.238265488000252,1.587
BASELINE_IDLE,1,6.290395930000159,1.766
BASELINE_IDLE,1,6.3416937830006646,1.523
BASELINE_IDLE,1,6.393133992000003,1.523
BASELINE_IDLE,1,6.44477262700093,1.507
BASELINE_IDLE,1,6.496310084001379,1.507
BASELINE_IDLE,1,6.547616397001548,2.483
BASELINE_IDLE,1,6.599295081001401,2.483
BASELINE_IDLE,1,6.650717174001329,1.893
BASELINE_IDLE,1,6.702168984000309,1.893
BASELINE_IDLE,1,6.753769332000957,1.896
BASELINE_IDLE,1,6.8058066250014235,1.537
BASELINE_IDLE,1,6.857246265000867,1.682
BASELINE_IDLE,1,6.908960652001042,1.52
BASELINE_IDLE,1,6.960985565001465,1.695
BASELINE_IDLE,1,7.0130599300009635,1.549
BASELINE_IDLE,1,7.065060433000326,1.549
BASELINE_IDLE,1,7.116590465000627,1.583
BASELINE_IDLE,1,7.168046751001384,1.583
BASELINE_IDLE,1,7.21997619800095,1.547
BASELINE_IDLE,1,7.271378070001447,1.528
BASELINE_IDLE,1,7.322424658001182,1.528
BASELINE_IDLE,1,7.3736170870015485,1.545
BASELINE_IDLE,1,7.424829531000796,1.531
BASELINE_IDLE,1,7.482191023000269,1.823
BASELINE_IDLE,1,7.53356647000146,1.582
BASELINE_IDLE,1,7.585066618001292,1.941
BASELINE_IDLE,1,7.636336296000081,2.516
BASELINE_IDLE,1,7.687590627001555,2.516
BASELINE_IDLE,1,7.743708249001429,2.522
BASELINE_IDLE,1,7.795103129001291,2.522
BASELINE_IDLE,1,7.84637487100008,2.133
BASELINE_IDLE,1,7.897832673001176,2.133
BASELINE_IDLE,1,7.9490944300014235,1.521
BASELINE_IDLE,1,8.00079933500092,1.521
BASELINE_IDLE,1,8.052133416000288,1.561
BASELINE_IDLE,1,8.103502604000823,1.541
BASELINE_IDLE,1,8.154750124000202,1.599
BASELINE_IDLE,1,8.206377939000959,1.591
BASELINE_IDLE,1,8.25780502500129,1.66
BASELINE_IDLE,1,8.309356634999858,1.613
BASELINE_IDLE,1,8.360692868000115,1.523
BASELINE_IDLE,1,8.412691589001042,1.63
BASELINE_IDLE,1,8.464138593000825,1.56
BASELINE_IDLE,1,8.515597115001583,1.706
BASELINE_IDLE,1,8.56732938300047,1.467
BASELINE_IDLE,1,8.619454644000143,1.467
BASELINE_IDLE,1,8.670900038001491,1.565
BASELINE_IDLE,1,8.722829975000423,1.565
BASELINE_IDLE,1,8.774880891000066,1.519
BASELINE_IDLE,1,8.826372221999918,1.519
BASELINE_IDLE,1,8.877883171000576,2.584
BASELINE_IDLE,1,8.92946229700101,2.584
BASELINE_IDLE,1,8.98098921500059,1.544
BASELINE_IDLE,1,9.032655271001204,1.521
BASELINE_IDLE,1,9.083936258000904,1.521
BASELINE_IDLE,1,9.135277511000822,1.517
BASELINE_IDLE,1,9.186826828001358,1.746
BASELINE_IDLE,1,9.238291776000551,1.512
BASELINE_IDLE,1,9.296555131000787,1.512
BASELINE_IDLE,1,9.348045526001442,1.597
BASELINE_IDLE,1,9.399784592000287,1.599
BASELINE_IDLE,1,9.451165683,1.599
BASELINE_IDLE,1,9.50240061400109,1.476
BASELINE_IDLE,1,9.553791109001395,1.659
BASELINE_IDLE,1,9.60587181900155,1.637
BASELINE_IDLE,1,9.65724367400071,1.52
BASELINE_IDLE,1,9.708858406000218,1.737
BASELINE_IDLE,1,9.760929439000392,1.737
BASELINE_IDLE,1,9.812187878000259,1.543
BASELINE_IDLE,1,9.863817053001185,1.529
BASELINE_IDLE,1,9.915139120999811,1.529
BASELINE_IDLE,1,9.9666686569999,2.471
BASELINE_IDLE,1,10.018316611000046,2.471
BASELINE_IDLE,1,10.06988899099997,1.522
BASELINE_IDLE,1,10.121398892000798,1.522
BASELINE_IDLE,1,10.173140120001335,1.485
BASELINE_IDLE,1,10.22505789600109,1.485
BASELINE_IDLE,1,10.27681162600129,1.48
BASELINE_IDLE,1,10.328821173001415,1.519
BASELINE_IDLE,1,10.38015612900017,1.519
BASELINE_IDLE,1,10.432206994000808,1.459
BASELINE_IDLE,1,10.483907187001023,1.774
BASELINE_IDLE,1,10.535955557999841,1.57
BASELINE_IDLE,1,10.587242225001319,1.57
BASELINE_IDLE,1,10.639115712001512,1.487
BASELINE_IDLE,1,10.690912168000068,1.487
BASELINE_IDLE,1,10.742753905000427,1.535
BASELINE_IDLE,1,10.793972467999993,1.722
BASELINE_IDLE,1,10.845759876001466,1.722
BASELINE_IDLE,1,10.898394251000354,1.544
BASELINE_IDLE,1,10.949547776001054,1.544
BASELINE_IDLE,1,11.001004896001177,1.485
BASELINE_IDLE,1,11.052362276001077,1.485
BASELINE_IDLE,1,11.103706364001482,2.604
BASELINE_IDLE,1,11.15508835699984,2.604
BASELINE_IDLE,1,11.20627291800156,1.463
BASELINE_IDLE,1,11.258349727000677,1.493
BASELINE_IDLE,1,11.310431943000367,1.493
BASELINE_IDLE,1,11.362016050999955,1.459
BASELINE_IDLE,1,11.41334936900057,1.793
BASELINE_IDLE,1,11.465177429001415,1.615
BASELINE_IDLE,1,11.517604390000997,1.604
BASELINE_IDLE,1,11.569683018000433,1.618
BASELINE_IDLE,1,11.620993077000094,1.64
BASELINE_IDLE,1,11.67268478799997,1.599
BASELINE_IDLE,1,11.724748433000059,1.524
BASELINE_IDLE,1,11.777486566999869,1.524
BASELINE_IDLE,1,11.82889874600005,1.531
BASELINE_IDLE,1,11.879975787000149,1.531
BASELINE_IDLE,1,11.931682150001507,1.515
BASELINE_IDLE,1,11.98335936500007,1.515
BASELINE_IDLE,1,12.034989769999811,1.537
BASELINE_IDLE,1,12.08730127600029,1.507
BASELINE_IDLE,1,12.139016652999999,2.216
BASELINE_IDLE,1,12.191406084000846,2.653
BASELINE_IDLE,1,12.243325470000855,2.653
BASELINE_IDLE,1,12.295282471000974,2.157
BASELINE_IDLE,1,12.34729918300036,2.157
BASELINE_IDLE,1,12.39884767500007,1.651
BASELINE_IDLE,1,12.450296024000636,1.651
BASELINE_IDLE,1,12.502016005000769,1.707
BASELINE_IDLE,1,12.553803767999852,1.707
BASELINE_IDLE,1,12.605330958000195,1.577
BASELINE_IDLE,1,12.656550470001093,1.66
BASELINE_IDLE,1,12.708327501000895,1.64
BASELINE_IDLE,1,12.759683962000054,1.63
BASELINE_IDLE,1,12.81092077500034,1.609
BASELINE_IDLE,1,12.862968975001422,1.656
BASELINE_IDLE,1,12.915212466001321,1.594
BASELINE_IDLE,1,12.967234784000539,1.744
BASELINE_IDLE,1,13.01972971000032,1.508
BASELINE_IDLE,1,13.071765609000067,1.84
BASELINE_IDLE,1,13.123900286000207,1.535
BASELINE_IDLE,1,13.175720020000881,1.535
BASELINE_IDLE,1,13.227992883001207,2.438
BASELINE_IDLE,1,13.28008030500132,2.438
BASELINE_IDLE,1,13.33142748499995,1.59
BASELINE_IDLE,1,13.383038879001106,1.59
BASELINE_IDLE,1,13.434760810001535,1.506
BASELINE_IDLE,1,13.486346904001039,1.506
BASELINE_IDLE,1,13.537755508999908,1.536
BASELINE_IDLE,1,13.58978672900048,1.541
BASELINE_IDLE,1,13.641496222000569,1.78
BASELINE_IDLE,1,13.693149382001138,1.577
BASELINE_IDLE,1,13.74503321300108,1.577
BASELINE_IDLE,1,13.797095879001063,1.535
BASELINE_IDLE,1,13.84852220799985,1.535
BASELINE_IDLE,1,13.89990110600047,1.523
BASELINE_IDLE,1,13.951170252999873,1.523
BASELINE_IDLE,1,14.002532535001592,1.494
BASELINE_IDLE,1,14.054301412001223,1.499
BASELINE_IDLE,1,14.105571778000012,1.499
BASELINE_IDLE,1,14.156945709000865,1.483
BASELINE_IDLE,1,14.208372853001492,1.483
BASELINE_IDLE,1,14.259889269000269,1.894
BASELINE_IDLE,1,14.31123271800061,1.894
BASELINE_IDLE,1,14.362661520000984,1.498
BASELINE_IDLE,1,14.414118817001508,1.498
BASELINE_IDLE,1,14.46595270600119,1.506
BASELINE_IDLE,1,14.517599137001525,1.554
BASELINE_IDLE,1,14.56998673400085,1.554
BASELINE_IDLE,1,14.621567768001114,1.535
BASELINE_IDLE,1,14.672911644000123,1.706
BASELINE_IDLE,1,14.724292986000364,1.588
BASELINE_IDLE,1,14.775865288000205,1.588
BASELINE_IDLE,1,14.82717886499995,1.543
BASELINE_IDLE,1,14.882653093000044,1.543
BASELINE_IDLE,1,14.933943060999809,1.591
BASELINE_IDLE,1,14.98544210700129,1.501
STAGE_MODEL_INFER,1,0.0012954390003869776,1.56
STAGE_MODEL_INFER,1,0.05406045000017912,5.404
STAGE_MODEL_INFER,1,0.10492785099995672,5.404
STAGE_MODEL_INFER,1,0.16930141699958767,6.103
STAGE_MODEL_INFER,1,0.22814627600018866,5.842
STAGE_MODEL_INFER,1,0.30620214299960935,10.728
STAGE_MODEL_INFER,1,0.3578442639991408,49.474
STAGE_MODEL_INFER,1,0.4090261940000346,21.21
STAGE_MODEL_INFER,1,0.4600041970006714,21.083
STAGE_MODEL_INFER,1,0.51059812099993,18.361
STAGE_MODEL_INFER,1,0.5610591860004206,18.361
STAGE_MODEL_INFER,1,0.611562652999055,13.208
STAGE_MODEL_INFER,1,0.663119671999084,13.208
STAGE_MODEL_INFER,1,0.7141475299995363,17.851
STAGE_MODEL_INFER,1,0.7646218190002401,17.851
STAGE_MODEL_INFER,1,0.8150606889994378,18.399
STAGE_MODEL_INFER,1,0.866853572000764,18.399
STAGE_MODEL_INFER,1,0.9221797890004382,17.669
STAGE_MODEL_INFER,1,0.9727236880007695,16.737
STAGE_MODEL_INFER,1,1.0232262930003344,16.737
STAGE_MODEL_INFER,1,1.0738407680000819,17.065
STAGE_MODEL_INFER,1,1.124240392999127,17.065
STAGE_MODEL_INFER,1,1.1747586359997513,17.238
STAGE_MODEL_INFER,1,1.2250319209997542,17.238
STAGE_MODEL_INFER,1,1.2755530760005058,17.357
STAGE_MODEL_INFER,1,1.325975533000019,17.357
STAGE_MODEL_INFER,1,1.376528643999336,17.44
STAGE_MODEL_INFER,1,1.4278050800003257,17.44
STAGE_MODEL_INFER,1,1.479214544999195,15.719
STAGE_MODEL_INFER,1,1.5297118729995418,11.845
STAGE_MODEL_INFER,1,1.5855595899993205,11.845
STAGE_MODEL_INFER,1,1.6409991719992831,17.986
STAGE_MODEL_INFER,1,1.6913914979995752,17.986
STAGE_MODEL_INFER,1,1.7418327449995559,13.253
STAGE_MODEL_INFER,1,1.7928885029996309,13.253
STAGE_MODEL_INFER,1,1.844619760000569,17.793
STAGE_MODEL_INFER,1,1.8949372259994561,17.793
STAGE_MODEL_INFER,1,1.9455735749997984,16.219
STAGE_MODEL_INFER,1,1.9967666060001648,17.824
STAGE_MODEL_INFER,1,2.0472968020003464,17.824
STAGE_MODEL_INFER,1,2.097758514999441,17.796
STAGE_MODEL_INFER,1,2.148367837000478,17.796
STAGE_MODEL_INFER,1,2.1989056969996454,10.702
STAGE_MODEL_INFER,1,2.2500543799997104,10.702
STAGE_MODEL_INFER,1,2.3013552219999838,9.197
STAGE_MODEL_INFER,1,2.351757174999875,9.197
STAGE_MODEL_INFER,1,2.4022163089994137,9.277
STAGE_MODEL_INFER,1,2.4571878719998494,10.147
STAGE_MODEL_INFER,1,2.5084332579990587,9.991
STAGE_MODEL_INFER,1,2.558837542999754,11.191
STAGE_MODEL_INFER,1,2.6101233219997084,11.191
STAGE_MODEL_INFER,1,2.6615549140005896,10.075
STAGE_MODEL_INFER,1,2.711919544999546,10.075
STAGE_MODEL_INFER,1,2.7625119809999887,9.864
STAGE_MODEL_INFER,1,2.8129886539991276,9.864
STAGE_MODEL_INFER,1,2.8633228609996877,9.627
STAGE_MODEL_INFER,1,2.913789640999312,9.627
STAGE_MODEL_INFER,1,2.9644266100003733,9.676
STAGE_MODEL_INFER,1,3.016157022000698,9.676
STAGE_MODEL_INFER,1,3.0727709109996795,9.926
STAGE_MODEL_INFER,1,3.123441420000745,9.98
STAGE_MODEL_INFER,1,3.1737433029993554,9.98
STAGE_MODEL_INFER,1,3.2241834420001396,9.91
STAGE_MODEL_INFER,1,3.2754708409993327,9.91
STAGE_MODEL_INFER,1,3.3260222669996438,8.56
STAGE_MODEL_INFER,1,3.37751322099939,8.56
STAGE_MODEL_INFER,1,3.4290809359990817,9.817
STAGE_MODEL_INFER,1,3.479471132999606,9.817
STAGE_MODEL_INFER,1,3.5298975799996697,9.88
STAGE_MODEL_INFER,1,3.5803283650002413,9.88
STAGE_MODEL_INFER,1,3.630735442999139,9.901
STAGE_MODEL_INFER,1,3.6811359229996015,9.901
STAGE_MODEL_INFER,1,3.731624931000624,9.91
STAGE_MODEL_INFER,1,3.7821390839999367,14.114
STAGE_MODEL_INFER,1,3.8341860889995587,14.114
STAGE_MODEL_INFER,1,3.885540019999098,13.027
STAGE_MODEL_INFER,1,3.9369994579992635,13.027
STAGE_MODEL_INFER,1,3.9880996699994284,9.78
STAGE_MODEL_INFER,1,4.048774701999719,9.78
STAGE_MODEL_INFER,1,4.099318153999775,6.799
STAGE_MODEL_INFER,1,4.150905849999617,6.799
STAGE_MODEL_INFER,1,4.205180462999124,10.26
STAGE_MODEL_INFER,1,4.2610201419993246,9.955
STAGE_MODEL_INFER,1,4.311573828999826,9.955
STAGE_MODEL_INFER,1,4.362025825999808,9.717
STAGE_MODEL_INFER,1,4.412527713999225,9.717
STAGE_MODEL_INFER,1,4.463075800000297,9.497
STAGE_MODEL_INFER,1,4.513432007999654,9.497
STAGE_MODEL_INFER,1,4.564195430999462,8.441
STAGE_MODEL_INFER,1,4.6187240990002465,8.441
STAGE_MODEL_INFER,1,4.6749480979997315,9.948
STAGE_MODEL_INFER,1,4.725378076000197,9.953
STAGE_MODEL_INFER,1,4.775771942000574,9.953
STAGE_MODEL_INFER,1,4.826108928000394,9.96
STAGE_MODEL_INFER,1,4.876522308999483,9.96
STAGE_MODEL_INFER,1,4.926880965000237,12.244
STAGE_MODEL_INFER,1,4.984069575000831,12.244
STAGE_MODEL_INFER,1,5.035125358999721,9.125
STAGE_MODEL_INFER,1,5.08574663500076,9.125
STAGE_MODEL_INFER,1,5.136210848999326,9.525
STAGE_MODEL_INFER,1,5.1866238940001494,9.525
STAGE_MODEL_INFER,1,5.2371174529998825,11.582
STAGE_MODEL_INFER,1,5.290963276000184,9.746
STAGE_MODEL_INFER,1,5.358030175000749,9.746
STAGE_MODEL_INFER,1,5.409185530999821,10.068
STAGE_MODEL_INFER,1,5.459573275000366,10.068
STAGE_MODEL_INFER,1,5.509906825000144,9.721
STAGE_MODEL_INFER,1,5.561269366000488,9.721
STAGE_MODEL_INFER,1,5.612449856000239,9.276
STAGE_MODEL_INFER,1,5.662824314000318,9.276
STAGE_MODEL_INFER,1,5.713287255999603,8.505
STAGE_MODEL_INFER,1,5.764688343000671,10.016
STAGE_MODEL_INFER,1,5.817082481000398,10.016
STAGE_MODEL_INFER,1,5.867562788000214,10.086
STAGE_MODEL_INFER,1,5.924416641999414,10.086
STAGE_MODEL_INFER,1,5.976380723999682,10.078
STAGE_MODEL_INFER,1,6.026762266999867,10.078
STAGE_MODEL_INFER,1,6.077186578000692,9.777
STAGE_MODEL_INFER,1,6.12764282200078,9.777
STAGE_MODEL_INFER,1,6.178205320000416,9.739
STAGE_MODEL_INFER,1,6.228622762999294,9.739
STAGE_MODEL_INFER,1,6.279092667999066,5.738
STAGE_MODEL_INFER,1,6.33028843899956,10.288
STAGE_MODEL_INFER,1,6.380868816000657,10.288
STAGE_MODEL_INFER,1,6.4313436779993935,10.179
STAGE_MODEL_INFER,1,6.481714310000825,10.179
STAGE_MODEL_INFER,1,6.532045713000116,10.877
STAGE_MODEL_INFER,1,6.583507497000028,10.877
STAGE_MODEL_INFER,1,6.635095948999151,9.368
STAGE_MODEL_INFER,1,6.68547776000014,9.368
STAGE_MODEL_INFER,1,6.735936562999996,9.323
STAGE_MODEL_INFER,1,6.786318417000075,9.323
STAGE_MODEL_INFER,1,6.836891838000156,9.183
STAGE_MODEL_INFER,1,6.888085542999761,9.183
STAGE_MODEL_INFER,1,6.939242132999425,10.133
STAGE_MODEL_INFER,1,6.9896201440005825,9.305
STAGE_MODEL_INFER,1,7.046680429999469,9.305
STAGE_MODEL_INFER,1,7.101831840000159,10.144
STAGE_MODEL_INFER,1,7.152381370000512,10.144
STAGE_MODEL_INFER,1,7.207254398999794,10.201
STAGE_MODEL_INFER,1,7.2582639070005825,10.201
STAGE_MODEL_INFER,1,7.30940407900016,9.253
STAGE_MODEL_INFER,1,7.359760608000215,9.253
STAGE_MODEL_INFER,1,7.410092641999654,9.456
STAGE_MODEL_INFER,1,7.460494152999672,9.456
STAGE_MODEL_INFER,1,7.510905504999755,9.639
STAGE_MODEL_INFER,1,7.561284221999813,9.743
STAGE_MODEL_INFER,1,7.611731958000746,9.743
STAGE_MODEL_INFER,1,7.662200073000349,9.818
STAGE_MODEL_INFER,1,7.712551755999812,9.818
STAGE_MODEL_INFER,1,7.762905203999253,10.291
STAGE_MODEL_INFER,1,7.813985443999627,8.8
STAGE_MODEL_INFER,1,7.865332142000625,9.943
STAGE_MODEL_INFER,1,7.9164514019994385,10.691
STAGE_MODEL_INFER,1,7.970919404000597,9.871
STAGE_MODEL_INFER,1,8.026503003999096,9.229
STAGE_MODEL_INFER,1,8.080236343999786,10.709
STAGE_MODEL_INFER,1,8.143420235999656,9.862
STAGE_MODEL_INFER,1,8.194511706999037,9.862
STAGE_MODEL_INFER,1,8.24548151899944,10.279
STAGE_MODEL_INFER,1,8.295868900999267,10.279
STAGE_MODEL_INFER,1,8.346258162000595,9.862
STAGE_MODEL_INFER,1,8.39674920499965,9.862
STAGE_MODEL_INFER,1,8.447289441999601,9.704
STAGE_MODEL_INFER,1,8.497658369000419,9.704
STAGE_MODEL_INFER,1,8.54807873000027,9.785
STAGE_MODEL_INFER,1,8.598536740000782,9.859
STAGE_MODEL_INFER,1,8.649030402999415,9.859
STAGE_MODEL_INFER,1,8.699526824000714,9.902
STAGE_MODEL_INFER,1,8.760316206000425,9.902
STAGE_MODEL_INFER,1,8.810767253999074,11.121
STAGE_MODEL_INFER,1,8.861670840000443,11.121
STAGE_MODEL_INFER,1,8.91631353000048,9.456
STAGE_MODEL_INFER,1,8.96665937599937,9.456
STAGE_MODEL_INFER,1,9.01710478700079,9.46
STAGE_MODEL_INFER,1,9.067453563000527,9.665
STAGE_MODEL_INFER,1,9.118025805999423,9.665
STAGE_MODEL_INFER,1,9.168521473999135,9.801
STAGE_MODEL_INFER,1,9.218907168000442,9.801
STAGE_MODEL_INFER,1,9.270569794000039,9.432
STAGE_MODEL_INFER,1,9.32163592500001,9.432
STAGE_MODEL_INFER,1,9.372832089999065,10.214
STAGE_MODEL_INFER,1,9.42318363099912,10.214
STAGE_MODEL_INFER,1,9.473789813000622,9.81
STAGE_MODEL_INFER,1,9.52411497600042,6.644
STAGE_MODEL_INFER,1,9.590057277000597,6.644
STAGE_MODEL_INFER,1,9.64113820899911,9.93
STAGE_MODEL_INFER,1,9.691538846000185,9.93
STAGE_MODEL_INFER,1,9.741989739999553,9.99
STAGE_MODEL_INFER,1,9.792304415999752,9.99
STAGE_MODEL_INFER,1,9.842793161000372,10.666
STAGE_MODEL_INFER,1,9.894444555999144,10.666
STAGE_MODEL_INFER,1,9.946281927999735,10.221
STAGE_MODEL_INFER,1,9.996767090000503,10.221
STAGE_MODEL_INFER,1,10.047277929999836,9.805
STAGE_MODEL_INFER,1,10.097703757999625,9.805
STAGE_MODEL_INFER,1,10.148151388999395,9.672
STAGE_MODEL_INFER,1,10.19941688399922,10.064
STAGE_MODEL_INFER,1,10.250999244999548,10.048
STAGE_MODEL_INFER,1,10.30142644999978,9.44
STAGE_MODEL_INFER,1,10.353052028000093,9.44
STAGE_MODEL_INFER,1,10.40427085400006,10.218
STAGE_MODEL_INFER,1,10.454684276999615,10.218
STAGE_MODEL_INFER,1,10.508098977999907,10.666
STAGE_MODEL_INFER,1,10.559077844000058,10.666
STAGE_MODEL_INFER,1,10.610112672000469,9.453
STAGE_MODEL_INFER,1,10.66070493999905,9.453
STAGE_MODEL_INFER,1,10.711231626999506,9.478
STAGE_MODEL_INFER,1,10.76160095799969,9.478
STAGE_MODEL_INFER,1,10.812068367000393,9.673
STAGE_MODEL_INFER,1,10.862529759000608,9.798
STAGE_MODEL_INFER,1,10.920742567999696,9.798
STAGE_MODEL_INFER,1,10.971164226000838,5.487
STAGE_MODEL_INFER,1,11.0291810359995,5.487
STAGE_MODEL_INFER,1,11.083940737000376,8.059
STAGE_MODEL_INFER,1,11.135325576000469,8.059
STAGE_MODEL_INFER,1,11.186372157999358,10.145
STAGE_MODEL_INFER,1,11.238053184999444,9.49
STAGE_MODEL_INFER,1,11.28854506800053,9.49
STAGE_MODEL_INFER,1,11.338994951000132,9.805
STAGE_MODEL_INFER,1,11.389398109999092,9.805
STAGE_MODEL_INFER,1,11.439975309000147,10.008
STAGE_MODEL_INFER,1,11.490528488999189,10.008
STAGE_MODEL_INFER,1,11.541004041000633,10.068
STAGE_MODEL_INFER,1,11.591446451000593,10.068
STAGE_MODEL_INFER,1,11.641960523000307,9.864
STAGE_MODEL_INFER,1,11.692464141999153,9.864
STAGE_MODEL_INFER,1,11.742889166000168,9.94
STAGE_MODEL_INFER,1,11.793485502999829,13.802
STAGE_MODEL_INFER,1,11.847144391000256,13.802
STAGE_MODEL_INFER,1,11.90325122899958,10.186
STAGE_MODEL_INFER,1,11.953699019000851,10.186
STAGE_MODEL_INFER,1,12.00407419200019,9.677
STAGE_MODEL_INFER,1,12.05446324299919,9.677
STAGE_MODEL_INFER,1,12.105012721000094,9.739
STAGE_MODEL_INFER,1,12.155319843999678,9.739
STAGE_MODEL_INFER,1,12.205672689000494,9.864
STAGE_MODEL_INFER,1,12.256162730000142,9.955
STAGE_MODEL_INFER,1,12.306665202000659,9.955
STAGE_MODEL_INFER,1,12.357045828999617,9.916
STAGE_MODEL_INFER,1,12.407515188000616,9.916
STAGE_MODEL_INFER,1,12.457971436999287,8.392
STAGE_MODEL_INFER,1,12.514602850000301,11.638
STAGE_MODEL_INFER,1,12.565977763000774,8.61
STAGE_MODEL_INFER,1,12.620926487999895,10.518
STAGE_MODEL_INFER,1,12.673141408999072,10.108
STAGE_MODEL_INFER,1,12.727764926999953,9.994
STAGE_MODEL_INFER,1,12.779878606999773,9.994
STAGE_MODEL_INFER,1,12.834647137000502,8.04
STAGE_MODEL_INFER,1,12.886392387999877,8.04
STAGE_MODEL_INFER,1,12.939265879000232,9.138
STAGE_MODEL_INFER,1,12.989696237000317,9.138
STAGE_MODEL_INFER,1,13.040195737999966,5.538
STAGE_MODEL_INFER,1,13.09136867199959,10.216
STAGE_MODEL_INFER,1,13.1418550340004,10.216
STAGE_MODEL_INFER,1,13.192128037000657,10.197
STAGE_MODEL_INFER,1,13.24259386400081,10.197
STAGE_MODEL_INFER,1,13.29295109099985,12.512
STAGE_MODEL_INFER,1,13.35050710500036,12.512
STAGE_MODEL_INFER,1,13.407044944000518,10.207
STAGE_MODEL_INFER,1,13.458072336999976,10.339
STAGE_MODEL_INFER,1,13.516074962999483,10.339
STAGE_MODEL_INFER,1,13.570851799999218,10.272
STAGE_MODEL_INFER,1,13.621174930000052,10.272
STAGE_MODEL_INFER,1,13.671600419000242,10.389
STAGE_MODEL_INFER,1,13.722816465000506,10.389
STAGE_MODEL_INFER,1,13.774110177000694,9.392
STAGE_MODEL_INFER,1,13.824464344999797,9.392
STAGE_MODEL_INFER,1,13.874814303000676,9.933
STAGE_MODEL_INFER,1,13.9281564970006,10.287
STAGE_MODEL_INFER,1,13.978600489999735,10.287
STAGE_MODEL_INFER,1,14.02895172799981,13.674
STAGE_MODEL_INFER,1,14.080915233000269,13.674
STAGE_MODEL_INFER,1,14.132966028000737,9.18
STAGE_MODEL_INFER,1,14.183422070000233,9.18
STAGE_MODEL_INFER,1,14.233874322000702,9.485
STAGE_MODEL_INFER,1,14.284288844999537,9.485
STAGE_MODEL_INFER,1,14.334768231999988,9.739
STAGE_MODEL_INFER,1,14.38534961500045,9.739
STAGE_MODEL_INFER,1,14.435740461000023,9.869
STAGE_MODEL_INFER,1,14.486140401000739,10.535
STAGE_MODEL_INFER,1,14.537254066999594,10.535
STAGE_MODEL_INFER,1,14.588222493999638,9.159
STAGE_MODEL_INFER,1,14.638541521000661,9.159
STAGE_MODEL_INFER,1,14.688955124000131,9.618
STAGE_MODEL_INFER,1,14.739317396999468,9.618
STAGE_MODEL_INFER,1,14.789612611000848,10.16
STAGE_MODEL_INFER,1,14.8408591110001,10.16
STAGE_MODEL_INFER,1,14.892026370000167,10.289
STAGE_MODEL_INFER,1,14.942467475999365,10.289
STAGE_MODEL_INFER,1,14.992845046999719,10.641
STAGE_MODEL_INFER,1,15.04405753500032,9.449
STAGE_MODEL_INFER,1,15.094600144000651,9.449
STAGE_MODEL_INFER,1,15.145059193000634,10.999
STAGE_MODEL_INFER,1,15.19684464599959,10.999
STAGE_MODEL_INFER,1,15.2537896190006,13.539
STAGE_MODEL_INFER,1,15.30500363200008,13.539
STAGE_MODEL_INFER,1,15.357002282000394,10.307
STAGE_MODEL_INFER,1,15.407592307999948,10.307
STAGE_MODEL_INFER,1,15.457970502000535,9.792
STAGE_MODEL_INFER,1,15.508467838000797,9.762
STAGE_MODEL_INFER,1,15.558944033999069,9.762
STAGE_MODEL_INFER,1,15.609352131999913,10.361
STAGE_MODEL_INFER,1,15.660463923999487,10.361
STAGE_MODEL_INFER,1,15.712106406999737,10.25
STAGE_MODEL_INFER,1,15.762599551999301,10.25
STAGE_MODEL_INFER,1,15.813119417000053,8.63
STAGE_MODEL_INFER,1,15.865167293999548,8.63
STAGE_MODEL_INFER,1,15.916205323999748,9.699
STAGE_MODEL_INFER,1,15.967377603999921,9.945
STAGE_MODEL_INFER,1,16.020445411000765,9.875
STAGE_MODEL_INFER,1,16.070843769999556,10.4
STAGE_MODEL_INFER,1,16.122731262999878,10.4
STAGE_MODEL_INFER,1,16.17857276200084,10.303
STAGE_MODEL_INFER,1,16.22944379100045,10.303
STAGE_MODEL_INFER,1,16.27984507399924,10.265
STAGE_MODEL_INFER,1,16.331237664999207,10.265
STAGE_MODEL_INFER,1,16.382398256999295,9.527
STAGE_MODEL_INFER,1,16.432787219999227,9.195
STAGE_MODEL_INFER,1,16.488438734000738,9.195
STAGE_MODEL_INFER,1,16.542987650000214,10.251
STAGE_MODEL_INFER,1,16.59342128299977,10.251
STAGE_MODEL_INFER,1,16.643689705000725,10.259
STAGE_MODEL_INFER,1,16.694029430000228,10.259
STAGE_MODEL_INFER,1,16.744411798999863,9.921
STAGE_MODEL_INFER,1,16.794833567999376,9.921
STAGE_MODEL_INFER,1,16.845239043999754,9.206
STAGE_MODEL_INFER,1,16.896522306000406,10.205
STAGE_MODEL_INFER,1,16.946970250999584,10.205
STAGE_MODEL_INFER,1,16.99747473500065,9.738
STAGE_MODEL_INFER,1,17.04978643100003,9.738
STAGE_MODEL_INFER,1,17.103644587999952,9.74
STAGE_MODEL_INFER,1,17.153984996999498,9.74
STAGE_MODEL_INFER,1,17.204395218999707,8.449
STAGE_MODEL_INFER,1,17.25550584499979,11.218
STAGE_MODEL_INFER,1,17.306649465999726,8.602
STAGE_MODEL_INFER,1,17.35853623100047,10.174
STAGE_MODEL_INFER,1,17.415415150000626,10.148
STAGE_MODEL_INFER,1,17.46597452700007,10.718
STAGE_MODEL_INFER,1,17.518056533999697,10.718
STAGE_MODEL_INFER,1,17.573808025999824,9.478
STAGE_MODEL_INFER,1,17.624264313999447,9.478
STAGE_MODEL_INFER,1,17.674874570999236,9.471
STAGE_MODEL_INFER,1,17.725302906999787,9.471
STAGE_MODEL_INFER,1,17.775782831999095,9.716
STAGE_MODEL_INFER,1,17.8261615600004,9.864
STAGE_MODEL_INFER,1,17.88642088099914,9.864
STAGE_MODEL_INFER,1,17.9368465309999,10.531
STAGE_MODEL_INFER,1,17.987922942000296,10.531
STAGE_MODEL_INFER,1,18.039827070000683,9.05
STAGE_MODEL_INFER,1,18.090147954000713,9.05
STAGE_MODEL_INFER,1,18.140803739999683,10.079
STAGE_MODEL_INFER,1,18.191800860000512,10.394
STAGE_MODEL_INFER,1,18.250217860000703,10.394
STAGE_MODEL_INFER,1,18.30485404799947,10.251
STAGE_MODEL_INFER,1,18.355225372999485,10.251
STAGE_MODEL_INFER,1,18.405621648000306,10.982
STAGE_MODEL_INFER,1,18.456765553999503,10.982
STAGE_MODEL_INFER,1,18.508025675999306,9.078
STAGE_MODEL_INFER,1,18.558365052000227,9.078
STAGE_MODEL_INFER,1,18.60877827799959,9.481
STAGE_MODEL_INFER,1,18.659167407000496,9.481
STAGE_MODEL_INFER,1,18.70964026799993,9.725
STAGE_MODEL_INFER,1,18.76009212200006,13.271
STAGE_MODEL_INFER,1,18.812683845999345,13.271
STAGE_MODEL_INFER,1,18.86378688699915,11.787
STAGE_MODEL_INFER,1,18.91498036700068,11.787
STAGE_MODEL_INFER,1,18.969061830999635,14.224
STAGE_MODEL_INFER,1,19.0203171689991,14.224
STAGE_MODEL_INFER,1,19.07161784500022,9.344
STAGE_MODEL_INFER,1,19.12211989699972,9.344
STAGE_MODEL_INFER,1,19.17253444599919,11.18
STAGE_MODEL_INFER,1,19.224492146000557,10.151
STAGE_MODEL_INFER,1,19.275929191000614,10.151
STAGE_MODEL_INFER,1,19.327146342999185,10.317
STAGE_MODEL_INFER,1,19.377505102000214,10.317
STAGE_MODEL_INFER,1,19.42784781299997,10.178
STAGE_MODEL_INFER,1,19.478206325999054,10.178
STAGE_MODEL_INFER,1,19.52859410000019,9.99
STAGE_MODEL_INFER,1,19.578974650999953,9.99
STAGE_MODEL_INFER,1,19.62929747599992,9.938
STAGE_MODEL_INFER,1,19.679747652000515,9.938
STAGE_MODEL_INFER,1,19.730272400000104,9.998
STAGE_MODEL_INFER,1,19.780658177000078,9.998
STAGE_MODEL_INFER,1,19.831004761999793,10.06
STAGE_MODEL_INFER,1,19.881396673999916,10.06
STAGE_MODEL_INFER,1,19.931787329000144,10.096
STAGE_MODEL_INFER,1,19.982258235999325,10.096
STAGE_MODEL_INFER,1,20.03265603699947,10.122
STAGE_MODEL_INFER,1,20.08318660199984,10.109
STAGE_MODEL_INFER,1,20.133685677999893,10.109
STAGE_MODEL_INFER,1,20.184104190000653,10.043
STAGE_MODEL_INFER,1,20.234511475000545,10.043
STAGE_MODEL_INFER,1,20.284833843999877,10.022
STAGE_MODEL_INFER,1,20.335243903000446,10.022
STAGE_MODEL_INFER,1,20.385618065000017,10.003
STAGE_MODEL_INFER,1,20.43597825100005,10.003
STAGE_MODEL_INFER,1,20.48643918900052,10.02
STAGE_MODEL_INFER,1,20.53682522499912,10.02
STAGE_MODEL_INFER,1,20.587213004999285,10.079
STAGE_MODEL_INFER,1,20.637597578999703,10.079
STAGE_MODEL_INFER,1,20.687923666999268,10.123
STAGE_MODEL_INFER,1,20.73830449200068,10.123
STAGE_MODEL_INFER,1,20.788656143999106,10.093
STAGE_MODEL_INFER,1,20.839045994000116,10.093
STAGE_MODEL_INFER,1,20.889419228000406,9.985
STAGE_MODEL_INFER,1,20.939880521000305,9.985
STAGE_MODEL_INFER,1,20.99020715199913,9.957
STAGE_MODEL_INFER,1,21.0406757260007,9.952
STAGE_MODEL_INFER,1,21.091050756000186,9.952
STAGE_MODEL_INFER,1,21.141593791999185,9.976
STAGE_MODEL_INFER,1,21.192000180999457,9.976
STAGE_MODEL_INFER,1,21.24243848900005,10.052
STAGE_MODEL_INFER,1,21.292803481999727,10.052
STAGE_MODEL_INFER,1,21.343293686000834,10.059
STAGE_MODEL_INFER,1,21.39367956500064,10.059
STAGE_MODEL_INFER,1,21.444058944000062,10.057
STAGE_MODEL_INFER,1,21.49450016300034,10.057
STAGE_MODEL_INFER,1,21.544954978000533,9.984
STAGE_MODEL_INFER,1,21.595369041000595,9.984
STAGE_MODEL_INFER,1,21.64579949200015,9.434
STAGE_MODEL_INFER,1,21.699534195000524,10.178
STAGE_MODEL_INFER,1,21.750017939999452,10.178
STAGE_MODEL_INFER,1,21.800438653999663,10.733
STAGE_MODEL_INFER,1,21.852810303000297,10.733
STAGE_MODEL_INFER,1,21.908400686999812,10.331
STAGE_MODEL_INFER,1,21.958757259000777,10.331
STAGE_MODEL_INFER,1,22.009178242000417,11.811
STAGE_MODEL_INFER,1,22.060553180999705,11.811
STAGE_MODEL_INFER,1,22.116927514000054,10.325
STAGE_MODEL_INFER,1,22.167433034999704,10.325
STAGE_MODEL_INFER,1,22.217874662999748,10.183
STAGE_MODEL_INFER,1,22.26838524899904,10.183
STAGE_MODEL_INFER,1,22.318821008999294,5.69
STAGE_MODEL_INFER,1,22.37065530200016,10.144
STAGE_MODEL_INFER,1,22.420982912999534,10.144
STAGE_MODEL_INFER,1,22.471407648999957,10.19
STAGE_MODEL_INFER,1,22.52184588899945,10.19
STAGE_MODEL_INFER,1,22.572224195999297,10.234
STAGE_MODEL_INFER,1,22.62258242200005,10.234
STAGE_MODEL_INFER,1,22.67296342699956,10.248
STAGE_MODEL_INFER,1,22.723260131999268,10.248
STAGE_MODEL_INFER,1,22.773719970999082,10.227
STAGE_MODEL_INFER,1,22.824021495000125,10.227
STAGE_MODEL_INFER,1,22.87435498800005,10.093
STAGE_MODEL_INFER,1,22.93036008600029,10.093
STAGE_MODEL_INFER,1,22.980783469000016,10.106
STAGE_MODEL_INFER,1,23.031155661999946,10.086
STAGE_MODEL_INFER,1,23.081654903000526,10.086
STAGE_MODEL_INFER,1,23.13208717999987,10.101
STAGE_MODEL_INFER,1,23.182459051000478,10.101
STAGE_MODEL_INFER,1,23.23296393199962,10.117
STAGE_MODEL_INFER,1,23.283487501999844,10.117
STAGE_MODEL_INFER,1,23.333957241999087,10.122
STAGE_MODEL_INFER,1,23.384447570000702,10.122
STAGE_MODEL_INFER,1,23.434953699999824,10.115
STAGE_MODEL_INFER,1,23.48540089599919,10.115
STAGE_MODEL_INFER,1,23.536006234000524,10.047
STAGE_MODEL_INFER,1,23.5864360329997,10.047
STAGE_MODEL_INFER,1,23.636811152999144,10.017
STAGE_MODEL_INFER,1,23.687097382999127,10.017
STAGE_MODEL_INFER,1,23.737588183999833,10.016
STAGE_MODEL_INFER,1,23.787973434000378,10.016
STAGE_MODEL_INFER,1,23.838502167000115,10.031
STAGE_MODEL_INFER,1,23.888823381999828,10.112
STAGE_MODEL_INFER,1,23.93940449299953,10.112
STAGE_MODEL_INFER,1,23.98991904899958,10.129
STAGE_MODEL_INFER,1,24.040383159999692,10.129
STAGE_MODEL_INFER,1,24.090809367000475,10.119
STAGE_MODEL_INFER,1,24.141181367000172,10.119
STAGE_MODEL_INFER,1,24.191499574999398,10.029
STAGE_MODEL_INFER,1,24.24192127599963,10.029
STAGE_MODEL_INFER,1,24.292259900999852,10.016
STAGE_MODEL_INFER,1,24.34268735399928,10.016
STAGE_MODEL_INFER,1,24.393034889000774,10.021
STAGE_MODEL_INFER,1,24.44337131700013,10.021
STAGE_MODEL_INFER,1,24.493700439999884,10.028
STAGE_MODEL_INFER,1,24.544270504999076,10.028
STAGE_MODEL_INFER,1,24.594672772000195,10.114
STAGE_MODEL_INFER,1,24.645151602000624,10.114
STAGE_MODEL_INFER,1,24.69563175300027,10.115
STAGE_MODEL_INFER,1,24.746227694999106,10.115
STAGE_MODEL_INFER,1,24.79663578399959,10.096
STAGE_MODEL_INFER,1,24.84707213299953,10.007
STAGE_MODEL_INFER,1,24.89742495199971,10.007
STAGE_MODEL_INFER,1,24.9478590359995,9.999
STAGE_MODEL_INFER,1,24.998392215999047,9.999
STAGE_MODEL_INFER,1,25.048859014999834,10.005
STAGE_MODEL_INFER,1,25.099320809000346,10.005
STAGE_MODEL_INFER,1,25.14973264100081,10.019
STAGE_MODEL_INFER,1,25.200080597000124,10.019
STAGE_MODEL_INFER,1,25.25043242600077,10.157
STAGE_MODEL_INFER,1,25.301506433999748,10.157
STAGE_MODEL_INFER,1,25.35294865799915,10.345
STAGE_MODEL_INFER,1,25.403420795000784,10.345
STAGE_MODEL_INFER,1,25.45388690099935,11.763
STAGE_MODEL_INFER,1,25.505595832000836,9.785
STAGE_MODEL_INFER,1,25.558430287999727,9.785
STAGE_MODEL_INFER,1,25.613447622999956,9.783
STAGE_MODEL_INFER,1,25.663910605999263,9.783
STAGE_MODEL_INFER,1,25.714286444999743,7.094
STAGE_MODEL_INFER,1,25.76575207499991,7.094
STAGE_MODEL_INFER,1,25.81790387000001,10.31
STAGE_MODEL_INFER,1,25.86830812699918,10.31
STAGE_MODEL_INFER,1,25.91874165199988,10.316
STAGE_MODEL_INFER,1,25.969104472000254,10.316
STAGE_MODEL_INFER,1,26.019443987999693,10.327
STAGE_MODEL_INFER,1,26.069864971999777,10.327
STAGE_MODEL_INFER,1,26.120261885000218,10.17
STAGE_MODEL_INFER,1,26.170687985999393,10.17
STAGE_MODEL_INFER,1,26.220991314999992,10.047
STAGE_MODEL_INFER,1,26.27137062700058,10.035
STAGE_MODEL_INFER,1,26.32164040799944,10.035
STAGE_MODEL_INFER,1,26.372044415000346,10.072
STAGE_MODEL_INFER,1,26.422420054999748,10.072
STAGE_MODEL_INFER,1,26.473733802000424,9.373
STAGE_MODEL_INFER,1,26.524827143999573,9.373
STAGE_MODEL_INFER,1,26.576926826999625,10.253
STAGE_MODEL_INFER,1,26.627464635999786,10.253
STAGE_MODEL_INFER,1,26.678062033999595,10.255
STAGE_MODEL_INFER,1,26.728820737000206,10.255
STAGE_MODEL_INFER,1,26.779290165999555,10.075
STAGE_MODEL_INFER,1,26.829715994999788,10.075
STAGE_MODEL_INFER,1,26.889008866999575,7.733
STAGE_MODEL_INFER,1,26.940149571999427,5.578
STAGE_MODEL_INFER,1,26.991366439999183,5.578
STAGE_MODEL_INFER,1,27.043462872999953,10.096
STAGE_MODEL_INFER,1,27.09388043999934,10.096
STAGE_MODEL_INFER,1,27.144547681000404,10.165
STAGE_MODEL_INFER,1,27.19502576999912,10.165
STAGE_MODEL_INFER,1,27.24553616599951,10.035
STAGE_MODEL_INFER,1,27.295914669999547,10.035
STAGE_MODEL_INFER,1,27.346282657999836,9.905
STAGE_MODEL_INFER,1,27.396825118999914,9.969
STAGE_MODEL_INFER,1,27.447326764000536,9.969
STAGE_MODEL_INFER,1,27.497884910999346,10.903
STAGE_MODEL_INFER,1,27.549274664999757,10.903
STAGE_MODEL_INFER,1,27.60042175700073,9.171
STAGE_MODEL_INFER,1,27.6510825130008,9.171
STAGE_MODEL_INFER,1,27.701515957000083,9.35
STAGE_MODEL_INFER,1,27.753097384000284,10.076
STAGE_MODEL_INFER,1,27.809976848000588,10.388
STAGE_MODEL_INFER,1,27.86316729600003,10.695
STAGE_MODEL_INFER,1,27.91429493999931,10.695
STAGE_MODEL_INFER,1,27.96557143999962,8.359
STAGE_MODEL_INFER,1,28.01694867399965,8.359
STAGE_MODEL_INFER,1,28.06808418000037,10.736
STAGE_MODEL_INFER,1,28.11947776099987,10.736
STAGE_MODEL_INFER,1,28.171575506999943,10.317
STAGE_MODEL_INFER,1,28.221911874999932,10.67
STAGE_MODEL_INFER,1,28.273002015999737,5.778
STAGE_MODEL_INFER,1,28.329054900999836,9.865
STAGE_MODEL_INFER,1,28.38483269599965,9.865
STAGE_MODEL_INFER,1,28.4404469910005,9.945
STAGE_MODEL_INFER,1,28.490896019999127,10.125
STAGE_MODEL_INFER,1,28.541603313999076,10.125
STAGE_MODEL_INFER,1,28.59197939600017,10.186
STAGE_MODEL_INFER,1,28.642516032999993,10.186
STAGE_MODEL_INFER,1,28.69298930200057,9.681
STAGE_MODEL_INFER,1,28.74863990400081,9.681
STAGE_MODEL_INFER,1,28.804078622000816,9.975
STAGE_MODEL_INFER,1,28.85439480400055,9.975
STAGE_MODEL_INFER,1,28.904741125999863,9.677
STAGE_MODEL_INFER,1,28.9562352009998,10.902
STAGE_MODEL_INFER,1,29.00754271599908,10.902
STAGE_MODEL_INFER,1,29.05867598199984,7.407
STAGE_MODEL_INFER,1,29.109791525999754,7.407
STAGE_MODEL_INFER,1,29.160947850999946,9.967
STAGE_MODEL_INFER,1,29.211387982000815,9.967
STAGE_MODEL_INFER,1,29.261774597000112,5.713
STAGE_MODEL_INFER,1,29.313005875999806,5.713
STAGE_MODEL_INFER,1,29.36426279800071,10.549
STAGE_MODEL_INFER,1,29.41474163299972,9.831
STAGE_MODEL_INFER,1,29.465351531000124,9.831
STAGE_MODEL_INFER,1,29.515810871000213,9.898
STAGE_MODEL_INFER,1,29.56625405699924,9.898
STAGE_MODEL_INFER,1,29.616658204999112,10.014
STAGE_MODEL_INFER,1,29.667070682000485,10.014
STAGE_MODEL_INFER,1,29.71744554399993,10.085
STAGE_MODEL_INFER,1,29.76792503999968,10.085
STAGE_MODEL_INFER,1,29.81844276800075,8.896
STAGE_MODEL_INFER,1,29.87183119099973,9.984
STAGE_MODEL_INFER,1,29.92212902599931,9.984
STAGE_MODEL_INFER,1,29.973259592999966,9.485
STAGE_FULL_PIPELINE,1,0.00109674899977108,9.485
STAGE_FULL_PIPELINE,1,0.05195797399937874,8.788
STAGE_FULL_PIPELINE,1,0.10234583799865504,8.788
STAGE_FULL_PIPELINE,1,0.1527840879989526,12.257
STAGE_FULL_PIPELINE,1,0.20745999199971266,7.681
STAGE_FULL_PIPELINE,1,0.2583296499997232,7.681
STAGE_FULL_PIPELINE,1,0.3114834489988425,10.069
STAGE_FULL_PIPELINE,1,0.3618111649993807,10.069
STAGE_FULL_PIPELINE,1,0.41215073700004723,10.207
STAGE_FULL_PIPELINE,1,0.4625490799990075,10.207
STAGE_FULL_PIPELINE,1,0.5130460379987198,10.594
STAGE_FULL_PIPELINE,1,0.5672685999998066,10.594
STAGE_FULL_PIPELINE,1,0.6223409569993237,9.111
STAGE_FULL_PIPELINE,1,0.6729257199986023,9.596
STAGE_FULL_PIPELINE,1,0.7246041549988149,9.596
STAGE_FULL_PIPELINE,1,0.780586177999794,10.351
STAGE_FULL_PIPELINE,1,0.8310038529998565,10.351
STAGE_FULL_PIPELINE,1,0.8813678199985588,10.357
STAGE_FULL_PIPELINE,1,0.9317725119999523,10.357
STAGE_FULL_PIPELINE,1,0.9822441379983502,8.918
STAGE_FULL_PIPELINE,1,1.0332063579990063,10.044
STAGE_FULL_PIPELINE,1,1.0835826249985985,10.044
STAGE_FULL_PIPELINE,1,1.1340031659983651,10.228
STAGE_FULL_PIPELINE,1,1.1847055709986307,10.228
STAGE_FULL_PIPELINE,1,1.2407676219991117,10.648
STAGE_FULL_PIPELINE,1,1.2921530129988241,10.648
STAGE_FULL_PIPELINE,1,1.3433379649995913,9.089
STAGE_FULL_PIPELINE,1,1.393803699998898,9.089
STAGE_FULL_PIPELINE,1,1.4442013999996561,5.703
STAGE_FULL_PIPELINE,1,1.499791230999108,5.953
STAGE_FULL_PIPELINE,1,1.5509550989991112,5.953
STAGE_FULL_PIPELINE,1,1.602778872998897,10.374
STAGE_FULL_PIPELINE,1,1.6534419959989464,10.374
STAGE_FULL_PIPELINE,1,1.7038976109997748,15.37
STAGE_FULL_PIPELINE,1,1.7550209389992233,15.37
STAGE_FULL_PIPELINE,1,1.806101480999132,17.68
STAGE_FULL_PIPELINE,1,1.8588042399987899,9.701
STAGE_FULL_PIPELINE,1,1.9163828490000014,10.723
STAGE_FULL_PIPELINE,1,1.9682344129996636,9.978
STAGE_FULL_PIPELINE,1,2.020786731998669,9.978
STAGE_FULL_PIPELINE,1,2.0759933829995134,9.479
STAGE_FULL_PIPELINE,1,2.12640361099875,9.479
STAGE_FULL_PIPELINE,1,2.177037659999769,9.567
STAGE_FULL_PIPELINE,1,2.235080450998794,10.008
STAGE_FULL_PIPELINE,1,2.28668679600014,10.008
STAGE_FULL_PIPELINE,1,2.3380286029987474,10.374
STAGE_FULL_PIPELINE,1,2.3883876079999027,10.374
STAGE_FULL_PIPELINE,1,2.4388306849996297,9.757
STAGE_FULL_PIPELINE,1,2.4894490399983624,9.757
STAGE_FULL_PIPELINE,1,2.5401988189987605,9.944
STAGE_FULL_PIPELINE,1,2.5908368799991877,9.944
STAGE_FULL_PIPELINE,1,2.6414011729993945,6.397
STAGE_FULL_PIPELINE,1,2.693744151998544,6.397
STAGE_FULL_PIPELINE,1,2.744943477999186,18.113
STAGE_FULL_PIPELINE,1,2.7965763449992664,18.113
STAGE_FULL_PIPELINE,1,2.849034019998726,9.796
STAGE_FULL_PIPELINE,1,2.8996807650000846,9.796
STAGE_FULL_PIPELINE,1,2.9503655029984657,13.923
STAGE_FULL_PIPELINE,1,3.0033617399985815,9.66
STAGE_FULL_PIPELINE,1,3.0552492079987132,10.738
STAGE_FULL_PIPELINE,1,3.1065577039989876,10.217
STAGE_FULL_PIPELINE,1,3.1587761959999625,10.217
STAGE_FULL_PIPELINE,1,3.215053342999454,10.3
STAGE_FULL_PIPELINE,1,3.2656944649988873,10.3
STAGE_FULL_PIPELINE,1,3.316247293998458,8.974
STAGE_FULL_PIPELINE,1,3.3689027069995063,8.974
STAGE_FULL_PIPELINE,1,3.420639030999155,10.332
STAGE_FULL_PIPELINE,1,3.471100471999307,10.332
STAGE_FULL_PIPELINE,1,3.5216425029993843,9.966
STAGE_FULL_PIPELINE,1,3.5730705639998632,10.787
STAGE_FULL_PIPELINE,1,3.634232405998773,9.501
STAGE_FULL_PIPELINE,1,3.6857909509999445,9.501
STAGE_FULL_PIPELINE,1,3.7375370929985365,10.37
STAGE_FULL_PIPELINE,1,3.7880349609986297,10.37
STAGE_FULL_PIPELINE,1,3.838523978000012,6.424
STAGE_FULL_PIPELINE,1,3.8935266489988862,6.424
STAGE_FULL_PIPELINE,1,3.944815621000089,10.373
STAGE_FULL_PIPELINE,1,3.995300527998552,10.373
STAGE_FULL_PIPELINE,1,4.046042786998441,10.356
STAGE_FULL_PIPELINE,1,4.0968146409995825,10.356
STAGE_FULL_PIPELINE,1,4.147401312999136,9.888
STAGE_FULL_PIPELINE,1,4.198904936998588,9.888
STAGE_FULL_PIPELINE,1,4.2512929439999425,10.368
STAGE_FULL_PIPELINE,1,4.302157043999614,10.368
STAGE_FULL_PIPELINE,1,4.352671547998398,10.369
STAGE_FULL_PIPELINE,1,4.403150619998996,10.369
STAGE_FULL_PIPELINE,1,4.4537813709994225,10.481
STAGE_FULL_PIPELINE,1,4.504413516999193,9.21
STAGE_FULL_PIPELINE,1,4.555911972000104,9.21
STAGE_FULL_PIPELINE,1,4.608614946999296,10.365
STAGE_FULL_PIPELINE,1,4.6590047999998205,10.365
STAGE_FULL_PIPELINE,1,4.709533633998944,10.372
STAGE_FULL_PIPELINE,1,4.760000897998907,10.372
STAGE_FULL_PIPELINE,1,4.810635480998826,8.859
STAGE_FULL_PIPELINE,1,4.863167756999246,8.859
STAGE_FULL_PIPELINE,1,4.9189698579994,9.793
STAGE_FULL_PIPELINE,1,4.9694732680000016,9.793
STAGE_FULL_PIPELINE,1,5.020162360999166,7.626
STAGE_FULL_PIPELINE,1,5.076297717998386,7.626
STAGE_FULL_PIPELINE,1,5.130276047999359,10.388
STAGE_FULL_PIPELINE,1,5.180665334999503,9.869
STAGE_FULL_PIPELINE,1,5.231272944998636,9.869
STAGE_FULL_PIPELINE,1,5.281829947000006,9.836
STAGE_FULL_PIPELINE,1,5.332165381998493,9.836
STAGE_FULL_PIPELINE,1,5.382803362999766,9.95
STAGE_FULL_PIPELINE,1,5.436600534998433,9.95
STAGE_FULL_PIPELINE,1,5.487080519998926,9.942
STAGE_FULL_PIPELINE,1,5.538295488999211,9.942
STAGE_FULL_PIPELINE,1,5.59050802099955,9.368
STAGE_FULL_PIPELINE,1,5.640966073999152,9.615
STAGE_FULL_PIPELINE,1,5.6913097749984445,9.615
STAGE_FULL_PIPELINE,1,5.744471869998961,9.629
STAGE_FULL_PIPELINE,1,5.795730624999123,9.629
STAGE_FULL_PIPELINE,1,5.847206020000158,10.444
STAGE_FULL_PIPELINE,1,5.897808031999375,10.444
STAGE_FULL_PIPELINE,1,5.948422474999461,9.909
STAGE_FULL_PIPELINE,1,5.998936441999831,9.909
STAGE_FULL_PIPELINE,1,6.0494571299987,7.212
STAGE_FULL_PIPELINE,1,6.100632442999995,10.378
STAGE_FULL_PIPELINE,1,6.151305945999411,10.378
STAGE_FULL_PIPELINE,1,6.201808747999166,10.416
STAGE_FULL_PIPELINE,1,6.252297013999851,10.416
STAGE_FULL_PIPELINE,1,6.302978154999437,10.041
STAGE_FULL_PIPELINE,1,6.3532793519989355,10.041
STAGE_FULL_PIPELINE,1,6.403770753999197,9.397
STAGE_FULL_PIPELINE,1,6.458997286999875,10.451
STAGE_FULL_PIPELINE,1,6.50945105899882,10.451
STAGE_FULL_PIPELINE,1,6.559915959000136,10.424
STAGE_FULL_PIPELINE,1,6.610563646998344,10.424
STAGE_FULL_PIPELINE,1,6.661064305999389,10.037
STAGE_FULL_PIPELINE,1,6.711510231998545,10.037
STAGE_FULL_PIPELINE,1,6.761885887999597,8.778
STAGE_FULL_PIPELINE,1,6.813000652999108,8.778
STAGE_FULL_PIPELINE,1,6.864449453998532,10.249
STAGE_FULL_PIPELINE,1,6.91503431899946,10.249
STAGE_FULL_PIPELINE,1,6.9654724880001595,10.281
STAGE_FULL_PIPELINE,1,7.0161498349989415,8.463
STAGE_FULL_PIPELINE,1,7.067603045999931,8.463
STAGE_FULL_PIPELINE,1,7.119037796999692,9.933
STAGE_FULL_PIPELINE,1,7.169650511999862,9.933
STAGE_FULL_PIPELINE,1,7.2201972259990725,10.129
STAGE_FULL_PIPELINE,1,7.273104865998903,10.129
STAGE_FULL_PIPELINE,1,7.327534811000078,16.017
STAGE_FULL_PIPELINE,1,7.378794880998612,9.264
STAGE_FULL_PIPELINE,1,7.441584686999704,9.264
STAGE_FULL_PIPELINE,1,7.492018281000128,15.373
STAGE_FULL_PIPELINE,1,7.543225856999925,15.373
STAGE_FULL_PIPELINE,1,7.594371722998403,10.239
STAGE_FULL_PIPELINE,1,7.6457002089991875,10.239
STAGE_FULL_PIPELINE,1,7.696871972999361,9.761
STAGE_FULL_PIPELINE,1,7.748595750999812,8.947
STAGE_FULL_PIPELINE,1,7.801740434999374,10.952
STAGE_FULL_PIPELINE,1,7.853715840999939,9.742
STAGE_FULL_PIPELINE,1,7.908233772999665,10.711
STAGE_FULL_PIPELINE,1,7.959336887999598,10.033
STAGE_FULL_PIPELINE,1,8.014223194999431,10.033
STAGE_FULL_PIPELINE,1,8.069742677998875,10.324
STAGE_FULL_PIPELINE,1,8.120011139999406,8.815
STAGE_FULL_PIPELINE,1,8.176164006999898,8.815
STAGE_FULL_PIPELINE,1,8.227959447000103,10.307
STAGE_FULL_PIPELINE,1,8.27837101699879,10.307
STAGE_FULL_PIPELINE,1,8.328787309999825,10.352
STAGE_FULL_PIPELINE,1,8.379253215998688,10.352
STAGE_FULL_PIPELINE,1,8.429656037998939,10.364
STAGE_FULL_PIPELINE,1,8.480127277000065,10.071
STAGE_FULL_PIPELINE,1,8.530516386999807,10.071
STAGE_FULL_PIPELINE,1,8.5808400779988,10.046
STAGE_FULL_PIPELINE,1,8.6313294699994,10.046
STAGE_FULL_PIPELINE,1,8.681746214999293,10.097
STAGE_FULL_PIPELINE,1,8.732122409999647,10.097
STAGE_FULL_PIPELINE,1,8.782588604999546,11.05
STAGE_FULL_PIPELINE,1,8.838849085999755,11.05
STAGE_FULL_PIPELINE,1,8.892118690999268,9.412
STAGE_FULL_PIPELINE,1,8.942618527999002,9.535
STAGE_FULL_PIPELINE,1,8.99309343799905,9.535
STAGE_FULL_PIPELINE,1,9.04358403399965,10.936
STAGE_FULL_PIPELINE,1,9.09475274399847,10.936
STAGE_FULL_PIPELINE,1,9.14704099699884,10.405
STAGE_FULL_PIPELINE,1,9.197452368000086,10.405
STAGE_FULL_PIPELINE,1,9.247876636,9.758
STAGE_FULL_PIPELINE,1,9.29828370499854,9.758
STAGE_FULL_PIPELINE,1,9.348725834999641,9.826
STAGE_FULL_PIPELINE,1,9.39916897799958,13.264
STAGE_FULL_PIPELINE,1,9.452305533999606,13.264
STAGE_FULL_PIPELINE,1,9.507562656999653,10.477
STAGE_FULL_PIPELINE,1,9.557938574998843,10.477
STAGE_FULL_PIPELINE,1,9.608354701998906,9.845
STAGE_FULL_PIPELINE,1,9.658744206999472,9.845
STAGE_FULL_PIPELINE,1,9.709230562999437,9.908
STAGE_FULL_PIPELINE,1,9.759657877999416,10.043
STAGE_FULL_PIPELINE,1,9.810203054999874,10.043
STAGE_FULL_PIPELINE,1,9.860607533999428,10.107
STAGE_FULL_PIPELINE,1,9.911033940999914,10.107
STAGE_FULL_PIPELINE,1,9.961449379999976,9.951
STAGE_FULL_PIPELINE,1,10.011984220998784,9.951
STAGE_FULL_PIPELINE,1,10.062468004998664,9.968
STAGE_FULL_PIPELINE,1,10.1129543499992,9.968
STAGE_FULL_PIPELINE,1,10.163404461998653,10.024
STAGE_FULL_PIPELINE,1,10.213848748999226,10.024
STAGE_FULL_PIPELINE,1,10.26430324499961,10.062
STAGE_FULL_PIPELINE,1,10.314643111998521,9.976
STAGE_FULL_PIPELINE,1,10.365042464998623,9.976
STAGE_FULL_PIPELINE,1,10.415475275000063,9.983
STAGE_FULL_PIPELINE,1,10.465886952999426,9.983
STAGE_FULL_PIPELINE,1,10.516408285999205,9.976
STAGE_FULL_PIPELINE,1,10.566894717998366,9.976
STAGE_FULL_PIPELINE,1,10.617436253998676,10.078
STAGE_FULL_PIPELINE,1,10.667851992999204,10.078
STAGE_FULL_PIPELINE,1,10.718372974999511,9.96
STAGE_FULL_PIPELINE,1,10.768864497998948,9.967
STAGE_FULL_PIPELINE,1,10.819317846999184,9.967
STAGE_FULL_PIPELINE,1,10.8698045860001,9.969
STAGE_FULL_PIPELINE,1,10.9222720509988,9.969
STAGE_FULL_PIPELINE,1,10.972736619998614,10.942
STAGE_FULL_PIPELINE,1,11.023948533998919,10.942
STAGE_FULL_PIPELINE,1,11.07654462299979,9.161
STAGE_FULL_PIPELINE,1,11.12701283199931,9.161
STAGE_FULL_PIPELINE,1,11.177522234998833,10.241
STAGE_FULL_PIPELINE,1,11.228703250999388,10.38
STAGE_FULL_PIPELINE,1,11.279221717999462,10.38
STAGE_FULL_PIPELINE,1,11.32979073199931,10.375
STAGE_FULL_PIPELINE,1,11.380255898999167,10.375
STAGE_FULL_PIPELINE,1,11.431196686999101,10.063
STAGE_FULL_PIPELINE,1,11.482535625998935,10.063
STAGE_FULL_PIPELINE,1,11.533699588999298,10.179
STAGE_FULL_PIPELINE,1,11.584184774999812,10.179
STAGE_FULL_PIPELINE,1,11.63470267899902,10.324
STAGE_FULL_PIPELINE,1,11.685341904998495,10.343
STAGE_FULL_PIPELINE,1,11.73572342999978,10.343
STAGE_FULL_PIPELINE,1,11.786233273000107,18.136
STAGE_FULL_PIPELINE,1,11.837304822998703,18.136
STAGE_FULL_PIPELINE,1,11.889434476999668,9.709
STAGE_FULL_PIPELINE,1,11.939976043999195,9.709
STAGE_FULL_PIPELINE,1,11.990356345999317,10.12
STAGE_FULL_PIPELINE,1,12.040974525998536,10.12
STAGE_FULL_PIPELINE,1,12.09139146599955,10.171
STAGE_FULL_PIPELINE,1,12.141827185998409,10.043
STAGE_FULL_PIPELINE,1,12.192900722999184,10.043
STAGE_FULL_PIPELINE,1,12.244104063998748,10.264
STAGE_FULL_PIPELINE,1,12.294494698999188,10.264
STAGE_FULL_PIPELINE,1,12.344990224999492,10.344
STAGE_FULL_PIPELINE,1,12.39554512399991,10.344
STAGE_FULL_PIPELINE,1,12.4459882559986,11.596
STAGE_FULL_PIPELINE,1,12.497107474999211,11.596
STAGE_FULL_PIPELINE,1,12.54867228799958,9.937
STAGE_FULL_PIPELINE,1,12.599079355999493,10.783
STAGE_FULL_PIPELINE,1,12.651353305998782,10.783
STAGE_FULL_PIPELINE,1,12.703252761999465,10.456
STAGE_FULL_PIPELINE,1,12.753661344999273,10.456
STAGE_FULL_PIPELINE,1,12.804202989998885,10.336
STAGE_FULL_PIPELINE,1,12.854554959998495,10.336
STAGE_FULL_PIPELINE,1,12.904989633998412,9.987
STAGE_FULL_PIPELINE,1,12.955364692999865,9.987
STAGE_FULL_PIPELINE,1,13.005735454999012,10.069
STAGE_FULL_PIPELINE,1,13.056261566000103,10.069
STAGE_FULL_PIPELINE,1,13.106686892999278,10.156
STAGE_FULL_PIPELINE,1,13.157085491999169,10.18
STAGE_FULL_PIPELINE,1,13.20757551799943,10.18
STAGE_FULL_PIPELINE,1,13.258201312999518,9.775
STAGE_FULL_PIPELINE,1,13.311929998999403,9.666
STAGE_FULL_PIPELINE,1,13.365147414999228,10.239
STAGE_FULL_PIPELINE,1,13.421397731999605,11.296
STAGE_FULL_PIPELINE,1,13.472289834999174,11.296
STAGE_FULL_PIPELINE,1,13.525122589999228,10.167
STAGE_FULL_PIPELINE,1,13.575589584999761,10.167
STAGE_FULL_PIPELINE,1,13.626147195998783,9.753
STAGE_FULL_PIPELINE,1,13.676697977000003,9.753
STAGE_FULL_PIPELINE,1,13.727130694998777,11.025
STAGE_FULL_PIPELINE,1,13.784103148998838,9.772
STAGE_FULL_PIPELINE,1,13.835364105998451,13.856
STAGE_FULL_PIPELINE,1,13.887430930999471,10.214
STAGE_FULL_PIPELINE,1,13.938121912999122,10.214
STAGE_FULL_PIPELINE,1,13.988691160999224,10.662
STAGE_FULL_PIPELINE,1,14.039905001998704,10.662
STAGE_FULL_PIPELINE,1,14.091283825999199,10.049
STAGE_FULL_PIPELINE,1,14.141729792998376,10.049
STAGE_FULL_PIPELINE,1,14.19219267599874,10.234
STAGE_FULL_PIPELINE,1,14.243083457999091,10.234
STAGE_FULL_PIPELINE,1,14.293416473999969,10.982
STAGE_FULL_PIPELINE,1,14.344480306999685,9.69
STAGE_FULL_PIPELINE,1,14.394875320998835,9.69
STAGE_FULL_PIPELINE,1,14.44541908499923,9.677
STAGE_FULL_PIPELINE,1,14.496087174999047,9.677
STAGE_FULL_PIPELINE,1,14.546556953999243,9.922
STAGE_FULL_PIPELINE,1,14.597009026998421,9.922
STAGE_FULL_PIPELINE,1,14.647455638998508,11.949
STAGE_FULL_PIPELINE,1,14.698996617999,11.949
STAGE_FULL_PIPELINE,1,14.750503143999595,9.457
STAGE_FULL_PIPELINE,1,14.80092334299843,9.457
STAGE_FULL_PIPELINE,1,14.85147939199851,9.682
STAGE_FULL_PIPELINE,1,14.902007547998437,9.939
STAGE_FULL_PIPELINE,1,14.952531265998914,9.939
STAGE_FULL_PIPELINE,1,15.003031079999346,10.082
STAGE_FULL_PIPELINE,1,15.053592565000145,10.082
STAGE_FULL_PIPELINE,1,15.104023003999828,19.628
STAGE_FULL_PIPELINE,1,15.155222168999899,19.628
STAGE_FULL_PIPELINE,1,15.206492603998413,9.688
STAGE_FULL_PIPELINE,1,15.256847590999314,10.139
STAGE_FULL_PIPELINE,1,15.307295000999147,10.139
STAGE_FULL_PIPELINE,1,15.357730232999529,10.169
STAGE_FULL_PIPELINE,1,15.40823378099958,10.169
STAGE_FULL_PIPELINE,1,15.45868561899988,9.812
STAGE_FULL_PIPELINE,1,15.51083433399981,9.812
STAGE_FULL_PIPELINE,1,15.565228360999754,9.966
STAGE_FULL_PIPELINE,1,15.615578477998497,9.966
STAGE_FULL_PIPELINE,1,15.666123596000034,10.222
STAGE_FULL_PIPELINE,1,15.716548952999801,10.222
STAGE_FULL_PIPELINE,1,15.76704554599928,10.341
STAGE_FULL_PIPELINE,1,15.81752346599933,10.089
STAGE_FULL_PIPELINE,1,15.867931748998672,10.089
STAGE_FULL_PIPELINE,1,15.91837121699973,10.12
STAGE_FULL_PIPELINE,1,15.969027540999377,10.12
STAGE_FULL_PIPELINE,1,16.019549681999706,13.521
STAGE_FULL_PIPELINE,1,16.07555456999944,13.521
STAGE_FULL_PIPELINE,1,16.129221323999445,10.073
STAGE_FULL_PIPELINE,1,16.179722677999962,9.744
STAGE_FULL_PIPELINE,1,16.230366275998676,9.744
STAGE_FULL_PIPELINE,1,16.280792558998655,9.957
STAGE_FULL_PIPELINE,1,16.331453714999952,9.957
STAGE_FULL_PIPELINE,1,16.381960697999602,10.088
STAGE_FULL_PIPELINE,1,16.432605394998973,10.088
STAGE_FULL_PIPELINE,1,16.483195340999373,10.085
STAGE_FULL_PIPELINE,1,16.533657394998954,10.085
STAGE_FULL_PIPELINE,1,16.584175184998458,10.095
STAGE_FULL_PIPELINE,1,16.63554350999948,10.377
STAGE_FULL_PIPELINE,1,16.687433347999104,10.377
STAGE_FULL_PIPELINE,1,16.73823337399881,10.433
STAGE_FULL_PIPELINE,1,16.788813093999124,10.433
STAGE_FULL_PIPELINE,1,16.83936672799973,11.548
STAGE_FULL_PIPELINE,1,16.890575793999233,9.06
STAGE_FULL_PIPELINE,1,16.941782664998755,10.19
STAGE_FULL_PIPELINE,1,16.992952375998357,10.357
STAGE_FULL_PIPELINE,1,17.045057098999678,10.561
STAGE_FULL_PIPELINE,1,17.098038790998544,10.579
STAGE_FULL_PIPELINE,1,17.148579851998875,10.579
STAGE_FULL_PIPELINE,1,17.199126862999037,11.514
STAGE_FULL_PIPELINE,1,17.25029702199936,11.514
STAGE_FULL_PIPELINE,1,17.301482502,7.358
STAGE_FULL_PIPELINE,1,17.353104112999063,7.358
STAGE_FULL_PIPELINE,1,17.404150391999792,10.299
STAGE_FULL_PIPELINE,1,17.454517557000145,10.387
STAGE_FULL_PIPELINE,1,17.504881566999757,10.387
STAGE_FULL_PIPELINE,1,17.555297241999142,10.711
STAGE_FULL_PIPELINE,1,17.607082055999854,9.449
STAGE_FULL_PIPELINE,1,17.658136266998554,11.701
STAGE_FULL_PIPELINE,1,17.720419555998888,11.701
STAGE_FULL_PIPELINE,1,17.771589342999505,10.521
STAGE_FULL_PIPELINE,1,17.822801386999345,10.298
STAGE_FULL_PIPELINE,1,17.876633844000025,10.298
STAGE_FULL_PIPELINE,1,17.928517270998782,10.305
STAGE_FULL_PIPELINE,1,17.979088950000005,10.305
STAGE_FULL_PIPELINE,1,18.02944541999932,9.097
STAGE_FULL_PIPELINE,1,18.08087142399927,9.097
STAGE_FULL_PIPELINE,1,18.132235659999424,10.382
STAGE_FULL_PIPELINE,1,18.182740067999475,10.382
STAGE_FULL_PIPELINE,1,18.23314962999939,10.428
STAGE_FULL_PIPELINE,1,18.283610408998356,10.315
STAGE_FULL_PIPELINE,1,18.334155916998498,10.315
STAGE_FULL_PIPELINE,1,18.38480439199884,6.017
STAGE_FULL_PIPELINE,1,18.437285346999488,6.017
STAGE_FULL_PIPELINE,1,18.490754695998476,10.461
STAGE_FULL_PIPELINE,1,18.541129296998406,10.461
STAGE_FULL_PIPELINE,1,18.59151674199893,10.513
STAGE_FULL_PIPELINE,1,18.641986916998576,10.513
STAGE_FULL_PIPELINE,1,18.69226497499949,10.211
STAGE_FULL_PIPELINE,1,18.74341524400006,9.48
STAGE_FULL_PIPELINE,1,18.793733299999076,9.48
STAGE_FULL_PIPELINE,1,18.844152051999117,9.891
STAGE_FULL_PIPELINE,1,18.895237415999873,10.292
STAGE_FULL_PIPELINE,1,18.946489587999167,10.621
STAGE_FULL_PIPELINE,1,18.997835570999086,10.621
STAGE_FULL_PIPELINE,1,19.04965362099938,10.515
STAGE_FULL_PIPELINE,1,19.10024915199938,10.515
STAGE_FULL_PIPELINE,1,19.150690049998957,8.914
STAGE_FULL_PIPELINE,1,19.201955703998465,10.333
STAGE_FULL_PIPELINE,1,19.25232171099924,10.333
STAGE_FULL_PIPELINE,1,19.31013325799904,10.326
STAGE_FULL_PIPELINE,1,19.361398057999395,10.326
STAGE_FULL_PIPELINE,1,19.412662700999135,9.924
STAGE_FULL_PIPELINE,1,19.46312530099931,9.924
STAGE_FULL_PIPELINE,1,19.51358637299927,5.867
STAGE_FULL_PIPELINE,1,19.56578067099872,10.455
STAGE_FULL_PIPELINE,1,19.616382034999333,10.455
STAGE_FULL_PIPELINE,1,19.666845794999972,10.485
STAGE_FULL_PIPELINE,1,19.717323989998476,10.485
STAGE_FULL_PIPELINE,1,19.76785592199849,10.304
STAGE_FULL_PIPELINE,1,19.81836027299869,10.304
STAGE_FULL_PIPELINE,1,19.868725566999274,10.102
STAGE_FULL_PIPELINE,1,19.919153658998766,10.102
STAGE_FULL_PIPELINE,1,19.969585574999655,10.161
STAGE_FULL_PIPELINE,1,20.020027651999044,10.372
STAGE_FULL_PIPELINE,1,20.071076573000028,10.372
STAGE_FULL_PIPELINE,1,20.124581726999168,10.183
STAGE_FULL_PIPELINE,1,20.17497524600003,10.183
STAGE_FULL_PIPELINE,1,20.225376454998695,8.983
STAGE_FULL_PIPELINE,1,20.276698138999564,8.983
STAGE_FULL_PIPELINE,1,20.32799940499899,10.291
STAGE_FULL_PIPELINE,1,20.37857224399886,10.291
STAGE_FULL_PIPELINE,1,20.429047740999522,10.147
STAGE_FULL_PIPELINE,1,20.480147723999835,9.855
STAGE_FULL_PIPELINE,1,20.530535490999682,9.855
STAGE_FULL_PIPELINE,1,20.58100806999937,9.655
STAGE_FULL_PIPELINE,1,20.63179236599899,9.655
STAGE_FULL_PIPELINE,1,20.682389984998736,9.914
STAGE_FULL_PIPELINE,1,20.732773046998773,9.914
STAGE_FULL_PIPELINE,1,20.78323237999939,10.048
STAGE_FULL_PIPELINE,1,20.8336372019985,10.048
STAGE_FULL_PIPELINE,1,20.884141208000074,10.009
STAGE_FULL_PIPELINE,1,20.934574382999926,10.009
STAGE_FULL_PIPELINE,1,20.9850576989993,9.932
STAGE_FULL_PIPELINE,1,21.035521621999578,10.003
STAGE_FULL_PIPELINE,1,21.0859735189988,10.003
STAGE_FULL_PIPELINE,1,21.136439656998846,10.059
STAGE_FULL_PIPELINE,1,21.187256441999125,10.059
STAGE_FULL_PIPELINE,1,21.237936906998584,10.034
STAGE_FULL_PIPELINE,1,21.2882130149992,10.034
STAGE_FULL_PIPELINE,1,21.338637105998714,8.732
STAGE_FULL_PIPELINE,1,21.389572554999177,8.732
STAGE_FULL_PIPELINE,1,21.441582779998498,10.437
STAGE_FULL_PIPELINE,1,21.491947702999823,10.472
STAGE_FULL_PIPELINE,1,21.542316931998357,10.472
STAGE_FULL_PIPELINE,1,21.5926557699986,9.816
STAGE_FULL_PIPELINE,1,21.643630295999174,9.816
STAGE_FULL_PIPELINE,1,21.694626944999982,5.72
STAGE_FULL_PIPELINE,1,21.74752262599941,5.72
STAGE_FULL_PIPELINE,1,21.802475964999758,10.482
STAGE_FULL_PIPELINE,1,21.852868076999584,10.488
STAGE_FULL_PIPELINE,1,21.903385617999447,10.488
STAGE_FULL_PIPELINE,1,21.953708148999795,10.264
STAGE_FULL_PIPELINE,1,22.00423027799843,10.264
STAGE_FULL_PIPELINE,1,22.054635522999888,10.103
STAGE_FULL_PIPELINE,1,22.10810552699877,10.103
STAGE_FULL_PIPELINE,1,22.158583658998396,10.904
STAGE_FULL_PIPELINE,1,22.213266817998374,10.904
STAGE_FULL_PIPELINE,1,22.264593302999856,9.372
STAGE_FULL_PIPELINE,1,22.32182456099872,10.282
STAGE_FULL_PIPELINE,1,22.37832801500008,10.617
STAGE_FULL_PIPELINE,1,22.43076933699922,8.715
STAGE_FULL_PIPELINE,1,22.48702952199892,10.921
STAGE_FULL_PIPELINE,1,22.53928614599863,9.873
STAGE_FULL_PIPELINE,1,22.591615981998984,10.491
STAGE_FULL_PIPELINE,1,22.642136196000138,10.491
STAGE_FULL_PIPELINE,1,22.69248387100015,9.832
STAGE_FULL_PIPELINE,1,22.743568833999234,9.832
STAGE_FULL_PIPELINE,1,22.79456687199854,9.451
STAGE_FULL_PIPELINE,1,22.844956362998346,9.451
STAGE_FULL_PIPELINE,1,22.895301631999246,9.774
STAGE_FULL_PIPELINE,1,22.945715322999604,9.774
STAGE_FULL_PIPELINE,1,22.996132041998862,10.008
STAGE_FULL_PIPELINE,1,23.046564352000132,10.081
STAGE_FULL_PIPELINE,1,23.096997549999287,10.081
STAGE_FULL_PIPELINE,1,23.147329639999953,9.335
STAGE_FULL_PIPELINE,1,23.198465772999043,12.646
STAGE_FULL_PIPELINE,1,23.249520960000154,9.935
STAGE_FULL_PIPELINE,1,23.300477105998652,9.935
STAGE_FULL_PIPELINE,1,23.355760943999485,10.57
STAGE_FULL_PIPELINE,1,23.406172809000054,10.57
STAGE_FULL_PIPELINE,1,23.45642451599997,10.183
STAGE_FULL_PIPELINE,1,23.506769497998903,9.971
STAGE_FULL_PIPELINE,1,23.557096022999758,9.971
STAGE_FULL_PIPELINE,1,23.607513728999038,10.106
STAGE_FULL_PIPELINE,1,23.657876169998417,10.106
STAGE_FULL_PIPELINE,1,23.708346576999247,10.187
STAGE_FULL_PIPELINE,1,23.759188709998853,10.187
STAGE_FULL_PIPELINE,1,23.809502711999812,10.11
STAGE_FULL_PIPELINE,1,23.859935142998438,10.11
STAGE_FULL_PIPELINE,1,23.910273487999802,10.026
STAGE_FULL_PIPELINE,1,23.96068165899851,10.073
STAGE_FULL_PIPELINE,1,24.01106147399878,10.073
STAGE_FULL_PIPELINE,1,24.061432907999915,10.112
STAGE_FULL_PIPELINE,1,24.111961992999568,10.112
STAGE_FULL_PIPELINE,1,24.162431445998664,10.068
STAGE_FULL_PIPELINE,1,24.212843976998556,10.068
STAGE_FULL_PIPELINE,1,24.263300748998518,10.016
STAGE_FULL_PIPELINE,1,24.313821020999967,10.016
STAGE_FULL_PIPELINE,1,24.36416674999964,9.996
STAGE_FULL_PIPELINE,1,24.414500119999502,9.996
STAGE_FULL_PIPELINE,1,24.4648278629993,10.048
STAGE_FULL_PIPELINE,1,24.51531730699935,10.06
STAGE_FULL_PIPELINE,1,24.565689274999386,10.06
STAGE_FULL_PIPELINE,1,24.616110943999956,9.969
STAGE_FULL_PIPELINE,1,24.666540439999153,9.969
STAGE_FULL_PIPELINE,1,24.717076117000033,9.959
STAGE_FULL_PIPELINE,1,24.76760699999977,9.959
STAGE_FULL_PIPELINE,1,24.818147130999932,10.015
STAGE_FULL_PIPELINE,1,24.868744718000016,10.015
STAGE_FULL_PIPELINE,1,24.919159223998577,10.025
STAGE_FULL_PIPELINE,1,24.969530766999014,9.944
STAGE_FULL_PIPELINE,1,25.020251025998732,9.944
STAGE_FULL_PIPELINE,1,25.070685450999008,8.927
STAGE_FULL_PIPELINE,1,25.12263003299995,8.927
STAGE_FULL_PIPELINE,1,25.177392197998415,10.376
STAGE_FULL_PIPELINE,1,25.22787955399872,10.376
STAGE_FULL_PIPELINE,1,25.278314754999883,19.999
STAGE_FULL_PIPELINE,1,25.329274578998593,19.999
STAGE_FULL_PIPELINE,1,25.38056159699954,9.117
STAGE_FULL_PIPELINE,1,25.43093609599964,9.765
STAGE_FULL_PIPELINE,1,25.481404647998716,9.765
STAGE_FULL_PIPELINE,1,25.531815808999454,9.966
STAGE_FULL_PIPELINE,1,25.58228986299946,9.966
STAGE_FULL_PIPELINE,1,25.632643926999663,9.858
STAGE_FULL_PIPELINE,1,25.683057145999555,9.858
STAGE_FULL_PIPELINE,1,25.733457265998368,9.798
STAGE_FULL_PIPELINE,1,25.78395554099916,9.798
STAGE_FULL_PIPELINE,1,25.834344757999133,9.149
STAGE_FULL_PIPELINE,1,25.886609965999014,10.363
STAGE_FULL_PIPELINE,1,25.944618230998458,10.333
STAGE_FULL_PIPELINE,1,25.99493883499963,8.135
STAGE_FULL_PIPELINE,1,26.04708766799922,8.135
STAGE_FULL_PIPELINE,1,26.099564590998853,9.559
STAGE_FULL_PIPELINE,1,26.150587402999008,9.559
STAGE_FULL_PIPELINE,1,26.205191257999104,5.772
STAGE_FULL_PIPELINE,1,26.25659788199846,5.671
STAGE_FULL_PIPELINE,1,26.31363074499859,5.671
STAGE_FULL_PIPELINE,1,26.364834857999085,10.012
STAGE_FULL_PIPELINE,1,26.41521994699906,10.012
STAGE_FULL_PIPELINE,1,26.465726572998392,9.04
STAGE_FULL_PIPELINE,1,26.51866770400011,9.04
STAGE_FULL_PIPELINE,1,26.574104335999436,10.416
STAGE_FULL_PIPELINE,1,26.624453396998433,10.411
STAGE_FULL_PIPELINE,1,26.674863888998516,10.411
STAGE_FULL_PIPELINE,1,26.725359909998588,10.093
STAGE_FULL_PIPELINE,1,26.77586534799957,10.093
STAGE_FULL_PIPELINE,1,26.826262068998403,9.982
STAGE_FULL_PIPELINE,1,26.876769493999745,9.982
STAGE_FULL_PIPELINE,1,26.92740616899937,10.078
STAGE_FULL_PIPELINE,1,26.977816536998944,10.078
STAGE_FULL_PIPELINE,1,27.028147860999525,9.861
STAGE_FULL_PIPELINE,1,27.083088041999872,9.385
STAGE_FULL_PIPELINE,1,27.13350650599932,9.385
STAGE_FULL_PIPELINE,1,27.183954417998393,9.51
STAGE_FULL_PIPELINE,1,27.234338954998748,9.51
STAGE_FULL_PIPELINE,1,27.284747865998725,9.796
STAGE_FULL_PIPELINE,1,27.335135334998995,9.796
STAGE_FULL_PIPELINE,1,27.385562471999947,9.933
STAGE_FULL_PIPELINE,1,27.4360343999997,9.933
STAGE_FULL_PIPELINE,1,27.486327677999725,9.836
STAGE_FULL_PIPELINE,1,27.53679776199897,9.419
STAGE_FULL_PIPELINE,1,27.592681090000042,14.772
STAGE_FULL_PIPELINE,1,27.645285284999773,9.433
STAGE_FULL_PIPELINE,1,27.69974636599909,9.433
STAGE_FULL_PIPELINE,1,27.755595167998763,10.379
STAGE_FULL_PIPELINE,1,27.806024397999863,10.379
STAGE_FULL_PIPELINE,1,27.85633597299966,10.364
STAGE_FULL_PIPELINE,1,27.91283768699941,8.68
STAGE_FULL_PIPELINE,1,27.963954027,11.672
STAGE_FULL_PIPELINE,1,28.014964010999392,8.711
STAGE_FULL_PIPELINE,1,28.066329171999314,10.808
STAGE_FULL_PIPELINE,1,28.117676838999614,10.248
STAGE_FULL_PIPELINE,1,28.168997602999298,9.577
STAGE_FULL_PIPELINE,1,28.220143627999278,8.442
STAGE_FULL_PIPELINE,1,28.274398923998888,9.744
STAGE_FULL_PIPELINE,1,28.324670424999567,9.744
STAGE_FULL_PIPELINE,1,28.37509716800014,5.708
STAGE_FULL_PIPELINE,1,28.43071424399932,5.708
STAGE_FULL_PIPELINE,1,28.487129903000096,10.04
STAGE_FULL_PIPELINE,1,28.537538257998676,10.04
STAGE_FULL_PIPELINE,1,28.588046578999638,10.06
STAGE_FULL_PIPELINE,1,28.638629937999212,9.142
STAGE_FULL_PIPELINE,1,28.689856338998652,9.142
STAGE_FULL_PIPELINE,1,28.742638536999948,10.354
STAGE_FULL_PIPELINE,1,28.793147007998414,10.354
STAGE_FULL_PIPELINE,1,28.843573712998477,10.356
STAGE_FULL_PIPELINE,1,28.894090824998784,10.356
STAGE_FULL_PIPELINE,1,28.944506820998868,10.077
STAGE_FULL_PIPELINE,1,28.9948869079999,10.077
STAGE_FULL_PIPELINE,1,29.045309519999137,9.974
STAGE_FULL_PIPELINE,1,29.095767021999563,10.061
STAGE_FULL_PIPELINE,1,29.14624647399978,10.061
STAGE_FULL_PIPELINE,1,29.196637100998487,10.11
STAGE_FULL_PIPELINE,1,29.24703012399914,10.11
STAGE_FULL_PIPELINE,1,29.303084512999703,7.746
STAGE_FULL_PIPELINE,1,29.354531334000058,7.746
STAGE_FULL_PIPELINE,1,29.405604544999733,9.71
STAGE_FULL_PIPELINE,1,29.45611908799947,9.71
STAGE_FULL_PIPELINE,1,29.50652872199862,5.696
STAGE_FULL_PIPELINE,1,29.55806142399888,10.381
STAGE_FULL_PIPELINE,1,29.608571933998974,10.381
STAGE_FULL_PIPELINE,1,29.658955519998926,9.92
STAGE_FULL_PIPELINE,1,29.70936889099903,9.92
STAGE_FULL_PIPELINE,1,29.759746706999067,9.071
STAGE_FULL_PIPELINE,1,29.810907416998816,9.071
STAGE_FULL_PIPELINE,1,29.861938295000073,10.354
STAGE_FULL_PIPELINE,1,29.91242271400006,10.354
STAGE_FULL_PIPELINE,1,29.963101951998397,10.367
STAGE_MODEL_POLICY,1,0.005904376999751548,8.246
STAGE_MODEL_POLICY,1,0.05809548399884079,8.246
STAGE_MODEL_POLICY,1,0.11095758999908867,10.324
STAGE_MODEL_POLICY,1,0.16130529799920623,10.324
STAGE_MODEL_POLICY,1,0.2117222059987398,9.714
STAGE_MODEL_POLICY,1,0.2620759330002329,9.714
STAGE_MODEL_POLICY,1,0.31257785900015733,9.802
STAGE_MODEL_POLICY,1,0.3628937270004826,9.934
STAGE_MODEL_POLICY,1,0.41342233599971223,9.934
STAGE_MODEL_POLICY,1,0.46382611300032295,10.012
STAGE_MODEL_POLICY,1,0.5142132839991973,10.012
STAGE_MODEL_POLICY,1,0.5646609670002363,9.855
STAGE_MODEL_POLICY,1,0.6151966929992341,9.855
STAGE_MODEL_POLICY,1,0.6655969089988503,9.885
STAGE_MODEL_POLICY,1,0.7160159769991878,9.885
STAGE_MODEL_POLICY,1,0.7663878029998159,9.938
STAGE_MODEL_POLICY,1,0.8167268199995306,9.938
STAGE_MODEL_POLICY,1,0.8671746219988563,10.218
STAGE_MODEL_POLICY,1,0.9194422439995833,8.997
STAGE_MODEL_POLICY,1,0.9698679089997313,8.997
STAGE_MODEL_POLICY,1,1.0205458050004381,9.536
STAGE_MODEL_POLICY,1,1.071149074999994,9.536
STAGE_MODEL_POLICY,1,1.1215289560004749,9.803
STAGE_MODEL_POLICY,1,1.1721522679999907,9.803
STAGE_MODEL_POLICY,1,1.2226489419990685,9.922
STAGE_MODEL_POLICY,1,1.273136854999393,9.922
STAGE_MODEL_POLICY,1,1.3236206429992308,8.969
STAGE_MODEL_POLICY,1,1.374926496999251,9.999
STAGE_MODEL_POLICY,1,1.425523157000498,9.999
STAGE_MODEL_POLICY,1,1.4758229250001023,10.179
STAGE_MODEL_POLICY,1,1.526199366999208,10.179
STAGE_MODEL_POLICY,1,1.5765338379987952,10.209
STAGE_MODEL_POLICY,1,1.6270075920001545,10.209
STAGE_MODEL_POLICY,1,1.679570842999965,6.579
STAGE_MODEL_POLICY,1,1.7306126820003556,6.579
STAGE_MODEL_POLICY,1,1.7817645279992576,10.163
STAGE_MODEL_POLICY,1,1.8322335889988608,5.624
STAGE_MODEL_POLICY,1,1.8834934850001446,5.624
STAGE_MODEL_POLICY,1,1.9346465929993428,10.448
STAGE_MODEL_POLICY,1,1.9850538919999963,10.448
STAGE_MODEL_POLICY,1,2.035552221999751,9.69
STAGE_MODEL_POLICY,1,2.0859461210002337,9.69
STAGE_MODEL_POLICY,1,2.1364300599998387,9.114
STAGE_MODEL_POLICY,1,2.187488323999787,9.114
STAGE_MODEL_POLICY,1,2.238828638999621,10.225
STAGE_MODEL_POLICY,1,2.289295010999922,10.225
STAGE_MODEL_POLICY,1,2.339761085999271,10.181
STAGE_MODEL_POLICY,1,2.394126604998746,9.428
STAGE_MODEL_POLICY,1,2.4444828189989494,9.428
STAGE_MODEL_POLICY,1,2.49478925800031,9.635
STAGE_MODEL_POLICY,1,2.545276681999894,9.635
STAGE_MODEL_POLICY,1,2.59570554200036,9.892
STAGE_MODEL_POLICY,1,2.6462395950002247,9.892
STAGE_MODEL_POLICY,1,2.696549498999957,10.037
STAGE_MODEL_POLICY,1,2.7469395579992124,9.914
STAGE_MODEL_POLICY,1,2.7972625410002365,9.914
STAGE_MODEL_POLICY,1,2.847661314999641,5.7
STAGE_MODEL_POLICY,1,2.9018704440004512,5.7
STAGE_MODEL_POLICY,1,2.95830874999956,10.355
STAGE_MODEL_POLICY,1,3.0086904729996604,10.355
STAGE_MODEL_POLICY,1,3.059108866000315,10.318
STAGE_MODEL_POLICY,1,3.1096026499999425,10.318
STAGE_MODEL_POLICY,1,3.1600269699993078,9.893
STAGE_MODEL_POLICY,1,3.210470574000283,9.972
STAGE_MODEL_POLICY,1,3.2608683649996237,9.972
STAGE_MODEL_POLICY,1,3.311383821999698,9.897
STAGE_MODEL_POLICY,1,3.3624245800001518,9.897
STAGE_MODEL_POLICY,1,3.414538905999507,10.236
STAGE_MODEL_POLICY,1,3.4649754250003753,10.236
STAGE_MODEL_POLICY,1,3.5154175970001234,8.745
STAGE_MODEL_POLICY,1,3.566572413999893,8.745
STAGE_MODEL_POLICY,1,3.6178268250005203,10.195
STAGE_MODEL_POLICY,1,3.6682001119988854,10.285
STAGE_MODEL_POLICY,1,3.718551005998961,10.285
STAGE_MODEL_POLICY,1,3.7689400959989143,10.267
STAGE_MODEL_POLICY,1,3.8193250659987825,10.267
STAGE_MODEL_POLICY,1,3.869974941999317,9.967
STAGE_MODEL_POLICY,1,3.9204455750004854,9.967
STAGE_MODEL_POLICY,1,3.9710133770004177,10.017
STAGE_MODEL_POLICY,1,4.021481878999111,5.67
STAGE_MODEL_POLICY,1,4.0838995769991016,5.67
STAGE_MODEL_POLICY,1,4.13506395100012,10.49
STAGE_MODEL_POLICY,1,4.185665937000522,10.49
STAGE_MODEL_POLICY,1,4.2363582359994325,10.465
STAGE_MODEL_POLICY,1,4.28852688599909,10.465
STAGE_MODEL_POLICY,1,4.3391964370002825,10.902
STAGE_MODEL_POLICY,1,4.39306282600046,10.902
STAGE_MODEL_POLICY,1,4.444327487999544,10.324
STAGE_MODEL_POLICY,1,4.494989634999001,10.324
STAGE_MODEL_POLICY,1,4.54561257000023,10.488
STAGE_MODEL_POLICY,1,4.596891138000501,10.488
STAGE_MODEL_POLICY,1,4.648479272000259,10.831
STAGE_MODEL_POLICY,1,4.699156598999252,10.831
STAGE_MODEL_POLICY,1,4.749856337999518,10.621
STAGE_MODEL_POLICY,1,4.801046106000285,10.621
STAGE_MODEL_POLICY,1,4.85174266499962,10.521
STAGE_MODEL_POLICY,1,4.902216287000556,10.521
STAGE_MODEL_POLICY,1,4.9526785609996296,10.936
STAGE_MODEL_POLICY,1,5.004219080999974,10.936
STAGE_MODEL_POLICY,1,5.0556880889998865,10.361
STAGE_MODEL_POLICY,1,5.106324672999108,10.361
STAGE_MODEL_POLICY,1,5.157151000999875,12.811
STAGE_MODEL_POLICY,1,5.208438077999745,12.811
STAGE_MODEL_POLICY,1,5.260942601000352,10.338
STAGE_MODEL_POLICY,1,5.311623894998775,10.338
STAGE_MODEL_POLICY,1,5.362049970999578,20.619
STAGE_MODEL_POLICY,1,5.415787866999381,20.619
STAGE_MODEL_POLICY,1,5.467096872000184,10.185
STAGE_MODEL_POLICY,1,5.517722397999023,10.185
STAGE_MODEL_POLICY,1,5.568201948999558,10.249
STAGE_MODEL_POLICY,1,5.618742651999128,10.249
STAGE_MODEL_POLICY,1,5.66940910700032,11.0
STAGE_MODEL_POLICY,1,5.720600025999374,10.426
STAGE_MODEL_POLICY,1,5.778961201998754,10.257
STAGE_MODEL_POLICY,1,5.829452109999693,10.158
STAGE_MODEL_POLICY,1,5.880802527999549,10.158
STAGE_MODEL_POLICY,1,5.934574966999207,10.275
STAGE_MODEL_POLICY,1,5.985373114999675,10.275
STAGE_MODEL_POLICY,1,6.036159526998745,10.303
STAGE_MODEL_POLICY,1,6.086593521000395,10.303
STAGE_MODEL_POLICY,1,6.14429983700029,10.105
STAGE_MODEL_POLICY,1,6.195503572000234,10.105
STAGE_MODEL_POLICY,1,6.248810925999351,10.349
STAGE_MODEL_POLICY,1,6.299384664998797,10.349
STAGE_MODEL_POLICY,1,6.3500567709997995,10.361
STAGE_MODEL_POLICY,1,6.400605853999878,10.361
STAGE_MODEL_POLICY,1,6.451264854000328,10.35
STAGE_MODEL_POLICY,1,6.501978934000363,10.35
STAGE_MODEL_POLICY,1,6.552885511999193,10.335
STAGE_MODEL_POLICY,1,6.603423041999122,10.335
STAGE_MODEL_POLICY,1,6.654304363999472,10.328
STAGE_MODEL_POLICY,1,6.705314032000388,10.328
STAGE_MODEL_POLICY,1,6.756260644999202,10.307
STAGE_MODEL_POLICY,1,6.806707677998929,10.307
STAGE_MODEL_POLICY,1,6.8572399169988785,10.32
STAGE_MODEL_POLICY,1,6.907873951000511,10.32
STAGE_MODEL_POLICY,1,6.958336386998781,10.023
STAGE_MODEL_POLICY,1,7.009503806999419,9.275
STAGE_MODEL_POLICY,1,7.059932910000498,9.275
STAGE_MODEL_POLICY,1,7.110410031998981,9.733
STAGE_MODEL_POLICY,1,7.160829829999784,9.733
STAGE_MODEL_POLICY,1,7.214453124999636,9.988
STAGE_MODEL_POLICY,1,7.265755579999677,9.855
STAGE_MODEL_POLICY,1,7.316774720000467,9.348
STAGE_MODEL_POLICY,1,7.367987916999482,10.403
STAGE_MODEL_POLICY,1,7.419133134999356,5.517
STAGE_MODEL_POLICY,1,7.47034651300055,10.234
STAGE_MODEL_POLICY,1,7.520817439999519,10.234
STAGE_MODEL_POLICY,1,7.571312445999865,8.89
STAGE_MODEL_POLICY,1,7.622608878000392,8.89
STAGE_MODEL_POLICY,1,7.673969297999065,9.874
STAGE_MODEL_POLICY,1,7.724554684000395,9.874
STAGE_MODEL_POLICY,1,7.774895612999899,9.505
STAGE_MODEL_POLICY,1,7.82536445400001,9.505
STAGE_MODEL_POLICY,1,7.875765136999689,9.332
STAGE_MODEL_POLICY,1,7.927142557000479,10.312
STAGE_MODEL_POLICY,1,7.9777203670000745,10.312
STAGE_MODEL_POLICY,1,8.028067940000255,10.109
STAGE_MODEL_POLICY,1,8.078502426998966,10.109
STAGE_MODEL_POLICY,1,8.12887833899913,8.422
STAGE_MODEL_POLICY,1,8.179911399000048,8.422
STAGE_MODEL_POLICY,1,8.231095428000117,10.268
STAGE_MODEL_POLICY,1,8.283621063999817,10.268
STAGE_MODEL_POLICY,1,8.334003604999452,9.793
STAGE_MODEL_POLICY,1,8.390800025999852,9.383
STAGE_MODEL_POLICY,1,8.442587822999485,9.383
STAGE_MODEL_POLICY,1,8.494628856000418,5.949
STAGE_MODEL_POLICY,1,8.548550690000411,5.949
STAGE_MODEL_POLICY,1,8.602390035999633,10.321
STAGE_MODEL_POLICY,1,8.652871240999957,10.321
STAGE_MODEL_POLICY,1,8.703230777000499,10.318
STAGE_MODEL_POLICY,1,8.753657654999188,10.093
STAGE_MODEL_POLICY,1,8.804119254999023,10.093
STAGE_MODEL_POLICY,1,8.854543591000038,9.897
STAGE_MODEL_POLICY,1,8.908285919998889,9.897
STAGE_MODEL_POLICY,1,8.958722564999334,9.022
STAGE_MODEL_POLICY,1,9.009777794999536,9.022
STAGE_MODEL_POLICY,1,9.061944314998982,10.304
STAGE_MODEL_POLICY,1,9.112384398000358,10.304
STAGE_MODEL_POLICY,1,9.1627797809997,9.385
STAGE_MODEL_POLICY,1,9.214264209000248,9.354
STAGE_MODEL_POLICY,1,9.264639996999904,9.354
STAGE_MODEL_POLICY,1,9.314986675999535,9.849
STAGE_MODEL_POLICY,1,9.365332008999758,9.849
STAGE_MODEL_POLICY,1,9.41573446700022,10.014
STAGE_MODEL_POLICY,1,9.46613380999952,10.014
STAGE_MODEL_POLICY,1,9.516663174999849,9.94
STAGE_MODEL_POLICY,1,9.567062320000332,9.94
STAGE_MODEL_POLICY,1,9.617405920000238,9.833
STAGE_MODEL_POLICY,1,9.667842868999287,9.923
STAGE_MODEL_POLICY,1,9.718290638998951,9.923
STAGE_MODEL_POLICY,1,9.768699491000007,5.878
STAGE_MODEL_POLICY,1,9.821141745000205,5.878
STAGE_MODEL_POLICY,1,9.872242519999418,10.291
STAGE_MODEL_POLICY,1,9.922617284999433,10.291
STAGE_MODEL_POLICY,1,9.973217339000257,9.878
STAGE_MODEL_POLICY,1,10.023651965999306,9.878
STAGE_MODEL_POLICY,1,10.07411669099929,10.067
STAGE_MODEL_POLICY,1,10.124523210999541,10.145
STAGE_MODEL_POLICY,1,10.17496828900039,10.145
STAGE_MODEL_POLICY,1,10.225268572999994,10.042
STAGE_MODEL_POLICY,1,10.275630518999606,10.042
STAGE_MODEL_POLICY,1,10.325912778000202,9.937
STAGE_MODEL_POLICY,1,10.37630568699933,9.937
STAGE_MODEL_POLICY,1,10.426671367999006,9.996
STAGE_MODEL_POLICY,1,10.477142816000196,9.996
STAGE_MODEL_POLICY,1,10.527522495000085,10.04
STAGE_MODEL_POLICY,1,10.577938186999745,10.04
STAGE_MODEL_POLICY,1,10.628400438999961,9.992
STAGE_MODEL_POLICY,1,10.678895473000011,9.937
STAGE_MODEL_POLICY,1,10.72942892500032,9.937
STAGE_MODEL_POLICY,1,10.779926872999567,9.944
STAGE_MODEL_POLICY,1,10.830389798999022,9.944
STAGE_MODEL_POLICY,1,10.88080516700029,9.979
STAGE_MODEL_POLICY,1,10.931181308000305,9.979
STAGE_MODEL_POLICY,1,10.981691957998919,9.982
STAGE_MODEL_POLICY,1,11.032115922998855,9.982
STAGE_MODEL_POLICY,1,11.082629598000494,9.897
STAGE_MODEL_POLICY,1,11.133061882999755,9.899
STAGE_MODEL_POLICY,1,11.18355730499934,9.899
STAGE_MODEL_POLICY,1,11.233990058999552,9.966
STAGE_MODEL_POLICY,1,11.284535183998742,9.966
STAGE_MODEL_POLICY,1,11.335240787999282,9.986
STAGE_MODEL_POLICY,1,11.385711708999224,9.986
STAGE_MODEL_POLICY,1,11.436118497998905,9.91
STAGE_MODEL_POLICY,1,11.486606018999737,9.91
STAGE_MODEL_POLICY,1,11.536974476999603,9.91
STAGE_MODEL_POLICY,1,11.587347288999808,9.91
STAGE_MODEL_POLICY,1,11.637820208999983,10.591
STAGE_MODEL_POLICY,1,11.69472746899919,9.568
STAGE_MODEL_POLICY,1,11.745103324999945,9.568
STAGE_MODEL_POLICY,1,11.795557940000435,9.639
STAGE_MODEL_POLICY,1,11.84607431800032,9.639
STAGE_MODEL_POLICY,1,11.896544545999859,9.922
STAGE_MODEL_POLICY,1,11.94693711599939,9.922
STAGE_MODEL_POLICY,1,11.997361185000045,10.046
STAGE_MODEL_POLICY,1,12.047863173000223,9.961
STAGE_MODEL_POLICY,1,12.098384741999325,9.961
STAGE_MODEL_POLICY,1,12.148875581000539,9.912
STAGE_MODEL_POLICY,1,12.199254028999349,9.912
STAGE_MODEL_POLICY,1,12.249734209999588,9.978
STAGE_MODEL_POLICY,1,12.30014655999912,9.978
STAGE_MODEL_POLICY,1,12.350631463999889,10.027
STAGE_MODEL_POLICY,1,12.401007368000137,10.027
STAGE_MODEL_POLICY,1,12.45152794599926,9.968
STAGE_MODEL_POLICY,1,12.501974463999431,9.968
STAGE_MODEL_POLICY,1,12.552445708999585,9.936
STAGE_MODEL_POLICY,1,12.602866798999457,9.976
STAGE_MODEL_POLICY,1,12.65335486100048,9.976
STAGE_MODEL_POLICY,1,12.703809327000272,10.051
STAGE_MODEL_POLICY,1,12.754423702999702,10.051
STAGE_MODEL_POLICY,1,12.804881396999917,10.025
STAGE_MODEL_POLICY,1,12.855334337999011,10.025
STAGE_MODEL_POLICY,1,12.90577956099878,9.955
STAGE_MODEL_POLICY,1,12.956311583999195,9.955
STAGE_MODEL_POLICY,1,13.00675383700036,9.952
STAGE_MODEL_POLICY,1,13.057230309999795,5.809
STAGE_MODEL_POLICY,1,13.118927006999002,5.809
STAGE_MODEL_POLICY,1,13.170571964999908,9.983
STAGE_MODEL_POLICY,1,13.221035377999215,9.983
STAGE_MODEL_POLICY,1,13.271481009000127,13.286
STAGE_MODEL_POLICY,1,13.322624039999937,13.286
STAGE_MODEL_POLICY,1,13.374582336000458,10.135
STAGE_MODEL_POLICY,1,13.425737907000439,10.525
STAGE_MODEL_POLICY,1,13.4810308670003,9.888
STAGE_MODEL_POLICY,1,13.532771160000266,9.121
STAGE_MODEL_POLICY,1,13.588124280999182,10.876
STAGE_MODEL_POLICY,1,13.639283934999185,8.708
STAGE_MODEL_POLICY,1,13.69233469000028,10.695
STAGE_MODEL_POLICY,1,13.74490221799897,9.945
STAGE_MODEL_POLICY,1,13.797925273998771,10.471
STAGE_MODEL_POLICY,1,13.848299539999061,10.471
STAGE_MODEL_POLICY,1,13.898765014999299,8.053
STAGE_MODEL_POLICY,1,13.949985531999118,8.053
STAGE_MODEL_POLICY,1,14.001032566000504,9.793
STAGE_MODEL_POLICY,1,14.051416643998891,9.793
STAGE_MODEL_POLICY,1,14.101827660999334,5.761
STAGE_MODEL_POLICY,1,14.153605733999939,10.224
STAGE_MODEL_POLICY,1,14.209845728999426,10.189
STAGE_MODEL_POLICY,1,14.260260625998853,9.995
STAGE_MODEL_POLICY,1,14.313378617998751,9.995
STAGE_MODEL_POLICY,1,14.363632864000465,9.22
STAGE_MODEL_POLICY,1,14.414651334000155,9.22
STAGE_MODEL_POLICY,1,14.466040155999508,10.429
STAGE_MODEL_POLICY,1,14.516508619999513,10.429
STAGE_MODEL_POLICY,1,14.566865556000266,10.195
STAGE_MODEL_POLICY,1,14.61809752299996,9.457
STAGE_MODEL_POLICY,1,14.668493637998836,9.457
STAGE_MODEL_POLICY,1,14.71881975999895,8.718
STAGE_MODEL_POLICY,1,14.771140720999028,8.718
STAGE_MODEL_POLICY,1,14.82630687299934,10.407
STAGE_MODEL_POLICY,1,14.876750858000378,10.407
STAGE_MODEL_POLICY,1,14.927170625000144,9.986
STAGE_MODEL_POLICY,1,14.978223310999965,9.986
STAGE_MODEL_POLICY,1,15.029470757999661,9.446
STAGE_MODEL_POLICY,1,15.079934744999264,5.761
STAGE_MODEL_POLICY,1,15.131949487999009,5.761
STAGE_MODEL_POLICY,1,15.186651390000407,10.442
STAGE_MODEL_POLICY,1,15.237060252999072,10.442
STAGE_MODEL_POLICY,1,15.287564565998764,10.441
STAGE_MODEL_POLICY,1,15.337988014000075,10.441
STAGE_MODEL_POLICY,1,15.388466234999214,10.125
STAGE_MODEL_POLICY,1,15.438858945999527,10.068
STAGE_MODEL_POLICY,1,15.489193377999982,10.068
STAGE_MODEL_POLICY,1,15.53971787699993,9.778
STAGE_MODEL_POLICY,1,15.591721108999991,9.778
STAGE_MODEL_POLICY,1,15.643823935999535,10.436
STAGE_MODEL_POLICY,1,15.694146894998994,10.436
STAGE_MODEL_POLICY,1,15.744625281999106,9.009
STAGE_MODEL_POLICY,1,15.795620201999554,9.009
STAGE_MODEL_POLICY,1,15.847169351000048,9.907
STAGE_MODEL_POLICY,1,15.897638188000201,10.166
STAGE_MODEL_POLICY,1,15.948022209000555,10.166
STAGE_MODEL_POLICY,1,15.998328112998934,10.369
STAGE_MODEL_POLICY,1,16.049688401999447,10.369
STAGE_MODEL_POLICY,1,16.10088677800013,9.829
STAGE_MODEL_POLICY,1,16.15143464999892,9.829
STAGE_MODEL_POLICY,1,16.201774991999628,9.659
STAGE_MODEL_POLICY,1,16.25227729799917,9.659
STAGE_MODEL_POLICY,1,16.30263359899982,9.858
STAGE_MODEL_POLICY,1,16.353039874000387,9.858
STAGE_MODEL_POLICY,1,16.403463851998822,9.983
STAGE_MODEL_POLICY,1,16.453883821999625,9.975
STAGE_MODEL_POLICY,1,16.504429046999576,9.975
STAGE_MODEL_POLICY,1,16.555013899998812,9.912
STAGE_MODEL_POLICY,1,16.605683314999624,9.912
STAGE_MODEL_POLICY,1,16.656046740999955,9.984
STAGE_MODEL_POLICY,1,16.714144706998923,9.984
STAGE_MODEL_POLICY,1,16.764560016999894,10.257
STAGE_MODEL_POLICY,1,16.815702718000466,9.537
STAGE_MODEL_POLICY,1,16.86610048699913,9.537
STAGE_MODEL_POLICY,1,16.91647907299921,9.606
STAGE_MODEL_POLICY,1,16.966927372999635,9.606
STAGE_MODEL_POLICY,1,17.017476396998973,9.889
STAGE_MODEL_POLICY,1,17.06788633799988,9.889
STAGE_MODEL_POLICY,1,17.118287289000364,10.019
STAGE_MODEL_POLICY,1,17.168660878000082,10.019
STAGE_MODEL_POLICY,1,17.22402646000046,8.217
STAGE_MODEL_POLICY,1,17.276343784000346,9.969
STAGE_MODEL_POLICY,1,17.326866474999406,9.969
STAGE_MODEL_POLICY,1,17.3774930139989,6.012
STAGE_MODEL_POLICY,1,17.432251991000157,6.012
STAGE_MODEL_POLICY,1,17.488149114000407,10.37
STAGE_MODEL_POLICY,1,17.538616507999905,10.37
STAGE_MODEL_POLICY,1,17.589164687999073,9.902
STAGE_MODEL_POLICY,1,17.639554309000232,9.902
STAGE_MODEL_POLICY,1,17.690251837999313,9.853
STAGE_MODEL_POLICY,1,17.740764688000127,9.592
STAGE_MODEL_POLICY,1,17.792025349999676,9.592
STAGE_MODEL_POLICY,1,17.84334869399936,10.477
STAGE_MODEL_POLICY,1,17.893881161000536,10.477
STAGE_MODEL_POLICY,1,17.944312093999542,9.299
STAGE_MODEL_POLICY,1,17.999454634000358,9.299
STAGE_MODEL_POLICY,1,18.055574259999048,9.837
STAGE_MODEL_POLICY,1,18.106160642999384,9.808
STAGE_MODEL_POLICY,1,18.157546098998864,9.808
STAGE_MODEL_POLICY,1,18.2086766299999,10.454
STAGE_MODEL_POLICY,1,18.259035123999638,10.454
STAGE_MODEL_POLICY,1,18.309418482000183,8.925
STAGE_MODEL_POLICY,1,18.36224586699973,8.925
STAGE_MODEL_POLICY,1,18.417189523999696,10.076
STAGE_MODEL_POLICY,1,18.467506766999577,10.251
STAGE_MODEL_POLICY,1,18.5178912880001,10.251
STAGE_MODEL_POLICY,1,18.56835121400036,8.799
STAGE_MODEL_POLICY,1,18.619494587999725,8.799
STAGE_MODEL_POLICY,1,18.670909914999356,9.442
STAGE_MODEL_POLICY,1,18.721722819000206,9.442
STAGE_MODEL_POLICY,1,18.772250330999668,9.756
STAGE_MODEL_POLICY,1,18.82287423699927,9.756
STAGE_MODEL_POLICY,1,18.873461786999542,9.992
STAGE_MODEL_POLICY,1,18.924104108000392,10.096
STAGE_MODEL_POLICY,1,18.974532199999885,10.096
STAGE_MODEL_POLICY,1,19.024876642999516,9.922
STAGE_MODEL_POLICY,1,19.075224914999126,9.922
STAGE_MODEL_POLICY,1,19.125921969000046,9.94
STAGE_MODEL_POLICY,1,19.176292353999088,9.94
STAGE_MODEL_POLICY,1,19.226683814998978,10.011
STAGE_MODEL_POLICY,1,19.278477447000114,10.011
STAGE_MODEL_POLICY,1,19.328801077999742,10.064
STAGE_MODEL_POLICY,1,19.37927135300015,9.973
STAGE_MODEL_POLICY,1,19.429625905999274,9.973
STAGE_MODEL_POLICY,1,19.480107239000063,8.717
STAGE_MODEL_POLICY,1,19.531867138999587,8.717
STAGE_MODEL_POLICY,1,19.583769517999826,10.392
STAGE_MODEL_POLICY,1,19.63438502899953,10.392
STAGE_MODEL_POLICY,1,19.684850228999494,10.41
STAGE_MODEL_POLICY,1,19.735198307000246,10.41
STAGE_MODEL_POLICY,1,19.785704728999917,9.999
STAGE_MODEL_POLICY,1,19.83606491499995,9.999
STAGE_MODEL_POLICY,1,19.88657406600032,10.101
STAGE_MODEL_POLICY,1,19.937742563999564,10.43
STAGE_MODEL_POLICY,1,19.988448902000528,10.43
STAGE_MODEL_POLICY,1,20.038899428998775,10.421
STAGE_MODEL_POLICY,1,20.089489654999852,10.421
STAGE_MODEL_POLICY,1,20.140007948999482,9.511
STAGE_MODEL_POLICY,1,20.1914176829996,9.511
STAGE_MODEL_POLICY,1,20.242731316999198,9.921
STAGE_MODEL_POLICY,1,20.293093758000396,9.921
STAGE_MODEL_POLICY,1,20.343574209999133,10.2
STAGE_MODEL_POLICY,1,20.39395222999883,10.309
STAGE_MODEL_POLICY,1,20.444288893999328,10.309
STAGE_MODEL_POLICY,1,20.494566317000135,10.086
STAGE_MODEL_POLICY,1,20.545090610999978,10.086
STAGE_MODEL_POLICY,1,20.59543270999893,10.05
STAGE_MODEL_POLICY,1,20.645847865000178,10.05
STAGE_MODEL_POLICY,1,20.696224454999538,10.118
STAGE_MODEL_POLICY,1,20.7465958949997,10.118
STAGE_MODEL_POLICY,1,20.797113970000282,17.579
STAGE_MODEL_POLICY,1,20.848330728998917,9.115
STAGE_MODEL_POLICY,1,20.89865160699992,9.115
STAGE_MODEL_POLICY,1,20.9489980620001,9.671
STAGE_MODEL_POLICY,1,20.999360652000178,9.671
STAGE_MODEL_POLICY,1,21.049764389999837,9.929
STAGE_MODEL_POLICY,1,21.102556795000055,9.929
STAGE_MODEL_POLICY,1,21.152966935000222,10.877
STAGE_MODEL_POLICY,1,21.20423397599916,10.877
STAGE_MODEL_POLICY,1,21.255548818000534,9.171
STAGE_MODEL_POLICY,1,21.305994471000304,10.182
STAGE_MODEL_POLICY,1,21.358030843999586,10.182
STAGE_MODEL_POLICY,1,21.411319151000498,10.455
STAGE_MODEL_POLICY,1,21.46171556599984,10.455
STAGE_MODEL_POLICY,1,21.512170588999652,10.489
STAGE_MODEL_POLICY,1,21.562513048000255,10.489
STAGE_MODEL_POLICY,1,21.61287289699976,10.102
STAGE_MODEL_POLICY,1,21.66324279299988,10.102
STAGE_MODEL_POLICY,1,21.713633650999327,10.052
STAGE_MODEL_POLICY,1,21.764218502999938,12.404
STAGE_MODEL_POLICY,1,21.81589116000032,12.404
STAGE_MODEL_POLICY,1,21.866943121000077,10.284
STAGE_MODEL_POLICY,1,21.91735741299999,10.284
STAGE_MODEL_POLICY,1,21.967828789998748,9.771
STAGE_MODEL_POLICY,1,22.01831600100013,9.771
STAGE_MODEL_POLICY,1,22.0687541770003,9.901
STAGE_MODEL_POLICY,1,22.119256893000056,9.901
STAGE_MODEL_POLICY,1,22.169569859999683,5.863
STAGE_MODEL_POLICY,1,22.221129122999628,10.842
STAGE_MODEL_POLICY,1,22.276264136000464,7.024
STAGE_MODEL_POLICY,1,22.328446952000377,10.081
STAGE_MODEL_POLICY,1,22.381459304999225,9.843
STAGE_MODEL_POLICY,1,22.433825711999816,10.273
STAGE_MODEL_POLICY,1,22.49093335699945,10.273
STAGE_MODEL_POLICY,1,22.545615789000294,10.298
STAGE_MODEL_POLICY,1,22.595988084000055,11.706
STAGE_MODEL_POLICY,1,22.64714194699991,11.706
STAGE_MODEL_POLICY,1,22.6981249950004,9.129
STAGE_MODEL_POLICY,1,22.748559105999448,9.129
STAGE_MODEL_POLICY,1,22.7989111579991,9.648
STAGE_MODEL_POLICY,1,22.84921054299957,9.648
STAGE_MODEL_POLICY,1,22.899614234998808,9.883
STAGE_MODEL_POLICY,1,22.950011212999016,9.883
STAGE_MODEL_POLICY,1,23.000526136998815,10.01
STAGE_MODEL_POLICY,1,23.05094514099983,8.543
STAGE_MODEL_POLICY,1,23.102376823999293,8.543
STAGE_MODEL_POLICY,1,23.15405499999906,10.172
STAGE_MODEL_POLICY,1,23.204419567000514,10.172
STAGE_MODEL_POLICY,1,23.254785940998772,10.734
STAGE_MODEL_POLICY,1,23.30596245599918,10.734
STAGE_MODEL_POLICY,1,23.357601951000106,10.292
STAGE_MODEL_POLICY,1,23.408061615000406,10.292
STAGE_MODEL_POLICY,1,23.458537733999037,10.859
STAGE_MODEL_POLICY,1,23.514440703998844,10.104
STAGE_MODEL_POLICY,1,23.567264516999785,10.104
STAGE_MODEL_POLICY,1,23.62396645700028,10.122
STAGE_MODEL_POLICY,1,23.674462105000202,10.122
STAGE_MODEL_POLICY,1,23.724957299999005,10.382
STAGE_MODEL_POLICY,1,23.775428783999814,10.382
STAGE_MODEL_POLICY,1,23.825812376999238,9.961
STAGE_MODEL_POLICY,1,23.87637702899883,10.028
STAGE_MODEL_POLICY,1,23.926883333999285,10.028
STAGE_MODEL_POLICY,1,23.977265543999238,10.102
STAGE_MODEL_POLICY,1,24.027748751999752,10.102
STAGE_MODEL_POLICY,1,24.07809698500023,10.121
STAGE_MODEL_POLICY,1,24.128455973999735,10.121
STAGE_MODEL_POLICY,1,24.17896592699981,9.989
STAGE_MODEL_POLICY,1,24.22944889199971,9.989
STAGE_MODEL_POLICY,1,24.279879338999308,10.023
STAGE_MODEL_POLICY,1,24.330336869999883,10.07
STAGE_MODEL_POLICY,1,24.38069774500036,10.07
STAGE_MODEL_POLICY,1,24.431079390999002,10.091
STAGE_MODEL_POLICY,1,24.4814909859997,10.091
STAGE_MODEL_POLICY,1,24.53189577699959,10.028
STAGE_MODEL_POLICY,1,24.582330352999634,10.028
STAGE_MODEL_POLICY,1,24.632906466998975,10.045
STAGE_MODEL_POLICY,1,24.683942020999893,10.045
STAGE_MODEL_POLICY,1,24.734535085999596,10.037
STAGE_MODEL_POLICY,1,24.784881909999967,10.144
STAGE_MODEL_POLICY,1,24.83526114199958,10.144
STAGE_MODEL_POLICY,1,24.885750157000075,10.039
STAGE_MODEL_POLICY,1,24.936228909999045,10.039
STAGE_MODEL_POLICY,1,24.986666083999808,10.053
STAGE_MODEL_POLICY,1,25.03699920100007,10.053
STAGE_MODEL_POLICY,1,25.087328260000504,10.078
STAGE_MODEL_POLICY,1,25.137785445998816,10.078
STAGE_MODEL_POLICY,1,25.18821214200034,10.171
STAGE_MODEL_POLICY,1,25.238530946000537,10.171
STAGE_MODEL_POLICY,1,25.28900252099993,10.056
STAGE_MODEL_POLICY,1,25.33956365300037,10.062
STAGE_MODEL_POLICY,1,25.39005924599951,10.062
STAGE_MODEL_POLICY,1,25.440379289999328,10.08
STAGE_MODEL_POLICY,1,25.49089020199972,10.08
STAGE_MODEL_POLICY,1,25.541321070999402,10.137
STAGE_MODEL_POLICY,1,25.59187226999893,10.137
STAGE_MODEL_POLICY,1,25.642282135999267,10.024
STAGE_MODEL_POLICY,1,25.69275458700031,10.024
STAGE_MODEL_POLICY,1,25.743194999999105,10.038
STAGE_MODEL_POLICY,1,25.79355695800041,10.059
STAGE_MODEL_POLICY,1,25.844079000999045,10.059
STAGE_MODEL_POLICY,1,25.894379389999813,10.126
STAGE_MODEL_POLICY,1,25.94475967499966,10.126
STAGE_MODEL_POLICY,1,25.99517119600023,10.025
STAGE_MODEL_POLICY,1,26.045575206999274,10.025
STAGE_MODEL_POLICY,1,26.09602366299987,10.043
STAGE_MODEL_POLICY,1,26.146421657000246,10.043
STAGE_MODEL_POLICY,1,26.196903288999238,10.068
STAGE_MODEL_POLICY,1,26.247439238999505,10.068
STAGE_MODEL_POLICY,1,26.297954956999092,10.132
STAGE_MODEL_POLICY,1,26.3485960099988,10.041
STAGE_MODEL_POLICY,1,26.39892359300029,10.041
STAGE_MODEL_POLICY,1,26.449451112999668,10.056
STAGE_MODEL_POLICY,1,26.49989296700005,10.056
STAGE_MODEL_POLICY,1,26.550483651999457,10.091
STAGE_MODEL_POLICY,1,26.60100431399951,10.091
STAGE_MODEL_POLICY,1,26.65150871500009,10.144
STAGE_MODEL_POLICY,1,26.702015532999212,10.144
STAGE_MODEL_POLICY,1,26.752591249000034,10.047
STAGE_MODEL_POLICY,1,26.80303075899974,10.067
STAGE_MODEL_POLICY,1,26.85345326800052,10.067
STAGE_MODEL_POLICY,1,26.90388538099978,10.102
STAGE_MODEL_POLICY,1,26.95447631999923,10.102
STAGE_MODEL_POLICY,1,27.004888617999313,10.148
STAGE_MODEL_POLICY,1,27.055478909998783,10.148
STAGE_MODEL_POLICY,1,27.105987200000527,10.071
STAGE_MODEL_POLICY,1,27.156515557999228,10.071
STAGE_MODEL_POLICY,1,27.20691357099895,10.089
STAGE_MODEL_POLICY,1,27.257511282999985,10.089
STAGE_MODEL_POLICY,1,27.30802963899987,10.13
STAGE_MODEL_POLICY,1,27.358425508000437,10.183
STAGE_MODEL_POLICY,1,27.4087943229988,10.183
STAGE_MODEL_POLICY,1,27.45921363100024,10.103
STAGE_MODEL_POLICY,1,27.509769547999895,10.103
STAGE_MODEL_POLICY,1,27.560191348000444,10.109
STAGE_MODEL_POLICY,1,27.610718951998933,10.109
STAGE_MODEL_POLICY,1,27.66120709399911,10.154
STAGE_MODEL_POLICY,1,27.711735540999143,10.154
STAGE_MODEL_POLICY,1,27.76215552800022,10.194
STAGE_MODEL_POLICY,1,27.81255412899918,10.194
STAGE_MODEL_POLICY,1,27.86287899099989,10.111
STAGE_MODEL_POLICY,1,27.91330809700048,10.118
STAGE_MODEL_POLICY,1,27.963660395998886,10.118
STAGE_MODEL_POLICY,1,28.014176700000462,10.391
STAGE_MODEL_POLICY,1,28.066357923000396,10.391
STAGE_MODEL_POLICY,1,28.12149459399916,10.582
STAGE_MODEL_POLICY,1,28.171908500000427,10.582
STAGE_MODEL_POLICY,1,28.22253361500043,9.613
STAGE_MODEL_POLICY,1,28.274004674000025,10.34
STAGE_MODEL_POLICY,1,28.324830473000475,10.34
STAGE_MODEL_POLICY,1,28.375262047000433,10.706
STAGE_MODEL_POLICY,1,28.428561970000374,10.148
STAGE_MODEL_POLICY,1,28.479610365000553,9.975
STAGE_MODEL_POLICY,1,28.53300731699892,10.469
STAGE_MODEL_POLICY,1,28.58424159199967,5.975
STAGE_MODEL_POLICY,1,28.638334465998923,10.438
STAGE_MODEL_POLICY,1,28.688962681999328,10.438
STAGE_MODEL_POLICY,1,28.73946570299995,9.648
STAGE_MODEL_POLICY,1,28.79108640800041,9.648
STAGE_MODEL_POLICY,1,28.842465951000122,19.673
STAGE_MODEL_POLICY,1,28.893604030999995,19.673
STAGE_MODEL_POLICY,1,28.945519598999454,9.72
STAGE_MODEL_POLICY,1,28.99599087000024,9.72
STAGE_MODEL_POLICY,1,29.046502817000146,9.691
STAGE_MODEL_POLICY,1,29.097544027999902,10.482
STAGE_MODEL_POLICY,1,29.148090407999916,10.482
STAGE_MODEL_POLICY,1,29.19872220399884,10.413
STAGE_MODEL_POLICY,1,29.250148065999383,10.413
STAGE_MODEL_POLICY,1,29.301323493000382,9.424
STAGE_MODEL_POLICY,1,29.351798722998865,9.424
STAGE_MODEL_POLICY,1,29.402206589000343,10.581
STAGE_MODEL_POLICY,1,29.45337583499895,10.021
STAGE_MODEL_POLICY,1,29.50451140899895,10.444
STAGE_MODEL_POLICY,1,29.55580272000043,11.929
STAGE_MODEL_POLICY,1,29.606956473999162,11.929
STAGE_MODEL_POLICY,1,29.65900317299929,9.252
STAGE_MODEL_POLICY,1,29.709561161000238,9.252
STAGE_MODEL_POLICY,1,29.763124181999956,10.931
STAGE_MODEL_POLICY,1,29.814258348000294,10.931
STAGE_MODEL_POLICY,1,29.865494523999587,10.475
STAGE_MODEL_POLICY,1,29.91586742599975,10.475
STAGE_MODEL_POLICY,1,29.966269962998922,10.312
STAGE_MODEL_CCT,1,0.0016185189997486304,9.929
STAGE_MODEL_CCT,1,0.05203302399968379,9.929
STAGE_MODEL_CCT,1,0.10248805699848162,10.089
STAGE_MODEL_CCT,1,0.15295966299891006,10.089
STAGE_MODEL_CCT,1,0.20340375599880645,9.565
STAGE_MODEL_CCT,1,0.25455083799897693,9.565
STAGE_MODEL_CCT,1,0.305974894999963,10.134
STAGE_MODEL_CCT,1,0.356523031998222,10.134
STAGE_MODEL_CCT,1,0.4070848039991688,10.18
STAGE_MODEL_CCT,1,0.4612808669990045,10.513
STAGE_MODEL_CCT,1,0.511752037999031,10.513
STAGE_MODEL_CCT,1,0.5620990259994869,9.866
STAGE_MODEL_CCT,1,0.6124966669995047,9.866
STAGE_MODEL_CCT,1,0.6629588159994455,9.968
STAGE_MODEL_CCT,1,0.7134382319982251,9.968
STAGE_MODEL_CCT,1,0.7639270609997766,10.51
STAGE_MODEL_CCT,1,0.8150869609999063,10.406
STAGE_MODEL_CCT,1,0.8663320419982483,10.484
STAGE_MODEL_CCT,1,0.9167561249996652,7.061
STAGE_MODEL_CCT,1,0.9692512809997424,7.061
STAGE_MODEL_CCT,1,1.0227063539987284,10.201
STAGE_MODEL_CCT,1,1.0731422129993007,10.201
STAGE_MODEL_CCT,1,1.123493998999038,5.57
STAGE_MODEL_CCT,1,1.1747272119991976,5.57
STAGE_MODEL_CCT,1,1.2257147559994337,10.539
STAGE_MODEL_CCT,1,1.276176884999586,9.846
STAGE_MODEL_CCT,1,1.3265092029996595,9.846
STAGE_MODEL_CCT,1,1.3769648979996418,9.95
STAGE_MODEL_CCT,1,1.4273696429991105,9.95
STAGE_MODEL_CCT,1,1.4778226759990503,10.245
STAGE_MODEL_CCT,1,1.528978863998418,10.245
STAGE_MODEL_CCT,1,1.5806565309994767,10.498
STAGE_MODEL_CCT,1,1.6310287839987723,10.498
STAGE_MODEL_CCT,1,1.6816303719988355,9.837
STAGE_MODEL_CCT,1,1.7321739149992936,9.837
STAGE_MODEL_CCT,1,1.782622172999254,9.967
STAGE_MODEL_CCT,1,1.8333225829992443,10.102
STAGE_MODEL_CCT,1,1.8896593099998427,10.26
STAGE_MODEL_CCT,1,1.9435964899985265,10.631
STAGE_MODEL_CCT,1,1.9946515189985803,9.701
STAGE_MODEL_CCT,1,2.0532201179994445,7.096
STAGE_MODEL_CCT,1,2.1042504759989242,10.078
STAGE_MODEL_CCT,1,2.1546107479989587,10.078
STAGE_MODEL_CCT,1,2.205063422999956,5.827
STAGE_MODEL_CCT,1,2.256527952999022,5.827
STAGE_MODEL_CCT,1,2.3127292359986313,11.262
STAGE_MODEL_CCT,1,2.363125070998649,11.262
STAGE_MODEL_CCT,1,2.4135600909994537,10.165
STAGE_MODEL_CCT,1,2.4640479749996302,10.165
STAGE_MODEL_CCT,1,2.5145937639990734,10.17
STAGE_MODEL_CCT,1,2.564986080999006,9.868
STAGE_MODEL_CCT,1,2.6191875869990326,9.909
STAGE_MODEL_CCT,1,2.6711240179993183,10.498
STAGE_MODEL_CCT,1,2.7252484089985956,10.498
STAGE_MODEL_CCT,1,2.781505513999946,9.22
STAGE_MODEL_CCT,1,2.8319370969984448,9.22
STAGE_MODEL_CCT,1,2.8824375699987286,9.103
STAGE_MODEL_CCT,1,2.933530856998914,10.318
STAGE_MODEL_CCT,1,2.9840451319996646,10.318
STAGE_MODEL_CCT,1,3.0344808929985447,10.374
STAGE_MODEL_CCT,1,3.0848926279995794,10.374
STAGE_MODEL_CCT,1,3.1385741519989097,8.432
STAGE_MODEL_CCT,1,3.189636207998774,8.432
STAGE_MODEL_CCT,1,3.240735171999404,9.604
STAGE_MODEL_CCT,1,3.29128080999908,5.744
STAGE_MODEL_CCT,1,3.3428140919986618,5.744
STAGE_MODEL_CCT,1,3.3966902069987555,10.356
STAGE_MODEL_CCT,1,3.4471395169985044,10.356
STAGE_MODEL_CCT,1,3.4974217879989737,9.815
STAGE_MODEL_CCT,1,3.5478705869991245,9.815
STAGE_MODEL_CCT,1,3.598291069998595,9.253
STAGE_MODEL_CCT,1,3.6534129959982238,9.253
STAGE_MODEL_CCT,1,3.7078456049985107,10.306
STAGE_MODEL_CCT,1,3.7582909429984284,10.389
STAGE_MODEL_CCT,1,3.8086857629987207,10.389
STAGE_MODEL_CCT,1,3.859067072999096,9.982
STAGE_MODEL_CCT,1,3.909591815998283,9.982
STAGE_MODEL_CCT,1,3.9600027540000156,9.14
STAGE_MODEL_CCT,1,4.012015938998957,9.14
STAGE_MODEL_CCT,1,4.066374592999637,10.388
STAGE_MODEL_CCT,1,4.116861653999877,10.305
STAGE_MODEL_CCT,1,4.167262353999831,10.305
STAGE_MODEL_CCT,1,4.217672204998962,9.978
STAGE_MODEL_CCT,1,4.268248517999382,9.978
STAGE_MODEL_CCT,1,4.318711923999217,10.016
STAGE_MODEL_CCT,1,4.3691243449993635,10.016
STAGE_MODEL_CCT,1,4.419527940999615,5.917
STAGE_MODEL_CCT,1,4.471036395998453,5.917
STAGE_MODEL_CCT,1,4.523249731999385,10.436
STAGE_MODEL_CCT,1,4.573638985999423,9.168
STAGE_MODEL_CCT,1,4.624627053999575,15.537
STAGE_MODEL_CCT,1,4.676082604999465,9.202
STAGE_MODEL_CCT,1,4.727743688999908,17.358
STAGE_MODEL_CCT,1,4.780242415999965,9.811
STAGE_MODEL_CCT,1,4.832416155999454,9.811
STAGE_MODEL_CCT,1,4.887059703998602,10.197
STAGE_MODEL_CCT,1,4.937570668998887,10.197
STAGE_MODEL_CCT,1,4.98801284199908,11.512
STAGE_MODEL_CCT,1,5.040886714999942,9.025
STAGE_MODEL_CCT,1,5.096998098999393,10.893
STAGE_MODEL_CCT,1,5.1484313319997455,9.708
STAGE_MODEL_CCT,1,5.201729282998713,9.708
STAGE_MODEL_CCT,1,5.257258242998432,10.219
STAGE_MODEL_CCT,1,5.307795348999207,10.219
STAGE_MODEL_CCT,1,5.358200378999754,6.096
STAGE_MODEL_CCT,1,5.409652528998777,5.817
STAGE_MODEL_CCT,1,5.46323664099873,5.817
STAGE_MODEL_CCT,1,5.520241135998731,7.668
STAGE_MODEL_CCT,1,5.5713157239988504,7.668
STAGE_MODEL_CCT,1,5.622484776999045,15.243
STAGE_MODEL_CCT,1,5.673641822999343,9.261
STAGE_MODEL_CCT,1,5.723945426998398,9.261
STAGE_MODEL_CCT,1,5.774352516998988,9.775
STAGE_MODEL_CCT,1,5.824686120999104,9.775
STAGE_MODEL_CCT,1,5.875072103999628,9.989
STAGE_MODEL_CCT,1,5.929103209999084,9.989
STAGE_MODEL_CCT,1,5.9856111709996185,10.133
STAGE_MODEL_CCT,1,6.0360666519991355,10.133
STAGE_MODEL_CCT,1,6.086530327998844,8.785
STAGE_MODEL_CCT,1,6.1380985749983665,10.283
STAGE_MODEL_CCT,1,6.188544488999469,10.283
STAGE_MODEL_CCT,1,6.2390641549991415,10.357
STAGE_MODEL_CCT,1,6.289663309999014,10.357
STAGE_MODEL_CCT,1,6.340316563999295,10.383
STAGE_MODEL_CCT,1,6.39107347099889,10.383
STAGE_MODEL_CCT,1,6.441649909998887,10.405
STAGE_MODEL_CCT,1,6.492333093998241,10.405
STAGE_MODEL_CCT,1,6.542869979999523,10.406
STAGE_MODEL_CCT,1,6.593340955998428,10.406
STAGE_MODEL_CCT,1,6.6438230159983505,10.412
STAGE_MODEL_CCT,1,6.694487876999119,10.412
STAGE_MODEL_CCT,1,6.745027526998456,5.761
STAGE_MODEL_CCT,1,6.798946952998449,5.761
STAGE_MODEL_CCT,1,6.850087846998576,10.232
STAGE_MODEL_CCT,1,6.900527720999889,10.232
STAGE_MODEL_CCT,1,6.950992918998963,5.795
STAGE_MODEL_CCT,1,7.00222764299906,5.795
STAGE_MODEL_CCT,1,7.054637581999486,8.538
STAGE_MODEL_CCT,1,7.10597603199858,8.538
STAGE_MODEL_CCT,1,7.161372414999278,10.769
STAGE_MODEL_CCT,1,7.212667931999022,10.769
STAGE_MODEL_CCT,1,7.263813056999425,9.4
STAGE_MODEL_CCT,1,7.324408167000001,11.39
STAGE_MODEL_CCT,1,7.375644233999992,11.39
STAGE_MODEL_CCT,1,7.42812905899882,10.421
STAGE_MODEL_CCT,1,7.4786530539986416,10.421
STAGE_MODEL_CCT,1,7.529301789998499,10.424
STAGE_MODEL_CCT,1,7.579854699999487,10.424
STAGE_MODEL_CCT,1,7.630523099998754,10.424
STAGE_MODEL_CCT,1,7.681178466998972,10.424
STAGE_MODEL_CCT,1,7.731682087998706,10.4
STAGE_MODEL_CCT,1,7.782307179999407,10.4
STAGE_MODEL_CCT,1,7.832918169999175,10.394
STAGE_MODEL_CCT,1,7.883587009999246,10.394
STAGE_MODEL_CCT,1,7.93407009999828,10.388
STAGE_MODEL_CCT,1,7.984713283000019,10.388
STAGE_MODEL_CCT,1,8.0353010789986,5.694
STAGE_MODEL_CCT,1,8.08698689099947,5.694
STAGE_MODEL_CCT,1,8.138395166999544,10.679
STAGE_MODEL_CCT,1,8.188924665999366,10.679
STAGE_MODEL_CCT,1,8.239575931998843,10.495
STAGE_MODEL_CCT,1,8.290025930999036,10.495
STAGE_MODEL_CCT,1,8.340689832999487,10.437
STAGE_MODEL_CCT,1,8.391068398999778,10.437
STAGE_MODEL_CCT,1,8.441610103998755,10.423
STAGE_MODEL_CCT,1,8.492158949999066,10.423
STAGE_MODEL_CCT,1,8.542561710999507,10.533
STAGE_MODEL_CCT,1,8.593633141999817,10.533
STAGE_MODEL_CCT,1,8.644752212998355,10.446
STAGE_MODEL_CCT,1,8.695293650998792,10.446
STAGE_MODEL_CCT,1,8.745833175998996,10.405
STAGE_MODEL_CCT,1,8.796372007998798,10.405
STAGE_MODEL_CCT,1,8.846847292999882,10.385
STAGE_MODEL_CCT,1,8.897474897999928,10.385
STAGE_MODEL_CCT,1,8.955318672999056,10.0
STAGE_MODEL_CCT,1,9.009777066999959,8.236
STAGE_MODEL_CCT,1,9.070277250999425,14.801
STAGE_MODEL_CCT,1,9.121978938999746,5.999
STAGE_MODEL_CCT,1,9.174541637999937,5.999
STAGE_MODEL_CCT,1,9.22700308399908,10.29
STAGE_MODEL_CCT,1,9.277525038000022,10.29
STAGE_MODEL_CCT,1,9.32803287799834,10.333
STAGE_MODEL_CCT,1,9.378432199999224,10.333
STAGE_MODEL_CCT,1,9.428799765999429,10.216
STAGE_MODEL_CCT,1,9.479212443999131,9.309
STAGE_MODEL_CCT,1,9.530511000999468,9.309
STAGE_MODEL_CCT,1,9.581617402998745,10.366
STAGE_MODEL_CCT,1,9.631891925999298,10.366
STAGE_MODEL_CCT,1,9.682236639999246,10.382
STAGE_MODEL_CCT,1,9.732649336998293,10.382
STAGE_MODEL_CCT,1,9.783103241999925,10.243
STAGE_MODEL_CCT,1,9.833542840999144,10.243
STAGE_MODEL_CCT,1,9.884033843998623,10.007
STAGE_MODEL_CCT,1,9.934498505999727,10.192
STAGE_MODEL_CCT,1,9.985927371999423,10.589
STAGE_MODEL_CCT,1,10.043686799999705,10.299
STAGE_MODEL_CCT,1,10.095202978998714,10.299
STAGE_MODEL_CCT,1,10.146325433999664,9.999
STAGE_MODEL_CCT,1,10.196766658998968,9.999
STAGE_MODEL_CCT,1,10.247248388999651,5.755
STAGE_MODEL_CCT,1,10.300270586998522,10.453
STAGE_MODEL_CCT,1,10.350613470998724,10.453
STAGE_MODEL_CCT,1,10.400982758999817,10.464
STAGE_MODEL_CCT,1,10.451526672999535,10.464
STAGE_MODEL_CCT,1,10.501964055998542,10.296
STAGE_MODEL_CCT,1,10.552500170999338,10.296
STAGE_MODEL_CCT,1,10.602865810998992,10.049
STAGE_MODEL_CCT,1,10.653467713998907,10.049
STAGE_MODEL_CCT,1,10.703861771999073,10.104
STAGE_MODEL_CCT,1,10.754355308999948,10.146
STAGE_MODEL_CCT,1,10.804845333999765,10.146
STAGE_MODEL_CCT,1,10.855190657999628,10.101
STAGE_MODEL_CCT,1,10.90555281899833,10.101
STAGE_MODEL_CCT,1,10.955960473998857,10.036
STAGE_MODEL_CCT,1,11.00639063699964,10.036
STAGE_MODEL_CCT,1,11.05675007499849,10.035
STAGE_MODEL_CCT,1,11.107238823999069,10.035
STAGE_MODEL_CCT,1,11.157585529999778,10.065
STAGE_MODEL_CCT,1,11.208037430998957,10.065
STAGE_MODEL_CCT,1,11.258508164999512,10.039
STAGE_MODEL_CCT,1,11.308915624998917,9.917
STAGE_MODEL_CCT,1,11.359231003998502,9.917
STAGE_MODEL_CCT,1,11.409624890999112,9.93
STAGE_MODEL_CCT,1,11.459975037998447,9.93
STAGE_MODEL_CCT,1,11.51027952899858,9.975
STAGE_MODEL_CCT,1,11.560591469999054,9.975
STAGE_MODEL_CCT,1,11.611047998998401,10.028
STAGE_MODEL_CCT,1,11.66134673399938,10.028
STAGE_MODEL_CCT,1,11.711807902998771,9.926
STAGE_MODEL_CCT,1,11.76228282699958,9.95
STAGE_MODEL_CCT,1,11.812770202999673,9.95
STAGE_MODEL_CCT,1,11.863250093998431,9.999
STAGE_MODEL_CCT,1,11.913712365998435,9.999
STAGE_MODEL_CCT,1,11.964080084999296,10.017
STAGE_MODEL_CCT,1,12.014556078998794,10.017
STAGE_MODEL_CCT,1,12.064944262998324,9.963
STAGE_MODEL_CCT,1,12.115479219999543,9.963
STAGE_MODEL_CCT,1,12.166052703998503,9.969
STAGE_MODEL_CCT,1,12.216471358999115,9.969
STAGE_MODEL_CCT,1,12.266875289999007,10.028
STAGE_MODEL_CCT,1,12.317326007998417,10.042
STAGE_MODEL_CCT,1,12.367860599999403,10.042
STAGE_MODEL_CCT,1,12.418385110999225,9.981
STAGE_MODEL_CCT,1,12.468827240998507,9.981
STAGE_MODEL_CCT,1,12.519248997999966,9.982
STAGE_MODEL_CCT,1,12.569654941999033,9.982
STAGE_MODEL_CCT,1,12.620059547998608,10.025
STAGE_MODEL_CCT,1,12.670423273999404,10.025
STAGE_MODEL_CCT,1,12.72079040799872,10.041
STAGE_MODEL_CCT,1,12.771218939999017,9.97
STAGE_MODEL_CCT,1,12.821497086999443,9.97
STAGE_MODEL_CCT,1,12.87193852999917,9.975
STAGE_MODEL_CCT,1,12.922390880999956,9.975
STAGE_MODEL_CCT,1,12.972881529000006,10.035
STAGE_MODEL_CCT,1,13.023228086000017,10.035
STAGE_MODEL_CCT,1,13.073632193998492,9.871
STAGE_MODEL_CCT,1,13.128246695998314,11.158
STAGE_MODEL_CCT,1,13.18033038899921,10.816
STAGE_MODEL_CCT,1,13.232197058998281,10.04
STAGE_MODEL_CCT,1,13.283403764999093,10.04
STAGE_MODEL_CCT,1,13.334639224998682,10.43
STAGE_MODEL_CCT,1,13.385154014998989,10.43
STAGE_MODEL_CCT,1,13.435789440998633,10.097
STAGE_MODEL_CCT,1,13.486293681999086,10.097
STAGE_MODEL_CCT,1,13.536792633000005,9.913
STAGE_MODEL_CCT,1,13.587136571999508,9.913
STAGE_MODEL_CCT,1,13.637808635998226,10.041
STAGE_MODEL_CCT,1,13.688216763999662,10.12
STAGE_MODEL_CCT,1,13.73864739199962,10.12
STAGE_MODEL_CCT,1,13.789033956998537,10.056
STAGE_MODEL_CCT,1,13.83954385999823,10.056
STAGE_MODEL_CCT,1,13.889939738999601,9.976
STAGE_MODEL_CCT,1,13.940347702999134,9.976
STAGE_MODEL_CCT,1,13.990769491998435,9.91
STAGE_MODEL_CCT,1,14.042108997999094,9.91
STAGE_MODEL_CCT,1,14.093391415999577,9.586
STAGE_MODEL_CCT,1,14.144664397999804,10.016
STAGE_MODEL_CCT,1,14.19560687899866,9.002
STAGE_MODEL_CCT,1,14.250325775999954,9.95
STAGE_MODEL_CCT,1,14.305533984999784,9.95
STAGE_MODEL_CCT,1,14.35951105499953,10.467
STAGE_MODEL_CCT,1,14.410027870999329,10.467
STAGE_MODEL_CCT,1,14.460438712998439,11.376
STAGE_MODEL_CCT,1,14.511630982999122,9.794
STAGE_MODEL_CCT,1,14.56212286399932,9.794
STAGE_MODEL_CCT,1,14.61257424699943,9.86
STAGE_MODEL_CCT,1,14.668767985998784,9.86
STAGE_MODEL_CCT,1,14.723802192998846,10.442
STAGE_MODEL_CCT,1,14.774366096999074,10.442
STAGE_MODEL_CCT,1,14.829093157999523,15.887
STAGE_MODEL_CCT,1,14.880197758999202,9.692
STAGE_MODEL_CCT,1,14.930763826998373,9.692
STAGE_MODEL_CCT,1,14.98121147799975,9.688
STAGE_MODEL_CCT,1,15.031806126999072,9.688
STAGE_MODEL_CCT,1,15.082464722998338,10.545
STAGE_MODEL_CCT,1,15.133519245999196,10.545
STAGE_MODEL_CCT,1,15.184612286999254,10.516
STAGE_MODEL_CCT,1,15.235020890999294,10.516
STAGE_MODEL_CCT,1,15.285504669998772,10.532
STAGE_MODEL_CCT,1,15.33656097399944,9.719
STAGE_MODEL_CCT,1,15.387064999998984,9.719
STAGE_MODEL_CCT,1,15.437573263998274,10.827
STAGE_MODEL_CCT,1,15.488862701999096,10.827
STAGE_MODEL_CCT,1,15.542017135998321,10.506
STAGE_MODEL_CCT,1,15.592455832998894,10.506
STAGE_MODEL_CCT,1,15.6433543309995,10.963
STAGE_MODEL_CCT,1,15.694587393998518,10.963
STAGE_MODEL_CCT,1,15.745742612998583,9.729
STAGE_MODEL_CCT,1,15.796254789998784,10.121
STAGE_MODEL_CCT,1,15.846718658998725,10.121
STAGE_MODEL_CCT,1,15.897176603999469,15.997
STAGE_MODEL_CCT,1,15.948336435998499,15.997
STAGE_MODEL_CCT,1,15.999490380998395,19.228
STAGE_MODEL_CCT,1,16.051565078998465,19.228
STAGE_MODEL_CCT,1,16.104743556999892,9.776
STAGE_MODEL_CCT,1,16.155122842999845,9.776
STAGE_MODEL_CCT,1,16.20560390599894,10.288
STAGE_MODEL_CCT,1,16.256719413999235,10.484
STAGE_MODEL_CCT,1,16.307236041999204,10.484
STAGE_MODEL_CCT,1,16.357589620998624,10.027
STAGE_MODEL_CCT,1,16.40804573599962,10.027
STAGE_MODEL_CCT,1,16.458430324999426,9.944
STAGE_MODEL_CCT,1,16.50871070899848,9.944
STAGE_MODEL_CCT,1,16.5591424059985,10.73
STAGE_MODEL_CCT,1,16.61037671699887,10.73
STAGE_MODEL_CCT,1,16.662412696998217,10.466
STAGE_MODEL_CCT,1,16.712832198998512,10.466
STAGE_MODEL_CCT,1,16.763509564998458,10.836
STAGE_MODEL_CCT,1,16.81465079999907,9.247
STAGE_MODEL_CCT,1,16.865298473998337,9.247
STAGE_MODEL_CCT,1,16.91602435799905,9.676
STAGE_MODEL_CCT,1,16.966504929998337,9.676
STAGE_MODEL_CCT,1,17.0170469529985,9.943
STAGE_MODEL_CCT,1,17.067545265999797,9.943
STAGE_MODEL_CCT,1,17.122736210998482,13.015
STAGE_MODEL_CCT,1,17.174178100998688,14.054
STAGE_MODEL_CCT,1,17.227765743999043,14.054
STAGE_MODEL_CCT,1,17.27892722099932,10.314
STAGE_MODEL_CCT,1,17.32926626399967,10.314
STAGE_MODEL_CCT,1,17.379645379998692,10.383
STAGE_MODEL_CCT,1,17.43007082999975,10.383
STAGE_MODEL_CCT,1,17.480527900999732,10.078
STAGE_MODEL_CCT,1,17.53099676799866,10.078
STAGE_MODEL_CCT,1,17.581574908999755,10.031
STAGE_MODEL_CCT,1,17.632054195999444,10.804
STAGE_MODEL_CCT,1,17.68673558499904,10.804
STAGE_MODEL_CCT,1,17.739701106998837,10.483
STAGE_MODEL_CCT,1,17.79018328699931,10.483
STAGE_MODEL_CCT,1,17.84066209499906,11.012
STAGE_MODEL_CCT,1,17.89189372999863,11.012
STAGE_MODEL_CCT,1,17.94289757599836,9.596
STAGE_MODEL_CCT,1,17.993323885999416,11.264
STAGE_MODEL_CCT,1,18.046225808999225,11.264
STAGE_MODEL_CCT,1,18.098104604998298,10.492
STAGE_MODEL_CCT,1,18.148663210999075,10.492
STAGE_MODEL_CCT,1,18.19926534899969,12.878
STAGE_MODEL_CCT,1,18.25140258599822,12.878
STAGE_MODEL_CCT,1,18.302887376999934,9.834
STAGE_MODEL_CCT,1,18.353360678998797,9.834
STAGE_MODEL_CCT,1,18.403872042999865,10.135
STAGE_MODEL_CCT,1,18.454295716999695,11.081
STAGE_MODEL_CCT,1,18.505715825998777,11.081
STAGE_MODEL_CCT,1,18.557453876999716,9.484
STAGE_MODEL_CCT,1,18.608021568999902,9.484
STAGE_MODEL_CCT,1,18.658637174999967,9.66
STAGE_MODEL_CCT,1,18.70926836899889,9.66
STAGE_MODEL_CCT,1,18.759774859998288,10.36
STAGE_MODEL_CCT,1,18.813684785998703,10.36
STAGE_MODEL_CCT,1,18.867911903998902,10.443
STAGE_MODEL_CCT,1,18.91857784399872,9.979
STAGE_MODEL_CCT,1,18.969046826998238,9.979
STAGE_MODEL_CCT,1,19.023904900999696,10.182
STAGE_MODEL_CCT,1,19.075219086998914,10.486
STAGE_MODEL_CCT,1,19.12663857899861,10.553
STAGE_MODEL_CCT,1,19.17800875299872,9.744
STAGE_MODEL_CCT,1,19.229145843999504,13.062
STAGE_MODEL_CCT,1,19.28098237499944,11.793
STAGE_MODEL_CCT,1,19.332478581998657,11.793
STAGE_MODEL_CCT,1,19.38455757599877,5.85
STAGE_MODEL_CCT,1,19.43881143499857,5.85
STAGE_MODEL_CCT,1,19.491932850000012,10.345
STAGE_MODEL_CCT,1,19.54234279799857,10.345
STAGE_MODEL_CCT,1,19.592741037999076,10.402
STAGE_MODEL_CCT,1,19.643192015999375,10.402
STAGE_MODEL_CCT,1,19.693627009999545,10.171
STAGE_MODEL_CCT,1,19.749999231999027,9.645
STAGE_MODEL_CCT,1,19.800425774999894,9.645
STAGE_MODEL_CCT,1,19.850856027998816,10.325
STAGE_MODEL_CCT,1,19.902416706998338,10.325
STAGE_MODEL_CCT,1,19.953806160998283,10.481
STAGE_MODEL_CCT,1,20.004434645999936,10.481
STAGE_MODEL_CCT,1,20.054765653998402,9.625
STAGE_MODEL_CCT,1,20.1124902019983,9.955
STAGE_MODEL_CCT,1,20.162919184998827,9.955
STAGE_MODEL_CCT,1,20.213421158998244,10.214
STAGE_MODEL_CCT,1,20.263978972998302,10.214
STAGE_MODEL_CCT,1,20.31455666399961,10.305
STAGE_MODEL_CCT,1,20.36513926599946,10.305
STAGE_MODEL_CCT,1,20.41549186499833,8.458
STAGE_MODEL_CCT,1,20.466553183998258,9.915
STAGE_MODEL_CCT,1,20.516991024998788,9.915
STAGE_MODEL_CCT,1,20.567439765000017,10.199
STAGE_MODEL_CCT,1,20.618937007999193,10.199
STAGE_MODEL_CCT,1,20.669430607998947,10.625
STAGE_MODEL_CCT,1,20.7206049969991,10.625
STAGE_MODEL_CCT,1,20.77189276399986,9.407
STAGE_MODEL_CCT,1,20.822190786999272,9.407
STAGE_MODEL_CCT,1,20.872665769999003,9.73
STAGE_MODEL_CCT,1,20.92299709999861,9.73
STAGE_MODEL_CCT,1,20.97340474899829,10.36
STAGE_MODEL_CCT,1,21.028825033999965,10.509
STAGE_MODEL_CCT,1,21.079501741998683,10.509
STAGE_MODEL_CCT,1,21.130161929999304,9.479
STAGE_MODEL_CCT,1,21.181474138998965,10.462
STAGE_MODEL_CCT,1,21.232679947999713,9.705
STAGE_MODEL_CCT,1,21.28386028999921,9.705
STAGE_MODEL_CCT,1,21.335191434998706,10.482
STAGE_MODEL_CCT,1,21.38564192299964,10.482
STAGE_MODEL_CCT,1,21.436122720999265,10.879
STAGE_MODEL_CCT,1,21.487413445998754,10.219
STAGE_MODEL_CCT,1,21.537776710998514,10.219
STAGE_MODEL_CCT,1,21.588394388998495,5.748
STAGE_MODEL_CCT,1,21.6401482199999,5.748
STAGE_MODEL_CCT,1,21.69203056099832,10.424
STAGE_MODEL_CCT,1,21.74259105499914,10.424
STAGE_MODEL_CCT,1,21.79312390099949,10.464
STAGE_MODEL_CCT,1,21.843630778999795,10.08
STAGE_MODEL_CCT,1,21.89415778699913,10.08
STAGE_MODEL_CCT,1,21.94457663399953,10.064
STAGE_MODEL_CCT,1,21.99498448399936,10.064
STAGE_MODEL_CCT,1,22.045317684998736,10.178
STAGE_MODEL_CCT,1,22.096629463998397,9.642
STAGE_MODEL_CCT,1,22.147871094999573,11.085
STAGE_MODEL_CCT,1,22.199160457999824,11.085
STAGE_MODEL_CCT,1,22.251260481998543,9.28
STAGE_MODEL_CCT,1,22.301775490999717,9.28
STAGE_MODEL_CCT,1,22.352397061999,9.083
STAGE_MODEL_CCT,1,22.403563487998326,10.335
STAGE_MODEL_CCT,1,22.45404536099886,10.335
STAGE_MODEL_CCT,1,22.50456806099828,11.235
STAGE_MODEL_CCT,1,22.555580253998414,11.235
STAGE_MODEL_CCT,1,22.60729372699825,7.6
STAGE_MODEL_CCT,1,22.65888073199858,7.6
STAGE_MODEL_CCT,1,22.71112851199905,10.181
STAGE_MODEL_CCT,1,22.76196463799897,10.353
STAGE_MODEL_CCT,1,22.8127211179999,10.353
STAGE_MODEL_CCT,1,22.86324529399826,10.4
STAGE_MODEL_CCT,1,22.913907978998395,10.4
STAGE_MODEL_CCT,1,22.964396630999545,10.106
STAGE_MODEL_CCT,1,23.014882089999446,10.106
STAGE_MODEL_CCT,1,23.06547491099991,10.124
STAGE_MODEL_CCT,1,23.116069487999994,10.124
STAGE_MODEL_CCT,1,23.16667227799917,10.113
STAGE_MODEL_CCT,1,23.218698789998598,10.913
STAGE_MODEL_CCT,1,23.27550810499997,9.757
STAGE_MODEL_CCT,1,23.32942745299988,8.996
STAGE_MODEL_CCT,1,23.38509011899987,11.271
STAGE_MODEL_CCT,1,23.43768625499979,9.275
STAGE_MODEL_CCT,1,23.4917318659991,9.674
STAGE_MODEL_CCT,1,23.54950404199917,9.674
STAGE_MODEL_CCT,1,23.604312117999143,10.543
STAGE_MODEL_CCT,1,23.654720464999627,10.543
STAGE_MODEL_CCT,1,23.705112580999412,9.786
STAGE_MODEL_CCT,1,23.755503482998392,9.786
STAGE_MODEL_CCT,1,23.805824262999522,10.004
STAGE_MODEL_CCT,1,23.85618339299981,10.004
STAGE_MODEL_CCT,1,23.90652648499963,10.16
STAGE_MODEL_CCT,1,23.956890474999454,10.238
STAGE_MODEL_CCT,1,24.007267494998814,10.238
STAGE_MODEL_CCT,1,24.05780126999889,10.103
STAGE_MODEL_CCT,1,24.10829118499896,10.103
STAGE_MODEL_CCT,1,24.158678043999316,10.126
STAGE_MODEL_CCT,1,24.209047097998337,10.126
STAGE_MODEL_CCT,1,24.25938383399989,10.177
STAGE_MODEL_CCT,1,24.309704720999434,10.177
STAGE_MODEL_CCT,1,24.360082250999767,10.216
STAGE_MODEL_CCT,1,24.41236502299944,10.128
STAGE_MODEL_CCT,1,24.462757487999625,10.128
STAGE_MODEL_CCT,1,24.513095048998366,10.135
STAGE_MODEL_CCT,1,24.563423808998778,10.135
STAGE_MODEL_CCT,1,24.613718877999418,10.133
STAGE_MODEL_CCT,1,24.664062357998773,10.133
STAGE_MODEL_CCT,1,24.714356901999054,10.263
STAGE_MODEL_CCT,1,24.76481365699874,10.263
STAGE_MODEL_CCT,1,24.81529721499828,10.108
STAGE_MODEL_CCT,1,24.865657350999754,10.107
STAGE_MODEL_CCT,1,24.916135013998428,10.107
STAGE_MODEL_CCT,1,24.966505408998273,10.099
STAGE_MODEL_CCT,1,25.01694526799838,10.099
STAGE_MODEL_CCT,1,25.067324325998925,10.192
STAGE_MODEL_CCT,1,25.117855127999064,10.192
STAGE_MODEL_CCT,1,25.16831820099833,10.057
STAGE_MODEL_CCT,1,25.219046668999,10.057
STAGE_MODEL_CCT,1,25.269530008999936,10.064
STAGE_MODEL_CCT,1,25.319871551999313,10.064
STAGE_MODEL_CCT,1,25.370438797999668,10.057
STAGE_MODEL_CCT,1,25.42085564899935,10.159
STAGE_MODEL_CCT,1,25.471299003998865,10.159
STAGE_MODEL_CCT,1,25.521627120999256,10.026
STAGE_MODEL_CCT,1,25.57196468499933,10.026
STAGE_MODEL_CCT,1,25.622338396999112,10.036
STAGE_MODEL_CCT,1,25.67262069499884,10.036
STAGE_MODEL_CCT,1,25.72298544899968,10.034
STAGE_MODEL_CCT,1,25.773469978999856,10.034
STAGE_MODEL_CCT,1,25.82394703999853,10.137
STAGE_MODEL_CCT,1,25.87438687699978,10.014
STAGE_MODEL_CCT,1,25.924710212999344,10.014
STAGE_MODEL_CCT,1,25.97512673899837,10.023
STAGE_MODEL_CCT,1,26.02554320299896,10.023
STAGE_MODEL_CCT,1,26.075992577998477,10.024
STAGE_MODEL_CCT,1,26.12646559699897,10.024
STAGE_MODEL_CCT,1,26.177719943998454,10.127
STAGE_MODEL_CCT,1,26.228414748999057,10.127
STAGE_MODEL_CCT,1,26.278959968998606,10.016
STAGE_MODEL_CCT,1,26.32938825599922,10.016
STAGE_MODEL_CCT,1,26.37997985599941,10.034
STAGE_MODEL_CCT,1,26.430379507999533,10.038
STAGE_MODEL_CCT,1,26.48071739899933,10.038
STAGE_MODEL_CCT,1,26.531235822998497,10.14
STAGE_MODEL_CCT,1,26.581660412999554,10.14
STAGE_MODEL_CCT,1,26.632064280998748,10.034
STAGE_MODEL_CCT,1,26.68264409099902,10.034
STAGE_MODEL_CCT,1,26.733084969999254,10.044
STAGE_MODEL_CCT,1,26.783662335999907,10.044
STAGE_MODEL_CCT,1,26.83405706999838,10.051
STAGE_MODEL_CCT,1,26.884594804998414,10.155
STAGE_MODEL_CCT,1,26.93506756699935,10.155
STAGE_MODEL_CCT,1,26.98554641699957,10.047
STAGE_MODEL_CCT,1,27.036024412998813,10.047
STAGE_MODEL_CCT,1,27.086425338999106,10.063
STAGE_MODEL_CCT,1,27.13679646499986,10.063
STAGE_MODEL_CCT,1,27.18715068599886,10.081
STAGE_MODEL_CCT,1,27.23758708799869,10.081
STAGE_MODEL_CCT,1,27.288083516999905,10.18
STAGE_MODEL_CCT,1,27.33850037999946,10.18
STAGE_MODEL_CCT,1,27.38887644999886,10.075
STAGE_MODEL_CCT,1,27.4392970659992,10.092
STAGE_MODEL_CCT,1,27.489691225999195,10.092
STAGE_MODEL_CCT,1,27.540130528999725,10.104
STAGE_MODEL_CCT,1,27.590828638998573,10.104
STAGE_MODEL_CCT,1,27.641244039999947,10.194
STAGE_MODEL_CCT,1,27.69167044799906,10.194
STAGE_MODEL_CCT,1,27.7421741929993,10.089
STAGE_MODEL_CCT,1,27.79267311499825,10.089
STAGE_MODEL_CCT,1,27.843180249999932,10.1
STAGE_MODEL_CCT,1,27.89372233099857,10.115
STAGE_MODEL_CCT,1,27.94421760699879,10.115
STAGE_MODEL_CCT,1,27.994796082999528,10.201
STAGE_MODEL_CCT,1,28.04530635499941,10.201
STAGE_MODEL_CCT,1,28.09578570999838,10.092
STAGE_MODEL_CCT,1,28.146166251999603,10.092
STAGE_MODEL_CCT,1,28.19656453599964,10.108
STAGE_MODEL_CCT,1,28.24695711499953,10.108
STAGE_MODEL_CCT,1,28.29741416499928,10.12
STAGE_MODEL_CCT,1,28.348032779998903,10.199
STAGE_MODEL_CCT,1,28.39858493799875,10.199
STAGE_MODEL_CCT,1,28.449120341998423,10.086
STAGE_MODEL_CCT,1,28.516559218998736,10.086
STAGE_MODEL_CCT,1,28.567026450999037,12.391
STAGE_MODEL_CCT,1,28.618169963998298,12.391
STAGE_MODEL_CCT,1,28.669211797998287,9.05
STAGE_MODEL_CCT,1,28.721393128998898,10.549
STAGE_MODEL_CCT,1,28.775588200998754,10.549
STAGE_MODEL_CCT,1,28.82923877399844,9.348
STAGE_MODEL_CCT,1,28.87978119499894,9.348
STAGE_MODEL_CCT,1,28.930581392000022,9.864
STAGE_MODEL_CCT,1,28.980985302998306,9.864
STAGE_MODEL_CCT,1,29.03139916299915,10.086
STAGE_MODEL_CCT,1,29.0835992859993,10.305
STAGE_MODEL_CCT,1,29.13405385799888,10.305
STAGE_MODEL_CCT,1,29.18464081499951,8.844
STAGE_MODEL_CCT,1,29.235654387999602,8.844
STAGE_MODEL_CCT,1,29.286870676000035,10.629
STAGE_MODEL_CCT,1,29.337913120998564,10.629
STAGE_MODEL_CCT,1,29.389771742999073,13.141
STAGE_MODEL_CCT,1,29.44099825399826,13.141
STAGE_MODEL_CCT,1,29.492852690998916,10.23
STAGE_MODEL_CCT,1,29.543253204999928,9.802
STAGE_MODEL_CCT,1,29.598924929998248,9.802
STAGE_MODEL_CCT,1,29.649531257999115,10.241
STAGE_MODEL_CCT,1,29.700786850999066,10.241
STAGE_MODEL_CCT,1,29.752292015999046,10.546
STAGE_MODEL_CCT,1,29.802812022999206,10.546
STAGE_MODEL_CCT,1,29.85354914599884,10.918
STAGE_MODEL_CCT,1,29.90874028899998,9.309
STAGE_MODEL_CCT,1,29.95912414599843,9.309
BASELINE_IDLE,2,0.001524414999948931,4.2
BASELINE_IDLE,2,0.05339073499999358,4.094
BASELINE_IDLE,2,0.10558705900075438,3.538
BASELINE_IDLE,2,0.15725562599982368,3.538
BASELINE_IDLE,2,0.2089338450005016,3.385
BASELINE_IDLE,2,0.2609341940005834,2.287
BASELINE_IDLE,2,0.3125377390006179,1.746
BASELINE_IDLE,2,0.36436523699921963,1.746
BASELINE_IDLE,2,0.4158148530004837,1.524
BASELINE_IDLE,2,0.46731458400063275,1.532
BASELINE_IDLE,2,0.5188857480006845,1.581
BASELINE_IDLE,2,0.5742349939991982,1.68
BASELINE_IDLE,2,0.6258754400005273,1.696
BASELINE_IDLE,2,0.6773396169992338,1.713
BASELINE_IDLE,2,0.7288083019993792,1.592
BASELINE_IDLE,2,0.7806564370002889,1.896
BASELINE_IDLE,2,0.8323641480001243,1.574
BASELINE_IDLE,2,0.8846916460006469,1.958
BASELINE_IDLE,2,0.9367157050000969,1.532
BASELINE_IDLE,2,0.9888461779992213,1.532
BASELINE_IDLE,2,1.0411253809998016,1.608
BASELINE_IDLE,2,1.0927961479992518,1.608
BASELINE_IDLE,2,1.1444882590003544,2.225
BASELINE_IDLE,2,1.1966839710003114,2.225
BASELINE_IDLE,2,1.2482910069993522,1.641
BASELINE_IDLE,2,1.29975623899918,1.528
BASELINE_IDLE,2,1.3513876979995985,1.528
BASELINE_IDLE,2,1.402723232000426,1.585
BASELINE_IDLE,2,1.4541720760007593,1.585
BASELINE_IDLE,2,1.505513117999726,1.567
BASELINE_IDLE,2,1.5569991499996831,1.761
BASELINE_IDLE,2,1.6084725519995118,1.71
BASELINE_IDLE,2,1.660039983000388,1.552
BASELINE_IDLE,2,1.7117980849998276,1.552
BASELINE_IDLE,2,1.763226412000222,1.563
BASELINE_IDLE,2,1.8144417799994699,1.563
BASELINE_IDLE,2,1.8658308470003249,1.54
BASELINE_IDLE,2,1.9179802449998533,1.54
BASELINE_IDLE,2,1.969625730000189,1.578
BASELINE_IDLE,2,2.021746718999566,1.532
BASELINE_IDLE,2,2.073269698999866,2.215
BASELINE_IDLE,2,2.1252190670002165,1.583
BASELINE_IDLE,2,2.1764707429992995,1.583
BASELINE_IDLE,2,2.228123794999192,2.82
BASELINE_IDLE,2,2.279863948999264,2.82
BASELINE_IDLE,2,2.331226197000433,1.574
BASELINE_IDLE,2,2.3827289229993767,1.574
BASELINE_IDLE,2,2.4343023210003594,1.563
BASELINE_IDLE,2,2.4862922840002284,1.621
BASELINE_IDLE,2,2.538256107000052,1.693
BASELINE_IDLE,2,2.5895777080004336,1.659
BASELINE_IDLE,2,2.641210615000091,1.659
BASELINE_IDLE,2,2.6927896220004186,1.576
BASELINE_IDLE,2,2.744795898999655,1.587
BASELINE_IDLE,2,2.796762349000346,1.665
BASELINE_IDLE,2,2.8488066909994814,1.665
BASELINE_IDLE,2,2.900800512999922,1.578
BASELINE_IDLE,2,2.95229370800007,1.515
BASELINE_IDLE,2,3.0038426959999924,1.515
BASELINE_IDLE,2,3.055633903999478,1.77
BASELINE_IDLE,2,3.107818878999751,1.77
BASELINE_IDLE,2,3.159961724999448,1.569
BASELINE_IDLE,2,3.2116539969993028,1.569
BASELINE_IDLE,2,3.263138231999619,1.568
BASELINE_IDLE,2,3.3145882499993604,2.792
BASELINE_IDLE,2,3.36736842999926,2.792
BASELINE_IDLE,2,3.418909502999668,1.642
BASELINE_IDLE,2,3.470844109000609,1.642
BASELINE_IDLE,2,3.5225232089997007,1.862
BASELINE_IDLE,2,3.574053251000805,1.862
BASELINE_IDLE,2,3.6254894829999103,1.622
BASELINE_IDLE,2,3.67722918400068,1.507
BASELINE_IDLE,2,3.728603932999249,1.722
BASELINE_IDLE,2,3.780222567000237,1.605
BASELINE_IDLE,2,3.831813830000101,1.605
BASELINE_IDLE,2,3.8834551140007534,1.507
BASELINE_IDLE,2,3.935563159000594,1.618
BASELINE_IDLE,2,3.987608261999412,1.657
BASELINE_IDLE,2,4.038979798999208,1.504
BASELINE_IDLE,2,4.090492954999718,1.761
BASELINE_IDLE,2,4.1419977780005865,1.693
BASELINE_IDLE,2,4.19384306000029,1.693
BASELINE_IDLE,2,4.245240870999623,1.581
BASELINE_IDLE,2,4.296768500000326,1.581
BASELINE_IDLE,2,4.348362008999175,1.614
BASELINE_IDLE,2,4.399718376000237,1.614
BASELINE_IDLE,2,4.451260067000476,1.597
BASELINE_IDLE,2,4.502808519999235,2.629
BASELINE_IDLE,2,4.558035059000758,2.629
BASELINE_IDLE,2,4.609359661000781,2.02
BASELINE_IDLE,2,4.660920202000852,2.02
BASELINE_IDLE,2,4.7120961290002015,1.586
BASELINE_IDLE,2,4.7632355540008575,1.586
BASELINE_IDLE,2,4.81455826400088,1.752
BASELINE_IDLE,2,4.866017066000495,1.641
BASELINE_IDLE,2,4.917874937000306,1.566
BASELINE_IDLE,2,4.969580544000564,1.678
BASELINE_IDLE,2,5.021084093999889,1.675
BASELINE_IDLE,2,5.0724959390008735,1.673
BASELINE_IDLE,2,5.123766926000826,1.551
BASELINE_IDLE,2,5.175614783000128,1.804
BASELINE_IDLE,2,5.227979724999386,1.804
BASELINE_IDLE,2,5.279391973999736,1.586
BASELINE_IDLE,2,5.331151356000191,1.512
BASELINE_IDLE,2,5.3828896150007495,1.512
BASELINE_IDLE,2,5.4346762810000655,2.076
BASELINE_IDLE,2,5.487145199000224,2.076
BASELINE_IDLE,2,5.538658564999423,1.486
BASELINE_IDLE,2,5.590348436999193,1.486
BASELINE_IDLE,2,5.642025683999236,1.545
BASELINE_IDLE,2,5.693871302000844,1.545
BASELINE_IDLE,2,5.746027777999188,1.904
BASELINE_IDLE,2,5.79838562400073,1.904
BASELINE_IDLE,2,5.850026602000071,1.608
BASELINE_IDLE,2,5.902311747000567,1.608
BASELINE_IDLE,2,5.954566640999474,1.527
BASELINE_IDLE,2,6.006266570999287,1.527
BASELINE_IDLE,2,6.058561534000546,1.585
BASELINE_IDLE,2,6.109975883000516,1.585
BASELINE_IDLE,2,6.1617919050004275,1.55
BASELINE_IDLE,2,6.213275522000913,1.55
BASELINE_IDLE,2,6.265605750000759,1.635
BASELINE_IDLE,2,6.3171796900005575,1.514
BASELINE_IDLE,2,6.368449940000573,1.514
BASELINE_IDLE,2,6.420124689999284,1.547
BASELINE_IDLE,2,6.472301838000931,1.547
BASELINE_IDLE,2,6.523976507000043,1.736
BASELINE_IDLE,2,6.581912387999182,1.736
BASELINE_IDLE,2,6.6332978880000155,2.14
BASELINE_IDLE,2,6.6856095120001555,2.14
BASELINE_IDLE,2,6.737709054999868,1.479
BASELINE_IDLE,2,6.7900289299996075,1.479
BASELINE_IDLE,2,6.8416993400005595,2.148
BASELINE_IDLE,2,6.893424325000524,2.148
BASELINE_IDLE,2,6.945023086000219,1.581
BASELINE_IDLE,2,6.996699966999586,1.581
BASELINE_IDLE,2,7.048301328999514,1.551
BASELINE_IDLE,2,7.0998625840002205,1.551
BASELINE_IDLE,2,7.151427924000018,1.745
BASELINE_IDLE,2,7.205363072000182,1.745
BASELINE_IDLE,2,7.257426943999235,1.685
BASELINE_IDLE,2,7.309302882000338,1.685
BASELINE_IDLE,2,7.360503674999563,1.5
BASELINE_IDLE,2,7.412151085000005,1.631
BASELINE_IDLE,2,7.463727681000819,1.647
BASELINE_IDLE,2,7.515324881000197,1.647
BASELINE_IDLE,2,7.567115156,1.497
BASELINE_IDLE,2,7.619415217999631,1.532
BASELINE_IDLE,2,7.671888204000425,1.532
BASELINE_IDLE,2,7.723953976999837,1.469
BASELINE_IDLE,2,7.776019248000011,1.469
BASELINE_IDLE,2,7.827605055999811,1.555
BASELINE_IDLE,2,7.879108095999982,1.555
BASELINE_IDLE,2,7.930827292000686,2.715
BASELINE_IDLE,2,7.982751024999743,2.715
BASELINE_IDLE,2,8.034080154999174,1.589
BASELINE_IDLE,2,8.085678931000075,1.589
BASELINE_IDLE,2,8.13696177699967,1.499
BASELINE_IDLE,2,8.188437654000154,1.499
BASELINE_IDLE,2,8.239873554999576,1.59
BASELINE_IDLE,2,8.291251279999415,1.617
BASELINE_IDLE,2,8.34296956000071,1.617
BASELINE_IDLE,2,8.394247084999733,1.547
BASELINE_IDLE,2,8.445647750999342,1.543
BASELINE_IDLE,2,8.497137415000907,1.612
BASELINE_IDLE,2,8.549179700999957,1.612
BASELINE_IDLE,2,8.600493277999703,1.561
BASELINE_IDLE,2,8.651749475000543,1.522
BASELINE_IDLE,2,8.703008717000557,1.647
BASELINE_IDLE,2,8.754461128999537,1.542
BASELINE_IDLE,2,8.805653440000242,1.542
BASELINE_IDLE,2,8.85717892700086,1.475
BASELINE_IDLE,2,8.908693519000735,1.475
BASELINE_IDLE,2,8.959914585999286,1.53
BASELINE_IDLE,2,9.011416425000789,2.606
BASELINE_IDLE,2,9.069907785000396,2.606
BASELINE_IDLE,2,9.121378824000203,2.086
BASELINE_IDLE,2,9.172886227999697,2.086
BASELINE_IDLE,2,9.224250825000126,1.942
BASELINE_IDLE,2,9.275605662000089,1.942
BASELINE_IDLE,2,9.326742691000618,1.586
BASELINE_IDLE,2,9.378182300000844,1.586
BASELINE_IDLE,2,9.43011621900041,1.588
BASELINE_IDLE,2,9.481643455999802,1.528
BASELINE_IDLE,2,9.533498864999274,1.528
BASELINE_IDLE,2,9.584821331000057,1.509
BASELINE_IDLE,2,9.636282416999165,1.658
BASELINE_IDLE,2,9.687822624999171,1.648
BASELINE_IDLE,2,9.739311778999763,1.648
BASELINE_IDLE,2,9.790615267000248,1.519
BASELINE_IDLE,2,9.842074812000646,1.519
BASELINE_IDLE,2,9.893893782000305,1.556
BASELINE_IDLE,2,9.945262294000713,1.774
BASELINE_IDLE,2,9.997006764000616,1.774
BASELINE_IDLE,2,10.048731953000242,1.841
BASELINE_IDLE,2,10.100020522000705,1.841
BASELINE_IDLE,2,10.151545495000391,1.516
BASELINE_IDLE,2,10.203101951999997,1.516
BASELINE_IDLE,2,10.254558818000078,1.526
BASELINE_IDLE,2,10.305947258999367,1.472
BASELINE_IDLE,2,10.35744983999939,1.472
BASELINE_IDLE,2,10.409495619000154,1.549
BASELINE_IDLE,2,10.460941195000487,1.549
BASELINE_IDLE,2,10.512479561999498,1.699
BASELINE_IDLE,2,10.56755265799984,1.699
BASELINE_IDLE,2,10.619102348000524,1.642
BASELINE_IDLE,2,10.670655792999241,1.482
BASELINE_IDLE,2,10.722162551999645,1.645
BASELINE_IDLE,2,10.7738035830007,1.652
BASELINE_IDLE,2,10.825104097000803,1.652
BASELINE_IDLE,2,10.876895481000247,1.542
BASELINE_IDLE,2,10.928334423000706,1.762
BASELINE_IDLE,2,10.979477550999945,1.719
BASELINE_IDLE,2,11.0310626699993,1.581
BASELINE_IDLE,2,11.082577205999769,1.79
BASELINE_IDLE,2,11.134178812000755,1.868
BASELINE_IDLE,2,11.185549645999345,1.868
BASELINE_IDLE,2,11.23779312499937,2.279
BASELINE_IDLE,2,11.290279142000145,2.279
BASELINE_IDLE,2,11.342190654999285,2.721
BASELINE_IDLE,2,11.393735962999926,2.721
BASELINE_IDLE,2,11.44559482600016,2.275
BASELINE_IDLE,2,11.497062320999248,1.589
BASELINE_IDLE,2,11.548993633999999,1.785
BASELINE_IDLE,2,11.601093339999352,1.604
BASELINE_IDLE,2,11.652751613999499,1.801
BASELINE_IDLE,2,11.704342523000378,1.627
BASELINE_IDLE,2,11.756889755000884,1.591
BASELINE_IDLE,2,11.8092685240008,1.679
BASELINE_IDLE,2,11.864785443000073,1.739
BASELINE_IDLE,2,11.91634852000061,1.739
BASELINE_IDLE,2,11.967702611000277,1.56
BASELINE_IDLE,2,12.019767798999965,1.624
BASELINE_IDLE,2,12.071836717999759,1.727
BASELINE_IDLE,2,12.123907737999616,1.531
BASELINE_IDLE,2,12.175599673999386,1.867
BASELINE_IDLE,2,12.227240993999658,1.825
BASELINE_IDLE,2,12.279077175000566,1.825
BASELINE_IDLE,2,12.330411248000019,1.549
BASELINE_IDLE,2,12.382466095999916,1.549
BASELINE_IDLE,2,12.434080179000375,1.578
BASELINE_IDLE,2,12.485488383999837,1.578
BASELINE_IDLE,2,12.537278510999386,2.244
BASELINE_IDLE,2,12.588749635999193,2.244
BASELINE_IDLE,2,12.640300348999517,1.631
BASELINE_IDLE,2,12.692363681999268,1.508
BASELINE_IDLE,2,12.744477775000632,2.019
BASELINE_IDLE,2,12.795597664000525,1.686
BASELINE_IDLE,2,12.847173149999435,1.686
BASELINE_IDLE,2,12.898646562000067,1.724
BASELINE_IDLE,2,12.956968231999781,1.724
BASELINE_IDLE,2,13.008737738000491,1.623
BASELINE_IDLE,2,13.060339515999658,1.487
BASELINE_IDLE,2,13.111867822000931,1.67
BASELINE_IDLE,2,13.163403385000493,1.696
BASELINE_IDLE,2,13.215935677999369,1.696
BASELINE_IDLE,2,13.26797609300047,1.513
BASELINE_IDLE,2,13.319438029999219,1.623
BASELINE_IDLE,2,13.37100620199999,1.811
BASELINE_IDLE,2,13.422373052000694,1.501
BASELINE_IDLE,2,13.474201787999846,1.501
BASELINE_IDLE,2,13.525635145000706,1.574
BASELINE_IDLE,2,13.577226977000464,1.574
BASELINE_IDLE,2,13.629154452000876,2.678
BASELINE_IDLE,2,13.680744150000464,2.678
BASELINE_IDLE,2,13.732325255999967,1.667
BASELINE_IDLE,2,13.783823628000391,1.527
BASELINE_IDLE,2,13.835074763999728,1.527
BASELINE_IDLE,2,13.887213087000418,1.55
BASELINE_IDLE,2,13.939170924999416,1.649
BASELINE_IDLE,2,13.991133053999874,1.583
BASELINE_IDLE,2,14.042738874000861,1.721
BASELINE_IDLE,2,14.094198078999398,1.594
BASELINE_IDLE,2,14.145577023000442,1.594
BASELINE_IDLE,2,14.197402961999614,1.483
BASELINE_IDLE,2,14.249050545999125,1.618
BASELINE_IDLE,2,14.300488500000938,1.618
BASELINE_IDLE,2,14.352448274999915,1.522
BASELINE_IDLE,2,14.404078300000037,1.522
BASELINE_IDLE,2,14.455537556999843,1.576
BASELINE_IDLE,2,14.507036596000034,1.576
BASELINE_IDLE,2,14.55825225099943,1.508
BASELINE_IDLE,2,14.609681350000756,2.264
BASELINE_IDLE,2,14.661613100999602,2.264
BASELINE_IDLE,2,14.713140379000833,1.554
BASELINE_IDLE,2,14.76478739400045,1.554
BASELINE_IDLE,2,14.816908175000208,1.559
BASELINE_IDLE,2,14.868584716999976,1.559
BASELINE_IDLE,2,14.920220308000353,1.924
BASELINE_IDLE,2,14.972202405999269,1.924
STAGE_MODEL_INFER,2,0.0010975690001941985,1.602
STAGE_MODEL_INFER,2,0.05398315800084674,3.628
STAGE_MODEL_INFER,2,0.11242567900080758,5.616
STAGE_MODEL_INFER,2,0.1630747910003265,5.408
STAGE_MODEL_INFER,2,0.21361216200057243,5.408
STAGE_MODEL_INFER,2,0.2642684310012555,5.77
STAGE_MODEL_INFER,2,0.32801463400028297,18.115
STAGE_MODEL_INFER,2,0.37841911600116873,18.115
STAGE_MODEL_INFER,2,0.428798781000296,16.518
STAGE_MODEL_INFER,2,0.47991525799989176,16.518
STAGE_MODEL_INFER,2,0.5309740320008132,15.386
STAGE_MODEL_INFER,2,0.5815413060008723,15.386
STAGE_MODEL_INFER,2,0.631914522000443,11.598
STAGE_MODEL_INFER,2,0.6864372260006348,17.576
STAGE_MODEL_INFER,2,0.7368477350009925,17.576
STAGE_MODEL_INFER,2,0.7872426850008196,17.529
STAGE_MODEL_INFER,2,0.8376716460006719,17.529
STAGE_MODEL_INFER,2,0.8881606150007428,16.814
STAGE_MODEL_INFER,2,0.9387154830001236,16.814
STAGE_MODEL_INFER,2,0.9891227780008194,16.977
STAGE_MODEL_INFER,2,1.0395632480012864,16.977
STAGE_MODEL_INFER,2,1.0899938060010754,12.087
STAGE_MODEL_INFER,2,1.1413153810008225,12.087
STAGE_MODEL_INFER,2,1.1926311019997229,19.03
STAGE_MODEL_INFER,2,1.2436298909997276,15.432
STAGE_MODEL_INFER,2,1.2939900900000794,15.432
STAGE_MODEL_INFER,2,1.344614432000526,16.479
STAGE_MODEL_INFER,2,1.395057188001374,16.479
STAGE_MODEL_INFER,2,1.445477754001331,16.426
STAGE_MODEL_INFER,2,1.4966941800012137,16.426
STAGE_MODEL_INFER,2,1.5479491910009529,17.562
STAGE_MODEL_INFER,2,1.5984434060010244,17.562
STAGE_MODEL_INFER,2,1.6490487440005381,16.488
STAGE_MODEL_INFER,2,1.699471377000009,16.821
STAGE_MODEL_INFER,2,1.750091865000286,16.821
STAGE_MODEL_INFER,2,1.8007633730012458,15.066
STAGE_MODEL_INFER,2,1.851850781000394,15.066
STAGE_MODEL_INFER,2,1.9033496740012197,17.522
STAGE_MODEL_INFER,2,1.9536619030004658,17.522
STAGE_MODEL_INFER,2,2.004220164000799,16.51
STAGE_MODEL_INFER,2,2.0546475860010105,16.51
STAGE_MODEL_INFER,2,2.1052809089997027,16.858
STAGE_MODEL_INFER,2,2.155665817999761,15.716
STAGE_MODEL_INFER,2,2.206199826001466,15.716
STAGE_MODEL_INFER,2,2.256559242001458,14.628
STAGE_MODEL_INFER,2,2.307150530999934,14.628
STAGE_MODEL_INFER,2,2.3575731450000603,9.882
STAGE_MODEL_INFER,2,2.409111524000764,9.882
STAGE_MODEL_INFER,2,2.4603521050012205,10.302
STAGE_MODEL_INFER,2,2.5107927629996993,10.302
STAGE_MODEL_INFER,2,2.561229019000166,10.278
STAGE_MODEL_INFER,2,2.611612729000626,10.215
STAGE_MODEL_INFER,2,2.662118995000128,10.215
STAGE_MODEL_INFER,2,2.712595668001086,9.896
STAGE_MODEL_INFER,2,2.763145701001122,9.896
STAGE_MODEL_INFER,2,2.8136290070015093,9.461
STAGE_MODEL_INFER,2,2.8693464450007014,9.461
STAGE_MODEL_INFER,2,2.923614010000165,10.111
STAGE_MODEL_INFER,2,2.974035229000947,10.111
STAGE_MODEL_INFER,2,3.024423213000773,9.977
STAGE_MODEL_INFER,2,3.0748783990002266,9.598
STAGE_MODEL_INFER,2,3.125252884001384,9.598
STAGE_MODEL_INFER,2,3.1758070590003626,9.724
STAGE_MODEL_INFER,2,3.226305169000625,9.724
STAGE_MODEL_INFER,2,3.2767759620001016,9.801
STAGE_MODEL_INFER,2,3.327230929000507,9.801
STAGE_MODEL_INFER,2,3.377880672000174,9.808
STAGE_MODEL_INFER,2,3.439584576000925,8.154
STAGE_MODEL_INFER,2,3.490578472999914,8.154
STAGE_MODEL_INFER,2,3.5416646730009234,10.023
STAGE_MODEL_INFER,2,3.5921019590005017,10.023
STAGE_MODEL_INFER,2,3.642539234000651,10.044
STAGE_MODEL_INFER,2,3.6930182480009535,10.044
STAGE_MODEL_INFER,2,3.7434495220004464,9.925
STAGE_MODEL_INFER,2,3.793781153000964,9.925
STAGE_MODEL_INFER,2,3.8442203080012405,9.668
STAGE_MODEL_INFER,2,3.8945828410014656,9.74
STAGE_MODEL_INFER,2,3.944995638999899,9.74
STAGE_MODEL_INFER,2,3.9953673430009076,13.91
STAGE_MODEL_INFER,2,4.047377660001075,13.91
STAGE_MODEL_INFER,2,4.099309471999732,9.612
STAGE_MODEL_INFER,2,4.149932550000813,9.612
STAGE_MODEL_INFER,2,4.2003158910010825,5.91
STAGE_MODEL_INFER,2,4.251446023001336,5.91
STAGE_MODEL_INFER,2,4.302608830001191,10.157
STAGE_MODEL_INFER,2,4.353091228000267,10.141
STAGE_MODEL_INFER,2,4.4034684380003455,10.141
STAGE_MODEL_INFER,2,4.453957583000374,9.931
STAGE_MODEL_INFER,2,4.50452323799982,9.931
STAGE_MODEL_INFER,2,4.555060827000489,9.76
STAGE_MODEL_INFER,2,4.605569033001302,9.76
STAGE_MODEL_INFER,2,4.656017593000797,9.836
STAGE_MODEL_INFER,2,4.70655724900098,9.836
STAGE_MODEL_INFER,2,4.756899007999891,9.885
STAGE_MODEL_INFER,2,4.807303340001454,9.885
STAGE_MODEL_INFER,2,4.857718040000691,9.815
STAGE_MODEL_INFER,2,4.908196133001184,9.194
STAGE_MODEL_INFER,2,4.959366574999876,9.194
STAGE_MODEL_INFER,2,5.011808897999799,10.156
STAGE_MODEL_INFER,2,5.062166140000045,10.156
STAGE_MODEL_INFER,2,5.1125351050013705,10.166
STAGE_MODEL_INFER,2,5.162846784000067,10.166
STAGE_MODEL_INFER,2,5.213428642000508,9.93
STAGE_MODEL_INFER,2,5.2639999790008005,9.93
STAGE_MODEL_INFER,2,5.314488584999708,9.781
STAGE_MODEL_INFER,2,5.36505224100074,9.854
STAGE_MODEL_INFER,2,5.415638817001309,9.854
STAGE_MODEL_INFER,2,5.46613615500064,9.9
STAGE_MODEL_INFER,2,5.516815705001136,9.9
STAGE_MODEL_INFER,2,5.567244150000988,9.827
STAGE_MODEL_INFER,2,5.617796476000876,9.827
STAGE_MODEL_INFER,2,5.668233526999757,9.767
STAGE_MODEL_INFER,2,5.71871362300044,9.767
STAGE_MODEL_INFER,2,5.76931800300008,10.043
STAGE_MODEL_INFER,2,5.8207678079998,10.192
STAGE_MODEL_INFER,2,5.871211472000141,10.192
STAGE_MODEL_INFER,2,5.921738663000724,9.778
STAGE_MODEL_INFER,2,5.981699849000506,9.778
STAGE_MODEL_INFER,2,6.0328374190012255,9.424
STAGE_MODEL_INFER,2,6.083375984000668,9.424
STAGE_MODEL_INFER,2,6.133808947000944,9.775
STAGE_MODEL_INFER,2,6.184236626000711,13.936
STAGE_MODEL_INFER,2,6.2351595039999665,13.936
STAGE_MODEL_INFER,2,6.286189738000758,9.443
STAGE_MODEL_INFER,2,6.33658747499976,9.443
STAGE_MODEL_INFER,2,6.386929113001315,9.52
STAGE_MODEL_INFER,2,6.437340640000912,9.52
STAGE_MODEL_INFER,2,6.487671807000879,9.777
STAGE_MODEL_INFER,2,6.538151030001245,9.777
STAGE_MODEL_INFER,2,6.588693786001386,5.627
STAGE_MODEL_INFER,2,6.6406375160004245,9.9
STAGE_MODEL_INFER,2,6.692490168001314,9.506
STAGE_MODEL_INFER,2,6.744483862001289,9.758
STAGE_MODEL_INFER,2,6.798575960001472,9.932
STAGE_MODEL_INFER,2,6.849992614999792,10.565
STAGE_MODEL_INFER,2,6.9017889389997436,9.678
STAGE_MODEL_INFER,2,6.957779218000724,10.884
STAGE_MODEL_INFER,2,7.011332226000377,9.252
STAGE_MODEL_INFER,2,7.062487752000379,9.252
STAGE_MODEL_INFER,2,7.112894830001096,9.554
STAGE_MODEL_INFER,2,7.163255575000221,9.554
STAGE_MODEL_INFER,2,7.213741151999784,9.82
STAGE_MODEL_INFER,2,7.264201822999894,9.82
STAGE_MODEL_INFER,2,7.314538173000983,9.95
STAGE_MODEL_INFER,2,7.364896756000235,9.95
STAGE_MODEL_INFER,2,7.41530679600146,9.84
STAGE_MODEL_INFER,2,7.465711332000865,9.84
STAGE_MODEL_INFER,2,7.516242719000729,9.822
STAGE_MODEL_INFER,2,7.566694653000013,9.901
STAGE_MODEL_INFER,2,7.617197034000128,9.901
STAGE_MODEL_INFER,2,7.66755756800012,9.949
STAGE_MODEL_INFER,2,7.718009885000356,9.949
STAGE_MODEL_INFER,2,7.76843911800097,9.87
STAGE_MODEL_INFER,2,7.818871269000738,9.87
STAGE_MODEL_INFER,2,7.86937940900134,9.855
STAGE_MODEL_INFER,2,7.920065821001117,9.855
STAGE_MODEL_INFER,2,7.970519421000063,9.898
STAGE_MODEL_INFER,2,8.020937123001204,9.998
STAGE_MODEL_INFER,2,8.071300886000245,9.998
STAGE_MODEL_INFER,2,8.121736001001409,9.91
STAGE_MODEL_INFER,2,8.172113312000874,9.91
STAGE_MODEL_INFER,2,8.222495607000383,9.894
STAGE_MODEL_INFER,2,8.272938725000131,9.894
STAGE_MODEL_INFER,2,8.323254654000266,9.893
STAGE_MODEL_INFER,2,8.37369831199976,9.893
STAGE_MODEL_INFER,2,8.424050903000534,9.974
STAGE_MODEL_INFER,2,8.474459207000109,9.974
STAGE_MODEL_INFER,2,8.524836803000653,9.884
STAGE_MODEL_INFER,2,8.575250477000736,9.873
STAGE_MODEL_INFER,2,8.625659991999783,9.873
STAGE_MODEL_INFER,2,8.676074094000796,9.877
STAGE_MODEL_INFER,2,8.726392849001058,9.877
STAGE_MODEL_INFER,2,8.776920479000182,9.977
STAGE_MODEL_INFER,2,8.827356666000924,9.977
STAGE_MODEL_INFER,2,8.877920042999904,10.239
STAGE_MODEL_INFER,2,8.928917256000204,10.239
STAGE_MODEL_INFER,2,8.98100168700148,9.805
STAGE_MODEL_INFER,2,9.033651183000984,10.406
STAGE_MODEL_INFER,2,9.085192578000715,10.406
STAGE_MODEL_INFER,2,9.135631277000357,10.408
STAGE_MODEL_INFER,2,9.186327970001003,10.408
STAGE_MODEL_INFER,2,9.236856456000169,10.021
STAGE_MODEL_INFER,2,9.28722263200143,10.021
STAGE_MODEL_INFER,2,9.337665410001136,9.691
STAGE_MODEL_INFER,2,9.388880525000786,9.691
STAGE_MODEL_INFER,2,9.440132327001265,10.341
STAGE_MODEL_INFER,2,9.490579582999999,10.334
STAGE_MODEL_INFER,2,9.541033034000066,10.334
STAGE_MODEL_INFER,2,9.591391056999782,8.783
STAGE_MODEL_INFER,2,9.643116866000128,8.783
STAGE_MODEL_INFER,2,9.69553015100064,9.35
STAGE_MODEL_INFER,2,9.747862428001099,9.35
STAGE_MODEL_INFER,2,9.80238305400053,10.519
STAGE_MODEL_INFER,2,9.852734784000859,10.444
STAGE_MODEL_INFER,2,9.903133654001067,10.444
STAGE_MODEL_INFER,2,9.953583656000774,10.052
STAGE_MODEL_INFER,2,10.004001209001217,10.052
STAGE_MODEL_INFER,2,10.05435460300032,10.032
STAGE_MODEL_INFER,2,10.104868112000986,10.032
STAGE_MODEL_INFER,2,10.155304874000649,10.111
STAGE_MODEL_INFER,2,10.205786276001163,10.111
STAGE_MODEL_INFER,2,10.256337308999719,10.171
STAGE_MODEL_INFER,2,10.306992628000444,10.037
STAGE_MODEL_INFER,2,10.357498245000897,10.037
STAGE_MODEL_INFER,2,10.407942838000963,9.711
STAGE_MODEL_INFER,2,10.46019861700006,9.711
STAGE_MODEL_INFER,2,10.512612778000403,10.464
STAGE_MODEL_INFER,2,10.563188471000103,10.464
STAGE_MODEL_INFER,2,10.614083350999863,11.138
STAGE_MODEL_INFER,2,10.665530240001317,11.138
STAGE_MODEL_INFER,2,10.716671535001296,9.975
STAGE_MODEL_INFER,2,10.767119303000072,9.975
STAGE_MODEL_INFER,2,10.817689038000026,9.693
STAGE_MODEL_INFER,2,10.868186106999929,9.902
STAGE_MODEL_INFER,2,10.927257938001276,9.902
STAGE_MODEL_INFER,2,10.9777700249997,6.356
STAGE_MODEL_INFER,2,11.02896561200032,6.356
STAGE_MODEL_INFER,2,11.08029438900121,9.872
STAGE_MODEL_INFER,2,11.132470841001123,9.958
STAGE_MODEL_INFER,2,11.187001146001421,9.892
STAGE_MODEL_INFER,2,11.237416920001124,10.254
STAGE_MODEL_INFER,2,11.291037875000256,9.393
STAGE_MODEL_INFER,2,11.343955567001103,11.234
STAGE_MODEL_INFER,2,11.397938370000702,9.109
STAGE_MODEL_INFER,2,11.449116231000517,9.264
STAGE_MODEL_INFER,2,11.500261969000348,10.182
STAGE_MODEL_INFER,2,11.550789061000614,10.182
STAGE_MODEL_INFER,2,11.60125100300138,10.447
STAGE_MODEL_INFER,2,11.654465311999957,10.447
STAGE_MODEL_INFER,2,11.709358797999812,10.42
STAGE_MODEL_INFER,2,11.759796903999813,10.42
STAGE_MODEL_INFER,2,11.814336782001192,7.204
STAGE_MODEL_INFER,2,11.86556534400006,10.208
STAGE_MODEL_INFER,2,11.916109574000075,10.208
STAGE_MODEL_INFER,2,11.966446374000952,10.345
STAGE_MODEL_INFER,2,12.01768708200143,10.345
STAGE_MODEL_INFER,2,12.068196867001461,10.684
STAGE_MODEL_INFER,2,12.119424542999695,10.684
STAGE_MODEL_INFER,2,12.171374180001294,9.178
STAGE_MODEL_INFER,2,12.221795199000553,9.178
STAGE_MODEL_INFER,2,12.272238363000724,9.683
STAGE_MODEL_INFER,2,12.322543833000964,9.683
STAGE_MODEL_INFER,2,12.373040084001332,10.307
STAGE_MODEL_INFER,2,12.427286803000243,10.421
STAGE_MODEL_INFER,2,12.477711363000708,10.421
STAGE_MODEL_INFER,2,12.528111522000472,9.133
STAGE_MODEL_INFER,2,12.579294787001345,9.133
STAGE_MODEL_INFER,2,12.630629893999867,10.133
STAGE_MODEL_INFER,2,12.681127398000172,10.133
STAGE_MODEL_INFER,2,12.731875065999702,10.48
STAGE_MODEL_INFER,2,12.783007242000167,10.334
STAGE_MODEL_INFER,2,12.833662603001358,10.334
STAGE_MODEL_INFER,2,12.884117789000811,9.723
STAGE_MODEL_INFER,2,12.934483621000254,9.723
STAGE_MODEL_INFER,2,12.984891922000315,9.869
STAGE_MODEL_INFER,2,13.035276565000459,9.869
STAGE_MODEL_INFER,2,13.085769348999747,5.677
STAGE_MODEL_INFER,2,13.140092046000063,5.677
STAGE_MODEL_INFER,2,13.193646006000563,10.928
STAGE_MODEL_INFER,2,13.244029207000494,9.298
STAGE_MODEL_INFER,2,13.295215023999845,12.942
STAGE_MODEL_INFER,2,13.34621991000131,9.701
STAGE_MODEL_INFER,2,13.397357801000908,10.592
STAGE_MODEL_INFER,2,13.448432533999949,9.973
STAGE_MODEL_INFER,2,13.49941989800027,9.973
STAGE_MODEL_INFER,2,13.551337333999982,10.561
STAGE_MODEL_INFER,2,13.616499708001356,9.075
STAGE_MODEL_INFER,2,13.66766005000136,9.075
STAGE_MODEL_INFER,2,13.71920422400035,10.125
STAGE_MODEL_INFER,2,13.769837912001094,10.125
STAGE_MODEL_INFER,2,13.820460812999954,10.303
STAGE_MODEL_INFER,2,13.874145126999792,10.679
STAGE_MODEL_INFER,2,13.926296805000675,9.787
STAGE_MODEL_INFER,2,13.98258244400131,6.624
STAGE_MODEL_INFER,2,14.035411834000115,6.624
STAGE_MODEL_INFER,2,14.086962948000291,10.283
STAGE_MODEL_INFER,2,14.137361142000373,10.283
STAGE_MODEL_INFER,2,14.187717971000893,10.385
STAGE_MODEL_INFER,2,14.238174476000495,10.385
STAGE_MODEL_INFER,2,14.28847381200103,10.364
STAGE_MODEL_INFER,2,14.338930705000166,10.081
STAGE_MODEL_INFER,2,14.389452248000453,10.081
STAGE_MODEL_INFER,2,14.439902337000603,10.129
STAGE_MODEL_INFER,2,14.490328834001048,10.129
STAGE_MODEL_INFER,2,14.540754953000942,9.917
STAGE_MODEL_INFER,2,14.593664073001491,12.408
STAGE_MODEL_INFER,2,14.6455292440005,8.505
STAGE_MODEL_INFER,2,14.697804116000043,8.505
STAGE_MODEL_INFER,2,14.748927382001057,11.148
STAGE_MODEL_INFER,2,14.800490063000325,9.692
STAGE_MODEL_INFER,2,14.856700091000675,9.692
STAGE_MODEL_INFER,2,14.912268781999956,10.474
STAGE_MODEL_INFER,2,14.962663406000502,10.474
STAGE_MODEL_INFER,2,15.013073662001261,11.1
STAGE_MODEL_INFER,2,15.064253971000653,9.627
STAGE_MODEL_INFER,2,15.120116601001428,8.722
STAGE_MODEL_INFER,2,15.176064179000605,10.316
STAGE_MODEL_INFER,2,15.226506996001262,10.316
STAGE_MODEL_INFER,2,15.276782427001308,11.38
STAGE_MODEL_INFER,2,15.32779265499994,11.38
STAGE_MODEL_INFER,2,15.37883692700052,20.128
STAGE_MODEL_INFER,2,15.429886278001504,20.128
STAGE_MODEL_INFER,2,15.48102768300123,9.208
STAGE_MODEL_INFER,2,15.531466204000026,9.768
STAGE_MODEL_INFER,2,15.582177992000652,9.768
STAGE_MODEL_INFER,2,15.632789381999828,9.876
STAGE_MODEL_INFER,2,15.684061115000077,9.876
STAGE_MODEL_INFER,2,15.7351498980006,10.554
STAGE_MODEL_INFER,2,15.785809341999993,10.554
STAGE_MODEL_INFER,2,15.836282834001395,10.033
STAGE_MODEL_INFER,2,15.886604705001446,10.033
STAGE_MODEL_INFER,2,15.93711514700044,10.028
STAGE_MODEL_INFER,2,15.987434874001337,10.028
STAGE_MODEL_INFER,2,16.037971192999976,10.145
STAGE_MODEL_INFER,2,16.088486479000494,10.161
STAGE_MODEL_INFER,2,16.139122714999758,10.161
STAGE_MODEL_INFER,2,16.189532240001427,10.026
STAGE_MODEL_INFER,2,16.239928897000937,10.026
STAGE_MODEL_INFER,2,16.290414647000944,10.051
STAGE_MODEL_INFER,2,16.340950543000872,10.051
STAGE_MODEL_INFER,2,16.391584062999755,10.106
STAGE_MODEL_INFER,2,16.442051670999717,20.084
STAGE_MODEL_INFER,2,16.499797493999722,20.084
STAGE_MODEL_INFER,2,16.556206750001365,9.794
STAGE_MODEL_INFER,2,16.606658294000226,9.794
STAGE_MODEL_INFER,2,16.65717264399973,9.706
STAGE_MODEL_INFER,2,16.707731182001226,9.706
STAGE_MODEL_INFER,2,16.75821101300062,10.392
STAGE_MODEL_INFER,2,16.811601989000337,10.392
STAGE_MODEL_INFER,2,16.865311108000242,10.44
STAGE_MODEL_INFER,2,16.915793784000925,9.82
STAGE_MODEL_INFER,2,16.966366750000816,9.82
STAGE_MODEL_INFER,2,17.016740611001296,10.153
STAGE_MODEL_INFER,2,17.06846941600088,10.075
STAGE_MODEL_INFER,2,17.119522128001336,11.381
STAGE_MODEL_INFER,2,17.172307345001173,8.723
STAGE_MODEL_INFER,2,17.22337440299998,11.621
STAGE_MODEL_INFER,2,17.274427791000562,10.107
STAGE_MODEL_INFER,2,17.32604770299986,10.107
STAGE_MODEL_INFER,2,17.377490832001058,10.282
STAGE_MODEL_INFER,2,17.428073529001267,10.282
STAGE_MODEL_INFER,2,17.478520859000128,10.369
STAGE_MODEL_INFER,2,17.528986664001422,10.369
STAGE_MODEL_INFER,2,17.585245622000002,12.983
STAGE_MODEL_INFER,2,17.636469817000034,7.499
STAGE_MODEL_INFER,2,17.690663069000948,7.499
STAGE_MODEL_INFER,2,17.74209487600092,10.087
STAGE_MODEL_INFER,2,17.79252025200003,10.087
STAGE_MODEL_INFER,2,17.84298121000029,10.259
STAGE_MODEL_INFER,2,17.89346901099998,10.259
STAGE_MODEL_INFER,2,17.943960921000325,10.896
STAGE_MODEL_INFER,2,17.994972004000374,10.896
STAGE_MODEL_INFER,2,18.046351459001016,9.432
STAGE_MODEL_INFER,2,18.096739226000864,9.432
STAGE_MODEL_INFER,2,18.147168532999785,10.275
STAGE_MODEL_INFER,2,18.202895845000967,10.512
STAGE_MODEL_INFER,2,18.253794079000727,10.512
STAGE_MODEL_INFER,2,18.304364456000258,10.873
STAGE_MODEL_INFER,2,18.3553934749998,10.873
STAGE_MODEL_INFER,2,18.406408431999807,9.505
STAGE_MODEL_INFER,2,18.457006952001393,9.505
STAGE_MODEL_INFER,2,18.50753492700096,10.399
STAGE_MODEL_INFER,2,18.56279221600016,10.537
STAGE_MODEL_INFER,2,18.61333243500121,10.537
STAGE_MODEL_INFER,2,18.66389274500034,10.294
STAGE_MODEL_INFER,2,18.714426018001177,10.294
STAGE_MODEL_INFER,2,18.764809779000643,9.998
STAGE_MODEL_INFER,2,18.815260572000625,9.998
STAGE_MODEL_INFER,2,18.865693944000668,10.078
STAGE_MODEL_INFER,2,18.91635021500042,10.078
STAGE_MODEL_INFER,2,18.966851492999922,10.638
STAGE_MODEL_INFER,2,19.021809640000356,9.967
STAGE_MODEL_INFER,2,19.072272166000403,9.967
STAGE_MODEL_INFER,2,19.12260457100092,9.711
STAGE_MODEL_INFER,2,19.17313276999994,9.711
STAGE_MODEL_INFER,2,19.22356264300106,10.603
STAGE_MODEL_INFER,2,19.275539801999912,10.603
STAGE_MODEL_INFER,2,19.32767585900001,10.486
STAGE_MODEL_INFER,2,19.3781693180008,10.486
STAGE_MODEL_INFER,2,19.428560166999887,11.772
STAGE_MODEL_INFER,2,19.479871507001008,9.366
STAGE_MODEL_INFER,2,19.53025225700003,9.366
STAGE_MODEL_INFER,2,19.580739091001305,9.634
STAGE_MODEL_INFER,2,19.63120995800091,9.634
STAGE_MODEL_INFER,2,19.685086736000812,10.996
STAGE_MODEL_INFER,2,19.736112349000905,10.996
STAGE_MODEL_INFER,2,19.787417934001496,10.561
STAGE_MODEL_INFER,2,19.837771141999838,6.774
STAGE_MODEL_INFER,2,19.888883483001337,6.774
STAGE_MODEL_INFER,2,19.944287469999836,10.391
STAGE_MODEL_INFER,2,19.994697076001103,10.391
STAGE_MODEL_INFER,2,20.045225047000713,10.44
STAGE_MODEL_INFER,2,20.096027105000758,10.44
STAGE_MODEL_INFER,2,20.14649962400108,10.638
STAGE_MODEL_INFER,2,20.200692985001297,10.638
STAGE_MODEL_INFER,2,20.256092824000007,9.577
STAGE_MODEL_INFER,2,20.306535281000833,10.117
STAGE_MODEL_INFER,2,20.359435702001065,10.117
STAGE_MODEL_INFER,2,20.41546583300078,10.516
STAGE_MODEL_INFER,2,20.466110949000722,10.516
STAGE_MODEL_INFER,2,20.516652080001222,10.242
STAGE_MODEL_INFER,2,20.56707299000118,10.242
STAGE_MODEL_INFER,2,20.617570902000807,10.205
STAGE_MODEL_INFER,2,20.66945471800136,9.717
STAGE_MODEL_INFER,2,20.720073639000475,9.717
STAGE_MODEL_INFER,2,20.770617169000616,10.097
STAGE_MODEL_INFER,2,20.82112177199997,10.097
STAGE_MODEL_INFER,2,20.871621756001332,10.267
STAGE_MODEL_INFER,2,20.92200316799972,10.267
STAGE_MODEL_INFER,2,20.972417382999993,10.1
STAGE_MODEL_INFER,2,21.022744097999748,10.1
STAGE_MODEL_INFER,2,21.07319179499973,10.086
STAGE_MODEL_INFER,2,21.123581277000994,10.14
STAGE_MODEL_INFER,2,21.17408428300041,10.14
STAGE_MODEL_INFER,2,21.224477421999836,10.751
STAGE_MODEL_INFER,2,21.276726141000836,10.751
STAGE_MODEL_INFER,2,21.328838950001227,9.415
STAGE_MODEL_INFER,2,21.37930912400043,9.415
STAGE_MODEL_INFER,2,21.429912405001232,9.889
STAGE_MODEL_INFER,2,21.485183104001408,9.889
STAGE_MODEL_INFER,2,21.535589396000432,8.859
STAGE_MODEL_INFER,2,21.59065492100126,11.107
STAGE_MODEL_INFER,2,21.64180758400107,11.107
STAGE_MODEL_INFER,2,21.69294047100084,9.385
STAGE_MODEL_INFER,2,21.743289158001062,9.385
STAGE_MODEL_INFER,2,21.79360934000033,10.695
STAGE_MODEL_INFER,2,21.847215933999905,9.632
STAGE_MODEL_INFER,2,21.898876696001025,14.44
STAGE_MODEL_INFER,2,21.952836816000854,9.909
STAGE_MODEL_INFER,2,22.003447885999776,9.909
STAGE_MODEL_INFER,2,22.0539558090004,9.675
STAGE_MODEL_INFER,2,22.10445482599971,9.675
STAGE_MODEL_INFER,2,22.15492756599997,5.796
STAGE_MODEL_INFER,2,22.20822572600082,5.796
STAGE_MODEL_INFER,2,22.261965266001425,10.796
STAGE_MODEL_INFER,2,22.312423662000583,10.613
STAGE_MODEL_INFER,2,22.369499350001206,10.613
STAGE_MODEL_INFER,2,22.423432327001137,9.482
STAGE_MODEL_INFER,2,22.473907568000868,9.482
STAGE_MODEL_INFER,2,22.52439188199969,9.975
STAGE_MODEL_INFER,2,22.574842379000984,9.975
STAGE_MODEL_INFER,2,22.62519704999977,10.145
STAGE_MODEL_INFER,2,22.67570379600147,10.145
STAGE_MODEL_INFER,2,22.72611289500128,10.092
STAGE_MODEL_INFER,2,22.776538145000814,9.96
STAGE_MODEL_INFER,2,22.82690211100089,9.96
STAGE_MODEL_INFER,2,22.877469413000654,10.041
STAGE_MODEL_INFER,2,22.927951219000533,10.041
STAGE_MODEL_INFER,2,22.978736326000217,10.098
STAGE_MODEL_INFER,2,23.02935852200062,10.098
STAGE_MODEL_INFER,2,23.079937303000406,10.144
STAGE_MODEL_INFER,2,23.130480850000822,10.144
STAGE_MODEL_INFER,2,23.18105427900082,10.174
STAGE_MODEL_INFER,2,23.231710440000825,10.174
STAGE_MODEL_INFER,2,23.28218468600062,10.193
STAGE_MODEL_INFER,2,23.33282276400132,10.193
STAGE_MODEL_INFER,2,23.38348383199991,10.211
STAGE_MODEL_INFER,2,23.434153574000447,10.211
STAGE_MODEL_INFER,2,23.484694933000355,10.293
STAGE_MODEL_INFER,2,23.535260612001366,10.293
STAGE_MODEL_INFER,2,23.585809139000048,10.286
STAGE_MODEL_INFER,2,23.636334785000145,10.286
STAGE_MODEL_INFER,2,23.68697560000146,10.771
STAGE_MODEL_INFER,2,23.739681142000336,10.771
STAGE_MODEL_INFER,2,23.79103526900144,10.42
STAGE_MODEL_INFER,2,23.851238745000956,10.42
STAGE_MODEL_INFER,2,23.901880823001193,10.901
STAGE_MODEL_INFER,2,23.95668854300129,10.427
STAGE_MODEL_INFER,2,24.007250970000314,10.427
STAGE_MODEL_INFER,2,24.057761248001043,10.422
STAGE_MODEL_INFER,2,24.10838839400094,10.422
STAGE_MODEL_INFER,2,24.159037220000755,10.42
STAGE_MODEL_INFER,2,24.20966345800116,10.42
STAGE_MODEL_INFER,2,24.260045779999928,10.423
STAGE_MODEL_INFER,2,24.31056189999981,10.423
STAGE_MODEL_INFER,2,24.36121682800149,10.43
STAGE_MODEL_INFER,2,24.41175214299983,10.43
STAGE_MODEL_INFER,2,24.462429731000157,10.443
STAGE_MODEL_INFER,2,24.513104728001053,10.443
STAGE_MODEL_INFER,2,24.563612006000767,10.448
STAGE_MODEL_INFER,2,24.61423763700077,10.448
STAGE_MODEL_INFER,2,24.664883348999865,10.457
STAGE_MODEL_INFER,2,24.715601339001296,10.457
STAGE_MODEL_INFER,2,24.766304552000292,10.462
STAGE_MODEL_INFER,2,24.816994269000133,10.462
STAGE_MODEL_INFER,2,24.86753380600021,11.431
STAGE_MODEL_INFER,2,24.919183238000187,11.431
STAGE_MODEL_INFER,2,24.971315951999713,10.498
STAGE_MODEL_INFER,2,25.02177020199997,10.498
STAGE_MODEL_INFER,2,25.072234757000842,10.19
STAGE_MODEL_INFER,2,25.122773291001067,10.19
STAGE_MODEL_INFER,2,25.17322247100128,9.921
STAGE_MODEL_INFER,2,25.223693096000716,9.921
STAGE_MODEL_INFER,2,25.274128506000125,10.038
STAGE_MODEL_INFER,2,25.324702762000015,10.109
STAGE_MODEL_INFER,2,25.375315287001285,10.109
STAGE_MODEL_INFER,2,25.425764503999744,10.055
STAGE_MODEL_INFER,2,25.476195750999977,10.055
STAGE_MODEL_INFER,2,25.526752689000205,9.957
STAGE_MODEL_INFER,2,25.577387761000864,9.957
STAGE_MODEL_INFER,2,25.627976558000228,10.015
STAGE_MODEL_INFER,2,25.678446489000635,10.015
STAGE_MODEL_INFER,2,25.72891204500047,10.064
STAGE_MODEL_INFER,2,25.779474081000444,10.033
STAGE_MODEL_INFER,2,25.830125567001232,10.033
STAGE_MODEL_INFER,2,25.88077536000128,9.983
STAGE_MODEL_INFER,2,25.931335052000577,9.983
STAGE_MODEL_INFER,2,25.98224756200034,9.986
STAGE_MODEL_INFER,2,26.03284625500055,9.986
STAGE_MODEL_INFER,2,26.083453590999852,10.041
STAGE_MODEL_INFER,2,26.134129355999903,10.041
STAGE_MODEL_INFER,2,26.18468949900125,10.088
STAGE_MODEL_INFER,2,26.235070788001394,10.088
STAGE_MODEL_INFER,2,26.285522138001397,9.974
STAGE_MODEL_INFER,2,26.335868631000267,10.027
STAGE_MODEL_INFER,2,26.38700602100107,10.027
STAGE_MODEL_INFER,2,26.438077077000344,10.566
STAGE_MODEL_INFER,2,26.488441137000336,10.566
STAGE_MODEL_INFER,2,26.538808950001112,11.27
STAGE_MODEL_INFER,2,26.59124451000025,10.045
STAGE_MODEL_INFER,2,26.642519865001304,9.12
STAGE_MODEL_INFER,2,26.6941763850009,10.744
STAGE_MODEL_INFER,2,26.750721043999874,10.744
STAGE_MODEL_INFER,2,26.802207007000106,16.823
STAGE_MODEL_INFER,2,26.85365836300116,16.823
STAGE_MODEL_INFER,2,26.9058777980008,9.791
STAGE_MODEL_INFER,2,26.956365099000323,9.791
STAGE_MODEL_INFER,2,27.006922434000444,9.715
STAGE_MODEL_INFER,2,27.057706891000635,9.715
STAGE_MODEL_INFER,2,27.10827513700133,10.556
STAGE_MODEL_INFER,2,27.161066345001018,10.527
STAGE_MODEL_INFER,2,27.2114708170011,10.527
STAGE_MODEL_INFER,2,27.262119106000682,10.623
STAGE_MODEL_INFER,2,27.31335977100025,10.623
STAGE_MODEL_INFER,2,27.36470480800017,9.652
STAGE_MODEL_INFER,2,27.41530382000019,9.652
STAGE_MODEL_INFER,2,27.465768631000174,10.083
STAGE_MODEL_INFER,2,27.516269970001304,10.083
STAGE_MODEL_INFER,2,27.566620075000174,9.062
STAGE_MODEL_INFER,2,27.62367048499982,11.3
STAGE_MODEL_INFER,2,27.674977591999777,11.3
STAGE_MODEL_INFER,2,27.726001867000377,9.561
STAGE_MODEL_INFER,2,27.776371944000857,9.561
STAGE_MODEL_INFER,2,27.82684861800044,11.294
STAGE_MODEL_INFER,2,27.882319035001274,11.294
STAGE_MODEL_INFER,2,27.937650930000018,10.401
STAGE_MODEL_INFER,2,27.988077120000526,10.224
STAGE_MODEL_INFER,2,28.038546313000552,10.224
STAGE_MODEL_INFER,2,28.08891671499987,19.018
STAGE_MODEL_INFER,2,28.139979761001086,19.018
STAGE_MODEL_INFER,2,28.191903187000207,9.702
STAGE_MODEL_INFER,2,28.24248356300086,9.702
STAGE_MODEL_INFER,2,28.29297477,10.135
STAGE_MODEL_INFER,2,28.34344522399988,10.668
STAGE_MODEL_INFER,2,28.39446359700014,9.151
STAGE_MODEL_INFER,2,28.446509111001433,10.093
STAGE_MODEL_INFER,2,28.499555737000264,10.093
STAGE_MODEL_INFER,2,28.553680595001424,10.58
STAGE_MODEL_INFER,2,28.604159461001473,10.58
STAGE_MODEL_INFER,2,28.65448815200034,10.567
STAGE_MODEL_INFER,2,28.70542965400091,10.567
STAGE_MODEL_INFER,2,28.75586023700089,11.136
STAGE_MODEL_INFER,2,28.808006492999993,9.694
STAGE_MODEL_INFER,2,28.858612530000755,9.694
STAGE_MODEL_INFER,2,28.909187109000413,10.814
STAGE_MODEL_INFER,2,28.963934088000315,10.814
STAGE_MODEL_INFER,2,29.020205916000123,10.445
STAGE_MODEL_INFER,2,29.070660546,10.445
STAGE_MODEL_INFER,2,29.121183467001174,10.33
STAGE_MODEL_INFER,2,29.171750667001106,10.33
STAGE_MODEL_INFER,2,29.222350092000852,10.049
STAGE_MODEL_INFER,2,29.272757431001082,10.096
STAGE_MODEL_INFER,2,29.3231349530015,10.096
STAGE_MODEL_INFER,2,29.37355872599983,10.174
STAGE_MODEL_INFER,2,29.423905108000326,10.174
STAGE_MODEL_INFER,2,29.47426354399977,10.188
STAGE_MODEL_INFER,2,29.52472534499975,10.188
STAGE_MODEL_INFER,2,29.575210210001387,10.225
STAGE_MODEL_INFER,2,29.626437875000192,10.543
STAGE_MODEL_INFER,2,29.676886564000597,10.543
STAGE_MODEL_INFER,2,29.727610087000357,11.754
STAGE_MODEL_INFER,2,29.78194764700129,11.754
STAGE_MODEL_INFER,2,29.837425992000135,9.687
STAGE_MODEL_INFER,2,29.887874908999947,9.687
STAGE_MODEL_INFER,2,29.938393006001206,10.412
STAGE_MODEL_INFER,2,29.989454432001367,10.412
STAGE_MODEL_CCT,2,0.002844265000021551,10.548
STAGE_MODEL_CCT,2,0.053482517001611996,9.154
STAGE_MODEL_CCT,2,0.10392535200116981,9.154
STAGE_MODEL_CCT,2,0.15441872400151624,5.846
STAGE_MODEL_CCT,2,0.20723079500021413,5.846
STAGE_MODEL_CCT,2,0.26071015300112776,10.214
STAGE_MODEL_CCT,2,0.31131618000108574,10.214
STAGE_MODEL_CCT,2,0.3617214370005968,10.383
STAGE_MODEL_CCT,2,0.4122274290002679,10.383
STAGE_MODEL_CCT,2,0.46273743600067974,10.277
STAGE_MODEL_CCT,2,0.5131906960014021,9.899
STAGE_MODEL_CCT,2,0.5643613930005813,9.899
STAGE_MODEL_CCT,2,0.6164181450003525,10.54
STAGE_MODEL_CCT,2,0.6668089009999676,10.54
STAGE_MODEL_CCT,2,0.717309727000611,10.53
STAGE_MODEL_CCT,2,0.7677799620014412,10.53
STAGE_MODEL_CCT,2,0.818248849000156,10.162
STAGE_MODEL_CCT,2,0.8687478400006512,9.585
STAGE_MODEL_CCT,2,0.9254615210011252,9.585
STAGE_MODEL_CCT,2,0.9791809180005657,10.585
STAGE_MODEL_CCT,2,1.0295324670005357,10.585
STAGE_MODEL_CCT,2,1.0819190900001558,11.02
STAGE_MODEL_CCT,2,1.1331449110002723,11.02
STAGE_MODEL_CCT,2,1.184284168000886,9.804
STAGE_MODEL_CCT,2,1.2347154920007597,5.821
STAGE_MODEL_CCT,2,1.2856712720003998,5.821
STAGE_MODEL_CCT,2,1.339608460000818,5.823
STAGE_MODEL_CCT,2,1.3907321760016202,5.823
STAGE_MODEL_CCT,2,1.4480211000009149,11.199
STAGE_MODEL_CCT,2,1.4984740039999451,11.199
STAGE_MODEL_CCT,2,1.5489360179999494,11.575
STAGE_MODEL_CCT,2,1.6004791100003786,9.741
STAGE_MODEL_CCT,2,1.651489769001273,9.741
STAGE_MODEL_CCT,2,1.702481030000854,10.459
STAGE_MODEL_CCT,2,1.7529005410015088,10.459
STAGE_MODEL_CCT,2,1.8033229920001759,10.466
STAGE_MODEL_CCT,2,1.8537283969999407,10.466
STAGE_MODEL_CCT,2,1.904142805000447,10.222
STAGE_MODEL_CCT,2,1.9552158580008836,10.222
STAGE_MODEL_CCT,2,2.007489952000469,10.125
STAGE_MODEL_CCT,2,2.057792737999989,10.125
STAGE_MODEL_CCT,2,2.1083133299998735,10.433
STAGE_MODEL_CCT,2,2.1592788320012914,11.405
STAGE_MODEL_CCT,2,2.210277528000006,11.405
STAGE_MODEL_CCT,2,2.26132477200008,9.666
STAGE_MODEL_CCT,2,2.3117276240009232,9.666
STAGE_MODEL_CCT,2,2.3639737210014573,5.723
STAGE_MODEL_CCT,2,2.415002622999964,5.723
STAGE_MODEL_CCT,2,2.4661956770014513,10.522
STAGE_MODEL_CCT,2,2.5167426420011907,10.535
STAGE_MODEL_CCT,2,2.5671655149999424,10.535
STAGE_MODEL_CCT,2,2.6177690060012537,10.109
STAGE_MODEL_CCT,2,2.668203147000895,10.109
STAGE_MODEL_CCT,2,2.7185508820002724,10.128
STAGE_MODEL_CCT,2,2.769093911001619,10.128
STAGE_MODEL_CCT,2,2.819440779001525,10.007
STAGE_MODEL_CCT,2,2.873213962000591,10.007
STAGE_MODEL_CCT,2,2.927357281001605,10.518
STAGE_MODEL_CCT,2,2.9776813370008313,9.029
STAGE_MODEL_CCT,2,3.029066805000184,9.029
STAGE_MODEL_CCT,2,3.080090696001207,10.185
STAGE_MODEL_CCT,2,3.1304522290010937,10.185
STAGE_MODEL_CCT,2,3.1811495930014644,9.706
STAGE_MODEL_CCT,2,3.234117433999927,9.706
STAGE_MODEL_CCT,2,3.290300600001501,10.526
STAGE_MODEL_CCT,2,3.3409412660003,10.526
STAGE_MODEL_CCT,2,3.391326998000295,6.927
STAGE_MODEL_CCT,2,3.4425348400000075,10.231
STAGE_MODEL_CCT,2,3.4928913319999992,10.231
STAGE_MODEL_CCT,2,3.543361354000808,10.39
STAGE_MODEL_CCT,2,3.5937185270013288,10.39
STAGE_MODEL_CCT,2,3.6441930460005096,10.429
STAGE_MODEL_CCT,2,3.6945411510005215,10.429
STAGE_MODEL_CCT,2,3.744953144001556,10.124
STAGE_MODEL_CCT,2,3.7953467610004736,10.124
STAGE_MODEL_CCT,2,3.845779171000686,10.133
STAGE_MODEL_CCT,2,3.8969537480006693,10.195
STAGE_MODEL_CCT,2,3.9474987170015083,10.195
STAGE_MODEL_CCT,2,3.997992406000776,10.333
STAGE_MODEL_CCT,2,4.055279242000324,9.252
STAGE_MODEL_CCT,2,4.1079460910004855,9.236
STAGE_MODEL_CCT,2,4.161734597000759,9.236
STAGE_MODEL_CCT,2,4.217384458001106,10.176
STAGE_MODEL_CCT,2,4.2678686750005,10.151
STAGE_MODEL_CCT,2,4.321360949999871,10.151
STAGE_MODEL_CCT,2,4.376388106000377,10.502
STAGE_MODEL_CCT,2,4.4267562800014275,10.502
STAGE_MODEL_CCT,2,4.477275296001608,6.543
STAGE_MODEL_CCT,2,4.528432163000616,11.305
STAGE_MODEL_CCT,2,4.579743172000235,6.124
STAGE_MODEL_CCT,2,4.631523107000248,10.589
STAGE_MODEL_CCT,2,4.682139062000715,10.589
STAGE_MODEL_CCT,2,4.7325817170003575,16.043
STAGE_MODEL_CCT,2,4.783728730000803,16.043
STAGE_MODEL_CCT,2,4.834951099001046,9.24
STAGE_MODEL_CCT,2,4.885444275001646,9.24
STAGE_MODEL_CCT,2,4.936016731000564,9.763
STAGE_MODEL_CCT,2,4.986485646000801,9.763
STAGE_MODEL_CCT,2,5.03693370900146,10.21
STAGE_MODEL_CCT,2,5.093658533000053,10.303
STAGE_MODEL_CCT,2,5.144294105000881,10.303
STAGE_MODEL_CCT,2,5.194755281001562,9.926
STAGE_MODEL_CCT,2,5.245267154999965,9.926
STAGE_MODEL_CCT,2,5.295683651000218,10.024
STAGE_MODEL_CCT,2,5.346021654000651,10.024
STAGE_MODEL_CCT,2,5.3964155160010705,10.029
STAGE_MODEL_CCT,2,5.4485906250010885,10.624
STAGE_MODEL_CCT,2,5.499669505001293,10.624
STAGE_MODEL_CCT,2,5.552059753001231,8.192
STAGE_MODEL_CCT,2,5.6033197450014995,8.192
STAGE_MODEL_CCT,2,5.654704770000535,9.641
STAGE_MODEL_CCT,2,5.70503887599989,9.641
STAGE_MODEL_CCT,2,5.755360787001337,10.022
STAGE_MODEL_CCT,2,5.8057014900005015,10.022
STAGE_MODEL_CCT,2,5.856202916000257,19.804
STAGE_MODEL_CCT,2,5.907348445000025,9.228
STAGE_MODEL_CCT,2,5.95881383699998,9.187
STAGE_MODEL_CCT,2,6.0093801980001444,9.724
STAGE_MODEL_CCT,2,6.060814655000286,9.724
STAGE_MODEL_CCT,2,6.111201291001635,10.802
STAGE_MODEL_CCT,2,6.162248386001011,10.802
STAGE_MODEL_CCT,2,6.214017484000578,10.304
STAGE_MODEL_CCT,2,6.264501384001051,10.304
STAGE_MODEL_CCT,2,6.314939158000925,9.756
STAGE_MODEL_CCT,2,6.365335968001091,9.756
STAGE_MODEL_CCT,2,6.415783381000438,9.971
STAGE_MODEL_CCT,2,6.466186313000435,11.476
STAGE_MODEL_CCT,2,6.520226268999977,9.606
STAGE_MODEL_CCT,2,6.571166186000482,11.466
STAGE_MODEL_CCT,2,6.625402263000069,11.466
STAGE_MODEL_CCT,2,6.681198747000963,9.31
STAGE_MODEL_CCT,2,6.731556622000426,9.31
STAGE_MODEL_CCT,2,6.781922412999847,10.799
STAGE_MODEL_CCT,2,6.833086448001268,12.724
STAGE_MODEL_CCT,2,6.8899838920006005,12.724
STAGE_MODEL_CCT,2,6.944694675999926,10.36
STAGE_MODEL_CCT,2,6.994970822001051,10.36
STAGE_MODEL_CCT,2,7.045304441000553,18.885
STAGE_MODEL_CCT,2,7.096218137001415,18.885
STAGE_MODEL_CCT,2,7.147164727000927,10.097
STAGE_MODEL_CCT,2,7.197544523000033,10.345
STAGE_MODEL_CCT,2,7.24788859399996,10.345
STAGE_MODEL_CCT,2,7.298289108000972,11.075
STAGE_MODEL_CCT,2,7.354417862001355,11.075
STAGE_MODEL_CCT,2,7.405494598000587,9.3
STAGE_MODEL_CCT,2,7.464539821001381,9.3
STAGE_MODEL_CCT,2,7.5149481980006385,10.167
STAGE_MODEL_CCT,2,7.566188021000926,10.406
STAGE_MODEL_CCT,2,7.6165570260000095,10.406
STAGE_MODEL_CCT,2,7.6670071900007315,10.464
STAGE_MODEL_CCT,2,7.71745493400158,10.464
STAGE_MODEL_CCT,2,7.76777812399996,10.183
STAGE_MODEL_CCT,2,7.818163321000611,10.183
STAGE_MODEL_CCT,2,7.868569261001539,10.088
STAGE_MODEL_CCT,2,7.918946101000984,10.088
STAGE_MODEL_CCT,2,7.969374908001555,10.151
STAGE_MODEL_CCT,2,8.019754824001211,10.239
STAGE_MODEL_CCT,2,8.070188132000112,10.239
STAGE_MODEL_CCT,2,8.120603246999963,10.125
STAGE_MODEL_CCT,2,8.170967670001119,10.125
STAGE_MODEL_CCT,2,8.221421187001397,10.082
STAGE_MODEL_CCT,2,8.271797682000397,10.082
STAGE_MODEL_CCT,2,8.32221486400158,10.114
STAGE_MODEL_CCT,2,8.372675860000527,10.114
STAGE_MODEL_CCT,2,8.42289701700065,10.156
STAGE_MODEL_CCT,2,8.47343749600077,10.156
STAGE_MODEL_CCT,2,8.523858545000621,10.094
STAGE_MODEL_CCT,2,8.574229427000319,10.07
STAGE_MODEL_CCT,2,8.624652298,10.07
STAGE_MODEL_CCT,2,8.675000169001578,10.069
STAGE_MODEL_CCT,2,8.725337733001652,10.069
STAGE_MODEL_CCT,2,8.775751715000297,10.134
STAGE_MODEL_CCT,2,8.826251563001279,10.134
STAGE_MODEL_CCT,2,8.876625927001442,10.091
STAGE_MODEL_CCT,2,8.927070376001211,10.091
STAGE_MODEL_CCT,2,8.97761205900133,10.068
STAGE_MODEL_CCT,2,9.027939516001425,10.049
STAGE_MODEL_CCT,2,9.078291647001606,10.049
STAGE_MODEL_CCT,2,9.128607010999986,10.129
STAGE_MODEL_CCT,2,9.179017614000259,10.129
STAGE_MODEL_CCT,2,9.229386575001627,10.094
STAGE_MODEL_CCT,2,9.27981690300112,10.094
STAGE_MODEL_CCT,2,9.330293075001464,10.079
STAGE_MODEL_CCT,2,9.380721716001062,10.079
STAGE_MODEL_CCT,2,9.431196726000053,10.07
STAGE_MODEL_CCT,2,9.481698572000823,10.07
STAGE_MODEL_CCT,2,9.532109024001329,10.138
STAGE_MODEL_CCT,2,9.582643304000158,10.018
STAGE_MODEL_CCT,2,9.63300705200163,10.018
STAGE_MODEL_CCT,2,9.683484113000304,10.274
STAGE_MODEL_CCT,2,9.735778525000569,10.274
STAGE_MODEL_CCT,2,9.791450192000411,10.444
STAGE_MODEL_CCT,2,9.841947124999933,10.444
STAGE_MODEL_CCT,2,9.892344739000691,10.497
STAGE_MODEL_CCT,2,9.942897931001426,10.069
STAGE_MODEL_CCT,2,9.993269841001165,10.069
STAGE_MODEL_CCT,2,10.043724384000598,10.052
STAGE_MODEL_CCT,2,10.094050097000945,10.052
STAGE_MODEL_CCT,2,10.144451774000117,10.143
STAGE_MODEL_CCT,2,10.194899959000395,10.143
STAGE_MODEL_CCT,2,10.245307907000097,16.438
STAGE_MODEL_CCT,2,10.29896515100154,16.438
STAGE_MODEL_CCT,2,10.355053826000585,20.109
STAGE_MODEL_CCT,2,10.408170272999996,9.548
STAGE_MODEL_CCT,2,10.458553305999885,9.548
STAGE_MODEL_CCT,2,10.508960057000877,10.055
STAGE_MODEL_CCT,2,10.559935242999927,10.055
STAGE_MODEL_CCT,2,10.610419240001647,10.999
STAGE_MODEL_CCT,2,10.661619237000195,10.999
STAGE_MODEL_CCT,2,10.713404400999934,9.41
STAGE_MODEL_CCT,2,10.7638298890015,9.948
STAGE_MODEL_CCT,2,10.814423634001287,9.948
STAGE_MODEL_CCT,2,10.864854864001245,10.135
STAGE_MODEL_CCT,2,10.915395347001322,10.135
STAGE_MODEL_CCT,2,10.965908056999979,10.138
STAGE_MODEL_CCT,2,11.016490968000653,10.138
STAGE_MODEL_CCT,2,11.067301078001037,10.006
STAGE_MODEL_CCT,2,11.117785966000156,10.006
STAGE_MODEL_CCT,2,11.168202883000049,11.283
STAGE_MODEL_CCT,2,11.220236275001298,11.283
STAGE_MODEL_CCT,2,11.27328265200049,10.47
STAGE_MODEL_CCT,2,11.323792171000605,10.349
STAGE_MODEL_CCT,2,11.374444848001076,10.349
STAGE_MODEL_CCT,2,11.424851581001349,18.732
STAGE_MODEL_CCT,2,11.476067135001358,18.732
STAGE_MODEL_CCT,2,11.527912024001125,9.653
STAGE_MODEL_CCT,2,11.578249351001432,9.653
STAGE_MODEL_CCT,2,11.628680905001602,10.752
STAGE_MODEL_CCT,2,11.679804420000437,9.924
STAGE_MODEL_CCT,2,11.731015203000425,10.007
STAGE_MODEL_CCT,2,11.781470432000788,9.815
STAGE_MODEL_CCT,2,11.834432848001597,10.269
STAGE_MODEL_CCT,2,11.885717794000811,10.217
STAGE_MODEL_CCT,2,11.93691028000103,10.217
STAGE_MODEL_CCT,2,11.990520142000605,10.48
STAGE_MODEL_CCT,2,12.040941066001324,10.48
STAGE_MODEL_CCT,2,12.091473958000279,10.977
STAGE_MODEL_CCT,2,12.142775534000975,9.531
STAGE_MODEL_CCT,2,12.193192009000995,9.531
STAGE_MODEL_CCT,2,12.243627669000489,10.374
STAGE_MODEL_CCT,2,12.295777090001138,10.374
STAGE_MODEL_CCT,2,12.349264920001588,10.538
STAGE_MODEL_CCT,2,12.39983385800042,10.538
STAGE_MODEL_CCT,2,12.452846980000686,12.176
STAGE_MODEL_CCT,2,12.504003068001111,9.558
STAGE_MODEL_CCT,2,12.555656698999883,9.497
STAGE_MODEL_CCT,2,12.606051383001613,5.772
STAGE_MODEL_CCT,2,12.657027455999923,5.772
STAGE_MODEL_CCT,2,12.711022516001321,10.863
STAGE_MODEL_CCT,2,12.761399869001252,10.863
STAGE_MODEL_CCT,2,12.811853915000029,10.446
STAGE_MODEL_CCT,2,12.86232431100143,10.446
STAGE_MODEL_CCT,2,12.91278162800154,9.75
STAGE_MODEL_CCT,2,12.965733149001608,10.531
STAGE_MODEL_CCT,2,13.016117283999847,10.531
STAGE_MODEL_CCT,2,13.066534016001242,10.333
STAGE_MODEL_CCT,2,13.117842692001432,10.333
STAGE_MODEL_CCT,2,13.16902534700057,10.592
STAGE_MODEL_CCT,2,13.219691995000176,10.592
STAGE_MODEL_CCT,2,13.27024969500053,9.281
STAGE_MODEL_CCT,2,13.32144487700134,9.281
STAGE_MODEL_CCT,2,13.372594600001321,10.441
STAGE_MODEL_CCT,2,13.423050548000901,10.441
STAGE_MODEL_CCT,2,13.473543376001544,10.48
STAGE_MODEL_CCT,2,13.524094762000459,10.373
STAGE_MODEL_CCT,2,13.57444138900064,10.373
STAGE_MODEL_CCT,2,13.624803808001161,10.162
STAGE_MODEL_CCT,2,13.675286720001168,10.162
STAGE_MODEL_CCT,2,13.725594438999906,10.213
STAGE_MODEL_CCT,2,13.776130424001167,10.213
STAGE_MODEL_CCT,2,13.826456288999907,10.27
STAGE_MODEL_CCT,2,13.877099253000779,10.27
STAGE_MODEL_CCT,2,13.927470675000222,8.847
STAGE_MODEL_CCT,2,13.98031791700123,9.975
STAGE_MODEL_CCT,2,14.032770441001048,10.517
STAGE_MODEL_CCT,2,14.084081136999885,10.315
STAGE_MODEL_CCT,2,14.135958050001136,10.315
STAGE_MODEL_CCT,2,14.19023177300005,10.548
STAGE_MODEL_CCT,2,14.240625305999856,10.548
STAGE_MODEL_CCT,2,14.291014156000529,10.793
STAGE_MODEL_CCT,2,14.342270359000395,9.577
STAGE_MODEL_CCT,2,14.392687063000267,9.577
STAGE_MODEL_CCT,2,14.44319885799996,10.326
STAGE_MODEL_CCT,2,14.495320146001177,10.326
STAGE_MODEL_CCT,2,14.550511958001152,10.627
STAGE_MODEL_CCT,2,14.600847697000063,10.627
STAGE_MODEL_CCT,2,14.6513298509999,10.314
STAGE_MODEL_CCT,2,14.701707553000233,10.314
STAGE_MODEL_CCT,2,14.752367893001065,10.069
STAGE_MODEL_CCT,2,14.802849124000204,5.938
STAGE_MODEL_CCT,2,14.856119846001093,5.938
STAGE_MODEL_CCT,2,14.90726927600008,10.928
STAGE_MODEL_CCT,2,14.957668848001049,10.928
STAGE_MODEL_CCT,2,15.008078888000455,10.445
STAGE_MODEL_CCT,2,15.058446503000596,10.445
STAGE_MODEL_CCT,2,15.108928661000391,9.639
STAGE_MODEL_CCT,2,15.162780997001391,10.547
STAGE_MODEL_CCT,2,15.221473992000028,9.934
STAGE_MODEL_CCT,2,15.271871714001463,10.79
STAGE_MODEL_CCT,2,15.32689564500106,10.79
STAGE_MODEL_CCT,2,15.383191701001124,10.606
STAGE_MODEL_CCT,2,15.433678956000222,10.606
STAGE_MODEL_CCT,2,15.484177672000442,9.331
STAGE_MODEL_CCT,2,15.535316101000717,10.393
STAGE_MODEL_CCT,2,15.585770933001186,10.393
STAGE_MODEL_CCT,2,15.636237467000683,11.233
STAGE_MODEL_CCT,2,15.690898111000934,11.233
STAGE_MODEL_CCT,2,15.745757348000552,9.956
STAGE_MODEL_CCT,2,15.796337204999872,9.956
STAGE_MODEL_CCT,2,15.846891210001559,9.835
STAGE_MODEL_CCT,2,15.89725501400062,10.071
STAGE_MODEL_CCT,2,15.94765275700047,10.071
STAGE_MODEL_CCT,2,15.99801281100008,10.184
STAGE_MODEL_CCT,2,16.048368962001405,10.184
STAGE_MODEL_CCT,2,16.0987028690015,10.141
STAGE_MODEL_CCT,2,16.152670964000208,10.141
STAGE_MODEL_CCT,2,16.203139741000996,9.817
STAGE_MODEL_CCT,2,16.25464036000085,9.817
STAGE_MODEL_CCT,2,16.30596985900047,10.615
STAGE_MODEL_CCT,2,16.356471663000775,11.125
STAGE_MODEL_CCT,2,16.41362427600143,11.125
STAGE_MODEL_CCT,2,16.466487086001507,9.893
STAGE_MODEL_CCT,2,16.516931433001446,9.893
STAGE_MODEL_CCT,2,16.56743658400046,9.818
STAGE_MODEL_CCT,2,16.618500444001256,9.818
STAGE_MODEL_CCT,2,16.669708684999932,10.034
STAGE_MODEL_CCT,2,16.720279095001388,10.034
STAGE_MODEL_CCT,2,16.7707009270016,10.266
STAGE_MODEL_CCT,2,16.821249096999964,10.376
STAGE_MODEL_CCT,2,16.871709303000898,10.376
STAGE_MODEL_CCT,2,16.92232450800111,5.713
STAGE_MODEL_CCT,2,16.975376442000197,5.713
STAGE_MODEL_CCT,2,17.028971826000998,10.45
STAGE_MODEL_CCT,2,17.079540088001522,10.45
STAGE_MODEL_CCT,2,17.129957062999893,10.932
STAGE_MODEL_CCT,2,17.181274464001035,9.897
STAGE_MODEL_CCT,2,17.231791584999883,9.897
STAGE_MODEL_CCT,2,17.282465056001456,9.754
STAGE_MODEL_CCT,2,17.33298779800134,9.754
STAGE_MODEL_CCT,2,17.3837685360013,10.265
STAGE_MODEL_CCT,2,17.435070864001318,10.265
STAGE_MODEL_CCT,2,17.486460002000968,10.496
STAGE_MODEL_CCT,2,17.53685290500107,10.496
STAGE_MODEL_CCT,2,17.58749890800027,10.169
STAGE_MODEL_CCT,2,17.638000048000322,10.0
STAGE_MODEL_CCT,2,17.688369701001648,10.0
STAGE_MODEL_CCT,2,17.738781317000758,10.136
STAGE_MODEL_CCT,2,17.789125060000515,10.136
STAGE_MODEL_CCT,2,17.839563718000136,10.217
STAGE_MODEL_CCT,2,17.889907550001226,10.217
STAGE_MODEL_CCT,2,17.940372050001315,10.156
STAGE_MODEL_CCT,2,17.99089864200141,10.156
STAGE_MODEL_CCT,2,18.041501642001094,5.751
STAGE_MODEL_CCT,2,18.092542659000173,5.893
STAGE_MODEL_CCT,2,18.15587785900061,5.893
STAGE_MODEL_CCT,2,18.207016473001204,10.931
STAGE_MODEL_CCT,2,18.257482505001462,10.931
STAGE_MODEL_CCT,2,18.307923745000153,10.308
STAGE_MODEL_CCT,2,18.35824304200105,10.308
STAGE_MODEL_CCT,2,18.40861090100043,10.075
STAGE_MODEL_CCT,2,18.458947805000207,10.075
STAGE_MODEL_CCT,2,18.509416580000106,10.202
STAGE_MODEL_CCT,2,18.560626342999967,10.785
STAGE_MODEL_CCT,2,18.613845675999983,9.762
STAGE_MODEL_CCT,2,18.66558305000035,9.669
STAGE_MODEL_CCT,2,18.721930179000992,9.669
STAGE_MODEL_CCT,2,18.7767923420015,9.661
STAGE_MODEL_CCT,2,18.82730616400113,9.661
STAGE_MODEL_CCT,2,18.877662653001607,8.955
STAGE_MODEL_CCT,2,18.928655269000956,10.436
STAGE_MODEL_CCT,2,18.979057031001503,10.436
STAGE_MODEL_CCT,2,19.029601340000227,9.2
STAGE_MODEL_CCT,2,19.082948504999877,9.2
STAGE_MODEL_CCT,2,19.13822074700147,5.815
STAGE_MODEL_CCT,2,19.18943055100135,5.815
STAGE_MODEL_CCT,2,19.242270122000264,10.569
STAGE_MODEL_CCT,2,19.29262288800055,6.327
STAGE_MODEL_CCT,2,19.348074311001255,6.327
STAGE_MODEL_CCT,2,19.40386171099999,10.117
STAGE_MODEL_CCT,2,19.454750882001463,10.117
STAGE_MODEL_CCT,2,19.505096988999867,9.938
STAGE_MODEL_CCT,2,19.555375390000336,9.938
STAGE_MODEL_CCT,2,19.605739979000646,9.795
STAGE_MODEL_CCT,2,19.65805760600051,10.54
STAGE_MODEL_CCT,2,19.708359415000814,10.54
STAGE_MODEL_CCT,2,19.758657530001074,9.493
STAGE_MODEL_CCT,2,19.809802123001646,9.493
STAGE_MODEL_CCT,2,19.861041138001383,9.469
STAGE_MODEL_CCT,2,19.91149946800033,9.469
STAGE_MODEL_CCT,2,19.961892662000537,9.737
STAGE_MODEL_CCT,2,20.01239224800156,9.737
STAGE_MODEL_CCT,2,20.062783458000922,9.99
STAGE_MODEL_CCT,2,20.11330159099998,9.99
STAGE_MODEL_CCT,2,20.163602936001553,10.136
STAGE_MODEL_CCT,2,20.214103112000885,5.786
STAGE_MODEL_CCT,2,20.26765367600092,5.786
STAGE_MODEL_CCT,2,20.319063558999915,10.571
STAGE_MODEL_CCT,2,20.369530087000385,10.571
STAGE_MODEL_CCT,2,20.419944897001187,6.058
STAGE_MODEL_CCT,2,20.47112188400024,6.058
STAGE_MODEL_CCT,2,20.522168107001562,9.636
STAGE_MODEL_CCT,2,20.57265442100106,9.803
STAGE_MODEL_CCT,2,20.623126796001088,9.803
STAGE_MODEL_CCT,2,20.673591728000247,10.069
STAGE_MODEL_CCT,2,20.72397027199986,10.069
STAGE_MODEL_CCT,2,20.77453741700083,10.16
STAGE_MODEL_CCT,2,20.826413727001636,10.16
STAGE_MODEL_CCT,2,20.87947810300102,10.107
STAGE_MODEL_CCT,2,20.94424942600017,8.767
STAGE_MODEL_CCT,2,20.995403040000383,8.767
STAGE_MODEL_CCT,2,21.046774338999967,10.566
STAGE_MODEL_CCT,2,21.097263171001032,10.566
STAGE_MODEL_CCT,2,21.147659940001176,9.941
STAGE_MODEL_CCT,2,21.199385318001077,9.941
STAGE_MODEL_CCT,2,21.255659242000547,9.643
STAGE_MODEL_CCT,2,21.306208751000668,9.704
STAGE_MODEL_CCT,2,21.356502110000292,9.704
STAGE_MODEL_CCT,2,21.407046025000454,10.111
STAGE_MODEL_CCT,2,21.458807715000148,10.111
STAGE_MODEL_CCT,2,21.51027982600135,15.084
STAGE_MODEL_CCT,2,21.561468669000533,15.084
STAGE_MODEL_CCT,2,21.61297954300062,13.12
STAGE_MODEL_CCT,2,21.664266499001315,13.12
STAGE_MODEL_CCT,2,21.71618748000037,9.254
STAGE_MODEL_CCT,2,21.766515627001354,9.935
STAGE_MODEL_CCT,2,21.81689920700046,9.935
STAGE_MODEL_CCT,2,21.867613796001024,10.649
STAGE_MODEL_CCT,2,21.91870852700049,10.649
STAGE_MODEL_CCT,2,21.96980571700078,9.647
STAGE_MODEL_CCT,2,22.020266351000828,9.647
STAGE_MODEL_CCT,2,22.07072803400115,9.742
STAGE_MODEL_CCT,2,22.121171383001638,9.742
STAGE_MODEL_CCT,2,22.171664200001032,10.026
STAGE_MODEL_CCT,2,22.222093759000927,10.164
STAGE_MODEL_CCT,2,22.272501539000586,10.164
STAGE_MODEL_CCT,2,22.322917352999866,10.05
STAGE_MODEL_CCT,2,22.373507278000034,10.05
STAGE_MODEL_CCT,2,22.43226736500037,9.038
STAGE_MODEL_CCT,2,22.483410426000773,9.038
STAGE_MODEL_CCT,2,22.53742718400099,10.511
STAGE_MODEL_CCT,2,22.592557748001127,16.6
STAGE_MODEL_CCT,2,22.643927654000436,16.6
STAGE_MODEL_CCT,2,22.69536411700028,9.562
STAGE_MODEL_CCT,2,22.745860326000184,9.562
STAGE_MODEL_CCT,2,22.79645513500145,9.432
STAGE_MODEL_CCT,2,22.85234188800132,9.432
STAGE_MODEL_CCT,2,22.907875788001547,10.546
STAGE_MODEL_CCT,2,22.958189067001513,10.55
STAGE_MODEL_CCT,2,23.0086426630005,10.55
STAGE_MODEL_CCT,2,23.058986200001527,9.778
STAGE_MODEL_CCT,2,23.111113610000757,9.778
STAGE_MODEL_CCT,2,23.16434001900052,9.836
STAGE_MODEL_CCT,2,23.214894063999964,9.836
STAGE_MODEL_CCT,2,23.26534152000022,10.244
STAGE_MODEL_CCT,2,23.31649724199997,10.244
STAGE_MODEL_CCT,2,23.367568154000764,10.428
STAGE_MODEL_CCT,2,23.41816280400053,10.417
STAGE_MODEL_CCT,2,23.46979041400118,10.417
STAGE_MODEL_CCT,2,23.525161972000205,8.886
STAGE_MODEL_CCT,2,23.57736866900086,8.886
STAGE_MODEL_CCT,2,23.629400544001328,10.179
STAGE_MODEL_CCT,2,23.67993421400024,10.179
STAGE_MODEL_CCT,2,23.730573308001112,18.285
STAGE_MODEL_CCT,2,23.7817173070016,9.625
STAGE_MODEL_CCT,2,23.832119696000518,9.625
STAGE_MODEL_CCT,2,23.882542788000137,9.78
STAGE_MODEL_CCT,2,23.93298768400018,9.78
STAGE_MODEL_CCT,2,23.983367385000747,10.046
STAGE_MODEL_CCT,2,24.03445161900163,10.046
STAGE_MODEL_CCT,2,24.084915485000238,10.743
STAGE_MODEL_CCT,2,24.136023693001334,10.743
STAGE_MODEL_CCT,2,24.188173449001624,9.524
STAGE_MODEL_CCT,2,24.23854274400037,9.685
STAGE_MODEL_CCT,2,24.288823202001367,9.685
STAGE_MODEL_CCT,2,24.339247163001346,9.95
STAGE_MODEL_CCT,2,24.389569355000276,9.95
STAGE_MODEL_CCT,2,24.43997176100129,10.086
STAGE_MODEL_CCT,2,24.49045229500007,10.086
STAGE_MODEL_CCT,2,24.540914787001384,9.965
STAGE_MODEL_CCT,2,24.59134405000077,9.965
STAGE_MODEL_CCT,2,24.64177454900164,9.96
STAGE_MODEL_CCT,2,24.692068827000185,9.96
STAGE_MODEL_CCT,2,24.742434874000537,10.038
STAGE_MODEL_CCT,2,24.79284174300119,10.097
STAGE_MODEL_CCT,2,24.843278639000346,10.097
STAGE_MODEL_CCT,2,24.893598116001158,10.029
STAGE_MODEL_CCT,2,24.94397121200018,10.029
STAGE_MODEL_CCT,2,24.994423918000393,10.019
STAGE_MODEL_CCT,2,25.044883035001476,10.019
STAGE_MODEL_CCT,2,25.09544794300018,10.067
STAGE_MODEL_CCT,2,25.145924918000674,10.067
STAGE_MODEL_CCT,2,25.196484731000965,10.157
STAGE_MODEL_CCT,2,25.246904847001133,10.123
STAGE_MODEL_CCT,2,25.297308552000686,10.123
STAGE_MODEL_CCT,2,25.347704492000048,10.075
STAGE_MODEL_CCT,2,25.39806923300057,10.075
STAGE_MODEL_CCT,2,25.448526544001652,10.079
STAGE_MODEL_CCT,2,25.49911225300093,10.079
STAGE_MODEL_CCT,2,25.54961841400109,10.171
STAGE_MODEL_CCT,2,25.60021798100024,10.171
STAGE_MODEL_CCT,2,25.65082245300073,9.82
STAGE_MODEL_CCT,2,25.705572911001582,9.82
STAGE_MODEL_CCT,2,25.75662657400062,10.572
STAGE_MODEL_CCT,2,25.807085735001237,10.572
STAGE_MODEL_CCT,2,25.857729657000164,13.017
STAGE_MODEL_CCT,2,25.909062664000885,13.017
STAGE_MODEL_CCT,2,25.960725271001138,10.608
STAGE_MODEL_CCT,2,26.011271048000708,10.608
STAGE_MODEL_CCT,2,26.061767664999934,10.605
STAGE_MODEL_CCT,2,26.112380777,10.605
STAGE_MODEL_CCT,2,26.16301146800106,10.608
STAGE_MODEL_CCT,2,26.21767783500036,10.608
STAGE_MODEL_CCT,2,26.26820641700033,10.599
STAGE_MODEL_CCT,2,26.318754461000935,10.599
STAGE_MODEL_CCT,2,26.369339718001356,10.584
STAGE_MODEL_CCT,2,26.42058643100063,10.584
STAGE_MODEL_CCT,2,26.471157067000604,10.587
STAGE_MODEL_CCT,2,26.52167869100049,10.587
STAGE_MODEL_CCT,2,26.572146726000938,10.583
STAGE_MODEL_CCT,2,26.622624677000204,10.583
STAGE_MODEL_CCT,2,26.673094044001118,10.58
STAGE_MODEL_CCT,2,26.72342540400132,10.58
STAGE_MODEL_CCT,2,26.773910903000797,10.579
STAGE_MODEL_CCT,2,26.82428125200022,10.579
STAGE_MODEL_CCT,2,26.874831389000974,10.579
STAGE_MODEL_CCT,2,26.92523404200074,10.579
STAGE_MODEL_CCT,2,26.975705149001442,10.579
STAGE_MODEL_CCT,2,27.026174698999966,13.561
STAGE_MODEL_CCT,2,27.078303224001502,13.561
STAGE_MODEL_CCT,2,27.130199914001423,9.13
STAGE_MODEL_CCT,2,27.182685295001647,9.13
STAGE_MODEL_CCT,2,27.235215574000904,5.883
STAGE_MODEL_CCT,2,27.286628214000302,5.883
STAGE_MODEL_CCT,2,27.337857924001582,10.23
STAGE_MODEL_CCT,2,27.38854599700062,10.23
STAGE_MODEL_CCT,2,27.43895169100142,10.398
STAGE_MODEL_CCT,2,27.489510068000527,9.96
STAGE_MODEL_CCT,2,27.546161426000253,9.96
STAGE_MODEL_CCT,2,27.600504042000466,9.936
STAGE_MODEL_CCT,2,27.650930947000234,9.936
STAGE_MODEL_CCT,2,27.701290992001304,10.426
STAGE_MODEL_CCT,2,27.752455158000885,10.556
STAGE_MODEL_CCT,2,27.80299980000018,10.556
STAGE_MODEL_CCT,2,27.85349257100097,9.942
STAGE_MODEL_CCT,2,27.903897089001475,9.942
STAGE_MODEL_CCT,2,27.954291829000795,10.045
STAGE_MODEL_CCT,2,28.004650831000617,10.045
STAGE_MODEL_CCT,2,28.055161582000437,10.51
STAGE_MODEL_CCT,2,28.107298323000578,9.893
STAGE_MODEL_CCT,2,28.1583736040011,12.572
STAGE_MODEL_CCT,2,28.21082768100132,9.199
STAGE_MODEL_CCT,2,28.261275015000138,9.199
STAGE_MODEL_CCT,2,28.311721136000415,5.815
STAGE_MODEL_CCT,2,28.362813851001192,5.815
STAGE_MODEL_CCT,2,28.414222127999892,10.463
STAGE_MODEL_CCT,2,28.46480335600063,10.463
STAGE_MODEL_CCT,2,28.51533578800081,10.49
STAGE_MODEL_CCT,2,28.565707423000276,10.49
STAGE_MODEL_CCT,2,28.616159555000195,9.44
STAGE_MODEL_CCT,2,28.66736013100126,10.297
STAGE_MODEL_CCT,2,28.717852210000274,10.297
STAGE_MODEL_CCT,2,28.768322219000765,10.395
STAGE_MODEL_CCT,2,28.818648406000648,10.395
STAGE_MODEL_CCT,2,28.86902178499986,10.423
STAGE_MODEL_CCT,2,28.919507567001347,10.423
STAGE_MODEL_CCT,2,28.969935508001072,9.088
STAGE_MODEL_CCT,2,29.02441370700035,9.088
STAGE_MODEL_CCT,2,29.079683277001095,10.336
STAGE_MODEL_CCT,2,29.130039700001362,10.504
STAGE_MODEL_CCT,2,29.18124036000154,10.504
STAGE_MODEL_CCT,2,29.232454248000067,11.932
STAGE_MODEL_CCT,2,29.283622853999987,11.932
STAGE_MODEL_CCT,2,29.334709329999896,9.324
STAGE_MODEL_CCT,2,29.385075206000693,9.324
STAGE_MODEL_CCT,2,29.43560390499988,5.949
STAGE_MODEL_CCT,2,29.48818146300073,5.949
STAGE_MODEL_CCT,2,29.542597961000865,10.477
STAGE_MODEL_CCT,2,29.593035333000444,10.522
STAGE_MODEL_CCT,2,29.644406597000852,10.522
STAGE_MODEL_CCT,2,29.694762901001013,12.614
STAGE_MODEL_CCT,2,29.751783884999895,12.614
STAGE_MODEL_CCT,2,29.803435664000062,9.811
STAGE_MODEL_CCT,2,29.85491458100114,9.811
STAGE_MODEL_CCT,2,29.905919714001357,10.536
STAGE_MODEL_CCT,2,29.95625337599995,10.238
STAGE_MODEL_CCT,2,30.007917719000034,10.238
STAGE_MODEL_POLICY,2,0.002967981999972835,7.308
STAGE_MODEL_POLICY,2,0.05351431499911996,7.308
STAGE_MODEL_POLICY,2,0.10392661599871644,8.4
STAGE_MODEL_POLICY,2,0.15461961799883284,8.4
STAGE_MODEL_POLICY,2,0.20516080999914266,10.635
STAGE_MODEL_POLICY,2,0.25633874899904185,10.577
STAGE_MODEL_POLICY,2,0.3067405879992293,10.577
STAGE_MODEL_POLICY,2,0.3571482709994598,10.877
STAGE_MODEL_POLICY,2,0.4127024009994784,10.877
STAGE_MODEL_POLICY,2,0.4647069239999837,9.575
STAGE_MODEL_POLICY,2,0.5151971249997587,9.575
STAGE_MODEL_POLICY,2,0.5655735250002181,5.741
STAGE_MODEL_POLICY,2,0.6170800609997968,5.741
STAGE_MODEL_POLICY,2,0.6685700079997332,10.59
STAGE_MODEL_POLICY,2,0.719137033998777,10.256
STAGE_MODEL_POLICY,2,0.7694968369996786,10.256
STAGE_MODEL_POLICY,2,0.8202546929987875,9.605
STAGE_MODEL_POLICY,2,0.8714743639993685,9.605
STAGE_MODEL_POLICY,2,0.9226309859986941,9.869
STAGE_MODEL_POLICY,2,0.9731265589998657,9.869
STAGE_MODEL_POLICY,2,1.0235354939995887,10.204
STAGE_MODEL_POLICY,2,1.0740373959997669,10.204
STAGE_MODEL_POLICY,2,1.1247286119996716,10.303
STAGE_MODEL_POLICY,2,1.1752814279989252,10.303
STAGE_MODEL_POLICY,2,1.225662384998941,10.098
STAGE_MODEL_POLICY,2,1.276082939999469,10.136
STAGE_MODEL_POLICY,2,1.326389724999899,10.136
STAGE_MODEL_POLICY,2,1.3769113759990432,10.199
STAGE_MODEL_POLICY,2,1.427351196998643,10.199
STAGE_MODEL_POLICY,2,1.4778758459997334,10.197
STAGE_MODEL_POLICY,2,1.528339201999188,10.197
STAGE_MODEL_POLICY,2,1.578908567000326,10.074
STAGE_MODEL_POLICY,2,1.6293215079986112,10.123
STAGE_MODEL_POLICY,2,1.6798387189992354,10.123
STAGE_MODEL_POLICY,2,1.7304121939996548,10.165
STAGE_MODEL_POLICY,2,1.7808970070000214,10.165
STAGE_MODEL_POLICY,2,1.8314088480001374,10.052
STAGE_MODEL_POLICY,2,1.8824587849994714,10.052
STAGE_MODEL_POLICY,2,1.9337018440000975,9.578
STAGE_MODEL_POLICY,2,1.9842928599991865,9.578
STAGE_MODEL_POLICY,2,2.0348035030001483,10.057
STAGE_MODEL_POLICY,2,2.085277967998991,10.057
STAGE_MODEL_POLICY,2,2.1358292759996402,10.704
STAGE_MODEL_POLICY,2,2.187251112998638,9.898
STAGE_MODEL_POLICY,2,2.237856349998765,9.898
STAGE_MODEL_POLICY,2,2.288279047999822,8.927
STAGE_MODEL_POLICY,2,2.3402580250003666,8.927
STAGE_MODEL_POLICY,2,2.393901724999523,10.521
STAGE_MODEL_POLICY,2,2.4443839630002913,10.521
STAGE_MODEL_POLICY,2,2.494753179000327,10.548
STAGE_MODEL_POLICY,2,2.5451471069991385,10.548
STAGE_MODEL_POLICY,2,2.595497626998622,10.363
STAGE_MODEL_POLICY,2,2.645954821999112,10.172
STAGE_MODEL_POLICY,2,2.696448460999818,10.172
STAGE_MODEL_POLICY,2,2.7470061229996645,10.24
STAGE_MODEL_POLICY,2,2.797331765999843,10.24
STAGE_MODEL_POLICY,2,2.8477533379991655,6.108
STAGE_MODEL_POLICY,2,2.899099975998979,6.108
STAGE_MODEL_POLICY,2,2.9502426679991913,10.541
STAGE_MODEL_POLICY,2,3.0006358409991662,10.541
STAGE_MODEL_POLICY,2,3.0511471520003397,9.171
STAGE_MODEL_POLICY,2,3.1077914429988596,10.551
STAGE_MODEL_POLICY,2,3.1584040689995163,10.551
STAGE_MODEL_POLICY,2,3.208936895000079,10.093
STAGE_MODEL_POLICY,2,3.2603004749998945,10.093
STAGE_MODEL_POLICY,2,3.3116427659988403,9.821
STAGE_MODEL_POLICY,2,3.3621638959994016,9.821
STAGE_MODEL_POLICY,2,3.4127532729999075,8.71
STAGE_MODEL_POLICY,2,3.4639137529993604,10.522
STAGE_MODEL_POLICY,2,3.5145368869998492,10.522
STAGE_MODEL_POLICY,2,3.5651202739991277,10.508
STAGE_MODEL_POLICY,2,3.615659806999247,10.508
STAGE_MODEL_POLICY,2,3.666145694000079,9.311
STAGE_MODEL_POLICY,2,3.7229016679993947,10.727
STAGE_MODEL_POLICY,2,3.774304073998792,5.784
STAGE_MODEL_POLICY,2,3.8254501089995756,11.054
STAGE_MODEL_POLICY,2,3.8773634350000066,6.028
STAGE_MODEL_POLICY,2,3.9286700949996884,6.026
STAGE_MODEL_POLICY,2,3.9799364970003808,6.026
STAGE_MODEL_POLICY,2,4.03268058499998,10.243
STAGE_MODEL_POLICY,2,4.083067035999193,10.243
STAGE_MODEL_POLICY,2,4.133538985999621,15.67
STAGE_MODEL_POLICY,2,4.184984880999764,15.67
STAGE_MODEL_POLICY,2,4.236208252999859,9.318
STAGE_MODEL_POLICY,2,4.288113626998893,10.552
STAGE_MODEL_POLICY,2,4.344409167999402,10.572
STAGE_MODEL_POLICY,2,4.395035661000293,9.49
STAGE_MODEL_POLICY,2,4.449871471999359,10.999
STAGE_MODEL_POLICY,2,4.501106518999222,8.592
STAGE_MODEL_POLICY,2,4.553486986998905,11.66
STAGE_MODEL_POLICY,2,4.60462416900009,9.476
STAGE_MODEL_POLICY,2,4.655775344999711,10.592
STAGE_MODEL_POLICY,2,4.706197608000366,10.592
STAGE_MODEL_POLICY,2,4.756563834998815,9.628
STAGE_MODEL_POLICY,2,4.809068196998851,9.628
STAGE_MODEL_POLICY,2,4.862010089998876,9.809
STAGE_MODEL_POLICY,2,4.912511040000027,9.809
STAGE_MODEL_POLICY,2,4.965419758998905,10.24
STAGE_MODEL_POLICY,2,5.016682462999597,10.125
STAGE_MODEL_POLICY,2,5.068834494999464,15.19
STAGE_MODEL_POLICY,2,5.120152477000374,9.7
STAGE_MODEL_POLICY,2,5.17072238199944,9.7
STAGE_MODEL_POLICY,2,5.221235216999048,9.68
STAGE_MODEL_POLICY,2,5.271783799000332,9.68
STAGE_MODEL_POLICY,2,5.3236506119992555,10.546
STAGE_MODEL_POLICY,2,5.377106530999299,10.546
STAGE_MODEL_POLICY,2,5.431031915999483,10.524
STAGE_MODEL_POLICY,2,5.481551474000298,10.553
STAGE_MODEL_POLICY,2,5.533168518999446,10.553
STAGE_MODEL_POLICY,2,5.584443095998722,9.79
STAGE_MODEL_POLICY,2,5.6350003679999645,9.79
STAGE_MODEL_POLICY,2,5.685483018998639,10.981
STAGE_MODEL_POLICY,2,5.73925385199982,10.981
STAGE_MODEL_POLICY,2,5.79297571799907,10.554
STAGE_MODEL_POLICY,2,5.843480187999376,10.554
STAGE_MODEL_POLICY,2,5.89396821399896,10.792
STAGE_MODEL_POLICY,2,5.9450556869996944,10.031
STAGE_MODEL_POLICY,2,5.996054250999805,10.031
STAGE_MODEL_POLICY,2,6.047201076999045,10.469
STAGE_MODEL_POLICY,2,6.097570121999524,10.469
STAGE_MODEL_POLICY,2,6.147928626000066,16.158
STAGE_MODEL_POLICY,2,6.199791211000047,16.158
STAGE_MODEL_POLICY,2,6.255861188999916,9.693
STAGE_MODEL_POLICY,2,6.3062805449990265,9.753
STAGE_MODEL_POLICY,2,6.356735182998818,9.753
STAGE_MODEL_POLICY,2,6.407126448999406,10.01
STAGE_MODEL_POLICY,2,6.457614171000387,10.01
STAGE_MODEL_POLICY,2,6.508074717999989,10.142
STAGE_MODEL_POLICY,2,6.558669295998698,10.142
STAGE_MODEL_POLICY,2,6.609220991000257,9.114
STAGE_MODEL_POLICY,2,6.661338324998724,9.114
STAGE_MODEL_POLICY,2,6.712428253000326,10.354
STAGE_MODEL_POLICY,2,6.771113802999025,10.885
STAGE_MODEL_POLICY,2,6.826645057999485,10.885
STAGE_MODEL_POLICY,2,6.883017381998798,10.604
STAGE_MODEL_POLICY,2,6.93339982299949,10.604
STAGE_MODEL_POLICY,2,6.983810873998664,10.287
STAGE_MODEL_POLICY,2,7.035219497998696,9.808
STAGE_MODEL_POLICY,2,7.089751524999883,9.732
STAGE_MODEL_POLICY,2,7.140350380999735,10.109
STAGE_MODEL_POLICY,2,7.190819056999317,10.109
STAGE_MODEL_POLICY,2,7.2412776250002935,10.227
STAGE_MODEL_POLICY,2,7.2916018279993295,10.227
STAGE_MODEL_POLICY,2,7.341960124998877,10.522
STAGE_MODEL_POLICY,2,7.393960483999763,10.522
STAGE_MODEL_POLICY,2,7.449256382000385,9.791
STAGE_MODEL_POLICY,2,7.499596968000333,10.195
STAGE_MODEL_POLICY,2,7.550043309998728,10.195
STAGE_MODEL_POLICY,2,7.6003985770003055,10.296
STAGE_MODEL_POLICY,2,7.65969048199986,10.296
STAGE_MODEL_POLICY,2,7.710262783999497,10.395
STAGE_MODEL_POLICY,2,7.761536779999005,10.395
STAGE_MODEL_POLICY,2,7.815281463999781,9.818
STAGE_MODEL_POLICY,2,7.868120409999392,10.207
STAGE_MODEL_POLICY,2,7.919735003999449,10.207
STAGE_MODEL_POLICY,2,7.970184613999663,11.088
STAGE_MODEL_POLICY,2,8.02155584600041,11.088
STAGE_MODEL_POLICY,2,8.07265465799901,9.556
STAGE_MODEL_POLICY,2,8.123221338999429,9.556
STAGE_MODEL_POLICY,2,8.173671690999981,9.723
STAGE_MODEL_POLICY,2,8.224054897000315,9.723
STAGE_MODEL_POLICY,2,8.274505309998858,9.974
STAGE_MODEL_POLICY,2,8.324975187999371,10.119
STAGE_MODEL_POLICY,2,8.37532224899951,10.119
STAGE_MODEL_POLICY,2,8.42578368499926,10.011
STAGE_MODEL_POLICY,2,8.476180927000314,10.011
STAGE_MODEL_POLICY,2,8.526631511000232,9.99
STAGE_MODEL_POLICY,2,8.577125881998654,9.99
STAGE_MODEL_POLICY,2,8.627626612000313,10.063
STAGE_MODEL_POLICY,2,8.678179230999376,10.063
STAGE_MODEL_POLICY,2,8.72863131899976,10.12
STAGE_MODEL_POLICY,2,8.779141588998755,10.051
STAGE_MODEL_POLICY,2,8.82957487800013,10.051
STAGE_MODEL_POLICY,2,8.879977020000297,10.033
STAGE_MODEL_POLICY,2,8.93039923699871,10.033
STAGE_MODEL_POLICY,2,8.980756095999823,10.076
STAGE_MODEL_POLICY,2,9.031098391998967,10.076
STAGE_MODEL_POLICY,2,9.081576593998761,10.158
STAGE_MODEL_POLICY,2,9.132059288000164,10.158
STAGE_MODEL_POLICY,2,9.182550972000172,10.116
STAGE_MODEL_POLICY,2,9.232952946998921,10.116
STAGE_MODEL_POLICY,2,9.28333410599953,10.063
STAGE_MODEL_POLICY,2,9.333824043998902,10.058
STAGE_MODEL_POLICY,2,9.384299596998972,10.058
STAGE_MODEL_POLICY,2,9.434714173999964,10.142
STAGE_MODEL_POLICY,2,9.485173305998615,10.142
STAGE_MODEL_POLICY,2,9.535613451000245,10.063
STAGE_MODEL_POLICY,2,9.58615327699954,10.063
STAGE_MODEL_POLICY,2,9.636556334999113,10.052
STAGE_MODEL_POLICY,2,9.686892402000012,10.052
STAGE_MODEL_POLICY,2,9.737369946000399,10.049
STAGE_MODEL_POLICY,2,9.787770674998683,10.14
STAGE_MODEL_POLICY,2,9.838340391999736,10.14
STAGE_MODEL_POLICY,2,9.88876529799927,10.097
STAGE_MODEL_POLICY,2,9.939149951998843,10.097
STAGE_MODEL_POLICY,2,9.989541221999389,10.046
STAGE_MODEL_POLICY,2,10.040052643000308,10.046
STAGE_MODEL_POLICY,2,10.090499281999655,10.048
STAGE_MODEL_POLICY,2,10.140995796000425,10.048
STAGE_MODEL_POLICY,2,10.191454750998673,10.151
STAGE_MODEL_POLICY,2,10.241963446998852,10.151
STAGE_MODEL_POLICY,2,10.292383518999486,10.114
STAGE_MODEL_POLICY,2,10.34306707900032,10.079
STAGE_MODEL_POLICY,2,10.393616241999553,10.079
STAGE_MODEL_POLICY,2,10.444055189998835,10.092
STAGE_MODEL_POLICY,2,10.494452547998662,10.092
STAGE_MODEL_POLICY,2,10.544786315000238,10.205
STAGE_MODEL_POLICY,2,10.595199004999813,10.205
STAGE_MODEL_POLICY,2,10.645804359999602,10.135
STAGE_MODEL_POLICY,2,10.69617002799896,10.135
STAGE_MODEL_POLICY,2,10.74656894599866,10.125
STAGE_MODEL_POLICY,2,10.79706240700034,10.124
STAGE_MODEL_POLICY,2,10.847540363000007,10.124
STAGE_MODEL_POLICY,2,10.898071850999258,10.231
STAGE_MODEL_POLICY,2,10.948591188998762,10.231
STAGE_MODEL_POLICY,2,10.99902769899927,10.184
STAGE_MODEL_POLICY,2,11.049541389998922,10.184
STAGE_MODEL_POLICY,2,11.09985385499931,10.153
STAGE_MODEL_POLICY,2,11.150222958998711,10.153
STAGE_MODEL_POLICY,2,11.200683252998715,10.156
STAGE_MODEL_POLICY,2,11.251055392998751,10.254
STAGE_MODEL_POLICY,2,11.301548075998653,10.254
STAGE_MODEL_POLICY,2,11.352160557000389,10.187
STAGE_MODEL_POLICY,2,11.403510357000414,10.187
STAGE_MODEL_POLICY,2,11.45403139500013,10.137
STAGE_MODEL_POLICY,2,11.504601107999406,10.137
STAGE_MODEL_POLICY,2,11.55522582499907,10.124
STAGE_MODEL_POLICY,2,11.605833992000044,10.124
STAGE_MODEL_POLICY,2,11.656197071999486,10.228
STAGE_MODEL_POLICY,2,11.706637819999742,10.228
STAGE_MODEL_POLICY,2,11.757131633999961,10.168
STAGE_MODEL_POLICY,2,11.807549535000362,10.143
STAGE_MODEL_POLICY,2,11.857974901999114,10.143
STAGE_MODEL_POLICY,2,11.908411844999137,10.145
STAGE_MODEL_POLICY,2,11.958712494999418,10.145
STAGE_MODEL_POLICY,2,12.009053282999957,10.254
STAGE_MODEL_POLICY,2,12.059597434999887,10.254
STAGE_MODEL_POLICY,2,12.110110583000278,10.146
STAGE_MODEL_POLICY,2,12.160443349999696,10.146
STAGE_MODEL_POLICY,2,12.210840106999967,10.148
STAGE_MODEL_POLICY,2,12.261233747000006,9.704
STAGE_MODEL_POLICY,2,12.318989786999737,9.704
STAGE_MODEL_POLICY,2,12.371383746998617,10.601
STAGE_MODEL_POLICY,2,12.421777513998677,10.601
STAGE_MODEL_POLICY,2,12.472152014999665,8.835
STAGE_MODEL_POLICY,2,12.523440351998943,11.56
STAGE_MODEL_POLICY,2,12.574541468999087,8.974
STAGE_MODEL_POLICY,2,12.62564839100014,10.136
STAGE_MODEL_POLICY,2,12.677368724000189,10.136
STAGE_MODEL_POLICY,2,12.729327244998785,10.543
STAGE_MODEL_POLICY,2,12.779857412999263,10.543
STAGE_MODEL_POLICY,2,12.830218854000123,7.234
STAGE_MODEL_POLICY,2,12.881355456000165,7.234
STAGE_MODEL_POLICY,2,12.932478560000163,10.2
STAGE_MODEL_POLICY,2,12.98298489499939,10.2
STAGE_MODEL_POLICY,2,13.042415959998834,5.92
STAGE_MODEL_POLICY,2,13.093674431998807,10.303
STAGE_MODEL_POLICY,2,13.144166623998899,10.303
STAGE_MODEL_POLICY,2,13.194599675998688,10.101
STAGE_MODEL_POLICY,2,13.245038912999007,10.101
STAGE_MODEL_POLICY,2,13.295438011999067,9.333
STAGE_MODEL_POLICY,2,13.346464557998843,9.333
STAGE_MODEL_POLICY,2,13.397569171998839,10.503
STAGE_MODEL_POLICY,2,13.447949528999743,10.503
STAGE_MODEL_POLICY,2,13.49840478599981,10.136
STAGE_MODEL_POLICY,2,13.55376627899932,9.266
STAGE_MODEL_POLICY,2,13.604215678999026,9.266
STAGE_MODEL_POLICY,2,13.654804286999934,9.74
STAGE_MODEL_POLICY,2,13.70527851299994,9.74
STAGE_MODEL_POLICY,2,13.755971073000183,10.009
STAGE_MODEL_POLICY,2,13.806536774998676,10.009
STAGE_MODEL_POLICY,2,13.85700586799976,10.151
STAGE_MODEL_POLICY,2,13.90755176699895,10.151
STAGE_MODEL_POLICY,2,13.95827952000036,9.991
STAGE_MODEL_POLICY,2,14.00878710699908,6.892
STAGE_MODEL_POLICY,2,14.060789621000367,6.892
STAGE_MODEL_POLICY,2,14.115304658000241,10.618
STAGE_MODEL_POLICY,2,14.165964967000036,10.618
STAGE_MODEL_POLICY,2,14.216452683998796,10.613
STAGE_MODEL_POLICY,2,14.266845706999447,10.613
STAGE_MODEL_POLICY,2,14.31809403599982,10.185
STAGE_MODEL_POLICY,2,14.36849102999986,9.688
STAGE_MODEL_POLICY,2,14.425590888999068,9.688
STAGE_MODEL_POLICY,2,14.47965881500022,10.615
STAGE_MODEL_POLICY,2,14.543929362998824,10.615
STAGE_MODEL_POLICY,2,14.594554317000075,10.29
STAGE_MODEL_POLICY,2,14.645849149999776,9.522
STAGE_MODEL_POLICY,2,14.6963327630001,9.522
STAGE_MODEL_POLICY,2,14.74694960799934,9.773
STAGE_MODEL_POLICY,2,14.797419556998648,9.773
STAGE_MODEL_POLICY,2,14.848118881000119,10.111
STAGE_MODEL_POLICY,2,14.899480564999976,10.111
STAGE_MODEL_POLICY,2,14.95133042999987,10.554
STAGE_MODEL_POLICY,2,15.001691866998954,10.554
STAGE_MODEL_POLICY,2,15.052044111998839,9.945
STAGE_MODEL_POLICY,2,15.10244959099873,10.064
STAGE_MODEL_POLICY,2,15.15304632399966,10.064
STAGE_MODEL_POLICY,2,15.20353934099876,11.224
STAGE_MODEL_POLICY,2,15.256577881998965,11.224
STAGE_MODEL_POLICY,2,15.311232501999257,10.536
STAGE_MODEL_POLICY,2,15.361683211000127,10.536
STAGE_MODEL_POLICY,2,15.413272990999758,9.94
STAGE_MODEL_POLICY,2,15.463851357999374,9.94
STAGE_MODEL_POLICY,2,15.514328524999655,10.083
STAGE_MODEL_POLICY,2,15.564761753999846,10.821
STAGE_MODEL_POLICY,2,15.616101022998919,10.821
STAGE_MODEL_POLICY,2,15.66757460000008,10.517
STAGE_MODEL_POLICY,2,15.718107611999585,10.517
STAGE_MODEL_POLICY,2,15.768799366000167,10.239
STAGE_MODEL_POLICY,2,15.822287949000383,10.239
STAGE_MODEL_POLICY,2,15.877237184999103,10.42
STAGE_MODEL_POLICY,2,15.927660833000118,10.503
STAGE_MODEL_POLICY,2,15.978358177999326,10.503
STAGE_MODEL_POLICY,2,16.03321408299962,11.599
STAGE_MODEL_POLICY,2,16.084751795999182,11.599
STAGE_MODEL_POLICY,2,16.136166960999617,9.323
STAGE_MODEL_POLICY,2,16.186617933999514,9.323
STAGE_MODEL_POLICY,2,16.237140654999166,11.084
STAGE_MODEL_POLICY,2,16.28859673899933,10.035
STAGE_MODEL_POLICY,2,16.340047834999496,13.962
STAGE_MODEL_POLICY,2,16.393621883000378,15.0
STAGE_MODEL_POLICY,2,16.446209642999747,15.0
STAGE_MODEL_POLICY,2,16.500165014998856,11.515
STAGE_MODEL_POLICY,2,16.55145188899951,11.515
STAGE_MODEL_POLICY,2,16.603587988000072,10.348
STAGE_MODEL_POLICY,2,16.653907322999657,10.348
STAGE_MODEL_POLICY,2,16.704419005998716,10.486
STAGE_MODEL_POLICY,2,16.75481279700034,10.475
STAGE_MODEL_POLICY,2,16.8053049809987,10.475
STAGE_MODEL_POLICY,2,16.855700598000112,10.186
STAGE_MODEL_POLICY,2,16.90687918599906,10.186
STAGE_MODEL_POLICY,2,16.95742973399865,10.517
STAGE_MODEL_POLICY,2,17.008993827999802,10.517
STAGE_MODEL_POLICY,2,17.060246218999964,10.642
STAGE_MODEL_POLICY,2,17.110861982999268,10.642
STAGE_MODEL_POLICY,2,17.161384113000167,11.466
STAGE_MODEL_POLICY,2,17.218596560998776,9.393
STAGE_MODEL_POLICY,2,17.2691570019997,9.393
STAGE_MODEL_POLICY,2,17.31966644899876,9.937
STAGE_MODEL_POLICY,2,17.37014567499864,9.937
STAGE_MODEL_POLICY,2,17.428623640000296,13.664
STAGE_MODEL_POLICY,2,17.479974137999307,13.664
STAGE_MODEL_POLICY,2,17.53133124099986,10.4
STAGE_MODEL_POLICY,2,17.581804362000184,11.245
STAGE_MODEL_POLICY,2,17.63303412699861,11.245
STAGE_MODEL_POLICY,2,17.684798403999594,10.224
STAGE_MODEL_POLICY,2,17.73527565400036,10.224
STAGE_MODEL_POLICY,2,17.785816020999846,10.915
STAGE_MODEL_POLICY,2,17.83707381000022,10.915
STAGE_MODEL_POLICY,2,17.888130388999343,10.44
STAGE_MODEL_POLICY,2,17.938600974999645,10.44
STAGE_MODEL_POLICY,2,17.988946961999318,9.875
STAGE_MODEL_POLICY,2,18.03953340499902,10.25
STAGE_MODEL_POLICY,2,18.090617392999775,10.25
STAGE_MODEL_POLICY,2,18.14164947399877,10.646
STAGE_MODEL_POLICY,2,18.1920399619994,10.646
STAGE_MODEL_POLICY,2,18.24248359899866,10.475
STAGE_MODEL_POLICY,2,18.29309965399989,10.475
STAGE_MODEL_POLICY,2,18.343560717999935,9.697
STAGE_MODEL_POLICY,2,18.39580922299865,9.697
STAGE_MODEL_POLICY,2,18.45171265099998,10.205
STAGE_MODEL_POLICY,2,18.502146814998923,11.398
STAGE_MODEL_POLICY,2,18.55356664699866,11.398
STAGE_MODEL_POLICY,2,18.60489753099864,13.65
STAGE_MODEL_POLICY,2,18.656122750999202,13.65
STAGE_MODEL_POLICY,2,18.707444240999394,9.475
STAGE_MODEL_POLICY,2,18.75778954999987,9.475
STAGE_MODEL_POLICY,2,18.808192705999318,7.728
STAGE_MODEL_POLICY,2,18.859186620999026,11.019
STAGE_MODEL_POLICY,2,18.909721072999673,11.019
STAGE_MODEL_POLICY,2,18.960301430999607,10.669
STAGE_MODEL_POLICY,2,19.01523030200042,10.669
STAGE_MODEL_POLICY,2,19.069342707998658,9.529
STAGE_MODEL_POLICY,2,19.120013984000252,9.529
STAGE_MODEL_POLICY,2,19.170460736999303,10.227
STAGE_MODEL_POLICY,2,19.221458146999794,10.227
STAGE_MODEL_POLICY,2,19.272607210999922,10.676
STAGE_MODEL_POLICY,2,19.323013565999645,10.497
STAGE_MODEL_POLICY,2,19.37520375999884,9.616
STAGE_MODEL_POLICY,2,19.426437578000332,9.67
STAGE_MODEL_POLICY,2,19.482932461998644,9.67
STAGE_MODEL_POLICY,2,19.536910232000082,10.485
STAGE_MODEL_POLICY,2,19.587422571999923,10.485
STAGE_MODEL_POLICY,2,19.637830798999858,10.886
STAGE_MODEL_POLICY,2,19.689223403998767,10.931
STAGE_MODEL_POLICY,2,19.74132895999901,10.931
STAGE_MODEL_POLICY,2,19.79334058099994,9.921
STAGE_MODEL_POLICY,2,19.843794614000217,9.921
STAGE_MODEL_POLICY,2,19.894156827000188,9.873
STAGE_MODEL_POLICY,2,19.944563336999636,9.873
STAGE_MODEL_POLICY,2,19.995123241998954,10.117
STAGE_MODEL_POLICY,2,20.04565500999888,10.117
STAGE_MODEL_POLICY,2,20.096136105999904,10.988
STAGE_MODEL_POLICY,2,20.147313630999633,9.59
STAGE_MODEL_POLICY,2,20.197662331000174,9.59
STAGE_MODEL_POLICY,2,20.248170441000184,10.059
STAGE_MODEL_POLICY,2,20.299448630999905,10.059
STAGE_MODEL_POLICY,2,20.35120155599907,10.7
STAGE_MODEL_POLICY,2,20.401846787999602,10.7
STAGE_MODEL_POLICY,2,20.452243551999345,10.316
STAGE_MODEL_POLICY,2,20.509570383999744,9.537
STAGE_MODEL_POLICY,2,20.55992757599961,9.537
STAGE_MODEL_POLICY,2,20.61042451799949,9.065
STAGE_MODEL_POLICY,2,20.661552536999807,9.065
STAGE_MODEL_POLICY,2,20.71264576700014,10.61
STAGE_MODEL_POLICY,2,20.763176198999645,10.61
STAGE_MODEL_POLICY,2,20.8138015659988,9.777
STAGE_MODEL_POLICY,2,20.867186393999873,9.777
STAGE_MODEL_POLICY,2,20.923071711000375,9.53
STAGE_MODEL_POLICY,2,20.97352881000006,5.885
STAGE_MODEL_POLICY,2,21.02479816199957,5.885
STAGE_MODEL_POLICY,2,21.07606892699914,10.675
STAGE_MODEL_POLICY,2,21.1264647400003,10.675
STAGE_MODEL_POLICY,2,21.17689138499918,10.483
STAGE_MODEL_POLICY,2,21.227324569999837,10.483
STAGE_MODEL_POLICY,2,21.27795633200003,9.384
STAGE_MODEL_POLICY,2,21.32932954699936,9.384
STAGE_MODEL_POLICY,2,21.38086514799943,10.568
STAGE_MODEL_POLICY,2,21.431372048999037,10.603
STAGE_MODEL_POLICY,2,21.48190395599886,10.603
STAGE_MODEL_POLICY,2,21.53237296899897,10.235
STAGE_MODEL_POLICY,2,21.583717767000053,10.235
STAGE_MODEL_POLICY,2,21.635295554999175,9.604
STAGE_MODEL_POLICY,2,21.685910206999324,9.604
STAGE_MODEL_POLICY,2,21.736385950000113,9.515
STAGE_MODEL_POLICY,2,21.787777800000185,9.515
STAGE_MODEL_POLICY,2,21.839071147998766,10.708
STAGE_MODEL_POLICY,2,21.88951332800025,10.661
STAGE_MODEL_POLICY,2,21.942347345999224,10.661
STAGE_MODEL_POLICY,2,21.99473690999912,8.82
STAGE_MODEL_POLICY,2,22.047089936999328,10.357
STAGE_MODEL_POLICY,2,22.099131576998843,10.663
STAGE_MODEL_POLICY,2,22.150482905999525,10.663
STAGE_MODEL_POLICY,2,22.20163927700014,10.729
STAGE_MODEL_POLICY,2,22.25224379899919,19.615
STAGE_MODEL_POLICY,2,22.30343828900004,19.615
STAGE_MODEL_POLICY,2,22.355514643999413,9.541
STAGE_MODEL_POLICY,2,22.406974461999198,9.541
STAGE_MODEL_POLICY,2,22.457361938999384,9.917
STAGE_MODEL_POLICY,2,22.507722348000243,9.917
STAGE_MODEL_POLICY,2,22.558071077999557,11.04
STAGE_MODEL_POLICY,2,22.6105659320001,11.04
STAGE_MODEL_POLICY,2,22.662486027998966,10.175
STAGE_MODEL_POLICY,2,22.712798687998657,10.224
STAGE_MODEL_POLICY,2,22.763835984000252,10.536
STAGE_MODEL_POLICY,2,22.819188161000056,10.536
STAGE_MODEL_POLICY,2,22.874403129999337,10.536
STAGE_MODEL_POLICY,2,22.928248026999427,10.598
STAGE_MODEL_POLICY,2,22.978711584999473,10.598
STAGE_MODEL_POLICY,2,23.02930464400015,10.321
STAGE_MODEL_POLICY,2,23.080912362998788,10.393
STAGE_MODEL_POLICY,2,23.133633501998702,10.393
STAGE_MODEL_POLICY,2,23.188205317999746,10.64
STAGE_MODEL_POLICY,2,23.239432250999016,10.64
STAGE_MODEL_POLICY,2,23.29152719599915,10.615
STAGE_MODEL_POLICY,2,23.342493857999216,10.615
STAGE_MODEL_POLICY,2,23.39284643999963,10.637
STAGE_MODEL_POLICY,2,23.44320809399869,10.262
STAGE_MODEL_POLICY,2,23.493768594998983,10.262
STAGE_MODEL_POLICY,2,23.544584264998775,10.258
STAGE_MODEL_POLICY,2,23.595080670000243,10.258
STAGE_MODEL_POLICY,2,23.645419196000148,10.325
STAGE_MODEL_POLICY,2,23.695920668000326,10.325
STAGE_MODEL_POLICY,2,23.74644280299981,10.404
STAGE_MODEL_POLICY,2,23.796995122000226,10.404
STAGE_MODEL_POLICY,2,23.847469520998857,10.287
STAGE_MODEL_POLICY,2,23.89793117299996,10.282
STAGE_MODEL_POLICY,2,23.948403743999734,10.282
STAGE_MODEL_POLICY,2,23.998741620000146,10.32
STAGE_MODEL_POLICY,2,24.049264944998868,10.32
STAGE_MODEL_POLICY,2,24.09977452899875,10.333
STAGE_MODEL_POLICY,2,24.15015409499938,10.333
STAGE_MODEL_POLICY,2,24.200683498000217,10.236
STAGE_MODEL_POLICY,2,24.25114051899982,10.236
STAGE_MODEL_POLICY,2,24.301486780999767,10.227
STAGE_MODEL_POLICY,2,24.35187400599898,10.227
STAGE_MODEL_POLICY,2,24.4022051310003,10.223
STAGE_MODEL_POLICY,2,24.452745229998982,10.297
STAGE_MODEL_POLICY,2,24.503414692999286,10.297
STAGE_MODEL_POLICY,2,24.553922999999486,10.202
STAGE_MODEL_POLICY,2,24.604411551999874,10.202
STAGE_MODEL_POLICY,2,24.654775889999655,10.213
STAGE_MODEL_POLICY,2,24.705210623998937,10.213
STAGE_MODEL_POLICY,2,24.75563195399991,10.199
STAGE_MODEL_POLICY,2,24.806146982000428,10.199
STAGE_MODEL_POLICY,2,24.856562622999263,10.271
STAGE_MODEL_POLICY,2,24.907084606000353,10.271
STAGE_MODEL_POLICY,2,24.957540714998686,10.162
STAGE_MODEL_POLICY,2,25.008075343999735,10.171
STAGE_MODEL_POLICY,2,25.058375175998663,10.171
STAGE_MODEL_POLICY,2,25.108791648999613,11.394
STAGE_MODEL_POLICY,2,25.15976414999932,11.394
STAGE_MODEL_POLICY,2,25.211154855998757,10.053
STAGE_MODEL_POLICY,2,25.261542197999006,10.053
STAGE_MODEL_POLICY,2,25.311940073999722,9.836
STAGE_MODEL_POLICY,2,25.362374336000357,9.836
STAGE_MODEL_POLICY,2,25.41283345299962,11.808
STAGE_MODEL_POLICY,2,25.46405763599978,10.946
STAGE_MODEL_POLICY,2,25.516563023000344,10.946
STAGE_MODEL_POLICY,2,25.567680399999517,10.729
STAGE_MODEL_POLICY,2,25.618157520999375,10.729
STAGE_MODEL_POLICY,2,25.66862201499862,10.234
STAGE_MODEL_POLICY,2,25.719079503000103,10.234
STAGE_MODEL_POLICY,2,25.769460575000267,10.181
STAGE_MODEL_POLICY,2,25.819921742999213,10.181
STAGE_MODEL_POLICY,2,25.8702701229995,10.312
STAGE_MODEL_POLICY,2,25.920617587999004,10.766
STAGE_MODEL_POLICY,2,25.972095353999975,10.766
STAGE_MODEL_POLICY,2,26.025002513999425,9.744
STAGE_MODEL_POLICY,2,26.075471451998965,9.744
STAGE_MODEL_POLICY,2,26.12586030899911,10.237
STAGE_MODEL_POLICY,2,26.176318959998753,10.237
STAGE_MODEL_POLICY,2,26.22665135599891,10.371
STAGE_MODEL_POLICY,2,26.277108766998936,10.371
STAGE_MODEL_POLICY,2,26.327565317000335,10.275
STAGE_MODEL_POLICY,2,26.378045122999538,10.213
STAGE_MODEL_POLICY,2,26.42842370499966,10.213
STAGE_MODEL_POLICY,2,26.478956261998974,10.237
STAGE_MODEL_POLICY,2,26.52940250699976,10.237
STAGE_MODEL_POLICY,2,26.579793721999522,10.302
STAGE_MODEL_POLICY,2,26.63028182599919,10.302
STAGE_MODEL_POLICY,2,26.680703984999127,10.262
STAGE_MODEL_POLICY,2,26.73123156499969,10.262
STAGE_MODEL_POLICY,2,26.78176542899928,10.212
STAGE_MODEL_POLICY,2,26.83221329299886,10.264
STAGE_MODEL_POLICY,2,26.882648159999007,10.264
STAGE_MODEL_POLICY,2,26.93310315599956,10.303
STAGE_MODEL_POLICY,2,26.983543812999415,10.303
STAGE_MODEL_POLICY,2,27.033912597999006,10.327
STAGE_MODEL_POLICY,2,27.084329531999174,10.327
STAGE_MODEL_POLICY,2,27.13494604100015,10.236
STAGE_MODEL_POLICY,2,27.1854529559987,10.236
STAGE_MODEL_POLICY,2,27.23582035199979,10.241
STAGE_MODEL_POLICY,2,27.286309777999122,10.241
STAGE_MODEL_POLICY,2,27.33696020699972,10.305
STAGE_MODEL_POLICY,2,27.38747962599882,10.305
STAGE_MODEL_POLICY,2,27.438034904998858,10.305
STAGE_MODEL_POLICY,2,27.488392801000373,10.257
STAGE_MODEL_POLICY,2,27.538796656999693,10.257
STAGE_MODEL_POLICY,2,27.589182912999604,9.923
STAGE_MODEL_POLICY,2,27.641939667999395,9.923
STAGE_MODEL_POLICY,2,27.693987616999948,10.717
STAGE_MODEL_POLICY,2,27.744598432998828,10.717
STAGE_MODEL_POLICY,2,27.794974335000006,9.636
STAGE_MODEL_POLICY,2,27.84619971400025,9.782
STAGE_MODEL_POLICY,2,27.896608589999232,9.782
STAGE_MODEL_POLICY,2,27.94723196099949,5.77
STAGE_MODEL_POLICY,2,27.99884119499984,5.77
STAGE_MODEL_POLICY,2,28.050625423000383,10.436
STAGE_MODEL_POLICY,2,28.101143865000267,10.436
STAGE_MODEL_POLICY,2,28.151738673999716,10.564
STAGE_MODEL_POLICY,2,28.202633741999307,10.564
STAGE_MODEL_POLICY,2,28.253256705998865,12.619
STAGE_MODEL_POLICY,2,28.315441180999187,12.619
STAGE_MODEL_POLICY,2,28.367141034999804,10.02
STAGE_MODEL_POLICY,2,28.42034385899933,10.02
STAGE_MODEL_POLICY,2,28.472025891000158,10.561
STAGE_MODEL_POLICY,2,28.52254827899924,10.561
STAGE_MODEL_POLICY,2,28.57305119099874,10.576
STAGE_MODEL_POLICY,2,28.623721267998917,10.576
STAGE_MODEL_POLICY,2,28.674230880998948,9.679
STAGE_MODEL_POLICY,2,28.72551387599924,11.078
STAGE_MODEL_POLICY,2,28.77805335300036,9.967
STAGE_MODEL_POLICY,2,28.83486270799949,10.608
STAGE_MODEL_POLICY,2,28.88541899899974,10.608
STAGE_MODEL_POLICY,2,28.93592114799867,11.513
STAGE_MODEL_POLICY,2,28.988153483998758,11.513
STAGE_MODEL_POLICY,2,29.041506850999212,13.918
STAGE_MODEL_POLICY,2,29.092509701999006,13.918
STAGE_MODEL_POLICY,2,29.144492211000397,18.384
STAGE_MODEL_POLICY,2,29.200804463998793,18.384
STAGE_MODEL_POLICY,2,29.25617642999896,9.626
STAGE_MODEL_POLICY,2,29.30681245300002,6.326
STAGE_MODEL_POLICY,2,29.360326910000367,6.326
STAGE_MODEL_POLICY,2,29.411479136999333,11.084
STAGE_MODEL_POLICY,2,29.462588139000218,11.084
STAGE_MODEL_POLICY,2,29.51379208599974,10.106
STAGE_MODEL_POLICY,2,29.564404996999656,10.106
STAGE_MODEL_POLICY,2,29.61498177300018,10.227
STAGE_MODEL_POLICY,2,29.666799466000157,10.831
STAGE_MODEL_POLICY,2,29.72293354300018,10.831
STAGE_MODEL_POLICY,2,29.776796571999512,10.602
STAGE_MODEL_POLICY,2,29.827153833999546,10.602
STAGE_MODEL_POLICY,2,29.877621378000185,12.075
STAGE_MODEL_POLICY,2,29.92889900800037,12.075
STAGE_MODEL_POLICY,2,29.97995917099979,9.485
STAGE_FULL_PIPELINE,2,0.002488219999577268,5.875
STAGE_FULL_PIPELINE,2,0.05438171700006933,5.875
STAGE_FULL_PIPELINE,2,0.10564646599959815,13.868
STAGE_FULL_PIPELINE,2,0.1575207980004052,13.868
STAGE_FULL_PIPELINE,2,0.20998222999878635,15.714
STAGE_FULL_PIPELINE,2,0.2639015519998793,15.714
STAGE_FULL_PIPELINE,2,0.32033136499921966,16.972
STAGE_FULL_PIPELINE,2,0.371610554999279,10.179
STAGE_FULL_PIPELINE,2,0.42206305599938787,10.179
STAGE_FULL_PIPELINE,2,0.4726272110001446,10.417
STAGE_FULL_PIPELINE,2,0.5232463270003791,10.417
STAGE_FULL_PIPELINE,2,0.5736480870000378,10.415
STAGE_FULL_PIPELINE,2,0.6239501319996634,10.415
STAGE_FULL_PIPELINE,2,0.6743978439990315,10.184
STAGE_FULL_PIPELINE,2,0.7247948139993241,10.184
STAGE_FULL_PIPELINE,2,0.7752612179992866,10.464
STAGE_FULL_PIPELINE,2,0.8264530449996528,10.665
STAGE_FULL_PIPELINE,2,0.8769889939994755,10.665
STAGE_FULL_PIPELINE,2,0.927465521999693,11.383
STAGE_FULL_PIPELINE,2,0.9816921660003572,11.383
STAGE_FULL_PIPELINE,2,1.0358227870001429,9.54
STAGE_FULL_PIPELINE,2,1.0865518289992906,9.54
STAGE_FULL_PIPELINE,2,1.1369576629986113,10.053
STAGE_FULL_PIPELINE,2,1.1873678769989056,10.053
STAGE_FULL_PIPELINE,2,1.237846289999652,13.895
STAGE_FULL_PIPELINE,2,1.2912188849986705,10.375
STAGE_FULL_PIPELINE,2,1.3416202119988156,10.375
STAGE_FULL_PIPELINE,2,1.3919463610000093,9.926
STAGE_FULL_PIPELINE,2,1.442516295999667,9.926
STAGE_FULL_PIPELINE,2,1.4932583209993027,10.111
STAGE_FULL_PIPELINE,2,1.5438167739994242,10.111
STAGE_FULL_PIPELINE,2,1.5943313480001962,10.248
STAGE_FULL_PIPELINE,2,1.6450298799991288,10.248
STAGE_FULL_PIPELINE,2,1.6955852159990172,7.799
STAGE_FULL_PIPELINE,2,1.7476304589999927,9.96
STAGE_FULL_PIPELINE,2,1.8002831239991792,9.96
STAGE_FULL_PIPELINE,2,1.8520740359999763,10.548
STAGE_FULL_PIPELINE,2,1.9025466709990724,10.548
STAGE_FULL_PIPELINE,2,1.9532922509988566,10.627
STAGE_FULL_PIPELINE,2,2.003917015999832,10.627
STAGE_FULL_PIPELINE,2,2.054502314000274,10.554
STAGE_FULL_PIPELINE,2,2.105073105998599,10.554
STAGE_FULL_PIPELINE,2,2.1554501649989106,10.343
STAGE_FULL_PIPELINE,2,2.2059501749990886,10.259
STAGE_FULL_PIPELINE,2,2.259896141000354,10.259
STAGE_FULL_PIPELINE,2,2.3159710849995463,10.653
STAGE_FULL_PIPELINE,2,2.3664718740001263,10.653
STAGE_FULL_PIPELINE,2,2.4169670109986328,10.477
STAGE_FULL_PIPELINE,2,2.4673376190003182,10.477
STAGE_FULL_PIPELINE,2,2.5190953199999058,7.071
STAGE_FULL_PIPELINE,2,2.570361275000323,10.493
STAGE_FULL_PIPELINE,2,2.620782785999836,10.493
STAGE_FULL_PIPELINE,2,2.6712836819988297,10.559
STAGE_FULL_PIPELINE,2,2.7216897899998003,10.559
STAGE_FULL_PIPELINE,2,2.7721065360001376,10.625
STAGE_FULL_PIPELINE,2,2.823430729999018,10.625
STAGE_FULL_PIPELINE,2,2.875506624999616,9.454
STAGE_FULL_PIPELINE,2,2.925844417999542,9.454
STAGE_FULL_PIPELINE,2,2.9763118849987222,10.151
STAGE_FULL_PIPELINE,2,3.0330100920000405,10.666
STAGE_FULL_PIPELINE,2,3.0835039209996467,10.666
STAGE_FULL_PIPELINE,2,3.1339859159998014,10.829
STAGE_FULL_PIPELINE,2,3.185353717999533,10.829
STAGE_FULL_PIPELINE,2,3.236767313999735,9.55
STAGE_FULL_PIPELINE,2,3.2872540059997846,9.55
STAGE_FULL_PIPELINE,2,3.337626732998615,10.321
STAGE_FULL_PIPELINE,2,3.3895897080001305,10.651
STAGE_FULL_PIPELINE,2,3.4400108459994954,10.651
STAGE_FULL_PIPELINE,2,3.4904646839986526,10.424
STAGE_FULL_PIPELINE,2,3.540895272999478,10.424
STAGE_FULL_PIPELINE,2,3.5913756049994845,10.22
STAGE_FULL_PIPELINE,2,3.64180087800014,10.22
STAGE_FULL_PIPELINE,2,3.6920965609988343,10.239
STAGE_FULL_PIPELINE,2,3.7425850319996243,10.239
STAGE_FULL_PIPELINE,2,3.7929987299994536,10.332
STAGE_FULL_PIPELINE,2,3.843569676999323,10.332
STAGE_FULL_PIPELINE,2,3.894145487998685,10.536
STAGE_FULL_PIPELINE,2,3.9511382189994038,9.642
STAGE_FULL_PIPELINE,2,4.001838374999352,9.642
STAGE_FULL_PIPELINE,2,4.052553440000338,10.107
STAGE_FULL_PIPELINE,2,4.102926796998872,10.107
STAGE_FULL_PIPELINE,2,4.153735797999616,11.349
STAGE_FULL_PIPELINE,2,4.204965557999458,11.349
STAGE_FULL_PIPELINE,2,4.257742214000245,10.206
STAGE_FULL_PIPELINE,2,4.3081954319986835,9.923
STAGE_FULL_PIPELINE,2,4.358617818999846,9.923
STAGE_FULL_PIPELINE,2,4.409018905998892,10.139
STAGE_FULL_PIPELINE,2,4.459395649999351,10.139
STAGE_FULL_PIPELINE,2,4.513806454999212,10.813
STAGE_FULL_PIPELINE,2,4.56490892399961,10.813
STAGE_FULL_PIPELINE,2,4.616151190999517,10.169
STAGE_FULL_PIPELINE,2,4.666725215000042,10.169
STAGE_FULL_PIPELINE,2,4.717382769998949,6.145
STAGE_FULL_PIPELINE,2,4.774798311000268,10.562
STAGE_FULL_PIPELINE,2,4.825243543999022,10.562
STAGE_FULL_PIPELINE,2,4.875654415000099,10.61
STAGE_FULL_PIPELINE,2,4.926257391000036,10.61
STAGE_FULL_PIPELINE,2,4.976692353999169,10.369
STAGE_FULL_PIPELINE,2,5.031994347000364,10.369
STAGE_FULL_PIPELINE,2,5.088517189999038,9.617
STAGE_FULL_PIPELINE,2,5.138936187999207,10.09
STAGE_FULL_PIPELINE,2,5.189261293999152,10.09
STAGE_FULL_PIPELINE,2,5.239745564998884,10.277
STAGE_FULL_PIPELINE,2,5.290456265000103,10.277
STAGE_FULL_PIPELINE,2,5.34081232599965,10.26
STAGE_FULL_PIPELINE,2,5.391158311998879,10.26
STAGE_FULL_PIPELINE,2,5.441533256000184,10.185
STAGE_FULL_PIPELINE,2,5.491870036999899,10.185
STAGE_FULL_PIPELINE,2,5.542358118998891,9.887
STAGE_FULL_PIPELINE,2,5.593731434999427,10.662
STAGE_FULL_PIPELINE,2,5.644350616999873,10.662
STAGE_FULL_PIPELINE,2,5.694921024998621,10.325
STAGE_FULL_PIPELINE,2,5.746387262999633,10.325
STAGE_FULL_PIPELINE,2,5.797566508999807,9.597
STAGE_FULL_PIPELINE,2,5.848174112999914,9.597
STAGE_FULL_PIPELINE,2,5.89871021900035,10.075
STAGE_FULL_PIPELINE,2,5.949112846999924,10.075
STAGE_FULL_PIPELINE,2,5.999475626000276,10.242
STAGE_FULL_PIPELINE,2,6.049836120999316,10.219
STAGE_FULL_PIPELINE,2,6.100293268000314,10.219
STAGE_FULL_PIPELINE,2,6.1507358939998085,10.079
STAGE_FULL_PIPELINE,2,6.201280927998596,10.079
STAGE_FULL_PIPELINE,2,6.251841511999373,9.774
STAGE_FULL_PIPELINE,2,6.305388486998709,10.98
STAGE_FULL_PIPELINE,2,6.356362331000128,9.646
STAGE_FULL_PIPELINE,2,6.417955421999068,10.452
STAGE_FULL_PIPELINE,2,6.469034842999463,10.452
STAGE_FULL_PIPELINE,2,6.520265175999157,9.595
STAGE_FULL_PIPELINE,2,6.5706185250001,9.595
STAGE_FULL_PIPELINE,2,6.621103952998965,10.095
STAGE_FULL_PIPELINE,2,6.67166173700025,10.095
STAGE_FULL_PIPELINE,2,6.722362045000409,10.278
STAGE_FULL_PIPELINE,2,6.7728313190000335,10.278
STAGE_FULL_PIPELINE,2,6.823217590999775,10.268
STAGE_FULL_PIPELINE,2,6.8763945840000815,9.725
STAGE_FULL_PIPELINE,2,6.926836570999512,9.725
STAGE_FULL_PIPELINE,2,6.977237850000165,5.983
STAGE_FULL_PIPELINE,2,7.02859425799943,5.983
STAGE_FULL_PIPELINE,2,7.079847891998725,5.991
STAGE_FULL_PIPELINE,2,7.131747366000127,5.991
STAGE_FULL_PIPELINE,2,7.184833852999873,10.167
STAGE_FULL_PIPELINE,2,7.235115928999221,10.167
STAGE_FULL_PIPELINE,2,7.285462843999994,16.322
STAGE_FULL_PIPELINE,2,7.33714283900008,9.412
STAGE_FULL_PIPELINE,2,7.389106220998656,13.123
STAGE_FULL_PIPELINE,2,7.440280324999549,10.392
STAGE_FULL_PIPELINE,2,7.492442693999692,9.57
STAGE_FULL_PIPELINE,2,7.544779347999793,10.346
STAGE_FULL_PIPELINE,2,7.596860777999609,10.837
STAGE_FULL_PIPELINE,2,7.650029802998688,8.883
STAGE_FULL_PIPELINE,2,7.70670785099901,10.677
STAGE_FULL_PIPELINE,2,7.757015166998826,10.677
STAGE_FULL_PIPELINE,2,7.807297504999951,10.671
STAGE_FULL_PIPELINE,2,7.857607967000149,10.671
STAGE_FULL_PIPELINE,2,7.907950287999483,10.464
STAGE_FULL_PIPELINE,2,7.958284795999134,10.464
STAGE_FULL_PIPELINE,2,8.008716034999452,10.273
STAGE_FULL_PIPELINE,2,8.059303218999048,10.273
STAGE_FULL_PIPELINE,2,8.109881383999891,10.334
STAGE_FULL_PIPELINE,2,8.160167889998775,10.378
STAGE_FULL_PIPELINE,2,8.210602717999791,10.378
STAGE_FULL_PIPELINE,2,8.260904900998867,10.318
STAGE_FULL_PIPELINE,2,8.311262081999303,10.318
STAGE_FULL_PIPELINE,2,8.361654581998664,10.284
STAGE_FULL_PIPELINE,2,8.41243102199951,10.284
STAGE_FULL_PIPELINE,2,8.463201163000122,10.278
STAGE_FULL_PIPELINE,2,8.513676571999895,10.278
STAGE_FULL_PIPELINE,2,8.56416480199914,10.314
STAGE_FULL_PIPELINE,2,8.614581693000218,10.282
STAGE_FULL_PIPELINE,2,8.665086902999974,10.282
STAGE_FULL_PIPELINE,2,8.715598617998694,10.173
STAGE_FULL_PIPELINE,2,8.766061495998656,10.173
STAGE_FULL_PIPELINE,2,8.816663689998677,10.179
STAGE_FULL_PIPELINE,2,8.867052399999011,10.179
STAGE_FULL_PIPELINE,2,8.917488301000049,10.277
STAGE_FULL_PIPELINE,2,8.967875471998923,10.277
STAGE_FULL_PIPELINE,2,9.018354113999521,10.238
STAGE_FULL_PIPELINE,2,9.068838557999698,10.238
STAGE_FULL_PIPELINE,2,9.119291008999426,10.138
STAGE_FULL_PIPELINE,2,9.1696567529998,10.148
STAGE_FULL_PIPELINE,2,9.220192704999135,10.148
STAGE_FULL_PIPELINE,2,9.27067803799946,10.193
STAGE_FULL_PIPELINE,2,9.321217053999135,10.193
STAGE_FULL_PIPELINE,2,9.371635984998647,10.181
STAGE_FULL_PIPELINE,2,9.422183249998852,10.181
STAGE_FULL_PIPELINE,2,9.472687366998798,10.123
STAGE_FULL_PIPELINE,2,9.523123180999391,10.123
STAGE_FULL_PIPELINE,2,9.57368851299907,10.115
STAGE_FULL_PIPELINE,2,9.624046577999252,10.167
STAGE_FULL_PIPELINE,2,9.674467445000118,10.167
STAGE_FULL_PIPELINE,2,9.724881338999694,10.157
STAGE_FULL_PIPELINE,2,9.775257860999773,10.157
STAGE_FULL_PIPELINE,2,9.82569143299952,10.098
STAGE_FULL_PIPELINE,2,9.876261970999622,10.098
STAGE_FULL_PIPELINE,2,9.926577172998805,10.099
STAGE_FULL_PIPELINE,2,9.977018255000075,10.099
STAGE_FULL_PIPELINE,2,10.027475333999973,10.162
STAGE_FULL_PIPELINE,2,10.077940553999724,10.162
STAGE_FULL_PIPELINE,2,10.128408254999158,10.152
STAGE_FULL_PIPELINE,2,10.1788373950003,10.095
STAGE_FULL_PIPELINE,2,10.229295859999183,10.095
STAGE_FULL_PIPELINE,2,10.27969304599901,10.103
STAGE_FULL_PIPELINE,2,10.330038879999847,10.103
STAGE_FULL_PIPELINE,2,10.380402413999036,10.213
STAGE_FULL_PIPELINE,2,10.430804644998716,10.213
STAGE_FULL_PIPELINE,2,10.481260859000031,10.177
STAGE_FULL_PIPELINE,2,10.531661368999266,10.177
STAGE_FULL_PIPELINE,2,10.582073982999646,9.728
STAGE_FULL_PIPELINE,2,10.633308845999636,10.547
STAGE_FULL_PIPELINE,2,10.68376946799981,10.547
STAGE_FULL_PIPELINE,2,10.734348443000272,10.546
STAGE_FULL_PIPELINE,2,10.78481643899977,10.546
STAGE_FULL_PIPELINE,2,10.835262053000406,9.541
STAGE_FULL_PIPELINE,2,10.886419380000007,9.541
STAGE_FULL_PIPELINE,2,10.937540443999751,10.076
STAGE_FULL_PIPELINE,2,10.987958408999475,10.076
STAGE_FULL_PIPELINE,2,11.038362741999663,10.322
STAGE_FULL_PIPELINE,2,11.088763642999766,13.857
STAGE_FULL_PIPELINE,2,11.140564387998893,13.857
STAGE_FULL_PIPELINE,2,11.192000179999013,10.708
STAGE_FULL_PIPELINE,2,11.244310215999576,10.708
STAGE_FULL_PIPELINE,2,11.29625991499961,9.667
STAGE_FULL_PIPELINE,2,11.346755296999618,9.667
STAGE_FULL_PIPELINE,2,11.397285821998594,10.086
STAGE_FULL_PIPELINE,2,11.4477030679991,10.086
STAGE_FULL_PIPELINE,2,11.498093010999582,10.233
STAGE_FULL_PIPELINE,2,11.548443846999362,10.12
STAGE_FULL_PIPELINE,2,11.598916328999621,10.12
STAGE_FULL_PIPELINE,2,11.649429494000287,10.018
STAGE_FULL_PIPELINE,2,11.699836058998699,10.018
STAGE_FULL_PIPELINE,2,11.750368971999706,10.108
STAGE_FULL_PIPELINE,2,11.800819379999666,10.108
STAGE_FULL_PIPELINE,2,11.851277144998676,11.099
STAGE_FULL_PIPELINE,2,11.90244917400014,11.099
STAGE_FULL_PIPELINE,2,11.954570993999369,9.798
STAGE_FULL_PIPELINE,2,12.005017841998779,9.848
STAGE_FULL_PIPELINE,2,12.055358244999297,9.848
STAGE_FULL_PIPELINE,2,12.105722862999755,10.098
STAGE_FULL_PIPELINE,2,12.156098311999813,10.098
STAGE_FULL_PIPELINE,2,12.206484178999744,10.228
STAGE_FULL_PIPELINE,2,12.25689228400006,10.228
STAGE_FULL_PIPELINE,2,12.307286384999315,9.528
STAGE_FULL_PIPELINE,2,12.358519800998693,9.528
STAGE_FULL_PIPELINE,2,12.410704228999748,9.806
STAGE_FULL_PIPELINE,2,12.461273654998877,10.196
STAGE_FULL_PIPELINE,2,12.511684895000144,10.196
STAGE_FULL_PIPELINE,2,12.562085182998999,10.329
STAGE_FULL_PIPELINE,2,12.612488389999271,10.329
STAGE_FULL_PIPELINE,2,12.662976386998707,10.197
STAGE_FULL_PIPELINE,2,12.713523894999526,10.197
STAGE_FULL_PIPELINE,2,12.76409859999876,10.126
STAGE_FULL_PIPELINE,2,12.823663526000018,10.126
STAGE_FULL_PIPELINE,2,12.874191802999121,11.73
STAGE_FULL_PIPELINE,2,12.925353324999378,10.411
STAGE_FULL_PIPELINE,2,12.97787755599893,10.411
STAGE_FULL_PIPELINE,2,13.029557994999777,9.255
STAGE_FULL_PIPELINE,2,13.080182468998828,9.255
STAGE_FULL_PIPELINE,2,13.13064071000008,9.05
STAGE_FULL_PIPELINE,2,13.181829879000361,9.05
STAGE_FULL_PIPELINE,2,13.233108327000082,10.579
STAGE_FULL_PIPELINE,2,13.283604242000365,10.579
STAGE_FULL_PIPELINE,2,13.334085827000308,10.577
STAGE_FULL_PIPELINE,2,13.384470827999394,10.359
STAGE_FULL_PIPELINE,2,13.434975886999382,10.359
STAGE_FULL_PIPELINE,2,13.485371937998934,10.176
STAGE_FULL_PIPELINE,2,13.535800481999104,10.176
STAGE_FULL_PIPELINE,2,13.586192920998656,5.783
STAGE_FULL_PIPELINE,2,13.637544305998745,5.783
STAGE_FULL_PIPELINE,2,13.689516356998865,10.325
STAGE_FULL_PIPELINE,2,13.739933457000006,10.325
STAGE_FULL_PIPELINE,2,13.790306834998773,7.068
STAGE_FULL_PIPELINE,2,13.841632157998902,9.42
STAGE_FULL_PIPELINE,2,13.893070565000016,9.42
STAGE_FULL_PIPELINE,2,13.945469685999342,10.599
STAGE_FULL_PIPELINE,2,13.995952473000216,10.599
STAGE_FULL_PIPELINE,2,14.046541042998797,8.761
STAGE_FULL_PIPELINE,2,14.102181033000306,8.761
STAGE_FULL_PIPELINE,2,14.15730715599966,10.708
STAGE_FULL_PIPELINE,2,14.207916229999682,8.704
STAGE_FULL_PIPELINE,2,14.267535330998726,8.704
STAGE_FULL_PIPELINE,2,14.319885352999336,10.673
STAGE_FULL_PIPELINE,2,14.370421576999433,10.673
STAGE_FULL_PIPELINE,2,14.42091115599942,10.694
STAGE_FULL_PIPELINE,2,14.471541241999148,10.694
STAGE_FULL_PIPELINE,2,14.521885459998884,10.381
STAGE_FULL_PIPELINE,2,14.572278046000065,10.294
STAGE_FULL_PIPELINE,2,14.622586872999818,10.294
STAGE_FULL_PIPELINE,2,14.6729376459989,10.365
STAGE_FULL_PIPELINE,2,14.723438256000009,10.365
STAGE_FULL_PIPELINE,2,14.773964743999386,9.089
STAGE_FULL_PIPELINE,2,14.82646655499957,9.089
STAGE_FULL_PIPELINE,2,14.881912978999026,9.626
STAGE_FULL_PIPELINE,2,14.932321643998876,9.626
STAGE_FULL_PIPELINE,2,14.98284337199948,9.37
STAGE_FULL_PIPELINE,2,15.03488662899872,10.624
STAGE_FULL_PIPELINE,2,15.08532567399925,10.624
STAGE_FULL_PIPELINE,2,15.13571402299931,10.269
STAGE_FULL_PIPELINE,2,15.186857577999035,10.269
STAGE_FULL_PIPELINE,2,15.238565875999484,9.762
STAGE_FULL_PIPELINE,2,15.288908978000109,9.762
STAGE_FULL_PIPELINE,2,15.339365219999308,9.474
STAGE_FULL_PIPELINE,2,15.3948692569993,10.605
STAGE_FULL_PIPELINE,2,15.445298390999596,10.605
STAGE_FULL_PIPELINE,2,15.495642874999248,10.614
STAGE_FULL_PIPELINE,2,15.546038156999202,10.614
STAGE_FULL_PIPELINE,2,15.60645877099887,7.991
STAGE_FULL_PIPELINE,2,15.657536193999476,7.991
STAGE_FULL_PIPELINE,2,15.708815861999028,9.914
STAGE_FULL_PIPELINE,2,15.759175207000226,9.914
STAGE_FULL_PIPELINE,2,15.809600147998935,10.242
STAGE_FULL_PIPELINE,2,15.860120753999581,10.38
STAGE_FULL_PIPELINE,2,15.910686797999006,10.38
STAGE_FULL_PIPELINE,2,15.96115343099882,10.217
STAGE_FULL_PIPELINE,2,16.01159324499895,10.217
STAGE_FULL_PIPELINE,2,16.062004366998735,10.159
STAGE_FULL_PIPELINE,2,16.11240739599998,10.159
STAGE_FULL_PIPELINE,2,16.162755711999125,10.228
STAGE_FULL_PIPELINE,2,16.21322322499873,10.228
STAGE_FULL_PIPELINE,2,16.26362065399917,10.287
STAGE_FULL_PIPELINE,2,16.314172929998676,10.216
STAGE_FULL_PIPELINE,2,16.364649924998957,10.216
STAGE_FULL_PIPELINE,2,16.41521001699948,10.184
STAGE_FULL_PIPELINE,2,16.46569817999989,10.184
STAGE_FULL_PIPELINE,2,16.516246610999588,10.226
STAGE_FULL_PIPELINE,2,16.567006641000262,10.226
STAGE_FULL_PIPELINE,2,16.617462322999927,10.251
STAGE_FULL_PIPELINE,2,16.6678943529987,10.251
STAGE_FULL_PIPELINE,2,16.7184655509991,8.71
STAGE_FULL_PIPELINE,2,16.769633717000033,9.951
STAGE_FULL_PIPELINE,2,16.820588202999716,9.951
STAGE_FULL_PIPELINE,2,16.87108618899947,10.0
STAGE_FULL_PIPELINE,2,16.923709269998653,10.0
STAGE_FULL_PIPELINE,2,16.978383637999286,10.639
STAGE_FULL_PIPELINE,2,17.02879022399975,10.639
STAGE_FULL_PIPELINE,2,17.07931674899919,10.078
STAGE_FULL_PIPELINE,2,17.129729168998892,10.078
STAGE_FULL_PIPELINE,2,17.18027862300005,9.663
STAGE_FULL_PIPELINE,2,17.232745380999404,10.573
STAGE_FULL_PIPELINE,2,17.283280367999396,10.573
STAGE_FULL_PIPELINE,2,17.333861516999605,10.699
STAGE_FULL_PIPELINE,2,17.385154376999708,10.699
STAGE_FULL_PIPELINE,2,17.436362676999124,9.559
STAGE_FULL_PIPELINE,2,17.486809856000036,9.559
STAGE_FULL_PIPELINE,2,17.53732915799992,9.336
STAGE_FULL_PIPELINE,2,17.588619647998712,9.336
STAGE_FULL_PIPELINE,2,17.6398061839991,10.607
STAGE_FULL_PIPELINE,2,17.690324766999765,10.604
STAGE_FULL_PIPELINE,2,17.74087280799904,10.604
STAGE_FULL_PIPELINE,2,17.79132814500008,10.261
STAGE_FULL_PIPELINE,2,17.841717454999525,10.261
STAGE_FULL_PIPELINE,2,17.892146231999504,10.207
STAGE_FULL_PIPELINE,2,17.94266862099903,10.207
STAGE_FULL_PIPELINE,2,17.993054229000336,5.911
STAGE_FULL_PIPELINE,2,18.044141303000288,5.911
STAGE_FULL_PIPELINE,2,18.095273240998722,10.597
STAGE_FULL_PIPELINE,2,18.14563971899952,10.045
STAGE_FULL_PIPELINE,2,18.196053136000046,10.045
STAGE_FULL_PIPELINE,2,18.24644997500036,9.251
STAGE_FULL_PIPELINE,2,18.30269989699991,9.251
STAGE_FULL_PIPELINE,2,18.358344280999518,10.493
STAGE_FULL_PIPELINE,2,18.408815339000284,10.493
STAGE_FULL_PIPELINE,2,18.45942222299891,10.506
STAGE_FULL_PIPELINE,2,18.515596256000208,9.446
STAGE_FULL_PIPELINE,2,18.566860306998933,9.446
STAGE_FULL_PIPELINE,2,18.61840894099987,10.106
STAGE_FULL_PIPELINE,2,18.66885388599985,10.106
STAGE_FULL_PIPELINE,2,18.71958358200027,9.759
STAGE_FULL_PIPELINE,2,18.771340044999306,9.759
STAGE_FULL_PIPELINE,2,18.825470204999874,10.636
STAGE_FULL_PIPELINE,2,18.876143536999734,10.636
STAGE_FULL_PIPELINE,2,18.926860734,8.356
STAGE_FULL_PIPELINE,2,18.97808508199887,9.825
STAGE_FULL_PIPELINE,2,19.02879418199882,9.825
STAGE_FULL_PIPELINE,2,19.0792714299987,10.156
STAGE_FULL_PIPELINE,2,19.129812072998902,10.156
STAGE_FULL_PIPELINE,2,19.18022731199926,16.33
STAGE_FULL_PIPELINE,2,19.231302624999444,16.33
STAGE_FULL_PIPELINE,2,19.282680115000403,10.046
STAGE_FULL_PIPELINE,2,19.333196747998954,10.046
STAGE_FULL_PIPELINE,2,19.383566659998905,9.831
STAGE_FULL_PIPELINE,2,19.43401579300007,9.999
STAGE_FULL_PIPELINE,2,19.48472136899909,9.999
STAGE_FULL_PIPELINE,2,19.53518430300028,10.148
STAGE_FULL_PIPELINE,2,19.585672451999926,10.148
STAGE_FULL_PIPELINE,2,19.63604634999865,10.203
STAGE_FULL_PIPELINE,2,19.686538095000287,10.203
STAGE_FULL_PIPELINE,2,19.73705407200032,10.088
STAGE_FULL_PIPELINE,2,19.78761869200025,10.088
STAGE_FULL_PIPELINE,2,19.838127316999817,10.121
STAGE_FULL_PIPELINE,2,19.88849947000017,10.121
STAGE_FULL_PIPELINE,2,19.93896885399954,10.174
STAGE_FULL_PIPELINE,2,19.9893133079986,8.824
STAGE_FULL_PIPELINE,2,20.04458570099996,8.824
STAGE_FULL_PIPELINE,2,20.098774623998906,10.199
STAGE_FULL_PIPELINE,2,20.14924171599887,10.199
STAGE_FULL_PIPELINE,2,20.199711076000312,12.058
STAGE_FULL_PIPELINE,2,20.25112951600022,10.538
STAGE_FULL_PIPELINE,2,20.301638883000123,10.538
STAGE_FULL_PIPELINE,2,20.35206961899894,9.954
STAGE_FULL_PIPELINE,2,20.402605344999756,9.954
STAGE_FULL_PIPELINE,2,20.45301409700005,10.007
STAGE_FULL_PIPELINE,2,20.50341992599897,10.007
STAGE_FULL_PIPELINE,2,20.55396422099875,10.138
STAGE_FULL_PIPELINE,2,20.60456209899894,10.138
STAGE_FULL_PIPELINE,2,20.65526067099927,10.211
STAGE_FULL_PIPELINE,2,20.705763689999003,10.211
STAGE_FULL_PIPELINE,2,20.756054313998902,10.07
STAGE_FULL_PIPELINE,2,20.806409220000205,9.653
STAGE_FULL_PIPELINE,2,20.861179892999644,9.653
STAGE_FULL_PIPELINE,2,20.91650806799953,10.47
STAGE_FULL_PIPELINE,2,20.96691963699959,10.47
STAGE_FULL_PIPELINE,2,21.01737610300006,10.463
STAGE_FULL_PIPELINE,2,21.067839933999494,10.463
STAGE_FULL_PIPELINE,2,21.118351569999504,10.049
STAGE_FULL_PIPELINE,2,21.16909949299952,10.084
STAGE_FULL_PIPELINE,2,21.21969935099878,10.084
STAGE_FULL_PIPELINE,2,21.270159665000392,10.175
STAGE_FULL_PIPELINE,2,21.32058818800033,10.175
STAGE_FULL_PIPELINE,2,21.37101437899946,10.235
STAGE_FULL_PIPELINE,2,21.421547752999686,10.235
STAGE_FULL_PIPELINE,2,21.472232567999527,11.27
STAGE_FULL_PIPELINE,2,21.52334976199927,11.27
STAGE_FULL_PIPELINE,2,21.574776636000024,10.068
STAGE_FULL_PIPELINE,2,21.625254798998867,10.068
STAGE_FULL_PIPELINE,2,21.675692806998995,10.32
STAGE_FULL_PIPELINE,2,21.72605921399918,11.213
STAGE_FULL_PIPELINE,2,21.777256018000116,11.213
STAGE_FULL_PIPELINE,2,21.828281803998834,9.424
STAGE_FULL_PIPELINE,2,21.878839262999463,9.424
STAGE_FULL_PIPELINE,2,21.929277732999253,10.426
STAGE_FULL_PIPELINE,2,21.980552095999883,10.426
STAGE_FULL_PIPELINE,2,22.032284179998896,10.541
STAGE_FULL_PIPELINE,2,22.08290571500038,10.541
STAGE_FULL_PIPELINE,2,22.133340492999196,12.262
STAGE_FULL_PIPELINE,2,22.189696489000198,9.244
STAGE_FULL_PIPELINE,2,22.240146960999482,9.244
STAGE_FULL_PIPELINE,2,22.29073106800024,9.705
STAGE_FULL_PIPELINE,2,22.341125484999793,9.705
STAGE_FULL_PIPELINE,2,22.39142416699906,11.021
STAGE_FULL_PIPELINE,2,22.442928294998637,11.021
STAGE_FULL_PIPELINE,2,22.49391389700031,10.514
STAGE_FULL_PIPELINE,2,22.54449566099902,9.786
STAGE_FULL_PIPELINE,2,22.595444197999313,9.786
STAGE_FULL_PIPELINE,2,22.649104018999424,10.078
STAGE_FULL_PIPELINE,2,22.699497355999483,10.078
STAGE_FULL_PIPELINE,2,22.75000836199979,10.284
STAGE_FULL_PIPELINE,2,22.80053079299978,10.284
STAGE_FULL_PIPELINE,2,22.865326282999376,10.378
STAGE_FULL_PIPELINE,2,22.915742797000348,10.249
STAGE_FULL_PIPELINE,2,22.967298042998664,10.249
STAGE_FULL_PIPELINE,2,23.018409546999465,10.243
STAGE_FULL_PIPELINE,2,23.06880357999944,10.243
STAGE_FULL_PIPELINE,2,23.11920471600024,10.417
STAGE_FULL_PIPELINE,2,23.169617179999477,10.417
STAGE_FULL_PIPELINE,2,23.219997234000402,10.468
STAGE_FULL_PIPELINE,2,23.270385596999404,10.468
STAGE_FULL_PIPELINE,2,23.32079836199955,10.062
STAGE_FULL_PIPELINE,2,23.37233708599888,9.649
STAGE_FULL_PIPELINE,2,23.424176698999872,9.649
STAGE_FULL_PIPELINE,2,23.47598729799938,11.019
STAGE_FULL_PIPELINE,2,23.530276753999715,9.731
STAGE_FULL_PIPELINE,2,23.593464820998634,16.299
STAGE_FULL_PIPELINE,2,23.644523089998984,8.233
STAGE_FULL_PIPELINE,2,23.695447989999593,8.233
STAGE_FULL_PIPELINE,2,23.748077992999242,10.181
STAGE_FULL_PIPELINE,2,23.798504624999623,10.181
STAGE_FULL_PIPELINE,2,23.848895889999767,10.329
STAGE_FULL_PIPELINE,2,23.899263456998597,10.329
STAGE_FULL_PIPELINE,2,23.949671946998933,10.407
STAGE_FULL_PIPELINE,2,23.999992369999745,10.407
STAGE_FULL_PIPELINE,2,24.050464672998714,10.118
STAGE_FULL_PIPELINE,2,24.100809043999107,10.122
STAGE_FULL_PIPELINE,2,24.151167756999712,10.122
STAGE_FULL_PIPELINE,2,24.201453415998913,10.184
STAGE_FULL_PIPELINE,2,24.25200811399918,10.184
STAGE_FULL_PIPELINE,2,24.30258385599882,11.543
STAGE_FULL_PIPELINE,2,24.353774211998825,11.543
STAGE_FULL_PIPELINE,2,24.40488943499986,9.153
STAGE_FULL_PIPELINE,2,24.45545861499886,9.153
STAGE_FULL_PIPELINE,2,24.505871497000044,10.29
STAGE_FULL_PIPELINE,2,24.556887626999014,10.627
STAGE_FULL_PIPELINE,2,24.607903615000396,10.617
STAGE_FULL_PIPELINE,2,24.658249975998842,14.182
STAGE_FULL_PIPELINE,2,24.711106388998815,14.182
STAGE_FULL_PIPELINE,2,24.76381724299972,9.155
STAGE_FULL_PIPELINE,2,24.814366353999503,9.155
STAGE_FULL_PIPELINE,2,24.864829991998704,5.849
STAGE_FULL_PIPELINE,2,24.917363550999653,5.849
STAGE_FULL_PIPELINE,2,24.969900664000306,10.802
STAGE_FULL_PIPELINE,2,25.020438989999093,10.603
STAGE_FULL_PIPELINE,2,25.070859972000108,10.603
STAGE_FULL_PIPELINE,2,25.1216095639993,10.035
STAGE_FULL_PIPELINE,2,25.17263075200026,10.035
STAGE_FULL_PIPELINE,2,25.224818663000406,10.427
STAGE_FULL_PIPELINE,2,25.27538553999875,10.427
STAGE_FULL_PIPELINE,2,25.325927586000034,10.51
STAGE_FULL_PIPELINE,2,25.376510082000095,10.51
STAGE_FULL_PIPELINE,2,25.42696025999976,10.487
STAGE_FULL_PIPELINE,2,25.49238452999998,9.981
STAGE_FULL_PIPELINE,2,25.54362807599864,9.981
STAGE_FULL_PIPELINE,2,25.594901325999672,10.37
STAGE_FULL_PIPELINE,2,25.645390787998622,10.37
STAGE_FULL_PIPELINE,2,25.69585979399926,10.403
STAGE_FULL_PIPELINE,2,25.746234270998684,10.403
STAGE_FULL_PIPELINE,2,25.796694960999957,10.381
STAGE_FULL_PIPELINE,2,25.847107270999913,10.127
STAGE_FULL_PIPELINE,2,25.897539652998603,10.127
STAGE_FULL_PIPELINE,2,25.94797208700038,10.127
STAGE_FULL_PIPELINE,2,25.998470513999564,10.127
STAGE_FULL_PIPELINE,2,26.049040640000385,10.184
STAGE_FULL_PIPELINE,2,26.099473193999074,10.184
STAGE_FULL_PIPELINE,2,26.149914255998738,10.206
STAGE_FULL_PIPELINE,2,26.200488233000215,10.206
STAGE_FULL_PIPELINE,2,26.250955718000114,10.106
STAGE_FULL_PIPELINE,2,26.30143630999919,10.117
STAGE_FULL_PIPELINE,2,26.351843923999695,10.117
STAGE_FULL_PIPELINE,2,26.40248400999917,10.153
STAGE_FULL_PIPELINE,2,26.45290142399972,10.153
STAGE_FULL_PIPELINE,2,26.503394679999474,10.168
STAGE_FULL_PIPELINE,2,26.553815887000383,10.168
STAGE_FULL_PIPELINE,2,26.60421394399964,10.048
STAGE_FULL_PIPELINE,2,26.654616178999277,10.048
STAGE_FULL_PIPELINE,2,26.705115475999264,10.06
STAGE_FULL_PIPELINE,2,26.75543631799883,10.06
STAGE_FULL_PIPELINE,2,26.806046084999252,10.076
STAGE_FULL_PIPELINE,2,26.85650752699985,10.164
STAGE_FULL_PIPELINE,2,26.90710786499949,10.164
STAGE_FULL_PIPELINE,2,26.957574011999895,10.069
STAGE_FULL_PIPELINE,2,27.00804561000041,10.069
STAGE_FULL_PIPELINE,2,27.058494963999692,5.85
STAGE_FULL_PIPELINE,2,27.10958726699937,5.85
STAGE_FULL_PIPELINE,2,27.160757665998972,10.531
STAGE_FULL_PIPELINE,2,27.211382359999334,10.531
STAGE_FULL_PIPELINE,2,27.261916616000235,10.457
STAGE_FULL_PIPELINE,2,27.312439354000162,9.452
STAGE_FULL_PIPELINE,2,27.363767011000164,9.452
STAGE_FULL_PIPELINE,2,27.415494708999177,10.423
STAGE_FULL_PIPELINE,2,27.465983418000178,10.423
STAGE_FULL_PIPELINE,2,27.516386199000408,10.526
STAGE_FULL_PIPELINE,2,27.566839285998867,10.526
STAGE_FULL_PIPELINE,2,27.617413656998906,10.915
STAGE_FULL_PIPELINE,2,27.6685290839996,10.104
STAGE_FULL_PIPELINE,2,27.719751479999104,8.909
STAGE_FULL_PIPELINE,2,27.773127178999857,10.494
STAGE_FULL_PIPELINE,2,27.823459020999508,10.494
STAGE_FULL_PIPELINE,2,27.875130149999677,9.985
STAGE_FULL_PIPELINE,2,27.926176682000005,10.179
STAGE_FULL_PIPELINE,2,27.98009172499951,11.275
STAGE_FULL_PIPELINE,2,28.031256958000085,11.275
STAGE_FULL_PIPELINE,2,28.0824909619987,9.36
STAGE_FULL_PIPELINE,2,28.13285568199899,5.796
STAGE_FULL_PIPELINE,2,28.18483867699979,5.796
STAGE_FULL_PIPELINE,2,28.23631404200023,10.521
STAGE_FULL_PIPELINE,2,28.286735775000125,10.521
STAGE_FULL_PIPELINE,2,28.337419628000134,10.437
STAGE_FULL_PIPELINE,2,28.387813638999432,10.437
STAGE_FULL_PIPELINE,2,28.438240542998756,10.052
STAGE_FULL_PIPELINE,2,28.488873418998992,10.052
STAGE_FULL_PIPELINE,2,28.539500656999735,10.153
STAGE_FULL_PIPELINE,2,28.58982533699964,10.242
STAGE_FULL_PIPELINE,2,28.640232061999995,10.242
STAGE_FULL_PIPELINE,2,28.690827058999275,10.655
STAGE_FULL_PIPELINE,2,28.7419250439998,10.655
STAGE_FULL_PIPELINE,2,28.793342684999516,9.735
STAGE_FULL_PIPELINE,2,28.843805683998653,9.735
STAGE_FULL_PIPELINE,2,28.89416292199894,9.046
STAGE_FULL_PIPELINE,2,28.945370720999563,9.046
STAGE_FULL_PIPELINE,2,28.996441266999682,10.515
STAGE_FULL_PIPELINE,2,29.046892542999558,10.515
STAGE_FULL_PIPELINE,2,29.097261765999065,9.803
STAGE_FULL_PIPELINE,2,29.151770562999445,9.404
STAGE_FULL_PIPELINE,2,29.202157314999567,9.404
STAGE_FULL_PIPELINE,2,29.25265641199985,7.943
STAGE_FULL_PIPELINE,2,29.308801768000194,7.943
STAGE_FULL_PIPELINE,2,29.36316879699916,10.643
STAGE_FULL_PIPELINE,2,29.41371116299888,10.643
STAGE_FULL_PIPELINE,2,29.4642970900004,10.453
STAGE_FULL_PIPELINE,2,29.514953007999793,10.132
STAGE_FULL_PIPELINE,2,29.574234521000108,10.132
STAGE_FULL_PIPELINE,2,29.62472429099944,9.267
STAGE_FULL_PIPELINE,2,29.67616056800034,9.267
STAGE_FULL_PIPELINE,2,29.727306659999158,10.686
STAGE_FULL_PIPELINE,2,29.777780168999016,10.686
STAGE_FULL_PIPELINE,2,29.828271096999742,10.67
STAGE_FULL_PIPELINE,2,29.878742695000255,10.348
STAGE_FULL_PIPELINE,2,29.929172267999093,10.348
STAGE_FULL_PIPELINE,2,29.979629535999265,9.413
BASELINE_IDLE,3,0.0015653549999115057,3.434
BASELINE_IDLE,3,0.053672963000281015,3.906
BASELINE_IDLE,3,0.10545089100014593,3.906
BASELINE_IDLE,3,0.15767386100014846,3.585
BASELINE_IDLE,3,0.2103878790003364,3.585
BASELINE_IDLE,3,0.26222134599993296,3.498
BASELINE_IDLE,3,0.31428726999911305,3.498
BASELINE_IDLE,3,0.36668193799960136,2.017
BASELINE_IDLE,3,0.41877494099935575,2.017
BASELINE_IDLE,3,0.47081762900052126,1.497
BASELINE_IDLE,3,0.5274180819997127,1.661
BASELINE_IDLE,3,0.5791092019990174,1.661
BASELINE_IDLE,3,0.6313106340003287,1.563
BASELINE_IDLE,3,0.6838460489998397,1.563
BASELINE_IDLE,3,0.7358922959992924,1.565
BASELINE_IDLE,3,0.7874271319997206,1.565
BASELINE_IDLE,3,0.8389485410007183,1.814
BASELINE_IDLE,3,0.8912323200001993,1.814
BASELINE_IDLE,3,0.9435824359989056,1.597
BASELINE_IDLE,3,0.9955830399994738,1.597
BASELINE_IDLE,3,1.0474913359994389,2.366
BASELINE_IDLE,3,1.0996447359993908,2.366
BASELINE_IDLE,3,1.1519627349989605,1.58
BASELINE_IDLE,3,1.204896170000211,1.58
BASELINE_IDLE,3,1.2571510580000904,1.778
BASELINE_IDLE,3,1.309661593999408,1.778
BASELINE_IDLE,3,1.3618892729991785,1.633
BASELINE_IDLE,3,1.414374649999445,1.633
BASELINE_IDLE,3,1.466418554999109,1.585
BASELINE_IDLE,3,1.5189615670005878,1.585
BASELINE_IDLE,3,1.5719706729996687,1.684
BASELINE_IDLE,3,1.6249118880004971,1.596
BASELINE_IDLE,3,1.6768095900006301,1.596
BASELINE_IDLE,3,1.7292743329999212,1.543
BASELINE_IDLE,3,1.7808671189995948,1.617
BASELINE_IDLE,3,1.8402290279991576,1.711
BASELINE_IDLE,3,1.8924600629998167,1.711
BASELINE_IDLE,3,1.9449694769991765,1.599
BASELINE_IDLE,3,1.9979208579989063,1.599
BASELINE_IDLE,3,2.0505091390004964,1.651
BASELINE_IDLE,3,2.1028116090001276,1.651
BASELINE_IDLE,3,2.154888965000282,1.583
BASELINE_IDLE,3,2.207262971000091,1.583
BASELINE_IDLE,3,2.258926964999773,1.587
BASELINE_IDLE,3,2.3115454420003516,1.587
BASELINE_IDLE,3,2.3638417330002994,1.543
BASELINE_IDLE,3,2.416404221999983,1.543
BASELINE_IDLE,3,2.4686739280004986,1.619
BASELINE_IDLE,3,2.5214804459992592,1.619
BASELINE_IDLE,3,2.574310820999017,1.568
BASELINE_IDLE,3,2.627324294000573,1.588
BASELINE_IDLE,3,2.679745202000049,1.646
BASELINE_IDLE,3,2.732175310000457,1.65
BASELINE_IDLE,3,2.7847261349998007,1.65
BASELINE_IDLE,3,2.837132317999931,1.58
BASELINE_IDLE,3,2.8895265699993615,1.58
BASELINE_IDLE,3,2.941930582999703,1.612
BASELINE_IDLE,3,2.994539146999159,1.691
BASELINE_IDLE,3,3.046896547999495,1.72
BASELINE_IDLE,3,3.0991705800006457,1.72
BASELINE_IDLE,3,3.1509946009991836,1.582
BASELINE_IDLE,3,3.2034836290004023,1.582
BASELINE_IDLE,3,3.2553770230006194,1.586
BASELINE_IDLE,3,3.3076570089997404,1.586
BASELINE_IDLE,3,3.359520328000144,1.544
BASELINE_IDLE,3,3.411848175999694,1.544
BASELINE_IDLE,3,3.4642737279991707,1.588
BASELINE_IDLE,3,3.5167469900006836,1.588
BASELINE_IDLE,3,3.5694327609999164,1.569
BASELINE_IDLE,3,3.621889457999714,1.569
BASELINE_IDLE,3,3.6745471539998107,1.582
BASELINE_IDLE,3,3.726576347000446,1.582
BASELINE_IDLE,3,3.7788267399992037,1.545
BASELINE_IDLE,3,3.830327882000347,1.585
BASELINE_IDLE,3,3.88170964299934,1.64
BASELINE_IDLE,3,3.933347906999188,1.672
BASELINE_IDLE,3,3.985547267999209,1.724
BASELINE_IDLE,3,4.038295746999211,1.654
BASELINE_IDLE,3,4.090784354999414,1.619
BASELINE_IDLE,3,4.143272920999152,1.706
BASELINE_IDLE,3,4.1950926480003545,1.706
BASELINE_IDLE,3,4.247851840000294,1.576
BASELINE_IDLE,3,4.300160826000138,1.576
BASELINE_IDLE,3,4.352293932999601,1.534
BASELINE_IDLE,3,4.404296366999915,1.534
BASELINE_IDLE,3,4.456085619000078,1.533
BASELINE_IDLE,3,4.507880365999881,1.548
BASELINE_IDLE,3,4.567014009000559,1.826
BASELINE_IDLE,3,4.619615816000078,1.826
BASELINE_IDLE,3,4.671783402000074,1.548
BASELINE_IDLE,3,4.7233800110007,1.548
BASELINE_IDLE,3,4.775678378000521,1.539
BASELINE_IDLE,3,4.827455979000661,1.539
BASELINE_IDLE,3,4.879690313999163,1.539
BASELINE_IDLE,3,4.93165555700034,1.547
BASELINE_IDLE,3,4.983357375000196,2.228
BASELINE_IDLE,3,5.0357121269989875,1.575
BASELINE_IDLE,3,5.087889595999513,1.575
BASELINE_IDLE,3,5.1400263609994,1.583
BASELINE_IDLE,3,5.192184833998908,1.583
BASELINE_IDLE,3,5.244006683999032,1.561
BASELINE_IDLE,3,5.2967382299993915,1.561
BASELINE_IDLE,3,5.348538963000465,1.523
BASELINE_IDLE,3,5.400418937999348,1.523
BASELINE_IDLE,3,5.452716206998957,1.554
BASELINE_IDLE,3,5.504568979999021,1.521
BASELINE_IDLE,3,5.557221183000365,1.704
BASELINE_IDLE,3,5.60941749399899,1.579
BASELINE_IDLE,3,5.661792840999624,1.699
BASELINE_IDLE,3,5.714249724000183,1.699
BASELINE_IDLE,3,5.766351288999431,1.536
BASELINE_IDLE,3,5.826758109998991,1.515
BASELINE_IDLE,3,5.878753110000616,2.14
BASELINE_IDLE,3,5.930240740999579,2.752
BASELINE_IDLE,3,5.988389575999463,2.752
BASELINE_IDLE,3,6.040014747999521,1.997
BASELINE_IDLE,3,6.096924224999384,1.997
BASELINE_IDLE,3,6.14882786599992,1.636
BASELINE_IDLE,3,6.200542956999925,1.636
BASELINE_IDLE,3,6.252536067000619,1.546
BASELINE_IDLE,3,6.304254915999991,1.546
BASELINE_IDLE,3,6.356312911999339,1.53
BASELINE_IDLE,3,6.408593684000152,1.767
BASELINE_IDLE,3,6.460404753999683,1.596
BASELINE_IDLE,3,6.51199300999906,1.596
BASELINE_IDLE,3,6.563415180000447,1.529
BASELINE_IDLE,3,6.615721107000354,1.665
BASELINE_IDLE,3,6.667527027999313,1.641
BASELINE_IDLE,3,6.7195024590000685,1.641
BASELINE_IDLE,3,6.771958810999422,1.533
BASELINE_IDLE,3,6.824043426000571,1.533
BASELINE_IDLE,3,6.8756850179997855,1.52
BASELINE_IDLE,3,6.926976901000671,1.544
BASELINE_IDLE,3,6.979319879999821,1.955
BASELINE_IDLE,3,7.031613639999705,1.955
BASELINE_IDLE,3,7.083178438000687,1.589
BASELINE_IDLE,3,7.135372906999692,2.72
BASELINE_IDLE,3,7.191624729999603,2.72
BASELINE_IDLE,3,7.243720332999146,1.556
BASELINE_IDLE,3,7.295732329999737,1.556
BASELINE_IDLE,3,7.3479068060005375,1.516
BASELINE_IDLE,3,7.400304741000582,1.516
BASELINE_IDLE,3,7.452263938999749,1.566
BASELINE_IDLE,3,7.504282128000341,1.566
BASELINE_IDLE,3,7.556445157999406,1.52
BASELINE_IDLE,3,7.608313372000339,1.52
BASELINE_IDLE,3,7.660456895999232,1.561
BASELINE_IDLE,3,7.71259574800024,1.561
BASELINE_IDLE,3,7.7646263480000925,1.53
BASELINE_IDLE,3,7.817023011999481,1.53
BASELINE_IDLE,3,7.868992157000321,1.552
BASELINE_IDLE,3,7.921063089999734,1.552
BASELINE_IDLE,3,7.9727488459993765,1.533
BASELINE_IDLE,3,8.024797940999633,1.533
BASELINE_IDLE,3,8.07677271799912,1.571
BASELINE_IDLE,3,8.128954677000365,1.571
BASELINE_IDLE,3,8.18123943899991,1.586
BASELINE_IDLE,3,8.233199964999585,1.593
BASELINE_IDLE,3,8.286026753999977,2.096
BASELINE_IDLE,3,8.337788094999269,2.096
BASELINE_IDLE,3,8.389796587000092,1.465
BASELINE_IDLE,3,8.441790468999898,1.559
BASELINE_IDLE,3,8.493899090999548,1.559
BASELINE_IDLE,3,8.546106599000268,1.496
BASELINE_IDLE,3,8.598229045999688,2.304
BASELINE_IDLE,3,8.650796100000662,1.585
BASELINE_IDLE,3,8.702889390000564,1.585
BASELINE_IDLE,3,8.756270330999541,1.533
BASELINE_IDLE,3,8.807955977999882,1.533
BASELINE_IDLE,3,8.860680367999521,1.573
BASELINE_IDLE,3,8.91232807599954,1.573
BASELINE_IDLE,3,8.964031333000094,1.536
BASELINE_IDLE,3,9.016409493000538,1.536
BASELINE_IDLE,3,9.068191025000488,1.595
BASELINE_IDLE,3,9.119710782999391,1.512
BASELINE_IDLE,3,9.171515980999175,1.662
BASELINE_IDLE,3,9.223604511000303,1.662
BASELINE_IDLE,3,9.275529341999572,1.595
BASELINE_IDLE,3,9.327490212999692,1.595
BASELINE_IDLE,3,9.379107552998903,1.473
BASELINE_IDLE,3,9.430995595999775,1.559
BASELINE_IDLE,3,9.482993603000068,1.928
BASELINE_IDLE,3,9.53471746499963,1.498
BASELINE_IDLE,3,9.590745302999494,2.458
BASELINE_IDLE,3,9.642464754000684,2.782
BASELINE_IDLE,3,9.699689696999485,2.782
BASELINE_IDLE,3,9.751231279000422,1.519
BASELINE_IDLE,3,9.803447549998964,1.519
BASELINE_IDLE,3,9.855570661000456,1.611
BASELINE_IDLE,3,9.907758408000518,1.69
BASELINE_IDLE,3,9.959523892999641,1.65
BASELINE_IDLE,3,10.011871753000378,1.65
BASELINE_IDLE,3,10.064983390000634,1.948
BASELINE_IDLE,3,10.115861346999736,1.948
BASELINE_IDLE,3,10.167435187999217,2.084
BASELINE_IDLE,3,10.222264848000123,2.392
BASELINE_IDLE,3,10.279761911000605,2.199
BASELINE_IDLE,3,10.338682767000137,2.221
BASELINE_IDLE,3,10.391257338000287,2.159
BASELINE_IDLE,3,10.443601991999458,2.225
BASELINE_IDLE,3,10.496017835999737,2.225
BASELINE_IDLE,3,10.554622576999463,2.104
BASELINE_IDLE,3,10.60706466100055,2.104
BASELINE_IDLE,3,10.659001296999122,2.273
BASELINE_IDLE,3,10.709739959000217,2.273
BASELINE_IDLE,3,10.760783465999339,2.213
BASELINE_IDLE,3,10.811429834000592,2.213
BASELINE_IDLE,3,10.86230639600035,2.738
BASELINE_IDLE,3,10.914752372000294,2.738
BASELINE_IDLE,3,10.966281863000404,2.152
BASELINE_IDLE,3,11.017134071000328,2.152
BASELINE_IDLE,3,11.06771065599969,2.152
BASELINE_IDLE,3,11.120373264000591,2.152
BASELINE_IDLE,3,11.171726941000088,2.152
BASELINE_IDLE,3,11.230436698999256,2.152
BASELINE_IDLE,3,11.28140455599896,2.152
BASELINE_IDLE,3,11.33239740299905,2.152
BASELINE_IDLE,3,11.38326344699999,2.152
BASELINE_IDLE,3,11.434551639998972,2.152
BASELINE_IDLE,3,11.485406986999806,2.152
BASELINE_IDLE,3,11.536513069999273,2.152
BASELINE_IDLE,3,11.58792666699992,2.152
BASELINE_IDLE,3,11.639142120000542,2.152
BASELINE_IDLE,3,11.690168647999599,2.152
BASELINE_IDLE,3,11.741244897999422,2.152
BASELINE_IDLE,3,11.792686442000559,2.152
BASELINE_IDLE,3,11.843705979999868,2.152
BASELINE_IDLE,3,11.894619426000645,2.152
BASELINE_IDLE,3,11.945662094,2.152
BASELINE_IDLE,3,11.99668699799986,1.524
BASELINE_IDLE,3,12.049018591998902,2.997
BASELINE_IDLE,3,12.106735475999812,2.997
BASELINE_IDLE,3,12.158580576999157,1.59
BASELINE_IDLE,3,12.210486255999058,1.59
BASELINE_IDLE,3,12.263079714999549,1.651
BASELINE_IDLE,3,12.322575382999275,1.651
BASELINE_IDLE,3,12.375026317000447,1.747
BASELINE_IDLE,3,12.433582288000252,1.747
BASELINE_IDLE,3,12.485907410999062,1.552
BASELINE_IDLE,3,12.541605500000514,1.552
BASELINE_IDLE,3,12.594175946000178,1.678
BASELINE_IDLE,3,12.646398659000624,1.678
BASELINE_IDLE,3,12.69874640099988,1.563
BASELINE_IDLE,3,12.75910141500026,1.718
BASELINE_IDLE,3,12.811214475999805,1.718
BASELINE_IDLE,3,12.863422127000376,1.574
BASELINE_IDLE,3,12.914962323000509,1.574
BASELINE_IDLE,3,12.966410447999806,1.763
BASELINE_IDLE,3,13.018432544000461,1.763
BASELINE_IDLE,3,13.071398166999643,1.641
BASELINE_IDLE,3,13.12362440799916,1.641
BASELINE_IDLE,3,13.175915689000249,1.542
BASELINE_IDLE,3,13.228524968999409,1.542
BASELINE_IDLE,3,13.280412140999033,2.723
BASELINE_IDLE,3,13.332542852000188,2.723
BASELINE_IDLE,3,13.384807174999878,1.573
BASELINE_IDLE,3,13.436761388000377,1.573
BASELINE_IDLE,3,13.489101398999992,1.571
BASELINE_IDLE,3,13.54129956900033,1.571
BASELINE_IDLE,3,13.59391580800002,1.544
BASELINE_IDLE,3,13.646498472999156,1.544
BASELINE_IDLE,3,13.698426274999292,1.573
BASELINE_IDLE,3,13.75043808999908,1.503
BASELINE_IDLE,3,13.80195911699957,1.661
BASELINE_IDLE,3,13.854432672000257,1.677
BASELINE_IDLE,3,13.906681604999903,1.677
BASELINE_IDLE,3,13.958523317000072,1.553
BASELINE_IDLE,3,14.010871704000238,1.735
BASELINE_IDLE,3,14.062489604999428,1.78
BASELINE_IDLE,3,14.114194780999242,1.78
BASELINE_IDLE,3,14.16627601899927,1.525
BASELINE_IDLE,3,14.218435822000174,1.571
BASELINE_IDLE,3,14.270268648000638,1.997
BASELINE_IDLE,3,14.321910396000021,1.503
BASELINE_IDLE,3,14.374157283999011,1.503
BASELINE_IDLE,3,14.425683228999333,1.544
BASELINE_IDLE,3,14.477299767000659,1.544
BASELINE_IDLE,3,14.529375447998973,2.043
BASELINE_IDLE,3,14.581466573999933,2.043
BASELINE_IDLE,3,14.632984150999619,1.657
BASELINE_IDLE,3,14.68444029300008,1.609
BASELINE_IDLE,3,14.736174900999686,1.819
BASELINE_IDLE,3,14.787899087999904,1.61
BASELINE_IDLE,3,14.839365424999414,1.61
BASELINE_IDLE,3,14.890798356000232,1.538
BASELINE_IDLE,3,14.9424298670001,1.774
BASELINE_IDLE,3,14.99432554499981,1.71
STAGE_FULL_PIPELINE,3,0.0013890969985368429,1.52
STAGE_FULL_PIPELINE,3,0.05319951899946318,5.485
STAGE_FULL_PIPELINE,3,0.1374575889985863,4.784
STAGE_FULL_PIPELINE,3,0.20631337699887808,5.582
STAGE_FULL_PIPELINE,3,0.25876647799850616,32.345
STAGE_FULL_PIPELINE,3,0.30995251599961193,18.41
STAGE_FULL_PIPELINE,3,0.3620190799992997,16.347
STAGE_FULL_PIPELINE,3,0.4134228359998815,11.57
STAGE_FULL_PIPELINE,3,0.4651143149985728,17.31
STAGE_FULL_PIPELINE,3,0.5157317260000127,17.31
STAGE_FULL_PIPELINE,3,0.5662963849990774,12.445
STAGE_FULL_PIPELINE,3,0.6218675449999864,12.445
STAGE_FULL_PIPELINE,3,0.6764713749998919,17.502
STAGE_FULL_PIPELINE,3,0.7269162679986039,17.502
STAGE_FULL_PIPELINE,3,0.7773187479997432,20.549
STAGE_FULL_PIPELINE,3,0.828683165998882,16.833
STAGE_FULL_PIPELINE,3,0.8798295189990313,16.833
STAGE_FULL_PIPELINE,3,0.9308506789984676,17.341
STAGE_FULL_PIPELINE,3,0.9811979609985428,17.341
STAGE_FULL_PIPELINE,3,1.031580902999849,17.377
STAGE_FULL_PIPELINE,3,1.0819433409997146,17.377
STAGE_FULL_PIPELINE,3,1.132310584998777,14.624
STAGE_FULL_PIPELINE,3,1.1833686659992964,14.624
STAGE_FULL_PIPELINE,3,1.234617926998908,17.438
STAGE_FULL_PIPELINE,3,1.2850183049995394,17.417
STAGE_FULL_PIPELINE,3,1.335397461998582,17.417
STAGE_FULL_PIPELINE,3,1.385868325998672,18.119
STAGE_FULL_PIPELINE,3,1.4370782669993787,15.527
STAGE_FULL_PIPELINE,3,1.495873758000016,15.176
STAGE_FULL_PIPELINE,3,1.5471339419982542,15.176
STAGE_FULL_PIPELINE,3,1.598515559999214,17.386
STAGE_FULL_PIPELINE,3,1.648899376999907,17.386
STAGE_FULL_PIPELINE,3,1.6993205069993564,17.362
STAGE_FULL_PIPELINE,3,1.7498370849989442,17.373
STAGE_FULL_PIPELINE,3,1.8004191149993858,17.373
STAGE_FULL_PIPELINE,3,1.8508140499998262,16.857
STAGE_FULL_PIPELINE,3,1.901238383999953,16.857
STAGE_FULL_PIPELINE,3,1.9516852049982845,12.392
STAGE_FULL_PIPELINE,3,2.002914499998951,12.392
STAGE_FULL_PIPELINE,3,2.0540582129997347,10.418
STAGE_FULL_PIPELINE,3,2.104440468998291,10.418
STAGE_FULL_PIPELINE,3,2.154799028998241,11.005
STAGE_FULL_PIPELINE,3,2.206199940999795,9.21
STAGE_FULL_PIPELINE,3,2.256693113999063,9.21
STAGE_FULL_PIPELINE,3,2.3071785219999583,9.798
STAGE_FULL_PIPELINE,3,2.3579770819997066,9.798
STAGE_FULL_PIPELINE,3,2.4084914719987864,11.329
STAGE_FULL_PIPELINE,3,2.459608876999482,11.329
STAGE_FULL_PIPELINE,3,2.5107333899995865,9.94
STAGE_FULL_PIPELINE,3,2.5612946869987354,9.94
STAGE_FULL_PIPELINE,3,2.611976602998766,10.254
STAGE_FULL_PIPELINE,3,2.663012491999325,10.164
STAGE_FULL_PIPELINE,3,2.71347949399933,10.164
STAGE_FULL_PIPELINE,3,2.763944681999419,15.247
STAGE_FULL_PIPELINE,3,2.825291245999324,15.247
STAGE_FULL_PIPELINE,3,2.876459020999391,9.531
STAGE_FULL_PIPELINE,3,2.9269072199986113,9.531
STAGE_FULL_PIPELINE,3,2.977425172999574,9.391
STAGE_FULL_PIPELINE,3,3.0278745719988365,9.645
STAGE_FULL_PIPELINE,3,3.0784376569990854,9.645
STAGE_FULL_PIPELINE,3,3.129049370998473,9.777
STAGE_FULL_PIPELINE,3,3.179571472999669,9.777
STAGE_FULL_PIPELINE,3,3.229916633999892,9.723
STAGE_FULL_PIPELINE,3,3.2803259559987055,9.723
STAGE_FULL_PIPELINE,3,3.3307821689995762,9.663
STAGE_FULL_PIPELINE,3,3.381162627998492,9.663
STAGE_FULL_PIPELINE,3,3.431605423998917,9.739
STAGE_FULL_PIPELINE,3,3.4820382249999966,9.739
STAGE_FULL_PIPELINE,3,3.5325377069984825,9.793
STAGE_FULL_PIPELINE,3,3.59411013999852,10.675
STAGE_FULL_PIPELINE,3,3.645424133999768,9.913
STAGE_FULL_PIPELINE,3,3.7016509779987246,8.612
STAGE_FULL_PIPELINE,3,3.753818050998234,9.983
STAGE_FULL_PIPELINE,3,3.804989106998619,10.989
STAGE_FULL_PIPELINE,3,3.856210274998375,16.142
STAGE_FULL_PIPELINE,3,3.9077798039998015,16.142
STAGE_FULL_PIPELINE,3,3.9587708189992554,22.103
STAGE_FULL_PIPELINE,3,4.009801339998376,22.103
STAGE_FULL_PIPELINE,3,4.060839804998977,9.33
STAGE_FULL_PIPELINE,3,4.111255324998638,9.33
STAGE_FULL_PIPELINE,3,4.161819947999902,9.75
STAGE_FULL_PIPELINE,3,4.21238232199903,9.75
STAGE_FULL_PIPELINE,3,4.262863884998296,10.783
STAGE_FULL_PIPELINE,3,4.313882698999805,9.345
STAGE_FULL_PIPELINE,3,4.364354035998986,9.345
STAGE_FULL_PIPELINE,3,4.4147920239993255,9.984
STAGE_FULL_PIPELINE,3,4.467666657999871,9.984
STAGE_FULL_PIPELINE,3,4.522798968999268,10.268
STAGE_FULL_PIPELINE,3,4.573174702998585,10.268
STAGE_FULL_PIPELINE,3,4.623602329998903,10.246
STAGE_FULL_PIPELINE,3,4.674207377998755,10.246
STAGE_FULL_PIPELINE,3,4.724499043999458,10.37
STAGE_FULL_PIPELINE,3,4.775769758998649,9.306
STAGE_FULL_PIPELINE,3,4.827222862999406,9.306
STAGE_FULL_PIPELINE,3,4.878475900999547,10.167
STAGE_FULL_PIPELINE,3,4.92905454799984,10.167
STAGE_FULL_PIPELINE,3,4.9796724779989745,10.163
STAGE_FULL_PIPELINE,3,5.030282116998933,10.163
STAGE_FULL_PIPELINE,3,5.080875709998509,9.925
STAGE_FULL_PIPELINE,3,5.131307739999102,9.925
STAGE_FULL_PIPELINE,3,5.181799256999511,9.818
STAGE_FULL_PIPELINE,3,5.232198576999508,10.186
STAGE_FULL_PIPELINE,3,5.284054148998621,10.186
STAGE_FULL_PIPELINE,3,5.336093987998538,10.225
STAGE_FULL_PIPELINE,3,5.392930561998583,10.225
STAGE_FULL_PIPELINE,3,5.443394751999222,9.638
STAGE_FULL_PIPELINE,3,5.496907499998997,9.638
STAGE_FULL_PIPELINE,3,5.548157151999476,10.025
STAGE_FULL_PIPELINE,3,5.599215764999826,10.846
STAGE_FULL_PIPELINE,3,5.65137682599925,10.846
STAGE_FULL_PIPELINE,3,5.704216459998861,10.324
STAGE_FULL_PIPELINE,3,5.754548728998998,10.324
STAGE_FULL_PIPELINE,3,5.804869046000022,10.143
STAGE_FULL_PIPELINE,3,5.856063267998252,10.143
STAGE_FULL_PIPELINE,3,5.9073675089985045,9.916
STAGE_FULL_PIPELINE,3,5.957736321999619,9.916
STAGE_FULL_PIPELINE,3,6.008250363998741,10.81
STAGE_FULL_PIPELINE,3,6.059341536998545,10.334
STAGE_FULL_PIPELINE,3,6.1097545599986915,10.334
STAGE_FULL_PIPELINE,3,6.16164827799912,7.526
STAGE_FULL_PIPELINE,3,6.217641530000037,7.526
STAGE_FULL_PIPELINE,3,6.268758561998766,5.932
STAGE_FULL_PIPELINE,3,6.319943601998602,5.932
STAGE_FULL_PIPELINE,3,6.372362764999707,10.04
STAGE_FULL_PIPELINE,3,6.4227360199984105,10.227
STAGE_FULL_PIPELINE,3,6.473225090998312,10.227
STAGE_FULL_PIPELINE,3,6.523558471999422,9.903
STAGE_FULL_PIPELINE,3,6.57388627599903,9.903
STAGE_FULL_PIPELINE,3,6.624397814999611,9.921
STAGE_FULL_PIPELINE,3,6.6747804489987175,9.921
STAGE_FULL_PIPELINE,3,6.725215950998972,10.018
STAGE_FULL_PIPELINE,3,6.77569977299936,10.018
STAGE_FULL_PIPELINE,3,6.826150744998813,10.07
STAGE_FULL_PIPELINE,3,6.8766858729995874,9.943
STAGE_FULL_PIPELINE,3,6.927126115999272,9.943
STAGE_FULL_PIPELINE,3,6.977518676998443,10.007
STAGE_FULL_PIPELINE,3,7.029256514999361,10.007
STAGE_FULL_PIPELINE,3,7.0832581109989405,10.414
STAGE_FULL_PIPELINE,3,7.133733767999729,10.414
STAGE_FULL_PIPELINE,3,7.184163248999539,10.389
STAGE_FULL_PIPELINE,3,7.234657501998299,10.389
STAGE_FULL_PIPELINE,3,7.285124997999446,9.968
STAGE_FULL_PIPELINE,3,7.33558452699981,9.978
STAGE_FULL_PIPELINE,3,7.386201474999325,9.978
STAGE_FULL_PIPELINE,3,7.436568118999276,10.066
STAGE_FULL_PIPELINE,3,7.487024060999829,10.066
STAGE_FULL_PIPELINE,3,7.537392951999209,10.11
STAGE_FULL_PIPELINE,3,7.587872647998665,10.11
STAGE_FULL_PIPELINE,3,7.63833348299886,9.964
STAGE_FULL_PIPELINE,3,7.688676709998617,9.964
STAGE_FULL_PIPELINE,3,7.739218745999096,9.983
STAGE_FULL_PIPELINE,3,7.7897066329987865,9.983
STAGE_FULL_PIPELINE,3,7.840213240999219,10.037
STAGE_FULL_PIPELINE,3,7.890581614999974,10.059
STAGE_FULL_PIPELINE,3,7.9410372669990466,10.059
STAGE_FULL_PIPELINE,3,7.992092780999883,9.846
STAGE_FULL_PIPELINE,3,8.043279077999614,9.846
STAGE_FULL_PIPELINE,3,8.09437645899925,10.194
STAGE_FULL_PIPELINE,3,8.144936275999498,10.194
STAGE_FULL_PIPELINE,3,8.1954659919993,10.342
STAGE_FULL_PIPELINE,3,8.246004163998805,10.342
STAGE_FULL_PIPELINE,3,8.296569442998589,10.382
STAGE_FULL_PIPELINE,3,8.347098347998326,10.076
STAGE_FULL_PIPELINE,3,8.397625539999353,10.076
STAGE_FULL_PIPELINE,3,8.448176864998459,10.103
STAGE_FULL_PIPELINE,3,8.498647322998295,10.103
STAGE_FULL_PIPELINE,3,8.549094955998953,10.17
STAGE_FULL_PIPELINE,3,8.59945177499867,10.17
STAGE_FULL_PIPELINE,3,8.649841749998814,10.21
STAGE_FULL_PIPELINE,3,8.700156042999879,10.21
STAGE_FULL_PIPELINE,3,8.750584837998758,10.102
STAGE_FULL_PIPELINE,3,8.801070240999252,10.108
STAGE_FULL_PIPELINE,3,8.85148196999944,10.108
STAGE_FULL_PIPELINE,3,8.901931797998259,10.141
STAGE_FULL_PIPELINE,3,8.95233938399906,10.141
STAGE_FULL_PIPELINE,3,9.002850602999388,10.158
STAGE_FULL_PIPELINE,3,9.053402771000037,10.158
STAGE_FULL_PIPELINE,3,9.103885980999621,10.023
STAGE_FULL_PIPELINE,3,9.154382549999355,10.023
STAGE_FULL_PIPELINE,3,9.204859940999086,10.028
STAGE_FULL_PIPELINE,3,9.255294981998304,10.028
STAGE_FULL_PIPELINE,3,9.305845302998932,10.023
STAGE_FULL_PIPELINE,3,9.356216857999243,10.129
STAGE_FULL_PIPELINE,3,9.406675797999924,10.129
STAGE_FULL_PIPELINE,3,9.457155886999317,9.989
STAGE_FULL_PIPELINE,3,9.507588458998725,9.989
STAGE_FULL_PIPELINE,3,9.557952964998549,9.993
STAGE_FULL_PIPELINE,3,9.608483585998329,9.993
STAGE_FULL_PIPELINE,3,9.658943285998248,9.986
STAGE_FULL_PIPELINE,3,9.709473682998578,9.986
STAGE_FULL_PIPELINE,3,9.759965863999241,10.072
STAGE_FULL_PIPELINE,3,9.810449580998466,9.942
STAGE_FULL_PIPELINE,3,9.86086147899914,9.942
STAGE_FULL_PIPELINE,3,9.911237141999663,9.962
STAGE_FULL_PIPELINE,3,9.961568916000033,9.962
STAGE_FULL_PIPELINE,3,10.012112248999983,9.979
STAGE_FULL_PIPELINE,3,10.063228613998945,9.76
STAGE_FULL_PIPELINE,3,10.114355365998563,10.599
STAGE_FULL_PIPELINE,3,10.165674451998711,10.599
STAGE_FULL_PIPELINE,3,10.218378543999279,9.167
STAGE_FULL_PIPELINE,3,10.268811309999364,9.722
STAGE_FULL_PIPELINE,3,10.319480053000007,9.722
STAGE_FULL_PIPELINE,3,10.37000989199987,9.968
STAGE_FULL_PIPELINE,3,10.421152610999343,9.968
STAGE_FULL_PIPELINE,3,10.472869783998249,10.303
STAGE_FULL_PIPELINE,3,10.52336007699887,10.303
STAGE_FULL_PIPELINE,3,10.577763604998836,6.491
STAGE_FULL_PIPELINE,3,10.628909809998731,5.811
STAGE_FULL_PIPELINE,3,10.682312040999022,5.811
STAGE_FULL_PIPELINE,3,10.73363488099858,5.886
STAGE_FULL_PIPELINE,3,10.78478690799966,5.886
STAGE_FULL_PIPELINE,3,10.835893257999487,10.309
STAGE_FULL_PIPELINE,3,10.886541655998371,10.309
STAGE_FULL_PIPELINE,3,10.937126315999194,9.723
STAGE_FULL_PIPELINE,3,10.987734067999554,9.723
STAGE_FULL_PIPELINE,3,11.038247537999268,9.208
STAGE_FULL_PIPELINE,3,11.090127810999547,10.4
STAGE_FULL_PIPELINE,3,11.148244509999131,10.367
STAGE_FULL_PIPELINE,3,11.198760865998338,10.026
STAGE_FULL_PIPELINE,3,11.251036506999299,10.026
STAGE_FULL_PIPELINE,3,11.30627410499983,9.18
STAGE_FULL_PIPELINE,3,11.356659115999719,9.18
STAGE_FULL_PIPELINE,3,11.407125794999956,8.755
STAGE_FULL_PIPELINE,3,11.458128428999771,10.374
STAGE_FULL_PIPELINE,3,11.508599162998507,10.374
STAGE_FULL_PIPELINE,3,11.55895215199962,10.32
STAGE_FULL_PIPELINE,3,11.609368708999682,10.32
STAGE_FULL_PIPELINE,3,11.659725839999737,9.926
STAGE_FULL_PIPELINE,3,11.710103870998864,9.926
STAGE_FULL_PIPELINE,3,11.771217412999249,7.469
STAGE_FULL_PIPELINE,3,11.822314366998398,10.402
STAGE_FULL_PIPELINE,3,11.873387611998623,10.403
STAGE_FULL_PIPELINE,3,11.923894240999289,20.881
STAGE_FULL_PIPELINE,3,11.975203113999669,20.881
STAGE_FULL_PIPELINE,3,12.026362589998826,9.739
STAGE_FULL_PIPELINE,3,12.07683896999879,9.739
STAGE_FULL_PIPELINE,3,12.12727810799879,9.624
STAGE_FULL_PIPELINE,3,12.177805244999035,9.624
STAGE_FULL_PIPELINE,3,12.228169486999832,10.519
STAGE_FULL_PIPELINE,3,12.279641676999745,10.519
STAGE_FULL_PIPELINE,3,12.331175895998967,10.306
STAGE_FULL_PIPELINE,3,12.381727862999469,9.734
STAGE_FULL_PIPELINE,3,12.432369868998649,9.734
STAGE_FULL_PIPELINE,3,12.482969527998648,9.927
STAGE_FULL_PIPELINE,3,12.533422576998419,9.927
STAGE_FULL_PIPELINE,3,12.5838715459995,10.05
STAGE_FULL_PIPELINE,3,12.634256696999728,10.05
STAGE_FULL_PIPELINE,3,12.684753546998763,10.648
STAGE_FULL_PIPELINE,3,12.735948287998326,10.648
STAGE_FULL_PIPELINE,3,12.78754541699891,9.193
STAGE_FULL_PIPELINE,3,12.837877426998602,9.193
STAGE_FULL_PIPELINE,3,12.888196688998505,9.622
STAGE_FULL_PIPELINE,3,12.940855088998433,13.221
STAGE_FULL_PIPELINE,3,12.991835201999493,13.221
STAGE_FULL_PIPELINE,3,13.043608228999801,20.634
STAGE_FULL_PIPELINE,3,13.094618084998729,20.634
STAGE_FULL_PIPELINE,3,13.145996431998356,13.177
STAGE_FULL_PIPELINE,3,13.199237432998416,10.275
STAGE_FULL_PIPELINE,3,13.249695487998906,10.275
STAGE_FULL_PIPELINE,3,13.300081800998669,10.163
STAGE_FULL_PIPELINE,3,13.351270295999711,6.25
STAGE_FULL_PIPELINE,3,13.402390018000006,10.98
STAGE_FULL_PIPELINE,3,13.455048582000018,7.905
STAGE_FULL_PIPELINE,3,13.506254741998418,9.961
STAGE_FULL_PIPELINE,3,13.55792270099846,9.961
STAGE_FULL_PIPELINE,3,13.612578612999641,10.336
STAGE_FULL_PIPELINE,3,13.662948488999973,11.248
STAGE_FULL_PIPELINE,3,13.713999633999265,11.248
STAGE_FULL_PIPELINE,3,13.765277956999853,10.09
STAGE_FULL_PIPELINE,3,13.815702672998668,10.09
STAGE_FULL_PIPELINE,3,13.866105473998687,9.689
STAGE_FULL_PIPELINE,3,13.916646234998552,9.689
STAGE_FULL_PIPELINE,3,13.967606682999758,9.868
STAGE_FULL_PIPELINE,3,14.018775706999804,9.868
STAGE_FULL_PIPELINE,3,14.069988913999623,10.452
STAGE_FULL_PIPELINE,3,14.120512219999,18.849
STAGE_FULL_PIPELINE,3,14.172020150999742,18.849
STAGE_FULL_PIPELINE,3,14.22333586899913,20.536
STAGE_FULL_PIPELINE,3,14.274580876999607,20.536
STAGE_FULL_PIPELINE,3,14.32597184199949,9.504
STAGE_FULL_PIPELINE,3,14.376535453999168,9.504
STAGE_FULL_PIPELINE,3,14.426860064999346,10.933
STAGE_FULL_PIPELINE,3,14.47801527899901,10.933
STAGE_FULL_PIPELINE,3,14.529180899999119,10.078
STAGE_FULL_PIPELINE,3,14.579589592998673,10.029
STAGE_FULL_PIPELINE,3,14.630691926999134,10.029
STAGE_FULL_PIPELINE,3,14.681730799999059,10.287
STAGE_FULL_PIPELINE,3,14.732151706999502,10.287
STAGE_FULL_PIPELINE,3,14.78256810899984,11.203
STAGE_FULL_PIPELINE,3,14.834048686998358,11.203
STAGE_FULL_PIPELINE,3,14.890346047999628,10.064
STAGE_FULL_PIPELINE,3,14.940768206999564,9.608
STAGE_FULL_PIPELINE,3,14.99532277399885,9.608
STAGE_FULL_PIPELINE,3,15.049953696998273,10.356
STAGE_FULL_PIPELINE,3,15.100424895999822,10.356
STAGE_FULL_PIPELINE,3,15.152980786999251,10.917
STAGE_FULL_PIPELINE,3,15.204104875998382,9.653
STAGE_FULL_PIPELINE,3,15.258060705999014,13.658
STAGE_FULL_PIPELINE,3,15.309127026999704,9.339
STAGE_FULL_PIPELINE,3,15.359465232999355,9.339
STAGE_FULL_PIPELINE,3,15.409812336998584,5.965
STAGE_FULL_PIPELINE,3,15.460810601998674,5.965
STAGE_FULL_PIPELINE,3,15.516716433998226,10.815
STAGE_FULL_PIPELINE,3,15.567127194999557,10.815
STAGE_FULL_PIPELINE,3,15.617562803998226,10.405
STAGE_FULL_PIPELINE,3,15.668132453998624,10.405
STAGE_FULL_PIPELINE,3,15.718516176999401,10.029
STAGE_FULL_PIPELINE,3,15.768997220999154,10.113
STAGE_FULL_PIPELINE,3,15.82049742199888,10.113
STAGE_FULL_PIPELINE,3,15.87159698999858,10.386
STAGE_FULL_PIPELINE,3,15.921964261999165,10.386
STAGE_FULL_PIPELINE,3,15.972320740998839,10.181
STAGE_FULL_PIPELINE,3,16.022830750998764,10.181
STAGE_FULL_PIPELINE,3,16.07324132999929,9.202
STAGE_FULL_PIPELINE,3,16.126294892999795,10.495
STAGE_FULL_PIPELINE,3,16.17753710099896,10.162
STAGE_FULL_PIPELINE,3,16.23016225899846,10.414
STAGE_FULL_PIPELINE,3,16.280461073998595,10.414
STAGE_FULL_PIPELINE,3,16.33084676099861,10.255
STAGE_FULL_PIPELINE,3,16.382288888999028,10.255
STAGE_FULL_PIPELINE,3,16.433220183998856,9.439
STAGE_FULL_PIPELINE,3,16.483597416998236,9.439
STAGE_FULL_PIPELINE,3,16.534068657998432,9.883
STAGE_FULL_PIPELINE,3,16.584583136998845,9.883
STAGE_FULL_PIPELINE,3,16.63514480199956,10.061
STAGE_FULL_PIPELINE,3,16.685576741998375,10.037
STAGE_FULL_PIPELINE,3,16.73608678599885,10.037
STAGE_FULL_PIPELINE,3,16.786603777998607,9.974
STAGE_FULL_PIPELINE,3,16.8369618859997,9.974
STAGE_FULL_PIPELINE,3,16.887256745998457,9.876
STAGE_FULL_PIPELINE,3,16.94358022599954,9.986
STAGE_FULL_PIPELINE,3,16.994745551999586,10.794
STAGE_FULL_PIPELINE,3,17.0477223529997,9.957
STAGE_FULL_PIPELINE,3,17.098243351998462,9.957
STAGE_FULL_PIPELINE,3,17.14975653900001,9.193
STAGE_FULL_PIPELINE,3,17.201012243998775,9.193
STAGE_FULL_PIPELINE,3,17.25233442699937,10.309
STAGE_FULL_PIPELINE,3,17.30269633199896,10.309
STAGE_FULL_PIPELINE,3,17.353127719999975,10.837
STAGE_FULL_PIPELINE,3,17.406266399999367,10.837
STAGE_FULL_PIPELINE,3,17.459860549999576,9.985
STAGE_FULL_PIPELINE,3,17.51021873999889,5.843
STAGE_FULL_PIPELINE,3,17.562024363998717,5.843
STAGE_FULL_PIPELINE,3,17.613375124999948,5.901
STAGE_FULL_PIPELINE,3,17.66471369699866,5.901
STAGE_FULL_PIPELINE,3,17.71620123899993,10.538
STAGE_FULL_PIPELINE,3,17.766587686999628,10.538
STAGE_FULL_PIPELINE,3,17.817119264998837,5.796
STAGE_FULL_PIPELINE,3,17.868857385999945,5.796
STAGE_FULL_PIPELINE,3,17.922238489998563,12.607
STAGE_FULL_PIPELINE,3,17.97355184999833,9.804
STAGE_FULL_PIPELINE,3,18.026405930999317,11.409
STAGE_FULL_PIPELINE,3,18.082773720998375,10.015
STAGE_FULL_PIPELINE,3,18.13819275499918,10.015
STAGE_FULL_PIPELINE,3,18.192310690999875,9.916
STAGE_FULL_PIPELINE,3,18.24271840399888,8.497
STAGE_FULL_PIPELINE,3,18.29861201499989,8.497
STAGE_FULL_PIPELINE,3,18.355419118999635,10.464
STAGE_FULL_PIPELINE,3,18.405858747999446,10.464
STAGE_FULL_PIPELINE,3,18.456310284998835,9.843
STAGE_FULL_PIPELINE,3,18.507378950998827,9.843
STAGE_FULL_PIPELINE,3,18.558502991998466,9.865
STAGE_FULL_PIPELINE,3,18.608960848998322,9.865
STAGE_FULL_PIPELINE,3,18.659321013999943,5.972
STAGE_FULL_PIPELINE,3,18.714492905999577,9.834
STAGE_FULL_PIPELINE,3,18.764892270999553,9.834
STAGE_FULL_PIPELINE,3,18.815307116999975,10.178
STAGE_FULL_PIPELINE,3,18.865649205999944,10.178
STAGE_FULL_PIPELINE,3,18.916009571999894,10.275
STAGE_FULL_PIPELINE,3,18.96641286599879,10.275
STAGE_FULL_PIPELINE,3,19.01686710099966,9.371
STAGE_FULL_PIPELINE,3,19.068063645998336,10.462
STAGE_FULL_PIPELINE,3,19.1185334949987,10.462
STAGE_FULL_PIPELINE,3,19.16886093299945,10.25
STAGE_FULL_PIPELINE,3,19.220569741999498,10.25
STAGE_FULL_PIPELINE,3,19.27155350299836,9.923
STAGE_FULL_PIPELINE,3,19.322054077998473,9.923
STAGE_FULL_PIPELINE,3,19.3725247379989,9.596
STAGE_FULL_PIPELINE,3,19.426571091998994,9.596
STAGE_FULL_PIPELINE,3,19.48463711599834,9.895
STAGE_FULL_PIPELINE,3,19.53501144599977,10.2
STAGE_FULL_PIPELINE,3,19.585430688999622,10.2
STAGE_FULL_PIPELINE,3,19.63770681099959,9.418
STAGE_FULL_PIPELINE,3,19.688730169998962,10.488
STAGE_FULL_PIPELINE,3,19.741671168998437,5.801
STAGE_FULL_PIPELINE,3,19.792615141999704,10.828
STAGE_FULL_PIPELINE,3,19.843575602999408,8.891
STAGE_FULL_PIPELINE,3,19.89467003899881,10.465
STAGE_FULL_PIPELINE,3,19.944985333999284,10.465
STAGE_FULL_PIPELINE,3,19.995284589998846,10.144
STAGE_FULL_PIPELINE,3,20.04560713399951,10.144
STAGE_FULL_PIPELINE,3,20.095940325998527,9.402
STAGE_FULL_PIPELINE,3,20.151157787999182,9.402
STAGE_FULL_PIPELINE,3,20.20655017899844,10.495
STAGE_FULL_PIPELINE,3,20.256878611999127,10.165
STAGE_FULL_PIPELINE,3,20.312278727999,10.165
STAGE_FULL_PIPELINE,3,20.365112879999288,9.786
STAGE_FULL_PIPELINE,3,20.415485177998562,9.786
STAGE_FULL_PIPELINE,3,20.465867079999953,8.473
STAGE_FULL_PIPELINE,3,20.518069418998493,8.473
STAGE_FULL_PIPELINE,3,20.569850057998337,10.408
STAGE_FULL_PIPELINE,3,20.620302461999017,9.607
STAGE_FULL_PIPELINE,3,20.671422872999756,9.607
STAGE_FULL_PIPELINE,3,20.72259255699828,9.82
STAGE_FULL_PIPELINE,3,20.773108822999347,9.82
STAGE_FULL_PIPELINE,3,20.823550092000005,7.859
STAGE_FULL_PIPELINE,3,20.876640351998503,7.859
STAGE_FULL_PIPELINE,3,20.929897452999285,9.897
STAGE_FULL_PIPELINE,3,20.980235268998513,9.897
STAGE_FULL_PIPELINE,3,21.035317541998666,10.109
STAGE_FULL_PIPELINE,3,21.0863460749988,10.132
STAGE_FULL_PIPELINE,3,21.13669364499947,10.132
STAGE_FULL_PIPELINE,3,21.187105160999636,9.607
STAGE_FULL_PIPELINE,3,21.23746827299874,9.607
STAGE_FULL_PIPELINE,3,21.288221404998694,9.869
STAGE_FULL_PIPELINE,3,21.34457204299906,9.869
STAGE_FULL_PIPELINE,3,21.395415537999725,8.903
STAGE_FULL_PIPELINE,3,21.4478478559995,11.084
STAGE_FULL_PIPELINE,3,21.499209249999694,11.084
STAGE_FULL_PIPELINE,3,21.551162462999855,9.529
STAGE_FULL_PIPELINE,3,21.601631206998718,9.529
STAGE_FULL_PIPELINE,3,21.652020677998735,9.968
STAGE_FULL_PIPELINE,3,21.702401970998835,9.968
STAGE_FULL_PIPELINE,3,21.752801343998726,10.123
STAGE_FULL_PIPELINE,3,21.80323013099951,10.123
STAGE_FULL_PIPELINE,3,21.853657929999827,10.027
STAGE_FULL_PIPELINE,3,21.904106544998285,9.943
STAGE_FULL_PIPELINE,3,21.95447655999851,9.943
STAGE_FULL_PIPELINE,3,22.00484881199918,10.036
STAGE_FULL_PIPELINE,3,22.055146314998638,10.036
STAGE_FULL_PIPELINE,3,22.107533690999844,10.103
STAGE_FULL_PIPELINE,3,22.157805438999276,10.103
STAGE_FULL_PIPELINE,3,22.208240497999213,10.069
STAGE_FULL_PIPELINE,3,22.25852320499871,10.069
STAGE_FULL_PIPELINE,3,22.308968912999262,10.024
STAGE_FULL_PIPELINE,3,22.359280178998233,10.024
STAGE_FULL_PIPELINE,3,22.40968512499967,10.075
STAGE_FULL_PIPELINE,3,22.460132580999925,10.172
STAGE_FULL_PIPELINE,3,22.51051804599956,10.172
STAGE_FULL_PIPELINE,3,22.5609755689984,10.134
STAGE_FULL_PIPELINE,3,22.611405912999544,10.134
STAGE_FULL_PIPELINE,3,22.661912671999744,10.068
STAGE_FULL_PIPELINE,3,22.712434624998423,10.068
STAGE_FULL_PIPELINE,3,22.76286061799874,10.07
STAGE_FULL_PIPELINE,3,22.813419507998333,10.07
STAGE_FULL_PIPELINE,3,22.86378295599934,10.183
STAGE_FULL_PIPELINE,3,22.914364766998915,10.138
STAGE_FULL_PIPELINE,3,22.96483718199852,10.138
STAGE_FULL_PIPELINE,3,23.015241943998262,10.06
STAGE_FULL_PIPELINE,3,23.065790384998763,10.06
STAGE_FULL_PIPELINE,3,23.11634345299899,10.064
STAGE_FULL_PIPELINE,3,23.16683883299993,10.064
STAGE_FULL_PIPELINE,3,23.21732466299909,10.129
STAGE_FULL_PIPELINE,3,23.26779730099952,10.129
STAGE_FULL_PIPELINE,3,23.318212108999433,10.136
STAGE_FULL_PIPELINE,3,23.36874481799896,10.063
STAGE_FULL_PIPELINE,3,23.419211425998583,10.063
STAGE_FULL_PIPELINE,3,23.469684241999857,10.063
STAGE_FULL_PIPELINE,3,23.52004218000002,10.063
STAGE_FULL_PIPELINE,3,23.57048298999871,10.128
STAGE_FULL_PIPELINE,3,23.620837144999314,10.128
STAGE_FULL_PIPELINE,3,23.671233729999585,10.126
STAGE_FULL_PIPELINE,3,23.7216234489988,10.126
STAGE_FULL_PIPELINE,3,23.772014397998646,10.057
STAGE_FULL_PIPELINE,3,23.822409062999213,10.057
STAGE_FULL_PIPELINE,3,23.872847985998305,10.067
STAGE_FULL_PIPELINE,3,23.92325030199936,10.14
STAGE_FULL_PIPELINE,3,23.973712492999766,10.14
STAGE_FULL_PIPELINE,3,24.024079825998342,10.139
STAGE_FULL_PIPELINE,3,24.0745032299983,10.139
STAGE_FULL_PIPELINE,3,24.124911852999503,10.061
STAGE_FULL_PIPELINE,3,24.17530701999931,10.061
STAGE_FULL_PIPELINE,3,24.225769787999525,10.05
STAGE_FULL_PIPELINE,3,24.2761450779999,10.05
STAGE_FULL_PIPELINE,3,24.326540968999325,10.112
STAGE_FULL_PIPELINE,3,24.376899902999867,10.112
STAGE_FULL_PIPELINE,3,24.427350203999595,10.055
STAGE_FULL_PIPELINE,3,24.477851481999096,10.021
STAGE_FULL_PIPELINE,3,24.52838337999856,10.021
STAGE_FULL_PIPELINE,3,24.57879484499972,10.022
STAGE_FULL_PIPELINE,3,24.629130118999456,10.022
STAGE_FULL_PIPELINE,3,24.679494642999998,10.096
STAGE_FULL_PIPELINE,3,24.72998057699988,10.096
STAGE_FULL_PIPELINE,3,24.78052423400004,10.083
STAGE_FULL_PIPELINE,3,24.831048593998275,10.083
STAGE_FULL_PIPELINE,3,24.881538008999996,10.012
STAGE_FULL_PIPELINE,3,24.931995504999577,10.01
STAGE_FULL_PIPELINE,3,24.982486539998717,10.01
STAGE_FULL_PIPELINE,3,25.033077131998652,10.083
STAGE_FULL_PIPELINE,3,25.083983205999175,10.083
STAGE_FULL_PIPELINE,3,25.134531723999316,10.079
STAGE_FULL_PIPELINE,3,25.184909101999438,10.079
STAGE_FULL_PIPELINE,3,25.23525374199926,10.023
STAGE_FULL_PIPELINE,3,25.285651536998557,10.023
STAGE_FULL_PIPELINE,3,25.33603090499855,10.035
STAGE_FULL_PIPELINE,3,25.386465455998405,10.163
STAGE_FULL_PIPELINE,3,25.436914632999105,10.163
STAGE_FULL_PIPELINE,3,25.487360297998748,10.605
STAGE_FULL_PIPELINE,3,25.543455540999275,10.605
STAGE_FULL_PIPELINE,3,25.597098765998453,12.582
STAGE_FULL_PIPELINE,3,25.650497472999632,12.582
STAGE_FULL_PIPELINE,3,25.70564310899863,10.464
STAGE_FULL_PIPELINE,3,25.756123657998614,10.497
STAGE_FULL_PIPELINE,3,25.806743421999272,10.497
STAGE_FULL_PIPELINE,3,25.857224529998348,10.231
STAGE_FULL_PIPELINE,3,25.90849166099906,10.231
STAGE_FULL_PIPELINE,3,25.960575581999365,9.911
STAGE_FULL_PIPELINE,3,26.011006228998667,9.911
STAGE_FULL_PIPELINE,3,26.06138806999843,10.229
STAGE_FULL_PIPELINE,3,26.114213940998525,10.229
STAGE_FULL_PIPELINE,3,26.164714011998512,10.202
STAGE_FULL_PIPELINE,3,26.215745289999177,10.309
STAGE_FULL_PIPELINE,3,26.268547627998487,10.411
STAGE_FULL_PIPELINE,3,26.31904944099915,9.168
STAGE_FULL_PIPELINE,3,26.37451958499878,10.658
STAGE_FULL_PIPELINE,3,26.425679843998296,10.476
STAGE_FULL_PIPELINE,3,26.47788186499929,10.476
STAGE_FULL_PIPELINE,3,26.531918931999826,10.504
STAGE_FULL_PIPELINE,3,26.582457864999014,8.783
STAGE_FULL_PIPELINE,3,26.638252232000013,8.783
STAGE_FULL_PIPELINE,3,26.692518227999244,9.955
STAGE_FULL_PIPELINE,3,26.743190298999252,9.955
STAGE_FULL_PIPELINE,3,26.793655317998855,10.262
STAGE_FULL_PIPELINE,3,26.844140756998968,10.262
STAGE_FULL_PIPELINE,3,26.89459852299842,5.803
STAGE_FULL_PIPELINE,3,26.945810177998283,9.824
STAGE_FULL_PIPELINE,3,26.997183612998924,10.824
STAGE_FULL_PIPELINE,3,27.048319714998797,9.875
STAGE_FULL_PIPELINE,3,27.099542948999442,10.273
STAGE_FULL_PIPELINE,3,27.151361521999206,10.656
STAGE_FULL_PIPELINE,3,27.202568905999215,10.656
STAGE_FULL_PIPELINE,3,27.255874295999092,10.564
STAGE_FULL_PIPELINE,3,27.30639384599999,10.564
STAGE_FULL_PIPELINE,3,27.356781451999268,10.244
STAGE_FULL_PIPELINE,3,27.408520678998684,9.703
STAGE_FULL_PIPELINE,3,27.458905441999377,9.703
STAGE_FULL_PIPELINE,3,27.515840460999243,10.532
STAGE_FULL_PIPELINE,3,27.567116865999196,10.532
STAGE_FULL_PIPELINE,3,27.61837645399828,10.524
STAGE_FULL_PIPELINE,3,27.668782713999462,10.524
STAGE_FULL_PIPELINE,3,27.719369510999968,8.147
STAGE_FULL_PIPELINE,3,27.7751075569995,10.093
STAGE_FULL_PIPELINE,3,27.82569935599895,10.093
STAGE_FULL_PIPELINE,3,27.876245604998985,10.32
STAGE_FULL_PIPELINE,3,27.926582467998742,10.32
STAGE_FULL_PIPELINE,3,27.97696345499935,10.394
STAGE_FULL_PIPELINE,3,28.027375316998587,10.394
STAGE_FULL_PIPELINE,3,28.07780361099867,10.154
STAGE_FULL_PIPELINE,3,28.128213708998373,10.154
STAGE_FULL_PIPELINE,3,28.17872454799908,10.14
STAGE_FULL_PIPELINE,3,28.229138880999017,10.127
STAGE_FULL_PIPELINE,3,28.280697080999744,10.127
STAGE_FULL_PIPELINE,3,28.332072388999222,10.595
STAGE_FULL_PIPELINE,3,28.382543260999228,10.595
STAGE_FULL_PIPELINE,3,28.433024464999107,9.524
STAGE_FULL_PIPELINE,3,28.48414447199866,9.524
STAGE_FULL_PIPELINE,3,28.535246373998234,10.072
STAGE_FULL_PIPELINE,3,28.585715232999064,10.072
STAGE_FULL_PIPELINE,3,28.636076752998633,10.352
STAGE_FULL_PIPELINE,3,28.692133182999896,12.59
STAGE_FULL_PIPELINE,3,28.74369591699906,12.59
STAGE_FULL_PIPELINE,3,28.795442965998518,7.626
STAGE_FULL_PIPELINE,3,28.846740416998728,7.626
STAGE_FULL_PIPELINE,3,28.89787927799989,6.09
STAGE_FULL_PIPELINE,3,28.94987514499917,6.09
STAGE_FULL_PIPELINE,3,29.001342693998595,5.67
STAGE_FULL_PIPELINE,3,29.055215618998773,10.934
STAGE_FULL_PIPELINE,3,29.105736635998255,10.934
STAGE_FULL_PIPELINE,3,29.156051083999046,10.581
STAGE_FULL_PIPELINE,3,29.207041878999007,10.581
STAGE_FULL_PIPELINE,3,29.258101420999083,9.373
STAGE_FULL_PIPELINE,3,29.317140679999284,9.373
STAGE_FULL_PIPELINE,3,29.36762104799891,9.509
STAGE_FULL_PIPELINE,3,29.425417283999195,11.586
STAGE_FULL_PIPELINE,3,29.47675858399998,9.359
STAGE_FULL_PIPELINE,3,29.527809092998723,9.255
STAGE_FULL_PIPELINE,3,29.57908994099853,9.255
STAGE_FULL_PIPELINE,3,29.630438821999633,10.097
STAGE_FULL_PIPELINE,3,29.681075466998664,10.097
STAGE_FULL_PIPELINE,3,29.73155481699905,10.422
STAGE_FULL_PIPELINE,3,29.78277934599828,12.703
STAGE_FULL_PIPELINE,3,29.834132719999616,12.703
STAGE_FULL_PIPELINE,3,29.885433712999657,9.449
STAGE_FULL_PIPELINE,3,29.936012000998744,9.449
STAGE_FULL_PIPELINE,3,29.986583462999988,5.754
STAGE_MODEL_POLICY,3,0.0026513400007388555,5.754
STAGE_MODEL_POLICY,3,0.05431812000097125,8.961
STAGE_MODEL_POLICY,3,0.10477342200101702,8.961
STAGE_MODEL_POLICY,3,0.1552073910006584,9.404
STAGE_MODEL_POLICY,3,0.20554751599956944,9.488
STAGE_MODEL_POLICY,3,0.25586689000010665,9.488
STAGE_MODEL_POLICY,3,0.30630185500012885,10.017
STAGE_MODEL_POLICY,3,0.359126051000203,10.017
STAGE_MODEL_POLICY,3,0.4151372119995358,10.565
STAGE_MODEL_POLICY,3,0.4655619300010585,10.565
STAGE_MODEL_POLICY,3,0.5160540060005587,9.587
STAGE_MODEL_POLICY,3,0.5675722920004773,9.587
STAGE_MODEL_POLICY,3,0.6190002679995814,9.7
STAGE_MODEL_POLICY,3,0.6744866330009245,8.904
STAGE_MODEL_POLICY,3,0.7255423910009995,8.904
STAGE_MODEL_POLICY,3,0.7766391450004448,10.478
STAGE_MODEL_POLICY,3,0.8273036669997964,10.478
STAGE_MODEL_POLICY,3,0.877737024000453,8.357
STAGE_MODEL_POLICY,3,0.9307163120010955,8.357
STAGE_MODEL_POLICY,3,0.9867308140001114,9.662
STAGE_MODEL_POLICY,3,1.0373265050002374,10.089
STAGE_MODEL_POLICY,3,1.0877780060000077,10.089
STAGE_MODEL_POLICY,3,1.138205741001002,5.842
STAGE_MODEL_POLICY,3,1.189456923999387,5.842
STAGE_MODEL_POLICY,3,1.244996639999954,10.515
STAGE_MODEL_POLICY,3,1.295338265999817,10.515
STAGE_MODEL_POLICY,3,1.345731371000511,14.573
STAGE_MODEL_POLICY,3,1.3975039800006925,9.667
STAGE_MODEL_POLICY,3,1.4545350250009506,11.759
STAGE_MODEL_POLICY,3,1.5104728340011206,10.214
STAGE_MODEL_POLICY,3,1.564401801000713,10.214
STAGE_MODEL_POLICY,3,1.6218072470001061,9.753
STAGE_MODEL_POLICY,3,1.6721939710005245,9.344
STAGE_MODEL_POLICY,3,1.727411817999382,9.344
STAGE_MODEL_POLICY,3,1.7810990329999186,10.586
STAGE_MODEL_POLICY,3,1.8317135150009562,10.586
STAGE_MODEL_POLICY,3,1.8821882760003064,10.706
STAGE_MODEL_POLICY,3,1.9337163660002261,10.706
STAGE_MODEL_POLICY,3,1.9849124270003813,10.113
STAGE_MODEL_POLICY,3,2.0354268989995035,10.113
STAGE_MODEL_POLICY,3,2.085974317000364,8.327
STAGE_MODEL_POLICY,3,2.137177683000118,10.334
STAGE_MODEL_POLICY,3,2.1876326729998254,10.334
STAGE_MODEL_POLICY,3,2.23807263100025,15.889
STAGE_MODEL_POLICY,3,2.2900799800008826,15.889
STAGE_MODEL_POLICY,3,2.342575296999712,9.746
STAGE_MODEL_POLICY,3,2.392986947999816,9.746
STAGE_MODEL_POLICY,3,2.443506900999637,9.774
STAGE_MODEL_POLICY,3,2.4938306160001957,9.774
STAGE_MODEL_POLICY,3,2.5442832469998393,10.032
STAGE_MODEL_POLICY,3,2.5946625380001933,10.431
STAGE_MODEL_POLICY,3,2.6492919890006306,10.431
STAGE_MODEL_POLICY,3,2.7042574740007694,9.765
STAGE_MODEL_POLICY,3,2.7546317310007,9.765
STAGE_MODEL_POLICY,3,2.8049982909997198,9.841
STAGE_MODEL_POLICY,3,2.8596094919994357,11.206
STAGE_MODEL_POLICY,3,2.9107789320005395,9.972
STAGE_MODEL_POLICY,3,2.962496636000651,10.558
STAGE_MODEL_POLICY,3,3.012939987000209,10.558
STAGE_MODEL_POLICY,3,3.0636480190005386,10.117
STAGE_MODEL_POLICY,3,3.1140820640011952,10.117
STAGE_MODEL_POLICY,3,3.172869112000626,6.619
STAGE_MODEL_POLICY,3,3.2239923640008783,6.619
STAGE_MODEL_POLICY,3,3.275084524000704,10.505
STAGE_MODEL_POLICY,3,3.3254154959995503,10.516
STAGE_MODEL_POLICY,3,3.375895400000445,10.516
STAGE_MODEL_POLICY,3,3.426484731000528,20.525
STAGE_MODEL_POLICY,3,3.477950819000398,20.525
STAGE_MODEL_POLICY,3,3.5293293750000885,9.677
STAGE_MODEL_POLICY,3,3.579930410000088,9.677
STAGE_MODEL_POLICY,3,3.630529395000849,7.615
STAGE_MODEL_POLICY,3,3.684223063999525,7.615
STAGE_MODEL_POLICY,3,3.742042539999602,8.992
STAGE_MODEL_POLICY,3,3.7931228500001453,10.18
STAGE_MODEL_POLICY,3,3.8453943969998363,10.18
STAGE_MODEL_POLICY,3,3.8976389260005817,9.818
STAGE_MODEL_POLICY,3,3.948247876000096,9.818
STAGE_MODEL_POLICY,3,3.998717153999678,10.881
STAGE_MODEL_POLICY,3,4.050150655000834,10.881
STAGE_MODEL_POLICY,3,4.101427298999624,10.486
STAGE_MODEL_POLICY,3,4.151871342999584,10.367
STAGE_MODEL_POLICY,3,4.2037169610011915,10.367
STAGE_MODEL_POLICY,3,4.257430261000991,9.227
STAGE_MODEL_POLICY,3,4.30847606899988,10.444
STAGE_MODEL_POLICY,3,4.367314683000586,11.248
STAGE_MODEL_POLICY,3,4.418407166000179,10.55
STAGE_MODEL_POLICY,3,4.46885146600107,10.55
STAGE_MODEL_POLICY,3,4.51968304500042,10.084
STAGE_MODEL_POLICY,3,4.5700857900010305,10.084
STAGE_MODEL_POLICY,3,4.620736135000698,10.02
STAGE_MODEL_POLICY,3,4.6713284390007175,10.02
STAGE_MODEL_POLICY,3,4.722193297000558,10.607
STAGE_MODEL_POLICY,3,4.7774128670007485,10.607
STAGE_MODEL_POLICY,3,4.831046258999777,10.505
STAGE_MODEL_POLICY,3,4.881442023001,10.506
STAGE_MODEL_POLICY,3,4.937576374000855,10.506
STAGE_MODEL_POLICY,3,4.992020232000868,9.754
STAGE_MODEL_POLICY,3,5.0424240739994275,9.754
STAGE_MODEL_POLICY,3,5.092803416000606,10.914
STAGE_MODEL_POLICY,3,5.143918269001006,9.226
STAGE_MODEL_POLICY,3,5.194993107999835,12.045
STAGE_MODEL_POLICY,3,5.246020563999991,10.503
STAGE_MODEL_POLICY,3,5.29712178400041,10.503
STAGE_MODEL_POLICY,3,5.348299563000182,9.799
STAGE_MODEL_POLICY,3,5.398874886001067,9.799
STAGE_MODEL_POLICY,3,5.449339856000734,10.964
STAGE_MODEL_POLICY,3,5.500547183999515,9.814
STAGE_MODEL_POLICY,3,5.5615809350001655,17.207
STAGE_MODEL_POLICY,3,5.612501435000013,9.59
STAGE_MODEL_POLICY,3,5.662861426000745,9.59
STAGE_MODEL_POLICY,3,5.713258230000065,9.706
STAGE_MODEL_POLICY,3,5.763690611000129,9.706
STAGE_MODEL_POLICY,3,5.814135807000639,9.978
STAGE_MODEL_POLICY,3,5.8677236389994505,9.978
STAGE_MODEL_POLICY,3,5.918202887000007,10.883
STAGE_MODEL_POLICY,3,5.96931309700085,10.883
STAGE_MODEL_POLICY,3,6.021030801000961,9.673
STAGE_MODEL_POLICY,3,6.071406283001124,10.085
STAGE_MODEL_POLICY,3,6.123816348001128,10.085
STAGE_MODEL_POLICY,3,6.1933753800003615,10.501
STAGE_MODEL_POLICY,3,6.243799977999515,10.501
STAGE_MODEL_POLICY,3,6.294200485001056,10.53
STAGE_MODEL_POLICY,3,6.344648620999578,9.74
STAGE_MODEL_POLICY,3,6.395875018999504,9.74
STAGE_MODEL_POLICY,3,6.447897617999843,9.842
STAGE_MODEL_POLICY,3,6.498283908000303,9.842
STAGE_MODEL_POLICY,3,6.553295058000003,10.22
STAGE_MODEL_POLICY,3,6.603625543000817,10.22
STAGE_MODEL_POLICY,3,6.653982410000026,10.34
STAGE_MODEL_POLICY,3,6.704497022999931,10.34
STAGE_MODEL_POLICY,3,6.754897144001006,10.121
STAGE_MODEL_POLICY,3,6.805363650999425,10.081
STAGE_MODEL_POLICY,3,6.855662010000742,10.081
STAGE_MODEL_POLICY,3,6.906069507000211,10.147
STAGE_MODEL_POLICY,3,6.956470404000356,10.147
STAGE_MODEL_POLICY,3,7.006913635001183,10.19
STAGE_MODEL_POLICY,3,7.057226098000683,10.19
STAGE_MODEL_POLICY,3,7.107811017000131,10.102
STAGE_MODEL_POLICY,3,7.158218300999579,10.102
STAGE_MODEL_POLICY,3,7.208634861000974,10.081
STAGE_MODEL_POLICY,3,7.25907811900106,10.081
STAGE_MODEL_POLICY,3,7.309502423000595,10.123
STAGE_MODEL_POLICY,3,7.359828792999906,10.154
STAGE_MODEL_POLICY,3,7.410272524999527,10.154
STAGE_MODEL_POLICY,3,7.468317417000435,9.426
STAGE_MODEL_POLICY,3,7.519330168001034,9.426
STAGE_MODEL_POLICY,3,7.570563700001003,9.974
STAGE_MODEL_POLICY,3,7.6219465200010745,9.974
STAGE_MODEL_POLICY,3,7.672339099000965,10.2
STAGE_MODEL_POLICY,3,7.722736347001046,10.288
STAGE_MODEL_POLICY,3,7.773228293999637,10.288
STAGE_MODEL_POLICY,3,7.823668832999829,20.585
STAGE_MODEL_POLICY,3,7.87468671500028,20.585
STAGE_MODEL_POLICY,3,7.926621279000756,9.228
STAGE_MODEL_POLICY,3,7.977121879001061,9.228
STAGE_MODEL_POLICY,3,8.027477548999741,9.91
STAGE_MODEL_POLICY,3,8.077956921000805,9.91
STAGE_MODEL_POLICY,3,8.128467002999969,10.112
STAGE_MODEL_POLICY,3,8.17888559399944,9.943
STAGE_MODEL_POLICY,3,8.229317061000984,9.943
STAGE_MODEL_POLICY,3,8.27973720800037,9.946
STAGE_MODEL_POLICY,3,8.330129174999456,9.946
STAGE_MODEL_POLICY,3,8.380465624000863,11.13
STAGE_MODEL_POLICY,3,8.435487439999633,11.13
STAGE_MODEL_POLICY,3,8.491023213000517,10.505
STAGE_MODEL_POLICY,3,8.541372773001058,10.505
STAGE_MODEL_POLICY,3,8.591696924000644,9.919
STAGE_MODEL_POLICY,3,8.642157555999802,9.937
STAGE_MODEL_POLICY,3,8.692532932000177,9.937
STAGE_MODEL_POLICY,3,8.743034982000609,10.083
STAGE_MODEL_POLICY,3,8.793454554999698,10.083
STAGE_MODEL_POLICY,3,8.843874473999676,10.172
STAGE_MODEL_POLICY,3,8.89428149699961,10.172
STAGE_MODEL_POLICY,3,8.944945654000549,15.035
STAGE_MODEL_POLICY,3,8.99645715800034,15.035
STAGE_MODEL_POLICY,3,9.048652637000487,9.305
STAGE_MODEL_POLICY,3,9.099454909999622,10.704
STAGE_MODEL_POLICY,3,9.150780940999539,10.704
STAGE_MODEL_POLICY,3,9.201884903999598,10.526
STAGE_MODEL_POLICY,3,9.252423765999993,10.526
STAGE_MODEL_POLICY,3,9.302851038999506,10.339
STAGE_MODEL_POLICY,3,9.356284358000266,10.339
STAGE_MODEL_POLICY,3,9.411889385000904,10.039
STAGE_MODEL_POLICY,3,9.462340939000569,11.156
STAGE_MODEL_POLICY,3,9.513312004999534,11.156
STAGE_MODEL_POLICY,3,9.564363127999968,10.638
STAGE_MODEL_POLICY,3,9.614815074000944,10.638
STAGE_MODEL_POLICY,3,9.665304142999958,10.517
STAGE_MODEL_POLICY,3,9.718136282999694,10.517
STAGE_MODEL_POLICY,3,9.773142960000769,10.155
STAGE_MODEL_POLICY,3,9.823522095999579,10.155
STAGE_MODEL_POLICY,3,9.873984449001,12.898
STAGE_MODEL_POLICY,3,9.925034331999996,10.532
STAGE_MODEL_POLICY,3,9.975445608999507,10.532
STAGE_MODEL_POLICY,3,10.025841464999758,10.222
STAGE_MODEL_POLICY,3,10.07630762000008,10.222
STAGE_MODEL_POLICY,3,10.126769344000422,10.083
STAGE_MODEL_POLICY,3,10.177169003000017,10.083
STAGE_MODEL_POLICY,3,10.227583927000524,10.155
STAGE_MODEL_POLICY,3,10.27821033300097,10.155
STAGE_MODEL_POLICY,3,10.328685063001103,10.229
STAGE_MODEL_POLICY,3,10.379252478000126,10.229
STAGE_MODEL_POLICY,3,10.429633248000755,10.233
STAGE_MODEL_POLICY,3,10.480234071999803,10.116
STAGE_MODEL_POLICY,3,10.53067367299991,10.116
STAGE_MODEL_POLICY,3,10.581150351999895,10.157
STAGE_MODEL_POLICY,3,10.631552484001077,10.157
STAGE_MODEL_POLICY,3,10.68214544300099,10.195
STAGE_MODEL_POLICY,3,10.732663427999796,10.195
STAGE_MODEL_POLICY,3,10.783158983000249,10.199
STAGE_MODEL_POLICY,3,10.833624206999957,10.199
STAGE_MODEL_POLICY,3,10.884148323000773,10.727
STAGE_MODEL_POLICY,3,10.94040081499952,10.519
STAGE_MODEL_POLICY,3,10.99076333999983,10.519
STAGE_MODEL_POLICY,3,11.041167159999532,17.204
STAGE_MODEL_POLICY,3,11.09230732800097,17.204
STAGE_MODEL_POLICY,3,11.143646676000571,9.243
STAGE_MODEL_POLICY,3,11.194249813001079,9.243
STAGE_MODEL_POLICY,3,11.244714194001062,9.664
STAGE_MODEL_POLICY,3,11.295347084000241,9.952
STAGE_MODEL_POLICY,3,11.34573929600083,9.952
STAGE_MODEL_POLICY,3,11.396278229000018,10.098
STAGE_MODEL_POLICY,3,11.44674805700015,10.098
STAGE_MODEL_POLICY,3,11.497298493000926,10.162
STAGE_MODEL_POLICY,3,11.553171685000052,10.162
STAGE_MODEL_POLICY,3,11.607993098999941,10.249
STAGE_MODEL_POLICY,3,11.658277516000453,10.249
STAGE_MODEL_POLICY,3,11.708947217000969,10.82
STAGE_MODEL_POLICY,3,11.760088287999679,10.496
STAGE_MODEL_POLICY,3,11.810477078000986,10.496
STAGE_MODEL_POLICY,3,11.86085865700079,10.369
STAGE_MODEL_POLICY,3,11.91340416300045,10.369
STAGE_MODEL_POLICY,3,11.967301332000716,9.857
STAGE_MODEL_POLICY,3,12.017742162001014,9.857
STAGE_MODEL_POLICY,3,12.068126595000649,11.215
STAGE_MODEL_POLICY,3,12.119563148000452,13.012
STAGE_MODEL_POLICY,3,12.175699446999715,13.012
STAGE_MODEL_POLICY,3,12.227601623000737,9.215
STAGE_MODEL_POLICY,3,12.278049679000105,9.215
STAGE_MODEL_POLICY,3,12.328351832000408,5.779
STAGE_MODEL_POLICY,3,12.379499447000853,5.779
STAGE_MODEL_POLICY,3,12.430872552000437,10.252
STAGE_MODEL_POLICY,3,12.481256500999734,10.252
STAGE_MODEL_POLICY,3,12.531806627999686,10.373
STAGE_MODEL_POLICY,3,12.582410241000616,10.432
STAGE_MODEL_POLICY,3,12.633868540000549,10.432
STAGE_MODEL_POLICY,3,12.685901611999725,9.598
STAGE_MODEL_POLICY,3,12.73652733200106,9.598
STAGE_MODEL_POLICY,3,12.786957485999665,10.374
STAGE_MODEL_POLICY,3,12.83815530100037,10.374
STAGE_MODEL_POLICY,3,12.889549211000485,10.552
STAGE_MODEL_POLICY,3,12.94008062300054,10.552
STAGE_MODEL_POLICY,3,12.990533006000987,9.881
STAGE_MODEL_POLICY,3,13.040997698000865,10.015
STAGE_MODEL_POLICY,3,13.091344069000115,10.015
STAGE_MODEL_POLICY,3,13.141880749999473,10.478
STAGE_MODEL_POLICY,3,13.193331878999743,10.478
STAGE_MODEL_POLICY,3,13.244845556000655,10.499
STAGE_MODEL_POLICY,3,13.29518422900037,10.499
STAGE_MODEL_POLICY,3,13.348387603000447,7.026
STAGE_MODEL_POLICY,3,13.399746397000854,10.267
STAGE_MODEL_POLICY,3,13.450145378999878,10.267
STAGE_MODEL_POLICY,3,13.500773125000705,10.382
STAGE_MODEL_POLICY,3,13.551257020000776,10.382
STAGE_MODEL_POLICY,3,13.601699270000609,10.607
STAGE_MODEL_POLICY,3,13.652929080000831,10.607
STAGE_MODEL_POLICY,3,13.70421629700104,9.186
STAGE_MODEL_POLICY,3,13.754644910000934,9.186
STAGE_MODEL_POLICY,3,13.805097165999541,9.726
STAGE_MODEL_POLICY,3,13.855568187000245,9.726
STAGE_MODEL_POLICY,3,13.906113868999455,9.988
STAGE_MODEL_POLICY,3,13.95674773599967,10.863
STAGE_MODEL_POLICY,3,14.009037196999998,10.863
STAGE_MODEL_POLICY,3,14.061193208000986,9.218
STAGE_MODEL_POLICY,3,14.111755042000368,9.218
STAGE_MODEL_POLICY,3,14.16230571000051,9.768
STAGE_MODEL_POLICY,3,14.212791134999861,9.768
STAGE_MODEL_POLICY,3,14.26330695300021,10.007
STAGE_MODEL_POLICY,3,14.313817787000517,10.007
STAGE_MODEL_POLICY,3,14.364185697000721,10.115
STAGE_MODEL_POLICY,3,14.414700874000118,8.134
STAGE_MODEL_POLICY,3,14.466035532001115,8.134
STAGE_MODEL_POLICY,3,14.517927099999724,5.742
STAGE_MODEL_POLICY,3,14.572147054999732,5.742
STAGE_MODEL_POLICY,3,14.625848396000947,10.256
STAGE_MODEL_POLICY,3,14.676189940000768,10.256
STAGE_MODEL_POLICY,3,14.726620987999922,10.352
STAGE_MODEL_POLICY,3,14.777103710999654,10.352
STAGE_MODEL_POLICY,3,14.827505323000878,10.181
STAGE_MODEL_POLICY,3,14.878020951000508,10.238
STAGE_MODEL_POLICY,3,14.932975871999588,10.685
STAGE_MODEL_POLICY,3,14.984148118999656,10.369
STAGE_MODEL_POLICY,3,15.035378239999773,10.369
STAGE_MODEL_POLICY,3,15.08657010800016,10.479
STAGE_MODEL_POLICY,3,15.136958060000325,10.479
STAGE_MODEL_POLICY,3,15.187410751001153,9.195
STAGE_MODEL_POLICY,3,15.239441818999694,10.309
STAGE_MODEL_POLICY,3,15.289936024000781,10.309
STAGE_MODEL_POLICY,3,15.34073250000074,10.423
STAGE_MODEL_POLICY,3,15.392055764999895,9.806
STAGE_MODEL_POLICY,3,15.45066798500011,11.979
STAGE_MODEL_POLICY,3,15.501756149000357,9.517
STAGE_MODEL_POLICY,3,15.554766454000855,7.544
STAGE_MODEL_POLICY,3,15.605972126999404,10.32
STAGE_MODEL_POLICY,3,15.656312576000346,10.32
STAGE_MODEL_POLICY,3,15.706781528000647,10.422
STAGE_MODEL_POLICY,3,15.75715072300045,10.422
STAGE_MODEL_POLICY,3,15.807579059001,10.417
STAGE_MODEL_POLICY,3,15.857955568999387,10.417
STAGE_MODEL_POLICY,3,15.9083874500011,9.434
STAGE_MODEL_POLICY,3,15.960319081999842,9.434
STAGE_MODEL_POLICY,3,16.0117457489996,10.231
STAGE_MODEL_POLICY,3,16.06233496400091,10.231
STAGE_MODEL_POLICY,3,16.112903413999447,10.332
STAGE_MODEL_POLICY,3,16.16332063000118,10.332
STAGE_MODEL_POLICY,3,16.2138872430005,10.389
STAGE_MODEL_POLICY,3,16.26472185500097,10.389
STAGE_MODEL_POLICY,3,16.315245579000475,10.414
STAGE_MODEL_POLICY,3,16.36591734800095,10.414
STAGE_MODEL_POLICY,3,16.41659766399971,10.431
STAGE_MODEL_POLICY,3,16.467636778999804,10.431
STAGE_MODEL_POLICY,3,16.518400176000796,9.964
STAGE_MODEL_POLICY,3,16.5708159120004,10.505
STAGE_MODEL_POLICY,3,16.621380374999717,10.505
STAGE_MODEL_POLICY,3,16.67195048600115,7.134
STAGE_MODEL_POLICY,3,16.728661144999933,7.134
STAGE_MODEL_POLICY,3,16.780048364000322,10.532
STAGE_MODEL_POLICY,3,16.831044123000538,10.532
STAGE_MODEL_POLICY,3,16.881711322001138,10.524
STAGE_MODEL_POLICY,3,16.93222952600081,10.524
STAGE_MODEL_POLICY,3,16.98261761499998,10.525
STAGE_MODEL_POLICY,3,17.037316428999475,10.525
STAGE_MODEL_POLICY,3,17.087770526000895,10.488
STAGE_MODEL_POLICY,3,17.139007535999554,10.488
STAGE_MODEL_POLICY,3,17.192266946000018,10.5
STAGE_MODEL_POLICY,3,17.24278703300115,10.5
STAGE_MODEL_POLICY,3,17.29318552299992,10.361
STAGE_MODEL_POLICY,3,17.34443186200042,9.667
STAGE_MODEL_POLICY,3,17.395009523001136,9.667
STAGE_MODEL_POLICY,3,17.445512952999707,9.79
STAGE_MODEL_POLICY,3,17.495983077000346,9.79
STAGE_MODEL_POLICY,3,17.546422163999523,8.916
STAGE_MODEL_POLICY,3,17.59758571400016,8.916
STAGE_MODEL_POLICY,3,17.648726585000986,10.497
STAGE_MODEL_POLICY,3,17.69925067099939,10.497
STAGE_MODEL_POLICY,3,17.749982018000082,10.602
STAGE_MODEL_POLICY,3,17.807094927000435,10.602
STAGE_MODEL_POLICY,3,17.86261170800026,10.538
STAGE_MODEL_POLICY,3,17.913934034000704,10.145
STAGE_MODEL_POLICY,3,17.964505608000763,10.145
STAGE_MODEL_POLICY,3,18.015085557999555,10.062
STAGE_MODEL_POLICY,3,18.0656218919994,10.062
STAGE_MODEL_POLICY,3,18.11610187400038,10.147
STAGE_MODEL_POLICY,3,18.166544617999534,10.147
STAGE_MODEL_POLICY,3,18.217193532000238,10.225
STAGE_MODEL_POLICY,3,18.26770689099976,10.225
STAGE_MODEL_POLICY,3,18.318211596000765,10.971
STAGE_MODEL_POLICY,3,18.369489703,10.971
STAGE_MODEL_POLICY,3,18.421007099001145,10.488
STAGE_MODEL_POLICY,3,18.47146052900098,10.488
STAGE_MODEL_POLICY,3,18.52193183199961,10.223
STAGE_MODEL_POLICY,3,18.572430714000802,10.223
STAGE_MODEL_POLICY,3,18.623149146000287,10.368
STAGE_MODEL_POLICY,3,18.674978555000052,9.814
STAGE_MODEL_POLICY,3,18.727886802000285,9.872
STAGE_MODEL_POLICY,3,18.778286188000493,9.689
STAGE_MODEL_POLICY,3,18.829624652000348,9.689
STAGE_MODEL_POLICY,3,18.88587202999952,10.483
STAGE_MODEL_POLICY,3,18.93658825500097,10.483
STAGE_MODEL_POLICY,3,18.98720626100112,10.492
STAGE_MODEL_POLICY,3,19.03766550399996,10.492
STAGE_MODEL_POLICY,3,19.087998037000943,10.386
STAGE_MODEL_POLICY,3,19.138421272000414,10.386
STAGE_MODEL_POLICY,3,19.18880510999952,7.701
STAGE_MODEL_POLICY,3,19.24109777400008,10.044
STAGE_MODEL_POLICY,3,19.291581806999602,10.044
STAGE_MODEL_POLICY,3,19.3419764650007,5.829
STAGE_MODEL_POLICY,3,19.393165847001,5.829
STAGE_MODEL_POLICY,3,19.44510211099987,10.549
STAGE_MODEL_POLICY,3,19.49558878500102,10.549
STAGE_MODEL_POLICY,3,19.54601777700009,10.503
STAGE_MODEL_POLICY,3,19.5963787820001,10.503
STAGE_MODEL_POLICY,3,19.646794944999783,6.146
STAGE_MODEL_POLICY,3,19.697937124999953,6.146
STAGE_MODEL_POLICY,3,19.749108812000486,10.466
STAGE_MODEL_POLICY,3,19.800797677000446,10.466
STAGE_MODEL_POLICY,3,19.8519358249996,11.478
STAGE_MODEL_POLICY,3,19.906383391000418,9.112
STAGE_MODEL_POLICY,3,19.957352925999658,11.302
STAGE_MODEL_POLICY,3,20.008635432999654,9.718
STAGE_MODEL_POLICY,3,20.061938587999975,11.049
STAGE_MODEL_POLICY,3,20.113100513999598,9.783
STAGE_MODEL_POLICY,3,20.16880737500105,10.652
STAGE_MODEL_POLICY,3,20.220039185000132,10.269
STAGE_MODEL_POLICY,3,20.27120507499967,10.269
STAGE_MODEL_POLICY,3,20.324399752000318,9.829
STAGE_MODEL_POLICY,3,20.37476527599938,6.678
STAGE_MODEL_POLICY,3,20.425796452000213,6.678
STAGE_MODEL_POLICY,3,20.477731181999843,10.29
STAGE_MODEL_POLICY,3,20.52812258999984,10.29
STAGE_MODEL_POLICY,3,20.578563205001046,10.357
STAGE_MODEL_POLICY,3,20.628992095000285,10.357
STAGE_MODEL_POLICY,3,20.679384586001106,10.405
STAGE_MODEL_POLICY,3,20.729768809000234,10.405
STAGE_MODEL_POLICY,3,20.780234711000958,10.991
STAGE_MODEL_POLICY,3,20.83132606000072,10.991
STAGE_MODEL_POLICY,3,20.88237115499942,10.066
STAGE_MODEL_POLICY,3,20.932818208000754,10.066
STAGE_MODEL_POLICY,3,20.983366128999478,10.297
STAGE_MODEL_POLICY,3,21.03442429200004,10.297
STAGE_MODEL_POLICY,3,21.085616951000702,10.212
STAGE_MODEL_POLICY,3,21.135996242001056,10.38
STAGE_MODEL_POLICY,3,21.186299109000174,10.38
STAGE_MODEL_POLICY,3,21.245007653000357,9.845
STAGE_MODEL_POLICY,3,21.296239237999544,10.633
STAGE_MODEL_POLICY,3,21.34728613900006,10.512
STAGE_MODEL_POLICY,3,21.40355952000027,10.512
STAGE_MODEL_POLICY,3,21.45502646299974,10.406
STAGE_MODEL_POLICY,3,21.50544889199955,10.406
STAGE_MODEL_POLICY,3,21.55588779000027,8.349
STAGE_MODEL_POLICY,3,21.60871017700083,10.032
STAGE_MODEL_POLICY,3,21.659085847000824,10.032
STAGE_MODEL_POLICY,3,21.70963480700084,10.28
STAGE_MODEL_POLICY,3,21.76128867099942,10.28
STAGE_MODEL_POLICY,3,21.811626577000425,10.391
STAGE_MODEL_POLICY,3,21.86216338700069,10.391
STAGE_MODEL_POLICY,3,21.912707557999966,10.442
STAGE_MODEL_POLICY,3,21.963194772999486,10.442
STAGE_MODEL_POLICY,3,22.0136547710008,10.457
STAGE_MODEL_POLICY,3,22.064118930000404,10.457
STAGE_MODEL_POLICY,3,22.114652522999677,10.467
STAGE_MODEL_POLICY,3,22.165214487000412,10.467
STAGE_MODEL_POLICY,3,22.21595138200064,10.465
STAGE_MODEL_POLICY,3,22.26660252200054,10.465
STAGE_MODEL_POLICY,3,22.317319775000215,10.462
STAGE_MODEL_POLICY,3,22.367792447001193,10.462
STAGE_MODEL_POLICY,3,22.418421345000752,10.463
STAGE_MODEL_POLICY,3,22.4690212910009,10.463
STAGE_MODEL_POLICY,3,22.51965509799993,10.18
STAGE_MODEL_POLICY,3,22.576972533001026,9.933
STAGE_MODEL_POLICY,3,22.628818798000793,12.613
STAGE_MODEL_POLICY,3,22.680044603999704,12.613
STAGE_MODEL_POLICY,3,22.73270420100016,10.567
STAGE_MODEL_POLICY,3,22.78348833400014,10.567
STAGE_MODEL_POLICY,3,22.834121654999763,10.582
STAGE_MODEL_POLICY,3,22.884628317000534,10.582
STAGE_MODEL_POLICY,3,22.935141006000777,10.571
STAGE_MODEL_POLICY,3,22.985531432999778,10.571
STAGE_MODEL_POLICY,3,23.036977992000175,10.566
STAGE_MODEL_POLICY,3,23.087630076001005,10.566
STAGE_MODEL_POLICY,3,23.138079186999676,10.56
STAGE_MODEL_POLICY,3,23.18884953899942,10.56
STAGE_MODEL_POLICY,3,23.23945559999993,10.548
STAGE_MODEL_POLICY,3,23.289966350999748,10.548
STAGE_MODEL_POLICY,3,23.340610983999795,10.541
STAGE_MODEL_POLICY,3,23.391143949000252,10.541
STAGE_MODEL_POLICY,3,23.442541353000706,10.542
STAGE_MODEL_POLICY,3,23.49310877700009,10.54
STAGE_MODEL_POLICY,3,23.543635299000016,10.54
STAGE_MODEL_POLICY,3,23.594179748000897,10.539
STAGE_MODEL_POLICY,3,23.644694153001183,10.539
STAGE_MODEL_POLICY,3,23.6951879570006,10.542
STAGE_MODEL_POLICY,3,23.746129125000152,10.542
STAGE_MODEL_POLICY,3,23.79667972199968,10.541
STAGE_MODEL_POLICY,3,23.847318944001017,10.541
STAGE_MODEL_POLICY,3,23.897944626000026,10.537
STAGE_MODEL_POLICY,3,23.94848781499968,10.537
STAGE_MODEL_POLICY,3,23.999090041001182,9.714
STAGE_MODEL_POLICY,3,24.050319883001066,9.714
STAGE_MODEL_POLICY,3,24.103014979000363,10.59
STAGE_MODEL_POLICY,3,24.153755838000507,10.59
STAGE_MODEL_POLICY,3,24.20430667400069,10.579
STAGE_MODEL_POLICY,3,24.254804341000636,10.579
STAGE_MODEL_POLICY,3,24.305480741000792,10.59
STAGE_MODEL_POLICY,3,24.356198502000552,10.59
STAGE_MODEL_POLICY,3,24.406748874000186,10.599
STAGE_MODEL_POLICY,3,24.457208851999894,10.599
STAGE_MODEL_POLICY,3,24.507759268999507,10.596
STAGE_MODEL_POLICY,3,24.558397349999723,10.596
STAGE_MODEL_POLICY,3,24.608876061000046,10.599
STAGE_MODEL_POLICY,3,24.65939827799957,10.599
STAGE_MODEL_POLICY,3,24.709966546000942,10.599
STAGE_MODEL_POLICY,3,24.760577078001006,10.599
STAGE_MODEL_POLICY,3,24.8110780420011,10.598
STAGE_MODEL_POLICY,3,24.86169384099958,10.598
STAGE_MODEL_POLICY,3,24.912103779999597,10.597
STAGE_MODEL_POLICY,3,24.9624011169999,10.597
STAGE_MODEL_POLICY,3,25.012770999001077,10.597
STAGE_MODEL_POLICY,3,25.063193359999786,10.597
STAGE_MODEL_POLICY,3,25.113617623999744,10.499
STAGE_MODEL_POLICY,3,25.164058620001015,10.499
STAGE_MODEL_POLICY,3,25.21458742499999,10.456
STAGE_MODEL_POLICY,3,25.26509031200112,10.439
STAGE_MODEL_POLICY,3,25.31557085300119,10.439
STAGE_MODEL_POLICY,3,25.36595035600112,10.457
STAGE_MODEL_POLICY,3,25.41639704299996,10.457
STAGE_MODEL_POLICY,3,25.466857228000663,10.348
STAGE_MODEL_POLICY,3,25.517382113001077,10.348
STAGE_MODEL_POLICY,3,25.567905849000454,10.307
STAGE_MODEL_POLICY,3,25.61860622899985,10.307
STAGE_MODEL_POLICY,3,25.669075965000957,10.309
STAGE_MODEL_POLICY,3,25.71956947599938,10.272
STAGE_MODEL_POLICY,3,25.770038259001012,10.272
STAGE_MODEL_POLICY,3,25.820499835999726,10.164
STAGE_MODEL_POLICY,3,25.8715509449994,10.164
STAGE_MODEL_POLICY,3,25.922032063001097,10.173
STAGE_MODEL_POLICY,3,25.9726599300011,10.173
STAGE_MODEL_POLICY,3,26.023340591000306,10.177
STAGE_MODEL_POLICY,3,26.07375638600024,10.177
STAGE_MODEL_POLICY,3,26.1242342810001,10.288
STAGE_MODEL_POLICY,3,26.17459987300026,10.288
STAGE_MODEL_POLICY,3,26.22504236399982,10.216
STAGE_MODEL_POLICY,3,26.27663464699981,5.729
STAGE_MODEL_POLICY,3,26.328840284000762,5.729
STAGE_MODEL_POLICY,3,26.38377690299967,10.598
STAGE_MODEL_POLICY,3,26.43423602400071,10.598
STAGE_MODEL_POLICY,3,26.4847285320011,10.576
STAGE_MODEL_POLICY,3,26.53526698799942,10.576
STAGE_MODEL_POLICY,3,26.58579775399994,10.197
STAGE_MODEL_POLICY,3,26.636538794000444,10.191
STAGE_MODEL_POLICY,3,26.687017939000725,10.191
STAGE_MODEL_POLICY,3,26.737482542999714,10.275
STAGE_MODEL_POLICY,3,26.787919006001175,10.275
STAGE_MODEL_POLICY,3,26.838554219000798,10.79
STAGE_MODEL_POLICY,3,26.892575308000232,10.79
STAGE_MODEL_POLICY,3,26.948506392000127,9.369
STAGE_MODEL_POLICY,3,26.99912828000015,9.369
STAGE_MODEL_POLICY,3,27.049865070001033,8.903
STAGE_MODEL_POLICY,3,27.10129806400073,9.552
STAGE_MODEL_POLICY,3,27.153955820000192,10.43
STAGE_MODEL_POLICY,3,27.211427166001158,10.982
STAGE_MODEL_POLICY,3,27.262829499999498,10.982
STAGE_MODEL_POLICY,3,27.31399358700037,9.361
STAGE_MODEL_POLICY,3,27.36437161200047,9.361
STAGE_MODEL_POLICY,3,27.414738216000842,5.828
STAGE_MODEL_POLICY,3,27.466227942999467,10.56
STAGE_MODEL_POLICY,3,27.516815832999782,10.56
STAGE_MODEL_POLICY,3,27.567304742000488,10.596
STAGE_MODEL_POLICY,3,27.61795211900062,10.596
STAGE_MODEL_POLICY,3,27.66837159900024,9.315
STAGE_MODEL_POLICY,3,27.722217067999736,9.315
STAGE_MODEL_POLICY,3,27.777226632000747,10.287
STAGE_MODEL_POLICY,3,27.82759284200074,10.453
STAGE_MODEL_POLICY,3,27.878004157999385,10.453
STAGE_MODEL_POLICY,3,27.9283918229994,10.477
STAGE_MODEL_POLICY,3,27.980288966000444,10.477
STAGE_MODEL_POLICY,3,28.032363677999456,9.42
STAGE_MODEL_POLICY,3,28.082842506000816,9.42
STAGE_MODEL_POLICY,3,28.133314286000314,9.85
STAGE_MODEL_POLICY,3,28.18380654500106,9.85
STAGE_MODEL_POLICY,3,28.234386789999917,10.083
STAGE_MODEL_POLICY,3,28.284887232000983,10.616
STAGE_MODEL_POLICY,3,28.336710740000854,10.616
STAGE_MODEL_POLICY,3,28.388337624000997,9.332
STAGE_MODEL_POLICY,3,28.438997037999798,9.332
STAGE_MODEL_POLICY,3,28.489634614999886,9.704
STAGE_MODEL_POLICY,3,28.540901704000134,9.704
STAGE_MODEL_POLICY,3,28.592570050001086,10.665
STAGE_MODEL_POLICY,3,28.643185000999438,10.665
STAGE_MODEL_POLICY,3,28.693654328000775,10.635
STAGE_MODEL_POLICY,3,28.744051147999926,10.285
STAGE_MODEL_POLICY,3,28.794646217000263,10.285
STAGE_MODEL_POLICY,3,28.84496548199968,10.256
STAGE_MODEL_POLICY,3,28.895378008999614,10.256
STAGE_MODEL_POLICY,3,28.94582890700076,10.33
STAGE_MODEL_POLICY,3,28.99623286300084,10.33
STAGE_MODEL_POLICY,3,29.046668913000758,10.355
STAGE_MODEL_POLICY,3,29.097385410999777,10.355
STAGE_MODEL_POLICY,3,29.14790735799943,10.23
STAGE_MODEL_POLICY,3,29.19832561000112,10.23
STAGE_MODEL_POLICY,3,29.24877179199939,10.238
STAGE_MODEL_POLICY,3,29.303133331000936,10.447
STAGE_MODEL_POLICY,3,29.354518608000944,10.447
STAGE_MODEL_POLICY,3,29.405859673999657,10.667
STAGE_MODEL_POLICY,3,29.45636194100007,10.667
STAGE_MODEL_POLICY,3,29.506770390000383,10.06
STAGE_MODEL_POLICY,3,29.557252358999904,10.06
STAGE_MODEL_POLICY,3,29.607782385000974,10.877
STAGE_MODEL_POLICY,3,29.65912521000064,10.643
STAGE_MODEL_POLICY,3,29.709788328000286,10.643
STAGE_MODEL_POLICY,3,29.76022146000105,10.54
STAGE_MODEL_POLICY,3,29.810703499000738,10.54
STAGE_MODEL_POLICY,3,29.86118291999992,17.52
STAGE_MODEL_POLICY,3,29.912414385000375,17.52
STAGE_MODEL_POLICY,3,29.96378721400106,9.428
STAGE_MODEL_INFER,3,0.0011216750008316012,9.428
STAGE_MODEL_INFER,3,0.05151003100036178,9.603
STAGE_MODEL_INFER,3,0.10185737000028894,9.666
STAGE_MODEL_INFER,3,0.15224905499962915,9.666
STAGE_MODEL_INFER,3,0.20268933099941933,9.904
STAGE_MODEL_INFER,3,0.2532376090002799,9.904
STAGE_MODEL_INFER,3,0.30365506000089226,10.055
STAGE_MODEL_INFER,3,0.3542086060006113,10.055
STAGE_MODEL_INFER,3,0.40463308799917286,9.669
STAGE_MODEL_INFER,3,0.45787358400048106,11.509
STAGE_MODEL_INFER,3,0.5130423850005172,8.782
STAGE_MODEL_INFER,3,0.5691073699999833,10.58
STAGE_MODEL_INFER,3,0.619615060999422,10.58
STAGE_MODEL_INFER,3,0.6720785079996858,10.262
STAGE_MODEL_INFER,3,0.7232549950003886,10.044
STAGE_MODEL_INFER,3,0.7766920459998801,8.15
STAGE_MODEL_INFER,3,0.8277771930006566,8.15
STAGE_MODEL_INFER,3,0.8788706049999746,9.324
STAGE_MODEL_INFER,3,0.9292542450002657,5.806
STAGE_MODEL_INFER,3,0.9813010739999299,5.806
STAGE_MODEL_INFER,3,1.0328001420002693,10.597
STAGE_MODEL_INFER,3,1.0834028720000788,10.597
STAGE_MODEL_INFER,3,1.1339527510008338,10.038
STAGE_MODEL_INFER,3,1.1844017549992714,10.038
STAGE_MODEL_INFER,3,1.234906048999619,9.402
STAGE_MODEL_INFER,3,1.2864270040008705,9.402
STAGE_MODEL_INFER,3,1.339986585000588,10.535
STAGE_MODEL_INFER,3,1.39037348400052,10.547
STAGE_MODEL_INFER,3,1.44089281900051,10.547
STAGE_MODEL_INFER,3,1.4915973259994644,10.225
STAGE_MODEL_INFER,3,1.5420926429997053,10.225
STAGE_MODEL_INFER,3,1.5924987639991741,9.06
STAGE_MODEL_INFER,3,1.6458424590000504,11.802
STAGE_MODEL_INFER,3,1.6970849230001477,9.28
STAGE_MODEL_INFER,3,1.7508431139995082,10.53
STAGE_MODEL_INFER,3,1.80748624700027,10.567
STAGE_MODEL_INFER,3,1.8579126639997412,9.06
STAGE_MODEL_INFER,3,1.9092054770007962,9.06
STAGE_MODEL_INFER,3,1.9610400599995046,9.961
STAGE_MODEL_INFER,3,2.01151358000061,9.961
STAGE_MODEL_INFER,3,2.062020534000112,10.261
STAGE_MODEL_INFER,3,2.112457221999648,5.926
STAGE_MODEL_INFER,3,2.1757880069999374,5.926
STAGE_MODEL_INFER,3,2.22707277399968,9.811
STAGE_MODEL_INFER,3,2.2774927970003773,9.811
STAGE_MODEL_INFER,3,2.3281844930006628,9.878
STAGE_MODEL_INFER,3,2.3786819390006713,9.878
STAGE_MODEL_INFER,3,2.429029652999816,10.104
STAGE_MODEL_INFER,3,2.4795207740007754,10.104
STAGE_MODEL_INFER,3,2.5299003340005584,10.22
STAGE_MODEL_INFER,3,2.5803358199991635,9.085
STAGE_MODEL_INFER,3,2.633210121999582,9.085
STAGE_MODEL_INFER,3,2.6866879209992476,9.928
STAGE_MODEL_INFER,3,2.7370768069995393,9.928
STAGE_MODEL_INFER,3,2.7873926409993146,10.242
STAGE_MODEL_INFER,3,2.842683685999873,10.242
STAGE_MODEL_INFER,3,2.8965597869992052,10.531
STAGE_MODEL_INFER,3,2.9470536669996363,8.626
STAGE_MODEL_INFER,3,2.9981888590009476,8.626
STAGE_MODEL_INFER,3,3.0494245560003037,9.969
STAGE_MODEL_INFER,3,3.0998458779995417,9.969
STAGE_MODEL_INFER,3,3.1503539130007994,8.341
STAGE_MODEL_INFER,3,3.201665750999382,8.341
STAGE_MODEL_INFER,3,3.2528909249995195,10.513
STAGE_MODEL_INFER,3,3.303410824000821,10.513
STAGE_MODEL_INFER,3,3.3538837029991555,9.984
STAGE_MODEL_INFER,3,3.404356237000684,9.301
STAGE_MODEL_INFER,3,3.4554271460001473,9.301
STAGE_MODEL_INFER,3,3.5065741340004024,10.53
STAGE_MODEL_INFER,3,3.557166332999259,10.53
STAGE_MODEL_INFER,3,3.6076635000008537,10.534
STAGE_MODEL_INFER,3,3.658013428999766,10.534
STAGE_MODEL_INFER,3,3.7083766510004352,9.616
STAGE_MODEL_INFER,3,3.760167509999519,9.616
STAGE_MODEL_INFER,3,3.8160599610000645,9.999
STAGE_MODEL_INFER,3,3.867892992000634,9.764
STAGE_MODEL_INFER,3,3.9193419359999098,9.764
STAGE_MODEL_INFER,3,3.9703578400003607,10.571
STAGE_MODEL_INFER,3,4.020801369000765,10.571
STAGE_MODEL_INFER,3,4.071204976000445,8.578
STAGE_MODEL_INFER,3,4.1244510359993,8.578
STAGE_MODEL_INFER,3,4.180686906000119,10.05
STAGE_MODEL_INFER,3,4.2311586380001245,10.277
STAGE_MODEL_INFER,3,4.281505913999354,10.277
STAGE_MODEL_INFER,3,4.332011894999596,10.362
STAGE_MODEL_INFER,3,4.382631073000084,10.362
STAGE_MODEL_INFER,3,4.433031620999827,10.126
STAGE_MODEL_INFER,3,4.483503445999304,10.126
STAGE_MODEL_INFER,3,4.5339324830001715,9.779
STAGE_MODEL_INFER,3,4.586002275000283,9.779
STAGE_MODEL_INFER,3,4.6381726620002155,10.538
STAGE_MODEL_INFER,3,4.688724244999321,10.537
STAGE_MODEL_INFER,3,4.739163186000951,10.537
STAGE_MODEL_INFER,3,4.7894681399993715,10.158
STAGE_MODEL_INFER,3,4.839902686999267,10.158
STAGE_MODEL_INFER,3,4.890345342000728,10.139
STAGE_MODEL_INFER,3,4.940766612000516,10.139
STAGE_MODEL_INFER,3,4.991092158999891,10.222
STAGE_MODEL_INFER,3,5.041515758999594,10.222
STAGE_MODEL_INFER,3,5.091862825000135,10.264
STAGE_MODEL_INFER,3,5.142250505999982,10.146
STAGE_MODEL_INFER,3,5.192673139999897,10.146
STAGE_MODEL_INFER,3,5.243163959999947,10.137
STAGE_MODEL_INFER,3,5.2936469670003135,10.137
STAGE_MODEL_INFER,3,5.344115956000678,10.178
STAGE_MODEL_INFER,3,5.394659384999613,10.178
STAGE_MODEL_INFER,3,5.44520035000096,17.65
STAGE_MODEL_INFER,3,5.497775498999545,17.65
STAGE_MODEL_INFER,3,5.5539358490004815,20.402
STAGE_MODEL_INFER,3,5.60533349599973,9.93
STAGE_MODEL_INFER,3,5.663653727000565,9.93
STAGE_MODEL_INFER,3,5.714116528000886,5.886
STAGE_MODEL_INFER,3,5.76568723300079,5.886
STAGE_MODEL_INFER,3,5.817059672999676,6.824
STAGE_MODEL_INFER,3,5.868376574000649,6.824
STAGE_MODEL_INFER,3,5.9197645309996005,10.342
STAGE_MODEL_INFER,3,5.973947627999223,10.187
STAGE_MODEL_INFER,3,6.024326343000212,10.187
STAGE_MODEL_INFER,3,6.074760094999874,10.368
STAGE_MODEL_INFER,3,6.125298699000268,10.368
STAGE_MODEL_INFER,3,6.175920182000482,10.423
STAGE_MODEL_INFER,3,6.226516291000735,10.423
STAGE_MODEL_INFER,3,6.276954549000948,10.141
STAGE_MODEL_INFER,3,6.3273142899997765,10.141
STAGE_MODEL_INFER,3,6.377756328000032,10.199
STAGE_MODEL_INFER,3,6.433967855000446,11.004
STAGE_MODEL_INFER,3,6.486705084000278,11.004
STAGE_MODEL_INFER,3,6.53812689500046,10.654
STAGE_MODEL_INFER,3,6.588560023999889,10.654
STAGE_MODEL_INFER,3,6.638954107000245,11.268
STAGE_MODEL_INFER,3,6.690068900999904,11.268
STAGE_MODEL_INFER,3,6.741211714999736,10.119
STAGE_MODEL_INFER,3,6.7916394240000955,10.119
STAGE_MODEL_INFER,3,6.8422118939997745,10.36
STAGE_MODEL_INFER,3,6.892716615999234,10.464
STAGE_MODEL_INFER,3,6.943214622999221,10.464
STAGE_MODEL_INFER,3,6.993626780000341,10.251
STAGE_MODEL_INFER,3,7.044148344999485,10.251
STAGE_MODEL_INFER,3,7.094664076999834,10.12
STAGE_MODEL_INFER,3,7.146019910000177,10.12
STAGE_MODEL_INFER,3,7.1972047069994005,10.367
STAGE_MODEL_INFER,3,7.2477378099993075,10.367
STAGE_MODEL_INFER,3,7.298079071999382,10.478
STAGE_MODEL_INFER,3,7.348545806000402,10.152
STAGE_MODEL_INFER,3,7.401581509000607,10.152
STAGE_MODEL_INFER,3,7.453580269999293,10.294
STAGE_MODEL_INFER,3,7.504042018999826,10.294
STAGE_MODEL_INFER,3,7.554315089000738,10.399
STAGE_MODEL_INFER,3,7.60485528999925,10.399
STAGE_MODEL_INFER,3,7.655261080000855,10.435
STAGE_MODEL_INFER,3,7.705691004999608,10.435
STAGE_MODEL_INFER,3,7.756130203000794,10.145
STAGE_MODEL_INFER,3,7.806615752999278,10.17
STAGE_MODEL_INFER,3,7.8570035899992945,10.17
STAGE_MODEL_INFER,3,7.9074597700000595,10.234
STAGE_MODEL_INFER,3,7.957940530999622,10.234
STAGE_MODEL_INFER,3,8.008361301999685,10.285
STAGE_MODEL_INFER,3,8.058815082000365,10.285
STAGE_MODEL_INFER,3,8.10929114099963,10.158
STAGE_MODEL_INFER,3,8.159785792000548,10.158
STAGE_MODEL_INFER,3,8.21015722499942,10.159
STAGE_MODEL_INFER,3,8.260591964000923,10.195
STAGE_MODEL_INFER,3,8.310948386000746,10.195
STAGE_MODEL_INFER,3,8.361397798000326,10.232
STAGE_MODEL_INFER,3,8.411933523000698,10.232
STAGE_MODEL_INFER,3,8.462500494000778,10.103
STAGE_MODEL_INFER,3,8.513055957999313,10.103
STAGE_MODEL_INFER,3,8.563556225999491,10.115
STAGE_MODEL_INFER,3,8.614006498999515,10.115
STAGE_MODEL_INFER,3,8.664494052000009,10.12
STAGE_MODEL_INFER,3,8.715094462999332,10.232
STAGE_MODEL_INFER,3,8.765672618999815,10.232
STAGE_MODEL_INFER,3,8.816163303999929,10.104
STAGE_MODEL_INFER,3,8.866646078000485,10.104
STAGE_MODEL_INFER,3,8.917029788000946,10.114
STAGE_MODEL_INFER,3,8.967471414000102,10.114
STAGE_MODEL_INFER,3,9.017910889000632,10.11
STAGE_MODEL_INFER,3,9.068442052999671,10.11
STAGE_MODEL_INFER,3,9.118826173000343,10.222
STAGE_MODEL_INFER,3,9.169324567999865,10.222
STAGE_MODEL_INFER,3,9.219777524000165,9.978
STAGE_MODEL_INFER,3,9.271683155000574,9.92
STAGE_MODEL_INFER,3,9.322253784999702,9.92
STAGE_MODEL_INFER,3,9.374077849000969,10.435
STAGE_MODEL_INFER,3,9.426688805000595,10.435
STAGE_MODEL_INFER,3,9.482368024999232,10.644
STAGE_MODEL_INFER,3,9.532773113000076,10.644
STAGE_MODEL_INFER,3,9.583251320000272,9.364
STAGE_MODEL_INFER,3,9.634448818000237,10.378
STAGE_MODEL_INFER,3,9.684964072999719,10.378
STAGE_MODEL_INFER,3,9.735475486999349,10.499
STAGE_MODEL_INFER,3,9.786173086000417,10.499
STAGE_MODEL_INFER,3,9.836808653000844,10.519
STAGE_MODEL_INFER,3,9.887252814000021,10.519
STAGE_MODEL_INFER,3,9.937605040000562,10.231
STAGE_MODEL_INFER,3,9.988026655000795,10.231
STAGE_MODEL_INFER,3,10.03867850700044,10.258
STAGE_MODEL_INFER,3,10.0889901369992,10.258
STAGE_MODEL_INFER,3,10.13944132799952,10.309
STAGE_MODEL_INFER,3,10.189803965000465,10.805
STAGE_MODEL_INFER,3,10.241188329999204,10.805
STAGE_MODEL_INFER,3,10.29236354800014,9.286
STAGE_MODEL_INFER,3,10.35100557899932,9.286
STAGE_MODEL_INFER,3,10.401563523000732,10.065
STAGE_MODEL_INFER,3,10.453118367999195,10.065
STAGE_MODEL_INFER,3,10.505053202999989,10.694
STAGE_MODEL_INFER,3,10.555489427000794,10.597
STAGE_MODEL_INFER,3,10.606046819999392,10.597
STAGE_MODEL_INFER,3,10.656544473000395,10.188
STAGE_MODEL_INFER,3,10.707107509000707,10.188
STAGE_MODEL_INFER,3,10.75757229699957,9.924
STAGE_MODEL_INFER,3,10.808849446999375,9.924
STAGE_MODEL_INFER,3,10.864961737999693,10.727
STAGE_MODEL_INFER,3,10.915499102000467,10.585
STAGE_MODEL_INFER,3,10.965808802000538,10.585
STAGE_MODEL_INFER,3,11.016286436999508,6.739
STAGE_MODEL_INFER,3,11.068527429000824,6.739
STAGE_MODEL_INFER,3,11.120006895000188,10.514
STAGE_MODEL_INFER,3,11.170453349999661,10.514
STAGE_MODEL_INFER,3,11.220822425999359,10.546
STAGE_MODEL_INFER,3,11.27131330299926,10.546
STAGE_MODEL_INFER,3,11.321902697000041,10.504
STAGE_MODEL_INFER,3,11.37235132800015,10.223
STAGE_MODEL_INFER,3,11.422831182999289,10.223
STAGE_MODEL_INFER,3,11.473336569999447,10.291
STAGE_MODEL_INFER,3,11.523762815000737,10.291
STAGE_MODEL_INFER,3,11.574298314000771,10.356
STAGE_MODEL_INFER,3,11.62468292199992,10.356
STAGE_MODEL_INFER,3,11.675147699999798,10.372
STAGE_MODEL_INFER,3,11.725680924000699,10.372
STAGE_MODEL_INFER,3,11.776008393999291,8.909
STAGE_MODEL_INFER,3,11.827233635000084,8.909
STAGE_MODEL_INFER,3,11.878212436000467,10.556
STAGE_MODEL_INFER,3,11.928683600999648,10.646
STAGE_MODEL_INFER,3,11.979111979000663,10.646
STAGE_MODEL_INFER,3,12.02951737299918,11.192
STAGE_MODEL_INFER,3,12.080547768000542,11.192
STAGE_MODEL_INFER,3,12.131834264000645,6.548
STAGE_MODEL_INFER,3,12.183840850999331,6.548
STAGE_MODEL_INFER,3,12.237048480999874,5.931
STAGE_MODEL_INFER,3,12.28827811500014,8.426
STAGE_MODEL_INFER,3,12.361858856000254,8.426
STAGE_MODEL_INFER,3,12.417024393000247,11.124
STAGE_MODEL_INFER,3,12.46747849500025,11.124
STAGE_MODEL_INFER,3,12.517990256999838,10.547
STAGE_MODEL_INFER,3,12.568459583000731,10.547
STAGE_MODEL_INFER,3,12.618805767000595,9.41
STAGE_MODEL_INFER,3,12.673632857000484,10.619
STAGE_MODEL_INFER,3,12.723990775000857,10.619
STAGE_MODEL_INFER,3,12.774442743999316,9.959
STAGE_MODEL_INFER,3,12.825447147999512,9.959
STAGE_MODEL_INFER,3,12.876590048999788,9.495
STAGE_MODEL_INFER,3,12.927193953000824,9.495
STAGE_MODEL_INFER,3,12.977581088000079,9.12
STAGE_MODEL_INFER,3,13.03293361500073,10.773
STAGE_MODEL_INFER,3,13.083411224999509,10.773
STAGE_MODEL_INFER,3,13.13653782899928,9.758
STAGE_MODEL_INFER,3,13.187503877999916,9.758
STAGE_MODEL_INFER,3,13.23847632199977,9.553
STAGE_MODEL_INFER,3,13.288974225000857,9.553
STAGE_MODEL_INFER,3,13.339376154999627,7.794
STAGE_MODEL_INFER,3,13.39250113900016,10.705
STAGE_MODEL_INFER,3,13.442974097000842,10.705
STAGE_MODEL_INFER,3,13.493387328999233,20.343
STAGE_MODEL_INFER,3,13.54454943500059,20.343
STAGE_MODEL_INFER,3,13.595580428000176,9.477
STAGE_MODEL_INFER,3,13.64602041100079,9.477
STAGE_MODEL_INFER,3,13.696403334999559,10.679
STAGE_MODEL_INFER,3,13.753197436000846,9.443
STAGE_MODEL_INFER,3,13.810218947999601,9.443
STAGE_MODEL_INFER,3,13.862266373000239,11.403
STAGE_MODEL_INFER,3,13.912662975000785,11.403
STAGE_MODEL_INFER,3,13.963137507000283,10.424
STAGE_MODEL_INFER,3,14.013600192000013,10.424
STAGE_MODEL_INFER,3,14.064112992000446,10.451
STAGE_MODEL_INFER,3,14.114491289999933,10.451
STAGE_MODEL_INFER,3,14.164819535999413,10.502
STAGE_MODEL_INFER,3,14.215242964999561,10.928
STAGE_MODEL_INFER,3,14.266574466000748,10.928
STAGE_MODEL_INFER,3,14.317581954999696,9.52
STAGE_MODEL_INFER,3,14.367958733000705,9.52
STAGE_MODEL_INFER,3,14.418363181999666,10.015
STAGE_MODEL_INFER,3,14.472311031000572,10.015
STAGE_MODEL_INFER,3,14.522760505000406,10.245
STAGE_MODEL_INFER,3,14.573232692000602,10.245
STAGE_MODEL_INFER,3,14.623619543999666,10.248
STAGE_MODEL_INFER,3,14.67400367099981,10.248
STAGE_MODEL_INFER,3,14.724504427000284,10.147
STAGE_MODEL_INFER,3,14.77825490199939,10.151
STAGE_MODEL_INFER,3,14.828606871000375,10.151
STAGE_MODEL_INFER,3,14.87916207300077,10.22
STAGE_MODEL_INFER,3,14.929610929000773,10.22
STAGE_MODEL_INFER,3,14.980049562000204,10.223
STAGE_MODEL_INFER,3,15.030588092000471,10.223
STAGE_MODEL_INFER,3,15.08100875799937,10.164
STAGE_MODEL_INFER,3,15.131514077000247,10.187
STAGE_MODEL_INFER,3,15.182034961999307,10.187
STAGE_MODEL_INFER,3,15.232473805999689,10.235
STAGE_MODEL_INFER,3,15.283001239000441,10.235
STAGE_MODEL_INFER,3,15.3334654650007,10.311
STAGE_MODEL_INFER,3,15.38387012199928,10.311
STAGE_MODEL_INFER,3,15.434351570000217,10.206
STAGE_MODEL_INFER,3,15.484701553999912,10.206
STAGE_MODEL_INFER,3,15.535154577999492,10.218
STAGE_MODEL_INFER,3,15.58564040300007,10.218
STAGE_MODEL_INFER,3,15.636092504000771,10.258
STAGE_MODEL_INFER,3,15.686667972999203,10.301
STAGE_MODEL_INFER,3,15.737191606000124,10.301
STAGE_MODEL_INFER,3,15.78758719399957,10.243
STAGE_MODEL_INFER,3,15.838154549999672,10.243
STAGE_MODEL_INFER,3,15.888632375999805,10.255
STAGE_MODEL_INFER,3,15.939098165999894,10.255
STAGE_MODEL_INFER,3,15.989489703999425,10.302
STAGE_MODEL_INFER,3,16.039789037000446,10.302
STAGE_MODEL_INFER,3,16.09013880100065,10.363
STAGE_MODEL_INFER,3,16.140536762999545,10.363
STAGE_MODEL_INFER,3,16.191030948000844,10.289
STAGE_MODEL_INFER,3,16.241582507000203,10.279
STAGE_MODEL_INFER,3,16.292124440000407,10.279
STAGE_MODEL_INFER,3,16.342616424999505,10.314
STAGE_MODEL_INFER,3,16.393011146999925,10.314
STAGE_MODEL_INFER,3,16.443451245000688,10.358
STAGE_MODEL_INFER,3,16.49391366099917,10.358
STAGE_MODEL_INFER,3,16.54442149100032,10.3
STAGE_MODEL_INFER,3,16.594939795000755,10.3
STAGE_MODEL_INFER,3,16.64536793300067,10.305
STAGE_MODEL_INFER,3,16.69573016100003,10.347
STAGE_MODEL_INFER,3,16.74612648999937,10.347
STAGE_MODEL_INFER,3,16.796530695999536,10.371
STAGE_MODEL_INFER,3,16.846898584000883,10.371
STAGE_MODEL_INFER,3,16.897210552000615,10.287
STAGE_MODEL_INFER,3,16.94758843800082,10.287
STAGE_MODEL_INFER,3,16.99800600600065,10.284
STAGE_MODEL_INFER,3,17.048431118000735,10.284
STAGE_MODEL_INFER,3,17.09886918200027,10.311
STAGE_MODEL_INFER,3,17.149328045999937,10.328
STAGE_MODEL_INFER,3,17.19974788900072,10.328
STAGE_MODEL_INFER,3,17.250132660999952,10.268
STAGE_MODEL_INFER,3,17.300516874000095,10.268
STAGE_MODEL_INFER,3,17.35111093699925,10.266
STAGE_MODEL_INFER,3,17.401578553000945,10.266
STAGE_MODEL_INFER,3,17.45223170800091,10.301
STAGE_MODEL_INFER,3,17.502577688999736,10.301
STAGE_MODEL_INFER,3,17.553287308999643,10.306
STAGE_MODEL_INFER,3,17.603597429999354,10.306
STAGE_MODEL_INFER,3,17.653903192000143,10.245
STAGE_MODEL_INFER,3,17.70432599599917,10.248
STAGE_MODEL_INFER,3,17.75470226700054,10.248
STAGE_MODEL_INFER,3,17.805128867999883,10.293
STAGE_MODEL_INFER,3,17.85554730900003,10.293
STAGE_MODEL_INFER,3,17.906085661999896,10.314
STAGE_MODEL_INFER,3,17.956575379999776,10.314
STAGE_MODEL_INFER,3,18.00710837599945,6.042
STAGE_MODEL_INFER,3,18.059018611000283,6.042
STAGE_MODEL_INFER,3,18.111552170999857,10.566
STAGE_MODEL_INFER,3,18.162060972999825,10.654
STAGE_MODEL_INFER,3,18.212484403000417,10.654
STAGE_MODEL_INFER,3,18.26298593700085,10.489
STAGE_MODEL_INFER,3,18.313424178999412,10.489
STAGE_MODEL_INFER,3,18.36379831799968,10.295
STAGE_MODEL_INFER,3,18.415938104000816,10.295
STAGE_MODEL_INFER,3,18.466412756000864,9.888
STAGE_MODEL_INFER,3,18.524124044000928,11.354
STAGE_MODEL_INFER,3,18.57559760500044,11.354
STAGE_MODEL_INFER,3,18.626857564999227,10.064
STAGE_MODEL_INFER,3,18.677294647000963,10.064
STAGE_MODEL_INFER,3,18.727743290000944,9.877
STAGE_MODEL_INFER,3,18.778124594000474,9.877
STAGE_MODEL_INFER,3,18.828799830000207,10.139
STAGE_MODEL_INFER,3,18.879332410000643,10.139
STAGE_MODEL_INFER,3,18.92974589699952,12.472
STAGE_MODEL_INFER,3,18.981517902000633,10.641
STAGE_MODEL_INFER,3,19.037486487000933,10.641
STAGE_MODEL_INFER,3,19.09056352600055,9.681
STAGE_MODEL_INFER,3,19.140945908000504,9.681
STAGE_MODEL_INFER,3,19.191345470999295,10.235
STAGE_MODEL_INFER,3,19.241794087000017,10.235
STAGE_MODEL_INFER,3,19.29216393599927,10.394
STAGE_MODEL_INFER,3,19.342582121000305,10.394
STAGE_MODEL_INFER,3,19.39295164199939,10.321
STAGE_MODEL_INFER,3,19.443363779999345,10.203
STAGE_MODEL_INFER,3,19.493735972999275,10.203
STAGE_MODEL_INFER,3,19.54417872799968,9.983
STAGE_MODEL_INFER,3,19.59542804600096,10.732
STAGE_MODEL_INFER,3,19.646511888000532,10.732
STAGE_MODEL_INFER,3,19.697828372000004,9.953
STAGE_MODEL_INFER,3,19.75073829199937,10.059
STAGE_MODEL_INFER,3,19.80610328200055,9.427
STAGE_MODEL_INFER,3,19.860244158999194,9.427
STAGE_MODEL_INFER,3,19.91379490700092,10.075
STAGE_MODEL_INFER,3,19.964118563999364,10.075
STAGE_MODEL_INFER,3,20.01445776000037,10.346
STAGE_MODEL_INFER,3,20.06480336000095,10.346
STAGE_MODEL_INFER,3,20.11515267300092,10.475
STAGE_MODEL_INFER,3,20.165574266000476,10.475
STAGE_MODEL_INFER,3,20.217147478000697,6.314
STAGE_MODEL_INFER,3,20.26818797499982,5.947
STAGE_MODEL_INFER,3,20.319438272999832,5.947
STAGE_MODEL_INFER,3,20.37042955799916,10.645
STAGE_MODEL_INFER,3,20.420691888000874,10.645
STAGE_MODEL_INFER,3,20.471067939000932,10.688
STAGE_MODEL_INFER,3,20.522143333000713,10.688
STAGE_MODEL_INFER,3,20.574561244000506,9.728
STAGE_MODEL_INFER,3,20.624898431000474,9.728
STAGE_MODEL_INFER,3,20.675267394999537,10.378
STAGE_MODEL_INFER,3,20.726283564999903,10.795
STAGE_MODEL_INFER,3,20.776736035000795,10.795
STAGE_MODEL_INFER,3,20.827169918000436,10.294
STAGE_MODEL_INFER,3,20.87899720200039,10.294
STAGE_MODEL_INFER,3,20.931492542000342,9.823
STAGE_MODEL_INFER,3,20.98181353200016,9.823
STAGE_MODEL_INFER,3,21.03246616999968,10.27
STAGE_MODEL_INFER,3,21.08288089100097,10.27
STAGE_MODEL_INFER,3,21.133215866999308,10.45
STAGE_MODEL_INFER,3,21.186294864000956,9.879
STAGE_MODEL_INFER,3,21.236661631999596,9.879
STAGE_MODEL_INFER,3,21.28708646800078,9.837
STAGE_MODEL_INFER,3,21.33747508899978,9.837
STAGE_MODEL_INFER,3,21.387878378000096,10.117
STAGE_MODEL_INFER,3,21.438331011000628,10.117
STAGE_MODEL_INFER,3,21.488863767999646,10.249
STAGE_MODEL_INFER,3,21.53937284099993,10.249
STAGE_MODEL_INFER,3,21.589839787999153,9.985
STAGE_MODEL_INFER,3,21.64697550299934,9.752
STAGE_MODEL_INFER,3,21.69749514599971,9.752
STAGE_MODEL_INFER,3,21.74802925900076,10.212
STAGE_MODEL_INFER,3,21.798541860000114,10.212
STAGE_MODEL_INFER,3,21.84902755300027,10.446
STAGE_MODEL_INFER,3,21.900617683000746,10.446
STAGE_MODEL_INFER,3,21.95701205200021,10.737
STAGE_MODEL_INFER,3,22.007458317000783,10.737
STAGE_MODEL_INFER,3,22.05791185599992,11.271
STAGE_MODEL_INFER,3,22.113353122000262,11.271
STAGE_MODEL_INFER,3,22.164708927999527,10.649
STAGE_MODEL_INFER,3,22.215109016000497,10.649
STAGE_MODEL_INFER,3,22.265560967000056,10.717
STAGE_MODEL_INFER,3,22.31672143399919,10.717
STAGE_MODEL_INFER,3,22.374118458999874,10.601
STAGE_MODEL_INFER,3,22.424663076999423,10.601
STAGE_MODEL_INFER,3,22.47525941800086,7.022
STAGE_MODEL_INFER,3,22.530260110999734,7.714
STAGE_MODEL_INFER,3,22.60036061900064,7.714
STAGE_MODEL_INFER,3,22.655379248000827,11.109
STAGE_MODEL_INFER,3,22.705915291000565,11.109
STAGE_MODEL_INFER,3,22.75656717399943,11.129
STAGE_MODEL_INFER,3,22.808053820999703,11.129
STAGE_MODEL_INFER,3,22.85915038799976,10.586
STAGE_MODEL_INFER,3,22.909683715999563,10.586
STAGE_MODEL_INFER,3,22.960320312000476,10.605
STAGE_MODEL_INFER,3,23.010827223999513,10.605
STAGE_MODEL_INFER,3,23.061534422000477,10.6
STAGE_MODEL_INFER,3,23.112130387000434,10.6
STAGE_MODEL_INFER,3,23.162780185000884,10.595
STAGE_MODEL_INFER,3,23.2134498359992,10.595
STAGE_MODEL_INFER,3,23.26390258200081,10.607
STAGE_MODEL_INFER,3,23.31434783899931,10.607
STAGE_MODEL_INFER,3,23.3649334010006,10.623
STAGE_MODEL_INFER,3,23.415461193000738,10.623
STAGE_MODEL_INFER,3,23.466025210000225,10.624
STAGE_MODEL_INFER,3,23.516493631999765,10.624
STAGE_MODEL_INFER,3,23.56710947600004,10.624
STAGE_MODEL_INFER,3,23.617762874999244,10.624
STAGE_MODEL_INFER,3,23.668354094999813,10.621
STAGE_MODEL_INFER,3,23.71899507499984,10.621
STAGE_MODEL_INFER,3,23.76948909100065,10.623
STAGE_MODEL_INFER,3,23.819917393999276,10.623
STAGE_MODEL_INFER,3,23.87037722199966,10.616
STAGE_MODEL_INFER,3,23.92079576499964,10.616
STAGE_MODEL_INFER,3,23.971452145000512,10.614
STAGE_MODEL_INFER,3,24.0217879920001,10.614
STAGE_MODEL_INFER,3,24.072184447000836,10.613
STAGE_MODEL_INFER,3,24.122630759000458,10.613
STAGE_MODEL_INFER,3,24.173323414999686,10.615
STAGE_MODEL_INFER,3,24.223810137000328,10.615
STAGE_MODEL_INFER,3,24.27435641500051,10.613
STAGE_MODEL_INFER,3,24.32496145799996,10.613
STAGE_MODEL_INFER,3,24.37557805399956,10.611
STAGE_MODEL_INFER,3,24.426121123000485,10.597
STAGE_MODEL_INFER,3,24.476810214999205,10.597
STAGE_MODEL_INFER,3,24.527330078999512,10.585
STAGE_MODEL_INFER,3,24.57799859899933,10.585
STAGE_MODEL_INFER,3,24.628562062000128,10.581
STAGE_MODEL_INFER,3,24.679106015000798,10.581
STAGE_MODEL_INFER,3,24.72955617700063,10.583
STAGE_MODEL_INFER,3,24.78009420499984,10.583
STAGE_MODEL_INFER,3,24.830737755000882,10.583
STAGE_MODEL_INFER,3,24.881211727000846,10.583
STAGE_MODEL_INFER,3,24.93176724499972,10.588
STAGE_MODEL_INFER,3,24.98225965399979,10.588
STAGE_MODEL_INFER,3,25.032823188999828,10.591
STAGE_MODEL_INFER,3,25.08338225499938,10.591
STAGE_MODEL_INFER,3,25.13401318800061,10.589
STAGE_MODEL_INFER,3,25.184656137000275,10.589
STAGE_MODEL_INFER,3,25.23526165200019,10.587
STAGE_MODEL_INFER,3,25.285787363000054,10.587
STAGE_MODEL_INFER,3,25.336283590000676,10.015
STAGE_MODEL_INFER,3,25.39006338999934,10.015
STAGE_MODEL_INFER,3,25.441402524000296,10.581
STAGE_MODEL_INFER,3,25.491932926999652,10.581
STAGE_MODEL_INFER,3,25.54257640099968,10.585
STAGE_MODEL_INFER,3,25.59305891800068,10.585
STAGE_MODEL_INFER,3,25.643819144999725,9.709
STAGE_MODEL_INFER,3,25.695825110000442,9.709
STAGE_MODEL_INFER,3,25.74828787899969,10.642
STAGE_MODEL_INFER,3,25.799049578999984,10.642
STAGE_MODEL_INFER,3,25.856162722999215,10.739
STAGE_MODEL_INFER,3,25.907825190999574,10.739
STAGE_MODEL_INFER,3,25.96003966200078,10.645
STAGE_MODEL_INFER,3,26.0105027339996,10.645
STAGE_MODEL_INFER,3,26.061092621999705,10.559
STAGE_MODEL_INFER,3,26.11167319100059,10.559
STAGE_MODEL_INFER,3,26.16220535499997,10.59
STAGE_MODEL_INFER,3,26.212836701000924,10.59
STAGE_MODEL_INFER,3,26.26330327300093,10.573
STAGE_MODEL_INFER,3,26.313689390000945,10.573
STAGE_MODEL_INFER,3,26.364179440000953,10.585
STAGE_MODEL_INFER,3,26.414827106000303,10.585
STAGE_MODEL_INFER,3,26.46542301900081,10.579
STAGE_MODEL_INFER,3,26.516339612999218,10.579
STAGE_MODEL_INFER,3,26.567004058999373,10.605
STAGE_MODEL_INFER,3,26.617640532000223,10.605
STAGE_MODEL_INFER,3,26.668265824000628,10.613
STAGE_MODEL_INFER,3,26.718837828000687,10.613
STAGE_MODEL_INFER,3,26.769236369000282,10.62
STAGE_MODEL_INFER,3,26.820029652000812,10.62
STAGE_MODEL_INFER,3,26.87049800299974,9.968
STAGE_MODEL_INFER,3,26.92230819500037,9.968
STAGE_MODEL_INFER,3,26.977804793999894,10.627
STAGE_MODEL_INFER,3,27.028142928000307,10.684
STAGE_MODEL_INFER,3,27.078527837000365,10.684
STAGE_MODEL_INFER,3,27.129078804000528,9.074
STAGE_MODEL_INFER,3,27.18112144100087,9.074
STAGE_MODEL_INFER,3,27.23304010799984,10.167
STAGE_MODEL_INFER,3,27.28348495300088,10.167
STAGE_MODEL_INFER,3,27.33394659899932,6.042
STAGE_MODEL_INFER,3,27.38501775199984,11.199
STAGE_MODEL_INFER,3,27.435590451999815,11.199
STAGE_MODEL_INFER,3,27.48598382400087,10.327
STAGE_MODEL_INFER,3,27.549508907000927,10.327
STAGE_MODEL_INFER,3,27.599943367000378,9.874
STAGE_MODEL_INFER,3,27.651168775999395,9.874
STAGE_MODEL_INFER,3,27.7024273370007,10.75
STAGE_MODEL_INFER,3,27.752841637999154,10.914
STAGE_MODEL_INFER,3,27.808590812999682,10.252
STAGE_MODEL_INFER,3,27.860587508999743,9.971
STAGE_MODEL_INFER,3,27.914000614999168,9.971
STAGE_MODEL_INFER,3,27.9685148640001,9.598
STAGE_MODEL_INFER,3,28.019154310000886,9.598
STAGE_MODEL_INFER,3,28.069591039000443,10.057
STAGE_MODEL_INFER,3,28.12000873100078,10.057
STAGE_MODEL_INFER,3,28.170326677000048,10.232
STAGE_MODEL_INFER,3,28.220781387000898,8.731
STAGE_MODEL_INFER,3,28.27304587800063,8.731
STAGE_MODEL_INFER,3,28.327479307999965,10.193
STAGE_MODEL_INFER,3,28.377953126000648,10.193
STAGE_MODEL_INFER,3,28.42889236100018,12.159
STAGE_MODEL_INFER,3,28.479973834999328,12.159
STAGE_MODEL_INFER,3,28.53118783699938,10.728
STAGE_MODEL_INFER,3,28.581623005000438,10.118
STAGE_MODEL_INFER,3,28.632144581999455,10.118
STAGE_MODEL_INFER,3,28.682598396000685,10.167
STAGE_MODEL_INFER,3,28.733020249999754,10.167
STAGE_MODEL_INFER,3,28.783422357000745,10.954
STAGE_MODEL_INFER,3,28.84041855599935,10.954
STAGE_MODEL_INFER,3,28.894330040999193,10.681
STAGE_MODEL_INFER,3,28.9448051269992,10.066
STAGE_MODEL_INFER,3,28.995170517999213,10.066
STAGE_MODEL_INFER,3,29.045549283999208,10.442
STAGE_MODEL_INFER,3,29.09976875800021,10.442
STAGE_MODEL_INFER,3,29.15476910899997,10.66
STAGE_MODEL_INFER,3,29.205169561999355,10.66
STAGE_MODEL_INFER,3,29.255569504999585,11.652
STAGE_MODEL_INFER,3,29.30658060499991,9.401
STAGE_MODEL_INFER,3,29.35697507199984,9.401
STAGE_MODEL_INFER,3,29.407387098999607,9.918
STAGE_MODEL_INFER,3,29.459896812000807,9.918
STAGE_MODEL_INFER,3,29.513227187000666,10.618
STAGE_MODEL_INFER,3,29.56377988799977,10.618
STAGE_MODEL_INFER,3,29.61426458599999,10.63
STAGE_MODEL_INFER,3,29.664691998999842,10.63
STAGE_MODEL_INFER,3,29.715494780999506,10.224
STAGE_MODEL_INFER,3,29.765907910999886,10.239
STAGE_MODEL_INFER,3,29.81644675499956,10.239
STAGE_MODEL_INFER,3,29.86697841900059,10.33
STAGE_MODEL_INFER,3,29.91752679899946,10.33
STAGE_MODEL_INFER,3,29.96800969099968,10.389
STAGE_MODEL_CCT,3,0.0010270540005876683,10.389
STAGE_MODEL_CCT,3,0.051468448000377975,10.203
STAGE_MODEL_CCT,3,0.1019332720006787,10.203
STAGE_MODEL_CCT,3,0.15235297300023376,11.147
STAGE_MODEL_CCT,3,0.20389186300053552,9.691
STAGE_MODEL_CCT,3,0.2602681450007367,9.755
STAGE_MODEL_CCT,3,0.3109135700015031,9.848
STAGE_MODEL_CCT,3,0.3613898790008534,9.848
STAGE_MODEL_CCT,3,0.4117561510011001,11.515
STAGE_MODEL_CCT,3,0.46317127400106983,11.515
STAGE_MODEL_CCT,3,0.5144012660002772,10.401
STAGE_MODEL_CCT,3,0.5649628150003991,10.401
STAGE_MODEL_CCT,3,0.6157405880003353,9.918
STAGE_MODEL_CCT,3,0.6665311430006113,10.122
STAGE_MODEL_CCT,3,0.7170551330000308,10.122
STAGE_MODEL_CCT,3,0.7676610650014482,14.437
STAGE_MODEL_CCT,3,0.8201710910016118,14.437
STAGE_MODEL_CCT,3,0.8718179820007208,10.385
STAGE_MODEL_CCT,3,0.9221730650006066,10.385
STAGE_MODEL_CCT,3,0.9726536420002958,9.909
STAGE_MODEL_CCT,3,1.0232620530005079,9.909
STAGE_MODEL_CCT,3,1.0737020340002346,10.112
STAGE_MODEL_CCT,3,1.124104394000824,10.243
STAGE_MODEL_CCT,3,1.1746396820017253,10.243
STAGE_MODEL_CCT,3,1.2250645760013867,11.162
STAGE_MODEL_CCT,3,1.2784085470011632,11.162
STAGE_MODEL_CCT,3,1.329819276001217,9.541
STAGE_MODEL_CCT,3,1.3803043330008222,9.541
STAGE_MODEL_CCT,3,1.4308191680011078,10.035
STAGE_MODEL_CCT,3,1.48136304900072,10.035
STAGE_MODEL_CCT,3,1.5317968970011862,10.23
STAGE_MODEL_CCT,3,1.5824946040011127,10.815
STAGE_MODEL_CCT,3,1.6340861690005113,10.815
STAGE_MODEL_CCT,3,1.685387442001229,9.389
STAGE_MODEL_CCT,3,1.7359274240006926,9.389
STAGE_MODEL_CCT,3,1.7863188120009,9.985
STAGE_MODEL_CCT,3,1.8367581170004996,9.985
STAGE_MODEL_CCT,3,1.8872945240000263,11.375
STAGE_MODEL_CCT,3,1.9427431830008572,9.774
STAGE_MODEL_CCT,3,1.9940244470017205,13.143
STAGE_MODEL_CCT,3,2.046842095000102,9.424
STAGE_MODEL_CCT,3,2.0972419310000987,9.424
STAGE_MODEL_CCT,3,2.1477196520008874,9.977
STAGE_MODEL_CCT,3,2.1980979820000357,9.977
STAGE_MODEL_CCT,3,2.248477549001109,10.193
STAGE_MODEL_CCT,3,2.2988758410010632,10.193
STAGE_MODEL_CCT,3,2.349399913000525,10.196
STAGE_MODEL_CCT,3,2.3997506530013197,10.196
STAGE_MODEL_CCT,3,2.450083577001351,10.065
STAGE_MODEL_CCT,3,2.500532207001015,10.151
STAGE_MODEL_CCT,3,2.551076121000733,10.151
STAGE_MODEL_CCT,3,2.601517472001433,10.215
STAGE_MODEL_CCT,3,2.652039392000006,10.215
STAGE_MODEL_CCT,3,2.702464523001254,10.525
STAGE_MODEL_CCT,3,2.7568176300010236,10.525
STAGE_MODEL_CCT,3,2.8125694190002832,9.534
STAGE_MODEL_CCT,3,2.8632794090008247,9.842
STAGE_MODEL_CCT,3,2.921173869000995,9.842
STAGE_MODEL_CCT,3,2.974922878000143,10.68
STAGE_MODEL_CCT,3,3.0254619410006853,10.68
STAGE_MODEL_CCT,3,3.075930627001071,11.042
STAGE_MODEL_CCT,3,3.127048142001513,11.042
STAGE_MODEL_CCT,3,3.1781883820003713,9.38
STAGE_MODEL_CCT,3,3.228575720000663,5.846
STAGE_MODEL_CCT,3,3.2797052650003025,5.846
STAGE_MODEL_CCT,3,3.3331094550012494,10.658
STAGE_MODEL_CCT,3,3.383433283001068,10.658
STAGE_MODEL_CCT,3,3.433819821000725,10.452
STAGE_MODEL_CCT,3,3.48428389000037,10.452
STAGE_MODEL_CCT,3,3.5348144430008688,9.378
STAGE_MODEL_CCT,3,3.5879081480015884,9.378
STAGE_MODEL_CCT,3,3.643313898000997,10.615
STAGE_MODEL_CCT,3,3.6939619180011505,10.63
STAGE_MODEL_CCT,3,3.7446246620002057,10.63
STAGE_MODEL_CCT,3,3.795044049000353,9.797
STAGE_MODEL_CCT,3,3.8474914280013763,9.797
STAGE_MODEL_CCT,3,3.9028681710005912,9.605
STAGE_MODEL_CCT,3,3.95317999800136,9.605
STAGE_MODEL_CCT,3,4.00358191000123,10.034
STAGE_MODEL_CCT,3,4.053939316001561,10.034
STAGE_MODEL_CCT,3,4.104305472001215,10.214
STAGE_MODEL_CCT,3,4.154797558001519,9.69
STAGE_MODEL_CCT,3,4.218396882000889,9.69
STAGE_MODEL_CCT,3,4.269722227001694,9.563
STAGE_MODEL_CCT,3,4.320399555001131,9.563
STAGE_MODEL_CCT,3,4.370960619000471,9.593
STAGE_MODEL_CCT,3,4.422874197000056,10.649
STAGE_MODEL_CCT,3,4.473202101000425,10.649
STAGE_MODEL_CCT,3,4.52364468900123,20.915
STAGE_MODEL_CCT,3,4.575290170001608,20.915
STAGE_MODEL_CCT,3,4.6264204350009095,9.206
STAGE_MODEL_CCT,3,4.677087642001425,9.206
STAGE_MODEL_CCT,3,4.727710744000433,9.871
STAGE_MODEL_CCT,3,4.778438750001442,9.871
STAGE_MODEL_CCT,3,4.828820350001479,10.333
STAGE_MODEL_CCT,3,4.880488390001119,10.079
STAGE_MODEL_CCT,3,4.931015853000645,10.079
STAGE_MODEL_CCT,3,4.981518071001119,9.764
STAGE_MODEL_CCT,3,5.032731278000938,9.764
STAGE_MODEL_CCT,3,5.084181823000108,10.443
STAGE_MODEL_CCT,3,5.134888739001326,10.443
STAGE_MODEL_CCT,3,5.185370206001608,11.538
STAGE_MODEL_CCT,3,5.238083683001605,11.538
STAGE_MODEL_CCT,3,5.291900873000486,10.05
STAGE_MODEL_CCT,3,5.342565150000155,9.846
STAGE_MODEL_CCT,3,5.3930131630004325,9.846
STAGE_MODEL_CCT,3,5.443455858001471,10.085
STAGE_MODEL_CCT,3,5.493989169000997,10.085
STAGE_MODEL_CCT,3,5.544438478000302,13.271
STAGE_MODEL_CCT,3,5.595534772000974,13.271
STAGE_MODEL_CCT,3,5.646914919001574,10.104
STAGE_MODEL_CCT,3,5.697331772000325,10.104
STAGE_MODEL_CCT,3,5.747761174001425,9.904
STAGE_MODEL_CCT,3,5.798170386000493,10.14
STAGE_MODEL_CCT,3,5.848864849000165,10.14
STAGE_MODEL_CCT,3,5.8993815339999855,10.27
STAGE_MODEL_CCT,3,5.949907895001161,10.27
STAGE_MODEL_CCT,3,6.000780135000241,10.238
STAGE_MODEL_CCT,3,6.051540843000112,10.238
STAGE_MODEL_CCT,3,6.102026814000055,8.753
STAGE_MODEL_CCT,3,6.155575623000914,8.753
STAGE_MODEL_CCT,3,6.210073046000616,10.611
STAGE_MODEL_CCT,3,6.260484633001397,10.643
STAGE_MODEL_CCT,3,6.310931401001653,10.643
STAGE_MODEL_CCT,3,6.361343898000996,10.447
STAGE_MODEL_CCT,3,6.411830207000094,10.447
STAGE_MODEL_CCT,3,6.462248987001658,10.238
STAGE_MODEL_CCT,3,6.512745380001434,10.238
STAGE_MODEL_CCT,3,6.566299997000897,10.149
STAGE_MODEL_CCT,3,6.617659221001304,16.009
STAGE_MODEL_CCT,3,6.668931955000517,16.009
STAGE_MODEL_CCT,3,6.72072237500106,20.676
STAGE_MODEL_CCT,3,6.772014291000232,20.676
STAGE_MODEL_CCT,3,6.823364540001421,9.543
STAGE_MODEL_CCT,3,6.873859799999991,9.543
STAGE_MODEL_CCT,3,6.9243307530014135,10.066
STAGE_MODEL_CCT,3,6.9747767860008025,10.066
STAGE_MODEL_CCT,3,7.025335848000395,10.249
STAGE_MODEL_CCT,3,7.075838124001166,10.249
STAGE_MODEL_CCT,3,7.126166395000837,10.178
STAGE_MODEL_CCT,3,7.180366679000144,9.627
STAGE_MODEL_CCT,3,7.230902240000432,9.627
STAGE_MODEL_CCT,3,7.2815580970000156,10.912
STAGE_MODEL_CCT,3,7.3372427230006,10.912
STAGE_MODEL_CCT,3,7.390814999000213,10.66
STAGE_MODEL_CCT,3,7.441154609001387,10.66
STAGE_MODEL_CCT,3,7.491598412001622,10.342
STAGE_MODEL_CCT,3,7.541974697000114,10.304
STAGE_MODEL_CCT,3,7.595732647001569,10.304
STAGE_MODEL_CCT,3,7.651851855000132,10.668
STAGE_MODEL_CCT,3,7.702230151000549,10.668
STAGE_MODEL_CCT,3,7.755357248001019,14.513
STAGE_MODEL_CCT,3,7.80646501100091,14.513
STAGE_MODEL_CCT,3,7.857543965001241,9.916
STAGE_MODEL_CCT,3,7.907955253000182,9.785
STAGE_MODEL_CCT,3,7.958561284000098,9.785
STAGE_MODEL_CCT,3,8.011229228000957,7.669
STAGE_MODEL_CCT,3,8.062796200001685,7.669
STAGE_MODEL_CCT,3,8.11383707800087,5.994
STAGE_MODEL_CCT,3,8.165356298000916,5.994
STAGE_MODEL_CCT,3,8.217822121001518,10.852
STAGE_MODEL_CCT,3,8.27108927700101,9.676
STAGE_MODEL_CCT,3,8.321424413001296,9.676
STAGE_MODEL_CCT,3,8.371867110001403,10.151
STAGE_MODEL_CCT,3,8.422226016000423,10.151
STAGE_MODEL_CCT,3,8.47259545900124,11.342
STAGE_MODEL_CCT,3,8.524736157000007,11.342
STAGE_MODEL_CCT,3,8.578555048001363,10.409
STAGE_MODEL_CCT,3,8.62898347800001,10.409
STAGE_MODEL_CCT,3,8.679474801001561,10.356
STAGE_MODEL_CCT,3,8.737230934000763,10.663
STAGE_MODEL_CCT,3,8.787478290001673,10.663
STAGE_MODEL_CCT,3,8.837901759001397,10.638
STAGE_MODEL_CCT,3,8.888303677000295,10.638
STAGE_MODEL_CCT,3,8.938868877999994,10.36
STAGE_MODEL_CCT,3,8.989263801000561,10.36
STAGE_MODEL_CCT,3,9.039621876001547,10.2
STAGE_MODEL_CCT,3,9.089952177000669,10.2
STAGE_MODEL_CCT,3,9.140329855001255,10.276
STAGE_MODEL_CCT,3,9.190734881000026,10.33
STAGE_MODEL_CCT,3,9.241151469001124,10.33
STAGE_MODEL_CCT,3,9.291512139001497,10.258
STAGE_MODEL_CCT,3,9.342014260000724,10.258
STAGE_MODEL_CCT,3,9.392437344000427,10.197
STAGE_MODEL_CCT,3,9.442908700000771,10.197
STAGE_MODEL_CCT,3,9.493256584000846,10.244
STAGE_MODEL_CCT,3,9.54366993900112,10.244
STAGE_MODEL_CCT,3,9.594109289000698,10.278
STAGE_MODEL_CCT,3,9.644556411001759,10.238
STAGE_MODEL_CCT,3,9.695019700000557,10.238
STAGE_MODEL_CCT,3,9.74563243600096,9.173
STAGE_MODEL_CCT,3,9.796846048000589,9.173
STAGE_MODEL_CCT,3,9.847951735000606,10.555
STAGE_MODEL_CCT,3,9.898343979000856,10.555
STAGE_MODEL_CCT,3,9.94875976700132,10.55
STAGE_MODEL_CCT,3,9.99920338100128,10.55
STAGE_MODEL_CCT,3,10.049696365000273,10.366
STAGE_MODEL_CCT,3,10.10020318900024,10.366
STAGE_MODEL_CCT,3,10.150642432001405,5.862
STAGE_MODEL_CCT,3,10.20585092500005,10.654
STAGE_MODEL_CCT,3,10.256261417000132,10.654
STAGE_MODEL_CCT,3,10.306668377001188,10.654
STAGE_MODEL_CCT,3,10.357045682001626,10.654
STAGE_MODEL_CCT,3,10.407471277001605,9.971
STAGE_MODEL_CCT,3,10.459630774001198,9.971
STAGE_MODEL_CCT,3,10.514025259000846,9.858
STAGE_MODEL_CCT,3,10.56454422600109,10.169
STAGE_MODEL_CCT,3,10.615761879000274,10.169
STAGE_MODEL_CCT,3,10.666805838000073,10.636
STAGE_MODEL_CCT,3,10.71735391600123,10.636
STAGE_MODEL_CCT,3,10.767755629000021,9.844
STAGE_MODEL_CCT,3,10.823119105001751,9.844
STAGE_MODEL_CCT,3,10.877787426001305,9.919
STAGE_MODEL_CCT,3,10.92820397000105,10.289
STAGE_MODEL_CCT,3,10.978591220000453,10.289
STAGE_MODEL_CCT,3,11.028995132001,10.405
STAGE_MODEL_CCT,3,11.07946044700111,10.405
STAGE_MODEL_CCT,3,11.129869946000326,8.188
STAGE_MODEL_CCT,3,11.183883308000077,8.188
STAGE_MODEL_CCT,3,11.239238653000939,10.066
STAGE_MODEL_CCT,3,11.289642398000069,5.863
STAGE_MODEL_CCT,3,11.345950412000093,5.863
STAGE_MODEL_CCT,3,11.402221010001085,10.467
STAGE_MODEL_CCT,3,11.452588315001776,10.467
STAGE_MODEL_CCT,3,11.503072921001149,10.477
STAGE_MODEL_CCT,3,11.554486201001055,10.477
STAGE_MODEL_CCT,3,11.606323387000884,9.851
STAGE_MODEL_CCT,3,11.656714436001494,9.851
STAGE_MODEL_CCT,3,11.706999411000652,9.792
STAGE_MODEL_CCT,3,11.758087749001788,11.386
STAGE_MODEL_CCT,3,11.814376357000583,9.504
STAGE_MODEL_CCT,3,11.867571175000194,9.76
STAGE_MODEL_CCT,3,11.922904529001244,10.448
STAGE_MODEL_CCT,3,11.974718948000373,9.612
STAGE_MODEL_CCT,3,12.028617900001336,10.054
STAGE_MODEL_CCT,3,12.09250257200074,10.054
STAGE_MODEL_CCT,3,12.143582470000183,10.686
STAGE_MODEL_CCT,3,12.19431874700058,10.686
STAGE_MODEL_CCT,3,12.24492877100056,8.233
STAGE_MODEL_CCT,3,12.29598523400091,8.233
STAGE_MODEL_CCT,3,12.347079722001581,10.056
STAGE_MODEL_CCT,3,12.397784668000895,5.924
STAGE_MODEL_CCT,3,12.448967946000266,5.924
STAGE_MODEL_CCT,3,12.501590675999978,10.638
STAGE_MODEL_CCT,3,12.552007977001267,10.638
STAGE_MODEL_CCT,3,12.602373573001387,10.16
STAGE_MODEL_CCT,3,12.652848677000293,10.16
STAGE_MODEL_CCT,3,12.703297614001713,10.113
STAGE_MODEL_CCT,3,12.753730778000318,10.113
STAGE_MODEL_CCT,3,12.80416247500034,10.067
STAGE_MODEL_CCT,3,12.859206733000974,10.708
STAGE_MODEL_CCT,3,12.909654897001019,10.708
STAGE_MODEL_CCT,3,12.96015241600071,9.361
STAGE_MODEL_CCT,3,13.011284373000308,9.361
STAGE_MODEL_CCT,3,13.062580387000708,10.104
STAGE_MODEL_CCT,3,13.112919733001036,10.104
STAGE_MODEL_CCT,3,13.163293258001431,9.08
STAGE_MODEL_CCT,3,13.215957897000408,10.701
STAGE_MODEL_CCT,3,13.27439325100022,10.685
STAGE_MODEL_CCT,3,13.325153198000407,10.567
STAGE_MODEL_CCT,3,13.375686338000378,10.567
STAGE_MODEL_CCT,3,13.426046319000307,10.233
STAGE_MODEL_CCT,3,13.476430780001465,10.233
STAGE_MODEL_CCT,3,13.526865633000853,5.929
STAGE_MODEL_CCT,3,13.57858060000035,5.929
STAGE_MODEL_CCT,3,13.632609212001626,10.637
STAGE_MODEL_CCT,3,13.683301070001107,10.137
STAGE_MODEL_CCT,3,13.733822127000167,10.137
STAGE_MODEL_CCT,3,13.784474000000046,10.116
STAGE_MODEL_CCT,3,13.844157823001296,10.116
STAGE_MODEL_CCT,3,13.894576507000238,10.034
STAGE_MODEL_CCT,3,13.945784931000162,10.034
STAGE_MODEL_CCT,3,13.997783829001492,10.632
STAGE_MODEL_CCT,3,14.048330910000004,10.103
STAGE_MODEL_CCT,3,14.098758836000343,10.103
STAGE_MODEL_CCT,3,14.149353071001315,10.092
STAGE_MODEL_CCT,3,14.19975379600146,10.092
STAGE_MODEL_CCT,3,14.250221427000724,9.799
STAGE_MODEL_CCT,3,14.30403701600153,9.799
STAGE_MODEL_CCT,3,14.358316471001672,10.66
STAGE_MODEL_CCT,3,14.408763437000744,7.573
STAGE_MODEL_CCT,3,14.459810947000733,7.573
STAGE_MODEL_CCT,3,14.511036739000701,10.156
STAGE_MODEL_CCT,3,14.56153065700164,10.156
STAGE_MODEL_CCT,3,14.611999544000355,6.422
STAGE_MODEL_CCT,3,14.663314804000038,6.422
STAGE_MODEL_CCT,3,14.714985552000144,10.611
STAGE_MODEL_CCT,3,14.765580301000227,10.611
STAGE_MODEL_CCT,3,14.816106867001508,10.1
STAGE_MODEL_CCT,3,14.866759527001705,10.123
STAGE_MODEL_CCT,3,14.91740432000006,10.123
STAGE_MODEL_CCT,3,14.967760786001236,10.629
STAGE_MODEL_CCT,3,15.023531621000075,10.077
STAGE_MODEL_CCT,3,15.075822018001418,9.562
STAGE_MODEL_CCT,3,15.139117380000243,9.562
STAGE_MODEL_CCT,3,15.190145091000886,9.397
STAGE_MODEL_CCT,3,15.241326669000046,9.459
STAGE_MODEL_CCT,3,15.29170310200061,9.459
STAGE_MODEL_CCT,3,15.342257400001472,9.962
STAGE_MODEL_CCT,3,15.392760547001672,9.962
STAGE_MODEL_CCT,3,15.443148163001752,10.216
STAGE_MODEL_CCT,3,15.493842436000705,10.216
STAGE_MODEL_CCT,3,15.544324380000035,10.507
STAGE_MODEL_CCT,3,15.599686442001257,10.419
STAGE_MODEL_CCT,3,15.651068144001329,10.419
STAGE_MODEL_CCT,3,15.702787185000489,10.674
STAGE_MODEL_CCT,3,15.753225387001294,10.674
STAGE_MODEL_CCT,3,15.80373093200069,15.873
STAGE_MODEL_CCT,3,15.854850342000645,15.873
STAGE_MODEL_CCT,3,15.906115867001063,13.067
STAGE_MODEL_CCT,3,15.95756834400163,13.067
STAGE_MODEL_CCT,3,16.008810402001473,10.134
STAGE_MODEL_CCT,3,16.059164950000195,10.134
STAGE_MODEL_CCT,3,16.109663008001007,10.289
STAGE_MODEL_CCT,3,16.16005846600092,10.99
STAGE_MODEL_CCT,3,16.21118386300077,8.341
STAGE_MODEL_CCT,3,16.26241195000148,10.144
STAGE_MODEL_CCT,3,16.31367718400179,9.847
STAGE_MODEL_CCT,3,16.366288488001373,10.561
STAGE_MODEL_CCT,3,16.419670482000583,10.561
STAGE_MODEL_CCT,3,16.474301702000957,10.607
STAGE_MODEL_CCT,3,16.524864130000424,10.634
STAGE_MODEL_CCT,3,16.575285036000423,10.634
STAGE_MODEL_CCT,3,16.62735086900102,10.549
STAGE_MODEL_CCT,3,16.678483928000787,10.549
STAGE_MODEL_CCT,3,16.72967985700052,10.278
STAGE_MODEL_CCT,3,16.78018998100015,10.278
STAGE_MODEL_CCT,3,16.830658033000873,11.038
STAGE_MODEL_CCT,3,16.882923529001346,17.835
STAGE_MODEL_CCT,3,16.93411202900097,17.835
STAGE_MODEL_CCT,3,16.98598709900034,17.2
STAGE_MODEL_CCT,3,17.04044731400063,17.2
STAGE_MODEL_CCT,3,17.092812783001136,9.528
STAGE_MODEL_CCT,3,17.143141780001315,9.528
STAGE_MODEL_CCT,3,17.1935069200008,10.147
STAGE_MODEL_CCT,3,17.244047647000116,10.147
STAGE_MODEL_CCT,3,17.294485382000857,10.323
STAGE_MODEL_CCT,3,17.344899519001046,10.095
STAGE_MODEL_CCT,3,17.395321473000877,10.095
STAGE_MODEL_CCT,3,17.44579175800027,10.421
STAGE_MODEL_CCT,3,17.498413584000446,10.421
STAGE_MODEL_CCT,3,17.554685365001205,10.619
STAGE_MODEL_CCT,3,17.605144959001336,10.619
STAGE_MODEL_CCT,3,17.655546449001122,11.961
STAGE_MODEL_CCT,3,17.706600272000287,9.308
STAGE_MODEL_CCT,3,17.757814241000233,9.383
STAGE_MODEL_CCT,3,17.808199042001434,10.262
STAGE_MODEL_CCT,3,17.86024956000074,10.262
STAGE_MODEL_CCT,3,17.915770714000246,12.87
STAGE_MODEL_CCT,3,17.967092679000416,12.87
STAGE_MODEL_CCT,3,18.019379838000532,10.617
STAGE_MODEL_CCT,3,18.06997446100104,10.617
STAGE_MODEL_CCT,3,18.12038961700091,9.114
STAGE_MODEL_CCT,3,18.172027005000928,10.247
STAGE_MODEL_CCT,3,18.222361900001488,10.247
STAGE_MODEL_CCT,3,18.272813540001152,10.437
STAGE_MODEL_CCT,3,18.323396813000727,10.437
STAGE_MODEL_CCT,3,18.373924697001712,11.191
STAGE_MODEL_CCT,3,18.42546707300062,11.191
STAGE_MODEL_CCT,3,18.476671322001494,9.353
STAGE_MODEL_CCT,3,18.5272663700016,9.353
STAGE_MODEL_CCT,3,18.577664103000643,10.162
STAGE_MODEL_CCT,3,18.633084145001703,10.599
STAGE_MODEL_CCT,3,18.6835182620016,10.599
STAGE_MODEL_CCT,3,18.733950558000288,10.607
STAGE_MODEL_CCT,3,18.784339081001235,10.607
STAGE_MODEL_CCT,3,18.83476022100149,9.554
STAGE_MODEL_CCT,3,18.886025510000763,10.494
STAGE_MODEL_CCT,3,18.937319379001565,10.325
STAGE_MODEL_CCT,3,18.98855076500149,10.863
STAGE_MODEL_CCT,3,19.04106434700043,10.863
STAGE_MODEL_CCT,3,19.093049082001016,14.69
STAGE_MODEL_CCT,3,19.145550649000143,14.69
STAGE_MODEL_CCT,3,19.198111108000376,14.787
STAGE_MODEL_CCT,3,19.250255217000813,14.787
STAGE_MODEL_CCT,3,19.305183377000503,10.013
STAGE_MODEL_CCT,3,19.355599517000883,10.013
STAGE_MODEL_CCT,3,19.406096982000236,10.318
STAGE_MODEL_CCT,3,19.456637642000715,10.391
STAGE_MODEL_CCT,3,19.507170793000114,10.391
STAGE_MODEL_CCT,3,19.5576064650013,10.382
STAGE_MODEL_CCT,3,19.612293119000242,10.382
STAGE_MODEL_CCT,3,19.667111854001632,9.639
STAGE_MODEL_CCT,3,19.717507713001396,9.639
STAGE_MODEL_CCT,3,19.768194888001744,10.025
STAGE_MODEL_CCT,3,19.818661192000945,10.025
STAGE_MODEL_CCT,3,19.86933341200165,10.233
STAGE_MODEL_CCT,3,19.91973763400165,10.07
STAGE_MODEL_CCT,3,19.9700884770009,10.07
STAGE_MODEL_CCT,3,20.020372290000523,10.412
STAGE_MODEL_CCT,3,20.071447470001658,10.412
STAGE_MODEL_CCT,3,20.122405284000706,10.603
STAGE_MODEL_CCT,3,20.172849846001554,10.603
STAGE_MODEL_CCT,3,20.223338048001096,10.54
STAGE_MODEL_CCT,3,20.27406267400147,16.228
STAGE_MODEL_CCT,3,20.332619856000747,16.228
STAGE_MODEL_CCT,3,20.38733902000058,9.957
STAGE_MODEL_CCT,3,20.437711227001273,9.957
STAGE_MODEL_CCT,3,20.488201939000646,10.289
STAGE_MODEL_CCT,3,20.53876638500151,10.289
STAGE_MODEL_CCT,3,20.58929146400078,10.341
STAGE_MODEL_CCT,3,20.639793363001445,10.091
STAGE_MODEL_CCT,3,20.690206860001126,10.091
STAGE_MODEL_CCT,3,20.740742790001605,10.25
STAGE_MODEL_CCT,3,20.792152984000495,10.25
STAGE_MODEL_CCT,3,20.843426405001082,10.542
STAGE_MODEL_CCT,3,20.893884565000917,10.542
STAGE_MODEL_CCT,3,20.944382000001497,10.627
STAGE_MODEL_CCT,3,20.995059228000173,10.627
STAGE_MODEL_CCT,3,21.0456182300004,10.323
STAGE_MODEL_CCT,3,21.096104951000598,10.323
STAGE_MODEL_CCT,3,21.146529326000746,10.219
STAGE_MODEL_CCT,3,21.19689820000167,10.278
STAGE_MODEL_CCT,3,21.24741746000109,10.278
STAGE_MODEL_CCT,3,21.297882168000797,17.099
STAGE_MODEL_CCT,3,21.350482979001754,17.099
STAGE_MODEL_CCT,3,21.40347196300172,9.295
STAGE_MODEL_CCT,3,21.453949035001642,9.295
STAGE_MODEL_CCT,3,21.50435748400014,9.814
STAGE_MODEL_CCT,3,21.554879011000594,9.814
STAGE_MODEL_CCT,3,21.60544978300095,10.077
STAGE_MODEL_CCT,3,21.65594846500062,10.18
STAGE_MODEL_CCT,3,21.706433520001156,10.18
STAGE_MODEL_CCT,3,21.756844609000836,10.036
STAGE_MODEL_CCT,3,21.807384563000596,10.036
STAGE_MODEL_CCT,3,21.857755910001288,10.077
STAGE_MODEL_CCT,3,21.908178879000843,10.077
STAGE_MODEL_CCT,3,21.95852753300096,10.161
STAGE_MODEL_CCT,3,22.008962535001046,10.161
STAGE_MODEL_CCT,3,22.059507080000913,11.193
STAGE_MODEL_CCT,3,22.113907762000963,10.16
STAGE_MODEL_CCT,3,22.166025530001207,10.16
STAGE_MODEL_CCT,3,22.220122561000608,10.425
STAGE_MODEL_CCT,3,22.270508019000772,10.425
STAGE_MODEL_CCT,3,22.320905333001065,10.503
STAGE_MODEL_CCT,3,22.37137798399999,10.503
STAGE_MODEL_CCT,3,22.421904188000553,12.343
STAGE_MODEL_CCT,3,22.47553477800102,7.778
STAGE_MODEL_CCT,3,22.526763253001263,7.778
STAGE_MODEL_CCT,3,22.58175457100151,5.884
STAGE_MODEL_CCT,3,22.638474235000103,5.884
STAGE_MODEL_CCT,3,22.69182766400081,10.398
STAGE_MODEL_CCT,3,22.74217534300078,10.398
STAGE_MODEL_CCT,3,22.79251981700145,11.126
STAGE_MODEL_CCT,3,22.844058454000333,9.399
STAGE_MODEL_CCT,3,22.89447969500179,9.399
STAGE_MODEL_CCT,3,22.944919972000207,9.897
STAGE_MODEL_CCT,3,22.995565079001608,9.897
STAGE_MODEL_CCT,3,23.04612962400097,10.128
STAGE_MODEL_CCT,3,23.09923421000167,10.128
STAGE_MODEL_CCT,3,23.149571046000347,10.131
STAGE_MODEL_CCT,3,23.199953248000384,10.131
STAGE_MODEL_CCT,3,23.250358621000487,10.05
STAGE_MODEL_CCT,3,23.30071447500086,10.108
STAGE_MODEL_CCT,3,23.351199086000634,10.108
STAGE_MODEL_CCT,3,23.401669273000152,10.17
STAGE_MODEL_CCT,3,23.45216913800141,10.17
STAGE_MODEL_CCT,3,23.50267993700072,10.18
STAGE_MODEL_CCT,3,23.5530628000015,10.18
STAGE_MODEL_CCT,3,23.603355750001356,10.103
STAGE_MODEL_CCT,3,23.653656273001616,10.103
STAGE_MODEL_CCT,3,23.711079879001772,5.879
STAGE_MODEL_CCT,3,23.762090098000044,10.544
STAGE_MODEL_CCT,3,23.81257702500079,10.544
STAGE_MODEL_CCT,3,23.86289851100082,10.546
STAGE_MODEL_CCT,3,23.913371777000066,10.546
STAGE_MODEL_CCT,3,23.963806074001695,9.434
STAGE_MODEL_CCT,3,24.014904526000464,9.434
STAGE_MODEL_CCT,3,24.065903069000342,10.421
STAGE_MODEL_CCT,3,24.116401397001027,10.421
STAGE_MODEL_CCT,3,24.16689614200004,10.046
STAGE_MODEL_CCT,3,24.221459576001507,10.327
STAGE_MODEL_CCT,3,24.27199220700095,10.327
STAGE_MODEL_CCT,3,24.322302685000977,9.882
STAGE_MODEL_CCT,3,24.372793441001704,9.882
STAGE_MODEL_CCT,3,24.423149235000892,9.716
STAGE_MODEL_CCT,3,24.474628912001208,9.716
STAGE_MODEL_CCT,3,24.529197521000242,10.586
STAGE_MODEL_CCT,3,24.579611944000135,10.375
STAGE_MODEL_CCT,3,24.637483185000747,10.375
STAGE_MODEL_CCT,3,24.690386247000788,9.473
STAGE_MODEL_CCT,3,24.740896903000248,9.473
STAGE_MODEL_CCT,3,24.791253412000515,5.797
STAGE_MODEL_CCT,3,24.842604832001598,5.797
STAGE_MODEL_CCT,3,24.89358797800014,5.7
STAGE_MODEL_CCT,3,24.945650785000907,10.449
STAGE_MODEL_CCT,3,25.001375700001518,10.437
STAGE_MODEL_CCT,3,25.051832559000104,10.146
STAGE_MODEL_CCT,3,25.11500149300082,10.146
STAGE_MODEL_CCT,3,25.16555651100134,9.931
STAGE_MODEL_CCT,3,25.218288795000262,9.931
STAGE_MODEL_CCT,3,25.26957091100121,10.557
STAGE_MODEL_CCT,3,25.327048517001458,10.557
STAGE_MODEL_CCT,3,25.37767150200125,10.76
STAGE_MODEL_CCT,3,25.431688950000535,10.76
STAGE_MODEL_CCT,3,25.483020866000516,10.566
STAGE_MODEL_CCT,3,25.53365448600016,10.566
STAGE_MODEL_CCT,3,25.58413035600097,10.558
STAGE_MODEL_CCT,3,25.63457243100129,10.558
STAGE_MODEL_CCT,3,25.685024984000847,10.573
STAGE_MODEL_CCT,3,25.735663658000703,10.573
STAGE_MODEL_CCT,3,25.786272514000302,10.552
STAGE_MODEL_CCT,3,25.836778590000904,10.552
STAGE_MODEL_CCT,3,25.887270456001716,10.566
STAGE_MODEL_CCT,3,25.93766875700021,10.566
STAGE_MODEL_CCT,3,25.988339304001784,10.564
STAGE_MODEL_CCT,3,26.038847396001074,10.564
STAGE_MODEL_CCT,3,26.08948320500167,10.56
STAGE_MODEL_CCT,3,26.139871241000947,10.56
STAGE_MODEL_CCT,3,26.190446984001028,10.562
STAGE_MODEL_CCT,3,26.24091677600154,10.558
STAGE_MODEL_CCT,3,26.291586488001485,10.558
STAGE_MODEL_CCT,3,26.341978671000106,9.778
STAGE_MODEL_CCT,3,26.39345486900129,9.778
STAGE_MODEL_CCT,3,26.444564595001793,10.546
STAGE_MODEL_CCT,3,26.49520755500089,10.546
STAGE_MODEL_CCT,3,26.54574364600012,10.824
STAGE_MODEL_CCT,3,26.597208360000877,10.824
STAGE_MODEL_CCT,3,26.650377926000147,10.669
STAGE_MODEL_CCT,3,26.70099012100036,10.669
STAGE_MODEL_CCT,3,26.751825048000683,9.292
STAGE_MODEL_CCT,3,26.803918603000056,9.292
STAGE_MODEL_CCT,3,26.855330062000576,10.773
STAGE_MODEL_CCT,3,26.905786155000897,10.773
STAGE_MODEL_CCT,3,26.958381096001176,10.963
STAGE_MODEL_CCT,3,27.009756255001776,10.963
STAGE_MODEL_CCT,3,27.062642436001624,10.655
STAGE_MODEL_CCT,3,27.113279332001184,10.655
STAGE_MODEL_CCT,3,27.164029263001794,7.435
STAGE_MODEL_CCT,3,27.220884047001164,7.435
STAGE_MODEL_CCT,3,27.272160234000694,11.086
STAGE_MODEL_CCT,3,27.32337123200159,11.086
STAGE_MODEL_CCT,3,27.375809681001556,12.467
STAGE_MODEL_CCT,3,27.427259547001086,12.467
STAGE_MODEL_CCT,3,27.47954353700152,11.265
STAGE_MODEL_CCT,3,27.530268055001216,11.265
STAGE_MODEL_CCT,3,27.580955719000485,9.88
STAGE_MODEL_CCT,3,27.63854007200098,9.88
STAGE_MODEL_CCT,3,27.690041964000557,10.556
STAGE_MODEL_CCT,3,27.740608251000594,10.627
STAGE_MODEL_CCT,3,27.792628470000636,10.408
STAGE_MODEL_CCT,3,27.850079241999993,10.686
STAGE_MODEL_CCT,3,27.901600271999996,10.686
STAGE_MODEL_CCT,3,27.953454506001435,10.586
STAGE_MODEL_CCT,3,28.00399037600073,10.586
STAGE_MODEL_CCT,3,28.0543783660014,9.37
STAGE_MODEL_CCT,3,28.107876560001387,9.37
STAGE_MODEL_CCT,3,28.159326864000832,10.55
STAGE_MODEL_CCT,3,28.209949395000876,10.55
STAGE_MODEL_CCT,3,28.26061329500044,10.76
STAGE_MODEL_CCT,3,28.31211430500116,10.76
STAGE_MODEL_CCT,3,28.36395455800084,10.551
STAGE_MODEL_CCT,3,28.414561041001434,10.551
STAGE_MODEL_CCT,3,28.464997420000145,7.054
STAGE_MODEL_CCT,3,28.516984470001262,7.054
STAGE_MODEL_CCT,3,28.568309013000544,10.595
STAGE_MODEL_CCT,3,28.61895537900091,10.595
STAGE_MODEL_CCT,3,28.669496955000795,20.559
STAGE_MODEL_CCT,3,28.722218446000625,20.559
STAGE_MODEL_CCT,3,28.778582640001332,10.283
STAGE_MODEL_CCT,3,28.829508537000947,10.283
STAGE_MODEL_CCT,3,28.88022837200151,10.413
STAGE_MODEL_CCT,3,28.930692187001114,10.413
STAGE_MODEL_CCT,3,28.98115431000042,10.491
STAGE_MODEL_CCT,3,29.032414998000604,9.583
STAGE_MODEL_CCT,3,29.09061127300083,9.552
STAGE_MODEL_CCT,3,29.141200996000407,9.972
STAGE_MODEL_CCT,3,29.19166326300001,9.972
STAGE_MODEL_CCT,3,29.242135134001728,10.972
STAGE_MODEL_CCT,3,29.293469006001033,10.972
STAGE_MODEL_CCT,3,29.346721634999994,9.144
STAGE_MODEL_CCT,3,29.397211421000975,9.727
STAGE_MODEL_CCT,3,29.44770531800168,9.727
STAGE_MODEL_CCT,3,29.49807225100085,10.735
STAGE_MODEL_CCT,3,29.554695345001164,10.735
STAGE_MODEL_CCT,3,29.60964191400126,10.504
STAGE_MODEL_CCT,3,29.65996011400057,10.504
STAGE_MODEL_CCT,3,29.712784974000897,6.931
STAGE_MODEL_CCT,3,29.764297319001344,10.364
STAGE_MODEL_CCT,3,29.814791305001563,10.364
STAGE_MODEL_CCT,3,29.865451057001337,10.466
STAGE_MODEL_CCT,3,29.91622956000174,10.466
STAGE_MODEL_CCT,3,29.966682321000917,10.468
BASELINE_IDLE,4,0.001277925999602303,3.461
BASELINE_IDLE,4,0.05272148199946969,3.422
BASELINE_IDLE,4,0.10429600799943728,3.422
BASELINE_IDLE,4,0.1558896789993014,3.655
BASELINE_IDLE,4,0.2073954869993031,3.655
BASELINE_IDLE,4,0.2589471680003044,4.482
BASELINE_IDLE,4,0.3105313649994059,4.482
BASELINE_IDLE,4,0.3616206400001829,3.606
BASELINE_IDLE,4,0.41273831999933464,3.399
BASELINE_IDLE,4,0.46398655399934796,3.399
BASELINE_IDLE,4,0.5154253330001666,1.686
BASELINE_IDLE,4,0.5672053910002433,1.631
BASELINE_IDLE,4,0.618889499000943,1.796
BASELINE_IDLE,4,0.6708661739994568,1.796
BASELINE_IDLE,4,0.7224416869994457,1.615
BASELINE_IDLE,4,0.7739274880004814,1.615
BASELINE_IDLE,4,0.825315510001019,1.577
BASELINE_IDLE,4,0.8772508780002681,1.576
BASELINE_IDLE,4,0.9291112509999948,1.576
BASELINE_IDLE,4,0.9803472809999221,1.569
BASELINE_IDLE,4,1.0318565649995435,1.569
BASELINE_IDLE,4,1.083543405000455,1.581
BASELINE_IDLE,4,1.1357738379992952,1.569
BASELINE_IDLE,4,1.1877428370007692,2.187
BASELINE_IDLE,4,1.2397993760005193,1.62
BASELINE_IDLE,4,1.291857866999635,1.62
BASELINE_IDLE,4,1.34377970100104,2.814
BASELINE_IDLE,4,1.39538366799934,2.814
BASELINE_IDLE,4,1.4475419760001387,1.761
BASELINE_IDLE,4,1.4996054919993185,1.761
BASELINE_IDLE,4,1.5514333690007334,1.929
BASELINE_IDLE,4,1.60359643800075,1.65
BASELINE_IDLE,4,1.6553325679997215,1.65
BASELINE_IDLE,4,1.7073483630010742,1.559
BASELINE_IDLE,4,1.760030978000941,1.734
BASELINE_IDLE,4,1.8115066530008335,1.675
BASELINE_IDLE,4,1.8639735800006747,1.675
BASELINE_IDLE,4,1.916050288000406,1.544
BASELINE_IDLE,4,1.9676139349994628,1.696
BASELINE_IDLE,4,2.0193304879994685,1.696
BASELINE_IDLE,4,2.070722647000366,1.519
BASELINE_IDLE,4,2.122600622000391,1.519
BASELINE_IDLE,4,2.17452873000002,1.633
BASELINE_IDLE,4,2.226179563000187,1.633
BASELINE_IDLE,4,2.2776671339997847,2.06
BASELINE_IDLE,4,2.329036694000024,2.06
BASELINE_IDLE,4,2.3809458739997353,1.618
BASELINE_IDLE,4,2.432847445999869,1.54
BASELINE_IDLE,4,2.4852234209993185,1.54
BASELINE_IDLE,4,2.536842458999672,1.618
BASELINE_IDLE,4,2.5888613460010674,1.618
BASELINE_IDLE,4,2.6406166440010566,1.832
BASELINE_IDLE,4,2.6926228280008218,1.832
BASELINE_IDLE,4,2.7444927409997035,1.659
BASELINE_IDLE,4,2.7958335429993895,1.535
BASELINE_IDLE,4,2.847174881000683,1.535
BASELINE_IDLE,4,2.898531257000286,1.623
BASELINE_IDLE,4,2.949770618000912,1.588
BASELINE_IDLE,4,3.001262683999812,1.68
BASELINE_IDLE,4,3.052897269000823,1.68
BASELINE_IDLE,4,3.1048858829999517,1.657
BASELINE_IDLE,4,3.156290696999349,1.657
BASELINE_IDLE,4,3.208180904999608,1.536
BASELINE_IDLE,4,3.2597704620002332,1.581
BASELINE_IDLE,4,3.31152372500037,1.581
BASELINE_IDLE,4,3.3630017960003897,1.54
BASELINE_IDLE,4,3.4150726440002472,1.54
BASELINE_IDLE,4,3.466484702999878,2.67
BASELINE_IDLE,4,3.5180701890003547,2.67
BASELINE_IDLE,4,3.5696351719998347,2.366
BASELINE_IDLE,4,3.6218947359993763,1.637
BASELINE_IDLE,4,3.673856220999369,1.637
BASELINE_IDLE,4,3.7252084640003886,1.536
BASELINE_IDLE,4,3.7772479169998405,1.536
BASELINE_IDLE,4,3.828632643000674,1.598
BASELINE_IDLE,4,3.880014078000386,1.598
BASELINE_IDLE,4,3.9317902790007793,1.765
BASELINE_IDLE,4,3.983290993999617,1.765
BASELINE_IDLE,4,4.034866408001108,1.68
BASELINE_IDLE,4,4.086431096000524,1.468
BASELINE_IDLE,4,4.138407398000709,1.66
BASELINE_IDLE,4,4.190080086000307,1.684
BASELINE_IDLE,4,4.241649702000359,1.684
BASELINE_IDLE,4,4.29296195400093,1.534
BASELINE_IDLE,4,4.346846205000475,1.648
BASELINE_IDLE,4,4.398466578000807,1.749
BASELINE_IDLE,4,4.44974288100093,1.809
BASELINE_IDLE,4,4.501289432999329,1.809
BASELINE_IDLE,4,4.55265844799942,2.133
BASELINE_IDLE,4,4.603846596999574,2.133
BASELINE_IDLE,4,4.655226271001084,1.515
BASELINE_IDLE,4,4.706569965001108,1.515
BASELINE_IDLE,4,4.757771288001095,2.013
BASELINE_IDLE,4,4.809245418000501,1.583
BASELINE_IDLE,4,4.860851809000451,1.583
BASELINE_IDLE,4,4.9128159470001265,1.622
BASELINE_IDLE,4,4.964205382999353,1.857
BASELINE_IDLE,4,5.0156852189993515,1.614
BASELINE_IDLE,4,5.067678191000596,1.759
BASELINE_IDLE,4,5.119266964000417,1.674
BASELINE_IDLE,4,5.1704236580008,1.674
BASELINE_IDLE,4,5.2216854140006035,1.691
BASELINE_IDLE,4,5.27606865800044,1.61
BASELINE_IDLE,4,5.327197447999424,1.575
BASELINE_IDLE,4,5.379229710999425,1.717
BASELINE_IDLE,4,5.430854239000837,1.717
BASELINE_IDLE,4,5.482074707999345,1.583
BASELINE_IDLE,4,5.5335463490009715,1.549
BASELINE_IDLE,4,5.585543950999636,1.819
BASELINE_IDLE,4,5.637209452999741,1.951
BASELINE_IDLE,4,5.68918543899963,1.951
BASELINE_IDLE,4,5.7406795879996935,1.512
BASELINE_IDLE,4,5.792143399999986,1.512
BASELINE_IDLE,4,5.8438888040000165,2.686
BASELINE_IDLE,4,5.895267493000574,2.686
BASELINE_IDLE,4,5.947295239000596,1.621
BASELINE_IDLE,4,5.998990056999901,1.621
BASELINE_IDLE,4,6.0508278560009785,1.719
BASELINE_IDLE,4,6.102394800000184,1.643
BASELINE_IDLE,4,6.154502904000765,1.643
BASELINE_IDLE,4,6.206269147000057,1.585
BASELINE_IDLE,4,6.257683669000471,1.585
BASELINE_IDLE,4,6.309006131999922,1.548
BASELINE_IDLE,4,6.360411749999912,1.548
BASELINE_IDLE,4,6.411705664999317,1.558
BASELINE_IDLE,4,6.4635940000007395,1.533
BASELINE_IDLE,4,6.51536276600018,1.533
BASELINE_IDLE,4,6.567374030000792,1.561
BASELINE_IDLE,4,6.619104667001011,1.561
BASELINE_IDLE,4,6.670731277999948,1.557
BASELINE_IDLE,4,6.722185537999394,1.597
BASELINE_IDLE,4,6.773965563999809,1.872
BASELINE_IDLE,4,6.825475588999325,1.525
BASELINE_IDLE,4,6.87745987100061,1.525
BASELINE_IDLE,4,6.929602997000984,1.565
BASELINE_IDLE,4,6.981193355999494,1.565
BASELINE_IDLE,4,7.033290015000603,2.421
BASELINE_IDLE,4,7.085031005999554,2.421
BASELINE_IDLE,4,7.136281652999969,1.647
BASELINE_IDLE,4,7.187710676000279,1.647
BASELINE_IDLE,4,7.239053186000092,1.636
BASELINE_IDLE,4,7.291072497000641,1.526
BASELINE_IDLE,4,7.342218497000431,1.526
BASELINE_IDLE,4,7.393616241999553,1.543
BASELINE_IDLE,4,7.445007381000323,1.671
BASELINE_IDLE,4,7.496791280000252,1.638
BASELINE_IDLE,4,7.548179507000896,1.638
BASELINE_IDLE,4,7.5995264459998,1.548
BASELINE_IDLE,4,7.65110984400053,1.571
BASELINE_IDLE,4,7.7024760770000285,1.571
BASELINE_IDLE,4,7.753996564999397,1.679
BASELINE_IDLE,4,7.805636308999965,1.679
BASELINE_IDLE,4,7.857199616999424,1.606
BASELINE_IDLE,4,7.908390946000509,1.606
BASELINE_IDLE,4,7.959661333999975,1.559
BASELINE_IDLE,4,8.011030972000299,1.559
BASELINE_IDLE,4,8.062390237999352,1.565
BASELINE_IDLE,4,8.114249837999523,1.528
BASELINE_IDLE,4,8.165364255000895,1.528
BASELINE_IDLE,4,8.21674435299974,1.731
BASELINE_IDLE,4,8.268459543000063,1.731
BASELINE_IDLE,4,8.320099938000567,1.637
BASELINE_IDLE,4,8.371693637000135,1.637
BASELINE_IDLE,4,8.422871275000944,1.553
BASELINE_IDLE,4,8.474315654000748,1.513
BASELINE_IDLE,4,8.525650489000327,1.513
BASELINE_IDLE,4,8.57752447799976,1.556
BASELINE_IDLE,4,8.628844345999823,1.556
BASELINE_IDLE,4,8.680754602999514,1.545
BASELINE_IDLE,4,8.732767601000887,1.545
BASELINE_IDLE,4,8.784626099999514,1.574
BASELINE_IDLE,4,8.836084290000144,1.574
BASELINE_IDLE,4,8.887495930999648,1.546
BASELINE_IDLE,4,8.939005414000349,1.574
BASELINE_IDLE,4,8.990341896000245,1.574
BASELINE_IDLE,4,9.041754423000384,1.553
BASELINE_IDLE,4,9.093648800000665,1.553
BASELINE_IDLE,4,9.145566399000018,1.553
BASELINE_IDLE,4,9.197199103000457,1.553
BASELINE_IDLE,4,9.249076398000398,1.672
BASELINE_IDLE,4,9.301026430999627,1.569
BASELINE_IDLE,4,9.353032819999498,1.569
BASELINE_IDLE,4,9.405022023000129,1.536
BASELINE_IDLE,4,9.457071831000576,1.536
BASELINE_IDLE,4,9.508539689999452,1.607
BASELINE_IDLE,4,9.560132758999316,1.627
BASELINE_IDLE,4,9.612077608000618,1.695
BASELINE_IDLE,4,9.667956946999766,1.663
BASELINE_IDLE,4,9.719611911999891,1.641
BASELINE_IDLE,4,9.771747781000158,1.716
BASELINE_IDLE,4,9.823370117001105,1.727
BASELINE_IDLE,4,9.875053849000324,1.698
BASELINE_IDLE,4,9.926339491999897,1.698
BASELINE_IDLE,4,9.977727028001027,1.561
BASELINE_IDLE,4,10.02959445200031,1.637
BASELINE_IDLE,4,10.081140746000528,1.923
BASELINE_IDLE,4,10.133065394000369,2.044
BASELINE_IDLE,4,10.184777037000458,2.044
BASELINE_IDLE,4,10.236366373999772,2.509
BASELINE_IDLE,4,10.28798117900078,2.509
BASELINE_IDLE,4,10.33986324000034,1.518
BASELINE_IDLE,4,10.391967371000646,1.518
BASELINE_IDLE,4,10.443799595999735,1.602
BASELINE_IDLE,4,10.495138840000436,1.536
BASELINE_IDLE,4,10.546676959000251,1.536
BASELINE_IDLE,4,10.598368324001058,1.592
BASELINE_IDLE,4,10.650231805000658,1.7
BASELINE_IDLE,4,10.701811291999547,1.674
BASELINE_IDLE,4,10.753140533000987,1.674
BASELINE_IDLE,4,10.804494887001056,1.585
BASELINE_IDLE,4,10.861703328000658,1.683
BASELINE_IDLE,4,10.91343876800056,1.683
BASELINE_IDLE,4,10.965544008000506,1.579
BASELINE_IDLE,4,11.016963472000498,1.568
BASELINE_IDLE,4,11.06867533300101,1.711
BASELINE_IDLE,4,11.120214333001059,1.711
BASELINE_IDLE,4,11.171643814001072,1.576
BASELINE_IDLE,4,11.222985991000314,1.519
BASELINE_IDLE,4,11.274484624000252,1.884
BASELINE_IDLE,4,11.326433555999756,2.191
BASELINE_IDLE,4,11.378019879999556,2.191
BASELINE_IDLE,4,11.429962443000477,2.95
BASELINE_IDLE,4,11.48184249500082,2.95
BASELINE_IDLE,4,11.533360154000547,1.604
BASELINE_IDLE,4,11.584920696999689,1.604
BASELINE_IDLE,4,11.636409681999794,2.03
BASELINE_IDLE,4,11.688406191000468,1.628
BASELINE_IDLE,4,11.739797878999525,1.628
BASELINE_IDLE,4,11.791273574001025,1.554
BASELINE_IDLE,4,11.842945526999756,1.745
BASELINE_IDLE,4,11.89471694399981,1.655
BASELINE_IDLE,4,11.946801694999522,1.617
BASELINE_IDLE,4,11.998735467999722,1.681
BASELINE_IDLE,4,12.05031536000024,1.698
BASELINE_IDLE,4,12.101618820999647,1.568
BASELINE_IDLE,4,12.159602349000124,1.692
BASELINE_IDLE,4,12.211434566999742,1.692
BASELINE_IDLE,4,12.262866758999735,1.56
BASELINE_IDLE,4,12.314565245000267,1.522
BASELINE_IDLE,4,12.366509752000638,1.986
BASELINE_IDLE,4,12.417816942001082,1.579
BASELINE_IDLE,4,12.469135019000532,1.579
BASELINE_IDLE,4,12.521080712000185,2.666
BASELINE_IDLE,4,12.572527930000433,2.666
BASELINE_IDLE,4,12.6240777969997,1.598
BASELINE_IDLE,4,12.675658930000282,1.598
BASELINE_IDLE,4,12.726928129999578,1.519
BASELINE_IDLE,4,12.778565070000695,1.519
BASELINE_IDLE,4,12.830585212001097,1.587
BASELINE_IDLE,4,12.882087781999871,1.586
BASELINE_IDLE,4,12.93352538200088,1.586
BASELINE_IDLE,4,12.985011632999885,1.56
BASELINE_IDLE,4,13.036343719999422,1.6
BASELINE_IDLE,4,13.087745348999306,1.616
BASELINE_IDLE,4,13.139359213000716,1.616
BASELINE_IDLE,4,13.190899081999305,1.553
BASELINE_IDLE,4,13.242940828000428,1.639
BASELINE_IDLE,4,13.294625937000092,1.639
BASELINE_IDLE,4,13.346139794999544,1.578
BASELINE_IDLE,4,13.397412678999899,1.578
BASELINE_IDLE,4,13.448964229999547,1.555
BASELINE_IDLE,4,13.500898583999515,1.555
BASELINE_IDLE,4,13.55215681899972,1.574
BASELINE_IDLE,4,13.603805028000352,1.574
BASELINE_IDLE,4,13.655663847999676,1.55
BASELINE_IDLE,4,13.707551100000273,1.553
BASELINE_IDLE,4,13.759186895000312,1.553
BASELINE_IDLE,4,13.810938266000448,1.54
BASELINE_IDLE,4,13.86242639900047,1.54
BASELINE_IDLE,4,13.914155907999884,1.529
BASELINE_IDLE,4,13.96575544100051,1.529
BASELINE_IDLE,4,14.01739067699964,1.528
BASELINE_IDLE,4,14.068910017000235,1.555
BASELINE_IDLE,4,14.120473684000899,1.555
BASELINE_IDLE,4,14.17596612700072,1.648
BASELINE_IDLE,4,14.227353206999396,1.648
BASELINE_IDLE,4,14.278792765000617,1.615
BASELINE_IDLE,4,14.330072568000105,1.62
BASELINE_IDLE,4,14.381985752999753,1.753
BASELINE_IDLE,4,14.43355016500027,1.567
BASELINE_IDLE,4,14.484853265999845,1.567
BASELINE_IDLE,4,14.536530522000248,1.775
BASELINE_IDLE,4,14.588467412000682,1.775
BASELINE_IDLE,4,14.639686739999888,1.574
BASELINE_IDLE,4,14.6911934510008,1.574
BASELINE_IDLE,4,14.74259266899935,2.705
BASELINE_IDLE,4,14.794646218000707,2.705
BASELINE_IDLE,4,14.846611124999981,2.104
BASELINE_IDLE,4,14.898084729000402,1.595
BASELINE_IDLE,4,14.94972636500097,2.119
BASELINE_IDLE,4,15.001925264999954,1.574
STAGE_MODEL_POLICY,4,0.001251536999916425,1.574
STAGE_MODEL_POLICY,4,0.05378850600027363,5.379
STAGE_MODEL_POLICY,4,0.1381476440001279,5.181
STAGE_MODEL_POLICY,4,0.19329443700007687,5.181
STAGE_MODEL_POLICY,4,0.24715268799991463,5.617
STAGE_MODEL_POLICY,4,0.29772070899889513,35.968
STAGE_MODEL_POLICY,4,0.35249749799913843,35.968
STAGE_MODEL_POLICY,4,0.4067629639994266,17.551
STAGE_MODEL_POLICY,4,0.4571943139999348,17.551
STAGE_MODEL_POLICY,4,0.5076576009996643,17.184
STAGE_MODEL_POLICY,4,0.5581306719996064,17.184
STAGE_MODEL_POLICY,4,0.6085475059990131,11.012
STAGE_MODEL_POLICY,4,0.6596491740001511,16.795
STAGE_MODEL_POLICY,4,0.7107354420004413,16.734
STAGE_MODEL_POLICY,4,0.7613047049999295,16.792
STAGE_MODEL_POLICY,4,0.811683522999374,16.792
STAGE_MODEL_POLICY,4,0.8621783349990437,16.782
STAGE_MODEL_POLICY,4,0.9125224990002607,16.782
STAGE_MODEL_POLICY,4,0.9629214799988404,15.545
STAGE_MODEL_POLICY,4,1.0139151789990137,15.545
STAGE_MODEL_POLICY,4,1.0649197499988077,16.688
STAGE_MODEL_POLICY,4,1.115331678000075,16.688
STAGE_MODEL_POLICY,4,1.1657698639992304,16.788
STAGE_MODEL_POLICY,4,1.216214519999994,18.111
STAGE_MODEL_POLICY,4,1.2712786439988122,18.111
STAGE_MODEL_POLICY,4,1.326294043999951,15.003
STAGE_MODEL_POLICY,4,1.3766591799994785,15.003
STAGE_MODEL_POLICY,4,1.427098190999459,15.211
STAGE_MODEL_POLICY,4,1.4782060399993497,15.211
STAGE_MODEL_POLICY,4,1.529372668999713,16.839
STAGE_MODEL_POLICY,4,1.5798294500000338,16.872
STAGE_MODEL_POLICY,4,1.6302175159999024,16.872
STAGE_MODEL_POLICY,4,1.6806443679997756,16.378
STAGE_MODEL_POLICY,4,1.7310364009990735,16.378
STAGE_MODEL_POLICY,4,1.781472937000217,11.432
STAGE_MODEL_POLICY,4,1.8326322020002408,11.432
STAGE_MODEL_POLICY,4,1.8838063129987859,16.838
STAGE_MODEL_POLICY,4,1.9341742140004499,16.838
STAGE_MODEL_POLICY,4,1.98459360599918,16.853
STAGE_MODEL_POLICY,4,2.0351351219997014,16.146
STAGE_MODEL_POLICY,4,2.085486342999502,16.146
STAGE_MODEL_POLICY,4,2.1359266609997576,10.14
STAGE_MODEL_POLICY,4,2.187316675999682,10.14
STAGE_MODEL_POLICY,4,2.2384870989990304,10.472
STAGE_MODEL_POLICY,4,2.2892025820001436,10.472
STAGE_MODEL_POLICY,4,2.3397784039989347,10.346
STAGE_MODEL_POLICY,4,2.3901935670000967,10.346
STAGE_MODEL_POLICY,4,2.440637865998724,8.82
STAGE_MODEL_POLICY,4,2.4916766789992835,8.82
STAGE_MODEL_POLICY,4,2.54266215700045,10.446
STAGE_MODEL_POLICY,4,2.593104861000029,10.462
STAGE_MODEL_POLICY,4,2.643455035000443,10.462
STAGE_MODEL_POLICY,4,2.6937882660004107,10.404
STAGE_MODEL_POLICY,4,2.7441468599990912,10.404
STAGE_MODEL_POLICY,4,2.79448946499906,10.043
STAGE_MODEL_POLICY,4,2.8448911779996706,10.043
STAGE_MODEL_POLICY,4,2.8951921930001845,10.097
STAGE_MODEL_POLICY,4,2.945526419000089,10.097
STAGE_MODEL_POLICY,4,2.9958729480003967,10.136
STAGE_MODEL_POLICY,4,3.0463017330002913,10.098
STAGE_MODEL_POLICY,4,3.0966246939988196,10.098
STAGE_MODEL_POLICY,4,3.1469442889992933,9.984
STAGE_MODEL_POLICY,4,3.197305593999772,9.984
STAGE_MODEL_POLICY,4,3.2477006609988166,10.026
STAGE_MODEL_POLICY,4,3.2981230659988796,10.026
STAGE_MODEL_POLICY,4,3.3485242930000823,10.051
STAGE_MODEL_POLICY,4,3.3989692279992596,10.051
STAGE_MODEL_POLICY,4,3.449412965999727,10.057
STAGE_MODEL_POLICY,4,3.4998481570000877,10.057
STAGE_MODEL_POLICY,4,3.550226407998707,9.933
STAGE_MODEL_POLICY,4,3.600641541999721,9.911
STAGE_MODEL_POLICY,4,3.6511712139999872,9.911
STAGE_MODEL_POLICY,4,3.701562390999243,9.906
STAGE_MODEL_POLICY,4,3.752102002999891,9.906
STAGE_MODEL_POLICY,4,3.8025108719994023,9.983
STAGE_MODEL_POLICY,4,3.8531153469994024,9.983
STAGE_MODEL_POLICY,4,3.9035514759998478,9.875
STAGE_MODEL_POLICY,4,3.953825077000147,9.875
STAGE_MODEL_POLICY,4,4.004293918998883,9.868
STAGE_MODEL_POLICY,4,4.054703832998712,9.9
STAGE_MODEL_POLICY,4,4.10528134299966,9.9
STAGE_MODEL_POLICY,4,4.155636236999271,9.954
STAGE_MODEL_POLICY,4,4.206030739000198,9.954
STAGE_MODEL_POLICY,4,4.256430553999962,9.851
STAGE_MODEL_POLICY,4,4.306834384999092,9.851
STAGE_MODEL_POLICY,4,4.357215198999256,9.85
STAGE_MODEL_POLICY,4,4.40758418400037,9.85
STAGE_MODEL_POLICY,4,4.458070953998686,9.867
STAGE_MODEL_POLICY,4,4.508530326000255,9.867
STAGE_MODEL_POLICY,4,4.559025398999438,9.928
STAGE_MODEL_POLICY,4,4.609479904998807,9.837
STAGE_MODEL_POLICY,4,4.659920706999401,9.837
STAGE_MODEL_POLICY,4,4.710357050998937,9.847
STAGE_MODEL_POLICY,4,4.760736627998995,9.847
STAGE_MODEL_POLICY,4,4.8112328440001875,9.894
STAGE_MODEL_POLICY,4,4.8616716349988565,9.894
STAGE_MODEL_POLICY,4,4.912174109998887,9.951
STAGE_MODEL_POLICY,4,4.9625782080001954,9.951
STAGE_MODEL_POLICY,4,5.013155511998775,9.884
STAGE_MODEL_POLICY,4,5.063562129000275,9.9
STAGE_MODEL_POLICY,4,5.113895034999587,9.9
STAGE_MODEL_POLICY,4,5.164434573000108,9.962
STAGE_MODEL_POLICY,4,5.214864244999262,9.962
STAGE_MODEL_POLICY,4,5.265252275999956,10.008
STAGE_MODEL_POLICY,4,5.315707282999938,10.008
STAGE_MODEL_POLICY,4,5.366181141998823,9.937
STAGE_MODEL_POLICY,4,5.416532649000146,9.937
STAGE_MODEL_POLICY,4,5.466875922000327,9.951
STAGE_MODEL_POLICY,4,5.521527699998842,10.019
STAGE_MODEL_POLICY,4,5.571888771999511,10.019
STAGE_MODEL_POLICY,4,5.622266034999484,10.067
STAGE_MODEL_POLICY,4,5.672777494999536,10.067
STAGE_MODEL_POLICY,4,5.723113107000245,9.999
STAGE_MODEL_POLICY,4,5.773601557999427,9.999
STAGE_MODEL_POLICY,4,5.823993295000037,10.013
STAGE_MODEL_POLICY,4,5.874474885999007,10.013
STAGE_MODEL_POLICY,4,5.92491809799867,10.085
STAGE_MODEL_POLICY,4,5.975374338999245,10.085
STAGE_MODEL_POLICY,4,6.025808782998865,10.1
STAGE_MODEL_POLICY,4,6.076193372999114,10.026
STAGE_MODEL_POLICY,4,6.126654342999245,10.026
STAGE_MODEL_POLICY,4,6.1771363810003095,10.028
STAGE_MODEL_POLICY,4,6.227441912998984,10.028
STAGE_MODEL_POLICY,4,6.277831202998641,10.096
STAGE_MODEL_POLICY,4,6.3283232519988815,10.096
STAGE_MODEL_POLICY,4,6.378660700998807,10.112
STAGE_MODEL_POLICY,4,6.4290530899997975,10.112
STAGE_MODEL_POLICY,4,6.479445928998757,10.04
STAGE_MODEL_POLICY,4,6.529849930999262,10.035
STAGE_MODEL_POLICY,4,6.580355449999843,10.035
STAGE_MODEL_POLICY,4,6.6307428469990555,10.097
STAGE_MODEL_POLICY,4,6.68115158999899,10.097
STAGE_MODEL_POLICY,4,6.731512757998644,10.061
STAGE_MODEL_POLICY,4,6.782043786999566,10.061
STAGE_MODEL_POLICY,4,6.832615170998906,10.034
STAGE_MODEL_POLICY,4,6.88317457300036,10.034
STAGE_MODEL_POLICY,4,6.933612631999495,10.041
STAGE_MODEL_POLICY,4,6.983957930999168,10.125
STAGE_MODEL_POLICY,4,7.034510604999014,10.125
STAGE_MODEL_POLICY,4,7.084895096999389,10.095
STAGE_MODEL_POLICY,4,7.135297611999704,10.095
STAGE_MODEL_POLICY,4,7.185625326999798,10.066
STAGE_MODEL_POLICY,4,7.236055391998889,10.066
STAGE_MODEL_POLICY,4,7.286434522999116,10.07
STAGE_MODEL_POLICY,4,7.336868001999392,10.07
STAGE_MODEL_POLICY,4,7.387295126000026,10.147
STAGE_MODEL_POLICY,4,7.4377635450000525,10.147
STAGE_MODEL_POLICY,4,7.4882378009988315,10.114
STAGE_MODEL_POLICY,4,7.538811217998955,10.085
STAGE_MODEL_POLICY,4,7.589080693000142,10.085
STAGE_MODEL_POLICY,4,7.639525515000059,10.094
STAGE_MODEL_POLICY,4,7.689868736999415,10.094
STAGE_MODEL_POLICY,4,7.740305248998993,10.177
STAGE_MODEL_POLICY,4,7.79072845599876,10.177
STAGE_MODEL_POLICY,4,7.84122824699989,10.16
STAGE_MODEL_POLICY,4,7.891566054999203,10.16
STAGE_MODEL_POLICY,4,7.942015069000263,10.096
STAGE_MODEL_POLICY,4,7.9924245980000705,10.096
STAGE_MODEL_POLICY,4,8.042863631999353,10.096
STAGE_MODEL_POLICY,4,8.093408405999071,10.182
STAGE_MODEL_POLICY,4,8.143968282998685,10.182
STAGE_MODEL_POLICY,4,8.194452300998819,10.264
STAGE_MODEL_POLICY,4,8.245631342999332,10.264
STAGE_MODEL_POLICY,4,8.296170968998922,10.276
STAGE_MODEL_POLICY,4,8.346626512999137,10.276
STAGE_MODEL_POLICY,4,8.397255670999584,10.289
STAGE_MODEL_POLICY,4,8.447758033000355,10.289
STAGE_MODEL_POLICY,4,8.498302277999755,10.38
STAGE_MODEL_POLICY,4,8.548850223000045,10.38
STAGE_MODEL_POLICY,4,8.599399765000271,10.451
STAGE_MODEL_POLICY,4,8.65016058999936,10.451
STAGE_MODEL_POLICY,4,8.700686096999561,10.456
STAGE_MODEL_POLICY,4,8.75136077299976,10.456
STAGE_MODEL_POLICY,4,8.801987254999403,10.459
STAGE_MODEL_POLICY,4,8.852726248998806,10.459
STAGE_MODEL_POLICY,4,8.903238835999218,10.547
STAGE_MODEL_POLICY,4,8.953789854000206,10.547
STAGE_MODEL_POLICY,4,9.004371211000034,10.609
STAGE_MODEL_POLICY,4,9.054911359999096,10.609
STAGE_MODEL_POLICY,4,9.105682608998904,10.612
STAGE_MODEL_POLICY,4,9.15631107199988,10.612
STAGE_MODEL_POLICY,4,9.20672385800026,10.621
STAGE_MODEL_POLICY,4,9.257221054998809,10.621
STAGE_MODEL_POLICY,4,9.307907739999791,10.613
STAGE_MODEL_POLICY,4,9.358526490999793,10.613
STAGE_MODEL_POLICY,4,9.409081335999872,10.608
STAGE_MODEL_POLICY,4,9.45981268399919,10.608
STAGE_MODEL_POLICY,4,9.51073401999929,10.604
STAGE_MODEL_POLICY,4,9.561661099998673,10.604
STAGE_MODEL_POLICY,4,9.612328866000098,10.604
STAGE_MODEL_POLICY,4,9.662875493999309,10.604
STAGE_MODEL_POLICY,4,9.713457406000089,15.429
STAGE_MODEL_POLICY,4,9.765886581999439,15.429
STAGE_MODEL_POLICY,4,9.821907055000338,10.509
STAGE_MODEL_POLICY,4,9.873500768999293,10.509
STAGE_MODEL_POLICY,4,9.92502451799919,10.341
STAGE_MODEL_POLICY,4,9.975539384999138,10.341
STAGE_MODEL_POLICY,4,10.02605425099864,5.847
STAGE_MODEL_POLICY,4,10.080941172998791,5.847
STAGE_MODEL_POLICY,4,10.132743166999717,9.754
STAGE_MODEL_POLICY,4,10.191476198999226,11.305
STAGE_MODEL_POLICY,4,10.242702724999617,11.305
STAGE_MODEL_POLICY,4,10.29496059200028,10.6
STAGE_MODEL_POLICY,4,10.345712950000234,10.6
STAGE_MODEL_POLICY,4,10.396197661999395,11.346
STAGE_MODEL_POLICY,4,10.448411727998973,9.026
STAGE_MODEL_POLICY,4,10.499899035999988,11.632
STAGE_MODEL_POLICY,4,10.55174273800003,11.632
STAGE_MODEL_POLICY,4,10.603169006999451,10.589
STAGE_MODEL_POLICY,4,10.653742516999046,10.589
STAGE_MODEL_POLICY,4,10.704444418999628,10.555
STAGE_MODEL_POLICY,4,10.755229280999629,10.555
STAGE_MODEL_POLICY,4,10.805876811999042,10.925
STAGE_MODEL_POLICY,4,10.85786965599982,10.925
STAGE_MODEL_POLICY,4,10.909227785999974,10.574
STAGE_MODEL_POLICY,4,10.959613600000012,10.574
STAGE_MODEL_POLICY,4,11.01014779199977,16.6
STAGE_MODEL_POLICY,4,11.061267044999113,16.6
STAGE_MODEL_POLICY,4,11.115483479999966,10.554
STAGE_MODEL_POLICY,4,11.166040698999495,10.554
STAGE_MODEL_POLICY,4,11.216535737999948,10.569
STAGE_MODEL_POLICY,4,11.267437747999793,10.569
STAGE_MODEL_POLICY,4,11.318075649000093,10.573
STAGE_MODEL_POLICY,4,11.368844864999119,10.573
STAGE_MODEL_POLICY,4,11.419468248999692,10.583
STAGE_MODEL_POLICY,4,11.46996198099987,10.583
STAGE_MODEL_POLICY,4,11.520501920998868,11.401
STAGE_MODEL_POLICY,4,11.571786186999816,11.401
STAGE_MODEL_POLICY,4,11.627966026999275,10.604
STAGE_MODEL_POLICY,4,11.682214589998694,10.604
STAGE_MODEL_POLICY,4,11.732658052998886,11.406
STAGE_MODEL_POLICY,4,11.787907875999736,10.611
STAGE_MODEL_POLICY,4,11.838550046999444,10.611
STAGE_MODEL_POLICY,4,11.889303611000287,11.125
STAGE_MODEL_POLICY,4,11.946921169999769,11.125
STAGE_MODEL_POLICY,4,11.998479515999861,10.588
STAGE_MODEL_POLICY,4,12.04914415500025,10.588
STAGE_MODEL_POLICY,4,12.099763823998728,10.602
STAGE_MODEL_POLICY,4,12.150332490999062,10.602
STAGE_MODEL_POLICY,4,12.200984617998984,10.59
STAGE_MODEL_POLICY,4,12.25150668599963,10.59
STAGE_MODEL_POLICY,4,12.302289552999355,10.594
STAGE_MODEL_POLICY,4,12.352792564999618,10.594
STAGE_MODEL_POLICY,4,12.40331127799982,10.591
STAGE_MODEL_POLICY,4,12.454052817000047,10.591
STAGE_MODEL_POLICY,4,12.504896370999631,10.847
STAGE_MODEL_POLICY,4,12.556416528999762,10.847
STAGE_MODEL_POLICY,4,12.608351973000026,10.589
STAGE_MODEL_POLICY,4,12.662232496999422,10.589
STAGE_MODEL_POLICY,4,12.712837830998978,11.639
STAGE_MODEL_POLICY,4,12.766238783999142,11.639
STAGE_MODEL_POLICY,4,12.817543731000114,10.576
STAGE_MODEL_POLICY,4,12.867951164998885,10.576
STAGE_MODEL_POLICY,4,12.918414187999588,11.14
STAGE_MODEL_POLICY,4,12.969672982999327,11.14
STAGE_MODEL_POLICY,4,13.021057607998955,9.899
STAGE_MODEL_POLICY,4,13.071671869998681,9.837
STAGE_MODEL_POLICY,4,13.122054800000114,9.837
STAGE_MODEL_POLICY,4,13.172587220999048,10.584
STAGE_MODEL_POLICY,4,13.224103139998988,10.584
STAGE_MODEL_POLICY,4,13.279827332000423,10.618
STAGE_MODEL_POLICY,4,13.330453743999897,10.618
STAGE_MODEL_POLICY,4,13.380976873999316,10.246
STAGE_MODEL_POLICY,4,13.431371927999862,13.581
STAGE_MODEL_POLICY,4,13.496288095999262,13.581
STAGE_MODEL_POLICY,4,13.553070259000378,10.174
STAGE_MODEL_POLICY,4,13.604136099000243,10.174
STAGE_MODEL_POLICY,4,13.654573039999377,10.365
STAGE_MODEL_POLICY,4,13.705007786000351,10.365
STAGE_MODEL_POLICY,4,13.755431560999568,10.56
STAGE_MODEL_POLICY,4,13.80661722900004,9.71
STAGE_MODEL_POLICY,4,13.859179564000442,9.71
STAGE_MODEL_POLICY,4,13.913051416999224,10.652
STAGE_MODEL_POLICY,4,13.963724753999486,10.652
STAGE_MODEL_POLICY,4,14.014169386999129,10.648
STAGE_MODEL_POLICY,4,14.064648366000256,10.648
STAGE_MODEL_POLICY,4,14.115280723999604,9.924
STAGE_MODEL_POLICY,4,14.166469941999821,9.931
STAGE_MODEL_POLICY,4,14.217866715000127,9.843
STAGE_MODEL_POLICY,4,14.26842280100027,10.086
STAGE_MODEL_POLICY,4,14.320365517998653,10.086
STAGE_MODEL_POLICY,4,14.374727836999227,10.663
STAGE_MODEL_POLICY,4,14.424994641000012,10.663
STAGE_MODEL_POLICY,4,14.475436929000352,10.207
STAGE_MODEL_POLICY,4,14.525808719999986,10.207
STAGE_MODEL_POLICY,4,14.576208968999708,10.12
STAGE_MODEL_POLICY,4,14.62673388499934,5.862
STAGE_MODEL_POLICY,4,14.679438023998955,5.862
STAGE_MODEL_POLICY,4,14.730790415000229,10.331
STAGE_MODEL_POLICY,4,14.781207803000143,10.331
STAGE_MODEL_POLICY,4,14.831537994999962,10.491
STAGE_MODEL_POLICY,4,14.881962952998947,10.491
STAGE_MODEL_POLICY,4,14.932376030999876,9.533
STAGE_MODEL_POLICY,4,14.983529326998905,9.533
STAGE_MODEL_POLICY,4,15.03477728299913,10.379
STAGE_MODEL_POLICY,4,15.085233333998985,10.379
STAGE_MODEL_POLICY,4,15.13580404700042,10.483
STAGE_MODEL_POLICY,4,15.186233645999891,10.104
STAGE_MODEL_POLICY,4,15.242228824999984,10.891
STAGE_MODEL_POLICY,4,15.293624062998788,9.088
STAGE_MODEL_POLICY,4,15.345028794999962,10.88
STAGE_MODEL_POLICY,4,15.396373371999289,10.318
STAGE_MODEL_POLICY,4,15.44749739299914,10.663
STAGE_MODEL_POLICY,4,15.49908558199968,10.765
STAGE_MODEL_POLICY,4,15.55352074700022,9.746
STAGE_MODEL_POLICY,4,15.604037748000337,9.746
STAGE_MODEL_POLICY,4,15.654440299000271,5.918
STAGE_MODEL_POLICY,4,15.705489201998716,5.918
STAGE_MODEL_POLICY,4,15.75675611099905,10.623
STAGE_MODEL_POLICY,4,15.807284632999654,10.623
STAGE_MODEL_POLICY,4,15.857616952998796,6.092
STAGE_MODEL_POLICY,4,15.908986423999522,9.94
STAGE_MODEL_POLICY,4,15.959454993999316,9.94
STAGE_MODEL_POLICY,4,16.010072929999296,9.654
STAGE_MODEL_POLICY,4,16.062132553999618,9.654
STAGE_MODEL_POLICY,4,16.114116276999994,10.576
STAGE_MODEL_POLICY,4,16.16459396800019,10.576
STAGE_MODEL_POLICY,4,16.215062175999265,10.426
STAGE_MODEL_POLICY,4,16.266131013999257,10.426
STAGE_MODEL_POLICY,4,16.31725983599972,9.746
STAGE_MODEL_POLICY,4,16.370124774999567,8.641
STAGE_MODEL_POLICY,4,16.42157285400026,8.641
STAGE_MODEL_POLICY,4,16.472674728998754,10.599
STAGE_MODEL_POLICY,4,16.523055139999997,10.599
STAGE_MODEL_POLICY,4,16.573604055998658,10.568
STAGE_MODEL_POLICY,4,16.624251870998705,10.568
STAGE_MODEL_POLICY,4,16.67758973799937,8.143
STAGE_MODEL_POLICY,4,16.72861718799868,8.143
STAGE_MODEL_POLICY,4,16.77995417099919,10.001
STAGE_MODEL_POLICY,4,16.83038178499919,5.945
STAGE_MODEL_POLICY,4,16.881413211998733,5.945
STAGE_MODEL_POLICY,4,16.933174706999125,10.339
STAGE_MODEL_POLICY,4,16.98366557999907,10.339
STAGE_MODEL_POLICY,4,17.034282202999748,10.212
STAGE_MODEL_POLICY,4,17.0848048609987,10.212
STAGE_MODEL_POLICY,4,17.135222805000012,9.297
STAGE_MODEL_POLICY,4,17.187478849999025,9.297
STAGE_MODEL_POLICY,4,17.241821847999745,10.507
STAGE_MODEL_POLICY,4,17.292335897000157,10.207
STAGE_MODEL_POLICY,4,17.345982767999885,10.207
STAGE_MODEL_POLICY,4,17.400557517999914,9.376
STAGE_MODEL_POLICY,4,17.451229856000282,9.376
STAGE_MODEL_POLICY,4,17.50159815099869,9.747
STAGE_MODEL_POLICY,4,17.55220738800017,9.747
STAGE_MODEL_POLICY,4,17.602795343000253,9.58
STAGE_MODEL_POLICY,4,17.65473423000003,10.577
STAGE_MODEL_POLICY,4,17.705292761000237,10.577
STAGE_MODEL_POLICY,4,17.75576351899872,8.225
STAGE_MODEL_POLICY,4,17.81252518600013,8.225
STAGE_MODEL_POLICY,4,17.867295709000246,9.781
STAGE_MODEL_POLICY,4,17.91799963199992,9.781
STAGE_MODEL_POLICY,4,17.968438693998905,8.372
STAGE_MODEL_POLICY,4,18.019741248999708,10.573
STAGE_MODEL_POLICY,4,18.070176733999688,10.573
STAGE_MODEL_POLICY,4,18.120773863000068,10.079
STAGE_MODEL_POLICY,4,18.171148573999744,10.079
STAGE_MODEL_POLICY,4,18.221565277999616,10.058
STAGE_MODEL_POLICY,4,18.28796002799936,10.058
STAGE_MODEL_POLICY,4,18.33841448899875,12.584
STAGE_MODEL_POLICY,4,18.392135173999122,10.285
STAGE_MODEL_POLICY,4,18.448404295999353,10.226
STAGE_MODEL_POLICY,4,18.49943210299898,9.178
STAGE_MODEL_POLICY,4,18.55095668099966,11.164
STAGE_MODEL_POLICY,4,18.605767827999443,9.501
STAGE_MODEL_POLICY,4,18.66006531899984,9.104
STAGE_MODEL_POLICY,4,18.71525215099973,9.104
STAGE_MODEL_POLICY,4,18.76687494500038,10.507
STAGE_MODEL_POLICY,4,18.817399370998828,10.507
STAGE_MODEL_POLICY,4,18.867796991000432,10.249
STAGE_MODEL_POLICY,4,18.918279821000397,10.249
STAGE_MODEL_POLICY,4,18.968798727999456,10.502
STAGE_MODEL_POLICY,4,19.020528895000098,10.502
STAGE_MODEL_POLICY,4,19.075479352999537,10.583
STAGE_MODEL_POLICY,4,19.126055336999343,18.61
STAGE_MODEL_POLICY,4,19.182130651999614,18.61
STAGE_MODEL_POLICY,4,19.237709855999128,9.508
STAGE_MODEL_POLICY,4,19.288006431999747,9.508
STAGE_MODEL_POLICY,4,19.338445518998924,9.804
STAGE_MODEL_POLICY,4,19.38889706199916,9.804
STAGE_MODEL_POLICY,4,19.439549803999398,10.8
STAGE_MODEL_POLICY,4,19.49252989999877,10.527
STAGE_MODEL_POLICY,4,19.54303238600005,10.527
STAGE_MODEL_POLICY,4,19.593427492000046,9.974
STAGE_MODEL_POLICY,4,19.643906182000137,9.974
STAGE_MODEL_POLICY,4,19.694479877998674,9.845
STAGE_MODEL_POLICY,4,19.746074089000103,9.845
STAGE_MODEL_POLICY,4,19.798106190999533,10.586
STAGE_MODEL_POLICY,4,19.8486730730001,10.586
STAGE_MODEL_POLICY,4,19.899051349999354,10.549
STAGE_MODEL_POLICY,4,19.94956521200038,10.152
STAGE_MODEL_POLICY,4,19.999901352999586,10.152
STAGE_MODEL_POLICY,4,20.050280757999644,8.908
STAGE_MODEL_POLICY,4,20.104839235998952,8.908
STAGE_MODEL_POLICY,4,20.157554377999986,10.791
STAGE_MODEL_POLICY,4,20.207891433999976,10.791
STAGE_MODEL_POLICY,4,20.25818515699939,10.537
STAGE_MODEL_POLICY,4,20.308766455000296,15.099
STAGE_MODEL_POLICY,4,20.371128720000343,15.099
STAGE_MODEL_POLICY,4,20.422098985998673,9.387
STAGE_MODEL_POLICY,4,20.47265147500002,9.387
STAGE_MODEL_POLICY,4,20.52743852799904,10.016
STAGE_MODEL_POLICY,4,20.578829407999365,10.016
STAGE_MODEL_POLICY,4,20.629285549999622,10.241
STAGE_MODEL_POLICY,4,20.68436241999916,10.374
STAGE_MODEL_POLICY,4,20.736525602000256,10.374
STAGE_MODEL_POLICY,4,20.789735715999996,10.106
STAGE_MODEL_POLICY,4,20.84029771799942,10.106
STAGE_MODEL_POLICY,4,20.890679568999985,11.069
STAGE_MODEL_POLICY,4,20.94182270300007,11.069
STAGE_MODEL_POLICY,4,20.9928782829993,10.558
STAGE_MODEL_POLICY,4,21.043483649000336,10.427
STAGE_MODEL_POLICY,4,21.097591887999442,10.427
STAGE_MODEL_POLICY,4,21.151621159999195,10.201
STAGE_MODEL_POLICY,4,21.202060424999218,10.201
STAGE_MODEL_POLICY,4,21.25247945099909,10.393
STAGE_MODEL_POLICY,4,21.302870808998705,10.393
STAGE_MODEL_POLICY,4,21.360254111999893,18.934
STAGE_MODEL_POLICY,4,21.411372561999087,9.674
STAGE_MODEL_POLICY,4,21.46258744700026,9.674
STAGE_MODEL_POLICY,4,21.515058574999784,10.161
STAGE_MODEL_POLICY,4,21.565523470999324,10.161
STAGE_MODEL_POLICY,4,21.61595767399922,10.348
STAGE_MODEL_POLICY,4,21.66647939199902,10.348
STAGE_MODEL_POLICY,4,21.717047355999966,10.439
STAGE_MODEL_POLICY,4,21.767489371999545,10.439
STAGE_MODEL_POLICY,4,21.818050631000006,10.49
STAGE_MODEL_POLICY,4,21.873927122998793,10.197
STAGE_MODEL_POLICY,4,21.9242581769995,10.197
STAGE_MODEL_POLICY,4,21.974681497000347,10.427
STAGE_MODEL_POLICY,4,22.025059915000384,10.427
STAGE_MODEL_POLICY,4,22.075576880999506,12.624
STAGE_MODEL_POLICY,4,22.12707600899921,12.624
STAGE_MODEL_POLICY,4,22.18102589499904,9.438
STAGE_MODEL_POLICY,4,22.23149507800008,9.822
STAGE_MODEL_POLICY,4,22.28203340499931,9.822
STAGE_MODEL_POLICY,4,22.33255453200036,10.075
STAGE_MODEL_POLICY,4,22.38310649199957,10.075
STAGE_MODEL_POLICY,4,22.43356841899913,10.202
STAGE_MODEL_POLICY,4,22.484066861999963,10.202
STAGE_MODEL_POLICY,4,22.534508434999225,10.042
STAGE_MODEL_POLICY,4,22.585199223000018,10.042
STAGE_MODEL_POLICY,4,22.635567504999926,10.064
STAGE_MODEL_POLICY,4,22.68612916299935,10.064
STAGE_MODEL_POLICY,4,22.73667510099949,10.136
STAGE_MODEL_POLICY,4,22.787232594999296,10.191
STAGE_MODEL_POLICY,4,22.837672517998726,10.191
STAGE_MODEL_POLICY,4,22.88810446699972,10.109
STAGE_MODEL_POLICY,4,22.938585247000447,10.109
STAGE_MODEL_POLICY,4,22.989132922999488,10.12
STAGE_MODEL_POLICY,4,23.03949811199891,10.12
STAGE_MODEL_POLICY,4,23.089844037998773,10.167
STAGE_MODEL_POLICY,4,23.140264575999026,10.167
STAGE_MODEL_POLICY,4,23.190630189999865,10.279
STAGE_MODEL_POLICY,4,23.241133427000022,10.158
STAGE_MODEL_POLICY,4,23.291576088999136,10.158
STAGE_MODEL_POLICY,4,23.34216965199994,10.173
STAGE_MODEL_POLICY,4,23.39260075799939,10.173
STAGE_MODEL_POLICY,4,23.44314241400025,10.184
STAGE_MODEL_POLICY,4,23.493686488000094,10.184
STAGE_MODEL_POLICY,4,23.54417099499915,10.313
STAGE_MODEL_POLICY,4,23.594728334999672,10.313
STAGE_MODEL_POLICY,4,23.64527999799975,10.205
STAGE_MODEL_POLICY,4,23.69570021399886,10.205
STAGE_MODEL_POLICY,4,23.746224511998662,10.214
STAGE_MODEL_POLICY,4,23.796650378999402,10.218
STAGE_MODEL_POLICY,4,23.847262158999,10.218
STAGE_MODEL_POLICY,4,23.89774211099939,10.327
STAGE_MODEL_POLICY,4,23.948199686999942,10.327
STAGE_MODEL_POLICY,4,23.998515948000204,10.207
STAGE_MODEL_POLICY,4,24.04890952599999,10.207
STAGE_MODEL_POLICY,4,24.099243500999364,10.223
STAGE_MODEL_POLICY,4,24.14962548099902,10.223
STAGE_MODEL_POLICY,4,24.199933459998647,10.228
STAGE_MODEL_POLICY,4,24.25019573099962,10.99
STAGE_MODEL_POLICY,4,24.300626651998755,10.99
STAGE_MODEL_POLICY,4,24.35181882699908,11.618
STAGE_MODEL_POLICY,4,24.402249528999164,11.618
STAGE_MODEL_POLICY,4,24.452643698999964,12.158
STAGE_MODEL_POLICY,4,24.50323012700028,12.158
STAGE_MODEL_POLICY,4,24.55364206000013,12.808
STAGE_MODEL_POLICY,4,24.604026053999405,12.808
STAGE_MODEL_POLICY,4,24.654310227999304,13.557
STAGE_MODEL_POLICY,4,24.704676789999212,13.557
STAGE_MODEL_POLICY,4,24.755050159999882,14.18
STAGE_MODEL_POLICY,4,24.80546581499948,14.669
STAGE_MODEL_POLICY,4,24.85577745699993,14.669
STAGE_MODEL_POLICY,4,24.906140548999247,15.301
STAGE_MODEL_POLICY,4,24.95647051299966,15.301
STAGE_MODEL_POLICY,4,25.0069425519996,16.063
STAGE_MODEL_POLICY,4,25.05730480999955,16.063
STAGE_MODEL_POLICY,4,25.10771991799993,16.67
STAGE_MODEL_POLICY,4,25.158014141999956,16.67
STAGE_MODEL_POLICY,4,25.208353788999375,17.14
STAGE_MODEL_POLICY,4,25.25864133899995,17.133
STAGE_MODEL_POLICY,4,25.309016279999923,17.133
STAGE_MODEL_POLICY,4,25.35930069099959,17.168
STAGE_MODEL_POLICY,4,25.4096628770003,17.168
STAGE_MODEL_POLICY,4,25.459998897000332,17.215
STAGE_MODEL_POLICY,4,25.510378462999142,17.215
STAGE_MODEL_POLICY,4,25.560740668999642,17.05
STAGE_MODEL_POLICY,4,25.611192289999963,17.05
STAGE_MODEL_POLICY,4,25.66159582199907,17.043
STAGE_MODEL_POLICY,4,25.71192461099963,17.043
STAGE_MODEL_POLICY,4,25.762256994999916,17.084
STAGE_MODEL_POLICY,4,25.812732759999562,17.138
STAGE_MODEL_POLICY,4,25.863206375999653,17.138
STAGE_MODEL_POLICY,4,25.91372334999869,17.092
STAGE_MODEL_POLICY,4,25.96409914799915,17.092
STAGE_MODEL_POLICY,4,26.014503833999697,17.113
STAGE_MODEL_POLICY,4,26.064917155999865,17.113
STAGE_MODEL_POLICY,4,26.115385880999384,17.192
STAGE_MODEL_POLICY,4,26.165846476000297,17.192
STAGE_MODEL_POLICY,4,26.216313396998885,17.439
STAGE_MODEL_POLICY,4,26.266820204000396,17.41
STAGE_MODEL_POLICY,4,26.317213588999948,17.41
STAGE_MODEL_POLICY,4,26.367638391999208,17.443
STAGE_MODEL_POLICY,4,26.418030269000155,17.443
STAGE_MODEL_POLICY,4,26.468353166999805,17.56
STAGE_MODEL_POLICY,4,26.518738721999398,17.56
STAGE_MODEL_POLICY,4,26.569163148998996,17.727
STAGE_MODEL_POLICY,4,26.61943632600014,17.727
STAGE_MODEL_POLICY,4,26.669768990999728,17.788
STAGE_MODEL_POLICY,4,26.720144570999764,17.788
STAGE_MODEL_POLICY,4,26.770539107999866,18.015
STAGE_MODEL_POLICY,4,26.821015346999047,18.34
STAGE_MODEL_POLICY,4,26.871380894999675,18.34
STAGE_MODEL_POLICY,4,26.921708873998796,18.582
STAGE_MODEL_POLICY,4,26.972045794000223,18.582
STAGE_MODEL_POLICY,4,27.022306655999273,18.947
STAGE_MODEL_POLICY,4,27.072693980999247,18.947
STAGE_MODEL_POLICY,4,27.122975055999632,19.479
STAGE_MODEL_POLICY,4,27.17328563999945,19.479
STAGE_MODEL_POLICY,4,27.22361838299912,19.971
STAGE_MODEL_POLICY,4,27.2740469929995,20.685
STAGE_MODEL_POLICY,4,27.324393464999957,20.685
STAGE_MODEL_POLICY,4,27.374786844999107,21.277
STAGE_MODEL_POLICY,4,27.425273296999876,21.277
STAGE_MODEL_POLICY,4,27.47589929499918,21.945
STAGE_MODEL_POLICY,4,27.526229405999402,21.945
STAGE_MODEL_POLICY,4,27.57652591799888,22.688
STAGE_MODEL_POLICY,4,27.626859825999418,22.688
STAGE_MODEL_POLICY,4,27.677230961999157,23.301
STAGE_MODEL_POLICY,4,27.727499290000196,23.301
STAGE_MODEL_POLICY,4,27.777808589000415,23.648
STAGE_MODEL_POLICY,4,27.828133840999726,24.052
STAGE_MODEL_POLICY,4,27.878555733999747,24.052
STAGE_MODEL_POLICY,4,27.92888761500035,24.84
STAGE_MODEL_POLICY,4,27.979311818999122,24.84
STAGE_MODEL_POLICY,4,28.029772202999084,25.283
STAGE_MODEL_POLICY,4,28.08011403599994,25.283
STAGE_MODEL_POLICY,4,28.13055179500043,25.742
STAGE_MODEL_POLICY,4,28.180902486999912,25.742
STAGE_MODEL_POLICY,4,28.23119899499943,26.076
STAGE_MODEL_POLICY,4,28.28154797299976,26.522
STAGE_MODEL_POLICY,4,28.331870480998987,26.522
STAGE_MODEL_POLICY,4,28.38231885299865,26.864
STAGE_MODEL_POLICY,4,28.432624736000434,26.864
STAGE_MODEL_POLICY,4,28.48297531499884,27.257
STAGE_MODEL_POLICY,4,28.533326099999613,27.257
STAGE_MODEL_POLICY,4,28.583732269999018,27.656
STAGE_MODEL_POLICY,4,28.634121521999987,27.656
STAGE_MODEL_POLICY,4,28.684457669998665,28.193
STAGE_MODEL_POLICY,4,28.734818973000074,28.193
STAGE_MODEL_POLICY,4,28.785189360000004,28.809
STAGE_MODEL_POLICY,4,28.83549750599923,29.383
STAGE_MODEL_POLICY,4,28.88586652899903,29.383
STAGE_MODEL_POLICY,4,28.936460034999982,29.738
STAGE_MODEL_POLICY,4,28.986908761999075,29.738
STAGE_MODEL_POLICY,4,29.037324171000364,29.713
STAGE_MODEL_POLICY,4,29.087654840999676,29.713
STAGE_MODEL_POLICY,4,29.13799008099886,29.491
STAGE_MODEL_POLICY,4,29.188372200998856,29.491
STAGE_MODEL_POLICY,4,29.238870928000324,29.472
STAGE_MODEL_POLICY,4,29.289353746000415,29.178
STAGE_MODEL_POLICY,4,29.33969904100013,29.178
STAGE_MODEL_POLICY,4,29.390079648999745,29.279
STAGE_MODEL_POLICY,4,29.440583014000367,29.279
STAGE_MODEL_POLICY,4,29.49091546999989,28.93
STAGE_MODEL_POLICY,4,29.541237343999455,28.93
STAGE_MODEL_POLICY,4,29.59156533299938,28.736
STAGE_MODEL_POLICY,4,29.641942967999057,28.736
STAGE_MODEL_POLICY,4,29.6922835080004,28.668
STAGE_MODEL_POLICY,4,29.742717814999196,28.668
STAGE_MODEL_POLICY,4,29.793189993999476,28.443
STAGE_MODEL_POLICY,4,29.843616299000132,28.334
STAGE_MODEL_POLICY,4,29.893908142999862,28.334
STAGE_MODEL_POLICY,4,29.9441784849987,28.309
STAGE_MODEL_POLICY,4,29.99447714999951,28.309
STAGE_FULL_PIPELINE,4,0.0012972639997315127,28.421
STAGE_FULL_PIPELINE,4,0.051669681999555905,28.421
STAGE_FULL_PIPELINE,4,0.10202035400106979,28.217
STAGE_FULL_PIPELINE,4,0.15250783500050602,28.217
STAGE_FULL_PIPELINE,4,0.20279478100019332,28.565
STAGE_FULL_PIPELINE,4,0.25314832600088266,29.09
STAGE_FULL_PIPELINE,4,0.3034445989997039,29.09
STAGE_FULL_PIPELINE,4,0.3538653180003166,29.261
STAGE_FULL_PIPELINE,4,0.40423378400009824,29.261
STAGE_FULL_PIPELINE,4,0.4546608060009021,29.132
STAGE_FULL_PIPELINE,4,0.5050421630003257,29.132
STAGE_FULL_PIPELINE,4,0.5554832230009197,28.731
STAGE_FULL_PIPELINE,4,0.6057693980001204,28.731
STAGE_FULL_PIPELINE,4,0.6560322639998049,28.142
STAGE_FULL_PIPELINE,4,0.7063327760006359,28.142
STAGE_FULL_PIPELINE,4,0.7566436990000511,27.725
STAGE_FULL_PIPELINE,4,0.8069712540000182,26.93
STAGE_FULL_PIPELINE,4,0.8572885419998784,26.93
STAGE_FULL_PIPELINE,4,0.9076494230012031,26.166
STAGE_FULL_PIPELINE,4,0.9580287320004572,26.166
STAGE_FULL_PIPELINE,4,1.008413505000135,25.799
STAGE_FULL_PIPELINE,4,1.0588688910011115,25.799
STAGE_FULL_PIPELINE,4,1.1092946980006673,25.751
STAGE_FULL_PIPELINE,4,1.1596021019995533,25.751
STAGE_FULL_PIPELINE,4,1.2099108689999412,24.821
STAGE_FULL_PIPELINE,4,1.2601987190009822,23.978
STAGE_FULL_PIPELINE,4,1.3105026970006293,23.978
STAGE_FULL_PIPELINE,4,1.3607856449998508,23.313
STAGE_FULL_PIPELINE,4,1.4110812489998352,23.313
STAGE_FULL_PIPELINE,4,1.4613900250005827,23.211
STAGE_FULL_PIPELINE,4,1.5116991260001669,23.211
STAGE_FULL_PIPELINE,4,1.562038415000643,22.95
STAGE_FULL_PIPELINE,4,1.6124533610000071,22.95
STAGE_FULL_PIPELINE,4,1.6628438959996856,22.294
STAGE_FULL_PIPELINE,4,1.7132437069994921,22.294
STAGE_FULL_PIPELINE,4,1.7635476970008312,21.397
STAGE_FULL_PIPELINE,4,1.8139241629996832,20.718
STAGE_FULL_PIPELINE,4,1.8642891960007546,20.718
STAGE_FULL_PIPELINE,4,1.914815031001126,19.65
STAGE_FULL_PIPELINE,4,1.965210948999811,19.65
STAGE_FULL_PIPELINE,4,2.015609117001077,19.041
STAGE_FULL_PIPELINE,4,2.0659335000000283,19.041
STAGE_FULL_PIPELINE,4,2.116346644001169,18.47
STAGE_FULL_PIPELINE,4,2.166855241999656,18.47
STAGE_FULL_PIPELINE,4,2.2173393730008684,18.357
STAGE_FULL_PIPELINE,4,2.2679251709996606,18.108
STAGE_FULL_PIPELINE,4,2.3182419240001764,18.108
STAGE_FULL_PIPELINE,4,2.368570679000186,18.044
STAGE_FULL_PIPELINE,4,2.4189003179999418,18.044
STAGE_FULL_PIPELINE,4,2.4692601959995955,18.07
STAGE_FULL_PIPELINE,4,2.519557801000701,18.07
STAGE_FULL_PIPELINE,4,2.569837502000155,18.481
STAGE_FULL_PIPELINE,4,2.620114391000243,18.481
STAGE_FULL_PIPELINE,4,2.670446587000697,19.272
STAGE_FULL_PIPELINE,4,2.720968558000095,19.272
STAGE_FULL_PIPELINE,4,2.771422158999485,20.528
STAGE_FULL_PIPELINE,4,2.8218702060003125,21.846
STAGE_FULL_PIPELINE,4,2.872309854999912,21.846
STAGE_FULL_PIPELINE,4,2.922631638999519,23.184
STAGE_FULL_PIPELINE,4,2.9730055809995974,23.184
STAGE_FULL_PIPELINE,4,3.0232704660011223,24.123
STAGE_FULL_PIPELINE,4,3.073601009000413,24.123
STAGE_FULL_PIPELINE,4,3.1239274279996607,25.269
STAGE_FULL_PIPELINE,4,3.1742183059996023,25.269
STAGE_FULL_PIPELINE,4,3.2246077060008247,26.207
STAGE_FULL_PIPELINE,4,3.2749643290007953,27.31
STAGE_FULL_PIPELINE,4,3.3255616099995677,27.31
STAGE_FULL_PIPELINE,4,3.375948001001234,28.137
STAGE_FULL_PIPELINE,4,3.426388935000432,28.137
STAGE_FULL_PIPELINE,4,3.4767553390011017,29.045
STAGE_FULL_PIPELINE,4,3.5271639460006554,29.045
STAGE_FULL_PIPELINE,4,3.5775259679994633,29.841
STAGE_FULL_PIPELINE,4,3.6279199060008978,29.841
STAGE_FULL_PIPELINE,4,3.678259619000528,30.761
STAGE_FULL_PIPELINE,4,3.7286593620010535,30.761
STAGE_FULL_PIPELINE,4,3.7790781639996567,31.256
STAGE_FULL_PIPELINE,4,3.8293469380005263,31.983
STAGE_FULL_PIPELINE,4,3.879736123000839,31.983
STAGE_FULL_PIPELINE,4,3.9302385600003618,32.836
STAGE_FULL_PIPELINE,4,3.9806809550009348,32.836
STAGE_FULL_PIPELINE,4,4.03107319099945,33.623
STAGE_FULL_PIPELINE,4,4.0815125339995575,33.623
STAGE_FULL_PIPELINE,4,4.131846988000689,34.383
STAGE_FULL_PIPELINE,4,4.182177058000889,34.383
STAGE_FULL_PIPELINE,4,4.232512287000645,35.103
STAGE_FULL_PIPELINE,4,4.282871298999453,35.589
STAGE_FULL_PIPELINE,4,4.3332936219994735,35.589
STAGE_FULL_PIPELINE,4,4.383664230001159,36.106
STAGE_FULL_PIPELINE,4,4.43398470899956,36.106
STAGE_FULL_PIPELINE,4,4.484375234000254,36.472
STAGE_FULL_PIPELINE,4,4.534696475000601,36.472
STAGE_FULL_PIPELINE,4,4.58509402799973,36.82
STAGE_FULL_PIPELINE,4,4.635735832000137,36.82
STAGE_FULL_PIPELINE,4,4.686278195000341,37.133
STAGE_FULL_PIPELINE,4,4.736569691000113,37.133
STAGE_FULL_PIPELINE,4,4.786864842000796,37.588
STAGE_FULL_PIPELINE,4,4.837207390000913,37.618
STAGE_FULL_PIPELINE,4,4.887512209999841,37.618
STAGE_FULL_PIPELINE,4,4.937877919001039,37.863
STAGE_FULL_PIPELINE,4,4.988183302000834,37.863
STAGE_FULL_PIPELINE,4,5.038562988000194,37.468
STAGE_FULL_PIPELINE,4,5.088967911000509,37.468
STAGE_FULL_PIPELINE,4,5.139416453999729,36.475
STAGE_FULL_PIPELINE,4,5.189926390999972,36.475
STAGE_FULL_PIPELINE,4,5.240351575001114,35.245
STAGE_FULL_PIPELINE,4,5.290735738999501,34.258
STAGE_FULL_PIPELINE,4,5.341021541000373,34.258
STAGE_FULL_PIPELINE,4,5.391331607999746,33.324
STAGE_FULL_PIPELINE,4,5.441623721000724,33.324
STAGE_FULL_PIPELINE,4,5.491989562000526,32.353
STAGE_FULL_PIPELINE,4,5.5422993499996664,32.353
STAGE_FULL_PIPELINE,4,5.592605326999546,31.101
STAGE_FULL_PIPELINE,4,5.642891071000122,31.101
STAGE_FULL_PIPELINE,4,5.69325870800094,30.061
STAGE_FULL_PIPELINE,4,5.743685764000475,30.061
STAGE_FULL_PIPELINE,4,5.7941773750008,29.095
STAGE_FULL_PIPELINE,4,5.844534814001236,28.277
STAGE_FULL_PIPELINE,4,5.894823856000585,28.277
STAGE_FULL_PIPELINE,4,5.945247196001219,26.983
STAGE_FULL_PIPELINE,4,6.000312725000185,26.983
STAGE_FULL_PIPELINE,4,6.0515350900004705,26.603
STAGE_FULL_PIPELINE,4,6.101831834999757,26.603
STAGE_FULL_PIPELINE,4,6.152198240999496,26.597
STAGE_FULL_PIPELINE,4,6.2026128840007,26.597
STAGE_FULL_PIPELINE,4,6.253201937000995,26.839
STAGE_FULL_PIPELINE,4,6.303729596000267,26.589
STAGE_FULL_PIPELINE,4,6.354112844001065,26.589
STAGE_FULL_PIPELINE,4,6.404458887000146,25.674
STAGE_FULL_PIPELINE,4,6.454774448000535,25.674
STAGE_FULL_PIPELINE,4,6.505398023000453,24.448
STAGE_FULL_PIPELINE,4,6.555807913000535,24.448
STAGE_FULL_PIPELINE,4,6.606107665000309,23.605
STAGE_FULL_PIPELINE,4,6.6564835799999855,23.605
STAGE_FULL_PIPELINE,4,6.706879028999538,22.584
STAGE_FULL_PIPELINE,4,6.75717903900113,21.774
STAGE_FULL_PIPELINE,4,6.807564263999666,21.774
STAGE_FULL_PIPELINE,4,6.858034979999502,20.934
STAGE_FULL_PIPELINE,4,6.9085018770001625,20.934
STAGE_FULL_PIPELINE,4,6.9589562580003985,20.724
STAGE_FULL_PIPELINE,4,7.009334403999674,20.724
STAGE_FULL_PIPELINE,4,7.059609379000904,20.305
STAGE_FULL_PIPELINE,4,7.109930111000722,20.305
STAGE_FULL_PIPELINE,4,7.160250323000582,20.068
STAGE_FULL_PIPELINE,4,7.210575151000739,20.068
STAGE_FULL_PIPELINE,4,7.2609185420005815,19.827
STAGE_FULL_PIPELINE,4,7.311287751999771,20.093
STAGE_FULL_PIPELINE,4,7.361678933000803,20.093
STAGE_FULL_PIPELINE,4,7.412197280000328,20.99
STAGE_FULL_PIPELINE,4,7.462728632001017,20.99
STAGE_FULL_PIPELINE,4,7.51320285499969,22.401
STAGE_FULL_PIPELINE,4,7.5636377170012565,22.401
STAGE_FULL_PIPELINE,4,7.614141043000927,23.799
STAGE_FULL_PIPELINE,4,7.664475415000197,23.799
STAGE_FULL_PIPELINE,4,7.7147637990001385,24.909
STAGE_FULL_PIPELINE,4,7.765102475001186,25.71
STAGE_FULL_PIPELINE,4,7.815849878001245,25.71
STAGE_FULL_PIPELINE,4,7.866224626000985,26.726
STAGE_FULL_PIPELINE,4,7.916550214000381,26.726
STAGE_FULL_PIPELINE,4,7.966886346001047,27.553
STAGE_FULL_PIPELINE,4,8.017252616000405,27.553
STAGE_FULL_PIPELINE,4,8.067602233000798,28.113
STAGE_FULL_PIPELINE,4,8.11801391500012,28.113
STAGE_FULL_PIPELINE,4,8.16848614400078,28.706
STAGE_FULL_PIPELINE,4,8.218912256001204,28.706
STAGE_FULL_PIPELINE,4,8.269226735001212,29.296
STAGE_FULL_PIPELINE,4,8.319623147999664,29.564
STAGE_FULL_PIPELINE,4,8.370120266999947,29.564
STAGE_FULL_PIPELINE,4,8.420482405001167,29.872
STAGE_FULL_PIPELINE,4,8.470950625000114,29.872
STAGE_FULL_PIPELINE,4,8.52138122100041,29.943
STAGE_FULL_PIPELINE,4,8.571769763000702,29.943
STAGE_FULL_PIPELINE,4,8.622110753000015,30.149
STAGE_FULL_PIPELINE,4,8.672503447000054,30.149
STAGE_FULL_PIPELINE,4,8.72284337200108,30.357
STAGE_FULL_PIPELINE,4,8.773221792000186,30.759
STAGE_FULL_PIPELINE,4,8.823691777999557,30.759
STAGE_FULL_PIPELINE,4,8.874037198000224,30.747
STAGE_FULL_PIPELINE,4,8.924374592999811,30.747
STAGE_FULL_PIPELINE,4,8.974706080000033,30.854
STAGE_FULL_PIPELINE,4,9.025012121001055,30.854
STAGE_FULL_PIPELINE,4,9.075298959000065,31.297
STAGE_FULL_PIPELINE,4,9.125671945001159,31.297
STAGE_FULL_PIPELINE,4,9.175986435000596,31.728
STAGE_FULL_PIPELINE,4,9.226310555000964,31.728
STAGE_FULL_PIPELINE,4,9.276689947000705,31.985
STAGE_FULL_PIPELINE,4,9.327128386999902,32.616
STAGE_FULL_PIPELINE,4,9.377552940000896,32.616
STAGE_FULL_PIPELINE,4,9.42796676800026,32.972
STAGE_FULL_PIPELINE,4,9.47833171899947,32.972
STAGE_FULL_PIPELINE,4,9.528617493000638,33.53
STAGE_FULL_PIPELINE,4,9.578949382001156,33.53
STAGE_FULL_PIPELINE,4,9.629260077001163,33.442
STAGE_FULL_PIPELINE,4,9.679657783999573,33.442
STAGE_FULL_PIPELINE,4,9.730032274001132,33.498
STAGE_FULL_PIPELINE,4,9.780448638999587,33.498
STAGE_FULL_PIPELINE,4,9.830956384999809,33.627
STAGE_FULL_PIPELINE,4,9.881356021000101,33.793
STAGE_FULL_PIPELINE,4,9.931742087001112,33.793
STAGE_FULL_PIPELINE,4,9.982258381000065,33.689
STAGE_FULL_PIPELINE,4,10.03268565899998,33.689
STAGE_FULL_PIPELINE,4,10.08302561399978,33.823
STAGE_FULL_PIPELINE,4,10.133519603999957,33.823
STAGE_FULL_PIPELINE,4,10.184097634000864,32.938
STAGE_FULL_PIPELINE,4,10.234607431000768,32.938
STAGE_FULL_PIPELINE,4,10.285007454000151,32.022
STAGE_FULL_PIPELINE,4,10.335398896000697,30.942
STAGE_FULL_PIPELINE,4,10.385702352999942,30.942
STAGE_FULL_PIPELINE,4,10.436010055000224,30.166
STAGE_FULL_PIPELINE,4,10.48650148500019,30.166
STAGE_FULL_PIPELINE,4,10.536810724999668,29.226
STAGE_FULL_PIPELINE,4,10.587149127000885,29.226
STAGE_FULL_PIPELINE,4,10.637612562999493,28.628
STAGE_FULL_PIPELINE,4,10.687953033000667,28.628
STAGE_FULL_PIPELINE,4,10.738285483001164,27.968
STAGE_FULL_PIPELINE,4,10.788599436000368,26.661
STAGE_FULL_PIPELINE,4,10.838946863001183,26.661
STAGE_FULL_PIPELINE,4,10.889281436000601,25.303
STAGE_FULL_PIPELINE,4,10.939675641000576,25.303
STAGE_FULL_PIPELINE,4,10.989996237000014,23.77
STAGE_FULL_PIPELINE,4,11.04030262500055,23.77
STAGE_FULL_PIPELINE,4,11.090634424999735,21.902
STAGE_FULL_PIPELINE,4,11.140958862999469,21.902
STAGE_FULL_PIPELINE,4,11.191355664999719,20.86
STAGE_FULL_PIPELINE,4,11.24166051300017,20.86
STAGE_FULL_PIPELINE,4,11.291974318000939,20.033
STAGE_FULL_PIPELINE,4,11.342243442999461,18.912
STAGE_FULL_PIPELINE,4,11.392533890000777,18.912
STAGE_FULL_PIPELINE,4,11.442824677000317,17.783
STAGE_FULL_PIPELINE,4,11.493103984999834,17.783
STAGE_FULL_PIPELINE,4,11.543471168999531,16.701
STAGE_FULL_PIPELINE,4,11.594029648000287,16.701
STAGE_FULL_PIPELINE,4,11.64455021700087,15.782
STAGE_FULL_PIPELINE,4,11.694870904000709,15.782
STAGE_FULL_PIPELINE,4,11.745192895999935,15.074
STAGE_FULL_PIPELINE,4,11.795548410000265,15.074
STAGE_FULL_PIPELINE,4,11.845854164001139,15.048
STAGE_FULL_PIPELINE,4,11.896136367000508,15.401
STAGE_FULL_PIPELINE,4,11.946408485000575,15.401
STAGE_FULL_PIPELINE,4,11.996708782000496,16.092
STAGE_FULL_PIPELINE,4,12.047104356999625,16.092
STAGE_FULL_PIPELINE,4,12.097565449001195,16.802
STAGE_FULL_PIPELINE,4,12.14797112999986,16.802
STAGE_FULL_PIPELINE,4,12.198329040000317,17.909
STAGE_FULL_PIPELINE,4,12.248724311000842,17.909
STAGE_FULL_PIPELINE,4,12.299235201000556,18.967
STAGE_FULL_PIPELINE,4,12.349633687001187,18.967
STAGE_FULL_PIPELINE,4,12.400065592999454,20.052
STAGE_FULL_PIPELINE,4,12.45038496000052,20.052
STAGE_FULL_PIPELINE,4,12.500798924000264,21.754
STAGE_FULL_PIPELINE,4,12.551182674000302,21.754
STAGE_FULL_PIPELINE,4,12.601512631001242,23.27
STAGE_FULL_PIPELINE,4,12.651920489999611,23.27
STAGE_FULL_PIPELINE,4,12.702360776000205,24.854
STAGE_FULL_PIPELINE,4,12.752701163999518,24.854
STAGE_FULL_PIPELINE,4,12.803167615000348,26.229
STAGE_FULL_PIPELINE,4,12.854029637999702,26.229
STAGE_FULL_PIPELINE,4,12.90456894899944,28.006
STAGE_FULL_PIPELINE,4,12.954944999000872,28.006
STAGE_FULL_PIPELINE,4,13.005378066000048,29.677
STAGE_FULL_PIPELINE,4,13.055916510000316,29.677
STAGE_FULL_PIPELINE,4,13.10634895000112,31.305
STAGE_FULL_PIPELINE,4,13.156758258000991,31.305
STAGE_FULL_PIPELINE,4,13.20718243400006,32.86
STAGE_FULL_PIPELINE,4,13.257585122000819,32.86
STAGE_FULL_PIPELINE,4,13.308063001000846,33.977
STAGE_FULL_PIPELINE,4,13.358448136001243,33.977
STAGE_FULL_PIPELINE,4,13.408892143999765,35.151
STAGE_FULL_PIPELINE,4,13.459305137001138,35.151
STAGE_FULL_PIPELINE,4,13.509736837000673,36.375
STAGE_FULL_PIPELINE,4,13.560097617000793,36.375
STAGE_FULL_PIPELINE,4,13.61075846499989,37.066
STAGE_FULL_PIPELINE,4,13.66124192800089,37.066
STAGE_FULL_PIPELINE,4,13.711589253000056,37.874
STAGE_FULL_PIPELINE,4,13.761999233000097,37.874
STAGE_FULL_PIPELINE,4,13.812522127000193,38.619
STAGE_FULL_PIPELINE,4,13.862924806000592,38.619
STAGE_FULL_PIPELINE,4,13.91334680699947,39.417
STAGE_FULL_PIPELINE,4,13.963744692000546,39.417
STAGE_FULL_PIPELINE,4,14.014278721000665,39.545
STAGE_FULL_PIPELINE,4,14.064605761999701,39.545
STAGE_FULL_PIPELINE,4,14.114943542999754,39.904
STAGE_FULL_PIPELINE,4,14.165301803999682,39.904
STAGE_FULL_PIPELINE,4,14.215742750000572,40.004
STAGE_FULL_PIPELINE,4,14.266147219001141,40.004
STAGE_FULL_PIPELINE,4,14.316586835000635,39.845
STAGE_FULL_PIPELINE,4,14.367037157000595,39.845
STAGE_FULL_PIPELINE,4,14.417438258000402,39.955
STAGE_FULL_PIPELINE,4,14.467814765001094,39.955
STAGE_FULL_PIPELINE,4,14.518250948000059,40.17
STAGE_FULL_PIPELINE,4,14.568862236999848,40.17
STAGE_FULL_PIPELINE,4,14.61932689599962,40.243
STAGE_FULL_PIPELINE,4,14.66969576700103,40.243
STAGE_FULL_PIPELINE,4,14.720048287001191,40.146
STAGE_FULL_PIPELINE,4,14.770514244000879,40.146
STAGE_FULL_PIPELINE,4,14.820842180999534,40.085
STAGE_FULL_PIPELINE,4,14.871136619000026,40.085
STAGE_FULL_PIPELINE,4,14.921403239000938,39.961
STAGE_FULL_PIPELINE,4,14.97174207900025,38.973
STAGE_FULL_PIPELINE,4,15.02201722800055,38.973
STAGE_FULL_PIPELINE,4,15.072336612000072,37.943
STAGE_FULL_PIPELINE,4,15.122666774001118,37.943
STAGE_FULL_PIPELINE,4,15.172971154999686,36.648
STAGE_FULL_PIPELINE,4,15.223279703001026,36.648
STAGE_FULL_PIPELINE,4,15.27362722900034,35.466
STAGE_FULL_PIPELINE,4,15.323956693000582,35.466
STAGE_FULL_PIPELINE,4,15.374295450001227,34.292
STAGE_FULL_PIPELINE,4,15.424592691000726,34.292
STAGE_FULL_PIPELINE,4,15.475443366000036,33.143
STAGE_FULL_PIPELINE,4,15.525784434001253,31.905
STAGE_FULL_PIPELINE,4,15.57634339499964,31.905
STAGE_FULL_PIPELINE,4,15.626714396999887,30.853
STAGE_FULL_PIPELINE,4,15.677180841001245,30.853
STAGE_FULL_PIPELINE,4,15.727604441999574,29.591
STAGE_FULL_PIPELINE,4,15.77795264499946,29.591
STAGE_FULL_PIPELINE,4,15.828359205001107,22.304
STAGE_FULL_PIPELINE,4,15.879368117000922,22.304
STAGE_FULL_PIPELINE,4,15.930359100000715,28.215
STAGE_FULL_PIPELINE,4,15.980666674000531,28.081
STAGE_FULL_PIPELINE,4,16.03097994500058,28.081
STAGE_FULL_PIPELINE,4,16.081269931999486,26.445
STAGE_FULL_PIPELINE,4,16.132657236999876,26.445
STAGE_FULL_PIPELINE,4,16.183793633999812,15.488
STAGE_FULL_PIPELINE,4,16.234171739000885,15.488
STAGE_FULL_PIPELINE,4,16.28451234000022,16.292
STAGE_FULL_PIPELINE,4,16.33543562200066,16.292
STAGE_FULL_PIPELINE,4,16.38875957900018,14.312
STAGE_FULL_PIPELINE,4,16.439725231999546,13.462
STAGE_FULL_PIPELINE,4,16.490205264000906,13.462
STAGE_FULL_PIPELINE,4,16.543951809000646,15.921
STAGE_FULL_PIPELINE,4,16.594914086001154,18.318
STAGE_FULL_PIPELINE,4,16.64622627300014,21.929
STAGE_FULL_PIPELINE,4,16.697259070000655,21.929
STAGE_FULL_PIPELINE,4,16.748393203000887,20.199
STAGE_FULL_PIPELINE,4,16.798731214001236,20.199
STAGE_FULL_PIPELINE,4,16.84911213400119,20.216
STAGE_FULL_PIPELINE,4,16.89949521699964,23.892
STAGE_FULL_PIPELINE,4,16.950642781999704,23.892
STAGE_FULL_PIPELINE,4,17.001656160000493,23.658
STAGE_FULL_PIPELINE,4,17.052019356000528,23.658
STAGE_FULL_PIPELINE,4,17.10244985999998,23.625
STAGE_FULL_PIPELINE,4,17.152911299999687,23.625
STAGE_FULL_PIPELINE,4,17.203231063000203,23.781
STAGE_FULL_PIPELINE,4,17.25369712900101,23.781
STAGE_FULL_PIPELINE,4,17.304057670000475,24.161
STAGE_FULL_PIPELINE,4,17.35436206200029,24.333
STAGE_FULL_PIPELINE,4,17.404699397000513,24.333
STAGE_FULL_PIPELINE,4,17.45497565400001,25.045
STAGE_FULL_PIPELINE,4,17.505421264000688,25.045
STAGE_FULL_PIPELINE,4,17.555867776000014,25.492
STAGE_FULL_PIPELINE,4,17.60619283199958,25.492
STAGE_FULL_PIPELINE,4,17.656563100999847,26.165
STAGE_FULL_PIPELINE,4,17.706890330000533,26.165
STAGE_FULL_PIPELINE,4,17.75722641200082,26.892
STAGE_FULL_PIPELINE,4,17.807618283999545,26.892
STAGE_FULL_PIPELINE,4,17.857983236999644,27.538
STAGE_FULL_PIPELINE,4,17.90837425599966,27.849
STAGE_FULL_PIPELINE,4,17.958722905001196,27.849
STAGE_FULL_PIPELINE,4,18.009013980999953,28.632
STAGE_FULL_PIPELINE,4,18.05937913300113,28.632
STAGE_FULL_PIPELINE,4,18.109711179000442,29.579
STAGE_FULL_PIPELINE,4,18.160067286000412,29.579
STAGE_FULL_PIPELINE,4,18.21037220800099,30.491
STAGE_FULL_PIPELINE,4,18.26078944800065,30.491
STAGE_FULL_PIPELINE,4,18.311151567000707,31.039
STAGE_FULL_PIPELINE,4,18.361469284000123,31.905
STAGE_FULL_PIPELINE,4,18.411894457000017,31.905
STAGE_FULL_PIPELINE,4,18.46248704699974,32.294
STAGE_FULL_PIPELINE,4,18.512743837000016,32.294
STAGE_FULL_PIPELINE,4,18.56308594100119,32.878
STAGE_FULL_PIPELINE,4,18.61336136799946,32.878
STAGE_FULL_PIPELINE,4,18.663690201999998,33.11
STAGE_FULL_PIPELINE,4,18.71397548999994,33.11
STAGE_FULL_PIPELINE,4,18.764297351001005,33.275
STAGE_FULL_PIPELINE,4,18.814603242000885,33.275
STAGE_FULL_PIPELINE,4,18.864909494999665,33.605
STAGE_FULL_PIPELINE,4,18.915216553999926,34.342
STAGE_FULL_PIPELINE,4,18.965612080999563,34.342
STAGE_FULL_PIPELINE,4,19.016085277000457,34.689
STAGE_FULL_PIPELINE,4,19.066368179001074,34.689
STAGE_FULL_PIPELINE,4,19.116673497999727,35.069
STAGE_FULL_PIPELINE,4,19.16697607199967,35.069
STAGE_FULL_PIPELINE,4,19.217315992000295,35.482
STAGE_FULL_PIPELINE,4,19.267696801000056,36.195
STAGE_FULL_PIPELINE,4,19.334596392000094,36.195
STAGE_FULL_PIPELINE,4,19.384972863001167,36.096
STAGE_FULL_PIPELINE,4,19.43535503900057,36.096
STAGE_FULL_PIPELINE,4,19.485654997999518,36.432
STAGE_FULL_PIPELINE,4,19.535980042999654,36.432
STAGE_FULL_PIPELINE,4,19.586280528001225,36.512
STAGE_FULL_PIPELINE,4,19.63661428799969,36.512
STAGE_FULL_PIPELINE,4,19.686922330000016,35.961
STAGE_FULL_PIPELINE,4,19.73724459600089,35.03
STAGE_FULL_PIPELINE,4,19.787551946999884,35.03
STAGE_FULL_PIPELINE,4,19.837920293000934,34.148
STAGE_FULL_PIPELINE,4,19.88831782499983,34.148
STAGE_FULL_PIPELINE,4,19.938783707000766,33.069
STAGE_FULL_PIPELINE,4,19.989051241000197,33.069
STAGE_FULL_PIPELINE,4,20.0393585540005,32.264
STAGE_FULL_PIPELINE,4,20.08963491400027,32.264
STAGE_FULL_PIPELINE,4,20.14001159700092,30.994
STAGE_FULL_PIPELINE,4,20.190324470000633,30.994
STAGE_FULL_PIPELINE,4,20.24067701000058,29.949
STAGE_FULL_PIPELINE,4,20.290976972000863,28.983
STAGE_FULL_PIPELINE,4,20.34126711600038,28.983
STAGE_FULL_PIPELINE,4,20.391645554000206,28.282
STAGE_FULL_PIPELINE,4,20.44209366799987,28.282
STAGE_FULL_PIPELINE,4,20.492635443000836,27.166
STAGE_FULL_PIPELINE,4,20.542954483000358,27.166
STAGE_FULL_PIPELINE,4,20.593337516000247,25.38
STAGE_FULL_PIPELINE,4,20.643747400999928,25.38
STAGE_FULL_PIPELINE,4,20.694027010000354,24.567
STAGE_FULL_PIPELINE,4,20.74436978400081,24.567
STAGE_FULL_PIPELINE,4,20.794753955000488,23.181
STAGE_FULL_PIPELINE,4,20.845109084000796,22.017
STAGE_FULL_PIPELINE,4,20.89541063300021,22.017
STAGE_FULL_PIPELINE,4,20.945826778000992,21.371
STAGE_FULL_PIPELINE,4,20.996429050001097,21.371
STAGE_FULL_PIPELINE,4,21.04698964199997,20.235
STAGE_FULL_PIPELINE,4,21.097760988999653,20.235
STAGE_FULL_PIPELINE,4,21.148131940000894,19.572
STAGE_FULL_PIPELINE,4,21.19852438000089,19.572
STAGE_FULL_PIPELINE,4,21.24881389700022,18.677
STAGE_FULL_PIPELINE,4,21.29909223300092,17.936
STAGE_FULL_PIPELINE,4,21.349411118000717,17.936
STAGE_FULL_PIPELINE,4,21.399901566999688,17.227
STAGE_FULL_PIPELINE,4,21.450439313999595,17.227
STAGE_FULL_PIPELINE,4,21.500811494001027,17.149
STAGE_FULL_PIPELINE,4,21.551231838000604,17.149
STAGE_FULL_PIPELINE,4,21.601636233001045,17.274
STAGE_FULL_PIPELINE,4,21.652145793999807,17.274
STAGE_FULL_PIPELINE,4,21.702538871000797,18.008
STAGE_FULL_PIPELINE,4,21.75418831600109,18.848
STAGE_FULL_PIPELINE,4,21.8064416670004,18.848
STAGE_FULL_PIPELINE,4,21.86027888300123,19.638
STAGE_FULL_PIPELINE,4,21.910577147000367,19.638
STAGE_FULL_PIPELINE,4,21.96093723500053,20.609
STAGE_FULL_PIPELINE,4,22.011305826999887,20.609
STAGE_FULL_PIPELINE,4,22.061606975999894,21.472
STAGE_FULL_PIPELINE,4,22.111925522000092,21.472
STAGE_FULL_PIPELINE,4,22.162193813001068,22.45
STAGE_FULL_PIPELINE,4,22.212558678000278,23.285
STAGE_FULL_PIPELINE,4,22.263099232000968,23.285
STAGE_FULL_PIPELINE,4,22.313527442000122,24.047
STAGE_FULL_PIPELINE,4,22.363918069000647,24.047
STAGE_FULL_PIPELINE,4,22.41418954999972,24.818
STAGE_FULL_PIPELINE,4,22.464564183999755,24.818
STAGE_FULL_PIPELINE,4,22.514864373999444,25.352
STAGE_FULL_PIPELINE,4,22.565224743000726,25.352
STAGE_FULL_PIPELINE,4,22.615548085001137,26.111
STAGE_FULL_PIPELINE,4,22.665859181999622,26.111
STAGE_FULL_PIPELINE,4,22.71634665700003,26.674
STAGE_FULL_PIPELINE,4,22.76672953799971,27.317
STAGE_FULL_PIPELINE,4,22.817226475001007,27.317
STAGE_FULL_PIPELINE,4,22.867629357000624,27.858
STAGE_FULL_PIPELINE,4,22.91802241500045,27.858
STAGE_FULL_PIPELINE,4,22.96842632300104,28.399
STAGE_FULL_PIPELINE,4,23.018817838999894,28.399
STAGE_FULL_PIPELINE,4,23.06908181000108,28.873
STAGE_FULL_PIPELINE,4,23.11938004900003,28.873
STAGE_FULL_PIPELINE,4,23.169845219999843,29.211
STAGE_FULL_PIPELINE,4,23.2202419740006,29.682
STAGE_FULL_PIPELINE,4,23.27072855299957,29.682
STAGE_FULL_PIPELINE,4,23.321237752001252,29.998
STAGE_FULL_PIPELINE,4,23.371605288000865,29.998
STAGE_FULL_PIPELINE,4,23.42193394199967,30.03
STAGE_FULL_PIPELINE,4,23.4724182580012,30.03
STAGE_FULL_PIPELINE,4,23.522864499000207,30.208
STAGE_FULL_PIPELINE,4,23.573342359999515,30.208
STAGE_FULL_PIPELINE,4,23.623723750000863,30.588
STAGE_FULL_PIPELINE,4,23.674080238000897,30.588
STAGE_FULL_PIPELINE,4,23.724441108000974,30.854
STAGE_FULL_PIPELINE,4,23.77483766000114,31.031
STAGE_FULL_PIPELINE,4,23.82517038700098,31.031
STAGE_FULL_PIPELINE,4,23.875546956000107,31.373
STAGE_FULL_PIPELINE,4,23.92597238900089,31.373
STAGE_FULL_PIPELINE,4,23.976440718999584,31.451
STAGE_FULL_PIPELINE,4,24.026780684000187,31.451
STAGE_FULL_PIPELINE,4,24.077142054000433,31.768
STAGE_FULL_PIPELINE,4,24.12769284100068,31.768
STAGE_FULL_PIPELINE,4,24.178195209000478,31.683
STAGE_FULL_PIPELINE,4,24.22868318899964,31.755
STAGE_FULL_PIPELINE,4,24.278993296000408,31.755
STAGE_FULL_PIPELINE,4,24.329528685000696,31.953
STAGE_FULL_PIPELINE,4,24.379846353000175,31.953
STAGE_FULL_PIPELINE,4,24.43018745200061,32.278
STAGE_FULL_PIPELINE,4,24.480529192000176,32.278
STAGE_FULL_PIPELINE,4,24.530942151999625,32.131
STAGE_FULL_PIPELINE,4,24.58135041800051,32.131
STAGE_FULL_PIPELINE,4,24.63167986500048,31.406
STAGE_FULL_PIPELINE,4,24.681999665001058,31.406
STAGE_FULL_PIPELINE,4,24.732486124999923,30.555
STAGE_FULL_PIPELINE,4,24.782860923000044,29.806
STAGE_FULL_PIPELINE,4,24.833197738000308,29.806
STAGE_FULL_PIPELINE,4,24.883506916999977,28.693
STAGE_FULL_PIPELINE,4,24.933812626999497,28.693
STAGE_FULL_PIPELINE,4,24.984268678999797,27.887
STAGE_FULL_PIPELINE,4,25.034595178000018,27.887
STAGE_FULL_PIPELINE,4,25.08501964700008,27.034
STAGE_FULL_PIPELINE,4,25.13542376100122,27.034
STAGE_FULL_PIPELINE,4,25.185856226000396,26.393
STAGE_FULL_PIPELINE,4,25.236187004000385,25.348
STAGE_FULL_PIPELINE,4,25.286521759000607,25.348
STAGE_FULL_PIPELINE,4,25.33693074599978,23.957
STAGE_FULL_PIPELINE,4,25.38749920800001,23.957
STAGE_FULL_PIPELINE,4,25.437859392000973,22.534
STAGE_FULL_PIPELINE,4,25.48813269800121,22.534
STAGE_FULL_PIPELINE,4,25.5385333739996,21.185
STAGE_FULL_PIPELINE,4,25.58879123100087,21.185
STAGE_FULL_PIPELINE,4,25.639160556000206,20.297
STAGE_FULL_PIPELINE,4,25.689545744000498,20.297
STAGE_FULL_PIPELINE,4,25.74169908300064,19.478
STAGE_FULL_PIPELINE,4,25.79195859200081,18.649
STAGE_FULL_PIPELINE,4,25.84228405900103,18.649
STAGE_FULL_PIPELINE,4,25.892587274000107,18.027
STAGE_FULL_PIPELINE,4,25.94293443300012,18.027
STAGE_FULL_PIPELINE,4,25.993242714999724,17.071
STAGE_FULL_PIPELINE,4,26.04370935500083,17.071
STAGE_FULL_PIPELINE,4,26.094211007000922,16.237
STAGE_FULL_PIPELINE,4,26.144596215999627,16.237
STAGE_FULL_PIPELINE,4,26.1949218130012,15.778
STAGE_FULL_PIPELINE,4,26.245285385999523,15.445
STAGE_FULL_PIPELINE,4,26.295748769000056,15.445
STAGE_FULL_PIPELINE,4,26.346123522000198,15.491
STAGE_FULL_PIPELINE,4,26.396684421999453,15.491
STAGE_FULL_PIPELINE,4,26.447084716999598,15.795
STAGE_FULL_PIPELINE,4,26.49753907000013,15.795
STAGE_FULL_PIPELINE,4,26.547909752000123,16.337
STAGE_FULL_PIPELINE,4,26.598333189000186,16.337
STAGE_FULL_PIPELINE,4,26.648684867001066,16.935
STAGE_FULL_PIPELINE,4,26.699063465999643,17.515
STAGE_FULL_PIPELINE,4,26.749561425000138,17.515
STAGE_FULL_PIPELINE,4,26.79991297900051,18.311
STAGE_FULL_PIPELINE,4,26.850193685000704,18.311
STAGE_FULL_PIPELINE,4,26.90048233900052,19.173
STAGE_FULL_PIPELINE,4,26.950749394000013,19.173
STAGE_FULL_PIPELINE,4,27.00115074200039,20.294
STAGE_FULL_PIPELINE,4,27.051693657000214,20.294
STAGE_FULL_PIPELINE,4,27.102033417000712,21.323
STAGE_FULL_PIPELINE,4,27.152495694999743,21.323
STAGE_FULL_PIPELINE,4,27.202930295999977,22.099
STAGE_FULL_PIPELINE,4,27.25324128000102,23.068
STAGE_FULL_PIPELINE,4,27.30356794600084,23.068
STAGE_FULL_PIPELINE,4,27.35407604000102,24.107
STAGE_FULL_PIPELINE,4,27.404466543001035,24.107
STAGE_FULL_PIPELINE,4,27.45477384900005,24.86
STAGE_FULL_PIPELINE,4,27.505094919999465,24.86
STAGE_FULL_PIPELINE,4,27.5554011309996,26.289
STAGE_FULL_PIPELINE,4,27.605780742000206,26.289
STAGE_FULL_PIPELINE,4,27.65612728400083,26.686
STAGE_FULL_PIPELINE,4,27.70645074099957,27.782
STAGE_FULL_PIPELINE,4,27.756788676000724,27.782
STAGE_FULL_PIPELINE,4,27.80709148400092,28.593
STAGE_FULL_PIPELINE,4,27.85746133700013,28.593
STAGE_FULL_PIPELINE,4,27.907918892000453,29.521
STAGE_FULL_PIPELINE,4,27.95824823700059,29.521
STAGE_FULL_PIPELINE,4,28.00861168800111,30.366
STAGE_FULL_PIPELINE,4,28.058918687000187,30.366
STAGE_FULL_PIPELINE,4,28.109269184000368,31.127
STAGE_FULL_PIPELINE,4,28.159598960999574,31.127
STAGE_FULL_PIPELINE,4,28.209994966000522,31.695
STAGE_FULL_PIPELINE,4,28.26027577900095,32.144
STAGE_FULL_PIPELINE,4,28.310628777000602,32.144
STAGE_FULL_PIPELINE,4,28.362127145001068,32.757
STAGE_FULL_PIPELINE,4,28.412498273000892,32.757
STAGE_FULL_PIPELINE,4,28.462797706000856,33.311
STAGE_FULL_PIPELINE,4,28.513177562001147,33.311
STAGE_FULL_PIPELINE,4,28.563591275000363,33.557
STAGE_FULL_PIPELINE,4,28.613966696000716,33.557
STAGE_FULL_PIPELINE,4,28.664336096000625,33.975
STAGE_FULL_PIPELINE,4,28.714741179001066,34.179
STAGE_FULL_PIPELINE,4,28.76511690100051,34.179
STAGE_FULL_PIPELINE,4,28.81544669899995,34.216
STAGE_FULL_PIPELINE,4,28.865720826999677,34.216
STAGE_FULL_PIPELINE,4,28.916177291001077,34.191
STAGE_FULL_PIPELINE,4,28.96653816000071,34.191
STAGE_FULL_PIPELINE,4,29.016817036999782,34.312
STAGE_FULL_PIPELINE,4,29.06713265399958,34.312
STAGE_FULL_PIPELINE,4,29.117480196000542,34.467
STAGE_FULL_PIPELINE,4,29.167830817999857,34.467
STAGE_FULL_PIPELINE,4,29.218111346001024,34.677
STAGE_FULL_PIPELINE,4,29.268432202999975,34.744
STAGE_FULL_PIPELINE,4,29.318814009000562,34.744
STAGE_FULL_PIPELINE,4,29.369336634999854,33.995
STAGE_FULL_PIPELINE,4,29.419632903000092,33.995
STAGE_FULL_PIPELINE,4,29.469951086999572,33.291
STAGE_FULL_PIPELINE,4,29.520230672000253,33.291
STAGE_FULL_PIPELINE,4,29.570532769999772,32.439
STAGE_FULL_PIPELINE,4,29.620821997999883,32.439
STAGE_FULL_PIPELINE,4,29.671128981999573,31.472
STAGE_FULL_PIPELINE,4,29.72161760600102,31.472
STAGE_FULL_PIPELINE,4,29.771923082000285,30.595
STAGE_FULL_PIPELINE,4,29.822191606999695,29.959
STAGE_FULL_PIPELINE,4,29.87248231800004,29.959
STAGE_FULL_PIPELINE,4,29.92280219500026,29.195
STAGE_FULL_PIPELINE,4,29.973127966999527,29.195
STAGE_MODEL_CCT,4,0.0008379999999306165,28.084
STAGE_MODEL_CCT,4,0.05120299299960607,28.084
STAGE_MODEL_CCT,4,0.10150225200050045,26.945
STAGE_MODEL_CCT,4,0.151868041999478,26.945
STAGE_MODEL_CCT,4,0.20218266300071264,26.072
STAGE_MODEL_CCT,4,0.2525799300001381,25.367
STAGE_MODEL_CCT,4,0.30290737399991485,25.367
STAGE_MODEL_CCT,4,0.3533705780009768,25.15
STAGE_MODEL_CCT,4,0.4036521600010019,25.15
STAGE_MODEL_CCT,4,0.4539160809999885,24.886
STAGE_MODEL_CCT,4,0.5043474419999256,24.886
STAGE_MODEL_CCT,4,0.5546842730000208,25.034
STAGE_MODEL_CCT,4,0.6050414279998222,25.034
STAGE_MODEL_CCT,4,0.6553858790011873,25.463
STAGE_MODEL_CCT,4,0.7057367670004169,45.453
STAGE_MODEL_CCT,4,0.7565177680007764,45.453
STAGE_MODEL_CCT,4,0.8107352879997052,21.161
STAGE_MODEL_CCT,4,0.8610755000008794,21.161
STAGE_MODEL_CCT,4,0.911384562999956,21.053
STAGE_MODEL_CCT,4,0.9616904810009146,21.053
STAGE_MODEL_CCT,4,1.0120454219995736,21.91
STAGE_MODEL_CCT,4,1.0629821530001209,21.91
STAGE_MODEL_CCT,4,1.1139723750002304,19.129
STAGE_MODEL_CCT,4,1.1644247929998528,18.643
STAGE_MODEL_CCT,4,1.2147950119997404,18.643
STAGE_MODEL_CCT,4,1.2650956090001273,19.383
STAGE_MODEL_CCT,4,1.3155867180012137,19.383
STAGE_MODEL_CCT,4,1.365992308999921,19.586
STAGE_MODEL_CCT,4,1.4164106999996875,19.586
STAGE_MODEL_CCT,4,1.4666765820002183,19.402
STAGE_MODEL_CCT,4,1.516995081999994,19.402
STAGE_MODEL_CCT,4,1.5673061380002764,19.402
STAGE_MODEL_CCT,4,1.6176084890012135,19.402
STAGE_MODEL_CCT,4,1.6679305699999531,19.491
STAGE_MODEL_CCT,4,1.7182682620004925,19.392
STAGE_MODEL_CCT,4,1.7686033440004394,19.392
STAGE_MODEL_CCT,4,1.8188913419999153,19.343
STAGE_MODEL_CCT,4,1.869371687000239,19.343
STAGE_MODEL_CCT,4,1.9197662050009967,19.301
STAGE_MODEL_CCT,4,1.970295758001157,19.301
STAGE_MODEL_CCT,4,2.02062187500087,19.258
STAGE_MODEL_CCT,4,2.0710069130000193,19.258
STAGE_MODEL_CCT,4,2.121323614001085,19.226
STAGE_MODEL_CCT,4,2.171568562000175,19.199
STAGE_MODEL_CCT,4,2.2219041589996777,19.199
STAGE_MODEL_CCT,4,2.272227882000152,19.057
STAGE_MODEL_CCT,4,2.3225099070004944,19.057
STAGE_MODEL_CCT,4,2.372808805999739,18.952
STAGE_MODEL_CCT,4,2.4231008420010767,18.952
STAGE_MODEL_CCT,4,2.473491288999867,18.935
STAGE_MODEL_CCT,4,2.5239189639996766,18.935
STAGE_MODEL_CCT,4,2.574191380999764,18.758
STAGE_MODEL_CCT,4,2.6245231539996894,18.758
STAGE_MODEL_CCT,4,2.6747883380012354,18.655
STAGE_MODEL_CCT,4,2.7250871650012414,18.68
STAGE_MODEL_CCT,4,2.77544311299971,18.68
STAGE_MODEL_CCT,4,2.8258430790010607,18.617
STAGE_MODEL_CCT,4,2.8763053759994364,18.617
STAGE_MODEL_CCT,4,2.9265753620002215,18.423
STAGE_MODEL_CCT,4,2.9768926420001662,18.423
STAGE_MODEL_CCT,4,3.0272544130002643,18.526
STAGE_MODEL_CCT,4,3.0777191930010304,18.526
STAGE_MODEL_CCT,4,3.1280897659999027,18.553
STAGE_MODEL_CCT,4,3.1785057979996054,18.553
STAGE_MODEL_CCT,4,3.2290424599996186,18.587
STAGE_MODEL_CCT,4,3.279370579000897,18.41
STAGE_MODEL_CCT,4,3.3296785870006715,18.41
STAGE_MODEL_CCT,4,3.380080093000288,18.363
STAGE_MODEL_CCT,4,3.4303965830004017,18.363
STAGE_MODEL_CCT,4,3.4807170540007064,18.394
STAGE_MODEL_CCT,4,3.5311205070011056,18.394
STAGE_MODEL_CCT,4,3.581531674000871,18.466
STAGE_MODEL_CCT,4,3.631921696000063,18.466
STAGE_MODEL_CCT,4,3.682339185001183,18.31
STAGE_MODEL_CCT,4,3.7326454280009784,18.239
STAGE_MODEL_CCT,4,3.7829928749997634,18.239
STAGE_MODEL_CCT,4,3.833301016000405,18.286
STAGE_MODEL_CCT,4,3.883585724999648,18.286
STAGE_MODEL_CCT,4,3.9339937469994766,18.384
STAGE_MODEL_CCT,4,3.9843407190001017,18.384
STAGE_MODEL_CCT,4,4.034662293999645,18.123
STAGE_MODEL_CCT,4,4.085014825001053,18.123
STAGE_MODEL_CCT,4,4.135335486000258,18.069
STAGE_MODEL_CCT,4,4.185902017999979,18.069
STAGE_MODEL_CCT,4,4.236280627001179,18.097
STAGE_MODEL_CCT,4,4.2866242159998365,18.242
STAGE_MODEL_CCT,4,4.336962380000841,18.242
STAGE_MODEL_CCT,4,4.3872967080005765,18.067
STAGE_MODEL_CCT,4,4.437670520999745,18.067
STAGE_MODEL_CCT,4,4.488090605000252,17.95
STAGE_MODEL_CCT,4,4.538335434999681,17.95
STAGE_MODEL_CCT,4,4.588656486999753,17.994
STAGE_MODEL_CCT,4,4.638901071000873,17.994
STAGE_MODEL_CCT,4,4.689209325000775,18.128
STAGE_MODEL_CCT,4,4.739545685000849,18.037
STAGE_MODEL_CCT,4,4.789957033999599,18.037
STAGE_MODEL_CCT,4,4.8403591770002095,17.97
STAGE_MODEL_CCT,4,4.890785046000019,17.97
STAGE_MODEL_CCT,4,4.94110157599971,18.075
STAGE_MODEL_CCT,4,4.991447596999933,18.075
STAGE_MODEL_CCT,4,5.041886234999765,18.206
STAGE_MODEL_CCT,4,5.092197963000217,18.206
STAGE_MODEL_CCT,4,5.142525389999719,18.177
STAGE_MODEL_CCT,4,5.1928444059994945,18.177
STAGE_MODEL_CCT,4,5.243252358999598,18.145
STAGE_MODEL_CCT,4,5.293714501000068,18.258
STAGE_MODEL_CCT,4,5.344520983000621,18.258
STAGE_MODEL_CCT,4,5.395013785000629,18.383
STAGE_MODEL_CCT,4,5.4454019790009625,18.383
STAGE_MODEL_CCT,4,5.495872552000947,18.383
STAGE_MODEL_CCT,4,5.546185785000489,18.383
STAGE_MODEL_CCT,4,5.5964877719998185,18.405
STAGE_MODEL_CCT,4,5.646840596000402,18.405
STAGE_MODEL_CCT,4,5.6972214140005235,18.477
STAGE_MODEL_CCT,4,5.7476285100001405,18.581
STAGE_MODEL_CCT,4,5.798047102000055,18.581
STAGE_MODEL_CCT,4,5.848403424000935,18.191
STAGE_MODEL_CCT,4,5.898742465000396,18.191
STAGE_MODEL_CCT,4,5.949092611001106,17.831
STAGE_MODEL_CCT,4,5.999462604000655,17.831
STAGE_MODEL_CCT,4,6.049881287999597,17.531
STAGE_MODEL_CCT,4,6.10018053100066,17.531
STAGE_MODEL_CCT,4,6.150501596999675,17.265
STAGE_MODEL_CCT,4,6.20076150100067,17.265
STAGE_MODEL_CCT,4,6.251119460999689,16.838
STAGE_MODEL_CCT,4,6.301405395999609,16.384
STAGE_MODEL_CCT,4,6.351729542000612,16.384
STAGE_MODEL_CCT,4,6.4021354079995945,16.137
STAGE_MODEL_CCT,4,6.452423423001164,16.137
STAGE_MODEL_CCT,4,6.50272899599986,15.815
STAGE_MODEL_CCT,4,6.553024386001198,15.815
STAGE_MODEL_CCT,4,6.603423696000391,15.197
STAGE_MODEL_CCT,4,6.65371984200101,15.197
STAGE_MODEL_CCT,4,6.704042802999538,14.658
STAGE_MODEL_CCT,4,6.7543174189995625,14.232
STAGE_MODEL_CCT,4,6.804640906000714,14.232
STAGE_MODEL_CCT,4,6.854912486000103,14.226
STAGE_MODEL_CCT,4,6.905230667000069,14.226
STAGE_MODEL_CCT,4,6.95554415100014,13.95
STAGE_MODEL_CCT,4,7.005831970000145,13.95
STAGE_MODEL_CCT,4,7.056131303001166,13.795
STAGE_MODEL_CCT,4,7.11026677100017,13.795
STAGE_MODEL_CCT,4,7.160556565000661,13.649
STAGE_MODEL_CCT,4,7.210847214000751,13.493
STAGE_MODEL_CCT,4,7.2611555740004405,13.493
STAGE_MODEL_CCT,4,7.31155494900122,12.995
STAGE_MODEL_CCT,4,7.361934509999628,12.995
STAGE_MODEL_CCT,4,7.412402621999718,12.617
STAGE_MODEL_CCT,4,7.462844022000354,12.617
STAGE_MODEL_CCT,4,7.513116500000251,12.605
STAGE_MODEL_CCT,4,7.563387514999704,12.605
STAGE_MODEL_CCT,4,7.613684211999498,12.661
STAGE_MODEL_CCT,4,7.66416726100033,12.661
STAGE_MODEL_CCT,4,7.71445354000025,12.654
STAGE_MODEL_CCT,4,7.764748871000847,12.847
STAGE_MODEL_CCT,4,7.815187537000384,12.847
STAGE_MODEL_CCT,4,7.865549866000947,13.179
STAGE_MODEL_CCT,4,7.91584917200089,13.179
STAGE_MODEL_CCT,4,7.966210795000734,13.623
STAGE_MODEL_CCT,4,8.016648732000249,13.623
STAGE_MODEL_CCT,4,8.067012532999797,13.82
STAGE_MODEL_CCT,4,8.117359166000824,13.82
STAGE_MODEL_CCT,4,8.167675353999584,14.097
STAGE_MODEL_CCT,4,8.217950485000983,14.097
STAGE_MODEL_CCT,4,8.268229471001177,14.596
STAGE_MODEL_CCT,4,8.318604260999564,15.239
STAGE_MODEL_CCT,4,8.369128509999427,15.239
STAGE_MODEL_CCT,4,8.419535396000356,15.709
STAGE_MODEL_CCT,4,8.469924721001007,15.709
STAGE_MODEL_CCT,4,8.520301865000874,15.981
STAGE_MODEL_CCT,4,8.570673501000783,15.981
STAGE_MODEL_CCT,4,8.621079365000696,16.412
STAGE_MODEL_CCT,4,8.67133149500114,16.412
STAGE_MODEL_CCT,4,8.721661141000368,16.715
STAGE_MODEL_CCT,4,8.772010066999428,16.729
STAGE_MODEL_CCT,4,8.822368869999991,16.729
STAGE_MODEL_CCT,4,8.872696377000466,16.738
STAGE_MODEL_CCT,4,8.923038704000646,16.738
STAGE_MODEL_CCT,4,8.973412532999646,16.737
STAGE_MODEL_CCT,4,9.023746701999698,16.737
STAGE_MODEL_CCT,4,9.0741544600005,16.902
STAGE_MODEL_CCT,4,9.124519189999774,16.902
STAGE_MODEL_CCT,4,9.174841946000015,16.842
STAGE_MODEL_CCT,4,9.225165682000807,16.842
STAGE_MODEL_CCT,4,9.275503815000775,16.881
STAGE_MODEL_CCT,4,9.325804441999935,16.918
STAGE_MODEL_CCT,4,9.376074568001059,16.918
STAGE_MODEL_CCT,4,9.426418990000457,17.054
STAGE_MODEL_CCT,4,9.476668436000182,17.054
STAGE_MODEL_CCT,4,9.526924596000754,16.957
STAGE_MODEL_CCT,4,9.577476602000388,16.957
STAGE_MODEL_CCT,4,9.627773931000775,16.971
STAGE_MODEL_CCT,4,9.678095254001164,16.971
STAGE_MODEL_CCT,4,9.7285365000007,17.028
STAGE_MODEL_CCT,4,9.778885886000353,17.129
STAGE_MODEL_CCT,4,9.829294126000605,17.129
STAGE_MODEL_CCT,4,9.879733495999972,17.031
STAGE_MODEL_CCT,4,9.93016113900012,17.031
STAGE_MODEL_CCT,4,9.980565308000223,17.113
STAGE_MODEL_CCT,4,10.030936357999963,17.113
STAGE_MODEL_CCT,4,10.081337338000594,17.16
STAGE_MODEL_CCT,4,10.131760301001123,17.16
STAGE_MODEL_CCT,4,10.182192373000362,17.205
STAGE_MODEL_CCT,4,10.232774853000592,17.205
STAGE_MODEL_CCT,4,10.283205900999747,17.056
STAGE_MODEL_CCT,4,10.333686125000895,17.042
STAGE_MODEL_CCT,4,10.3840227769997,17.042
STAGE_MODEL_CCT,4,10.434349363000365,17.042
STAGE_MODEL_CCT,4,10.484785214999647,17.042
STAGE_MODEL_CCT,4,10.535184677999496,17.226
STAGE_MODEL_CCT,4,10.585445259999688,17.226
STAGE_MODEL_CCT,4,10.635762885000076,17.064
STAGE_MODEL_CCT,4,10.686063426001056,17.064
STAGE_MODEL_CCT,4,10.736433265999949,17.092
STAGE_MODEL_CCT,4,10.786787983000977,17.052
STAGE_MODEL_CCT,4,10.837236966001,17.052
STAGE_MODEL_CCT,4,10.887670673000684,17.209
STAGE_MODEL_CCT,4,10.938121327000772,17.209
STAGE_MODEL_CCT,4,10.98851164000007,17.023
STAGE_MODEL_CCT,4,11.03886871100076,17.023
STAGE_MODEL_CCT,4,11.08927812299953,17.018
STAGE_MODEL_CCT,4,11.140101656999832,17.018
STAGE_MODEL_CCT,4,11.190437383000244,17.066
STAGE_MODEL_CCT,4,11.240819468999689,17.066
STAGE_MODEL_CCT,4,11.291244619000281,17.159
STAGE_MODEL_CCT,4,11.34168279900041,17.052
STAGE_MODEL_CCT,4,11.392117049999797,17.052
STAGE_MODEL_CCT,4,11.442551648000517,17.095
STAGE_MODEL_CCT,4,11.492897292000634,17.095
STAGE_MODEL_CCT,4,11.543335763999494,17.135
STAGE_MODEL_CCT,4,11.59362967800007,17.135
STAGE_MODEL_CCT,4,11.644163630000548,17.237
STAGE_MODEL_CCT,4,11.694531945000563,17.237
STAGE_MODEL_CCT,4,11.744882625000173,17.169
STAGE_MODEL_CCT,4,11.795219002000522,17.354
STAGE_MODEL_CCT,4,11.84555320400068,17.354
STAGE_MODEL_CCT,4,11.895925631000864,17.423
STAGE_MODEL_CCT,4,11.946238141001231,17.423
STAGE_MODEL_CCT,4,11.996533565999925,17.519
STAGE_MODEL_CCT,4,12.046837611000228,17.519
STAGE_MODEL_CCT,4,12.097245126000416,17.513
STAGE_MODEL_CCT,4,12.147598130000915,17.513
STAGE_MODEL_CCT,4,12.197992352001165,17.639
STAGE_MODEL_CCT,4,12.248350873000163,17.639
STAGE_MODEL_CCT,4,12.29867735300104,17.751
STAGE_MODEL_CCT,4,12.349042690000715,17.945
STAGE_MODEL_CCT,4,12.399460730999635,17.945
STAGE_MODEL_CCT,4,12.449844586999461,17.803
STAGE_MODEL_CCT,4,12.500296680000247,17.803
STAGE_MODEL_CCT,4,12.550675186001172,17.814
STAGE_MODEL_CCT,4,12.601096682999923,17.814
STAGE_MODEL_CCT,4,12.651526784000453,17.925
STAGE_MODEL_CCT,4,12.701934553000683,17.925
STAGE_MODEL_CCT,4,12.752276028000779,18.049
STAGE_MODEL_CCT,4,12.802684461999888,18.049
STAGE_MODEL_CCT,4,12.853067263000412,17.983
STAGE_MODEL_CCT,4,12.90347343600115,17.983
STAGE_MODEL_CCT,4,12.953872189000322,17.898
STAGE_MODEL_CCT,4,13.004234232999806,17.898
STAGE_MODEL_CCT,4,13.05465232700044,17.987
STAGE_MODEL_CCT,4,13.105244815000333,17.987
STAGE_MODEL_CCT,4,13.155600535999838,18.069
STAGE_MODEL_CCT,4,13.205960336001226,18.069
STAGE_MODEL_CCT,4,13.256485895000878,18.008
STAGE_MODEL_CCT,4,13.307092050999927,18.008
STAGE_MODEL_CCT,4,13.357504084000539,18.032
STAGE_MODEL_CCT,4,13.407942804000413,18.032
STAGE_MODEL_CCT,4,13.458341030000156,17.832
STAGE_MODEL_CCT,4,13.508754485001191,17.832
STAGE_MODEL_CCT,4,13.559146359000806,17.677
STAGE_MODEL_CCT,4,13.609516459000588,17.677
STAGE_MODEL_CCT,4,13.660259821001091,17.371
STAGE_MODEL_CCT,4,13.710852244999842,17.371
STAGE_MODEL_CCT,4,13.761293059000309,17.021
STAGE_MODEL_CCT,4,13.811808765000023,17.021
STAGE_MODEL_CCT,4,13.862311389000752,16.644
STAGE_MODEL_CCT,4,13.912708509000367,16.644
STAGE_MODEL_CCT,4,13.963227780001034,16.276
STAGE_MODEL_CCT,4,14.01371331900009,16.276
STAGE_MODEL_CCT,4,14.06411294300051,15.902
STAGE_MODEL_CCT,4,14.114591986999585,15.902
STAGE_MODEL_CCT,4,14.165074415001072,15.527
STAGE_MODEL_CCT,4,14.215517709000778,15.527
STAGE_MODEL_CCT,4,14.265887179000856,15.058
STAGE_MODEL_CCT,4,14.31628951499988,15.058
STAGE_MODEL_CCT,4,14.36670346900064,16.664
STAGE_MODEL_CCT,4,14.418228149999777,14.279
STAGE_MODEL_CCT,4,14.46936447600092,8.989
STAGE_MODEL_CCT,4,14.520425261000128,13.594
STAGE_MODEL_CCT,4,14.571547879000718,13.607
STAGE_MODEL_CCT,4,14.62191083899961,13.604
STAGE_MODEL_CCT,4,14.672424481001144,13.604
STAGE_MODEL_CCT,4,14.7228437520007,13.59
STAGE_MODEL_CCT,4,14.773335453999607,13.59
STAGE_MODEL_CCT,4,14.82365479300097,14.355
STAGE_MODEL_CCT,4,14.873985456999435,14.355
STAGE_MODEL_CCT,4,14.924430390999987,16.276
STAGE_MODEL_CCT,4,14.975470538000081,16.276
STAGE_MODEL_CCT,4,15.027403296000557,16.257
STAGE_MODEL_CCT,4,15.077834425001129,16.257
STAGE_MODEL_CCT,4,15.128207580999515,17.636
STAGE_MODEL_CCT,4,15.1833333400009,17.636
STAGE_MODEL_CCT,4,15.234567727000467,16.495
STAGE_MODEL_CCT,4,15.285230556000897,16.495
STAGE_MODEL_CCT,4,15.337940602999879,16.769
STAGE_MODEL_CCT,4,15.389035371999853,16.128
STAGE_MODEL_CCT,4,15.448867330000212,19.177
STAGE_MODEL_CCT,4,15.50005322800098,19.177
STAGE_MODEL_CCT,4,15.551759612000751,16.82
STAGE_MODEL_CCT,4,15.602466758000446,16.82
STAGE_MODEL_CCT,4,15.653763825999704,16.968
STAGE_MODEL_CCT,4,15.70421843999975,16.968
STAGE_MODEL_CCT,4,15.754625290999684,10.216
STAGE_MODEL_CCT,4,15.805782399000236,10.216
STAGE_MODEL_CCT,4,15.856938365999667,17.969
STAGE_MODEL_CCT,4,15.907354979000957,17.969
STAGE_MODEL_CCT,4,15.9578176670002,17.646
STAGE_MODEL_CCT,4,16.008433090000835,17.646
STAGE_MODEL_CCT,4,16.05885476200092,17.411
STAGE_MODEL_CCT,4,16.10919769999964,17.411
STAGE_MODEL_CCT,4,16.15962131699962,17.253
STAGE_MODEL_CCT,4,16.21003483700042,17.253
STAGE_MODEL_CCT,4,16.2604159120001,17.269
STAGE_MODEL_CCT,4,16.31085007799993,17.269
STAGE_MODEL_CCT,4,16.3612985689997,17.267
STAGE_MODEL_CCT,4,16.41172506700059,17.267
STAGE_MODEL_CCT,4,16.462138708000566,17.212
STAGE_MODEL_CCT,4,16.512491073001,17.212
STAGE_MODEL_CCT,4,16.56295622899961,17.213
STAGE_MODEL_CCT,4,16.613384328000393,17.213
STAGE_MODEL_CCT,4,16.663842514000862,17.221
STAGE_MODEL_CCT,4,16.71431029700034,17.221
STAGE_MODEL_CCT,4,16.76480013500077,17.219
STAGE_MODEL_CCT,4,16.815341261000867,17.219
STAGE_MODEL_CCT,4,16.865847963001215,17.221
STAGE_MODEL_CCT,4,16.916228948000935,17.221
STAGE_MODEL_CCT,4,16.96668910600056,17.162
STAGE_MODEL_CCT,4,17.017149389001133,17.153
STAGE_MODEL_CCT,4,17.067622255999595,17.153
STAGE_MODEL_CCT,4,17.11798604100113,17.08
STAGE_MODEL_CCT,4,17.168457571000545,17.08
STAGE_MODEL_CCT,4,17.218795349001084,17.132
STAGE_MODEL_CCT,4,17.269350889000634,17.132
STAGE_MODEL_CCT,4,17.319840862999627,17.053
STAGE_MODEL_CCT,4,17.37032585599991,17.053
STAGE_MODEL_CCT,4,17.42070797999986,17.099
STAGE_MODEL_CCT,4,17.47113963599986,17.012
STAGE_MODEL_CCT,4,17.52145404700059,17.012
STAGE_MODEL_CCT,4,17.571808560000136,17.033
STAGE_MODEL_CCT,4,17.62217626600068,17.033
STAGE_MODEL_CCT,4,17.672592840001016,16.999
STAGE_MODEL_CCT,4,17.72299562199987,16.999
STAGE_MODEL_CCT,4,17.773317049999605,16.928
STAGE_MODEL_CCT,4,17.823685575000127,16.928
STAGE_MODEL_CCT,4,17.87403662699944,16.817
STAGE_MODEL_CCT,4,17.9244932849997,16.817
STAGE_MODEL_CCT,4,17.975064250000287,16.833
STAGE_MODEL_CCT,4,18.025474263000433,16.852
STAGE_MODEL_CCT,4,18.075835003000975,16.852
STAGE_MODEL_CCT,4,18.126182543999676,16.945
STAGE_MODEL_CCT,4,18.17667107700072,16.945
STAGE_MODEL_CCT,4,18.22691194700019,16.782
STAGE_MODEL_CCT,4,18.277215887001148,16.782
STAGE_MODEL_CCT,4,18.327569900000526,16.845
STAGE_MODEL_CCT,4,18.37789214100121,16.845
STAGE_MODEL_CCT,4,18.428218244000163,16.79
STAGE_MODEL_CCT,4,18.478540838999834,16.935
STAGE_MODEL_CCT,4,18.529066410999803,16.935
STAGE_MODEL_CCT,4,18.579577591000998,16.774
STAGE_MODEL_CCT,4,18.629968511000698,16.774
STAGE_MODEL_CCT,4,18.680345101000057,16.805
STAGE_MODEL_CCT,4,18.730687807999857,16.805
STAGE_MODEL_CCT,4,18.78109714800121,16.821
STAGE_MODEL_CCT,4,18.831496853001227,16.821
STAGE_MODEL_CCT,4,18.88182030400094,16.969
STAGE_MODEL_CCT,4,18.932200242999897,16.969
STAGE_MODEL_CCT,4,18.982575940999595,16.814
STAGE_MODEL_CCT,4,19.032896320999498,16.686
STAGE_MODEL_CCT,4,19.08322447899991,16.686
STAGE_MODEL_CCT,4,19.133527431000402,16.689
STAGE_MODEL_CCT,4,19.183921498000927,16.689
STAGE_MODEL_CCT,4,19.23429879000105,16.914
STAGE_MODEL_CCT,4,19.284833102999983,16.914
STAGE_MODEL_CCT,4,19.335297490999437,16.784
STAGE_MODEL_CCT,4,19.385750293000456,16.784
STAGE_MODEL_CCT,4,19.43603570199957,16.828
STAGE_MODEL_CCT,4,19.48643085600088,16.781
STAGE_MODEL_CCT,4,19.536791687000004,16.781
STAGE_MODEL_CCT,4,19.58712870099953,16.889
STAGE_MODEL_CCT,4,19.637477580999985,16.889
STAGE_MODEL_CCT,4,19.687840045000485,16.883
STAGE_MODEL_CCT,4,19.738180659000136,16.883
STAGE_MODEL_CCT,4,19.78860140500001,16.843
STAGE_MODEL_CCT,4,19.83888165099961,16.843
STAGE_MODEL_CCT,4,19.88927388400043,16.858
STAGE_MODEL_CCT,4,19.939729310000985,16.858
STAGE_MODEL_CCT,4,19.990012172000206,17.039
STAGE_MODEL_CCT,4,20.040351933001148,17.026
STAGE_MODEL_CCT,4,20.090655578000224,17.026
STAGE_MODEL_CCT,4,20.14100693799992,17.076
STAGE_MODEL_CCT,4,20.19128266699954,17.076
STAGE_MODEL_CCT,4,20.241611876001116,17.063
STAGE_MODEL_CCT,4,20.291884481001034,17.063
STAGE_MODEL_CCT,4,20.342268735999824,17.136
STAGE_MODEL_CCT,4,20.392522424001072,17.136
STAGE_MODEL_CCT,4,20.44296694500008,17.062
STAGE_MODEL_CCT,4,20.493382087999635,17.075
STAGE_MODEL_CCT,4,20.54372250599954,17.075
STAGE_MODEL_CCT,4,20.59404587100107,17.121
STAGE_MODEL_CCT,4,20.644466589999865,17.121
STAGE_MODEL_CCT,4,20.694839601999774,17.166
STAGE_MODEL_CCT,4,20.745168917001138,17.166
STAGE_MODEL_CCT,4,20.79542986100023,17.162
STAGE_MODEL_CCT,4,20.845773961000305,17.162
STAGE_MODEL_CCT,4,20.89614402600091,17.193
STAGE_MODEL_CCT,4,20.94652832400061,17.193
STAGE_MODEL_CCT,4,20.996868934000304,17.175
STAGE_MODEL_CCT,4,21.047299277999628,17.313
STAGE_MODEL_CCT,4,21.097790818001158,17.313
STAGE_MODEL_CCT,4,21.148213288999614,17.072
STAGE_MODEL_CCT,4,21.198535714000172,17.072
STAGE_MODEL_CCT,4,21.24886105100086,16.776
STAGE_MODEL_CCT,4,21.29920695799956,16.776
STAGE_MODEL_CCT,4,21.34951647300113,16.6
STAGE_MODEL_CCT,4,21.399847906001014,16.6
STAGE_MODEL_CCT,4,21.450178565000897,16.396
STAGE_MODEL_CCT,4,21.500546258999748,16.009
STAGE_MODEL_CCT,4,21.550918394999826,16.009
STAGE_MODEL_CCT,4,21.601228352999897,15.755
STAGE_MODEL_CCT,4,21.6515478550009,15.755
STAGE_MODEL_CCT,4,21.70184970400078,15.403
STAGE_MODEL_CCT,4,21.752497040999515,15.403
STAGE_MODEL_CCT,4,21.802828329000477,15.112
STAGE_MODEL_CCT,4,21.85310161900088,15.112
STAGE_MODEL_CCT,4,21.903471998000896,14.61
STAGE_MODEL_CCT,4,21.953789023000354,14.61
STAGE_MODEL_CCT,4,22.004150431999733,14.245
STAGE_MODEL_CCT,4,22.054453320000903,13.902
STAGE_MODEL_CCT,4,22.104756486000042,13.902
STAGE_MODEL_CCT,4,22.155025912999918,13.761
STAGE_MODEL_CCT,4,22.20534843200039,13.761
STAGE_MODEL_CCT,4,22.255699592000383,13.518
STAGE_MODEL_CCT,4,22.306046124000204,13.518
STAGE_MODEL_CCT,4,22.356420979000177,13.429
STAGE_MODEL_CCT,4,22.40672183300012,13.429
STAGE_MODEL_CCT,4,22.45696708200012,13.155
STAGE_MODEL_CCT,4,22.507330104001085,13.155
STAGE_MODEL_CCT,4,22.557791818000624,12.812
STAGE_MODEL_CCT,4,22.610295779000808,12.542
STAGE_MODEL_CCT,4,22.66091977399992,12.542
STAGE_MODEL_CCT,4,22.711304554999515,12.49
STAGE_MODEL_CCT,4,22.76167300400084,12.49
STAGE_MODEL_CCT,4,22.812006821999603,12.489
STAGE_MODEL_CCT,4,22.862455716000113,12.489
STAGE_MODEL_CCT,4,22.912940238000374,12.551
STAGE_MODEL_CCT,4,22.96320478400048,12.551
STAGE_MODEL_CCT,4,23.01445194400003,12.641
STAGE_MODEL_CCT,4,23.064865083000768,12.755
STAGE_MODEL_CCT,4,23.115150478999567,12.755
STAGE_MODEL_CCT,4,23.165470064001056,13.01
STAGE_MODEL_CCT,4,23.21573539400015,13.01
STAGE_MODEL_CCT,4,23.266281895999782,13.389
STAGE_MODEL_CCT,4,23.316675989999567,13.389
STAGE_MODEL_CCT,4,23.36698868700114,13.486
STAGE_MODEL_CCT,4,23.4174537279996,13.486
STAGE_MODEL_CCT,4,23.467885242000193,13.903
STAGE_MODEL_CCT,4,23.51827008700093,14.428
STAGE_MODEL_CCT,4,23.568545222000466,14.428
STAGE_MODEL_CCT,4,23.618910220000544,14.999
STAGE_MODEL_CCT,4,23.66930677700111,14.999
STAGE_MODEL_CCT,4,23.719767669001158,15.158
STAGE_MODEL_CCT,4,23.770122633000938,15.158
STAGE_MODEL_CCT,4,23.82043934000103,15.509
STAGE_MODEL_CCT,4,23.870827341999757,15.509
STAGE_MODEL_CCT,4,23.92121817000043,15.721
STAGE_MODEL_CCT,4,23.971671835999587,15.721
STAGE_MODEL_CCT,4,24.022110957001132,15.918
STAGE_MODEL_CCT,4,24.0724635280003,15.874
STAGE_MODEL_CCT,4,24.12277506400096,15.874
STAGE_MODEL_CCT,4,24.173034827001175,15.848
STAGE_MODEL_CCT,4,24.22327030499946,15.848
STAGE_MODEL_CCT,4,24.2737038030009,15.869
STAGE_MODEL_CCT,4,24.323985008999443,15.869
STAGE_MODEL_CCT,4,24.374325947001125,16.019
STAGE_MODEL_CCT,4,24.42470579899964,16.019
STAGE_MODEL_CCT,4,24.47503421900001,15.873
STAGE_MODEL_CCT,4,24.525412798000616,15.953
STAGE_MODEL_CCT,4,24.57589532699967,15.953
STAGE_MODEL_CCT,4,24.62632261699946,15.98
STAGE_MODEL_CCT,4,24.67669910299992,15.98
STAGE_MODEL_CCT,4,24.726988526999776,16.035
STAGE_MODEL_CCT,4,24.77727376599978,16.035
STAGE_MODEL_CCT,4,24.82755141800044,15.935
STAGE_MODEL_CCT,4,24.877870577000067,15.935
STAGE_MODEL_CCT,4,24.928213793000396,16.085
STAGE_MODEL_CCT,4,24.978518940000868,16.085
STAGE_MODEL_CCT,4,25.02887850499974,16.108
STAGE_MODEL_CCT,4,25.079280616000688,16.203
STAGE_MODEL_CCT,4,25.129656000999603,16.203
STAGE_MODEL_CCT,4,25.17997951399957,16.147
STAGE_MODEL_CCT,4,25.23040787500031,16.147
STAGE_MODEL_CCT,4,25.280799890000708,16.304
STAGE_MODEL_CCT,4,25.331189454000196,16.304
STAGE_MODEL_CCT,4,25.381487480000942,16.408
STAGE_MODEL_CCT,4,25.43181594499947,16.408
STAGE_MODEL_CCT,4,25.482108779000555,16.548
STAGE_MODEL_CCT,4,25.532409891000498,16.339
STAGE_MODEL_CCT,4,25.58293646200036,16.339
STAGE_MODEL_CCT,4,25.633298012000523,16.439
STAGE_MODEL_CCT,4,25.683724913000333,16.439
STAGE_MODEL_CCT,4,25.73410580500058,16.59
STAGE_MODEL_CCT,4,25.78456518100029,16.59
STAGE_MODEL_CCT,4,25.834815325999443,16.656
STAGE_MODEL_CCT,4,25.885227771001155,16.656
STAGE_MODEL_CCT,4,25.935540108001078,16.535
STAGE_MODEL_CCT,4,25.985828918999687,16.535
STAGE_MODEL_CCT,4,26.036209118999977,16.608
STAGE_MODEL_CCT,4,26.08651245600049,16.648
STAGE_MODEL_CCT,4,26.136849190999783,16.648
STAGE_MODEL_CCT,4,26.188252648000343,16.787
STAGE_MODEL_CCT,4,26.23863400099981,16.787
STAGE_MODEL_CCT,4,26.28903477700078,16.591
STAGE_MODEL_CCT,4,26.3394617619997,16.591
STAGE_MODEL_CCT,4,26.389882368001054,16.481
STAGE_MODEL_CCT,4,26.440371192000384,16.481
STAGE_MODEL_CCT,4,26.491573322000477,16.592
STAGE_MODEL_CCT,4,26.542019874999824,16.765
STAGE_MODEL_CCT,4,26.5923325090007,16.765
STAGE_MODEL_CCT,4,26.64271725599974,16.5
STAGE_MODEL_CCT,4,26.693233023001085,16.5
STAGE_MODEL_CCT,4,26.743589789999533,16.54
STAGE_MODEL_CCT,4,26.794025672001226,16.54
STAGE_MODEL_CCT,4,26.84442374900027,16.611
STAGE_MODEL_CCT,4,26.89478371400037,16.611
STAGE_MODEL_CCT,4,26.945247924000796,16.574
STAGE_MODEL_CCT,4,26.995661146000202,16.574
STAGE_MODEL_CCT,4,27.045988773999852,16.386
STAGE_MODEL_CCT,4,27.096418760000233,16.434
STAGE_MODEL_CCT,4,27.146823934999702,16.434
STAGE_MODEL_CCT,4,27.19734884100035,16.462
STAGE_MODEL_CCT,4,27.247689904001163,16.462
STAGE_MODEL_CCT,4,27.298014935000538,16.371
STAGE_MODEL_CCT,4,27.348354769001162,16.371
STAGE_MODEL_CCT,4,27.398694216000877,16.455
STAGE_MODEL_CCT,4,27.448991508999825,16.455
STAGE_MODEL_CCT,4,27.49944369900004,16.351
STAGE_MODEL_CCT,4,27.549826881000627,16.399
STAGE_MODEL_CCT,4,27.6001628289996,16.399
STAGE_MODEL_CCT,4,27.650535118000334,16.594
STAGE_MODEL_CCT,4,27.70084976200087,16.594
STAGE_MODEL_CCT,4,27.75134388100014,16.483
STAGE_MODEL_CCT,4,27.801730258001044,16.483
STAGE_MODEL_CCT,4,27.852105455000128,16.391
STAGE_MODEL_CCT,4,27.902481950000947,16.391
STAGE_MODEL_CCT,4,27.95285011499982,16.588
STAGE_MODEL_CCT,4,28.003206108000086,16.588
STAGE_MODEL_CCT,4,28.053500866999457,16.734
STAGE_MODEL_CCT,4,28.103800159000457,16.734
STAGE_MODEL_CCT,4,28.154131261000657,16.734
STAGE_MODEL_CCT,4,28.20442521900077,16.659
STAGE_MODEL_CCT,4,28.25480706000053,16.659
STAGE_MODEL_CCT,4,28.305193162999785,16.899
STAGE_MODEL_CCT,4,28.355599140000777,16.899
STAGE_MODEL_CCT,4,28.406134562999796,16.903
STAGE_MODEL_CCT,4,28.45643552799993,16.903
STAGE_MODEL_CCT,4,28.50681168200026,16.866
STAGE_MODEL_CCT,4,28.557119786999465,16.795
STAGE_MODEL_CCT,4,28.60758968099981,16.795
STAGE_MODEL_CCT,4,28.657902618000662,16.864
STAGE_MODEL_CCT,4,28.7081956180009,16.864
STAGE_MODEL_CCT,4,28.75853363600072,16.952
STAGE_MODEL_CCT,4,28.809039281999503,16.952
STAGE_MODEL_CCT,4,28.85941294300028,16.887
STAGE_MODEL_CCT,4,28.909723921000477,16.887
STAGE_MODEL_CCT,4,28.96004884099966,16.816
STAGE_MODEL_CCT,4,29.01039844600018,16.816
STAGE_MODEL_CCT,4,29.06072621900057,16.803
STAGE_MODEL_CCT,4,29.111083624000457,16.868
STAGE_MODEL_CCT,4,29.161562471999787,16.868
STAGE_MODEL_CCT,4,29.21198589999949,16.805
STAGE_MODEL_CCT,4,29.262477743001,16.805
STAGE_MODEL_CCT,4,29.312899587001084,16.734
STAGE_MODEL_CCT,4,29.363230767999994,16.734
STAGE_MODEL_CCT,4,29.413588429999436,16.465
STAGE_MODEL_CCT,4,29.463960093000424,16.465
STAGE_MODEL_CCT,4,29.514383407000423,16.304
STAGE_MODEL_CCT,4,29.564825950999875,15.904
STAGE_MODEL_CCT,4,29.615168686001198,15.904
STAGE_MODEL_CCT,4,29.665437457000735,15.565
STAGE_MODEL_CCT,4,29.715756956000405,15.565
STAGE_MODEL_CCT,4,29.766088997001134,15.219
STAGE_MODEL_CCT,4,29.81643480999992,15.219
STAGE_MODEL_CCT,4,29.86677886399957,15.02
STAGE_MODEL_CCT,4,29.917129281000598,15.02
STAGE_MODEL_CCT,4,29.967443771000035,14.593
STAGE_MODEL_INFER,4,0.0051405899994279025,13.815
STAGE_MODEL_INFER,4,0.05548083400026371,13.815
STAGE_MODEL_INFER,4,0.10589460300070641,13.799
STAGE_MODEL_INFER,4,0.1562932680008089,13.799
STAGE_MODEL_INFER,4,0.20664028899955156,13.596
STAGE_MODEL_INFER,4,0.25726434500029427,13.596
STAGE_MODEL_INFER,4,0.30760291399928974,13.303
STAGE_MODEL_INFER,4,0.35790100499980326,13.303
STAGE_MODEL_INFER,4,0.4082361229993694,13.087
STAGE_MODEL_INFER,4,0.4585773809994862,13.087
STAGE_MODEL_INFER,4,0.5089340529993933,12.876
STAGE_MODEL_INFER,4,0.5593950500006031,12.754
STAGE_MODEL_INFER,4,0.6100273440006276,12.754
STAGE_MODEL_INFER,4,0.6604466539993155,12.499
STAGE_MODEL_INFER,4,0.7108185140004935,12.499
STAGE_MODEL_INFER,4,0.7611094559997582,12.347
STAGE_MODEL_INFER,4,0.8114294679999148,12.347
STAGE_MODEL_INFER,4,0.8617708040001162,12.365
STAGE_MODEL_INFER,4,0.9133162159996573,12.365
STAGE_MODEL_INFER,4,0.9637136170003942,12.415
STAGE_MODEL_INFER,4,1.014079087999562,12.764
STAGE_MODEL_INFER,4,1.064433438999913,12.764
STAGE_MODEL_INFER,4,1.1147969240009843,12.825
STAGE_MODEL_INFER,4,1.1651746629995614,12.825
STAGE_MODEL_INFER,4,1.2155503739995765,13.03
STAGE_MODEL_INFER,4,1.2660022489999392,13.03
STAGE_MODEL_INFER,4,1.3163703589998477,13.214
STAGE_MODEL_INFER,4,1.3667614099995262,13.214
STAGE_MODEL_INFER,4,1.4171204829999624,13.621
STAGE_MODEL_INFER,4,1.4675870030005171,13.621
STAGE_MODEL_INFER,4,1.517969054999412,13.76
STAGE_MODEL_INFER,4,1.5683873790003418,14.245
STAGE_MODEL_INFER,4,1.618815519999771,14.245
STAGE_MODEL_INFER,4,1.6691974109999137,14.767
STAGE_MODEL_INFER,4,1.719568070000605,14.767
STAGE_MODEL_INFER,4,1.7699895379992086,15.163
STAGE_MODEL_INFER,4,1.820337238999855,15.163
STAGE_MODEL_INFER,4,1.870695257000989,15.338
STAGE_MODEL_INFER,4,1.9209953419995145,15.338
STAGE_MODEL_INFER,4,1.9713973580001038,15.627
STAGE_MODEL_INFER,4,2.0217073849998997,15.638
STAGE_MODEL_INFER,4,2.0721287859996664,15.638
STAGE_MODEL_INFER,4,2.1224198220006656,15.833
STAGE_MODEL_INFER,4,2.1727606040003593,15.833
STAGE_MODEL_INFER,4,2.2232051779992617,15.774
STAGE_MODEL_INFER,4,2.273488795000958,15.774
STAGE_MODEL_INFER,4,2.3238295179999113,15.856
STAGE_MODEL_INFER,4,2.374266111999532,15.856
STAGE_MODEL_INFER,4,2.4246006200010015,15.869
STAGE_MODEL_INFER,4,2.474916723000206,15.869
STAGE_MODEL_INFER,4,2.5253748949999135,16.135
STAGE_MODEL_INFER,4,2.5757457449999492,15.994
STAGE_MODEL_INFER,4,2.6261304340005154,15.994
STAGE_MODEL_INFER,4,2.6765263630004483,15.904
STAGE_MODEL_INFER,4,2.7269455820005533,15.904
STAGE_MODEL_INFER,4,2.7773100819995307,15.978
STAGE_MODEL_INFER,4,2.827681692999249,15.978
STAGE_MODEL_INFER,4,2.8780430000006163,15.984
STAGE_MODEL_INFER,4,2.928349181000158,15.984
STAGE_MODEL_INFER,4,2.979121820999353,15.931
STAGE_MODEL_INFER,4,3.031437477000509,16.006
STAGE_MODEL_INFER,4,3.081784037000034,16.006
STAGE_MODEL_INFER,4,3.1320543170004385,15.943
STAGE_MODEL_INFER,4,3.1823667560001923,15.943
STAGE_MODEL_INFER,4,3.2326407920008933,16.134
STAGE_MODEL_INFER,4,3.283220376000827,16.134
STAGE_MODEL_INFER,4,3.3336631980000675,15.963
STAGE_MODEL_INFER,4,3.384032351999849,15.963
STAGE_MODEL_INFER,4,3.4343473730004916,16.016
STAGE_MODEL_INFER,4,3.4846822330000577,16.016
STAGE_MODEL_INFER,4,3.53503681499933,15.968
STAGE_MODEL_INFER,4,3.585387308999998,16.125
STAGE_MODEL_INFER,4,3.6357078319997527,16.125
STAGE_MODEL_INFER,4,3.686082861999239,16.034
STAGE_MODEL_INFER,4,3.7364522389998456,16.034
STAGE_MODEL_INFER,4,3.7868502550009,15.857
STAGE_MODEL_INFER,4,3.83727278600054,15.857
STAGE_MODEL_INFER,4,3.887682008000411,15.953
STAGE_MODEL_INFER,4,3.938040847000593,15.953
STAGE_MODEL_INFER,4,3.9884680020004453,15.904
STAGE_MODEL_INFER,4,4.038890711000931,15.669
STAGE_MODEL_INFER,4,4.089361571999689,15.669
STAGE_MODEL_INFER,4,4.139805056000114,15.797
STAGE_MODEL_INFER,4,4.190142011999342,15.797
STAGE_MODEL_INFER,4,4.240572840999448,15.666
STAGE_MODEL_INFER,4,4.291047386999708,15.666
STAGE_MODEL_INFER,4,4.341510149999522,15.771
STAGE_MODEL_INFER,4,4.392027342000802,15.771
STAGE_MODEL_INFER,4,4.442369603999396,15.573
STAGE_MODEL_INFER,4,4.492787376999331,15.573
STAGE_MODEL_INFER,4,4.543247760000668,15.59
STAGE_MODEL_INFER,4,4.593757975999324,15.583
STAGE_MODEL_INFER,4,4.644199803000447,15.583
STAGE_MODEL_INFER,4,4.694629531000828,15.72
STAGE_MODEL_INFER,4,4.744992584999636,15.72
STAGE_MODEL_INFER,4,4.795420877000652,15.662
STAGE_MODEL_INFER,4,4.845926293000957,15.662
STAGE_MODEL_INFER,4,4.896396823000032,15.738
STAGE_MODEL_INFER,4,4.946903141999428,15.738
STAGE_MODEL_INFER,4,4.997361408999495,15.779
STAGE_MODEL_INFER,4,5.047690590999991,15.965
STAGE_MODEL_INFER,4,5.098008066999682,15.965
STAGE_MODEL_INFER,4,5.148504769000283,15.763
STAGE_MODEL_INFER,4,5.1989479690000735,15.763
STAGE_MODEL_INFER,4,5.249358662000304,15.816
STAGE_MODEL_INFER,4,5.299711740999555,15.816
STAGE_MODEL_INFER,4,5.350142369999958,15.811
STAGE_MODEL_INFER,4,5.400461354000072,15.811
STAGE_MODEL_INFER,4,5.450758651999422,15.898
STAGE_MODEL_INFER,4,5.501143216000855,15.898
STAGE_MODEL_INFER,4,5.551517668000088,15.738
STAGE_MODEL_INFER,4,5.601863076999507,15.811
STAGE_MODEL_INFER,4,5.65217375300017,15.811
STAGE_MODEL_INFER,4,5.703297182999449,15.769
STAGE_MODEL_INFER,4,5.753840536001007,15.769
STAGE_MODEL_INFER,4,5.804195914000957,15.908
STAGE_MODEL_INFER,4,5.854600016000404,15.908
STAGE_MODEL_INFER,4,5.904996994000612,15.878
STAGE_MODEL_INFER,4,5.955538598000203,15.878
STAGE_MODEL_INFER,4,6.005965567999738,15.966
STAGE_MODEL_INFER,4,6.0562782359993435,15.929
STAGE_MODEL_INFER,4,6.106644288000098,15.929
STAGE_MODEL_INFER,4,6.157086299999719,16.103
STAGE_MODEL_INFER,4,6.207402920999812,16.103
STAGE_MODEL_INFER,4,6.257647705999261,15.985
STAGE_MODEL_INFER,4,6.307994634000352,15.985
STAGE_MODEL_INFER,4,6.358381115000157,16.043
STAGE_MODEL_INFER,4,6.40877787700083,16.043
STAGE_MODEL_INFER,4,6.459144853999533,16.124
STAGE_MODEL_INFER,4,6.509466141000303,16.124
STAGE_MODEL_INFER,4,6.559786498999529,16.391
STAGE_MODEL_INFER,4,6.610065449000103,16.135
STAGE_MODEL_INFER,4,6.660440715999357,16.135
STAGE_MODEL_INFER,4,6.7109340709994285,16.207
STAGE_MODEL_INFER,4,6.761411145000238,16.207
STAGE_MODEL_INFER,4,6.811854224000854,16.287
STAGE_MODEL_INFER,4,6.862171934999424,16.287
STAGE_MODEL_INFER,4,6.912532549000389,16.123
STAGE_MODEL_INFER,4,6.962865162000526,16.123
STAGE_MODEL_INFER,4,7.0132655300003535,16.048
STAGE_MODEL_INFER,4,7.063886362999256,16.147
STAGE_MODEL_INFER,4,7.114264023000942,16.147
STAGE_MODEL_INFER,4,7.164717170999211,16.041
STAGE_MODEL_INFER,4,7.215155068000968,16.041
STAGE_MODEL_INFER,4,7.265497566999329,16.103
STAGE_MODEL_INFER,4,7.315843386999404,16.103
STAGE_MODEL_INFER,4,7.366229986999315,16.057
STAGE_MODEL_INFER,4,7.41657503299939,16.057
STAGE_MODEL_INFER,4,7.466860024000198,16.147
STAGE_MODEL_INFER,4,7.517184100999657,16.147
STAGE_MODEL_INFER,4,7.56746838700019,16.028
STAGE_MODEL_INFER,4,7.61780847800037,16.204
STAGE_MODEL_INFER,4,7.66819781400045,16.204
STAGE_MODEL_INFER,4,7.718755636000424,16.127
STAGE_MODEL_INFER,4,7.7692011979997915,16.127
STAGE_MODEL_INFER,4,7.8195930250003585,16.01
STAGE_MODEL_INFER,4,7.869940594000582,16.01
STAGE_MODEL_INFER,4,7.9202478530005465,16.167
STAGE_MODEL_INFER,4,7.972417756000141,16.167
STAGE_MODEL_INFER,4,8.02274490200034,16.143
STAGE_MODEL_INFER,4,8.073020956000619,16.032
STAGE_MODEL_INFER,4,8.12348474099963,16.032
STAGE_MODEL_INFER,4,8.17395860400029,15.892
STAGE_MODEL_INFER,4,8.22427197899924,15.892
STAGE_MODEL_INFER,4,8.27459494300092,15.737
STAGE_MODEL_INFER,4,8.324975949999498,15.737
STAGE_MODEL_INFER,4,8.375436878000983,15.522
STAGE_MODEL_INFER,4,8.425889336000182,15.522
STAGE_MODEL_INFER,4,8.476265773000705,15.097
STAGE_MODEL_INFER,4,8.526580887999444,15.097
STAGE_MODEL_INFER,4,8.5769046839996,14.923
STAGE_MODEL_INFER,4,8.62722113199925,14.666
STAGE_MODEL_INFER,4,8.677558493000106,14.666
STAGE_MODEL_INFER,4,8.727876326000114,14.408
STAGE_MODEL_INFER,4,8.778196088000186,14.408
STAGE_MODEL_INFER,4,8.828493347000403,14.128
STAGE_MODEL_INFER,4,8.878849443000945,14.128
STAGE_MODEL_INFER,4,8.92920680899988,13.823
STAGE_MODEL_INFER,4,8.979556014000991,13.823
STAGE_MODEL_INFER,4,9.029837128000509,13.671
STAGE_MODEL_INFER,4,9.08031500099969,13.218
STAGE_MODEL_INFER,4,9.130581407000136,13.218
STAGE_MODEL_INFER,4,9.180930380000063,12.873
STAGE_MODEL_INFER,4,9.231236359000832,12.873
STAGE_MODEL_INFER,4,9.281606901000487,12.597
STAGE_MODEL_INFER,4,9.331911241999478,12.597
STAGE_MODEL_INFER,4,9.382300623999981,12.374
STAGE_MODEL_INFER,4,9.43262125900037,12.374
STAGE_MODEL_INFER,4,9.482916340000884,12.11
STAGE_MODEL_INFER,4,9.53335873099968,12.11
STAGE_MODEL_INFER,4,9.583712674999333,11.8
STAGE_MODEL_INFER,4,9.634277961000407,11.562
STAGE_MODEL_INFER,4,9.68572954100091,11.562
STAGE_MODEL_INFER,4,9.736068571999567,11.397
STAGE_MODEL_INFER,4,9.7865944389996,11.397
STAGE_MODEL_INFER,4,9.836972556000546,11.063
STAGE_MODEL_INFER,4,9.887448507000954,11.063
STAGE_MODEL_INFER,4,9.937796403999528,10.996
STAGE_MODEL_INFER,4,9.98817316900022,10.996
STAGE_MODEL_INFER,4,10.038510402000611,10.814
STAGE_MODEL_INFER,4,10.0891202290004,10.943
STAGE_MODEL_INFER,4,10.139408549999644,10.943
STAGE_MODEL_INFER,4,10.189793473000464,10.989
STAGE_MODEL_INFER,4,10.240220543999385,10.989
STAGE_MODEL_INFER,4,10.290602892999232,10.98
STAGE_MODEL_INFER,4,10.340927548999389,10.98
STAGE_MODEL_INFER,4,10.391378587000872,10.984
STAGE_MODEL_INFER,4,10.441669931000433,10.984
STAGE_MODEL_INFER,4,10.49198637399968,11.203
STAGE_MODEL_INFER,4,10.542303911999625,11.203
STAGE_MODEL_INFER,4,10.592611844000203,11.276
STAGE_MODEL_INFER,4,10.643024674000117,11.183
STAGE_MODEL_INFER,4,10.693462318000456,11.183
STAGE_MODEL_INFER,4,10.74381531600011,11.32
STAGE_MODEL_INFER,4,10.79421691800053,11.32
STAGE_MODEL_INFER,4,10.844785462999425,11.488
STAGE_MODEL_INFER,4,10.895207100000334,11.488
STAGE_MODEL_INFER,4,10.945675045000826,11.348
STAGE_MODEL_INFER,4,10.996065203000398,11.348
STAGE_MODEL_INFER,4,11.046532800000932,11.342
STAGE_MODEL_INFER,4,11.09690104800029,11.418
STAGE_MODEL_INFER,4,11.147312060000331,11.418
STAGE_MODEL_INFER,4,11.197630624999874,11.503
STAGE_MODEL_INFER,4,11.247931670999606,11.503
STAGE_MODEL_INFER,4,11.298339990000386,11.4
STAGE_MODEL_INFER,4,11.348663658000078,11.4
STAGE_MODEL_INFER,4,11.399130185000104,11.448
STAGE_MODEL_INFER,4,11.449606710000808,11.448
STAGE_MODEL_INFER,4,11.500125518999994,11.528
STAGE_MODEL_INFER,4,11.550588897000125,11.528
STAGE_MODEL_INFER,4,11.600975465000374,11.6
STAGE_MODEL_INFER,4,11.65135581100003,11.44
STAGE_MODEL_INFER,4,11.701747637000153,11.44
STAGE_MODEL_INFER,4,11.752111220999723,11.465
STAGE_MODEL_INFER,4,11.802498463999655,11.465
STAGE_MODEL_INFER,4,11.853173120000065,11.355
STAGE_MODEL_INFER,4,11.90365214799931,11.355
STAGE_MODEL_INFER,4,11.95408412100005,11.552
STAGE_MODEL_INFER,4,12.00450805500077,11.552
STAGE_MODEL_INFER,4,12.05488080000032,11.464
STAGE_MODEL_INFER,4,12.105323191000934,11.477
STAGE_MODEL_INFER,4,12.155679650999446,11.477
STAGE_MODEL_INFER,4,12.206106081999678,11.398
STAGE_MODEL_INFER,4,12.256343196999296,11.398
STAGE_MODEL_INFER,4,12.306732486000328,11.551
STAGE_MODEL_INFER,4,12.357169352999335,11.551
STAGE_MODEL_INFER,4,12.40756028999931,11.418
STAGE_MODEL_INFER,4,12.457902984999237,11.418
STAGE_MODEL_INFER,4,12.508284999999887,11.423
STAGE_MODEL_INFER,4,12.55863463300011,11.423
STAGE_MODEL_INFER,4,12.609008552000887,11.477
STAGE_MODEL_INFER,4,12.659390381999401,11.414
STAGE_MODEL_INFER,4,12.709793788000752,11.414
STAGE_MODEL_INFER,4,12.760156598000322,11.575
STAGE_MODEL_INFER,4,12.810483355000542,11.575
STAGE_MODEL_INFER,4,12.860787603000063,11.56
STAGE_MODEL_INFER,4,12.911272789999202,11.56
STAGE_MODEL_INFER,4,12.96168435599975,11.476
STAGE_MODEL_INFER,4,13.012077498000508,11.476
STAGE_MODEL_INFER,4,13.062501530999725,11.612
STAGE_MODEL_INFER,4,13.112946733999706,11.65
STAGE_MODEL_INFER,4,13.163359460999345,11.65
STAGE_MODEL_INFER,4,13.213700517000689,11.692
STAGE_MODEL_INFER,4,13.264008911000928,11.692
STAGE_MODEL_INFER,4,13.314458839000508,11.626
STAGE_MODEL_INFER,4,13.364781923000919,11.626
STAGE_MODEL_INFER,4,13.415094429999954,11.799
STAGE_MODEL_INFER,4,13.465417329000047,11.799
STAGE_MODEL_INFER,4,13.515792868000062,11.91
STAGE_MODEL_INFER,4,13.56613809800001,11.91
STAGE_MODEL_INFER,4,13.616445318999467,12.191
STAGE_MODEL_INFER,4,13.666867797999657,12.457
STAGE_MODEL_INFER,4,13.717148719999386,12.457
STAGE_MODEL_INFER,4,13.767643160999796,12.807
STAGE_MODEL_INFER,4,13.818256848999226,12.807
STAGE_MODEL_INFER,4,13.868584271000145,12.859
STAGE_MODEL_INFER,4,13.919076927000788,12.859
STAGE_MODEL_INFER,4,13.969496379999327,13.198
STAGE_MODEL_INFER,4,14.020037950000187,13.198
STAGE_MODEL_INFER,4,14.070414652000181,13.256
STAGE_MODEL_INFER,4,14.120767665999665,13.576
STAGE_MODEL_INFER,4,14.171128190999298,13.576
STAGE_MODEL_INFER,4,14.221491579999565,13.668
STAGE_MODEL_INFER,4,14.27188065900009,13.668
STAGE_MODEL_INFER,4,14.322287355000299,13.994
STAGE_MODEL_INFER,4,14.372677925999596,13.994
STAGE_MODEL_INFER,4,14.423030612999355,14.05
STAGE_MODEL_INFER,4,14.47342378599933,14.05
STAGE_MODEL_INFER,4,14.523797402000127,14.216
STAGE_MODEL_INFER,4,14.57425195200085,14.216
STAGE_MODEL_INFER,4,14.624543437999819,13.874
STAGE_MODEL_INFER,4,14.674907881000763,13.776
STAGE_MODEL_INFER,4,14.725280153999847,13.776
STAGE_MODEL_INFER,4,14.775787669999772,13.413
STAGE_MODEL_INFER,4,14.826316381000652,13.413
STAGE_MODEL_INFER,4,14.876730928999677,13.385
STAGE_MODEL_INFER,4,14.927104173000771,13.385
STAGE_MODEL_INFER,4,14.977692808999564,13.053
STAGE_MODEL_INFER,4,15.028094560999307,13.053
STAGE_MODEL_INFER,4,15.078561610000179,12.809
STAGE_MODEL_INFER,4,15.128908050000973,12.626
STAGE_MODEL_INFER,4,15.17928467099955,12.626
STAGE_MODEL_INFER,4,15.229725233000863,12.584
STAGE_MODEL_INFER,4,15.28011012800016,12.584
STAGE_MODEL_INFER,4,15.330447763000848,12.161
STAGE_MODEL_INFER,4,15.380764494000687,12.161
STAGE_MODEL_INFER,4,15.431207816000096,12.094
STAGE_MODEL_INFER,4,15.481583752000006,12.094
STAGE_MODEL_INFER,4,15.531975857000361,11.921
STAGE_MODEL_INFER,4,15.58237883900074,11.921
STAGE_MODEL_INFER,4,15.632809921000444,11.939
STAGE_MODEL_INFER,4,15.683177306000289,11.892
STAGE_MODEL_INFER,4,15.733573638999587,11.892
STAGE_MODEL_INFER,4,15.783897187000548,12.079
STAGE_MODEL_INFER,4,15.834320935000505,12.079
STAGE_MODEL_INFER,4,15.884778351000932,12.22
STAGE_MODEL_INFER,4,15.935128552999231,12.22
STAGE_MODEL_INFER,4,15.985471890000554,12.458
STAGE_MODEL_INFER,4,16.035951132000264,12.458
STAGE_MODEL_INFER,4,16.086285804,12.753
STAGE_MODEL_INFER,4,16.136610535999353,12.987
STAGE_MODEL_INFER,4,16.186901225000838,12.987
STAGE_MODEL_INFER,4,16.237238641999284,13.062
STAGE_MODEL_INFER,4,16.28759222699955,13.062
STAGE_MODEL_INFER,4,16.338062132999767,13.529
STAGE_MODEL_INFER,4,16.38846755099985,13.529
STAGE_MODEL_INFER,4,16.438854386000457,13.631
STAGE_MODEL_INFER,4,16.489274988000034,13.631
STAGE_MODEL_INFER,4,16.53981933400064,13.656
STAGE_MODEL_INFER,4,16.590243867000027,13.656
STAGE_MODEL_INFER,4,16.640663909000068,14.043
STAGE_MODEL_INFER,4,16.69109772400043,14.043
STAGE_MODEL_INFER,4,16.741512655000406,14.31
STAGE_MODEL_INFER,4,16.79188238000097,14.31
STAGE_MODEL_INFER,4,16.842366643000787,14.47
STAGE_MODEL_INFER,4,16.892827416999353,14.47
STAGE_MODEL_INFER,4,16.943343752000146,14.365
STAGE_MODEL_INFER,4,16.993744991999847,14.365
STAGE_MODEL_INFER,4,17.044165216999318,12.677
STAGE_MODEL_INFER,4,17.095239132999268,12.677
STAGE_MODEL_INFER,4,17.14664092199928,12.6
STAGE_MODEL_INFER,4,17.197025829000268,12.6
STAGE_MODEL_INFER,4,17.247386409000683,10.411
STAGE_MODEL_INFER,4,17.298779869999635,11.518
STAGE_MODEL_INFER,4,17.349973110000064,11.518
STAGE_MODEL_INFER,4,17.402144548999786,12.437
STAGE_MODEL_INFER,4,17.452613883000595,12.437
STAGE_MODEL_INFER,4,17.50591443200028,12.382
STAGE_MODEL_INFER,4,17.557772500000283,12.382
STAGE_MODEL_INFER,4,17.610244494000654,12.173
STAGE_MODEL_INFER,4,17.660730511999645,12.173
STAGE_MODEL_INFER,4,17.711179851999987,11.529
STAGE_MODEL_INFER,4,17.761625139999524,11.529
STAGE_MODEL_INFER,4,17.812203978999605,11.85
STAGE_MODEL_INFER,4,17.862884509999276,11.85
STAGE_MODEL_INFER,4,17.91339687800064,12.996
STAGE_MODEL_INFER,4,17.973584657000174,12.996
STAGE_MODEL_INFER,4,18.024702441000045,11.651
STAGE_MODEL_INFER,4,18.075166558001,11.651
STAGE_MODEL_INFER,4,18.125591207999605,12.236
STAGE_MODEL_INFER,4,18.176117453000188,12.236
STAGE_MODEL_INFER,4,18.226549162000083,12.413
STAGE_MODEL_INFER,4,18.277126331000545,12.413
STAGE_MODEL_INFER,4,18.32751271199959,12.314
STAGE_MODEL_INFER,4,18.377894089999245,12.314
STAGE_MODEL_INFER,4,18.42829064000034,12.289
STAGE_MODEL_INFER,4,18.47872684399954,12.289
STAGE_MODEL_INFER,4,18.529269058000864,12.417
STAGE_MODEL_INFER,4,18.57977286700043,12.417
STAGE_MODEL_INFER,4,18.63041706399963,12.683
STAGE_MODEL_INFER,4,18.681019331999778,12.683
STAGE_MODEL_INFER,4,18.73137236600087,12.784
STAGE_MODEL_INFER,4,18.781756395999764,12.784
STAGE_MODEL_INFER,4,18.83230342999923,13.045
STAGE_MODEL_INFER,4,18.882829758000298,13.045
STAGE_MODEL_INFER,4,18.93328933200064,13.23
STAGE_MODEL_INFER,4,18.98368543700053,13.23
STAGE_MODEL_INFER,4,19.03410495999924,13.361
STAGE_MODEL_INFER,4,19.084467668999423,13.615
STAGE_MODEL_INFER,4,19.134865295000054,13.615
STAGE_MODEL_INFER,4,19.185283610000624,13.652
STAGE_MODEL_INFER,4,19.235680843999944,13.652
STAGE_MODEL_INFER,4,19.286020358000314,13.909
STAGE_MODEL_INFER,4,19.336420605000967,13.909
STAGE_MODEL_INFER,4,19.386778100999436,14.046
STAGE_MODEL_INFER,4,19.437069768000583,14.046
STAGE_MODEL_INFER,4,19.48744011800045,14.343
STAGE_MODEL_INFER,4,19.53796862499985,14.343
STAGE_MODEL_INFER,4,19.588417246999597,14.374
STAGE_MODEL_INFER,4,19.638864279999325,14.408
STAGE_MODEL_INFER,4,19.689200363000054,14.408
STAGE_MODEL_INFER,4,19.73964006999995,14.263
STAGE_MODEL_INFER,4,19.79028569900038,14.263
STAGE_MODEL_INFER,4,19.840633596999396,14.038
STAGE_MODEL_INFER,4,19.890960967000865,14.038
STAGE_MODEL_INFER,4,19.941325735000646,13.739
STAGE_MODEL_INFER,4,19.991770979999274,13.739
STAGE_MODEL_INFER,4,20.0421882619994,13.408
STAGE_MODEL_INFER,4,20.09250065299966,13.213
STAGE_MODEL_INFER,4,20.142905366999912,13.213
STAGE_MODEL_INFER,4,20.1933250889997,13.176
STAGE_MODEL_INFER,4,20.24374406000061,13.176
STAGE_MODEL_INFER,4,20.29418277700097,12.794
STAGE_MODEL_INFER,4,20.344589832000565,12.794
STAGE_MODEL_INFER,4,20.395006455999464,12.925
STAGE_MODEL_INFER,4,20.445377616999394,12.925
STAGE_MODEL_INFER,4,20.49575164000089,12.923
STAGE_MODEL_INFER,4,20.546152150000125,12.923
STAGE_MODEL_INFER,4,20.596448329999475,13.005
STAGE_MODEL_INFER,4,20.646922940999502,12.817
STAGE_MODEL_INFER,4,20.697236743000758,12.817
STAGE_MODEL_INFER,4,20.747695919000762,13.087
STAGE_MODEL_INFER,4,20.798083068999404,13.087
STAGE_MODEL_INFER,4,20.848357372000464,13.354
STAGE_MODEL_INFER,4,20.898676995999267,13.354
STAGE_MODEL_INFER,4,20.949047374000656,13.499
STAGE_MODEL_INFER,4,20.999480491000213,13.499
STAGE_MODEL_INFER,4,21.04995424899971,13.786
STAGE_MODEL_INFER,4,21.100225756999862,14.105
STAGE_MODEL_INFER,4,21.15054531900023,14.105
STAGE_MODEL_INFER,4,21.20100477900087,14.262
STAGE_MODEL_INFER,4,21.251336240000455,14.262
STAGE_MODEL_INFER,4,21.30166933700093,14.565
STAGE_MODEL_INFER,4,21.352076336999744,14.565
STAGE_MODEL_INFER,4,21.40251659900059,14.443
STAGE_MODEL_INFER,4,21.453000846000577,14.443
STAGE_MODEL_INFER,4,21.50342097199973,14.436
STAGE_MODEL_INFER,4,21.553883640001004,14.436
STAGE_MODEL_INFER,4,21.604321795999567,14.367
STAGE_MODEL_INFER,4,21.654716352999458,14.673
STAGE_MODEL_INFER,4,21.70509871899958,14.673
STAGE_MODEL_INFER,4,21.755508411000847,14.558
STAGE_MODEL_INFER,4,21.805855505999716,14.558
STAGE_MODEL_INFER,4,21.856196582000848,14.367
STAGE_MODEL_INFER,4,21.906543473000056,14.367
STAGE_MODEL_INFER,4,21.957099792000008,14.453
STAGE_MODEL_INFER,4,22.007602544999827,14.453
STAGE_MODEL_INFER,4,22.05805363699983,14.301
STAGE_MODEL_INFER,4,22.108549570999458,13.928
STAGE_MODEL_INFER,4,22.158921746000487,13.928
STAGE_MODEL_INFER,4,22.209368764999454,13.984
STAGE_MODEL_INFER,4,22.25986077500056,13.984
STAGE_MODEL_INFER,4,22.310304321999865,14.082
STAGE_MODEL_INFER,4,22.360684303999733,14.082
STAGE_MODEL_INFER,4,22.411202522000167,14.048
STAGE_MODEL_INFER,4,22.461527269000726,14.048
STAGE_MODEL_INFER,4,22.511982493000687,13.907
STAGE_MODEL_INFER,4,22.562518111000827,13.907
STAGE_MODEL_INFER,4,22.612963055000364,14.046
STAGE_MODEL_INFER,4,22.66331598999932,13.89
STAGE_MODEL_INFER,4,22.713620153999727,13.89
STAGE_MODEL_INFER,4,22.764008693000505,13.904
STAGE_MODEL_INFER,4,22.814372610000646,13.904
STAGE_MODEL_INFER,4,22.86479404000056,13.988
STAGE_MODEL_INFER,4,22.915177885000958,13.988
STAGE_MODEL_INFER,4,22.965523151000525,14.117
STAGE_MODEL_INFER,4,23.015887220999502,14.117
STAGE_MODEL_INFER,4,23.066210058999786,14.205
STAGE_MODEL_INFER,4,23.116583470000478,14.538
STAGE_MODEL_INFER,4,23.16699647399946,14.538
STAGE_MODEL_INFER,4,23.217341260000467,14.417
STAGE_MODEL_INFER,4,23.267744225999195,14.417
STAGE_MODEL_INFER,4,23.31819152999924,14.204
STAGE_MODEL_INFER,4,23.36848199400083,14.204
STAGE_MODEL_INFER,4,23.42207757700089,14.406
STAGE_MODEL_INFER,4,23.472378431000834,14.406
STAGE_MODEL_INFER,4,23.522728433999873,14.375
STAGE_MODEL_INFER,4,23.573131741999532,14.247
STAGE_MODEL_INFER,4,23.623668620999524,14.247
STAGE_MODEL_INFER,4,23.674042478000047,14.355
STAGE_MODEL_INFER,4,23.724454618999516,14.355
STAGE_MODEL_INFER,4,23.774881704999643,14.171
STAGE_MODEL_INFER,4,23.82538651700088,14.171
STAGE_MODEL_INFER,4,23.875811936999526,13.929
STAGE_MODEL_INFER,4,23.926236940000308,13.929
STAGE_MODEL_INFER,4,23.976750694000657,13.573
STAGE_MODEL_INFER,4,24.027068508999946,13.573
STAGE_MODEL_INFER,4,24.077401107000696,13.339
STAGE_MODEL_INFER,4,24.127798498999255,13.11
STAGE_MODEL_INFER,4,24.178185501999906,13.11
STAGE_MODEL_INFER,4,24.228501362000316,12.985
STAGE_MODEL_INFER,4,24.278885163999803,12.985
STAGE_MODEL_INFER,4,24.32934600599947,12.815
STAGE_MODEL_INFER,4,24.37974269299957,12.815
STAGE_MODEL_INFER,4,24.43027179300043,12.759
STAGE_MODEL_INFER,4,24.48076364299959,12.759
STAGE_MODEL_INFER,4,24.531191545000183,12.882
STAGE_MODEL_INFER,4,24.58152288599922,12.862
STAGE_MODEL_INFER,4,24.631860350000352,12.862
STAGE_MODEL_INFER,4,24.682276040000943,12.662
STAGE_MODEL_INFER,4,24.732662165000875,12.662
STAGE_MODEL_INFER,4,24.78296987899921,12.962
STAGE_MODEL_INFER,4,24.83346526800051,12.962
STAGE_MODEL_INFER,4,24.88392134700007,13.117
STAGE_MODEL_INFER,4,24.934400576999906,13.117
STAGE_MODEL_INFER,4,24.984829085000456,13.403
STAGE_MODEL_INFER,4,25.035291161000714,13.403
STAGE_MODEL_INFER,4,25.0857866009992,13.623
STAGE_MODEL_INFER,4,25.136148723000588,13.677
STAGE_MODEL_INFER,4,25.18645003399979,13.677
STAGE_MODEL_INFER,4,25.23698256699936,13.929
STAGE_MODEL_INFER,4,25.287398245000077,13.929
STAGE_MODEL_INFER,4,25.33773985299922,14.198
STAGE_MODEL_INFER,4,25.38810182099951,14.198
STAGE_MODEL_INFER,4,25.438571713000783,13.927
STAGE_MODEL_INFER,4,25.488881821000177,13.927
STAGE_MODEL_INFER,4,25.539311209000516,13.912
STAGE_MODEL_INFER,4,25.58970373900047,14.081
STAGE_MODEL_INFER,4,25.640178338000624,14.081
STAGE_MODEL_INFER,4,25.69065336099993,14.099
STAGE_MODEL_INFER,4,25.741083983999488,14.099
STAGE_MODEL_INFER,4,25.791526004000843,13.93
STAGE_MODEL_INFER,4,25.841937388000588,13.93
STAGE_MODEL_INFER,4,25.89227821699933,14.033
STAGE_MODEL_INFER,4,25.942740407999736,14.033
STAGE_MODEL_INFER,4,25.99306195400095,13.766
STAGE_MODEL_INFER,4,26.043387591000283,13.766
STAGE_MODEL_INFER,4,26.09375067399924,13.619
STAGE_MODEL_INFER,4,26.1442449999995,13.446
STAGE_MODEL_INFER,4,26.194583452999723,13.446
STAGE_MODEL_INFER,4,26.2448863059999,13.194
STAGE_MODEL_INFER,4,26.29540786600046,13.194
STAGE_MODEL_INFER,4,26.345976128000984,12.891
STAGE_MODEL_INFER,4,26.396447515000546,12.891
STAGE_MODEL_INFER,4,26.446870566000143,12.892
STAGE_MODEL_INFER,4,26.497202250000555,12.892
STAGE_MODEL_INFER,4,26.54759909600034,12.63
STAGE_MODEL_INFER,4,26.597950829000183,12.219
STAGE_MODEL_INFER,4,26.648278078999283,12.219
STAGE_MODEL_INFER,4,26.698662942999363,12.104
STAGE_MODEL_INFER,4,26.74907473100029,12.104
STAGE_MODEL_INFER,4,26.799755792000724,11.836
STAGE_MODEL_INFER,4,26.850083908999295,11.836
STAGE_MODEL_INFER,4,26.900382574000105,11.388
STAGE_MODEL_INFER,4,26.950732096000138,11.388
STAGE_MODEL_INFER,4,27.00108431300032,11.283
STAGE_MODEL_INFER,4,27.0514832989993,11.283
STAGE_MODEL_INFER,4,27.101779426000576,11.193
STAGE_MODEL_INFER,4,27.15213624900025,11.069
STAGE_MODEL_INFER,4,27.20249748199967,11.069
STAGE_MODEL_INFER,4,27.25284072999966,10.823
STAGE_MODEL_INFER,4,27.30319264299942,10.823
STAGE_MODEL_INFER,4,27.35354026300047,10.774
STAGE_MODEL_INFER,4,27.403898230000777,10.774
STAGE_MODEL_INFER,4,27.454266810000263,10.665
STAGE_MODEL_INFER,4,27.50463291500091,10.665
STAGE_MODEL_INFER,4,27.555090502000894,10.482
STAGE_MODEL_INFER,4,27.605526540999563,10.435
STAGE_MODEL_INFER,4,27.65592423199996,10.435
STAGE_MODEL_INFER,4,27.706252277999738,10.306
STAGE_MODEL_INFER,4,27.75651508900046,10.306
STAGE_MODEL_INFER,4,27.80679279600008,10.349
STAGE_MODEL_INFER,4,27.85709881799994,10.349
STAGE_MODEL_INFER,4,27.907466562999616,10.353
STAGE_MODEL_INFER,4,27.957783600000766,10.353
STAGE_MODEL_INFER,4,28.008156841000527,10.307
STAGE_MODEL_INFER,4,28.058550866999212,10.307
STAGE_MODEL_INFER,4,28.108897968999372,10.307
STAGE_MODEL_INFER,4,28.159216768999613,10.363
STAGE_MODEL_INFER,4,28.209618836999653,10.363
STAGE_MODEL_INFER,4,28.259993206000217,10.361
STAGE_MODEL_INFER,4,28.310421846999816,10.361
STAGE_MODEL_INFER,4,28.360780541999702,10.328
STAGE_MODEL_INFER,4,28.41126689200064,10.328
STAGE_MODEL_INFER,4,28.461599977999867,10.484
STAGE_MODEL_INFER,4,28.511924476000786,10.484
STAGE_MODEL_INFER,4,28.56228523699974,10.645
STAGE_MODEL_INFER,4,28.612736535000295,10.642
STAGE_MODEL_INFER,4,28.663047916999858,10.642
STAGE_MODEL_INFER,4,28.713545720000184,10.639
STAGE_MODEL_INFER,4,28.763997979000123,10.639
STAGE_MODEL_INFER,4,28.814397776000988,10.727
STAGE_MODEL_INFER,4,28.864794802000688,10.727
STAGE_MODEL_INFER,4,28.915109502999258,10.883
STAGE_MODEL_INFER,4,28.965442843000346,10.883
STAGE_MODEL_INFER,4,29.015782079999553,10.935
STAGE_MODEL_INFER,4,29.066100076999646,10.935
STAGE_MODEL_INFER,4,29.11645201200008,10.942
STAGE_MODEL_INFER,4,29.16682645400033,11.035
STAGE_MODEL_INFER,4,29.2172540699994,11.035
STAGE_MODEL_INFER,4,29.26768610200088,11.285
STAGE_MODEL_INFER,4,29.318123523000395,11.285
STAGE_MODEL_INFER,4,29.368632265999622,11.112
STAGE_MODEL_INFER,4,29.418960261000393,11.112
STAGE_MODEL_INFER,4,29.469361460000073,11.217
STAGE_MODEL_INFER,4,29.51971006399981,11.217
STAGE_MODEL_INFER,4,29.570119084999533,11.252
STAGE_MODEL_INFER,4,29.620586070999707,11.331
STAGE_MODEL_INFER,4,29.671015660000194,11.331
STAGE_MODEL_INFER,4,29.72149491699929,11.39
STAGE_MODEL_INFER,4,29.771914225000728,11.39
STAGE_MODEL_INFER,4,29.82232092800041,11.412
STAGE_MODEL_INFER,4,29.872670049999215,11.412
STAGE_MODEL_INFER,4,29.923097261000294,11.471
STAGE_MODEL_INFER,4,29.97346379299961,11.471
