stage,repeat,time_s,power_w
BASELINE_IDLE,0,0.012711916002444923,6.149
BASELINE_IDLE,0,0.064361380005721,6.179
BASELINE_IDLE,0,0.11637056301697157,6.179
BASELINE_IDLE,0,0.16793110201251693,6.184
BASELINE_IDLE,0,0.21958436400745995,6.171
BASELINE_IDLE,0,0.2716280930035282,6.171
BASELINE_IDLE,0,0.32319061300950125,6.108
BASELINE_IDLE,0,0.3746406850113999,6.108
BASELINE_IDLE,0,0.4259860090096481,5.992
BASELINE_IDLE,0,0.4779208319960162,5.992
BASELINE_IDLE,0,0.5297043900063727,6.033
BASELINE_IDLE,0,0.580760133016156,6.033
BASELINE_IDLE,0,0.632174524012953,6.029
BASELINE_IDLE,0,0.683706762996735,6.029
BASELINE_IDLE,0,0.7350558490143158,6.017
BASELINE_IDLE,0,0.7863373880099971,6.017
BASELINE_IDLE,0,0.8378419440123253,6.068
BASELINE_IDLE,0,0.8897598860203288,6.068
BASELINE_IDLE,0,0.9410045960103162,6.034
BASELINE_IDLE,0,0.9923211230197921,6.034
BASELINE_IDLE,0,1.043829258007463,6.001
BASELINE_IDLE,0,1.095023146015592,6.001
BASELINE_IDLE,0,1.1463778650213499,5.995
BASELINE_IDLE,0,1.1973618750052992,5.995
BASELINE_IDLE,0,1.2485651629976928,6.061
BASELINE_IDLE,0,1.3001003880053759,6.061
BASELINE_IDLE,0,1.3512409150134772,6.046
BASELINE_IDLE,0,1.4024851660069544,6.046
BASELINE_IDLE,0,1.453589405020466,6.051
BASELINE_IDLE,0,1.5046856480184942,6.051
BASELINE_IDLE,0,1.5558243480045348,6.031
BASELINE_IDLE,0,1.6073185550048947,6.031
BASELINE_IDLE,0,1.658425902016461,6.093
BASELINE_IDLE,0,1.7098586030188017,6.093
BASELINE_IDLE,0,1.7610890500072856,6.053
BASELINE_IDLE,0,1.8126293800014537,6.053
BASELINE_IDLE,0,1.8641896890185308,6.081
BASELINE_IDLE,0,1.9159433470049407,6.081
BASELINE_IDLE,0,1.9677802580117714,6.051
BASELINE_IDLE,0,2.01854709701729,6.051
BASELINE_IDLE,0,2.0692794140195474,6.051
BASELINE_IDLE,0,2.120284556003753,6.051
BASELINE_IDLE,0,2.171493100002408,6.051
BASELINE_IDLE,0,2.2223808510170784,6.051
BASELINE_IDLE,0,2.2731435900204815,6.051
BASELINE_IDLE,0,2.3241447570035234,6.051
BASELINE_IDLE,0,2.3751177880039904,6.051
BASELINE_IDLE,0,2.4259737399988808,6.051
BASELINE_IDLE,0,2.4769233010010794,6.051
BASELINE_IDLE,0,2.5278704460070003,6.051
BASELINE_IDLE,0,2.5791677680099383,6.051
BASELINE_IDLE,0,2.630050884996308,6.051
BASELINE_IDLE,0,2.6811279320099857,6.051
BASELINE_IDLE,0,2.7321662720059976,6.051
BASELINE_IDLE,0,2.783151548996102,6.051
BASELINE_IDLE,0,2.834380937012611,6.051
BASELINE_IDLE,0,2.8859483870037366,6.051
BASELINE_IDLE,0,2.93690426601097,4.362
BASELINE_IDLE,0,2.9879621940199286,4.362
BASELINE_IDLE,0,3.039062031020876,4.362
BASELINE_IDLE,0,3.0902007310069166,4.362
BASELINE_IDLE,0,3.141250234009931,4.362
BASELINE_IDLE,0,3.1920032300113235,4.362
BASELINE_IDLE,0,3.2429472420189995,4.362
BASELINE_IDLE,0,3.293870171997696,4.362
BASELINE_IDLE,0,3.3446079560089856,4.362
BASELINE_IDLE,0,3.3954627689963672,4.362
BASELINE_IDLE,0,3.4465554250054993,4.362
BASELINE_IDLE,0,3.49762552199536,4.362
BASELINE_IDLE,0,3.5485407450178172,4.362
BASELINE_IDLE,0,3.5996776340180077,4.362
BASELINE_IDLE,0,3.650730615016073,4.362
BASELINE_IDLE,0,3.701850209006807,4.362
BASELINE_IDLE,0,3.752683277009055,4.362
BASELINE_IDLE,0,3.803417350020027,4.362
BASELINE_IDLE,0,3.854655752016697,4.362
BASELINE_IDLE,0,3.905484509014059,4.362
BASELINE_IDLE,0,3.9563944580149837,3.987
BASELINE_IDLE,0,4.007539837009972,3.987
BASELINE_IDLE,0,4.058463399007451,3.987
BASELINE_IDLE,0,4.109387074015103,3.987
BASELINE_IDLE,0,4.160491687012836,3.987
BASELINE_IDLE,0,4.21162950899452,3.987
BASELINE_IDLE,0,4.262457221018849,3.987
BASELINE_IDLE,0,4.313349432020914,3.987
BASELINE_IDLE,0,4.364347823022399,3.987
BASELINE_IDLE,0,4.415175364003517,3.987
BASELINE_IDLE,0,4.466400847013574,3.987
BASELINE_IDLE,0,4.517272309021791,3.987
BASELINE_IDLE,0,4.568227350013331,3.987
BASELINE_IDLE,0,4.619195742008742,3.987
BASELINE_IDLE,0,4.669940332998522,3.987
BASELINE_IDLE,0,4.7207052480080165,3.987
BASELINE_IDLE,0,4.771536362008192,3.987
BASELINE_IDLE,0,4.822377328004222,3.987
BASELINE_IDLE,0,4.872999173006974,3.987
BASELINE_IDLE,0,4.923851193016162,2.665
BASELINE_IDLE,0,4.9747801840130705,2.665
BASELINE_IDLE,0,5.025693489995319,2.665
BASELINE_IDLE,0,5.076670748996548,2.665
BASELINE_IDLE,0,5.12785571400309,2.665
BASELINE_IDLE,0,5.178761710005347,2.665
BASELINE_IDLE,0,5.229586588015081,2.665
BASELINE_IDLE,0,5.280602843005909,2.665
BASELINE_IDLE,0,5.331376076996094,2.665
BASELINE_IDLE,0,5.382449855998857,2.665
BASELINE_IDLE,0,5.433317749004345,2.665
BASELINE_IDLE,0,5.48403328601853,2.665
BASELINE_IDLE,0,5.534928361012135,2.665
BASELINE_IDLE,0,5.585794714017538,2.665
BASELINE_IDLE,0,5.636611852009082,2.665
BASELINE_IDLE,0,5.6875339040125255,2.665
BASELINE_IDLE,0,5.738417768996442,2.665
BASELINE_IDLE,0,5.7891850779997185,2.665
BASELINE_IDLE,0,5.839999290998094,2.665
BASELINE_IDLE,0,5.8909807500022,2.665
BASELINE_IDLE,0,5.9418356899986975,1.698
BASELINE_IDLE,0,5.992920379998395,1.698
BASELINE_IDLE,0,6.043958016001852,1.698
BASELINE_IDLE,0,6.094853201007936,1.698
BASELINE_IDLE,0,6.145809712994378,1.698
BASELINE_IDLE,0,6.19720536499517,1.698
BASELINE_IDLE,0,6.2481611300027,1.698
BASELINE_IDLE,0,6.299175932013895,1.698
BASELINE_IDLE,0,6.350085120997392,1.698
BASELINE_IDLE,0,6.400920312007656,1.698
BASELINE_IDLE,0,6.451908114016987,1.698
BASELINE_IDLE,0,6.502929734007921,1.698
BASELINE_IDLE,0,6.553757465007948,1.698
BASELINE_IDLE,0,6.60486453899648,1.698
BASELINE_IDLE,0,6.656218061019899,1.698
BASELINE_IDLE,0,6.707248999009607,1.698
BASELINE_IDLE,0,6.758263910014648,1.698
BASELINE_IDLE,0,6.809156116010854,1.698
BASELINE_IDLE,0,6.860212783998577,1.698
BASELINE_IDLE,0,6.911572212004103,1.698
BASELINE_IDLE,0,6.9624892419960815,1.733
BASELINE_IDLE,0,7.014469701010967,1.733
BASELINE_IDLE,0,7.066536583995912,1.72
BASELINE_IDLE,0,7.118489687010879,1.735
BASELINE_IDLE,0,7.170631768996827,1.735
BASELINE_IDLE,0,7.22236553102266,1.638
BASELINE_IDLE,0,7.274712055019336,1.638
BASELINE_IDLE,0,7.327136430016253,1.711
BASELINE_IDLE,0,7.37887436200981,1.711
BASELINE_IDLE,0,7.431284481019247,1.668
BASELINE_IDLE,0,7.483613226999296,1.668
BASELINE_IDLE,0,7.5358495530090295,1.774
BASELINE_IDLE,0,7.587425475008786,1.774
BASELINE_IDLE,0,7.639899194007739,1.659
BASELINE_IDLE,0,7.6918146810203325,1.659
BASELINE_IDLE,0,7.749689224001486,1.924
BASELINE_IDLE,0,7.801244074013084,1.924
BASELINE_IDLE,0,7.853098855004646,1.63
BASELINE_IDLE,0,7.90536859902204,1.63
BASELINE_IDLE,0,7.957170981011586,1.717
BASELINE_IDLE,0,8.008566917007556,1.717
BASELINE_IDLE,0,8.059673651994672,1.717
BASELINE_IDLE,0,8.110810704994947,1.717
BASELINE_IDLE,0,8.161974554008339,1.717
BASELINE_IDLE,0,8.212838802020997,1.717
BASELINE_IDLE,0,8.264105872018263,1.717
BASELINE_IDLE,0,8.31495347400778,1.717
BASELINE_IDLE,0,8.365827836008975,1.717
BASELINE_IDLE,0,8.416721550020156,1.717
BASELINE_IDLE,0,8.467876559996512,1.717
BASELINE_IDLE,0,8.518798999022692,1.717
BASELINE_IDLE,0,8.569936703017447,1.717
BASELINE_IDLE,0,8.620929743017768,1.717
BASELINE_IDLE,0,8.671703536005225,1.717
BASELINE_IDLE,0,8.722635344020091,1.717
BASELINE_IDLE,0,8.773734771995805,1.717
BASELINE_IDLE,0,8.824907121015713,1.717
BASELINE_IDLE,0,8.876047888014,1.717
BASELINE_IDLE,0,8.926939597004093,1.697
BASELINE_IDLE,0,8.97794426800101,1.697
BASELINE_IDLE,0,9.028967276011826,1.697
BASELINE_IDLE,0,9.080140099016717,1.697
BASELINE_IDLE,0,9.131169002008392,1.697
BASELINE_IDLE,0,9.18210366301355,1.697
BASELINE_IDLE,0,9.233004843001254,1.697
BASELINE_IDLE,0,9.284037264005747,1.697
BASELINE_IDLE,0,9.335092224995606,1.697
BASELINE_IDLE,0,9.385938053019345,1.697
BASELINE_IDLE,0,9.437104337994242,1.697
BASELINE_IDLE,0,9.488153654994676,1.697
BASELINE_IDLE,0,9.539150493015768,1.697
BASELINE_IDLE,0,9.590229985013139,1.697
BASELINE_IDLE,0,9.641279382020002,1.697
BASELINE_IDLE,0,9.692335517000174,1.697
BASELINE_IDLE,0,9.74293701100396,1.697
BASELINE_IDLE,0,9.79380770699936,1.697
BASELINE_IDLE,0,9.84469651200925,1.697
BASELINE_IDLE,0,9.895757125021191,1.697
BASELINE_IDLE,0,9.946665933006443,1.666
BASELINE_IDLE,0,9.99722995099728,1.666
BASELINE_IDLE,0,10.048321135021979,1.666
BASELINE_IDLE,0,10.09923655501916,1.666
BASELINE_IDLE,0,10.149999439017847,1.666
BASELINE_IDLE,0,10.201099235011498,1.666
BASELINE_IDLE,0,10.252335432014661,1.666
BASELINE_IDLE,0,10.303189568017842,1.666
BASELINE_IDLE,0,10.35438899701694,1.666
BASELINE_IDLE,0,10.40551795301144,1.666
BASELINE_IDLE,0,10.456650564010488,1.666
BASELINE_IDLE,0,10.508184644015273,1.666
BASELINE_IDLE,0,10.558907890022965,1.666
BASELINE_IDLE,0,10.60966173800989,1.666
BASELINE_IDLE,0,10.660473818017635,1.666
BASELINE_IDLE,0,10.711273215012625,1.666
BASELINE_IDLE,0,10.762394573015627,1.666
BASELINE_IDLE,0,10.813456942007178,1.666
BASELINE_IDLE,0,10.864286059018923,1.666
BASELINE_IDLE,0,10.918240671016974,1.663
BASELINE_IDLE,0,10.968914863013197,1.663
BASELINE_IDLE,0,11.019744231016375,1.663
BASELINE_IDLE,0,11.070551165001234,1.663
BASELINE_IDLE,0,11.121385284001008,1.663
BASELINE_IDLE,0,11.17219540500082,1.663
BASELINE_IDLE,0,11.224214107001899,1.663
BASELINE_IDLE,0,11.275103112013312,1.663
BASELINE_IDLE,0,11.325673159997677,1.663
BASELINE_IDLE,0,11.376498119003372,1.663
BASELINE_IDLE,0,11.42726523600868,1.663
BASELINE_IDLE,0,11.478298005007673,1.663
BASELINE_IDLE,0,11.529204315011157,1.663
BASELINE_IDLE,0,11.580169335007668,1.663
BASELINE_IDLE,0,11.631072885997128,1.663
BASELINE_IDLE,0,11.682065175002208,1.663
BASELINE_IDLE,0,11.732965903007425,1.663
BASELINE_IDLE,0,11.783958393003559,1.663
BASELINE_IDLE,0,11.834939524997026,1.663
BASELINE_IDLE,0,11.885866497003008,1.663
BASELINE_IDLE,0,11.936839116999181,1.645
BASELINE_IDLE,0,11.988418356020702,1.645
BASELINE_IDLE,0,12.040687558008358,1.678
BASELINE_IDLE,0,12.092289071006235,1.678
BASELINE_IDLE,0,12.144044173008297,1.68
BASELINE_IDLE,0,12.199308767012553,1.68
BASELINE_IDLE,0,12.25145388400415,1.732
BASELINE_IDLE,0,12.303605819994118,1.732
BASELINE_IDLE,0,12.355366419011261,1.681
BASELINE_IDLE,0,12.407443215022795,1.681
BASELINE_IDLE,0,12.459084824018646,1.64
BASELINE_IDLE,0,12.511046894011088,1.827
BASELINE_IDLE,0,12.563056701008463,1.845
BASELINE_IDLE,0,12.61532476200955,1.585
BASELINE_IDLE,0,12.66761910301284,1.585
BASELINE_IDLE,0,12.719332078006119,1.686
BASELINE_IDLE,0,12.770906593999825,1.686
BASELINE_IDLE,0,12.82242126800702,1.6
BASELINE_IDLE,0,12.874383442016551,1.6
BASELINE_IDLE,0,12.926560199994128,2.466
BASELINE_IDLE,0,12.978371647011954,2.466
BASELINE_IDLE,0,13.030024745996343,1.646
BASELINE_IDLE,0,13.081953611021163,1.646
BASELINE_IDLE,0,13.133485461003147,1.848
BASELINE_IDLE,0,13.185529141017469,1.848
BASELINE_IDLE,0,13.237259742018068,1.992
BASELINE_IDLE,0,13.289826571010053,1.992
BASELINE_IDLE,0,13.341614875011146,1.631
BASELINE_IDLE,0,13.400451790017541,1.631
BASELINE_IDLE,0,13.451932861004025,1.746
BASELINE_IDLE,0,13.503528574015945,1.746
BASELINE_IDLE,0,13.555122179997852,1.708
BASELINE_IDLE,0,13.606847134011332,1.708
BASELINE_IDLE,0,13.658421102009015,1.595
BASELINE_IDLE,0,13.710066105006263,1.752
BASELINE_IDLE,0,13.761729492020095,1.811
BASELINE_IDLE,0,13.8135386040085,1.811
BASELINE_IDLE,0,13.86500389900175,1.619
BASELINE_IDLE,0,13.917350161995273,1.909
BASELINE_IDLE,0,13.969284087012056,1.909
BASELINE_IDLE,0,14.021570272016106,1.674
BASELINE_IDLE,0,14.073309793020599,1.674
BASELINE_IDLE,0,14.124915862019407,2.768
BASELINE_IDLE,0,14.17740081300144,2.768
BASELINE_IDLE,0,14.22965541499434,1.617
BASELINE_IDLE,0,14.281913364015054,1.617
BASELINE_IDLE,0,14.33363199501764,1.749
BASELINE_IDLE,0,14.385711455019191,1.749
BASELINE_IDLE,0,14.43806519600912,1.719
BASELINE_IDLE,0,14.48979317600606,1.719
BASELINE_IDLE,0,14.541937805013731,1.692
BASELINE_IDLE,0,14.59335162001662,1.692
BASELINE_IDLE,0,14.644829830998788,1.592
BASELINE_IDLE,0,14.69707639599801,1.791
BASELINE_IDLE,0,14.748767542012502,1.783
BASELINE_IDLE,0,14.800238901021658,1.783
BASELINE_IDLE,0,14.851699068996822,1.6
BASELINE_IDLE,0,14.903392269014148,1.73
BASELINE_IDLE,0,14.954770497017307,1.861
BASELINE_IDLE,0,15.007079980015988,1.861
STAGE_MODEL_POLICY,0,0.0015990390093065798,1.68
STAGE_MODEL_POLICY,0,0.05440076201921329,5.478
STAGE_MODEL_POLICY,0,0.13457192300120369,5.478
STAGE_MODEL_POLICY,0,0.19184572499943897,5.229
STAGE_MODEL_POLICY,0,0.24450356300803833,5.229
STAGE_MODEL_POLICY,0,0.300141074025305,23.118
STAGE_MODEL_POLICY,0,0.35075368802063167,23.118
STAGE_MODEL_POLICY,0,0.4014186180138495,18.056
STAGE_MODEL_POLICY,0,0.4522756190272048,18.056
STAGE_MODEL_POLICY,0,0.5029010230209678,18.027
STAGE_MODEL_POLICY,0,0.554375470004743,13.783
STAGE_MODEL_POLICY,0,0.6056392770260572,13.783
STAGE_MODEL_POLICY,0,0.657021748018451,14.515
STAGE_MODEL_POLICY,0,0.7076522610150278,14.515
STAGE_MODEL_POLICY,0,0.7581949440063909,14.589
STAGE_MODEL_POLICY,0,0.8101540570205543,14.589
STAGE_MODEL_POLICY,0,0.8664480450097471,16.39
STAGE_MODEL_POLICY,0,0.9170657270005904,16.39
STAGE_MODEL_POLICY,0,0.9675916280248202,17.573
STAGE_MODEL_POLICY,0,1.0230232130270451,17.573
STAGE_MODEL_POLICY,0,1.0744130770035554,16.803
STAGE_MODEL_POLICY,0,1.1249024060089141,16.803
STAGE_MODEL_POLICY,0,1.1774708370212466,17.255
STAGE_MODEL_POLICY,0,1.2288116370036732,17.255
STAGE_MODEL_POLICY,0,1.2810489220137242,19.929
STAGE_MODEL_POLICY,0,1.3325160540116485,19.929
STAGE_MODEL_POLICY,0,1.3842701170069631,12.257
STAGE_MODEL_POLICY,0,1.4357081370253582,12.257
STAGE_MODEL_POLICY,0,1.487202549003996,13.179
STAGE_MODEL_POLICY,0,1.5384861850179732,13.179
STAGE_MODEL_POLICY,0,1.5913571980199777,17.027
STAGE_MODEL_POLICY,0,1.6419499870098662,17.027
STAGE_MODEL_POLICY,0,1.6923521000135224,16.917
STAGE_MODEL_POLICY,0,1.7428135340160225,16.917
STAGE_MODEL_POLICY,0,1.7934590780059807,16.914
STAGE_MODEL_POLICY,0,1.8440418190148193,16.914
STAGE_MODEL_POLICY,0,1.8946982530178502,15.441
STAGE_MODEL_POLICY,0,1.9465891200234182,15.441
STAGE_MODEL_POLICY,0,2.0016220700053964,14.765
STAGE_MODEL_POLICY,0,2.052533703012159,14.765
STAGE_MODEL_POLICY,0,2.1029970010276884,12.532
STAGE_MODEL_POLICY,0,2.1536349820089526,12.532
STAGE_MODEL_POLICY,0,2.204427148011746,10.858
STAGE_MODEL_POLICY,0,2.2558774590143003,9.86
STAGE_MODEL_POLICY,0,2.3064872060203925,9.86
STAGE_MODEL_POLICY,0,2.3570227110176347,9.966
STAGE_MODEL_POLICY,0,2.408520982018672,9.966
STAGE_MODEL_POLICY,0,2.460912835027557,10.52
STAGE_MODEL_POLICY,0,2.512280618015211,10.52
STAGE_MODEL_POLICY,0,2.5640227680269163,10.534
STAGE_MODEL_POLICY,0,2.6288356560107786,10.534
STAGE_MODEL_POLICY,0,2.6814101960044354,9.928
STAGE_MODEL_POLICY,0,2.7322235080064274,9.928
STAGE_MODEL_POLICY,0,2.782955087022856,9.9
STAGE_MODEL_POLICY,0,2.833686743018916,9.9
STAGE_MODEL_POLICY,0,2.8843080030055717,10.199
STAGE_MODEL_POLICY,0,2.9358470250153914,10.199
STAGE_MODEL_POLICY,0,2.987730379012646,9.7
STAGE_MODEL_POLICY,0,3.038377979013603,9.7
STAGE_MODEL_POLICY,0,3.0890872290183324,9.69
STAGE_MODEL_POLICY,0,3.140030734008178,9.69
STAGE_MODEL_POLICY,0,3.1905862240237184,9.704
STAGE_MODEL_POLICY,0,3.2411702780227643,9.704
STAGE_MODEL_POLICY,0,3.291839561017696,9.701
STAGE_MODEL_POLICY,0,3.342579989024671,9.701
STAGE_MODEL_POLICY,0,3.393098129017744,9.694
STAGE_MODEL_POLICY,0,3.443942534009693,9.694
STAGE_MODEL_POLICY,0,3.4946151230251417,9.694
STAGE_MODEL_POLICY,0,3.545148639008403,9.694
STAGE_MODEL_POLICY,0,3.5956433120009024,9.69
STAGE_MODEL_POLICY,0,3.6464351390022784,9.69
STAGE_MODEL_POLICY,0,3.696923769020941,9.689
STAGE_MODEL_POLICY,0,3.747882820025552,9.689
STAGE_MODEL_POLICY,0,3.7983846020069905,9.685
STAGE_MODEL_POLICY,0,3.8487964660162106,9.685
STAGE_MODEL_POLICY,0,3.899266290012747,9.685
STAGE_MODEL_POLICY,0,3.9502169309998862,9.685
STAGE_MODEL_POLICY,0,4.000620882026851,9.684
STAGE_MODEL_POLICY,0,4.0509595360199455,9.684
STAGE_MODEL_POLICY,0,4.1013354120077565,9.678
STAGE_MODEL_POLICY,0,4.151777920022141,9.678
STAGE_MODEL_POLICY,0,4.202207337017171,9.678
STAGE_MODEL_POLICY,0,4.252704861020902,9.678
STAGE_MODEL_POLICY,0,4.303065812011482,9.673
STAGE_MODEL_POLICY,0,4.354067661013687,9.673
STAGE_MODEL_POLICY,0,4.404510726017179,8.505
STAGE_MODEL_POLICY,0,4.460146499011898,10.797
STAGE_MODEL_POLICY,0,4.511231280019274,10.152
STAGE_MODEL_POLICY,0,4.571237385011045,9.121
STAGE_MODEL_POLICY,0,4.625792966020526,10.019
STAGE_MODEL_POLICY,0,4.6769491209997796,9.278
STAGE_MODEL_POLICY,0,4.728157069999725,9.278
STAGE_MODEL_POLICY,0,4.7794301790127065,9.743
STAGE_MODEL_POLICY,0,4.829870946006849,9.743
STAGE_MODEL_POLICY,0,4.880423365015304,11.782
STAGE_MODEL_POLICY,0,4.933259592013201,11.782
STAGE_MODEL_POLICY,0,4.98437928702333,9.747
STAGE_MODEL_POLICY,0,5.035101393004879,9.747
STAGE_MODEL_POLICY,0,5.086049411009299,9.758
STAGE_MODEL_POLICY,0,5.136709901998984,9.758
STAGE_MODEL_POLICY,0,5.187751532008406,9.753
STAGE_MODEL_POLICY,0,5.241737141011981,9.753
STAGE_MODEL_POLICY,0,5.292615197016858,5.951
STAGE_MODEL_POLICY,0,5.348914611007785,5.951
STAGE_MODEL_POLICY,0,5.4009689840022475,11.693
STAGE_MODEL_POLICY,0,5.452691483020317,9.52
STAGE_MODEL_POLICY,0,5.5045270360133145,8.946
STAGE_MODEL_POLICY,0,5.558796118013561,10.46
STAGE_MODEL_POLICY,0,5.61081060001743,10.46
STAGE_MODEL_POLICY,0,5.6633467840147205,9.802
STAGE_MODEL_POLICY,0,5.7139243010024074,9.802
STAGE_MODEL_POLICY,0,5.768783927022014,9.857
STAGE_MODEL_POLICY,0,5.821354863001034,9.857
STAGE_MODEL_POLICY,0,5.8737416110234335,9.817
STAGE_MODEL_POLICY,0,5.924278008023975,9.817
STAGE_MODEL_POLICY,0,5.974821903015254,9.798
STAGE_MODEL_POLICY,0,6.0254451090004295,9.798
STAGE_MODEL_POLICY,0,6.076259106019279,9.827
STAGE_MODEL_POLICY,0,6.126992194011109,9.827
STAGE_MODEL_POLICY,0,6.177499284007354,9.822
STAGE_MODEL_POLICY,0,6.228147698013345,9.822
STAGE_MODEL_POLICY,0,6.278778879001038,9.824
STAGE_MODEL_POLICY,0,6.329547999019269,9.824
STAGE_MODEL_POLICY,0,6.380034583999077,9.826
STAGE_MODEL_POLICY,0,6.430958499026019,9.826
STAGE_MODEL_POLICY,0,6.481425294012297,9.836
STAGE_MODEL_POLICY,0,6.531969988020137,9.836
STAGE_MODEL_POLICY,0,6.582721037004376,9.842
STAGE_MODEL_POLICY,0,6.633826240024064,9.842
STAGE_MODEL_POLICY,0,6.684750216023531,9.85
STAGE_MODEL_POLICY,0,6.736306025006343,9.85
STAGE_MODEL_POLICY,0,6.787074742023833,9.852
STAGE_MODEL_POLICY,0,6.8375518190150615,9.852
STAGE_MODEL_POLICY,0,6.888036816002568,9.854
STAGE_MODEL_POLICY,0,6.938654384022811,9.854
STAGE_MODEL_POLICY,0,6.989207114005694,9.858
STAGE_MODEL_POLICY,0,7.039836936019128,9.858
STAGE_MODEL_POLICY,0,7.090754254022613,9.862
STAGE_MODEL_POLICY,0,7.141263574012555,9.862
STAGE_MODEL_POLICY,0,7.191733880026732,9.856
STAGE_MODEL_POLICY,0,7.242503833025694,9.856
STAGE_MODEL_POLICY,0,7.293164159025764,9.86
STAGE_MODEL_POLICY,0,7.343812213017372,9.86
STAGE_MODEL_POLICY,0,7.394318156002555,9.863
STAGE_MODEL_POLICY,0,7.445017754012952,9.863
STAGE_MODEL_POLICY,0,7.495517997012939,9.866
STAGE_MODEL_POLICY,0,7.546307111013448,9.866
STAGE_MODEL_POLICY,0,7.597048079012893,9.867
STAGE_MODEL_POLICY,0,7.647669128025882,9.867
STAGE_MODEL_POLICY,0,7.698140765016433,9.864
STAGE_MODEL_POLICY,0,7.748625856009312,9.864
STAGE_MODEL_POLICY,0,7.7994094580062665,9.856
STAGE_MODEL_POLICY,0,7.85015067801578,9.856
STAGE_MODEL_POLICY,0,7.900727903004736,9.858
STAGE_MODEL_POLICY,0,7.951603723020526,9.858
STAGE_MODEL_POLICY,0,8.002370563015575,9.857
STAGE_MODEL_POLICY,0,8.053369596018456,9.862
STAGE_MODEL_POLICY,0,8.10388743801741,9.862
STAGE_MODEL_POLICY,0,8.154943131026812,9.866
STAGE_MODEL_POLICY,0,8.205624432011973,9.866
STAGE_MODEL_POLICY,0,8.256723963015247,9.873
STAGE_MODEL_POLICY,0,8.307323375018314,9.873
STAGE_MODEL_POLICY,0,8.358218337001745,9.875
STAGE_MODEL_POLICY,0,8.408950740005821,9.875
STAGE_MODEL_POLICY,0,8.459597376000602,9.879
STAGE_MODEL_POLICY,0,8.510209124011453,9.879
STAGE_MODEL_POLICY,0,8.560770852025598,9.884
STAGE_MODEL_POLICY,0,8.611527158005629,9.884
STAGE_MODEL_POLICY,0,8.662305907026166,9.884
STAGE_MODEL_POLICY,0,8.712784026021836,9.884
STAGE_MODEL_POLICY,0,8.763496619008947,9.889
STAGE_MODEL_POLICY,0,8.814075183006935,9.889
STAGE_MODEL_POLICY,0,8.864723805018002,9.894
STAGE_MODEL_POLICY,0,8.915429153013974,9.894
STAGE_MODEL_POLICY,0,8.966250615019817,9.894
STAGE_MODEL_POLICY,0,9.016876730020158,9.894
STAGE_MODEL_POLICY,0,9.06771674301126,9.892
STAGE_MODEL_POLICY,0,9.11849065500428,9.892
STAGE_MODEL_POLICY,0,9.169058023020625,9.888
STAGE_MODEL_POLICY,0,9.219917802023701,9.888
STAGE_MODEL_POLICY,0,9.270494231022894,9.889
STAGE_MODEL_POLICY,0,9.321196505014086,9.889
STAGE_MODEL_POLICY,0,9.371856507001212,9.886
STAGE_MODEL_POLICY,0,9.422257398022339,9.886
STAGE_MODEL_POLICY,0,9.472881175024668,9.886
STAGE_MODEL_POLICY,0,9.523692643007962,9.886
STAGE_MODEL_POLICY,0,9.574315113015473,9.883
STAGE_MODEL_POLICY,0,9.624914747022558,9.883
STAGE_MODEL_POLICY,0,9.675461490027374,9.879
STAGE_MODEL_POLICY,0,9.72604946300271,9.879
STAGE_MODEL_POLICY,0,9.776889792003203,9.879
STAGE_MODEL_POLICY,0,9.827447182004107,9.879
STAGE_MODEL_POLICY,0,9.878016269009095,9.881
STAGE_MODEL_POLICY,0,9.92845898901578,9.881
STAGE_MODEL_POLICY,0,9.979000244027702,9.882
STAGE_MODEL_POLICY,0,10.029954797006212,9.882
STAGE_MODEL_POLICY,0,10.080434607021743,9.88
STAGE_MODEL_POLICY,0,10.13098979802453,9.88
STAGE_MODEL_POLICY,0,10.181667431024835,9.885
STAGE_MODEL_POLICY,0,10.232199408026645,9.885
STAGE_MODEL_POLICY,0,10.282697495014872,9.887
STAGE_MODEL_POLICY,0,10.33323022001423,9.887
STAGE_MODEL_POLICY,0,10.38397791000898,9.884
STAGE_MODEL_POLICY,0,10.434552831022302,9.884
STAGE_MODEL_POLICY,0,10.485056085017277,9.882
STAGE_MODEL_POLICY,0,10.535623642004794,9.882
STAGE_MODEL_POLICY,0,10.586100714019267,10.84
STAGE_MODEL_POLICY,0,10.638733949017478,10.84
STAGE_MODEL_POLICY,0,10.689964517019689,9.962
STAGE_MODEL_POLICY,0,10.740502116008429,9.962
STAGE_MODEL_POLICY,0,10.791145375027554,9.884
STAGE_MODEL_POLICY,0,10.842465107009048,9.884
STAGE_MODEL_POLICY,0,10.894556981016649,9.927
STAGE_MODEL_POLICY,0,10.945179762027692,9.927
STAGE_MODEL_POLICY,0,10.995669326017378,13.023
STAGE_MODEL_POLICY,0,11.0526897200034,9.895
STAGE_MODEL_POLICY,0,11.103157645004103,9.895
STAGE_MODEL_POLICY,0,11.153846885019448,9.886
STAGE_MODEL_POLICY,0,11.204207585018594,9.886
STAGE_MODEL_POLICY,0,11.254639220016543,9.885
STAGE_MODEL_POLICY,0,11.305223068018677,9.885
STAGE_MODEL_POLICY,0,11.355679905012948,9.88
STAGE_MODEL_POLICY,0,11.406302373012295,9.88
STAGE_MODEL_POLICY,0,11.457002459006617,9.874
STAGE_MODEL_POLICY,0,11.507639275019756,9.874
STAGE_MODEL_POLICY,0,11.558145685005002,9.869
STAGE_MODEL_POLICY,0,11.608675860014046,9.869
STAGE_MODEL_POLICY,0,11.661616947007133,9.868
STAGE_MODEL_POLICY,0,11.728199171018787,9.868
STAGE_MODEL_POLICY,0,11.778894742019475,10.831
STAGE_MODEL_POLICY,0,11.836524758022279,9.15
STAGE_MODEL_POLICY,0,11.892232387006516,11.062
STAGE_MODEL_POLICY,0,11.943898514000466,11.062
STAGE_MODEL_POLICY,0,11.995121322019259,9.919
STAGE_MODEL_POLICY,0,12.04561069200281,9.919
STAGE_MODEL_POLICY,0,12.096077686001081,9.93
STAGE_MODEL_POLICY,0,12.146569551026914,9.93
STAGE_MODEL_POLICY,0,12.19693485001335,9.941
STAGE_MODEL_POLICY,0,12.247527583007468,9.941
STAGE_MODEL_POLICY,0,12.301378298026975,14.969
STAGE_MODEL_POLICY,0,12.352716530003818,9.692
STAGE_MODEL_POLICY,0,12.409882471023593,9.678
STAGE_MODEL_POLICY,0,12.460406201018486,9.792
STAGE_MODEL_POLICY,0,12.51095125300344,9.792
STAGE_MODEL_POLICY,0,12.56161015102407,9.826
STAGE_MODEL_POLICY,0,12.612233997002477,9.826
STAGE_MODEL_POLICY,0,12.662822955026058,10.919
STAGE_MODEL_POLICY,0,12.714920438011177,9.794
STAGE_MODEL_POLICY,0,12.767113570007496,9.87
STAGE_MODEL_POLICY,0,12.824236035026843,9.916
STAGE_MODEL_POLICY,0,12.875687023013597,10.219
STAGE_MODEL_POLICY,0,12.927870434010401,10.219
STAGE_MODEL_POLICY,0,12.979377616022248,9.938
STAGE_MODEL_POLICY,0,13.030124832002912,9.938
STAGE_MODEL_POLICY,0,13.08066510601202,9.971
STAGE_MODEL_POLICY,0,13.131257947010454,9.971
STAGE_MODEL_POLICY,0,13.181845876009902,9.96
STAGE_MODEL_POLICY,0,13.232444610999664,9.96
STAGE_MODEL_POLICY,0,13.283259714022279,9.948
STAGE_MODEL_POLICY,0,13.334022761002416,9.948
STAGE_MODEL_POLICY,0,13.384632822999265,9.938
STAGE_MODEL_POLICY,0,13.435116358014056,9.938
STAGE_MODEL_POLICY,0,13.48588122901856,17.234
STAGE_MODEL_POLICY,0,13.543246701010503,17.234
STAGE_MODEL_POLICY,0,13.594667940022191,9.894
STAGE_MODEL_POLICY,0,13.645400033012265,9.894
STAGE_MODEL_POLICY,0,13.696287350001512,9.932
STAGE_MODEL_POLICY,0,13.7469809250033,9.932
STAGE_MODEL_POLICY,0,13.797686941019492,10.348
STAGE_MODEL_POLICY,0,13.849232313019456,10.348
STAGE_MODEL_POLICY,0,13.901703189010732,9.857
STAGE_MODEL_POLICY,0,13.952309855027124,10.78
STAGE_MODEL_POLICY,0,14.003314625006169,10.78
STAGE_MODEL_POLICY,0,14.057202911004424,9.945
STAGE_MODEL_POLICY,0,14.107735597004648,9.945
STAGE_MODEL_POLICY,0,14.158390651020454,9.938
STAGE_MODEL_POLICY,0,14.20889527600957,9.938
STAGE_MODEL_POLICY,0,14.266399154003011,11.431
STAGE_MODEL_POLICY,0,14.317908453027485,11.431
STAGE_MODEL_POLICY,0,14.371346719999565,9.949
STAGE_MODEL_POLICY,0,14.422061372024473,9.949
STAGE_MODEL_POLICY,0,14.47251413500635,9.959
STAGE_MODEL_POLICY,0,14.523006287025055,9.959
STAGE_MODEL_POLICY,0,14.573533108021365,9.954
STAGE_MODEL_POLICY,0,14.624459809012478,9.954
STAGE_MODEL_POLICY,0,14.674973576009506,9.946
STAGE_MODEL_POLICY,0,14.7254936050158,9.946
STAGE_MODEL_POLICY,0,14.776093481021235,9.945
STAGE_MODEL_POLICY,0,14.826579975022469,9.945
STAGE_MODEL_POLICY,0,14.876975621009478,9.942
STAGE_MODEL_POLICY,0,14.927368457021657,9.942
STAGE_MODEL_POLICY,0,14.977914161019726,10.011
STAGE_MODEL_POLICY,0,15.03207750400179,10.011
STAGE_MODEL_POLICY,0,15.08343119500205,9.961
STAGE_MODEL_POLICY,0,15.134042048011906,9.961
STAGE_MODEL_POLICY,0,15.184480517025804,9.935
STAGE_MODEL_POLICY,0,15.235055952012772,9.935
STAGE_MODEL_POLICY,0,15.285816329007503,9.931
STAGE_MODEL_POLICY,0,15.336284953024006,9.931
STAGE_MODEL_POLICY,0,15.3868919640081,9.937
STAGE_MODEL_POLICY,0,15.437521630025003,9.937
STAGE_MODEL_POLICY,0,15.488060032017529,10.914
STAGE_MODEL_POLICY,0,15.539694361010334,8.465
STAGE_MODEL_POLICY,0,15.591071260016179,11.331
STAGE_MODEL_POLICY,0,15.645432300021639,11.331
STAGE_MODEL_POLICY,0,15.696713256009389,9.971
STAGE_MODEL_POLICY,0,15.747254250018159,9.971
STAGE_MODEL_POLICY,0,15.797784601018066,10.497
STAGE_MODEL_POLICY,0,15.849126803019317,16.467
STAGE_MODEL_POLICY,0,15.900633178011049,16.467
STAGE_MODEL_POLICY,0,15.951940807019128,9.99
STAGE_MODEL_POLICY,0,16.002833415026544,9.99
STAGE_MODEL_POLICY,0,16.05322407800122,9.96
STAGE_MODEL_POLICY,0,16.103696357022272,9.96
STAGE_MODEL_POLICY,0,16.154276355024194,9.952
STAGE_MODEL_POLICY,0,16.204656873014756,9.952
STAGE_MODEL_POLICY,0,16.25515947601525,9.948
STAGE_MODEL_POLICY,0,16.305838236003183,9.948
STAGE_MODEL_POLICY,0,16.35655096801929,11.0
STAGE_MODEL_POLICY,0,16.408101573004387,7.953
STAGE_MODEL_POLICY,0,16.46065185702173,10.69
STAGE_MODEL_POLICY,0,16.516510220011696,9.334
STAGE_MODEL_POLICY,0,16.57117561501218,10.388
STAGE_MODEL_POLICY,0,16.622400063002715,8.862
STAGE_MODEL_POLICY,0,16.675088153016986,10.875
STAGE_MODEL_POLICY,0,16.726277687004767,8.914
STAGE_MODEL_POLICY,0,16.777788120001787,11.477
STAGE_MODEL_POLICY,0,16.830353877012385,11.477
STAGE_MODEL_POLICY,0,16.881878014013637,9.959
STAGE_MODEL_POLICY,0,16.932545867020963,9.959
STAGE_MODEL_POLICY,0,16.983149254025193,9.95
STAGE_MODEL_POLICY,0,17.033694323006785,9.95
STAGE_MODEL_POLICY,0,17.084470564004732,12.177
STAGE_MODEL_POLICY,0,17.135717416007537,12.177
STAGE_MODEL_POLICY,0,17.18881837502704,9.925
STAGE_MODEL_POLICY,0,17.239537087007193,9.925
STAGE_MODEL_POLICY,0,17.29012342300848,19.392
STAGE_MODEL_POLICY,0,17.345337672013557,19.392
STAGE_MODEL_POLICY,0,17.396834526007297,9.715
STAGE_MODEL_POLICY,0,17.447561624023365,9.715
STAGE_MODEL_POLICY,0,17.498321119026514,10.482
STAGE_MODEL_POLICY,0,17.54996261501219,10.031
STAGE_MODEL_POLICY,0,17.6108408900036,9.978
STAGE_MODEL_POLICY,0,17.66179918902344,10.748
STAGE_MODEL_POLICY,0,17.713332913001068,9.874
STAGE_MODEL_POLICY,0,17.765853445016546,9.761
STAGE_MODEL_POLICY,0,17.81731584999943,9.761
STAGE_MODEL_POLICY,0,17.86868583402247,9.942
STAGE_MODEL_POLICY,0,17.919481179007562,9.942
STAGE_MODEL_POLICY,0,17.97006367900758,11.355
STAGE_MODEL_POLICY,0,18.022523051011376,9.475
STAGE_MODEL_POLICY,0,18.074714750022395,10.846
STAGE_MODEL_POLICY,0,18.12618089999887,10.846
STAGE_MODEL_POLICY,0,18.17853758201818,9.948
STAGE_MODEL_POLICY,0,18.229134219000116,9.948
STAGE_MODEL_POLICY,0,18.27991803601617,9.949
STAGE_MODEL_POLICY,0,18.330537839006865,9.949
STAGE_MODEL_POLICY,0,18.38108466702397,9.927
STAGE_MODEL_POLICY,0,18.431620342016686,9.927
STAGE_MODEL_POLICY,0,18.482107372023165,10.552
STAGE_MODEL_POLICY,0,18.53443910201895,10.552
STAGE_MODEL_POLICY,0,18.591412928013597,10.216
STAGE_MODEL_POLICY,0,18.642126250022557,10.216
STAGE_MODEL_POLICY,0,18.69277353200596,10.066
STAGE_MODEL_POLICY,0,18.743382350017782,10.066
STAGE_MODEL_POLICY,0,18.794089210015954,10.619
STAGE_MODEL_POLICY,0,18.847977902012644,10.619
STAGE_MODEL_POLICY,0,18.899268234003102,9.956
STAGE_MODEL_POLICY,0,18.949812959006522,9.99
STAGE_MODEL_POLICY,0,19.000476689019706,9.99
STAGE_MODEL_POLICY,0,19.051038186007645,9.99
STAGE_MODEL_POLICY,0,19.101668451010482,9.834
STAGE_MODEL_POLICY,0,19.153538465005113,9.987
STAGE_MODEL_POLICY,0,19.20952362101525,9.944
STAGE_MODEL_POLICY,0,19.259926470025675,11.501
STAGE_MODEL_POLICY,0,19.311174155998742,10.017
STAGE_MODEL_POLICY,0,19.373297495010775,10.489
STAGE_MODEL_POLICY,0,19.42491963901557,10.489
STAGE_MODEL_POLICY,0,19.478395812999224,9.917
STAGE_MODEL_POLICY,0,19.52967120500398,9.917
STAGE_MODEL_POLICY,0,19.58792588301003,12.754
STAGE_MODEL_POLICY,0,19.63964958701399,9.072
STAGE_MODEL_POLICY,0,19.691560472012497,14.824
STAGE_MODEL_POLICY,0,19.742990748025477,14.824
STAGE_MODEL_POLICY,0,19.79509016100201,9.948
STAGE_MODEL_POLICY,0,19.845752216002438,9.948
STAGE_MODEL_POLICY,0,19.896610004012473,9.919
STAGE_MODEL_POLICY,0,19.94718303901027,9.919
STAGE_MODEL_POLICY,0,19.997927773016272,5.885
STAGE_MODEL_POLICY,0,20.050656235020142,10.743
STAGE_MODEL_POLICY,0,20.102740915026516,10.743
STAGE_MODEL_POLICY,0,20.154336362000322,9.877
STAGE_MODEL_POLICY,0,20.204858809011057,9.877
STAGE_MODEL_POLICY,0,20.255400490015745,9.882
STAGE_MODEL_POLICY,0,20.306011692009633,9.882
STAGE_MODEL_POLICY,0,20.3564477750042,10.088
STAGE_MODEL_POLICY,0,20.409077809017617,8.743
STAGE_MODEL_POLICY,0,20.464598239021143,10.3
STAGE_MODEL_POLICY,0,20.5157308440248,9.399
STAGE_MODEL_POLICY,0,20.569208087021252,11.23
STAGE_MODEL_POLICY,0,20.62424384901533,10.356
STAGE_MODEL_POLICY,0,20.67646953300573,10.009
STAGE_MODEL_POLICY,0,20.72784223401686,10.009
STAGE_MODEL_POLICY,0,20.78043390001403,9.873
STAGE_MODEL_POLICY,0,20.831110360013554,9.873
STAGE_MODEL_POLICY,0,20.889163344021654,13.825
STAGE_MODEL_POLICY,0,20.940674268000294,13.825
STAGE_MODEL_POLICY,0,20.993452468013857,9.935
STAGE_MODEL_POLICY,0,21.043864247010788,9.935
STAGE_MODEL_POLICY,0,21.094350818020757,9.919
STAGE_MODEL_POLICY,0,21.144803859002423,9.919
STAGE_MODEL_POLICY,0,21.19531700902735,9.913
STAGE_MODEL_POLICY,0,21.245953093020944,9.913
STAGE_MODEL_POLICY,0,21.29674051600159,9.888
STAGE_MODEL_POLICY,0,21.34753651401843,9.888
STAGE_MODEL_POLICY,0,21.398274906008737,9.562
STAGE_MODEL_POLICY,0,21.45024842300336,10.062
STAGE_MODEL_POLICY,0,21.505538135010283,10.438
STAGE_MODEL_POLICY,0,21.562196245999075,9.764
STAGE_MODEL_POLICY,0,21.613670918013668,9.122
STAGE_MODEL_POLICY,0,21.665607035014546,10.836
STAGE_MODEL_POLICY,0,21.721798891026992,8.698
STAGE_MODEL_POLICY,0,21.77797833501245,10.996
STAGE_MODEL_POLICY,0,21.82916760101216,9.188
STAGE_MODEL_POLICY,0,21.88073220301885,10.967
STAGE_MODEL_POLICY,0,21.9331095200032,10.967
STAGE_MODEL_POLICY,0,21.9846081820142,9.927
STAGE_MODEL_POLICY,0,22.035194202006096,9.927
STAGE_MODEL_POLICY,0,22.085872961004497,11.2
STAGE_MODEL_POLICY,0,22.137234447000083,11.2
STAGE_MODEL_POLICY,0,22.19009013500181,9.913
STAGE_MODEL_POLICY,0,22.240851647016825,9.913
STAGE_MODEL_POLICY,0,22.29141902201809,19.356
STAGE_MODEL_POLICY,0,22.34393365602591,19.356
STAGE_MODEL_POLICY,0,22.39531788302702,9.868
STAGE_MODEL_POLICY,0,22.44596985800308,9.868
STAGE_MODEL_POLICY,0,22.49647783700493,9.909
STAGE_MODEL_POLICY,0,22.547169996018056,9.909
STAGE_MODEL_POLICY,0,22.597868112003198,9.901
STAGE_MODEL_POLICY,0,22.648510393017204,10.817
STAGE_MODEL_POLICY,0,22.700341374002164,8.481
STAGE_MODEL_POLICY,0,22.757755930011626,10.529
STAGE_MODEL_POLICY,0,22.80943739702343,10.529
STAGE_MODEL_POLICY,0,22.860645385022508,9.842
STAGE_MODEL_POLICY,0,22.911309545015683,9.842
STAGE_MODEL_POLICY,0,22.96196229502675,10.415
STAGE_MODEL_POLICY,0,23.01463191502262,10.415
STAGE_MODEL_POLICY,0,23.06647976100794,9.929
STAGE_MODEL_POLICY,0,23.116947886999696,9.929
STAGE_MODEL_POLICY,0,23.16747061299975,9.952
STAGE_MODEL_POLICY,0,23.218192699016072,9.952
STAGE_MODEL_POLICY,0,23.268765033019008,9.942
STAGE_MODEL_POLICY,0,23.319425537018105,9.942
STAGE_MODEL_POLICY,0,23.36981896701036,9.929
STAGE_MODEL_POLICY,0,23.42026765801711,9.929
STAGE_MODEL_POLICY,0,23.471036264003487,9.914
STAGE_MODEL_POLICY,0,23.52182342801825,9.914
STAGE_MODEL_POLICY,0,23.572460180002963,19.604
STAGE_MODEL_POLICY,0,23.62587755001732,19.604
STAGE_MODEL_POLICY,0,23.677312539017294,9.77
STAGE_MODEL_POLICY,0,23.727870949020144,9.77
STAGE_MODEL_POLICY,0,23.778483429021435,9.844
STAGE_MODEL_POLICY,0,23.82906721200561,9.844
STAGE_MODEL_POLICY,0,23.87975835101679,10.495
STAGE_MODEL_POLICY,0,23.93113417600398,10.495
STAGE_MODEL_POLICY,0,23.98710358000244,9.967
STAGE_MODEL_POLICY,0,24.037635999004124,9.967
STAGE_MODEL_POLICY,0,24.088202931015985,9.946
STAGE_MODEL_POLICY,0,24.139027577009983,9.946
STAGE_MODEL_POLICY,0,24.189759942004457,9.952
STAGE_MODEL_POLICY,0,24.240457347012125,9.952
STAGE_MODEL_POLICY,0,24.29126150702359,9.945
STAGE_MODEL_POLICY,0,24.342123648006236,9.945
STAGE_MODEL_POLICY,0,24.392657135002082,9.988
STAGE_MODEL_POLICY,0,24.444165236025583,9.988
STAGE_MODEL_POLICY,0,24.50137791002635,9.855
STAGE_MODEL_POLICY,0,24.55269565701019,9.949
STAGE_MODEL_POLICY,0,24.60327613700065,9.949
STAGE_MODEL_POLICY,0,24.654115314013325,9.965
STAGE_MODEL_POLICY,0,24.704629467014456,9.965
STAGE_MODEL_POLICY,0,24.75527206301922,9.967
STAGE_MODEL_POLICY,0,24.805914420023328,9.967
STAGE_MODEL_POLICY,0,24.856386282015592,9.956
STAGE_MODEL_POLICY,0,24.907096045004437,9.956
STAGE_MODEL_POLICY,0,24.957941522006877,9.95
STAGE_MODEL_POLICY,0,25.008712559007108,9.95
STAGE_MODEL_POLICY,0,25.05946326701087,9.961
STAGE_MODEL_POLICY,0,25.110135756025556,9.961
STAGE_MODEL_POLICY,0,25.160748857015278,9.964
STAGE_MODEL_POLICY,0,25.211351066012867,9.964
STAGE_MODEL_POLICY,0,25.26216537601431,9.961
STAGE_MODEL_POLICY,0,25.312767128023552,9.961
STAGE_MODEL_POLICY,0,25.36346198900719,9.961
STAGE_MODEL_POLICY,0,25.414413920021616,9.961
STAGE_MODEL_POLICY,0,25.46520683701965,9.965
STAGE_MODEL_POLICY,0,25.51601670801756,9.965
STAGE_MODEL_POLICY,0,25.56670981401112,9.977
STAGE_MODEL_POLICY,0,25.617458076012554,9.977
STAGE_MODEL_POLICY,0,25.668157163017895,9.962
STAGE_MODEL_POLICY,0,25.71952721301932,9.962
STAGE_MODEL_POLICY,0,25.77013667000574,9.967
STAGE_MODEL_POLICY,0,25.82104598902515,9.967
STAGE_MODEL_POLICY,0,25.871828810020816,9.963
STAGE_MODEL_POLICY,0,25.922619074000977,9.963
STAGE_MODEL_POLICY,0,25.97307726900908,9.956
STAGE_MODEL_POLICY,0,26.0234631820058,9.956
STAGE_MODEL_POLICY,0,26.074103750026552,9.965
STAGE_MODEL_POLICY,0,26.124506486026803,9.965
STAGE_MODEL_POLICY,0,26.17496053900686,9.969
STAGE_MODEL_POLICY,0,26.22548055902007,9.969
STAGE_MODEL_POLICY,0,26.276197792001767,9.966
STAGE_MODEL_POLICY,0,26.327022691024467,9.966
STAGE_MODEL_POLICY,0,26.377774731023237,9.962
STAGE_MODEL_POLICY,0,26.428496610024013,9.962
STAGE_MODEL_POLICY,0,26.479065942025045,9.961
STAGE_MODEL_POLICY,0,26.52960998599883,9.961
STAGE_MODEL_POLICY,0,26.58035360102076,9.951
STAGE_MODEL_POLICY,0,26.6309931470023,9.951
STAGE_MODEL_POLICY,0,26.681577514013043,9.944
STAGE_MODEL_POLICY,0,26.732050423015608,9.944
STAGE_MODEL_POLICY,0,26.782529532007175,9.937
STAGE_MODEL_POLICY,0,26.833101670024917,9.937
STAGE_MODEL_POLICY,0,26.883667387999594,9.935
STAGE_MODEL_POLICY,0,26.93427957702079,9.935
STAGE_MODEL_POLICY,0,26.98472907001269,9.932
STAGE_MODEL_POLICY,0,27.03527900300105,9.932
STAGE_MODEL_POLICY,0,27.085711693012854,11.861
STAGE_MODEL_POLICY,0,27.13689548399998,11.861
STAGE_MODEL_POLICY,0,27.19141075600055,9.893
STAGE_MODEL_POLICY,0,27.24189834401477,9.893
STAGE_MODEL_POLICY,0,27.292342376022134,9.938
STAGE_MODEL_POLICY,0,27.342795829026727,9.938
STAGE_MODEL_POLICY,0,27.393437085003825,9.9
STAGE_MODEL_POLICY,0,27.444199585006572,9.9
STAGE_MODEL_POLICY,0,27.49471405800432,9.885
STAGE_MODEL_POLICY,0,27.545365418016445,9.885
STAGE_MODEL_POLICY,0,27.596040850999998,9.882
STAGE_MODEL_POLICY,0,27.648615747020813,8.595
STAGE_MODEL_POLICY,0,27.71974416699959,12.182
STAGE_MODEL_POLICY,0,27.771628822025377,9.807
STAGE_MODEL_POLICY,0,27.825789184018504,9.807
STAGE_MODEL_POLICY,0,27.877172681008233,9.874
STAGE_MODEL_POLICY,0,27.927826823026408,9.874
STAGE_MODEL_POLICY,0,27.97843200401985,11.058
STAGE_MODEL_POLICY,0,28.02964403902297,11.058
STAGE_MODEL_POLICY,0,28.083870591013692,9.96
STAGE_MODEL_POLICY,0,28.134440619003726,9.96
STAGE_MODEL_POLICY,0,28.185020100005204,9.904
STAGE_MODEL_POLICY,0,28.235688763001235,9.904
STAGE_MODEL_POLICY,0,28.28611210102099,9.927
STAGE_MODEL_POLICY,0,28.336631958023645,9.927
STAGE_MODEL_POLICY,0,28.38736400200287,9.909
STAGE_MODEL_POLICY,0,28.437897148018237,9.909
STAGE_MODEL_POLICY,0,28.488259044010192,9.91
STAGE_MODEL_POLICY,0,28.540172981010983,9.91
STAGE_MODEL_POLICY,0,28.590641747025074,7.341
STAGE_MODEL_POLICY,0,28.642943210026715,7.341
STAGE_MODEL_POLICY,0,28.69876543202554,6.711
STAGE_MODEL_POLICY,0,28.75644387502689,10.69
STAGE_MODEL_POLICY,0,28.80778534602723,10.69
STAGE_MODEL_POLICY,0,28.859244475024752,10.007
STAGE_MODEL_POLICY,0,28.909707017999608,10.007
STAGE_MODEL_POLICY,0,28.960205599025358,9.699
STAGE_MODEL_POLICY,0,29.012819457013393,9.172
STAGE_MODEL_POLICY,0,29.0639730830153,11.035
STAGE_MODEL_POLICY,0,29.115369721024763,11.035
STAGE_MODEL_POLICY,0,29.16741749001085,9.895
STAGE_MODEL_POLICY,0,29.217861702025402,9.895
STAGE_MODEL_POLICY,0,29.276224330009427,10.115
STAGE_MODEL_POLICY,0,29.327401261019986,9.687
STAGE_MODEL_POLICY,0,29.379133069014642,10.578
STAGE_MODEL_POLICY,0,29.430422309000278,10.578
STAGE_MODEL_POLICY,0,29.483302286011167,9.892
STAGE_MODEL_POLICY,0,29.53385513802641,9.892
STAGE_MODEL_POLICY,0,29.584476447023917,18.856
STAGE_MODEL_POLICY,0,29.64059633301804,18.856
STAGE_MODEL_POLICY,0,29.691868616006104,10.055
STAGE_MODEL_POLICY,0,29.742511869000737,10.055
STAGE_MODEL_POLICY,0,29.793101806018967,9.987
STAGE_MODEL_POLICY,0,29.84368914802326,9.987
STAGE_MODEL_POLICY,0,29.894297977007227,7.944
STAGE_MODEL_POLICY,0,29.945749524020357,10.596
STAGE_MODEL_POLICY,0,29.99692741900799,10.596
STAGE_FULL_PIPELINE,0,0.007753046986181289,7.697
STAGE_FULL_PIPELINE,0,0.05831308398046531,7.697
STAGE_FULL_PIPELINE,0,0.10887989198090509,10.607
STAGE_FULL_PIPELINE,0,0.16142468099133112,10.607
STAGE_FULL_PIPELINE,0,0.21399289299733937,9.963
STAGE_FULL_PIPELINE,0,0.2645276469993405,9.963
STAGE_FULL_PIPELINE,0,0.3149554659903515,9.968
STAGE_FULL_PIPELINE,0,0.36545394800486974,9.968
STAGE_FULL_PIPELINE,0,0.42455957498168573,10.708
STAGE_FULL_PIPELINE,0,0.4759312050009612,9.812
STAGE_FULL_PIPELINE,0,0.5273264900024515,10.232
STAGE_FULL_PIPELINE,0,0.5787522250029724,10.232
STAGE_FULL_PIPELINE,0,0.6303583020053338,10.052
STAGE_FULL_PIPELINE,0,0.6808806759945583,10.052
STAGE_FULL_PIPELINE,0,0.7313336609804537,9.992
STAGE_FULL_PIPELINE,0,0.7821145500056446,9.992
STAGE_FULL_PIPELINE,0,0.8327029939973727,10.006
STAGE_FULL_PIPELINE,0,0.8833749030018225,10.006
STAGE_FULL_PIPELINE,0,0.9340481770050246,10.396
STAGE_FULL_PIPELINE,0,0.9863230389892124,10.396
STAGE_FULL_PIPELINE,0,1.0443883029802237,9.882
STAGE_FULL_PIPELINE,0,1.095042105007451,9.882
STAGE_FULL_PIPELINE,0,1.1455868019838817,10.869
STAGE_FULL_PIPELINE,0,1.196983340982115,10.016
STAGE_FULL_PIPELINE,0,1.247518135001883,10.016
STAGE_FULL_PIPELINE,0,1.2980792589951307,9.724
STAGE_FULL_PIPELINE,0,1.351367975003086,9.141
STAGE_FULL_PIPELINE,0,1.4026010819943622,10.952
STAGE_FULL_PIPELINE,0,1.4539853220048826,10.952
STAGE_FULL_PIPELINE,0,1.5054410320008174,9.986
STAGE_FULL_PIPELINE,0,1.5559577359817922,9.986
STAGE_FULL_PIPELINE,0,1.6065150289796293,9.977
STAGE_FULL_PIPELINE,0,1.6571121549932286,9.977
STAGE_FULL_PIPELINE,0,1.7138723559910432,10.318
STAGE_FULL_PIPELINE,0,1.7653708739962894,10.318
STAGE_FULL_PIPELINE,0,1.8190853449923452,9.956
STAGE_FULL_PIPELINE,0,1.8696442169893999,9.956
STAGE_FULL_PIPELINE,0,1.9208536859950982,17.202
STAGE_FULL_PIPELINE,0,1.978827012993861,17.202
STAGE_FULL_PIPELINE,0,2.0300843129807618,10.004
STAGE_FULL_PIPELINE,0,2.0807712840032764,10.004
STAGE_FULL_PIPELINE,0,2.1314656430040486,10.018
STAGE_FULL_PIPELINE,0,2.182082248997176,10.018
STAGE_FULL_PIPELINE,0,2.2330321939953137,10.012
STAGE_FULL_PIPELINE,0,2.2836410849995445,10.012
STAGE_FULL_PIPELINE,0,2.334632296988275,11.029
STAGE_FULL_PIPELINE,0,2.3861377099819947,11.029
STAGE_FULL_PIPELINE,0,2.437595360999694,9.985
STAGE_FULL_PIPELINE,0,2.4879980490077287,9.985
STAGE_FULL_PIPELINE,0,2.538746612990508,8.672
STAGE_FULL_PIPELINE,0,2.600922746991273,10.995
STAGE_FULL_PIPELINE,0,2.6525487729813904,8.843
STAGE_FULL_PIPELINE,0,2.703774119989248,11.425
STAGE_FULL_PIPELINE,0,2.7619564829801675,11.425
STAGE_FULL_PIPELINE,0,2.8136511649936438,10.011
STAGE_FULL_PIPELINE,0,2.86450057500042,10.011
STAGE_FULL_PIPELINE,0,2.9153589000052307,9.931
STAGE_FULL_PIPELINE,0,2.9665491310006473,9.931
STAGE_FULL_PIPELINE,0,3.0194893640000373,9.964
STAGE_FULL_PIPELINE,0,3.0701537159911823,9.964
STAGE_FULL_PIPELINE,0,3.121266853995621,15.867
STAGE_FULL_PIPELINE,0,3.176997484988533,15.867
STAGE_FULL_PIPELINE,0,3.2287196870020125,9.988
STAGE_FULL_PIPELINE,0,3.279301923001185,9.988
STAGE_FULL_PIPELINE,0,3.3302726770052686,9.981
STAGE_FULL_PIPELINE,0,3.3810416919877753,9.981
STAGE_FULL_PIPELINE,0,3.4319017340021674,7.113
STAGE_FULL_PIPELINE,0,3.4839929830050096,7.113
STAGE_FULL_PIPELINE,0,3.5384279129793867,10.347
STAGE_FULL_PIPELINE,0,3.5901304399885703,9.952
STAGE_FULL_PIPELINE,0,3.640788550983416,9.952
STAGE_FULL_PIPELINE,0,3.6920989219797775,10.739
STAGE_FULL_PIPELINE,0,3.7436296359810513,10.739
STAGE_FULL_PIPELINE,0,3.7970112040056847,9.963
STAGE_FULL_PIPELINE,0,3.847608969983412,9.963
STAGE_FULL_PIPELINE,0,3.898056712001562,9.964
STAGE_FULL_PIPELINE,0,3.948687408992555,9.964
STAGE_FULL_PIPELINE,0,3.9991630660078954,9.959
STAGE_FULL_PIPELINE,0,4.0497062130016275,9.959
STAGE_FULL_PIPELINE,0,4.10024201599299,10.691
STAGE_FULL_PIPELINE,0,4.1528039739932865,10.691
STAGE_FULL_PIPELINE,0,4.204189321986632,9.961
STAGE_FULL_PIPELINE,0,4.254699234006694,9.961
STAGE_FULL_PIPELINE,0,4.305358571989927,13.003
STAGE_FULL_PIPELINE,0,4.35742819798179,13.003
STAGE_FULL_PIPELINE,0,4.4106436319998465,9.868
STAGE_FULL_PIPELINE,0,4.461355981999077,9.868
STAGE_FULL_PIPELINE,0,4.51180597700295,9.91
STAGE_FULL_PIPELINE,0,4.562455122999381,9.91
STAGE_FULL_PIPELINE,0,4.613105444004759,9.919
STAGE_FULL_PIPELINE,0,4.664110368001275,9.919
STAGE_FULL_PIPELINE,0,4.714701777003938,10.517
STAGE_FULL_PIPELINE,0,4.76650253200205,10.517
STAGE_FULL_PIPELINE,0,4.817994159995578,9.931
STAGE_FULL_PIPELINE,0,4.875869584997417,9.931
STAGE_FULL_PIPELINE,0,4.926610659982543,10.641
STAGE_FULL_PIPELINE,0,4.980044525000267,10.641
STAGE_FULL_PIPELINE,0,5.031428750982741,9.98
STAGE_FULL_PIPELINE,0,5.08862086100271,10.523
STAGE_FULL_PIPELINE,0,5.140055981988553,10.523
STAGE_FULL_PIPELINE,0,5.1955362249864265,10.031
STAGE_FULL_PIPELINE,0,5.246152515988797,10.031
STAGE_FULL_PIPELINE,0,5.297012844996061,9.987
STAGE_FULL_PIPELINE,0,5.347705836989917,9.987
STAGE_FULL_PIPELINE,0,5.398516600980656,9.965
STAGE_FULL_PIPELINE,0,5.449190412997268,9.965
STAGE_FULL_PIPELINE,0,5.499689791991841,9.975
STAGE_FULL_PIPELINE,0,5.550370843993733,9.975
STAGE_FULL_PIPELINE,0,5.601252100983402,9.982
STAGE_FULL_PIPELINE,0,5.652017485990655,9.982
STAGE_FULL_PIPELINE,0,5.702538651996292,9.979
STAGE_FULL_PIPELINE,0,5.753252220980357,9.979
STAGE_FULL_PIPELINE,0,5.804186439985642,9.983
STAGE_FULL_PIPELINE,0,5.854841749998741,9.983
STAGE_FULL_PIPELINE,0,5.905696340982104,9.976
STAGE_FULL_PIPELINE,0,5.956336070987163,9.976
STAGE_FULL_PIPELINE,0,6.006714247982018,9.975
STAGE_FULL_PIPELINE,0,6.057338238984812,9.975
STAGE_FULL_PIPELINE,0,6.107799809979042,9.969
STAGE_FULL_PIPELINE,0,6.158559342002263,9.969
STAGE_FULL_PIPELINE,0,6.209002419986064,9.973
STAGE_FULL_PIPELINE,0,6.260023648006609,9.973
STAGE_FULL_PIPELINE,0,6.3106539779982995,9.967
STAGE_FULL_PIPELINE,0,6.3612418539996725,9.967
STAGE_FULL_PIPELINE,0,6.411903851985699,9.965
STAGE_FULL_PIPELINE,0,6.462332870985847,9.965
STAGE_FULL_PIPELINE,0,6.512826988007873,9.974
STAGE_FULL_PIPELINE,0,6.563354204990901,9.974
STAGE_FULL_PIPELINE,0,6.613985651987605,9.971
STAGE_FULL_PIPELINE,0,6.664531663991511,9.971
STAGE_FULL_PIPELINE,0,6.715097773005255,9.968
STAGE_FULL_PIPELINE,0,6.765669323998736,9.968
STAGE_FULL_PIPELINE,0,6.816350837005302,9.966
STAGE_FULL_PIPELINE,0,6.866967314999783,9.966
STAGE_FULL_PIPELINE,0,6.917644044995541,9.96
STAGE_FULL_PIPELINE,0,6.968465271987952,9.96
STAGE_FULL_PIPELINE,0,7.0191471579892095,9.963
STAGE_FULL_PIPELINE,0,7.0696850740059745,9.963
STAGE_FULL_PIPELINE,0,7.120436904981034,9.967
STAGE_FULL_PIPELINE,0,7.171084458997939,9.967
STAGE_FULL_PIPELINE,0,7.221739795990288,9.972
STAGE_FULL_PIPELINE,0,7.272319234994939,9.972
STAGE_FULL_PIPELINE,0,7.322997688985197,9.962
STAGE_FULL_PIPELINE,0,7.373762390983757,9.962
STAGE_FULL_PIPELINE,0,7.4243318639928475,9.955
STAGE_FULL_PIPELINE,0,7.47501482500229,9.955
STAGE_FULL_PIPELINE,0,7.526165627001319,9.96
STAGE_FULL_PIPELINE,0,7.576732986985007,9.96
STAGE_FULL_PIPELINE,0,7.627483791002305,9.95
STAGE_FULL_PIPELINE,0,7.67807889499818,9.95
STAGE_FULL_PIPELINE,0,7.728684964007698,9.947
STAGE_FULL_PIPELINE,0,7.779236233007396,9.947
STAGE_FULL_PIPELINE,0,7.829920280986698,9.942
STAGE_FULL_PIPELINE,0,7.880468652991112,9.942
STAGE_FULL_PIPELINE,0,7.931111749989213,9.945
STAGE_FULL_PIPELINE,0,7.9818586990004405,9.945
STAGE_FULL_PIPELINE,0,8.032683978992281,9.943
STAGE_FULL_PIPELINE,0,8.083303961990168,9.943
STAGE_FULL_PIPELINE,0,8.133945883979322,9.944
STAGE_FULL_PIPELINE,0,8.18468537798617,9.944
STAGE_FULL_PIPELINE,0,8.235702014004346,9.944
STAGE_FULL_PIPELINE,0,8.286474806984188,9.944
STAGE_FULL_PIPELINE,0,8.337181998998858,9.95
STAGE_FULL_PIPELINE,0,8.387736169999698,9.951
STAGE_FULL_PIPELINE,0,8.438235490990337,9.951
STAGE_FULL_PIPELINE,0,8.48894026200287,9.952
STAGE_FULL_PIPELINE,0,8.539774236996891,9.952
STAGE_FULL_PIPELINE,0,8.590884226985509,9.947
STAGE_FULL_PIPELINE,0,8.641650047007715,9.947
STAGE_FULL_PIPELINE,0,8.692507975007175,9.952
STAGE_FULL_PIPELINE,0,8.743313571991166,9.952
STAGE_FULL_PIPELINE,0,8.793715528998291,9.948
STAGE_FULL_PIPELINE,0,8.844189986994024,9.948
STAGE_FULL_PIPELINE,0,8.89476207998814,9.95
STAGE_FULL_PIPELINE,0,8.945367651002016,9.95
STAGE_FULL_PIPELINE,0,8.996301081991987,9.951
STAGE_FULL_PIPELINE,0,9.046959220984718,9.951
STAGE_FULL_PIPELINE,0,9.097582754999166,9.96
STAGE_FULL_PIPELINE,0,9.148209089005832,9.96
STAGE_FULL_PIPELINE,0,9.198789696005406,9.959
STAGE_FULL_PIPELINE,0,9.249219966994133,9.959
STAGE_FULL_PIPELINE,0,9.299735612992663,9.951
STAGE_FULL_PIPELINE,0,9.350169882003684,9.951
STAGE_FULL_PIPELINE,0,9.40079407900339,9.937
STAGE_FULL_PIPELINE,0,9.45138707998558,9.937
STAGE_FULL_PIPELINE,0,9.502140313998098,9.935
STAGE_FULL_PIPELINE,0,9.552667287003715,9.935
STAGE_FULL_PIPELINE,0,9.603219965007156,9.937
STAGE_FULL_PIPELINE,0,9.653719600988552,9.937
STAGE_FULL_PIPELINE,0,9.704578554985346,9.94
STAGE_FULL_PIPELINE,0,9.75535195498378,9.94
STAGE_FULL_PIPELINE,0,9.80601608500001,9.935
STAGE_FULL_PIPELINE,0,9.856926598004065,9.935
STAGE_FULL_PIPELINE,0,9.90782097398187,9.947
STAGE_FULL_PIPELINE,0,9.958635736984434,9.947
STAGE_FULL_PIPELINE,0,10.009264164982596,9.954
STAGE_FULL_PIPELINE,0,10.059923164983047,9.954
STAGE_FULL_PIPELINE,0,10.110499583999626,9.952
STAGE_FULL_PIPELINE,0,10.161012992990436,9.952
STAGE_FULL_PIPELINE,0,10.211526002996834,9.949
STAGE_FULL_PIPELINE,0,10.262419573991792,9.949
STAGE_FULL_PIPELINE,0,10.313059951993637,9.947
STAGE_FULL_PIPELINE,0,10.363549826986855,9.947
STAGE_FULL_PIPELINE,0,10.414225863001775,9.95
STAGE_FULL_PIPELINE,0,10.464733348984737,9.95
STAGE_FULL_PIPELINE,0,10.515152124979068,9.962
STAGE_FULL_PIPELINE,0,10.565566195989959,9.962
STAGE_FULL_PIPELINE,0,10.616010044002905,16.025
STAGE_FULL_PIPELINE,0,10.668978831992717,16.025
STAGE_FULL_PIPELINE,0,10.72788903999026,9.859
STAGE_FULL_PIPELINE,0,10.778449069999624,9.859
STAGE_FULL_PIPELINE,0,10.829183745983755,9.906
STAGE_FULL_PIPELINE,0,10.879740068980027,9.906
STAGE_FULL_PIPELINE,0,10.93037027399987,9.919
STAGE_FULL_PIPELINE,0,10.981114271999104,9.919
STAGE_FULL_PIPELINE,0,11.031691380980192,10.621
STAGE_FULL_PIPELINE,0,11.083346177998465,10.621
STAGE_FULL_PIPELINE,0,11.134954617999028,9.922
STAGE_FULL_PIPELINE,0,11.185531074006576,9.922
STAGE_FULL_PIPELINE,0,11.236129573982907,9.977
STAGE_FULL_PIPELINE,0,11.287026704987511,9.959
STAGE_FULL_PIPELINE,0,11.337436545989476,9.959
STAGE_FULL_PIPELINE,0,11.387839992996305,9.971
STAGE_FULL_PIPELINE,0,11.438306169002317,9.971
STAGE_FULL_PIPELINE,0,11.488992722006515,9.954
STAGE_FULL_PIPELINE,0,11.539837257005274,9.954
STAGE_FULL_PIPELINE,0,11.590528509987053,9.96
STAGE_FULL_PIPELINE,0,11.641548043990042,9.96
STAGE_FULL_PIPELINE,0,11.69249123800546,9.959
STAGE_FULL_PIPELINE,0,11.74292732399772,9.959
STAGE_FULL_PIPELINE,0,11.793621399003314,9.961
STAGE_FULL_PIPELINE,0,11.844293987989658,9.961
STAGE_FULL_PIPELINE,0,11.895273667003494,9.96
STAGE_FULL_PIPELINE,0,11.945779203000711,9.96
STAGE_FULL_PIPELINE,0,11.996705759986071,9.959
STAGE_FULL_PIPELINE,0,12.047235437989002,9.959
STAGE_FULL_PIPELINE,0,12.097677145997295,9.96
STAGE_FULL_PIPELINE,0,12.148398881981848,9.96
STAGE_FULL_PIPELINE,0,12.198935307998909,9.956
STAGE_FULL_PIPELINE,0,12.249486401997274,9.956
STAGE_FULL_PIPELINE,0,12.299980274983682,9.945
STAGE_FULL_PIPELINE,0,12.350565564993303,9.945
STAGE_FULL_PIPELINE,0,12.401333426998463,9.94
STAGE_FULL_PIPELINE,0,12.451840255991556,9.94
STAGE_FULL_PIPELINE,0,12.5026802259963,9.929
STAGE_FULL_PIPELINE,0,12.55327930598287,9.929
STAGE_FULL_PIPELINE,0,12.603891036997084,9.932
STAGE_FULL_PIPELINE,0,12.65442633299972,9.932
STAGE_FULL_PIPELINE,0,12.704909047984984,9.917
STAGE_FULL_PIPELINE,0,12.755559382989304,9.917
STAGE_FULL_PIPELINE,0,12.806061373004923,9.693
STAGE_FULL_PIPELINE,0,12.857475153985433,9.693
STAGE_FULL_PIPELINE,0,12.908680193999317,9.948
STAGE_FULL_PIPELINE,0,12.95925103398622,9.948
STAGE_FULL_PIPELINE,0,13.009783299989067,15.941
STAGE_FULL_PIPELINE,0,13.061840106005548,15.941
STAGE_FULL_PIPELINE,0,13.120067179988837,10.134
STAGE_FULL_PIPELINE,0,13.170603381993715,10.134
STAGE_FULL_PIPELINE,0,13.221167431998765,10.095
STAGE_FULL_PIPELINE,0,13.271808447985677,10.095
STAGE_FULL_PIPELINE,0,13.322491498984164,9.983
STAGE_FULL_PIPELINE,0,13.373117737006396,9.983
STAGE_FULL_PIPELINE,0,13.423706303001381,10.01
STAGE_FULL_PIPELINE,0,13.474289303005207,10.01
STAGE_FULL_PIPELINE,0,13.524800897983368,9.453
STAGE_FULL_PIPELINE,0,13.575987180985976,9.453
STAGE_FULL_PIPELINE,0,13.627474819979398,10.159
STAGE_FULL_PIPELINE,0,13.682296736980788,9.343
STAGE_FULL_PIPELINE,0,13.74069763100124,9.322
STAGE_FULL_PIPELINE,0,13.79135231298278,10.196
STAGE_FULL_PIPELINE,0,13.842694905993994,9.376
STAGE_FULL_PIPELINE,0,13.907863050990272,10.952
STAGE_FULL_PIPELINE,0,13.959251394000603,10.952
STAGE_FULL_PIPELINE,0,14.01192004600307,9.982
STAGE_FULL_PIPELINE,0,14.062473309983034,9.982
STAGE_FULL_PIPELINE,0,14.121034243988106,10.094
STAGE_FULL_PIPELINE,0,14.172759273002157,10.094
STAGE_FULL_PIPELINE,0,14.227116333990125,9.861
STAGE_FULL_PIPELINE,0,14.277600784000242,19.516
STAGE_FULL_PIPELINE,0,14.337822000001324,19.516
STAGE_FULL_PIPELINE,0,14.38949954000418,10.11
STAGE_FULL_PIPELINE,0,14.452858229982667,10.11
STAGE_FULL_PIPELINE,0,14.503434093989199,9.874
STAGE_FULL_PIPELINE,0,14.558025029982673,9.874
STAGE_FULL_PIPELINE,0,14.609364795993315,9.872
STAGE_FULL_PIPELINE,0,14.659883868007455,9.872
STAGE_FULL_PIPELINE,0,14.710527561983326,9.909
STAGE_FULL_PIPELINE,0,14.761139142996399,9.909
STAGE_FULL_PIPELINE,0,14.811709103989415,9.904
STAGE_FULL_PIPELINE,0,14.86219826998422,9.904
STAGE_FULL_PIPELINE,0,14.912635791988578,9.926
STAGE_FULL_PIPELINE,0,14.963088261982193,9.926
STAGE_FULL_PIPELINE,0,15.013676809991011,10.062
STAGE_FULL_PIPELINE,0,15.07197813098901,10.062
STAGE_FULL_PIPELINE,0,15.123540492990287,9.942
STAGE_FULL_PIPELINE,0,15.173989654984325,9.942
STAGE_FULL_PIPELINE,0,15.22478378697997,10.396
STAGE_FULL_PIPELINE,0,15.276190845994279,10.396
STAGE_FULL_PIPELINE,0,15.330006284988485,9.892
STAGE_FULL_PIPELINE,0,15.380632550979499,9.892
STAGE_FULL_PIPELINE,0,15.431198315985966,9.9
STAGE_FULL_PIPELINE,0,15.481676725990837,19.767
STAGE_FULL_PIPELINE,0,15.544783022982301,19.767
STAGE_FULL_PIPELINE,0,15.595837184984703,9.736
STAGE_FULL_PIPELINE,0,15.646377584984293,9.736
STAGE_FULL_PIPELINE,0,15.696839014999568,9.847
STAGE_FULL_PIPELINE,0,15.764987725997344,9.847
STAGE_FULL_PIPELINE,0,15.815573036001297,10.106
STAGE_FULL_PIPELINE,0,15.867744599992875,10.106
STAGE_FULL_PIPELINE,0,15.9192236319941,10.026
STAGE_FULL_PIPELINE,0,15.977648412983399,10.026
STAGE_FULL_PIPELINE,0,16.02800821798155,10.009
STAGE_FULL_PIPELINE,0,16.0820648369845,10.009
STAGE_FULL_PIPELINE,0,16.133273237006506,9.986
STAGE_FULL_PIPELINE,0,16.18376069900114,9.986
STAGE_FULL_PIPELINE,0,16.23418884698185,9.959
STAGE_FULL_PIPELINE,0,16.284742505988106,9.959
STAGE_FULL_PIPELINE,0,16.335541070002364,9.959
STAGE_FULL_PIPELINE,0,16.38621282298118,9.955
STAGE_FULL_PIPELINE,0,16.436738088988932,9.955
STAGE_FULL_PIPELINE,0,16.487265386997024,9.958
STAGE_FULL_PIPELINE,0,16.537790784990648,9.958
STAGE_FULL_PIPELINE,0,16.588566072983667,9.952
STAGE_FULL_PIPELINE,0,16.63907917100005,9.952
STAGE_FULL_PIPELINE,0,16.689576573000522,15.14
STAGE_FULL_PIPELINE,0,16.74108753100154,15.14
STAGE_FULL_PIPELINE,0,16.797083718003705,9.94
STAGE_FULL_PIPELINE,0,16.847593190992484,9.94
STAGE_FULL_PIPELINE,0,16.898032425990095,9.923
STAGE_FULL_PIPELINE,0,16.949917207995895,9.923
STAGE_FULL_PIPELINE,0,17.000343741994584,9.674
STAGE_FULL_PIPELINE,0,17.05447967298096,9.674
STAGE_FULL_PIPELINE,0,17.105910521000624,9.855
STAGE_FULL_PIPELINE,0,17.156530296982965,9.855
STAGE_FULL_PIPELINE,0,17.206979198992485,10.364
STAGE_FULL_PIPELINE,0,17.25847232999513,10.563
STAGE_FULL_PIPELINE,0,17.30984145900584,9.491
STAGE_FULL_PIPELINE,0,17.3645003339916,9.491
STAGE_FULL_PIPELINE,0,17.415798464993713,9.951
STAGE_FULL_PIPELINE,0,17.466292444994906,9.951
STAGE_FULL_PIPELINE,0,17.51679594698362,9.837
STAGE_FULL_PIPELINE,0,17.56729687898769,9.837
STAGE_FULL_PIPELINE,0,17.61778671198408,10.715
STAGE_FULL_PIPELINE,0,17.669293315004325,10.715
STAGE_FULL_PIPELINE,0,17.72065636300249,9.943
STAGE_FULL_PIPELINE,0,17.771266801981255,9.943
STAGE_FULL_PIPELINE,0,17.821810039982665,8.809
STAGE_FULL_PIPELINE,0,17.873758731002454,8.809
STAGE_FULL_PIPELINE,0,17.925901824986795,10.046
STAGE_FULL_PIPELINE,0,17.97649514998193,10.046
STAGE_FULL_PIPELINE,0,18.027068783994764,9.986
STAGE_FULL_PIPELINE,0,18.0776733289822,9.986
STAGE_FULL_PIPELINE,0,18.12822526600212,9.966
STAGE_FULL_PIPELINE,0,18.178939757985063,9.966
STAGE_FULL_PIPELINE,0,18.229457679000916,9.722
STAGE_FULL_PIPELINE,0,18.283250412991038,9.933
STAGE_FULL_PIPELINE,0,18.33472859999165,9.927
STAGE_FULL_PIPELINE,0,18.385444963001646,10.102
STAGE_FULL_PIPELINE,0,18.43670565300272,9.499
STAGE_FULL_PIPELINE,0,18.488515186996665,10.438
STAGE_FULL_PIPELINE,0,18.543129089986905,9.697
STAGE_FULL_PIPELINE,0,18.594646140001714,9.753
STAGE_FULL_PIPELINE,0,18.645937826979207,9.753
STAGE_FULL_PIPELINE,0,18.698871259985026,9.912
STAGE_FULL_PIPELINE,0,18.74937427698751,9.912
STAGE_FULL_PIPELINE,0,18.806950035999762,10.323
STAGE_FULL_PIPELINE,0,18.858287746988935,10.323
STAGE_FULL_PIPELINE,0,18.91073962399969,10.015
STAGE_FULL_PIPELINE,0,18.9612295019906,10.015
STAGE_FULL_PIPELINE,0,19.012479672994232,9.977
STAGE_FULL_PIPELINE,0,19.063379414990777,9.977
STAGE_FULL_PIPELINE,0,19.114135662006447,9.98
STAGE_FULL_PIPELINE,0,19.164911703002872,9.98
STAGE_FULL_PIPELINE,0,19.215932671999326,9.972
STAGE_FULL_PIPELINE,0,19.266552408982534,9.972
STAGE_FULL_PIPELINE,0,19.31713014599518,9.963
STAGE_FULL_PIPELINE,0,19.367606476997025,9.963
STAGE_FULL_PIPELINE,0,19.41818303699256,9.962
STAGE_FULL_PIPELINE,0,19.468864958005724,9.962
STAGE_FULL_PIPELINE,0,19.519504639989464,9.954
STAGE_FULL_PIPELINE,0,19.570104279991938,9.954
STAGE_FULL_PIPELINE,0,19.620813369983807,10.112
STAGE_FULL_PIPELINE,0,19.67250634598895,10.112
STAGE_FULL_PIPELINE,0,19.7239002599963,10.046
STAGE_FULL_PIPELINE,0,19.77834831600194,10.046
STAGE_FULL_PIPELINE,0,19.82897874599439,9.057
STAGE_FULL_PIPELINE,0,19.883650339994347,10.005
STAGE_FULL_PIPELINE,0,19.93416281999089,10.005
STAGE_FULL_PIPELINE,0,19.984816020994913,9.945
STAGE_FULL_PIPELINE,0,20.035451542993542,9.945
STAGE_FULL_PIPELINE,0,20.086039738002,9.394
STAGE_FULL_PIPELINE,0,20.140520889981417,9.394
STAGE_FULL_PIPELINE,0,20.197298538987525,9.92
STAGE_FULL_PIPELINE,0,20.247980771993753,9.92
STAGE_FULL_PIPELINE,0,20.298479939985555,9.925
STAGE_FULL_PIPELINE,0,20.348923001001822,9.925
STAGE_FULL_PIPELINE,0,20.399491703981766,9.947
STAGE_FULL_PIPELINE,0,20.450023166980827,9.947
STAGE_FULL_PIPELINE,0,20.50140515199746,9.953
STAGE_FULL_PIPELINE,0,20.552310011989903,9.953
STAGE_FULL_PIPELINE,0,20.602961589000188,11.269
STAGE_FULL_PIPELINE,0,20.655172711005434,11.269
STAGE_FULL_PIPELINE,0,20.70683811599156,8.772
STAGE_FULL_PIPELINE,0,20.767768528981833,8.772
STAGE_FULL_PIPELINE,0,20.819079587992746,10.269
STAGE_FULL_PIPELINE,0,20.871192811988294,10.269
STAGE_FULL_PIPELINE,0,20.92274016200099,9.98
STAGE_FULL_PIPELINE,0,20.980740195984254,9.98
STAGE_FULL_PIPELINE,0,21.031257534981705,9.889
STAGE_FULL_PIPELINE,0,21.09765025100205,10.247
STAGE_FULL_PIPELINE,0,21.149718267988646,10.247
STAGE_FULL_PIPELINE,0,21.202073427004507,9.942
STAGE_FULL_PIPELINE,0,21.252621930994792,9.942
STAGE_FULL_PIPELINE,0,21.31067095597973,9.28
STAGE_FULL_PIPELINE,0,21.362539172987454,9.28
STAGE_FULL_PIPELINE,0,21.415187976992456,10.016
STAGE_FULL_PIPELINE,0,21.46601104500587,10.016
STAGE_FULL_PIPELINE,0,21.527312938007526,9.31
STAGE_FULL_PIPELINE,0,21.57847366799251,9.31
STAGE_FULL_PIPELINE,0,21.63273277800181,10.022
STAGE_FULL_PIPELINE,0,21.68316491798032,10.022
STAGE_FULL_PIPELINE,0,21.733535778999794,10.024
STAGE_FULL_PIPELINE,0,21.78402144400752,10.018
STAGE_FULL_PIPELINE,0,21.834646521980176,10.018
STAGE_FULL_PIPELINE,0,21.885132731986232,10.016
STAGE_FULL_PIPELINE,0,21.93585354599054,10.016
STAGE_FULL_PIPELINE,0,21.986640235991217,9.973
STAGE_FULL_PIPELINE,0,22.039732654986437,9.973
STAGE_FULL_PIPELINE,0,22.097244153992506,10.017
STAGE_FULL_PIPELINE,0,22.147934407985304,10.017
STAGE_FULL_PIPELINE,0,22.198468369984766,9.996
STAGE_FULL_PIPELINE,0,22.25515328499023,10.979
STAGE_FULL_PIPELINE,0,22.31067608098965,9.205
STAGE_FULL_PIPELINE,0,22.362614290992497,9.205
STAGE_FULL_PIPELINE,0,22.414047869999195,10.039
STAGE_FULL_PIPELINE,0,22.464489371981472,10.039
STAGE_FULL_PIPELINE,0,22.51528089400381,10.454
STAGE_FULL_PIPELINE,0,22.567752642993582,10.454
STAGE_FULL_PIPELINE,0,22.619343419995857,10.056
STAGE_FULL_PIPELINE,0,22.66991453198716,10.056
STAGE_FULL_PIPELINE,0,22.72056321898708,7.821
STAGE_FULL_PIPELINE,0,22.77205807098653,7.821
STAGE_FULL_PIPELINE,0,22.824400490004336,9.963
STAGE_FULL_PIPELINE,0,22.875065779982833,9.963
STAGE_FULL_PIPELINE,0,22.92573697899934,10.014
STAGE_FULL_PIPELINE,0,22.976353546982864,10.014
STAGE_FULL_PIPELINE,0,23.026865621999605,14.505
STAGE_FULL_PIPELINE,0,23.07866889698198,14.505
STAGE_FULL_PIPELINE,0,23.12976858598995,10.284
STAGE_FULL_PIPELINE,0,23.18041242499021,10.284
STAGE_FULL_PIPELINE,0,23.231107956991764,10.147
STAGE_FULL_PIPELINE,0,23.28198760098894,10.147
STAGE_FULL_PIPELINE,0,23.332487824984128,9.762
STAGE_FULL_PIPELINE,0,23.384143647999736,9.97
STAGE_FULL_PIPELINE,0,23.43718137900578,9.969
STAGE_FULL_PIPELINE,0,23.48775511200074,9.985
STAGE_FULL_PIPELINE,0,23.538217966997763,9.985
STAGE_FULL_PIPELINE,0,23.588683040987235,10.008
STAGE_FULL_PIPELINE,0,23.639565138000762,10.008
STAGE_FULL_PIPELINE,0,23.690734926000005,9.996
STAGE_FULL_PIPELINE,0,23.741343161003897,9.996
STAGE_FULL_PIPELINE,0,23.79237274400657,9.997
STAGE_FULL_PIPELINE,0,23.842945398995653,9.997
STAGE_FULL_PIPELINE,0,23.893625230994076,9.99
STAGE_FULL_PIPELINE,0,23.944291647989303,9.99
STAGE_FULL_PIPELINE,0,23.995020411995938,9.99
STAGE_FULL_PIPELINE,0,24.045669145998545,9.99
STAGE_FULL_PIPELINE,0,24.096216421981808,9.99
STAGE_FULL_PIPELINE,0,24.146730526001193,9.99
STAGE_FULL_PIPELINE,0,24.19743982498767,9.981
STAGE_FULL_PIPELINE,0,24.248201126989443,9.981
STAGE_FULL_PIPELINE,0,24.298977919999743,9.977
STAGE_FULL_PIPELINE,0,24.34965268499218,9.977
STAGE_FULL_PIPELINE,0,24.400419776007766,9.972
STAGE_FULL_PIPELINE,0,24.451200442999834,9.972
STAGE_FULL_PIPELINE,0,24.501922658993863,9.975
STAGE_FULL_PIPELINE,0,24.552729121001903,9.975
STAGE_FULL_PIPELINE,0,24.603288444981445,9.972
STAGE_FULL_PIPELINE,0,24.65400031299214,9.972
STAGE_FULL_PIPELINE,0,24.70488266000757,9.959
STAGE_FULL_PIPELINE,0,24.75547290299437,9.959
STAGE_FULL_PIPELINE,0,24.80645904497942,9.958
STAGE_FULL_PIPELINE,0,24.85719730600249,9.958
STAGE_FULL_PIPELINE,0,24.907850574003533,9.959
STAGE_FULL_PIPELINE,0,24.958593157993164,9.959
STAGE_FULL_PIPELINE,0,25.009491503005847,9.958
STAGE_FULL_PIPELINE,0,25.0601100899803,9.958
STAGE_FULL_PIPELINE,0,25.11076670498005,9.956
STAGE_FULL_PIPELINE,0,25.161731192987645,9.956
STAGE_FULL_PIPELINE,0,25.212238990003243,9.959
STAGE_FULL_PIPELINE,0,25.262762391997967,9.959
STAGE_FULL_PIPELINE,0,25.31340186300804,9.964
STAGE_FULL_PIPELINE,0,25.36392465798417,9.964
STAGE_FULL_PIPELINE,0,25.414607533981325,9.968
STAGE_FULL_PIPELINE,0,25.465174894983647,9.968
STAGE_FULL_PIPELINE,0,25.51579114800552,9.97
STAGE_FULL_PIPELINE,0,25.566412207990652,9.97
STAGE_FULL_PIPELINE,0,25.617055790004088,9.969
STAGE_FULL_PIPELINE,0,25.667697764991317,9.969
STAGE_FULL_PIPELINE,0,25.718527305987664,9.962
STAGE_FULL_PIPELINE,0,25.769019739003852,9.962
STAGE_FULL_PIPELINE,0,25.819693319004728,9.967
STAGE_FULL_PIPELINE,0,25.870249212981435,9.967
STAGE_FULL_PIPELINE,0,25.921100131003186,9.969
STAGE_FULL_PIPELINE,0,25.971773897006642,9.969
STAGE_FULL_PIPELINE,0,26.022459976986283,9.965
STAGE_FULL_PIPELINE,0,26.07321434500045,9.965
STAGE_FULL_PIPELINE,0,26.123785592993954,9.97
STAGE_FULL_PIPELINE,0,26.174546522001037,9.97
STAGE_FULL_PIPELINE,0,26.2256920109794,9.963
STAGE_FULL_PIPELINE,0,26.276380655996036,9.963
STAGE_FULL_PIPELINE,0,26.327407397999195,9.967
STAGE_FULL_PIPELINE,0,26.378175541991368,9.967
STAGE_FULL_PIPELINE,0,26.428718559996923,9.968
STAGE_FULL_PIPELINE,0,26.479305296001257,9.968
STAGE_FULL_PIPELINE,0,26.530204865004634,9.968
STAGE_FULL_PIPELINE,0,26.580648939998355,9.968
STAGE_FULL_PIPELINE,0,26.63118543298333,9.974
STAGE_FULL_PIPELINE,0,26.6817861799791,9.974
STAGE_FULL_PIPELINE,0,26.732629824982723,9.975
STAGE_FULL_PIPELINE,0,26.78310609300388,9.975
STAGE_FULL_PIPELINE,0,26.833775985985994,9.973
STAGE_FULL_PIPELINE,0,26.884544159984216,9.977
STAGE_FULL_PIPELINE,0,26.935161253990373,9.977
STAGE_FULL_PIPELINE,0,26.985778381000273,9.982
STAGE_FULL_PIPELINE,0,27.036512140999548,9.982
STAGE_FULL_PIPELINE,0,27.087198166991584,9.988
STAGE_FULL_PIPELINE,0,27.137861147988588,9.988
STAGE_FULL_PIPELINE,0,27.18840218798141,9.998
STAGE_FULL_PIPELINE,0,27.23902106899186,9.998
STAGE_FULL_PIPELINE,0,27.289724119997118,9.995
STAGE_FULL_PIPELINE,0,27.340540938981576,9.995
STAGE_FULL_PIPELINE,0,27.39143328400678,9.994
STAGE_FULL_PIPELINE,0,27.44214175399975,9.994
STAGE_FULL_PIPELINE,0,27.492869702982716,9.989
STAGE_FULL_PIPELINE,0,27.543351353990147,9.989
STAGE_FULL_PIPELINE,0,27.594023309997283,9.985
STAGE_FULL_PIPELINE,0,27.64472096899408,9.985
STAGE_FULL_PIPELINE,0,27.695654501003446,9.975
STAGE_FULL_PIPELINE,0,27.746275279001566,9.975
STAGE_FULL_PIPELINE,0,27.796719179983484,9.976
STAGE_FULL_PIPELINE,0,27.84733585099457,9.976
STAGE_FULL_PIPELINE,0,27.898090193979442,9.976
STAGE_FULL_PIPELINE,0,27.948721674998524,9.976
STAGE_FULL_PIPELINE,0,27.99939614298637,9.969
STAGE_FULL_PIPELINE,0,28.04992053800379,9.969
STAGE_FULL_PIPELINE,0,28.100406015990302,9.962
STAGE_FULL_PIPELINE,0,28.150891099998262,9.962
STAGE_FULL_PIPELINE,0,28.201482646982186,9.953
STAGE_FULL_PIPELINE,0,28.251991964003537,9.953
STAGE_FULL_PIPELINE,0,28.302683660993353,9.94
STAGE_FULL_PIPELINE,0,28.35340455698315,9.94
STAGE_FULL_PIPELINE,0,28.403991912986385,9.941
STAGE_FULL_PIPELINE,0,28.454530124989105,9.941
STAGE_FULL_PIPELINE,0,28.505064375000075,9.931
STAGE_FULL_PIPELINE,0,28.55573485599598,9.931
STAGE_FULL_PIPELINE,0,28.60621958298725,8.977
STAGE_FULL_PIPELINE,0,28.657380900986027,9.962
STAGE_FULL_PIPELINE,0,28.708964899007697,10.241
STAGE_FULL_PIPELINE,0,28.76474452399998,10.048
STAGE_FULL_PIPELINE,0,28.8160292749817,9.961
STAGE_FULL_PIPELINE,0,28.868460978002986,9.961
STAGE_FULL_PIPELINE,0,28.91989293100778,9.989
STAGE_FULL_PIPELINE,0,28.970345873007318,9.989
STAGE_FULL_PIPELINE,0,29.02187374100322,7.45
STAGE_FULL_PIPELINE,0,29.073045036988333,7.45
STAGE_FULL_PIPELINE,0,29.127453780994983,9.973
STAGE_FULL_PIPELINE,0,29.177863891003653,9.973
STAGE_FULL_PIPELINE,0,29.228312845982146,9.937
STAGE_FULL_PIPELINE,0,29.27888370899018,9.937
STAGE_FULL_PIPELINE,0,29.32943757699104,9.743
STAGE_FULL_PIPELINE,0,29.383974052994745,9.931
STAGE_FULL_PIPELINE,0,29.43449249799596,9.931
STAGE_FULL_PIPELINE,0,29.485118802986108,9.855
STAGE_FULL_PIPELINE,0,29.539425630006008,9.855
STAGE_FULL_PIPELINE,0,29.590042533003725,9.783
STAGE_FULL_PIPELINE,0,29.641496617987286,10.717
STAGE_FULL_PIPELINE,0,29.695902706007473,10.031
STAGE_FULL_PIPELINE,0,29.74784817598993,10.031
STAGE_FULL_PIPELINE,0,29.799354087997926,10.011
STAGE_FULL_PIPELINE,0,29.850023314997088,10.011
STAGE_FULL_PIPELINE,0,29.90064593599527,9.974
STAGE_FULL_PIPELINE,0,29.95131819898961,9.974
STAGE_FULL_PIPELINE,0,30.0020577670075,9.978
STAGE_MODEL_THRESHOLD,0,0.005021667020628229,9.978
STAGE_MODEL_THRESHOLD,0,0.05560391102335416,10.595
STAGE_MODEL_THRESHOLD,0,0.10706084701814689,10.595
STAGE_MODEL_THRESHOLD,0,0.15865029601263814,9.971
STAGE_MODEL_THRESHOLD,0,0.20920457900501788,9.971
STAGE_MODEL_THRESHOLD,0,0.25987368600908667,9.954
STAGE_MODEL_THRESHOLD,0,0.3105376760067884,9.954
STAGE_MODEL_THRESHOLD,0,0.3610106600099243,6.004
STAGE_MODEL_THRESHOLD,0,0.416532161005307,6.004
STAGE_MODEL_THRESHOLD,0,0.4682390540256165,10.554
STAGE_MODEL_THRESHOLD,0,0.5191331370151602,10.554
STAGE_MODEL_THRESHOLD,0,0.5696496050222777,10.241
STAGE_MODEL_THRESHOLD,0,0.6202169410244096,10.241
STAGE_MODEL_THRESHOLD,0,0.6706400370167103,10.142
STAGE_MODEL_THRESHOLD,0,0.7210511150187813,10.142
STAGE_MODEL_THRESHOLD,0,0.7726491030189209,10.117
STAGE_MODEL_THRESHOLD,0,0.823198666999815,10.117
STAGE_MODEL_THRESHOLD,0,0.8736757790029515,10.093
STAGE_MODEL_THRESHOLD,0,0.9266330990067217,10.093
STAGE_MODEL_THRESHOLD,0,0.9771557640051469,10.243
STAGE_MODEL_THRESHOLD,0,1.0444942310277838,9.688
STAGE_MODEL_THRESHOLD,0,1.0957871400169097,9.688
STAGE_MODEL_THRESHOLD,0,1.1481054840260185,9.976
STAGE_MODEL_THRESHOLD,0,1.1987390330177732,9.976
STAGE_MODEL_THRESHOLD,0,1.259006735024741,11.095
STAGE_MODEL_THRESHOLD,0,1.310232582007302,11.095
STAGE_MODEL_THRESHOLD,0,1.36254958101199,9.989
STAGE_MODEL_THRESHOLD,0,1.4131527230201755,9.989
STAGE_MODEL_THRESHOLD,0,1.4637770510162227,9.984
STAGE_MODEL_THRESHOLD,0,1.5142458360060118,9.984
STAGE_MODEL_THRESHOLD,0,1.5647991570003796,10.007
STAGE_MODEL_THRESHOLD,0,1.6152570020058192,10.007
STAGE_MODEL_THRESHOLD,0,1.6658433230186347,9.997
STAGE_MODEL_THRESHOLD,0,1.7163330150069669,9.997
STAGE_MODEL_THRESHOLD,0,1.7667687380162533,5.952
STAGE_MODEL_THRESHOLD,0,1.8198212330171373,5.952
STAGE_MODEL_THRESHOLD,0,1.8711176560027525,10.514
STAGE_MODEL_THRESHOLD,0,1.9233080230187625,10.514
STAGE_MODEL_THRESHOLD,0,1.979013197007589,9.936
STAGE_MODEL_THRESHOLD,0,2.0296580310096033,9.976
STAGE_MODEL_THRESHOLD,0,2.0801920870144386,9.976
STAGE_MODEL_THRESHOLD,0,2.130639807000989,9.976
STAGE_MODEL_THRESHOLD,0,2.1814978970214725,9.976
STAGE_MODEL_THRESHOLD,0,2.2321869270235766,11.038
STAGE_MODEL_THRESHOLD,0,2.2841946260014083,11.038
STAGE_MODEL_THRESHOLD,0,2.337417627015384,9.959
STAGE_MODEL_THRESHOLD,0,2.388115079025738,9.959
STAGE_MODEL_THRESHOLD,0,2.438667117006844,10.104
STAGE_MODEL_THRESHOLD,0,2.494477972999448,10.104
STAGE_MODEL_THRESHOLD,0,2.5458850530267227,9.998
STAGE_MODEL_THRESHOLD,0,2.59652185899904,9.998
STAGE_MODEL_THRESHOLD,0,2.6472385650267825,12.695
STAGE_MODEL_THRESHOLD,0,2.698487287008902,12.695
STAGE_MODEL_THRESHOLD,0,2.751126604009187,5.929
STAGE_MODEL_THRESHOLD,0,2.807573874015361,5.929
STAGE_MODEL_THRESHOLD,0,2.85893466102425,10.208
STAGE_MODEL_THRESHOLD,0,2.909431129024597,10.208
STAGE_MODEL_THRESHOLD,0,2.960132906009676,10.076
STAGE_MODEL_THRESHOLD,0,3.0107114130223636,10.076
STAGE_MODEL_THRESHOLD,0,3.061261845025001,10.033
STAGE_MODEL_THRESHOLD,0,3.1118063100147992,10.033
STAGE_MODEL_THRESHOLD,0,3.1622515030030627,10.017
STAGE_MODEL_THRESHOLD,0,3.2126373700157274,10.017
STAGE_MODEL_THRESHOLD,0,3.2638024050102104,10.007
STAGE_MODEL_THRESHOLD,0,3.314426719007315,10.007
STAGE_MODEL_THRESHOLD,0,3.364914925012272,10.007
STAGE_MODEL_THRESHOLD,0,3.41541360001429,10.007
STAGE_MODEL_THRESHOLD,0,3.46591056699981,10.003
STAGE_MODEL_THRESHOLD,0,3.516524839011254,10.003
STAGE_MODEL_THRESHOLD,0,3.5670831730240025,9.995
STAGE_MODEL_THRESHOLD,0,3.6175119300023653,9.995
STAGE_MODEL_THRESHOLD,0,3.668072505010059,9.789
STAGE_MODEL_THRESHOLD,0,3.719409704004647,9.421
STAGE_MODEL_THRESHOLD,0,3.7705496740236413,12.35
STAGE_MODEL_THRESHOLD,0,3.826682181999786,9.966
STAGE_MODEL_THRESHOLD,0,3.8773220800212584,9.966
STAGE_MODEL_THRESHOLD,0,3.92813852801919,5.927
STAGE_MODEL_THRESHOLD,0,3.9797453670180403,5.927
STAGE_MODEL_THRESHOLD,0,4.031135930999881,9.774
STAGE_MODEL_THRESHOLD,0,4.094617433001986,9.774
STAGE_MODEL_THRESHOLD,0,4.145252400019672,10.275
STAGE_MODEL_THRESHOLD,0,4.198413533013081,10.275
STAGE_MODEL_THRESHOLD,0,4.2496230540273245,9.918
STAGE_MODEL_THRESHOLD,0,4.308805074018892,9.918
STAGE_MODEL_THRESHOLD,0,4.359228460001759,10.047
STAGE_MODEL_THRESHOLD,0,4.414284065016545,10.047
STAGE_MODEL_THRESHOLD,0,4.465559569012839,9.945
STAGE_MODEL_THRESHOLD,0,4.525576746003935,10.513
STAGE_MODEL_THRESHOLD,0,4.576695513998857,10.513
STAGE_MODEL_THRESHOLD,0,4.631005802017171,9.968
STAGE_MODEL_THRESHOLD,0,4.6815729230002034,9.968
STAGE_MODEL_THRESHOLD,0,4.73219889702159,9.956
STAGE_MODEL_THRESHOLD,0,4.7827266300155316,9.956
STAGE_MODEL_THRESHOLD,0,4.8330714059993625,9.966
STAGE_MODEL_THRESHOLD,0,4.88346114102751,9.966
STAGE_MODEL_THRESHOLD,0,4.93389865901554,12.102
STAGE_MODEL_THRESHOLD,0,4.98598948502331,12.102
STAGE_MODEL_THRESHOLD,0,5.037082298018504,9.998
STAGE_MODEL_THRESHOLD,0,5.0875722380005755,9.998
STAGE_MODEL_THRESHOLD,0,5.137948253017385,10.587
STAGE_MODEL_THRESHOLD,0,5.194790597015526,10.587
STAGE_MODEL_THRESHOLD,0,5.246027878019959,9.923
STAGE_MODEL_THRESHOLD,0,5.2964059650257695,9.923
STAGE_MODEL_THRESHOLD,0,5.3468309480231255,9.941
STAGE_MODEL_THRESHOLD,0,5.397310182015644,9.941
STAGE_MODEL_THRESHOLD,0,5.447768466023263,9.956
STAGE_MODEL_THRESHOLD,0,5.498342504026368,9.956
STAGE_MODEL_THRESHOLD,0,5.548946505005006,9.963
STAGE_MODEL_THRESHOLD,0,5.599380317027681,9.963
STAGE_MODEL_THRESHOLD,0,5.649964456009911,9.97
STAGE_MODEL_THRESHOLD,0,5.70040764901205,9.97
STAGE_MODEL_THRESHOLD,0,5.751086547010345,9.977
STAGE_MODEL_THRESHOLD,0,5.801619191013742,9.977
STAGE_MODEL_THRESHOLD,0,5.852162004011916,9.977
STAGE_MODEL_THRESHOLD,0,5.902610251010628,9.977
STAGE_MODEL_THRESHOLD,0,5.953087155008689,9.951
STAGE_MODEL_THRESHOLD,0,6.004578732012305,9.951
STAGE_MODEL_THRESHOLD,0,6.058615024026949,10.008
STAGE_MODEL_THRESHOLD,0,6.109313484019367,10.008
STAGE_MODEL_THRESHOLD,0,6.159682105004322,10.642
STAGE_MODEL_THRESHOLD,0,6.2108084080100525,9.407
STAGE_MODEL_THRESHOLD,0,6.2700022690114565,14.709
STAGE_MODEL_THRESHOLD,0,6.321329531027004,14.709
STAGE_MODEL_THRESHOLD,0,6.373594546021195,9.958
STAGE_MODEL_THRESHOLD,0,6.424056793010095,5.955
STAGE_MODEL_THRESHOLD,0,6.490582907019416,5.955
STAGE_MODEL_THRESHOLD,0,6.541786757006776,10.542
STAGE_MODEL_THRESHOLD,0,6.592315353016602,10.542
STAGE_MODEL_THRESHOLD,0,6.642811899015214,10.251
STAGE_MODEL_THRESHOLD,0,6.693297866004286,10.251
STAGE_MODEL_THRESHOLD,0,6.7440739430021495,10.173
STAGE_MODEL_THRESHOLD,0,6.794744562008418,10.173
STAGE_MODEL_THRESHOLD,0,6.845376525016036,10.042
STAGE_MODEL_THRESHOLD,0,6.896997043018928,10.042
STAGE_MODEL_THRESHOLD,0,6.951009460026398,9.99
STAGE_MODEL_THRESHOLD,0,7.001948294026079,9.99
STAGE_MODEL_THRESHOLD,0,7.052594847016735,10.631
STAGE_MODEL_THRESHOLD,0,7.107329994003521,9.468
STAGE_MODEL_THRESHOLD,0,7.162629639002262,10.754
STAGE_MODEL_THRESHOLD,0,7.213831370027037,10.075
STAGE_MODEL_THRESHOLD,0,7.266560390999075,9.929
STAGE_MODEL_THRESHOLD,0,7.317818692012224,9.635
STAGE_MODEL_THRESHOLD,0,7.369577538018348,9.969
STAGE_MODEL_THRESHOLD,0,7.42268277000403,9.969
STAGE_MODEL_THRESHOLD,0,7.4739537429995835,9.976
STAGE_MODEL_THRESHOLD,0,7.524539863021346,9.976
STAGE_MODEL_THRESHOLD,0,7.5751496580196545,10.025
STAGE_MODEL_THRESHOLD,0,7.626068072015187,6.138
STAGE_MODEL_THRESHOLD,0,7.681606055004522,6.138
STAGE_MODEL_THRESHOLD,0,7.732854498026427,10.118
STAGE_MODEL_THRESHOLD,0,7.783397153019905,10.118
STAGE_MODEL_THRESHOLD,0,7.83389735899982,10.049
STAGE_MODEL_THRESHOLD,0,7.884550398011925,10.049
STAGE_MODEL_THRESHOLD,0,7.935470313008409,10.038
STAGE_MODEL_THRESHOLD,0,7.986061021016212,10.038
STAGE_MODEL_THRESHOLD,0,8.036705258011352,10.033
STAGE_MODEL_THRESHOLD,0,8.087448930018581,10.033
STAGE_MODEL_THRESHOLD,0,8.137986319023184,10.025
STAGE_MODEL_THRESHOLD,0,8.18869818301755,10.025
STAGE_MODEL_THRESHOLD,0,8.239408590015955,10.018
STAGE_MODEL_THRESHOLD,0,8.289959303016076,10.018
STAGE_MODEL_THRESHOLD,0,8.340509104018565,10.016
STAGE_MODEL_THRESHOLD,0,8.391020449023927,10.016
STAGE_MODEL_THRESHOLD,0,8.441726204007864,10.012
STAGE_MODEL_THRESHOLD,0,8.492181857000105,10.012
STAGE_MODEL_THRESHOLD,0,8.542727164021926,10.006
STAGE_MODEL_THRESHOLD,0,8.59323339900584,10.006
STAGE_MODEL_THRESHOLD,0,8.643697831023019,10.001
STAGE_MODEL_THRESHOLD,0,8.694123065011809,10.001
STAGE_MODEL_THRESHOLD,0,8.744719220005209,9.999
STAGE_MODEL_THRESHOLD,0,8.795175520004705,9.999
STAGE_MODEL_THRESHOLD,0,8.845587581017753,9.986
STAGE_MODEL_THRESHOLD,0,8.89611523601343,9.986
STAGE_MODEL_THRESHOLD,0,8.946615548018599,9.988
STAGE_MODEL_THRESHOLD,0,8.997021948016481,9.988
STAGE_MODEL_THRESHOLD,0,9.047437881003134,9.984
STAGE_MODEL_THRESHOLD,0,9.098442044021795,9.984
STAGE_MODEL_THRESHOLD,0,9.151548980007647,9.991
STAGE_MODEL_THRESHOLD,0,9.207063471025322,9.991
STAGE_MODEL_THRESHOLD,0,9.25769462500466,10.249
STAGE_MODEL_THRESHOLD,0,9.311840549024055,10.249
STAGE_MODEL_THRESHOLD,0,9.363464030000614,9.909
STAGE_MODEL_THRESHOLD,0,9.415885910013458,9.909
STAGE_MODEL_THRESHOLD,0,9.467237318021944,9.979
STAGE_MODEL_THRESHOLD,0,9.517678278003586,9.979
STAGE_MODEL_THRESHOLD,0,9.56816149802762,9.969
STAGE_MODEL_THRESHOLD,0,9.61876567901345,9.969
STAGE_MODEL_THRESHOLD,0,9.669244756019907,9.597
STAGE_MODEL_THRESHOLD,0,9.720328511000844,9.926
STAGE_MODEL_THRESHOLD,0,9.773172742017778,10.144
STAGE_MODEL_THRESHOLD,0,9.824419287004275,10.011
STAGE_MODEL_THRESHOLD,0,9.875845899019623,10.02
STAGE_MODEL_THRESHOLD,0,9.926437043002807,14.348
STAGE_MODEL_THRESHOLD,0,9.977849207003601,14.348
STAGE_MODEL_THRESHOLD,0,10.032316536002327,9.294
STAGE_MODEL_THRESHOLD,0,10.084930470999097,9.294
STAGE_MODEL_THRESHOLD,0,10.141600383009063,10.111
STAGE_MODEL_THRESHOLD,0,10.193518915999448,10.111
STAGE_MODEL_THRESHOLD,0,10.244090143009089,10.283
STAGE_MODEL_THRESHOLD,0,10.297354785026982,10.283
STAGE_MODEL_THRESHOLD,0,10.348644997022348,10.112
STAGE_MODEL_THRESHOLD,0,10.399341345007997,10.112
STAGE_MODEL_THRESHOLD,0,10.449886359012453,10.035
STAGE_MODEL_THRESHOLD,0,10.50049049500376,10.035
STAGE_MODEL_THRESHOLD,0,10.551064525003312,10.05
STAGE_MODEL_THRESHOLD,0,10.601621828012867,10.05
STAGE_MODEL_THRESHOLD,0,10.652129092020914,10.035
STAGE_MODEL_THRESHOLD,0,10.70266015001107,10.035
STAGE_MODEL_THRESHOLD,0,10.753286452003522,10.05
STAGE_MODEL_THRESHOLD,0,10.80378243100131,10.05
STAGE_MODEL_THRESHOLD,0,10.854299864004133,10.873
STAGE_MODEL_THRESHOLD,0,10.90558333901572,10.873
STAGE_MODEL_THRESHOLD,0,10.958125506003853,10.18
STAGE_MODEL_THRESHOLD,0,11.009209552023094,10.18
STAGE_MODEL_THRESHOLD,0,11.059953412011964,10.717
STAGE_MODEL_THRESHOLD,0,11.11750858501182,9.452
STAGE_MODEL_THRESHOLD,0,11.169295213010628,14.765
STAGE_MODEL_THRESHOLD,0,11.22099126302055,9.665
STAGE_MODEL_THRESHOLD,0,11.27287224502652,13.614
STAGE_MODEL_THRESHOLD,0,11.324482195021119,9.981
STAGE_MODEL_THRESHOLD,0,11.375085325998953,9.981
STAGE_MODEL_THRESHOLD,0,11.425645777024329,9.969
STAGE_MODEL_THRESHOLD,0,11.47623201701208,9.969
STAGE_MODEL_THRESHOLD,0,11.52657975902548,10.526
STAGE_MODEL_THRESHOLD,0,11.57963767502224,10.526
STAGE_MODEL_THRESHOLD,0,11.633218229020713,10.142
STAGE_MODEL_THRESHOLD,0,11.683720526023535,10.142
STAGE_MODEL_THRESHOLD,0,11.734277438023128,9.978
STAGE_MODEL_THRESHOLD,0,11.785667721007485,9.162
STAGE_MODEL_THRESHOLD,0,11.836960616026772,10.81
STAGE_MODEL_THRESHOLD,0,11.890966203005519,10.81
STAGE_MODEL_THRESHOLD,0,11.942305992008187,10.042
STAGE_MODEL_THRESHOLD,0,11.992842232022667,10.042
STAGE_MODEL_THRESHOLD,0,12.043388294026954,10.047
STAGE_MODEL_THRESHOLD,0,12.093893757002661,10.047
STAGE_MODEL_THRESHOLD,0,12.144373938004719,10.066
STAGE_MODEL_THRESHOLD,0,12.194819466007175,10.066
STAGE_MODEL_THRESHOLD,0,12.245267980004428,10.093
STAGE_MODEL_THRESHOLD,0,12.295624228019733,10.093
STAGE_MODEL_THRESHOLD,0,12.346022701007314,10.084
STAGE_MODEL_THRESHOLD,0,12.396478871,10.084
STAGE_MODEL_THRESHOLD,0,12.44695654901443,10.089
STAGE_MODEL_THRESHOLD,0,12.497535013011657,10.089
STAGE_MODEL_THRESHOLD,0,12.548213354020845,10.102
STAGE_MODEL_THRESHOLD,0,12.598755790008,10.102
STAGE_MODEL_THRESHOLD,0,12.649427275027847,10.105
STAGE_MODEL_THRESHOLD,0,12.700034464010969,10.105
STAGE_MODEL_THRESHOLD,0,12.750601076026214,10.109
STAGE_MODEL_THRESHOLD,0,12.80114642099943,10.109
STAGE_MODEL_THRESHOLD,0,12.851744951010915,10.116
STAGE_MODEL_THRESHOLD,0,12.902329576027114,10.116
STAGE_MODEL_THRESHOLD,0,12.952885302016512,10.12
STAGE_MODEL_THRESHOLD,0,13.003507726010866,10.12
STAGE_MODEL_THRESHOLD,0,13.054050313017797,10.125
STAGE_MODEL_THRESHOLD,0,13.104608920024475,10.125
STAGE_MODEL_THRESHOLD,0,13.155170453013852,10.127
STAGE_MODEL_THRESHOLD,0,13.205891504010651,10.127
STAGE_MODEL_THRESHOLD,0,13.25642467502621,10.121
STAGE_MODEL_THRESHOLD,0,13.307047033013077,10.121
STAGE_MODEL_THRESHOLD,0,13.357627816003514,10.125
STAGE_MODEL_THRESHOLD,0,13.408225356019102,10.125
STAGE_MODEL_THRESHOLD,0,13.458885787025793,10.134
STAGE_MODEL_THRESHOLD,0,13.509462508023717,10.134
STAGE_MODEL_THRESHOLD,0,13.559947560017463,10.134
STAGE_MODEL_THRESHOLD,0,13.610457533010049,10.134
STAGE_MODEL_THRESHOLD,0,13.660918944020523,10.128
STAGE_MODEL_THRESHOLD,0,13.711440967017552,10.128
STAGE_MODEL_THRESHOLD,0,13.761879393015988,10.122
STAGE_MODEL_THRESHOLD,0,13.812564321007812,10.122
STAGE_MODEL_THRESHOLD,0,13.863292865018593,10.116
STAGE_MODEL_THRESHOLD,0,13.913931299000978,10.116
STAGE_MODEL_THRESHOLD,0,13.964693613001145,10.11
STAGE_MODEL_THRESHOLD,0,14.01524360102485,10.11
STAGE_MODEL_THRESHOLD,0,14.065757713018684,10.106
STAGE_MODEL_THRESHOLD,0,14.116292908001924,10.106
STAGE_MODEL_THRESHOLD,0,14.167040980013553,10.108
STAGE_MODEL_THRESHOLD,0,14.217641369003104,10.108
STAGE_MODEL_THRESHOLD,0,14.268190428003436,10.102
STAGE_MODEL_THRESHOLD,0,14.318704608012922,10.102
STAGE_MODEL_THRESHOLD,0,14.36928436200833,10.089
STAGE_MODEL_THRESHOLD,0,14.420007046021055,10.089
STAGE_MODEL_THRESHOLD,0,14.47126605900121,10.781
STAGE_MODEL_THRESHOLD,0,14.522924615012016,9.996
STAGE_MODEL_THRESHOLD,0,14.573666203010362,9.996
STAGE_MODEL_THRESHOLD,0,14.624429711024277,12.254
STAGE_MODEL_THRESHOLD,0,14.683134140010225,12.254
STAGE_MODEL_THRESHOLD,0,14.740549914014991,15.504
STAGE_MODEL_THRESHOLD,0,14.794965942011913,15.504
STAGE_MODEL_THRESHOLD,0,14.846476950013312,10.056
STAGE_MODEL_THRESHOLD,0,14.896937899000477,10.056
STAGE_MODEL_THRESHOLD,0,14.947483544005081,6.119
STAGE_MODEL_THRESHOLD,0,14.998660478013335,6.119
STAGE_MODEL_THRESHOLD,0,15.052748633024748,10.684
STAGE_MODEL_THRESHOLD,0,15.1034404070233,10.684
STAGE_MODEL_THRESHOLD,0,15.154065571026877,10.335
STAGE_MODEL_THRESHOLD,0,15.204595148010412,10.335
STAGE_MODEL_THRESHOLD,0,15.25500605601701,10.979
STAGE_MODEL_THRESHOLD,0,15.306165525020333,10.979
STAGE_MODEL_THRESHOLD,0,15.362802016024943,9.594
STAGE_MODEL_THRESHOLD,0,15.413303899025777,9.594
STAGE_MODEL_THRESHOLD,0,15.463751723000314,10.95
STAGE_MODEL_THRESHOLD,0,15.517170450999402,9.111
STAGE_MODEL_THRESHOLD,0,15.57440929702716,11.113
STAGE_MODEL_THRESHOLD,0,15.626054549007677,11.003
STAGE_MODEL_THRESHOLD,0,15.682580441003665,10.444
STAGE_MODEL_THRESHOLD,0,15.748218565015122,9.999
STAGE_MODEL_THRESHOLD,0,15.799517205014126,9.766
STAGE_MODEL_THRESHOLD,0,15.851539036026224,10.783
STAGE_MODEL_THRESHOLD,0,15.903573642019182,10.783
STAGE_MODEL_THRESHOLD,0,15.956011500005843,10.076
STAGE_MODEL_THRESHOLD,0,16.006760721007595,10.076
STAGE_MODEL_THRESHOLD,0,16.057233995001297,10.048
STAGE_MODEL_THRESHOLD,0,16.107841718010604,10.048
STAGE_MODEL_THRESHOLD,0,16.1586433230259,10.042
STAGE_MODEL_THRESHOLD,0,16.209146059001796,10.042
STAGE_MODEL_THRESHOLD,0,16.25955894801882,10.291
STAGE_MODEL_THRESHOLD,0,16.312148820026778,10.291
STAGE_MODEL_THRESHOLD,0,16.363309248001315,10.044
STAGE_MODEL_THRESHOLD,0,16.413853843027027,10.044
STAGE_MODEL_THRESHOLD,0,16.46437187702395,10.036
STAGE_MODEL_THRESHOLD,0,16.514937059022486,10.036
STAGE_MODEL_THRESHOLD,0,16.565367506002076,10.039
STAGE_MODEL_THRESHOLD,0,16.6224732180126,10.783
STAGE_MODEL_THRESHOLD,0,16.673520782002015,10.783
STAGE_MODEL_THRESHOLD,0,16.7289574870083,10.06
STAGE_MODEL_THRESHOLD,0,16.77954783302266,10.06
STAGE_MODEL_THRESHOLD,0,16.829913855006453,10.061
STAGE_MODEL_THRESHOLD,0,16.880306743027177,10.061
STAGE_MODEL_THRESHOLD,0,16.93072132402449,10.028
STAGE_MODEL_THRESHOLD,0,16.98779909100267,10.028
STAGE_MODEL_THRESHOLD,0,17.039044285018463,10.08
STAGE_MODEL_THRESHOLD,0,17.089576107013272,10.08
STAGE_MODEL_THRESHOLD,0,17.140139808005188,10.093
STAGE_MODEL_THRESHOLD,0,17.19060581701342,10.093
STAGE_MODEL_THRESHOLD,0,17.241049788019154,7.493
STAGE_MODEL_THRESHOLD,0,17.292630182026187,7.493
STAGE_MODEL_THRESHOLD,0,17.34573102000286,6.453
STAGE_MODEL_THRESHOLD,0,17.40239652901073,6.453
STAGE_MODEL_THRESHOLD,0,17.454156436026096,10.345
STAGE_MODEL_THRESHOLD,0,17.504604016023222,10.345
STAGE_MODEL_THRESHOLD,0,17.555265900009545,10.917
STAGE_MODEL_THRESHOLD,0,17.606880385021213,10.917
STAGE_MODEL_THRESHOLD,0,17.66036254100618,10.07
STAGE_MODEL_THRESHOLD,0,17.710884081025142,10.07
STAGE_MODEL_THRESHOLD,0,17.761263373016845,10.356
STAGE_MODEL_THRESHOLD,0,17.81277084501926,10.356
STAGE_MODEL_THRESHOLD,0,17.864112899027532,9.944
STAGE_MODEL_THRESHOLD,0,17.917018275009468,9.944
STAGE_MODEL_THRESHOLD,0,17.975249259005068,9.948
STAGE_MODEL_THRESHOLD,0,18.026031894027255,11.231
STAGE_MODEL_THRESHOLD,0,18.07783676800318,9.556
STAGE_MODEL_THRESHOLD,0,18.142369790002704,11.005
STAGE_MODEL_THRESHOLD,0,18.193860868021147,11.005
STAGE_MODEL_THRESHOLD,0,18.24624325602781,10.113
STAGE_MODEL_THRESHOLD,0,18.296821844007354,10.113
STAGE_MODEL_THRESHOLD,0,18.35564957902534,12.375
STAGE_MODEL_THRESHOLD,0,18.406844175013248,18.114
STAGE_MODEL_THRESHOLD,0,18.472542187024374,18.114
STAGE_MODEL_THRESHOLD,0,18.523932296026032,9.882
STAGE_MODEL_THRESHOLD,0,18.578391290007858,9.911
STAGE_MODEL_THRESHOLD,0,18.62886996002635,9.995
STAGE_MODEL_THRESHOLD,0,18.679584774014074,9.995
STAGE_MODEL_THRESHOLD,0,18.73016651402577,10.047
STAGE_MODEL_THRESHOLD,0,18.78646722700796,10.047
STAGE_MODEL_THRESHOLD,0,18.837058369012084,10.597
STAGE_MODEL_THRESHOLD,0,18.89192910102429,10.597
STAGE_MODEL_THRESHOLD,0,18.943331820017193,10.117
STAGE_MODEL_THRESHOLD,0,18.99391384102637,10.117
STAGE_MODEL_THRESHOLD,0,19.04443541902583,10.098
STAGE_MODEL_THRESHOLD,0,19.094841996004106,10.098
STAGE_MODEL_THRESHOLD,0,19.145512386021437,10.955
STAGE_MODEL_THRESHOLD,0,19.196867903025122,8.965
STAGE_MODEL_THRESHOLD,0,19.249668422009563,11.06
STAGE_MODEL_THRESHOLD,0,19.30704575200798,11.06
STAGE_MODEL_THRESHOLD,0,19.3584418130049,10.092
STAGE_MODEL_THRESHOLD,0,19.409068945999024,10.092
STAGE_MODEL_THRESHOLD,0,19.459705669025425,10.082
STAGE_MODEL_THRESHOLD,0,19.51037822602666,10.082
STAGE_MODEL_THRESHOLD,0,19.560906793019967,12.811
STAGE_MODEL_THRESHOLD,0,19.613409947021864,12.811
STAGE_MODEL_THRESHOLD,0,19.66609211501782,10.153
STAGE_MODEL_THRESHOLD,0,19.716841456014663,10.153
STAGE_MODEL_THRESHOLD,0,19.767225818010047,10.118
STAGE_MODEL_THRESHOLD,0,19.817762634018436,10.118
STAGE_MODEL_THRESHOLD,0,19.868551611027215,10.119
STAGE_MODEL_THRESHOLD,0,19.919232607004233,10.119
STAGE_MODEL_THRESHOLD,0,19.969992433005245,6.07
STAGE_MODEL_THRESHOLD,0,20.024443105008686,11.112
STAGE_MODEL_THRESHOLD,0,20.076289276010357,11.112
STAGE_MODEL_THRESHOLD,0,20.12822884900379,10.078
STAGE_MODEL_THRESHOLD,0,20.17891037501977,10.078
STAGE_MODEL_THRESHOLD,0,20.22942172701005,10.098
STAGE_MODEL_THRESHOLD,0,20.283106134011177,9.428
STAGE_MODEL_THRESHOLD,0,20.340025430021342,10.505
STAGE_MODEL_THRESHOLD,0,20.391554255009396,8.622
STAGE_MODEL_THRESHOLD,0,20.443139814015012,10.871
STAGE_MODEL_THRESHOLD,0,20.49573373000021,9.534
STAGE_MODEL_THRESHOLD,0,20.547342859004857,11.649
STAGE_MODEL_THRESHOLD,0,20.599423363019014,11.649
STAGE_MODEL_THRESHOLD,0,20.65090922600939,10.113
STAGE_MODEL_THRESHOLD,0,20.70162888400955,10.113
STAGE_MODEL_THRESHOLD,0,20.752281557011884,10.438
STAGE_MODEL_THRESHOLD,0,20.80411994602764,9.444
STAGE_MODEL_THRESHOLD,0,20.867601064004702,16.947
STAGE_MODEL_THRESHOLD,0,20.918998673005262,16.947
STAGE_MODEL_THRESHOLD,0,20.972298696025973,9.987
STAGE_MODEL_THRESHOLD,0,21.023064447013894,6.156
STAGE_MODEL_THRESHOLD,0,21.08777647302486,6.156
STAGE_MODEL_THRESHOLD,0,21.138987534010084,10.769
STAGE_MODEL_THRESHOLD,0,21.18955582502531,10.769
STAGE_MODEL_THRESHOLD,0,21.2400277480192,10.433
STAGE_MODEL_THRESHOLD,0,21.30019382602768,10.433
STAGE_MODEL_THRESHOLD,0,21.35079347601277,11.131
STAGE_MODEL_THRESHOLD,0,21.404681377025554,11.131
STAGE_MODEL_THRESHOLD,0,21.45685991400387,10.155
STAGE_MODEL_THRESHOLD,0,21.507518090016674,10.155
STAGE_MODEL_THRESHOLD,0,21.557984254002804,10.136
STAGE_MODEL_THRESHOLD,0,21.60859054600587,10.136
STAGE_MODEL_THRESHOLD,0,21.659219357010443,10.121
STAGE_MODEL_THRESHOLD,0,21.709683401015354,10.121
STAGE_MODEL_THRESHOLD,0,21.760419712023577,11.555
STAGE_MODEL_THRESHOLD,0,21.81194916702225,11.555
STAGE_MODEL_THRESHOLD,0,21.864003444003174,10.134
STAGE_MODEL_THRESHOLD,0,21.914802704006433,10.134
STAGE_MODEL_THRESHOLD,0,21.965862964018015,10.615
STAGE_MODEL_THRESHOLD,0,22.018548234016635,10.615
STAGE_MODEL_THRESHOLD,0,22.077464836009312,10.0
STAGE_MODEL_THRESHOLD,0,22.127983675018186,10.13
STAGE_MODEL_THRESHOLD,0,22.17881293100072,10.13
STAGE_MODEL_THRESHOLD,0,22.229369068023516,10.12
STAGE_MODEL_THRESHOLD,0,22.280036757001653,10.12
STAGE_MODEL_THRESHOLD,0,22.330639897001674,10.121
STAGE_MODEL_THRESHOLD,0,22.381221153016668,10.121
STAGE_MODEL_THRESHOLD,0,22.431900301016867,10.095
STAGE_MODEL_THRESHOLD,0,22.482537265022984,10.095
STAGE_MODEL_THRESHOLD,0,22.53320703000645,10.103
STAGE_MODEL_THRESHOLD,0,22.58389978201012,10.103
STAGE_MODEL_THRESHOLD,0,22.634616360999644,10.092
STAGE_MODEL_THRESHOLD,0,22.685219348000828,10.092
STAGE_MODEL_THRESHOLD,0,22.73574830702273,10.093
STAGE_MODEL_THRESHOLD,0,22.78630657499889,10.093
STAGE_MODEL_THRESHOLD,0,22.83672278202721,10.076
STAGE_MODEL_THRESHOLD,0,22.887313654005993,10.076
STAGE_MODEL_THRESHOLD,0,22.937998698005686,10.081
STAGE_MODEL_THRESHOLD,0,22.989079587016022,10.081
STAGE_MODEL_THRESHOLD,0,23.03982865100261,10.073
STAGE_MODEL_THRESHOLD,0,23.09104979102267,10.073
STAGE_MODEL_THRESHOLD,0,23.141711962001864,10.081
STAGE_MODEL_THRESHOLD,0,23.192309045000002,10.081
STAGE_MODEL_THRESHOLD,0,23.24281896802131,10.052
STAGE_MODEL_THRESHOLD,0,23.293770695017884,10.052
STAGE_MODEL_THRESHOLD,0,23.344560932018794,10.056
STAGE_MODEL_THRESHOLD,0,23.395258084026864,10.056
STAGE_MODEL_THRESHOLD,0,23.446055859007174,10.045
STAGE_MODEL_THRESHOLD,0,23.49658064500545,10.045
STAGE_MODEL_THRESHOLD,0,23.54716409899993,10.061
STAGE_MODEL_THRESHOLD,0,23.597897913015913,10.061
STAGE_MODEL_THRESHOLD,0,23.64840907501639,10.056
STAGE_MODEL_THRESHOLD,0,23.699107589025516,10.056
STAGE_MODEL_THRESHOLD,0,23.749908840021817,10.06
STAGE_MODEL_THRESHOLD,0,23.80047304101754,10.06
STAGE_MODEL_THRESHOLD,0,23.851013434003107,10.049
STAGE_MODEL_THRESHOLD,0,23.90186348601128,10.049
STAGE_MODEL_THRESHOLD,0,23.95264789200155,10.067
STAGE_MODEL_THRESHOLD,0,24.003290822001873,10.067
STAGE_MODEL_THRESHOLD,0,24.053866625006776,10.06
STAGE_MODEL_THRESHOLD,0,24.10469113002182,10.06
STAGE_MODEL_THRESHOLD,0,24.15540968501591,10.064
STAGE_MODEL_THRESHOLD,0,24.205994108022423,10.064
STAGE_MODEL_THRESHOLD,0,24.25666339500458,10.052
STAGE_MODEL_THRESHOLD,0,24.30714241199894,10.052
STAGE_MODEL_THRESHOLD,0,24.357584692013916,10.065
STAGE_MODEL_THRESHOLD,0,24.40814615401905,10.065
STAGE_MODEL_THRESHOLD,0,24.45875735700247,10.057
STAGE_MODEL_THRESHOLD,0,24.509469077020185,10.057
STAGE_MODEL_THRESHOLD,0,24.560207657021238,10.063
STAGE_MODEL_THRESHOLD,0,24.610830514022382,10.063
STAGE_MODEL_THRESHOLD,0,24.66172287199879,10.049
STAGE_MODEL_THRESHOLD,0,24.712296345998766,10.049
STAGE_MODEL_THRESHOLD,0,24.76315869402606,10.048
STAGE_MODEL_THRESHOLD,0,24.813730303023476,10.048
STAGE_MODEL_THRESHOLD,0,24.86424954002723,10.038
STAGE_MODEL_THRESHOLD,0,24.915273368998896,10.038
STAGE_MODEL_THRESHOLD,0,24.96622270802618,10.055
STAGE_MODEL_THRESHOLD,0,25.016770909016486,10.055
STAGE_MODEL_THRESHOLD,0,25.067389585019555,10.05
STAGE_MODEL_THRESHOLD,0,25.118043287016917,10.05
STAGE_MODEL_THRESHOLD,0,25.168647002021316,10.058
STAGE_MODEL_THRESHOLD,0,25.219286806008313,10.058
STAGE_MODEL_THRESHOLD,0,25.270085741009098,10.052
STAGE_MODEL_THRESHOLD,0,25.32102929800749,10.052
STAGE_MODEL_THRESHOLD,0,25.371607150998898,10.055
STAGE_MODEL_THRESHOLD,0,25.422461865004152,10.055
STAGE_MODEL_THRESHOLD,0,25.473042110010283,10.056
STAGE_MODEL_THRESHOLD,0,25.52374675901956,10.056
STAGE_MODEL_THRESHOLD,0,25.57438877702225,10.061
STAGE_MODEL_THRESHOLD,0,25.62512526701903,10.059
STAGE_MODEL_THRESHOLD,0,25.675708917027805,10.059
STAGE_MODEL_THRESHOLD,0,25.726179543999024,10.067
STAGE_MODEL_THRESHOLD,0,25.77686462001293,10.067
STAGE_MODEL_THRESHOLD,0,25.82749364900519,10.064
STAGE_MODEL_THRESHOLD,0,25.87810446601361,10.064
STAGE_MODEL_THRESHOLD,0,25.928699151001638,10.072
STAGE_MODEL_THRESHOLD,0,25.979211586003657,10.072
STAGE_MODEL_THRESHOLD,0,26.02965726002003,10.06
STAGE_MODEL_THRESHOLD,0,26.080176380026387,10.06
STAGE_MODEL_THRESHOLD,0,26.130841342004715,10.058
STAGE_MODEL_THRESHOLD,0,26.181453832017723,10.058
STAGE_MODEL_THRESHOLD,0,26.232309390004957,10.048
STAGE_MODEL_THRESHOLD,0,26.282966651022434,10.048
STAGE_MODEL_THRESHOLD,0,26.333855260018026,10.049
STAGE_MODEL_THRESHOLD,0,26.38456959600444,10.049
STAGE_MODEL_THRESHOLD,0,26.435116675012978,10.045
STAGE_MODEL_THRESHOLD,0,26.485669679008424,10.045
STAGE_MODEL_THRESHOLD,0,26.536466649005888,10.049
STAGE_MODEL_THRESHOLD,0,26.587155879009515,10.049
STAGE_MODEL_THRESHOLD,0,26.637885160016594,10.042
STAGE_MODEL_THRESHOLD,0,26.688645853020716,10.042
STAGE_MODEL_THRESHOLD,0,26.739211089006858,10.034
STAGE_MODEL_THRESHOLD,0,26.7901152910199,10.034
STAGE_MODEL_THRESHOLD,0,26.84079215800739,10.03
STAGE_MODEL_THRESHOLD,0,26.891602597024757,10.03
STAGE_MODEL_THRESHOLD,0,26.94210810100776,10.04
STAGE_MODEL_THRESHOLD,0,26.99273037200328,10.04
STAGE_MODEL_THRESHOLD,0,27.04342134401668,10.034
STAGE_MODEL_THRESHOLD,0,27.09402011000202,10.034
STAGE_MODEL_THRESHOLD,0,27.144638621015474,10.04
STAGE_MODEL_THRESHOLD,0,27.195305411005393,10.04
STAGE_MODEL_THRESHOLD,0,27.245864092023112,10.043
STAGE_MODEL_THRESHOLD,0,27.296329657023307,10.043
STAGE_MODEL_THRESHOLD,0,27.34679261301062,10.052
STAGE_MODEL_THRESHOLD,0,27.39736234000884,10.052
STAGE_MODEL_THRESHOLD,0,27.447988335014088,10.052
STAGE_MODEL_THRESHOLD,0,27.499056483007735,10.052
STAGE_MODEL_THRESHOLD,0,27.54967615500209,10.059
STAGE_MODEL_THRESHOLD,0,27.600173438026104,10.059
STAGE_MODEL_THRESHOLD,0,27.65067855702364,10.056
STAGE_MODEL_THRESHOLD,0,27.701590053999098,10.056
STAGE_MODEL_THRESHOLD,0,27.752179406001233,10.059
STAGE_MODEL_THRESHOLD,0,27.802755314012757,10.059
STAGE_MODEL_THRESHOLD,0,27.853457896999316,10.062
STAGE_MODEL_THRESHOLD,0,27.904111520008883,10.062
STAGE_MODEL_THRESHOLD,0,27.95478612399893,10.065
STAGE_MODEL_THRESHOLD,0,28.005317681003362,10.065
STAGE_MODEL_THRESHOLD,0,28.055919115024153,10.055
STAGE_MODEL_THRESHOLD,0,28.106503001006786,10.055
STAGE_MODEL_THRESHOLD,0,28.157177653018152,10.052
STAGE_MODEL_THRESHOLD,0,28.207872225000756,10.052
STAGE_MODEL_THRESHOLD,0,28.258416219003266,10.038
STAGE_MODEL_THRESHOLD,0,28.308858699019765,10.038
STAGE_MODEL_THRESHOLD,0,28.360230325022712,10.049
STAGE_MODEL_THRESHOLD,0,28.41079217501101,10.049
STAGE_MODEL_THRESHOLD,0,28.46123143300065,10.037
STAGE_MODEL_THRESHOLD,0,28.511885105021065,10.037
STAGE_MODEL_THRESHOLD,0,28.562372806016356,10.038
STAGE_MODEL_THRESHOLD,0,28.61304852302419,10.038
STAGE_MODEL_THRESHOLD,0,28.664198693004437,10.022
STAGE_MODEL_THRESHOLD,0,28.714840979024302,10.022
STAGE_MODEL_THRESHOLD,0,28.765717404021416,10.022
STAGE_MODEL_THRESHOLD,0,28.81648929300718,10.022
STAGE_MODEL_THRESHOLD,0,28.867411403014557,10.013
STAGE_MODEL_THRESHOLD,0,28.91822473600041,10.013
STAGE_MODEL_THRESHOLD,0,28.96872833801899,10.015
STAGE_MODEL_THRESHOLD,0,29.019439820025582,10.015
STAGE_MODEL_THRESHOLD,0,29.070217858999968,10.014
STAGE_MODEL_THRESHOLD,0,29.120811514003435,10.014
STAGE_MODEL_THRESHOLD,0,29.17165654702694,10.019
STAGE_MODEL_THRESHOLD,0,29.22250494401669,10.019
STAGE_MODEL_THRESHOLD,0,29.27309221602627,10.019
STAGE_MODEL_THRESHOLD,0,29.32389101901208,10.033
STAGE_MODEL_THRESHOLD,0,29.37441427502199,10.033
STAGE_MODEL_THRESHOLD,0,29.424915580020752,10.024
STAGE_MODEL_THRESHOLD,0,29.475473137019435,10.024
STAGE_MODEL_THRESHOLD,0,29.526041499018902,10.027
STAGE_MODEL_THRESHOLD,0,29.576683028019033,10.027
STAGE_MODEL_THRESHOLD,0,29.62747009002487,10.028
STAGE_MODEL_THRESHOLD,0,29.67807923501823,10.028
STAGE_MODEL_THRESHOLD,0,29.728638758009765,10.034
STAGE_MODEL_THRESHOLD,0,29.779439673002344,10.034
STAGE_MODEL_THRESHOLD,0,29.830112014024053,10.029
STAGE_MODEL_THRESHOLD,0,29.88062407801044,10.029
STAGE_MODEL_THRESHOLD,0,29.931144232017687,10.027
STAGE_MODEL_THRESHOLD,0,29.981838357023662,10.027
STAGE_MODEL_INFER,0,0.001284695987123996,9.911
STAGE_MODEL_INFER,0,0.0518416779814288,9.911
STAGE_MODEL_INFER,0,0.10244235998834483,9.866
STAGE_MODEL_INFER,0,0.15298393898410723,9.866
STAGE_MODEL_INFER,0,0.20351019597728737,9.857
STAGE_MODEL_INFER,0,0.253981430985732,9.857
STAGE_MODEL_INFER,0,0.31575518898898736,9.846
STAGE_MODEL_INFER,0,0.3671614099876024,9.846
STAGE_MODEL_INFER,0,0.42087542297667824,9.972
STAGE_MODEL_INFER,0,0.4713896519970149,9.972
STAGE_MODEL_INFER,0,0.5220899269916117,10.007
STAGE_MODEL_INFER,0,0.5728232559922617,10.007
STAGE_MODEL_INFER,0,0.623936332995072,9.997
STAGE_MODEL_INFER,0,0.6745072979829274,9.997
STAGE_MODEL_INFER,0,0.7252484609780367,6.448
STAGE_MODEL_INFER,0,0.7829929899889976,10.122
STAGE_MODEL_INFER,0,0.8342144670023117,10.113
STAGE_MODEL_INFER,0,0.8848098869784735,10.681
STAGE_MODEL_INFER,0,0.9430171309795696,10.681
STAGE_MODEL_INFER,0,0.9945142679789569,10.018
STAGE_MODEL_INFER,0,1.0452554869989399,10.018
STAGE_MODEL_INFER,0,1.0959348100004718,10.273
STAGE_MODEL_INFER,0,1.1471690280013718,10.149
STAGE_MODEL_INFER,0,1.2062994570005685,9.935
STAGE_MODEL_INFER,0,1.2592763619904872,9.119
STAGE_MODEL_INFER,0,1.315653867990477,11.148
STAGE_MODEL_INFER,0,1.3670363979763351,8.64
STAGE_MODEL_INFER,0,1.419032490986865,11.521
STAGE_MODEL_INFER,0,1.4753793260024395,9.661
STAGE_MODEL_INFER,0,1.5283739369770046,10.569
STAGE_MODEL_INFER,0,1.5795767929812428,9.98
STAGE_MODEL_INFER,0,1.6324556619802024,10.245
STAGE_MODEL_INFER,0,1.6838475419790484,10.047
STAGE_MODEL_INFER,0,1.7343545729818288,10.047
STAGE_MODEL_INFER,0,1.7849363239947706,10.042
STAGE_MODEL_INFER,0,1.8356402999779675,10.042
STAGE_MODEL_INFER,0,1.8861079489870463,6.132
STAGE_MODEL_INFER,0,1.9443048919783905,6.132
STAGE_MODEL_INFER,0,1.9956817619968206,10.418
STAGE_MODEL_INFER,0,2.0462403249985073,10.418
STAGE_MODEL_INFER,0,2.0969918819901068,10.248
STAGE_MODEL_INFER,0,2.1475183199800085,10.248
STAGE_MODEL_INFER,0,2.198101465997752,11.024
STAGE_MODEL_INFER,0,2.250107057974674,9.329
STAGE_MODEL_INFER,0,2.302111163997324,10.25
STAGE_MODEL_INFER,0,2.356955716997618,10.25
STAGE_MODEL_INFER,0,2.408420074993046,10.033
STAGE_MODEL_INFER,0,2.458951155975228,10.033
STAGE_MODEL_INFER,0,2.5093567819858436,10.074
STAGE_MODEL_INFER,0,2.559763226978248,10.074
STAGE_MODEL_INFER,0,2.6104872379801236,11.489
STAGE_MODEL_INFER,0,2.6616889019787777,11.489
STAGE_MODEL_INFER,0,2.715862337994622,10.077
STAGE_MODEL_INFER,0,2.7663499299960677,10.077
STAGE_MODEL_INFER,0,2.8169333550031297,10.072
STAGE_MODEL_INFER,0,2.867555570002878,10.072
STAGE_MODEL_INFER,0,2.918211682990659,10.078
STAGE_MODEL_INFER,0,2.9688743479782715,10.078
STAGE_MODEL_INFER,0,3.0194736499979626,10.075
STAGE_MODEL_INFER,0,3.069925299991155,10.075
STAGE_MODEL_INFER,0,3.1204421099973843,10.07
STAGE_MODEL_INFER,0,3.1709843699936755,10.07
STAGE_MODEL_INFER,0,3.2213955099869054,6.154
STAGE_MODEL_INFER,0,3.276452193997102,6.154
STAGE_MODEL_INFER,0,3.327981935988646,10.805
STAGE_MODEL_INFER,0,3.378558227996109,10.805
STAGE_MODEL_INFER,0,3.4292194189911243,10.434
STAGE_MODEL_INFER,0,3.4798311379854567,10.434
STAGE_MODEL_INFER,0,3.5302794659801293,11.078
STAGE_MODEL_INFER,0,3.5816869379777927,11.078
STAGE_MODEL_INFER,0,3.6333334139781073,10.095
STAGE_MODEL_INFER,0,3.6838341080001555,10.545
STAGE_MODEL_INFER,0,3.7351241589931305,10.545
STAGE_MODEL_INFER,0,3.7890036739991046,10.019
STAGE_MODEL_INFER,0,3.839532366982894,10.019
STAGE_MODEL_INFER,0,3.897938335983781,11.835
STAGE_MODEL_INFER,0,3.949186985002598,11.835
STAGE_MODEL_INFER,0,4.002692385984119,9.973
STAGE_MODEL_INFER,0,4.05398642399814,9.973
STAGE_MODEL_INFER,0,4.1131471149856225,10.259
STAGE_MODEL_INFER,0,4.164751649979735,10.259
STAGE_MODEL_INFER,0,4.218283758993493,9.941
STAGE_MODEL_INFER,0,4.268884875986259,9.941
STAGE_MODEL_INFER,0,4.3194609439815395,10.006
STAGE_MODEL_INFER,0,4.3700737149920315,10.006
STAGE_MODEL_INFER,0,4.420591283997055,9.984
STAGE_MODEL_INFER,0,4.471155551989796,9.984
STAGE_MODEL_INFER,0,4.521589761978248,10.009
STAGE_MODEL_INFER,0,4.572111417975975,10.009
STAGE_MODEL_INFER,0,4.622803719976218,10.47
STAGE_MODEL_INFER,0,4.6756023969792295,10.47
STAGE_MODEL_INFER,0,4.727154414984398,10.027
STAGE_MODEL_INFER,0,4.777703657979146,10.027
STAGE_MODEL_INFER,0,4.828411679976853,10.865
STAGE_MODEL_INFER,0,4.879981485981261,10.865
STAGE_MODEL_INFER,0,4.932145603990648,10.069
STAGE_MODEL_INFER,0,4.982718136976473,10.047
STAGE_MODEL_INFER,0,5.0334358199907,10.047
STAGE_MODEL_INFER,0,5.084140619990649,10.037
STAGE_MODEL_INFER,0,5.13477034799871,10.037
STAGE_MODEL_INFER,0,5.1854249379830435,10.724
STAGE_MODEL_INFER,0,5.23692828399362,10.724
STAGE_MODEL_INFER,0,5.2893386139767244,10.069
STAGE_MODEL_INFER,0,5.33979248200194,10.069
STAGE_MODEL_INFER,0,5.390560360974632,13.513
STAGE_MODEL_INFER,0,5.446506011998281,13.513
STAGE_MODEL_INFER,0,5.498054387979209,10.041
STAGE_MODEL_INFER,0,5.54859634800232,10.041
STAGE_MODEL_INFER,0,5.59914698798093,10.065
STAGE_MODEL_INFER,0,5.649693000974366,10.065
STAGE_MODEL_INFER,0,5.700278852978954,10.062
STAGE_MODEL_INFER,0,5.754405999992741,10.062
STAGE_MODEL_INFER,0,5.805349672999,6.651
STAGE_MODEL_INFER,0,5.859740806976333,6.651
STAGE_MODEL_INFER,0,5.91121251200093,9.937
STAGE_MODEL_INFER,0,5.974703228974249,9.937
STAGE_MODEL_INFER,0,6.026048500993056,10.299
STAGE_MODEL_INFER,0,6.077558431978105,10.299
STAGE_MODEL_INFER,0,6.128702217974933,10.196
STAGE_MODEL_INFER,0,6.181585461978102,10.014
STAGE_MODEL_INFER,0,6.233013472985476,10.001
STAGE_MODEL_INFER,0,6.283539348980412,10.001
STAGE_MODEL_INFER,0,6.334192362002796,11.311
STAGE_MODEL_INFER,0,6.386708256992279,10.07
STAGE_MODEL_INFER,0,6.441888693982037,10.054
STAGE_MODEL_INFER,0,6.49238342497847,10.65
STAGE_MODEL_INFER,0,6.544220352981938,10.65
STAGE_MODEL_INFER,0,6.596754995989613,10.025
STAGE_MODEL_INFER,0,6.6474350709759165,10.025
STAGE_MODEL_INFER,0,6.698249205976026,19.166
STAGE_MODEL_INFER,0,6.755899936979404,19.166
STAGE_MODEL_INFER,0,6.807570274977479,9.996
STAGE_MODEL_INFER,0,6.858008722978411,9.996
STAGE_MODEL_INFER,0,6.908514034003019,10.281
STAGE_MODEL_INFER,0,6.9598085659963544,10.281
STAGE_MODEL_INFER,0,7.016871386993444,9.977
STAGE_MODEL_INFER,0,7.067843497003196,9.977
STAGE_MODEL_INFER,0,7.118517954979325,8.708
STAGE_MODEL_INFER,0,7.170055952999974,8.708
STAGE_MODEL_INFER,0,7.221474625985138,10.513
STAGE_MODEL_INFER,0,7.273701100988546,10.513
STAGE_MODEL_INFER,0,7.329531859984854,10.121
STAGE_MODEL_INFER,0,7.387885092990473,10.969
STAGE_MODEL_INFER,0,7.4392250739911105,10.969
STAGE_MODEL_INFER,0,7.491962970001623,10.087
STAGE_MODEL_INFER,0,7.542611127981218,10.087
STAGE_MODEL_INFER,0,7.593173425993882,10.524
STAGE_MODEL_INFER,0,7.6460616089752875,10.524
STAGE_MODEL_INFER,0,7.697297146980418,10.969
STAGE_MODEL_INFER,0,7.748707127990201,10.969
STAGE_MODEL_INFER,0,7.801437022979371,10.027
STAGE_MODEL_INFER,0,7.85246496097534,10.027
STAGE_MODEL_INFER,0,7.9030459389905445,10.005
STAGE_MODEL_INFER,0,7.9538662919949275,10.005
STAGE_MODEL_INFER,0,8.004787881975062,10.474
STAGE_MODEL_INFER,0,8.06128983097733,10.474
STAGE_MODEL_INFER,0,8.112853336991975,10.16
STAGE_MODEL_INFER,0,8.163420230994234,10.16
STAGE_MODEL_INFER,0,8.214140712982044,10.062
STAGE_MODEL_INFER,0,8.264682754001115,10.062
STAGE_MODEL_INFER,0,8.31549383798847,10.069
STAGE_MODEL_INFER,0,8.37102970998967,10.069
STAGE_MODEL_INFER,0,8.421874288993422,10.425
STAGE_MODEL_INFER,0,8.475455736974254,10.425
STAGE_MODEL_INFER,0,8.526939742994728,10.056
STAGE_MODEL_INFER,0,8.577603796002222,10.056
STAGE_MODEL_INFER,0,8.628252211987274,10.052
STAGE_MODEL_INFER,0,8.679194286989514,10.052
STAGE_MODEL_INFER,0,8.729903222993016,10.064
STAGE_MODEL_INFER,0,8.780413361993851,10.064
STAGE_MODEL_INFER,0,8.830915211001411,10.058
STAGE_MODEL_INFER,0,8.88154862698866,10.058
STAGE_MODEL_INFER,0,8.932138262985973,10.058
STAGE_MODEL_INFER,0,8.982609902974218,10.058
STAGE_MODEL_INFER,0,9.03330620098859,10.781
STAGE_MODEL_INFER,0,9.085489374992903,10.046
STAGE_MODEL_INFER,0,9.136120279988972,10.046
STAGE_MODEL_INFER,0,9.186752780980896,10.042
STAGE_MODEL_INFER,0,9.237331732991152,10.042
STAGE_MODEL_INFER,0,9.28800122300163,10.059
STAGE_MODEL_INFER,0,9.33857407499454,10.059
STAGE_MODEL_INFER,0,9.38908302798518,10.062
STAGE_MODEL_INFER,0,9.43948633299442,10.062
STAGE_MODEL_INFER,0,9.490174106991617,10.608
STAGE_MODEL_INFER,0,9.541461133980192,10.608
STAGE_MODEL_INFER,0,9.593489947990747,10.094
STAGE_MODEL_INFER,0,9.644163859979017,10.094
STAGE_MODEL_INFER,0,9.69514411999262,10.1
STAGE_MODEL_INFER,0,9.745723743981216,10.1
STAGE_MODEL_INFER,0,9.796709822985576,10.076
STAGE_MODEL_INFER,0,9.847293047991116,10.076
STAGE_MODEL_INFER,0,9.897827718988992,10.096
STAGE_MODEL_INFER,0,9.948389111988945,10.096
STAGE_MODEL_INFER,0,9.998948128981283,10.099
STAGE_MODEL_INFER,0,10.05630248200032,10.099
STAGE_MODEL_INFER,0,10.110984134982573,11.002
STAGE_MODEL_INFER,0,10.16708695597481,9.89
STAGE_MODEL_INFER,0,10.218335497978842,11.005
STAGE_MODEL_INFER,0,10.27127244498115,11.005
STAGE_MODEL_INFER,0,10.322529243974714,10.02
STAGE_MODEL_INFER,0,10.373087379994104,10.02
STAGE_MODEL_INFER,0,10.423589489975711,10.037
STAGE_MODEL_INFER,0,10.476659607986221,10.037
STAGE_MODEL_INFER,0,10.527896332991077,9.707
STAGE_MODEL_INFER,0,10.57844624199788,9.707
STAGE_MODEL_INFER,0,10.629125444975216,8.692
STAGE_MODEL_INFER,0,10.680567401985172,10.199
STAGE_MODEL_INFER,0,10.733251425990602,10.199
STAGE_MODEL_INFER,0,10.791024983976968,10.032
STAGE_MODEL_INFER,0,10.841557391977403,10.032
STAGE_MODEL_INFER,0,10.892091324989451,10.799
STAGE_MODEL_INFER,0,10.946374608000042,10.799
STAGE_MODEL_INFER,0,10.997791103000054,10.088
STAGE_MODEL_INFER,0,11.048359990993049,10.088
STAGE_MODEL_INFER,0,11.098780750995502,10.111
STAGE_MODEL_INFER,0,11.149290801986353,10.111
STAGE_MODEL_INFER,0,11.199910070979968,11.587
STAGE_MODEL_INFER,0,11.251277288974961,11.587
STAGE_MODEL_INFER,0,11.303926021995721,10.025
STAGE_MODEL_INFER,0,11.35459275500034,10.025
STAGE_MODEL_INFER,0,11.405015494994586,10.012
STAGE_MODEL_INFER,0,11.45591173399589,10.012
STAGE_MODEL_INFER,0,11.506942679989152,12.394
STAGE_MODEL_INFER,0,11.562652744993102,12.394
STAGE_MODEL_INFER,0,11.615166267001769,19.47
STAGE_MODEL_INFER,0,11.667066214984516,19.47
STAGE_MODEL_INFER,0,11.720712534995982,19.508
STAGE_MODEL_INFER,0,11.772229717986193,19.508
STAGE_MODEL_INFER,0,11.823934048996307,9.911
STAGE_MODEL_INFER,0,11.874662599002477,9.911
STAGE_MODEL_INFER,0,11.925386614981107,9.959
STAGE_MODEL_INFER,0,11.975951203989098,9.959
STAGE_MODEL_INFER,0,12.026624113001162,7.112
STAGE_MODEL_INFER,0,12.07812049498898,7.112
STAGE_MODEL_INFER,0,12.131044923997251,9.891
STAGE_MODEL_INFER,0,12.182620387990028,10.196
STAGE_MODEL_INFER,0,12.236166500981199,10.196
STAGE_MODEL_INFER,0,12.292372934985906,10.009
STAGE_MODEL_INFER,0,12.34298720897641,10.009
STAGE_MODEL_INFER,0,12.393784426996717,10.701
STAGE_MODEL_INFER,0,12.449254421982914,9.428
STAGE_MODEL_INFER,0,12.502009577001445,10.95
STAGE_MODEL_INFER,0,12.553850305994274,10.95
STAGE_MODEL_INFER,0,12.606454531982308,10.012
STAGE_MODEL_INFER,0,12.657322856975952,10.012
STAGE_MODEL_INFER,0,12.707802071992774,10.033
STAGE_MODEL_INFER,0,12.758484597987263,10.033
STAGE_MODEL_INFER,0,12.80931358700036,11.415
STAGE_MODEL_INFER,0,12.861746847978793,11.415
STAGE_MODEL_INFER,0,12.913150760985445,10.07
STAGE_MODEL_INFER,0,12.963766253989888,10.07
STAGE_MODEL_INFER,0,13.014378480002051,10.061
STAGE_MODEL_INFER,0,13.064893604983808,10.061
STAGE_MODEL_INFER,0,13.115604904975044,10.046
STAGE_MODEL_INFER,0,13.166296872979729,10.046
STAGE_MODEL_INFER,0,13.217071509978268,7.765
STAGE_MODEL_INFER,0,13.268770825001411,7.765
STAGE_MODEL_INFER,0,13.321193807991222,10.529
STAGE_MODEL_INFER,0,13.379110804002266,10.001
STAGE_MODEL_INFER,0,13.430737572984071,10.017
STAGE_MODEL_INFER,0,13.481356157979462,10.017
STAGE_MODEL_INFER,0,13.532149427977856,9.63
STAGE_MODEL_INFER,0,13.583909077977296,9.928
STAGE_MODEL_INFER,0,13.639239713986171,10.003
STAGE_MODEL_INFER,0,13.689605257997755,10.048
STAGE_MODEL_INFER,0,13.74012622598093,10.048
STAGE_MODEL_INFER,0,13.790861014975235,10.036
STAGE_MODEL_INFER,0,13.84148319097585,10.036
STAGE_MODEL_INFER,0,13.89227991597727,10.054
STAGE_MODEL_INFER,0,13.943076302995905,10.054
STAGE_MODEL_INFER,0,13.993839704984566,10.05
STAGE_MODEL_INFER,0,14.045351005974226,10.05
STAGE_MODEL_INFER,0,14.096098756999709,10.059
STAGE_MODEL_INFER,0,14.14674944197759,10.059
STAGE_MODEL_INFER,0,14.197236563981278,10.05
STAGE_MODEL_INFER,0,14.2478131899843,10.05
STAGE_MODEL_INFER,0,14.298339425993618,10.054
STAGE_MODEL_INFER,0,14.348788595001679,10.054
STAGE_MODEL_INFER,0,14.399384571996052,10.221
STAGE_MODEL_INFER,0,14.453590844990686,10.221
STAGE_MODEL_INFER,0,14.504889826988801,10.053
STAGE_MODEL_INFER,0,14.555474032997154,10.053
STAGE_MODEL_INFER,0,14.60600703197997,10.029
STAGE_MODEL_INFER,0,14.656866193981841,10.029
STAGE_MODEL_INFER,0,14.707689006987493,10.202
STAGE_MODEL_INFER,0,14.75919276298373,10.202
STAGE_MODEL_INFER,0,14.814056925999466,10.095
STAGE_MODEL_INFER,0,14.864900890999706,10.095
STAGE_MODEL_INFER,0,14.91549465598655,10.052
STAGE_MODEL_INFER,0,14.966436068993062,10.052
STAGE_MODEL_INFER,0,15.017175189976115,10.037
STAGE_MODEL_INFER,0,15.068180345988367,10.037
STAGE_MODEL_INFER,0,15.119217733998084,10.046
STAGE_MODEL_INFER,0,15.169783382996684,10.046
STAGE_MODEL_INFER,0,15.220486660982715,10.044
STAGE_MODEL_INFER,0,15.27104618397425,10.044
STAGE_MODEL_INFER,0,15.321567039994989,10.03
STAGE_MODEL_INFER,0,15.372161203995347,10.03
STAGE_MODEL_INFER,0,15.422786668001208,10.038
STAGE_MODEL_INFER,0,15.473277435987256,10.038
STAGE_MODEL_INFER,0,15.524070471990854,10.052
STAGE_MODEL_INFER,0,15.574683448998258,10.052
STAGE_MODEL_INFER,0,15.625308163987938,10.05
STAGE_MODEL_INFER,0,15.67590225697495,10.05
STAGE_MODEL_INFER,0,15.726873618987156,10.052
STAGE_MODEL_INFER,0,15.777449062996311,10.052
STAGE_MODEL_INFER,0,15.827977427979931,10.056
STAGE_MODEL_INFER,0,15.878603057994042,10.056
STAGE_MODEL_INFER,0,15.929306846985128,10.056
STAGE_MODEL_INFER,0,15.98001883897814,10.056
STAGE_MODEL_INFER,0,16.03059189399937,10.049
STAGE_MODEL_INFER,0,16.081315502990037,10.049
STAGE_MODEL_INFER,0,16.13196509098634,10.051
STAGE_MODEL_INFER,0,16.182525671989424,10.051
STAGE_MODEL_INFER,0,16.233159438997973,10.046
STAGE_MODEL_INFER,0,16.283906590979313,10.046
STAGE_MODEL_INFER,0,16.33449157499126,10.054
STAGE_MODEL_INFER,0,16.385116630990524,10.048
STAGE_MODEL_INFER,0,16.43566605099477,10.048
STAGE_MODEL_INFER,0,16.48630684998352,10.04
STAGE_MODEL_INFER,0,16.53679550398374,10.04
STAGE_MODEL_INFER,0,16.587389105989132,10.038
STAGE_MODEL_INFER,0,16.637873890984338,10.038
STAGE_MODEL_INFER,0,16.68826189599349,10.039
STAGE_MODEL_INFER,0,16.738679767993744,10.039
STAGE_MODEL_INFER,0,16.789101906993892,10.044
STAGE_MODEL_INFER,0,16.839523840986658,10.044
STAGE_MODEL_INFER,0,16.890075730974786,10.042
STAGE_MODEL_INFER,0,16.94074574499973,10.042
STAGE_MODEL_INFER,0,16.991240053001093,10.655
STAGE_MODEL_INFER,0,17.04383430298185,11.074
STAGE_MODEL_INFER,0,17.096183782996377,9.441
STAGE_MODEL_INFER,0,17.147877012001118,9.766
STAGE_MODEL_INFER,0,17.19973401297466,10.884
STAGE_MODEL_INFER,0,17.254983092978364,8.726
STAGE_MODEL_INFER,0,17.314620684977854,11.616
STAGE_MODEL_INFER,0,17.36630874799448,9.7
STAGE_MODEL_INFER,0,17.417817659996217,9.935
STAGE_MODEL_INFER,0,17.470939925988205,9.935
STAGE_MODEL_INFER,0,17.52210253998055,10.043
STAGE_MODEL_INFER,0,17.572883542976342,10.043
STAGE_MODEL_INFER,0,17.62342457700288,10.02
STAGE_MODEL_INFER,0,17.673959295992972,10.02
STAGE_MODEL_INFER,0,17.724308933975408,15.218
STAGE_MODEL_INFER,0,17.775633629993536,15.218
STAGE_MODEL_INFER,0,17.82777366999653,10.052
STAGE_MODEL_INFER,0,17.878408241987927,10.052
STAGE_MODEL_INFER,0,17.929007883998565,10.043
STAGE_MODEL_INFER,0,17.979571203992236,9.885
STAGE_MODEL_INFER,0,18.032333649985958,9.885
STAGE_MODEL_INFER,0,18.090235092997318,10.004
STAGE_MODEL_INFER,0,18.14084518799791,10.004
STAGE_MODEL_INFER,0,18.191541765001602,10.021
STAGE_MODEL_INFER,0,18.242164589988533,10.021
STAGE_MODEL_INFER,0,18.29299321299186,10.023
STAGE_MODEL_INFER,0,18.34366522199707,10.023
STAGE_MODEL_INFER,0,18.39429716198356,10.026
STAGE_MODEL_INFER,0,18.444885089993477,10.026
STAGE_MODEL_INFER,0,18.49529502799851,10.038
STAGE_MODEL_INFER,0,18.545756912993966,10.038
STAGE_MODEL_INFER,0,18.59619418697548,10.039
STAGE_MODEL_INFER,0,18.64675111300312,10.039
STAGE_MODEL_INFER,0,18.69719006799278,10.039
STAGE_MODEL_INFER,0,18.747606151999207,10.039
STAGE_MODEL_INFER,0,18.798167342989473,10.431
STAGE_MODEL_INFER,0,18.849462414975278,10.431
STAGE_MODEL_INFER,0,18.902098677994218,10.05
STAGE_MODEL_INFER,0,18.95261730600032,10.05
STAGE_MODEL_INFER,0,19.003208182984963,10.062
STAGE_MODEL_INFER,0,19.053766092984006,10.062
STAGE_MODEL_INFER,0,19.10425817599753,10.063
STAGE_MODEL_INFER,0,19.1549202449969,10.063
STAGE_MODEL_INFER,0,19.205453570990358,10.088
STAGE_MODEL_INFER,0,19.257897115981905,10.088
STAGE_MODEL_INFER,0,19.309429043001728,10.068
STAGE_MODEL_INFER,0,19.359949954989133,10.068
STAGE_MODEL_INFER,0,19.410547106992453,10.04
STAGE_MODEL_INFER,0,19.461167965986533,10.04
STAGE_MODEL_INFER,0,19.511860153987072,9.489
STAGE_MODEL_INFER,0,19.56332528599887,9.489
STAGE_MODEL_INFER,0,19.6176398449752,9.983
STAGE_MODEL_INFER,0,19.668205440975726,9.983
STAGE_MODEL_INFER,0,19.718738885974744,11.027
STAGE_MODEL_INFER,0,19.776257135003107,11.027
STAGE_MODEL_INFER,0,19.82762815899332,10.052
STAGE_MODEL_INFER,0,19.878346710989717,10.061
STAGE_MODEL_INFER,0,19.92902098799823,10.061
STAGE_MODEL_INFER,0,19.979738259979058,10.043
STAGE_MODEL_INFER,0,20.030386020982405,10.043
STAGE_MODEL_INFER,0,20.08110815298278,19.093
STAGE_MODEL_INFER,0,20.13281674697646,19.093
STAGE_MODEL_INFER,0,20.184336626989534,10.463
STAGE_MODEL_INFER,0,20.234949031990254,10.463
STAGE_MODEL_INFER,0,20.28547185799107,10.267
STAGE_MODEL_INFER,0,20.335909469984472,10.267
STAGE_MODEL_INFER,0,20.386582188977627,10.148
STAGE_MODEL_INFER,0,20.438237453985494,10.148
STAGE_MODEL_INFER,0,20.491342053981498,10.103
STAGE_MODEL_INFER,0,20.542045569978654,10.103
STAGE_MODEL_INFER,0,20.59275510397856,10.049
STAGE_MODEL_INFER,0,20.65005569398636,10.049
STAGE_MODEL_INFER,0,20.701438827993115,10.057
STAGE_MODEL_INFER,0,20.75207917499938,10.057
STAGE_MODEL_INFER,0,20.802696948987432,10.064
STAGE_MODEL_INFER,0,20.85365271498449,10.064
STAGE_MODEL_INFER,0,20.904280695976922,10.051
STAGE_MODEL_INFER,0,20.954940806986997,10.051
STAGE_MODEL_INFER,0,21.005451535980683,10.07
STAGE_MODEL_INFER,0,21.055938372999663,10.07
STAGE_MODEL_INFER,0,21.106583657994634,10.064
STAGE_MODEL_INFER,0,21.15701992297545,10.064
STAGE_MODEL_INFER,0,21.207550570979947,10.056
STAGE_MODEL_INFER,0,21.25793633199646,10.056
STAGE_MODEL_INFER,0,21.3084724599903,10.055
STAGE_MODEL_INFER,0,21.35900207798113,10.055
STAGE_MODEL_INFER,0,21.4096571909904,7.686
STAGE_MODEL_INFER,0,21.46097585899406,7.686
STAGE_MODEL_INFER,0,21.51354143000208,10.1
STAGE_MODEL_INFER,0,21.564656437985832,10.1
STAGE_MODEL_INFER,0,21.61525679199258,10.072
STAGE_MODEL_INFER,0,21.6657269729767,10.072
STAGE_MODEL_INFER,0,21.716342341998825,6.821
STAGE_MODEL_INFER,0,21.767732738982886,6.821
STAGE_MODEL_INFER,0,21.82003350899322,9.252
STAGE_MODEL_INFER,0,21.87122611797531,9.252
STAGE_MODEL_INFER,0,21.92609278098098,10.989
STAGE_MODEL_INFER,0,21.980339556990657,9.402
STAGE_MODEL_INFER,0,22.032067622989416,10.429
STAGE_MODEL_INFER,0,22.084028921992285,9.802
STAGE_MODEL_INFER,0,22.135475909977686,9.652
STAGE_MODEL_INFER,0,22.19854340699385,10.847
STAGE_MODEL_INFER,0,22.250373932998627,10.126
STAGE_MODEL_INFER,0,22.302091760997428,9.855
STAGE_MODEL_INFER,0,22.35377709698514,9.855
STAGE_MODEL_INFER,0,22.406452857976547,10.129
STAGE_MODEL_INFER,0,22.457070069998736,10.129
STAGE_MODEL_INFER,0,22.507589543994982,9.607
STAGE_MODEL_INFER,0,22.56155081099132,9.607
STAGE_MODEL_INFER,0,22.61304292298155,19.176
STAGE_MODEL_INFER,0,22.664210101997014,19.176
STAGE_MODEL_INFER,0,22.719050915999105,9.606
STAGE_MODEL_INFER,0,22.769514905987307,9.606
STAGE_MODEL_INFER,0,22.820033359981608,10.587
STAGE_MODEL_INFER,0,22.877836589992512,9.913
STAGE_MODEL_INFER,0,22.92920817498816,10.149
STAGE_MODEL_INFER,0,22.980737165984465,10.418
STAGE_MODEL_INFER,0,23.03478394600097,10.378
STAGE_MODEL_INFER,0,23.09117347697611,10.217
STAGE_MODEL_INFER,0,23.142554063000716,10.217
STAGE_MODEL_INFER,0,23.195042529987404,10.12
STAGE_MODEL_INFER,0,23.245660196989775,10.12
STAGE_MODEL_INFER,0,23.29618059497443,10.78
STAGE_MODEL_INFER,0,23.351545163983246,10.78
STAGE_MODEL_INFER,0,23.402697773999535,10.033
STAGE_MODEL_INFER,0,23.453502991993446,10.033
STAGE_MODEL_INFER,0,23.504174558998784,10.055
STAGE_MODEL_INFER,0,23.55481692199828,10.055
STAGE_MODEL_INFER,0,23.60546747400076,10.083
STAGE_MODEL_INFER,0,23.6562762609974,10.083
STAGE_MODEL_INFER,0,23.707016557978932,10.065
STAGE_MODEL_INFER,0,23.757483594992664,10.065
STAGE_MODEL_INFER,0,23.808220849983627,10.06
STAGE_MODEL_INFER,0,23.85920957798953,10.06
STAGE_MODEL_INFER,0,23.90993409199291,10.021
STAGE_MODEL_INFER,0,23.960755265987245,10.021
STAGE_MODEL_INFER,0,24.01144045998808,10.031
STAGE_MODEL_INFER,0,24.061956741992617,10.031
STAGE_MODEL_INFER,0,24.11247511699912,10.068
STAGE_MODEL_INFER,0,24.16294118098449,10.068
STAGE_MODEL_INFER,0,24.213494275987614,10.087
STAGE_MODEL_INFER,0,24.26426255298429,10.087
STAGE_MODEL_INFER,0,24.31500622999738,10.052
STAGE_MODEL_INFER,0,24.365598299977137,10.052
STAGE_MODEL_INFER,0,24.41628554399358,10.055
STAGE_MODEL_INFER,0,24.46694071299862,10.055
STAGE_MODEL_INFER,0,24.51789706197451,10.059
STAGE_MODEL_INFER,0,24.56871705999947,10.059
STAGE_MODEL_INFER,0,24.619250310992356,10.058
STAGE_MODEL_INFER,0,24.669787636987166,10.058
STAGE_MODEL_INFER,0,24.720301196997752,10.055
STAGE_MODEL_INFER,0,24.77082995098317,10.055
STAGE_MODEL_INFER,0,24.821371158992406,10.098
STAGE_MODEL_INFER,0,24.87212238900247,10.098
STAGE_MODEL_INFER,0,24.922666828002548,10.065
STAGE_MODEL_INFER,0,24.97322428599,10.065
STAGE_MODEL_INFER,0,25.0238882759877,10.123
STAGE_MODEL_INFER,0,25.074364567990415,10.123
STAGE_MODEL_INFER,0,25.125119805976283,10.083
STAGE_MODEL_INFER,0,25.175751433998812,10.083
STAGE_MODEL_INFER,0,25.226245537982322,10.054
STAGE_MODEL_INFER,0,25.276851976988837,10.034
STAGE_MODEL_INFER,0,25.32739736599615,10.034
STAGE_MODEL_INFER,0,25.37803678799537,10.109
STAGE_MODEL_INFER,0,25.430163092998555,10.109
STAGE_MODEL_INFER,0,25.482277353992686,10.049
STAGE_MODEL_INFER,0,25.53285996199702,10.049
STAGE_MODEL_INFER,0,25.583440494985553,8.897
STAGE_MODEL_INFER,0,25.63962992199231,8.897
STAGE_MODEL_INFER,0,25.695858164981473,10.174
STAGE_MODEL_INFER,0,25.746677923976677,10.174
STAGE_MODEL_INFER,0,25.79710959098884,10.125
STAGE_MODEL_INFER,0,25.847577994980384,10.125
STAGE_MODEL_INFER,0,25.898601521999808,10.112
STAGE_MODEL_INFER,0,25.949237509979866,10.112
STAGE_MODEL_INFER,0,25.99990907299798,10.078
STAGE_MODEL_INFER,0,26.05059620999964,10.078
STAGE_MODEL_INFER,0,26.10125434299698,10.07
STAGE_MODEL_INFER,0,26.151929836982163,10.07
STAGE_MODEL_INFER,0,26.20253105397569,10.066
STAGE_MODEL_INFER,0,26.253086727985647,10.066
STAGE_MODEL_INFER,0,26.303623452986358,10.061
STAGE_MODEL_INFER,0,26.35444656398613,10.061
STAGE_MODEL_INFER,0,26.405123829987133,10.066
STAGE_MODEL_INFER,0,26.45595866200165,10.066
STAGE_MODEL_INFER,0,26.506614721991355,10.06
STAGE_MODEL_INFER,0,26.557124621002004,10.06
STAGE_MODEL_INFER,0,26.6077591519861,10.06
STAGE_MODEL_INFER,0,26.658482837985503,10.06
STAGE_MODEL_INFER,0,26.709235791990068,10.054
STAGE_MODEL_INFER,0,26.759913691988913,10.054
STAGE_MODEL_INFER,0,26.8105519709934,10.044
STAGE_MODEL_INFER,0,26.86103690598975,10.044
STAGE_MODEL_INFER,0,26.91162804697524,10.04
STAGE_MODEL_INFER,0,26.96228525598417,10.04
STAGE_MODEL_INFER,0,27.012955946993316,10.048
STAGE_MODEL_INFER,0,27.063576686981833,10.048
STAGE_MODEL_INFER,0,27.114219152979786,10.051
STAGE_MODEL_INFER,0,27.164990491990466,10.051
STAGE_MODEL_INFER,0,27.215604480996262,10.043
STAGE_MODEL_INFER,0,27.266307318990584,10.043
STAGE_MODEL_INFER,0,27.31699949898757,10.047
STAGE_MODEL_INFER,0,27.367588626977522,10.047
STAGE_MODEL_INFER,0,27.418190974975005,10.052
STAGE_MODEL_INFER,0,27.468864381982712,10.052
STAGE_MODEL_INFER,0,27.519960051984526,10.045
STAGE_MODEL_INFER,0,27.570784412993817,10.045
STAGE_MODEL_INFER,0,27.62156058900291,10.046
STAGE_MODEL_INFER,0,27.672092997992877,10.046
STAGE_MODEL_INFER,0,27.72261602297658,10.044
STAGE_MODEL_INFER,0,27.77343526398181,10.044
STAGE_MODEL_INFER,0,27.82407566299662,10.042
STAGE_MODEL_INFER,0,27.874637875996996,10.042
STAGE_MODEL_INFER,0,27.925125841982663,10.043
STAGE_MODEL_INFER,0,27.97574134898605,10.037
STAGE_MODEL_INFER,0,28.026459551998414,10.037
STAGE_MODEL_INFER,0,28.076994447998004,10.026
STAGE_MODEL_INFER,0,28.127837587991962,10.026
STAGE_MODEL_INFER,0,28.17834128398681,10.018
STAGE_MODEL_INFER,0,28.22904296798515,10.018
STAGE_MODEL_INFER,0,28.279863599978853,10.02
STAGE_MODEL_INFER,0,28.330832698993618,10.02
STAGE_MODEL_INFER,0,28.381512615975225,10.017
STAGE_MODEL_INFER,0,28.432315507001476,10.017
STAGE_MODEL_INFER,0,28.483046283974545,10.002
STAGE_MODEL_INFER,0,28.533945779985515,10.002
STAGE_MODEL_INFER,0,28.584684653993463,10.007
STAGE_MODEL_INFER,0,28.63543271398521,10.007
STAGE_MODEL_INFER,0,28.686456420982722,10.008
STAGE_MODEL_INFER,0,28.73719842999708,10.008
STAGE_MODEL_INFER,0,28.788063033978688,10.004
STAGE_MODEL_INFER,0,28.838775332988007,10.004
STAGE_MODEL_INFER,0,28.88937122898642,9.995
STAGE_MODEL_INFER,0,28.939971897983924,9.995
STAGE_MODEL_INFER,0,28.990502635977464,9.993
STAGE_MODEL_INFER,0,29.04122183698928,9.993
STAGE_MODEL_INFER,0,29.092044534976594,9.998
STAGE_MODEL_INFER,0,29.142934352974407,9.998
STAGE_MODEL_INFER,0,29.193422980984906,10.002
STAGE_MODEL_INFER,0,29.244045134983025,10.002
STAGE_MODEL_INFER,0,29.294498698000098,10.0
STAGE_MODEL_INFER,0,29.345210117986426,10.0
STAGE_MODEL_INFER,0,29.395765196997672,10.006
STAGE_MODEL_INFER,0,29.4464456459973,10.006
STAGE_MODEL_INFER,0,29.497281197982375,9.996
STAGE_MODEL_INFER,0,29.54772018798394,9.996
STAGE_MODEL_INFER,0,29.598414794978453,10.002
STAGE_MODEL_INFER,0,29.64896028698422,10.002
STAGE_MODEL_INFER,0,29.699910555995302,9.995
STAGE_MODEL_INFER,0,29.750931660993956,9.995
STAGE_MODEL_INFER,0,29.8019305979833,9.991
STAGE_MODEL_INFER,0,29.85307904597721,9.991
STAGE_MODEL_INFER,0,29.90361595500144,9.996
STAGE_MODEL_INFER,0,29.954217157996027,9.996
BASELINE_IDLE,1,0.0017070940230041742,4.709
BASELINE_IDLE,1,0.05276676602079533,4.709
BASELINE_IDLE,1,0.10385864099953324,4.709
BASELINE_IDLE,1,0.1571644420037046,4.709
BASELINE_IDLE,1,0.20784365400322713,4.709
BASELINE_IDLE,1,0.2634527840127703,4.709
BASELINE_IDLE,1,0.31465316002140753,4.709
BASELINE_IDLE,1,0.36553667302359827,4.709
BASELINE_IDLE,1,0.41635066000162624,4.709
BASELINE_IDLE,1,0.46739178101415746,4.709
BASELINE_IDLE,1,0.5182606099988334,4.709
BASELINE_IDLE,1,0.5690018250024877,4.709
BASELINE_IDLE,1,0.6199532930040732,4.709
BASELINE_IDLE,1,0.670852287003072,4.709
BASELINE_IDLE,1,0.7218165450030938,4.709
BASELINE_IDLE,1,0.7728980040119495,4.709
BASELINE_IDLE,1,0.8235154130088631,4.709
BASELINE_IDLE,1,0.8745048500131816,4.709
BASELINE_IDLE,1,0.9256668480229564,4.709
BASELINE_IDLE,1,0.9767009660135955,1.636
BASELINE_IDLE,1,1.028483853006037,1.636
BASELINE_IDLE,1,1.080530084000202,1.699
BASELINE_IDLE,1,1.132199979008874,1.692
BASELINE_IDLE,1,1.183952418010449,1.763
BASELINE_IDLE,1,1.2357560880191159,1.763
BASELINE_IDLE,1,1.2877021710155532,1.683
BASELINE_IDLE,1,1.3398598710191436,1.683
BASELINE_IDLE,1,1.3920078520022798,1.611
BASELINE_IDLE,1,1.4442308990110178,1.611
BASELINE_IDLE,1,1.4964430890104268,1.691
BASELINE_IDLE,1,1.548103841021657,1.691
BASELINE_IDLE,1,1.5999415990081616,2.46
BASELINE_IDLE,1,1.6517665930150542,2.46
BASELINE_IDLE,1,1.703729666012805,1.69
BASELINE_IDLE,1,1.7557992100191768,1.69
BASELINE_IDLE,1,1.8079800010018516,2.518
BASELINE_IDLE,1,1.8597962410131004,2.518
BASELINE_IDLE,1,1.9118972250143997,1.724
BASELINE_IDLE,1,1.9636100210191216,1.724
BASELINE_IDLE,1,2.0154066490067635,1.76
BASELINE_IDLE,1,2.0677395240054466,1.689
BASELINE_IDLE,1,2.119405060017016,1.706
BASELINE_IDLE,1,2.1710856030113064,1.71
BASELINE_IDLE,1,2.2231758730194997,1.71
BASELINE_IDLE,1,2.274994292994961,1.666
BASELINE_IDLE,1,2.327133940998465,1.666
BASELINE_IDLE,1,2.378571858018404,1.62
BASELINE_IDLE,1,2.4302411760145333,1.62
BASELINE_IDLE,1,2.482367436023196,1.713
BASELINE_IDLE,1,2.533752982999431,1.672
BASELINE_IDLE,1,2.5897409790195525,1.897
BASELINE_IDLE,1,2.6418266510008834,1.765
BASELINE_IDLE,1,2.6991451590147335,1.994
BASELINE_IDLE,1,2.7506070469971746,1.636
BASELINE_IDLE,1,2.808556774019962,2.366
BASELINE_IDLE,1,2.860489997023251,1.703
BASELINE_IDLE,1,2.9154359759995714,2.997
BASELINE_IDLE,1,2.96737427500193,3.303
BASELINE_IDLE,1,3.028238496015547,3.303
BASELINE_IDLE,1,3.0796728160057683,1.791
BASELINE_IDLE,1,3.1312555500189774,1.791
BASELINE_IDLE,1,3.1828068130125757,2.026
BASELINE_IDLE,1,3.2420054610120133,2.026
BASELINE_IDLE,1,3.293448298005387,1.744
BASELINE_IDLE,1,3.3449918310216162,1.744
BASELINE_IDLE,1,3.3967749350122176,1.645
BASELINE_IDLE,1,3.448617648013169,1.645
BASELINE_IDLE,1,3.500478336995002,1.698
BASELINE_IDLE,1,3.5518289510218892,1.698
BASELINE_IDLE,1,3.603261819022009,1.628
BASELINE_IDLE,1,3.655128665996017,1.628
BASELINE_IDLE,1,3.707763640995836,1.68
BASELINE_IDLE,1,3.759872501017526,1.68
BASELINE_IDLE,1,3.8115665790101048,1.607
BASELINE_IDLE,1,3.863684234995162,1.693
BASELINE_IDLE,1,3.9153702309995424,2.026
BASELINE_IDLE,1,3.9669287590077147,1.601
BASELINE_IDLE,1,4.018670489022043,1.601
BASELINE_IDLE,1,4.070232758997008,2.502
BASELINE_IDLE,1,4.122335795022082,2.502
BASELINE_IDLE,1,4.174087501014583,1.623
BASELINE_IDLE,1,4.226555185014149,1.623
BASELINE_IDLE,1,4.278801430016756,1.651
BASELINE_IDLE,1,4.331211812997935,1.651
BASELINE_IDLE,1,4.383742631005589,2.067
BASELINE_IDLE,1,4.4406743310100865,2.067
BASELINE_IDLE,1,4.4930070620030165,1.801
BASELINE_IDLE,1,4.548160033009481,1.801
BASELINE_IDLE,1,4.599899875000119,1.871
BASELINE_IDLE,1,4.657198203000007,1.871
BASELINE_IDLE,1,4.709405504021561,1.697
BASELINE_IDLE,1,4.766768280009273,1.791
BASELINE_IDLE,1,4.819286262994865,1.763
BASELINE_IDLE,1,4.876681577996351,1.863
BASELINE_IDLE,1,4.928466909012059,1.721
BASELINE_IDLE,1,4.984804050007369,1.906
BASELINE_IDLE,1,5.037655866006389,1.906
BASELINE_IDLE,1,5.08997889701277,1.698
BASELINE_IDLE,1,5.142371587018715,1.698
BASELINE_IDLE,1,5.194525444007013,1.665
BASELINE_IDLE,1,5.246552083001006,1.665
BASELINE_IDLE,1,5.298601687012706,1.679
BASELINE_IDLE,1,5.350436970998999,1.679
BASELINE_IDLE,1,5.402167702995939,1.665
BASELINE_IDLE,1,5.454730996018043,1.665
BASELINE_IDLE,1,5.506392020004569,1.696
BASELINE_IDLE,1,5.5582779190153815,1.696
BASELINE_IDLE,1,5.610048030008329,1.669
BASELINE_IDLE,1,5.662989571021171,1.669
BASELINE_IDLE,1,5.714807490003295,1.681
BASELINE_IDLE,1,5.767018087004544,1.663
BASELINE_IDLE,1,5.819213834009133,1.663
BASELINE_IDLE,1,5.871594149997691,1.701
BASELINE_IDLE,1,5.923204906022875,1.701
BASELINE_IDLE,1,5.975579707999714,1.702
BASELINE_IDLE,1,6.026830814022105,1.702
BASELINE_IDLE,1,6.0778999000031035,1.702
BASELINE_IDLE,1,6.1289840880199336,1.702
BASELINE_IDLE,1,6.180054241995094,1.702
BASELINE_IDLE,1,6.231582467997214,1.702
BASELINE_IDLE,1,6.282594175019767,1.702
BASELINE_IDLE,1,6.333672717009904,1.702
BASELINE_IDLE,1,6.384534570999676,1.702
BASELINE_IDLE,1,6.4354586219997145,1.702
BASELINE_IDLE,1,6.486317828996107,1.702
BASELINE_IDLE,1,6.537424636015203,1.702
BASELINE_IDLE,1,6.588482241000747,1.702
BASELINE_IDLE,1,6.63957913100603,1.702
BASELINE_IDLE,1,6.690888871002244,1.702
BASELINE_IDLE,1,6.742393135005841,1.702
BASELINE_IDLE,1,6.793490453012055,1.702
BASELINE_IDLE,1,6.844829139998183,1.702
BASELINE_IDLE,1,6.896119170007296,1.702
BASELINE_IDLE,1,6.94703060601023,1.702
BASELINE_IDLE,1,6.998208317003446,1.687
BASELINE_IDLE,1,7.049164012016263,1.687
BASELINE_IDLE,1,7.100257470010547,1.687
BASELINE_IDLE,1,7.151395442022476,1.687
BASELINE_IDLE,1,7.2026430620171595,1.687
BASELINE_IDLE,1,7.253834272007225,1.687
BASELINE_IDLE,1,7.304759310994996,1.687
BASELINE_IDLE,1,7.355975398997543,1.687
BASELINE_IDLE,1,7.407386556995334,1.687
BASELINE_IDLE,1,7.458461033005733,1.687
BASELINE_IDLE,1,7.51003411700367,1.687
BASELINE_IDLE,1,7.561411091010086,1.687
BASELINE_IDLE,1,7.612565343006281,1.687
BASELINE_IDLE,1,7.663971606001724,1.687
BASELINE_IDLE,1,7.71489653000026,1.687
BASELINE_IDLE,1,7.766182214021683,1.687
BASELINE_IDLE,1,7.8173752540024,1.687
BASELINE_IDLE,1,7.868436390010174,1.687
BASELINE_IDLE,1,7.919678025005851,1.687
BASELINE_IDLE,1,7.970693342998857,1.661
BASELINE_IDLE,1,8.022848695021821,1.661
BASELINE_IDLE,1,8.074746953003341,1.684
BASELINE_IDLE,1,8.127064364001853,1.684
BASELINE_IDLE,1,8.179412471014075,1.629
BASELINE_IDLE,1,8.231401846016524,1.629
BASELINE_IDLE,1,8.283692953002173,1.769
BASELINE_IDLE,1,8.336466658016434,1.769
BASELINE_IDLE,1,8.388479453016771,1.621
BASELINE_IDLE,1,8.441714726999635,1.621
BASELINE_IDLE,1,8.493549366015941,1.636
BASELINE_IDLE,1,8.54528329501045,1.636
BASELINE_IDLE,1,8.597768200997962,1.64
BASELINE_IDLE,1,8.649571714020567,1.64
BASELINE_IDLE,1,8.701852408004925,1.692
BASELINE_IDLE,1,8.753937691013562,1.692
BASELINE_IDLE,1,8.805446559999837,1.613
BASELINE_IDLE,1,8.85770124901319,1.613
BASELINE_IDLE,1,8.90908473302261,1.701
BASELINE_IDLE,1,8.960714526998345,1.701
BASELINE_IDLE,1,9.012228256004164,1.667
BASELINE_IDLE,1,9.06320809700992,1.667
BASELINE_IDLE,1,9.114583932008827,1.667
BASELINE_IDLE,1,9.165760717005469,1.667
BASELINE_IDLE,1,9.217245542997262,1.667
BASELINE_IDLE,1,9.2682493700122,1.667
BASELINE_IDLE,1,9.319135997997364,1.667
BASELINE_IDLE,1,9.369945123995421,1.667
BASELINE_IDLE,1,9.420434307015967,1.667
BASELINE_IDLE,1,9.471157495019725,1.667
BASELINE_IDLE,1,9.522022199002095,1.667
BASELINE_IDLE,1,9.572732885018922,1.667
BASELINE_IDLE,1,9.623674147005659,1.667
BASELINE_IDLE,1,9.674627376021817,1.667
BASELINE_IDLE,1,9.725426228018478,1.667
BASELINE_IDLE,1,9.776219557999866,1.667
BASELINE_IDLE,1,9.827101361006498,1.667
BASELINE_IDLE,1,9.878488856018521,1.667
BASELINE_IDLE,1,9.929588121012785,1.667
BASELINE_IDLE,1,9.987883585010422,1.893
BASELINE_IDLE,1,10.03965623199474,1.893
BASELINE_IDLE,1,10.0913205530087,1.721
BASELINE_IDLE,1,10.14266794899595,1.721
BASELINE_IDLE,1,10.194290693994844,1.618
BASELINE_IDLE,1,10.246092197019607,1.618
BASELINE_IDLE,1,10.29749025500496,1.684
BASELINE_IDLE,1,10.349193585017929,1.684
BASELINE_IDLE,1,10.401050236017909,1.608
BASELINE_IDLE,1,10.453150649002055,1.608
BASELINE_IDLE,1,10.505028134997701,1.67
BASELINE_IDLE,1,10.557651547016576,1.67
BASELINE_IDLE,1,10.609176208003191,1.619
BASELINE_IDLE,1,10.661004976020195,1.619
BASELINE_IDLE,1,10.713394316000631,1.707
BASELINE_IDLE,1,10.765562465996481,1.599
BASELINE_IDLE,1,10.81761569599621,1.599
BASELINE_IDLE,1,10.869655999005772,1.688
BASELINE_IDLE,1,10.92150855102227,1.688
BASELINE_IDLE,1,10.97394703500322,1.671
BASELINE_IDLE,1,11.02489953301847,1.671
BASELINE_IDLE,1,11.075858141004574,1.671
BASELINE_IDLE,1,11.12719778099563,1.671
BASELINE_IDLE,1,11.17842062501586,1.671
BASELINE_IDLE,1,11.230283822020283,1.671
BASELINE_IDLE,1,11.28145118500106,1.671
BASELINE_IDLE,1,11.332459932018537,1.671
BASELINE_IDLE,1,11.383555184002034,1.671
BASELINE_IDLE,1,11.434880036016693,1.671
BASELINE_IDLE,1,11.48590628700913,1.671
BASELINE_IDLE,1,11.53694698002073,1.671
BASELINE_IDLE,1,11.58867682502023,1.671
BASELINE_IDLE,1,11.639872677013045,1.671
BASELINE_IDLE,1,11.691023482999299,1.671
BASELINE_IDLE,1,11.741789074003464,1.671
BASELINE_IDLE,1,11.793065662001027,1.671
BASELINE_IDLE,1,11.84404645502218,1.671
BASELINE_IDLE,1,11.894863003020873,1.671
BASELINE_IDLE,1,11.946030916005839,1.671
BASELINE_IDLE,1,11.997386768023716,1.663
BASELINE_IDLE,1,12.048874110012548,1.663
BASELINE_IDLE,1,12.100245425011963,1.663
BASELINE_IDLE,1,12.15128456702223,1.663
BASELINE_IDLE,1,12.202266093023354,1.663
BASELINE_IDLE,1,12.253423704998568,1.663
BASELINE_IDLE,1,12.304354955005692,1.663
BASELINE_IDLE,1,12.355145791021641,1.663
BASELINE_IDLE,1,12.406107994000195,1.663
BASELINE_IDLE,1,12.457094434008468,1.663
BASELINE_IDLE,1,12.508498629002133,1.663
BASELINE_IDLE,1,12.559434865019284,1.663
BASELINE_IDLE,1,12.610249326011399,1.663
BASELINE_IDLE,1,12.662193474010564,1.663
BASELINE_IDLE,1,12.713292016007472,1.663
BASELINE_IDLE,1,12.764431137009524,1.663
BASELINE_IDLE,1,12.815850023995154,1.663
BASELINE_IDLE,1,12.86698493899894,1.663
BASELINE_IDLE,1,12.918205958005274,1.663
BASELINE_IDLE,1,12.969433031015797,1.658
BASELINE_IDLE,1,13.020605749014067,1.658
BASELINE_IDLE,1,13.071712203003699,1.658
BASELINE_IDLE,1,13.122649224009365,1.658
BASELINE_IDLE,1,13.173690427996917,1.658
BASELINE_IDLE,1,13.22447363199899,1.658
BASELINE_IDLE,1,13.275550549005857,1.658
BASELINE_IDLE,1,13.326482595002744,1.658
BASELINE_IDLE,1,13.377343225001823,1.658
BASELINE_IDLE,1,13.428342722007073,1.658
BASELINE_IDLE,1,13.479400348005584,1.658
BASELINE_IDLE,1,13.530465785006527,1.658
BASELINE_IDLE,1,13.581269767018966,1.658
BASELINE_IDLE,1,13.632141181995394,1.658
BASELINE_IDLE,1,13.683021000004373,1.658
BASELINE_IDLE,1,13.73396030900767,1.658
BASELINE_IDLE,1,13.784801105008228,1.658
BASELINE_IDLE,1,13.83584503599559,1.658
BASELINE_IDLE,1,13.886864728003275,1.658
BASELINE_IDLE,1,13.937848666013451,1.658
BASELINE_IDLE,1,13.988610922999214,1.651
BASELINE_IDLE,1,14.03998730602325,1.651
BASELINE_IDLE,1,14.090972650010372,1.651
BASELINE_IDLE,1,14.142063466017134,1.651
BASELINE_IDLE,1,14.1930264380062,1.651
BASELINE_IDLE,1,14.244524613022804,1.651
BASELINE_IDLE,1,14.295857393008191,1.651
BASELINE_IDLE,1,14.347588984004688,1.651
BASELINE_IDLE,1,14.398590402997797,1.651
BASELINE_IDLE,1,14.449397493997822,1.651
BASELINE_IDLE,1,14.500462452997454,1.651
BASELINE_IDLE,1,14.551249176001875,1.651
BASELINE_IDLE,1,14.602121249015909,1.651
BASELINE_IDLE,1,14.653099256014684,1.651
BASELINE_IDLE,1,14.70399621600518,1.651
BASELINE_IDLE,1,14.754890462994808,1.651
BASELINE_IDLE,1,14.805745935009327,1.651
BASELINE_IDLE,1,14.856718573020771,1.651
BASELINE_IDLE,1,14.907657594012562,1.651
BASELINE_IDLE,1,14.958614652015967,1.651
STAGE_MODEL_INFER,1,0.0014418019854929298,1.64
STAGE_MODEL_INFER,1,0.05242505099158734,1.64
STAGE_MODEL_INFER,1,0.1033961079956498,1.828
STAGE_MODEL_INFER,1,0.1543502380081918,1.828
STAGE_MODEL_INFER,1,0.20532600799924694,2.13
STAGE_MODEL_INFER,1,0.25576144698425196,3.394
STAGE_MODEL_INFER,1,0.30620599701069295,3.394
STAGE_MODEL_INFER,1,0.3566228309937287,4.33
STAGE_MODEL_INFER,1,0.40719613898545504,4.33
STAGE_MODEL_INFER,1,0.45786570699419826,5.143
STAGE_MODEL_INFER,1,0.5084323140035849,5.143
STAGE_MODEL_INFER,1,0.5590658299915958,16.52
STAGE_MODEL_INFER,1,0.6108644230116624,15.525
STAGE_MODEL_INFER,1,0.6620223399950191,17.533
STAGE_MODEL_INFER,1,0.7140130749903619,17.533
STAGE_MODEL_INFER,1,0.7656792670022696,16.569
STAGE_MODEL_INFER,1,0.8163532420003321,16.569
STAGE_MODEL_INFER,1,0.874426524998853,15.991
STAGE_MODEL_INFER,1,0.9287949549907353,16.732
STAGE_MODEL_INFER,1,0.9800268370017875,17.365
STAGE_MODEL_INFER,1,1.0313090909912717,17.365
STAGE_MODEL_INFER,1,1.082878808985697,15.908
STAGE_MODEL_INFER,1,1.1335695069865324,15.908
STAGE_MODEL_INFER,1,1.1840379280038178,13.493
STAGE_MODEL_INFER,1,1.238582680001855,13.493
STAGE_MODEL_INFER,1,1.289961114001926,13.18
STAGE_MODEL_INFER,1,1.3413479499868117,13.18
STAGE_MODEL_INFER,1,1.3928210879967082,16.688
STAGE_MODEL_INFER,1,1.4433529959933367,16.688
STAGE_MODEL_INFER,1,1.4959125019959174,16.646
STAGE_MODEL_INFER,1,1.5467127040028572,16.646
STAGE_MODEL_INFER,1,1.5974748519947752,16.627
STAGE_MODEL_INFER,1,1.6481147079903167,16.627
STAGE_MODEL_INFER,1,1.698594099987531,16.625
STAGE_MODEL_INFER,1,1.749209837988019,16.625
STAGE_MODEL_INFER,1,1.799825833993964,16.615
STAGE_MODEL_INFER,1,1.8503675439860672,16.615
STAGE_MODEL_INFER,1,1.9009194230020512,16.609
STAGE_MODEL_INFER,1,1.9570063569990452,18.453
STAGE_MODEL_INFER,1,2.0087415899906773,18.453
STAGE_MODEL_INFER,1,2.060830525995698,11.601
STAGE_MODEL_INFER,1,2.1114591530058533,11.601
STAGE_MODEL_INFER,1,2.161951608984964,10.058
STAGE_MODEL_INFER,1,2.2139526350074448,10.058
STAGE_MODEL_INFER,1,2.265460332011571,11.663
STAGE_MODEL_INFER,1,2.3167829439917114,11.663
STAGE_MODEL_INFER,1,2.3686819660069887,12.981
STAGE_MODEL_INFER,1,2.4284782969916705,12.981
STAGE_MODEL_INFER,1,2.4806389620061964,6.354
STAGE_MODEL_INFER,1,2.53219149299548,6.354
STAGE_MODEL_INFER,1,2.583545522997156,9.864
STAGE_MODEL_INFER,1,2.634481457003858,9.864
STAGE_MODEL_INFER,1,2.6851508840045426,9.812
STAGE_MODEL_INFER,1,2.7356661850062665,9.812
STAGE_MODEL_INFER,1,2.7862425810017157,9.944
STAGE_MODEL_INFER,1,2.8440383250126615,9.944
STAGE_MODEL_INFER,1,2.8953773659886792,9.269
STAGE_MODEL_INFER,1,2.947481028008042,9.269
STAGE_MODEL_INFER,1,2.9987401099933777,9.566
STAGE_MODEL_INFER,1,3.049296665994916,9.566
STAGE_MODEL_INFER,1,3.0999060260073747,9.574
STAGE_MODEL_INFER,1,3.156896394008072,10.751
STAGE_MODEL_INFER,1,3.2085964840080123,10.751
STAGE_MODEL_INFER,1,3.2604685869882815,9.554
STAGE_MODEL_INFER,1,3.3110038669838104,9.554
STAGE_MODEL_INFER,1,3.3614655139972456,9.557
STAGE_MODEL_INFER,1,3.411970166984247,9.557
STAGE_MODEL_INFER,1,3.4625734649889637,9.572
STAGE_MODEL_INFER,1,3.5130698189896066,9.572
STAGE_MODEL_INFER,1,3.5636165770119987,9.577
STAGE_MODEL_INFER,1,3.614142336999066,9.577
STAGE_MODEL_INFER,1,3.6647381369839422,6.068
STAGE_MODEL_INFER,1,3.71698318500421,6.068
STAGE_MODEL_INFER,1,3.7683871779881883,10.038
STAGE_MODEL_INFER,1,3.8189850079943426,10.038
STAGE_MODEL_INFER,1,3.869564310007263,9.81
STAGE_MODEL_INFER,1,3.9258748889842536,9.81
STAGE_MODEL_INFER,1,3.9765046649845317,10.467
STAGE_MODEL_INFER,1,4.039106955984607,10.467
STAGE_MODEL_INFER,1,4.093834542989498,9.73
STAGE_MODEL_INFER,1,4.144368706009118,9.73
STAGE_MODEL_INFER,1,4.194866887992248,8.65
STAGE_MODEL_INFER,1,4.257421701011481,10.641
STAGE_MODEL_INFER,1,4.308752535987878,10.641
STAGE_MODEL_INFER,1,4.3606911879905965,9.641
STAGE_MODEL_INFER,1,4.411283427994931,9.641
STAGE_MODEL_INFER,1,4.46189368100022,9.242
STAGE_MODEL_INFER,1,4.514547995000612,9.242
STAGE_MODEL_INFER,1,4.565767035994213,9.621
STAGE_MODEL_INFER,1,4.628969710000092,9.621
STAGE_MODEL_INFER,1,4.679407610005001,12.806
STAGE_MODEL_INFER,1,4.73167959600687,12.806
STAGE_MODEL_INFER,1,4.783067882992327,11.117
STAGE_MODEL_INFER,1,4.83452492399374,11.117
STAGE_MODEL_INFER,1,4.887176363001345,9.469
STAGE_MODEL_INFER,1,4.937724004004849,9.469
STAGE_MODEL_INFER,1,4.988104777992703,9.577
STAGE_MODEL_INFER,1,5.039232690993231,9.577
STAGE_MODEL_INFER,1,5.08980965000228,10.425
STAGE_MODEL_INFER,1,5.1411322969943285,10.425
STAGE_MODEL_INFER,1,5.193024178995984,9.708
STAGE_MODEL_INFER,1,5.243510789994616,9.708
STAGE_MODEL_INFER,1,5.293940998002654,9.742
STAGE_MODEL_INFER,1,5.344602683006087,9.742
STAGE_MODEL_INFER,1,5.395312403998105,9.755
STAGE_MODEL_INFER,1,5.4458472930127755,9.755
STAGE_MODEL_INFER,1,5.496564965986181,11.351
STAGE_MODEL_INFER,1,5.549028813984478,8.833
STAGE_MODEL_INFER,1,5.608874962985283,10.218
STAGE_MODEL_INFER,1,5.660227220010711,10.133
STAGE_MODEL_INFER,1,5.712073436996434,10.133
STAGE_MODEL_INFER,1,5.763858864986105,10.394
STAGE_MODEL_INFER,1,5.816622832004214,10.394
STAGE_MODEL_INFER,1,5.868013091007015,9.855
STAGE_MODEL_INFER,1,5.918566312000621,9.855
STAGE_MODEL_INFER,1,5.969144511007471,14.141
STAGE_MODEL_INFER,1,6.023810262006009,14.141
STAGE_MODEL_INFER,1,6.07520824499079,9.827
STAGE_MODEL_INFER,1,6.1256809160113335,9.827
STAGE_MODEL_INFER,1,6.176454633008689,9.845
STAGE_MODEL_INFER,1,6.227192097983789,9.845
STAGE_MODEL_INFER,1,6.277836010995088,10.252
STAGE_MODEL_INFER,1,6.329301411984488,10.252
STAGE_MODEL_INFER,1,6.38142897200305,9.843
STAGE_MODEL_INFER,1,6.43207099600113,9.843
STAGE_MODEL_INFER,1,6.483068822999485,10.767
STAGE_MODEL_INFER,1,6.534620033984538,10.767
STAGE_MODEL_INFER,1,6.592129050986841,9.842
STAGE_MODEL_INFER,1,6.642856382008176,9.842
STAGE_MODEL_INFER,1,6.6937860189937055,9.867
STAGE_MODEL_INFER,1,6.7444699259940535,9.867
STAGE_MODEL_INFER,1,6.795450259989593,9.871
STAGE_MODEL_INFER,1,6.84630201998516,9.871
STAGE_MODEL_INFER,1,6.896926243003691,11.359
STAGE_MODEL_INFER,1,6.949357600999065,9.915
STAGE_MODEL_INFER,1,7.001103568007238,9.887
STAGE_MODEL_INFER,1,7.052285660000052,11.877
STAGE_MODEL_INFER,1,7.108721150987549,11.877
STAGE_MODEL_INFER,1,7.159964630991453,9.894
STAGE_MODEL_INFER,1,7.210823770990828,9.894
STAGE_MODEL_INFER,1,7.261474764003651,9.882
STAGE_MODEL_INFER,1,7.3118912350037135,9.882
STAGE_MODEL_INFER,1,7.362577619001968,9.894
STAGE_MODEL_INFER,1,7.413144188991282,9.894
STAGE_MODEL_INFER,1,7.463838411989855,9.896
STAGE_MODEL_INFER,1,7.514529667998431,9.896
STAGE_MODEL_INFER,1,7.565373540011933,9.893
STAGE_MODEL_INFER,1,7.615999255009228,9.893
STAGE_MODEL_INFER,1,7.666457866987912,9.902
STAGE_MODEL_INFER,1,7.716930685011903,9.902
STAGE_MODEL_INFER,1,7.767667240987066,9.909
STAGE_MODEL_INFER,1,7.818525802984368,9.909
STAGE_MODEL_INFER,1,7.869152714993106,9.912
STAGE_MODEL_INFER,1,7.919991545990342,9.912
STAGE_MODEL_INFER,1,7.970646472997032,9.91
STAGE_MODEL_INFER,1,8.02111574698938,9.91
STAGE_MODEL_INFER,1,8.07170058900374,9.91
STAGE_MODEL_INFER,1,8.122399949992541,9.91
STAGE_MODEL_INFER,1,8.172949127998436,9.909
STAGE_MODEL_INFER,1,8.223508774011862,9.909
STAGE_MODEL_INFER,1,8.274082515010377,9.913
STAGE_MODEL_INFER,1,8.32500662599341,9.913
STAGE_MODEL_INFER,1,8.375582862994634,9.919
STAGE_MODEL_INFER,1,8.42621753498679,9.919
STAGE_MODEL_INFER,1,8.47675321198767,9.919
STAGE_MODEL_INFER,1,8.527355864003766,9.919
STAGE_MODEL_INFER,1,8.578006060997723,9.923
STAGE_MODEL_INFER,1,8.628607046004618,9.923
STAGE_MODEL_INFER,1,8.679343244002666,9.927
STAGE_MODEL_INFER,1,8.730011156992987,9.927
STAGE_MODEL_INFER,1,8.78065610298654,9.927
STAGE_MODEL_INFER,1,8.831300685997121,9.927
STAGE_MODEL_INFER,1,8.881965412991121,9.924
STAGE_MODEL_INFER,1,8.932727757986868,9.924
STAGE_MODEL_INFER,1,8.983408042986412,9.923
STAGE_MODEL_INFER,1,9.034549053001683,9.923
STAGE_MODEL_INFER,1,9.085162589006359,9.927
STAGE_MODEL_INFER,1,9.13567788299406,9.927
STAGE_MODEL_INFER,1,9.18617305898806,9.924
STAGE_MODEL_INFER,1,9.236820986989187,9.924
STAGE_MODEL_INFER,1,9.287476030003745,9.924
STAGE_MODEL_INFER,1,9.337978953990387,9.924
STAGE_MODEL_INFER,1,9.388467651006067,9.923
STAGE_MODEL_INFER,1,9.43897167299292,9.923
STAGE_MODEL_INFER,1,9.489517325011548,9.917
STAGE_MODEL_INFER,1,9.539942150993738,9.917
STAGE_MODEL_INFER,1,9.590582992997952,9.91
STAGE_MODEL_INFER,1,9.641217455995502,9.91
STAGE_MODEL_INFER,1,9.691872046008939,9.903
STAGE_MODEL_INFER,1,9.742511168005876,9.903
STAGE_MODEL_INFER,1,9.793070137005998,9.901
STAGE_MODEL_INFER,1,9.84383452500333,9.901
STAGE_MODEL_INFER,1,9.89450109799509,9.899
STAGE_MODEL_INFER,1,9.945178594993195,9.899
STAGE_MODEL_INFER,1,9.995889546989929,9.899
STAGE_MODEL_INFER,1,10.046549827995477,9.899
STAGE_MODEL_INFER,1,10.097312880010577,9.899
STAGE_MODEL_INFER,1,10.14818793500308,9.899
STAGE_MODEL_INFER,1,10.198873574001482,9.898
STAGE_MODEL_INFER,1,10.249707295006374,9.9
STAGE_MODEL_INFER,1,10.300278567010537,9.9
STAGE_MODEL_INFER,1,10.350775550003164,9.902
STAGE_MODEL_INFER,1,10.401200305001112,9.902
STAGE_MODEL_INFER,1,10.451798527996289,9.905
STAGE_MODEL_INFER,1,10.50242874500691,9.905
STAGE_MODEL_INFER,1,10.553085550985998,9.908
STAGE_MODEL_INFER,1,10.603814025991596,9.908
STAGE_MODEL_INFER,1,10.654256587993586,9.916
STAGE_MODEL_INFER,1,10.704828419984551,9.916
STAGE_MODEL_INFER,1,10.755626089987345,9.92
STAGE_MODEL_INFER,1,10.806229012989206,9.92
STAGE_MODEL_INFER,1,10.856882530992152,9.921
STAGE_MODEL_INFER,1,10.907381224998971,9.921
STAGE_MODEL_INFER,1,10.957972522999626,9.917
STAGE_MODEL_INFER,1,11.00872151600197,9.917
STAGE_MODEL_INFER,1,11.059396600001492,9.919
STAGE_MODEL_INFER,1,11.110145257000113,9.919
STAGE_MODEL_INFER,1,11.160613454994746,9.918
STAGE_MODEL_INFER,1,11.211221292003756,9.918
STAGE_MODEL_INFER,1,11.262057312007528,9.918
STAGE_MODEL_INFER,1,11.312563184008468,9.918
STAGE_MODEL_INFER,1,11.363108797988389,9.921
STAGE_MODEL_INFER,1,11.413633738993667,9.921
STAGE_MODEL_INFER,1,11.464449032006087,9.923
STAGE_MODEL_INFER,1,11.515102050005225,9.923
STAGE_MODEL_INFER,1,11.565582645009272,9.925
STAGE_MODEL_INFER,1,11.616061111999443,9.925
STAGE_MODEL_INFER,1,11.666787939000642,9.929
STAGE_MODEL_INFER,1,11.717599324998446,9.929
STAGE_MODEL_INFER,1,11.768265490012709,9.93
STAGE_MODEL_INFER,1,11.819205195002723,9.93
STAGE_MODEL_INFER,1,11.869961636984954,9.94
STAGE_MODEL_INFER,1,11.92050691100303,9.94
STAGE_MODEL_INFER,1,11.970932394004194,9.941
STAGE_MODEL_INFER,1,12.021459067997057,9.941
STAGE_MODEL_INFER,1,12.071987925010035,9.944
STAGE_MODEL_INFER,1,12.122550817992305,9.944
STAGE_MODEL_INFER,1,12.173066257004393,9.939
STAGE_MODEL_INFER,1,12.223549001995707,9.939
STAGE_MODEL_INFER,1,12.274145695002517,9.937
STAGE_MODEL_INFER,1,12.324873967998428,9.937
STAGE_MODEL_INFER,1,12.37549133101129,9.943
STAGE_MODEL_INFER,1,12.426022024999838,9.943
STAGE_MODEL_INFER,1,12.476622508984292,9.938
STAGE_MODEL_INFER,1,12.527288448007312,9.938
STAGE_MODEL_INFER,1,12.57789846599917,9.935
STAGE_MODEL_INFER,1,12.628834464005195,9.935
STAGE_MODEL_INFER,1,12.679443564004032,9.929
STAGE_MODEL_INFER,1,12.73002336898935,9.929
STAGE_MODEL_INFER,1,12.780680091993418,9.92
STAGE_MODEL_INFER,1,12.83118297799956,9.92
STAGE_MODEL_INFER,1,12.881699096993543,9.918
STAGE_MODEL_INFER,1,12.93212261699955,9.918
STAGE_MODEL_INFER,1,12.98274930100888,9.904
STAGE_MODEL_INFER,1,13.033279783994658,9.904
STAGE_MODEL_INFER,1,13.083810295996955,9.902
STAGE_MODEL_INFER,1,13.134897385985823,9.902
STAGE_MODEL_INFER,1,13.185745530005079,9.9
STAGE_MODEL_INFER,1,13.236454630008666,9.9
STAGE_MODEL_INFER,1,13.28704592998838,9.896
STAGE_MODEL_INFER,1,13.337733161984943,9.896
STAGE_MODEL_INFER,1,13.38830962398788,9.9
STAGE_MODEL_INFER,1,13.438778118987102,9.9
STAGE_MODEL_INFER,1,13.489622724009678,9.893
STAGE_MODEL_INFER,1,13.54009190099896,9.893
STAGE_MODEL_INFER,1,13.590657721011667,9.898
STAGE_MODEL_INFER,1,13.641281674994389,9.898
STAGE_MODEL_INFER,1,13.691899388009915,9.895
STAGE_MODEL_INFER,1,13.742560493992642,9.895
STAGE_MODEL_INFER,1,13.793013195012463,9.893
STAGE_MODEL_INFER,1,13.843519259011373,9.893
STAGE_MODEL_INFER,1,13.894280529988464,9.904
STAGE_MODEL_INFER,1,13.944896773988148,9.904
STAGE_MODEL_INFER,1,13.99551349299145,9.903
STAGE_MODEL_INFER,1,14.046083063993137,9.903
STAGE_MODEL_INFER,1,14.096613936009817,9.913
STAGE_MODEL_INFER,1,14.147099374997197,9.913
STAGE_MODEL_INFER,1,14.197679278993746,9.92
STAGE_MODEL_INFER,1,14.24815453600604,9.93
STAGE_MODEL_INFER,1,14.29857642200659,9.93
STAGE_MODEL_INFER,1,14.349206281010993,9.937
STAGE_MODEL_INFER,1,14.399779836996458,9.937
STAGE_MODEL_INFER,1,14.450311630003853,9.94
STAGE_MODEL_INFER,1,14.500905789987883,9.94
STAGE_MODEL_INFER,1,14.551577151985839,9.924
STAGE_MODEL_INFER,1,14.60209090000717,9.924
STAGE_MODEL_INFER,1,14.65266416000668,9.947
STAGE_MODEL_INFER,1,14.703304714988917,9.947
STAGE_MODEL_INFER,1,14.753698723012349,9.948
STAGE_MODEL_INFER,1,14.80416582498583,9.948
STAGE_MODEL_INFER,1,14.85462371900212,9.95
STAGE_MODEL_INFER,1,14.905136096989736,9.95
STAGE_MODEL_INFER,1,14.955663047992857,9.943
STAGE_MODEL_INFER,1,15.006226261990378,9.943
STAGE_MODEL_INFER,1,15.056745345005766,10.447
STAGE_MODEL_INFER,1,15.108825275005074,8.899
STAGE_MODEL_INFER,1,15.16011206098483,10.369
STAGE_MODEL_INFER,1,15.211565128993243,10.369
STAGE_MODEL_INFER,1,15.262880391994258,9.882
STAGE_MODEL_INFER,1,15.31348400900606,9.882
STAGE_MODEL_INFER,1,15.36408341198694,9.867
STAGE_MODEL_INFER,1,15.414697608008282,9.867
STAGE_MODEL_INFER,1,15.465195196011337,10.714
STAGE_MODEL_INFER,1,15.517444363009417,10.714
STAGE_MODEL_INFER,1,15.568708434992004,9.926
STAGE_MODEL_INFER,1,15.619372559012845,9.926
STAGE_MODEL_INFER,1,15.669885857991176,9.936
STAGE_MODEL_INFER,1,15.720426927990047,9.936
STAGE_MODEL_INFER,1,15.771044277993497,9.931
STAGE_MODEL_INFER,1,15.821571067994228,9.931
STAGE_MODEL_INFER,1,15.872017996007344,9.934
STAGE_MODEL_INFER,1,15.92244416801259,9.934
STAGE_MODEL_INFER,1,15.973040337994462,9.817
STAGE_MODEL_INFER,1,16.024428034987068,9.817
STAGE_MODEL_INFER,1,16.0768650379905,10.344
STAGE_MODEL_INFER,1,16.127407341991784,10.344
STAGE_MODEL_INFER,1,16.17789821801125,9.86
STAGE_MODEL_INFER,1,16.230429941002512,9.86
STAGE_MODEL_INFER,1,16.281528899009572,9.996
STAGE_MODEL_INFER,1,16.33200546298758,9.996
STAGE_MODEL_INFER,1,16.38266048100195,9.948
STAGE_MODEL_INFER,1,16.433254515985027,9.948
STAGE_MODEL_INFER,1,16.484014460991602,9.945
STAGE_MODEL_INFER,1,16.5345071220072,9.945
STAGE_MODEL_INFER,1,16.585081261000596,9.948
STAGE_MODEL_INFER,1,16.63548295298824,9.948
STAGE_MODEL_INFER,1,16.689390307001304,9.955
STAGE_MODEL_INFER,1,16.739740332006477,9.955
STAGE_MODEL_INFER,1,16.790229028993053,10.855
STAGE_MODEL_INFER,1,16.841390063986182,10.855
STAGE_MODEL_INFER,1,16.893599558010465,9.92
STAGE_MODEL_INFER,1,16.944171131995972,9.92
STAGE_MODEL_INFER,1,16.994777537998743,9.93
STAGE_MODEL_INFER,1,17.04555827198783,9.93
STAGE_MODEL_INFER,1,17.09616182598984,9.924
STAGE_MODEL_INFER,1,17.14682465599617,9.924
STAGE_MODEL_INFER,1,17.197333772986894,9.908
STAGE_MODEL_INFER,1,17.248087379004573,9.913
STAGE_MODEL_INFER,1,17.298618558008457,9.913
STAGE_MODEL_INFER,1,17.34919541000272,9.916
STAGE_MODEL_INFER,1,17.39975506599876,9.916
STAGE_MODEL_INFER,1,17.450370840000687,10.505
STAGE_MODEL_INFER,1,17.5016573620087,7.393
STAGE_MODEL_INFER,1,17.55377435698756,10.643
STAGE_MODEL_INFER,1,17.611173773009796,10.643
STAGE_MODEL_INFER,1,17.66250519201276,9.897
STAGE_MODEL_INFER,1,17.71304475000943,9.897
STAGE_MODEL_INFER,1,17.763518321997253,9.702
STAGE_MODEL_INFER,1,17.815313380997395,9.702
STAGE_MODEL_INFER,1,17.86764322099043,9.957
STAGE_MODEL_INFER,1,17.9185088390077,9.957
STAGE_MODEL_INFER,1,17.96905809099553,9.938
STAGE_MODEL_INFER,1,18.01975187601056,9.938
STAGE_MODEL_INFER,1,18.07728042200324,9.984
STAGE_MODEL_INFER,1,18.128565966006136,9.984
STAGE_MODEL_INFER,1,18.18264208600158,9.986
STAGE_MODEL_INFER,1,18.23329848999856,9.986
STAGE_MODEL_INFER,1,18.283895962988026,9.963
STAGE_MODEL_INFER,1,18.334394450008404,9.963
STAGE_MODEL_INFER,1,18.38495044200681,19.041
STAGE_MODEL_INFER,1,18.440353184007108,19.041
STAGE_MODEL_INFER,1,18.491509246989153,10.11
STAGE_MODEL_INFER,1,18.542014183010906,10.11
STAGE_MODEL_INFER,1,18.592465702997288,9.978
STAGE_MODEL_INFER,1,18.64376072899904,9.978
STAGE_MODEL_INFER,1,18.69631225100602,9.976
STAGE_MODEL_INFER,1,18.747076397994533,9.982
STAGE_MODEL_INFER,1,18.79765041099745,9.982
STAGE_MODEL_INFER,1,18.848258393001743,9.957
STAGE_MODEL_INFER,1,18.89888004999375,9.957
STAGE_MODEL_INFER,1,18.949475792993326,9.944
STAGE_MODEL_INFER,1,19.000033921998693,9.944
STAGE_MODEL_INFER,1,19.051645291998284,10.444
STAGE_MODEL_INFER,1,19.102993059001165,10.444
STAGE_MODEL_INFER,1,19.156787179992534,9.928
STAGE_MODEL_INFER,1,19.207159802987007,9.928
STAGE_MODEL_INFER,1,19.257685568998568,9.958
STAGE_MODEL_INFER,1,19.31260401700274,9.958
STAGE_MODEL_INFER,1,19.363810337992618,9.923
STAGE_MODEL_INFER,1,19.414324971992755,9.923
STAGE_MODEL_INFER,1,19.465069580008276,9.934
STAGE_MODEL_INFER,1,19.515748971985886,9.934
STAGE_MODEL_INFER,1,19.566219489002833,9.936
STAGE_MODEL_INFER,1,19.616691750998143,9.936
STAGE_MODEL_INFER,1,19.667223169992212,9.929
STAGE_MODEL_INFER,1,19.71784020200721,9.929
STAGE_MODEL_INFER,1,19.76842261099955,9.917
STAGE_MODEL_INFER,1,19.82329275200027,9.917
STAGE_MODEL_INFER,1,19.873708097002236,10.278
STAGE_MODEL_INFER,1,19.925870233011665,10.278
STAGE_MODEL_INFER,1,19.97722452398739,9.924
STAGE_MODEL_INFER,1,20.027729694003938,9.924
STAGE_MODEL_INFER,1,20.07840048399521,9.937
STAGE_MODEL_INFER,1,20.128782782005146,9.937
STAGE_MODEL_INFER,1,20.179439915984403,9.521
STAGE_MODEL_INFER,1,20.230988553987117,9.521
STAGE_MODEL_INFER,1,20.28430846601259,9.984
STAGE_MODEL_INFER,1,20.33498268999392,9.984
STAGE_MODEL_INFER,1,20.385700482991524,9.958
STAGE_MODEL_INFER,1,20.436339233012404,9.958
STAGE_MODEL_INFER,1,20.48694880900439,9.972
STAGE_MODEL_INFER,1,20.537637755012838,9.972
STAGE_MODEL_INFER,1,20.588225565006724,10.538
STAGE_MODEL_INFER,1,20.641358895984013,10.538
STAGE_MODEL_INFER,1,20.692900100984843,9.995
STAGE_MODEL_INFER,1,20.743428760993993,9.995
STAGE_MODEL_INFER,1,20.793978772999253,16.635
STAGE_MODEL_INFER,1,20.845364962005988,9.922
STAGE_MODEL_INFER,1,20.897675101994537,10.05
STAGE_MODEL_INFER,1,20.948154270998202,9.807
STAGE_MODEL_INFER,1,21.000996232993202,10.498
STAGE_MODEL_INFER,1,21.05691125500016,10.017
STAGE_MODEL_INFER,1,21.10828922400833,7.918
STAGE_MODEL_INFER,1,21.15952939601266,10.588
STAGE_MODEL_INFER,1,21.212095552007668,10.588
STAGE_MODEL_INFER,1,21.263386689999606,9.973
STAGE_MODEL_INFER,1,21.313931879005395,9.973
STAGE_MODEL_INFER,1,21.364599321997957,9.552
STAGE_MODEL_INFER,1,21.41602838601102,9.552
STAGE_MODEL_INFER,1,21.467953635990852,10.058
STAGE_MODEL_INFER,1,21.51846424798714,10.058
STAGE_MODEL_INFER,1,21.568855065008393,11.41
STAGE_MODEL_INFER,1,21.62101288998383,9.414
STAGE_MODEL_INFER,1,21.672969443985494,10.167
STAGE_MODEL_INFER,1,21.724795299989637,10.167
STAGE_MODEL_INFER,1,21.777360412001144,10.031
STAGE_MODEL_INFER,1,21.827969478996238,10.031
STAGE_MODEL_INFER,1,21.887701831001323,10.887
STAGE_MODEL_INFER,1,21.939186383009655,10.887
STAGE_MODEL_INFER,1,21.99164196100901,9.991
STAGE_MODEL_INFER,1,22.04223049498978,9.991
STAGE_MODEL_INFER,1,22.092898698989302,9.985
STAGE_MODEL_INFER,1,22.143527720007114,9.985
STAGE_MODEL_INFER,1,22.194064440001966,9.967
STAGE_MODEL_INFER,1,22.244723121984862,9.967
STAGE_MODEL_INFER,1,22.295775256003253,8.497
STAGE_MODEL_INFER,1,22.351308084005723,10.39
STAGE_MODEL_INFER,1,22.40273297400563,10.39
STAGE_MODEL_INFER,1,22.454548140987754,9.948
STAGE_MODEL_INFER,1,22.505180620006286,9.948
STAGE_MODEL_INFER,1,22.555651486007264,9.833
STAGE_MODEL_INFER,1,22.608497667999472,9.833
STAGE_MODEL_INFER,1,22.663143293990288,10.005
STAGE_MODEL_INFER,1,22.71369359298842,10.005
STAGE_MODEL_INFER,1,22.76429733799887,10.985
STAGE_MODEL_INFER,1,22.821607836987823,10.985
STAGE_MODEL_INFER,1,22.872969968011603,10.088
STAGE_MODEL_INFER,1,22.923363640991738,10.088
STAGE_MODEL_INFER,1,22.973940141993808,9.553
STAGE_MODEL_INFER,1,23.025415395997697,9.553
STAGE_MODEL_INFER,1,23.078073587996187,10.103
STAGE_MODEL_INFER,1,23.12854652100941,10.103
STAGE_MODEL_INFER,1,23.185308688000077,11.159
STAGE_MODEL_INFER,1,23.236644740012707,11.159
STAGE_MODEL_INFER,1,23.290765231999103,9.999
STAGE_MODEL_INFER,1,23.341491706989473,9.999
STAGE_MODEL_INFER,1,23.392088171996875,9.994
STAGE_MODEL_INFER,1,23.442832016997272,9.994
STAGE_MODEL_INFER,1,23.493502711004112,9.986
STAGE_MODEL_INFER,1,23.54400301599526,9.986
STAGE_MODEL_INFER,1,23.594556488998933,9.988
STAGE_MODEL_INFER,1,23.645171901996946,9.984
STAGE_MODEL_INFER,1,23.695956918003503,9.984
STAGE_MODEL_INFER,1,23.746493279002607,9.986
STAGE_MODEL_INFER,1,23.797224935988197,9.986
STAGE_MODEL_INFER,1,23.847744030004833,9.985
STAGE_MODEL_INFER,1,23.89877750398591,9.985
STAGE_MODEL_INFER,1,23.9495576180052,9.982
STAGE_MODEL_INFER,1,24.000288212002488,9.982
STAGE_MODEL_INFER,1,24.05109167098999,9.986
STAGE_MODEL_INFER,1,24.10181562200887,9.986
STAGE_MODEL_INFER,1,24.152307563985232,9.98
STAGE_MODEL_INFER,1,24.20303592699929,9.98
STAGE_MODEL_INFER,1,24.253545493003912,9.392
STAGE_MODEL_INFER,1,24.306057259003865,9.392
STAGE_MODEL_INFER,1,24.357550982007524,14.8
STAGE_MODEL_INFER,1,24.40886770701036,14.8
STAGE_MODEL_INFER,1,24.46019473299384,16.568
STAGE_MODEL_INFER,1,24.51165221800329,16.568
STAGE_MODEL_INFER,1,24.563085870991927,10.126
STAGE_MODEL_INFER,1,24.613699990994064,10.126
STAGE_MODEL_INFER,1,24.66440597199835,10.049
STAGE_MODEL_INFER,1,24.71504309400916,10.049
STAGE_MODEL_INFER,1,24.765636866010027,9.836
STAGE_MODEL_INFER,1,24.818646144995,9.836
STAGE_MODEL_INFER,1,24.8764555589878,9.96
STAGE_MODEL_INFER,1,24.930731742002536,9.96
STAGE_MODEL_INFER,1,24.981487098993966,10.201
STAGE_MODEL_INFER,1,25.035798297001747,10.201
STAGE_MODEL_INFER,1,25.08709244200145,10.037
STAGE_MODEL_INFER,1,25.137680674000876,10.037
STAGE_MODEL_INFER,1,25.188308071985375,9.978
STAGE_MODEL_INFER,1,25.238911774009466,9.978
STAGE_MODEL_INFER,1,25.289738835999742,10.855
STAGE_MODEL_INFER,1,25.341332140989834,10.855
STAGE_MODEL_INFER,1,25.39352175500244,9.963
STAGE_MODEL_INFER,1,25.444322216004366,9.988
STAGE_MODEL_INFER,1,25.49527302099159,9.988
STAGE_MODEL_INFER,1,25.545962659001816,10.006
STAGE_MODEL_INFER,1,25.596490645984886,10.006
STAGE_MODEL_INFER,1,25.647115258994745,10.011
STAGE_MODEL_INFER,1,25.69771956698969,10.011
STAGE_MODEL_INFER,1,25.748282465996454,10.005
STAGE_MODEL_INFER,1,25.798954464989947,10.005
STAGE_MODEL_INFER,1,25.849532371008536,9.999
STAGE_MODEL_INFER,1,25.90013228400494,9.999
STAGE_MODEL_INFER,1,25.950617980008246,9.721
STAGE_MODEL_INFER,1,26.002441844990244,9.721
STAGE_MODEL_INFER,1,26.056161226995755,9.98
STAGE_MODEL_INFER,1,26.106728648010176,9.98
STAGE_MODEL_INFER,1,26.15737767898827,10.303
STAGE_MODEL_INFER,1,26.2118379320018,11.506
STAGE_MODEL_INFER,1,26.265007898007752,9.225
STAGE_MODEL_INFER,1,26.316286390996538,9.225
STAGE_MODEL_INFER,1,26.368209137988742,9.988
STAGE_MODEL_INFER,1,26.418688634003047,9.988
STAGE_MODEL_INFER,1,26.469216853001853,10.605
STAGE_MODEL_INFER,1,26.521924230008153,10.605
STAGE_MODEL_INFER,1,26.57343528000638,9.992
STAGE_MODEL_INFER,1,26.623955276008928,9.992
STAGE_MODEL_INFER,1,26.67456635599956,10.026
STAGE_MODEL_INFER,1,26.725075789989205,10.026
STAGE_MODEL_INFER,1,26.778668626997387,8.925
STAGE_MODEL_INFER,1,26.829995965003036,8.925
STAGE_MODEL_INFER,1,26.883791381987976,10.043
STAGE_MODEL_INFER,1,26.934443468984682,10.043
STAGE_MODEL_INFER,1,26.98496754799271,10.022
STAGE_MODEL_INFER,1,27.03558997999062,10.022
STAGE_MODEL_INFER,1,27.086138098005904,10.021
STAGE_MODEL_INFER,1,27.136724670010153,10.021
STAGE_MODEL_INFER,1,27.18761859901133,10.02
STAGE_MODEL_INFER,1,27.238307966996217,10.02
STAGE_MODEL_INFER,1,27.28886150199105,10.034
STAGE_MODEL_INFER,1,27.33943883399479,10.034
STAGE_MODEL_INFER,1,27.39030324900523,10.037
STAGE_MODEL_INFER,1,27.441005575994495,10.037
STAGE_MODEL_INFER,1,27.491472910012817,10.041
STAGE_MODEL_INFER,1,27.542231831001118,10.041
STAGE_MODEL_INFER,1,27.592627522011753,10.032
STAGE_MODEL_INFER,1,27.643170850991737,10.032
STAGE_MODEL_INFER,1,27.693719205009984,10.031
STAGE_MODEL_INFER,1,27.7442026459903,10.029
STAGE_MODEL_INFER,1,27.79476588399848,10.029
STAGE_MODEL_INFER,1,27.845369732996915,10.021
STAGE_MODEL_INFER,1,27.89627363299951,10.021
STAGE_MODEL_INFER,1,27.946968186006416,10.019
STAGE_MODEL_INFER,1,27.99764643900562,10.019
STAGE_MODEL_INFER,1,28.048392800992588,10.017
STAGE_MODEL_INFER,1,28.099125509004807,10.017
STAGE_MODEL_INFER,1,28.149897847004468,10.013
STAGE_MODEL_INFER,1,28.200428062991705,10.013
STAGE_MODEL_INFER,1,28.251378977991408,10.009
STAGE_MODEL_INFER,1,28.302371686004335,10.009
STAGE_MODEL_INFER,1,28.352914344985038,10.001
STAGE_MODEL_INFER,1,28.403523938992294,10.001
STAGE_MODEL_INFER,1,28.453909587988164,9.992
STAGE_MODEL_INFER,1,28.504568834992824,9.992
STAGE_MODEL_INFER,1,28.55509433799307,9.984
STAGE_MODEL_INFER,1,28.60578489099862,9.984
STAGE_MODEL_INFER,1,28.65619868898648,9.982
STAGE_MODEL_INFER,1,28.706585065985564,9.982
STAGE_MODEL_INFER,1,28.75740543898428,9.973
STAGE_MODEL_INFER,1,28.808022824989166,9.973
STAGE_MODEL_INFER,1,28.85887573499349,9.976
STAGE_MODEL_INFER,1,28.909577799000544,9.976
STAGE_MODEL_INFER,1,28.960428121004952,9.977
STAGE_MODEL_INFER,1,29.0109396459884,9.977
STAGE_MODEL_INFER,1,29.061531743005617,9.971
STAGE_MODEL_INFER,1,29.11203200998716,9.971
STAGE_MODEL_INFER,1,29.162668750999728,9.967
STAGE_MODEL_INFER,1,29.21331096100039,9.967
STAGE_MODEL_INFER,1,29.263938591990154,9.963
STAGE_MODEL_INFER,1,29.31456144800177,9.963
STAGE_MODEL_INFER,1,29.36524936099886,9.956
STAGE_MODEL_INFER,1,29.415962995000882,9.956
STAGE_MODEL_INFER,1,29.466634207987227,9.949
STAGE_MODEL_INFER,1,29.517403134988854,9.949
STAGE_MODEL_INFER,1,29.568117296003038,9.939
STAGE_MODEL_INFER,1,29.61870499298675,9.939
STAGE_MODEL_INFER,1,29.669324540009256,9.938
STAGE_MODEL_INFER,1,29.719813839008566,9.938
STAGE_MODEL_INFER,1,29.77029545098776,9.944
STAGE_MODEL_INFER,1,29.82095756198396,9.944
STAGE_MODEL_INFER,1,29.871499278000556,9.948
STAGE_MODEL_INFER,1,29.921932822995586,9.948
STAGE_MODEL_INFER,1,29.972698317986215,9.945
STAGE_FULL_PIPELINE,1,0.0010121439991053194,9.945
STAGE_FULL_PIPELINE,1,0.05176977900555357,9.896
STAGE_FULL_PIPELINE,1,0.10264097599429078,9.896
STAGE_FULL_PIPELINE,1,0.15333041799021885,9.901
STAGE_FULL_PIPELINE,1,0.20391395199112594,9.901
STAGE_FULL_PIPELINE,1,0.2554417299979832,9.904
STAGE_FULL_PIPELINE,1,0.30615124199539423,9.904
STAGE_FULL_PIPELINE,1,0.35674641098012216,9.91
STAGE_FULL_PIPELINE,1,0.40724209099425934,9.91
STAGE_FULL_PIPELINE,1,0.4577721819805447,9.916
STAGE_FULL_PIPELINE,1,0.5083600579819176,9.916
STAGE_FULL_PIPELINE,1,0.5589276009995956,9.916
STAGE_FULL_PIPELINE,1,0.6096194179845043,9.916
STAGE_FULL_PIPELINE,1,0.6602312749892008,9.925
STAGE_FULL_PIPELINE,1,0.7108675399795175,9.925
STAGE_FULL_PIPELINE,1,0.7614578509819694,9.928
STAGE_FULL_PIPELINE,1,0.8119501610053703,9.928
STAGE_FULL_PIPELINE,1,0.8624110639793798,9.924
STAGE_FULL_PIPELINE,1,0.912956497981213,9.924
STAGE_FULL_PIPELINE,1,0.9633956159814261,9.92
STAGE_FULL_PIPELINE,1,1.0139888169942424,9.92
STAGE_FULL_PIPELINE,1,1.0644458659808151,9.919
STAGE_FULL_PIPELINE,1,1.1149679959926289,9.919
STAGE_FULL_PIPELINE,1,1.1656736040022224,9.968
STAGE_FULL_PIPELINE,1,1.2160904179909267,9.968
STAGE_FULL_PIPELINE,1,1.2667902289831545,9.104
STAGE_FULL_PIPELINE,1,1.325284673977876,10.956
STAGE_FULL_PIPELINE,1,1.3765159949834924,8.679
STAGE_FULL_PIPELINE,1,1.4279886419826653,11.436
STAGE_FULL_PIPELINE,1,1.4793272689857986,9.621
STAGE_FULL_PIPELINE,1,1.5407791250036098,10.6
STAGE_FULL_PIPELINE,1,1.5919912839890458,9.846
STAGE_FULL_PIPELINE,1,1.6444553030014504,10.114
STAGE_FULL_PIPELINE,1,1.6956257179845124,10.114
STAGE_FULL_PIPELINE,1,1.7478918900014833,10.026
STAGE_FULL_PIPELINE,1,1.7983539499982726,10.026
STAGE_FULL_PIPELINE,1,1.84878632100299,10.031
STAGE_FULL_PIPELINE,1,1.8993324140028562,10.031
STAGE_FULL_PIPELINE,1,1.9500059039855842,10.024
STAGE_FULL_PIPELINE,1,2.0005078880058136,10.024
STAGE_FULL_PIPELINE,1,2.0509184330003336,10.013
STAGE_FULL_PIPELINE,1,2.1014510179811623,10.013
STAGE_FULL_PIPELINE,1,2.1521213369851466,10.226
STAGE_FULL_PIPELINE,1,2.2050243459816556,10.226
STAGE_FULL_PIPELINE,1,2.256917294987943,9.926
STAGE_FULL_PIPELINE,1,2.3112188009836245,9.926
STAGE_FULL_PIPELINE,1,2.36167258999194,9.918
STAGE_FULL_PIPELINE,1,2.412248410983011,9.918
STAGE_FULL_PIPELINE,1,2.4627816480060574,9.157
STAGE_FULL_PIPELINE,1,2.5201280170003884,10.557
STAGE_FULL_PIPELINE,1,2.5725378499773797,10.557
STAGE_FULL_PIPELINE,1,2.6246422159892973,9.962
STAGE_FULL_PIPELINE,1,2.6751868419814855,9.962
STAGE_FULL_PIPELINE,1,2.734356350993039,11.211
STAGE_FULL_PIPELINE,1,2.7859619179798756,11.211
STAGE_FULL_PIPELINE,1,2.838721738982713,9.99
STAGE_FULL_PIPELINE,1,2.889292754989583,9.99
STAGE_FULL_PIPELINE,1,2.946419022977352,10.665
STAGE_FULL_PIPELINE,1,2.997679303982295,10.665
STAGE_FULL_PIPELINE,1,3.051655278977705,10.002
STAGE_FULL_PIPELINE,1,3.10214492797968,10.002
STAGE_FULL_PIPELINE,1,3.1526756940002088,17.447
STAGE_FULL_PIPELINE,1,3.207581954979105,17.447
STAGE_FULL_PIPELINE,1,3.258781888987869,9.917
STAGE_FULL_PIPELINE,1,3.309326668997528,9.917
STAGE_FULL_PIPELINE,1,3.3598785210051574,9.945
STAGE_FULL_PIPELINE,1,3.4104312919953372,9.945
STAGE_FULL_PIPELINE,1,3.461027427983936,10.345
STAGE_FULL_PIPELINE,1,3.512544565979624,10.345
STAGE_FULL_PIPELINE,1,3.5645423289970495,9.976
STAGE_FULL_PIPELINE,1,3.6150808880047407,9.976
STAGE_FULL_PIPELINE,1,3.6656194560055155,10.806
STAGE_FULL_PIPELINE,1,3.7242870879999828,9.978
STAGE_FULL_PIPELINE,1,3.774766127986368,9.978
STAGE_FULL_PIPELINE,1,3.8252311289834324,10.754
STAGE_FULL_PIPELINE,1,3.8811560339818243,8.773
STAGE_FULL_PIPELINE,1,3.9343142120051198,11.744
STAGE_FULL_PIPELINE,1,3.985562936984934,11.744
STAGE_FULL_PIPELINE,1,4.037811058980878,9.989
STAGE_FULL_PIPELINE,1,4.088560810982017,9.989
STAGE_FULL_PIPELINE,1,4.148364466003841,9.875
STAGE_FULL_PIPELINE,1,4.199592731980374,9.875
STAGE_FULL_PIPELINE,1,4.254256500978954,10.018
STAGE_FULL_PIPELINE,1,4.30464363298961,10.018
STAGE_FULL_PIPELINE,1,4.355025224998826,9.984
STAGE_FULL_PIPELINE,1,4.405657580005936,9.984
STAGE_FULL_PIPELINE,1,4.456077465991257,19.439
STAGE_FULL_PIPELINE,1,4.51397298098891,19.439
STAGE_FULL_PIPELINE,1,4.565542901982553,9.707
STAGE_FULL_PIPELINE,1,4.616158738994272,9.707
STAGE_FULL_PIPELINE,1,4.66671999997925,10.758
STAGE_FULL_PIPELINE,1,4.7195788949902635,9.975
STAGE_FULL_PIPELINE,1,4.770045385987032,9.975
STAGE_FULL_PIPELINE,1,4.820558315987,10.004
STAGE_FULL_PIPELINE,1,4.871067615982611,10.004
STAGE_FULL_PIPELINE,1,4.9216786839824636,10.017
STAGE_FULL_PIPELINE,1,4.972417744982522,10.017
STAGE_FULL_PIPELINE,1,5.022921269002836,10.026
STAGE_FULL_PIPELINE,1,5.073465508001391,10.026
STAGE_FULL_PIPELINE,1,5.12395006098086,10.029
STAGE_FULL_PIPELINE,1,5.174608128989348,10.029
STAGE_FULL_PIPELINE,1,5.2251396009814925,11.165
STAGE_FULL_PIPELINE,1,5.27768580999691,11.165
STAGE_FULL_PIPELINE,1,5.328967078996357,10.058
STAGE_FULL_PIPELINE,1,5.37957662899862,10.058
STAGE_FULL_PIPELINE,1,5.43009754200466,12.792
STAGE_FULL_PIPELINE,1,5.482164741988527,12.792
STAGE_FULL_PIPELINE,1,5.537045385979582,10.034
STAGE_FULL_PIPELINE,1,5.587786627991591,10.034
STAGE_FULL_PIPELINE,1,5.638542370987125,10.048
STAGE_FULL_PIPELINE,1,5.689128937985515,10.048
STAGE_FULL_PIPELINE,1,5.739778627990745,10.045
STAGE_FULL_PIPELINE,1,5.790326766000362,10.045
STAGE_FULL_PIPELINE,1,5.840914247994078,10.03
STAGE_FULL_PIPELINE,1,5.891509816981852,10.03
STAGE_FULL_PIPELINE,1,5.942069001990603,10.033
STAGE_FULL_PIPELINE,1,5.99262394499965,10.033
STAGE_FULL_PIPELINE,1,6.04303351699491,10.035
STAGE_FULL_PIPELINE,1,6.093651803996181,10.035
STAGE_FULL_PIPELINE,1,6.144271593977464,9.79
STAGE_FULL_PIPELINE,1,6.195604237989755,9.79
STAGE_FULL_PIPELINE,1,6.251967874006368,10.058
STAGE_FULL_PIPELINE,1,6.302833687979728,10.058
STAGE_FULL_PIPELINE,1,6.353752803988755,11.597
STAGE_FULL_PIPELINE,1,6.411210766003933,11.597
STAGE_FULL_PIPELINE,1,6.462578837003093,10.061
STAGE_FULL_PIPELINE,1,6.513095295988023,10.061
STAGE_FULL_PIPELINE,1,6.5636921229888685,10.642
STAGE_FULL_PIPELINE,1,6.615637943003094,9.981
STAGE_FULL_PIPELINE,1,6.6730305749806575,9.86
STAGE_FULL_PIPELINE,1,6.7234592479944695,10.004
STAGE_FULL_PIPELINE,1,6.774151898978744,10.004
STAGE_FULL_PIPELINE,1,6.825058588001411,10.025
STAGE_FULL_PIPELINE,1,6.875537466985406,10.025
STAGE_FULL_PIPELINE,1,6.926147054997273,10.027
STAGE_FULL_PIPELINE,1,6.9876580289856065,10.027
STAGE_FULL_PIPELINE,1,7.038094760995591,10.403
STAGE_FULL_PIPELINE,1,7.091885189001914,10.403
STAGE_FULL_PIPELINE,1,7.1432610359916,10.051
STAGE_FULL_PIPELINE,1,7.201371353003196,10.051
STAGE_FULL_PIPELINE,1,7.2520346109813545,9.27
STAGE_FULL_PIPELINE,1,7.318803699978162,10.534
STAGE_FULL_PIPELINE,1,7.370837794995168,10.534
STAGE_FULL_PIPELINE,1,7.422967391001293,10.042
STAGE_FULL_PIPELINE,1,7.473391134990379,10.042
STAGE_FULL_PIPELINE,1,7.5323338139860425,11.919
STAGE_FULL_PIPELINE,1,7.5848320289806,11.919
STAGE_FULL_PIPELINE,1,7.637494347000029,10.086
STAGE_FULL_PIPELINE,1,7.687977336987387,10.086
STAGE_FULL_PIPELINE,1,7.7470389749796595,10.354
STAGE_FULL_PIPELINE,1,7.798281619005138,9.381
STAGE_FULL_PIPELINE,1,7.863477427978069,16.697
STAGE_FULL_PIPELINE,1,7.914722472982248,16.697
STAGE_FULL_PIPELINE,1,7.96730168198701,10.012
STAGE_FULL_PIPELINE,1,8.017940966004971,6.006
STAGE_FULL_PIPELINE,1,8.07977961798315,6.006
STAGE_FULL_PIPELINE,1,8.131436273979489,10.315
STAGE_FULL_PIPELINE,1,8.18231357698096,10.315
STAGE_FULL_PIPELINE,1,8.23283194299438,10.167
STAGE_FULL_PIPELINE,1,8.290775245986879,10.167
STAGE_FULL_PIPELINE,1,8.341316137986723,10.884
STAGE_FULL_PIPELINE,1,8.396057813981315,10.884
STAGE_FULL_PIPELINE,1,8.447461804986233,10.015
STAGE_FULL_PIPELINE,1,8.498712644999614,10.015
STAGE_FULL_PIPELINE,1,8.549445349985035,9.995
STAGE_FULL_PIPELINE,1,8.600669274979737,9.995
STAGE_FULL_PIPELINE,1,8.651394772983622,10.004
STAGE_FULL_PIPELINE,1,8.70198100397829,10.004
STAGE_FULL_PIPELINE,1,8.75305490300525,10.02
STAGE_FULL_PIPELINE,1,8.803643061983166,10.02
STAGE_FULL_PIPELINE,1,8.85439404900535,11.276
STAGE_FULL_PIPELINE,1,8.905720481998287,9.997
STAGE_FULL_PIPELINE,1,8.956882001977647,10.071
STAGE_FULL_PIPELINE,1,9.011378361989046,10.071
STAGE_FULL_PIPELINE,1,9.062677976005943,10.08
STAGE_FULL_PIPELINE,1,9.11337034899043,10.08
STAGE_FULL_PIPELINE,1,9.164314622990787,10.048
STAGE_FULL_PIPELINE,1,9.214785932999803,10.048
STAGE_FULL_PIPELINE,1,9.265656406001654,10.084
STAGE_FULL_PIPELINE,1,9.316191581980092,10.084
STAGE_FULL_PIPELINE,1,9.366963054984808,10.082
STAGE_FULL_PIPELINE,1,9.417509434977546,10.082
STAGE_FULL_PIPELINE,1,9.46814875799464,10.071
STAGE_FULL_PIPELINE,1,9.518886740988819,10.071
STAGE_FULL_PIPELINE,1,9.569360747991595,10.067
STAGE_FULL_PIPELINE,1,9.620148405985674,10.067
STAGE_FULL_PIPELINE,1,9.671192617999623,10.073
STAGE_FULL_PIPELINE,1,9.72187207400566,10.073
STAGE_FULL_PIPELINE,1,9.772505214990815,10.07
STAGE_FULL_PIPELINE,1,9.82337018600083,10.073
STAGE_FULL_PIPELINE,1,9.874097991996678,10.073
STAGE_FULL_PIPELINE,1,9.924583286978304,10.07
STAGE_FULL_PIPELINE,1,9.975225218979176,10.07
STAGE_FULL_PIPELINE,1,10.02572648198111,10.073
STAGE_FULL_PIPELINE,1,10.076328655995894,10.073
STAGE_FULL_PIPELINE,1,10.126866576989414,10.063
STAGE_FULL_PIPELINE,1,10.177473521005595,10.063
STAGE_FULL_PIPELINE,1,10.228167876979569,10.072
STAGE_FULL_PIPELINE,1,10.278907214989886,10.072
STAGE_FULL_PIPELINE,1,10.32965064799646,10.055
STAGE_FULL_PIPELINE,1,10.380386721983086,10.055
STAGE_FULL_PIPELINE,1,10.430951743997866,10.061
STAGE_FULL_PIPELINE,1,10.48165692097973,10.061
STAGE_FULL_PIPELINE,1,10.532304772990756,10.06
STAGE_FULL_PIPELINE,1,10.583084031997714,10.06
STAGE_FULL_PIPELINE,1,10.633729469001992,10.069
STAGE_FULL_PIPELINE,1,10.684289308992447,10.069
STAGE_FULL_PIPELINE,1,10.735254632978467,10.061
STAGE_FULL_PIPELINE,1,10.78575339098461,10.061
STAGE_FULL_PIPELINE,1,10.836455812997883,10.06
STAGE_FULL_PIPELINE,1,10.887042108981404,10.06
STAGE_FULL_PIPELINE,1,10.937616243987577,10.052
STAGE_FULL_PIPELINE,1,10.9882047699939,10.052
STAGE_FULL_PIPELINE,1,11.038831427984405,10.05
STAGE_FULL_PIPELINE,1,11.089421466982458,10.05
STAGE_FULL_PIPELINE,1,11.14002184398123,10.041
STAGE_FULL_PIPELINE,1,11.190841186995385,10.041
STAGE_FULL_PIPELINE,1,11.241460452991305,10.047
STAGE_FULL_PIPELINE,1,11.292024000984384,10.047
STAGE_FULL_PIPELINE,1,11.342653237981722,10.937
STAGE_FULL_PIPELINE,1,11.394283967005322,10.937
STAGE_FULL_PIPELINE,1,11.445627576991683,10.061
STAGE_FULL_PIPELINE,1,11.496515882987296,10.061
STAGE_FULL_PIPELINE,1,11.547078809991945,10.05
STAGE_FULL_PIPELINE,1,11.59776880298159,10.05
STAGE_FULL_PIPELINE,1,11.648487400991144,10.048
STAGE_FULL_PIPELINE,1,11.699197173991706,10.048
STAGE_FULL_PIPELINE,1,11.749793158989633,10.059
STAGE_FULL_PIPELINE,1,11.800505869992776,10.059
STAGE_FULL_PIPELINE,1,11.851273184001911,10.053
STAGE_FULL_PIPELINE,1,11.901898073003395,10.053
STAGE_FULL_PIPELINE,1,11.95248037399142,10.041
STAGE_FULL_PIPELINE,1,12.003159357991535,10.041
STAGE_FULL_PIPELINE,1,12.053761394985486,10.046
STAGE_FULL_PIPELINE,1,12.10514478199184,10.046
STAGE_FULL_PIPELINE,1,12.155812507000519,10.817
STAGE_FULL_PIPELINE,1,12.20745370700024,10.817
STAGE_FULL_PIPELINE,1,12.260016119980719,10.041
STAGE_FULL_PIPELINE,1,12.310570911999093,10.041
STAGE_FULL_PIPELINE,1,12.360963963990798,9.786
STAGE_FULL_PIPELINE,1,12.413965974003077,10.148
STAGE_FULL_PIPELINE,1,12.465006422979059,10.137
STAGE_FULL_PIPELINE,1,12.515513538994128,10.137
STAGE_FULL_PIPELINE,1,12.566257558995858,11.673
STAGE_FULL_PIPELINE,1,12.618327200994827,10.064
STAGE_FULL_PIPELINE,1,12.668887231004192,10.064
STAGE_FULL_PIPELINE,1,12.719425060000503,10.086
STAGE_FULL_PIPELINE,1,12.770051889005117,10.086
STAGE_FULL_PIPELINE,1,12.820682621997548,10.075
STAGE_FULL_PIPELINE,1,12.871278855978744,10.075
STAGE_FULL_PIPELINE,1,12.922177812986774,10.079
STAGE_FULL_PIPELINE,1,12.972691385977669,10.079
STAGE_FULL_PIPELINE,1,13.023287049989449,10.068
STAGE_FULL_PIPELINE,1,13.073935256979894,10.068
STAGE_FULL_PIPELINE,1,13.12449938300415,10.068
STAGE_FULL_PIPELINE,1,13.17510933498852,10.068
STAGE_FULL_PIPELINE,1,13.225630040979013,10.069
STAGE_FULL_PIPELINE,1,13.280631909001386,10.069
STAGE_FULL_PIPELINE,1,13.33117309998488,10.192
STAGE_FULL_PIPELINE,1,13.385650937998435,10.192
STAGE_FULL_PIPELINE,1,13.436932961980347,10.101
STAGE_FULL_PIPELINE,1,13.487454561982304,10.101
STAGE_FULL_PIPELINE,1,13.538017279002815,10.097
STAGE_FULL_PIPELINE,1,13.588658572989516,10.097
STAGE_FULL_PIPELINE,1,13.639190953981597,10.071
STAGE_FULL_PIPELINE,1,13.689931173983496,10.071
STAGE_FULL_PIPELINE,1,13.740610798995476,10.071
STAGE_FULL_PIPELINE,1,13.79116440899088,10.071
STAGE_FULL_PIPELINE,1,13.841779746988323,10.064
STAGE_FULL_PIPELINE,1,13.89227790699806,10.064
STAGE_FULL_PIPELINE,1,13.942755397001747,10.071
STAGE_FULL_PIPELINE,1,13.993399867991684,10.071
STAGE_FULL_PIPELINE,1,14.044245408993447,10.056
STAGE_FULL_PIPELINE,1,14.09493895000196,10.056
STAGE_FULL_PIPELINE,1,14.14558362000389,10.062
STAGE_FULL_PIPELINE,1,14.196546291001141,10.062
STAGE_FULL_PIPELINE,1,14.24734248398454,10.053
STAGE_FULL_PIPELINE,1,14.297987692989409,10.053
STAGE_FULL_PIPELINE,1,14.34869540098589,10.061
STAGE_FULL_PIPELINE,1,14.399481092987116,10.061
STAGE_FULL_PIPELINE,1,14.450185775000136,10.062
STAGE_FULL_PIPELINE,1,14.500704668986145,10.062
STAGE_FULL_PIPELINE,1,14.55123797300621,10.044
STAGE_FULL_PIPELINE,1,14.601800428994466,10.044
STAGE_FULL_PIPELINE,1,14.65229834598722,10.065
STAGE_FULL_PIPELINE,1,14.702993996004807,10.065
STAGE_FULL_PIPELINE,1,14.75353406497743,10.627
STAGE_FULL_PIPELINE,1,14.805042078980478,10.627
STAGE_FULL_PIPELINE,1,14.85744242198416,10.046
STAGE_FULL_PIPELINE,1,14.908654856990324,10.046
STAGE_FULL_PIPELINE,1,14.959162985993316,9.874
STAGE_FULL_PIPELINE,1,15.013865226996131,9.968
STAGE_FULL_PIPELINE,1,15.064487944997381,9.968
STAGE_FULL_PIPELINE,1,15.115177206986118,11.376
STAGE_FULL_PIPELINE,1,15.17491900298046,11.376
STAGE_FULL_PIPELINE,1,15.226233533001505,10.021
STAGE_FULL_PIPELINE,1,15.27686124498723,10.021
STAGE_FULL_PIPELINE,1,15.32788459098083,10.024
STAGE_FULL_PIPELINE,1,15.378537454991601,10.024
STAGE_FULL_PIPELINE,1,15.429059731977759,10.018
STAGE_FULL_PIPELINE,1,15.479755462991307,10.018
STAGE_FULL_PIPELINE,1,15.53076077697915,10.016
STAGE_FULL_PIPELINE,1,15.581449855002575,10.016
STAGE_FULL_PIPELINE,1,15.631878965999931,10.025
STAGE_FULL_PIPELINE,1,15.68246794398874,10.025
STAGE_FULL_PIPELINE,1,15.733142413984751,10.018
STAGE_FULL_PIPELINE,1,15.789800987986382,10.018
STAGE_FULL_PIPELINE,1,15.84046385900001,10.302
STAGE_FULL_PIPELINE,1,15.893298759998288,10.302
STAGE_FULL_PIPELINE,1,15.945117214985657,10.117
STAGE_FULL_PIPELINE,1,15.995720685983542,10.117
STAGE_FULL_PIPELINE,1,16.04647687598481,10.08
STAGE_FULL_PIPELINE,1,16.09697804399184,10.08
STAGE_FULL_PIPELINE,1,16.14757108798949,10.065
STAGE_FULL_PIPELINE,1,16.198354733001906,10.065
STAGE_FULL_PIPELINE,1,16.248990986990975,10.005
STAGE_FULL_PIPELINE,1,16.299509032978676,10.005
STAGE_FULL_PIPELINE,1,16.350086788996123,10.053
STAGE_FULL_PIPELINE,1,16.400672472984297,10.053
STAGE_FULL_PIPELINE,1,16.451280585984932,10.042
STAGE_FULL_PIPELINE,1,16.502006099995924,10.042
STAGE_FULL_PIPELINE,1,16.552707987983013,10.035
STAGE_FULL_PIPELINE,1,16.603332967992174,10.035
STAGE_FULL_PIPELINE,1,16.65398512998945,10.034
STAGE_FULL_PIPELINE,1,16.704714091989445,10.034
STAGE_FULL_PIPELINE,1,16.755370084982133,10.032
STAGE_FULL_PIPELINE,1,16.805910801980644,10.032
STAGE_FULL_PIPELINE,1,16.85643767999136,10.037
STAGE_FULL_PIPELINE,1,16.90715293199173,10.037
STAGE_FULL_PIPELINE,1,16.957640712003922,10.032
STAGE_FULL_PIPELINE,1,17.00825281298603,10.032
STAGE_FULL_PIPELINE,1,17.05878727399977,10.029
STAGE_FULL_PIPELINE,1,17.109275627997704,10.029
STAGE_FULL_PIPELINE,1,17.159672518988373,10.026
STAGE_FULL_PIPELINE,1,17.210308085981524,10.026
STAGE_FULL_PIPELINE,1,17.26083104198915,10.474
STAGE_FULL_PIPELINE,1,17.31349252499058,10.068
STAGE_FULL_PIPELINE,1,17.36398141499376,10.068
STAGE_FULL_PIPELINE,1,17.414398024004186,10.068
STAGE_FULL_PIPELINE,1,17.46492955298163,9.888
STAGE_FULL_PIPELINE,1,17.523627885995666,10.734
STAGE_FULL_PIPELINE,1,17.57547593000345,9.182
STAGE_FULL_PIPELINE,1,17.626902844989672,11.07
STAGE_FULL_PIPELINE,1,17.678217918000882,11.07
STAGE_FULL_PIPELINE,1,17.72954683197895,10.047
STAGE_FULL_PIPELINE,1,17.78013217600528,10.047
STAGE_FULL_PIPELINE,1,17.830889559991192,10.074
STAGE_FULL_PIPELINE,1,17.88168808000046,10.074
STAGE_FULL_PIPELINE,1,17.932215300999815,12.159
STAGE_FULL_PIPELINE,1,17.984649241989246,12.159
STAGE_FULL_PIPELINE,1,18.03599506500177,9.906
STAGE_FULL_PIPELINE,1,18.093110346992034,9.906
STAGE_FULL_PIPELINE,1,18.145512497983873,9.697
STAGE_FULL_PIPELINE,1,18.203227519989014,9.697
STAGE_FULL_PIPELINE,1,18.262197329982882,9.617
STAGE_FULL_PIPELINE,1,18.31400277398643,10.263
STAGE_FULL_PIPELINE,1,18.364492156979395,10.263
STAGE_FULL_PIPELINE,1,18.414908220001962,10.682
STAGE_FULL_PIPELINE,1,18.46745513699716,8.424
STAGE_FULL_PIPELINE,1,18.520245594001608,10.818
STAGE_FULL_PIPELINE,1,18.578040751977824,11.123
STAGE_FULL_PIPELINE,1,18.63523424399318,9.6
STAGE_FULL_PIPELINE,1,18.69298661398352,9.6
STAGE_FULL_PIPELINE,1,18.74409037499572,9.451
STAGE_FULL_PIPELINE,1,18.794513075990835,9.451
STAGE_FULL_PIPELINE,1,18.84503890198539,10.178
STAGE_FULL_PIPELINE,1,18.895483017986408,10.178
STAGE_FULL_PIPELINE,1,18.945986053993693,10.145
STAGE_FULL_PIPELINE,1,18.996384073980153,10.145
STAGE_FULL_PIPELINE,1,19.04677616999834,10.159
STAGE_FULL_PIPELINE,1,19.09723947098246,10.159
STAGE_FULL_PIPELINE,1,19.14777985899127,10.111
STAGE_FULL_PIPELINE,1,19.19821368699195,10.111
STAGE_FULL_PIPELINE,1,19.24867446499411,10.164
STAGE_FULL_PIPELINE,1,19.29929161799373,10.164
STAGE_FULL_PIPELINE,1,19.349767760984832,10.161
STAGE_FULL_PIPELINE,1,19.40024836899829,10.161
STAGE_FULL_PIPELINE,1,19.450723248999566,10.15
STAGE_FULL_PIPELINE,1,19.501261220982997,10.15
STAGE_FULL_PIPELINE,1,19.551778481982183,10.147
STAGE_FULL_PIPELINE,1,19.602396856993437,10.147
STAGE_FULL_PIPELINE,1,19.653052793990355,10.137
STAGE_FULL_PIPELINE,1,19.703692890005186,10.137
STAGE_FULL_PIPELINE,1,19.754155942995567,10.13
STAGE_FULL_PIPELINE,1,19.80469752798672,10.13
STAGE_FULL_PIPELINE,1,19.855238574004034,10.184
STAGE_FULL_PIPELINE,1,19.90575172199169,10.184
STAGE_FULL_PIPELINE,1,19.956106600002386,10.107
STAGE_FULL_PIPELINE,1,20.00663395097945,10.107
STAGE_FULL_PIPELINE,1,20.056985582981724,10.105
STAGE_FULL_PIPELINE,1,20.10746010398725,10.105
STAGE_FULL_PIPELINE,1,20.157959989999654,10.09
STAGE_FULL_PIPELINE,1,20.20859193598153,10.09
STAGE_FULL_PIPELINE,1,20.260003938979935,10.101
STAGE_FULL_PIPELINE,1,20.310502551001264,10.101
STAGE_FULL_PIPELINE,1,20.36103722898406,10.062
STAGE_FULL_PIPELINE,1,20.411731503991177,10.062
STAGE_FULL_PIPELINE,1,20.46231857998646,10.964
STAGE_FULL_PIPELINE,1,20.5177518230048,10.035
STAGE_FULL_PIPELINE,1,20.5682958039979,10.035
STAGE_FULL_PIPELINE,1,20.619087056984426,19.658
STAGE_FULL_PIPELINE,1,20.670415484986734,19.658
STAGE_FULL_PIPELINE,1,20.721959015005268,9.952
STAGE_FULL_PIPELINE,1,20.772462189983344,9.952
STAGE_FULL_PIPELINE,1,20.822867045993917,9.977
STAGE_FULL_PIPELINE,1,20.873279306979384,9.977
STAGE_FULL_PIPELINE,1,20.923973095981637,10.224
STAGE_FULL_PIPELINE,1,20.975304878986208,7.752
STAGE_FULL_PIPELINE,1,21.02712873800192,10.602
STAGE_FULL_PIPELINE,1,21.080954545002896,9.692
STAGE_FULL_PIPELINE,1,21.132455971004674,10.202
STAGE_FULL_PIPELINE,1,21.18527003598865,10.202
STAGE_FULL_PIPELINE,1,21.243824165983824,10.056
STAGE_FULL_PIPELINE,1,21.294326003000606,10.056
STAGE_FULL_PIPELINE,1,21.34489148997818,10.139
STAGE_FULL_PIPELINE,1,21.396105937979883,10.139
STAGE_FULL_PIPELINE,1,21.447396789997583,10.045
STAGE_FULL_PIPELINE,1,21.497905786993215,10.045
STAGE_FULL_PIPELINE,1,21.5484637869813,10.063
STAGE_FULL_PIPELINE,1,21.598947204998694,10.063
STAGE_FULL_PIPELINE,1,21.649613474990474,10.055
STAGE_FULL_PIPELINE,1,21.700317382987123,10.055
STAGE_FULL_PIPELINE,1,21.756983978993958,12.698
STAGE_FULL_PIPELINE,1,21.808475105004618,12.698
STAGE_FULL_PIPELINE,1,21.860420761979185,10.126
STAGE_FULL_PIPELINE,1,21.911617259000195,10.126
STAGE_FULL_PIPELINE,1,21.962195639993297,10.089
STAGE_FULL_PIPELINE,1,22.01266904899967,9.721
STAGE_FULL_PIPELINE,1,22.06400013298844,9.721
STAGE_FULL_PIPELINE,1,22.121096921997378,10.066
STAGE_FULL_PIPELINE,1,22.171575274987845,10.066
STAGE_FULL_PIPELINE,1,22.222213587985607,10.567
STAGE_FULL_PIPELINE,1,22.277659868996125,10.567
STAGE_FULL_PIPELINE,1,22.329116693988908,10.089
STAGE_FULL_PIPELINE,1,22.37962817499647,10.089
STAGE_FULL_PIPELINE,1,22.430237104999833,9.47
STAGE_FULL_PIPELINE,1,22.48177268198924,9.47
STAGE_FULL_PIPELINE,1,22.534671161003644,10.071
STAGE_FULL_PIPELINE,1,22.585315540985903,10.071
STAGE_FULL_PIPELINE,1,22.635877266002353,10.907
STAGE_FULL_PIPELINE,1,22.692329780984437,10.907
STAGE_FULL_PIPELINE,1,22.74384410798666,10.118
STAGE_FULL_PIPELINE,1,22.794375205005053,10.118
STAGE_FULL_PIPELINE,1,22.84491763098049,10.075
STAGE_FULL_PIPELINE,1,22.895491532981396,10.075
STAGE_FULL_PIPELINE,1,22.94608819199493,16.609
STAGE_FULL_PIPELINE,1,22.99746655099443,16.609
STAGE_FULL_PIPELINE,1,23.050250906002475,10.427
STAGE_FULL_PIPELINE,1,23.10076602199115,10.427
STAGE_FULL_PIPELINE,1,23.15141907799989,10.246
STAGE_FULL_PIPELINE,1,23.202217404992552,10.246
STAGE_FULL_PIPELINE,1,23.253213222982595,10.202
STAGE_FULL_PIPELINE,1,23.3039191539865,10.202
STAGE_FULL_PIPELINE,1,23.354635884985328,10.167
STAGE_FULL_PIPELINE,1,23.405273234995548,10.167
STAGE_FULL_PIPELINE,1,23.455911525001284,10.51
STAGE_FULL_PIPELINE,1,23.507498898979975,10.51
STAGE_FULL_PIPELINE,1,23.559808949998114,10.029
STAGE_FULL_PIPELINE,1,23.610568265983602,10.029
STAGE_FULL_PIPELINE,1,23.66130241099745,9.358
STAGE_FULL_PIPELINE,1,23.71356115999515,10.012
STAGE_FULL_PIPELINE,1,23.764545295998687,10.012
STAGE_FULL_PIPELINE,1,23.815088228991954,10.668
STAGE_FULL_PIPELINE,1,23.87158011799329,10.668
STAGE_FULL_PIPELINE,1,23.922949553001672,8.588
STAGE_FULL_PIPELINE,1,23.975067477003904,8.588
STAGE_FULL_PIPELINE,1,24.02793533098884,10.151
STAGE_FULL_PIPELINE,1,24.078489735984476,10.151
STAGE_FULL_PIPELINE,1,24.129412640992086,10.56
STAGE_FULL_PIPELINE,1,24.18202292098431,10.56
STAGE_FULL_PIPELINE,1,24.233705788996303,17.135
STAGE_FULL_PIPELINE,1,24.28562207700452,17.135
STAGE_FULL_PIPELINE,1,24.337751179991756,9.512
STAGE_FULL_PIPELINE,1,24.388322288985364,9.512
STAGE_FULL_PIPELINE,1,24.438887430005707,9.673
STAGE_FULL_PIPELINE,1,24.490180550987134,9.673
STAGE_FULL_PIPELINE,1,24.541807067987975,10.037
STAGE_FULL_PIPELINE,1,24.592285241989885,10.037
STAGE_FULL_PIPELINE,1,24.642654634983046,9.016
STAGE_FULL_PIPELINE,1,24.695499984984053,9.016
STAGE_FULL_PIPELINE,1,24.74689124300494,10.523
STAGE_FULL_PIPELINE,1,24.799541496002348,11.134
STAGE_FULL_PIPELINE,1,24.854070817993488,9.311
STAGE_FULL_PIPELINE,1,24.90527068899246,9.311
STAGE_FULL_PIPELINE,1,24.957138174999272,10.054
STAGE_FULL_PIPELINE,1,25.00776363199111,10.054
STAGE_FULL_PIPELINE,1,25.058530282985885,10.592
STAGE_FULL_PIPELINE,1,25.111247644992545,9.357
STAGE_FULL_PIPELINE,1,25.16390103698359,9.357
STAGE_FULL_PIPELINE,1,25.215452036005445,10.204
STAGE_FULL_PIPELINE,1,25.268835259979824,10.204
STAGE_FULL_PIPELINE,1,25.325612966989866,10.159
STAGE_FULL_PIPELINE,1,25.376241627993295,10.159
STAGE_FULL_PIPELINE,1,25.42725894798059,10.113
STAGE_FULL_PIPELINE,1,25.477916945004836,10.113
STAGE_FULL_PIPELINE,1,25.52855380999972,19.1
STAGE_FULL_PIPELINE,1,25.579930020991014,19.1
STAGE_FULL_PIPELINE,1,25.631632145988988,9.919
STAGE_FULL_PIPELINE,1,25.682259205001174,9.919
STAGE_FULL_PIPELINE,1,25.732861411001068,9.989
STAGE_FULL_PIPELINE,1,25.783483036997495,9.989
STAGE_FULL_PIPELINE,1,25.834263687982457,10.013
STAGE_FULL_PIPELINE,1,25.88483056498808,10.013
STAGE_FULL_PIPELINE,1,25.93553847799194,10.031
STAGE_FULL_PIPELINE,1,25.986463356006425,10.031
STAGE_FULL_PIPELINE,1,26.036987269995734,9.996
STAGE_FULL_PIPELINE,1,26.087481577997096,9.996
STAGE_FULL_PIPELINE,1,26.138094564987114,10.063
STAGE_FULL_PIPELINE,1,26.188830186001724,10.063
STAGE_FULL_PIPELINE,1,26.23940138198668,10.057
STAGE_FULL_PIPELINE,1,26.28992210899014,10.057
STAGE_FULL_PIPELINE,1,26.34044354199432,9.498
STAGE_FULL_PIPELINE,1,26.391858621995198,9.498
STAGE_FULL_PIPELINE,1,26.444519541983027,10.136
STAGE_FULL_PIPELINE,1,26.495101818989497,10.136
STAGE_FULL_PIPELINE,1,26.554671205987688,9.837
STAGE_FULL_PIPELINE,1,26.60598937998293,9.837
STAGE_FULL_PIPELINE,1,26.658405947993742,10.149
STAGE_FULL_PIPELINE,1,26.709027154982323,13.303
STAGE_FULL_PIPELINE,1,26.77671135799028,13.303
STAGE_FULL_PIPELINE,1,26.828139747987734,9.733
STAGE_FULL_PIPELINE,1,26.878888298000675,9.733
STAGE_FULL_PIPELINE,1,26.929625496006338,9.992
STAGE_FULL_PIPELINE,1,26.989426377986092,9.992
STAGE_FULL_PIPELINE,1,27.03987095699995,9.791
STAGE_FULL_PIPELINE,1,27.093595903977985,9.791
STAGE_FULL_PIPELINE,1,27.14490317000309,10.361
STAGE_FULL_PIPELINE,1,27.195758486981504,10.361
STAGE_FULL_PIPELINE,1,27.246442895004293,10.239
STAGE_FULL_PIPELINE,1,27.297112779982854,10.239
STAGE_FULL_PIPELINE,1,27.34778461899259,9.051
STAGE_FULL_PIPELINE,1,27.39952426298987,9.051
STAGE_FULL_PIPELINE,1,27.453172192996135,10.189
STAGE_FULL_PIPELINE,1,27.504124536993913,10.189
STAGE_FULL_PIPELINE,1,27.554712212004233,10.142
STAGE_FULL_PIPELINE,1,27.605447669979185,10.142
STAGE_FULL_PIPELINE,1,27.656031736987643,10.141
STAGE_FULL_PIPELINE,1,27.706725030002417,10.141
STAGE_FULL_PIPELINE,1,27.757540547987446,10.11
STAGE_FULL_PIPELINE,1,27.808153377001872,10.11
STAGE_FULL_PIPELINE,1,27.858788918005303,10.119
STAGE_FULL_PIPELINE,1,27.909441333002178,10.119
STAGE_FULL_PIPELINE,1,27.96009997098008,10.103
STAGE_FULL_PIPELINE,1,28.01080121198902,10.116
STAGE_FULL_PIPELINE,1,28.06145113799721,10.116
STAGE_FULL_PIPELINE,1,28.112106941000093,10.104
STAGE_FULL_PIPELINE,1,28.162833015987417,10.104
STAGE_FULL_PIPELINE,1,28.213431640993804,10.101
STAGE_FULL_PIPELINE,1,28.26434433198301,10.101
STAGE_FULL_PIPELINE,1,28.314889023982687,10.099
STAGE_FULL_PIPELINE,1,28.365409165999154,10.099
STAGE_FULL_PIPELINE,1,28.41613835899625,10.088
STAGE_FULL_PIPELINE,1,28.466825135983527,10.088
STAGE_FULL_PIPELINE,1,28.517935491981916,10.081
STAGE_FULL_PIPELINE,1,28.568558022001525,10.081
STAGE_FULL_PIPELINE,1,28.61936495397822,10.084
STAGE_FULL_PIPELINE,1,28.669939515006263,10.084
STAGE_FULL_PIPELINE,1,28.72040660699713,10.084
STAGE_FULL_PIPELINE,1,28.771147656982066,10.084
STAGE_FULL_PIPELINE,1,28.822112953988835,10.079
STAGE_FULL_PIPELINE,1,28.872738090984058,10.079
STAGE_FULL_PIPELINE,1,28.923325746000046,10.079
STAGE_FULL_PIPELINE,1,28.97388891800074,10.079
STAGE_FULL_PIPELINE,1,29.024763886001892,10.081
STAGE_FULL_PIPELINE,1,29.07537736798986,10.081
STAGE_FULL_PIPELINE,1,29.12592883198522,10.086
STAGE_FULL_PIPELINE,1,29.17663510298007,10.086
STAGE_FULL_PIPELINE,1,29.22707226697821,10.098
STAGE_FULL_PIPELINE,1,29.277723631996196,10.098
STAGE_FULL_PIPELINE,1,29.328433138987748,10.096
STAGE_FULL_PIPELINE,1,29.37900448500295,10.096
STAGE_FULL_PIPELINE,1,29.429679836990545,10.092
STAGE_FULL_PIPELINE,1,29.480248980980832,10.092
STAGE_FULL_PIPELINE,1,29.53115850497852,10.092
STAGE_FULL_PIPELINE,1,29.58181770000374,10.092
STAGE_FULL_PIPELINE,1,29.63232721199165,10.107
STAGE_FULL_PIPELINE,1,29.682880478998413,10.107
STAGE_FULL_PIPELINE,1,29.73350569498143,10.097
STAGE_FULL_PIPELINE,1,29.78429194597993,10.097
STAGE_FULL_PIPELINE,1,29.835156012995867,10.109
STAGE_FULL_PIPELINE,1,29.88601540197851,10.109
STAGE_FULL_PIPELINE,1,29.936701742990408,10.114
STAGE_FULL_PIPELINE,1,29.98724976798985,10.114
STAGE_MODEL_POLICY,1,0.0013235800142865628,10.081
STAGE_MODEL_POLICY,1,0.05192819601506926,10.081
STAGE_MODEL_POLICY,1,0.1025433280155994,9.961
STAGE_MODEL_POLICY,1,0.15299348800908774,9.961
STAGE_MODEL_POLICY,1,0.20367285201791674,9.953
STAGE_MODEL_POLICY,1,0.2544200090051163,9.953
STAGE_MODEL_POLICY,1,0.3050606900069397,9.956
STAGE_MODEL_POLICY,1,0.3557132029964123,9.956
STAGE_MODEL_POLICY,1,0.4062076980189886,9.967
STAGE_MODEL_POLICY,1,0.45684495801106095,9.967
STAGE_MODEL_POLICY,1,0.507575994997751,9.971
STAGE_MODEL_POLICY,1,0.5582366090093274,9.971
STAGE_MODEL_POLICY,1,0.6088594180182554,9.971
STAGE_MODEL_POLICY,1,0.65948316900176,9.971
STAGE_MODEL_POLICY,1,0.7099674530036282,9.957
STAGE_MODEL_POLICY,1,0.7606514400104061,9.957
STAGE_MODEL_POLICY,1,0.8114028380077798,9.971
STAGE_MODEL_POLICY,1,0.8619465620140545,9.971
STAGE_MODEL_POLICY,1,0.9126085870084353,9.97
STAGE_MODEL_POLICY,1,0.9630692549981177,9.97
STAGE_MODEL_POLICY,1,1.0136495850165375,10.007
STAGE_MODEL_POLICY,1,1.0644566109986044,10.007
STAGE_MODEL_POLICY,1,1.115138888999354,10.018
STAGE_MODEL_POLICY,1,1.165755023015663,10.018
STAGE_MODEL_POLICY,1,1.2164718419953715,10.114
STAGE_MODEL_POLICY,1,1.2671080410073046,10.114
STAGE_MODEL_POLICY,1,1.3181076800101437,10.122
STAGE_MODEL_POLICY,1,1.368705114000477,10.122
STAGE_MODEL_POLICY,1,1.419569143006811,10.119
STAGE_MODEL_POLICY,1,1.4701070330047514,10.119
STAGE_MODEL_POLICY,1,1.5207117070094682,10.119
STAGE_MODEL_POLICY,1,1.5713113280071411,10.119
STAGE_MODEL_POLICY,1,1.6220779400027823,10.116
STAGE_MODEL_POLICY,1,1.672532141994452,10.116
STAGE_MODEL_POLICY,1,1.7229404649988282,10.142
STAGE_MODEL_POLICY,1,1.7736142060020939,10.142
STAGE_MODEL_POLICY,1,1.8243301380134653,10.133
STAGE_MODEL_POLICY,1,1.8747728030139115,10.133
STAGE_MODEL_POLICY,1,1.9253475480072666,10.114
STAGE_MODEL_POLICY,1,1.9758509850071277,10.103
STAGE_MODEL_POLICY,1,2.0266197900054976,10.103
STAGE_MODEL_POLICY,1,2.0772006990155205,10.106
STAGE_MODEL_POLICY,1,2.1276711490063462,10.106
STAGE_MODEL_POLICY,1,2.178158943017479,10.103
STAGE_MODEL_POLICY,1,2.228655050013913,10.103
STAGE_MODEL_POLICY,1,2.279082768014632,10.115
STAGE_MODEL_POLICY,1,2.3295448400021996,10.115
STAGE_MODEL_POLICY,1,2.3800370760145597,10.111
STAGE_MODEL_POLICY,1,2.4305409920052625,10.111
STAGE_MODEL_POLICY,1,2.4809793610183988,8.847
STAGE_MODEL_POLICY,1,2.5341419340111315,8.847
STAGE_MODEL_POLICY,1,2.5879727610154077,5.92
STAGE_MODEL_POLICY,1,2.639336002001073,5.92
STAGE_MODEL_POLICY,1,2.6916970309976023,10.075
STAGE_MODEL_POLICY,1,2.7423836440138984,10.075
STAGE_MODEL_POLICY,1,2.7929520760080777,5.974
STAGE_MODEL_POLICY,1,2.8457501670054626,5.974
STAGE_MODEL_POLICY,1,2.8969883389945608,10.334
STAGE_MODEL_POLICY,1,2.9475078319956083,10.334
STAGE_MODEL_POLICY,1,2.9980634380190168,10.173
STAGE_MODEL_POLICY,1,3.048646609997377,10.173
STAGE_MODEL_POLICY,1,3.099299804016482,11.676
STAGE_MODEL_POLICY,1,3.153834654018283,11.676
STAGE_MODEL_POLICY,1,3.2048892970196903,9.607
STAGE_MODEL_POLICY,1,3.2575197230034973,9.607
STAGE_MODEL_POLICY,1,3.3086823310004547,10.088
STAGE_MODEL_POLICY,1,3.359162331005791,10.088
STAGE_MODEL_POLICY,1,3.4096670540166087,10.091
STAGE_MODEL_POLICY,1,3.4602481920155697,10.091
STAGE_MODEL_POLICY,1,3.510768011008622,10.083
STAGE_MODEL_POLICY,1,3.5612248190154787,10.083
STAGE_MODEL_POLICY,1,3.611627006001072,8.748
STAGE_MODEL_POLICY,1,3.6629784209944773,10.69
STAGE_MODEL_POLICY,1,3.7141414009965956,9.29
STAGE_MODEL_POLICY,1,3.767429029016057,9.29
STAGE_MODEL_POLICY,1,3.8189346690196544,10.099
STAGE_MODEL_POLICY,1,3.8695278560044244,10.099
STAGE_MODEL_POLICY,1,3.9201635460194666,9.001
STAGE_MODEL_POLICY,1,3.971363146993099,10.216
STAGE_MODEL_POLICY,1,4.030706727004144,10.204
STAGE_MODEL_POLICY,1,4.081187113013584,6.021
STAGE_MODEL_POLICY,1,4.132498580001993,6.021
STAGE_MODEL_POLICY,1,4.184677315992303,10.132
STAGE_MODEL_POLICY,1,4.235091242997441,10.132
STAGE_MODEL_POLICY,1,4.285714852012461,10.121
STAGE_MODEL_POLICY,1,4.336168883019127,10.121
STAGE_MODEL_POLICY,1,4.386597684992012,10.124
STAGE_MODEL_POLICY,1,4.437100376992021,10.124
STAGE_MODEL_POLICY,1,4.487573410006007,10.129
STAGE_MODEL_POLICY,1,4.537988030991983,10.129
STAGE_MODEL_POLICY,1,4.588475743017625,9.963
STAGE_MODEL_POLICY,1,4.641292268992402,9.963
STAGE_MODEL_POLICY,1,4.697857345017837,10.144
STAGE_MODEL_POLICY,1,4.7484635960136075,10.144
STAGE_MODEL_POLICY,1,4.799059222015785,10.164
STAGE_MODEL_POLICY,1,4.849700794991804,10.164
STAGE_MODEL_POLICY,1,4.900214538007276,9.849
STAGE_MODEL_POLICY,1,4.955323920992669,9.849
STAGE_MODEL_POLICY,1,5.0066361850185785,10.152
STAGE_MODEL_POLICY,1,5.057388410990825,10.152
STAGE_MODEL_POLICY,1,5.107958730019163,10.145
STAGE_MODEL_POLICY,1,5.158451319002779,10.145
STAGE_MODEL_POLICY,1,5.2090145029942505,10.139
STAGE_MODEL_POLICY,1,5.259578733006492,10.139
STAGE_MODEL_POLICY,1,5.310105645010481,10.141
STAGE_MODEL_POLICY,1,5.360676111013163,10.141
STAGE_MODEL_POLICY,1,5.411355912016006,10.135
STAGE_MODEL_POLICY,1,5.46202118700603,10.135
STAGE_MODEL_POLICY,1,5.512495086994022,10.129
STAGE_MODEL_POLICY,1,5.562928572006058,10.129
STAGE_MODEL_POLICY,1,5.613684162992286,11.637
STAGE_MODEL_POLICY,1,5.665263174014399,11.637
STAGE_MODEL_POLICY,1,5.7171023419941776,9.615
STAGE_MODEL_POLICY,1,5.774380966991885,10.117
STAGE_MODEL_POLICY,1,5.82489963300759,10.117
STAGE_MODEL_POLICY,1,5.875517751002917,9.808
STAGE_MODEL_POLICY,1,5.9289951950195245,9.808
STAGE_MODEL_POLICY,1,5.980557392002083,10.092
STAGE_MODEL_POLICY,1,6.031179253011942,10.092
STAGE_MODEL_POLICY,1,6.083332230016822,9.547
STAGE_MODEL_POLICY,1,6.13491440800135,9.547
STAGE_MODEL_POLICY,1,6.188614959013648,10.129
STAGE_MODEL_POLICY,1,6.239092653995613,10.129
STAGE_MODEL_POLICY,1,6.289669730991591,10.106
STAGE_MODEL_POLICY,1,6.340148448012769,10.106
STAGE_MODEL_POLICY,1,6.390818673011381,10.114
STAGE_MODEL_POLICY,1,6.4413003899971955,10.114
STAGE_MODEL_POLICY,1,6.491870986006688,10.117
STAGE_MODEL_POLICY,1,6.542539051006315,10.117
STAGE_MODEL_POLICY,1,6.593008727009874,10.108
STAGE_MODEL_POLICY,1,6.643522058991948,10.108
STAGE_MODEL_POLICY,1,6.694022745010443,10.109
STAGE_MODEL_POLICY,1,6.744703944015782,10.109
STAGE_MODEL_POLICY,1,6.7952282820187975,10.113
STAGE_MODEL_POLICY,1,6.845830139995087,10.113
STAGE_MODEL_POLICY,1,6.896628524991684,10.112
STAGE_MODEL_POLICY,1,6.947242791997269,10.112
STAGE_MODEL_POLICY,1,6.997629107005196,10.109
STAGE_MODEL_POLICY,1,7.0481411420041695,10.109
STAGE_MODEL_POLICY,1,7.098903990990948,10.107
STAGE_MODEL_POLICY,1,7.149451577017317,10.107
STAGE_MODEL_POLICY,1,7.200067775993375,10.106
STAGE_MODEL_POLICY,1,7.250512628001161,10.106
STAGE_MODEL_POLICY,1,7.301091639994411,9.393
STAGE_MODEL_POLICY,1,7.352346742001828,9.393
STAGE_MODEL_POLICY,1,7.407767743017757,10.101
STAGE_MODEL_POLICY,1,7.458179212000687,10.101
STAGE_MODEL_POLICY,1,7.508667454007082,10.083
STAGE_MODEL_POLICY,1,7.559162540012039,6.123
STAGE_MODEL_POLICY,1,7.620855320012197,6.123
STAGE_MODEL_POLICY,1,7.6720649850030895,10.099
STAGE_MODEL_POLICY,1,7.72781722099171,10.168
STAGE_MODEL_POLICY,1,7.778301650017966,10.088
STAGE_MODEL_POLICY,1,7.828837626002496,10.088
STAGE_MODEL_POLICY,1,7.87946766501409,10.112
STAGE_MODEL_POLICY,1,7.9299052089918405,10.112
STAGE_MODEL_POLICY,1,7.980452759016771,10.08
STAGE_MODEL_POLICY,1,8.031088343996089,10.08
STAGE_MODEL_POLICY,1,8.081532222015085,9.59
STAGE_MODEL_POLICY,1,8.133492669992847,9.923
STAGE_MODEL_POLICY,1,8.187084275996312,10.321
STAGE_MODEL_POLICY,1,8.238342671014834,10.321
STAGE_MODEL_POLICY,1,8.289961820002645,10.124
STAGE_MODEL_POLICY,1,8.341238524997607,10.124
STAGE_MODEL_POLICY,1,8.391805405000923,8.802
STAGE_MODEL_POLICY,1,8.444568906008499,10.284
STAGE_MODEL_POLICY,1,8.495925607014215,10.065
STAGE_MODEL_POLICY,1,8.547308319015428,10.031
STAGE_MODEL_POLICY,1,8.59893690701574,10.368
STAGE_MODEL_POLICY,1,8.650358194019645,11.019
STAGE_MODEL_POLICY,1,8.707854623004096,6.136
STAGE_MODEL_POLICY,1,8.759153574996162,7.748
STAGE_MODEL_POLICY,1,8.825286491017323,7.748
STAGE_MODEL_POLICY,1,8.876543518999824,10.188
STAGE_MODEL_POLICY,1,8.92697838699678,10.188
STAGE_MODEL_POLICY,1,8.97757167101372,10.142
STAGE_MODEL_POLICY,1,9.028227253991645,10.142
STAGE_MODEL_POLICY,1,9.078844069008483,10.129
STAGE_MODEL_POLICY,1,9.129479246010305,10.129
STAGE_MODEL_POLICY,1,9.180096561991377,10.129
STAGE_MODEL_POLICY,1,9.230694643018069,10.129
STAGE_MODEL_POLICY,1,9.281331589998445,10.128
STAGE_MODEL_POLICY,1,9.331795494013932,10.128
STAGE_MODEL_POLICY,1,9.382495375000872,10.199
STAGE_MODEL_POLICY,1,9.433769622002728,10.199
STAGE_MODEL_POLICY,1,9.485821395006496,10.321
STAGE_MODEL_POLICY,1,9.53645303400117,10.321
STAGE_MODEL_POLICY,1,9.587012922012946,8.798
STAGE_MODEL_POLICY,1,9.63970059499843,8.798
STAGE_MODEL_POLICY,1,9.691496946004918,10.122
STAGE_MODEL_POLICY,1,9.741911463002907,10.122
STAGE_MODEL_POLICY,1,9.792804235010408,10.065
STAGE_MODEL_POLICY,1,9.843966504005948,10.065
STAGE_MODEL_POLICY,1,9.895605447993148,10.144
STAGE_MODEL_POLICY,1,9.946193932992173,10.144
STAGE_MODEL_POLICY,1,9.996820847009076,6.132
STAGE_MODEL_POLICY,1,10.04981083900202,6.132
STAGE_MODEL_POLICY,1,10.101149451016681,10.107
STAGE_MODEL_POLICY,1,10.151769946998684,10.107
STAGE_MODEL_POLICY,1,10.202429422002751,8.178
STAGE_MODEL_POLICY,1,10.254361553001218,8.178
STAGE_MODEL_POLICY,1,10.308655983011704,10.17
STAGE_MODEL_POLICY,1,10.359164515015436,10.17
STAGE_MODEL_POLICY,1,10.409943509002915,13.92
STAGE_MODEL_POLICY,1,10.462927770015085,13.92
STAGE_MODEL_POLICY,1,10.514223192993086,9.391
STAGE_MODEL_POLICY,1,10.566504271992017,10.128
STAGE_MODEL_POLICY,1,10.625331328017637,10.093
STAGE_MODEL_POLICY,1,10.675895510008559,10.186
STAGE_MODEL_POLICY,1,10.728859077004017,10.186
STAGE_MODEL_POLICY,1,10.783201926009497,10.088
STAGE_MODEL_POLICY,1,10.834186349005904,10.088
STAGE_MODEL_POLICY,1,10.885208982013864,10.125
STAGE_MODEL_POLICY,1,10.935724865004886,10.125
STAGE_MODEL_POLICY,1,10.986302873992827,10.124
STAGE_MODEL_POLICY,1,11.036787679011468,10.124
STAGE_MODEL_POLICY,1,11.087249606003752,10.218
STAGE_MODEL_POLICY,1,11.139379450003617,10.218
STAGE_MODEL_POLICY,1,11.191083190002246,10.117
STAGE_MODEL_POLICY,1,11.241514082008507,10.117
STAGE_MODEL_POLICY,1,11.292167170002358,6.135
STAGE_MODEL_POLICY,1,11.343603217013879,6.135
STAGE_MODEL_POLICY,1,11.39638572599506,15.381
STAGE_MODEL_POLICY,1,11.455009438999696,15.381
STAGE_MODEL_POLICY,1,11.506356889993185,9.79
STAGE_MODEL_POLICY,1,11.557024333014851,9.79
STAGE_MODEL_POLICY,1,11.607499158009887,9.968
STAGE_MODEL_POLICY,1,11.658308532991214,9.968
STAGE_MODEL_POLICY,1,11.70889034299762,10.031
STAGE_MODEL_POLICY,1,11.759521071013296,10.031
STAGE_MODEL_POLICY,1,11.810265289997915,9.75
STAGE_MODEL_POLICY,1,11.861646823002957,9.75
STAGE_MODEL_POLICY,1,11.914154438010883,10.143
STAGE_MODEL_POLICY,1,11.964762920018984,10.143
STAGE_MODEL_POLICY,1,12.01529651801684,9.768
STAGE_MODEL_POLICY,1,12.070916013995884,10.101
STAGE_MODEL_POLICY,1,12.121878499019658,10.101
STAGE_MODEL_POLICY,1,12.17238123799325,10.113
STAGE_MODEL_POLICY,1,12.22315741100465,10.113
STAGE_MODEL_POLICY,1,12.273750921012834,10.428
STAGE_MODEL_POLICY,1,12.325979827000992,10.428
STAGE_MODEL_POLICY,1,12.377196500019636,10.142
STAGE_MODEL_POLICY,1,12.42792330501834,10.142
STAGE_MODEL_POLICY,1,12.47846373199718,6.229
STAGE_MODEL_POLICY,1,12.529805786994984,6.229
STAGE_MODEL_POLICY,1,12.582078617007937,10.039
STAGE_MODEL_POLICY,1,12.632937221991597,10.039
STAGE_MODEL_POLICY,1,12.683709831995657,10.059
STAGE_MODEL_POLICY,1,12.73438917400199,10.059
STAGE_MODEL_POLICY,1,12.785168953007087,10.078
STAGE_MODEL_POLICY,1,12.836001171992393,10.078
STAGE_MODEL_POLICY,1,12.886546157009434,10.021
STAGE_MODEL_POLICY,1,12.938575030013453,10.021
STAGE_MODEL_POLICY,1,12.994450875004986,10.136
STAGE_MODEL_POLICY,1,13.046864381991327,10.136
STAGE_MODEL_POLICY,1,13.097553649015026,9.758
STAGE_MODEL_POLICY,1,13.152015176019631,9.758
STAGE_MODEL_POLICY,1,13.203272045007907,10.112
STAGE_MODEL_POLICY,1,13.2542266290111,10.112
STAGE_MODEL_POLICY,1,13.304868409992196,10.092
STAGE_MODEL_POLICY,1,13.355526675004512,10.092
STAGE_MODEL_POLICY,1,13.406050952005899,9.428
STAGE_MODEL_POLICY,1,13.457485056016594,9.428
STAGE_MODEL_POLICY,1,13.510002402996179,10.093
STAGE_MODEL_POLICY,1,13.560698760993546,10.093
STAGE_MODEL_POLICY,1,13.611293230002047,10.091
STAGE_MODEL_POLICY,1,13.661982471996453,10.091
STAGE_MODEL_POLICY,1,13.712819367006887,10.113
STAGE_MODEL_POLICY,1,13.763525943999412,10.113
STAGE_MODEL_POLICY,1,13.814032572001452,10.11
STAGE_MODEL_POLICY,1,13.864571281010285,10.11
STAGE_MODEL_POLICY,1,13.91508406100911,10.11
STAGE_MODEL_POLICY,1,13.965582792006899,10.11
STAGE_MODEL_POLICY,1,14.016079526016256,10.106
STAGE_MODEL_POLICY,1,14.067274852015544,10.105
STAGE_MODEL_POLICY,1,14.117893994000042,10.105
STAGE_MODEL_POLICY,1,14.168471798999235,10.11
STAGE_MODEL_POLICY,1,14.219037377013592,10.11
STAGE_MODEL_POLICY,1,14.269510017009452,9.47
STAGE_MODEL_POLICY,1,14.326174473011633,10.123
STAGE_MODEL_POLICY,1,14.382421826012433,10.151
STAGE_MODEL_POLICY,1,14.433869110012893,10.151
STAGE_MODEL_POLICY,1,14.486267285014037,10.138
STAGE_MODEL_POLICY,1,14.536907463014359,10.138
STAGE_MODEL_POLICY,1,14.5875467559963,8.972
STAGE_MODEL_POLICY,1,14.640440167015186,10.465
STAGE_MODEL_POLICY,1,14.692322941002203,9.836
STAGE_MODEL_POLICY,1,14.743732898001326,9.836
STAGE_MODEL_POLICY,1,14.795451361016603,10.067
STAGE_MODEL_POLICY,1,14.84589766501449,10.067
STAGE_MODEL_POLICY,1,14.902197982009966,9.398
STAGE_MODEL_POLICY,1,14.95332966701244,10.78
STAGE_MODEL_POLICY,1,15.00551674500457,7.086
STAGE_MODEL_POLICY,1,15.056935964006698,6.246
STAGE_MODEL_POLICY,1,15.125048549991334,6.246
STAGE_MODEL_POLICY,1,15.176828482013661,10.216
STAGE_MODEL_POLICY,1,15.227331920992583,10.216
STAGE_MODEL_POLICY,1,15.277979064005194,10.169
STAGE_MODEL_POLICY,1,15.340322844014736,10.169
STAGE_MODEL_POLICY,1,15.390972524008248,9.696
STAGE_MODEL_POLICY,1,15.445569082017755,9.696
STAGE_MODEL_POLICY,1,15.496808630996384,10.112
STAGE_MODEL_POLICY,1,15.547222332999809,10.112
STAGE_MODEL_POLICY,1,15.59780241799308,9.609
STAGE_MODEL_POLICY,1,15.650504596007522,9.609
STAGE_MODEL_POLICY,1,15.708939844014822,10.129
STAGE_MODEL_POLICY,1,15.76077412001905,10.129
STAGE_MODEL_POLICY,1,15.811518745991634,10.429
STAGE_MODEL_POLICY,1,15.864329044008628,10.123
STAGE_MODEL_POLICY,1,15.91579702400486,10.121
STAGE_MODEL_POLICY,1,15.966627720015822,9.409
STAGE_MODEL_POLICY,1,16.02554415600025,9.409
STAGE_MODEL_POLICY,1,16.07726863800781,10.138
STAGE_MODEL_POLICY,1,16.128044929995667,10.138
STAGE_MODEL_POLICY,1,16.178650798014132,9.646
STAGE_MODEL_POLICY,1,16.229968978994293,9.646
STAGE_MODEL_POLICY,1,16.28256328200223,10.125
STAGE_MODEL_POLICY,1,16.33301941899117,10.125
STAGE_MODEL_POLICY,1,16.383674101991346,10.119
STAGE_MODEL_POLICY,1,16.43420429600519,10.119
STAGE_MODEL_POLICY,1,16.484904283017386,16.553
STAGE_MODEL_POLICY,1,16.539031680993503,16.553
STAGE_MODEL_POLICY,1,16.59052139800042,9.495
STAGE_MODEL_POLICY,1,16.641132140008267,9.495
STAGE_MODEL_POLICY,1,16.692237871000543,9.857
STAGE_MODEL_POLICY,1,16.742862932005664,9.857
STAGE_MODEL_POLICY,1,16.793483165005455,9.396
STAGE_MODEL_POLICY,1,16.846094292995986,9.396
STAGE_MODEL_POLICY,1,16.897335406014463,10.102
STAGE_MODEL_POLICY,1,16.947916637000162,10.102
STAGE_MODEL_POLICY,1,16.99835323501611,10.096
STAGE_MODEL_POLICY,1,17.049066094012232,10.096
STAGE_MODEL_POLICY,1,17.09962899799575,10.096
STAGE_MODEL_POLICY,1,17.150435617018957,10.096
STAGE_MODEL_POLICY,1,17.200967815995682,10.104
STAGE_MODEL_POLICY,1,17.251797547010938,10.104
STAGE_MODEL_POLICY,1,17.30278779900982,9.502
STAGE_MODEL_POLICY,1,17.359005778998835,9.502
STAGE_MODEL_POLICY,1,17.410482887993567,10.104
STAGE_MODEL_POLICY,1,17.460927456995705,10.104
STAGE_MODEL_POLICY,1,17.51150285100448,10.117
STAGE_MODEL_POLICY,1,17.562144586991053,6.113
STAGE_MODEL_POLICY,1,17.620555403991602,6.113
STAGE_MODEL_POLICY,1,17.672048392996658,9.962
STAGE_MODEL_POLICY,1,17.725661525008036,9.994
STAGE_MODEL_POLICY,1,17.776279459008947,10.057
STAGE_MODEL_POLICY,1,17.82708593501593,10.057
STAGE_MODEL_POLICY,1,17.87904493600945,10.073
STAGE_MODEL_POLICY,1,17.929548549000174,10.073
STAGE_MODEL_POLICY,1,17.980225876002805,10.091
STAGE_MODEL_POLICY,1,18.030884998996044,10.091
STAGE_MODEL_POLICY,1,18.081367339997087,10.093
STAGE_MODEL_POLICY,1,18.132529655995313,10.093
STAGE_MODEL_POLICY,1,18.18340520100901,9.943
STAGE_MODEL_POLICY,1,18.236148952011717,9.943
STAGE_MODEL_POLICY,1,18.287944134994177,10.132
STAGE_MODEL_POLICY,1,18.33850775900646,10.132
STAGE_MODEL_POLICY,1,18.38903183999355,10.125
STAGE_MODEL_POLICY,1,18.43969132300117,10.125
STAGE_MODEL_POLICY,1,18.49028464400908,10.112
STAGE_MODEL_POLICY,1,18.540832076017978,10.112
STAGE_MODEL_POLICY,1,18.5913588910189,10.105
STAGE_MODEL_POLICY,1,18.64188348900643,10.105
STAGE_MODEL_POLICY,1,18.6923838579969,10.113
STAGE_MODEL_POLICY,1,18.743027893011458,10.113
STAGE_MODEL_POLICY,1,18.804698633000953,8.778
STAGE_MODEL_POLICY,1,18.856166023004334,8.778
STAGE_MODEL_POLICY,1,18.909898920013802,10.099
STAGE_MODEL_POLICY,1,18.960401768999873,6.798
STAGE_MODEL_POLICY,1,19.023953515017638,6.798
STAGE_MODEL_POLICY,1,19.075471652002307,10.388
STAGE_MODEL_POLICY,1,19.126401837012963,10.388
STAGE_MODEL_POLICY,1,19.176773982006125,13.682
STAGE_MODEL_POLICY,1,19.242428949015448,13.682
STAGE_MODEL_POLICY,1,19.293650306004565,12.179
STAGE_MODEL_POLICY,1,19.345001592009794,12.179
STAGE_MODEL_POLICY,1,19.396229024016066,9.99
STAGE_MODEL_POLICY,1,19.458800913009327,9.99
STAGE_MODEL_POLICY,1,19.50996168301208,10.215
STAGE_MODEL_POLICY,1,19.562466449016938,10.215
STAGE_MODEL_POLICY,1,19.61392685599276,10.15
STAGE_MODEL_POLICY,1,19.66440375801176,10.119
STAGE_MODEL_POLICY,1,19.71490488399286,10.119
STAGE_MODEL_POLICY,1,19.765596734010614,10.119
STAGE_MODEL_POLICY,1,19.81621880401508,10.119
STAGE_MODEL_POLICY,1,19.86690138600534,9.669
STAGE_MODEL_POLICY,1,19.93073951001861,9.669
STAGE_MODEL_POLICY,1,19.985476866015233,11.442
STAGE_MODEL_POLICY,1,20.041351965017384,11.442
STAGE_MODEL_POLICY,1,20.092713568010367,10.166
STAGE_MODEL_POLICY,1,20.143200890015578,10.166
STAGE_MODEL_POLICY,1,20.19393135700375,10.159
STAGE_MODEL_POLICY,1,20.244402915996034,10.159
STAGE_MODEL_POLICY,1,20.294886845018482,6.083
STAGE_MODEL_POLICY,1,20.34667425401858,6.083
STAGE_MODEL_POLICY,1,20.399734356004046,9.965
STAGE_MODEL_POLICY,1,20.450326635997044,9.965
STAGE_MODEL_POLICY,1,20.50073761100066,10.05
STAGE_MODEL_POLICY,1,20.551250181015348,10.05
STAGE_MODEL_POLICY,1,20.601910425000824,10.095
STAGE_MODEL_POLICY,1,20.652744202001486,10.095
STAGE_MODEL_POLICY,1,20.703159891010728,10.108
STAGE_MODEL_POLICY,1,20.753631155006588,10.108
STAGE_MODEL_POLICY,1,20.80417173099704,9.879
STAGE_MODEL_POLICY,1,20.85635719500715,9.879
STAGE_MODEL_POLICY,1,20.90767607401358,10.168
STAGE_MODEL_POLICY,1,20.965598348004278,10.001
STAGE_MODEL_POLICY,1,21.017637817014474,10.001
STAGE_MODEL_POLICY,1,21.071564985002624,10.169
STAGE_MODEL_POLICY,1,21.12202696001623,10.169
STAGE_MODEL_POLICY,1,21.172671748005087,10.141
STAGE_MODEL_POLICY,1,21.223116565000964,10.141
STAGE_MODEL_POLICY,1,21.273709632019745,10.328
STAGE_MODEL_POLICY,1,21.33031215099618,10.328
STAGE_MODEL_POLICY,1,21.381815669010393,10.139
STAGE_MODEL_POLICY,1,21.432473963010125,10.139
STAGE_MODEL_POLICY,1,21.483121130993823,8.236
STAGE_MODEL_POLICY,1,21.53478066599928,8.236
STAGE_MODEL_POLICY,1,21.587402300996473,10.131
STAGE_MODEL_POLICY,1,21.638006711000344,10.131
STAGE_MODEL_POLICY,1,21.688517500006128,10.142
STAGE_MODEL_POLICY,1,21.739026989991544,10.142
STAGE_MODEL_POLICY,1,21.78940933701233,10.226
STAGE_MODEL_POLICY,1,21.84074028901523,10.226
STAGE_MODEL_POLICY,1,21.892994548019487,10.118
STAGE_MODEL_POLICY,1,21.94367972400505,10.118
STAGE_MODEL_POLICY,1,21.994320411002263,10.118
STAGE_MODEL_POLICY,1,22.044911519013112,10.118
STAGE_MODEL_POLICY,1,22.095658634003485,10.106
STAGE_MODEL_POLICY,1,22.146268458018312,10.106
STAGE_MODEL_POLICY,1,22.196795447991462,10.093
STAGE_MODEL_POLICY,1,22.247357943007955,10.093
STAGE_MODEL_POLICY,1,22.29798137600301,10.095
STAGE_MODEL_POLICY,1,22.348537682002643,10.095
STAGE_MODEL_POLICY,1,22.399053603992797,10.099
STAGE_MODEL_POLICY,1,22.44956380801159,10.099
STAGE_MODEL_POLICY,1,22.50001514199539,10.102
STAGE_MODEL_POLICY,1,22.550657107000006,10.102
STAGE_MODEL_POLICY,1,22.601189993991284,10.104
STAGE_MODEL_POLICY,1,22.65193851001095,10.104
STAGE_MODEL_POLICY,1,22.702448263997212,10.108
STAGE_MODEL_POLICY,1,22.752970172005007,10.108
STAGE_MODEL_POLICY,1,22.803601771011017,10.111
STAGE_MODEL_POLICY,1,22.85425458199461,10.111
STAGE_MODEL_POLICY,1,22.904754346993286,10.112
STAGE_MODEL_POLICY,1,22.955174141010502,10.112
STAGE_MODEL_POLICY,1,23.005825530999573,10.114
STAGE_MODEL_POLICY,1,23.056199899991043,10.114
STAGE_MODEL_POLICY,1,23.106657491996884,9.742
STAGE_MODEL_POLICY,1,23.162652850995073,10.086
STAGE_MODEL_POLICY,1,23.213184146996355,10.086
STAGE_MODEL_POLICY,1,23.263836825004546,10.109
STAGE_MODEL_POLICY,1,23.314384127996163,10.109
STAGE_MODEL_POLICY,1,23.36487643001601,10.557
STAGE_MODEL_POLICY,1,23.423600559995975,10.557
STAGE_MODEL_POLICY,1,23.474820917996112,10.129
STAGE_MODEL_POLICY,1,23.525369387003593,10.129
STAGE_MODEL_POLICY,1,23.576001339009963,10.145
STAGE_MODEL_POLICY,1,23.627629398019053,10.145
STAGE_MODEL_POLICY,1,23.6782293250144,10.143
STAGE_MODEL_POLICY,1,23.728886030992726,10.143
STAGE_MODEL_POLICY,1,23.77947016301914,10.148
STAGE_MODEL_POLICY,1,23.83003024800564,10.148
STAGE_MODEL_POLICY,1,23.88072427199222,6.129
STAGE_MODEL_POLICY,1,23.93850588100031,6.129
STAGE_MODEL_POLICY,1,23.98991077201208,9.885
STAGE_MODEL_POLICY,1,24.040629383001942,9.885
STAGE_MODEL_POLICY,1,24.091116007009987,10.059
STAGE_MODEL_POLICY,1,24.14164009600063,10.059
STAGE_MODEL_POLICY,1,24.19203907001065,10.216
STAGE_MODEL_POLICY,1,24.243878958019195,10.216
STAGE_MODEL_POLICY,1,24.298778650991153,10.121
STAGE_MODEL_POLICY,1,24.34934593399521,10.121
STAGE_MODEL_POLICY,1,24.399829266010784,10.161
STAGE_MODEL_POLICY,1,24.45104668199201,10.161
STAGE_MODEL_POLICY,1,24.501881371019408,10.085
STAGE_MODEL_POLICY,1,24.556492488016374,10.4
STAGE_MODEL_POLICY,1,24.611255899013486,10.258
STAGE_MODEL_POLICY,1,24.66288874199381,9.483
STAGE_MODEL_POLICY,1,24.718040628999006,9.483
STAGE_MODEL_POLICY,1,24.77545123701566,10.242
STAGE_MODEL_POLICY,1,24.830124468018766,10.242
STAGE_MODEL_POLICY,1,24.881329005002044,10.202
STAGE_MODEL_POLICY,1,24.93171602700022,10.202
STAGE_MODEL_POLICY,1,24.982200247992296,10.19
STAGE_MODEL_POLICY,1,25.03279206401203,10.19
STAGE_MODEL_POLICY,1,25.08330474901595,6.072
STAGE_MODEL_POLICY,1,25.134863248997135,6.072
STAGE_MODEL_POLICY,1,25.190921118017286,7.525
STAGE_MODEL_POLICY,1,25.249153033015318,7.525
STAGE_MODEL_POLICY,1,25.300509977008915,10.517
STAGE_MODEL_POLICY,1,25.351001695991727,10.517
STAGE_MODEL_POLICY,1,25.401479708001716,10.326
STAGE_MODEL_POLICY,1,25.452033469016897,10.326
STAGE_MODEL_POLICY,1,25.502566431998275,11.853
STAGE_MODEL_POLICY,1,25.554009029001463,11.853
STAGE_MODEL_POLICY,1,25.606461114017293,9.645
STAGE_MODEL_POLICY,1,25.657882722996874,9.645
STAGE_MODEL_POLICY,1,25.70982403299422,10.186
STAGE_MODEL_POLICY,1,25.760418446996482,10.186
STAGE_MODEL_POLICY,1,25.810973122017458,10.414
STAGE_MODEL_POLICY,1,25.873909090005327,9.519
STAGE_MODEL_POLICY,1,25.926383475016337,9.519
STAGE_MODEL_POLICY,1,25.979092765017413,10.262
STAGE_MODEL_POLICY,1,26.029537736991188,10.262
STAGE_MODEL_POLICY,1,26.088501402002294,10.183
STAGE_MODEL_POLICY,1,26.139761633006856,9.789
STAGE_MODEL_POLICY,1,26.19137550101732,10.887
STAGE_MODEL_POLICY,1,26.242836114019156,10.44
STAGE_MODEL_POLICY,1,26.306105622003088,9.352
STAGE_MODEL_POLICY,1,26.35754920000909,10.602
STAGE_MODEL_POLICY,1,26.409392661997117,6.131
STAGE_MODEL_POLICY,1,26.46055091000744,9.635
STAGE_MODEL_POLICY,1,26.528836790996138,9.635
STAGE_MODEL_POLICY,1,26.58010874001775,10.27
STAGE_MODEL_POLICY,1,26.630578017997323,10.27
STAGE_MODEL_POLICY,1,26.68109912800719,10.202
STAGE_MODEL_POLICY,1,26.731771944003413,10.202
STAGE_MODEL_POLICY,1,26.782533028017497,10.186
STAGE_MODEL_POLICY,1,26.833285522006918,10.186
STAGE_MODEL_POLICY,1,26.88380204801797,10.195
STAGE_MODEL_POLICY,1,26.93428151201806,10.195
STAGE_MODEL_POLICY,1,26.984979934000876,9.973
STAGE_MODEL_POLICY,1,27.036859148007352,9.973
STAGE_MODEL_POLICY,1,27.093198529997608,10.182
STAGE_MODEL_POLICY,1,27.14385387400398,10.182
STAGE_MODEL_POLICY,1,27.194459793012356,9.584
STAGE_MODEL_POLICY,1,27.24568083899794,9.584
STAGE_MODEL_POLICY,1,27.297084165009437,10.12
STAGE_MODEL_POLICY,1,27.347575327992672,10.12
STAGE_MODEL_POLICY,1,27.398096607998013,10.677
STAGE_MODEL_POLICY,1,27.454170622018864,10.677
STAGE_MODEL_POLICY,1,27.505568263994064,10.148
STAGE_MODEL_POLICY,1,27.55616437701974,10.148
STAGE_MODEL_POLICY,1,27.60681477599428,10.151
STAGE_MODEL_POLICY,1,27.657306597015122,12.325
STAGE_MODEL_POLICY,1,27.730135145015083,12.325
STAGE_MODEL_POLICY,1,27.781414689990925,10.072
STAGE_MODEL_POLICY,1,27.832195593015058,10.072
STAGE_MODEL_POLICY,1,27.883108812005958,10.12
STAGE_MODEL_POLICY,1,27.93375800299691,10.12
STAGE_MODEL_POLICY,1,27.98442132101627,10.137
STAGE_MODEL_POLICY,1,28.03510633201222,10.137
STAGE_MODEL_POLICY,1,28.085825695015956,10.154
STAGE_MODEL_POLICY,1,28.136552027019206,10.154
STAGE_MODEL_POLICY,1,28.187363114993786,10.152
STAGE_MODEL_POLICY,1,28.237926810019417,10.152
STAGE_MODEL_POLICY,1,28.288390616013203,10.149
STAGE_MODEL_POLICY,1,28.338927720003994,10.149
STAGE_MODEL_POLICY,1,28.38950053101871,10.146
STAGE_MODEL_POLICY,1,28.44011343299644,10.146
STAGE_MODEL_POLICY,1,28.49084976199083,10.142
STAGE_MODEL_POLICY,1,28.541392543003894,10.142
STAGE_MODEL_POLICY,1,28.59187068301253,10.14
STAGE_MODEL_POLICY,1,28.64239633199759,10.14
STAGE_MODEL_POLICY,1,28.69313983700704,10.139
STAGE_MODEL_POLICY,1,28.743739771016408,10.139
STAGE_MODEL_POLICY,1,28.79439463900053,10.137
STAGE_MODEL_POLICY,1,28.84500395701616,10.137
STAGE_MODEL_POLICY,1,28.89563059801003,10.143
STAGE_MODEL_POLICY,1,28.946110101009253,10.143
STAGE_MODEL_POLICY,1,28.996625046012923,10.135
STAGE_MODEL_POLICY,1,29.047245441994164,10.135
STAGE_MODEL_POLICY,1,29.097816502995556,10.138
STAGE_MODEL_POLICY,1,29.148758619994624,10.138
STAGE_MODEL_POLICY,1,29.199525856005494,10.135
STAGE_MODEL_POLICY,1,29.25013495600433,10.135
STAGE_MODEL_POLICY,1,29.300868994003395,10.137
STAGE_MODEL_POLICY,1,29.35198355099419,10.137
STAGE_MODEL_POLICY,1,29.402547941019293,10.137
STAGE_MODEL_POLICY,1,29.453033994999714,10.137
STAGE_MODEL_POLICY,1,29.50360263400944,10.141
STAGE_MODEL_POLICY,1,29.55459689901909,10.141
STAGE_MODEL_POLICY,1,29.60554201999912,10.148
STAGE_MODEL_POLICY,1,29.656048937002197,10.148
STAGE_MODEL_POLICY,1,29.706744205992436,10.148
STAGE_MODEL_POLICY,1,29.75735731900204,10.148
STAGE_MODEL_POLICY,1,29.807963561994256,10.154
STAGE_MODEL_POLICY,1,29.858438907016534,10.154
STAGE_MODEL_POLICY,1,29.908876147994306,10.157
STAGE_MODEL_POLICY,1,29.959651353012305,10.157
STAGE_MODEL_THRESHOLD,1,0.0010201229888480157,10.161
STAGE_MODEL_THRESHOLD,1,0.05164749201503582,10.157
STAGE_MODEL_THRESHOLD,1,0.10216725399368443,10.157
STAGE_MODEL_THRESHOLD,1,0.15284070500638336,10.154
STAGE_MODEL_THRESHOLD,1,0.2034642180078663,10.154
STAGE_MODEL_THRESHOLD,1,0.25406607100740075,10.152
STAGE_MODEL_THRESHOLD,1,0.3047335259907413,10.152
STAGE_MODEL_THRESHOLD,1,0.3554139519983437,10.155
STAGE_MODEL_THRESHOLD,1,0.40587659800075926,10.155
STAGE_MODEL_THRESHOLD,1,0.4564909730106592,10.15
STAGE_MODEL_THRESHOLD,1,0.5071212720067706,10.15
STAGE_MODEL_THRESHOLD,1,0.5575181469903328,10.137
STAGE_MODEL_THRESHOLD,1,0.6080119679972995,10.137
STAGE_MODEL_THRESHOLD,1,0.6585094420006499,10.134
STAGE_MODEL_THRESHOLD,1,0.7091082620027009,10.134
STAGE_MODEL_THRESHOLD,1,0.7597200949967373,10.123
STAGE_MODEL_THRESHOLD,1,0.8103314249892719,10.123
STAGE_MODEL_THRESHOLD,1,0.8609174689918291,10.119
STAGE_MODEL_THRESHOLD,1,0.9116370010015089,10.119
STAGE_MODEL_THRESHOLD,1,0.9622279140166938,10.119
STAGE_MODEL_THRESHOLD,1,1.0129971239948645,10.119
STAGE_MODEL_THRESHOLD,1,1.0635256399982609,10.122
STAGE_MODEL_THRESHOLD,1,1.1140954279981088,10.122
STAGE_MODEL_THRESHOLD,1,1.1649331130029168,10.115
STAGE_MODEL_THRESHOLD,1,1.2153636330040172,10.115
STAGE_MODEL_THRESHOLD,1,1.2659684870159253,10.115
STAGE_MODEL_THRESHOLD,1,1.31663910500356,10.115
STAGE_MODEL_THRESHOLD,1,1.3672345800150651,10.105
STAGE_MODEL_THRESHOLD,1,1.4179826120089274,10.105
STAGE_MODEL_THRESHOLD,1,1.4685727900068741,10.108
STAGE_MODEL_THRESHOLD,1,1.5191211939963978,10.108
STAGE_MODEL_THRESHOLD,1,1.5696425889909733,10.11
STAGE_MODEL_THRESHOLD,1,1.6202942760137375,10.11
STAGE_MODEL_THRESHOLD,1,1.6708029439905658,10.116
STAGE_MODEL_THRESHOLD,1,1.7211628619988915,10.116
STAGE_MODEL_THRESHOLD,1,1.7717797179939225,10.117
STAGE_MODEL_THRESHOLD,1,1.8222814699984156,10.117
STAGE_MODEL_THRESHOLD,1,1.8728401089902036,10.121
STAGE_MODEL_THRESHOLD,1,1.9234253129980061,10.121
STAGE_MODEL_THRESHOLD,1,1.9739738230127841,10.122
STAGE_MODEL_THRESHOLD,1,2.0244141900038812,10.122
STAGE_MODEL_THRESHOLD,1,2.074973561015213,10.117
STAGE_MODEL_THRESHOLD,1,2.125601797015406,10.117
STAGE_MODEL_THRESHOLD,1,2.1763141129922587,10.119
STAGE_MODEL_THRESHOLD,1,2.2270428340125363,10.119
STAGE_MODEL_THRESHOLD,1,2.2778459370019846,10.119
STAGE_MODEL_THRESHOLD,1,2.3286988740146626,10.119
STAGE_MODEL_THRESHOLD,1,2.379211743013002,10.112
STAGE_MODEL_THRESHOLD,1,2.429739746003179,10.112
STAGE_MODEL_THRESHOLD,1,2.4803811890014913,10.115
STAGE_MODEL_THRESHOLD,1,2.530903965001926,10.115
STAGE_MODEL_THRESHOLD,1,2.5814106090110727,10.111
STAGE_MODEL_THRESHOLD,1,2.6319655980041716,10.111
STAGE_MODEL_THRESHOLD,1,2.6827295449911617,10.106
STAGE_MODEL_THRESHOLD,1,2.733428670995636,10.106
STAGE_MODEL_THRESHOLD,1,2.785305352997966,10.101
STAGE_MODEL_THRESHOLD,1,2.835989593004342,10.101
STAGE_MODEL_THRESHOLD,1,2.886818002007203,10.1
STAGE_MODEL_THRESHOLD,1,2.937515400000848,10.1
STAGE_MODEL_THRESHOLD,1,2.988195593992714,10.088
STAGE_MODEL_THRESHOLD,1,3.038826099014841,10.088
STAGE_MODEL_THRESHOLD,1,3.08932852599537,10.088
STAGE_MODEL_THRESHOLD,1,3.1399660099996254,10.088
STAGE_MODEL_THRESHOLD,1,3.190668283990817,10.086
STAGE_MODEL_THRESHOLD,1,3.2411417459952645,10.086
STAGE_MODEL_THRESHOLD,1,3.2918762270128354,10.079
STAGE_MODEL_THRESHOLD,1,3.3426667120074853,10.079
STAGE_MODEL_THRESHOLD,1,3.3933943760057446,10.077
STAGE_MODEL_THRESHOLD,1,3.4442398239916656,10.077
STAGE_MODEL_THRESHOLD,1,3.494887834007386,10.07
STAGE_MODEL_THRESHOLD,1,3.545462845999282,10.07
STAGE_MODEL_THRESHOLD,1,3.595968036010163,10.068
STAGE_MODEL_THRESHOLD,1,3.6465281040000264,10.068
STAGE_MODEL_THRESHOLD,1,3.697150933003286,10.07
STAGE_MODEL_THRESHOLD,1,3.7478641770139802,10.07
STAGE_MODEL_THRESHOLD,1,3.798494563990971,10.07
STAGE_MODEL_THRESHOLD,1,3.84914655299508,10.07
STAGE_MODEL_THRESHOLD,1,3.899631712003611,10.062
STAGE_MODEL_THRESHOLD,1,3.950211190007394,10.062
STAGE_MODEL_THRESHOLD,1,4.000685631996021,10.066
STAGE_MODEL_THRESHOLD,1,4.051599778991658,10.069
STAGE_MODEL_THRESHOLD,1,4.102117702015676,10.069
STAGE_MODEL_THRESHOLD,1,4.153004260995658,10.063
STAGE_MODEL_THRESHOLD,1,4.203435467992676,10.063
STAGE_MODEL_THRESHOLD,1,4.254042078013299,10.063
STAGE_MODEL_THRESHOLD,1,4.304649125988362,10.063
STAGE_MODEL_THRESHOLD,1,4.3551074220158625,10.054
STAGE_MODEL_THRESHOLD,1,4.405760322988499,10.054
STAGE_MODEL_THRESHOLD,1,4.456140627997229,10.05
STAGE_MODEL_THRESHOLD,1,4.5066923389968,10.05
STAGE_MODEL_THRESHOLD,1,4.557278544001747,10.053
STAGE_MODEL_THRESHOLD,1,4.607686784001999,10.053
STAGE_MODEL_THRESHOLD,1,4.658119756990345,10.057
STAGE_MODEL_THRESHOLD,1,4.7087587650166824,10.057
STAGE_MODEL_THRESHOLD,1,4.759362037992105,10.056
STAGE_MODEL_THRESHOLD,1,4.80990268100868,10.056
STAGE_MODEL_THRESHOLD,1,4.860466159007046,12.001
STAGE_MODEL_THRESHOLD,1,4.913721882010577,12.001
STAGE_MODEL_THRESHOLD,1,4.967399417015258,19.339
STAGE_MODEL_THRESHOLD,1,5.022187107999343,19.339
STAGE_MODEL_THRESHOLD,1,5.073499785998138,19.416
STAGE_MODEL_THRESHOLD,1,5.125726977013983,19.416
STAGE_MODEL_THRESHOLD,1,5.182713157002581,9.987
STAGE_MODEL_THRESHOLD,1,5.233077126991702,9.987
STAGE_MODEL_THRESHOLD,1,5.283579692011699,10.067
STAGE_MODEL_THRESHOLD,1,5.334155145013938,10.067
STAGE_MODEL_THRESHOLD,1,5.384747550007887,10.57
STAGE_MODEL_THRESHOLD,1,5.4422621419944335,10.57
STAGE_MODEL_THRESHOLD,1,5.493742443999508,10.094
STAGE_MODEL_THRESHOLD,1,5.544358243991155,10.094
STAGE_MODEL_THRESHOLD,1,5.594736713013845,10.099
STAGE_MODEL_THRESHOLD,1,5.647818163008196,10.099
STAGE_MODEL_THRESHOLD,1,5.69826983299572,9.265
STAGE_MODEL_THRESHOLD,1,5.753263621998485,15.685
STAGE_MODEL_THRESHOLD,1,5.8046669109899085,15.685
STAGE_MODEL_THRESHOLD,1,5.857269352010917,10.854
STAGE_MODEL_THRESHOLD,1,5.924694749992341,10.854
STAGE_MODEL_THRESHOLD,1,5.976419017999433,10.216
STAGE_MODEL_THRESHOLD,1,6.027035973005695,10.216
STAGE_MODEL_THRESHOLD,1,6.08251394101535,12.642
STAGE_MODEL_THRESHOLD,1,6.133895222010324,12.642
STAGE_MODEL_THRESHOLD,1,6.187726247997489,9.983
STAGE_MODEL_THRESHOLD,1,6.23832676600432,9.983
STAGE_MODEL_THRESHOLD,1,6.288913730997592,9.973
STAGE_MODEL_THRESHOLD,1,6.339571110001998,9.973
STAGE_MODEL_THRESHOLD,1,6.39011039500474,9.968
STAGE_MODEL_THRESHOLD,1,6.440590098005487,9.968
STAGE_MODEL_THRESHOLD,1,6.490974334010389,9.959
STAGE_MODEL_THRESHOLD,1,6.541706024989253,9.959
STAGE_MODEL_THRESHOLD,1,6.59217317099683,10.823
STAGE_MODEL_THRESHOLD,1,6.647522667015437,9.974
STAGE_MODEL_THRESHOLD,1,6.698093468992738,9.974
STAGE_MODEL_THRESHOLD,1,6.748503562994301,9.974
STAGE_MODEL_THRESHOLD,1,6.799181462993147,9.016
STAGE_MODEL_THRESHOLD,1,6.855562317010481,10.912
STAGE_MODEL_THRESHOLD,1,6.907258982013445,10.912
STAGE_MODEL_THRESHOLD,1,6.960076363000553,9.916
STAGE_MODEL_THRESHOLD,1,7.0105553200119175,9.916
STAGE_MODEL_THRESHOLD,1,7.068703658005688,10.84
STAGE_MODEL_THRESHOLD,1,7.1199793120031245,10.84
STAGE_MODEL_THRESHOLD,1,7.173711362003814,9.959
STAGE_MODEL_THRESHOLD,1,7.22435551401577,9.959
STAGE_MODEL_THRESHOLD,1,7.284415508998791,12.405
STAGE_MODEL_THRESHOLD,1,7.3357344870164525,12.405
STAGE_MODEL_THRESHOLD,1,7.389535694994265,9.932
STAGE_MODEL_THRESHOLD,1,7.440127089008456,9.932
STAGE_MODEL_THRESHOLD,1,7.490621189004742,9.957
STAGE_MODEL_THRESHOLD,1,7.541227578010876,9.957
STAGE_MODEL_THRESHOLD,1,7.59186822999618,9.966
STAGE_MODEL_THRESHOLD,1,7.642382074001944,9.966
STAGE_MODEL_THRESHOLD,1,7.692943936010124,10.196
STAGE_MODEL_THRESHOLD,1,7.744410329993116,10.196
STAGE_MODEL_THRESHOLD,1,7.795801564003341,10.003
STAGE_MODEL_THRESHOLD,1,7.8463910710124765,10.003
STAGE_MODEL_THRESHOLD,1,7.896940172999166,10.05
STAGE_MODEL_THRESHOLD,1,7.947479515016312,9.988
STAGE_MODEL_THRESHOLD,1,7.998723158001667,9.988
STAGE_MODEL_THRESHOLD,1,8.05186366601265,10.064
STAGE_MODEL_THRESHOLD,1,8.102467209013412,10.064
STAGE_MODEL_THRESHOLD,1,8.153285284992307,10.038
STAGE_MODEL_THRESHOLD,1,8.203852070990251,10.038
STAGE_MODEL_THRESHOLD,1,8.257946364989039,11.263
STAGE_MODEL_THRESHOLD,1,8.311068406008417,11.263
STAGE_MODEL_THRESHOLD,1,8.36373961699428,10.129
STAGE_MODEL_THRESHOLD,1,8.414245988009498,10.129
STAGE_MODEL_THRESHOLD,1,8.464980996010127,10.298
STAGE_MODEL_THRESHOLD,1,8.519402027013712,10.298
STAGE_MODEL_THRESHOLD,1,8.57057942901156,10.092
STAGE_MODEL_THRESHOLD,1,8.62130041999626,10.092
STAGE_MODEL_THRESHOLD,1,8.6717447359988,10.04
STAGE_MODEL_THRESHOLD,1,8.722367383015808,10.04
STAGE_MODEL_THRESHOLD,1,8.772756904014386,10.045
STAGE_MODEL_THRESHOLD,1,8.823227298009442,10.045
STAGE_MODEL_THRESHOLD,1,8.873868152004434,10.041
STAGE_MODEL_THRESHOLD,1,8.924293988995487,10.041
STAGE_MODEL_THRESHOLD,1,8.974870261998149,10.024
STAGE_MODEL_THRESHOLD,1,9.02542429001187,10.024
STAGE_MODEL_THRESHOLD,1,9.076046900998335,10.037
STAGE_MODEL_THRESHOLD,1,9.128454374003923,10.037
STAGE_MODEL_THRESHOLD,1,9.179020612005843,10.855
STAGE_MODEL_THRESHOLD,1,9.233130515000084,10.855
STAGE_MODEL_THRESHOLD,1,9.28449596799328,10.023
STAGE_MODEL_THRESHOLD,1,9.33509144501295,10.023
STAGE_MODEL_THRESHOLD,1,9.385781099990709,10.223
STAGE_MODEL_THRESHOLD,1,9.437269246991491,10.223
STAGE_MODEL_THRESHOLD,1,9.489793390996056,10.048
STAGE_MODEL_THRESHOLD,1,9.540415313007543,10.048
STAGE_MODEL_THRESHOLD,1,9.590923593990738,10.03
STAGE_MODEL_THRESHOLD,1,9.641573642002186,10.03
STAGE_MODEL_THRESHOLD,1,9.692211581015727,9.89
STAGE_MODEL_THRESHOLD,1,9.745076816005167,11.026
STAGE_MODEL_THRESHOLD,1,9.796523182012606,11.026
STAGE_MODEL_THRESHOLD,1,9.849195940012578,17.681
STAGE_MODEL_THRESHOLD,1,9.90118954400532,17.681
STAGE_MODEL_THRESHOLD,1,9.953063479013508,19.67
STAGE_MODEL_THRESHOLD,1,10.004432426008862,19.67
STAGE_MODEL_THRESHOLD,1,10.06136428398895,10.077
STAGE_MODEL_THRESHOLD,1,10.120239915995626,10.077
STAGE_MODEL_THRESHOLD,1,10.170886956009781,9.095
STAGE_MODEL_THRESHOLD,1,10.222474242997123,9.095
STAGE_MODEL_THRESHOLD,1,10.279945249989396,7.232
STAGE_MODEL_THRESHOLD,1,10.332781673991121,7.232
STAGE_MODEL_THRESHOLD,1,10.384042524994584,10.823
STAGE_MODEL_THRESHOLD,1,10.436671712988755,10.823
STAGE_MODEL_THRESHOLD,1,10.48810455299099,10.133
STAGE_MODEL_THRESHOLD,1,10.538640321989078,10.133
STAGE_MODEL_THRESHOLD,1,10.589627020002808,10.071
STAGE_MODEL_THRESHOLD,1,10.640477173990803,10.071
STAGE_MODEL_THRESHOLD,1,10.691138630005298,10.686
STAGE_MODEL_THRESHOLD,1,10.742698860005476,9.449
STAGE_MODEL_THRESHOLD,1,10.794432379014324,11.375
STAGE_MODEL_THRESHOLD,1,10.854609472007724,10.094
STAGE_MODEL_THRESHOLD,1,10.905078183015576,10.094
STAGE_MODEL_THRESHOLD,1,10.955582791008055,10.916
STAGE_MODEL_THRESHOLD,1,11.008747034997214,10.916
STAGE_MODEL_THRESHOLD,1,11.059945479995804,12.93
STAGE_MODEL_THRESHOLD,1,11.112386179011082,12.93
STAGE_MODEL_THRESHOLD,1,11.163721582008293,10.087
STAGE_MODEL_THRESHOLD,1,11.21434234600747,10.087
STAGE_MODEL_THRESHOLD,1,11.26489657399361,10.081
STAGE_MODEL_THRESHOLD,1,11.315590451995376,10.081
STAGE_MODEL_THRESHOLD,1,11.366155177005567,10.08
STAGE_MODEL_THRESHOLD,1,11.416681060014525,10.08
STAGE_MODEL_THRESHOLD,1,11.467157753999345,10.073
STAGE_MODEL_THRESHOLD,1,11.517722229997162,10.073
STAGE_MODEL_THRESHOLD,1,11.568276153004263,10.082
STAGE_MODEL_THRESHOLD,1,11.618721567007015,10.082
STAGE_MODEL_THRESHOLD,1,11.669241436989978,9.839
STAGE_MODEL_THRESHOLD,1,11.725242143002106,9.839
STAGE_MODEL_THRESHOLD,1,11.776647699007299,10.114
STAGE_MODEL_THRESHOLD,1,11.827141552988905,10.114
STAGE_MODEL_THRESHOLD,1,11.877549539000029,10.068
STAGE_MODEL_THRESHOLD,1,11.927986732014688,10.068
STAGE_MODEL_THRESHOLD,1,11.97844402201008,10.057
STAGE_MODEL_THRESHOLD,1,12.028834891010774,10.057
STAGE_MODEL_THRESHOLD,1,12.079282482998678,9.797
STAGE_MODEL_THRESHOLD,1,12.130945044016698,9.797
STAGE_MODEL_THRESHOLD,1,12.183270492998417,10.143
STAGE_MODEL_THRESHOLD,1,12.23371841799235,10.143
STAGE_MODEL_THRESHOLD,1,12.284492184990086,10.092
STAGE_MODEL_THRESHOLD,1,12.33503596301307,10.092
STAGE_MODEL_THRESHOLD,1,12.38584100001026,19.157
STAGE_MODEL_THRESHOLD,1,12.437259842001367,19.157
STAGE_MODEL_THRESHOLD,1,12.488673573010601,9.956
STAGE_MODEL_THRESHOLD,1,12.539139583008364,9.956
STAGE_MODEL_THRESHOLD,1,12.590009261009982,10.163
STAGE_MODEL_THRESHOLD,1,12.644116593990475,10.163
STAGE_MODEL_THRESHOLD,1,12.696024528995622,10.09
STAGE_MODEL_THRESHOLD,1,12.746692112006713,10.551
STAGE_MODEL_THRESHOLD,1,12.799649460997898,10.551
STAGE_MODEL_THRESHOLD,1,12.851057191001019,10.114
STAGE_MODEL_THRESHOLD,1,12.901746933988761,10.114
STAGE_MODEL_THRESHOLD,1,12.95260110500385,10.104
STAGE_MODEL_THRESHOLD,1,13.003121838992229,10.104
STAGE_MODEL_THRESHOLD,1,13.053750813996885,10.268
STAGE_MODEL_THRESHOLD,1,13.105273699009558,10.268
STAGE_MODEL_THRESHOLD,1,13.15808577099233,10.178
STAGE_MODEL_THRESHOLD,1,13.20862263799063,10.178
STAGE_MODEL_THRESHOLD,1,13.259453434991883,10.124
STAGE_MODEL_THRESHOLD,1,13.310084197990363,10.124
STAGE_MODEL_THRESHOLD,1,13.36060785499285,10.106
STAGE_MODEL_THRESHOLD,1,13.411203322000802,10.106
STAGE_MODEL_THRESHOLD,1,13.461941381014185,10.124
STAGE_MODEL_THRESHOLD,1,13.512618141015992,10.124
STAGE_MODEL_THRESHOLD,1,13.563542382995365,12.575
STAGE_MODEL_THRESHOLD,1,13.615040737990057,12.575
STAGE_MODEL_THRESHOLD,1,13.66929720400367,9.92
STAGE_MODEL_THRESHOLD,1,13.720073319011135,9.92
STAGE_MODEL_THRESHOLD,1,13.77069056101027,10.019
STAGE_MODEL_THRESHOLD,1,13.821351872000378,10.019
STAGE_MODEL_THRESHOLD,1,13.871949644002598,10.062
STAGE_MODEL_THRESHOLD,1,13.922588065004675,10.062
STAGE_MODEL_THRESHOLD,1,13.973136396001792,10.072
STAGE_MODEL_THRESHOLD,1,14.0237027760013,10.072
STAGE_MODEL_THRESHOLD,1,14.074294886988355,10.068
STAGE_MODEL_THRESHOLD,1,14.124853446002817,10.068
STAGE_MODEL_THRESHOLD,1,14.175781185011147,10.071
STAGE_MODEL_THRESHOLD,1,14.226243209996028,10.071
STAGE_MODEL_THRESHOLD,1,14.276970336009981,10.075
STAGE_MODEL_THRESHOLD,1,14.327868819003925,10.075
STAGE_MODEL_THRESHOLD,1,14.378504624997731,10.077
STAGE_MODEL_THRESHOLD,1,14.429715022997698,10.077
STAGE_MODEL_THRESHOLD,1,14.480302406009287,10.08
STAGE_MODEL_THRESHOLD,1,14.531324984011007,10.08
STAGE_MODEL_THRESHOLD,1,14.5819382960035,10.078
STAGE_MODEL_THRESHOLD,1,14.632577176002087,10.078
STAGE_MODEL_THRESHOLD,1,14.683306649996666,10.079
STAGE_MODEL_THRESHOLD,1,14.733885661000386,10.079
STAGE_MODEL_THRESHOLD,1,14.784418672992615,10.093
STAGE_MODEL_THRESHOLD,1,14.835200389992679,10.093
STAGE_MODEL_THRESHOLD,1,14.885820007009897,10.093
STAGE_MODEL_THRESHOLD,1,14.936232792999363,10.093
STAGE_MODEL_THRESHOLD,1,14.987106476008194,10.084
STAGE_MODEL_THRESHOLD,1,15.03776801499771,10.084
STAGE_MODEL_THRESHOLD,1,15.088346409989754,10.078
STAGE_MODEL_THRESHOLD,1,15.138885363994632,10.078
STAGE_MODEL_THRESHOLD,1,15.189846249006223,10.081
STAGE_MODEL_THRESHOLD,1,15.240514598001027,10.081
STAGE_MODEL_THRESHOLD,1,15.29141989100026,10.081
STAGE_MODEL_THRESHOLD,1,15.342047757992987,10.081
STAGE_MODEL_THRESHOLD,1,15.39250869199168,10.084
STAGE_MODEL_THRESHOLD,1,15.443121648015222,10.084
STAGE_MODEL_THRESHOLD,1,15.493905845010886,10.094
STAGE_MODEL_THRESHOLD,1,15.544519674003823,10.091
STAGE_MODEL_THRESHOLD,1,15.595123083010549,10.091
STAGE_MODEL_THRESHOLD,1,15.645712455007015,10.091
STAGE_MODEL_THRESHOLD,1,15.696460314007709,10.091
STAGE_MODEL_THRESHOLD,1,15.747297132009408,10.094
STAGE_MODEL_THRESHOLD,1,15.797834872006206,10.094
STAGE_MODEL_THRESHOLD,1,15.848497861006763,10.091
STAGE_MODEL_THRESHOLD,1,15.899205230991356,10.091
STAGE_MODEL_THRESHOLD,1,15.94990937699913,10.088
STAGE_MODEL_THRESHOLD,1,16.00050875399029,10.088
STAGE_MODEL_THRESHOLD,1,16.051383901998634,10.086
STAGE_MODEL_THRESHOLD,1,16.102340760000516,10.086
STAGE_MODEL_THRESHOLD,1,16.152977566991467,10.09
STAGE_MODEL_THRESHOLD,1,16.203427764005028,10.09
STAGE_MODEL_THRESHOLD,1,16.25382855499629,10.082
STAGE_MODEL_THRESHOLD,1,16.304526232008357,10.082
STAGE_MODEL_THRESHOLD,1,16.35511936500552,10.081
STAGE_MODEL_THRESHOLD,1,16.405871643015416,10.081
STAGE_MODEL_THRESHOLD,1,16.456521673011594,10.081
STAGE_MODEL_THRESHOLD,1,16.50704823099659,10.081
STAGE_MODEL_THRESHOLD,1,16.55778618599288,10.066
STAGE_MODEL_THRESHOLD,1,16.608345713000745,10.066
STAGE_MODEL_THRESHOLD,1,16.658968456991715,10.067
STAGE_MODEL_THRESHOLD,1,16.70952260500053,10.067
STAGE_MODEL_THRESHOLD,1,16.760032805002993,10.066
STAGE_MODEL_THRESHOLD,1,16.810685402015224,10.066
STAGE_MODEL_THRESHOLD,1,16.86131157001364,10.057
STAGE_MODEL_THRESHOLD,1,16.911815450002905,10.057
STAGE_MODEL_THRESHOLD,1,16.962312838004436,10.055
STAGE_MODEL_THRESHOLD,1,17.012997809011722,10.055
STAGE_MODEL_THRESHOLD,1,17.063659394014394,10.05
STAGE_MODEL_THRESHOLD,1,17.11428329499904,10.05
STAGE_MODEL_THRESHOLD,1,17.165221759001724,10.057
STAGE_MODEL_THRESHOLD,1,17.215800316014793,10.057
STAGE_MODEL_THRESHOLD,1,17.266458238998894,10.059
STAGE_MODEL_THRESHOLD,1,17.31741703901207,10.059
STAGE_MODEL_THRESHOLD,1,17.36816580098821,10.064
STAGE_MODEL_THRESHOLD,1,17.418893516995013,10.064
STAGE_MODEL_THRESHOLD,1,17.469424329989124,10.062
STAGE_MODEL_THRESHOLD,1,17.52039399999194,10.062
STAGE_MODEL_THRESHOLD,1,17.57091969999601,10.058
STAGE_MODEL_THRESHOLD,1,17.621351789013715,10.058
STAGE_MODEL_THRESHOLD,1,17.671909405005863,10.056
STAGE_MODEL_THRESHOLD,1,17.722614158003125,10.056
STAGE_MODEL_THRESHOLD,1,17.773133603011956,10.054
STAGE_MODEL_THRESHOLD,1,17.823665263014846,10.054
STAGE_MODEL_THRESHOLD,1,17.874135257996386,10.055
STAGE_MODEL_THRESHOLD,1,17.924586636014283,10.055
STAGE_MODEL_THRESHOLD,1,17.975046345993178,10.065
STAGE_MODEL_THRESHOLD,1,18.0256400090002,10.065
STAGE_MODEL_THRESHOLD,1,18.076444453006843,10.061
STAGE_MODEL_THRESHOLD,1,18.127091939997626,10.061
STAGE_MODEL_THRESHOLD,1,18.177808464010013,10.075
STAGE_MODEL_THRESHOLD,1,18.228845247998834,10.075
STAGE_MODEL_THRESHOLD,1,18.279491933004465,10.077
STAGE_MODEL_THRESHOLD,1,18.330177302006632,10.077
STAGE_MODEL_THRESHOLD,1,18.380821664992254,10.078
STAGE_MODEL_THRESHOLD,1,18.43141223001294,10.078
STAGE_MODEL_THRESHOLD,1,18.48215254000388,10.079
STAGE_MODEL_THRESHOLD,1,18.532881087012356,10.079
STAGE_MODEL_THRESHOLD,1,18.583408378995955,10.085
STAGE_MODEL_THRESHOLD,1,18.634036202012794,10.085
STAGE_MODEL_THRESHOLD,1,18.68457265399047,10.093
STAGE_MODEL_THRESHOLD,1,18.73522772200522,10.093
STAGE_MODEL_THRESHOLD,1,18.78634825599147,10.17
STAGE_MODEL_THRESHOLD,1,18.84360623799148,10.034
STAGE_MODEL_THRESHOLD,1,18.894181812007446,10.034
STAGE_MODEL_THRESHOLD,1,18.944689953990746,9.301
STAGE_MODEL_THRESHOLD,1,18.995742489991244,9.301
STAGE_MODEL_THRESHOLD,1,19.048685159010347,10.131
STAGE_MODEL_THRESHOLD,1,19.099110931012547,10.131
STAGE_MODEL_THRESHOLD,1,19.149487115995726,10.106
STAGE_MODEL_THRESHOLD,1,19.19992161000846,10.106
STAGE_MODEL_THRESHOLD,1,19.25033466599416,9.597
STAGE_MODEL_THRESHOLD,1,19.302913195017027,9.597
STAGE_MODEL_THRESHOLD,1,19.357089491008082,8.792
STAGE_MODEL_THRESHOLD,1,19.408362671994837,8.792
STAGE_MODEL_THRESHOLD,1,19.46036358299898,10.071
STAGE_MODEL_THRESHOLD,1,19.510732889000792,10.071
STAGE_MODEL_THRESHOLD,1,19.561169466003776,14.556
STAGE_MODEL_THRESHOLD,1,19.615468778007198,14.556
STAGE_MODEL_THRESHOLD,1,19.666604994010413,10.094
STAGE_MODEL_THRESHOLD,1,19.717217680008616,10.094
STAGE_MODEL_THRESHOLD,1,19.76775893100421,10.123
STAGE_MODEL_THRESHOLD,1,19.818356097996002,10.123
STAGE_MODEL_THRESHOLD,1,19.868890835990896,9.665
STAGE_MODEL_THRESHOLD,1,19.920166652998887,9.665
STAGE_MODEL_THRESHOLD,1,19.97337220600457,10.053
STAGE_MODEL_THRESHOLD,1,20.026046653016238,10.053
STAGE_MODEL_THRESHOLD,1,20.076572220015805,10.422
STAGE_MODEL_THRESHOLD,1,20.13023259100737,10.422
STAGE_MODEL_THRESHOLD,1,20.181521141988924,10.016
STAGE_MODEL_THRESHOLD,1,20.23204838199308,10.016
STAGE_MODEL_THRESHOLD,1,20.28269302501576,10.004
STAGE_MODEL_THRESHOLD,1,20.333456293010386,10.004
STAGE_MODEL_THRESHOLD,1,20.384197295003105,10.008
STAGE_MODEL_THRESHOLD,1,20.43478877499001,10.008
STAGE_MODEL_THRESHOLD,1,20.485583163012052,10.009
STAGE_MODEL_THRESHOLD,1,20.53628329600906,10.009
STAGE_MODEL_THRESHOLD,1,20.586907641001744,8.332
STAGE_MODEL_THRESHOLD,1,20.639404160989216,8.332
STAGE_MODEL_THRESHOLD,1,20.694038082001498,10.169
STAGE_MODEL_THRESHOLD,1,20.744523232016945,10.079
STAGE_MODEL_THRESHOLD,1,20.79504985100357,10.079
STAGE_MODEL_THRESHOLD,1,20.845547775999876,10.085
STAGE_MODEL_THRESHOLD,1,20.89594989400939,10.085
STAGE_MODEL_THRESHOLD,1,20.94639003399061,10.09
STAGE_MODEL_THRESHOLD,1,20.997115765989292,10.09
STAGE_MODEL_THRESHOLD,1,21.047697552014142,10.093
STAGE_MODEL_THRESHOLD,1,21.09833936599898,10.093
STAGE_MODEL_THRESHOLD,1,21.14900456299074,10.091
STAGE_MODEL_THRESHOLD,1,21.20180008900934,10.091
STAGE_MODEL_THRESHOLD,1,21.261711272003595,10.095
STAGE_MODEL_THRESHOLD,1,21.31211140198866,10.095
STAGE_MODEL_THRESHOLD,1,21.362543793016812,10.031
STAGE_MODEL_THRESHOLD,1,21.415721911995206,11.191
STAGE_MODEL_THRESHOLD,1,21.472061772015877,9.385
STAGE_MODEL_THRESHOLD,1,21.523280422989046,9.385
STAGE_MODEL_THRESHOLD,1,21.575418277003337,9.988
STAGE_MODEL_THRESHOLD,1,21.62609899000381,9.988
STAGE_MODEL_THRESHOLD,1,21.676630047004437,10.669
STAGE_MODEL_THRESHOLD,1,21.728735059004975,10.669
STAGE_MODEL_THRESHOLD,1,21.77994373900583,9.988
STAGE_MODEL_THRESHOLD,1,21.8305969889916,9.988
STAGE_MODEL_THRESHOLD,1,21.881369376002112,8.211
STAGE_MODEL_THRESHOLD,1,21.932786088000285,8.211
STAGE_MODEL_THRESHOLD,1,21.984806205000496,10.034
STAGE_MODEL_THRESHOLD,1,22.035418938990915,10.034
STAGE_MODEL_THRESHOLD,1,22.085778618988115,10.038
STAGE_MODEL_THRESHOLD,1,22.13637828399078,10.038
STAGE_MODEL_THRESHOLD,1,22.186748217995046,10.033
STAGE_MODEL_THRESHOLD,1,22.23726773200906,10.033
STAGE_MODEL_THRESHOLD,1,22.287686536990805,10.049
STAGE_MODEL_THRESHOLD,1,22.338287146005314,10.049
STAGE_MODEL_THRESHOLD,1,22.38880032801535,9.621
STAGE_MODEL_THRESHOLD,1,22.440126703993883,9.621
STAGE_MODEL_THRESHOLD,1,22.494017880992033,8.974
STAGE_MODEL_THRESHOLD,1,22.545989475998795,10.303
STAGE_MODEL_THRESHOLD,1,22.59755215299083,10.303
STAGE_MODEL_THRESHOLD,1,22.653513211000245,10.093
STAGE_MODEL_THRESHOLD,1,22.703940898994915,10.093
STAGE_MODEL_THRESHOLD,1,22.75446513100178,10.106
STAGE_MODEL_THRESHOLD,1,22.8049387439969,10.106
STAGE_MODEL_THRESHOLD,1,22.863198731996818,10.514
STAGE_MODEL_THRESHOLD,1,22.91445617901627,10.514
STAGE_MODEL_THRESHOLD,1,22.968308778014034,10.083
STAGE_MODEL_THRESHOLD,1,23.018761996005196,10.083
STAGE_MODEL_THRESHOLD,1,23.07726609101519,8.06
STAGE_MODEL_THRESHOLD,1,23.128375808009878,8.06
STAGE_MODEL_THRESHOLD,1,23.182858374988427,10.145
STAGE_MODEL_THRESHOLD,1,23.23345294399769,10.145
STAGE_MODEL_THRESHOLD,1,23.28401362101431,14.966
STAGE_MODEL_THRESHOLD,1,23.33780971801025,14.966
STAGE_MODEL_THRESHOLD,1,23.388899401004892,10.502
STAGE_MODEL_THRESHOLD,1,23.43929701799061,10.502
STAGE_MODEL_THRESHOLD,1,23.489850051002577,10.373
STAGE_MODEL_THRESHOLD,1,23.54042497300543,10.373
STAGE_MODEL_THRESHOLD,1,23.59087217898923,10.254
STAGE_MODEL_THRESHOLD,1,23.642394599999534,10.107
STAGE_MODEL_THRESHOLD,1,23.700141987006646,10.111
STAGE_MODEL_THRESHOLD,1,23.750830072007375,10.099
STAGE_MODEL_THRESHOLD,1,23.802275012014434,10.099
STAGE_MODEL_THRESHOLD,1,23.854946277017007,10.046
STAGE_MODEL_THRESHOLD,1,23.905398495990084,10.046
STAGE_MODEL_THRESHOLD,1,23.956069039995782,10.036
STAGE_MODEL_THRESHOLD,1,24.006598247011425,10.036
STAGE_MODEL_THRESHOLD,1,24.064033255010145,10.627
STAGE_MODEL_THRESHOLD,1,24.115451863006456,10.627
STAGE_MODEL_THRESHOLD,1,24.168838270998094,10.075
STAGE_MODEL_THRESHOLD,1,24.2193996529968,10.075
STAGE_MODEL_THRESHOLD,1,24.27970527499565,7.893
STAGE_MODEL_THRESHOLD,1,24.33132069298881,7.893
STAGE_MODEL_THRESHOLD,1,24.385199557989836,9.987
STAGE_MODEL_THRESHOLD,1,24.435775152989663,15.341
STAGE_MODEL_THRESHOLD,1,24.49846380201052,15.341
STAGE_MODEL_THRESHOLD,1,24.549591446004342,19.06
STAGE_MODEL_THRESHOLD,1,24.600918061012635,19.06
STAGE_MODEL_THRESHOLD,1,24.652133180003148,9.828
STAGE_MODEL_THRESHOLD,1,24.70251904000179,9.828
STAGE_MODEL_THRESHOLD,1,24.753009233012563,9.963
STAGE_MODEL_THRESHOLD,1,24.803451696992852,9.963
STAGE_MODEL_THRESHOLD,1,24.85383817300317,9.774
STAGE_MODEL_THRESHOLD,1,24.906616437016055,9.774
STAGE_MODEL_THRESHOLD,1,24.958721328992397,10.079
STAGE_MODEL_THRESHOLD,1,25.009450645011384,10.079
STAGE_MODEL_THRESHOLD,1,25.06018180999672,10.065
STAGE_MODEL_THRESHOLD,1,25.110733317007544,10.065
STAGE_MODEL_THRESHOLD,1,25.161238235014025,10.069
STAGE_MODEL_THRESHOLD,1,25.211832833010703,10.069
STAGE_MODEL_THRESHOLD,1,25.262284805998206,10.194
STAGE_MODEL_THRESHOLD,1,25.31517870799871,10.194
STAGE_MODEL_THRESHOLD,1,25.366484758997103,9.965
STAGE_MODEL_THRESHOLD,1,25.417669117014157,9.965
STAGE_MODEL_THRESHOLD,1,25.46822612901451,10.1
STAGE_MODEL_THRESHOLD,1,25.518829879991245,10.1
STAGE_MODEL_THRESHOLD,1,25.569322463998105,8.812
STAGE_MODEL_THRESHOLD,1,25.62052155699348,8.812
STAGE_MODEL_THRESHOLD,1,25.673122519016033,10.078
STAGE_MODEL_THRESHOLD,1,25.72368915900006,10.078
STAGE_MODEL_THRESHOLD,1,25.774486673995852,14.781
STAGE_MODEL_THRESHOLD,1,25.828232519008452,14.781
STAGE_MODEL_THRESHOLD,1,25.87980981200235,9.438
STAGE_MODEL_THRESHOLD,1,25.93029878201196,9.438
STAGE_MODEL_THRESHOLD,1,25.980984052992426,11.037
STAGE_MODEL_THRESHOLD,1,26.032483944989508,11.037
STAGE_MODEL_THRESHOLD,1,26.08512392101693,10.22
STAGE_MODEL_THRESHOLD,1,26.136454393010354,10.22
STAGE_MODEL_THRESHOLD,1,26.188928679999663,10.995
STAGE_MODEL_THRESHOLD,1,26.240516065008705,9.436
STAGE_MODEL_THRESHOLD,1,26.2917886810028,11.547
STAGE_MODEL_THRESHOLD,1,26.34343519998947,8.922
STAGE_MODEL_THRESHOLD,1,26.39524547199835,8.922
STAGE_MODEL_THRESHOLD,1,26.448426421004115,10.051
STAGE_MODEL_THRESHOLD,1,26.49901482599671,10.051
STAGE_MODEL_THRESHOLD,1,26.549819225998363,10.024
STAGE_MODEL_THRESHOLD,1,26.602628124994226,10.024
STAGE_MODEL_THRESHOLD,1,26.653902370017022,10.061
STAGE_MODEL_THRESHOLD,1,26.704589689994464,10.061
STAGE_MODEL_THRESHOLD,1,26.755147292016773,7.073
STAGE_MODEL_THRESHOLD,1,26.806546225998318,7.073
STAGE_MODEL_THRESHOLD,1,26.85868899099296,10.037
STAGE_MODEL_THRESHOLD,1,26.909419589996105,10.037
STAGE_MODEL_THRESHOLD,1,26.960168960999,11.277
STAGE_MODEL_THRESHOLD,1,27.017904784996063,11.277
STAGE_MODEL_THRESHOLD,1,27.06912727400777,10.679
STAGE_MODEL_THRESHOLD,1,27.119537846010644,10.679
STAGE_MODEL_THRESHOLD,1,27.170064964011544,10.364
STAGE_MODEL_THRESHOLD,1,27.220614043995738,10.364
STAGE_MODEL_THRESHOLD,1,27.27119784199749,10.05
STAGE_MODEL_THRESHOLD,1,27.322367164015304,10.05
STAGE_MODEL_THRESHOLD,1,27.376429126015864,10.086
STAGE_MODEL_THRESHOLD,1,27.427001937991008,10.086
STAGE_MODEL_THRESHOLD,1,27.477455157990335,10.103
STAGE_MODEL_THRESHOLD,1,27.52807617900544,10.103
STAGE_MODEL_THRESHOLD,1,27.5785772879899,10.044
STAGE_MODEL_THRESHOLD,1,27.629159014002653,10.044
STAGE_MODEL_THRESHOLD,1,27.67986582001322,10.076
STAGE_MODEL_THRESHOLD,1,27.73035632801475,10.076
STAGE_MODEL_THRESHOLD,1,27.780984162003733,10.056
STAGE_MODEL_THRESHOLD,1,27.831646764010657,10.056
STAGE_MODEL_THRESHOLD,1,27.882278189994395,8.873
STAGE_MODEL_THRESHOLD,1,27.935353828012012,8.873
STAGE_MODEL_THRESHOLD,1,27.99164651799947,10.173
STAGE_MODEL_THRESHOLD,1,28.042232592997607,10.085
STAGE_MODEL_THRESHOLD,1,28.092670128011378,10.085
STAGE_MODEL_THRESHOLD,1,28.143097815016517,8.644
STAGE_MODEL_THRESHOLD,1,28.194561354001053,8.644
STAGE_MODEL_THRESHOLD,1,28.25198406900745,19.162
STAGE_MODEL_THRESHOLD,1,28.309733583999332,19.162
STAGE_MODEL_THRESHOLD,1,28.361471910990076,9.586
STAGE_MODEL_THRESHOLD,1,28.4122499889927,9.586
STAGE_MODEL_THRESHOLD,1,28.46279907700955,9.865
STAGE_MODEL_THRESHOLD,1,28.513431389001198,9.865
STAGE_MODEL_THRESHOLD,1,28.564172365993727,10.178
STAGE_MODEL_THRESHOLD,1,28.61624189800932,10.178
STAGE_MODEL_THRESHOLD,1,28.667866327014053,10.198
STAGE_MODEL_THRESHOLD,1,28.7185190890159,10.198
STAGE_MODEL_THRESHOLD,1,28.769112420995953,10.098
STAGE_MODEL_THRESHOLD,1,28.819853683002293,10.098
STAGE_MODEL_THRESHOLD,1,28.870467820990598,10.101
STAGE_MODEL_THRESHOLD,1,28.921252050990006,10.101
STAGE_MODEL_THRESHOLD,1,28.97190869701444,10.078
STAGE_MODEL_THRESHOLD,1,29.02231562801171,10.078
STAGE_MODEL_THRESHOLD,1,29.072872357006418,9.985
STAGE_MODEL_THRESHOLD,1,29.12337464999291,9.985
STAGE_MODEL_THRESHOLD,1,29.174032095004804,10.004
STAGE_MODEL_THRESHOLD,1,29.224530487990705,10.004
STAGE_MODEL_THRESHOLD,1,29.275108403002378,10.011
STAGE_MODEL_THRESHOLD,1,29.32581059000222,10.011
STAGE_MODEL_THRESHOLD,1,29.376398471009452,10.017
STAGE_MODEL_THRESHOLD,1,29.427056012005778,10.017
STAGE_MODEL_THRESHOLD,1,29.477619937999407,10.017
STAGE_MODEL_THRESHOLD,1,29.52864622301422,10.017
STAGE_MODEL_THRESHOLD,1,29.579348658997333,10.019
STAGE_MODEL_THRESHOLD,1,29.630219649989158,10.019
STAGE_MODEL_THRESHOLD,1,29.680843876005383,10.026
STAGE_MODEL_THRESHOLD,1,29.731352295988472,10.026
STAGE_MODEL_THRESHOLD,1,29.781975896010408,10.014
STAGE_MODEL_THRESHOLD,1,29.8326098890102,10.014
STAGE_MODEL_THRESHOLD,1,29.88307005300885,10.023
STAGE_MODEL_THRESHOLD,1,29.933539688994642,10.023
STAGE_MODEL_THRESHOLD,1,29.984251568006584,10.021
BASELINE_IDLE,2,0.0015980559983290732,4.691
BASELINE_IDLE,2,0.05254788199090399,4.691
BASELINE_IDLE,2,0.10348070299369283,4.691
BASELINE_IDLE,2,0.1544099689926952,4.691
BASELINE_IDLE,2,0.20546314399689436,4.691
BASELINE_IDLE,2,0.25619324497529306,4.691
BASELINE_IDLE,2,0.30714950399124064,4.691
BASELINE_IDLE,2,0.35813865598174743,4.691
BASELINE_IDLE,2,0.40941545797977597,4.691
BASELINE_IDLE,2,0.4605817559931893,4.691
BASELINE_IDLE,2,0.5115223839820828,4.691
BASELINE_IDLE,2,0.5623643779836129,4.691
BASELINE_IDLE,2,0.6133026869792957,4.691
BASELINE_IDLE,2,0.6642683259851765,4.691
BASELINE_IDLE,2,0.7150340160005726,4.691
BASELINE_IDLE,2,0.7664278559968807,4.691
BASELINE_IDLE,2,0.8179745159868617,4.691
BASELINE_IDLE,2,0.8688598009757698,4.691
BASELINE_IDLE,2,0.9202332189888693,2.675
BASELINE_IDLE,2,0.9711217059812043,2.675
BASELINE_IDLE,2,1.0223997999855783,2.675
BASELINE_IDLE,2,1.0735912449890748,2.675
BASELINE_IDLE,2,1.124700310989283,2.675
BASELINE_IDLE,2,1.1761416049848776,2.675
BASELINE_IDLE,2,1.2274507849942893,2.675
BASELINE_IDLE,2,1.278419837995898,2.675
BASELINE_IDLE,2,1.3298307169752661,2.675
BASELINE_IDLE,2,1.3810297869786154,2.675
BASELINE_IDLE,2,1.4320585789973848,2.675
BASELINE_IDLE,2,1.4832828429935034,2.675
BASELINE_IDLE,2,1.5342885149875656,2.675
BASELINE_IDLE,2,1.5853864649834577,2.675
BASELINE_IDLE,2,1.6365604129969142,2.675
BASELINE_IDLE,2,1.6876857519964688,2.675
BASELINE_IDLE,2,1.7387021349859424,2.675
BASELINE_IDLE,2,1.7898497929854784,2.675
BASELINE_IDLE,2,1.8406503869919106,2.675
BASELINE_IDLE,2,1.8916415369894821,2.675
BASELINE_IDLE,2,1.9427491809765343,1.682
BASELINE_IDLE,2,1.9936051160038915,1.682
BASELINE_IDLE,2,2.0450052419910207,1.682
BASELINE_IDLE,2,2.09615776699502,1.682
BASELINE_IDLE,2,2.1473102169984486,1.682
BASELINE_IDLE,2,2.198290834989166,1.682
BASELINE_IDLE,2,2.2492592060007155,1.682
BASELINE_IDLE,2,2.3003516779863276,1.682
BASELINE_IDLE,2,2.351594092993764,1.682
BASELINE_IDLE,2,2.4024436979962047,1.682
BASELINE_IDLE,2,2.453430200985167,1.682
BASELINE_IDLE,2,2.5044397419842426,1.682
BASELINE_IDLE,2,2.555311857984634,1.682
BASELINE_IDLE,2,2.6062345079844818,1.682
BASELINE_IDLE,2,2.6568064719904214,1.682
BASELINE_IDLE,2,2.707653681980446,1.682
BASELINE_IDLE,2,2.758597074978752,1.682
BASELINE_IDLE,2,2.8095706759777386,1.682
BASELINE_IDLE,2,2.8605122859880794,1.682
BASELINE_IDLE,2,2.9115326530009042,1.676
BASELINE_IDLE,2,2.9623113199777436,1.676
BASELINE_IDLE,2,3.0130970559839625,1.676
BASELINE_IDLE,2,3.063926407980034,1.676
BASELINE_IDLE,2,3.1146442689932883,1.676
BASELINE_IDLE,2,3.165617120976094,1.676
BASELINE_IDLE,2,3.2164727799827233,1.676
BASELINE_IDLE,2,3.267178882000735,1.676
BASELINE_IDLE,2,3.3180494339903817,1.676
BASELINE_IDLE,2,3.3689588449778967,1.676
BASELINE_IDLE,2,3.419896584993694,1.676
BASELINE_IDLE,2,3.4709258539951406,1.676
BASELINE_IDLE,2,3.5217606669757515,1.676
BASELINE_IDLE,2,3.5725468729797285,1.676
BASELINE_IDLE,2,3.623371692985529,1.676
BASELINE_IDLE,2,3.6743891520018224,1.676
BASELINE_IDLE,2,3.7253150929755066,1.676
BASELINE_IDLE,2,3.7764049469842575,1.676
BASELINE_IDLE,2,3.827472498000134,1.676
BASELINE_IDLE,2,3.87815619900357,1.676
BASELINE_IDLE,2,3.9290113750030287,1.665
BASELINE_IDLE,2,3.9859689829754643,1.665
BASELINE_IDLE,2,4.0368769859778695,1.665
BASELINE_IDLE,2,4.087929978995817,1.665
BASELINE_IDLE,2,4.13879944497603,1.665
BASELINE_IDLE,2,4.189756059990032,1.665
BASELINE_IDLE,2,4.240543784981128,1.665
BASELINE_IDLE,2,4.29128641099669,1.665
BASELINE_IDLE,2,4.342043548997026,1.665
BASELINE_IDLE,2,4.400013771984959,1.665
BASELINE_IDLE,2,4.450964897987433,1.665
BASELINE_IDLE,2,4.501985081995372,1.665
BASELINE_IDLE,2,4.552965109993238,1.665
BASELINE_IDLE,2,4.603848794999067,1.665
BASELINE_IDLE,2,4.6545365279889666,1.665
BASELINE_IDLE,2,4.705594684986863,1.665
BASELINE_IDLE,2,4.756491651991382,1.665
BASELINE_IDLE,2,4.807449097977951,1.665
BASELINE_IDLE,2,4.858058866986539,1.665
BASELINE_IDLE,2,4.908934193983441,1.67
BASELINE_IDLE,2,4.960632803995395,1.67
BASELINE_IDLE,2,5.012686885980656,3.009
BASELINE_IDLE,2,5.064700856979471,3.009
BASELINE_IDLE,2,5.116209611995146,1.701
BASELINE_IDLE,2,5.16772652399959,1.701
BASELINE_IDLE,2,5.219827114982763,2.431
BASELINE_IDLE,2,5.2714188559912145,2.431
BASELINE_IDLE,2,5.3233872129931115,1.722
BASELINE_IDLE,2,5.378489984985208,1.722
BASELINE_IDLE,2,5.43010251497617,1.874
BASELINE_IDLE,2,5.486495709978044,1.874
BASELINE_IDLE,2,5.537984321999829,1.686
BASELINE_IDLE,2,5.596965278004063,1.686
BASELINE_IDLE,2,5.648476556001697,1.847
BASELINE_IDLE,2,5.705264308984624,1.741
BASELINE_IDLE,2,5.757289000990568,1.741
BASELINE_IDLE,2,5.809238371002721,1.632
BASELINE_IDLE,2,5.860851883975556,1.632
BASELINE_IDLE,2,5.912474537995877,1.858
BASELINE_IDLE,2,5.963973202975467,1.858
BASELINE_IDLE,2,6.015764747979119,1.705
BASELINE_IDLE,2,6.068119627976557,1.705
BASELINE_IDLE,2,6.119677129987394,1.688
BASELINE_IDLE,2,6.1717711139936,1.688
BASELINE_IDLE,2,6.223803318978753,2.47
BASELINE_IDLE,2,6.275767012994038,2.47
BASELINE_IDLE,2,6.3280703779892065,1.715
BASELINE_IDLE,2,6.379558972985251,1.715
BASELINE_IDLE,2,6.431796588003635,2.477
BASELINE_IDLE,2,6.483393069996964,2.477
BASELINE_IDLE,2,6.535466950997943,1.741
BASELINE_IDLE,2,6.586806966981385,1.741
BASELINE_IDLE,2,6.638276254991069,1.923
BASELINE_IDLE,2,6.690116017998662,1.923
BASELINE_IDLE,2,6.742087336984696,1.642
BASELINE_IDLE,2,6.794686609995551,1.642
BASELINE_IDLE,2,6.846678374975454,1.762
BASELINE_IDLE,2,6.8985293169971555,1.762
BASELINE_IDLE,2,6.950040956988232,1.681
BASELINE_IDLE,2,7.002036379999481,1.639
BASELINE_IDLE,2,7.05384049899294,1.639
BASELINE_IDLE,2,7.1058458519983105,1.768
BASELINE_IDLE,2,7.157816079998156,1.768
BASELINE_IDLE,2,7.209662085981108,1.613
BASELINE_IDLE,2,7.261956289992668,1.613
BASELINE_IDLE,2,7.313722938997671,1.661
BASELINE_IDLE,2,7.36520538199693,1.661
BASELINE_IDLE,2,7.416763243993046,2.482
BASELINE_IDLE,2,7.46835097798612,2.482
BASELINE_IDLE,2,7.5198963479779195,1.685
BASELINE_IDLE,2,7.571995170990704,1.685
BASELINE_IDLE,2,7.6236479399958625,1.603
BASELINE_IDLE,2,7.675447795976652,1.603
BASELINE_IDLE,2,7.727256889978889,1.732
BASELINE_IDLE,2,7.779317927983357,1.732
BASELINE_IDLE,2,7.831005095998989,1.641
BASELINE_IDLE,2,7.882857478980441,1.641
BASELINE_IDLE,2,7.935000651981682,1.698
BASELINE_IDLE,2,7.986450903001241,1.698
BASELINE_IDLE,2,8.037866544997087,1.67
BASELINE_IDLE,2,8.089588003000244,1.67
BASELINE_IDLE,2,8.142165430996101,1.685
BASELINE_IDLE,2,8.194377281994093,1.685
BASELINE_IDLE,2,8.246537995000836,1.66
BASELINE_IDLE,2,8.298217215982731,1.662
BASELINE_IDLE,2,8.350540614977945,1.662
BASELINE_IDLE,2,8.402148109977134,1.948
BASELINE_IDLE,2,8.45382396999048,1.948
BASELINE_IDLE,2,8.505722945003072,2.181
BASELINE_IDLE,2,8.557910017989343,2.181
BASELINE_IDLE,2,8.610081284976332,2.843
BASELINE_IDLE,2,8.66247171300347,2.843
BASELINE_IDLE,2,8.714674966991879,1.77
BASELINE_IDLE,2,8.766970284981653,1.77
BASELINE_IDLE,2,8.819263746001525,1.647
BASELINE_IDLE,2,8.871888309979113,1.647
BASELINE_IDLE,2,8.924357340991264,1.721
BASELINE_IDLE,2,8.97680251498241,1.721
BASELINE_IDLE,2,9.029077740997309,1.697
BASELINE_IDLE,2,9.081394541979535,1.697
BASELINE_IDLE,2,9.133777958981227,1.65
BASELINE_IDLE,2,9.193012056988664,1.65
BASELINE_IDLE,2,9.245455450000009,1.778
BASELINE_IDLE,2,9.296931467979448,1.778
BASELINE_IDLE,2,9.348600915982388,1.704
BASELINE_IDLE,2,9.400367361988174,1.611
BASELINE_IDLE,2,9.45210281497566,1.611
BASELINE_IDLE,2,9.504489707003813,1.701
BASELINE_IDLE,2,9.556256899988512,1.701
BASELINE_IDLE,2,9.607785169995623,1.658
BASELINE_IDLE,2,9.660504122002749,1.658
BASELINE_IDLE,2,9.712819051987026,1.727
BASELINE_IDLE,2,9.76549573597731,1.727
BASELINE_IDLE,2,9.817854930995964,1.666
BASELINE_IDLE,2,9.87020798100275,1.666
BASELINE_IDLE,2,9.92227294499753,1.726
BASELINE_IDLE,2,9.97449587698793,1.726
BASELINE_IDLE,2,10.02630717799184,1.748
BASELINE_IDLE,2,10.078474076988641,1.748
BASELINE_IDLE,2,10.130736080987845,1.701
BASELINE_IDLE,2,10.182539554982213,1.701
BASELINE_IDLE,2,10.234957982989727,1.868
BASELINE_IDLE,2,10.287393396982225,1.868
BASELINE_IDLE,2,10.339631757989991,1.72
BASELINE_IDLE,2,10.391957858984824,1.72
BASELINE_IDLE,2,10.444369574979646,1.664
BASELINE_IDLE,2,10.496836058999179,1.664
BASELINE_IDLE,2,10.54914094999549,1.717
BASELINE_IDLE,2,10.601403007982299,1.647
BASELINE_IDLE,2,10.65330247397651,1.647
BASELINE_IDLE,2,10.70504805399105,1.704
BASELINE_IDLE,2,10.756708978995448,1.704
BASELINE_IDLE,2,10.80863694299478,1.632
BASELINE_IDLE,2,10.860301090986468,1.632
BASELINE_IDLE,2,10.912018686998636,1.707
BASELINE_IDLE,2,10.963081089983461,1.707
BASELINE_IDLE,2,11.014014824992046,1.707
BASELINE_IDLE,2,11.06493663098081,1.707
BASELINE_IDLE,2,11.115781342989067,1.707
BASELINE_IDLE,2,11.166654603002826,1.707
BASELINE_IDLE,2,11.217569168977207,1.707
BASELINE_IDLE,2,11.268567224004073,1.707
BASELINE_IDLE,2,11.319525265978882,1.707
BASELINE_IDLE,2,11.370451361988671,1.707
BASELINE_IDLE,2,11.421885702002328,1.707
BASELINE_IDLE,2,11.472998593992088,1.707
BASELINE_IDLE,2,11.524273855990032,1.707
BASELINE_IDLE,2,11.57522444499773,1.707
BASELINE_IDLE,2,11.626202874991577,1.707
BASELINE_IDLE,2,11.677122861001408,1.707
BASELINE_IDLE,2,11.727940486976877,1.707
BASELINE_IDLE,2,11.779180687997723,1.707
BASELINE_IDLE,2,11.830273571977159,1.707
BASELINE_IDLE,2,11.881192304979777,1.707
BASELINE_IDLE,2,11.932232685998315,1.689
BASELINE_IDLE,2,11.983082802995341,1.689
BASELINE_IDLE,2,12.034148470003856,1.689
BASELINE_IDLE,2,12.085043297003722,1.689
BASELINE_IDLE,2,12.136235558980843,1.689
BASELINE_IDLE,2,12.187676787987584,1.689
BASELINE_IDLE,2,12.239206172991544,1.689
BASELINE_IDLE,2,12.290110528003424,1.689
BASELINE_IDLE,2,12.341055038996274,1.689
BASELINE_IDLE,2,12.392043228988769,1.689
BASELINE_IDLE,2,12.44291750297998,1.689
BASELINE_IDLE,2,12.49374214198906,1.689
BASELINE_IDLE,2,12.54486534598982,1.689
BASELINE_IDLE,2,12.596025887003634,1.689
BASELINE_IDLE,2,12.647288737003691,1.689
BASELINE_IDLE,2,12.69790776798618,1.689
BASELINE_IDLE,2,12.748557744984282,1.689
BASELINE_IDLE,2,12.799331451999024,1.689
BASELINE_IDLE,2,12.850141559989424,1.689
BASELINE_IDLE,2,12.901162952999584,1.675
BASELINE_IDLE,2,12.952275532996282,1.675
BASELINE_IDLE,2,13.003491151990602,1.675
BASELINE_IDLE,2,13.054491992981639,1.675
BASELINE_IDLE,2,13.105541651981184,1.675
BASELINE_IDLE,2,13.15663061698433,1.675
BASELINE_IDLE,2,13.20805044498411,1.675
BASELINE_IDLE,2,13.259350059001008,1.675
BASELINE_IDLE,2,13.310829305992229,1.675
BASELINE_IDLE,2,13.361846282001352,1.675
BASELINE_IDLE,2,13.412875943002291,1.675
BASELINE_IDLE,2,13.463851381995482,1.675
BASELINE_IDLE,2,13.515025086002424,1.675
BASELINE_IDLE,2,13.566802433982957,1.675
BASELINE_IDLE,2,13.618060207983945,1.675
BASELINE_IDLE,2,13.669012048980221,1.675
BASELINE_IDLE,2,13.720058353996137,1.675
BASELINE_IDLE,2,13.771298048988683,1.675
BASELINE_IDLE,2,13.822365038999123,1.675
BASELINE_IDLE,2,13.873444345983444,1.675
BASELINE_IDLE,2,13.92460452800151,1.672
BASELINE_IDLE,2,13.975530920986785,1.672
BASELINE_IDLE,2,14.027153278992046,1.672
BASELINE_IDLE,2,14.07842464899295,1.672
BASELINE_IDLE,2,14.129470633983146,1.672
BASELINE_IDLE,2,14.180681020981865,1.672
BASELINE_IDLE,2,14.231808575976174,1.672
BASELINE_IDLE,2,14.283075150975492,1.672
BASELINE_IDLE,2,14.334076133993221,1.672
BASELINE_IDLE,2,14.38512721497682,1.672
BASELINE_IDLE,2,14.436241105984664,1.672
BASELINE_IDLE,2,14.487506261997623,1.672
BASELINE_IDLE,2,14.538367006985936,1.672
BASELINE_IDLE,2,14.589451131992973,1.672
BASELINE_IDLE,2,14.64055418598582,1.672
BASELINE_IDLE,2,14.691701463976642,1.672
BASELINE_IDLE,2,14.744288446992869,1.672
BASELINE_IDLE,2,14.795317525975406,1.672
BASELINE_IDLE,2,14.84653757099295,1.672
BASELINE_IDLE,2,14.8978224429884,1.672
BASELINE_IDLE,2,14.949070552975172,1.667
BASELINE_IDLE,2,15.000120860000607,1.667
STAGE_MODEL_INFER,2,0.0017387700208928436,1.667
STAGE_MODEL_INFER,2,0.05285414101672359,1.693
STAGE_MODEL_INFER,2,0.10376759502105415,1.888
STAGE_MODEL_INFER,2,0.15474417401128449,1.888
STAGE_MODEL_INFER,2,0.20574139500968158,2.137
STAGE_MODEL_INFER,2,0.25686378101818264,2.137
STAGE_MODEL_INFER,2,0.3076790840132162,2.415
STAGE_MODEL_INFER,2,0.3582918680040166,2.415
STAGE_MODEL_INFER,2,0.40916935401037335,2.645
STAGE_MODEL_INFER,2,0.4595635090081487,3.904
STAGE_MODEL_INFER,2,0.5100992330117151,3.904
STAGE_MODEL_INFER,2,0.5608039170037955,4.68
STAGE_MODEL_INFER,2,0.6118518230214249,4.68
STAGE_MODEL_INFER,2,0.6624999660125468,5.377
STAGE_MODEL_INFER,2,0.7131216720154043,5.377
STAGE_MODEL_INFER,2,0.7639212520152796,6.008
STAGE_MODEL_INFER,2,0.8145286060171202,6.008
STAGE_MODEL_INFER,2,0.86514160502702,11.46
STAGE_MODEL_INFER,2,0.9157938249991275,11.46
STAGE_MODEL_INFER,2,0.9663486880017444,11.999
STAGE_MODEL_INFER,2,1.0168862950231414,11.999
STAGE_MODEL_INFER,2,1.0675592240004335,14.125
STAGE_MODEL_INFER,2,1.1179832810012158,14.125
STAGE_MODEL_INFER,2,1.1685827570036054,14.887
STAGE_MODEL_INFER,2,1.2191145190154202,14.887
STAGE_MODEL_INFER,2,1.2696590310079046,15.957
STAGE_MODEL_INFER,2,1.3200896140187979,15.957
STAGE_MODEL_INFER,2,1.370649560005404,17.021
STAGE_MODEL_INFER,2,1.4213662660040427,17.021
STAGE_MODEL_INFER,2,1.47199836402433,18.139
STAGE_MODEL_INFER,2,1.5225379840121605,18.139
STAGE_MODEL_INFER,2,1.5732082890172023,17.369
STAGE_MODEL_INFER,2,1.6238418350112624,17.369
STAGE_MODEL_INFER,2,1.6745434600161389,17.401
STAGE_MODEL_INFER,2,1.7252539310138673,17.401
STAGE_MODEL_INFER,2,1.7759116200031713,17.404
STAGE_MODEL_INFER,2,1.826432845002273,17.404
STAGE_MODEL_INFER,2,1.8770823480153922,17.412
STAGE_MODEL_INFER,2,1.9281797330186237,17.412
STAGE_MODEL_INFER,2,1.9789390220248606,17.405
STAGE_MODEL_INFER,2,2.0295278420089744,17.405
STAGE_MODEL_INFER,2,2.0804030170256738,17.41
STAGE_MODEL_INFER,2,2.131231920007849,17.41
STAGE_MODEL_INFER,2,2.1818575890210923,17.397
STAGE_MODEL_INFER,2,2.2324472820037045,17.397
STAGE_MODEL_INFER,2,2.2831971020204946,17.405
STAGE_MODEL_INFER,2,2.334035928011872,17.405
STAGE_MODEL_INFER,2,2.3851637270126957,17.398
STAGE_MODEL_INFER,2,2.435778165003285,17.398
STAGE_MODEL_INFER,2,2.4865881650184747,16.813
STAGE_MODEL_INFER,2,2.5371203170216177,16.813
STAGE_MODEL_INFER,2,2.588219415018102,16.12
STAGE_MODEL_INFER,2,2.638828024006216,16.12
STAGE_MODEL_INFER,2,2.689350473025115,15.444
STAGE_MODEL_INFER,2,2.7401486599992495,15.444
STAGE_MODEL_INFER,2,2.790963311010273,14.758
STAGE_MODEL_INFER,2,2.841606643021805,14.758
STAGE_MODEL_INFER,2,2.8920573290088214,13.745
STAGE_MODEL_INFER,2,2.942570279003121,13.745
STAGE_MODEL_INFER,2,2.993036073021358,13.387
STAGE_MODEL_INFER,2,3.043655323010171,13.387
STAGE_MODEL_INFER,2,3.09463193002739,12.727
STAGE_MODEL_INFER,2,3.145665991003625,12.02
STAGE_MODEL_INFER,2,3.1963135240075644,12.02
STAGE_MODEL_INFER,2,3.246871096023824,11.313
STAGE_MODEL_INFER,2,3.2974080280109774,11.313
STAGE_MODEL_INFER,2,3.348201232001884,10.604
STAGE_MODEL_INFER,2,3.3987857950269245,10.604
STAGE_MODEL_INFER,2,3.4492615820199717,10.604
STAGE_MODEL_INFER,2,3.499938581022434,9.767
STAGE_MODEL_INFER,2,3.550628608005354,9.767
STAGE_MODEL_INFER,2,3.6014967460068874,9.742
STAGE_MODEL_INFER,2,3.652170784014743,9.742
STAGE_MODEL_INFER,2,3.70265809900593,9.721
STAGE_MODEL_INFER,2,3.7534055020078085,9.692
STAGE_MODEL_INFER,2,3.8039251880254596,9.692
STAGE_MODEL_INFER,2,3.8545391780207865,9.675
STAGE_MODEL_INFER,2,3.9050827940227464,9.675
STAGE_MODEL_INFER,2,3.9556369350175373,9.661
STAGE_MODEL_INFER,2,4.0061013320228085,9.661
STAGE_MODEL_INFER,2,4.056645479024155,9.645
STAGE_MODEL_INFER,2,4.10725988302147,9.645
STAGE_MODEL_INFER,2,4.157703343022149,9.651
STAGE_MODEL_INFER,2,4.2081438029999845,9.651
STAGE_MODEL_INFER,2,4.25862777500879,9.663
STAGE_MODEL_INFER,2,4.309299908025423,9.663
STAGE_MODEL_INFER,2,4.359768240014091,9.663
STAGE_MODEL_INFER,2,4.410378313012188,9.663
STAGE_MODEL_INFER,2,4.460999579023337,10.274
STAGE_MODEL_INFER,2,4.512323842005571,10.274
STAGE_MODEL_INFER,2,4.56873820401961,13.82
STAGE_MODEL_INFER,2,4.6248676649993286,13.82
STAGE_MODEL_INFER,2,4.676424244011287,17.463
STAGE_MODEL_INFER,2,4.72823222502484,17.463
STAGE_MODEL_INFER,2,4.783773725008359,9.735
STAGE_MODEL_INFER,2,4.834427580004558,9.735
STAGE_MODEL_INFER,2,4.885079155006679,9.738
STAGE_MODEL_INFER,2,4.935692206025124,9.738
STAGE_MODEL_INFER,2,4.986215321026975,9.756
STAGE_MODEL_INFER,2,5.036843206005869,9.756
STAGE_MODEL_INFER,2,5.087437807000242,9.753
STAGE_MODEL_INFER,2,5.137971996999113,9.753
STAGE_MODEL_INFER,2,5.188424442021642,9.759
STAGE_MODEL_INFER,2,5.239087305002613,9.759
STAGE_MODEL_INFER,2,5.2898224140226375,9.577
STAGE_MODEL_INFER,2,5.34156029400765,9.577
STAGE_MODEL_INFER,2,5.393005707999691,9.791
STAGE_MODEL_INFER,2,5.4435757840110455,9.791
STAGE_MODEL_INFER,2,5.493993311014492,11.19
STAGE_MODEL_INFER,2,5.545649865001906,9.835
STAGE_MODEL_INFER,2,5.606014520017197,9.829
STAGE_MODEL_INFER,2,5.656555194000248,9.878
STAGE_MODEL_INFER,2,5.706960465002339,9.878
STAGE_MODEL_INFER,2,5.757351005013334,9.863
STAGE_MODEL_INFER,2,5.807828413002426,9.863
STAGE_MODEL_INFER,2,5.858250212011626,9.869
STAGE_MODEL_INFER,2,5.908899288013345,9.869
STAGE_MODEL_INFER,2,5.959415809018537,9.855
STAGE_MODEL_INFER,2,6.010302033013431,9.855
STAGE_MODEL_INFER,2,6.060829515015939,9.862
STAGE_MODEL_INFER,2,6.11147823400097,9.862
STAGE_MODEL_INFER,2,6.16215491402545,9.844
STAGE_MODEL_INFER,2,6.21282518299995,9.844
STAGE_MODEL_INFER,2,6.263354683003854,9.856
STAGE_MODEL_INFER,2,6.313893281010678,9.856
STAGE_MODEL_INFER,2,6.3647204260050785,10.644
STAGE_MODEL_INFER,2,6.4177397770108655,10.644
STAGE_MODEL_INFER,2,6.475343481026357,9.781
STAGE_MODEL_INFER,2,6.5261039130273275,9.781
STAGE_MODEL_INFER,2,6.576651695999317,9.855
STAGE_MODEL_INFER,2,6.630546138010686,9.855
STAGE_MODEL_INFER,2,6.681957585009513,9.903
STAGE_MODEL_INFER,2,6.732623637013603,9.903
STAGE_MODEL_INFER,2,6.783354388026055,10.988
STAGE_MODEL_INFER,2,6.834652090008603,10.318
STAGE_MODEL_INFER,2,6.886024571023881,9.007
STAGE_MODEL_INFER,2,6.941275974008022,9.007
STAGE_MODEL_INFER,2,6.99260485600098,9.881
STAGE_MODEL_INFER,2,7.043102774012368,9.881
STAGE_MODEL_INFER,2,7.093544287024997,14.766
STAGE_MODEL_INFER,2,7.146037752012489,6.748
STAGE_MODEL_INFER,2,7.216868103016168,6.748
STAGE_MODEL_INFER,2,7.2681459140148945,10.141
STAGE_MODEL_INFER,2,7.318756791006308,10.141
STAGE_MODEL_INFER,2,7.369355956005165,10.043
STAGE_MODEL_INFER,2,7.420127223012969,10.043
STAGE_MODEL_INFER,2,7.470829248020891,10.127
STAGE_MODEL_INFER,2,7.522270132001722,10.127
STAGE_MODEL_INFER,2,7.578687864006497,9.868
STAGE_MODEL_INFER,2,7.629337115009548,9.868
STAGE_MODEL_INFER,2,7.679993196012219,9.921
STAGE_MODEL_INFER,2,7.730364907009061,9.921
STAGE_MODEL_INFER,2,7.780867621011566,9.935
STAGE_MODEL_INFER,2,7.831394809007179,9.935
STAGE_MODEL_INFER,2,7.881886033021146,9.953
STAGE_MODEL_INFER,2,7.932350712013431,9.953
STAGE_MODEL_INFER,2,7.983161330019357,10.229
STAGE_MODEL_INFER,2,8.035799132019747,10.229
STAGE_MODEL_INFER,2,8.092712397017749,9.98
STAGE_MODEL_INFER,2,8.14339791200473,9.98
STAGE_MODEL_INFER,2,8.193913623021217,9.597
STAGE_MODEL_INFER,2,8.245417173020542,10.005
STAGE_MODEL_INFER,2,8.298468919005245,9.996
STAGE_MODEL_INFER,2,8.349097473022994,10.002
STAGE_MODEL_INFER,2,8.399651181010995,10.002
STAGE_MODEL_INFER,2,8.450192648015218,9.984
STAGE_MODEL_INFER,2,8.500662015023408,9.984
STAGE_MODEL_INFER,2,8.551360500016017,9.971
STAGE_MODEL_INFER,2,8.60201230601524,9.971
STAGE_MODEL_INFER,2,8.652651972020976,9.58
STAGE_MODEL_INFER,2,8.703984154009959,9.58
STAGE_MODEL_INFER,2,8.757850854017306,10.423
STAGE_MODEL_INFER,2,8.808459069026867,10.423
STAGE_MODEL_INFER,2,8.859379571018508,10.416
STAGE_MODEL_INFER,2,8.911988155014114,11.221
STAGE_MODEL_INFER,2,8.965917708002962,9.237
STAGE_MODEL_INFER,2,9.017295651021414,10.516
STAGE_MODEL_INFER,2,9.070155443012482,9.576
STAGE_MODEL_INFER,2,9.121727431018371,9.576
STAGE_MODEL_INFER,2,9.173774401016999,10.051
STAGE_MODEL_INFER,2,9.224600409012055,10.051
STAGE_MODEL_INFER,2,9.27542061501299,10.029
STAGE_MODEL_INFER,2,9.325997230014764,10.029
STAGE_MODEL_INFER,2,9.381195033027325,8.538
STAGE_MODEL_INFER,2,9.432736629998544,10.304
STAGE_MODEL_INFER,2,9.484498991019791,8.881
STAGE_MODEL_INFER,2,9.536227545002475,8.881
STAGE_MODEL_INFER,2,9.58888746300363,10.086
STAGE_MODEL_INFER,2,9.639447067020228,10.086
STAGE_MODEL_INFER,2,9.690235833026236,10.095
STAGE_MODEL_INFER,2,9.740846360014984,10.095
STAGE_MODEL_INFER,2,9.79171726302593,10.069
STAGE_MODEL_INFER,2,9.84250194602646,10.069
STAGE_MODEL_INFER,2,9.893538462027209,10.55
STAGE_MODEL_INFER,2,9.945581229025265,9.951
STAGE_MODEL_INFER,2,10.003514290001476,9.951
STAGE_MODEL_INFER,2,10.060389219026547,10.114
STAGE_MODEL_INFER,2,10.110991313005798,10.114
STAGE_MODEL_INFER,2,10.161607943999115,10.076
STAGE_MODEL_INFER,2,10.218760140007362,10.003
STAGE_MODEL_INFER,2,10.27608519201749,9.667
STAGE_MODEL_INFER,2,10.32726253400324,9.667
STAGE_MODEL_INFER,2,10.379127912019612,10.062
STAGE_MODEL_INFER,2,10.429810708010336,10.062
STAGE_MODEL_INFER,2,10.480390061013168,10.677
STAGE_MODEL_INFER,2,10.531835218018387,10.677
STAGE_MODEL_INFER,2,10.588451196003007,10.047
STAGE_MODEL_INFER,2,10.638935110007878,10.047
STAGE_MODEL_INFER,2,10.690025056013837,10.04
STAGE_MODEL_INFER,2,10.740831358009018,10.04
STAGE_MODEL_INFER,2,10.791591688001063,10.044
STAGE_MODEL_INFER,2,10.842434921010863,10.044
STAGE_MODEL_INFER,2,10.893160669016652,10.045
STAGE_MODEL_INFER,2,10.943836238002405,10.029
STAGE_MODEL_INFER,2,10.994342518009944,10.029
STAGE_MODEL_INFER,2,11.044992081006058,10.043
STAGE_MODEL_INFER,2,11.09590757600381,10.043
STAGE_MODEL_INFER,2,11.146545152005274,10.042
STAGE_MODEL_INFER,2,11.19727863802109,10.042
STAGE_MODEL_INFER,2,11.248023184016347,10.032
STAGE_MODEL_INFER,2,11.29909525901894,10.032
STAGE_MODEL_INFER,2,11.349801286007278,10.039
STAGE_MODEL_INFER,2,11.400410754024051,10.039
STAGE_MODEL_INFER,2,11.45127829501871,10.041
STAGE_MODEL_INFER,2,11.501861472002929,10.041
STAGE_MODEL_INFER,2,11.552737659018021,10.045
STAGE_MODEL_INFER,2,11.603319141024258,10.045
STAGE_MODEL_INFER,2,11.65374574600719,10.046
STAGE_MODEL_INFER,2,11.704227160022128,10.046
STAGE_MODEL_INFER,2,11.754836881998926,10.041
STAGE_MODEL_INFER,2,11.805333215015708,10.041
STAGE_MODEL_INFER,2,11.855832665023627,10.042
STAGE_MODEL_INFER,2,11.906655572005548,10.042
STAGE_MODEL_INFER,2,11.957218937022844,10.041
STAGE_MODEL_INFER,2,12.00780628999928,10.041
STAGE_MODEL_INFER,2,12.058442308014492,10.043
STAGE_MODEL_INFER,2,12.10909087100299,10.043
STAGE_MODEL_INFER,2,12.159619168000063,10.036
STAGE_MODEL_INFER,2,12.210282259009546,10.036
STAGE_MODEL_INFER,2,12.260874614003114,10.04
STAGE_MODEL_INFER,2,12.311543801013613,10.04
STAGE_MODEL_INFER,2,12.362046660011401,10.041
STAGE_MODEL_INFER,2,12.412532559013925,10.041
STAGE_MODEL_INFER,2,12.463203138002427,10.034
STAGE_MODEL_INFER,2,12.51396074402146,10.034
STAGE_MODEL_INFER,2,12.564564955013338,10.03
STAGE_MODEL_INFER,2,12.61507749100565,10.03
STAGE_MODEL_INFER,2,12.665728938009124,10.025
STAGE_MODEL_INFER,2,12.71647038302035,10.025
STAGE_MODEL_INFER,2,12.767151469015516,8.843
STAGE_MODEL_INFER,2,12.824470549006946,8.843
STAGE_MODEL_INFER,2,12.875843631016323,10.108
STAGE_MODEL_INFER,2,12.92638411000371,10.108
STAGE_MODEL_INFER,2,12.976946664013667,10.547
STAGE_MODEL_INFER,2,13.028192085999763,10.547
STAGE_MODEL_INFER,2,13.084793744026683,10.053
STAGE_MODEL_INFER,2,13.135908609023318,10.053
STAGE_MODEL_INFER,2,13.186625154019566,10.044
STAGE_MODEL_INFER,2,13.237164368998492,10.044
STAGE_MODEL_INFER,2,13.288109989021905,10.028
STAGE_MODEL_INFER,2,13.338866708014393,10.028
STAGE_MODEL_INFER,2,13.389321125025162,10.043
STAGE_MODEL_INFER,2,13.439846439025132,10.043
STAGE_MODEL_INFER,2,13.490888538013678,10.036
STAGE_MODEL_INFER,2,13.541542359016603,10.036
STAGE_MODEL_INFER,2,13.592427666008007,10.038
STAGE_MODEL_INFER,2,13.643051609018585,10.034
STAGE_MODEL_INFER,2,13.693833232013276,10.034
STAGE_MODEL_INFER,2,13.744448622019263,10.024
STAGE_MODEL_INFER,2,13.795233731012559,10.024
STAGE_MODEL_INFER,2,13.845878876018105,10.023
STAGE_MODEL_INFER,2,13.8963717110164,10.023
STAGE_MODEL_INFER,2,13.94693589801318,10.027
STAGE_MODEL_INFER,2,13.997612813021988,10.027
STAGE_MODEL_INFER,2,14.04819179000333,10.034
STAGE_MODEL_INFER,2,14.098906494007679,10.034
STAGE_MODEL_INFER,2,14.149942126008682,10.027
STAGE_MODEL_INFER,2,14.200431560020661,10.027
STAGE_MODEL_INFER,2,14.2510674619989,10.022
STAGE_MODEL_INFER,2,14.301780995010631,10.022
STAGE_MODEL_INFER,2,14.352375737013062,10.028
STAGE_MODEL_INFER,2,14.403020898025716,10.028
STAGE_MODEL_INFER,2,14.453723770013312,10.03
STAGE_MODEL_INFER,2,14.504374298005132,10.03
STAGE_MODEL_INFER,2,14.555044826003723,10.029
STAGE_MODEL_INFER,2,14.605806260020472,10.029
STAGE_MODEL_INFER,2,14.656411400006618,10.028
STAGE_MODEL_INFER,2,14.706937543000095,10.028
STAGE_MODEL_INFER,2,14.757501635001972,10.024
STAGE_MODEL_INFER,2,14.808027348015457,10.024
STAGE_MODEL_INFER,2,14.858582468004897,10.046
STAGE_MODEL_INFER,2,14.909162791009294,10.046
STAGE_MODEL_INFER,2,14.959739461017307,10.044
STAGE_MODEL_INFER,2,15.010279685026035,10.044
STAGE_MODEL_INFER,2,15.060988820012426,10.039
STAGE_MODEL_INFER,2,15.11155106901424,10.039
STAGE_MODEL_INFER,2,15.162071842001751,9.005
STAGE_MODEL_INFER,2,15.213331813021796,9.005
STAGE_MODEL_INFER,2,15.26580145600019,10.013
STAGE_MODEL_INFER,2,15.316461077018175,10.013
STAGE_MODEL_INFER,2,15.367305710999062,10.241
STAGE_MODEL_INFER,2,15.422318160010036,10.241
STAGE_MODEL_INFER,2,15.473774831014453,10.017
STAGE_MODEL_INFER,2,15.524446925002849,10.017
STAGE_MODEL_INFER,2,15.5764600430266,7.353
STAGE_MODEL_INFER,2,15.627607349015307,7.353
STAGE_MODEL_INFER,2,15.681784915010212,10.061
STAGE_MODEL_INFER,2,15.732423185021617,10.061
STAGE_MODEL_INFER,2,15.783014301006915,10.052
STAGE_MODEL_INFER,2,15.833732172002783,10.052
STAGE_MODEL_INFER,2,15.88441362301819,10.022
STAGE_MODEL_INFER,2,15.935337095026625,10.022
STAGE_MODEL_INFER,2,15.985920962004457,9.8
STAGE_MODEL_INFER,2,16.0373252480058,9.8
STAGE_MODEL_INFER,2,16.08883719702135,10.014
STAGE_MODEL_INFER,2,16.1394127770036,10.014
STAGE_MODEL_INFER,2,16.190267993020825,9.996
STAGE_MODEL_INFER,2,16.240877820004243,9.996
STAGE_MODEL_INFER,2,16.291355644003488,10.044
STAGE_MODEL_INFER,2,16.341994587011868,10.044
STAGE_MODEL_INFER,2,16.392510186007712,10.042
STAGE_MODEL_INFER,2,16.446779500023695,9.162
STAGE_MODEL_INFER,2,16.497976311016828,9.162
STAGE_MODEL_INFER,2,16.551734569016844,10.086
STAGE_MODEL_INFER,2,16.60236871300731,10.086
STAGE_MODEL_INFER,2,16.652989195019472,10.028
STAGE_MODEL_INFER,2,16.70345605100738,10.028
STAGE_MODEL_INFER,2,16.754310935008107,10.094
STAGE_MODEL_INFER,2,16.804918926005485,10.094
STAGE_MODEL_INFER,2,16.855475953023415,10.072
STAGE_MODEL_INFER,2,16.90599817901966,10.072
STAGE_MODEL_INFER,2,16.956499454012373,10.081
STAGE_MODEL_INFER,2,17.006868176016724,10.081
STAGE_MODEL_INFER,2,17.057394724019105,10.077
STAGE_MODEL_INFER,2,17.108101150020957,10.077
STAGE_MODEL_INFER,2,17.15876627599937,10.072
STAGE_MODEL_INFER,2,17.209358200023416,10.072
STAGE_MODEL_INFER,2,17.25984612602042,10.073
STAGE_MODEL_INFER,2,17.310371511004632,10.073
STAGE_MODEL_INFER,2,17.360782889008988,10.061
STAGE_MODEL_INFER,2,17.411335898999823,10.061
STAGE_MODEL_INFER,2,17.46209308601101,10.062
STAGE_MODEL_INFER,2,17.512800592026906,10.062
STAGE_MODEL_INFER,2,17.56348960401374,10.056
STAGE_MODEL_INFER,2,17.614006748015527,10.056
STAGE_MODEL_INFER,2,17.664586235012393,10.054
STAGE_MODEL_INFER,2,17.715071536018513,10.054
STAGE_MODEL_INFER,2,17.765866207017098,10.061
STAGE_MODEL_INFER,2,17.816307908011368,10.061
STAGE_MODEL_INFER,2,17.867166690004524,10.048
STAGE_MODEL_INFER,2,17.91786161402706,10.048
STAGE_MODEL_INFER,2,17.968313782999758,10.04
STAGE_MODEL_INFER,2,18.018806289008353,10.04
STAGE_MODEL_INFER,2,18.06926844100235,7.034
STAGE_MODEL_INFER,2,18.12449433002621,7.034
STAGE_MODEL_INFER,2,18.176105791004375,10.026
STAGE_MODEL_INFER,2,18.227061459008837,10.026
STAGE_MODEL_INFER,2,18.27817684202455,13.635
STAGE_MODEL_INFER,2,18.32987579802284,13.635
STAGE_MODEL_INFER,2,18.382083035015967,9.911
STAGE_MODEL_INFER,2,18.43291856200085,9.911
STAGE_MODEL_INFER,2,18.483651739021298,9.993
STAGE_MODEL_INFER,2,18.534155100001954,9.993
STAGE_MODEL_INFER,2,18.58488089000457,10.036
STAGE_MODEL_INFER,2,18.63620654202532,10.036
STAGE_MODEL_INFER,2,18.692069653014187,10.249
STAGE_MODEL_INFER,2,18.743738614022732,9.917
STAGE_MODEL_INFER,2,18.79445565500646,9.917
STAGE_MODEL_INFER,2,18.845165981008904,9.965
STAGE_MODEL_INFER,2,18.895703300018795,9.965
STAGE_MODEL_INFER,2,18.94948589699925,9.455
STAGE_MODEL_INFER,2,19.001618684007553,9.842
STAGE_MODEL_INFER,2,19.065803963021608,10.031
STAGE_MODEL_INFER,2,19.117114913009573,10.031
STAGE_MODEL_INFER,2,19.170097427006112,10.037
STAGE_MODEL_INFER,2,19.220574921026127,10.037
STAGE_MODEL_INFER,2,19.278395996021573,6.869
STAGE_MODEL_INFER,2,19.32986013800837,6.869
STAGE_MODEL_INFER,2,19.383693341020262,10.039
STAGE_MODEL_INFER,2,19.43425298301736,10.039
STAGE_MODEL_INFER,2,19.48473836501944,11.955
STAGE_MODEL_INFER,2,19.537745656998595,11.955
STAGE_MODEL_INFER,2,19.58909412502544,9.971
STAGE_MODEL_INFER,2,19.639703502005432,9.971
STAGE_MODEL_INFER,2,19.69018560301629,14.124
STAGE_MODEL_INFER,2,19.741262305004057,9.543
STAGE_MODEL_INFER,2,19.79553608200513,9.543
STAGE_MODEL_INFER,2,19.84667563601397,10.012
STAGE_MODEL_INFER,2,19.897271798021393,10.012
STAGE_MODEL_INFER,2,19.94779202301288,9.987
STAGE_MODEL_INFER,2,19.99826268700417,9.987
STAGE_MODEL_INFER,2,20.048765244020615,10.007
STAGE_MODEL_INFER,2,20.099352826015092,10.007
STAGE_MODEL_INFER,2,20.149992404010845,10.005
STAGE_MODEL_INFER,2,20.20041439202032,10.005
STAGE_MODEL_INFER,2,20.252294957026606,9.577
STAGE_MODEL_INFER,2,20.306881012016675,10.251
STAGE_MODEL_INFER,2,20.369694662018446,10.027
STAGE_MODEL_INFER,2,20.421065997012192,10.621
STAGE_MODEL_INFER,2,20.47234563800157,8.466
STAGE_MODEL_INFER,2,20.52373682599864,8.466
STAGE_MODEL_INFER,2,20.575014571018983,10.046
STAGE_MODEL_INFER,2,20.625552784011234,10.046
STAGE_MODEL_INFER,2,20.676149466016795,7.211
STAGE_MODEL_INFER,2,20.728283055999782,7.211
STAGE_MODEL_INFER,2,20.779592460021377,10.001
STAGE_MODEL_INFER,2,20.830222978023812,10.001
STAGE_MODEL_INFER,2,20.880871921021026,9.996
STAGE_MODEL_INFER,2,20.931348685000557,9.996
STAGE_MODEL_INFER,2,20.981865656009177,10.002
STAGE_MODEL_INFER,2,21.03268043702701,10.002
STAGE_MODEL_INFER,2,21.08327548400848,9.568
STAGE_MODEL_INFER,2,21.13446802602266,9.568
STAGE_MODEL_INFER,2,21.186513093998656,9.989
STAGE_MODEL_INFER,2,21.237037218001205,9.989
STAGE_MODEL_INFER,2,21.287610967003275,9.98
STAGE_MODEL_INFER,2,21.33808795400546,9.98
STAGE_MODEL_INFER,2,21.388456715008942,9.98
STAGE_MODEL_INFER,2,21.441345501021715,8.746
STAGE_MODEL_INFER,2,21.49243933300022,8.746
STAGE_MODEL_INFER,2,21.544011734018568,10.096
STAGE_MODEL_INFER,2,21.5945072210161,10.096
STAGE_MODEL_INFER,2,21.64503459702246,10.034
STAGE_MODEL_INFER,2,21.695586251007626,10.034
STAGE_MODEL_INFER,2,21.745987490023253,10.049
STAGE_MODEL_INFER,2,21.796638701023767,10.049
STAGE_MODEL_INFER,2,21.847188423998887,10.04
STAGE_MODEL_INFER,2,21.89782666802057,10.04
STAGE_MODEL_INFER,2,21.948463738022838,10.003
STAGE_MODEL_INFER,2,21.998969708016375,10.003
STAGE_MODEL_INFER,2,22.04955397802405,10.681
STAGE_MODEL_INFER,2,22.10104773202329,10.681
STAGE_MODEL_INFER,2,22.15787750002346,10.021
STAGE_MODEL_INFER,2,22.2084108540148,10.021
STAGE_MODEL_INFER,2,22.25887314902502,10.005
STAGE_MODEL_INFER,2,22.3124219130259,10.005
STAGE_MODEL_INFER,2,22.363005737017374,9.415
STAGE_MODEL_INFER,2,22.417876393010374,9.415
STAGE_MODEL_INFER,2,22.46937663402059,10.02
STAGE_MODEL_INFER,2,22.519857055012835,10.02
STAGE_MODEL_INFER,2,22.570454902015626,9.386
STAGE_MODEL_INFER,2,22.621924242004752,9.386
STAGE_MODEL_INFER,2,22.677322383999126,9.975
STAGE_MODEL_INFER,2,22.72778554202523,9.975
STAGE_MODEL_INFER,2,22.778335903014522,10.141
STAGE_MODEL_INFER,2,22.83452354601468,9.552
STAGE_MODEL_INFER,2,22.890680403012084,9.981
STAGE_MODEL_INFER,2,22.94263529102318,8.561
STAGE_MODEL_INFER,2,22.995633433019975,8.561
STAGE_MODEL_INFER,2,23.051480276015354,6.709
STAGE_MODEL_INFER,2,23.107153869001195,6.709
STAGE_MODEL_INFER,2,23.15834996200283,7.229
STAGE_MODEL_INFER,2,23.211684981011786,7.229
STAGE_MODEL_INFER,2,23.262988997012144,10.019
STAGE_MODEL_INFER,2,23.313654575002147,10.019
STAGE_MODEL_INFER,2,23.364057593018515,10.019
STAGE_MODEL_INFER,2,23.414539533026982,10.019
STAGE_MODEL_INFER,2,23.46510241299984,10.02
STAGE_MODEL_INFER,2,23.515868492017034,10.02
STAGE_MODEL_INFER,2,23.56644838102511,10.016
STAGE_MODEL_INFER,2,23.6170784610149,10.016
STAGE_MODEL_INFER,2,23.667637742008083,10.016
STAGE_MODEL_INFER,2,23.718155421025585,10.016
STAGE_MODEL_INFER,2,23.76893324800767,8.949
STAGE_MODEL_INFER,2,23.824643663014285,8.949
STAGE_MODEL_INFER,2,23.87602885902743,10.008
STAGE_MODEL_INFER,2,23.92665531701641,10.008
STAGE_MODEL_INFER,2,23.977197199012153,9.568
STAGE_MODEL_INFER,2,24.02875451600994,9.568
STAGE_MODEL_INFER,2,24.0823544410232,10.037
STAGE_MODEL_INFER,2,24.132983156014234,10.037
STAGE_MODEL_INFER,2,24.18355279401294,8.941
STAGE_MODEL_INFER,2,24.2361118660192,8.941
STAGE_MODEL_INFER,2,24.28739257401321,9.914
STAGE_MODEL_INFER,2,24.338530973007437,9.914
STAGE_MODEL_INFER,2,24.391009056998882,6.65
STAGE_MODEL_INFER,2,24.442803172016283,10.118
STAGE_MODEL_INFER,2,24.49387919102446,10.118
STAGE_MODEL_INFER,2,24.544544814008987,10.072
STAGE_MODEL_INFER,2,24.59510531401611,10.072
STAGE_MODEL_INFER,2,24.645675078005297,10.055
STAGE_MODEL_INFER,2,24.696319709008094,10.055
STAGE_MODEL_INFER,2,24.746992473024875,9.673
STAGE_MODEL_INFER,2,24.798378760024207,10.656
STAGE_MODEL_INFER,2,24.850540303013986,9.736
STAGE_MODEL_INFER,2,24.905965353013016,9.736
STAGE_MODEL_INFER,2,24.957274904008955,9.996
STAGE_MODEL_INFER,2,25.007804274006048,9.996
STAGE_MODEL_INFER,2,25.058295950002503,8.712
STAGE_MODEL_INFER,2,25.109643533010967,8.712
STAGE_MODEL_INFER,2,25.16148068199982,10.016
STAGE_MODEL_INFER,2,25.212036119017284,10.016
STAGE_MODEL_INFER,2,25.26247659002547,9.711
STAGE_MODEL_INFER,2,25.32020147802541,10.37
STAGE_MODEL_INFER,2,25.371862897009123,9.343
STAGE_MODEL_INFER,2,25.423092058015754,9.343
STAGE_MODEL_INFER,2,25.47537304100115,9.968
STAGE_MODEL_INFER,2,25.525867945019854,9.968
STAGE_MODEL_INFER,2,25.585144470998785,6.717
STAGE_MODEL_INFER,2,25.63650893702288,6.717
STAGE_MODEL_INFER,2,25.690349017007975,9.973
STAGE_MODEL_INFER,2,25.74094370700186,9.978
STAGE_MODEL_INFER,2,25.79153232401586,9.978
STAGE_MODEL_INFER,2,25.842178962018806,9.996
STAGE_MODEL_INFER,2,25.892758473026333,9.996
STAGE_MODEL_INFER,2,25.94327978900401,9.287
STAGE_MODEL_INFER,2,25.995223820005776,9.287
STAGE_MODEL_INFER,2,26.049599704012508,10.04
STAGE_MODEL_INFER,2,26.10026463502436,10.04
STAGE_MODEL_INFER,2,26.150729620014317,9.632
STAGE_MODEL_INFER,2,26.2036879020161,9.632
STAGE_MODEL_INFER,2,26.25504938000813,10.01
STAGE_MODEL_INFER,2,26.30566111000371,10.01
STAGE_MODEL_INFER,2,26.356106531020487,10.024
STAGE_MODEL_INFER,2,26.406520571006695,10.024
STAGE_MODEL_INFER,2,26.45694865201949,10.022
STAGE_MODEL_INFER,2,26.507443432026776,10.022
STAGE_MODEL_INFER,2,26.557824042014545,9.569
STAGE_MODEL_INFER,2,26.608994658017764,10.388
STAGE_MODEL_INFER,2,26.66972105501918,9.477
STAGE_MODEL_INFER,2,26.72099572600564,9.477
STAGE_MODEL_INFER,2,26.77279133402044,10.1
STAGE_MODEL_INFER,2,26.823244163999334,10.1
STAGE_MODEL_INFER,2,26.873706689017126,10.08
STAGE_MODEL_INFER,2,26.924193634011317,10.08
STAGE_MODEL_INFER,2,26.974674033001065,10.081
STAGE_MODEL_INFER,2,27.025176142022246,10.081
STAGE_MODEL_INFER,2,27.075767711008666,10.116
STAGE_MODEL_INFER,2,27.12639132302138,10.116
STAGE_MODEL_INFER,2,27.176807301002555,10.118
STAGE_MODEL_INFER,2,27.227270972012775,10.118
STAGE_MODEL_INFER,2,27.277795002009952,9.492
STAGE_MODEL_INFER,2,27.333018971025012,9.492
STAGE_MODEL_INFER,2,27.38474669601419,10.114
STAGE_MODEL_INFER,2,27.435264497005846,10.114
STAGE_MODEL_INFER,2,27.48626720602624,10.064
STAGE_MODEL_INFER,2,27.537102652015164,10.064
STAGE_MODEL_INFER,2,27.58786894902005,10.071
STAGE_MODEL_INFER,2,27.63920929701999,10.053
STAGE_MODEL_INFER,2,27.69239420699887,10.059
STAGE_MODEL_INFER,2,27.743036932020914,8.647
STAGE_MODEL_INFER,2,27.79433392500505,8.647
STAGE_MODEL_INFER,2,27.846948984020855,10.038
STAGE_MODEL_INFER,2,27.89741441400838,10.038
STAGE_MODEL_INFER,2,27.94808867201209,9.954
STAGE_MODEL_INFER,2,28.00156929102377,9.954
STAGE_MODEL_INFER,2,28.05343183001969,10.057
STAGE_MODEL_INFER,2,28.103942279005423,10.057
STAGE_MODEL_INFER,2,28.15436656001839,6.178
STAGE_MODEL_INFER,2,28.20608300800086,6.178
STAGE_MODEL_INFER,2,28.259229351009708,8.427
STAGE_MODEL_INFER,2,28.316413051012205,8.427
STAGE_MODEL_INFER,2,28.367730969999684,10.005
STAGE_MODEL_INFER,2,28.41843480602256,10.005
STAGE_MODEL_INFER,2,28.469060403003823,9.996
STAGE_MODEL_INFER,2,28.523357381025562,9.996
STAGE_MODEL_INFER,2,28.574766185018234,10.025
STAGE_MODEL_INFER,2,28.625404665013775,10.025
STAGE_MODEL_INFER,2,28.675915416009957,10.035
STAGE_MODEL_INFER,2,28.72634003701387,10.035
STAGE_MODEL_INFER,2,28.77699986801599,11.087
STAGE_MODEL_INFER,2,28.838357453001663,9.317
STAGE_MODEL_INFER,2,28.889653086022008,9.317
STAGE_MODEL_INFER,2,28.942417114012642,10.049
STAGE_MODEL_INFER,2,28.99291813801392,10.049
STAGE_MODEL_INFER,2,29.054318320006132,9.339
STAGE_MODEL_INFER,2,29.105705250025494,9.339
STAGE_MODEL_INFER,2,29.158219049015315,10.062
STAGE_MODEL_INFER,2,29.20891542901518,10.062
STAGE_MODEL_INFER,2,29.2595031990204,10.068
STAGE_MODEL_INFER,2,29.309974607022014,10.068
STAGE_MODEL_INFER,2,29.360546195006464,6.073
STAGE_MODEL_INFER,2,29.411969867011067,6.073
STAGE_MODEL_INFER,2,29.463360861002002,10.085
STAGE_MODEL_INFER,2,29.513925631006714,10.085
STAGE_MODEL_INFER,2,29.564922283025226,10.075
STAGE_MODEL_INFER,2,29.61550564802019,10.075
STAGE_MODEL_INFER,2,29.666513721022056,10.09
STAGE_MODEL_INFER,2,29.721277266013203,10.09
STAGE_MODEL_INFER,2,29.772565541003132,10.141
STAGE_MODEL_INFER,2,29.823083287017653,10.141
STAGE_MODEL_INFER,2,29.873676904011518,9.409
STAGE_MODEL_INFER,2,29.92491354502272,9.409
STAGE_MODEL_INFER,2,29.97754705301486,10.104
STAGE_MODEL_THRESHOLD,2,0.0010527090053074062,10.104
STAGE_MODEL_THRESHOLD,2,0.05158691399265081,9.645
STAGE_MODEL_THRESHOLD,2,0.12079275900032371,9.688
STAGE_MODEL_THRESHOLD,2,0.17336597098619677,9.688
STAGE_MODEL_THRESHOLD,2,0.2257796649937518,9.957
STAGE_MODEL_THRESHOLD,2,0.2764123759989161,9.957
STAGE_MODEL_THRESHOLD,2,0.334186555002816,9.603
STAGE_MODEL_THRESHOLD,2,0.3854926640051417,9.603
STAGE_MODEL_THRESHOLD,2,0.4392403639794793,10.12
STAGE_MODEL_THRESHOLD,2,0.48983759398106486,10.12
STAGE_MODEL_THRESHOLD,2,0.5405566229892429,10.081
STAGE_MODEL_THRESHOLD,2,0.591637712001102,10.081
STAGE_MODEL_THRESHOLD,2,0.6423766629886813,9.883
STAGE_MODEL_THRESHOLD,2,0.6973962170013692,9.883
STAGE_MODEL_THRESHOLD,2,0.7491440119920298,10.072
STAGE_MODEL_THRESHOLD,2,0.7996192300051916,10.072
STAGE_MODEL_THRESHOLD,2,0.8502409819921013,10.057
STAGE_MODEL_THRESHOLD,2,0.9009226170019247,10.057
STAGE_MODEL_THRESHOLD,2,0.9517712660017423,10.066
STAGE_MODEL_THRESHOLD,2,1.0023378899786621,10.066
STAGE_MODEL_THRESHOLD,2,1.0527511649997905,10.052
STAGE_MODEL_THRESHOLD,2,1.1032105429912917,10.052
STAGE_MODEL_THRESHOLD,2,1.1540071159834042,10.109
STAGE_MODEL_THRESHOLD,2,1.2057012440054677,10.109
STAGE_MODEL_THRESHOLD,2,1.2575857460033149,10.058
STAGE_MODEL_THRESHOLD,2,1.3082534360000864,10.046
STAGE_MODEL_THRESHOLD,2,1.3588743830041494,10.046
STAGE_MODEL_THRESHOLD,2,1.409368352004094,10.05
STAGE_MODEL_THRESHOLD,2,1.4598724569950718,10.05
STAGE_MODEL_THRESHOLD,2,1.5102742259914521,10.06
STAGE_MODEL_THRESHOLD,2,1.5608624960004818,10.06
STAGE_MODEL_THRESHOLD,2,1.611298554984387,10.067
STAGE_MODEL_THRESHOLD,2,1.661895403987728,10.067
STAGE_MODEL_THRESHOLD,2,1.712314536998747,7.566
STAGE_MODEL_THRESHOLD,2,1.7729930329951458,7.566
STAGE_MODEL_THRESHOLD,2,1.827707163989544,7.535
STAGE_MODEL_THRESHOLD,2,1.8788577739906032,7.535
STAGE_MODEL_THRESHOLD,2,1.930098362005083,10.127
STAGE_MODEL_THRESHOLD,2,1.980446415982442,10.127
STAGE_MODEL_THRESHOLD,2,2.030814322992228,12.807
STAGE_MODEL_THRESHOLD,2,2.083099357987521,12.807
STAGE_MODEL_THRESHOLD,2,2.134251929994207,10.391
STAGE_MODEL_THRESHOLD,2,2.1847344010020606,10.391
STAGE_MODEL_THRESHOLD,2,2.2354607049783226,10.206
STAGE_MODEL_THRESHOLD,2,2.2861049420025665,10.206
STAGE_MODEL_THRESHOLD,2,2.3366219780000392,10.162
STAGE_MODEL_THRESHOLD,2,2.3871365239901934,10.162
STAGE_MODEL_THRESHOLD,2,2.4375619479978923,10.141
STAGE_MODEL_THRESHOLD,2,2.4926007719768677,10.141
STAGE_MODEL_THRESHOLD,2,2.542985713982489,10.082
STAGE_MODEL_THRESHOLD,2,2.5968546079820953,10.082
STAGE_MODEL_THRESHOLD,2,2.648650466988329,10.145
STAGE_MODEL_THRESHOLD,2,2.6994093809917103,10.145
STAGE_MODEL_THRESHOLD,2,2.750160916999448,9.184
STAGE_MODEL_THRESHOLD,2,2.801720983989071,10.008
STAGE_MODEL_THRESHOLD,2,2.8545257769874297,10.141
STAGE_MODEL_THRESHOLD,2,2.906362932990305,9.743
STAGE_MODEL_THRESHOLD,2,2.9591614009987097,9.743
STAGE_MODEL_THRESHOLD,2,3.0155854509794153,7.146
STAGE_MODEL_THRESHOLD,2,3.068890983995516,7.146
STAGE_MODEL_THRESHOLD,2,3.12035892799031,12.849
STAGE_MODEL_THRESHOLD,2,3.1720984319981653,12.849
STAGE_MODEL_THRESHOLD,2,3.2245199249882717,10.031
STAGE_MODEL_THRESHOLD,2,3.2752287079929374,10.031
STAGE_MODEL_THRESHOLD,2,3.325789675989654,10.001
STAGE_MODEL_THRESHOLD,2,3.3805644969979767,10.001
STAGE_MODEL_THRESHOLD,2,3.431340218987316,9.344
STAGE_MODEL_THRESHOLD,2,3.4862410920031834,9.344
STAGE_MODEL_THRESHOLD,2,3.537879671988776,10.023
STAGE_MODEL_THRESHOLD,2,3.588608085003216,10.023
STAGE_MODEL_THRESHOLD,2,3.6393175389966927,9.988
STAGE_MODEL_THRESHOLD,2,3.689780938992044,9.988
STAGE_MODEL_THRESHOLD,2,3.7407187309872825,10.032
STAGE_MODEL_THRESHOLD,2,3.791364431002876,10.032
STAGE_MODEL_THRESHOLD,2,3.842003934987588,10.013
STAGE_MODEL_THRESHOLD,2,3.892495896987384,10.013
STAGE_MODEL_THRESHOLD,2,3.9429113069782034,10.16
STAGE_MODEL_THRESHOLD,2,3.994209149997914,10.16
STAGE_MODEL_THRESHOLD,2,4.045752045989502,9.947
STAGE_MODEL_THRESHOLD,2,4.096496473997831,9.947
STAGE_MODEL_THRESHOLD,2,4.147193879005499,10.048
STAGE_MODEL_THRESHOLD,2,4.197660072997678,10.048
STAGE_MODEL_THRESHOLD,2,4.248464714997681,6.8
STAGE_MODEL_THRESHOLD,2,4.303685965976911,6.8
STAGE_MODEL_THRESHOLD,2,4.355355505977059,10.042
STAGE_MODEL_THRESHOLD,2,4.405843176995404,10.042
STAGE_MODEL_THRESHOLD,2,4.456590738991508,10.031
STAGE_MODEL_THRESHOLD,2,4.5070224209921435,10.028
STAGE_MODEL_THRESHOLD,2,4.557608206989244,10.028
STAGE_MODEL_THRESHOLD,2,4.608276048995322,10.023
STAGE_MODEL_THRESHOLD,2,4.658822766999947,10.023
STAGE_MODEL_THRESHOLD,2,4.709383123001317,10.024
STAGE_MODEL_THRESHOLD,2,4.759888962988043,10.024
STAGE_MODEL_THRESHOLD,2,4.810468846990261,10.033
STAGE_MODEL_THRESHOLD,2,4.861139446991729,10.033
STAGE_MODEL_THRESHOLD,2,4.911708709987579,10.028
STAGE_MODEL_THRESHOLD,2,4.962335546995746,10.028
STAGE_MODEL_THRESHOLD,2,5.012972866999917,9.161
STAGE_MODEL_THRESHOLD,2,5.065716312994482,10.803
STAGE_MODEL_THRESHOLD,2,5.120482998987427,9.225
STAGE_MODEL_THRESHOLD,2,5.172443235991523,10.697
STAGE_MODEL_THRESHOLD,2,5.223826426983578,9.872
STAGE_MODEL_THRESHOLD,2,5.280861087987432,9.767
STAGE_MODEL_THRESHOLD,2,5.332836729998235,10.153
STAGE_MODEL_THRESHOLD,2,5.384282629995141,10.153
STAGE_MODEL_THRESHOLD,2,5.437047121988144,10.12
STAGE_MODEL_THRESHOLD,2,5.487554269988323,10.12
STAGE_MODEL_THRESHOLD,2,5.538179230992682,10.094
STAGE_MODEL_THRESHOLD,2,5.588865077996161,10.094
STAGE_MODEL_THRESHOLD,2,5.639412202988751,8.588
STAGE_MODEL_THRESHOLD,2,5.69062733699684,8.588
STAGE_MODEL_THRESHOLD,2,5.742805572983343,10.228
STAGE_MODEL_THRESHOLD,2,5.793445035000332,10.228
STAGE_MODEL_THRESHOLD,2,5.843935844983207,9.763
STAGE_MODEL_THRESHOLD,2,5.895207772002323,9.763
STAGE_MODEL_THRESHOLD,2,5.946317964000627,10.08
STAGE_MODEL_THRESHOLD,2,6.002089814981446,10.08
STAGE_MODEL_THRESHOLD,2,6.052620278001996,10.203
STAGE_MODEL_THRESHOLD,2,6.104110074986238,10.203
STAGE_MODEL_THRESHOLD,2,6.157006866997108,10.112
STAGE_MODEL_THRESHOLD,2,6.207610318000661,10.06
STAGE_MODEL_THRESHOLD,2,6.258162637997884,10.06
STAGE_MODEL_THRESHOLD,2,6.308652050996898,8.716
STAGE_MODEL_THRESHOLD,2,6.360434507980244,8.716
STAGE_MODEL_THRESHOLD,2,6.412864404002903,10.054
STAGE_MODEL_THRESHOLD,2,6.463681801978964,10.054
STAGE_MODEL_THRESHOLD,2,6.514232276997063,10.033
STAGE_MODEL_THRESHOLD,2,6.564714287000243,10.033
STAGE_MODEL_THRESHOLD,2,6.615304421982728,10.05
STAGE_MODEL_THRESHOLD,2,6.666109166981187,10.05
STAGE_MODEL_THRESHOLD,2,6.716664778999984,6.82
STAGE_MODEL_THRESHOLD,2,6.7736116079904605,6.82
STAGE_MODEL_THRESHOLD,2,6.825712392979767,10.088
STAGE_MODEL_THRESHOLD,2,6.876158819999546,10.088
STAGE_MODEL_THRESHOLD,2,6.926678382005775,9.867
STAGE_MODEL_THRESHOLD,2,6.981149947998347,9.867
STAGE_MODEL_THRESHOLD,2,7.032747627003118,10.349
STAGE_MODEL_THRESHOLD,2,7.083209831005661,10.349
STAGE_MODEL_THRESHOLD,2,7.133724982995773,10.179
STAGE_MODEL_THRESHOLD,2,7.1843296400038525,10.179
STAGE_MODEL_THRESHOLD,2,7.234941473987419,9.375
STAGE_MODEL_THRESHOLD,2,7.28658664599061,9.375
STAGE_MODEL_THRESHOLD,2,7.339655275980476,10.046
STAGE_MODEL_THRESHOLD,2,7.390454086998943,10.046
STAGE_MODEL_THRESHOLD,2,7.440929553995375,10.113
STAGE_MODEL_THRESHOLD,2,7.494749417994171,11.955
STAGE_MODEL_THRESHOLD,2,7.551453453983413,8.642
STAGE_MODEL_THRESHOLD,2,7.602922828984447,8.642
STAGE_MODEL_THRESHOLD,2,7.654449363995809,10.106
STAGE_MODEL_THRESHOLD,2,7.704938070994103,10.106
STAGE_MODEL_THRESHOLD,2,7.755393215978984,9.892
STAGE_MODEL_THRESHOLD,2,7.807810698985122,10.021
STAGE_MODEL_THRESHOLD,2,7.858404645987321,10.021
STAGE_MODEL_THRESHOLD,2,7.908998590981355,10.021
STAGE_MODEL_THRESHOLD,2,7.959553969994886,9.11
STAGE_MODEL_THRESHOLD,2,8.010938464984065,10.046
STAGE_MODEL_THRESHOLD,2,8.063421124999877,10.027
STAGE_MODEL_THRESHOLD,2,8.114005966985133,8.152
STAGE_MODEL_THRESHOLD,2,8.165388591994997,8.152
STAGE_MODEL_THRESHOLD,2,8.218156716990052,10.141
STAGE_MODEL_THRESHOLD,2,8.271945800981484,10.141
STAGE_MODEL_THRESHOLD,2,8.322463986987714,16.081
STAGE_MODEL_THRESHOLD,2,8.374668851000024,16.081
STAGE_MODEL_THRESHOLD,2,8.425937830004841,9.282
STAGE_MODEL_THRESHOLD,2,8.47823668498313,9.282
STAGE_MODEL_THRESHOLD,2,8.529461230005836,10.08
STAGE_MODEL_THRESHOLD,2,8.579861901991535,10.08
STAGE_MODEL_THRESHOLD,2,8.630298899981426,10.118
STAGE_MODEL_THRESHOLD,2,8.681629737984622,10.118
STAGE_MODEL_THRESHOLD,2,8.737006587005453,10.105
STAGE_MODEL_THRESHOLD,2,8.787556310999207,10.105
STAGE_MODEL_THRESHOLD,2,8.838111290999223,10.102
STAGE_MODEL_THRESHOLD,2,8.888692262000404,10.102
STAGE_MODEL_THRESHOLD,2,8.93923939098022,10.18
STAGE_MODEL_THRESHOLD,2,8.992229650000809,11.094
STAGE_MODEL_THRESHOLD,2,9.045150849997299,6.657
STAGE_MODEL_THRESHOLD,2,9.096453420992475,6.657
STAGE_MODEL_THRESHOLD,2,9.1489209739957,10.123
STAGE_MODEL_THRESHOLD,2,9.199477101996308,10.123
STAGE_MODEL_THRESHOLD,2,9.249941244983347,10.125
STAGE_MODEL_THRESHOLD,2,9.300625404983293,10.125
STAGE_MODEL_THRESHOLD,2,9.351289878977695,10.122
STAGE_MODEL_THRESHOLD,2,9.401801052998053,10.122
STAGE_MODEL_THRESHOLD,2,9.452288063999731,10.11
STAGE_MODEL_THRESHOLD,2,9.502802746981615,10.11
STAGE_MODEL_THRESHOLD,2,9.553307892987505,10.099
STAGE_MODEL_THRESHOLD,2,9.603814365982544,10.099
STAGE_MODEL_THRESHOLD,2,9.654357469989918,10.099
STAGE_MODEL_THRESHOLD,2,9.70498422899982,10.098
STAGE_MODEL_THRESHOLD,2,9.756116545991972,10.098
STAGE_MODEL_THRESHOLD,2,9.807426573999692,10.102
STAGE_MODEL_THRESHOLD,2,9.857902499003103,10.102
STAGE_MODEL_THRESHOLD,2,9.91537561500445,9.37
STAGE_MODEL_THRESHOLD,2,9.967454481986351,9.37
STAGE_MODEL_THRESHOLD,2,10.020681011985289,10.118
STAGE_MODEL_THRESHOLD,2,10.071186426997883,10.118
STAGE_MODEL_THRESHOLD,2,10.130143557995325,10.27
STAGE_MODEL_THRESHOLD,2,10.181602189986734,10.822
STAGE_MODEL_THRESHOLD,2,10.246672735986067,6.691
STAGE_MODEL_THRESHOLD,2,10.298246558988467,10.791
STAGE_MODEL_THRESHOLD,2,10.349655787984375,6.759
STAGE_MODEL_THRESHOLD,2,10.401176468993071,11.962
STAGE_MODEL_THRESHOLD,2,10.461673777987016,11.962
STAGE_MODEL_THRESHOLD,2,10.512968245981028,9.951
STAGE_MODEL_THRESHOLD,2,10.56666755900369,9.951
STAGE_MODEL_THRESHOLD,2,10.617296304990305,10.083
STAGE_MODEL_THRESHOLD,2,10.671436834993074,10.083
STAGE_MODEL_THRESHOLD,2,10.72289223500411,10.104
STAGE_MODEL_THRESHOLD,2,10.773405046988046,10.104
STAGE_MODEL_THRESHOLD,2,10.824079218989937,9.639
STAGE_MODEL_THRESHOLD,2,10.875469125981908,10.08
STAGE_MODEL_THRESHOLD,2,10.927035762986634,10.099
STAGE_MODEL_THRESHOLD,2,10.981583707995014,10.099
STAGE_MODEL_THRESHOLD,2,11.033181677979883,10.021
STAGE_MODEL_THRESHOLD,2,11.084249566978542,10.021
STAGE_MODEL_THRESHOLD,2,11.134659543982707,8.984
STAGE_MODEL_THRESHOLD,2,11.186473465000745,8.984
STAGE_MODEL_THRESHOLD,2,11.238814149983227,10.11
STAGE_MODEL_THRESHOLD,2,11.289627853984712,10.11
STAGE_MODEL_THRESHOLD,2,11.340039900998818,10.102
STAGE_MODEL_THRESHOLD,2,11.390517900988925,10.102
STAGE_MODEL_THRESHOLD,2,11.441035500989528,10.105
STAGE_MODEL_THRESHOLD,2,11.49145934797707,10.105
STAGE_MODEL_THRESHOLD,2,11.548068545002025,6.576
STAGE_MODEL_THRESHOLD,2,11.599689758993918,6.576
STAGE_MODEL_THRESHOLD,2,11.653523749002488,10.151
STAGE_MODEL_THRESHOLD,2,11.70420283000567,10.151
STAGE_MODEL_THRESHOLD,2,11.754866845993092,10.128
STAGE_MODEL_THRESHOLD,2,11.805437319999328,10.138
STAGE_MODEL_THRESHOLD,2,11.8561439649784,10.138
STAGE_MODEL_THRESHOLD,2,11.90671307197772,10.132
STAGE_MODEL_THRESHOLD,2,11.957603530987399,10.132
STAGE_MODEL_THRESHOLD,2,12.008471501991153,10.134
STAGE_MODEL_THRESHOLD,2,12.059263206989272,10.134
STAGE_MODEL_THRESHOLD,2,12.10990351199871,10.127
STAGE_MODEL_THRESHOLD,2,12.160452226991765,10.127
STAGE_MODEL_THRESHOLD,2,12.211119447980309,10.131
STAGE_MODEL_THRESHOLD,2,12.261996590998024,10.131
STAGE_MODEL_THRESHOLD,2,12.312767032999545,10.127
STAGE_MODEL_THRESHOLD,2,12.363258363999194,10.127
STAGE_MODEL_THRESHOLD,2,12.413816396001494,10.14
STAGE_MODEL_THRESHOLD,2,12.46454050700413,10.14
STAGE_MODEL_THRESHOLD,2,12.515364787977887,10.138
STAGE_MODEL_THRESHOLD,2,12.565914492995944,10.138
STAGE_MODEL_THRESHOLD,2,12.616845049982658,10.132
STAGE_MODEL_THRESHOLD,2,12.667828974983422,10.132
STAGE_MODEL_THRESHOLD,2,12.719228951988043,10.133
STAGE_MODEL_THRESHOLD,2,12.769666300999233,10.133
STAGE_MODEL_THRESHOLD,2,12.820168518985156,10.13
STAGE_MODEL_THRESHOLD,2,12.870742653991329,10.13
STAGE_MODEL_THRESHOLD,2,12.921196566981962,10.141
STAGE_MODEL_THRESHOLD,2,12.971628183004213,10.141
STAGE_MODEL_THRESHOLD,2,13.022105620999355,10.139
STAGE_MODEL_THRESHOLD,2,13.072845811984735,10.139
STAGE_MODEL_THRESHOLD,2,13.123644456005422,10.148
STAGE_MODEL_THRESHOLD,2,13.174197172978893,10.148
STAGE_MODEL_THRESHOLD,2,13.224607301002834,10.133
STAGE_MODEL_THRESHOLD,2,13.275122179999016,10.133
STAGE_MODEL_THRESHOLD,2,13.325706236995757,10.112
STAGE_MODEL_THRESHOLD,2,13.376278818992432,10.112
STAGE_MODEL_THRESHOLD,2,13.42685027999687,10.122
STAGE_MODEL_THRESHOLD,2,13.477271994983312,10.122
STAGE_MODEL_THRESHOLD,2,13.52828932198463,10.129
STAGE_MODEL_THRESHOLD,2,13.578794753993861,10.129
STAGE_MODEL_THRESHOLD,2,13.62968716499745,10.119
STAGE_MODEL_THRESHOLD,2,13.68031868498656,10.119
STAGE_MODEL_THRESHOLD,2,13.730852605978725,10.123
STAGE_MODEL_THRESHOLD,2,13.781743058993015,10.123
STAGE_MODEL_THRESHOLD,2,13.832555372995557,10.113
STAGE_MODEL_THRESHOLD,2,13.88338561198907,10.113
STAGE_MODEL_THRESHOLD,2,13.934028213989222,10.112
STAGE_MODEL_THRESHOLD,2,13.984707294992404,10.112
STAGE_MODEL_THRESHOLD,2,14.035259878000943,10.092
STAGE_MODEL_THRESHOLD,2,14.08580429898575,10.092
STAGE_MODEL_THRESHOLD,2,14.13628792198142,10.092
STAGE_MODEL_THRESHOLD,2,14.18716268899152,10.092
STAGE_MODEL_THRESHOLD,2,14.237658647005446,10.08
STAGE_MODEL_THRESHOLD,2,14.288523209979758,10.08
STAGE_MODEL_THRESHOLD,2,14.339080425997963,10.066
STAGE_MODEL_THRESHOLD,2,14.38963716197759,10.066
STAGE_MODEL_THRESHOLD,2,14.440284460986732,10.102
STAGE_MODEL_THRESHOLD,2,14.49083137299749,10.102
STAGE_MODEL_THRESHOLD,2,14.541497564991005,10.076
STAGE_MODEL_THRESHOLD,2,14.59206402298878,10.076
STAGE_MODEL_THRESHOLD,2,14.642779603978852,10.076
STAGE_MODEL_THRESHOLD,2,14.693516317987815,10.076
STAGE_MODEL_THRESHOLD,2,14.744228386000032,10.079
STAGE_MODEL_THRESHOLD,2,14.79544174700277,10.079
STAGE_MODEL_THRESHOLD,2,14.846018780983286,9.164
STAGE_MODEL_THRESHOLD,2,14.898573023994686,9.164
STAGE_MODEL_THRESHOLD,2,14.950025069003459,10.086
STAGE_MODEL_THRESHOLD,2,15.001056370994775,10.086
STAGE_MODEL_THRESHOLD,2,15.051908580993768,10.096
STAGE_MODEL_THRESHOLD,2,15.102405837998958,10.096
STAGE_MODEL_THRESHOLD,2,15.153019032994052,6.383
STAGE_MODEL_THRESHOLD,2,15.204430724988924,10.107
STAGE_MODEL_THRESHOLD,2,15.255198959988775,10.107
STAGE_MODEL_THRESHOLD,2,15.305821668996941,10.072
STAGE_MODEL_THRESHOLD,2,15.35673559998395,10.072
STAGE_MODEL_THRESHOLD,2,15.407212358986726,10.065
STAGE_MODEL_THRESHOLD,2,15.457713923999108,10.065
STAGE_MODEL_THRESHOLD,2,15.508365752000827,10.061
STAGE_MODEL_THRESHOLD,2,15.558958148001693,10.061
STAGE_MODEL_THRESHOLD,2,15.609837754978798,10.053
STAGE_MODEL_THRESHOLD,2,15.660767274996033,10.053
STAGE_MODEL_THRESHOLD,2,15.71132686099736,10.053
STAGE_MODEL_THRESHOLD,2,15.762122927990276,10.053
STAGE_MODEL_THRESHOLD,2,15.812863325991202,10.047
STAGE_MODEL_THRESHOLD,2,15.863402278977446,10.047
STAGE_MODEL_THRESHOLD,2,15.91401166797732,10.046
STAGE_MODEL_THRESHOLD,2,15.964918222976848,10.046
STAGE_MODEL_THRESHOLD,2,16.015583873988362,10.046
STAGE_MODEL_THRESHOLD,2,16.066129568003817,10.046
STAGE_MODEL_THRESHOLD,2,16.116819414979545,10.047
STAGE_MODEL_THRESHOLD,2,16.167287932999898,10.047
STAGE_MODEL_THRESHOLD,2,16.218210250983248,10.045
STAGE_MODEL_THRESHOLD,2,16.268810034001945,10.045
STAGE_MODEL_THRESHOLD,2,16.319562502991175,10.042
STAGE_MODEL_THRESHOLD,2,16.370121272979304,10.042
STAGE_MODEL_THRESHOLD,2,16.421025073999772,10.042
STAGE_MODEL_THRESHOLD,2,16.47160661200178,10.042
STAGE_MODEL_THRESHOLD,2,16.52212597700418,10.043
STAGE_MODEL_THRESHOLD,2,16.57276039099088,10.043
STAGE_MODEL_THRESHOLD,2,16.62316592197749,10.045
STAGE_MODEL_THRESHOLD,2,16.673669182986487,10.045
STAGE_MODEL_THRESHOLD,2,16.724098363978555,10.047
STAGE_MODEL_THRESHOLD,2,16.774661051982548,10.047
STAGE_MODEL_THRESHOLD,2,16.825608390994603,10.051
STAGE_MODEL_THRESHOLD,2,16.876211369002704,10.051
STAGE_MODEL_THRESHOLD,2,16.92757858900586,10.05
STAGE_MODEL_THRESHOLD,2,16.97837781099952,10.05
STAGE_MODEL_THRESHOLD,2,17.02894846900017,10.068
STAGE_MODEL_THRESHOLD,2,17.07987223699456,10.068
STAGE_MODEL_THRESHOLD,2,17.130722290981794,10.069
STAGE_MODEL_THRESHOLD,2,17.181480654980987,10.069
STAGE_MODEL_THRESHOLD,2,17.232458346989006,10.061
STAGE_MODEL_THRESHOLD,2,17.283424281980842,10.061
STAGE_MODEL_THRESHOLD,2,17.33401522997883,10.067
STAGE_MODEL_THRESHOLD,2,17.384796712984098,10.067
STAGE_MODEL_THRESHOLD,2,17.435403399984352,10.036
STAGE_MODEL_THRESHOLD,2,17.486219048005296,10.036
STAGE_MODEL_THRESHOLD,2,17.536712103988975,10.059
STAGE_MODEL_THRESHOLD,2,17.587771717982832,10.059
STAGE_MODEL_THRESHOLD,2,17.638489929988282,10.054
STAGE_MODEL_THRESHOLD,2,17.689138505986193,10.054
STAGE_MODEL_THRESHOLD,2,17.739826953999,10.037
STAGE_MODEL_THRESHOLD,2,17.790452935005305,10.037
STAGE_MODEL_THRESHOLD,2,17.841138196003158,10.053
STAGE_MODEL_THRESHOLD,2,17.891703992994735,10.053
STAGE_MODEL_THRESHOLD,2,17.942336528998567,10.059
STAGE_MODEL_THRESHOLD,2,17.99296117099584,10.059
STAGE_MODEL_THRESHOLD,2,18.043678468995495,10.036
STAGE_MODEL_THRESHOLD,2,18.094562614976894,10.036
STAGE_MODEL_THRESHOLD,2,18.145124298986048,10.025
STAGE_MODEL_THRESHOLD,2,18.195632036979077,10.025
STAGE_MODEL_THRESHOLD,2,18.246357397001702,10.023
STAGE_MODEL_THRESHOLD,2,18.29724330297904,10.023
STAGE_MODEL_THRESHOLD,2,18.347782812983496,10.057
STAGE_MODEL_THRESHOLD,2,18.398357553000096,10.057
STAGE_MODEL_THRESHOLD,2,18.448996498977067,10.082
STAGE_MODEL_THRESHOLD,2,18.499557895003818,10.082
STAGE_MODEL_THRESHOLD,2,18.550462068989873,10.062
STAGE_MODEL_THRESHOLD,2,18.601398183993297,10.062
STAGE_MODEL_THRESHOLD,2,18.652450045978185,10.039
STAGE_MODEL_THRESHOLD,2,18.703018526983215,10.042
STAGE_MODEL_THRESHOLD,2,18.754118251003092,10.042
STAGE_MODEL_THRESHOLD,2,18.804667480988428,10.062
STAGE_MODEL_THRESHOLD,2,18.855171533999965,10.062
STAGE_MODEL_THRESHOLD,2,18.90602587797912,10.046
STAGE_MODEL_THRESHOLD,2,18.956561272992985,10.046
STAGE_MODEL_THRESHOLD,2,19.007233815995278,10.047
STAGE_MODEL_THRESHOLD,2,19.05815576200257,10.047
STAGE_MODEL_THRESHOLD,2,19.108887515001697,10.052
STAGE_MODEL_THRESHOLD,2,19.15928774297936,10.052
STAGE_MODEL_THRESHOLD,2,19.209707097994396,10.064
STAGE_MODEL_THRESHOLD,2,19.260449922992848,10.064
STAGE_MODEL_THRESHOLD,2,19.311177524999948,10.065
STAGE_MODEL_THRESHOLD,2,19.361726723989705,10.065
STAGE_MODEL_THRESHOLD,2,19.41253010299988,10.043
STAGE_MODEL_THRESHOLD,2,19.463537373987492,10.043
STAGE_MODEL_THRESHOLD,2,19.51414174999809,10.047
STAGE_MODEL_THRESHOLD,2,19.564737754990347,10.047
STAGE_MODEL_THRESHOLD,2,19.61528366699349,8.723
STAGE_MODEL_THRESHOLD,2,19.6668627949839,8.723
STAGE_MODEL_THRESHOLD,2,19.718409530993085,10.101
STAGE_MODEL_THRESHOLD,2,19.769058935984503,10.101
STAGE_MODEL_THRESHOLD,2,19.823386788979406,10.083
STAGE_MODEL_THRESHOLD,2,19.874672231002478,10.083
STAGE_MODEL_THRESHOLD,2,19.927173631993355,10.015
STAGE_MODEL_THRESHOLD,2,19.977874676987994,10.015
STAGE_MODEL_THRESHOLD,2,20.02858469999046,5.904
STAGE_MODEL_THRESHOLD,2,20.084825050988,5.904
STAGE_MODEL_THRESHOLD,2,20.136033847986255,10.033
STAGE_MODEL_THRESHOLD,2,20.186758683994412,10.033
STAGE_MODEL_THRESHOLD,2,20.237291108001955,10.046
STAGE_MODEL_THRESHOLD,2,20.28796801099088,10.046
STAGE_MODEL_THRESHOLD,2,20.338524609978776,10.032
STAGE_MODEL_THRESHOLD,2,20.388981962983962,10.032
STAGE_MODEL_THRESHOLD,2,20.43963511197944,10.031
STAGE_MODEL_THRESHOLD,2,20.490196287981234,10.031
STAGE_MODEL_THRESHOLD,2,20.54072507098317,10.037
STAGE_MODEL_THRESHOLD,2,20.595452212990494,10.037
STAGE_MODEL_THRESHOLD,2,20.6460256499995,9.918
STAGE_MODEL_THRESHOLD,2,20.69786333097727,9.918
STAGE_MODEL_THRESHOLD,2,20.749216276977677,10.03
STAGE_MODEL_THRESHOLD,2,20.800549290986964,10.075
STAGE_MODEL_THRESHOLD,2,20.858430469990708,10.146
STAGE_MODEL_THRESHOLD,2,20.911607474001357,9.158
STAGE_MODEL_THRESHOLD,2,20.962898536992725,9.158
STAGE_MODEL_THRESHOLD,2,21.016833786998177,10.033
STAGE_MODEL_THRESHOLD,2,21.067270275991177,10.033
STAGE_MODEL_THRESHOLD,2,21.117845995002426,10.089
STAGE_MODEL_THRESHOLD,2,21.168493220000528,10.089
STAGE_MODEL_THRESHOLD,2,21.218917452002643,10.041
STAGE_MODEL_THRESHOLD,2,21.269413515983615,10.041
STAGE_MODEL_THRESHOLD,2,21.319879713002592,5.978
STAGE_MODEL_THRESHOLD,2,21.372345519979717,5.978
STAGE_MODEL_THRESHOLD,2,21.42378549100249,14.966
STAGE_MODEL_THRESHOLD,2,21.47543237399077,14.966
STAGE_MODEL_THRESHOLD,2,21.527791470987722,9.72
STAGE_MODEL_THRESHOLD,2,21.578374413977144,9.72
STAGE_MODEL_THRESHOLD,2,21.630113924999023,9.899
STAGE_MODEL_THRESHOLD,2,21.68048514399561,9.899
STAGE_MODEL_THRESHOLD,2,21.73107263300335,10.27
STAGE_MODEL_THRESHOLD,2,21.79328997898847,10.27
STAGE_MODEL_THRESHOLD,2,21.84477149997838,9.954
STAGE_MODEL_THRESHOLD,2,21.897175555990543,9.954
STAGE_MODEL_THRESHOLD,2,21.948358500987524,10.173
STAGE_MODEL_THRESHOLD,2,21.99895156599814,10.173
STAGE_MODEL_THRESHOLD,2,22.04945125899394,10.049
STAGE_MODEL_THRESHOLD,2,22.100070638000034,10.049
STAGE_MODEL_THRESHOLD,2,22.150744638987817,10.07
STAGE_MODEL_THRESHOLD,2,22.20122520599398,10.07
STAGE_MODEL_THRESHOLD,2,22.25181193498429,10.048
STAGE_MODEL_THRESHOLD,2,22.30228100999375,10.193
STAGE_MODEL_THRESHOLD,2,22.35451202400145,10.193
STAGE_MODEL_THRESHOLD,2,22.411927023989847,10.044
STAGE_MODEL_THRESHOLD,2,22.462618782999925,10.044
STAGE_MODEL_THRESHOLD,2,22.513370833999943,10.044
STAGE_MODEL_THRESHOLD,2,22.56392802298069,10.044
STAGE_MODEL_THRESHOLD,2,22.6145580529992,14.517
STAGE_MODEL_THRESHOLD,2,22.66626057299436,14.517
STAGE_MODEL_THRESHOLD,2,22.717733547004173,9.763
STAGE_MODEL_THRESHOLD,2,22.768336587992962,9.763
STAGE_MODEL_THRESHOLD,2,22.81891706699389,9.925
STAGE_MODEL_THRESHOLD,2,22.876419757987605,9.925
STAGE_MODEL_THRESHOLD,2,22.927045984979486,13.032
STAGE_MODEL_THRESHOLD,2,22.978175144002307,13.032
STAGE_MODEL_THRESHOLD,2,23.029673832003027,9.361
STAGE_MODEL_THRESHOLD,2,23.08204814698547,9.361
STAGE_MODEL_THRESHOLD,2,23.133432103000814,10.041
STAGE_MODEL_THRESHOLD,2,23.184030656993855,10.041
STAGE_MODEL_THRESHOLD,2,23.23458814198966,10.161
STAGE_MODEL_THRESHOLD,2,23.286605642992072,10.161
STAGE_MODEL_THRESHOLD,2,23.339224736992037,10.193
STAGE_MODEL_THRESHOLD,2,23.389649174991064,10.193
STAGE_MODEL_THRESHOLD,2,23.4402463559818,10.108
STAGE_MODEL_THRESHOLD,2,23.490884067985462,10.108
STAGE_MODEL_THRESHOLD,2,23.541301475983346,10.138
STAGE_MODEL_THRESHOLD,2,23.591982476005796,10.138
STAGE_MODEL_THRESHOLD,2,23.64247105800314,10.11
STAGE_MODEL_THRESHOLD,2,23.692992819997016,10.11
STAGE_MODEL_THRESHOLD,2,23.743491062981775,10.107
STAGE_MODEL_THRESHOLD,2,23.79417755699251,10.107
STAGE_MODEL_THRESHOLD,2,23.84660855398397,6.079
STAGE_MODEL_THRESHOLD,2,23.898660883976845,6.079
STAGE_MODEL_THRESHOLD,2,23.95166456498555,10.008
STAGE_MODEL_THRESHOLD,2,24.002200581977377,10.042
STAGE_MODEL_THRESHOLD,2,24.052747401001398,10.042
STAGE_MODEL_THRESHOLD,2,24.103257740003755,10.05
STAGE_MODEL_THRESHOLD,2,24.15364815099747,10.05
STAGE_MODEL_THRESHOLD,2,24.204148827004246,10.054
STAGE_MODEL_THRESHOLD,2,24.254876046994468,10.054
STAGE_MODEL_THRESHOLD,2,24.30550733199925,10.056
STAGE_MODEL_THRESHOLD,2,24.356290965981316,10.056
STAGE_MODEL_THRESHOLD,2,24.406949274998624,10.059
STAGE_MODEL_THRESHOLD,2,24.45758073098841,10.059
STAGE_MODEL_THRESHOLD,2,24.508192098001018,9.611
STAGE_MODEL_THRESHOLD,2,24.559531794977374,9.611
STAGE_MODEL_THRESHOLD,2,24.611538531986298,10.107
STAGE_MODEL_THRESHOLD,2,24.66223717300454,10.107
STAGE_MODEL_THRESHOLD,2,24.71266404297785,10.092
STAGE_MODEL_THRESHOLD,2,24.763310048001586,10.092
STAGE_MODEL_THRESHOLD,2,24.8139167369809,10.089
STAGE_MODEL_THRESHOLD,2,24.86443775499356,10.089
STAGE_MODEL_THRESHOLD,2,24.91494503399008,9.011
STAGE_MODEL_THRESHOLD,2,24.967297972994857,9.011
STAGE_MODEL_THRESHOLD,2,25.01870536999195,10.063
STAGE_MODEL_THRESHOLD,2,25.06921525899088,10.063
STAGE_MODEL_THRESHOLD,2,25.119973047985695,10.048
STAGE_MODEL_THRESHOLD,2,25.170504993002396,10.048
STAGE_MODEL_THRESHOLD,2,25.22103396098828,10.073
STAGE_MODEL_THRESHOLD,2,25.271618684986606,10.073
STAGE_MODEL_THRESHOLD,2,25.322180627990747,10.101
STAGE_MODEL_THRESHOLD,2,25.372855577996233,10.101
STAGE_MODEL_THRESHOLD,2,25.423323805996915,9.438
STAGE_MODEL_THRESHOLD,2,25.47839116997784,9.438
STAGE_MODEL_THRESHOLD,2,25.529869636986405,10.127
STAGE_MODEL_THRESHOLD,2,25.58054899200215,10.127
STAGE_MODEL_THRESHOLD,2,25.63110594000318,10.119
STAGE_MODEL_THRESHOLD,2,25.681637699977728,10.119
STAGE_MODEL_THRESHOLD,2,25.732209957001032,10.111
STAGE_MODEL_THRESHOLD,2,25.783307151985355,10.111
STAGE_MODEL_THRESHOLD,2,25.83387487998698,8.861
STAGE_MODEL_THRESHOLD,2,25.885608807002427,8.861
STAGE_MODEL_THRESHOLD,2,25.938052087003598,10.106
STAGE_MODEL_THRESHOLD,2,25.988521544990363,10.106
STAGE_MODEL_THRESHOLD,2,26.039098446985008,10.29
STAGE_MODEL_THRESHOLD,2,26.091284366004402,10.724
STAGE_MODEL_THRESHOLD,2,26.142762069997843,8.011
STAGE_MODEL_THRESHOLD,2,26.194135379977524,6.286
STAGE_MODEL_THRESHOLD,2,26.256700965983327,6.286
STAGE_MODEL_THRESHOLD,2,26.308162909990642,6.292
STAGE_MODEL_THRESHOLD,2,26.359674095001537,6.292
STAGE_MODEL_THRESHOLD,2,26.417316823004512,10.171
STAGE_MODEL_THRESHOLD,2,26.468172759981826,10.171
STAGE_MODEL_THRESHOLD,2,26.51883495299262,9.875
STAGE_MODEL_THRESHOLD,2,26.57311170399771,9.875
STAGE_MODEL_THRESHOLD,2,26.624694033991545,10.085
STAGE_MODEL_THRESHOLD,2,26.68393560498953,10.085
STAGE_MODEL_THRESHOLD,2,26.734601033997023,9.66
STAGE_MODEL_THRESHOLD,2,26.78907081799116,9.66
STAGE_MODEL_THRESHOLD,2,26.84054345599725,10.11
STAGE_MODEL_THRESHOLD,2,26.891188454988878,10.11
STAGE_MODEL_THRESHOLD,2,26.941842481988715,10.123
STAGE_MODEL_THRESHOLD,2,26.99232719599968,10.123
STAGE_MODEL_THRESHOLD,2,27.04285629899823,9.672
STAGE_MODEL_THRESHOLD,2,27.09432554699015,9.672
STAGE_MODEL_THRESHOLD,2,27.14677284398931,10.158
STAGE_MODEL_THRESHOLD,2,27.197428833984304,10.158
STAGE_MODEL_THRESHOLD,2,27.247825390979415,9.92
STAGE_MODEL_THRESHOLD,2,27.305473761982284,10.159
STAGE_MODEL_THRESHOLD,2,27.356662935984787,10.159
STAGE_MODEL_THRESHOLD,2,27.407089927990455,6.111
STAGE_MODEL_THRESHOLD,2,27.46202552699833,6.111
STAGE_MODEL_THRESHOLD,2,27.513489417993696,10.163
STAGE_MODEL_THRESHOLD,2,27.564179841981968,10.163
STAGE_MODEL_THRESHOLD,2,27.614684812986525,10.157
STAGE_MODEL_THRESHOLD,2,27.665461344993673,10.157
STAGE_MODEL_THRESHOLD,2,27.715952708997065,10.276
STAGE_MODEL_THRESHOLD,2,27.767830778000643,10.276
STAGE_MODEL_THRESHOLD,2,27.823581809992902,10.129
STAGE_MODEL_THRESHOLD,2,27.874162575986702,10.129
STAGE_MODEL_THRESHOLD,2,27.92507009700057,10.119
STAGE_MODEL_THRESHOLD,2,27.975822915002936,10.119
STAGE_MODEL_THRESHOLD,2,28.02671893799561,10.126
STAGE_MODEL_THRESHOLD,2,28.077388732985128,10.126
STAGE_MODEL_THRESHOLD,2,28.12821710598655,10.132
STAGE_MODEL_THRESHOLD,2,28.178875504003372,10.132
STAGE_MODEL_THRESHOLD,2,28.2293695010012,9.501
STAGE_MODEL_THRESHOLD,2,28.28453961998457,9.501
STAGE_MODEL_THRESHOLD,2,28.335799881984713,10.123
STAGE_MODEL_THRESHOLD,2,28.386592877999647,10.123
STAGE_MODEL_THRESHOLD,2,28.43715661598253,10.113
STAGE_MODEL_THRESHOLD,2,28.488026243983768,10.113
STAGE_MODEL_THRESHOLD,2,28.53853727900423,10.125
STAGE_MODEL_THRESHOLD,2,28.58898304498871,10.125
STAGE_MODEL_THRESHOLD,2,28.639507457992295,10.135
STAGE_MODEL_THRESHOLD,2,28.690174099989235,10.135
STAGE_MODEL_THRESHOLD,2,28.7435318279895,6.052
STAGE_MODEL_THRESHOLD,2,28.794924557005288,6.052
STAGE_MODEL_THRESHOLD,2,28.848971297004027,10.106
STAGE_MODEL_THRESHOLD,2,28.899957298999652,10.115
STAGE_MODEL_THRESHOLD,2,28.95066059299279,10.115
STAGE_MODEL_THRESHOLD,2,29.00135431397939,10.131
STAGE_MODEL_THRESHOLD,2,29.052251754997997,10.131
STAGE_MODEL_THRESHOLD,2,29.102857744001085,9.538
STAGE_MODEL_THRESHOLD,2,29.154520345997298,9.538
STAGE_MODEL_THRESHOLD,2,29.207528883998748,10.125
STAGE_MODEL_THRESHOLD,2,29.25813284999458,10.125
STAGE_MODEL_THRESHOLD,2,29.308704470982775,10.125
STAGE_MODEL_THRESHOLD,2,29.3593895160011,10.125
STAGE_MODEL_THRESHOLD,2,29.40998106598272,10.121
STAGE_MODEL_THRESHOLD,2,29.460906438995153,10.121
STAGE_MODEL_THRESHOLD,2,29.51140859100269,10.124
STAGE_MODEL_THRESHOLD,2,29.56187071299064,10.124
STAGE_MODEL_THRESHOLD,2,29.612525978998747,10.12
STAGE_MODEL_THRESHOLD,2,29.663432242989074,10.12
STAGE_MODEL_THRESHOLD,2,29.71427110498189,10.119
STAGE_MODEL_THRESHOLD,2,29.765114106005058,10.119
STAGE_MODEL_THRESHOLD,2,29.815811357984785,10.118
STAGE_MODEL_THRESHOLD,2,29.866542942996603,10.118
STAGE_MODEL_THRESHOLD,2,29.917287088988815,10.113
STAGE_MODEL_THRESHOLD,2,29.968196828995133,10.113
STAGE_MODEL_POLICY,2,0.0011470030003692955,10.113
STAGE_MODEL_POLICY,2,0.05164028299623169,10.113
STAGE_MODEL_POLICY,2,0.10217280499637127,10.067
STAGE_MODEL_POLICY,2,0.15314257799764164,10.067
STAGE_MODEL_POLICY,2,0.20361010200576857,10.079
STAGE_MODEL_POLICY,2,0.25435118001769297,10.079
STAGE_MODEL_POLICY,2,0.3048336429928895,10.076
STAGE_MODEL_POLICY,2,0.3552623430150561,10.076
STAGE_MODEL_POLICY,2,0.4058838720084168,10.075
STAGE_MODEL_POLICY,2,0.4563774619891774,10.075
STAGE_MODEL_POLICY,2,0.5071183399995789,10.065
STAGE_MODEL_POLICY,2,0.5577174529898912,10.065
STAGE_MODEL_POLICY,2,0.6082824979966972,10.078
STAGE_MODEL_POLICY,2,0.6590980490145739,10.078
STAGE_MODEL_POLICY,2,0.7096119100169744,10.081
STAGE_MODEL_POLICY,2,0.760292176011717,10.081
STAGE_MODEL_POLICY,2,0.8108431579894386,10.08
STAGE_MODEL_POLICY,2,0.8613841090118513,10.08
STAGE_MODEL_POLICY,2,0.9129377650097013,10.079
STAGE_MODEL_POLICY,2,0.9638550920062698,10.079
STAGE_MODEL_POLICY,2,1.0146389680157881,10.084
STAGE_MODEL_POLICY,2,1.06531426901347,10.084
STAGE_MODEL_POLICY,2,1.1160136830003466,10.078
STAGE_MODEL_POLICY,2,1.1669604490161873,10.078
STAGE_MODEL_POLICY,2,1.2180403750098776,10.116
STAGE_MODEL_POLICY,2,1.2688639470143244,10.116
STAGE_MODEL_POLICY,2,1.3192959139996674,10.099
STAGE_MODEL_POLICY,2,1.3697962180012837,10.099
STAGE_MODEL_POLICY,2,1.42021569100325,10.1
STAGE_MODEL_POLICY,2,1.4706810560019221,10.1
STAGE_MODEL_POLICY,2,1.5210957489907742,10.098
STAGE_MODEL_POLICY,2,1.5717861730081495,10.098
STAGE_MODEL_POLICY,2,1.622817680996377,10.101
STAGE_MODEL_POLICY,2,1.6735093299939763,10.101
STAGE_MODEL_POLICY,2,1.72411563701462,10.085
STAGE_MODEL_POLICY,2,1.7747191489906982,10.085
STAGE_MODEL_POLICY,2,1.8253330040024593,10.078
STAGE_MODEL_POLICY,2,1.8759385769953951,10.078
STAGE_MODEL_POLICY,2,1.9267721209907904,10.078
STAGE_MODEL_POLICY,2,1.9773687639972195,10.078
STAGE_MODEL_POLICY,2,2.0282427390047815,10.077
STAGE_MODEL_POLICY,2,2.078911143995356,10.071
STAGE_MODEL_POLICY,2,2.1293968509999104,10.071
STAGE_MODEL_POLICY,2,2.1799044880026486,10.079
STAGE_MODEL_POLICY,2,2.230283422017237,10.079
STAGE_MODEL_POLICY,2,2.2809541310125496,10.074
STAGE_MODEL_POLICY,2,2.3318249979929533,10.074
STAGE_MODEL_POLICY,2,2.382423225004459,10.08
STAGE_MODEL_POLICY,2,2.4330212959903292,10.08
STAGE_MODEL_POLICY,2,2.4839368009997997,10.079
STAGE_MODEL_POLICY,2,2.5346161310153548,10.079
STAGE_MODEL_POLICY,2,2.58524684101576,10.077
STAGE_MODEL_POLICY,2,2.635714130010456,10.077
STAGE_MODEL_POLICY,2,2.686137623997638,10.09
STAGE_MODEL_POLICY,2,2.73659329401562,10.09
STAGE_MODEL_POLICY,2,2.78713388601318,10.093
STAGE_MODEL_POLICY,2,2.83771389600588,10.093
STAGE_MODEL_POLICY,2,2.8884977900015656,10.097
STAGE_MODEL_POLICY,2,2.9390337360091507,10.097
STAGE_MODEL_POLICY,2,2.989830630016513,10.098
STAGE_MODEL_POLICY,2,3.0403261150058825,10.098
STAGE_MODEL_POLICY,2,3.09075195499463,10.099
STAGE_MODEL_POLICY,2,3.1414798490004614,10.099
STAGE_MODEL_POLICY,2,3.192107290000422,10.103
STAGE_MODEL_POLICY,2,3.242713977000676,10.103
STAGE_MODEL_POLICY,2,3.2934022310073487,10.095
STAGE_MODEL_POLICY,2,3.3440288240090013,10.095
STAGE_MODEL_POLICY,2,3.394981335004559,10.104
STAGE_MODEL_POLICY,2,3.4454811440082267,10.104
STAGE_MODEL_POLICY,2,3.4963102219917346,10.101
STAGE_MODEL_POLICY,2,3.5468613879929762,10.101
STAGE_MODEL_POLICY,2,3.597386120003648,10.09
STAGE_MODEL_POLICY,2,3.6481041870138142,10.09
STAGE_MODEL_POLICY,2,3.6989830520178657,10.102
STAGE_MODEL_POLICY,2,3.749715787009336,10.102
STAGE_MODEL_POLICY,2,3.800220324017573,10.092
STAGE_MODEL_POLICY,2,3.8508919950108975,10.092
STAGE_MODEL_POLICY,2,3.9019079550052993,10.091
STAGE_MODEL_POLICY,2,3.952584837010363,10.091
STAGE_MODEL_POLICY,2,4.003224614018109,10.09
STAGE_MODEL_POLICY,2,4.053944699000567,10.09
STAGE_MODEL_POLICY,2,4.104413858993212,10.084
STAGE_MODEL_POLICY,2,4.155159824003931,10.084
STAGE_MODEL_POLICY,2,4.205705186002888,10.083
STAGE_MODEL_POLICY,2,4.25606795900967,10.083
STAGE_MODEL_POLICY,2,4.306668011005968,10.072
STAGE_MODEL_POLICY,2,4.357335000997409,10.072
STAGE_MODEL_POLICY,2,4.4079462150111794,10.082
STAGE_MODEL_POLICY,2,4.458379632997094,10.082
STAGE_MODEL_POLICY,2,4.509009303001221,10.074
STAGE_MODEL_POLICY,2,4.559635684010573,10.074
STAGE_MODEL_POLICY,2,4.61029985701316,10.077
STAGE_MODEL_POLICY,2,4.66113794100238,10.077
STAGE_MODEL_POLICY,2,4.711725586996181,10.092
STAGE_MODEL_POLICY,2,4.7624002039956395,10.092
STAGE_MODEL_POLICY,2,4.813213434012141,10.074
STAGE_MODEL_POLICY,2,4.864007347001461,10.074
STAGE_MODEL_POLICY,2,4.914709185017273,10.074
STAGE_MODEL_POLICY,2,4.965304412005935,10.074
STAGE_MODEL_POLICY,2,5.0159882419975474,10.067
STAGE_MODEL_POLICY,2,5.066673788009211,10.067
STAGE_MODEL_POLICY,2,5.117360898992047,10.064
STAGE_MODEL_POLICY,2,5.168024165002862,10.064
STAGE_MODEL_POLICY,2,5.218780107010389,10.068
STAGE_MODEL_POLICY,2,5.269331129005877,10.068
STAGE_MODEL_POLICY,2,5.319789164990652,10.067
STAGE_MODEL_POLICY,2,5.370443649997469,10.067
STAGE_MODEL_POLICY,2,5.421023916016566,10.075
STAGE_MODEL_POLICY,2,5.471600973018212,10.075
STAGE_MODEL_POLICY,2,5.522248052991927,10.065
STAGE_MODEL_POLICY,2,5.572839021013351,10.065
STAGE_MODEL_POLICY,2,5.623398613999598,10.068
STAGE_MODEL_POLICY,2,5.673882572009461,10.068
STAGE_MODEL_POLICY,2,5.724505440011853,10.061
STAGE_MODEL_POLICY,2,5.775188686995534,10.061
STAGE_MODEL_POLICY,2,5.825799407000886,10.061
STAGE_MODEL_POLICY,2,5.876376731990604,10.061
STAGE_MODEL_POLICY,2,5.926861874002498,10.067
STAGE_MODEL_POLICY,2,5.977347013016697,10.065
STAGE_MODEL_POLICY,2,6.027829129016027,10.065
STAGE_MODEL_POLICY,2,6.078568186989287,10.062
STAGE_MODEL_POLICY,2,6.129077382007381,10.062
STAGE_MODEL_POLICY,2,6.17957824000041,10.067
STAGE_MODEL_POLICY,2,6.230191509006545,10.067
STAGE_MODEL_POLICY,2,6.280868775007548,10.065
STAGE_MODEL_POLICY,2,6.331484861992067,10.065
STAGE_MODEL_POLICY,2,6.38194298101007,10.065
STAGE_MODEL_POLICY,2,6.432481533003738,6.852
STAGE_MODEL_POLICY,2,6.487817826011451,10.545
STAGE_MODEL_POLICY,2,6.539046922989655,10.545
STAGE_MODEL_POLICY,2,6.590654094994534,10.05
STAGE_MODEL_POLICY,2,6.64129586899071,10.05
STAGE_MODEL_POLICY,2,6.691921788995387,10.075
STAGE_MODEL_POLICY,2,6.742453821992967,10.075
STAGE_MODEL_POLICY,2,6.793137422006112,10.084
STAGE_MODEL_POLICY,2,6.843693210015772,10.084
STAGE_MODEL_POLICY,2,6.8941793229896575,10.085
STAGE_MODEL_POLICY,2,6.944842282013269,10.085
STAGE_MODEL_POLICY,2,6.995458891993621,10.075
STAGE_MODEL_POLICY,2,7.046014963008929,10.075
STAGE_MODEL_POLICY,2,7.096684017014923,10.05
STAGE_MODEL_POLICY,2,7.14742219101754,10.05
STAGE_MODEL_POLICY,2,7.197892515017884,12.922
STAGE_MODEL_POLICY,2,7.250023444008548,12.922
STAGE_MODEL_POLICY,2,7.307928580994485,19.313
STAGE_MODEL_POLICY,2,7.361664477008162,19.313
STAGE_MODEL_POLICY,2,7.4133707839937415,9.249
STAGE_MODEL_POLICY,2,7.463850566011388,9.249
STAGE_MODEL_POLICY,2,7.514377859013621,9.555
STAGE_MODEL_POLICY,2,7.565672352997353,9.555
STAGE_MODEL_POLICY,2,7.6217712860088795,8.991
STAGE_MODEL_POLICY,2,7.67318315099692,8.991
STAGE_MODEL_POLICY,2,7.725356209004531,11.363
STAGE_MODEL_POLICY,2,7.776661383017199,9.152
STAGE_MODEL_POLICY,2,7.827841368998634,9.152
STAGE_MODEL_POLICY,2,7.880894358007936,10.124
STAGE_MODEL_POLICY,2,7.931488203990739,10.124
STAGE_MODEL_POLICY,2,7.988743572001113,10.545
STAGE_MODEL_POLICY,2,8.04011449101381,10.545
STAGE_MODEL_POLICY,2,8.09255232400028,10.032
STAGE_MODEL_POLICY,2,8.143030744016869,10.032
STAGE_MODEL_POLICY,2,8.193470557016553,10.043
STAGE_MODEL_POLICY,2,8.24410064399126,10.043
STAGE_MODEL_POLICY,2,8.294608630996663,10.054
STAGE_MODEL_POLICY,2,8.345343113993295,10.054
STAGE_MODEL_POLICY,2,8.395787257992197,13.19
STAGE_MODEL_POLICY,2,8.448189635004383,13.19
STAGE_MODEL_POLICY,2,8.49979441499454,10.057
STAGE_MODEL_POLICY,2,8.550352271995507,10.057
STAGE_MODEL_POLICY,2,8.600801449996652,10.027
STAGE_MODEL_POLICY,2,8.651309633016353,10.027
STAGE_MODEL_POLICY,2,8.702105826989282,10.084
STAGE_MODEL_POLICY,2,8.757930830994155,10.084
STAGE_MODEL_POLICY,2,8.808568164007738,10.32
STAGE_MODEL_POLICY,2,8.861412457015831,10.32
STAGE_MODEL_POLICY,2,8.9127938960155,10.096
STAGE_MODEL_POLICY,2,8.963474896008847,10.096
STAGE_MODEL_POLICY,2,9.014098078012466,10.07
STAGE_MODEL_POLICY,2,9.064702005998697,10.07
STAGE_MODEL_POLICY,2,9.115260112012038,10.078
STAGE_MODEL_POLICY,2,9.165932787000202,10.078
STAGE_MODEL_POLICY,2,9.216672181995818,10.079
STAGE_MODEL_POLICY,2,9.267044676991645,10.079
STAGE_MODEL_POLICY,2,9.31748758701724,10.419
STAGE_MODEL_POLICY,2,9.368704975990113,10.419
STAGE_MODEL_POLICY,2,9.421588077006163,10.138
STAGE_MODEL_POLICY,2,9.472060714004328,10.138
STAGE_MODEL_POLICY,2,9.522611755994149,10.149
STAGE_MODEL_POLICY,2,9.573057775996858,18.446
STAGE_MODEL_POLICY,2,9.634034637012519,18.446
STAGE_MODEL_POLICY,2,9.68541240200284,19.374
STAGE_MODEL_POLICY,2,9.737527534016408,19.374
STAGE_MODEL_POLICY,2,9.78875240898924,9.604
STAGE_MODEL_POLICY,2,9.839219679997768,9.604
STAGE_MODEL_POLICY,2,9.889645969989942,9.847
STAGE_MODEL_POLICY,2,9.940088424016722,9.847
STAGE_MODEL_POLICY,2,9.99043407701538,9.928
STAGE_MODEL_POLICY,2,10.040906890993938,9.928
STAGE_MODEL_POLICY,2,10.091624777007382,10.761
STAGE_MODEL_POLICY,2,10.1430550669902,10.761
STAGE_MODEL_POLICY,2,10.194321048009442,10.099
STAGE_MODEL_POLICY,2,10.24486934300512,10.099
STAGE_MODEL_POLICY,2,10.29534887400223,9.81
STAGE_MODEL_POLICY,2,10.348034569993615,9.81
STAGE_MODEL_POLICY,2,10.399665595992701,10.049
STAGE_MODEL_POLICY,2,10.45017935000942,10.049
STAGE_MODEL_POLICY,2,10.500839916989207,10.051
STAGE_MODEL_POLICY,2,10.551338841003599,10.051
STAGE_MODEL_POLICY,2,10.603727094014175,8.395
STAGE_MODEL_POLICY,2,10.6553055930126,8.395
STAGE_MODEL_POLICY,2,10.709103257016977,10.053
STAGE_MODEL_POLICY,2,10.75967985301395,10.053
STAGE_MODEL_POLICY,2,10.810282932012342,10.293
STAGE_MODEL_POLICY,2,10.864746341016144,10.293
STAGE_MODEL_POLICY,2,10.916220345010515,10.101
STAGE_MODEL_POLICY,2,10.96689730399521,10.101
STAGE_MODEL_POLICY,2,11.017529053991893,10.069
STAGE_MODEL_POLICY,2,11.068163787014782,10.069
STAGE_MODEL_POLICY,2,11.11870018101763,9.344
STAGE_MODEL_POLICY,2,11.170067945000483,9.344
STAGE_MODEL_POLICY,2,11.22320419101743,10.017
STAGE_MODEL_POLICY,2,11.273842647991842,10.017
STAGE_MODEL_POLICY,2,11.324371811002493,10.016
STAGE_MODEL_POLICY,2,11.374916619999567,10.016
STAGE_MODEL_POLICY,2,11.425628249999136,11.55
STAGE_MODEL_POLICY,2,11.477343058999395,9.146
STAGE_MODEL_POLICY,2,11.529349459015066,10.34
STAGE_MODEL_POLICY,2,11.591099223005585,9.874
STAGE_MODEL_POLICY,2,11.642587668990018,9.874
STAGE_MODEL_POLICY,2,11.694931533013005,9.999
STAGE_MODEL_POLICY,2,11.745690434006974,9.999
STAGE_MODEL_POLICY,2,11.804039850016125,9.491
STAGE_MODEL_POLICY,2,11.855595182016259,10.626
STAGE_MODEL_POLICY,2,11.908590481994906,7.449
STAGE_MODEL_POLICY,2,11.95989031199133,10.209
STAGE_MODEL_POLICY,2,12.02449032998993,9.219
STAGE_MODEL_POLICY,2,12.075832230009837,13.006
STAGE_MODEL_POLICY,2,12.127553199999966,13.006
STAGE_MODEL_POLICY,2,12.17915610500495,10.292
STAGE_MODEL_POLICY,2,12.240724956005579,10.292
STAGE_MODEL_POLICY,2,12.291178859013598,15.27
STAGE_MODEL_POLICY,2,12.343917534017237,15.27
STAGE_MODEL_POLICY,2,12.395189186005155,9.856
STAGE_MODEL_POLICY,2,12.459069747012109,9.856
STAGE_MODEL_POLICY,2,12.510515133995796,10.047
STAGE_MODEL_POLICY,2,12.562841662002029,10.047
STAGE_MODEL_POLICY,2,12.614132262999192,10.093
STAGE_MODEL_POLICY,2,12.671851652994519,10.093
STAGE_MODEL_POLICY,2,12.723004608997144,8.783
STAGE_MODEL_POLICY,2,12.77758799600997,10.291
STAGE_MODEL_POLICY,2,12.82818356298958,10.291
STAGE_MODEL_POLICY,2,12.878730054013431,10.182
STAGE_MODEL_POLICY,2,12.93575483901077,10.182
STAGE_MODEL_POLICY,2,12.992554486001609,10.101
STAGE_MODEL_POLICY,2,13.043089348007925,10.101
STAGE_MODEL_POLICY,2,13.093793562002247,10.069
STAGE_MODEL_POLICY,2,13.144338114012498,10.069
STAGE_MODEL_POLICY,2,13.195534839993343,10.267
STAGE_MODEL_POLICY,2,13.249616723012878,10.267
STAGE_MODEL_POLICY,2,13.301127368991729,11.559
STAGE_MODEL_POLICY,2,13.353433056996437,11.559
STAGE_MODEL_POLICY,2,13.408534857007908,10.252
STAGE_MODEL_POLICY,2,13.459289215999888,10.252
STAGE_MODEL_POLICY,2,13.51002517301822,10.132
STAGE_MODEL_POLICY,2,13.560477207007352,10.132
STAGE_MODEL_POLICY,2,13.611237370991148,10.13
STAGE_MODEL_POLICY,2,13.661948441003915,10.13
STAGE_MODEL_POLICY,2,13.71254529201542,10.103
STAGE_MODEL_POLICY,2,13.763021705992287,10.103
STAGE_MODEL_POLICY,2,13.813737160991877,10.165
STAGE_MODEL_POLICY,2,13.866653030010639,10.165
STAGE_MODEL_POLICY,2,13.924422926997067,10.103
STAGE_MODEL_POLICY,2,13.975030967994826,10.055
STAGE_MODEL_POLICY,2,14.025807102007093,10.055
STAGE_MODEL_POLICY,2,14.076490759995067,10.085
STAGE_MODEL_POLICY,2,14.127397139993263,10.085
STAGE_MODEL_POLICY,2,14.178061846003402,10.082
STAGE_MODEL_POLICY,2,14.228607789002126,10.082
STAGE_MODEL_POLICY,2,14.27933753200341,10.085
STAGE_MODEL_POLICY,2,14.33020665901131,10.085
STAGE_MODEL_POLICY,2,14.380993528000545,10.086
STAGE_MODEL_POLICY,2,14.431596765993163,10.086
STAGE_MODEL_POLICY,2,14.48211269400781,10.081
STAGE_MODEL_POLICY,2,14.532892156013986,10.081
STAGE_MODEL_POLICY,2,14.583398176007904,10.084
STAGE_MODEL_POLICY,2,14.633996883989312,10.084
STAGE_MODEL_POLICY,2,14.684743215999333,10.094
STAGE_MODEL_POLICY,2,14.73931016100687,10.094
STAGE_MODEL_POLICY,2,14.790048822993413,9.36
STAGE_MODEL_POLICY,2,14.844447821000358,9.36
STAGE_MODEL_POLICY,2,14.895831508008996,10.137
STAGE_MODEL_POLICY,2,14.946407593990443,10.137
STAGE_MODEL_POLICY,2,14.997097906016279,9.937
STAGE_MODEL_POLICY,2,15.048530860018218,9.937
STAGE_MODEL_POLICY,2,15.10121085299761,10.133
STAGE_MODEL_POLICY,2,15.151741965994006,10.133
STAGE_MODEL_POLICY,2,15.20224014201085,8.868
STAGE_MODEL_POLICY,2,15.257599645992741,8.868
STAGE_MODEL_POLICY,2,15.308858903008513,10.071
STAGE_MODEL_POLICY,2,15.359526042011566,10.071
STAGE_MODEL_POLICY,2,15.410206775995903,10.094
STAGE_MODEL_POLICY,2,15.460772888996871,10.094
STAGE_MODEL_POLICY,2,15.51130619700416,10.102
STAGE_MODEL_POLICY,2,15.561782948992914,10.102
STAGE_MODEL_POLICY,2,15.612461362004979,10.105
STAGE_MODEL_POLICY,2,15.66303248499753,10.105
STAGE_MODEL_POLICY,2,15.713525122991996,10.089
STAGE_MODEL_POLICY,2,15.764071760990191,10.089
STAGE_MODEL_POLICY,2,15.814624769001966,10.097
STAGE_MODEL_POLICY,2,15.86529271499603,10.097
STAGE_MODEL_POLICY,2,15.91582804499194,10.091
STAGE_MODEL_POLICY,2,15.966381503007142,10.091
STAGE_MODEL_POLICY,2,16.016952584992396,10.081
STAGE_MODEL_POLICY,2,16.0675069540157,10.081
STAGE_MODEL_POLICY,2,16.11819427201408,10.085
STAGE_MODEL_POLICY,2,16.168804685992654,10.085
STAGE_MODEL_POLICY,2,16.21931848800159,10.082
STAGE_MODEL_POLICY,2,16.269903248001356,10.082
STAGE_MODEL_POLICY,2,16.320645530009642,10.081
STAGE_MODEL_POLICY,2,16.371195159998024,10.081
STAGE_MODEL_POLICY,2,16.421738433011342,10.072
STAGE_MODEL_POLICY,2,16.472375754005043,10.072
STAGE_MODEL_POLICY,2,16.522793106996687,10.066
STAGE_MODEL_POLICY,2,16.573168477014406,10.066
STAGE_MODEL_POLICY,2,16.623615865013562,10.067
STAGE_MODEL_POLICY,2,16.674319062003633,10.062
STAGE_MODEL_POLICY,2,16.724820108996937,10.062
STAGE_MODEL_POLICY,2,16.7753031750035,10.065
STAGE_MODEL_POLICY,2,16.82580148699344,10.065
STAGE_MODEL_POLICY,2,16.8765208570112,10.061
STAGE_MODEL_POLICY,2,16.927095173014095,10.061
STAGE_MODEL_POLICY,2,16.977549853007076,7.567
STAGE_MODEL_POLICY,2,17.02878477599006,7.567
STAGE_MODEL_POLICY,2,17.079979189002188,11.484
STAGE_MODEL_POLICY,2,17.143047949008178,11.484
STAGE_MODEL_POLICY,2,17.19433019400458,9.507
STAGE_MODEL_POLICY,2,17.244932172005065,9.507
STAGE_MODEL_POLICY,2,17.29569244501181,9.786
STAGE_MODEL_POLICY,2,17.346286043990403,9.786
STAGE_MODEL_POLICY,2,17.396868525014725,9.314
STAGE_MODEL_POLICY,2,17.460164224990876,9.314
STAGE_MODEL_POLICY,2,17.511389502004022,10.16
STAGE_MODEL_POLICY,2,17.56260068100528,10.16
STAGE_MODEL_POLICY,2,17.613960254995618,10.071
STAGE_MODEL_POLICY,2,17.666162334004184,10.071
STAGE_MODEL_POLICY,2,17.72347487701336,10.071
STAGE_MODEL_POLICY,2,17.778217573999427,8.965
STAGE_MODEL_POLICY,2,17.82934523600852,8.965
STAGE_MODEL_POLICY,2,17.88351074399543,10.068
STAGE_MODEL_POLICY,2,17.93407652300084,10.068
STAGE_MODEL_POLICY,2,17.984732147015166,10.125
STAGE_MODEL_POLICY,2,18.037355420005042,10.125
STAGE_MODEL_POLICY,2,18.088654232997214,10.109
STAGE_MODEL_POLICY,2,18.139202980004484,10.109
STAGE_MODEL_POLICY,2,18.189882606995525,10.063
STAGE_MODEL_POLICY,2,18.240675258013653,10.063
STAGE_MODEL_POLICY,2,18.291461585991783,10.043
STAGE_MODEL_POLICY,2,18.341946970991557,10.043
STAGE_MODEL_POLICY,2,18.392693132016575,12.359
STAGE_MODEL_POLICY,2,18.444268562016077,12.359
STAGE_MODEL_POLICY,2,18.49548657599371,9.978
STAGE_MODEL_POLICY,2,18.546135134005453,9.978
STAGE_MODEL_POLICY,2,18.597062154993182,10.036
STAGE_MODEL_POLICY,2,18.647611432999838,10.036
STAGE_MODEL_POLICY,2,18.69804574700538,10.062
STAGE_MODEL_POLICY,2,18.760351046017604,10.062
STAGE_MODEL_POLICY,2,18.810738895990653,10.057
STAGE_MODEL_POLICY,2,18.86217591399327,10.057
STAGE_MODEL_POLICY,2,18.91352905399981,10.133
STAGE_MODEL_POLICY,2,18.96585430399864,10.133
STAGE_MODEL_POLICY,2,19.02281790401321,10.09
STAGE_MODEL_POLICY,2,19.0733213420026,10.05
STAGE_MODEL_POLICY,2,19.123810165008763,10.05
STAGE_MODEL_POLICY,2,19.17437612399226,10.162
STAGE_MODEL_POLICY,2,19.226016984001035,10.162
STAGE_MODEL_POLICY,2,19.28015182199306,10.073
STAGE_MODEL_POLICY,2,19.330776310001966,10.073
STAGE_MODEL_POLICY,2,19.381582175003132,6.653
STAGE_MODEL_POLICY,2,19.433908906008583,6.653
STAGE_MODEL_POLICY,2,19.485448601015378,10.131
STAGE_MODEL_POLICY,2,19.53605330301798,10.131
STAGE_MODEL_POLICY,2,19.586969382013194,10.106
STAGE_MODEL_POLICY,2,19.63739474801696,10.106
STAGE_MODEL_POLICY,2,19.68803688400658,10.111
STAGE_MODEL_POLICY,2,19.738631140004145,10.111
STAGE_MODEL_POLICY,2,19.789212439995026,10.105
STAGE_MODEL_POLICY,2,19.839667513995664,10.105
STAGE_MODEL_POLICY,2,19.890381976991193,10.13
STAGE_MODEL_POLICY,2,19.940965426998446,10.13
STAGE_MODEL_POLICY,2,19.991381566011114,10.124
STAGE_MODEL_POLICY,2,20.04193419701187,10.124
STAGE_MODEL_POLICY,2,20.092656496999552,10.122
STAGE_MODEL_POLICY,2,20.143264963000547,10.122
STAGE_MODEL_POLICY,2,20.194201967009576,10.117
STAGE_MODEL_POLICY,2,20.244757344014943,10.117
STAGE_MODEL_POLICY,2,20.295272671006387,10.109
STAGE_MODEL_POLICY,2,20.345753688015975,10.109
STAGE_MODEL_POLICY,2,20.396332361997338,10.112
STAGE_MODEL_POLICY,2,20.446913262014277,10.112
STAGE_MODEL_POLICY,2,20.497515436989488,10.111
STAGE_MODEL_POLICY,2,20.54816001901054,10.111
STAGE_MODEL_POLICY,2,20.598639228992397,10.11
STAGE_MODEL_POLICY,2,20.64924064799561,10.11
STAGE_MODEL_POLICY,2,20.699784475000342,10.102
STAGE_MODEL_POLICY,2,20.75044823999633,10.102
STAGE_MODEL_POLICY,2,20.80116278200876,10.092
STAGE_MODEL_POLICY,2,20.85174702599761,10.092
STAGE_MODEL_POLICY,2,20.90236190299038,10.102
STAGE_MODEL_POLICY,2,20.95294680801453,10.102
STAGE_MODEL_POLICY,2,21.003589710016968,10.088
STAGE_MODEL_POLICY,2,21.054230084002484,10.088
STAGE_MODEL_POLICY,2,21.104870076000225,10.085
STAGE_MODEL_POLICY,2,21.155454994004685,10.085
STAGE_MODEL_POLICY,2,21.205901317007374,10.08
STAGE_MODEL_POLICY,2,21.25667276600143,10.08
STAGE_MODEL_POLICY,2,21.307283539994387,10.083
STAGE_MODEL_POLICY,2,21.357929065998178,10.083
STAGE_MODEL_POLICY,2,21.408532681991346,10.076
STAGE_MODEL_POLICY,2,21.45906909700716,10.076
STAGE_MODEL_POLICY,2,21.50956262901309,10.064
STAGE_MODEL_POLICY,2,21.559968109999318,10.064
STAGE_MODEL_POLICY,2,21.61064861199702,10.073
STAGE_MODEL_POLICY,2,21.66118778300006,10.073
STAGE_MODEL_POLICY,2,21.71176492801169,10.071
STAGE_MODEL_POLICY,2,21.762238135997904,10.071
STAGE_MODEL_POLICY,2,21.812746394018177,10.058
STAGE_MODEL_POLICY,2,21.863402110990137,10.058
STAGE_MODEL_POLICY,2,21.914004466991173,10.058
STAGE_MODEL_POLICY,2,21.964762309013167,10.058
STAGE_MODEL_POLICY,2,22.01529154399759,10.048
STAGE_MODEL_POLICY,2,22.065867013996467,10.048
STAGE_MODEL_POLICY,2,22.116429387009703,10.043
STAGE_MODEL_POLICY,2,22.167072554002516,10.043
STAGE_MODEL_POLICY,2,22.217844377999427,11.172
STAGE_MODEL_POLICY,2,22.269669833010994,11.172
STAGE_MODEL_POLICY,2,22.32129413000075,10.049
STAGE_MODEL_POLICY,2,22.372159335995093,9.229
STAGE_MODEL_POLICY,2,22.429811011999846,9.229
STAGE_MODEL_POLICY,2,22.481082999001956,10.104
STAGE_MODEL_POLICY,2,22.53147091800929,10.104
STAGE_MODEL_POLICY,2,22.58199803699972,10.074
STAGE_MODEL_POLICY,2,22.633249033999164,10.074
STAGE_MODEL_POLICY,2,22.685528558999067,10.055
STAGE_MODEL_POLICY,2,22.73603851100779,10.055
STAGE_MODEL_POLICY,2,22.786777438013814,8.866
STAGE_MODEL_POLICY,2,22.839829289994668,10.16
STAGE_MODEL_POLICY,2,22.892552239994984,9.87
STAGE_MODEL_POLICY,2,22.944258930016076,9.87
STAGE_MODEL_POLICY,2,22.99683316599112,10.035
STAGE_MODEL_POLICY,2,23.047493544989266,10.035
STAGE_MODEL_POLICY,2,23.0979455030174,10.049
STAGE_MODEL_POLICY,2,23.150517111003865,10.049
STAGE_MODEL_POLICY,2,23.2010014129919,6.85
STAGE_MODEL_POLICY,2,23.25702031000401,6.85
STAGE_MODEL_POLICY,2,23.308563878992572,16.121
STAGE_MODEL_POLICY,2,23.360454906011,16.121
STAGE_MODEL_POLICY,2,23.414950373989996,9.498
STAGE_MODEL_POLICY,2,23.465588181017665,9.498
STAGE_MODEL_POLICY,2,23.516227117012022,9.803
STAGE_MODEL_POLICY,2,23.567492328991648,9.803
STAGE_MODEL_POLICY,2,23.619627134001348,10.046
STAGE_MODEL_POLICY,2,23.670380363008007,10.046
STAGE_MODEL_POLICY,2,23.720975470001576,10.046
STAGE_MODEL_POLICY,2,23.77144523599418,9.809
STAGE_MODEL_POLICY,2,23.822472229017876,10.912
STAGE_MODEL_POLICY,2,23.873805450013606,9.536
STAGE_MODEL_POLICY,2,23.925175731012132,9.536
STAGE_MODEL_POLICY,2,23.977656292991014,10.086
STAGE_MODEL_POLICY,2,24.028335662995232,10.086
STAGE_MODEL_POLICY,2,24.0788662120176,10.077
STAGE_MODEL_POLICY,2,24.12943701999029,10.077
STAGE_MODEL_POLICY,2,24.180076913995435,10.059
STAGE_MODEL_POLICY,2,24.230834548012353,10.059
STAGE_MODEL_POLICY,2,24.281432274001418,8.647
STAGE_MODEL_POLICY,2,24.333816313010175,8.647
STAGE_MODEL_POLICY,2,24.38670354001806,10.122
STAGE_MODEL_POLICY,2,24.437223312008427,10.122
STAGE_MODEL_POLICY,2,24.487659067992354,6.739
STAGE_MODEL_POLICY,2,24.54056241500075,6.739
STAGE_MODEL_POLICY,2,24.59185505300411,10.099
STAGE_MODEL_POLICY,2,24.642376211006194,10.099
STAGE_MODEL_POLICY,2,24.692975587007822,10.117
STAGE_MODEL_POLICY,2,24.743745656014653,10.117
STAGE_MODEL_POLICY,2,24.79418984800577,10.112
STAGE_MODEL_POLICY,2,24.84472910698969,10.112
STAGE_MODEL_POLICY,2,24.89534612299758,10.112
STAGE_MODEL_POLICY,2,24.945983265002724,10.112
STAGE_MODEL_POLICY,2,24.996613850991707,10.109
STAGE_MODEL_POLICY,2,25.047291663009673,10.109
STAGE_MODEL_POLICY,2,25.097970714006806,10.107
STAGE_MODEL_POLICY,2,25.14855139600695,10.107
STAGE_MODEL_POLICY,2,25.19901291100541,10.106
STAGE_MODEL_POLICY,2,25.249563855002634,10.106
STAGE_MODEL_POLICY,2,25.300306206016103,10.102
STAGE_MODEL_POLICY,2,25.35092540399637,10.102
STAGE_MODEL_POLICY,2,25.40157588699367,10.102
STAGE_MODEL_POLICY,2,25.452232356008608,10.102
STAGE_MODEL_POLICY,2,25.502705037011765,10.1
STAGE_MODEL_POLICY,2,25.553143864992307,10.1
STAGE_MODEL_POLICY,2,25.603635156003293,10.104
STAGE_MODEL_POLICY,2,25.654114542994648,10.104
STAGE_MODEL_POLICY,2,25.70473290499649,10.108
STAGE_MODEL_POLICY,2,25.75515440100571,10.108
STAGE_MODEL_POLICY,2,25.8056324319914,10.11
STAGE_MODEL_POLICY,2,25.856189390993677,10.11
STAGE_MODEL_POLICY,2,25.906695917015895,10.108
STAGE_MODEL_POLICY,2,25.95731617300771,10.108
STAGE_MODEL_POLICY,2,26.007984110008692,9.429
STAGE_MODEL_POLICY,2,26.060338896000758,9.429
STAGE_MODEL_POLICY,2,26.111773595999693,10.04
STAGE_MODEL_POLICY,2,26.162271672015777,10.04
STAGE_MODEL_POLICY,2,26.21284751399071,10.272
STAGE_MODEL_POLICY,2,26.269129677995807,10.018
STAGE_MODEL_POLICY,2,26.320611483009998,10.018
STAGE_MODEL_POLICY,2,26.373702559998492,10.105
STAGE_MODEL_POLICY,2,26.42417848299374,10.105
STAGE_MODEL_POLICY,2,26.486267227010103,9.353
STAGE_MODEL_POLICY,2,26.53753066799254,9.353
STAGE_MODEL_POLICY,2,26.590609692008,10.098
STAGE_MODEL_POLICY,2,26.641153050994035,10.098
STAGE_MODEL_POLICY,2,26.700950185011607,9.606
STAGE_MODEL_POLICY,2,26.752472066989867,9.606
STAGE_MODEL_POLICY,2,26.805764321004972,10.126
STAGE_MODEL_POLICY,2,26.856326212990098,10.126
STAGE_MODEL_POLICY,2,26.91657181599294,6.458
STAGE_MODEL_POLICY,2,26.967828869004734,6.458
STAGE_MODEL_POLICY,2,27.021683152008336,10.119
STAGE_MODEL_POLICY,2,27.072223518014653,10.113
STAGE_MODEL_POLICY,2,27.12268684001174,10.113
STAGE_MODEL_POLICY,2,27.173105057998328,10.12
STAGE_MODEL_POLICY,2,27.22343777999049,10.12
STAGE_MODEL_POLICY,2,27.27391941001406,10.129
STAGE_MODEL_POLICY,2,27.3247225570085,10.129
STAGE_MODEL_POLICY,2,27.375249503995292,10.14
STAGE_MODEL_POLICY,2,27.42577619300573,10.14
STAGE_MODEL_POLICY,2,27.476317394000944,10.135
STAGE_MODEL_POLICY,2,27.526962931005983,10.135
STAGE_MODEL_POLICY,2,27.577534829004435,10.129
STAGE_MODEL_POLICY,2,27.6280060140125,10.129
STAGE_MODEL_POLICY,2,27.67866735201096,8.832
STAGE_MODEL_POLICY,2,27.73394241501228,8.832
STAGE_MODEL_POLICY,2,27.785258107993286,10.058
STAGE_MODEL_POLICY,2,27.83577797099133,10.058
STAGE_MODEL_POLICY,2,27.88792090700008,9.709
STAGE_MODEL_POLICY,2,27.939162944006966,10.538
STAGE_MODEL_POLICY,2,28.00302934201318,9.704
STAGE_MODEL_POLICY,2,28.05487819199334,9.704
STAGE_MODEL_POLICY,2,28.1072717049974,10.146
STAGE_MODEL_POLICY,2,28.15773389401147,10.146
STAGE_MODEL_POLICY,2,28.217433626006823,6.268
STAGE_MODEL_POLICY,2,28.269089726993116,10.095
STAGE_MODEL_POLICY,2,28.322998171002837,10.096
STAGE_MODEL_POLICY,2,28.37358344500535,10.097
STAGE_MODEL_POLICY,2,28.424336026015226,10.097
STAGE_MODEL_POLICY,2,28.47488726800657,9.715
STAGE_MODEL_POLICY,2,28.526366442994913,12.471
STAGE_MODEL_POLICY,2,28.578437826014124,9.451
STAGE_MODEL_POLICY,2,28.633190652006306,11.597
STAGE_MODEL_POLICY,2,28.684528334997594,9.619
STAGE_MODEL_POLICY,2,28.73691324601532,9.619
STAGE_MODEL_POLICY,2,28.7922691499989,10.09
STAGE_MODEL_POLICY,2,28.842638350004563,10.09
STAGE_MODEL_POLICY,2,28.893107073003193,10.08
STAGE_MODEL_POLICY,2,28.943583982007112,10.08
STAGE_MODEL_POLICY,2,28.994320480996976,10.059
STAGE_MODEL_POLICY,2,29.04490379500203,10.059
STAGE_MODEL_POLICY,2,29.09561166499043,10.054
STAGE_MODEL_POLICY,2,29.146065020991955,10.054
STAGE_MODEL_POLICY,2,29.196602223004447,10.053
STAGE_MODEL_POLICY,2,29.247212388989283,10.053
STAGE_MODEL_POLICY,2,29.297926956001902,10.091
STAGE_MODEL_POLICY,2,29.348973471001955,10.091
STAGE_MODEL_POLICY,2,29.399363017000724,10.047
STAGE_MODEL_POLICY,2,29.450027236016467,10.047
STAGE_MODEL_POLICY,2,29.500848012015922,6.055
STAGE_MODEL_POLICY,2,29.55802122899331,6.055
STAGE_MODEL_POLICY,2,29.609352038009092,13.906
STAGE_MODEL_POLICY,2,29.660645764990477,13.906
STAGE_MODEL_POLICY,2,29.71335460001137,9.772
STAGE_MODEL_POLICY,2,29.764062191999983,9.772
STAGE_MODEL_POLICY,2,29.814536290999968,9.968
STAGE_MODEL_POLICY,2,29.864952745992923,9.968
STAGE_MODEL_POLICY,2,29.915482468990376,10.01
STAGE_MODEL_POLICY,2,29.966184719989542,10.01
STAGE_FULL_PIPELINE,2,0.0011472020123619586,10.029
STAGE_FULL_PIPELINE,2,0.05168834299547598,10.043
STAGE_FULL_PIPELINE,2,0.10250006400747225,10.043
STAGE_FULL_PIPELINE,2,0.15307622801628895,10.696
STAGE_FULL_PIPELINE,2,0.20448544700047933,10.696
STAGE_FULL_PIPELINE,2,0.2572224030154757,10.121
STAGE_FULL_PIPELINE,2,0.30801150799379684,10.121
STAGE_FULL_PIPELINE,2,0.3592733870027587,10.108
STAGE_FULL_PIPELINE,2,0.4100434030115139,10.108
STAGE_FULL_PIPELINE,2,0.46055590600008145,10.1
STAGE_FULL_PIPELINE,2,0.5111638820089865,10.1
STAGE_FULL_PIPELINE,2,0.5617380549956579,10.092
STAGE_FULL_PIPELINE,2,0.6123764700023457,10.092
STAGE_FULL_PIPELINE,2,0.6631659900012892,10.09
STAGE_FULL_PIPELINE,2,0.7137670970114414,10.09
STAGE_FULL_PIPELINE,2,0.764434444019571,10.086
STAGE_FULL_PIPELINE,2,0.8151057650102302,10.086
STAGE_FULL_PIPELINE,2,0.8657633030088618,10.086
STAGE_FULL_PIPELINE,2,0.9162806710228324,10.086
STAGE_FULL_PIPELINE,2,0.9672525580099318,10.089
STAGE_FULL_PIPELINE,2,1.0178738910180982,10.089
STAGE_FULL_PIPELINE,2,1.0685255640128162,10.088
STAGE_FULL_PIPELINE,2,1.1190882670052815,10.088
STAGE_FULL_PIPELINE,2,1.169557931018062,10.088
STAGE_FULL_PIPELINE,2,1.2202191010001116,10.088
STAGE_FULL_PIPELINE,2,1.2706869480025489,10.087
STAGE_FULL_PIPELINE,2,1.3212930440204218,10.087
STAGE_FULL_PIPELINE,2,1.3720655680226628,10.085
STAGE_FULL_PIPELINE,2,1.4226472190057393,10.085
STAGE_FULL_PIPELINE,2,1.473102378018666,10.082
STAGE_FULL_PIPELINE,2,1.523583141999552,10.082
STAGE_FULL_PIPELINE,2,1.5740821910148952,10.082
STAGE_FULL_PIPELINE,2,1.6244819130224641,10.082
STAGE_FULL_PIPELINE,2,1.6752496310218703,10.083
STAGE_FULL_PIPELINE,2,1.7257814930053428,10.083
STAGE_FULL_PIPELINE,2,1.776528700022027,10.081
STAGE_FULL_PIPELINE,2,1.8270671570207924,10.081
STAGE_FULL_PIPELINE,2,1.8775716109958012,10.081
STAGE_FULL_PIPELINE,2,1.9284682620200329,10.081
STAGE_FULL_PIPELINE,2,1.9790971880138386,10.078
STAGE_FULL_PIPELINE,2,2.0295016810123343,10.078
STAGE_FULL_PIPELINE,2,2.0799758009961806,10.076
STAGE_FULL_PIPELINE,2,2.1303733870154247,10.076
STAGE_FULL_PIPELINE,2,2.180851633020211,10.078
STAGE_FULL_PIPELINE,2,2.231242670008214,10.078
STAGE_FULL_PIPELINE,2,2.2816099199990276,10.081
STAGE_FULL_PIPELINE,2,2.332034963008482,10.081
STAGE_FULL_PIPELINE,2,2.382535493001342,8.824
STAGE_FULL_PIPELINE,2,2.4374082570138853,8.824
STAGE_FULL_PIPELINE,2,2.4885947660077363,10.021
STAGE_FULL_PIPELINE,2,2.54067442700034,10.021
STAGE_FULL_PIPELINE,2,2.5920313149981666,9.091
STAGE_FULL_PIPELINE,2,2.6570755770080723,10.941
STAGE_FULL_PIPELINE,2,2.7084882640047,8.86
STAGE_FULL_PIPELINE,2,2.759740256005898,11.3
STAGE_FULL_PIPELINE,2,2.8110664230189286,11.3
STAGE_FULL_PIPELINE,2,2.8624983259942383,10.055
STAGE_FULL_PIPELINE,2,2.9129465720034204,10.055
STAGE_FULL_PIPELINE,2,2.963359841000056,10.066
STAGE_FULL_PIPELINE,2,3.013867728994228,10.066
STAGE_FULL_PIPELINE,2,3.0643722630047705,13.278
STAGE_FULL_PIPELINE,2,3.116811140003847,13.278
STAGE_FULL_PIPELINE,2,3.174953573005041,16.271
STAGE_FULL_PIPELINE,2,3.226186929998221,16.271
STAGE_FULL_PIPELINE,2,3.2787862819968723,10.049
STAGE_FULL_PIPELINE,2,3.329390441009309,10.049
STAGE_FULL_PIPELINE,2,3.380143078014953,10.055
STAGE_FULL_PIPELINE,2,3.4307072150113527,10.055
STAGE_FULL_PIPELINE,2,3.4812121620052494,10.063
STAGE_FULL_PIPELINE,2,3.5318101400043815,10.063
STAGE_FULL_PIPELINE,2,3.5823992539953906,11.053
STAGE_FULL_PIPELINE,2,3.6339744480210356,11.053
STAGE_FULL_PIPELINE,2,3.6915645010012668,10.09
STAGE_FULL_PIPELINE,2,3.7421352230012417,10.09
STAGE_FULL_PIPELINE,2,3.792882517009275,10.092
STAGE_FULL_PIPELINE,2,3.843507063022116,10.092
STAGE_FULL_PIPELINE,2,3.8941518040082883,10.074
STAGE_FULL_PIPELINE,2,3.948482699022861,10.074
STAGE_FULL_PIPELINE,2,3.999003303993959,10.749
STAGE_FULL_PIPELINE,2,4.0504907790164,10.031
STAGE_FULL_PIPELINE,2,4.101185424020514,10.031
STAGE_FULL_PIPELINE,2,4.151690954022342,11.041
STAGE_FULL_PIPELINE,2,4.203402633022051,11.041
STAGE_FULL_PIPELINE,2,4.258748323016334,10.067
STAGE_FULL_PIPELINE,2,4.30938580702059,10.067
STAGE_FULL_PIPELINE,2,4.359975719999056,12.838
STAGE_FULL_PIPELINE,2,4.412228844012134,12.838
STAGE_FULL_PIPELINE,2,4.470056555001065,10.09
STAGE_FULL_PIPELINE,2,4.520644107018597,10.09
STAGE_FULL_PIPELINE,2,4.571359964000294,10.061
STAGE_FULL_PIPELINE,2,4.62203286201111,10.061
STAGE_FULL_PIPELINE,2,4.673049592005555,10.049
STAGE_FULL_PIPELINE,2,4.723659809998935,10.049
STAGE_FULL_PIPELINE,2,4.774267902015708,10.043
STAGE_FULL_PIPELINE,2,4.824795724009164,10.043
STAGE_FULL_PIPELINE,2,4.8753259500081185,10.571
STAGE_FULL_PIPELINE,2,4.927204316016287,10.571
STAGE_FULL_PIPELINE,2,4.984535958006745,10.086
STAGE_FULL_PIPELINE,2,5.035559765005019,10.086
STAGE_FULL_PIPELINE,2,5.086149267008295,10.538
STAGE_FULL_PIPELINE,2,5.139385198999662,10.538
STAGE_FULL_PIPELINE,2,5.190909023018321,10.036
STAGE_FULL_PIPELINE,2,5.241486353013897,10.036
STAGE_FULL_PIPELINE,2,5.2923311930208,11.235
STAGE_FULL_PIPELINE,2,5.3437722850067075,11.235
STAGE_FULL_PIPELINE,2,5.397079061018303,10.072
STAGE_FULL_PIPELINE,2,5.447648333996767,10.072
STAGE_FULL_PIPELINE,2,5.498065938998479,9.984
STAGE_FULL_PIPELINE,2,5.549693191016559,10.082
STAGE_FULL_PIPELINE,2,5.600152781000361,10.082
STAGE_FULL_PIPELINE,2,5.650783908000449,10.066
STAGE_FULL_PIPELINE,2,5.701639438018901,10.066
STAGE_FULL_PIPELINE,2,5.752414203016087,10.55
STAGE_FULL_PIPELINE,2,5.808707115997095,10.55
STAGE_FULL_PIPELINE,2,5.860101193014998,10.331
STAGE_FULL_PIPELINE,2,5.910830856009852,10.331
STAGE_FULL_PIPELINE,2,5.961507935018744,10.204
STAGE_FULL_PIPELINE,2,6.011989574995823,10.204
STAGE_FULL_PIPELINE,2,6.062729227996897,10.15
STAGE_FULL_PIPELINE,2,6.113371531013399,10.15
STAGE_FULL_PIPELINE,2,6.164016281021759,10.127
STAGE_FULL_PIPELINE,2,6.214470011007506,10.127
STAGE_FULL_PIPELINE,2,6.265069916000357,10.121
STAGE_FULL_PIPELINE,2,6.315655459009577,10.121
STAGE_FULL_PIPELINE,2,6.366232465021312,10.103
STAGE_FULL_PIPELINE,2,6.416911323001841,10.103
STAGE_FULL_PIPELINE,2,6.467466350994073,10.093
STAGE_FULL_PIPELINE,2,6.517980964999879,10.093
STAGE_FULL_PIPELINE,2,6.568490405014018,11.222
STAGE_FULL_PIPELINE,2,6.620479472010629,11.222
STAGE_FULL_PIPELINE,2,6.673595953005133,10.025
STAGE_FULL_PIPELINE,2,6.723993335006526,10.025
STAGE_FULL_PIPELINE,2,6.783149276016047,11.279
STAGE_FULL_PIPELINE,2,6.834654659003718,11.279
STAGE_FULL_PIPELINE,2,6.887252715998329,10.028
STAGE_FULL_PIPELINE,2,6.937756921019172,10.028
STAGE_FULL_PIPELINE,2,6.988090497994563,19.225
STAGE_FULL_PIPELINE,2,7.040633241995238,19.225
STAGE_FULL_PIPELINE,2,7.091977771022357,6.079
STAGE_FULL_PIPELINE,2,7.143877373018768,6.079
STAGE_FULL_PIPELINE,2,7.19870122501743,10.694
STAGE_FULL_PIPELINE,2,7.249347911012592,10.694
STAGE_FULL_PIPELINE,2,7.299969679996138,10.35
STAGE_FULL_PIPELINE,2,7.350652966997586,10.239
STAGE_FULL_PIPELINE,2,7.401190422999207,10.239
STAGE_FULL_PIPELINE,2,7.451815183012513,11.036
STAGE_FULL_PIPELINE,2,7.5031106940004975,11.036
STAGE_FULL_PIPELINE,2,7.555593398021301,10.056
STAGE_FULL_PIPELINE,2,7.606084468017798,10.056
STAGE_FULL_PIPELINE,2,7.656619090004824,10.051
STAGE_FULL_PIPELINE,2,7.70708443102194,10.051
STAGE_FULL_PIPELINE,2,7.763146580022294,11.76
STAGE_FULL_PIPELINE,2,7.814378110022517,11.76
STAGE_FULL_PIPELINE,2,7.867679537012009,9.995
STAGE_FULL_PIPELINE,2,7.918189510994125,9.995
STAGE_FULL_PIPELINE,2,7.97740995301865,10.713
STAGE_FULL_PIPELINE,2,8.028703534015222,10.713
STAGE_FULL_PIPELINE,2,8.082275823020609,10.069
STAGE_FULL_PIPELINE,2,8.132880539022153,10.069
STAGE_FULL_PIPELINE,2,8.183511186012765,16.814
STAGE_FULL_PIPELINE,2,8.237227953010006,16.814
STAGE_FULL_PIPELINE,2,8.288987058011116,6.527
STAGE_FULL_PIPELINE,2,8.341421095014084,6.527
STAGE_FULL_PIPELINE,2,8.39444490900496,10.462
STAGE_FULL_PIPELINE,2,8.44519596901955,10.462
STAGE_FULL_PIPELINE,2,8.495675640006084,7.416
STAGE_FULL_PIPELINE,2,8.552890103019308,10.977
STAGE_FULL_PIPELINE,2,8.604214267019415,10.977
STAGE_FULL_PIPELINE,2,8.656452516996069,10.101
STAGE_FULL_PIPELINE,2,8.707028563017957,10.101
STAGE_FULL_PIPELINE,2,8.757525299995905,10.205
STAGE_FULL_PIPELINE,2,8.80956879700534,10.205
STAGE_FULL_PIPELINE,2,8.865407334000338,10.054
STAGE_FULL_PIPELINE,2,8.915815273998305,10.054
STAGE_FULL_PIPELINE,2,8.966335556004196,11.458
STAGE_FULL_PIPELINE,2,9.023169473017333,11.458
STAGE_FULL_PIPELINE,2,9.074329363007564,10.035
STAGE_FULL_PIPELINE,2,9.12492188901524,10.035
STAGE_FULL_PIPELINE,2,9.177055167994695,10.757
STAGE_FULL_PIPELINE,2,9.228288878017338,10.757
STAGE_FULL_PIPELINE,2,9.28249670600053,13.252
STAGE_FULL_PIPELINE,2,9.338090773002477,13.252
STAGE_FULL_PIPELINE,2,9.389535472000716,19.116
STAGE_FULL_PIPELINE,2,9.442042197013507,19.116
STAGE_FULL_PIPELINE,2,9.493542042007903,10.068
STAGE_FULL_PIPELINE,2,9.543975641019642,10.068
STAGE_FULL_PIPELINE,2,9.594477611011826,10.112
STAGE_FULL_PIPELINE,2,9.645000429998618,10.112
STAGE_FULL_PIPELINE,2,9.69544883701019,10.11
STAGE_FULL_PIPELINE,2,9.745967605005717,10.11
STAGE_FULL_PIPELINE,2,9.796480145014357,10.99
STAGE_FULL_PIPELINE,2,9.856336925004143,10.126
STAGE_FULL_PIPELINE,2,9.90693012799602,10.126
STAGE_FULL_PIPELINE,2,9.957631743018283,10.231
STAGE_FULL_PIPELINE,2,10.010216897004284,10.231
STAGE_FULL_PIPELINE,2,10.061452684021788,10.095
STAGE_FULL_PIPELINE,2,10.111917985021137,10.095
STAGE_FULL_PIPELINE,2,10.162459320010385,10.071
STAGE_FULL_PIPELINE,2,10.212937450996833,10.071
STAGE_FULL_PIPELINE,2,10.263540059997467,10.056
STAGE_FULL_PIPELINE,2,10.314125266013434,10.056
STAGE_FULL_PIPELINE,2,10.364621842018096,10.083
STAGE_FULL_PIPELINE,2,10.415073059004499,10.083
STAGE_FULL_PIPELINE,2,10.465856152004562,13.333
STAGE_FULL_PIPELINE,2,10.518612895015394,13.333
STAGE_FULL_PIPELINE,2,10.573141741013387,10.086
STAGE_FULL_PIPELINE,2,10.623610265000025,10.086
STAGE_FULL_PIPELINE,2,10.674109814019175,10.056
STAGE_FULL_PIPELINE,2,10.724694602016825,10.056
STAGE_FULL_PIPELINE,2,10.775341633008793,10.065
STAGE_FULL_PIPELINE,2,10.825990858022124,10.065
STAGE_FULL_PIPELINE,2,10.876650977006648,10.058
STAGE_FULL_PIPELINE,2,10.927270128013333,10.058
STAGE_FULL_PIPELINE,2,10.977746011019917,9.601
STAGE_FULL_PIPELINE,2,11.039597827999387,9.601
STAGE_FULL_PIPELINE,2,11.091110036999453,10.554
STAGE_FULL_PIPELINE,2,11.143760178994853,10.554
STAGE_FULL_PIPELINE,2,11.195258093008306,10.101
STAGE_FULL_PIPELINE,2,11.255190552998101,10.811
STAGE_FULL_PIPELINE,2,11.30690809400403,10.811
STAGE_FULL_PIPELINE,2,11.358881301013753,10.099
STAGE_FULL_PIPELINE,2,11.40944450799725,10.099
STAGE_FULL_PIPELINE,2,11.468578913016245,10.71
STAGE_FULL_PIPELINE,2,11.520366501994431,10.71
STAGE_FULL_PIPELINE,2,11.573648174002301,10.079
STAGE_FULL_PIPELINE,2,11.624122181005077,10.079
STAGE_FULL_PIPELINE,2,11.674521769018611,11.486
STAGE_FULL_PIPELINE,2,11.726665101014078,11.486
STAGE_FULL_PIPELINE,2,11.777920382010052,10.085
STAGE_FULL_PIPELINE,2,11.828653542994289,10.085
STAGE_FULL_PIPELINE,2,11.8792869640165,19.487
STAGE_FULL_PIPELINE,2,11.930635071999859,19.487
STAGE_FULL_PIPELINE,2,11.983294906996889,10.117
STAGE_FULL_PIPELINE,2,12.033885175012983,10.117
STAGE_FULL_PIPELINE,2,12.084441745013464,10.077
STAGE_FULL_PIPELINE,2,12.134869347006315,10.077
STAGE_FULL_PIPELINE,2,12.185277050011791,7.849
STAGE_FULL_PIPELINE,2,12.23687790101394,7.849
STAGE_FULL_PIPELINE,2,12.2881115800119,10.724
STAGE_FULL_PIPELINE,2,12.340393973019673,10.724
STAGE_FULL_PIPELINE,2,12.396871525997994,10.082
STAGE_FULL_PIPELINE,2,12.447418772993842,9.898
STAGE_FULL_PIPELINE,2,12.497861244017258,9.898
STAGE_FULL_PIPELINE,2,12.548469183995621,10.091
STAGE_FULL_PIPELINE,2,12.599188148014946,10.091
STAGE_FULL_PIPELINE,2,12.649767633003648,10.094
STAGE_FULL_PIPELINE,2,12.700345271005062,10.094
STAGE_FULL_PIPELINE,2,12.75085958201089,10.098
STAGE_FULL_PIPELINE,2,12.8013132380147,10.098
STAGE_FULL_PIPELINE,2,12.851795718015637,12.229
STAGE_FULL_PIPELINE,2,12.903555269003846,12.229
STAGE_FULL_PIPELINE,2,12.958975893008756,10.126
STAGE_FULL_PIPELINE,2,13.009540377999656,10.126
STAGE_FULL_PIPELINE,2,13.059964120999211,10.089
STAGE_FULL_PIPELINE,2,13.110521611000877,10.089
STAGE_FULL_PIPELINE,2,13.16116091501317,10.074
STAGE_FULL_PIPELINE,2,13.211866743018618,10.074
STAGE_FULL_PIPELINE,2,13.262274997017812,10.09
STAGE_FULL_PIPELINE,2,13.312855630996637,10.09
STAGE_FULL_PIPELINE,2,13.363458273001015,10.09
STAGE_FULL_PIPELINE,2,13.413985823019175,10.09
STAGE_FULL_PIPELINE,2,13.464617628022097,10.722
STAGE_FULL_PIPELINE,2,13.515832792007132,10.722
STAGE_FULL_PIPELINE,2,13.568609612993896,10.084
STAGE_FULL_PIPELINE,2,13.619141967006726,10.084
STAGE_FULL_PIPELINE,2,13.669691525021335,9.972
STAGE_FULL_PIPELINE,2,13.726255418005167,9.972
STAGE_FULL_PIPELINE,2,13.777702265011612,10.119
STAGE_FULL_PIPELINE,2,13.82830491400091,10.119
STAGE_FULL_PIPELINE,2,13.879096079996089,10.109
STAGE_FULL_PIPELINE,2,13.92986298899632,10.109
STAGE_FULL_PIPELINE,2,13.980295008019311,10.144
STAGE_FULL_PIPELINE,2,14.031645642011426,10.144
STAGE_FULL_PIPELINE,2,14.084647865995066,10.107
STAGE_FULL_PIPELINE,2,14.135228405008093,10.107
STAGE_FULL_PIPELINE,2,14.192368525022175,14.706
STAGE_FULL_PIPELINE,2,14.243629049014999,9.567
STAGE_FULL_PIPELINE,2,14.295650579995709,17.359
STAGE_FULL_PIPELINE,2,14.34696574602276,15.096
STAGE_FULL_PIPELINE,2,14.411353511997731,15.096
STAGE_FULL_PIPELINE,2,14.462580673018238,10.254
STAGE_FULL_PIPELINE,2,14.513171722996049,10.254
STAGE_FULL_PIPELINE,2,14.563698893995024,8.175
STAGE_FULL_PIPELINE,2,14.62791281202226,8.175
STAGE_FULL_PIPELINE,2,14.679130140022608,8.316
STAGE_FULL_PIPELINE,2,14.730663901020307,8.316
STAGE_FULL_PIPELINE,2,14.781799089018023,10.956
STAGE_FULL_PIPELINE,2,14.843284871021751,10.956
STAGE_FULL_PIPELINE,2,14.894666766020237,9.531
STAGE_FULL_PIPELINE,2,14.9598784300033,10.877
STAGE_FULL_PIPELINE,2,15.011225015012315,9.54
STAGE_FULL_PIPELINE,2,15.06278749302146,11.078
STAGE_FULL_PIPELINE,2,15.120793579000747,9.83
STAGE_FULL_PIPELINE,2,15.172322882019216,10.264
STAGE_FULL_PIPELINE,2,15.223764484020649,10.264
STAGE_FULL_PIPELINE,2,15.276214383018669,10.164
STAGE_FULL_PIPELINE,2,15.326825104013551,10.164
STAGE_FULL_PIPELINE,2,15.377345599001274,10.125
STAGE_FULL_PIPELINE,2,15.427772777999053,10.125
STAGE_FULL_PIPELINE,2,15.478338379994966,10.155
STAGE_FULL_PIPELINE,2,15.52913534300751,10.155
STAGE_FULL_PIPELINE,2,15.579881251003826,10.147
STAGE_FULL_PIPELINE,2,15.630575568007771,10.147
STAGE_FULL_PIPELINE,2,15.681727576011326,10.137
STAGE_FULL_PIPELINE,2,15.732283571996959,10.137
STAGE_FULL_PIPELINE,2,15.782830823998665,10.138
STAGE_FULL_PIPELINE,2,15.833793630998116,10.138
STAGE_FULL_PIPELINE,2,15.884899810014758,10.139
STAGE_FULL_PIPELINE,2,15.935348244005581,10.139
STAGE_FULL_PIPELINE,2,15.986126051022438,10.145
STAGE_FULL_PIPELINE,2,16.036790651996853,10.145
STAGE_FULL_PIPELINE,2,16.08745385002112,10.131
STAGE_FULL_PIPELINE,2,16.137911680008983,10.131
STAGE_FULL_PIPELINE,2,16.18874029701692,10.135
STAGE_FULL_PIPELINE,2,16.239396485005273,10.135
STAGE_FULL_PIPELINE,2,16.29015751701081,10.131
STAGE_FULL_PIPELINE,2,16.340706532995682,10.131
STAGE_FULL_PIPELINE,2,16.391281367017655,10.126
STAGE_FULL_PIPELINE,2,16.441820361011196,10.126
STAGE_FULL_PIPELINE,2,16.492823900014628,10.131
STAGE_FULL_PIPELINE,2,16.543511961994227,10.131
STAGE_FULL_PIPELINE,2,16.594094268017216,10.114
STAGE_FULL_PIPELINE,2,16.64484047400765,10.114
STAGE_FULL_PIPELINE,2,16.695523471018532,10.116
STAGE_FULL_PIPELINE,2,16.746297174016945,10.114
STAGE_FULL_PIPELINE,2,16.79684598199674,10.114
STAGE_FULL_PIPELINE,2,16.84756550300517,10.116
STAGE_FULL_PIPELINE,2,16.898557461012388,10.116
STAGE_FULL_PIPELINE,2,16.949203922005836,10.113
STAGE_FULL_PIPELINE,2,16.99987465501181,10.113
STAGE_FULL_PIPELINE,2,17.050900280999485,10.104
STAGE_FULL_PIPELINE,2,17.10157761600567,10.104
STAGE_FULL_PIPELINE,2,17.152062791021308,10.113
STAGE_FULL_PIPELINE,2,17.202536590019008,10.113
STAGE_FULL_PIPELINE,2,17.253171207994455,10.105
STAGE_FULL_PIPELINE,2,17.304071965016192,10.105
STAGE_FULL_PIPELINE,2,17.35455041899695,10.11
STAGE_FULL_PIPELINE,2,17.404988602997037,10.11
STAGE_FULL_PIPELINE,2,17.455556622997392,10.111
STAGE_FULL_PIPELINE,2,17.506244387011975,10.111
STAGE_FULL_PIPELINE,2,17.557254515006207,10.108
STAGE_FULL_PIPELINE,2,17.607772843010025,10.108
STAGE_FULL_PIPELINE,2,17.658401257009245,10.119
STAGE_FULL_PIPELINE,2,17.709040648012888,10.119
STAGE_FULL_PIPELINE,2,17.759656972019002,10.116
STAGE_FULL_PIPELINE,2,17.810313730995404,10.116
STAGE_FULL_PIPELINE,2,17.860922709020087,10.118
STAGE_FULL_PIPELINE,2,17.91160375199979,10.118
STAGE_FULL_PIPELINE,2,17.96226563001983,10.113
STAGE_FULL_PIPELINE,2,18.013186154013965,10.113
STAGE_FULL_PIPELINE,2,18.06399680802133,10.11
STAGE_FULL_PIPELINE,2,18.114572329010116,10.11
STAGE_FULL_PIPELINE,2,18.16531567100901,10.113
STAGE_FULL_PIPELINE,2,18.215803596016485,10.113
STAGE_FULL_PIPELINE,2,18.2666041009943,10.11
STAGE_FULL_PIPELINE,2,18.317036377004115,10.11
STAGE_FULL_PIPELINE,2,18.367641307995655,10.117
STAGE_FULL_PIPELINE,2,18.41880967700854,10.117
STAGE_FULL_PIPELINE,2,18.46937453999999,9.717
STAGE_FULL_PIPELINE,2,18.5210421270167,9.717
STAGE_FULL_PIPELINE,2,18.573293374996865,10.056
STAGE_FULL_PIPELINE,2,18.62475102802273,10.056
STAGE_FULL_PIPELINE,2,18.67555187101243,10.113
STAGE_FULL_PIPELINE,2,18.725976254994748,10.113
STAGE_FULL_PIPELINE,2,18.77673201300786,10.122
STAGE_FULL_PIPELINE,2,18.827394190011546,10.122
STAGE_FULL_PIPELINE,2,18.878202766994946,10.114
STAGE_FULL_PIPELINE,2,18.92878828101675,10.114
STAGE_FULL_PIPELINE,2,18.979209668003023,10.124
STAGE_FULL_PIPELINE,2,19.029750396002783,10.124
STAGE_FULL_PIPELINE,2,19.08018463701592,10.119
STAGE_FULL_PIPELINE,2,19.130769740993856,10.119
STAGE_FULL_PIPELINE,2,19.181484158005333,10.111
STAGE_FULL_PIPELINE,2,19.23206349601969,10.111
STAGE_FULL_PIPELINE,2,19.28284888100461,10.103
STAGE_FULL_PIPELINE,2,19.33342891500797,10.103
STAGE_FULL_PIPELINE,2,19.384145662013907,10.102
STAGE_FULL_PIPELINE,2,19.43460214699735,10.102
STAGE_FULL_PIPELINE,2,19.485432512010448,10.101
STAGE_FULL_PIPELINE,2,19.536062437022338,10.101
STAGE_FULL_PIPELINE,2,19.58673967400682,10.091
STAGE_FULL_PIPELINE,2,19.63746108399937,10.091
STAGE_FULL_PIPELINE,2,19.688294157007476,10.099
STAGE_FULL_PIPELINE,2,19.73879868001677,10.099
STAGE_FULL_PIPELINE,2,19.789723026013235,10.094
STAGE_FULL_PIPELINE,2,19.840511343005346,10.094
STAGE_FULL_PIPELINE,2,19.891349356010323,10.089
STAGE_FULL_PIPELINE,2,19.9418355920061,10.089
STAGE_FULL_PIPELINE,2,19.99225204301183,10.091
STAGE_FULL_PIPELINE,2,20.04277943901252,10.091
STAGE_FULL_PIPELINE,2,20.093723172001773,10.089
STAGE_FULL_PIPELINE,2,20.144453670014627,10.089
STAGE_FULL_PIPELINE,2,20.195075955998618,10.09
STAGE_FULL_PIPELINE,2,20.245531834021676,10.093
STAGE_FULL_PIPELINE,2,20.296010143996682,10.093
STAGE_FULL_PIPELINE,2,20.346641732001444,10.092
STAGE_FULL_PIPELINE,2,20.397559111996088,10.092
STAGE_FULL_PIPELINE,2,20.44813077300205,10.098
STAGE_FULL_PIPELINE,2,20.49887843002216,10.098
STAGE_FULL_PIPELINE,2,20.54938678900362,10.097
STAGE_FULL_PIPELINE,2,20.600275949022034,10.097
STAGE_FULL_PIPELINE,2,20.650813368003583,10.108
STAGE_FULL_PIPELINE,2,20.70149586899788,10.108
STAGE_FULL_PIPELINE,2,20.75227983100922,10.104
STAGE_FULL_PIPELINE,2,20.80280769400997,10.104
STAGE_FULL_PIPELINE,2,20.853528314997675,10.102
STAGE_FULL_PIPELINE,2,20.903968750004424,10.102
STAGE_FULL_PIPELINE,2,20.954509447998134,10.106
STAGE_FULL_PIPELINE,2,21.004934861994116,10.106
STAGE_FULL_PIPELINE,2,21.05555396701675,10.103
STAGE_FULL_PIPELINE,2,21.106147881015204,10.103
STAGE_FULL_PIPELINE,2,21.156555688008666,10.103
STAGE_FULL_PIPELINE,2,21.207120047009084,10.103
STAGE_FULL_PIPELINE,2,21.257533630006947,10.105
STAGE_FULL_PIPELINE,2,21.308062666998012,10.105
STAGE_FULL_PIPELINE,2,21.358500097994693,10.109
STAGE_FULL_PIPELINE,2,21.408917604014277,10.109
STAGE_FULL_PIPELINE,2,21.45942217501579,10.114
STAGE_FULL_PIPELINE,2,21.5099573690095,10.114
STAGE_FULL_PIPELINE,2,21.560870261018863,10.111
STAGE_FULL_PIPELINE,2,21.6114601129957,10.111
STAGE_FULL_PIPELINE,2,21.662470190000022,10.114
STAGE_FULL_PIPELINE,2,21.713061790011125,10.114
STAGE_FULL_PIPELINE,2,21.763774371996988,10.104
STAGE_FULL_PIPELINE,2,21.81438667202019,10.104
STAGE_FULL_PIPELINE,2,21.864967650006292,10.1
STAGE_FULL_PIPELINE,2,21.915611620002892,10.1
STAGE_FULL_PIPELINE,2,21.966590733994963,10.099
STAGE_FULL_PIPELINE,2,22.017259495012695,10.099
STAGE_FULL_PIPELINE,2,22.0679470890027,10.093
STAGE_FULL_PIPELINE,2,22.118747530999826,10.093
STAGE_FULL_PIPELINE,2,22.169405117019778,10.094
STAGE_FULL_PIPELINE,2,22.220117817021674,10.094
STAGE_FULL_PIPELINE,2,22.27056113901199,10.088
STAGE_FULL_PIPELINE,2,22.32130118200439,10.088
STAGE_FULL_PIPELINE,2,22.371691225009272,10.077
STAGE_FULL_PIPELINE,2,22.422216250997735,10.077
STAGE_FULL_PIPELINE,2,22.472792212007334,10.063
STAGE_FULL_PIPELINE,2,22.523346910020337,10.063
STAGE_FULL_PIPELINE,2,22.573885432997486,10.066
STAGE_FULL_PIPELINE,2,22.624571869004285,10.066
STAGE_FULL_PIPELINE,2,22.675057751010172,10.062
STAGE_FULL_PIPELINE,2,22.725590467016445,10.062
STAGE_FULL_PIPELINE,2,22.776314160000766,10.056
STAGE_FULL_PIPELINE,2,22.82687751101912,10.056
STAGE_FULL_PIPELINE,2,22.877461733005475,10.068
STAGE_FULL_PIPELINE,2,22.92829776700819,10.068
STAGE_FULL_PIPELINE,2,22.978969413001323,10.07
STAGE_FULL_PIPELINE,2,23.029426176013658,10.07
STAGE_FULL_PIPELINE,2,23.07985874201404,10.074
STAGE_FULL_PIPELINE,2,23.130427207011962,10.074
STAGE_FULL_PIPELINE,2,23.181176415993832,10.073
STAGE_FULL_PIPELINE,2,23.23163570201723,10.073
STAGE_FULL_PIPELINE,2,23.28240975100198,10.073
STAGE_FULL_PIPELINE,2,23.33327783900313,10.073
STAGE_FULL_PIPELINE,2,23.383979244012153,10.07
STAGE_FULL_PIPELINE,2,23.434593355021207,10.07
STAGE_FULL_PIPELINE,2,23.485265019000508,10.082
STAGE_FULL_PIPELINE,2,23.53598610800691,10.082
STAGE_FULL_PIPELINE,2,23.586577359004878,10.084
STAGE_FULL_PIPELINE,2,23.63726841600146,10.084
STAGE_FULL_PIPELINE,2,23.68796956501319,10.081
STAGE_FULL_PIPELINE,2,23.738603406003676,10.081
STAGE_FULL_PIPELINE,2,23.789099231013097,10.075
STAGE_FULL_PIPELINE,2,23.839703728008317,10.075
STAGE_FULL_PIPELINE,2,23.890276449994417,10.079
STAGE_FULL_PIPELINE,2,23.941063820995623,10.079
STAGE_FULL_PIPELINE,2,23.99170764599694,10.072
STAGE_FULL_PIPELINE,2,24.04228978700121,10.072
STAGE_FULL_PIPELINE,2,24.092942401999608,10.066
STAGE_FULL_PIPELINE,2,24.143715457001235,10.054
STAGE_FULL_PIPELINE,2,24.19436503300676,10.054
STAGE_FULL_PIPELINE,2,24.24492577201454,10.05
STAGE_FULL_PIPELINE,2,24.29549514199607,10.05
STAGE_FULL_PIPELINE,2,24.34614013400278,10.056
STAGE_FULL_PIPELINE,2,24.396811878017616,10.056
STAGE_FULL_PIPELINE,2,24.447387270018226,10.06
STAGE_FULL_PIPELINE,2,24.497930553014157,10.06
STAGE_FULL_PIPELINE,2,24.548558750015218,9.266
STAGE_FULL_PIPELINE,2,24.603139542014105,10.272
STAGE_FULL_PIPELINE,2,24.656847278994974,10.064
STAGE_FULL_PIPELINE,2,24.70895831900998,10.064
STAGE_FULL_PIPELINE,2,24.761207424016902,10.093
STAGE_FULL_PIPELINE,2,24.811735604016576,10.093
STAGE_FULL_PIPELINE,2,24.87010750200716,9.7
STAGE_FULL_PIPELINE,2,24.92158272099914,10.651
STAGE_FULL_PIPELINE,2,24.972837653011084,8.536
STAGE_FULL_PIPELINE,2,25.02418353399844,10.189
STAGE_FULL_PIPELINE,2,25.085352604015497,9.406
STAGE_FULL_PIPELINE,2,25.136848380003357,9.406
STAGE_FULL_PIPELINE,2,25.189301867008908,10.081
STAGE_FULL_PIPELINE,2,25.244541788997594,19.274
STAGE_FULL_PIPELINE,2,25.30721667301259,19.274
STAGE_FULL_PIPELINE,2,25.358472871012054,9.524
STAGE_FULL_PIPELINE,2,25.408888257021317,9.524
STAGE_FULL_PIPELINE,2,25.45939376699971,9.783
STAGE_FULL_PIPELINE,2,25.509810573013965,9.783
STAGE_FULL_PIPELINE,2,25.56038995902054,9.865
STAGE_FULL_PIPELINE,2,25.61106474499684,9.865
STAGE_FULL_PIPELINE,2,25.66163391000009,9.908
STAGE_FULL_PIPELINE,2,25.712147265003296,9.908
STAGE_FULL_PIPELINE,2,25.7626133490121,9.938
STAGE_FULL_PIPELINE,2,25.813310537021607,9.938
STAGE_FULL_PIPELINE,2,25.863822681014426,9.949
STAGE_FULL_PIPELINE,2,25.91457165402244,9.949
STAGE_FULL_PIPELINE,2,25.965036819019588,9.277
STAGE_FULL_PIPELINE,2,26.016174598014913,9.277
STAGE_FULL_PIPELINE,2,26.068651719018817,10.05
STAGE_FULL_PIPELINE,2,26.119274224998662,10.05
STAGE_FULL_PIPELINE,2,26.169722916994942,10.05
STAGE_FULL_PIPELINE,2,26.220495385001414,10.05
STAGE_FULL_PIPELINE,2,26.270912778010825,10.029
STAGE_FULL_PIPELINE,2,26.321235439012526,10.029
STAGE_FULL_PIPELINE,2,26.37167480000062,8.479
STAGE_FULL_PIPELINE,2,26.425104793015635,8.479
STAGE_FULL_PIPELINE,2,26.476440747006563,10.03
STAGE_FULL_PIPELINE,2,26.526924407022307,10.03
STAGE_FULL_PIPELINE,2,26.57754657001351,10.01
STAGE_FULL_PIPELINE,2,26.62797520001186,10.01
STAGE_FULL_PIPELINE,2,26.67863761499757,10.006
STAGE_FULL_PIPELINE,2,26.72922336301417,10.006
STAGE_FULL_PIPELINE,2,26.779893366998294,9.731
STAGE_FULL_PIPELINE,2,26.831478370004334,9.731
STAGE_FULL_PIPELINE,2,26.883961898012785,10.044
STAGE_FULL_PIPELINE,2,26.934567620017333,10.044
STAGE_FULL_PIPELINE,2,26.985073043004377,10.06
STAGE_FULL_PIPELINE,2,27.037599792995024,10.06
STAGE_FULL_PIPELINE,2,27.088220749021275,9.083
STAGE_FULL_PIPELINE,2,27.14306532399496,10.03
STAGE_FULL_PIPELINE,2,27.193510311015416,10.03
STAGE_FULL_PIPELINE,2,27.24397560901707,10.047
STAGE_FULL_PIPELINE,2,27.294370726012858,10.047
STAGE_FULL_PIPELINE,2,27.345072791998973,10.039
STAGE_FULL_PIPELINE,2,27.39556075501605,10.039
STAGE_FULL_PIPELINE,2,27.446304598997813,10.055
STAGE_FULL_PIPELINE,2,27.49687028300832,10.055
STAGE_FULL_PIPELINE,2,27.547270548006054,8.057
STAGE_FULL_PIPELINE,2,27.603066787007265,8.057
STAGE_FULL_PIPELINE,2,27.654304612020496,13.48
STAGE_FULL_PIPELINE,2,27.705654648016207,13.48
STAGE_FULL_PIPELINE,2,27.75807183800498,10.604
STAGE_FULL_PIPELINE,2,27.808508070011158,10.604
STAGE_FULL_PIPELINE,2,27.85907278000377,10.304
STAGE_FULL_PIPELINE,2,27.909530778997578,10.304
STAGE_FULL_PIPELINE,2,27.960049478017027,10.185
STAGE_FULL_PIPELINE,2,28.0107043540047,10.185
STAGE_FULL_PIPELINE,2,28.061263437994057,7.67
STAGE_FULL_PIPELINE,2,28.112347574002342,7.67
STAGE_FULL_PIPELINE,2,28.164114946004702,11.795
STAGE_FULL_PIPELINE,2,28.214565591013525,11.795
STAGE_FULL_PIPELINE,2,28.265057548996992,10.923
STAGE_FULL_PIPELINE,2,28.315543421020266,10.923
STAGE_FULL_PIPELINE,2,28.36605737899663,9.382
STAGE_FULL_PIPELINE,2,28.417385816021124,9.382
STAGE_FULL_PIPELINE,2,28.471399734000443,10.08
STAGE_FULL_PIPELINE,2,28.52181946701603,10.08
STAGE_FULL_PIPELINE,2,28.572421737015247,10.16
STAGE_FULL_PIPELINE,2,28.625813982012914,10.473
STAGE_FULL_PIPELINE,2,28.678650726011256,8.004
STAGE_FULL_PIPELINE,2,28.730469792993972,8.004
STAGE_FULL_PIPELINE,2,28.78320998500567,9.837
STAGE_FULL_PIPELINE,2,28.83366575400578,9.837
STAGE_FULL_PIPELINE,2,28.88415380101651,9.963
STAGE_FULL_PIPELINE,2,28.934775394998724,9.963
STAGE_FULL_PIPELINE,2,28.985306212998694,9.998
STAGE_FULL_PIPELINE,2,29.03599242400378,9.998
STAGE_FULL_PIPELINE,2,29.086605346004944,12.554
STAGE_FULL_PIPELINE,2,29.14161149901338,9.795
STAGE_FULL_PIPELINE,2,29.19288499801769,9.795
STAGE_FULL_PIPELINE,2,29.2453619390144,10.019
STAGE_FULL_PIPELINE,2,29.296116746001644,10.019
STAGE_FULL_PIPELINE,2,29.346740627021063,10.309
STAGE_FULL_PIPELINE,2,29.399987773998873,10.2
STAGE_FULL_PIPELINE,2,29.451263889000984,9.898
STAGE_FULL_PIPELINE,2,29.503936799010262,10.541
STAGE_FULL_PIPELINE,2,29.555315339996014,10.028
STAGE_FULL_PIPELINE,2,29.60691354802111,9.598
STAGE_FULL_PIPELINE,2,29.65810044799582,10.448
STAGE_FULL_PIPELINE,2,29.709899819019483,9.626
STAGE_FULL_PIPELINE,2,29.76823046701611,9.848
STAGE_FULL_PIPELINE,2,29.82010716001969,10.992
STAGE_FULL_PIPELINE,2,29.872604725009296,7.951
STAGE_FULL_PIPELINE,2,29.924037060001865,7.951
STAGE_FULL_PIPELINE,2,29.976406561007025,9.957
STAGE_FULL_PIPELINE,2,30.027017576998333,9.957
BASELINE_IDLE,3,0.0015916300180833787,4.417
BASELINE_IDLE,3,0.0524898850126192,4.417
BASELINE_IDLE,3,0.1033988070266787,4.417
BASELINE_IDLE,3,0.15459390802425332,4.417
BASELINE_IDLE,3,0.2057033060118556,4.417
BASELINE_IDLE,3,0.25659775600070134,4.417
BASELINE_IDLE,3,0.3077840250043664,4.417
BASELINE_IDLE,3,0.3590802400140092,4.417
BASELINE_IDLE,3,0.409941546007758,4.417
BASELINE_IDLE,3,0.4611622410011478,4.417
BASELINE_IDLE,3,0.5119955180271063,4.417
BASELINE_IDLE,3,0.5629066970141139,4.417
BASELINE_IDLE,3,0.6140808590280358,4.417
BASELINE_IDLE,3,0.6654640870110597,4.417
BASELINE_IDLE,3,0.7173124340188224,4.417
BASELINE_IDLE,3,0.7682678100245539,4.417
BASELINE_IDLE,3,0.819193344010273,4.417
BASELINE_IDLE,3,0.8702357610163745,2.673
BASELINE_IDLE,3,0.9213898680172861,2.673
BASELINE_IDLE,3,0.9723391290172003,2.673
BASELINE_IDLE,3,1.023501234012656,2.673
BASELINE_IDLE,3,1.074713618028909,2.673
BASELINE_IDLE,3,1.1258991020149551,2.673
BASELINE_IDLE,3,1.1768825840263162,2.673
BASELINE_IDLE,3,1.228251121006906,2.673
BASELINE_IDLE,3,1.2793254370044451,2.673
BASELINE_IDLE,3,1.3304262440069579,2.673
BASELINE_IDLE,3,1.3813564300071448,2.673
BASELINE_IDLE,3,1.4322260380140506,2.673
BASELINE_IDLE,3,1.4833397210168187,2.673
BASELINE_IDLE,3,1.534325524000451,2.673
BASELINE_IDLE,3,1.5857608520018402,2.673
BASELINE_IDLE,3,1.6368233590037562,2.673
BASELINE_IDLE,3,1.6878861030272674,2.673
BASELINE_IDLE,3,1.7390305400185753,2.673
BASELINE_IDLE,3,1.7901278140197974,2.673
BASELINE_IDLE,3,1.8412142840097658,2.673
BASELINE_IDLE,3,1.892336430028081,1.724
BASELINE_IDLE,3,1.9432642290194053,1.724
BASELINE_IDLE,3,1.994718993024435,1.724
BASELINE_IDLE,3,2.045752492005704,1.724
BASELINE_IDLE,3,2.0968732260225806,1.724
BASELINE_IDLE,3,2.1480901440081652,1.724
BASELINE_IDLE,3,2.1994358880037908,1.724
BASELINE_IDLE,3,2.250622944004135,1.724
BASELINE_IDLE,3,2.3020940110145602,1.724
BASELINE_IDLE,3,2.3531473230104893,1.724
BASELINE_IDLE,3,2.404219272022601,1.724
BASELINE_IDLE,3,2.45517580100568,1.724
BASELINE_IDLE,3,2.506133740011137,1.724
BASELINE_IDLE,3,2.5572725830134004,1.724
BASELINE_IDLE,3,2.6083751350233797,1.724
BASELINE_IDLE,3,2.6594790760136675,1.724
BASELINE_IDLE,3,2.7106833070283756,1.724
BASELINE_IDLE,3,2.7621626970067155,1.724
BASELINE_IDLE,3,2.8133809070277493,1.724
BASELINE_IDLE,3,2.8644556340004783,1.679
BASELINE_IDLE,3,2.9155428710218985,1.679
BASELINE_IDLE,3,2.9667434640286956,1.679
BASELINE_IDLE,3,3.017420778021915,1.679
BASELINE_IDLE,3,3.0685893580084667,1.679
BASELINE_IDLE,3,3.1198285710124765,1.679
BASELINE_IDLE,3,3.1711041960224975,1.679
BASELINE_IDLE,3,3.2220274720166344,1.679
BASELINE_IDLE,3,3.272964474017499,1.679
BASELINE_IDLE,3,3.3237571780045982,1.679
BASELINE_IDLE,3,3.3746327370172366,1.679
BASELINE_IDLE,3,3.4255874620284885,1.679
BASELINE_IDLE,3,3.476321199006634,1.679
BASELINE_IDLE,3,3.5272390310128685,1.679
BASELINE_IDLE,3,3.5780988990154583,1.679
BASELINE_IDLE,3,3.629357144003734,1.679
BASELINE_IDLE,3,3.6803393920126837,1.679
BASELINE_IDLE,3,3.731573934026528,1.679
BASELINE_IDLE,3,3.78266791801434,1.679
BASELINE_IDLE,3,3.8337966380058788,1.679
BASELINE_IDLE,3,3.8848493340192363,1.68
BASELINE_IDLE,3,3.9358228020137176,1.68
BASELINE_IDLE,3,3.98715068702586,1.68
BASELINE_IDLE,3,4.0383529370010365,1.68
BASELINE_IDLE,3,4.089344832027564,1.68
BASELINE_IDLE,3,4.140939879027428,1.68
BASELINE_IDLE,3,4.19204584902036,1.68
BASELINE_IDLE,3,4.24286092701368,1.68
BASELINE_IDLE,3,4.293721192021621,1.68
BASELINE_IDLE,3,4.345213612017687,1.68
BASELINE_IDLE,3,4.396555368002737,1.68
BASELINE_IDLE,3,4.447622208012035,1.68
BASELINE_IDLE,3,4.498592693009414,1.68
BASELINE_IDLE,3,4.549850127019454,1.68
BASELINE_IDLE,3,4.601026168005774,1.68
BASELINE_IDLE,3,4.652028113021515,1.68
BASELINE_IDLE,3,4.703260083013447,1.68
BASELINE_IDLE,3,4.754590008000378,1.68
BASELINE_IDLE,3,4.805728196020937,1.68
BASELINE_IDLE,3,4.857194910000544,1.68
BASELINE_IDLE,3,4.908341999020195,1.688
BASELINE_IDLE,3,4.959203335019993,1.688
BASELINE_IDLE,3,5.010491481021745,1.688
BASELINE_IDLE,3,5.061657419020776,1.688
BASELINE_IDLE,3,5.112709827022627,1.688
BASELINE_IDLE,3,5.163584973022807,1.688
BASELINE_IDLE,3,5.214383176004048,1.688
BASELINE_IDLE,3,5.2653721010137815,1.688
BASELINE_IDLE,3,5.317331795027712,1.688
BASELINE_IDLE,3,5.368409462011186,1.688
BASELINE_IDLE,3,5.419220049021533,1.688
BASELINE_IDLE,3,5.4700464680208825,1.688
BASELINE_IDLE,3,5.521152010012884,1.688
BASELINE_IDLE,3,5.5721316630078945,1.688
BASELINE_IDLE,3,5.62300829202286,1.688
BASELINE_IDLE,3,5.674275202007266,1.688
BASELINE_IDLE,3,5.7251555010152515,1.688
BASELINE_IDLE,3,5.776042447017971,1.688
BASELINE_IDLE,3,5.827510845003417,1.688
BASELINE_IDLE,3,5.878882290009642,1.683
BASELINE_IDLE,3,5.929954814026132,1.683
BASELINE_IDLE,3,5.980823752004653,1.683
BASELINE_IDLE,3,6.031916876003379,1.683
BASELINE_IDLE,3,6.083331382018514,1.683
BASELINE_IDLE,3,6.134124657022767,1.683
BASELINE_IDLE,3,6.185257132019615,1.683
BASELINE_IDLE,3,6.2363706000032835,1.683
BASELINE_IDLE,3,6.2872923130053096,1.683
BASELINE_IDLE,3,6.338532137015136,1.683
BASELINE_IDLE,3,6.389883758005453,1.683
BASELINE_IDLE,3,6.440807087026769,1.683
BASELINE_IDLE,3,6.491794198023854,1.683
BASELINE_IDLE,3,6.542805412027519,1.683
BASELINE_IDLE,3,6.593888267001603,1.683
BASELINE_IDLE,3,6.6450745970068965,1.683
BASELINE_IDLE,3,6.6960876140219625,1.683
BASELINE_IDLE,3,6.747121491003782,1.683
BASELINE_IDLE,3,6.797995143017033,1.683
BASELINE_IDLE,3,6.848985028016614,1.683
BASELINE_IDLE,3,6.899965609016363,1.675
BASELINE_IDLE,3,6.950469453004189,1.675
BASELINE_IDLE,3,7.001412322017131,1.675
BASELINE_IDLE,3,7.052306487021269,1.675
BASELINE_IDLE,3,7.1031386530085,1.675
BASELINE_IDLE,3,7.154225886013592,1.675
BASELINE_IDLE,3,7.205073955003172,1.675
BASELINE_IDLE,3,7.255915761023061,1.675
BASELINE_IDLE,3,7.306767753005261,1.675
BASELINE_IDLE,3,7.357693575002486,1.675
BASELINE_IDLE,3,7.408653856022283,1.675
BASELINE_IDLE,3,7.459525484009646,1.675
BASELINE_IDLE,3,7.510510190011701,1.675
BASELINE_IDLE,3,7.561212459026137,1.675
BASELINE_IDLE,3,7.612117530021351,1.675
BASELINE_IDLE,3,7.66299034000258,1.675
BASELINE_IDLE,3,7.713817983021727,1.675
BASELINE_IDLE,3,7.764741866005352,1.675
BASELINE_IDLE,3,7.81543956202222,1.675
BASELINE_IDLE,3,7.866346691007493,2.226
BASELINE_IDLE,3,7.918544961023144,2.226
BASELINE_IDLE,3,7.970118223020108,2.717
BASELINE_IDLE,3,8.025690905022202,2.717
BASELINE_IDLE,3,8.07777343102498,2.784
BASELINE_IDLE,3,8.12957265402656,2.784
BASELINE_IDLE,3,8.181483658001525,1.714
BASELINE_IDLE,3,8.23303561800276,1.714
BASELINE_IDLE,3,8.285145517002093,1.763
BASELINE_IDLE,3,8.336974326026393,1.763
BASELINE_IDLE,3,8.389332569000544,1.751
BASELINE_IDLE,3,8.441245008027181,1.751
BASELINE_IDLE,3,8.49275379901519,1.687
BASELINE_IDLE,3,8.548111446027178,1.687
BASELINE_IDLE,3,8.599515752022853,1.779
BASELINE_IDLE,3,8.651141282025492,1.779
BASELINE_IDLE,3,8.702637054026127,1.66
BASELINE_IDLE,3,8.754214669024805,1.7
BASELINE_IDLE,3,8.805954597017262,1.84
BASELINE_IDLE,3,8.857580008014338,1.719
BASELINE_IDLE,3,8.909237829007907,1.719
BASELINE_IDLE,3,8.960901016020216,1.901
BASELINE_IDLE,3,9.012445461004972,1.901
BASELINE_IDLE,3,9.064196948020253,1.662
BASELINE_IDLE,3,9.11589967602049,1.662
BASELINE_IDLE,3,9.168010703026084,2.299
BASELINE_IDLE,3,9.21982613200089,2.299
BASELINE_IDLE,3,9.271697686024709,1.643
BASELINE_IDLE,3,9.32413670301321,1.643
BASELINE_IDLE,3,9.376155049016234,1.623
BASELINE_IDLE,3,9.428402791003464,1.623
BASELINE_IDLE,3,9.4807286010182,1.802
BASELINE_IDLE,3,9.532499689026736,1.802
BASELINE_IDLE,3,9.584409922012128,2.499
BASELINE_IDLE,3,9.635289075027686,2.499
BASELINE_IDLE,3,9.685818053025287,2.454
BASELINE_IDLE,3,9.736674109008163,2.454
BASELINE_IDLE,3,9.78730977102532,2.442
BASELINE_IDLE,3,9.83881645402289,2.442
BASELINE_IDLE,3,9.895245386025636,2.399
BASELINE_IDLE,3,9.946116323000751,2.399
BASELINE_IDLE,3,9.99665367801208,2.397
BASELINE_IDLE,3,10.054719802021282,2.397
BASELINE_IDLE,3,10.112783315009438,2.397
BASELINE_IDLE,3,10.163588705006987,2.368
BASELINE_IDLE,3,10.214162318006856,2.368
BASELINE_IDLE,3,10.265037168021081,2.592
BASELINE_IDLE,3,10.316607231012313,2.592
BASELINE_IDLE,3,10.36865042700083,2.364
BASELINE_IDLE,3,10.41930467102793,2.364
BASELINE_IDLE,3,10.470125132007524,2.373
BASELINE_IDLE,3,10.520903011027258,2.373
BASELINE_IDLE,3,10.571924138028407,2.373
BASELINE_IDLE,3,10.622809776017675,2.373
BASELINE_IDLE,3,10.67378119402565,2.373
BASELINE_IDLE,3,10.724713184026768,2.373
BASELINE_IDLE,3,10.775572733022273,2.373
BASELINE_IDLE,3,10.826594848011155,2.373
BASELINE_IDLE,3,10.877351568022277,2.373
BASELINE_IDLE,3,10.928160433017183,2.373
BASELINE_IDLE,3,10.978948811010923,2.373
BASELINE_IDLE,3,11.029832570027793,2.373
BASELINE_IDLE,3,11.080823458003579,2.373
BASELINE_IDLE,3,11.131744837010046,2.373
BASELINE_IDLE,3,11.18262258102186,2.373
BASELINE_IDLE,3,11.233680279023247,2.373
BASELINE_IDLE,3,11.284626830019988,2.373
BASELINE_IDLE,3,11.33553239700268,2.373
BASELINE_IDLE,3,11.38642217501183,2.373
BASELINE_IDLE,3,11.437501091015292,2.373
BASELINE_IDLE,3,11.488378095004009,1.638
BASELINE_IDLE,3,11.539257669006474,1.638
BASELINE_IDLE,3,11.590127514005871,1.638
BASELINE_IDLE,3,11.641064500028733,1.638
BASELINE_IDLE,3,11.691935527021997,1.638
BASELINE_IDLE,3,11.742855847027386,1.638
BASELINE_IDLE,3,11.793933086009929,1.638
BASELINE_IDLE,3,11.844849184009945,1.638
BASELINE_IDLE,3,11.895755784003995,1.638
BASELINE_IDLE,3,11.946643289003987,1.638
BASELINE_IDLE,3,11.997572350024711,1.638
BASELINE_IDLE,3,12.048577186011244,1.638
BASELINE_IDLE,3,12.09990154200932,1.638
BASELINE_IDLE,3,12.150886547024129,1.638
BASELINE_IDLE,3,12.201810134021798,1.638
BASELINE_IDLE,3,12.252804806019412,1.638
BASELINE_IDLE,3,12.303604597022058,1.638
BASELINE_IDLE,3,12.361541129008401,1.638
BASELINE_IDLE,3,12.412179456005106,1.638
BASELINE_IDLE,3,12.470193682005629,1.861
BASELINE_IDLE,3,12.522759627026971,1.722
BASELINE_IDLE,3,12.580287850025343,1.9
BASELINE_IDLE,3,12.63278509900556,1.782
BASELINE_IDLE,3,12.689291101007257,2.019
BASELINE_IDLE,3,12.740860117017291,2.019
BASELINE_IDLE,3,12.792955794022419,1.674
BASELINE_IDLE,3,12.845420902012847,1.674
BASELINE_IDLE,3,12.89831066102488,1.737
BASELINE_IDLE,3,12.949919598002452,1.737
BASELINE_IDLE,3,13.001761616003932,1.62
BASELINE_IDLE,3,13.05357661502785,1.62
BASELINE_IDLE,3,13.105311855004402,1.704
BASELINE_IDLE,3,13.156806343002245,1.572
BASELINE_IDLE,3,13.208365155005595,1.572
BASELINE_IDLE,3,13.260276539018378,1.639
BASELINE_IDLE,3,13.312607625004603,1.639
BASELINE_IDLE,3,13.364824590011267,1.599
BASELINE_IDLE,3,13.416988411016064,1.599
BASELINE_IDLE,3,13.468592021003133,1.695
BASELINE_IDLE,3,13.521175774018047,1.695
BASELINE_IDLE,3,13.573400326014962,1.675
BASELINE_IDLE,3,13.625976304028882,1.675
BASELINE_IDLE,3,13.67758809600491,1.859
BASELINE_IDLE,3,13.729797223000787,1.859
BASELINE_IDLE,3,13.7818965150218,1.667
BASELINE_IDLE,3,13.834512586006895,1.667
BASELINE_IDLE,3,13.88606583501678,1.736
BASELINE_IDLE,3,13.938661305001006,1.736
BASELINE_IDLE,3,13.990774345002137,1.616
BASELINE_IDLE,3,14.043238073005341,1.616
BASELINE_IDLE,3,14.095228785008658,1.689
BASELINE_IDLE,3,14.147444268019171,1.689
BASELINE_IDLE,3,14.199841092020506,1.641
BASELINE_IDLE,3,14.251779247017112,1.641
BASELINE_IDLE,3,14.303786480013514,1.678
BASELINE_IDLE,3,14.356361222016858,1.633
BASELINE_IDLE,3,14.408578243019292,1.633
BASELINE_IDLE,3,14.460756447020685,1.691
BASELINE_IDLE,3,14.511613660026342,1.691
BASELINE_IDLE,3,14.562740920024225,1.691
BASELINE_IDLE,3,14.613299001008272,1.691
BASELINE_IDLE,3,14.664263260026928,1.691
BASELINE_IDLE,3,14.71550873000524,1.691
BASELINE_IDLE,3,14.766453317017294,1.691
BASELINE_IDLE,3,14.816927888023201,1.691
BASELINE_IDLE,3,14.868137876008404,1.691
BASELINE_IDLE,3,14.919208349019755,1.691
BASELINE_IDLE,3,14.970049171010032,1.691
STAGE_FULL_PIPELINE,3,0.0013574719778262079,1.691
STAGE_FULL_PIPELINE,3,0.05468000899418257,1.795
STAGE_FULL_PIPELINE,3,0.10550836398033425,1.795
STAGE_FULL_PIPELINE,3,0.15608314497512765,1.795
STAGE_FULL_PIPELINE,3,0.20691270197858103,2.039
STAGE_FULL_PIPELINE,3,0.25778640498174354,2.223
STAGE_FULL_PIPELINE,3,0.30823343599331565,2.223
STAGE_FULL_PIPELINE,3,0.35876316999201663,2.443
STAGE_FULL_PIPELINE,3,0.4094867259846069,2.443
STAGE_FULL_PIPELINE,3,0.4600432639999781,4.692
STAGE_FULL_PIPELINE,3,0.5106980679847766,4.692
STAGE_FULL_PIPELINE,3,0.5616399799764622,6.101
STAGE_FULL_PIPELINE,3,0.6122276169771794,6.101
STAGE_FULL_PIPELINE,3,0.6627484759956133,7.051
STAGE_FULL_PIPELINE,3,0.7134338279720396,7.051
STAGE_FULL_PIPELINE,3,0.7641792919894215,7.865
STAGE_FULL_PIPELINE,3,0.8147978479973972,7.865
STAGE_FULL_PIPELINE,3,0.8654649179952685,8.564
STAGE_FULL_PIPELINE,3,0.9164445279748179,8.564
STAGE_FULL_PIPELINE,3,0.967460163985379,9.173
STAGE_FULL_PIPELINE,3,1.0181539329933003,9.173
STAGE_FULL_PIPELINE,3,1.0689034099923447,14.109
STAGE_FULL_PIPELINE,3,1.119597063981928,14.109
STAGE_FULL_PIPELINE,3,1.1700963249895722,14.742
STAGE_FULL_PIPELINE,3,1.2208091899810825,14.742
STAGE_FULL_PIPELINE,3,1.2713698289880995,16.01
STAGE_FULL_PIPELINE,3,1.322086214000592,16.01
STAGE_FULL_PIPELINE,3,1.3729077199823223,17.01
STAGE_FULL_PIPELINE,3,1.4234202799852937,17.01
STAGE_FULL_PIPELINE,3,1.4739305249822792,18.125
STAGE_FULL_PIPELINE,3,1.52447132798261,18.125
STAGE_FULL_PIPELINE,3,1.575203114975011,17.921
STAGE_FULL_PIPELINE,3,1.625600494997343,17.921
STAGE_FULL_PIPELINE,3,1.6763669959909748,17.696
STAGE_FULL_PIPELINE,3,1.7268502029764932,17.696
STAGE_FULL_PIPELINE,3,1.7773252869956195,17.718
STAGE_FULL_PIPELINE,3,1.8277035109931603,17.718
STAGE_FULL_PIPELINE,3,1.878154835983878,17.722
STAGE_FULL_PIPELINE,3,1.9291593459784053,17.722
STAGE_FULL_PIPELINE,3,1.979731928993715,17.725
STAGE_FULL_PIPELINE,3,2.030083569989074,17.725
STAGE_FULL_PIPELINE,3,2.080669062997913,17.73
STAGE_FULL_PIPELINE,3,2.131305144983344,17.73
STAGE_FULL_PIPELINE,3,2.182169473991962,17.729
STAGE_FULL_PIPELINE,3,2.2327328639803454,17.729
STAGE_FULL_PIPELINE,3,2.283920590998605,17.725
STAGE_FULL_PIPELINE,3,2.334863674972439,17.725
STAGE_FULL_PIPELINE,3,2.3855645189760253,17.728
STAGE_FULL_PIPELINE,3,2.4361351859988645,17.728
STAGE_FULL_PIPELINE,3,2.486837680975441,17.175
STAGE_FULL_PIPELINE,3,2.5373340569785796,16.464
STAGE_FULL_PIPELINE,3,2.587979149975581,16.464
STAGE_FULL_PIPELINE,3,2.6385217159986496,15.761
STAGE_FULL_PIPELINE,3,2.6890112289984245,15.761
STAGE_FULL_PIPELINE,3,2.73943864897592,15.048
STAGE_FULL_PIPELINE,3,2.790116827993188,15.048
STAGE_FULL_PIPELINE,3,2.840757241996471,14.336
STAGE_FULL_PIPELINE,3,2.8912632929859683,14.336
STAGE_FULL_PIPELINE,3,2.9417681849736255,13.629
STAGE_FULL_PIPELINE,3,2.9924452399718575,13.629
STAGE_FULL_PIPELINE,3,3.0429811629874166,12.916
STAGE_FULL_PIPELINE,3,3.093598552979529,12.916
STAGE_FULL_PIPELINE,3,3.1443258979998063,12.2
STAGE_FULL_PIPELINE,3,3.194819671974983,12.2
STAGE_FULL_PIPELINE,3,3.2452983189723454,11.49
STAGE_FULL_PIPELINE,3,3.2964904089749325,11.49
STAGE_FULL_PIPELINE,3,3.347473893983988,10.77
STAGE_FULL_PIPELINE,3,3.398120690981159,10.77
STAGE_FULL_PIPELINE,3,3.4489202779950574,10.038
STAGE_FULL_PIPELINE,3,3.499670585995773,10.038
STAGE_FULL_PIPELINE,3,3.5503745499881916,9.858
STAGE_FULL_PIPELINE,3,3.6009212889766786,9.858
STAGE_FULL_PIPELINE,3,3.6515389299893286,9.833
STAGE_FULL_PIPELINE,3,3.7020655699889176,9.833
STAGE_FULL_PIPELINE,3,3.752543883980252,9.799
STAGE_FULL_PIPELINE,3,3.8032230549724773,9.799
STAGE_FULL_PIPELINE,3,3.853778220975073,9.781
STAGE_FULL_PIPELINE,3,3.9042387800000142,9.781
STAGE_FULL_PIPELINE,3,3.954675711982418,9.763
STAGE_FULL_PIPELINE,3,4.005120457994053,9.763
STAGE_FULL_PIPELINE,3,4.055750289000571,9.744
STAGE_FULL_PIPELINE,3,4.106226657982916,9.744
STAGE_FULL_PIPELINE,3,4.156693581986474,9.73
STAGE_FULL_PIPELINE,3,4.207355632999679,9.73
STAGE_FULL_PIPELINE,3,4.2582970799994655,9.716
STAGE_FULL_PIPELINE,3,4.308887141000014,9.716
STAGE_FULL_PIPELINE,3,4.3595784259960055,9.702
STAGE_FULL_PIPELINE,3,4.4101873279723804,9.702
STAGE_FULL_PIPELINE,3,4.460652154986747,9.69
STAGE_FULL_PIPELINE,3,4.511213023972232,9.69
STAGE_FULL_PIPELINE,3,4.561879605986178,9.691
STAGE_FULL_PIPELINE,3,4.612489921972156,9.691
STAGE_FULL_PIPELINE,3,4.6630491339892615,9.704
STAGE_FULL_PIPELINE,3,4.713637151988223,9.704
STAGE_FULL_PIPELINE,3,4.764363214984769,9.71
STAGE_FULL_PIPELINE,3,4.814898915996309,9.71
STAGE_FULL_PIPELINE,3,4.865513883996755,9.724
STAGE_FULL_PIPELINE,3,4.916257155971834,9.724
STAGE_FULL_PIPELINE,3,4.967268737993436,9.725
STAGE_FULL_PIPELINE,3,5.017884097993374,9.725
STAGE_FULL_PIPELINE,3,5.068636512994999,9.73
STAGE_FULL_PIPELINE,3,5.119709806982428,9.73
STAGE_FULL_PIPELINE,3,5.170319233991904,9.735
STAGE_FULL_PIPELINE,3,5.220961918996181,9.735
STAGE_FULL_PIPELINE,3,5.271484275988769,9.741
STAGE_FULL_PIPELINE,3,5.321888534992468,9.741
STAGE_FULL_PIPELINE,3,5.3726191649911925,9.748
STAGE_FULL_PIPELINE,3,5.42326511797728,9.748
STAGE_FULL_PIPELINE,3,5.473665607976727,9.755
STAGE_FULL_PIPELINE,3,5.524187088973122,9.755
STAGE_FULL_PIPELINE,3,5.574724628997501,9.765
STAGE_FULL_PIPELINE,3,5.62567208398832,9.765
STAGE_FULL_PIPELINE,3,5.676201288995799,9.775
STAGE_FULL_PIPELINE,3,5.726709417998791,9.775
STAGE_FULL_PIPELINE,3,5.777266121993307,9.776
STAGE_FULL_PIPELINE,3,5.827923818986164,9.776
STAGE_FULL_PIPELINE,3,5.8784589849819895,9.787
STAGE_FULL_PIPELINE,3,5.9288894399942365,9.787
STAGE_FULL_PIPELINE,3,5.979365905979648,9.794
STAGE_FULL_PIPELINE,3,6.02987684297841,9.794
STAGE_FULL_PIPELINE,3,6.080561531998683,9.249
STAGE_FULL_PIPELINE,3,6.132284819992492,9.861
STAGE_FULL_PIPELINE,3,6.183497494988842,9.859
STAGE_FULL_PIPELINE,3,6.23451158698299,9.86
STAGE_FULL_PIPELINE,3,6.285312372987391,9.86
STAGE_FULL_PIPELINE,3,6.335867222980596,9.863
STAGE_FULL_PIPELINE,3,6.386613267997745,9.863
STAGE_FULL_PIPELINE,3,6.437382953998167,9.877
STAGE_FULL_PIPELINE,3,6.487878396990709,9.877
STAGE_FULL_PIPELINE,3,6.538382368977182,9.872
STAGE_FULL_PIPELINE,3,6.589000463980483,9.872
STAGE_FULL_PIPELINE,3,6.639571770996554,9.875
STAGE_FULL_PIPELINE,3,6.69004235198372,9.875
STAGE_FULL_PIPELINE,3,6.740637646988034,9.881
STAGE_FULL_PIPELINE,3,6.79147877797368,9.881
STAGE_FULL_PIPELINE,3,6.842025704972912,9.885
STAGE_FULL_PIPELINE,3,6.892878335987916,9.885
STAGE_FULL_PIPELINE,3,6.943329865986016,9.893
STAGE_FULL_PIPELINE,3,6.994035782990977,9.893
STAGE_FULL_PIPELINE,3,7.044445576990256,9.894
STAGE_FULL_PIPELINE,3,7.094954237982165,9.894
STAGE_FULL_PIPELINE,3,7.14558146399213,9.894
STAGE_FULL_PIPELINE,3,7.196142683998914,9.894
STAGE_FULL_PIPELINE,3,7.246835420985008,9.9
STAGE_FULL_PIPELINE,3,7.297289980982896,9.9
STAGE_FULL_PIPELINE,3,7.347878577973461,9.903
STAGE_FULL_PIPELINE,3,7.398373094998533,9.903
STAGE_FULL_PIPELINE,3,7.448973900987767,9.906
STAGE_FULL_PIPELINE,3,7.499467480985913,9.906
STAGE_FULL_PIPELINE,3,7.550048385979608,9.901
STAGE_FULL_PIPELINE,3,7.600643270998262,9.901
STAGE_FULL_PIPELINE,3,7.651157783984672,9.904
STAGE_FULL_PIPELINE,3,7.701690286980011,9.904
STAGE_FULL_PIPELINE,3,7.752257061976707,9.908
STAGE_FULL_PIPELINE,3,7.80272374098422,9.908
STAGE_FULL_PIPELINE,3,7.853377283987356,9.908
STAGE_FULL_PIPELINE,3,7.903922603989486,9.908
STAGE_FULL_PIPELINE,3,7.954509624978527,9.911
STAGE_FULL_PIPELINE,3,8.005049950996181,9.911
STAGE_FULL_PIPELINE,3,8.055475667992141,9.906
STAGE_FULL_PIPELINE,3,8.105903381976532,9.906
STAGE_FULL_PIPELINE,3,8.156431212992175,9.91
STAGE_FULL_PIPELINE,3,8.206932240980677,9.91
STAGE_FULL_PIPELINE,3,8.257437872991432,9.975
STAGE_FULL_PIPELINE,3,8.30989169399254,11.599
STAGE_FULL_PIPELINE,3,8.36290884698974,9.033
STAGE_FULL_PIPELINE,3,8.414468962990213,9.033
STAGE_FULL_PIPELINE,3,8.466735170979518,9.938
STAGE_FULL_PIPELINE,3,8.517360941972584,9.938
STAGE_FULL_PIPELINE,3,8.567898594978033,9.837
STAGE_FULL_PIPELINE,3,8.621640335972188,9.837
STAGE_FULL_PIPELINE,3,8.672941919998266,9.944
STAGE_FULL_PIPELINE,3,8.729339911980787,9.944
STAGE_FULL_PIPELINE,3,8.779841573996237,6.046
STAGE_FULL_PIPELINE,3,8.836994380981196,6.145
STAGE_FULL_PIPELINE,3,8.892040406994056,6.145
STAGE_FULL_PIPELINE,3,8.943430824991083,10.182
STAGE_FULL_PIPELINE,3,8.99392135499511,10.182
STAGE_FULL_PIPELINE,3,9.04441539599793,10.092
STAGE_FULL_PIPELINE,3,9.102407673984999,10.092
STAGE_FULL_PIPELINE,3,9.152915014972677,12.005
STAGE_FULL_PIPELINE,3,9.219735569990007,12.005
STAGE_FULL_PIPELINE,3,9.271013054996729,10.621
STAGE_FULL_PIPELINE,3,9.322340143990004,10.621
STAGE_FULL_PIPELINE,3,9.373506601987174,9.726
STAGE_FULL_PIPELINE,3,9.425261229975149,9.726
STAGE_FULL_PIPELINE,3,9.481117448973237,9.919
STAGE_FULL_PIPELINE,3,9.532577132980805,9.551
STAGE_FULL_PIPELINE,3,9.583894735987997,9.551
STAGE_FULL_PIPELINE,3,9.63907686897437,9.969
STAGE_FULL_PIPELINE,3,9.689457907981705,9.969
STAGE_FULL_PIPELINE,3,9.74001771499752,9.578
STAGE_FULL_PIPELINE,3,9.795009607973043,9.578
STAGE_FULL_PIPELINE,3,9.846519319980871,9.993
STAGE_FULL_PIPELINE,3,9.896978237986332,9.993
STAGE_FULL_PIPELINE,3,9.947649095993256,8.644
STAGE_FULL_PIPELINE,3,9.999731300980784,8.644
STAGE_FULL_PIPELINE,3,10.052675141982036,10.005
STAGE_FULL_PIPELINE,3,10.103062750975369,10.005
STAGE_FULL_PIPELINE,3,10.15345784300007,5.891
STAGE_FULL_PIPELINE,3,10.210191743972246,5.891
STAGE_FULL_PIPELINE,3,10.26149307898595,10.169
STAGE_FULL_PIPELINE,3,10.312119245994836,10.169
STAGE_FULL_PIPELINE,3,10.362665850989288,10.097
STAGE_FULL_PIPELINE,3,10.413440690987045,10.097
STAGE_FULL_PIPELINE,3,10.464060888974927,10.077
STAGE_FULL_PIPELINE,3,10.514680303982459,10.077
STAGE_FULL_PIPELINE,3,10.565384614979848,10.07
STAGE_FULL_PIPELINE,3,10.615871853980934,10.07
STAGE_FULL_PIPELINE,3,10.666481266991468,10.057
STAGE_FULL_PIPELINE,3,10.717103551985929,10.057
STAGE_FULL_PIPELINE,3,10.767687190993456,10.046
STAGE_FULL_PIPELINE,3,10.818416944995988,10.046
STAGE_FULL_PIPELINE,3,10.869068209984107,8.625
STAGE_FULL_PIPELINE,3,10.924466467986349,8.625
STAGE_FULL_PIPELINE,3,10.975884879997466,10.033
STAGE_FULL_PIPELINE,3,11.026417579996632,10.033
STAGE_FULL_PIPELINE,3,11.077042951976182,9.999
STAGE_FULL_PIPELINE,3,11.127567925985204,9.999
STAGE_FULL_PIPELINE,3,11.178114350972464,10.005
STAGE_FULL_PIPELINE,3,11.22850306998589,10.005
STAGE_FULL_PIPELINE,3,11.27899374399567,6.082
STAGE_FULL_PIPELINE,3,11.33055620599771,5.872
STAGE_FULL_PIPELINE,3,11.381789680977818,5.872
STAGE_FULL_PIPELINE,3,11.433340655989014,9.927
STAGE_FULL_PIPELINE,3,11.483898961974774,9.927
STAGE_FULL_PIPELINE,3,11.534462133975467,9.948
STAGE_FULL_PIPELINE,3,11.585019700985868,9.948
STAGE_FULL_PIPELINE,3,11.635653998993803,10.026
STAGE_FULL_PIPELINE,3,11.687752294994425,10.026
STAGE_FULL_PIPELINE,3,11.741928178991657,9.995
STAGE_FULL_PIPELINE,3,11.7924074959883,9.995
STAGE_FULL_PIPELINE,3,11.842998208972858,9.784
STAGE_FULL_PIPELINE,3,11.899427562981145,9.784
STAGE_FULL_PIPELINE,3,11.950954025989631,10.067
STAGE_FULL_PIPELINE,3,12.001371788996039,10.067
STAGE_FULL_PIPELINE,3,12.051949663989944,10.035
STAGE_FULL_PIPELINE,3,12.10241962899454,10.035
STAGE_FULL_PIPELINE,3,12.152817917987704,10.039
STAGE_FULL_PIPELINE,3,12.203308323980309,10.039
STAGE_FULL_PIPELINE,3,12.253909503982868,10.039
STAGE_FULL_PIPELINE,3,12.30437122299918,10.039
STAGE_FULL_PIPELINE,3,12.354871528979857,10.039
STAGE_FULL_PIPELINE,3,12.405330247973325,10.039
STAGE_FULL_PIPELINE,3,12.455900115979603,8.127
STAGE_FULL_PIPELINE,3,12.51275462799822,8.127
STAGE_FULL_PIPELINE,3,12.56414368597325,10.056
STAGE_FULL_PIPELINE,3,12.61475141698611,10.056
STAGE_FULL_PIPELINE,3,12.66583700699266,5.947
STAGE_FULL_PIPELINE,3,12.718273531994782,5.947
STAGE_FULL_PIPELINE,3,12.77060896999319,10.191
STAGE_FULL_PIPELINE,3,12.820964774989989,10.191
STAGE_FULL_PIPELINE,3,12.871887449990027,10.118
STAGE_FULL_PIPELINE,3,12.922447172983084,10.118
STAGE_FULL_PIPELINE,3,12.973013936978532,10.121
STAGE_FULL_PIPELINE,3,13.023796390974894,10.121
STAGE_FULL_PIPELINE,3,13.074457014998188,10.11
STAGE_FULL_PIPELINE,3,13.124843639991013,10.11
STAGE_FULL_PIPELINE,3,13.175583938980708,10.108
STAGE_FULL_PIPELINE,3,13.228153438976733,10.108
STAGE_FULL_PIPELINE,3,13.278773319994798,10.506
STAGE_FULL_PIPELINE,3,13.33225117099937,10.111
STAGE_FULL_PIPELINE,3,13.382913187990198,10.111
STAGE_FULL_PIPELINE,3,13.433610312000383,9.646
STAGE_FULL_PIPELINE,3,13.485373526986223,9.646
STAGE_FULL_PIPELINE,3,13.536556483973982,10.092
STAGE_FULL_PIPELINE,3,13.587539912987268,10.092
STAGE_FULL_PIPELINE,3,13.638038836972555,9.799
STAGE_FULL_PIPELINE,3,13.690957687998889,9.799
STAGE_FULL_PIPELINE,3,13.742449772980763,5.985
STAGE_FULL_PIPELINE,3,13.793827878980665,5.985
STAGE_FULL_PIPELINE,3,13.8460807739757,6.155
STAGE_FULL_PIPELINE,3,13.897369646991137,6.155
STAGE_FULL_PIPELINE,3,13.949590690986952,9.856
STAGE_FULL_PIPELINE,3,14.00025367498165,9.856
STAGE_FULL_PIPELINE,3,14.051245613984065,9.963
STAGE_FULL_PIPELINE,3,14.101788478990784,9.963
STAGE_FULL_PIPELINE,3,14.152544423996005,11.974
STAGE_FULL_PIPELINE,3,14.214390462992014,11.974
STAGE_FULL_PIPELINE,3,14.265691317996243,9.522
STAGE_FULL_PIPELINE,3,14.318101853976259,9.522
STAGE_FULL_PIPELINE,3,14.369663595978636,10.05
STAGE_FULL_PIPELINE,3,14.42035276797833,10.05
STAGE_FULL_PIPELINE,3,14.470960964972619,10.047
STAGE_FULL_PIPELINE,3,14.521464419987751,10.047
STAGE_FULL_PIPELINE,3,14.57213344599586,10.065
STAGE_FULL_PIPELINE,3,14.623345236992463,10.065
STAGE_FULL_PIPELINE,3,14.67615436099004,10.089
STAGE_FULL_PIPELINE,3,14.726536838978063,10.089
STAGE_FULL_PIPELINE,3,14.776972216990544,9.776
STAGE_FULL_PIPELINE,3,14.833708140999079,10.125
STAGE_FULL_PIPELINE,3,14.884160299989162,10.125
STAGE_FULL_PIPELINE,3,14.934604808979202,9.705
STAGE_FULL_PIPELINE,3,14.990920649986947,9.705
STAGE_FULL_PIPELINE,3,15.042194189998554,10.097
STAGE_FULL_PIPELINE,3,15.092771764000645,10.097
STAGE_FULL_PIPELINE,3,15.143154211982619,6.036
STAGE_FULL_PIPELINE,3,15.194338278990472,6.036
STAGE_FULL_PIPELINE,3,15.248136099980911,10.159
STAGE_FULL_PIPELINE,3,15.298471588990651,10.159
STAGE_FULL_PIPELINE,3,15.348841589991935,10.142
STAGE_FULL_PIPELINE,3,15.399420620989986,10.142
STAGE_FULL_PIPELINE,3,15.449988207983552,10.126
STAGE_FULL_PIPELINE,3,15.5005134959938,10.126
STAGE_FULL_PIPELINE,3,15.551007123984164,9.706
STAGE_FULL_PIPELINE,3,15.603685866983142,9.706
STAGE_FULL_PIPELINE,3,15.654828402999556,10.096
STAGE_FULL_PIPELINE,3,15.705336165992776,10.096
STAGE_FULL_PIPELINE,3,15.756059114995878,10.079
STAGE_FULL_PIPELINE,3,15.80677113198908,10.079
STAGE_FULL_PIPELINE,3,15.857394459977513,9.938
STAGE_FULL_PIPELINE,3,15.908748974994523,9.938
STAGE_FULL_PIPELINE,3,15.960813845973462,10.106
STAGE_FULL_PIPELINE,3,16.011439370980952,10.106
STAGE_FULL_PIPELINE,3,16.061903781985166,9.952
STAGE_FULL_PIPELINE,3,16.11563856797875,9.952
STAGE_FULL_PIPELINE,3,16.167151934991125,10.114
STAGE_FULL_PIPELINE,3,16.217758581973612,10.114
STAGE_FULL_PIPELINE,3,16.26864051297889,9.015
STAGE_FULL_PIPELINE,3,16.32037957198918,9.015
STAGE_FULL_PIPELINE,3,16.373467673984123,10.098
STAGE_FULL_PIPELINE,3,16.42401818797225,10.098
STAGE_FULL_PIPELINE,3,16.474802110984456,6.038
STAGE_FULL_PIPELINE,3,16.530360927979928,10.316
STAGE_FULL_PIPELINE,3,16.581078051996883,10.316
STAGE_FULL_PIPELINE,3,16.63157613397925,10.19
STAGE_FULL_PIPELINE,3,16.68247369499295,10.19
STAGE_FULL_PIPELINE,3,16.733147239981918,9.766
STAGE_FULL_PIPELINE,3,16.78936972899828,10.498
STAGE_FULL_PIPELINE,3,16.84364670998184,9.817
STAGE_FULL_PIPELINE,3,16.894875420985045,9.817
STAGE_FULL_PIPELINE,3,16.947022146981908,10.103
STAGE_FULL_PIPELINE,3,16.997812389978208,10.103
STAGE_FULL_PIPELINE,3,17.04863217897946,10.506
STAGE_FULL_PIPELINE,3,17.100602009973954,10.506
STAGE_FULL_PIPELINE,3,17.157586018991424,10.079
STAGE_FULL_PIPELINE,3,17.208154685999034,10.079
STAGE_FULL_PIPELINE,3,17.258678583981236,10.095
STAGE_FULL_PIPELINE,3,17.30923411998083,10.095
STAGE_FULL_PIPELINE,3,17.359662951988867,10.383
STAGE_FULL_PIPELINE,3,17.410804136976367,10.383
STAGE_FULL_PIPELINE,3,17.462437941983808,10.113
STAGE_FULL_PIPELINE,3,17.513037095981417,10.113
STAGE_FULL_PIPELINE,3,17.56484824299696,10.116
STAGE_FULL_PIPELINE,3,17.615323742997134,10.116
STAGE_FULL_PIPELINE,3,17.66614789099549,7.191
STAGE_FULL_PIPELINE,3,17.718811006983742,7.191
STAGE_FULL_PIPELINE,3,17.775070639996557,10.387
STAGE_FULL_PIPELINE,3,17.82556607099832,10.387
STAGE_FULL_PIPELINE,3,17.875996272981865,10.233
STAGE_FULL_PIPELINE,3,17.92641007399652,10.233
STAGE_FULL_PIPELINE,3,17.97693815198727,9.974
STAGE_FULL_PIPELINE,3,18.029344643990044,10.076
STAGE_FULL_PIPELINE,3,18.07998767797835,10.076
STAGE_FULL_PIPELINE,3,18.131101155973738,10.073
STAGE_FULL_PIPELINE,3,18.181748197996058,10.073
STAGE_FULL_PIPELINE,3,18.232286336977268,10.075
STAGE_FULL_PIPELINE,3,18.282759735971922,10.075
STAGE_FULL_PIPELINE,3,18.333210100972792,10.083
STAGE_FULL_PIPELINE,3,18.383854763000272,10.083
STAGE_FULL_PIPELINE,3,18.434455965994857,10.078
STAGE_FULL_PIPELINE,3,18.485125663981307,10.078
STAGE_FULL_PIPELINE,3,18.535687808995135,10.082
STAGE_FULL_PIPELINE,3,18.58625520998612,10.082
STAGE_FULL_PIPELINE,3,18.636724009993486,10.457
STAGE_FULL_PIPELINE,3,18.688701524981298,10.457
STAGE_FULL_PIPELINE,3,18.744073103996925,10.081
STAGE_FULL_PIPELINE,3,18.794753727997886,10.081
STAGE_FULL_PIPELINE,3,18.845450955996057,10.092
STAGE_FULL_PIPELINE,3,18.895860246993834,10.092
STAGE_FULL_PIPELINE,3,18.946512788999826,10.081
STAGE_FULL_PIPELINE,3,18.99884448098601,10.081
STAGE_FULL_PIPELINE,3,19.049201299989363,9.075
STAGE_FULL_PIPELINE,3,19.10042460099794,9.075
STAGE_FULL_PIPELINE,3,19.151699088979512,10.46
STAGE_FULL_PIPELINE,3,19.203072303993395,10.46
STAGE_FULL_PIPELINE,3,19.25874152997858,10.14
STAGE_FULL_PIPELINE,3,19.309204790974036,10.14
STAGE_FULL_PIPELINE,3,19.35977975197602,10.143
STAGE_FULL_PIPELINE,3,19.41029860099661,10.143
STAGE_FULL_PIPELINE,3,19.46136477199616,10.754
STAGE_FULL_PIPELINE,3,19.513986290985486,10.754
STAGE_FULL_PIPELINE,3,19.565529157000128,10.142
STAGE_FULL_PIPELINE,3,19.616128794994438,10.142
STAGE_FULL_PIPELINE,3,19.666771133983275,10.135
STAGE_FULL_PIPELINE,3,19.71773315698374,10.135
STAGE_FULL_PIPELINE,3,19.768224786996143,9.716
STAGE_FULL_PIPELINE,3,19.819502520986134,9.716
STAGE_FULL_PIPELINE,3,19.87237125498359,10.109
STAGE_FULL_PIPELINE,3,19.92298504797509,10.109
STAGE_FULL_PIPELINE,3,19.973584391991608,10.987
STAGE_FULL_PIPELINE,3,20.0269625109795,6.055
STAGE_FULL_PIPELINE,3,20.079553862975445,6.055
STAGE_FULL_PIPELINE,3,20.130983245995594,9.985
STAGE_FULL_PIPELINE,3,20.186575839994475,9.988
STAGE_FULL_PIPELINE,3,20.237165456986986,10.085
STAGE_FULL_PIPELINE,3,20.293247788998997,10.085
STAGE_FULL_PIPELINE,3,20.343911871983437,10.546
STAGE_FULL_PIPELINE,3,20.396628979971865,10.546
STAGE_FULL_PIPELINE,3,20.447938834986417,10.143
STAGE_FULL_PIPELINE,3,20.498753085994394,10.143
STAGE_FULL_PIPELINE,3,20.54927322900039,9.665
STAGE_FULL_PIPELINE,3,20.60042168997461,9.871
STAGE_FULL_PIPELINE,3,20.65218095399905,10.396
STAGE_FULL_PIPELINE,3,20.708120359980967,10.396
STAGE_FULL_PIPELINE,3,20.759500633983407,10.17
STAGE_FULL_PIPELINE,3,20.810238318983465,10.17
STAGE_FULL_PIPELINE,3,20.860872563993325,9.708
STAGE_FULL_PIPELINE,3,20.912451500975294,9.708
STAGE_FULL_PIPELINE,3,20.964791945996694,10.123
STAGE_FULL_PIPELINE,3,21.015488347999053,10.123
STAGE_FULL_PIPELINE,3,21.0660156699887,10.154
STAGE_FULL_PIPELINE,3,21.11651795299258,10.154
STAGE_FULL_PIPELINE,3,21.167021012981422,10.111
STAGE_FULL_PIPELINE,3,21.217685495998012,10.111
STAGE_FULL_PIPELINE,3,21.26827134299674,10.129
STAGE_FULL_PIPELINE,3,21.318738195986953,10.129
STAGE_FULL_PIPELINE,3,21.369254356977763,10.115
STAGE_FULL_PIPELINE,3,21.419837751978775,10.115
STAGE_FULL_PIPELINE,3,21.470345016976353,10.121
STAGE_FULL_PIPELINE,3,21.520895526977256,10.121
STAGE_FULL_PIPELINE,3,21.571346250973875,10.116
STAGE_FULL_PIPELINE,3,21.622285503981402,10.116
STAGE_FULL_PIPELINE,3,21.672926654980984,10.118
STAGE_FULL_PIPELINE,3,21.723442555987276,10.118
STAGE_FULL_PIPELINE,3,21.774008139997022,10.111
STAGE_FULL_PIPELINE,3,21.824691821995657,10.111
STAGE_FULL_PIPELINE,3,21.87531813699752,10.118
STAGE_FULL_PIPELINE,3,21.926019123988226,10.118
STAGE_FULL_PIPELINE,3,21.97656805999577,10.122
STAGE_FULL_PIPELINE,3,22.027171778987395,10.122
STAGE_FULL_PIPELINE,3,22.0777129069902,10.114
STAGE_FULL_PIPELINE,3,22.128613565990236,10.114
STAGE_FULL_PIPELINE,3,22.179217552999035,10.11
STAGE_FULL_PIPELINE,3,22.22969051299151,10.11
STAGE_FULL_PIPELINE,3,22.28027381899301,10.114
STAGE_FULL_PIPELINE,3,22.330932301993016,10.114
STAGE_FULL_PIPELINE,3,22.381620807980653,10.107
STAGE_FULL_PIPELINE,3,22.43230371599202,10.107
STAGE_FULL_PIPELINE,3,22.48287309097941,10.111
STAGE_FULL_PIPELINE,3,22.53369893497438,10.111
STAGE_FULL_PIPELINE,3,22.58451985300053,10.104
STAGE_FULL_PIPELINE,3,22.63509057398187,10.107
STAGE_FULL_PIPELINE,3,22.686368780996418,10.107
STAGE_FULL_PIPELINE,3,22.736908513994422,10.1
STAGE_FULL_PIPELINE,3,22.78777935099788,10.1
STAGE_FULL_PIPELINE,3,22.838377221982228,10.108
STAGE_FULL_PIPELINE,3,22.889051319973078,10.108
STAGE_FULL_PIPELINE,3,22.939644340978703,10.094
STAGE_FULL_PIPELINE,3,22.99010366597213,10.094
STAGE_FULL_PIPELINE,3,23.040588523988845,10.1
STAGE_FULL_PIPELINE,3,23.09122753998963,10.1
STAGE_FULL_PIPELINE,3,23.141808796994155,10.098
STAGE_FULL_PIPELINE,3,23.19223089099978,10.098
STAGE_FULL_PIPELINE,3,23.2426881439751,10.103
STAGE_FULL_PIPELINE,3,23.293360599986045,10.103
STAGE_FULL_PIPELINE,3,23.344124365976313,10.099
STAGE_FULL_PIPELINE,3,23.394710174994543,10.099
STAGE_FULL_PIPELINE,3,23.445223938993877,10.103
STAGE_FULL_PIPELINE,3,23.495808793988544,10.103
STAGE_FULL_PIPELINE,3,23.546335953986272,10.102
STAGE_FULL_PIPELINE,3,23.596810834977077,10.102
STAGE_FULL_PIPELINE,3,23.64731042299536,10.102
STAGE_FULL_PIPELINE,3,23.698076417989796,10.102
STAGE_FULL_PIPELINE,3,23.74877438598196,10.092
STAGE_FULL_PIPELINE,3,23.799474292987725,10.092
STAGE_FULL_PIPELINE,3,23.850012691982556,6.051
STAGE_FULL_PIPELINE,3,23.90185687597841,6.051
STAGE_FULL_PIPELINE,3,23.958501834975323,10.053
STAGE_FULL_PIPELINE,3,24.00926378997974,10.053
STAGE_FULL_PIPELINE,3,24.059647597983712,10.081
STAGE_FULL_PIPELINE,3,24.110064569977112,10.081
STAGE_FULL_PIPELINE,3,24.16044204198988,10.547
STAGE_FULL_PIPELINE,3,24.211563060991466,10.547
STAGE_FULL_PIPELINE,3,24.262870375998318,10.057
STAGE_FULL_PIPELINE,3,24.313556884997524,10.057
STAGE_FULL_PIPELINE,3,24.36403343998245,10.069
STAGE_FULL_PIPELINE,3,24.429042841977207,10.787
STAGE_FULL_PIPELINE,3,24.481017899990547,10.787
STAGE_FULL_PIPELINE,3,24.534518257976742,10.138
STAGE_FULL_PIPELINE,3,24.586209696979495,10.138
STAGE_FULL_PIPELINE,3,24.645858841977315,9.512
STAGE_FULL_PIPELINE,3,24.697092934977263,9.512
STAGE_FULL_PIPELINE,3,24.751438872975996,10.132
STAGE_FULL_PIPELINE,3,24.80179760797182,10.132
STAGE_FULL_PIPELINE,3,24.861120936984662,11.805
STAGE_FULL_PIPELINE,3,24.912267380976118,11.805
STAGE_FULL_PIPELINE,3,24.965236113988794,10.079
STAGE_FULL_PIPELINE,3,25.015757449000375,10.079
STAGE_FULL_PIPELINE,3,25.06635728297988,10.085
STAGE_FULL_PIPELINE,3,25.116959406994283,10.085
STAGE_FULL_PIPELINE,3,25.167485672980547,10.094
STAGE_FULL_PIPELINE,3,25.217986010975437,10.094
STAGE_FULL_PIPELINE,3,25.26855295599671,10.102
STAGE_FULL_PIPELINE,3,25.319048714998644,10.102
STAGE_FULL_PIPELINE,3,25.369507497991435,10.278
STAGE_FULL_PIPELINE,3,25.422316226991825,10.278
STAGE_FULL_PIPELINE,3,25.473597150994465,10.208
STAGE_FULL_PIPELINE,3,25.524151297984645,10.208
STAGE_FULL_PIPELINE,3,25.57464070498827,9.851
STAGE_FULL_PIPELINE,3,25.62591841298854,10.044
STAGE_FULL_PIPELINE,3,25.678604748973157,10.053
STAGE_FULL_PIPELINE,3,25.72901896899566,10.062
STAGE_FULL_PIPELINE,3,25.77960836800048,10.062
STAGE_FULL_PIPELINE,3,25.830171629990218,9.679
STAGE_FULL_PIPELINE,3,25.881381796993082,9.679
STAGE_FULL_PIPELINE,3,25.935240408987738,10.062
STAGE_FULL_PIPELINE,3,25.985862430999987,10.062
STAGE_FULL_PIPELINE,3,26.036353416973725,10.071
STAGE_FULL_PIPELINE,3,26.086865286983084,10.071
STAGE_FULL_PIPELINE,3,26.137319102999754,10.089
STAGE_FULL_PIPELINE,3,26.188093214994296,10.089
STAGE_FULL_PIPELINE,3,26.238578647986287,6.114
STAGE_FULL_PIPELINE,3,26.28978512098547,6.114
STAGE_FULL_PIPELINE,3,26.340996135986643,10.413
STAGE_FULL_PIPELINE,3,26.391422243992565,10.413
STAGE_FULL_PIPELINE,3,26.442013280000538,10.267
STAGE_FULL_PIPELINE,3,26.49246611399576,10.267
STAGE_FULL_PIPELINE,3,26.543046132981544,10.209
STAGE_FULL_PIPELINE,3,26.593586632981896,10.209
STAGE_FULL_PIPELINE,3,26.64418298599776,10.046
STAGE_FULL_PIPELINE,3,26.695639457990183,10.27
STAGE_FULL_PIPELINE,3,26.748085917992285,9.674
STAGE_FULL_PIPELINE,3,26.801069802982965,9.674
STAGE_FULL_PIPELINE,3,26.85257967998041,10.124
STAGE_FULL_PIPELINE,3,26.903844177984865,10.124
STAGE_FULL_PIPELINE,3,26.954377841000678,10.068
STAGE_FULL_PIPELINE,3,27.00489767297404,10.068
STAGE_FULL_PIPELINE,3,27.05529605798074,9.202
STAGE_FULL_PIPELINE,3,27.106559558975277,9.202
STAGE_FULL_PIPELINE,3,27.159979706979357,10.159
STAGE_FULL_PIPELINE,3,27.210562626976753,10.159
STAGE_FULL_PIPELINE,3,27.261087940976722,10.693
STAGE_FULL_PIPELINE,3,27.312322667974513,10.693
STAGE_FULL_PIPELINE,3,27.36372511499212,10.073
STAGE_FULL_PIPELINE,3,27.414455657999497,10.073
STAGE_FULL_PIPELINE,3,27.465039869974134,5.942
STAGE_FULL_PIPELINE,3,27.518419131985866,5.942
STAGE_FULL_PIPELINE,3,27.569580260984367,10.024
STAGE_FULL_PIPELINE,3,27.620136216981336,10.024
STAGE_FULL_PIPELINE,3,27.67066807197989,10.057
STAGE_FULL_PIPELINE,3,27.721216976991855,10.057
STAGE_FULL_PIPELINE,3,27.771852237987332,10.576
STAGE_FULL_PIPELINE,3,27.823207574983826,10.576
STAGE_FULL_PIPELINE,3,27.877025728987064,10.104
STAGE_FULL_PIPELINE,3,27.927750579983694,9.827
STAGE_FULL_PIPELINE,3,27.9800189389789,9.827
STAGE_FULL_PIPELINE,3,28.035695668979315,10.115
STAGE_FULL_PIPELINE,3,28.086498015996767,10.115
STAGE_FULL_PIPELINE,3,28.137043204973452,10.098
STAGE_FULL_PIPELINE,3,28.18765014098608,10.098
STAGE_FULL_PIPELINE,3,28.23814340797253,10.095
STAGE_FULL_PIPELINE,3,28.28853583399905,10.095
STAGE_FULL_PIPELINE,3,28.339042137988145,10.088
STAGE_FULL_PIPELINE,3,28.3896246549848,10.088
STAGE_FULL_PIPELINE,3,28.440252189000603,10.089
STAGE_FULL_PIPELINE,3,28.490865693980595,10.089
STAGE_FULL_PIPELINE,3,28.54137861597701,11.925
STAGE_FULL_PIPELINE,3,28.5934579759778,11.925
STAGE_FULL_PIPELINE,3,28.649253528972622,10.131
STAGE_FULL_PIPELINE,3,28.699877766979625,10.131
STAGE_FULL_PIPELINE,3,28.750676224997733,6.037
STAGE_FULL_PIPELINE,3,28.801979779993417,6.037
STAGE_FULL_PIPELINE,3,28.85376131697558,10.472
STAGE_FULL_PIPELINE,3,28.90423210899462,10.472
STAGE_FULL_PIPELINE,3,28.954964320990257,9.25
STAGE_FULL_PIPELINE,3,29.006296724983258,9.25
STAGE_FULL_PIPELINE,3,29.06279833597364,10.303
STAGE_FULL_PIPELINE,3,29.11616660899017,10.303
STAGE_FULL_PIPELINE,3,29.167731987981824,9.889
STAGE_FULL_PIPELINE,3,29.220659290993353,9.889
STAGE_FULL_PIPELINE,3,29.272126012976514,10.135
STAGE_FULL_PIPELINE,3,29.322951965994434,10.135
STAGE_FULL_PIPELINE,3,29.373434783978155,10.101
STAGE_FULL_PIPELINE,3,29.424209222983336,10.101
STAGE_FULL_PIPELINE,3,29.47493585399934,10.392
STAGE_FULL_PIPELINE,3,29.52630598397809,10.164
STAGE_FULL_PIPELINE,3,29.579808670998318,10.165
STAGE_FULL_PIPELINE,3,29.63031676999526,10.296
STAGE_FULL_PIPELINE,3,29.681974922976224,10.296
STAGE_FULL_PIPELINE,3,29.734965805982938,12.652
STAGE_FULL_PIPELINE,3,29.789354177977657,12.652
STAGE_FULL_PIPELINE,3,29.840781668986892,10.158
STAGE_FULL_PIPELINE,3,29.891377004998503,10.158
STAGE_FULL_PIPELINE,3,29.94201827197685,6.224
STAGE_FULL_PIPELINE,3,29.99305049297982,6.224
STAGE_MODEL_POLICY,3,0.001162729982752353,8.597
STAGE_MODEL_POLICY,3,0.05174322999664582,8.597
STAGE_MODEL_POLICY,3,0.1024304110032972,10.288
STAGE_MODEL_POLICY,3,0.15444744599517435,10.288
STAGE_MODEL_POLICY,3,0.20576852199155837,10.156
STAGE_MODEL_POLICY,3,0.2562624249840155,10.156
STAGE_MODEL_POLICY,3,0.3068306759814732,10.121
STAGE_MODEL_POLICY,3,0.35739777199341916,10.121
STAGE_MODEL_POLICY,3,0.4078674110060092,10.154
STAGE_MODEL_POLICY,3,0.45834287398611195,10.154
STAGE_MODEL_POLICY,3,0.5089371250069235,9.743
STAGE_MODEL_POLICY,3,0.5601789359934628,9.743
STAGE_MODEL_POLICY,3,0.6156633360078558,10.148
STAGE_MODEL_POLICY,3,0.6662182099826168,10.148
STAGE_MODEL_POLICY,3,0.716841043002205,11.482
STAGE_MODEL_POLICY,3,0.7738529969938099,9.648
STAGE_MODEL_POLICY,3,0.826208777987631,10.356
STAGE_MODEL_POLICY,3,0.8774628679966554,10.483
STAGE_MODEL_POLICY,3,0.928919586003758,10.483
STAGE_MODEL_POLICY,3,0.9853742379928008,10.119
STAGE_MODEL_POLICY,3,1.035847883002134,10.119
STAGE_MODEL_POLICY,3,1.0863450659962837,19.448
STAGE_MODEL_POLICY,3,1.138834360986948,19.448
STAGE_MODEL_POLICY,3,1.1900239000096917,9.799
STAGE_MODEL_POLICY,3,1.2405565200024284,9.799
STAGE_MODEL_POLICY,3,1.2912048319994938,9.978
STAGE_MODEL_POLICY,3,1.3548813480010722,9.978
STAGE_MODEL_POLICY,3,1.405448156001512,10.333
STAGE_MODEL_POLICY,3,1.4587151389860082,10.333
STAGE_MODEL_POLICY,3,1.5100665990030393,10.092
STAGE_MODEL_POLICY,3,1.5609074759995565,10.092
STAGE_MODEL_POLICY,3,1.611501095991116,10.126
STAGE_MODEL_POLICY,3,1.6686448130058125,10.126
STAGE_MODEL_POLICY,3,1.7191717329842504,10.371
STAGE_MODEL_POLICY,3,1.7707382249936927,10.371
STAGE_MODEL_POLICY,3,1.82557006800198,10.157
STAGE_MODEL_POLICY,3,1.8761607889900915,10.157
STAGE_MODEL_POLICY,3,1.926962491008453,10.906
STAGE_MODEL_POLICY,3,1.9782598669989966,10.659
STAGE_MODEL_POLICY,3,2.0297092190012336,10.659
STAGE_MODEL_POLICY,3,2.0878574439848308,10.124
STAGE_MODEL_POLICY,3,2.1383108779846225,10.124
STAGE_MODEL_POLICY,3,2.1887210790009703,10.169
STAGE_MODEL_POLICY,3,2.2393250910099596,10.169
STAGE_MODEL_POLICY,3,2.2899535199976526,10.161
STAGE_MODEL_POLICY,3,2.3405398250033613,10.161
STAGE_MODEL_POLICY,3,2.391316797991749,10.152
STAGE_MODEL_POLICY,3,2.441949053987628,10.152
STAGE_MODEL_POLICY,3,2.4925718939921353,10.156
STAGE_MODEL_POLICY,3,2.5432251029997133,10.156
STAGE_MODEL_POLICY,3,2.5938450770045165,10.153
STAGE_MODEL_POLICY,3,2.6445479760004673,10.153
STAGE_MODEL_POLICY,3,2.695132727996679,10.153
STAGE_MODEL_POLICY,3,2.7458146279968787,10.153
STAGE_MODEL_POLICY,3,2.796467574982671,10.524
STAGE_MODEL_POLICY,3,2.8478346329939086,10.524
STAGE_MODEL_POLICY,3,2.9013407249876764,10.134
STAGE_MODEL_POLICY,3,2.9518154870020226,10.134
STAGE_MODEL_POLICY,3,3.0030526210030075,10.165
STAGE_MODEL_POLICY,3,3.0537773509859107,10.165
STAGE_MODEL_POLICY,3,3.104500757995993,10.146
STAGE_MODEL_POLICY,3,3.1550346989824902,10.146
STAGE_MODEL_POLICY,3,3.205467869003769,10.155
STAGE_MODEL_POLICY,3,3.2560754450096283,10.155
STAGE_MODEL_POLICY,3,3.3065846909885295,10.145
STAGE_MODEL_POLICY,3,3.357126816001255,10.145
STAGE_MODEL_POLICY,3,3.4076232519873884,10.145
STAGE_MODEL_POLICY,3,3.458011735987384,10.145
STAGE_MODEL_POLICY,3,3.5084502389945555,10.141
STAGE_MODEL_POLICY,3,3.5590842780075036,10.141
STAGE_MODEL_POLICY,3,3.609803800994996,10.139
STAGE_MODEL_POLICY,3,3.6603843129996676,10.139
STAGE_MODEL_POLICY,3,3.7108515510044526,10.136
STAGE_MODEL_POLICY,3,3.7617541039944626,10.136
STAGE_MODEL_POLICY,3,3.812475907005137,10.13
STAGE_MODEL_POLICY,3,3.8630962600000203,10.13
STAGE_MODEL_POLICY,3,3.913748607999878,10.127
STAGE_MODEL_POLICY,3,3.9644351429888047,10.127
STAGE_MODEL_POLICY,3,4.015092180983629,10.128
STAGE_MODEL_POLICY,3,4.066443947987864,10.128
STAGE_MODEL_POLICY,3,4.117408821999561,10.12
STAGE_MODEL_POLICY,3,4.168008170003304,10.12
STAGE_MODEL_POLICY,3,4.218636189005338,10.124
STAGE_MODEL_POLICY,3,4.269105548999505,10.124
STAGE_MODEL_POLICY,3,4.319570507999742,10.115
STAGE_MODEL_POLICY,3,4.3701293710037135,10.115
STAGE_MODEL_POLICY,3,4.420688627986237,10.114
STAGE_MODEL_POLICY,3,4.4712299589882605,10.114
STAGE_MODEL_POLICY,3,4.521733047004091,10.112
STAGE_MODEL_POLICY,3,4.572329615009949,10.112
STAGE_MODEL_POLICY,3,4.622856023983331,10.113
STAGE_MODEL_POLICY,3,4.673440184007632,10.113
STAGE_MODEL_POLICY,3,4.724052195000695,10.116
STAGE_MODEL_POLICY,3,4.774710914003663,10.116
STAGE_MODEL_POLICY,3,4.825291750981705,10.111
STAGE_MODEL_POLICY,3,4.875956336996751,10.111
STAGE_MODEL_POLICY,3,4.9265508230018895,10.122
STAGE_MODEL_POLICY,3,4.977225546987029,10.122
STAGE_MODEL_POLICY,3,5.0277344989881385,10.128
STAGE_MODEL_POLICY,3,5.078277830005391,10.126
STAGE_MODEL_POLICY,3,5.128965196985519,10.126
STAGE_MODEL_POLICY,3,5.17967675300315,10.132
STAGE_MODEL_POLICY,3,5.230214209994301,10.132
STAGE_MODEL_POLICY,3,5.2807922450010665,10.135
STAGE_MODEL_POLICY,3,5.331849220005097,10.135
STAGE_MODEL_POLICY,3,5.3824453330016695,10.137
STAGE_MODEL_POLICY,3,5.433114473009482,10.137
STAGE_MODEL_POLICY,3,5.483701104996726,10.141
STAGE_MODEL_POLICY,3,5.534733663982479,10.141
STAGE_MODEL_POLICY,3,5.5858770920021925,10.13
STAGE_MODEL_POLICY,3,5.636489021999296,10.13
STAGE_MODEL_POLICY,3,5.687045986996964,10.138
STAGE_MODEL_POLICY,3,5.737747929990292,10.138
STAGE_MODEL_POLICY,3,5.788421347999247,10.139
STAGE_MODEL_POLICY,3,5.839086722000502,10.139
STAGE_MODEL_POLICY,3,5.889648420008598,10.139
STAGE_MODEL_POLICY,3,5.940345490991604,10.139
STAGE_MODEL_POLICY,3,5.99080187198706,10.127
STAGE_MODEL_POLICY,3,6.0413912939839065,10.127
STAGE_MODEL_POLICY,3,6.0918956050009,10.124
STAGE_MODEL_POLICY,3,6.14264159600134,10.124
STAGE_MODEL_POLICY,3,6.193030619993806,10.124
STAGE_MODEL_POLICY,3,6.243439229001524,10.124
STAGE_MODEL_POLICY,3,6.294032631994924,10.113
STAGE_MODEL_POLICY,3,6.352206078998279,10.113
STAGE_MODEL_POLICY,3,6.402934482001001,10.074
STAGE_MODEL_POLICY,3,6.4567968740011565,10.074
STAGE_MODEL_POLICY,3,6.508223037992138,10.098
STAGE_MODEL_POLICY,3,6.566382685006829,10.098
STAGE_MODEL_POLICY,3,6.616915607010014,10.69
STAGE_MODEL_POLICY,3,6.670832787989639,10.69
STAGE_MODEL_POLICY,3,6.722038342006272,10.122
STAGE_MODEL_POLICY,3,6.7726606449869,10.122
STAGE_MODEL_POLICY,3,6.823060959985014,10.122
STAGE_MODEL_POLICY,3,6.873571714997524,10.122
STAGE_MODEL_POLICY,3,6.923978450009599,10.16
STAGE_MODEL_POLICY,3,6.9746265999856405,10.16
STAGE_MODEL_POLICY,3,7.0251699299842585,10.134
STAGE_MODEL_POLICY,3,7.075786567002069,10.134
STAGE_MODEL_POLICY,3,7.126373062987113,10.118
STAGE_MODEL_POLICY,3,7.176914287992986,10.115
STAGE_MODEL_POLICY,3,7.2275175460090395,10.115
STAGE_MODEL_POLICY,3,7.278052398993168,10.114
STAGE_MODEL_POLICY,3,7.3287812729831785,10.114
STAGE_MODEL_POLICY,3,7.379423737002071,10.116
STAGE_MODEL_POLICY,3,7.430115474999184,10.116
STAGE_MODEL_POLICY,3,7.48083168498124,10.111
STAGE_MODEL_POLICY,3,7.531372419005493,10.111
STAGE_MODEL_POLICY,3,7.58189931299421,10.116
STAGE_MODEL_POLICY,3,7.63237392299925,10.116
STAGE_MODEL_POLICY,3,7.682866591989296,10.108
STAGE_MODEL_POLICY,3,7.733602118998533,10.108
STAGE_MODEL_POLICY,3,7.784203594987048,10.112
STAGE_MODEL_POLICY,3,7.834703047003131,10.112
STAGE_MODEL_POLICY,3,7.8856559109990485,10.114
STAGE_MODEL_POLICY,3,7.93618782699923,10.114
STAGE_MODEL_POLICY,3,7.98663012398174,10.1
STAGE_MODEL_POLICY,3,8.037126812996576,10.1
STAGE_MODEL_POLICY,3,8.087794311984908,10.101
STAGE_MODEL_POLICY,3,8.138364348007599,10.101
STAGE_MODEL_POLICY,3,8.188976606994402,10.112
STAGE_MODEL_POLICY,3,8.239578818989685,10.112
STAGE_MODEL_POLICY,3,8.29043889400782,10.105
STAGE_MODEL_POLICY,3,8.340899896982592,10.105
STAGE_MODEL_POLICY,3,8.391454850003356,10.11
STAGE_MODEL_POLICY,3,8.442129109986126,10.11
STAGE_MODEL_POLICY,3,8.492657705995953,10.104
STAGE_MODEL_POLICY,3,8.543346507009119,10.104
STAGE_MODEL_POLICY,3,8.59429597700364,10.103
STAGE_MODEL_POLICY,3,8.644940875004977,10.103
STAGE_MODEL_POLICY,3,8.695538016007049,10.098
STAGE_MODEL_POLICY,3,8.746195897983853,10.098
STAGE_MODEL_POLICY,3,8.796760626981268,10.104
STAGE_MODEL_POLICY,3,8.847341018990846,10.104
STAGE_MODEL_POLICY,3,8.897923171985894,10.098
STAGE_MODEL_POLICY,3,8.948638011002913,10.098
STAGE_MODEL_POLICY,3,8.999390520999441,10.092
STAGE_MODEL_POLICY,3,9.050088432995835,10.092
STAGE_MODEL_POLICY,3,9.100614675000543,10.092
STAGE_MODEL_POLICY,3,9.151328985986765,10.092
STAGE_MODEL_POLICY,3,9.201934833981795,10.089
STAGE_MODEL_POLICY,3,9.252596976002678,10.089
STAGE_MODEL_POLICY,3,9.303126765007619,10.084
STAGE_MODEL_POLICY,3,9.353561964002438,10.084
STAGE_MODEL_POLICY,3,9.404059608990792,10.086
STAGE_MODEL_POLICY,3,9.45459392099292,10.086
STAGE_MODEL_POLICY,3,9.505219651007792,10.077
STAGE_MODEL_POLICY,3,9.555634018004639,10.077
STAGE_MODEL_POLICY,3,9.610550621990114,8.269
STAGE_MODEL_POLICY,3,9.661928908986738,8.269
STAGE_MODEL_POLICY,3,9.715348979982082,10.11
STAGE_MODEL_POLICY,3,9.76595478199306,10.11
STAGE_MODEL_POLICY,3,9.816410636005457,19.351
STAGE_MODEL_POLICY,3,9.873406450002221,19.351
STAGE_MODEL_POLICY,3,9.924821458000224,10.046
STAGE_MODEL_POLICY,3,9.97537114500301,10.046
STAGE_MODEL_POLICY,3,10.02580863199546,10.047
STAGE_MODEL_POLICY,3,10.07628016898525,10.047
STAGE_MODEL_POLICY,3,10.12678579398198,7.103
STAGE_MODEL_POLICY,3,10.178165585995885,10.388
STAGE_MODEL_POLICY,3,10.2300859229872,10.388
STAGE_MODEL_POLICY,3,10.288476644986076,10.011
STAGE_MODEL_POLICY,3,10.3389836520073,10.011
STAGE_MODEL_POLICY,3,10.389490458008368,9.271
STAGE_MODEL_POLICY,3,10.442327911005123,9.271
STAGE_MODEL_POLICY,3,10.493752527981997,10.054
STAGE_MODEL_POLICY,3,10.544307556003332,10.054
STAGE_MODEL_POLICY,3,10.594922738004243,10.057
STAGE_MODEL_POLICY,3,10.645458933984628,10.057
STAGE_MODEL_POLICY,3,10.696027628000593,10.06
STAGE_MODEL_POLICY,3,10.746542787004728,10.06
STAGE_MODEL_POLICY,3,10.797157625987893,10.067
STAGE_MODEL_POLICY,3,10.847678327001631,10.067
STAGE_MODEL_POLICY,3,10.898200708994409,10.072
STAGE_MODEL_POLICY,3,10.948824244987918,10.072
STAGE_MODEL_POLICY,3,10.999313948996132,10.071
STAGE_MODEL_POLICY,3,11.050044573988998,10.071
STAGE_MODEL_POLICY,3,11.10054616900743,10.073
STAGE_MODEL_POLICY,3,11.151252287992975,10.073
STAGE_MODEL_POLICY,3,11.201820274989586,10.072
STAGE_MODEL_POLICY,3,11.252509679005016,10.072
STAGE_MODEL_POLICY,3,11.303086669999175,10.076
STAGE_MODEL_POLICY,3,11.353687794005964,10.076
STAGE_MODEL_POLICY,3,11.404266753001139,10.08
STAGE_MODEL_POLICY,3,11.469975265994435,10.08
STAGE_MODEL_POLICY,3,11.520526264008367,11.642
STAGE_MODEL_POLICY,3,11.572731908003334,11.642
STAGE_MODEL_POLICY,3,11.624058924993733,9.099
STAGE_MODEL_POLICY,3,11.676824171998305,10.19
STAGE_MODEL_POLICY,3,11.727364855003543,10.19
STAGE_MODEL_POLICY,3,11.77785905500059,10.31
STAGE_MODEL_POLICY,3,11.83478798600845,10.31
STAGE_MODEL_POLICY,3,11.886501503991894,10.105
STAGE_MODEL_POLICY,3,11.93703314900631,10.105
STAGE_MODEL_POLICY,3,11.987474363995716,10.092
STAGE_MODEL_POLICY,3,12.037829071981832,10.092
STAGE_MODEL_POLICY,3,12.088259935990209,10.249
STAGE_MODEL_POLICY,3,12.139561185991624,10.249
STAGE_MODEL_POLICY,3,12.191597814991837,10.428
STAGE_MODEL_POLICY,3,12.242029841989279,10.428
STAGE_MODEL_POLICY,3,12.292657073005103,10.269
STAGE_MODEL_POLICY,3,12.343044209002983,10.269
STAGE_MODEL_POLICY,3,12.393473089003237,10.255
STAGE_MODEL_POLICY,3,12.44390219799243,10.255
STAGE_MODEL_POLICY,3,12.494453366991365,10.221
STAGE_MODEL_POLICY,3,12.545200449996628,10.221
STAGE_MODEL_POLICY,3,12.595894940983271,10.296
STAGE_MODEL_POLICY,3,12.647752710006898,10.296
STAGE_MODEL_POLICY,3,12.704662070987979,10.136
STAGE_MODEL_POLICY,3,12.75518638198264,10.136
STAGE_MODEL_POLICY,3,12.8057603900088,10.106
STAGE_MODEL_POLICY,3,12.856286708003609,10.106
STAGE_MODEL_POLICY,3,12.906765427993378,9.351
STAGE_MODEL_POLICY,3,12.962778988003265,9.351
STAGE_MODEL_POLICY,3,13.013976674003061,10.065
STAGE_MODEL_POLICY,3,13.064482882007724,10.065
STAGE_MODEL_POLICY,3,13.11505999599467,10.04
STAGE_MODEL_POLICY,3,13.165528126992285,10.04
STAGE_MODEL_POLICY,3,13.216051792987855,7.671
STAGE_MODEL_POLICY,3,13.267127206985606,7.671
STAGE_MODEL_POLICY,3,13.320553097000811,10.077
STAGE_MODEL_POLICY,3,13.37117461298476,17.176
STAGE_MODEL_POLICY,3,13.431947579985717,17.176
STAGE_MODEL_POLICY,3,13.483489532984095,9.691
STAGE_MODEL_POLICY,3,13.549730667000404,9.691
STAGE_MODEL_POLICY,3,13.600205278984504,9.532
STAGE_MODEL_POLICY,3,13.654943130997708,9.532
STAGE_MODEL_POLICY,3,13.706328002997907,10.094
STAGE_MODEL_POLICY,3,13.75676077400567,10.094
STAGE_MODEL_POLICY,3,13.807396269985475,10.064
STAGE_MODEL_POLICY,3,13.857778390985914,10.064
STAGE_MODEL_POLICY,3,13.908417983009713,10.073
STAGE_MODEL_POLICY,3,13.958974916982697,10.073
STAGE_MODEL_POLICY,3,14.00960036998731,10.069
STAGE_MODEL_POLICY,3,14.060179834981682,10.069
STAGE_MODEL_POLICY,3,14.110626121982932,10.073
STAGE_MODEL_POLICY,3,14.161221522983396,10.073
STAGE_MODEL_POLICY,3,14.211783012986416,9.787
STAGE_MODEL_POLICY,3,14.263009688991588,9.787
STAGE_MODEL_POLICY,3,14.31518279100419,10.114
STAGE_MODEL_POLICY,3,14.365929660998518,10.114
STAGE_MODEL_POLICY,3,14.416421052999794,10.129
STAGE_MODEL_POLICY,3,14.467322568001691,10.129
STAGE_MODEL_POLICY,3,14.51784867598326,10.105
STAGE_MODEL_POLICY,3,14.568218431988498,11.771
STAGE_MODEL_POLICY,3,14.626544856990222,11.771
STAGE_MODEL_POLICY,3,14.678176221990725,10.52
STAGE_MODEL_POLICY,3,14.74669277999783,10.52
STAGE_MODEL_POLICY,3,14.79720683398773,14.582
STAGE_MODEL_POLICY,3,14.848631622007815,14.582
STAGE_MODEL_POLICY,3,14.900205657992046,9.923
STAGE_MODEL_POLICY,3,14.960178479988826,9.923
STAGE_MODEL_POLICY,3,15.011573814001167,10.217
STAGE_MODEL_POLICY,3,15.062880662007956,10.217
STAGE_MODEL_POLICY,3,15.114101154002128,10.241
STAGE_MODEL_POLICY,3,15.16711033298634,10.241
STAGE_MODEL_POLICY,3,15.223875497991685,10.126
STAGE_MODEL_POLICY,3,15.281804583995836,9.399
STAGE_MODEL_POLICY,3,15.334078875981504,9.399
STAGE_MODEL_POLICY,3,15.388674611982424,10.176
STAGE_MODEL_POLICY,3,15.439181049005128,10.176
STAGE_MODEL_POLICY,3,15.489711328991689,10.162
STAGE_MODEL_POLICY,3,15.540247038006783,10.162
STAGE_MODEL_POLICY,3,15.590706355986185,10.166
STAGE_MODEL_POLICY,3,15.64135231898399,10.166
STAGE_MODEL_POLICY,3,15.691838191007264,7.397
STAGE_MODEL_POLICY,3,15.743202246987494,7.397
STAGE_MODEL_POLICY,3,15.794633666984737,10.232
STAGE_MODEL_POLICY,3,15.845158073992934,10.232
STAGE_MODEL_POLICY,3,15.895850275992416,10.171
STAGE_MODEL_POLICY,3,15.946440611995058,10.171
STAGE_MODEL_POLICY,3,15.997131118987454,9.955
STAGE_MODEL_POLICY,3,16.048657553998055,9.955
STAGE_MODEL_POLICY,3,16.101623066992033,10.085
STAGE_MODEL_POLICY,3,16.152230398991378,10.085
STAGE_MODEL_POLICY,3,16.20283644099254,9.792
STAGE_MODEL_POLICY,3,16.255600239994237,9.792
STAGE_MODEL_POLICY,3,16.30710013199132,10.136
STAGE_MODEL_POLICY,3,16.357536814990453,10.136
STAGE_MODEL_POLICY,3,16.40805018300307,10.138
STAGE_MODEL_POLICY,3,16.458767511998303,10.138
STAGE_MODEL_POLICY,3,16.509399898990523,10.137
STAGE_MODEL_POLICY,3,16.559917770005995,10.137
STAGE_MODEL_POLICY,3,16.610578510997584,10.15
STAGE_MODEL_POLICY,3,16.661511059006443,10.15
STAGE_MODEL_POLICY,3,16.712118867988465,10.142
STAGE_MODEL_POLICY,3,16.762658506981097,10.142
STAGE_MODEL_POLICY,3,16.8133002659888,10.142
STAGE_MODEL_POLICY,3,16.863842402002774,10.142
STAGE_MODEL_POLICY,3,16.914362670999253,10.137
STAGE_MODEL_POLICY,3,16.96490397999878,10.137
STAGE_MODEL_POLICY,3,17.0155183019815,10.134
STAGE_MODEL_POLICY,3,17.06611913398956,10.134
STAGE_MODEL_POLICY,3,17.11675623600604,10.132
STAGE_MODEL_POLICY,3,17.167464239988476,10.132
STAGE_MODEL_POLICY,3,17.218154219008284,10.134
STAGE_MODEL_POLICY,3,17.268753684009425,10.134
STAGE_MODEL_POLICY,3,17.319690810982138,9.434
STAGE_MODEL_POLICY,3,17.37214498198591,10.163
STAGE_MODEL_POLICY,3,17.423351145000197,10.18
STAGE_MODEL_POLICY,3,17.47402336599771,10.18
STAGE_MODEL_POLICY,3,17.524645844008774,10.145
STAGE_MODEL_POLICY,3,17.5752212239895,10.145
STAGE_MODEL_POLICY,3,17.625978105992544,10.282
STAGE_MODEL_POLICY,3,17.677274084999226,10.112
STAGE_MODEL_POLICY,3,17.730267618986545,10.122
STAGE_MODEL_POLICY,3,17.78079525200883,10.122
STAGE_MODEL_POLICY,3,17.83138657399104,10.122
STAGE_MODEL_POLICY,3,17.882137159991544,10.141
STAGE_MODEL_POLICY,3,17.93306329799816,10.141
STAGE_MODEL_POLICY,3,17.983723637007643,10.158
STAGE_MODEL_POLICY,3,18.034421299991664,10.158
STAGE_MODEL_POLICY,3,18.08527340600267,10.166
STAGE_MODEL_POLICY,3,18.135867895005504,10.166
STAGE_MODEL_POLICY,3,18.18641635699896,10.163
STAGE_MODEL_POLICY,3,18.23704167298274,10.163
STAGE_MODEL_POLICY,3,18.28787276899675,10.155
STAGE_MODEL_POLICY,3,18.338443497981643,10.155
STAGE_MODEL_POLICY,3,18.38891493398114,10.16
STAGE_MODEL_POLICY,3,18.43930290400749,10.16
STAGE_MODEL_POLICY,3,18.489854660991114,10.151
STAGE_MODEL_POLICY,3,18.54040000398527,10.151
STAGE_MODEL_POLICY,3,18.591200855007628,10.16
STAGE_MODEL_POLICY,3,18.64183419800247,10.16
STAGE_MODEL_POLICY,3,18.692556797992438,10.148
STAGE_MODEL_POLICY,3,18.743100399995456,10.148
STAGE_MODEL_POLICY,3,18.79407440999057,10.159
STAGE_MODEL_POLICY,3,18.844703819981078,10.159
STAGE_MODEL_POLICY,3,18.89530157900299,10.158
STAGE_MODEL_POLICY,3,18.945899858983466,10.158
STAGE_MODEL_POLICY,3,18.996535660000518,10.149
STAGE_MODEL_POLICY,3,19.047085548983887,10.149
STAGE_MODEL_POLICY,3,19.097738441982074,10.145
STAGE_MODEL_POLICY,3,19.148452978988644,10.145
STAGE_MODEL_POLICY,3,19.19942920099129,10.13
STAGE_MODEL_POLICY,3,19.250446539983386,10.13
STAGE_MODEL_POLICY,3,19.3011600250029,10.124
STAGE_MODEL_POLICY,3,19.352184966002824,10.124
STAGE_MODEL_POLICY,3,19.40289326099446,10.129
STAGE_MODEL_POLICY,3,19.453702745988267,10.129
STAGE_MODEL_POLICY,3,19.50425165600609,10.134
STAGE_MODEL_POLICY,3,19.554959442990366,10.134
STAGE_MODEL_POLICY,3,19.605656706000445,10.129
STAGE_MODEL_POLICY,3,19.656132158008404,10.129
STAGE_MODEL_POLICY,3,19.706595819996437,10.12
STAGE_MODEL_POLICY,3,19.757441221998306,10.12
STAGE_MODEL_POLICY,3,19.80802768099238,10.136
STAGE_MODEL_POLICY,3,19.858430424996186,10.136
STAGE_MODEL_POLICY,3,19.908971188997384,10.115
STAGE_MODEL_POLICY,3,19.959723068983294,10.115
STAGE_MODEL_POLICY,3,20.010274555999786,10.12
STAGE_MODEL_POLICY,3,20.060703605005983,10.12
STAGE_MODEL_POLICY,3,20.111456810991513,10.129
STAGE_MODEL_POLICY,3,20.161940663005225,10.129
STAGE_MODEL_POLICY,3,20.212547005008673,10.116
STAGE_MODEL_POLICY,3,20.262993896001717,10.116
STAGE_MODEL_POLICY,3,20.31355299198185,10.126
STAGE_MODEL_POLICY,3,20.36418737398344,10.126
STAGE_MODEL_POLICY,3,20.414793625997845,10.13
STAGE_MODEL_POLICY,3,20.465493363997666,10.13
STAGE_MODEL_POLICY,3,20.516115890000947,10.138
STAGE_MODEL_POLICY,3,20.566900353995152,10.138
STAGE_MODEL_POLICY,3,20.61749746298301,10.126
STAGE_MODEL_POLICY,3,20.668804159999127,10.126
STAGE_MODEL_POLICY,3,20.719504701002734,10.117
STAGE_MODEL_POLICY,3,20.77009492900106,10.117
STAGE_MODEL_POLICY,3,20.820652088994393,10.127
STAGE_MODEL_POLICY,3,20.87141030599014,10.127
STAGE_MODEL_POLICY,3,20.92175842198776,10.116
STAGE_MODEL_POLICY,3,20.972199192008702,10.116
STAGE_MODEL_POLICY,3,21.02288952600793,10.132
STAGE_MODEL_POLICY,3,21.073635000007926,10.132
STAGE_MODEL_POLICY,3,21.124072670994792,10.125
STAGE_MODEL_POLICY,3,21.1747413300036,10.125
STAGE_MODEL_POLICY,3,21.22539992898237,10.129
STAGE_MODEL_POLICY,3,21.27594917899114,10.121
STAGE_MODEL_POLICY,3,21.326483852986712,10.121
STAGE_MODEL_POLICY,3,21.377114450995577,10.121
STAGE_MODEL_POLICY,3,21.427846631006105,10.121
STAGE_MODEL_POLICY,3,21.47854849198484,10.121
STAGE_MODEL_POLICY,3,21.52893850998953,10.121
STAGE_MODEL_POLICY,3,21.57935172098223,10.115
STAGE_MODEL_POLICY,3,21.62978583900258,10.115
STAGE_MODEL_POLICY,3,21.68031231799978,10.114
STAGE_MODEL_POLICY,3,21.73090195300756,10.114
STAGE_MODEL_POLICY,3,21.781611348997103,10.116
STAGE_MODEL_POLICY,3,21.832208421983523,10.116
STAGE_MODEL_POLICY,3,21.883007800002815,10.116
STAGE_MODEL_POLICY,3,21.933569007000187,10.116
STAGE_MODEL_POLICY,3,21.984162515000207,10.116
STAGE_MODEL_POLICY,3,22.035090124001727,10.116
STAGE_MODEL_POLICY,3,22.08556015198701,10.113
STAGE_MODEL_POLICY,3,22.136402581993025,10.113
STAGE_MODEL_POLICY,3,22.1871728959959,10.116
STAGE_MODEL_POLICY,3,22.237682401988422,10.116
STAGE_MODEL_POLICY,3,22.288267538999207,10.103
STAGE_MODEL_POLICY,3,22.338724750996334,10.103
STAGE_MODEL_POLICY,3,22.38931582099758,10.108
STAGE_MODEL_POLICY,3,22.439879459998338,10.108
STAGE_MODEL_POLICY,3,22.490267429006053,10.094
STAGE_MODEL_POLICY,3,22.54082245999598,10.094
STAGE_MODEL_POLICY,3,22.591237957996782,10.092
STAGE_MODEL_POLICY,3,22.64172353898175,10.092
STAGE_MODEL_POLICY,3,22.692136544996174,10.084
STAGE_MODEL_POLICY,3,22.74270116700791,10.084
STAGE_MODEL_POLICY,3,22.793154387996765,10.087
STAGE_MODEL_POLICY,3,22.84372506098589,10.087
STAGE_MODEL_POLICY,3,22.894213285006117,10.085
STAGE_MODEL_POLICY,3,22.944622587005142,10.085
STAGE_MODEL_POLICY,3,22.995039857982192,10.081
STAGE_MODEL_POLICY,3,23.045591828005854,10.081
STAGE_MODEL_POLICY,3,23.096490260999417,10.08
STAGE_MODEL_POLICY,3,23.14706318700337,10.08
STAGE_MODEL_POLICY,3,23.197708015009994,10.078
STAGE_MODEL_POLICY,3,23.248252343008062,10.078
STAGE_MODEL_POLICY,3,23.298889647994656,10.067
STAGE_MODEL_POLICY,3,23.349368814000627,10.067
STAGE_MODEL_POLICY,3,23.400200548989233,10.071
STAGE_MODEL_POLICY,3,23.45089552499121,10.071
STAGE_MODEL_POLICY,3,23.501498987985542,10.068
STAGE_MODEL_POLICY,3,23.552262815996073,10.068
STAGE_MODEL_POLICY,3,23.602838455990423,10.077
STAGE_MODEL_POLICY,3,23.653622596990317,10.077
STAGE_MODEL_POLICY,3,23.704215792007744,10.082
STAGE_MODEL_POLICY,3,23.75460125799873,10.082
STAGE_MODEL_POLICY,3,23.80511690399726,10.075
STAGE_MODEL_POLICY,3,23.85560746898409,10.075
STAGE_MODEL_POLICY,3,23.906043052993482,10.075
STAGE_MODEL_POLICY,3,23.956404934986494,10.075
STAGE_MODEL_POLICY,3,24.006956466997508,10.073
STAGE_MODEL_POLICY,3,24.057631106988993,10.073
STAGE_MODEL_POLICY,3,24.10826306999661,10.081
STAGE_MODEL_POLICY,3,24.158701568987453,10.081
STAGE_MODEL_POLICY,3,24.20928249199642,10.078
STAGE_MODEL_POLICY,3,24.2598078569863,10.078
STAGE_MODEL_POLICY,3,24.31039530900307,10.088
STAGE_MODEL_POLICY,3,24.361252058006357,10.088
STAGE_MODEL_POLICY,3,24.41181037700153,10.096
STAGE_MODEL_POLICY,3,24.462513917009346,10.096
STAGE_MODEL_POLICY,3,24.512996306002606,10.105
STAGE_MODEL_POLICY,3,24.563453779002884,10.105
STAGE_MODEL_POLICY,3,24.6140877759899,10.104
STAGE_MODEL_POLICY,3,24.66454840998631,10.104
STAGE_MODEL_POLICY,3,24.715087660995778,10.098
STAGE_MODEL_POLICY,3,24.76568655198207,10.098
STAGE_MODEL_POLICY,3,24.816238734987564,10.105
STAGE_MODEL_POLICY,3,24.86674046400003,10.105
STAGE_MODEL_POLICY,3,24.91738757499843,10.099
STAGE_MODEL_POLICY,3,24.968154853006126,10.099
STAGE_MODEL_POLICY,3,25.01868287398247,10.1
STAGE_MODEL_POLICY,3,25.069290173007175,10.1
STAGE_MODEL_POLICY,3,25.119870505004656,10.103
STAGE_MODEL_POLICY,3,25.170557710982393,10.103
STAGE_MODEL_POLICY,3,25.221091298997635,10.099
STAGE_MODEL_POLICY,3,25.271632286981912,10.099
STAGE_MODEL_POLICY,3,25.322075334988767,10.102
STAGE_MODEL_POLICY,3,25.37239741999656,10.102
STAGE_MODEL_POLICY,3,25.423207594983978,10.095
STAGE_MODEL_POLICY,3,25.47370508199674,10.095
STAGE_MODEL_POLICY,3,25.524017394986004,10.105
STAGE_MODEL_POLICY,3,25.57442457898287,7.122
STAGE_MODEL_POLICY,3,25.62586275098147,7.122
STAGE_MODEL_POLICY,3,25.677250984008424,10.143
STAGE_MODEL_POLICY,3,25.727804022986675,10.143
STAGE_MODEL_POLICY,3,25.7784279579937,10.107
STAGE_MODEL_POLICY,3,25.82904144699569,10.107
STAGE_MODEL_POLICY,3,25.880319753981894,9.375
STAGE_MODEL_POLICY,3,25.931503392988816,11.373
STAGE_MODEL_POLICY,3,25.99423783700331,9.885
STAGE_MODEL_POLICY,3,26.045998183981283,10.34
STAGE_MODEL_POLICY,3,26.097418986988487,10.026
STAGE_MODEL_POLICY,3,26.14986143898568,10.605
STAGE_MODEL_POLICY,3,26.20795038100914,9.85
STAGE_MODEL_POLICY,3,26.2590947310091,9.85
STAGE_MODEL_POLICY,3,26.31149592899601,10.126
STAGE_MODEL_POLICY,3,26.362116764998063,10.126
STAGE_MODEL_POLICY,3,26.412742512009572,10.11
STAGE_MODEL_POLICY,3,26.463182976003736,10.11
STAGE_MODEL_POLICY,3,26.513765012001386,10.089
STAGE_MODEL_POLICY,3,26.565344053989975,10.089
STAGE_MODEL_POLICY,3,26.622587532008765,10.09
STAGE_MODEL_POLICY,3,26.673225131002255,10.082
STAGE_MODEL_POLICY,3,26.723729391989764,10.082
STAGE_MODEL_POLICY,3,26.774204410990933,6.596
STAGE_MODEL_POLICY,3,26.825389898003777,6.596
STAGE_MODEL_POLICY,3,26.87674357998185,10.106
STAGE_MODEL_POLICY,3,26.927230706001865,10.106
STAGE_MODEL_POLICY,3,26.97777729900554,10.078
STAGE_MODEL_POLICY,3,27.02827743499074,10.078
STAGE_MODEL_POLICY,3,27.078749563981546,10.087
STAGE_MODEL_POLICY,3,27.129226644989103,10.087
STAGE_MODEL_POLICY,3,27.179847299004905,9.847
STAGE_MODEL_POLICY,3,27.23131609999109,9.847
STAGE_MODEL_POLICY,3,27.283982827008003,10.106
STAGE_MODEL_POLICY,3,27.334527289989637,10.106
STAGE_MODEL_POLICY,3,27.385045119008282,9.137
STAGE_MODEL_POLICY,3,27.436609199998202,10.736
STAGE_MODEL_POLICY,3,27.488533675990766,9.375
STAGE_MODEL_POLICY,3,27.53976782198879,9.375
STAGE_MODEL_POLICY,3,27.592377842986025,10.134
STAGE_MODEL_POLICY,3,27.64282682200428,10.134
STAGE_MODEL_POLICY,3,27.693487107986584,9.996
STAGE_MODEL_POLICY,3,27.7447858210071,10.692
STAGE_MODEL_POLICY,3,27.805505035008537,8.081
STAGE_MODEL_POLICY,3,27.856809857999906,8.081
STAGE_MODEL_POLICY,3,27.90896946299472,10.026
STAGE_MODEL_POLICY,3,27.95941161000519,10.026
STAGE_MODEL_POLICY,3,28.00995047300239,10.015
STAGE_MODEL_POLICY,3,28.060512305004522,10.015
STAGE_MODEL_POLICY,3,28.111098305002088,8.577
STAGE_MODEL_POLICY,3,28.167226277000736,8.577
STAGE_MODEL_POLICY,3,28.218675754003925,10.048
STAGE_MODEL_POLICY,3,28.26916890699067,10.048
STAGE_MODEL_POLICY,3,28.319844404992182,10.047
STAGE_MODEL_POLICY,3,28.370343839982525,10.047
STAGE_MODEL_POLICY,3,28.420798047009157,9.46
STAGE_MODEL_POLICY,3,28.47208322098595,10.096
STAGE_MODEL_POLICY,3,28.528841113002272,10.136
STAGE_MODEL_POLICY,3,28.579375081986655,10.095
STAGE_MODEL_POLICY,3,28.63074577198131,11.754
STAGE_MODEL_POLICY,3,28.682172617991455,8.691
STAGE_MODEL_POLICY,3,28.73699237999972,8.691
STAGE_MODEL_POLICY,3,28.788286599999992,10.089
STAGE_MODEL_POLICY,3,28.838975970982574,10.089
STAGE_MODEL_POLICY,3,28.88957321300404,10.101
STAGE_MODEL_POLICY,3,28.94026151599246,10.101
STAGE_MODEL_POLICY,3,28.99487046498689,9.957
STAGE_MODEL_POLICY,3,29.046157333999872,9.957
STAGE_MODEL_POLICY,3,29.098667379003018,10.086
STAGE_MODEL_POLICY,3,29.149269696994452,10.086
STAGE_MODEL_POLICY,3,29.199882755987346,5.941
STAGE_MODEL_POLICY,3,29.25604897699668,5.941
STAGE_MODEL_POLICY,3,29.307562451984268,10.092
STAGE_MODEL_POLICY,3,29.357966190989828,10.092
STAGE_MODEL_POLICY,3,29.408755693002604,10.08
STAGE_MODEL_POLICY,3,29.459263208002085,10.08
STAGE_MODEL_POLICY,3,29.509862106991932,10.077
STAGE_MODEL_POLICY,3,29.560435057006544,10.077
STAGE_MODEL_POLICY,3,29.611034678004216,9.333
STAGE_MODEL_POLICY,3,29.662295699992683,9.333
STAGE_MODEL_POLICY,3,29.715265812003054,10.105
STAGE_MODEL_POLICY,3,29.76572762799333,10.105
STAGE_MODEL_POLICY,3,29.816376970004058,10.088
STAGE_MODEL_POLICY,3,29.86706299398793,10.088
STAGE_MODEL_POLICY,3,29.917657916987082,9.275
STAGE_MODEL_POLICY,3,29.970237943984102,10.078
STAGE_MODEL_INFER,3,0.003627167985541746,10.078
STAGE_MODEL_INFER,3,0.06024064699886367,11.076
STAGE_MODEL_INFER,3,0.11294047097908333,11.076
STAGE_MODEL_INFER,3,0.16539241699501872,10.023
STAGE_MODEL_INFER,3,0.21617408798192628,10.023
STAGE_MODEL_INFER,3,0.26675796799827367,9.198
STAGE_MODEL_INFER,3,0.32415439499891363,9.198
STAGE_MODEL_INFER,3,0.3755202599859331,10.094
STAGE_MODEL_INFER,3,0.42599420898477547,10.094
STAGE_MODEL_INFER,3,0.47660321998409927,16.573
STAGE_MODEL_INFER,3,0.5283035519823898,16.573
STAGE_MODEL_INFER,3,0.5805966309853829,10.248
STAGE_MODEL_INFER,3,0.6310597769916058,10.248
STAGE_MODEL_INFER,3,0.6814893260016106,9.739
STAGE_MODEL_INFER,3,0.7373324189975392,9.739
STAGE_MODEL_INFER,3,0.7892418789851945,10.089
STAGE_MODEL_INFER,3,0.8397753280005418,10.089
STAGE_MODEL_INFER,3,0.8904874509898946,8.628
STAGE_MODEL_INFER,3,0.9423105180030689,8.628
STAGE_MODEL_INFER,3,0.9949998100055382,11.029
STAGE_MODEL_INFER,3,1.0467029949941207,9.808
STAGE_MODEL_INFER,3,1.0978671679913532,9.808
STAGE_MODEL_INFER,3,1.1504328229930252,10.024
STAGE_MODEL_INFER,3,1.2009829939925112,10.024
STAGE_MODEL_INFER,3,1.2578496789792553,11.355
STAGE_MODEL_INFER,3,1.3107046280056238,11.355
STAGE_MODEL_INFER,3,1.3634093749860767,10.182
STAGE_MODEL_INFER,3,1.414108077995479,10.182
STAGE_MODEL_INFER,3,1.4650836839864496,10.12
STAGE_MODEL_INFER,3,1.5158814099850133,10.12
STAGE_MODEL_INFER,3,1.5666223889857065,10.136
STAGE_MODEL_INFER,3,1.6173464299936313,10.136
STAGE_MODEL_INFER,3,1.6678973950038198,10.129
STAGE_MODEL_INFER,3,1.7186069870076608,10.129
STAGE_MODEL_INFER,3,1.7695620470040012,10.134
STAGE_MODEL_INFER,3,1.8203083719999995,10.134
STAGE_MODEL_INFER,3,1.8707452839880716,10.133
STAGE_MODEL_INFER,3,1.9214750950050075,10.133
STAGE_MODEL_INFER,3,1.9719782279862557,10.132
STAGE_MODEL_INFER,3,2.022652905987343,10.132
STAGE_MODEL_INFER,3,2.073294141999213,10.124
STAGE_MODEL_INFER,3,2.132069612998748,10.124
STAGE_MODEL_INFER,3,2.1825311179854907,10.62
STAGE_MODEL_INFER,3,2.236965796997538,10.62
STAGE_MODEL_INFER,3,2.2888858490041457,10.116
STAGE_MODEL_INFER,3,2.33937976998277,10.116
STAGE_MODEL_INFER,3,2.3900403879815713,10.117
STAGE_MODEL_INFER,3,2.440442396007711,10.117
STAGE_MODEL_INFER,3,2.490997793007409,10.123
STAGE_MODEL_INFER,3,2.5414264449791517,10.123
STAGE_MODEL_INFER,3,2.591989253007341,10.148
STAGE_MODEL_INFER,3,2.642525036004372,10.148
STAGE_MODEL_INFER,3,2.6930121579789557,10.133
STAGE_MODEL_INFER,3,2.7435533499810845,10.133
STAGE_MODEL_INFER,3,2.7941368619794957,10.129
STAGE_MODEL_INFER,3,2.8446338099893183,10.129
STAGE_MODEL_INFER,3,2.895174679986667,10.131
STAGE_MODEL_INFER,3,2.9457963120075874,10.131
STAGE_MODEL_INFER,3,2.996400934003759,10.132
STAGE_MODEL_INFER,3,3.047043857979588,10.131
STAGE_MODEL_INFER,3,3.0977616680029314,10.131
STAGE_MODEL_INFER,3,3.1482532539812382,10.128
STAGE_MODEL_INFER,3,3.1988717509957496,10.128
STAGE_MODEL_INFER,3,3.2494716359942686,10.13
STAGE_MODEL_INFER,3,3.3002257749903947,10.13
STAGE_MODEL_INFER,3,3.35069214500254,10.473
STAGE_MODEL_INFER,3,3.4023025189817417,10.473
STAGE_MODEL_INFER,3,3.4548690200026613,10.123
STAGE_MODEL_INFER,3,3.5054115630046,10.123
STAGE_MODEL_INFER,3,3.556312167987926,9.251
STAGE_MODEL_INFER,3,3.6083833159937058,9.251
STAGE_MODEL_INFER,3,3.664719061984215,10.215
STAGE_MODEL_INFER,3,3.7152017729822546,10.215
STAGE_MODEL_INFER,3,3.7656458639830817,10.131
STAGE_MODEL_INFER,3,3.816389068000717,10.131
STAGE_MODEL_INFER,3,3.875352170987753,9.592
STAGE_MODEL_INFER,3,3.927153739001369,9.592
STAGE_MODEL_INFER,3,3.98041383898817,10.109
STAGE_MODEL_INFER,3,4.03101714400691,10.109
STAGE_MODEL_INFER,3,4.091474691987969,10.421
STAGE_MODEL_INFER,3,4.143138516985346,10.421
STAGE_MODEL_INFER,3,4.195391144981841,10.12
STAGE_MODEL_INFER,3,4.246113943983801,10.123
STAGE_MODEL_INFER,3,4.296585067000706,10.123
STAGE_MODEL_INFER,3,4.347302770998795,10.141
STAGE_MODEL_INFER,3,4.3977667019935325,10.141
STAGE_MODEL_INFER,3,4.448493042000337,10.128
STAGE_MODEL_INFER,3,4.498958366981242,10.128
STAGE_MODEL_INFER,3,4.5495735649892595,10.143
STAGE_MODEL_INFER,3,4.5999948749959,10.143
STAGE_MODEL_INFER,3,4.6506120009871665,10.436
STAGE_MODEL_INFER,3,4.702910335006891,10.436
STAGE_MODEL_INFER,3,4.755557148979278,10.122
STAGE_MODEL_INFER,3,4.806085410993546,10.122
STAGE_MODEL_INFER,3,4.856533735990524,10.142
STAGE_MODEL_INFER,3,4.906997466983739,10.142
STAGE_MODEL_INFER,3,4.95770635898225,10.119
STAGE_MODEL_INFER,3,5.008198010997148,10.119
STAGE_MODEL_INFER,3,5.061490018997574,10.739
STAGE_MODEL_INFER,3,5.113061015988933,10.739
STAGE_MODEL_INFER,3,5.165287804993568,10.086
STAGE_MODEL_INFER,3,5.216061935003381,10.086
STAGE_MODEL_INFER,3,5.266656927007716,10.114
STAGE_MODEL_INFER,3,5.3171986950037535,10.114
STAGE_MODEL_INFER,3,5.367765320988838,10.126
STAGE_MODEL_INFER,3,5.418309430999216,10.126
STAGE_MODEL_INFER,3,5.469399558991427,10.119
STAGE_MODEL_INFER,3,5.520229460991686,10.119
STAGE_MODEL_INFER,3,5.570982043980621,10.129
STAGE_MODEL_INFER,3,5.62162417100626,10.129
STAGE_MODEL_INFER,3,5.672265673987567,10.128
STAGE_MODEL_INFER,3,5.722770394990221,10.128
STAGE_MODEL_INFER,3,5.773225068987813,10.126
STAGE_MODEL_INFER,3,5.823935652006185,10.126
STAGE_MODEL_INFER,3,5.874635016982211,10.119
STAGE_MODEL_INFER,3,5.925176758988528,10.119
STAGE_MODEL_INFER,3,5.9758363209839445,10.123
STAGE_MODEL_INFER,3,6.026551738992566,10.123
STAGE_MODEL_INFER,3,6.077256852004211,10.123
STAGE_MODEL_INFER,3,6.127713216992561,10.123
STAGE_MODEL_INFER,3,6.178271911980119,10.124
STAGE_MODEL_INFER,3,6.228687180002453,10.124
STAGE_MODEL_INFER,3,6.27917371300282,10.123
STAGE_MODEL_INFER,3,6.329892849986209,10.123
STAGE_MODEL_INFER,3,6.38062816899037,10.125
STAGE_MODEL_INFER,3,6.4313447889871895,10.125
STAGE_MODEL_INFER,3,6.48198680698988,10.113
STAGE_MODEL_INFER,3,6.532535273989197,10.113
STAGE_MODEL_INFER,3,6.583219967986224,10.126
STAGE_MODEL_INFER,3,6.633704215986654,10.126
STAGE_MODEL_INFER,3,6.684577423002338,10.123
STAGE_MODEL_INFER,3,6.735005625989288,10.123
STAGE_MODEL_INFER,3,6.786000224004965,10.127
STAGE_MODEL_INFER,3,6.836632944992743,10.127
STAGE_MODEL_INFER,3,6.887398235005094,10.121
STAGE_MODEL_INFER,3,6.938076989987167,10.121
STAGE_MODEL_INFER,3,6.988624050980434,10.127
STAGE_MODEL_INFER,3,7.039221612998517,10.127
STAGE_MODEL_INFER,3,7.090113671991276,10.12
STAGE_MODEL_INFER,3,7.140684068988776,10.12
STAGE_MODEL_INFER,3,7.191529206989799,10.111
STAGE_MODEL_INFER,3,7.242266704997746,10.111
STAGE_MODEL_INFER,3,7.293022811005358,10.119
STAGE_MODEL_INFER,3,7.343638622987783,10.119
STAGE_MODEL_INFER,3,7.3940475349954795,10.121
STAGE_MODEL_INFER,3,7.444516188988928,10.121
STAGE_MODEL_INFER,3,7.495366510003805,10.109
STAGE_MODEL_INFER,3,7.5460741499846336,10.127
STAGE_MODEL_INFER,3,7.596797957987292,10.127
STAGE_MODEL_INFER,3,7.647258401004365,10.114
STAGE_MODEL_INFER,3,7.697918567981105,10.114
STAGE_MODEL_INFER,3,7.748424544988666,10.125
STAGE_MODEL_INFER,3,7.798958144005155,10.125
STAGE_MODEL_INFER,3,7.8494176829990465,10.124
STAGE_MODEL_INFER,3,7.9000204729964025,10.124
STAGE_MODEL_INFER,3,7.95057565899333,10.131
STAGE_MODEL_INFER,3,8.001251743000466,10.131
STAGE_MODEL_INFER,3,8.052000169001985,10.123
STAGE_MODEL_INFER,3,8.102581257990096,10.123
STAGE_MODEL_INFER,3,8.153174970997497,10.125
STAGE_MODEL_INFER,3,8.20379168400541,10.125
STAGE_MODEL_INFER,3,8.254601619992172,10.135
STAGE_MODEL_INFER,3,8.305245770985493,10.135
STAGE_MODEL_INFER,3,8.355709486000706,10.114
STAGE_MODEL_INFER,3,8.406332397978986,10.114
STAGE_MODEL_INFER,3,8.457022052985849,10.123
STAGE_MODEL_INFER,3,8.507513630989706,10.123
STAGE_MODEL_INFER,3,8.558044465986313,9.012
STAGE_MODEL_INFER,3,8.609428909985581,9.012
STAGE_MODEL_INFER,3,8.665652322990354,10.108
STAGE_MODEL_INFER,3,8.716230088000884,10.108
STAGE_MODEL_INFER,3,8.767028739996022,10.096
STAGE_MODEL_INFER,3,8.81760392599972,10.096
STAGE_MODEL_INFER,3,8.876325236982666,7.672
STAGE_MODEL_INFER,3,8.927835791982943,7.672
STAGE_MODEL_INFER,3,8.981419611984165,10.059
STAGE_MODEL_INFER,3,9.031895830004942,10.059
STAGE_MODEL_INFER,3,9.090902045980329,9.711
STAGE_MODEL_INFER,3,9.142477301007602,9.711
STAGE_MODEL_INFER,3,9.195910680980887,10.257
STAGE_MODEL_INFER,3,9.246464886993635,10.133
STAGE_MODEL_INFER,3,9.297130709979683,10.133
STAGE_MODEL_INFER,3,9.347710987000028,10.134
STAGE_MODEL_INFER,3,9.39851949500735,10.134
STAGE_MODEL_INFER,3,9.44914080700255,10.134
STAGE_MODEL_INFER,3,9.500054192991229,10.134
STAGE_MODEL_INFER,3,9.550689313007751,10.178
STAGE_MODEL_INFER,3,9.603636908985209,10.178
STAGE_MODEL_INFER,3,9.659641990991076,10.16
STAGE_MODEL_INFER,3,9.710358727985295,10.16
STAGE_MODEL_INFER,3,9.760859064990655,10.149
STAGE_MODEL_INFER,3,9.81138637298136,10.149
STAGE_MODEL_INFER,3,9.86220415000571,10.125
STAGE_MODEL_INFER,3,9.912856074981391,10.125
STAGE_MODEL_INFER,3,9.963324960001046,10.123
STAGE_MODEL_INFER,3,10.013826932990924,10.123
STAGE_MODEL_INFER,3,10.06431579097989,10.14
STAGE_MODEL_INFER,3,10.115026718005538,10.14
STAGE_MODEL_INFER,3,10.165870829980122,10.05
STAGE_MODEL_INFER,3,10.216387787979329,10.05
STAGE_MODEL_INFER,3,10.26716519499314,10.065
STAGE_MODEL_INFER,3,10.317718884005444,10.065
STAGE_MODEL_INFER,3,10.368344535003416,10.07
STAGE_MODEL_INFER,3,10.419208331994014,10.07
STAGE_MODEL_INFER,3,10.469787476002239,10.071
STAGE_MODEL_INFER,3,10.520321780000813,10.071
STAGE_MODEL_INFER,3,10.571143857989227,10.076
STAGE_MODEL_INFER,3,10.621768060984323,10.076
STAGE_MODEL_INFER,3,10.67231573400204,10.077
STAGE_MODEL_INFER,3,10.722876621992327,10.077
STAGE_MODEL_INFER,3,10.773447718005627,10.067
STAGE_MODEL_INFER,3,10.824038747989107,10.067
STAGE_MODEL_INFER,3,10.874624477990437,10.063
STAGE_MODEL_INFER,3,10.925136335979914,10.063
STAGE_MODEL_INFER,3,10.97573893298977,10.066
STAGE_MODEL_INFER,3,11.026299382006982,10.066
STAGE_MODEL_INFER,3,11.076760770985857,10.065
STAGE_MODEL_INFER,3,11.127376079006353,10.065
STAGE_MODEL_INFER,3,11.177741605002666,10.055
STAGE_MODEL_INFER,3,11.228268014005153,10.055
STAGE_MODEL_INFER,3,11.278672058979282,10.105
STAGE_MODEL_INFER,3,11.329296037991298,10.105
STAGE_MODEL_INFER,3,11.379879265994532,10.099
STAGE_MODEL_INFER,3,11.430502731003799,10.099
STAGE_MODEL_INFER,3,11.481048048997764,10.097
STAGE_MODEL_INFER,3,11.531586155004334,10.097
STAGE_MODEL_INFER,3,11.58208522098721,8.682
STAGE_MODEL_INFER,3,11.638365791994147,8.682
STAGE_MODEL_INFER,3,11.693411632004427,19.224
STAGE_MODEL_INFER,3,11.744757568987552,9.534
STAGE_MODEL_INFER,3,11.795197339000879,9.534
STAGE_MODEL_INFER,3,11.845739068987314,9.842
STAGE_MODEL_INFER,3,11.89626043199678,9.842
STAGE_MODEL_INFER,3,11.946772086987039,9.927
STAGE_MODEL_INFER,3,11.99724841999705,9.927
STAGE_MODEL_INFER,3,12.047660957003245,10.08
STAGE_MODEL_INFER,3,12.09990313698654,10.08
STAGE_MODEL_INFER,3,12.151381510979263,10.135
STAGE_MODEL_INFER,3,12.201932973985095,10.135
STAGE_MODEL_INFER,3,12.252486761979526,8.913
STAGE_MODEL_INFER,3,12.306872689980082,8.913
STAGE_MODEL_INFER,3,12.358048213995062,10.145
STAGE_MODEL_INFER,3,12.40850965300342,10.145
STAGE_MODEL_INFER,3,12.458963746001245,10.154
STAGE_MODEL_INFER,3,12.509517775994027,10.154
STAGE_MODEL_INFER,3,12.559894272999372,7.629
STAGE_MODEL_INFER,3,12.611246068991022,7.629
STAGE_MODEL_INFER,3,12.663252369995462,7.008
STAGE_MODEL_INFER,3,12.714552235993324,7.008
STAGE_MODEL_INFER,3,12.765795396990143,10.105
STAGE_MODEL_INFER,3,12.816268658003537,10.105
STAGE_MODEL_INFER,3,12.866719523997745,10.132
STAGE_MODEL_INFER,3,12.91712391198962,10.132
STAGE_MODEL_INFER,3,12.967611058993498,10.161
STAGE_MODEL_INFER,3,13.018006642989349,10.161
STAGE_MODEL_INFER,3,13.068523214984452,12.541
STAGE_MODEL_INFER,3,13.119863172993064,12.541
STAGE_MODEL_INFER,3,13.176786948984955,10.005
STAGE_MODEL_INFER,3,13.228732919989852,10.005
STAGE_MODEL_INFER,3,13.280192651000107,10.038
STAGE_MODEL_INFER,3,13.332386074995156,10.038
STAGE_MODEL_INFER,3,13.383665242989082,10.189
STAGE_MODEL_INFER,3,13.434274733997881,10.189
STAGE_MODEL_INFER,3,13.484694690996548,10.132
STAGE_MODEL_INFER,3,13.535139174986398,10.132
STAGE_MODEL_INFER,3,13.585915478004608,9.214
STAGE_MODEL_INFER,3,13.637271861982299,9.214
STAGE_MODEL_INFER,3,13.692537391005317,10.089
STAGE_MODEL_INFER,3,13.743030137993628,10.139
STAGE_MODEL_INFER,3,13.79353457398247,10.139
STAGE_MODEL_INFER,3,13.84403285800363,7.226
STAGE_MODEL_INFER,3,13.89513738299138,7.226
STAGE_MODEL_INFER,3,13.951206931989873,7.13
STAGE_MODEL_INFER,3,14.007304394996027,7.13
STAGE_MODEL_INFER,3,14.058664771000622,16.014
STAGE_MODEL_INFER,3,14.109936492983252,16.014
STAGE_MODEL_INFER,3,14.162684273993364,9.732
STAGE_MODEL_INFER,3,14.213285089004785,9.732
STAGE_MODEL_INFER,3,14.263787243980914,9.634
STAGE_MODEL_INFER,3,14.315365508984542,9.634
STAGE_MODEL_INFER,3,14.367959049006458,10.104
STAGE_MODEL_INFER,3,14.420074962981744,10.104
STAGE_MODEL_INFER,3,14.470587496994995,9.797
STAGE_MODEL_INFER,3,14.52568385298946,9.797
STAGE_MODEL_INFER,3,14.5771113979863,10.116
STAGE_MODEL_INFER,3,14.627595879981527,10.116
STAGE_MODEL_INFER,3,14.678116538998438,9.018
STAGE_MODEL_INFER,3,14.729263066983549,9.018
STAGE_MODEL_INFER,3,14.783892848994583,10.113
STAGE_MODEL_INFER,3,14.834413158998359,10.113
STAGE_MODEL_INFER,3,14.88489627398667,9.57
STAGE_MODEL_INFER,3,14.939095821988303,9.57
STAGE_MODEL_INFER,3,14.99083885399159,10.09
STAGE_MODEL_INFER,3,15.041320624004584,10.09
STAGE_MODEL_INFER,3,15.092101066984469,8.278
STAGE_MODEL_INFER,3,15.143395877996227,10.129
STAGE_MODEL_INFER,3,15.19688711699564,10.165
STAGE_MODEL_INFER,3,15.247296894987812,8.118
STAGE_MODEL_INFER,3,15.298755508993054,8.118
STAGE_MODEL_INFER,3,15.353352322999854,10.164
STAGE_MODEL_INFER,3,15.403703269985272,10.164
STAGE_MODEL_INFER,3,15.454128187993774,10.152
STAGE_MODEL_INFER,3,15.504506640980253,10.152
STAGE_MODEL_INFER,3,15.554994607984554,10.146
STAGE_MODEL_INFER,3,15.605471190006938,10.146
STAGE_MODEL_INFER,3,15.65600110599189,9.873
STAGE_MODEL_INFER,3,15.709513377980329,9.873
STAGE_MODEL_INFER,3,15.76091305699083,10.162
STAGE_MODEL_INFER,3,15.81148729097913,10.162
STAGE_MODEL_INFER,3,15.8618376859813,10.183
STAGE_MODEL_INFER,3,15.912226796994219,10.183
STAGE_MODEL_INFER,3,15.962595872988459,10.172
STAGE_MODEL_INFER,3,16.013115277979523,10.172
STAGE_MODEL_INFER,3,16.063533734995872,10.012
STAGE_MODEL_INFER,3,16.114641533000395,10.012
STAGE_MODEL_INFER,3,16.165693124989048,10.215
STAGE_MODEL_INFER,3,16.216096708987607,10.215
STAGE_MODEL_INFER,3,16.275062935979804,6.671
STAGE_MODEL_INFER,3,16.32645735400729,6.671
STAGE_MODEL_INFER,3,16.38003433198901,10.121
STAGE_MODEL_INFER,3,16.43060335199698,10.121
STAGE_MODEL_INFER,3,16.481128535000607,8.221
STAGE_MODEL_INFER,3,16.53305426699808,8.221
STAGE_MODEL_INFER,3,16.584115267993184,10.163
STAGE_MODEL_INFER,3,16.634838112979196,10.163
STAGE_MODEL_INFER,3,16.68522730199038,10.154
STAGE_MODEL_INFER,3,16.735792962979758,10.154
STAGE_MODEL_INFER,3,16.786401421995834,11.2
STAGE_MODEL_INFER,3,16.83783144399058,11.2
STAGE_MODEL_INFER,3,16.89045267298934,9.755
STAGE_MODEL_INFER,3,16.94179409998469,10.156
STAGE_MODEL_INFER,3,16.992727604985703,10.156
STAGE_MODEL_INFER,3,17.04339005899965,9.46
STAGE_MODEL_INFER,3,17.094926983001642,9.46
STAGE_MODEL_INFER,3,17.147586896986468,10.131
STAGE_MODEL_INFER,3,17.198192680982174,10.131
STAGE_MODEL_INFER,3,17.2551279309846,9.529
STAGE_MODEL_INFER,3,17.307316443999298,9.529
STAGE_MODEL_INFER,3,17.35998580697924,10.113
STAGE_MODEL_INFER,3,17.410435959987808,10.113
STAGE_MODEL_INFER,3,17.461165902001085,8.748
STAGE_MODEL_INFER,3,17.513581923005404,8.748
STAGE_MODEL_INFER,3,17.565387185983127,10.151
STAGE_MODEL_INFER,3,17.616027394979028,10.151
STAGE_MODEL_INFER,3,17.666693517996464,7.438
STAGE_MODEL_INFER,3,17.71890405198792,7.438
STAGE_MODEL_INFER,3,17.772294775000773,19.417
STAGE_MODEL_INFER,3,17.827337433001958,19.417
STAGE_MODEL_INFER,3,17.878658250003355,9.268
STAGE_MODEL_INFER,3,17.92952756799059,9.268
STAGE_MODEL_INFER,3,17.980580286995973,9.717
STAGE_MODEL_INFER,3,18.031440806982573,9.717
STAGE_MODEL_INFER,3,18.08203430499998,9.873
STAGE_MODEL_INFER,3,18.132586756983073,9.873
STAGE_MODEL_INFER,3,18.18326297798194,9.947
STAGE_MODEL_INFER,3,18.237711822002893,9.947
STAGE_MODEL_INFER,3,18.288271814992186,9.778
STAGE_MODEL_INFER,3,18.34225493198028,10.295
STAGE_MODEL_INFER,3,18.396633751981426,10.344
STAGE_MODEL_INFER,3,18.454124794981908,9.484
STAGE_MODEL_INFER,3,18.50610471199616,9.484
STAGE_MODEL_INFER,3,18.55894359399099,10.181
STAGE_MODEL_INFER,3,18.609519125981024,10.181
STAGE_MODEL_INFER,3,18.667772062995937,9.058
STAGE_MODEL_INFER,3,18.719104147981852,9.058
STAGE_MODEL_INFER,3,18.772058394999476,10.185
STAGE_MODEL_INFER,3,18.82275631299126,10.185
STAGE_MODEL_INFER,3,18.87624135398073,10.179
STAGE_MODEL_INFER,3,18.92720138700679,10.179
STAGE_MODEL_INFER,3,18.977716163994046,10.186
STAGE_MODEL_INFER,3,19.028111002990045,10.186
STAGE_MODEL_INFER,3,19.078759997995803,10.195
STAGE_MODEL_INFER,3,19.1292981269944,10.195
STAGE_MODEL_INFER,3,19.179824430990266,10.203
STAGE_MODEL_INFER,3,19.230329454003368,10.203
STAGE_MODEL_INFER,3,19.28088456398109,10.832
STAGE_MODEL_INFER,3,19.332179970981088,10.832
STAGE_MODEL_INFER,3,19.38756335998187,9.921
STAGE_MODEL_INFER,3,19.439142515999265,9.921
STAGE_MODEL_INFER,3,19.490915728005348,10.153
STAGE_MODEL_INFER,3,19.54141840900411,8.884
STAGE_MODEL_INFER,3,19.592653375992086,8.884
STAGE_MODEL_INFER,3,19.64535874099238,10.171
STAGE_MODEL_INFER,3,19.69590825799969,10.171
STAGE_MODEL_INFER,3,19.746321490994887,9.693
STAGE_MODEL_INFER,3,19.80003411200596,9.693
STAGE_MODEL_INFER,3,19.851492883986793,10.179
STAGE_MODEL_INFER,3,19.90244896998047,10.179
STAGE_MODEL_INFER,3,19.953132805996574,6.543
STAGE_MODEL_INFER,3,20.00475157200708,6.543
STAGE_MODEL_INFER,3,20.059980910999002,10.178
STAGE_MODEL_INFER,3,20.110658444988076,10.178
STAGE_MODEL_INFER,3,20.16120638899156,10.953
STAGE_MODEL_INFER,3,20.218987965985434,10.953
STAGE_MODEL_INFER,3,20.270296389004216,10.175
STAGE_MODEL_INFER,3,20.321163521002745,10.175
STAGE_MODEL_INFER,3,20.371974149980815,10.172
STAGE_MODEL_INFER,3,20.423109444993315,10.172
STAGE_MODEL_INFER,3,20.473866293003084,10.17
STAGE_MODEL_INFER,3,20.528375269990647,10.17
STAGE_MODEL_INFER,3,20.579068003979046,10.121
STAGE_MODEL_INFER,3,20.63216347200796,10.121
STAGE_MODEL_INFER,3,20.683479698986048,10.162
STAGE_MODEL_INFER,3,20.734098365996033,10.162
STAGE_MODEL_INFER,3,20.78468781799893,10.156
STAGE_MODEL_INFER,3,20.835268525988795,10.156
STAGE_MODEL_INFER,3,20.88598674198147,10.158
STAGE_MODEL_INFER,3,20.93666896200739,10.158
STAGE_MODEL_INFER,3,20.987323292007204,10.201
STAGE_MODEL_INFER,3,21.037927319994196,10.201
STAGE_MODEL_INFER,3,21.088693334982963,10.199
STAGE_MODEL_INFER,3,21.139193969982443,10.199
STAGE_MODEL_INFER,3,21.189959323994117,10.19
STAGE_MODEL_INFER,3,21.24043223200715,10.19
STAGE_MODEL_INFER,3,21.290945822984213,10.19
STAGE_MODEL_INFER,3,21.341568089002976,10.19
STAGE_MODEL_INFER,3,21.39249929500511,10.181
STAGE_MODEL_INFER,3,21.44311916999868,10.181
STAGE_MODEL_INFER,3,21.493902702990454,10.173
STAGE_MODEL_INFER,3,21.544601964007597,10.172
STAGE_MODEL_INFER,3,21.595242240000516,10.172
STAGE_MODEL_INFER,3,21.645842138997978,10.172
STAGE_MODEL_INFER,3,21.6965635450033,10.177
STAGE_MODEL_INFER,3,21.7471693129919,10.172
STAGE_MODEL_INFER,3,21.797659531002864,10.172
STAGE_MODEL_INFER,3,21.848271366994595,10.173
STAGE_MODEL_INFER,3,21.898939228005474,10.173
STAGE_MODEL_INFER,3,21.94958348298678,10.165
STAGE_MODEL_INFER,3,21.99998047799454,10.165
STAGE_MODEL_INFER,3,22.050584448006703,10.159
STAGE_MODEL_INFER,3,22.101051364996238,10.159
STAGE_MODEL_INFER,3,22.15149253499112,10.146
STAGE_MODEL_INFER,3,22.20213631397928,10.146
STAGE_MODEL_INFER,3,22.252681568003027,10.146
STAGE_MODEL_INFER,3,22.303576763981255,10.146
STAGE_MODEL_INFER,3,22.354110908985604,10.148
STAGE_MODEL_INFER,3,22.404736497992417,10.148
STAGE_MODEL_INFER,3,22.455628501978936,10.151
STAGE_MODEL_INFER,3,22.50623239998822,10.151
STAGE_MODEL_INFER,3,22.557235833985033,10.146
STAGE_MODEL_INFER,3,22.60776903500664,10.146
STAGE_MODEL_INFER,3,22.658631758997217,10.147
STAGE_MODEL_INFER,3,22.709364702983294,10.147
STAGE_MODEL_INFER,3,22.76034139600233,10.14
STAGE_MODEL_INFER,3,22.811102851002943,10.14
STAGE_MODEL_INFER,3,22.86170061098528,10.149
STAGE_MODEL_INFER,3,22.912330781982746,10.149
STAGE_MODEL_INFER,3,22.96305487200152,10.143
STAGE_MODEL_INFER,3,23.013751977996435,10.143
STAGE_MODEL_INFER,3,23.064709709986346,10.134
STAGE_MODEL_INFER,3,23.115714932995616,10.134
STAGE_MODEL_INFER,3,23.16624425299233,10.135
STAGE_MODEL_INFER,3,23.216831252007978,10.135
STAGE_MODEL_INFER,3,23.26750572200399,10.142
STAGE_MODEL_INFER,3,23.318124432989862,10.142
STAGE_MODEL_INFER,3,23.369008015986765,10.132
STAGE_MODEL_INFER,3,23.419515813002363,10.132
STAGE_MODEL_INFER,3,23.469873071997426,10.138
STAGE_MODEL_INFER,3,23.520329614984803,10.138
STAGE_MODEL_INFER,3,23.571275347989285,10.132
STAGE_MODEL_INFER,3,23.62195604099543,10.132
STAGE_MODEL_INFER,3,23.672530135983834,10.139
STAGE_MODEL_INFER,3,23.723896068986505,10.139
STAGE_MODEL_INFER,3,23.774512787989806,10.125
STAGE_MODEL_INFER,3,23.825203098997008,10.125
STAGE_MODEL_INFER,3,23.875809082004707,10.136
STAGE_MODEL_INFER,3,23.926250824006274,10.136
STAGE_MODEL_INFER,3,23.97687405499164,10.127
STAGE_MODEL_INFER,3,24.027371239993954,10.127
STAGE_MODEL_INFER,3,24.078028652991634,10.123
STAGE_MODEL_INFER,3,24.12854884698754,10.123
STAGE_MODEL_INFER,3,24.179286937986035,10.108
STAGE_MODEL_INFER,3,24.22997537298943,10.108
STAGE_MODEL_INFER,3,24.28059093398042,10.126
STAGE_MODEL_INFER,3,24.33124164698529,10.126
STAGE_MODEL_INFER,3,24.381826064985944,10.111
STAGE_MODEL_INFER,3,24.432667500979733,10.111
STAGE_MODEL_INFER,3,24.483553419995587,10.111
STAGE_MODEL_INFER,3,24.53416675198241,10.111
STAGE_MODEL_INFER,3,24.584827468002914,10.105
STAGE_MODEL_INFER,3,24.63541887298925,10.105
STAGE_MODEL_INFER,3,24.686112811003113,10.028
STAGE_MODEL_INFER,3,24.745595413987758,7.456
STAGE_MODEL_INFER,3,24.79761983899516,7.456
STAGE_MODEL_INFER,3,24.848953788983636,10.13
STAGE_MODEL_INFER,3,24.8996781570022,10.13
STAGE_MODEL_INFER,3,24.950323303986806,10.119
STAGE_MODEL_INFER,3,25.001111082994612,10.119
STAGE_MODEL_INFER,3,25.05155754700536,10.108
STAGE_MODEL_INFER,3,25.10204082398559,10.108
STAGE_MODEL_INFER,3,25.15246846000082,10.133
STAGE_MODEL_INFER,3,25.205121171980863,10.133
STAGE_MODEL_INFER,3,25.256266743992455,10.105
STAGE_MODEL_INFER,3,25.30691095700604,10.105
STAGE_MODEL_INFER,3,25.357809812994674,10.125
STAGE_MODEL_INFER,3,25.408391681994544,10.125
STAGE_MODEL_INFER,3,25.45923381400644,10.1
STAGE_MODEL_INFER,3,25.51082175798365,10.1
STAGE_MODEL_INFER,3,25.562077701004455,10.09
STAGE_MODEL_INFER,3,25.612741819000803,10.09
STAGE_MODEL_INFER,3,25.663495627988596,8.867
STAGE_MODEL_INFER,3,25.716416416980792,8.867
STAGE_MODEL_INFER,3,25.76820893000695,10.073
STAGE_MODEL_INFER,3,25.818875160999596,10.073
STAGE_MODEL_INFER,3,25.869418087007944,10.093
STAGE_MODEL_INFER,3,25.919863774994155,10.093
STAGE_MODEL_INFER,3,25.970454942988,10.109
STAGE_MODEL_INFER,3,26.021387719985796,10.109
STAGE_MODEL_INFER,3,26.07204797398299,6.033
STAGE_MODEL_INFER,3,26.123687744984636,6.033
STAGE_MODEL_INFER,3,26.17572968499735,10.082
STAGE_MODEL_INFER,3,26.226415554992855,10.082
STAGE_MODEL_INFER,3,26.276986142998794,10.077
STAGE_MODEL_INFER,3,26.32760496699484,10.077
STAGE_MODEL_INFER,3,26.37817104900023,9.794
STAGE_MODEL_INFER,3,26.432476479996694,9.794
STAGE_MODEL_INFER,3,26.48393580998527,10.112
STAGE_MODEL_INFER,3,26.534512115002144,10.112
STAGE_MODEL_INFER,3,26.585195703984937,9.762
STAGE_MODEL_INFER,3,26.636632660985924,9.762
STAGE_MODEL_INFER,3,26.690182083984837,10.122
STAGE_MODEL_INFER,3,26.74071820799145,9.42
STAGE_MODEL_INFER,3,26.79249280298245,9.42
STAGE_MODEL_INFER,3,26.845403651997913,10.122
STAGE_MODEL_INFER,3,26.895816250995267,10.122
STAGE_MODEL_INFER,3,26.946390455006622,10.124
STAGE_MODEL_INFER,3,26.997034636005992,10.124
STAGE_MODEL_INFER,3,27.047602810984245,10.198
STAGE_MODEL_INFER,3,27.105236195988255,10.198
STAGE_MODEL_INFER,3,27.15712459399947,7.506
STAGE_MODEL_INFER,3,27.208558204991277,7.506
STAGE_MODEL_INFER,3,27.261242417996982,6.092
STAGE_MODEL_INFER,3,27.31247715698555,6.092
STAGE_MODEL_INFER,3,27.36446671898011,9.621
STAGE_MODEL_INFER,3,27.42226034399937,9.621
STAGE_MODEL_INFER,3,27.481292305979878,10.241
STAGE_MODEL_INFER,3,27.53174268399016,10.241
STAGE_MODEL_INFER,3,27.582216031994903,10.059
STAGE_MODEL_INFER,3,27.6336460080056,10.059
STAGE_MODEL_INFER,3,27.68614215098205,10.167
STAGE_MODEL_INFER,3,27.736685991985723,10.167
STAGE_MODEL_INFER,3,27.787384174007457,10.114
STAGE_MODEL_INFER,3,27.838065144984284,10.114
STAGE_MODEL_INFER,3,27.888415844994597,10.095
STAGE_MODEL_INFER,3,27.938775250979234,9.303
STAGE_MODEL_INFER,3,27.98978743798216,10.979
STAGE_MODEL_INFER,3,28.05192019799142,9.044
STAGE_MODEL_INFER,3,28.104226247989573,10.509
STAGE_MODEL_INFER,3,28.156605903990567,9.513
STAGE_MODEL_INFER,3,28.207723583007464,9.513
STAGE_MODEL_INFER,3,28.259944366989657,10.181
STAGE_MODEL_INFER,3,28.310443239985034,10.181
STAGE_MODEL_INFER,3,28.360957615979714,7.588
STAGE_MODEL_INFER,3,28.41527141298866,7.588
STAGE_MODEL_INFER,3,28.46670510698459,10.192
STAGE_MODEL_INFER,3,28.517321133986115,10.192
STAGE_MODEL_INFER,3,28.567819727992173,6.08
STAGE_MODEL_INFER,3,28.61985606298549,6.08
STAGE_MODEL_INFER,3,28.673912951984676,10.318
STAGE_MODEL_INFER,3,28.724577446992043,10.318
STAGE_MODEL_INFER,3,28.775184161990182,10.162
STAGE_MODEL_INFER,3,28.825558230979368,10.162
STAGE_MODEL_INFER,3,28.876248736982234,10.171
STAGE_MODEL_INFER,3,28.92688324599294,10.171
STAGE_MODEL_INFER,3,28.977331753994804,10.135
STAGE_MODEL_INFER,3,29.027880150999408,10.135
STAGE_MODEL_INFER,3,29.078320139989955,9.897
STAGE_MODEL_INFER,3,29.130405150994193,9.897
STAGE_MODEL_INFER,3,29.181722395995166,10.129
STAGE_MODEL_INFER,3,29.232152053999016,10.129
STAGE_MODEL_INFER,3,29.282512484991457,8.833
STAGE_MODEL_INFER,3,29.333981259987922,8.833
STAGE_MODEL_INFER,3,29.386395701003494,10.157
STAGE_MODEL_INFER,3,29.436922452994622,10.157
STAGE_MODEL_INFER,3,29.48749272400164,10.144
STAGE_MODEL_INFER,3,29.538059596001403,7.954
STAGE_MODEL_INFER,3,29.589321235980606,7.954
STAGE_MODEL_INFER,3,29.64370861198404,5.989
STAGE_MODEL_INFER,3,29.69998125100392,5.989
STAGE_MODEL_INFER,3,29.75136897500488,10.209
STAGE_MODEL_INFER,3,29.802004822005983,10.209
STAGE_MODEL_INFER,3,29.852573259995552,10.185
STAGE_MODEL_INFER,3,29.903144215990324,10.185
STAGE_MODEL_INFER,3,29.95384583499981,10.173
STAGE_MODEL_THRESHOLD,3,0.0010002089838963002,10.173
STAGE_MODEL_THRESHOLD,3,0.051643469982082024,9.269
STAGE_MODEL_THRESHOLD,3,0.10469772698706947,9.269
STAGE_MODEL_THRESHOLD,3,0.15585785298026167,10.159
STAGE_MODEL_THRESHOLD,3,0.2063344079942908,10.159
STAGE_MODEL_THRESHOLD,3,0.2569344560033642,10.141
STAGE_MODEL_THRESHOLD,3,0.3075218199810479,10.141
STAGE_MODEL_THRESHOLD,3,0.358108287997311,9.915
STAGE_MODEL_THRESHOLD,3,0.40940189399407245,9.915
STAGE_MODEL_THRESHOLD,3,0.4622520789853297,10.066
STAGE_MODEL_THRESHOLD,3,0.5130113319901284,10.066
STAGE_MODEL_THRESHOLD,3,0.5636938609823119,10.111
STAGE_MODEL_THRESHOLD,3,0.6144798419845756,10.111
STAGE_MODEL_THRESHOLD,3,0.6650150369969197,10.226
STAGE_MODEL_THRESHOLD,3,0.7201661449798848,10.226
STAGE_MODEL_THRESHOLD,3,0.7714383410057053,10.117
STAGE_MODEL_THRESHOLD,3,0.8218103029939812,10.117
STAGE_MODEL_THRESHOLD,3,0.8723918210016564,10.149
STAGE_MODEL_THRESHOLD,3,0.9239531089842785,10.149
STAGE_MODEL_THRESHOLD,3,0.9769381530059036,10.164
STAGE_MODEL_THRESHOLD,3,1.0276182050001808,6.083
STAGE_MODEL_THRESHOLD,3,1.0891488929919433,6.083
STAGE_MODEL_THRESHOLD,3,1.1403993970016018,10.478
STAGE_MODEL_THRESHOLD,3,1.1909278630046174,10.478
STAGE_MODEL_THRESHOLD,3,1.241426385997329,10.318
STAGE_MODEL_THRESHOLD,3,1.2918661019939464,10.318
STAGE_MODEL_THRESHOLD,3,1.3424585780012421,9.886
STAGE_MODEL_THRESHOLD,3,1.3939804100082256,9.886
STAGE_MODEL_THRESHOLD,3,1.4466165030025877,10.192
STAGE_MODEL_THRESHOLD,3,1.4972207789833192,10.192
STAGE_MODEL_THRESHOLD,3,1.5480568530038,10.22
STAGE_MODEL_THRESHOLD,3,1.598641394986771,10.22
STAGE_MODEL_THRESHOLD,3,1.6491573219827842,10.198
STAGE_MODEL_THRESHOLD,3,1.6997975340054836,10.198
STAGE_MODEL_THRESHOLD,3,1.7505730749981012,8.918
STAGE_MODEL_THRESHOLD,3,1.8035168339847587,11.028
STAGE_MODEL_THRESHOLD,3,1.8549665070022456,9.629
STAGE_MODEL_THRESHOLD,3,1.9080247640085872,9.79
STAGE_MODEL_THRESHOLD,3,1.959737380995648,10.167
STAGE_MODEL_THRESHOLD,3,2.0110822139831726,10.062
STAGE_MODEL_THRESHOLD,3,2.062841392995324,12.094
STAGE_MODEL_THRESHOLD,3,2.1143137470062356,10.656
STAGE_MODEL_THRESHOLD,3,2.1755423540016636,6.166
STAGE_MODEL_THRESHOLD,3,2.226953309000237,6.204
STAGE_MODEL_THRESHOLD,3,2.27921285800403,6.204
STAGE_MODEL_THRESHOLD,3,2.330839953996474,9.955
STAGE_MODEL_THRESHOLD,3,2.394465360994218,9.955
STAGE_MODEL_THRESHOLD,3,2.4451613260025624,10.555
STAGE_MODEL_THRESHOLD,3,2.4982624420081265,10.555
STAGE_MODEL_THRESHOLD,3,2.5495933199999854,10.263
STAGE_MODEL_THRESHOLD,3,2.608579480991466,10.263
STAGE_MODEL_THRESHOLD,3,2.659114148002118,9.853
STAGE_MODEL_THRESHOLD,3,2.7144652849819977,9.853
STAGE_MODEL_THRESHOLD,3,2.7658166569890454,10.222
STAGE_MODEL_THRESHOLD,3,2.8236229280009866,10.222
STAGE_MODEL_THRESHOLD,3,2.874776014999952,10.85
STAGE_MODEL_THRESHOLD,3,2.926702983007999,10.202
STAGE_MODEL_THRESHOLD,3,2.9772677260043565,10.202
STAGE_MODEL_THRESHOLD,3,3.0277686509944033,10.202
STAGE_MODEL_THRESHOLD,3,3.0783247200015467,8.792
STAGE_MODEL_THRESHOLD,3,3.13059088299633,10.19
STAGE_MODEL_THRESHOLD,3,3.1862106540065724,10.222
STAGE_MODEL_THRESHOLD,3,3.2366504929959774,10.197
STAGE_MODEL_THRESHOLD,3,3.2871337099932134,10.197
STAGE_MODEL_THRESHOLD,3,3.3377323339809664,10.218
STAGE_MODEL_THRESHOLD,3,3.3884129700018093,10.218
STAGE_MODEL_THRESHOLD,3,3.4389830360014457,10.209
STAGE_MODEL_THRESHOLD,3,3.489473403984448,10.209
STAGE_MODEL_THRESHOLD,3,3.5399872639973182,10.207
STAGE_MODEL_THRESHOLD,3,3.590398316999199,10.207
STAGE_MODEL_THRESHOLD,3,3.6408912379993126,10.202
STAGE_MODEL_THRESHOLD,3,3.6917223279888276,10.202
STAGE_MODEL_THRESHOLD,3,3.742287892004242,10.204
STAGE_MODEL_THRESHOLD,3,3.79294669200317,10.204
STAGE_MODEL_THRESHOLD,3,3.843677241995465,10.196
STAGE_MODEL_THRESHOLD,3,3.894363528001122,10.196
STAGE_MODEL_THRESHOLD,3,3.944893759005936,10.199
STAGE_MODEL_THRESHOLD,3,3.995403245993657,10.199
STAGE_MODEL_THRESHOLD,3,4.045955848006997,10.192
STAGE_MODEL_THRESHOLD,3,4.0965960919857025,10.192
STAGE_MODEL_THRESHOLD,3,4.147163735993672,10.192
STAGE_MODEL_THRESHOLD,3,4.19821229900117,10.192
STAGE_MODEL_THRESHOLD,3,4.248825560993282,10.182
STAGE_MODEL_THRESHOLD,3,4.299200356006622,10.182
STAGE_MODEL_THRESHOLD,3,4.349566032004077,10.187
STAGE_MODEL_THRESHOLD,3,4.400272858998505,10.187
STAGE_MODEL_THRESHOLD,3,4.451081217994215,10.179
STAGE_MODEL_THRESHOLD,3,4.501518520992249,10.179
STAGE_MODEL_THRESHOLD,3,4.5526762070076074,10.181
STAGE_MODEL_THRESHOLD,3,4.603747510991525,10.181
STAGE_MODEL_THRESHOLD,3,4.654397140984656,10.177
STAGE_MODEL_THRESHOLD,3,4.705107711983146,10.177
STAGE_MODEL_THRESHOLD,3,4.7557159109856,10.181
STAGE_MODEL_THRESHOLD,3,4.806354600004852,10.181
STAGE_MODEL_THRESHOLD,3,4.857117267994909,10.171
STAGE_MODEL_THRESHOLD,3,4.907724827004131,10.171
STAGE_MODEL_THRESHOLD,3,4.958506697992561,10.171
STAGE_MODEL_THRESHOLD,3,5.008943355001975,10.171
STAGE_MODEL_THRESHOLD,3,5.059511036990443,10.165
STAGE_MODEL_THRESHOLD,3,5.1101962579996325,10.165
STAGE_MODEL_THRESHOLD,3,5.160851366003044,10.17
STAGE_MODEL_THRESHOLD,3,5.211738248995971,10.17
STAGE_MODEL_THRESHOLD,3,5.262668698007474,10.166
STAGE_MODEL_THRESHOLD,3,5.313297872984549,10.166
STAGE_MODEL_THRESHOLD,3,5.363880671997322,10.172
STAGE_MODEL_THRESHOLD,3,5.41447295297985,10.172
STAGE_MODEL_THRESHOLD,3,5.46512382500805,10.159
STAGE_MODEL_THRESHOLD,3,5.5156289389997255,10.159
STAGE_MODEL_THRESHOLD,3,5.566348684980767,10.156
STAGE_MODEL_THRESHOLD,3,5.617015406984137,10.156
STAGE_MODEL_THRESHOLD,3,5.667631749995053,10.143
STAGE_MODEL_THRESHOLD,3,5.718415879004169,10.143
STAGE_MODEL_THRESHOLD,3,5.768840373988496,10.15
STAGE_MODEL_THRESHOLD,3,5.819754695985466,10.15
STAGE_MODEL_THRESHOLD,3,5.870232260989724,10.144
STAGE_MODEL_THRESHOLD,3,5.92086282899254,10.144
STAGE_MODEL_THRESHOLD,3,5.971411310980329,10.152
STAGE_MODEL_THRESHOLD,3,6.021827371994732,10.152
STAGE_MODEL_THRESHOLD,3,6.072568689007312,10.144
STAGE_MODEL_THRESHOLD,3,6.123495056992397,10.144
STAGE_MODEL_THRESHOLD,3,6.17391913200845,10.156
STAGE_MODEL_THRESHOLD,3,6.2243891789985355,10.156
STAGE_MODEL_THRESHOLD,3,6.27499654199346,10.154
STAGE_MODEL_THRESHOLD,3,6.325746514979983,10.154
STAGE_MODEL_THRESHOLD,3,6.376276230002986,10.16
STAGE_MODEL_THRESHOLD,3,6.426974592992337,10.16
STAGE_MODEL_THRESHOLD,3,6.477531096985331,10.16
STAGE_MODEL_THRESHOLD,3,6.528517828002805,10.16
STAGE_MODEL_THRESHOLD,3,6.579165714996634,10.171
STAGE_MODEL_THRESHOLD,3,6.630821325001307,10.171
STAGE_MODEL_THRESHOLD,3,6.6813386300054844,10.172
STAGE_MODEL_THRESHOLD,3,6.732059621979715,10.182
STAGE_MODEL_THRESHOLD,3,6.782881844992517,10.182
STAGE_MODEL_THRESHOLD,3,6.833857263991376,10.169
STAGE_MODEL_THRESHOLD,3,6.88444205300766,10.169
STAGE_MODEL_THRESHOLD,3,6.934925907989964,10.176
STAGE_MODEL_THRESHOLD,3,6.985400445002597,10.176
STAGE_MODEL_THRESHOLD,3,7.036036289006006,10.166
STAGE_MODEL_THRESHOLD,3,7.086567510996247,10.166
STAGE_MODEL_THRESHOLD,3,7.137280642986298,10.167
STAGE_MODEL_THRESHOLD,3,7.188060296000913,10.167
STAGE_MODEL_THRESHOLD,3,7.238779526989674,10.164
STAGE_MODEL_THRESHOLD,3,7.289167623996036,10.164
STAGE_MODEL_THRESHOLD,3,7.339585799985798,10.169
STAGE_MODEL_THRESHOLD,3,7.389930542994989,10.169
STAGE_MODEL_THRESHOLD,3,7.44049653300317,10.161
STAGE_MODEL_THRESHOLD,3,7.491188807995059,10.161
STAGE_MODEL_THRESHOLD,3,7.541853854985675,10.162
STAGE_MODEL_THRESHOLD,3,7.592316794994986,10.162
STAGE_MODEL_THRESHOLD,3,7.642908723995788,10.153
STAGE_MODEL_THRESHOLD,3,7.693518735002726,10.153
STAGE_MODEL_THRESHOLD,3,7.743982685991796,10.159
STAGE_MODEL_THRESHOLD,3,7.7945492650032975,10.159
STAGE_MODEL_THRESHOLD,3,7.845185382000636,10.159
STAGE_MODEL_THRESHOLD,3,7.895783085987205,10.159
STAGE_MODEL_THRESHOLD,3,7.946502300997963,10.17
STAGE_MODEL_THRESHOLD,3,7.997019089001697,10.17
STAGE_MODEL_THRESHOLD,3,8.047674639004981,10.168
STAGE_MODEL_THRESHOLD,3,8.098164366005221,10.168
STAGE_MODEL_THRESHOLD,3,8.148830856982386,10.179
STAGE_MODEL_THRESHOLD,3,8.199611243006075,10.179
STAGE_MODEL_THRESHOLD,3,8.250357760000043,10.182
STAGE_MODEL_THRESHOLD,3,8.301343876984902,10.182
STAGE_MODEL_THRESHOLD,3,8.352335223986302,10.19
STAGE_MODEL_THRESHOLD,3,8.403026210988173,10.19
STAGE_MODEL_THRESHOLD,3,8.45363909198204,10.192
STAGE_MODEL_THRESHOLD,3,8.504202434996841,10.192
STAGE_MODEL_THRESHOLD,3,8.555330328003038,10.198
STAGE_MODEL_THRESHOLD,3,8.605886360979639,10.198
STAGE_MODEL_THRESHOLD,3,8.656693463999545,10.198
STAGE_MODEL_THRESHOLD,3,8.707483207981568,10.198
STAGE_MODEL_THRESHOLD,3,8.758032368001295,10.207
STAGE_MODEL_THRESHOLD,3,8.808761121006683,10.207
STAGE_MODEL_THRESHOLD,3,8.859706386981998,10.205
STAGE_MODEL_THRESHOLD,3,8.910367303993553,10.205
STAGE_MODEL_THRESHOLD,3,8.961065084993606,10.211
STAGE_MODEL_THRESHOLD,3,9.011681292002322,10.211
STAGE_MODEL_THRESHOLD,3,9.062455056002364,10.207
STAGE_MODEL_THRESHOLD,3,9.113164898997638,10.207
STAGE_MODEL_THRESHOLD,3,9.164013703004457,10.212
STAGE_MODEL_THRESHOLD,3,9.214615328004584,10.212
STAGE_MODEL_THRESHOLD,3,9.265260799991665,10.202
STAGE_MODEL_THRESHOLD,3,9.315916773979552,10.202
STAGE_MODEL_THRESHOLD,3,9.366588069999125,10.21
STAGE_MODEL_THRESHOLD,3,9.417164641985437,10.21
STAGE_MODEL_THRESHOLD,3,9.467753764998633,10.198
STAGE_MODEL_THRESHOLD,3,9.518624920980074,10.198
STAGE_MODEL_THRESHOLD,3,9.569118965999223,10.2
STAGE_MODEL_THRESHOLD,3,9.619691156985937,10.2
STAGE_MODEL_THRESHOLD,3,9.670297395990929,10.199
STAGE_MODEL_THRESHOLD,3,9.720885764982086,10.199
STAGE_MODEL_THRESHOLD,3,9.771479037008248,10.203
STAGE_MODEL_THRESHOLD,3,9.822258273983607,10.203
STAGE_MODEL_THRESHOLD,3,9.872907690005377,10.195
STAGE_MODEL_THRESHOLD,3,9.92358976000105,10.195
STAGE_MODEL_THRESHOLD,3,9.974325558985583,10.202
STAGE_MODEL_THRESHOLD,3,10.025038349995157,10.202
STAGE_MODEL_THRESHOLD,3,10.075809659989318,10.192
STAGE_MODEL_THRESHOLD,3,10.126297196984524,10.192
STAGE_MODEL_THRESHOLD,3,10.176968056999613,10.19
STAGE_MODEL_THRESHOLD,3,10.227525192982284,10.19
STAGE_MODEL_THRESHOLD,3,10.278262957988773,10.192
STAGE_MODEL_THRESHOLD,3,10.329169718985213,10.192
STAGE_MODEL_THRESHOLD,3,10.37977085998864,10.198
STAGE_MODEL_THRESHOLD,3,10.43027613198501,10.198
STAGE_MODEL_THRESHOLD,3,10.481001807987923,10.192
STAGE_MODEL_THRESHOLD,3,10.531707774993265,10.198
STAGE_MODEL_THRESHOLD,3,10.582428007997805,10.198
STAGE_MODEL_THRESHOLD,3,10.632933351997053,10.184
STAGE_MODEL_THRESHOLD,3,10.683461145992624,10.184
STAGE_MODEL_THRESHOLD,3,10.734024329984095,10.214
STAGE_MODEL_THRESHOLD,3,10.784667839005124,10.214
STAGE_MODEL_THRESHOLD,3,10.835890644986648,10.209
STAGE_MODEL_THRESHOLD,3,10.886477649008157,10.209
STAGE_MODEL_THRESHOLD,3,10.937073971988866,10.208
STAGE_MODEL_THRESHOLD,3,10.987610262993257,10.208
STAGE_MODEL_THRESHOLD,3,11.038048533984693,10.198
STAGE_MODEL_THRESHOLD,3,11.088562582997838,10.198
STAGE_MODEL_THRESHOLD,3,11.139023750001797,10.196
STAGE_MODEL_THRESHOLD,3,11.189592657989124,10.196
STAGE_MODEL_THRESHOLD,3,11.240115927997977,10.198
STAGE_MODEL_THRESHOLD,3,11.290775017987471,10.198
STAGE_MODEL_THRESHOLD,3,11.341303100984078,10.196
STAGE_MODEL_THRESHOLD,3,11.392309821996605,10.196
STAGE_MODEL_THRESHOLD,3,11.44289126698277,10.191
STAGE_MODEL_THRESHOLD,3,11.493302371003665,10.191
STAGE_MODEL_THRESHOLD,3,11.543832906987518,10.188
STAGE_MODEL_THRESHOLD,3,11.594599749980262,10.188
STAGE_MODEL_THRESHOLD,3,11.64505583900609,10.182
STAGE_MODEL_THRESHOLD,3,11.695473989995662,10.182
STAGE_MODEL_THRESHOLD,3,11.746108642983017,10.188
STAGE_MODEL_THRESHOLD,3,11.796680078987265,10.188
STAGE_MODEL_THRESHOLD,3,11.84724075999111,10.156
STAGE_MODEL_THRESHOLD,3,11.898034763988107,10.156
STAGE_MODEL_THRESHOLD,3,11.948652168008266,10.148
STAGE_MODEL_THRESHOLD,3,11.99928904598346,10.148
STAGE_MODEL_THRESHOLD,3,12.0499281490047,10.145
STAGE_MODEL_THRESHOLD,3,12.10056812100811,10.145
STAGE_MODEL_THRESHOLD,3,12.151182087982306,6.101
STAGE_MODEL_THRESHOLD,3,12.202439160988433,6.101
STAGE_MODEL_THRESHOLD,3,12.257729472999927,9.968
STAGE_MODEL_THRESHOLD,3,12.308330391999334,9.968
STAGE_MODEL_THRESHOLD,3,12.358997123985318,10.418
STAGE_MODEL_THRESHOLD,3,12.410234149981989,10.418
STAGE_MODEL_THRESHOLD,3,12.461707382986788,10.129
STAGE_MODEL_THRESHOLD,3,12.512128746981034,10.129
STAGE_MODEL_THRESHOLD,3,12.562543128995458,9.833
STAGE_MODEL_THRESHOLD,3,12.61501745399437,9.833
STAGE_MODEL_THRESHOLD,3,12.674108607985545,10.12
STAGE_MODEL_THRESHOLD,3,12.72461482899962,10.939
STAGE_MODEL_THRESHOLD,3,12.775667759997305,8.958
STAGE_MODEL_THRESHOLD,3,12.827128648990765,11.127
STAGE_MODEL_THRESHOLD,3,12.878949617996113,10.28
STAGE_MODEL_THRESHOLD,3,12.940989438007819,9.925
STAGE_MODEL_THRESHOLD,3,12.992252587981056,10.338
STAGE_MODEL_THRESHOLD,3,13.044563229981577,9.828
STAGE_MODEL_THRESHOLD,3,13.095712109003216,9.828
STAGE_MODEL_THRESHOLD,3,13.149653061002027,10.183
STAGE_MODEL_THRESHOLD,3,13.20011869398877,10.183
STAGE_MODEL_THRESHOLD,3,13.250625908985967,13.216
STAGE_MODEL_THRESHOLD,3,13.304457313992316,13.216
STAGE_MODEL_THRESHOLD,3,13.35576124099316,6.983
STAGE_MODEL_THRESHOLD,3,13.406997221987695,6.983
STAGE_MODEL_THRESHOLD,3,13.45888879999984,6.042
STAGE_MODEL_THRESHOLD,3,13.510258672991768,6.042
STAGE_MODEL_THRESHOLD,3,13.562123777985107,9.83
STAGE_MODEL_THRESHOLD,3,13.612764374003746,9.83
STAGE_MODEL_THRESHOLD,3,13.6632752190053,9.957
STAGE_MODEL_THRESHOLD,3,13.713853330002166,9.957
STAGE_MODEL_THRESHOLD,3,13.764301928982604,10.003
STAGE_MODEL_THRESHOLD,3,13.814880207006354,10.003
STAGE_MODEL_THRESHOLD,3,13.8654157469864,9.757
STAGE_MODEL_THRESHOLD,3,13.918093594984384,9.757
STAGE_MODEL_THRESHOLD,3,13.975851016002707,10.013
STAGE_MODEL_THRESHOLD,3,14.026382149982965,11.096
STAGE_MODEL_THRESHOLD,3,14.077987741999095,10.501
STAGE_MODEL_THRESHOLD,3,14.143263203994138,9.603
STAGE_MODEL_THRESHOLD,3,14.19436202198267,9.603
STAGE_MODEL_THRESHOLD,3,14.247053983999649,10.123
STAGE_MODEL_THRESHOLD,3,14.297659105999628,10.123
STAGE_MODEL_THRESHOLD,3,14.357291775988415,12.024
STAGE_MODEL_THRESHOLD,3,14.408597715984797,12.024
STAGE_MODEL_THRESHOLD,3,14.461167278990615,10.141
STAGE_MODEL_THRESHOLD,3,14.511650240980089,10.141
STAGE_MODEL_THRESHOLD,3,14.571929002006073,9.724
STAGE_MODEL_THRESHOLD,3,14.623365521983942,9.987
STAGE_MODEL_THRESHOLD,3,14.68082278300426,9.959
STAGE_MODEL_THRESHOLD,3,14.731408659979934,10.058
STAGE_MODEL_THRESHOLD,3,14.789403570001014,10.058
STAGE_MODEL_THRESHOLD,3,14.839858000981621,10.516
STAGE_MODEL_THRESHOLD,3,14.89311551998253,10.516
STAGE_MODEL_THRESHOLD,3,14.944335955980932,10.109
STAGE_MODEL_THRESHOLD,3,15.00303557200823,10.109
STAGE_MODEL_THRESHOLD,3,15.053528018994257,9.579
STAGE_MODEL_THRESHOLD,3,15.121442648989614,10.503
STAGE_MODEL_THRESHOLD,3,15.172584955987986,10.503
STAGE_MODEL_THRESHOLD,3,15.224674242985202,10.126
STAGE_MODEL_THRESHOLD,3,15.275158251984976,10.126
STAGE_MODEL_THRESHOLD,3,15.335964035999496,10.583
STAGE_MODEL_THRESHOLD,3,15.387240771990037,10.583
STAGE_MODEL_THRESHOLD,3,15.441368141997373,10.12
STAGE_MODEL_THRESHOLD,3,15.491958817990962,10.12
STAGE_MODEL_THRESHOLD,3,15.551788234995911,10.081
STAGE_MODEL_THRESHOLD,3,15.603270513995085,10.081
STAGE_MODEL_THRESHOLD,3,15.656775490992004,10.09
STAGE_MODEL_THRESHOLD,3,15.707370689982781,10.09
STAGE_MODEL_THRESHOLD,3,15.75809690298047,10.11
STAGE_MODEL_THRESHOLD,3,15.808798540994758,10.11
STAGE_MODEL_THRESHOLD,3,15.85943412099732,10.119
STAGE_MODEL_THRESHOLD,3,15.909975372982444,10.119
STAGE_MODEL_THRESHOLD,3,15.960643717000494,10.127
STAGE_MODEL_THRESHOLD,3,16.011153973988257,10.127
STAGE_MODEL_THRESHOLD,3,16.06167076798738,5.808
STAGE_MODEL_THRESHOLD,3,16.115846634987975,5.808
STAGE_MODEL_THRESHOLD,3,16.168754577985965,11.036
STAGE_MODEL_THRESHOLD,3,16.22043535800185,11.036
STAGE_MODEL_THRESHOLD,3,16.272718205000274,9.539
STAGE_MODEL_THRESHOLD,3,16.324197415990056,10.706
STAGE_MODEL_THRESHOLD,3,16.375894467986654,9.345
STAGE_MODEL_THRESHOLD,3,16.427072552003665,10.768
STAGE_MODEL_THRESHOLD,3,16.48343984800158,10.768
STAGE_MODEL_THRESHOLD,3,16.534861264983192,10.203
STAGE_MODEL_THRESHOLD,3,16.585440388007555,10.203
STAGE_MODEL_THRESHOLD,3,16.637331754987827,9.585
STAGE_MODEL_THRESHOLD,3,16.689426205004565,9.585
STAGE_MODEL_THRESHOLD,3,16.742598115000874,10.107
STAGE_MODEL_THRESHOLD,3,16.793238007987384,10.107
STAGE_MODEL_THRESHOLD,3,16.843823212984717,10.121
STAGE_MODEL_THRESHOLD,3,16.894260637986008,10.121
STAGE_MODEL_THRESHOLD,3,16.944871963001788,10.091
STAGE_MODEL_THRESHOLD,3,16.997202864004066,10.091
STAGE_MODEL_THRESHOLD,3,17.048683589993743,6.056
STAGE_MODEL_THRESHOLD,3,17.101622415997554,6.056
STAGE_MODEL_THRESHOLD,3,17.158460774982814,10.207
STAGE_MODEL_THRESHOLD,3,17.20938680699328,10.207
STAGE_MODEL_THRESHOLD,3,17.259985270007746,10.178
STAGE_MODEL_THRESHOLD,3,17.31055206200108,10.178
STAGE_MODEL_THRESHOLD,3,17.360987128980923,10.914
STAGE_MODEL_THRESHOLD,3,17.418492601980688,10.914
STAGE_MODEL_THRESHOLD,3,17.469993423990672,10.108
STAGE_MODEL_THRESHOLD,3,17.52038963898667,10.108
STAGE_MODEL_THRESHOLD,3,17.571040104987333,10.124
STAGE_MODEL_THRESHOLD,3,17.63044542798889,11.022
STAGE_MODEL_THRESHOLD,3,17.683562591992086,9.198
STAGE_MODEL_THRESHOLD,3,17.73511894000694,11.328
STAGE_MODEL_THRESHOLD,3,17.791299267002614,11.328
STAGE_MODEL_THRESHOLD,3,17.842744374007452,10.18
STAGE_MODEL_THRESHOLD,3,17.893345780990785,10.18
STAGE_MODEL_THRESHOLD,3,17.944705533998786,10.379
STAGE_MODEL_THRESHOLD,3,17.996243514004163,9.47
STAGE_MODEL_THRESHOLD,3,18.061623557005078,13.463
STAGE_MODEL_THRESHOLD,3,18.113010754983407,9.463
STAGE_MODEL_THRESHOLD,3,18.165125322004315,14.008
STAGE_MODEL_THRESHOLD,3,18.21729485600372,14.008
STAGE_MODEL_THRESHOLD,3,18.268868751998525,10.163
STAGE_MODEL_THRESHOLD,3,18.319350154983113,6.032
STAGE_MODEL_THRESHOLD,3,18.379194570006803,6.032
STAGE_MODEL_THRESHOLD,3,18.43046288698679,10.359
STAGE_MODEL_THRESHOLD,3,18.481188838981325,10.359
STAGE_MODEL_THRESHOLD,3,18.531819830997847,10.265
STAGE_MODEL_THRESHOLD,3,18.582422106992453,10.265
STAGE_MODEL_THRESHOLD,3,18.633184467005776,10.903
STAGE_MODEL_THRESHOLD,3,18.686394821008435,10.903
STAGE_MODEL_THRESHOLD,3,18.738289553002687,10.161
STAGE_MODEL_THRESHOLD,3,18.789149110001745,10.161
STAGE_MODEL_THRESHOLD,3,18.839781814982416,10.173
STAGE_MODEL_THRESHOLD,3,18.89063202898251,10.173
STAGE_MODEL_THRESHOLD,3,18.941284717002418,10.18
STAGE_MODEL_THRESHOLD,3,18.99188812999637,10.18
STAGE_MODEL_THRESHOLD,3,19.04250106899417,11.286
STAGE_MODEL_THRESHOLD,3,19.095235807006247,11.286
STAGE_MODEL_THRESHOLD,3,19.15356134698959,10.198
STAGE_MODEL_THRESHOLD,3,19.204133406979963,10.198
STAGE_MODEL_THRESHOLD,3,19.25506271899212,10.212
STAGE_MODEL_THRESHOLD,3,19.30547478000517,10.212
STAGE_MODEL_THRESHOLD,3,19.35632507299306,10.202
STAGE_MODEL_THRESHOLD,3,19.40681779899751,10.202
STAGE_MODEL_THRESHOLD,3,19.457698054990033,10.197
STAGE_MODEL_THRESHOLD,3,19.508250424987637,10.197
STAGE_MODEL_THRESHOLD,3,19.55860444600694,10.193
STAGE_MODEL_THRESHOLD,3,19.609296368987998,10.193
STAGE_MODEL_THRESHOLD,3,19.659834015998058,10.191
STAGE_MODEL_THRESHOLD,3,19.710449926991714,10.191
STAGE_MODEL_THRESHOLD,3,19.761254237004323,10.195
STAGE_MODEL_THRESHOLD,3,19.81175179599086,10.195
STAGE_MODEL_THRESHOLD,3,19.86233144599828,10.196
STAGE_MODEL_THRESHOLD,3,19.91296968300594,10.196
STAGE_MODEL_THRESHOLD,3,19.963969426986296,10.194
STAGE_MODEL_THRESHOLD,3,20.014634036982898,10.194
STAGE_MODEL_THRESHOLD,3,20.065445087006083,10.193
STAGE_MODEL_THRESHOLD,3,20.11650095199002,10.193
STAGE_MODEL_THRESHOLD,3,20.167118852987187,10.191
STAGE_MODEL_THRESHOLD,3,20.21759701098199,10.191
STAGE_MODEL_THRESHOLD,3,20.268214990006527,10.193
STAGE_MODEL_THRESHOLD,3,20.318808846001048,10.193
STAGE_MODEL_THRESHOLD,3,20.369379759998992,10.189
STAGE_MODEL_THRESHOLD,3,20.420060600008583,10.189
STAGE_MODEL_THRESHOLD,3,20.470664480002597,10.187
STAGE_MODEL_THRESHOLD,3,20.521454041998368,10.187
STAGE_MODEL_THRESHOLD,3,20.572277205996215,10.186
STAGE_MODEL_THRESHOLD,3,20.623068677989068,10.188
STAGE_MODEL_THRESHOLD,3,20.673640845983755,10.188
STAGE_MODEL_THRESHOLD,3,20.72422099299729,10.192
STAGE_MODEL_THRESHOLD,3,20.77492208898184,10.192
STAGE_MODEL_THRESHOLD,3,20.82535870099673,10.187
STAGE_MODEL_THRESHOLD,3,20.875906920991838,10.187
STAGE_MODEL_THRESHOLD,3,20.92718187699211,10.188
STAGE_MODEL_THRESHOLD,3,20.977838913997402,10.188
STAGE_MODEL_THRESHOLD,3,21.028401941992342,10.185
STAGE_MODEL_THRESHOLD,3,21.078961197985336,10.185
STAGE_MODEL_THRESHOLD,3,21.129737443989143,10.187
STAGE_MODEL_THRESHOLD,3,21.18048367399024,10.187
STAGE_MODEL_THRESHOLD,3,21.231037991004996,10.184
STAGE_MODEL_THRESHOLD,3,21.281759998993948,10.184
STAGE_MODEL_THRESHOLD,3,21.33238216600148,10.184
STAGE_MODEL_THRESHOLD,3,21.383176136005204,10.184
STAGE_MODEL_THRESHOLD,3,21.433837657008553,10.187
STAGE_MODEL_THRESHOLD,3,21.48440046000178,10.187
STAGE_MODEL_THRESHOLD,3,21.535037171008298,10.185
STAGE_MODEL_THRESHOLD,3,21.585624720988562,10.185
STAGE_MODEL_THRESHOLD,3,21.636016336007742,10.184
STAGE_MODEL_THRESHOLD,3,21.686508891987614,10.184
STAGE_MODEL_THRESHOLD,3,21.737021804990945,10.179
STAGE_MODEL_THRESHOLD,3,21.787640444003046,10.179
STAGE_MODEL_THRESHOLD,3,21.838211480993778,10.166
STAGE_MODEL_THRESHOLD,3,21.888594649004517,10.166
STAGE_MODEL_THRESHOLD,3,21.939083309000125,10.161
STAGE_MODEL_THRESHOLD,3,21.98965905298246,10.161
STAGE_MODEL_THRESHOLD,3,22.040273752005305,10.16
STAGE_MODEL_THRESHOLD,3,22.090800918987952,10.16
STAGE_MODEL_THRESHOLD,3,22.141383084992412,10.163
STAGE_MODEL_THRESHOLD,3,22.19184513698565,10.163
STAGE_MODEL_THRESHOLD,3,22.242424238007516,10.156
STAGE_MODEL_THRESHOLD,3,22.29303541398258,10.156
STAGE_MODEL_THRESHOLD,3,22.343604975991184,10.154
STAGE_MODEL_THRESHOLD,3,22.394220112008043,10.154
STAGE_MODEL_THRESHOLD,3,22.444887516991002,10.147
STAGE_MODEL_THRESHOLD,3,22.49554492198513,10.147
STAGE_MODEL_THRESHOLD,3,22.54610395099735,10.148
STAGE_MODEL_THRESHOLD,3,22.596688686986454,10.148
STAGE_MODEL_THRESHOLD,3,22.64724338700762,10.149
STAGE_MODEL_THRESHOLD,3,22.698089124984108,10.149
STAGE_MODEL_THRESHOLD,3,22.748612274997868,10.155
STAGE_MODEL_THRESHOLD,3,22.799417444999563,10.155
STAGE_MODEL_THRESHOLD,3,22.850338146992726,10.16
STAGE_MODEL_THRESHOLD,3,22.901055461989017,10.16
STAGE_MODEL_THRESHOLD,3,22.95185618198593,10.167
STAGE_MODEL_THRESHOLD,3,23.00237776499125,10.167
STAGE_MODEL_THRESHOLD,3,23.052921712980606,10.169
STAGE_MODEL_THRESHOLD,3,23.103443023981526,10.169
STAGE_MODEL_THRESHOLD,3,23.15433510299772,10.168
STAGE_MODEL_THRESHOLD,3,23.204992015991593,10.168
STAGE_MODEL_THRESHOLD,3,23.255439197993837,10.163
STAGE_MODEL_THRESHOLD,3,23.30604152698652,10.163
STAGE_MODEL_THRESHOLD,3,23.35704685698147,10.168
STAGE_MODEL_THRESHOLD,3,23.40771264999057,10.168
STAGE_MODEL_THRESHOLD,3,23.458179187000496,10.169
STAGE_MODEL_THRESHOLD,3,23.508910053002182,10.169
STAGE_MODEL_THRESHOLD,3,23.559674285992514,10.174
STAGE_MODEL_THRESHOLD,3,23.610252262005815,10.174
STAGE_MODEL_THRESHOLD,3,23.660851441003615,10.172
STAGE_MODEL_THRESHOLD,3,23.711305307981092,10.172
STAGE_MODEL_THRESHOLD,3,23.76219911899534,10.171
STAGE_MODEL_THRESHOLD,3,23.812934033980127,10.171
STAGE_MODEL_THRESHOLD,3,23.863560069992673,10.167
STAGE_MODEL_THRESHOLD,3,23.91429642899311,10.167
STAGE_MODEL_THRESHOLD,3,23.965000217984198,10.163
STAGE_MODEL_THRESHOLD,3,24.015552302997094,10.163
STAGE_MODEL_THRESHOLD,3,24.06604526899173,10.162
STAGE_MODEL_THRESHOLD,3,24.11664625699632,10.162
STAGE_MODEL_THRESHOLD,3,24.16729323499021,10.166
STAGE_MODEL_THRESHOLD,3,24.217977633001283,10.166
STAGE_MODEL_THRESHOLD,3,24.268547496991232,10.166
STAGE_MODEL_THRESHOLD,3,24.319098193984246,10.166
STAGE_MODEL_THRESHOLD,3,24.369619578996208,10.168
STAGE_MODEL_THRESHOLD,3,24.420273455994902,10.168
STAGE_MODEL_THRESHOLD,3,24.47076676398865,10.169
STAGE_MODEL_THRESHOLD,3,24.521961133985315,10.164
STAGE_MODEL_THRESHOLD,3,24.57262666299357,10.164
STAGE_MODEL_THRESHOLD,3,24.623158717993647,10.165
STAGE_MODEL_THRESHOLD,3,24.67371532798279,10.165
STAGE_MODEL_THRESHOLD,3,24.724578221008414,10.165
STAGE_MODEL_THRESHOLD,3,24.775141288992018,10.165
STAGE_MODEL_THRESHOLD,3,24.825556063005934,10.163
STAGE_MODEL_THRESHOLD,3,24.876185854984215,10.163
STAGE_MODEL_THRESHOLD,3,24.926852971984772,10.167
STAGE_MODEL_THRESHOLD,3,24.97738862299593,10.167
STAGE_MODEL_THRESHOLD,3,25.02808587200707,10.168
STAGE_MODEL_THRESHOLD,3,25.078702767990762,10.168
STAGE_MODEL_THRESHOLD,3,25.129372992989374,10.166
STAGE_MODEL_THRESHOLD,3,25.179989920987282,10.166
STAGE_MODEL_THRESHOLD,3,25.23095426298096,10.161
STAGE_MODEL_THRESHOLD,3,25.281632881989935,10.161
STAGE_MODEL_THRESHOLD,3,25.332204684993485,10.162
STAGE_MODEL_THRESHOLD,3,25.383155841991538,10.162
STAGE_MODEL_THRESHOLD,3,25.433969254983822,10.16
STAGE_MODEL_THRESHOLD,3,25.484641797986114,10.16
STAGE_MODEL_THRESHOLD,3,25.53526864098967,10.16
STAGE_MODEL_THRESHOLD,3,25.585791285004234,10.16
STAGE_MODEL_THRESHOLD,3,25.63632881399826,10.158
STAGE_MODEL_THRESHOLD,3,25.686774595989846,10.158
STAGE_MODEL_THRESHOLD,3,25.737367613008246,10.158
STAGE_MODEL_THRESHOLD,3,25.78784426097991,10.158
STAGE_MODEL_THRESHOLD,3,25.838708049996058,10.16
STAGE_MODEL_THRESHOLD,3,25.89001947300858,10.16
STAGE_MODEL_THRESHOLD,3,25.940559315000428,10.157
STAGE_MODEL_THRESHOLD,3,25.991027615993517,10.157
STAGE_MODEL_THRESHOLD,3,26.04161789698992,10.152
STAGE_MODEL_THRESHOLD,3,26.09245818798081,10.152
STAGE_MODEL_THRESHOLD,3,26.142946510983165,10.151
STAGE_MODEL_THRESHOLD,3,26.19349131200579,10.151
STAGE_MODEL_THRESHOLD,3,26.24403234498459,10.151
STAGE_MODEL_THRESHOLD,3,26.294515257992316,10.151
STAGE_MODEL_THRESHOLD,3,26.345085296983598,10.152
STAGE_MODEL_THRESHOLD,3,26.395797673001653,10.152
STAGE_MODEL_THRESHOLD,3,26.446430910989875,10.152
STAGE_MODEL_THRESHOLD,3,26.49714248199598,10.152
STAGE_MODEL_THRESHOLD,3,26.54777572499006,10.157
STAGE_MODEL_THRESHOLD,3,26.59841991699068,10.157
STAGE_MODEL_THRESHOLD,3,26.64892839299864,10.158
STAGE_MODEL_THRESHOLD,3,26.6994969350053,10.158
STAGE_MODEL_THRESHOLD,3,26.750193854997633,10.153
STAGE_MODEL_THRESHOLD,3,26.801068320986815,10.153
STAGE_MODEL_THRESHOLD,3,26.851675209007226,10.157
STAGE_MODEL_THRESHOLD,3,26.902432536007836,10.157
STAGE_MODEL_THRESHOLD,3,26.952894007990835,10.155
STAGE_MODEL_THRESHOLD,3,27.003542916994775,10.155
STAGE_MODEL_THRESHOLD,3,27.054078599991044,10.158
STAGE_MODEL_THRESHOLD,3,27.1047290499846,10.158
STAGE_MODEL_THRESHOLD,3,27.155319126002723,10.151
STAGE_MODEL_THRESHOLD,3,27.2058129979996,10.151
STAGE_MODEL_THRESHOLD,3,27.256288212985964,10.145
STAGE_MODEL_THRESHOLD,3,27.306750546005787,10.145
STAGE_MODEL_THRESHOLD,3,27.35732458200073,9.349
STAGE_MODEL_THRESHOLD,3,27.419998105004197,10.692
STAGE_MODEL_THRESHOLD,3,27.47167915699538,10.692
STAGE_MODEL_THRESHOLD,3,27.52416943400749,10.109
STAGE_MODEL_THRESHOLD,3,27.574681480997242,10.109
STAGE_MODEL_THRESHOLD,3,27.625233564991504,10.118
STAGE_MODEL_THRESHOLD,3,27.675946685980307,10.118
STAGE_MODEL_THRESHOLD,3,27.72633768900414,9.938
STAGE_MODEL_THRESHOLD,3,27.782181274000322,9.938
STAGE_MODEL_THRESHOLD,3,27.833759561995976,10.124
STAGE_MODEL_THRESHOLD,3,27.884372283995617,10.124
STAGE_MODEL_THRESHOLD,3,27.934925927984295,13.582
STAGE_MODEL_THRESHOLD,3,27.986945015989477,13.582
STAGE_MODEL_THRESHOLD,3,28.03999779498554,15.016
STAGE_MODEL_THRESHOLD,3,28.09309074099292,15.016
STAGE_MODEL_THRESHOLD,3,28.144573539990233,9.834
STAGE_MODEL_THRESHOLD,3,28.19539589298074,9.834
STAGE_MODEL_THRESHOLD,3,28.245889846992213,9.938
STAGE_MODEL_THRESHOLD,3,28.296269385988126,9.938
STAGE_MODEL_THRESHOLD,3,28.346787099988433,6.284
STAGE_MODEL_THRESHOLD,3,28.398276227002498,6.284
STAGE_MODEL_THRESHOLD,3,28.449496858986095,11.056
STAGE_MODEL_THRESHOLD,3,28.500856636004755,11.056
STAGE_MODEL_THRESHOLD,3,28.556181560008554,10.132
STAGE_MODEL_THRESHOLD,3,28.612091212999076,10.132
STAGE_MODEL_THRESHOLD,3,28.662491641996894,10.489
STAGE_MODEL_THRESHOLD,3,28.717163575987797,10.17
STAGE_MODEL_THRESHOLD,3,28.76833061798243,10.159
STAGE_MODEL_THRESHOLD,3,28.818868433998432,10.159
STAGE_MODEL_THRESHOLD,3,28.86925676499959,10.806
STAGE_MODEL_THRESHOLD,3,28.920577908982523,10.698
STAGE_MODEL_THRESHOLD,3,28.973138995992485,10.698
STAGE_MODEL_THRESHOLD,3,29.027254914981313,10.131
STAGE_MODEL_THRESHOLD,3,29.07775097200647,10.131
STAGE_MODEL_THRESHOLD,3,29.12828969900147,10.127
STAGE_MODEL_THRESHOLD,3,29.17871700800606,10.127
STAGE_MODEL_THRESHOLD,3,29.22919043098227,10.122
STAGE_MODEL_THRESHOLD,3,29.279729269008385,10.122
STAGE_MODEL_THRESHOLD,3,29.330296858999645,10.121
STAGE_MODEL_THRESHOLD,3,29.380919255985646,10.121
STAGE_MODEL_THRESHOLD,3,29.431654913001694,10.129
STAGE_MODEL_THRESHOLD,3,29.482115016988246,10.129
STAGE_MODEL_THRESHOLD,3,29.53260816799593,10.128
STAGE_MODEL_THRESHOLD,3,29.583288787980564,10.128
STAGE_MODEL_THRESHOLD,3,29.63394877599785,10.132
STAGE_MODEL_THRESHOLD,3,29.68459069999517,10.132
STAGE_MODEL_THRESHOLD,3,29.735184268007288,10.135
STAGE_MODEL_THRESHOLD,3,29.785535011003958,10.135
STAGE_MODEL_THRESHOLD,3,29.835931198991602,10.13
STAGE_MODEL_THRESHOLD,3,29.886475856998004,10.13
STAGE_MODEL_THRESHOLD,3,29.9369191720034,10.124
STAGE_MODEL_THRESHOLD,3,29.987240802001907,10.124
BASELINE_IDLE,4,0.0015586829977110028,4.472
BASELINE_IDLE,4,0.05374660898814909,4.472
BASELINE_IDLE,4,0.10531246400205418,3.708
BASELINE_IDLE,4,0.15741897697444074,3.708
BASELINE_IDLE,4,0.2089074649848044,2.523
BASELINE_IDLE,4,0.26170367500162683,2.523
BASELINE_IDLE,4,0.31393810297595337,1.692
BASELINE_IDLE,4,0.3690738759760279,1.692
BASELINE_IDLE,4,0.421137869998347,1.828
BASELINE_IDLE,4,0.47271957897464745,1.828
BASELINE_IDLE,4,0.5248103479971178,1.748
BASELINE_IDLE,4,0.5775413849914912,1.781
BASELINE_IDLE,4,0.6297033589798957,1.781
BASELINE_IDLE,4,0.6813644499925431,1.772
BASELINE_IDLE,4,0.7334154559939634,1.772
BASELINE_IDLE,4,0.7847477629838977,1.647
BASELINE_IDLE,4,0.8367533719865605,1.647
BASELINE_IDLE,4,0.8888921719917562,1.756
BASELINE_IDLE,4,0.9410074829938821,1.756
BASELINE_IDLE,4,0.9936967829999048,1.739
BASELINE_IDLE,4,1.0462121299933642,1.739
BASELINE_IDLE,4,1.0978265599987935,1.735
BASELINE_IDLE,4,1.1496985179837793,1.735
BASELINE_IDLE,4,1.2011739529843908,1.655
BASELINE_IDLE,4,1.2531415429839399,1.655
BASELINE_IDLE,4,1.30510421199142,1.728
BASELINE_IDLE,4,1.3569083710026462,1.728
BASELINE_IDLE,4,1.4090637679910287,1.653
BASELINE_IDLE,4,1.46106987199164,1.653
BASELINE_IDLE,4,1.513815810001688,1.734
BASELINE_IDLE,4,1.5661280529748183,1.734
BASELINE_IDLE,4,1.6185545569751412,1.888
BASELINE_IDLE,4,1.6710077699972317,1.888
BASELINE_IDLE,4,1.7231015739962459,1.759
BASELINE_IDLE,4,1.775380763981957,1.759
BASELINE_IDLE,4,1.8277815199980978,1.655
BASELINE_IDLE,4,1.8799831380019896,1.73
BASELINE_IDLE,4,1.930664336978225,1.73
BASELINE_IDLE,4,1.9817525599792134,1.73
BASELINE_IDLE,4,2.0324532879749313,1.73
BASELINE_IDLE,4,2.0833033660019282,1.73
BASELINE_IDLE,4,2.134417933993973,1.73
BASELINE_IDLE,4,2.1853265120007563,1.73
BASELINE_IDLE,4,2.236139128974173,1.73
BASELINE_IDLE,4,2.287242714985041,1.73
BASELINE_IDLE,4,2.3381949469912797,1.73
BASELINE_IDLE,4,2.389091696997639,1.73
BASELINE_IDLE,4,2.440097685001092,1.73
BASELINE_IDLE,4,2.4910181799787097,1.73
BASELINE_IDLE,4,2.541946374985855,1.73
BASELINE_IDLE,4,2.592857589974301,1.73
BASELINE_IDLE,4,2.643741785985185,1.73
BASELINE_IDLE,4,2.694587648991728,1.73
BASELINE_IDLE,4,2.745662449975498,1.73
BASELINE_IDLE,4,2.796883960982086,1.73
BASELINE_IDLE,4,2.847756944975117,1.73
BASELINE_IDLE,4,2.8986529969843104,1.716
BASELINE_IDLE,4,2.9499989609757904,1.716
BASELINE_IDLE,4,3.0009630889981054,1.716
BASELINE_IDLE,4,3.052102493995335,1.716
BASELINE_IDLE,4,3.1031079499807674,1.716
BASELINE_IDLE,4,3.154091250995407,1.716
BASELINE_IDLE,4,3.204987478995463,1.716
BASELINE_IDLE,4,3.256034498976078,1.716
BASELINE_IDLE,4,3.307456326991087,1.716
BASELINE_IDLE,4,3.358563009998761,1.716
BASELINE_IDLE,4,3.4095005900016986,1.716
BASELINE_IDLE,4,3.460700754978461,1.716
BASELINE_IDLE,4,3.511897150980076,1.716
BASELINE_IDLE,4,3.5629911509749945,1.716
BASELINE_IDLE,4,3.6142177819856443,1.716
BASELINE_IDLE,4,3.6654814289940987,1.716
BASELINE_IDLE,4,3.7165249079989735,1.716
BASELINE_IDLE,4,3.767664041981334,1.716
BASELINE_IDLE,4,3.819095106999157,1.716
BASELINE_IDLE,4,3.8700342979864217,1.716
BASELINE_IDLE,4,3.9214613839867525,1.698
BASELINE_IDLE,4,3.972324923000997,1.698
BASELINE_IDLE,4,4.023644097993383,1.698
BASELINE_IDLE,4,4.07496915597585,1.698
BASELINE_IDLE,4,4.125943966995692,1.698
BASELINE_IDLE,4,4.177112140983809,1.698
BASELINE_IDLE,4,4.228246984974248,1.698
BASELINE_IDLE,4,4.279617590975249,1.698
BASELINE_IDLE,4,4.330783365992829,1.698
BASELINE_IDLE,4,4.381816101988079,1.698
BASELINE_IDLE,4,4.432785147975665,1.698
BASELINE_IDLE,4,4.483916317985859,1.698
BASELINE_IDLE,4,4.534825751994504,1.698
BASELINE_IDLE,4,4.5857644109928515,1.698
BASELINE_IDLE,4,4.636721108981874,1.698
BASELINE_IDLE,4,4.687565548985731,1.698
BASELINE_IDLE,4,4.738509507995332,1.698
BASELINE_IDLE,4,4.789524524996523,1.698
BASELINE_IDLE,4,4.840308179991553,1.698
BASELINE_IDLE,4,4.891282862983644,1.69
BASELINE_IDLE,4,4.942345920979278,1.69
BASELINE_IDLE,4,4.99329970398685,1.69
BASELINE_IDLE,4,5.04486550699221,1.69
BASELINE_IDLE,4,5.096019416989293,1.69
BASELINE_IDLE,4,5.146863336995011,1.69
BASELINE_IDLE,4,5.197609113994986,1.69
BASELINE_IDLE,4,5.248357061995193,1.69
BASELINE_IDLE,4,5.299076570983743,1.69
BASELINE_IDLE,4,5.350142543000402,1.69
BASELINE_IDLE,4,5.400940474995878,1.69
BASELINE_IDLE,4,5.4517077439813875,1.69
BASELINE_IDLE,4,5.502624864981044,1.69
BASELINE_IDLE,4,5.553887146001216,1.69
BASELINE_IDLE,4,5.60481602998334,1.69
BASELINE_IDLE,4,5.655980183975771,1.69
BASELINE_IDLE,4,5.706873217975954,1.69
BASELINE_IDLE,4,5.7581763549824245,1.69
BASELINE_IDLE,4,5.809334249992389,1.69
BASELINE_IDLE,4,5.860348102985881,1.69
BASELINE_IDLE,4,5.911417770985281,1.685
BASELINE_IDLE,4,5.962683797988575,1.685
BASELINE_IDLE,4,6.013967945997138,1.685
BASELINE_IDLE,4,6.065066750976257,1.685
BASELINE_IDLE,4,6.115938248985913,1.685
BASELINE_IDLE,4,6.166994375002105,1.685
BASELINE_IDLE,4,6.218052918993635,1.685
BASELINE_IDLE,4,6.2691363979829475,1.685
BASELINE_IDLE,4,6.320616637996864,1.685
BASELINE_IDLE,4,6.371875813987572,1.685
BASELINE_IDLE,4,6.422836640995229,1.685
BASELINE_IDLE,4,6.473899526987225,1.685
BASELINE_IDLE,4,6.524689949001186,1.685
BASELINE_IDLE,4,6.575685099000111,1.685
BASELINE_IDLE,4,6.626930620986968,1.685
BASELINE_IDLE,4,6.678479423979297,1.685
BASELINE_IDLE,4,6.729429970000638,1.685
BASELINE_IDLE,4,6.781086996983504,1.685
BASELINE_IDLE,4,6.831990667997161,1.685
BASELINE_IDLE,4,6.883082442975137,1.682
BASELINE_IDLE,4,6.933978870976716,1.682
BASELINE_IDLE,4,6.985011257987935,1.682
BASELINE_IDLE,4,7.036474027001532,1.682
BASELINE_IDLE,4,7.087561410997296,1.682
BASELINE_IDLE,4,7.138525947986636,1.682
BASELINE_IDLE,4,7.1896607669768855,1.682
BASELINE_IDLE,4,7.24079838799662,1.682
BASELINE_IDLE,4,7.291708530974574,1.682
BASELINE_IDLE,4,7.3426445969962515,1.682
BASELINE_IDLE,4,7.393729951989371,1.682
BASELINE_IDLE,4,7.4447097959928215,1.682
BASELINE_IDLE,4,7.495787941996241,1.682
BASELINE_IDLE,4,7.546600674977526,1.682
BASELINE_IDLE,4,7.597672992997104,1.682
BASELINE_IDLE,4,7.648599802982062,1.682
BASELINE_IDLE,4,7.699555485974997,1.682
BASELINE_IDLE,4,7.750488849997055,1.682
BASELINE_IDLE,4,7.801681457989616,1.682
BASELINE_IDLE,4,7.852668052975787,1.682
BASELINE_IDLE,4,7.9035775239754,1.684
BASELINE_IDLE,4,7.9549382949771825,1.684
BASELINE_IDLE,4,8.006024926988175,1.684
BASELINE_IDLE,4,8.057301436987473,1.684
BASELINE_IDLE,4,8.108301309985109,1.684
BASELINE_IDLE,4,8.15934531998937,1.684
BASELINE_IDLE,4,8.210397586983163,1.684
BASELINE_IDLE,4,8.261557688994799,1.684
BASELINE_IDLE,4,8.312532131996704,1.684
BASELINE_IDLE,4,8.363413638988277,1.684
BASELINE_IDLE,4,8.415002794994507,1.684
BASELINE_IDLE,4,8.466174511995632,1.684
BASELINE_IDLE,4,8.517435096990084,1.684
BASELINE_IDLE,4,8.568292708980152,1.684
BASELINE_IDLE,4,8.619372792978538,1.684
BASELINE_IDLE,4,8.670487388997572,1.684
BASELINE_IDLE,4,8.72128028399311,1.684
BASELINE_IDLE,4,8.77237616298953,1.684
BASELINE_IDLE,4,8.823272451001685,1.684
BASELINE_IDLE,4,8.874216192984022,1.684
BASELINE_IDLE,4,8.92499869898893,1.682
BASELINE_IDLE,4,8.97603171999799,1.682
BASELINE_IDLE,4,9.026867276988924,1.682
BASELINE_IDLE,4,9.078120690974174,1.682
BASELINE_IDLE,4,9.129031548975036,1.682
BASELINE_IDLE,4,9.179886879981495,1.682
BASELINE_IDLE,4,9.23097606797819,1.682
BASELINE_IDLE,4,9.282419422990642,1.682
BASELINE_IDLE,4,9.333340057986788,1.682
BASELINE_IDLE,4,9.384462058980716,1.682
BASELINE_IDLE,4,9.435387714998797,1.682
BASELINE_IDLE,4,9.486361780000152,1.682
BASELINE_IDLE,4,9.537716898979852,1.682
BASELINE_IDLE,4,9.588552584988065,1.682
BASELINE_IDLE,4,9.639677789993584,1.682
BASELINE_IDLE,4,9.69086073199287,1.682
BASELINE_IDLE,4,9.741951509990031,1.682
BASELINE_IDLE,4,9.793382553994888,1.682
BASELINE_IDLE,4,9.844798445992637,1.682
BASELINE_IDLE,4,9.89598270499846,1.679
BASELINE_IDLE,4,9.946907190984348,1.679
BASELINE_IDLE,4,9.997932623984525,1.679
BASELINE_IDLE,4,10.048984205001034,1.679
BASELINE_IDLE,4,10.099797101982404,1.679
BASELINE_IDLE,4,10.150607598974602,1.679
BASELINE_IDLE,4,10.201453451998532,1.679
BASELINE_IDLE,4,10.252389884990407,1.679
BASELINE_IDLE,4,10.303463722986635,1.679
BASELINE_IDLE,4,10.354453253996326,1.679
BASELINE_IDLE,4,10.405424754979322,1.679
BASELINE_IDLE,4,10.456250703980913,1.679
BASELINE_IDLE,4,10.507124702999135,1.679
BASELINE_IDLE,4,10.558140765991993,1.679
BASELINE_IDLE,4,10.609093173989095,1.679
BASELINE_IDLE,4,10.660248984000646,1.679
BASELINE_IDLE,4,10.711234472983051,1.679
BASELINE_IDLE,4,10.762253221997526,1.679
BASELINE_IDLE,4,10.81313868498546,1.679
BASELINE_IDLE,4,10.863867123000091,1.679
BASELINE_IDLE,4,10.914539294986753,3.095
BASELINE_IDLE,4,10.966194242995698,3.095
BASELINE_IDLE,4,11.017737931979354,1.793
BASELINE_IDLE,4,11.069389494979987,1.793
BASELINE_IDLE,4,11.120695717982017,1.936
BASELINE_IDLE,4,11.172412408981472,1.703
BASELINE_IDLE,4,11.225330852990737,1.903
BASELINE_IDLE,4,11.277338198997313,1.693
BASELINE_IDLE,4,11.328895115992054,1.725
BASELINE_IDLE,4,11.3806134009792,1.7
BASELINE_IDLE,4,11.432998716976726,1.7
BASELINE_IDLE,4,11.488210815994535,1.675
BASELINE_IDLE,4,11.54308800198487,1.717
BASELINE_IDLE,4,11.594645081990166,1.812
BASELINE_IDLE,4,11.646601020998787,1.752
BASELINE_IDLE,4,11.698737094993703,1.84
BASELINE_IDLE,4,11.749944860988762,1.638
BASELINE_IDLE,4,11.801791354984744,1.884
BASELINE_IDLE,4,11.85340690598241,1.701
BASELINE_IDLE,4,11.909042903978843,2.071
BASELINE_IDLE,4,11.960845919995336,2.071
BASELINE_IDLE,4,12.01234118398861,1.748
BASELINE_IDLE,4,12.064287505985703,1.748
BASELINE_IDLE,4,12.1157383940008,1.668
BASELINE_IDLE,4,12.167454048001673,1.668
BASELINE_IDLE,4,12.219013653986622,2.413
BASELINE_IDLE,4,12.270663437986514,2.413
BASELINE_IDLE,4,12.322193857980892,1.693
BASELINE_IDLE,4,12.373675448994618,1.608
BASELINE_IDLE,4,12.425256083981367,1.931
BASELINE_IDLE,4,12.476893970975652,1.719
BASELINE_IDLE,4,12.529098079976393,1.719
BASELINE_IDLE,4,12.58067928699893,1.625
BASELINE_IDLE,4,12.632875522976974,1.775
BASELINE_IDLE,4,12.684720977995312,1.723
BASELINE_IDLE,4,12.736481871979777,1.723
BASELINE_IDLE,4,12.788749864994315,1.623
BASELINE_IDLE,4,12.841095110983588,1.623
BASELINE_IDLE,4,12.893243256985443,1.661
BASELINE_IDLE,4,12.944995325990021,1.794
BASELINE_IDLE,4,13.001415618986357,1.948
BASELINE_IDLE,4,13.053127283987124,1.948
BASELINE_IDLE,4,13.104670461994829,1.684
BASELINE_IDLE,4,13.15604260697728,1.684
BASELINE_IDLE,4,13.207821669988334,2.291
BASELINE_IDLE,4,13.259625419974327,2.291
BASELINE_IDLE,4,13.310951335995924,3.141
BASELINE_IDLE,4,13.362615131976781,3.141
BASELINE_IDLE,4,13.414171713986434,2.489
BASELINE_IDLE,4,13.465972052974394,2.489
BASELINE_IDLE,4,13.517223049973836,1.755
BASELINE_IDLE,4,13.568593051983044,1.755
BASELINE_IDLE,4,13.619846700981725,1.925
BASELINE_IDLE,4,13.671587421995355,1.925
BASELINE_IDLE,4,13.723293923976598,1.705
BASELINE_IDLE,4,13.774687344994163,1.647
BASELINE_IDLE,4,13.826052819000324,1.647
BASELINE_IDLE,4,13.877523597999243,1.677
BASELINE_IDLE,4,13.92892252697493,1.803
BASELINE_IDLE,4,13.980764671985526,1.879
BASELINE_IDLE,4,14.03241655099555,1.771
BASELINE_IDLE,4,14.089185377990361,1.827
BASELINE_IDLE,4,14.140922183985822,1.827
BASELINE_IDLE,4,14.19254944898421,1.647
BASELINE_IDLE,4,14.244179408997297,1.647
BASELINE_IDLE,4,14.29625321298954,1.937
BASELINE_IDLE,4,14.348602568992646,1.937
BASELINE_IDLE,4,14.400152464979328,1.644
BASELINE_IDLE,4,14.452461977984058,1.644
BASELINE_IDLE,4,14.50424586198642,3.042
BASELINE_IDLE,4,14.556210153998109,3.042
BASELINE_IDLE,4,14.608389891975094,2.851
BASELINE_IDLE,4,14.660729260998778,2.851
BASELINE_IDLE,4,14.712312850984745,1.755
BASELINE_IDLE,4,14.763983916986035,1.755
BASELINE_IDLE,4,14.81615547297406,1.928
BASELINE_IDLE,4,14.868627101997845,1.928
BASELINE_IDLE,4,14.920136077998905,1.767
BASELINE_IDLE,4,14.972486945975106,1.815
STAGE_MODEL_POLICY,4,0.001345781987765804,1.815
STAGE_MODEL_POLICY,4,0.05426983899087645,3.754
STAGE_MODEL_POLICY,4,0.1170305369887501,6.086
STAGE_MODEL_POLICY,4,0.16765782400034368,5.595
STAGE_MODEL_POLICY,4,0.21846298698801547,5.595
STAGE_MODEL_POLICY,4,0.2690846459881868,10.661
STAGE_MODEL_POLICY,4,0.3195448939804919,10.661
STAGE_MODEL_POLICY,4,0.37021239500609227,11.793
STAGE_MODEL_POLICY,4,0.42075201199622825,11.793
STAGE_MODEL_POLICY,4,0.47144433099310845,18.348
STAGE_MODEL_POLICY,4,0.5270399169821758,18.348
STAGE_MODEL_POLICY,4,0.5786629909998737,26.283
STAGE_MODEL_POLICY,4,0.6303083959792275,26.283
STAGE_MODEL_POLICY,4,0.6816988679929636,15.744
STAGE_MODEL_POLICY,4,0.7324007699789945,15.744
STAGE_MODEL_POLICY,4,0.7830406109860633,16.166
STAGE_MODEL_POLICY,4,0.8336963769979775,16.166
STAGE_MODEL_POLICY,4,0.8844106250035111,16.31
STAGE_MODEL_POLICY,4,0.9354915639851242,16.31
STAGE_MODEL_POLICY,4,0.9863277239783201,11.908
STAGE_MODEL_POLICY,4,1.03789328498533,11.908
STAGE_MODEL_POLICY,4,1.0895742430002429,16.644
STAGE_MODEL_POLICY,4,1.1408017140056472,16.644
STAGE_MODEL_POLICY,4,1.192012576997513,15.7
STAGE_MODEL_POLICY,4,1.2461645299918018,15.7
STAGE_MODEL_POLICY,4,1.2973369050014298,17.687
STAGE_MODEL_POLICY,4,1.3490314839873463,16.731
STAGE_MODEL_POLICY,4,1.3995895049883984,16.731
STAGE_MODEL_POLICY,4,1.4504936680023093,16.703
STAGE_MODEL_POLICY,4,1.5010557339992374,16.703
STAGE_MODEL_POLICY,4,1.5518012729880866,16.792
STAGE_MODEL_POLICY,4,1.603388104995247,16.792
STAGE_MODEL_POLICY,4,1.654684371984331,16.666
STAGE_MODEL_POLICY,4,1.7053669359884225,16.666
STAGE_MODEL_POLICY,4,1.7558243259845767,24.06
STAGE_MODEL_POLICY,4,1.8196028489910532,24.06
STAGE_MODEL_POLICY,4,1.8714052549912594,16.919
STAGE_MODEL_POLICY,4,1.9219108279794455,16.919
STAGE_MODEL_POLICY,4,1.9724557379959151,16.806
STAGE_MODEL_POLICY,4,2.022811714996351,16.806
STAGE_MODEL_POLICY,4,2.073389089986449,11.377
STAGE_MODEL_POLICY,4,2.1247263760014903,11.377
STAGE_MODEL_POLICY,4,2.176222385984147,9.958
STAGE_MODEL_POLICY,4,2.226878458983265,9.958
STAGE_MODEL_POLICY,4,2.277463128993986,10.388
STAGE_MODEL_POLICY,4,2.332246565987589,10.388
STAGE_MODEL_POLICY,4,2.3836098589817993,9.763
STAGE_MODEL_POLICY,4,2.4355579800030682,9.763
STAGE_MODEL_POLICY,4,2.48715590100619,9.903
STAGE_MODEL_POLICY,4,2.537884116987698,9.903
STAGE_MODEL_POLICY,4,2.5888267009868287,9.876
STAGE_MODEL_POLICY,4,2.639428748982027,9.876
STAGE_MODEL_POLICY,4,2.6901665790064726,9.819
STAGE_MODEL_POLICY,4,2.7408828519983217,9.819
STAGE_MODEL_POLICY,4,2.791750387987122,9.791
STAGE_MODEL_POLICY,4,2.842472552001709,9.791
STAGE_MODEL_POLICY,4,2.8931457480066456,9.773
STAGE_MODEL_POLICY,4,2.9437800839950796,9.773
STAGE_MODEL_POLICY,4,2.9942347089818213,9.763
STAGE_MODEL_POLICY,4,3.0450605920050293,9.763
STAGE_MODEL_POLICY,4,3.0957074640027713,9.758
STAGE_MODEL_POLICY,4,3.146463002980454,9.758
STAGE_MODEL_POLICY,4,3.197156982991146,9.753
STAGE_MODEL_POLICY,4,3.2478445549786557,9.753
STAGE_MODEL_POLICY,4,3.2985410669934936,9.751
STAGE_MODEL_POLICY,4,3.349192352994578,9.748
STAGE_MODEL_POLICY,4,3.400109916983638,9.748
STAGE_MODEL_POLICY,4,3.450779134000186,9.731
STAGE_MODEL_POLICY,4,3.5013263750006445,9.731
STAGE_MODEL_POLICY,4,3.552416327991523,9.72
STAGE_MODEL_POLICY,4,3.603386328992201,9.72
STAGE_MODEL_POLICY,4,3.6537929229962174,9.722
STAGE_MODEL_POLICY,4,3.704461421992164,9.722
STAGE_MODEL_POLICY,4,3.7553426509839483,9.729
STAGE_MODEL_POLICY,4,3.806042943004286,9.729
STAGE_MODEL_POLICY,4,3.85688451200258,9.736
STAGE_MODEL_POLICY,4,3.9074645179789513,9.736
STAGE_MODEL_POLICY,4,3.958243359986227,9.74
STAGE_MODEL_POLICY,4,4.009169267985271,9.74
STAGE_MODEL_POLICY,4,4.059731725981692,9.742
STAGE_MODEL_POLICY,4,4.1102419329981785,9.742
STAGE_MODEL_POLICY,4,4.160653223982081,9.745
STAGE_MODEL_POLICY,4,4.2114876190025825,9.745
STAGE_MODEL_POLICY,4,4.262034699000651,9.744
STAGE_MODEL_POLICY,4,4.312769933982054,9.744
STAGE_MODEL_POLICY,4,4.363775751000503,9.743
STAGE_MODEL_POLICY,4,4.414477504993556,9.743
STAGE_MODEL_POLICY,4,4.46532525998191,9.746
STAGE_MODEL_POLICY,4,4.516214668983594,9.746
STAGE_MODEL_POLICY,4,4.5670710029953625,9.747
STAGE_MODEL_POLICY,4,4.6180893940036185,9.747
STAGE_MODEL_POLICY,4,4.668985720985802,9.752
STAGE_MODEL_POLICY,4,4.719590191991301,9.752
STAGE_MODEL_POLICY,4,4.77028384199366,9.752
STAGE_MODEL_POLICY,4,4.820817750995047,9.752
STAGE_MODEL_POLICY,4,4.871338287979597,9.756
STAGE_MODEL_POLICY,4,4.922001840983285,9.756
STAGE_MODEL_POLICY,4,4.972604641981889,9.755
STAGE_MODEL_POLICY,4,5.0231541020039,9.755
STAGE_MODEL_POLICY,4,5.07355328698759,9.763
STAGE_MODEL_POLICY,4,5.123946924984921,9.763
STAGE_MODEL_POLICY,4,5.174455645988928,9.768
STAGE_MODEL_POLICY,4,5.224991842987947,9.768
STAGE_MODEL_POLICY,4,5.275519539980451,9.771
STAGE_MODEL_POLICY,4,5.326372805982828,9.771
STAGE_MODEL_POLICY,4,5.376853041991126,9.784
STAGE_MODEL_POLICY,4,5.427414104982745,9.784
STAGE_MODEL_POLICY,4,5.478063410992036,9.782
STAGE_MODEL_POLICY,4,5.528788096999051,9.782
STAGE_MODEL_POLICY,4,5.579465561982943,9.799
STAGE_MODEL_POLICY,4,5.630019217001973,9.799
STAGE_MODEL_POLICY,4,5.680663051985903,9.803
STAGE_MODEL_POLICY,4,5.731374772993149,9.803
STAGE_MODEL_POLICY,4,5.782027095992817,9.794
STAGE_MODEL_POLICY,4,5.832803102006437,9.794
STAGE_MODEL_POLICY,4,5.883458401978714,9.804
STAGE_MODEL_POLICY,4,5.934078733000206,9.804
STAGE_MODEL_POLICY,4,5.984690473997034,9.79
STAGE_MODEL_POLICY,4,6.0352359380049165,9.79
STAGE_MODEL_POLICY,4,6.085901127982652,9.814
STAGE_MODEL_POLICY,4,6.136414751003031,9.814
STAGE_MODEL_POLICY,4,6.1869993550062645,9.812
STAGE_MODEL_POLICY,4,6.2374391479825135,9.812
STAGE_MODEL_POLICY,4,6.288116665993584,9.813
STAGE_MODEL_POLICY,4,6.338741043990012,9.813
STAGE_MODEL_POLICY,4,6.389152041985653,9.818
STAGE_MODEL_POLICY,4,6.4398047649883665,9.818
STAGE_MODEL_POLICY,4,6.490412782004569,9.809
STAGE_MODEL_POLICY,4,6.540902185981395,9.809
STAGE_MODEL_POLICY,4,6.591404421982588,9.83
STAGE_MODEL_POLICY,4,6.641936689993599,9.83
STAGE_MODEL_POLICY,4,6.692612601997098,9.82
STAGE_MODEL_POLICY,4,6.743237082991982,9.82
STAGE_MODEL_POLICY,4,6.794023652997566,9.833
STAGE_MODEL_POLICY,4,6.8447449170053005,9.833
STAGE_MODEL_POLICY,4,6.895226780005032,9.851
STAGE_MODEL_POLICY,4,6.946099057997344,9.854
STAGE_MODEL_POLICY,4,6.996609330002684,9.854
STAGE_MODEL_POLICY,4,7.047290098998928,9.882
STAGE_MODEL_POLICY,4,7.097865377989365,9.882
STAGE_MODEL_POLICY,4,7.148891377990367,9.869
STAGE_MODEL_POLICY,4,7.199569305987097,9.869
STAGE_MODEL_POLICY,4,7.250282812980004,9.879
STAGE_MODEL_POLICY,4,7.300855794979725,9.879
STAGE_MODEL_POLICY,4,7.351363466994371,9.89
STAGE_MODEL_POLICY,4,7.401960393995978,9.89
STAGE_MODEL_POLICY,4,7.452552225993713,9.891
STAGE_MODEL_POLICY,4,7.503299687989056,9.891
STAGE_MODEL_POLICY,4,7.554286472994136,9.906
STAGE_MODEL_POLICY,4,7.60482760699233,9.906
STAGE_MODEL_POLICY,4,7.655623565980932,9.903
STAGE_MODEL_POLICY,4,7.706273293995764,9.903
STAGE_MODEL_POLICY,4,7.757080034003593,9.912
STAGE_MODEL_POLICY,4,7.807697584998095,9.912
STAGE_MODEL_POLICY,4,7.8582766439940315,9.913
STAGE_MODEL_POLICY,4,7.908999538980424,9.913
STAGE_MODEL_POLICY,4,7.959490852983436,9.912
STAGE_MODEL_POLICY,4,8.010021870984929,9.912
STAGE_MODEL_POLICY,4,8.060585141996853,9.914
STAGE_MODEL_POLICY,4,8.111053872999037,9.914
STAGE_MODEL_POLICY,4,8.162031852989458,9.915
STAGE_MODEL_POLICY,4,8.21269739800482,9.915
STAGE_MODEL_POLICY,4,8.263298125006258,9.914
STAGE_MODEL_POLICY,4,8.31402200498269,9.914
STAGE_MODEL_POLICY,4,8.36486318099196,9.92
STAGE_MODEL_POLICY,4,8.415795120003168,9.92
STAGE_MODEL_POLICY,4,8.466885587986326,9.917
STAGE_MODEL_POLICY,4,8.518100636982126,9.917
STAGE_MODEL_POLICY,4,8.568774258979829,9.93
STAGE_MODEL_POLICY,4,8.619450111000333,9.93
STAGE_MODEL_POLICY,4,8.67003397498047,9.929
STAGE_MODEL_POLICY,4,8.720727905980311,9.929
STAGE_MODEL_POLICY,4,8.771348135982407,9.932
STAGE_MODEL_POLICY,4,8.822179031005362,9.932
STAGE_MODEL_POLICY,4,8.872769478999544,9.938
STAGE_MODEL_POLICY,4,8.923545269994065,9.938
STAGE_MODEL_POLICY,4,8.974401182000292,9.935
STAGE_MODEL_POLICY,4,9.025065291003557,9.935
STAGE_MODEL_POLICY,4,9.075786311004777,9.949
STAGE_MODEL_POLICY,4,9.126210788002936,9.949
STAGE_MODEL_POLICY,4,9.176820925989887,9.951
STAGE_MODEL_POLICY,4,9.227605789987138,9.951
STAGE_MODEL_POLICY,4,9.278216487000464,9.947
STAGE_MODEL_POLICY,4,9.329109515994787,9.947
STAGE_MODEL_POLICY,4,9.379669667978305,9.959
STAGE_MODEL_POLICY,4,9.430268024996622,9.959
STAGE_MODEL_POLICY,4,9.480825859995093,9.951
STAGE_MODEL_POLICY,4,9.531639619002817,9.951
STAGE_MODEL_POLICY,4,9.582361053006025,9.964
STAGE_MODEL_POLICY,4,9.633116095996229,9.964
STAGE_MODEL_POLICY,4,9.683777678990737,9.96
STAGE_MODEL_POLICY,4,9.73451152499183,9.96
STAGE_MODEL_POLICY,4,9.785142545995768,9.967
STAGE_MODEL_POLICY,4,9.836007235979196,9.967
STAGE_MODEL_POLICY,4,9.886551645002328,9.966
STAGE_MODEL_POLICY,4,9.937209914001869,9.966
STAGE_MODEL_POLICY,4,9.987957918987377,9.958
STAGE_MODEL_POLICY,4,10.038773337990278,9.958
STAGE_MODEL_POLICY,4,10.089294813980814,9.97
STAGE_MODEL_POLICY,4,10.139732243987964,9.97
STAGE_MODEL_POLICY,4,10.190587292978307,9.963
STAGE_MODEL_POLICY,4,10.241131585993571,9.963
STAGE_MODEL_POLICY,4,10.291583626996726,9.972
STAGE_MODEL_POLICY,4,10.342247617983958,9.972
STAGE_MODEL_POLICY,4,10.392940394987818,9.979
STAGE_MODEL_POLICY,4,10.443633336981293,9.979
STAGE_MODEL_POLICY,4,10.494387582002673,9.978
STAGE_MODEL_POLICY,4,10.54493872099556,9.992
STAGE_MODEL_POLICY,4,10.595564490999095,9.992
STAGE_MODEL_POLICY,4,10.646129359985935,9.989
STAGE_MODEL_POLICY,4,10.697036319004837,9.989
STAGE_MODEL_POLICY,4,10.7476535429887,9.991
STAGE_MODEL_POLICY,4,10.798272195999743,9.991
STAGE_MODEL_POLICY,4,10.84886421597912,9.985
STAGE_MODEL_POLICY,4,10.899434966006083,9.985
STAGE_MODEL_POLICY,4,10.950029865984106,9.984
STAGE_MODEL_POLICY,4,11.000662120990455,9.984
STAGE_MODEL_POLICY,4,11.051179295987822,9.987
STAGE_MODEL_POLICY,4,11.101820003998,9.987
STAGE_MODEL_POLICY,4,11.152327956981026,9.988
STAGE_MODEL_POLICY,4,11.202914199995575,9.988
STAGE_MODEL_POLICY,4,11.253607138991356,9.988
STAGE_MODEL_POLICY,4,11.304179308994208,9.988
STAGE_MODEL_POLICY,4,11.354678467992926,9.988
STAGE_MODEL_POLICY,4,11.405391423992114,9.988
STAGE_MODEL_POLICY,4,11.45588253097958,9.241
STAGE_MODEL_POLICY,4,11.507251564995386,9.241
STAGE_MODEL_POLICY,4,11.558972664992325,11.578
STAGE_MODEL_POLICY,4,11.614155346003827,11.578
STAGE_MODEL_POLICY,4,11.665401668986306,10.007
STAGE_MODEL_POLICY,4,11.715802669001278,10.007
STAGE_MODEL_POLICY,4,11.766204282001127,10.008
STAGE_MODEL_POLICY,4,11.816710982006043,10.008
STAGE_MODEL_POLICY,4,11.867269017995568,9.734
STAGE_MODEL_POLICY,4,11.91887760499958,9.734
STAGE_MODEL_POLICY,4,11.972142575978069,9.984
STAGE_MODEL_POLICY,4,12.022813135001343,9.984
STAGE_MODEL_POLICY,4,12.073446324997349,10.284
STAGE_MODEL_POLICY,4,12.126865758997155,10.284
STAGE_MODEL_POLICY,4,12.18095255899243,9.313
STAGE_MODEL_POLICY,4,12.235803405987099,9.313
STAGE_MODEL_POLICY,4,12.286557843995979,10.222
STAGE_MODEL_POLICY,4,12.340997420978965,8.957
STAGE_MODEL_POLICY,4,12.397208832990145,10.649
STAGE_MODEL_POLICY,4,12.448491799994372,9.874
STAGE_MODEL_POLICY,4,12.499106120987562,9.874
STAGE_MODEL_POLICY,4,12.549711275001755,9.891
STAGE_MODEL_POLICY,4,12.600398646987742,9.891
STAGE_MODEL_POLICY,4,12.650936179998098,9.919
STAGE_MODEL_POLICY,4,12.7015413659974,9.919
STAGE_MODEL_POLICY,4,12.7521893279918,9.92
STAGE_MODEL_POLICY,4,12.802906875993358,9.92
STAGE_MODEL_POLICY,4,12.853406860987889,9.924
STAGE_MODEL_POLICY,4,12.904027554992354,9.924
STAGE_MODEL_POLICY,4,12.95447828999022,10.991
STAGE_MODEL_POLICY,4,13.009546633984428,10.991
STAGE_MODEL_POLICY,4,13.060670385981211,9.835
STAGE_MODEL_POLICY,4,13.111209317983594,9.835
STAGE_MODEL_POLICY,4,13.161789556994336,9.918
STAGE_MODEL_POLICY,4,13.212417604983784,9.918
STAGE_MODEL_POLICY,4,13.26288082098472,9.934
STAGE_MODEL_POLICY,4,13.313436319993343,9.934
STAGE_MODEL_POLICY,4,13.363950169994496,9.951
STAGE_MODEL_POLICY,4,13.414591541979462,9.951
STAGE_MODEL_POLICY,4,13.465094769984717,9.887
STAGE_MODEL_POLICY,4,13.522016019996954,9.887
STAGE_MODEL_POLICY,4,13.573448107985314,9.944
STAGE_MODEL_POLICY,4,13.623816596984398,9.944
STAGE_MODEL_POLICY,4,13.674320514983265,10.632
STAGE_MODEL_POLICY,4,13.725490715005435,10.632
STAGE_MODEL_POLICY,4,13.777996866003377,10.025
STAGE_MODEL_POLICY,4,13.828567369986558,10.025
STAGE_MODEL_POLICY,4,13.879121568985283,10.003
STAGE_MODEL_POLICY,4,13.929652646998875,10.003
STAGE_MODEL_POLICY,4,13.980249329004437,8.893
STAGE_MODEL_POLICY,4,14.031603968003765,8.893
STAGE_MODEL_POLICY,4,14.084326832991792,9.987
STAGE_MODEL_POLICY,4,14.134878346987534,9.987
STAGE_MODEL_POLICY,4,14.185331457003485,19.269
STAGE_MODEL_POLICY,4,14.239515206980286,19.269
STAGE_MODEL_POLICY,4,14.290788824990159,10.304
STAGE_MODEL_POLICY,4,14.341563041991321,10.304
STAGE_MODEL_POLICY,4,14.392149666004116,9.649
STAGE_MODEL_POLICY,4,14.443394164991332,9.981
STAGE_MODEL_POLICY,4,14.495989721006481,10.001
STAGE_MODEL_POLICY,4,14.546519847004674,10.386
STAGE_MODEL_POLICY,4,14.59841232499457,10.386
STAGE_MODEL_POLICY,4,14.651996673987014,9.97
STAGE_MODEL_POLICY,4,14.702586254978087,9.97
STAGE_MODEL_POLICY,4,14.75324948198977,9.207
STAGE_MODEL_POLICY,4,14.806337783986237,9.207
STAGE_MODEL_POLICY,4,14.862997718999395,9.968
STAGE_MODEL_POLICY,4,14.913543039991055,9.968
STAGE_MODEL_POLICY,4,14.964002199994866,9.983
STAGE_MODEL_POLICY,4,15.014562884985935,9.983
STAGE_MODEL_POLICY,4,15.065246980986558,9.993
STAGE_MODEL_POLICY,4,15.115944457997102,9.993
STAGE_MODEL_POLICY,4,15.16639278398361,9.938
STAGE_MODEL_POLICY,4,15.218601575994398,9.938
STAGE_MODEL_POLICY,4,15.270069249003427,10.03
STAGE_MODEL_POLICY,4,15.320735924993642,10.03
STAGE_MODEL_POLICY,4,15.371204947005026,14.938
STAGE_MODEL_POLICY,4,15.422901623998769,14.938
STAGE_MODEL_POLICY,4,15.476860558002954,10.161
STAGE_MODEL_POLICY,4,15.527317301981384,10.161
STAGE_MODEL_POLICY,4,15.577940408984432,10.069
STAGE_MODEL_POLICY,4,15.628601695992984,10.069
STAGE_MODEL_POLICY,4,15.679128577001393,10.053
STAGE_MODEL_POLICY,4,15.729724471981172,10.053
STAGE_MODEL_POLICY,4,15.78049249999458,10.041
STAGE_MODEL_POLICY,4,15.831081298005302,10.041
STAGE_MODEL_POLICY,4,15.881687197979772,10.029
STAGE_MODEL_POLICY,4,15.94832631899044,9.538
STAGE_MODEL_POLICY,4,16.000280790991383,9.538
STAGE_MODEL_POLICY,4,16.054821964004077,10.054
STAGE_MODEL_POLICY,4,16.10546294899541,10.054
STAGE_MODEL_POLICY,4,16.155979767994722,10.019
STAGE_MODEL_POLICY,4,16.20681493898155,10.019
STAGE_MODEL_POLICY,4,16.257547499000793,9.972
STAGE_MODEL_POLICY,4,16.308148713986157,9.972
STAGE_MODEL_POLICY,4,16.3586909059959,8.682
STAGE_MODEL_POLICY,4,16.41061338299187,8.682
STAGE_MODEL_POLICY,4,16.46468674298376,9.36
STAGE_MODEL_POLICY,4,16.516787117987406,9.36
STAGE_MODEL_POLICY,4,16.569785967003554,14.21
STAGE_MODEL_POLICY,4,16.62109810000402,14.21
STAGE_MODEL_POLICY,4,16.673432873998536,9.635
STAGE_MODEL_POLICY,4,16.72405098300078,9.635
STAGE_MODEL_POLICY,4,16.774518135003746,9.856
STAGE_MODEL_POLICY,4,16.82498179699178,9.856
STAGE_MODEL_POLICY,4,16.875536539999302,9.917
STAGE_MODEL_POLICY,4,16.92785821398138,9.917
STAGE_MODEL_POLICY,4,16.979288993985392,9.971
STAGE_MODEL_POLICY,4,17.029903827991802,9.971
STAGE_MODEL_POLICY,4,17.080494994006585,9.998
STAGE_MODEL_POLICY,4,17.131033363984898,9.998
STAGE_MODEL_POLICY,4,17.181644013995538,9.997
STAGE_MODEL_POLICY,4,17.232134948979365,9.997
STAGE_MODEL_POLICY,4,17.28250938199926,10.315
STAGE_MODEL_POLICY,4,17.33394992398098,9.913
STAGE_MODEL_POLICY,4,17.385911647987086,10.32
STAGE_MODEL_POLICY,4,17.440734350995626,10.32
STAGE_MODEL_POLICY,4,17.491860865993658,9.902
STAGE_MODEL_POLICY,4,17.54262712498894,9.902
STAGE_MODEL_POLICY,4,17.593055987992557,8.94
STAGE_MODEL_POLICY,4,17.644429962994764,9.542
STAGE_MODEL_POLICY,4,17.69591780999326,9.542
STAGE_MODEL_POLICY,4,17.754679985984694,10.087
STAGE_MODEL_POLICY,4,17.805608412978472,10.087
STAGE_MODEL_POLICY,4,17.856511609978043,10.058
STAGE_MODEL_POLICY,4,17.90711520498735,10.058
STAGE_MODEL_POLICY,4,17.957623920985498,9.346
STAGE_MODEL_POLICY,4,18.0101593429863,9.346
STAGE_MODEL_POLICY,4,18.061576409992995,10.074
STAGE_MODEL_POLICY,4,18.112184853001963,10.074
STAGE_MODEL_POLICY,4,18.162818348995643,10.052
STAGE_MODEL_POLICY,4,18.213521316996776,10.052
STAGE_MODEL_POLICY,4,18.264114644000074,9.324
STAGE_MODEL_POLICY,4,18.315632972982712,9.324
STAGE_MODEL_POLICY,4,18.366977566998685,10.083
STAGE_MODEL_POLICY,4,18.417483937984798,10.083
STAGE_MODEL_POLICY,4,18.4682467749808,10.019
STAGE_MODEL_POLICY,4,18.52153823999106,10.019
STAGE_MODEL_POLICY,4,18.572943877981743,10.037
STAGE_MODEL_POLICY,4,18.623443597985897,10.037
STAGE_MODEL_POLICY,4,18.67393871798413,8.781
STAGE_MODEL_POLICY,4,18.725692612992134,8.781
STAGE_MODEL_POLICY,4,18.777370982978027,10.07
STAGE_MODEL_POLICY,4,18.82785273398622,10.07
STAGE_MODEL_POLICY,4,18.878488307993393,10.023
STAGE_MODEL_POLICY,4,18.929189476999454,10.023
STAGE_MODEL_POLICY,4,18.979766203992767,10.036
STAGE_MODEL_POLICY,4,19.030309738998767,10.036
STAGE_MODEL_POLICY,4,19.080912256991724,10.05
STAGE_MODEL_POLICY,4,19.13149968298967,10.05
STAGE_MODEL_POLICY,4,19.182063327985816,10.049
STAGE_MODEL_POLICY,4,19.232932652987074,10.049
STAGE_MODEL_POLICY,4,19.283587154000998,10.065
STAGE_MODEL_POLICY,4,19.334666651993757,10.065
STAGE_MODEL_POLICY,4,19.385204377002083,10.072
STAGE_MODEL_POLICY,4,19.435802955005784,10.072
STAGE_MODEL_POLICY,4,19.48682048698538,10.06
STAGE_MODEL_POLICY,4,19.537338805996114,10.06
STAGE_MODEL_POLICY,4,19.588028502999805,10.07
STAGE_MODEL_POLICY,4,19.638694544002647,10.07
STAGE_MODEL_POLICY,4,19.689299958001357,10.072
STAGE_MODEL_POLICY,4,19.73976780299563,10.072
STAGE_MODEL_POLICY,4,19.790143860998796,10.072
STAGE_MODEL_POLICY,4,19.840679024986457,10.072
STAGE_MODEL_POLICY,4,19.89107247098582,9.396
STAGE_MODEL_POLICY,4,19.942464253981598,9.989
STAGE_MODEL_POLICY,4,19.993134511983953,9.989
STAGE_MODEL_POLICY,4,20.043792587006465,10.053
STAGE_MODEL_POLICY,4,20.094472152006347,10.053
STAGE_MODEL_POLICY,4,20.14520891898428,10.556
STAGE_MODEL_POLICY,4,20.196831818000646,10.556
STAGE_MODEL_POLICY,4,20.254568496980937,10.116
STAGE_MODEL_POLICY,4,20.305006947979564,10.116
STAGE_MODEL_POLICY,4,20.355441528983647,10.079
STAGE_MODEL_POLICY,4,20.40597702600644,10.079
STAGE_MODEL_POLICY,4,20.456554901000345,10.037
STAGE_MODEL_POLICY,4,20.507269263005583,10.037
STAGE_MODEL_POLICY,4,20.55778883199673,10.055
STAGE_MODEL_POLICY,4,20.608441011980176,10.055
STAGE_MODEL_POLICY,4,20.65905509798904,10.04
STAGE_MODEL_POLICY,4,20.709637962980196,10.04
STAGE_MODEL_POLICY,4,20.760204024991253,10.055
STAGE_MODEL_POLICY,4,20.810917034978047,10.055
STAGE_MODEL_POLICY,4,20.86148588100332,10.06
STAGE_MODEL_POLICY,4,20.91213293900364,10.06
STAGE_MODEL_POLICY,4,20.962657055992167,10.057
STAGE_MODEL_POLICY,4,21.013340006000362,10.057
STAGE_MODEL_POLICY,4,21.063861331000226,10.063
STAGE_MODEL_POLICY,4,21.11444673698861,10.063
STAGE_MODEL_POLICY,4,21.165058168990072,10.057
STAGE_MODEL_POLICY,4,21.215918932983186,10.057
STAGE_MODEL_POLICY,4,21.266701668006135,10.057
STAGE_MODEL_POLICY,4,21.31728181100334,10.057
STAGE_MODEL_POLICY,4,21.368223330995534,10.05
STAGE_MODEL_POLICY,4,21.418944289995125,10.05
STAGE_MODEL_POLICY,4,21.469557179982075,10.05
STAGE_MODEL_POLICY,4,21.52034058998106,10.05
STAGE_MODEL_POLICY,4,21.570865349989617,10.059
STAGE_MODEL_POLICY,4,21.621608024986926,10.059
STAGE_MODEL_POLICY,4,21.67221635900205,10.062
STAGE_MODEL_POLICY,4,21.72295617198688,10.062
STAGE_MODEL_POLICY,4,21.77356808600598,10.078
STAGE_MODEL_POLICY,4,21.824031673982972,10.078
STAGE_MODEL_POLICY,4,21.874683191999793,10.078
STAGE_MODEL_POLICY,4,21.925259582989383,10.078
STAGE_MODEL_POLICY,4,21.975849262002157,10.075
STAGE_MODEL_POLICY,4,22.026369634986622,10.075
STAGE_MODEL_POLICY,4,22.077119196997955,8.924
STAGE_MODEL_POLICY,4,22.129533328989055,8.924
STAGE_MODEL_POLICY,4,22.180884404981043,10.08
STAGE_MODEL_POLICY,4,22.231564638990676,10.08
STAGE_MODEL_POLICY,4,22.282210963981925,10.062
STAGE_MODEL_POLICY,4,22.332722202991135,10.062
STAGE_MODEL_POLICY,4,22.38348002298153,9.742
STAGE_MODEL_POLICY,4,22.434929002978606,9.742
STAGE_MODEL_POLICY,4,22.488211663003312,10.047
STAGE_MODEL_POLICY,4,22.538939541002037,10.047
STAGE_MODEL_POLICY,4,22.58952886899351,10.022
STAGE_MODEL_POLICY,4,22.640095745999133,10.022
STAGE_MODEL_POLICY,4,22.69076425000094,10.033
STAGE_MODEL_POLICY,4,22.741372755990596,10.053
STAGE_MODEL_POLICY,4,22.79212271698634,10.053
STAGE_MODEL_POLICY,4,22.842732742981752,9.714
STAGE_MODEL_POLICY,4,22.894312021991936,9.714
STAGE_MODEL_POLICY,4,22.949036776990397,10.098
STAGE_MODEL_POLICY,4,22.999648964992957,10.098
STAGE_MODEL_POLICY,4,23.050357348984107,10.09
STAGE_MODEL_POLICY,4,23.100937248003902,10.09
STAGE_MODEL_POLICY,4,23.15165712099406,10.093
STAGE_MODEL_POLICY,4,23.202433333004592,10.093
STAGE_MODEL_POLICY,4,23.253073444997426,10.089
STAGE_MODEL_POLICY,4,23.303564354981063,10.089
STAGE_MODEL_POLICY,4,23.354397249990143,10.093
STAGE_MODEL_POLICY,4,23.40482877899194,10.093
STAGE_MODEL_POLICY,4,23.45537577199866,10.089
STAGE_MODEL_POLICY,4,23.50600792199839,10.089
STAGE_MODEL_POLICY,4,23.556610757979797,10.085
STAGE_MODEL_POLICY,4,23.60710756498156,10.085
STAGE_MODEL_POLICY,4,23.65759202800109,10.076
STAGE_MODEL_POLICY,4,23.70826184199541,10.076
STAGE_MODEL_POLICY,4,23.758871553989593,10.081
STAGE_MODEL_POLICY,4,23.80948794799042,10.081
STAGE_MODEL_POLICY,4,23.860033681994537,10.079
STAGE_MODEL_POLICY,4,23.910592325002654,10.079
STAGE_MODEL_POLICY,4,23.96119605700369,10.076
STAGE_MODEL_POLICY,4,24.011714388994733,10.076
STAGE_MODEL_POLICY,4,24.062887075997423,10.07
STAGE_MODEL_POLICY,4,24.11360019998392,10.07
STAGE_MODEL_POLICY,4,24.16433795899502,10.061
STAGE_MODEL_POLICY,4,24.214965991006466,10.061
STAGE_MODEL_POLICY,4,24.265618712990545,10.06
STAGE_MODEL_POLICY,4,24.316153672989458,10.06
STAGE_MODEL_POLICY,4,24.366624205984408,10.057
STAGE_MODEL_POLICY,4,24.417292345984606,10.057
STAGE_MODEL_POLICY,4,24.468053568998585,10.056
STAGE_MODEL_POLICY,4,24.51870942398091,10.056
STAGE_MODEL_POLICY,4,24.56926479100366,10.058
STAGE_MODEL_POLICY,4,24.619893022987526,10.058
STAGE_MODEL_POLICY,4,24.670458392996807,10.051
STAGE_MODEL_POLICY,4,24.721013498987304,10.051
STAGE_MODEL_POLICY,4,24.771780581999337,10.052
STAGE_MODEL_POLICY,4,24.8225236129947,10.052
STAGE_MODEL_POLICY,4,24.873244051006623,10.055
STAGE_MODEL_POLICY,4,24.924129339982755,10.055
STAGE_MODEL_POLICY,4,24.974562641000375,10.051
STAGE_MODEL_POLICY,4,25.025040634995094,10.051
STAGE_MODEL_POLICY,4,25.075614675006364,10.05
STAGE_MODEL_POLICY,4,25.126236601994606,10.05
STAGE_MODEL_POLICY,4,25.176721711992286,10.053
STAGE_MODEL_POLICY,4,25.22732168599032,10.053
STAGE_MODEL_POLICY,4,25.277974411001196,10.053
STAGE_MODEL_POLICY,4,25.32873250200646,10.053
STAGE_MODEL_POLICY,4,25.379258262983058,10.054
STAGE_MODEL_POLICY,4,25.4301931639784,10.054
STAGE_MODEL_POLICY,4,25.481045514985453,10.05
STAGE_MODEL_POLICY,4,25.531682152999565,10.05
STAGE_MODEL_POLICY,4,25.582381801999873,10.047
STAGE_MODEL_POLICY,4,25.63297181998496,10.047
STAGE_MODEL_POLICY,4,25.683651195984567,10.046
STAGE_MODEL_POLICY,4,25.73411878600018,10.046
STAGE_MODEL_POLICY,4,25.784890654002083,10.053
STAGE_MODEL_POLICY,4,25.835350690991618,10.053
STAGE_MODEL_POLICY,4,25.886052831978304,10.045
STAGE_MODEL_POLICY,4,25.936477710987674,10.045
STAGE_MODEL_POLICY,4,25.987151256005745,10.04
STAGE_MODEL_POLICY,4,26.037836659001186,10.04
STAGE_MODEL_POLICY,4,26.0884578859841,10.05
STAGE_MODEL_POLICY,4,26.13914662398747,10.05
STAGE_MODEL_POLICY,4,26.189918616000796,10.055
STAGE_MODEL_POLICY,4,26.240645596990362,10.055
STAGE_MODEL_POLICY,4,26.29137629599427,10.057
STAGE_MODEL_POLICY,4,26.342072518978966,10.056
STAGE_MODEL_POLICY,4,26.39249226899119,10.056
STAGE_MODEL_POLICY,4,26.442929757991806,10.055
STAGE_MODEL_POLICY,4,26.493535294983303,10.055
STAGE_MODEL_POLICY,4,26.544054820988094,10.045
STAGE_MODEL_POLICY,4,26.59458428900689,10.045
STAGE_MODEL_POLICY,4,26.64533727397793,10.038
STAGE_MODEL_POLICY,4,26.695859871979337,10.038
STAGE_MODEL_POLICY,4,26.746412491978845,10.034
STAGE_MODEL_POLICY,4,26.797036231000675,10.034
STAGE_MODEL_POLICY,4,26.847618434985634,10.031
STAGE_MODEL_POLICY,4,26.89816960299504,10.031
STAGE_MODEL_POLICY,4,26.948700112989172,9.448
STAGE_MODEL_POLICY,4,27.002030918985838,9.448
STAGE_MODEL_POLICY,4,27.05887812699075,10.105
STAGE_MODEL_POLICY,4,27.109451080992585,10.105
STAGE_MODEL_POLICY,4,27.16007691298728,10.048
STAGE_MODEL_POLICY,4,27.21060812199721,10.048
STAGE_MODEL_POLICY,4,27.26115171899437,10.035
STAGE_MODEL_POLICY,4,27.315251839987468,9.518
STAGE_MODEL_POLICY,4,27.36731126898667,10.071
STAGE_MODEL_POLICY,4,27.418587744992692,10.071
STAGE_MODEL_POLICY,4,27.471020501980092,9.995
STAGE_MODEL_POLICY,4,27.52143848198466,9.995
STAGE_MODEL_POLICY,4,27.57854763697833,6.836
STAGE_MODEL_POLICY,4,27.62974212798872,6.836
STAGE_MODEL_POLICY,4,27.68433886699495,10.017
STAGE_MODEL_POLICY,4,27.735021061991574,10.673
STAGE_MODEL_POLICY,4,27.797053546004463,10.673
STAGE_MODEL_POLICY,4,27.848271886003204,10.073
STAGE_MODEL_POLICY,4,27.902861315989867,10.073
STAGE_MODEL_POLICY,4,27.95342137699481,10.081
STAGE_MODEL_POLICY,4,28.013229414005764,10.081
STAGE_MODEL_POLICY,4,28.063810218998697,9.394
STAGE_MODEL_POLICY,4,28.118003605981357,9.394
STAGE_MODEL_POLICY,4,28.169435164978495,9.987
STAGE_MODEL_POLICY,4,28.227121550997254,9.987
STAGE_MODEL_POLICY,4,28.277733194991015,10.07
STAGE_MODEL_POLICY,4,28.330989795998903,10.07
STAGE_MODEL_POLICY,4,28.38239345900365,9.969
STAGE_MODEL_POLICY,4,28.43302006900194,9.969
STAGE_MODEL_POLICY,4,28.483742016978795,8.683
STAGE_MODEL_POLICY,4,28.535004799981834,8.683
STAGE_MODEL_POLICY,4,28.587339859979693,10.016
STAGE_MODEL_POLICY,4,28.638052650989266,10.016
STAGE_MODEL_POLICY,4,28.688579332985682,10.051
STAGE_MODEL_POLICY,4,28.74474054799066,7.23
STAGE_MODEL_POLICY,4,28.798587308003334,7.23
STAGE_MODEL_POLICY,4,28.850044079998042,10.055
STAGE_MODEL_POLICY,4,28.900603515998228,10.055
STAGE_MODEL_POLICY,4,28.95111287900363,10.053
STAGE_MODEL_POLICY,4,29.001818122982513,10.053
STAGE_MODEL_POLICY,4,29.052311835985165,10.046
STAGE_MODEL_POLICY,4,29.10289380600443,10.046
STAGE_MODEL_POLICY,4,29.153300226986175,10.046
STAGE_MODEL_POLICY,4,29.20382254800643,10.046
STAGE_MODEL_POLICY,4,29.25420351300272,10.075
STAGE_MODEL_POLICY,4,29.304741481988458,10.075
STAGE_MODEL_POLICY,4,29.355219616001705,9.471
STAGE_MODEL_POLICY,4,29.40639277198352,9.471
STAGE_MODEL_POLICY,4,29.45844226400368,10.041
STAGE_MODEL_POLICY,4,29.50891803999548,10.041
STAGE_MODEL_POLICY,4,29.559395035990747,10.03
STAGE_MODEL_POLICY,4,29.61011001598672,10.03
STAGE_MODEL_POLICY,4,29.660813163995044,10.029
STAGE_MODEL_POLICY,4,29.711445141991135,10.029
STAGE_MODEL_POLICY,4,29.762065330985934,10.129
STAGE_MODEL_POLICY,4,29.815021660993807,10.129
STAGE_MODEL_POLICY,4,29.86666093900567,10.046
STAGE_MODEL_POLICY,4,29.917215523979394,10.046
STAGE_MODEL_POLICY,4,29.96785264398204,10.038
STAGE_FULL_PIPELINE,4,0.0062983440002426505,10.038
STAGE_FULL_PIPELINE,4,0.05696317899855785,9.762
STAGE_FULL_PIPELINE,4,0.10766909900121391,9.762
STAGE_FULL_PIPELINE,4,0.15820681900368072,19.154
STAGE_FULL_PIPELINE,4,0.21193343598861247,19.154
STAGE_FULL_PIPELINE,4,0.26310171699151397,10.06
STAGE_FULL_PIPELINE,4,0.31380900100339204,10.06
STAGE_FULL_PIPELINE,4,0.36431361400173046,10.043
STAGE_FULL_PIPELINE,4,0.4148831639904529,10.043
STAGE_FULL_PIPELINE,4,0.4654788399930112,10.042
STAGE_FULL_PIPELINE,4,0.5160150630108546,10.042
STAGE_FULL_PIPELINE,4,0.5665321029955521,10.022
STAGE_FULL_PIPELINE,4,0.6171215059875976,10.022
STAGE_FULL_PIPELINE,4,0.667591065983288,10.023
STAGE_FULL_PIPELINE,4,0.7181646999961231,10.023
STAGE_FULL_PIPELINE,4,0.7688016640022397,10.008
STAGE_FULL_PIPELINE,4,0.8195643530052621,10.317
STAGE_FULL_PIPELINE,4,0.8708382069889922,10.317
STAGE_FULL_PIPELINE,4,0.9266341569891665,10.004
STAGE_FULL_PIPELINE,4,0.9770578919851687,10.004
STAGE_FULL_PIPELINE,4,1.0276447770011146,10.002
STAGE_FULL_PIPELINE,4,1.078178599011153,10.002
STAGE_FULL_PIPELINE,4,1.1286802850081585,10.025
STAGE_FULL_PIPELINE,4,1.179165640991414,10.025
STAGE_FULL_PIPELINE,4,1.2299125700083096,12.639
STAGE_FULL_PIPELINE,4,1.283724531007465,12.639
STAGE_FULL_PIPELINE,4,1.3353762830083724,19.376
STAGE_FULL_PIPELINE,4,1.3867664620047435,19.376
STAGE_FULL_PIPELINE,4,1.4398697300057393,9.995
STAGE_FULL_PIPELINE,4,1.4904719819896854,9.995
STAGE_FULL_PIPELINE,4,1.5410175579891074,6.046
STAGE_FULL_PIPELINE,4,1.5927229920052923,6.046
STAGE_FULL_PIPELINE,4,1.6440548340033274,8.669
STAGE_FULL_PIPELINE,4,1.7074594069854356,8.669
STAGE_FULL_PIPELINE,4,1.75875817501219,10.632
STAGE_FULL_PIPELINE,4,1.8112465599842835,10.632
STAGE_FULL_PIPELINE,4,1.86273986499873,10.017
STAGE_FULL_PIPELINE,4,1.918666563986335,10.173
STAGE_FULL_PIPELINE,4,1.9699323610111605,10.173
STAGE_FULL_PIPELINE,4,2.025566775992047,10.048
STAGE_FULL_PIPELINE,4,2.0763706720026676,10.048
STAGE_FULL_PIPELINE,4,2.1268785299907904,10.003
STAGE_FULL_PIPELINE,4,2.177564962010365,10.003
STAGE_FULL_PIPELINE,4,2.228154534997884,10.373
STAGE_FULL_PIPELINE,4,2.281119694991503,10.373
STAGE_FULL_PIPELINE,4,2.332279363006819,10.136
STAGE_FULL_PIPELINE,4,2.382855711999582,10.136
STAGE_FULL_PIPELINE,4,2.4333988250000402,18.847
STAGE_FULL_PIPELINE,4,2.4845771609980147,18.847
STAGE_FULL_PIPELINE,4,2.5362849560042378,10.184
STAGE_FULL_PIPELINE,4,2.5869033219933044,10.184
STAGE_FULL_PIPELINE,4,2.6374687560019083,10.144
STAGE_FULL_PIPELINE,4,2.688146547006909,10.144
STAGE_FULL_PIPELINE,4,2.738961600989569,10.153
STAGE_FULL_PIPELINE,4,2.791643901000498,10.153
STAGE_FULL_PIPELINE,4,2.843096616998082,10.022
STAGE_FULL_PIPELINE,4,2.900924257992301,10.022
STAGE_FULL_PIPELINE,4,2.951673172006849,10.691
STAGE_FULL_PIPELINE,4,3.0046560000046156,10.691
STAGE_FULL_PIPELINE,4,3.056235880998429,10.152
STAGE_FULL_PIPELINE,4,3.1153828369861003,10.152
STAGE_FULL_PIPELINE,4,3.165781354997307,9.866
STAGE_FULL_PIPELINE,4,3.2200735679944046,10.061
STAGE_FULL_PIPELINE,4,3.2706399989838246,10.061
STAGE_FULL_PIPELINE,4,3.321209665009519,11.408
STAGE_FULL_PIPELINE,4,3.3773559069959447,11.408
STAGE_FULL_PIPELINE,4,3.428530478995526,10.085
STAGE_FULL_PIPELINE,4,3.4793525999994017,10.085
STAGE_FULL_PIPELINE,4,3.530041591002373,10.071
STAGE_FULL_PIPELINE,4,3.5806991439894773,10.071
STAGE_FULL_PIPELINE,4,3.6313020779925864,15.687
STAGE_FULL_PIPELINE,4,3.6828979539859574,15.687
STAGE_FULL_PIPELINE,4,3.733970125002088,10.054
STAGE_FULL_PIPELINE,4,3.7845314320002217,10.054
STAGE_FULL_PIPELINE,4,3.8350339620083105,10.024
STAGE_FULL_PIPELINE,4,3.8859358729969244,10.024
STAGE_FULL_PIPELINE,4,3.9364398639881983,10.069
STAGE_FULL_PIPELINE,4,3.9870297070010565,10.069
STAGE_FULL_PIPELINE,4,4.037966784992022,10.112
STAGE_FULL_PIPELINE,4,4.090536008996423,10.112
STAGE_FULL_PIPELINE,4,4.142009792994941,10.157
STAGE_FULL_PIPELINE,4,4.19251172998338,10.157
STAGE_FULL_PIPELINE,4,4.243118751997827,10.121
STAGE_FULL_PIPELINE,4,4.293711984006222,10.121
STAGE_FULL_PIPELINE,4,4.34432351301075,10.043
STAGE_FULL_PIPELINE,4,4.394751713989535,10.043
STAGE_FULL_PIPELINE,4,4.445328797999537,10.092
STAGE_FULL_PIPELINE,4,4.4962875559867825,10.092
STAGE_FULL_PIPELINE,4,4.5468700469937176,11.361
STAGE_FULL_PIPELINE,4,4.598525854002219,11.361
STAGE_FULL_PIPELINE,4,4.656220148986904,10.05
STAGE_FULL_PIPELINE,4,4.706983587006107,10.05
STAGE_FULL_PIPELINE,4,4.7576528700010385,10.095
STAGE_FULL_PIPELINE,4,4.808260222984245,10.095
STAGE_FULL_PIPELINE,4,4.858958374010399,10.067
STAGE_FULL_PIPELINE,4,4.909657087002415,10.067
STAGE_FULL_PIPELINE,4,4.9603039319918025,10.052
STAGE_FULL_PIPELINE,4,5.0108964719984215,10.052
STAGE_FULL_PIPELINE,4,5.061313148995396,10.062
STAGE_FULL_PIPELINE,4,5.1119746020121966,10.062
STAGE_FULL_PIPELINE,4,5.1624287409940735,10.056
STAGE_FULL_PIPELINE,4,5.213008842983982,10.056
STAGE_FULL_PIPELINE,4,5.263634514005389,10.213
STAGE_FULL_PIPELINE,4,5.31632331100991,10.213
STAGE_FULL_PIPELINE,4,5.368138546997216,10.142
STAGE_FULL_PIPELINE,4,5.418846638989635,10.173
STAGE_FULL_PIPELINE,4,5.469477665988961,10.173
STAGE_FULL_PIPELINE,4,5.520331303006969,10.156
STAGE_FULL_PIPELINE,4,5.571033713989891,10.156
STAGE_FULL_PIPELINE,4,5.628571289998945,11.207
STAGE_FULL_PIPELINE,4,5.680316431011306,11.207
STAGE_FULL_PIPELINE,4,5.732488340989221,10.075
STAGE_FULL_PIPELINE,4,5.7831289840105455,10.075
STAGE_FULL_PIPELINE,4,5.842275117000099,9.56
STAGE_FULL_PIPELINE,4,5.89347836500383,9.56
STAGE_FULL_PIPELINE,4,5.946985535993008,10.066
STAGE_FULL_PIPELINE,4,5.9975039919954725,10.066
STAGE_FULL_PIPELINE,4,6.0504264489864,10.12
STAGE_FULL_PIPELINE,4,6.101068800984649,10.12
STAGE_FULL_PIPELINE,4,6.151675561006414,10.126
STAGE_FULL_PIPELINE,4,6.202535674005048,10.126
STAGE_FULL_PIPELINE,4,6.253157934988849,10.128
STAGE_FULL_PIPELINE,4,6.303803262009751,10.128
STAGE_FULL_PIPELINE,4,6.35441856100806,10.114
STAGE_FULL_PIPELINE,4,6.4049442510004155,10.114
STAGE_FULL_PIPELINE,4,6.455799374001799,10.116
STAGE_FULL_PIPELINE,4,6.506523843010655,10.116
STAGE_FULL_PIPELINE,4,6.557629896007711,10.113
STAGE_FULL_PIPELINE,4,6.608092578011565,10.113
STAGE_FULL_PIPELINE,4,6.658566633996088,10.115
STAGE_FULL_PIPELINE,4,6.7091183890006505,10.115
STAGE_FULL_PIPELINE,4,6.759816557983868,10.113
STAGE_FULL_PIPELINE,4,6.810387423000066,10.113
STAGE_FULL_PIPELINE,4,6.86109696800122,10.107
STAGE_FULL_PIPELINE,4,6.911752624990186,10.107
STAGE_FULL_PIPELINE,4,6.9622619269939605,10.107
STAGE_FULL_PIPELINE,4,7.012811557011446,10.107
STAGE_FULL_PIPELINE,4,7.063684883003589,10.112
STAGE_FULL_PIPELINE,4,7.114406851993408,10.112
STAGE_FULL_PIPELINE,4,7.164944699994521,10.1
STAGE_FULL_PIPELINE,4,7.21563856001012,10.1
STAGE_FULL_PIPELINE,4,7.266654075996485,10.562
STAGE_FULL_PIPELINE,4,7.322548884985736,10.14
STAGE_FULL_PIPELINE,4,7.373081211990211,10.14
STAGE_FULL_PIPELINE,4,7.424050334986532,10.12
STAGE_FULL_PIPELINE,4,7.474696827004664,10.12
STAGE_FULL_PIPELINE,4,7.525531986990245,10.096
STAGE_FULL_PIPELINE,4,7.57613532198593,10.096
STAGE_FULL_PIPELINE,4,7.626709269999992,10.085
STAGE_FULL_PIPELINE,4,7.677239228010876,10.085
STAGE_FULL_PIPELINE,4,7.727673727989895,10.091
STAGE_FULL_PIPELINE,4,7.778303758008406,10.091
STAGE_FULL_PIPELINE,4,7.829073906003032,10.083
STAGE_FULL_PIPELINE,4,7.879690187983215,10.083
STAGE_FULL_PIPELINE,4,7.930680789984763,10.08
STAGE_FULL_PIPELINE,4,7.9812858430086635,10.08
STAGE_FULL_PIPELINE,4,8.031874264008366,10.077
STAGE_FULL_PIPELINE,4,8.082594250008697,10.077
STAGE_FULL_PIPELINE,4,8.133247721008956,10.07
STAGE_FULL_PIPELINE,4,8.18385870300699,10.07
STAGE_FULL_PIPELINE,4,8.234501475992147,10.071
STAGE_FULL_PIPELINE,4,8.285201304999646,10.071
STAGE_FULL_PIPELINE,4,8.335860229999525,10.069
STAGE_FULL_PIPELINE,4,8.386440417991253,10.069
STAGE_FULL_PIPELINE,4,8.437278664001497,10.059
STAGE_FULL_PIPELINE,4,8.487757494993275,10.059
STAGE_FULL_PIPELINE,4,8.538330045994371,19.179
STAGE_FULL_PIPELINE,4,8.595260069996584,19.179
STAGE_FULL_PIPELINE,4,8.646603361994494,9.939
STAGE_FULL_PIPELINE,4,8.697048581991112,9.939
STAGE_FULL_PIPELINE,4,8.747451153991278,10.016
STAGE_FULL_PIPELINE,4,8.798096749989782,10.016
STAGE_FULL_PIPELINE,4,8.848665752011584,9.098
STAGE_FULL_PIPELINE,4,8.89999000899843,9.098
STAGE_FULL_PIPELINE,4,8.957206841005245,10.29
STAGE_FULL_PIPELINE,4,9.008500669995556,10.29
STAGE_FULL_PIPELINE,4,9.060859944991535,10.042
STAGE_FULL_PIPELINE,4,9.111358068999834,10.042
STAGE_FULL_PIPELINE,4,9.161751946987351,10.05
STAGE_FULL_PIPELINE,4,9.230114814010449,10.477
STAGE_FULL_PIPELINE,4,9.281462605984416,10.477
STAGE_FULL_PIPELINE,4,9.33366594198742,10.048
STAGE_FULL_PIPELINE,4,9.384213506011292,10.048
STAGE_FULL_PIPELINE,4,9.434895317011978,10.072
STAGE_FULL_PIPELINE,4,9.485548953001853,10.072
STAGE_FULL_PIPELINE,4,9.536286718997872,10.098
STAGE_FULL_PIPELINE,4,9.58695345898741,10.098
STAGE_FULL_PIPELINE,4,9.63766664499417,9.243
STAGE_FULL_PIPELINE,4,9.689048131986056,9.243
STAGE_FULL_PIPELINE,4,9.74046588598867,10.137
STAGE_FULL_PIPELINE,4,9.791261467995355,10.137
STAGE_FULL_PIPELINE,4,9.841859278996708,19.219
STAGE_FULL_PIPELINE,4,9.893817718984792,19.219
STAGE_FULL_PIPELINE,4,9.945078924996778,10.061
STAGE_FULL_PIPELINE,4,9.995974404009758,10.061
STAGE_FULL_PIPELINE,4,10.046486025996273,10.059
STAGE_FULL_PIPELINE,4,10.09718217299087,10.059
STAGE_FULL_PIPELINE,4,10.147865953011205,10.094
STAGE_FULL_PIPELINE,4,10.198604831995908,10.094
STAGE_FULL_PIPELINE,4,10.249458482983755,10.089
STAGE_FULL_PIPELINE,4,10.30277055100305,10.089
STAGE_FULL_PIPELINE,4,10.353384563000873,10.717
STAGE_FULL_PIPELINE,4,10.421567249984946,9.574
STAGE_FULL_PIPELINE,4,10.473030299996026,9.574
STAGE_FULL_PIPELINE,4,10.525590001983801,10.104
STAGE_FULL_PIPELINE,4,10.576183956000023,10.104
STAGE_FULL_PIPELINE,4,10.626667548989644,10.092
STAGE_FULL_PIPELINE,4,10.677151579991914,10.092
STAGE_FULL_PIPELINE,4,10.727765132993227,10.101
STAGE_FULL_PIPELINE,4,10.778517300001113,10.101
STAGE_FULL_PIPELINE,4,10.82909176000976,10.097
STAGE_FULL_PIPELINE,4,10.879745295998873,10.097
STAGE_FULL_PIPELINE,4,10.930583635985386,10.083
STAGE_FULL_PIPELINE,4,10.981514224986313,10.083
STAGE_FULL_PIPELINE,4,11.031963677989552,10.084
STAGE_FULL_PIPELINE,4,11.082664129993645,10.084
STAGE_FULL_PIPELINE,4,11.133415126998443,10.078
STAGE_FULL_PIPELINE,4,11.184032426011981,10.078
STAGE_FULL_PIPELINE,4,11.234557941003004,10.075
STAGE_FULL_PIPELINE,4,11.285208188986871,10.075
STAGE_FULL_PIPELINE,4,11.335901279002428,10.079
STAGE_FULL_PIPELINE,4,11.386516742000822,10.079
STAGE_FULL_PIPELINE,4,11.43737324900576,10.086
STAGE_FULL_PIPELINE,4,11.488082516007125,10.086
STAGE_FULL_PIPELINE,4,11.538678534008795,10.073
STAGE_FULL_PIPELINE,4,11.589492308994522,10.073
STAGE_FULL_PIPELINE,4,11.639995048986748,10.075
STAGE_FULL_PIPELINE,4,11.690564254007768,10.075
STAGE_FULL_PIPELINE,4,11.741118112986442,10.07
STAGE_FULL_PIPELINE,4,11.791881167009706,10.07
STAGE_FULL_PIPELINE,4,11.842565578990616,10.066
STAGE_FULL_PIPELINE,4,11.893062496004859,10.066
STAGE_FULL_PIPELINE,4,11.943729232996702,10.063
STAGE_FULL_PIPELINE,4,11.994354622991523,10.063
STAGE_FULL_PIPELINE,4,12.044989980000537,10.065
STAGE_FULL_PIPELINE,4,12.09557142999256,10.065
STAGE_FULL_PIPELINE,4,12.146137195988558,10.06
STAGE_FULL_PIPELINE,4,12.196683946007397,10.06
STAGE_FULL_PIPELINE,4,12.247256251983345,10.063
STAGE_FULL_PIPELINE,4,12.297896467993269,10.063
STAGE_FULL_PIPELINE,4,12.348427121993154,10.06
STAGE_FULL_PIPELINE,4,12.398945714987349,10.06
STAGE_FULL_PIPELINE,4,12.449555489001796,10.055
STAGE_FULL_PIPELINE,4,12.500076322001405,10.055
STAGE_FULL_PIPELINE,4,12.550584718992468,10.044
STAGE_FULL_PIPELINE,4,12.601063156005694,10.044
STAGE_FULL_PIPELINE,4,12.65181851098896,10.047
STAGE_FULL_PIPELINE,4,12.702398880996043,10.047
STAGE_FULL_PIPELINE,4,12.753054583008634,10.036
STAGE_FULL_PIPELINE,4,12.803580723004416,10.036
STAGE_FULL_PIPELINE,4,12.854121651005698,10.035
STAGE_FULL_PIPELINE,4,12.904646779003087,10.035
STAGE_FULL_PIPELINE,4,12.95510104400455,10.039
STAGE_FULL_PIPELINE,4,13.005651482992107,10.039
STAGE_FULL_PIPELINE,4,13.05605474699405,9.577
STAGE_FULL_PIPELINE,4,13.107261480996385,9.577
STAGE_FULL_PIPELINE,4,13.162176176003413,10.068
STAGE_FULL_PIPELINE,4,13.21281410800293,10.068
STAGE_FULL_PIPELINE,4,13.263457485998515,10.429
STAGE_FULL_PIPELINE,4,13.32058636500733,10.054
STAGE_FULL_PIPELINE,4,13.371145577984862,10.054
STAGE_FULL_PIPELINE,4,13.421757295000134,10.044
STAGE_FULL_PIPELINE,4,13.472269919002429,10.044
STAGE_FULL_PIPELINE,4,13.52268825500505,9.852
STAGE_FULL_PIPELINE,4,13.574220737005817,9.852
STAGE_FULL_PIPELINE,4,13.627014481986407,10.092
STAGE_FULL_PIPELINE,4,13.677684367983602,10.092
STAGE_FULL_PIPELINE,4,13.728302037983667,10.089
STAGE_FULL_PIPELINE,4,13.77876407999429,10.089
STAGE_FULL_PIPELINE,4,13.829186679009581,9.978
STAGE_FULL_PIPELINE,4,13.89594741500332,9.978
STAGE_FULL_PIPELINE,4,13.947302032000152,9.465
STAGE_FULL_PIPELINE,4,13.99855478698737,9.465
STAGE_FULL_PIPELINE,4,14.050338795990683,10.281
STAGE_FULL_PIPELINE,4,14.102029387984658,10.281
STAGE_FULL_PIPELINE,4,14.160634302999824,10.098
STAGE_FULL_PIPELINE,4,14.215860436990624,9.386
STAGE_FULL_PIPELINE,4,14.266903310985072,9.738
STAGE_FULL_PIPELINE,4,14.333654557005502,10.604
STAGE_FULL_PIPELINE,4,14.385104683984537,10.604
STAGE_FULL_PIPELINE,4,14.437663004995557,10.049
STAGE_FULL_PIPELINE,4,14.488168565003434,10.049
STAGE_FULL_PIPELINE,4,14.538764292985434,10.05
STAGE_FULL_PIPELINE,4,14.589350658992771,10.05
STAGE_FULL_PIPELINE,4,14.639977096987423,8.355
STAGE_FULL_PIPELINE,4,14.694849090999924,8.355
STAGE_FULL_PIPELINE,4,14.746273519995157,10.085
STAGE_FULL_PIPELINE,4,14.797037654992891,10.085
STAGE_FULL_PIPELINE,4,14.847727426997153,10.047
STAGE_FULL_PIPELINE,4,14.898326497001108,10.047
STAGE_FULL_PIPELINE,4,14.949176116992021,10.048
STAGE_FULL_PIPELINE,4,14.99976951899589,10.048
STAGE_FULL_PIPELINE,4,15.050294893007958,10.999
STAGE_FULL_PIPELINE,4,15.101481343997875,10.999
STAGE_FULL_PIPELINE,4,15.153942622011527,9.884
STAGE_FULL_PIPELINE,4,15.205375335004646,9.884
STAGE_FULL_PIPELINE,4,15.25718598801177,10.075
STAGE_FULL_PIPELINE,4,15.307777381996857,10.075
STAGE_FULL_PIPELINE,4,15.358244481001748,10.326
STAGE_FULL_PIPELINE,4,15.411381045996677,10.326
STAGE_FULL_PIPELINE,4,15.46280803901027,10.042
STAGE_FULL_PIPELINE,4,15.513599108991912,10.042
STAGE_FULL_PIPELINE,4,15.56423309200909,10.099
STAGE_FULL_PIPELINE,4,15.614732037996873,9.437
STAGE_FULL_PIPELINE,4,15.667488965991652,9.437
STAGE_FULL_PIPELINE,4,15.718826483993325,10.096
STAGE_FULL_PIPELINE,4,15.76944213200477,10.096
STAGE_FULL_PIPELINE,4,15.82008664199384,10.053
STAGE_FULL_PIPELINE,4,15.870648568990873,10.053
STAGE_FULL_PIPELINE,4,15.921387298993068,10.17
STAGE_FULL_PIPELINE,4,15.97270239100908,10.17
STAGE_FULL_PIPELINE,4,16.02450701399357,10.081
STAGE_FULL_PIPELINE,4,16.075139149994357,10.081
STAGE_FULL_PIPELINE,4,16.12563843600219,10.062
STAGE_FULL_PIPELINE,4,16.176271653006552,10.062
STAGE_FULL_PIPELINE,4,16.22679830400739,10.094
STAGE_FULL_PIPELINE,4,16.277215248002904,10.094
STAGE_FULL_PIPELINE,4,16.32796811099979,10.115
STAGE_FULL_PIPELINE,4,16.378486016998067,10.115
STAGE_FULL_PIPELINE,4,16.429066053999122,10.324
STAGE_FULL_PIPELINE,4,16.483972585003357,11.466
STAGE_FULL_PIPELINE,4,16.537465302011697,9.106
STAGE_FULL_PIPELINE,4,16.588900344009744,9.106
STAGE_FULL_PIPELINE,4,16.640850111987675,10.072
STAGE_FULL_PIPELINE,4,16.69152498600306,10.072
STAGE_FULL_PIPELINE,4,16.74212432198692,10.297
STAGE_FULL_PIPELINE,4,16.794430173991714,10.297
STAGE_FULL_PIPELINE,4,16.845788261998678,10.041
STAGE_FULL_PIPELINE,4,16.89617554700817,10.041
STAGE_FULL_PIPELINE,4,16.946873734006658,8.446
STAGE_FULL_PIPELINE,4,16.99812398001086,8.446
STAGE_FULL_PIPELINE,4,17.05064877998666,10.046
STAGE_FULL_PIPELINE,4,17.101076500985073,10.046
STAGE_FULL_PIPELINE,4,17.151664128003176,10.305
STAGE_FULL_PIPELINE,4,17.204623219004134,10.305
STAGE_FULL_PIPELINE,4,17.25595751599758,10.076
STAGE_FULL_PIPELINE,4,17.306578866002383,10.076
STAGE_FULL_PIPELINE,4,17.35708324299776,10.064
STAGE_FULL_PIPELINE,4,17.40764055098407,10.064
STAGE_FULL_PIPELINE,4,17.458236256992677,9.361
STAGE_FULL_PIPELINE,4,17.50945971198962,9.361
STAGE_FULL_PIPELINE,4,17.563361465989146,10.05
STAGE_FULL_PIPELINE,4,17.61389222901198,10.05
STAGE_FULL_PIPELINE,4,17.66454488999443,10.115
STAGE_FULL_PIPELINE,4,17.715129644988338,8.967
STAGE_FULL_PIPELINE,4,17.76649681199342,8.967
STAGE_FULL_PIPELINE,4,17.81980604500859,10.052
STAGE_FULL_PIPELINE,4,17.870443813997554,10.052
STAGE_FULL_PIPELINE,4,17.92969411399099,9.992
STAGE_FULL_PIPELINE,4,17.981602555984864,10.025
STAGE_FULL_PIPELINE,4,18.03316396800801,10.29
STAGE_FULL_PIPELINE,4,18.084410635987297,10.29
STAGE_FULL_PIPELINE,4,18.13562738400651,10.085
STAGE_FULL_PIPELINE,4,18.186402315011946,10.085
STAGE_FULL_PIPELINE,4,18.23704089500825,7.333
STAGE_FULL_PIPELINE,4,18.29070484699332,7.333
STAGE_FULL_PIPELINE,4,18.342081898998003,9.948
STAGE_FULL_PIPELINE,4,18.39347091698437,9.948
STAGE_FULL_PIPELINE,4,18.446362241986208,10.173
STAGE_FULL_PIPELINE,4,18.496789302007528,10.173
STAGE_FULL_PIPELINE,4,18.54738855100004,10.123
STAGE_FULL_PIPELINE,4,18.598008747998392,10.123
STAGE_FULL_PIPELINE,4,18.648649670009036,13.053
STAGE_FULL_PIPELINE,4,18.70023697699071,13.053
STAGE_FULL_PIPELINE,4,18.751789556001313,9.049
STAGE_FULL_PIPELINE,4,18.803547138988506,9.049
STAGE_FULL_PIPELINE,4,18.854975572990952,9.814
STAGE_FULL_PIPELINE,4,18.906173133000266,9.814
STAGE_FULL_PIPELINE,4,18.962328649999108,10.277
STAGE_FULL_PIPELINE,4,19.01363560601021,10.119
STAGE_FULL_PIPELINE,4,19.06416602799436,10.119
STAGE_FULL_PIPELINE,4,19.114686510001775,9.061
STAGE_FULL_PIPELINE,4,19.166030043008504,9.061
STAGE_FULL_PIPELINE,4,19.220940552011598,10.082
STAGE_FULL_PIPELINE,4,19.271419636002975,10.082
STAGE_FULL_PIPELINE,4,19.321992902987404,10.186
STAGE_FULL_PIPELINE,4,19.37685347298975,10.186
STAGE_FULL_PIPELINE,4,19.428022778010927,10.119
STAGE_FULL_PIPELINE,4,19.47854926099535,10.119
STAGE_FULL_PIPELINE,4,19.529120193998097,7.35
STAGE_FULL_PIPELINE,4,19.58111769199604,7.35
STAGE_FULL_PIPELINE,4,19.633242913987488,10.09
STAGE_FULL_PIPELINE,4,19.683645821001846,10.09
STAGE_FULL_PIPELINE,4,19.73428090600646,18.306
STAGE_FULL_PIPELINE,4,19.79276351298904,18.306
STAGE_FULL_PIPELINE,4,19.84401067098952,9.908
STAGE_FULL_PIPELINE,4,19.895203396998113,9.908
STAGE_FULL_PIPELINE,4,19.94564851000905,10.036
STAGE_FULL_PIPELINE,4,19.99604154599365,10.036
STAGE_FULL_PIPELINE,4,20.046687738009496,9.604
STAGE_FULL_PIPELINE,4,20.09828600101173,9.604
STAGE_FULL_PIPELINE,4,20.150635750993388,10.087
STAGE_FULL_PIPELINE,4,20.201619300991297,10.087
STAGE_FULL_PIPELINE,4,20.252245673997095,10.102
STAGE_FULL_PIPELINE,4,20.302874565008096,10.102
STAGE_FULL_PIPELINE,4,20.353418910992332,10.122
STAGE_FULL_PIPELINE,4,20.404208738007583,10.122
STAGE_FULL_PIPELINE,4,20.454795555007877,10.135
STAGE_FULL_PIPELINE,4,20.50553067898727,10.135
STAGE_FULL_PIPELINE,4,20.55618595899432,10.144
STAGE_FULL_PIPELINE,4,20.606921755999792,10.144
STAGE_FULL_PIPELINE,4,20.657733097003074,10.142
STAGE_FULL_PIPELINE,4,20.708304448984563,10.142
STAGE_FULL_PIPELINE,4,20.758814095985144,10.139
STAGE_FULL_PIPELINE,4,20.809222050011158,10.139
STAGE_FULL_PIPELINE,4,20.859861625009216,10.137
STAGE_FULL_PIPELINE,4,20.910397141997237,10.137
STAGE_FULL_PIPELINE,4,20.960988078993978,10.136
STAGE_FULL_PIPELINE,4,21.01155646200641,10.136
STAGE_FULL_PIPELINE,4,21.062277118006023,10.139
STAGE_FULL_PIPELINE,4,21.112849102006294,10.13
STAGE_FULL_PIPELINE,4,21.163434566988144,10.13
STAGE_FULL_PIPELINE,4,21.213952213001903,10.137
STAGE_FULL_PIPELINE,4,21.264477430988336,10.137
STAGE_FULL_PIPELINE,4,21.31503430000157,10.133
STAGE_FULL_PIPELINE,4,21.36558048898587,10.133
STAGE_FULL_PIPELINE,4,21.41616125399014,10.125
STAGE_FULL_PIPELINE,4,21.46689941699151,10.125
STAGE_FULL_PIPELINE,4,21.517695015994832,10.121
STAGE_FULL_PIPELINE,4,21.56831104500452,10.121
STAGE_FULL_PIPELINE,4,21.618769625987625,10.113
STAGE_FULL_PIPELINE,4,21.669259527989198,10.113
STAGE_FULL_PIPELINE,4,21.719886621984188,10.111
STAGE_FULL_PIPELINE,4,21.77050832399982,10.111
STAGE_FULL_PIPELINE,4,21.821292829001322,10.105
STAGE_FULL_PIPELINE,4,21.87187149899546,10.105
STAGE_FULL_PIPELINE,4,21.9225081980112,10.104
STAGE_FULL_PIPELINE,4,21.973606930987444,10.104
STAGE_FULL_PIPELINE,4,22.024265694984933,10.111
STAGE_FULL_PIPELINE,4,22.074838731001364,10.111
STAGE_FULL_PIPELINE,4,22.125760839000577,10.088
STAGE_FULL_PIPELINE,4,22.176322515006177,10.088
STAGE_FULL_PIPELINE,4,22.227038026001537,10.09
STAGE_FULL_PIPELINE,4,22.277653648983687,10.09
STAGE_FULL_PIPELINE,4,22.328480742988177,10.088
STAGE_FULL_PIPELINE,4,22.37894001600216,10.088
STAGE_FULL_PIPELINE,4,22.42958528600866,10.082
STAGE_FULL_PIPELINE,4,22.480303485994227,10.082
STAGE_FULL_PIPELINE,4,22.530720940994797,10.079
STAGE_FULL_PIPELINE,4,22.581248962000245,10.079
STAGE_FULL_PIPELINE,4,22.6317661840003,10.079
STAGE_FULL_PIPELINE,4,22.682306444010464,10.079
STAGE_FULL_PIPELINE,4,22.73301593499491,10.075
STAGE_FULL_PIPELINE,4,22.783506754989503,10.075
STAGE_FULL_PIPELINE,4,22.834076856990578,10.078
STAGE_FULL_PIPELINE,4,22.88463296898408,10.078
STAGE_FULL_PIPELINE,4,22.935516141995322,10.075
STAGE_FULL_PIPELINE,4,22.986031584994635,10.075
STAGE_FULL_PIPELINE,4,23.036696161987493,10.081
STAGE_FULL_PIPELINE,4,23.087355274008587,10.081
STAGE_FULL_PIPELINE,4,23.137903560011182,10.082
STAGE_FULL_PIPELINE,4,23.188836290006293,10.082
STAGE_FULL_PIPELINE,4,23.2394614359946,10.087
STAGE_FULL_PIPELINE,4,23.290192860004026,10.087
STAGE_FULL_PIPELINE,4,23.34097392798867,10.09
STAGE_FULL_PIPELINE,4,23.391671722987667,10.09
STAGE_FULL_PIPELINE,4,23.442316894012038,10.097
STAGE_FULL_PIPELINE,4,23.493158675002633,10.097
STAGE_FULL_PIPELINE,4,23.543784503999632,10.102
STAGE_FULL_PIPELINE,4,23.5944932650018,10.102
STAGE_FULL_PIPELINE,4,23.644895037985407,10.103
STAGE_FULL_PIPELINE,4,23.69560681199073,10.103
STAGE_FULL_PIPELINE,4,23.746156604989665,10.101
STAGE_FULL_PIPELINE,4,23.79666706098942,10.101
STAGE_FULL_PIPELINE,4,23.84721916099079,10.1
STAGE_FULL_PIPELINE,4,23.8979001629923,10.1
STAGE_FULL_PIPELINE,4,23.948618491005618,10.102
STAGE_FULL_PIPELINE,4,23.999286304984707,10.102
STAGE_FULL_PIPELINE,4,24.049907123990124,10.102
STAGE_FULL_PIPELINE,4,24.100501314009307,10.102
STAGE_FULL_PIPELINE,4,24.151260977989295,10.109
STAGE_FULL_PIPELINE,4,24.20183360899682,10.109
STAGE_FULL_PIPELINE,4,24.252390589012066,10.106
STAGE_FULL_PIPELINE,4,24.303237837011693,10.106
STAGE_FULL_PIPELINE,4,24.353944567003055,10.101
STAGE_FULL_PIPELINE,4,24.404467190994183,10.101
STAGE_FULL_PIPELINE,4,24.455243454984156,10.101
STAGE_FULL_PIPELINE,4,24.50628045600024,10.101
STAGE_FULL_PIPELINE,4,24.556990652985405,10.095
STAGE_FULL_PIPELINE,4,24.60771411799942,10.095
STAGE_FULL_PIPELINE,4,24.65822150898748,10.092
STAGE_FULL_PIPELINE,4,24.708723724004813,10.092
STAGE_FULL_PIPELINE,4,24.759246854984667,10.091
STAGE_FULL_PIPELINE,4,24.81013672600966,10.091
STAGE_FULL_PIPELINE,4,24.860746282007312,10.091
STAGE_FULL_PIPELINE,4,24.911399586999323,10.091
STAGE_FULL_PIPELINE,4,24.962299648992484,10.089
STAGE_FULL_PIPELINE,4,25.01284809500794,10.089
STAGE_FULL_PIPELINE,4,25.063733562012203,10.081
STAGE_FULL_PIPELINE,4,25.114338170009432,10.08
STAGE_FULL_PIPELINE,4,25.165055913006654,10.08
STAGE_FULL_PIPELINE,4,25.215892895997968,10.077
STAGE_FULL_PIPELINE,4,25.266380619985284,10.077
STAGE_FULL_PIPELINE,4,25.317075039987685,10.076
STAGE_FULL_PIPELINE,4,25.36799054100993,10.076
STAGE_FULL_PIPELINE,4,25.41855468499125,10.079
STAGE_FULL_PIPELINE,4,25.46947870499571,10.079
STAGE_FULL_PIPELINE,4,25.519993742986117,10.081
STAGE_FULL_PIPELINE,4,25.57053333899239,10.081
STAGE_FULL_PIPELINE,4,25.621229934011353,10.083
STAGE_FULL_PIPELINE,4,25.67211727198446,10.083
STAGE_FULL_PIPELINE,4,25.722793102992,10.086
STAGE_FULL_PIPELINE,4,25.773306466988288,10.086
STAGE_FULL_PIPELINE,4,25.824293523997767,10.089
STAGE_FULL_PIPELINE,4,25.874763647996588,10.089
STAGE_FULL_PIPELINE,4,25.925415067002177,10.093
STAGE_FULL_PIPELINE,4,25.97600483399583,10.093
STAGE_FULL_PIPELINE,4,26.026594639988616,10.103
STAGE_FULL_PIPELINE,4,26.077505258988822,10.103
STAGE_FULL_PIPELINE,4,26.12798740400467,10.104
STAGE_FULL_PIPELINE,4,26.17862012499245,10.104
STAGE_FULL_PIPELINE,4,26.22953375300858,10.109
STAGE_FULL_PIPELINE,4,26.280093912006123,10.109
STAGE_FULL_PIPELINE,4,26.330750905006425,10.105
STAGE_FULL_PIPELINE,4,26.38138386598439,10.105
STAGE_FULL_PIPELINE,4,26.43204204799258,10.106
STAGE_FULL_PIPELINE,4,26.482598031987436,10.106
STAGE_FULL_PIPELINE,4,26.53321713898913,10.1
STAGE_FULL_PIPELINE,4,26.583772671001498,10.1
STAGE_FULL_PIPELINE,4,26.634289245004766,10.093
STAGE_FULL_PIPELINE,4,26.685144854011014,10.093
STAGE_FULL_PIPELINE,4,26.735740534000797,10.093
STAGE_FULL_PIPELINE,4,26.78621930500958,10.093
STAGE_FULL_PIPELINE,4,26.836905775999185,10.086
STAGE_FULL_PIPELINE,4,26.88749882398406,10.086
STAGE_FULL_PIPELINE,4,26.937959433998913,10.088
STAGE_FULL_PIPELINE,4,26.98859262498445,10.088
STAGE_FULL_PIPELINE,4,27.03939684998477,10.072
STAGE_FULL_PIPELINE,4,27.09011442598421,10.072
STAGE_FULL_PIPELINE,4,27.14067414100282,10.075
STAGE_FULL_PIPELINE,4,27.191681670985417,10.075
STAGE_FULL_PIPELINE,4,27.242361201002495,10.072
STAGE_FULL_PIPELINE,4,27.292850338999415,10.072
STAGE_FULL_PIPELINE,4,27.34337033200427,10.073
STAGE_FULL_PIPELINE,4,27.394077918987023,10.073
STAGE_FULL_PIPELINE,4,27.44466217700392,10.073
STAGE_FULL_PIPELINE,4,27.495068788994104,10.073
STAGE_FULL_PIPELINE,4,27.545600288984133,10.077
STAGE_FULL_PIPELINE,4,27.596349811996333,10.077
STAGE_FULL_PIPELINE,4,27.647063855984015,10.086
STAGE_FULL_PIPELINE,4,27.697738074988592,10.086
STAGE_FULL_PIPELINE,4,27.748285070003476,10.087
STAGE_FULL_PIPELINE,4,27.798999822989572,10.087
STAGE_FULL_PIPELINE,4,27.8495607470104,10.085
STAGE_FULL_PIPELINE,4,27.90018166700611,10.085
STAGE_FULL_PIPELINE,4,27.950879568990786,10.086
STAGE_FULL_PIPELINE,4,28.00143760998617,10.086
STAGE_FULL_PIPELINE,4,28.052113265002845,10.086
STAGE_FULL_PIPELINE,4,28.102825873007532,10.086
STAGE_FULL_PIPELINE,4,28.15342857199721,10.091
STAGE_FULL_PIPELINE,4,28.20390323898755,10.091
STAGE_FULL_PIPELINE,4,28.2544881629874,10.087
STAGE_FULL_PIPELINE,4,28.305054559983546,10.087
STAGE_FULL_PIPELINE,4,28.35565271700034,10.087
STAGE_FULL_PIPELINE,4,28.406896934000542,10.087
STAGE_FULL_PIPELINE,4,28.45756970398361,10.087
STAGE_FULL_PIPELINE,4,28.508169073000317,10.087
STAGE_FULL_PIPELINE,4,28.55875115399249,10.081
STAGE_FULL_PIPELINE,4,28.60913356600213,10.081
STAGE_FULL_PIPELINE,4,28.659651271998882,10.079
STAGE_FULL_PIPELINE,4,28.710062006983208,9.706
STAGE_FULL_PIPELINE,4,28.76118198799668,10.479
STAGE_FULL_PIPELINE,4,28.812312130001374,9.995
STAGE_FULL_PIPELINE,4,28.868387149006594,11.346
STAGE_FULL_PIPELINE,4,28.921998981997604,9.594
STAGE_FULL_PIPELINE,4,28.973767290997785,10.807
STAGE_FULL_PIPELINE,4,29.025446971994825,9.17
STAGE_FULL_PIPELINE,4,29.082841130002635,10.141
STAGE_FULL_PIPELINE,4,29.134444461989915,10.174
STAGE_FULL_PIPELINE,4,29.18570098199416,10.174
STAGE_FULL_PIPELINE,4,29.239226592995692,10.166
STAGE_FULL_PIPELINE,4,29.29594980800175,10.166
STAGE_FULL_PIPELINE,4,29.346735961997183,6.591
STAGE_FULL_PIPELINE,4,29.39787227899069,8.804
STAGE_FULL_PIPELINE,4,29.465649969002698,8.804
STAGE_FULL_PIPELINE,4,29.516814127011457,10.185
STAGE_FULL_PIPELINE,4,29.567422255990095,10.185
STAGE_FULL_PIPELINE,4,29.617921395984013,10.157
STAGE_FULL_PIPELINE,4,29.678825932001928,10.157
STAGE_FULL_PIPELINE,4,29.729253647004953,9.333
STAGE_FULL_PIPELINE,4,29.784206190000987,9.333
STAGE_FULL_PIPELINE,4,29.835596744989743,10.115
STAGE_FULL_PIPELINE,4,29.886090246989625,10.115
STAGE_FULL_PIPELINE,4,29.93653939300566,10.125
STAGE_FULL_PIPELINE,4,29.98698427999625,10.125
STAGE_MODEL_THRESHOLD,4,0.0009264479740522802,10.101
STAGE_MODEL_THRESHOLD,4,0.05138671398162842,10.101
STAGE_MODEL_THRESHOLD,4,0.1018827359948773,9.032
STAGE_MODEL_THRESHOLD,4,0.1533812139823567,9.032
STAGE_MODEL_THRESHOLD,4,0.20603370599565096,10.21
STAGE_MODEL_THRESHOLD,4,0.2566777739848476,10.21
STAGE_MODEL_THRESHOLD,4,0.30727730999933556,10.156
STAGE_MODEL_THRESHOLD,4,0.3596263520012144,10.156
STAGE_MODEL_THRESHOLD,4,0.4111123549810145,10.096
STAGE_MODEL_THRESHOLD,4,0.461688746989239,10.096
STAGE_MODEL_THRESHOLD,4,0.5122566499921959,10.059
STAGE_MODEL_THRESHOLD,4,0.5628533119743224,10.059
STAGE_MODEL_THRESHOLD,4,0.6135037899948657,10.05
STAGE_MODEL_THRESHOLD,4,0.6641254059795756,10.05
STAGE_MODEL_THRESHOLD,4,0.7146080949751195,18.549
STAGE_MODEL_THRESHOLD,4,0.7659733479958959,18.549
STAGE_MODEL_THRESHOLD,4,0.8194486989814322,9.149
STAGE_MODEL_THRESHOLD,4,0.8700030179752503,9.149
STAGE_MODEL_THRESHOLD,4,0.9204598829965107,9.548
STAGE_MODEL_THRESHOLD,4,0.9794607429939788,10.025
STAGE_MODEL_THRESHOLD,4,1.03033723399858,10.025
STAGE_MODEL_THRESHOLD,4,1.080806625977857,9.672
STAGE_MODEL_THRESHOLD,4,1.1344266169762705,10.222
STAGE_MODEL_THRESHOLD,4,1.189716522989329,10.044
STAGE_MODEL_THRESHOLD,4,1.2410535219823942,10.044
STAGE_MODEL_THRESHOLD,4,1.2927411439886782,10.112
STAGE_MODEL_THRESHOLD,4,1.3431525319756474,10.112
STAGE_MODEL_THRESHOLD,4,1.3935370619874448,9.372
STAGE_MODEL_THRESHOLD,4,1.4465931289887521,9.372
STAGE_MODEL_THRESHOLD,4,1.4980249639775138,10.027
STAGE_MODEL_THRESHOLD,4,1.5484841219731607,10.027
STAGE_MODEL_THRESHOLD,4,1.5989322669920512,10.066
STAGE_MODEL_THRESHOLD,4,1.6495284919801634,10.066
STAGE_MODEL_THRESHOLD,4,1.7164745169866364,6.735
STAGE_MODEL_THRESHOLD,4,1.767839231994003,6.735
STAGE_MODEL_THRESHOLD,4,1.8217083849885967,10.065
STAGE_MODEL_THRESHOLD,4,1.8722071669762954,16.17
STAGE_MODEL_THRESHOLD,4,1.9385301289730705,16.17
STAGE_MODEL_THRESHOLD,4,1.9897795829747338,9.261
STAGE_MODEL_THRESHOLD,4,2.0404050259967335,9.261
STAGE_MODEL_THRESHOLD,4,2.090985634975368,9.706
STAGE_MODEL_THRESHOLD,4,2.1415601189946756,9.706
STAGE_MODEL_THRESHOLD,4,2.192179084988311,9.834
STAGE_MODEL_THRESHOLD,4,2.2428162769938353,9.834
STAGE_MODEL_THRESHOLD,4,2.293385576980654,9.893
STAGE_MODEL_THRESHOLD,4,2.343959723977605,9.893
STAGE_MODEL_THRESHOLD,4,2.3943990119732916,10.096
STAGE_MODEL_THRESHOLD,4,2.4468893879966345,10.096
STAGE_MODEL_THRESHOLD,4,2.504818807996344,10.026
STAGE_MODEL_THRESHOLD,4,2.5553571269847453,10.026
STAGE_MODEL_THRESHOLD,4,2.6060044289915822,9.034
STAGE_MODEL_THRESHOLD,4,2.6624404239992145,9.034
STAGE_MODEL_THRESHOLD,4,2.7136483359790873,10.122
STAGE_MODEL_THRESHOLD,4,2.7642923969833646,10.122
STAGE_MODEL_THRESHOLD,4,2.814945127989631,10.077
STAGE_MODEL_THRESHOLD,4,2.8653913759917486,10.077
STAGE_MODEL_THRESHOLD,4,2.9159658319840673,10.06
STAGE_MODEL_THRESHOLD,4,2.9664575869974215,10.06
STAGE_MODEL_THRESHOLD,4,3.0170388109982014,10.072
STAGE_MODEL_THRESHOLD,4,3.067540839983849,10.072
STAGE_MODEL_THRESHOLD,4,3.118182699981844,10.124
STAGE_MODEL_THRESHOLD,4,3.1687021399848163,10.124
STAGE_MODEL_THRESHOLD,4,3.2192597829853185,10.116
STAGE_MODEL_THRESHOLD,4,3.26994099500007,10.116
STAGE_MODEL_THRESHOLD,4,3.3205422509927303,10.077
STAGE_MODEL_THRESHOLD,4,3.371046039974317,10.077
STAGE_MODEL_THRESHOLD,4,3.421677603997523,10.049
STAGE_MODEL_THRESHOLD,4,3.4731126449769363,10.171
STAGE_MODEL_THRESHOLD,4,3.52922317199409,10.194
STAGE_MODEL_THRESHOLD,4,3.579743914975552,10.13
STAGE_MODEL_THRESHOLD,4,3.630170497985091,10.13
STAGE_MODEL_THRESHOLD,4,3.68070631698356,10.138
STAGE_MODEL_THRESHOLD,4,3.7312146069889423,10.138
STAGE_MODEL_THRESHOLD,4,3.7818188149831258,9.429
STAGE_MODEL_THRESHOLD,4,3.833369715983281,10.047
STAGE_MODEL_THRESHOLD,4,3.8964709059800953,10.126
STAGE_MODEL_THRESHOLD,4,3.9478423979890067,10.126
STAGE_MODEL_THRESHOLD,4,4.00125344999833,10.118
STAGE_MODEL_THRESHOLD,4,4.051917090982897,10.118
STAGE_MODEL_THRESHOLD,4,4.109398663975298,6.395
STAGE_MODEL_THRESHOLD,4,4.160738073987886,9.565
STAGE_MODEL_THRESHOLD,4,4.22700845298823,9.565
STAGE_MODEL_THRESHOLD,4,4.278409339982318,10.045
STAGE_MODEL_THRESHOLD,4,4.329084557975875,10.045
STAGE_MODEL_THRESHOLD,4,4.3796409639762715,10.077
STAGE_MODEL_THRESHOLD,4,4.439707608980825,10.077
STAGE_MODEL_THRESHOLD,4,4.4901056659873575,14.223
STAGE_MODEL_THRESHOLD,4,4.543603001977317,14.223
STAGE_MODEL_THRESHOLD,4,4.594808831985574,9.309
STAGE_MODEL_THRESHOLD,4,4.646931280993158,9.309
STAGE_MODEL_THRESHOLD,4,4.698546250001527,10.122
STAGE_MODEL_THRESHOLD,4,4.74929441997665,10.122
STAGE_MODEL_THRESHOLD,4,4.799814742989838,10.067
STAGE_MODEL_THRESHOLD,4,4.851041784975678,10.067
STAGE_MODEL_THRESHOLD,4,4.903811320982641,10.008
STAGE_MODEL_THRESHOLD,4,4.954523012973368,10.008
STAGE_MODEL_THRESHOLD,4,5.005103335977765,10.054
STAGE_MODEL_THRESHOLD,4,5.056076504988596,10.054
STAGE_MODEL_THRESHOLD,4,5.1065452189941425,10.135
STAGE_MODEL_THRESHOLD,4,5.158829765976407,10.095
STAGE_MODEL_THRESHOLD,4,5.216868041985435,10.133
STAGE_MODEL_THRESHOLD,4,5.268442107975716,10.107
STAGE_MODEL_THRESHOLD,4,5.320335208001779,10.108
STAGE_MODEL_THRESHOLD,4,5.370859279995784,10.109
STAGE_MODEL_THRESHOLD,4,5.421257449983386,10.109
STAGE_MODEL_THRESHOLD,4,5.471828422974795,10.091
STAGE_MODEL_THRESHOLD,4,5.522340695984894,10.091
STAGE_MODEL_THRESHOLD,4,5.5728958519757725,10.09
STAGE_MODEL_THRESHOLD,4,5.623601665982278,10.09
STAGE_MODEL_THRESHOLD,4,5.674389309977414,10.076
STAGE_MODEL_THRESHOLD,4,5.72501577498042,10.076
STAGE_MODEL_THRESHOLD,4,5.775543494994054,10.077
STAGE_MODEL_THRESHOLD,4,5.826196295995032,10.077
STAGE_MODEL_THRESHOLD,4,5.876887445978355,10.103
STAGE_MODEL_THRESHOLD,4,5.927599849994294,10.103
STAGE_MODEL_THRESHOLD,4,5.978281255986076,10.082
STAGE_MODEL_THRESHOLD,4,6.028897493990371,10.082
STAGE_MODEL_THRESHOLD,4,6.0795963459822815,10.108
STAGE_MODEL_THRESHOLD,4,6.130304269987391,10.108
STAGE_MODEL_THRESHOLD,4,6.181147248978959,10.104
STAGE_MODEL_THRESHOLD,4,6.232265564991394,10.104
STAGE_MODEL_THRESHOLD,4,6.283419696992496,8.804
STAGE_MODEL_THRESHOLD,4,6.338839128991822,8.804
STAGE_MODEL_THRESHOLD,4,6.390713031985797,10.128
STAGE_MODEL_THRESHOLD,4,6.441292269999394,10.128
STAGE_MODEL_THRESHOLD,4,6.491867507982533,9.946
STAGE_MODEL_THRESHOLD,4,6.543286631000228,10.76
STAGE_MODEL_THRESHOLD,4,6.605418299994199,8.231
STAGE_MODEL_THRESHOLD,4,6.6568791850004345,8.231
STAGE_MODEL_THRESHOLD,4,6.709636803978356,10.121
STAGE_MODEL_THRESHOLD,4,6.760299749992555,10.121
STAGE_MODEL_THRESHOLD,4,6.811021646979498,10.11
STAGE_MODEL_THRESHOLD,4,6.862182151991874,10.11
STAGE_MODEL_THRESHOLD,4,6.912852957000723,10.095
STAGE_MODEL_THRESHOLD,4,6.963702012988506,10.095
STAGE_MODEL_THRESHOLD,4,7.014434570999583,10.096
STAGE_MODEL_THRESHOLD,4,7.065182691992959,10.096
STAGE_MODEL_THRESHOLD,4,7.115843569976278,17.101
STAGE_MODEL_THRESHOLD,4,7.167748082982143,9.354
STAGE_MODEL_THRESHOLD,4,7.224560675997054,9.354
STAGE_MODEL_THRESHOLD,4,7.276069165993249,10.074
STAGE_MODEL_THRESHOLD,4,7.326906940987101,10.074
STAGE_MODEL_THRESHOLD,4,7.3775806189805735,10.005
STAGE_MODEL_THRESHOLD,4,7.429025319986977,10.005
STAGE_MODEL_THRESHOLD,4,7.481594172975747,10.074
STAGE_MODEL_THRESHOLD,4,7.532105421996675,10.074
STAGE_MODEL_THRESHOLD,4,7.582988223992288,10.09
STAGE_MODEL_THRESHOLD,4,7.633768934989348,10.09
STAGE_MODEL_THRESHOLD,4,7.684449355001561,10.083
STAGE_MODEL_THRESHOLD,4,7.735033359989757,10.083
STAGE_MODEL_THRESHOLD,4,7.785615221975604,10.087
STAGE_MODEL_THRESHOLD,4,7.836310695973225,10.087
STAGE_MODEL_THRESHOLD,4,7.886822522996226,10.086
STAGE_MODEL_THRESHOLD,4,7.937392485997407,10.086
STAGE_MODEL_THRESHOLD,4,7.988312628993299,10.088
STAGE_MODEL_THRESHOLD,4,8.038865737995366,10.088
STAGE_MODEL_THRESHOLD,4,8.089310269977432,10.089
STAGE_MODEL_THRESHOLD,4,8.139895374974003,10.089
STAGE_MODEL_THRESHOLD,4,8.190777144976892,10.091
STAGE_MODEL_THRESHOLD,4,8.241250134975417,10.091
STAGE_MODEL_THRESHOLD,4,8.29187609499786,10.095
STAGE_MODEL_THRESHOLD,4,8.342525073996512,10.095
STAGE_MODEL_THRESHOLD,4,8.393050860991934,10.092
STAGE_MODEL_THRESHOLD,4,8.44368253997527,10.092
STAGE_MODEL_THRESHOLD,4,8.4945847929921,10.091
STAGE_MODEL_THRESHOLD,4,8.545160621986724,10.091
STAGE_MODEL_THRESHOLD,4,8.596248716989066,10.095
STAGE_MODEL_THRESHOLD,4,8.646900585998083,10.095
STAGE_MODEL_THRESHOLD,4,8.697576874983497,10.09
STAGE_MODEL_THRESHOLD,4,8.748120878997725,10.09
STAGE_MODEL_THRESHOLD,4,8.799015274998965,10.093
STAGE_MODEL_THRESHOLD,4,8.849548008001875,10.093
STAGE_MODEL_THRESHOLD,4,8.900166553998133,10.088
STAGE_MODEL_THRESHOLD,4,8.950942000985378,10.088
STAGE_MODEL_THRESHOLD,4,9.001887426973553,10.091
STAGE_MODEL_THRESHOLD,4,9.052367253985722,10.091
STAGE_MODEL_THRESHOLD,4,9.1028292629926,10.09
STAGE_MODEL_THRESHOLD,4,9.153607344982447,10.09
STAGE_MODEL_THRESHOLD,4,9.204185668990249,10.084
STAGE_MODEL_THRESHOLD,4,9.255004637001548,10.084
STAGE_MODEL_THRESHOLD,4,9.305565427988768,10.081
STAGE_MODEL_THRESHOLD,4,9.356324716995005,10.081
STAGE_MODEL_THRESHOLD,4,9.40695340698585,10.078
STAGE_MODEL_THRESHOLD,4,9.457562382973265,10.078
STAGE_MODEL_THRESHOLD,4,9.508260892995168,10.082
STAGE_MODEL_THRESHOLD,4,9.559104627987836,10.082
STAGE_MODEL_THRESHOLD,4,9.609780609986046,10.082
STAGE_MODEL_THRESHOLD,4,9.660490474983817,10.082
STAGE_MODEL_THRESHOLD,4,9.711283201992046,10.079
STAGE_MODEL_THRESHOLD,4,9.761770459997933,10.079
STAGE_MODEL_THRESHOLD,4,9.812472202989738,10.083
STAGE_MODEL_THRESHOLD,4,9.863001469988376,10.083
STAGE_MODEL_THRESHOLD,4,9.913461277988972,10.078
STAGE_MODEL_THRESHOLD,4,9.964481928996975,10.078
STAGE_MODEL_THRESHOLD,4,10.015150088001974,10.081
STAGE_MODEL_THRESHOLD,4,10.065561595984036,10.081
STAGE_MODEL_THRESHOLD,4,10.116245159995742,10.078
STAGE_MODEL_THRESHOLD,4,10.167038668994792,10.078
STAGE_MODEL_THRESHOLD,4,10.217608444974758,10.079
STAGE_MODEL_THRESHOLD,4,10.268130577984266,10.084
STAGE_MODEL_THRESHOLD,4,10.318738492991542,10.084
STAGE_MODEL_THRESHOLD,4,10.369260129984468,10.084
STAGE_MODEL_THRESHOLD,4,10.420052805973683,10.084
STAGE_MODEL_THRESHOLD,4,10.470661070983624,10.079
STAGE_MODEL_THRESHOLD,4,10.521517615998164,10.079
STAGE_MODEL_THRESHOLD,4,10.572215053980472,10.074
STAGE_MODEL_THRESHOLD,4,10.62298148300033,10.074
STAGE_MODEL_THRESHOLD,4,10.6736578559794,10.071
STAGE_MODEL_THRESHOLD,4,10.7242453689978,10.071
STAGE_MODEL_THRESHOLD,4,10.774976799992146,10.065
STAGE_MODEL_THRESHOLD,4,10.82558027698542,10.065
STAGE_MODEL_THRESHOLD,4,10.876541919977171,10.06
STAGE_MODEL_THRESHOLD,4,10.927134680998279,10.06
STAGE_MODEL_THRESHOLD,4,10.977687765000155,10.059
STAGE_MODEL_THRESHOLD,4,11.028152309998404,10.059
STAGE_MODEL_THRESHOLD,4,11.078669760987395,10.052
STAGE_MODEL_THRESHOLD,4,11.129325946996687,10.052
STAGE_MODEL_THRESHOLD,4,11.179856745991856,10.047
STAGE_MODEL_THRESHOLD,4,11.230477268982213,10.047
STAGE_MODEL_THRESHOLD,4,11.281184898980428,10.046
STAGE_MODEL_THRESHOLD,4,11.332017709995853,10.046
STAGE_MODEL_THRESHOLD,4,11.382899592979811,10.045
STAGE_MODEL_THRESHOLD,4,11.433679283974925,10.045
STAGE_MODEL_THRESHOLD,4,11.48463655897649,10.047
STAGE_MODEL_THRESHOLD,4,11.535333924985025,10.047
STAGE_MODEL_THRESHOLD,4,11.58580972297932,10.054
STAGE_MODEL_THRESHOLD,4,11.636330084002111,10.054
STAGE_MODEL_THRESHOLD,4,11.686895425984403,10.059
STAGE_MODEL_THRESHOLD,4,11.737506595993182,10.059
STAGE_MODEL_THRESHOLD,4,11.788038928993046,10.064
STAGE_MODEL_THRESHOLD,4,11.838639044988668,10.064
STAGE_MODEL_THRESHOLD,4,11.889321196998935,10.067
STAGE_MODEL_THRESHOLD,4,11.939888812979916,10.067
STAGE_MODEL_THRESHOLD,4,11.990419500973076,10.07
STAGE_MODEL_THRESHOLD,4,12.040909701987403,10.07
STAGE_MODEL_THRESHOLD,4,12.091361012979178,10.073
STAGE_MODEL_THRESHOLD,4,12.141732844000217,10.073
STAGE_MODEL_THRESHOLD,4,12.192355748993577,10.081
STAGE_MODEL_THRESHOLD,4,12.243030528974487,10.081
STAGE_MODEL_THRESHOLD,4,12.29376643098658,10.081
STAGE_MODEL_THRESHOLD,4,12.344610481988639,10.081
STAGE_MODEL_THRESHOLD,4,12.395091066980967,10.083
STAGE_MODEL_THRESHOLD,4,12.445551358978264,10.083
STAGE_MODEL_THRESHOLD,4,12.49604140498559,10.08
STAGE_MODEL_THRESHOLD,4,12.54665734199807,10.08
STAGE_MODEL_THRESHOLD,4,12.597122065984877,10.075
STAGE_MODEL_THRESHOLD,4,12.647553389979294,10.075
STAGE_MODEL_THRESHOLD,4,12.698105123999994,10.067
STAGE_MODEL_THRESHOLD,4,12.748712043976411,10.067
STAGE_MODEL_THRESHOLD,4,12.799314912990667,9.775
STAGE_MODEL_THRESHOLD,4,12.851670840987936,9.775
STAGE_MODEL_THRESHOLD,4,12.903079835989047,10.053
STAGE_MODEL_THRESHOLD,4,12.954334543988807,10.053
STAGE_MODEL_THRESHOLD,4,13.004805497999769,10.063
STAGE_MODEL_THRESHOLD,4,13.055346012988593,10.063
STAGE_MODEL_THRESHOLD,4,13.10602350300178,10.063
STAGE_MODEL_THRESHOLD,4,13.156467811000766,10.063
STAGE_MODEL_THRESHOLD,4,13.20695190198603,6.382
STAGE_MODEL_THRESHOLD,4,13.25838601400028,6.382
STAGE_MODEL_THRESHOLD,4,13.310621292999713,10.19
STAGE_MODEL_THRESHOLD,4,13.361338305985555,10.19
STAGE_MODEL_THRESHOLD,4,13.411954396986403,10.115
STAGE_MODEL_THRESHOLD,4,13.46298093299265,10.115
STAGE_MODEL_THRESHOLD,4,13.513772498990875,10.103
STAGE_MODEL_THRESHOLD,4,13.564739902998554,10.103
STAGE_MODEL_THRESHOLD,4,13.615425053983927,10.103
STAGE_MODEL_THRESHOLD,4,13.665984588995343,10.103
STAGE_MODEL_THRESHOLD,4,13.716752972977702,10.016
STAGE_MODEL_THRESHOLD,4,13.768063477997202,10.039
STAGE_MODEL_THRESHOLD,4,13.82353080197936,10.041
STAGE_MODEL_THRESHOLD,4,13.874115412996616,8.68
STAGE_MODEL_THRESHOLD,4,13.925372979982058,8.68
STAGE_MODEL_THRESHOLD,4,13.978015197993955,10.02
STAGE_MODEL_THRESHOLD,4,14.0285451769887,10.02
STAGE_MODEL_THRESHOLD,4,14.079151081998134,10.03
STAGE_MODEL_THRESHOLD,4,14.12971259499318,10.03
STAGE_MODEL_THRESHOLD,4,14.1802433829871,5.971
STAGE_MODEL_THRESHOLD,4,14.233055163989775,5.971
STAGE_MODEL_THRESHOLD,4,14.284675026981859,10.057
STAGE_MODEL_THRESHOLD,4,14.335087211977225,10.057
STAGE_MODEL_THRESHOLD,4,14.385584249976091,10.072
STAGE_MODEL_THRESHOLD,4,14.436152156995377,10.072
STAGE_MODEL_THRESHOLD,4,14.487087197980145,10.074
STAGE_MODEL_THRESHOLD,4,14.53762879097485,10.074
STAGE_MODEL_THRESHOLD,4,14.588370514975395,10.159
STAGE_MODEL_THRESHOLD,4,14.639798338001128,10.159
STAGE_MODEL_THRESHOLD,4,14.692360819986789,10.065
STAGE_MODEL_THRESHOLD,4,14.743077324994374,10.065
STAGE_MODEL_THRESHOLD,4,14.793518635997316,9.423
STAGE_MODEL_THRESHOLD,4,14.847302263980964,9.423
STAGE_MODEL_THRESHOLD,4,14.898914330988191,10.076
STAGE_MODEL_THRESHOLD,4,14.949450203974266,10.076
STAGE_MODEL_THRESHOLD,4,15.000014568999177,10.144
STAGE_MODEL_THRESHOLD,4,15.051098405994708,11.568
STAGE_MODEL_THRESHOLD,4,15.10317226499319,9.241
STAGE_MODEL_THRESHOLD,4,15.157670639979187,11.164
STAGE_MODEL_THRESHOLD,4,15.208947617997183,8.766
STAGE_MODEL_THRESHOLD,4,15.261220456974115,8.766
STAGE_MODEL_THRESHOLD,4,15.312770083983196,10.034
STAGE_MODEL_THRESHOLD,4,15.36322058897349,10.034
STAGE_MODEL_THRESHOLD,4,15.41389816100127,10.035
STAGE_MODEL_THRESHOLD,4,15.46453525297693,10.035
STAGE_MODEL_THRESHOLD,4,15.515344460000051,10.027
STAGE_MODEL_THRESHOLD,4,15.565896308980882,10.027
STAGE_MODEL_THRESHOLD,4,15.616541005991166,10.026
STAGE_MODEL_THRESHOLD,4,15.667147815984208,6.034
STAGE_MODEL_THRESHOLD,4,15.718593241996132,6.034
STAGE_MODEL_THRESHOLD,4,15.770469901995966,9.971
STAGE_MODEL_THRESHOLD,4,15.820946564985206,9.971
STAGE_MODEL_THRESHOLD,4,15.871416893991409,10.018
STAGE_MODEL_THRESHOLD,4,15.921907313982956,10.018
STAGE_MODEL_THRESHOLD,4,15.972537929977989,10.019
STAGE_MODEL_THRESHOLD,4,16.023100799997337,10.019
STAGE_MODEL_THRESHOLD,4,16.073659835994476,10.024
STAGE_MODEL_THRESHOLD,4,16.124086033989443,10.024
STAGE_MODEL_THRESHOLD,4,16.17470674798824,10.045
STAGE_MODEL_THRESHOLD,4,16.225241434993222,10.045
STAGE_MODEL_THRESHOLD,4,16.27577885700157,9.957
STAGE_MODEL_THRESHOLD,4,16.328575606981758,9.957
STAGE_MODEL_THRESHOLD,4,16.381300477980403,10.1
STAGE_MODEL_THRESHOLD,4,16.431821268983185,10.1
STAGE_MODEL_THRESHOLD,4,16.482265275000827,10.1
STAGE_MODEL_THRESHOLD,4,16.532775603001937,10.1
STAGE_MODEL_THRESHOLD,4,16.59100571498857,10.214
STAGE_MODEL_THRESHOLD,4,16.64215880597476,10.214
STAGE_MODEL_THRESHOLD,4,16.69458148899139,10.013
STAGE_MODEL_THRESHOLD,4,16.745126463996712,10.013
STAGE_MODEL_THRESHOLD,4,16.805103600985603,7.557
STAGE_MODEL_THRESHOLD,4,16.856462048977846,7.557
STAGE_MODEL_THRESHOLD,4,16.91068063399871,10.075
STAGE_MODEL_THRESHOLD,4,16.961164515989367,7.298
STAGE_MODEL_THRESHOLD,4,17.024353579996387,7.298
STAGE_MODEL_THRESHOLD,4,17.075794816977577,10.176
STAGE_MODEL_THRESHOLD,4,17.12637424998684,10.176
STAGE_MODEL_THRESHOLD,4,17.176880870974855,10.133
STAGE_MODEL_THRESHOLD,4,17.227565708977636,10.133
STAGE_MODEL_THRESHOLD,4,17.278089118975913,10.25
STAGE_MODEL_THRESHOLD,4,17.330334373982623,10.25
STAGE_MODEL_THRESHOLD,4,17.381793487991672,10.06
STAGE_MODEL_THRESHOLD,4,17.43233790798695,10.06
STAGE_MODEL_THRESHOLD,4,17.483046887995442,10.056
STAGE_MODEL_THRESHOLD,4,17.53373820098932,10.056
STAGE_MODEL_THRESHOLD,4,17.58452561197919,10.331
STAGE_MODEL_THRESHOLD,4,17.63570266700117,10.331
STAGE_MODEL_THRESHOLD,4,17.68808104697382,10.02
STAGE_MODEL_THRESHOLD,4,17.738685253978474,10.02
STAGE_MODEL_THRESHOLD,4,17.789428092975868,10.075
STAGE_MODEL_THRESHOLD,4,17.840050906001125,10.075
STAGE_MODEL_THRESHOLD,4,17.89064542198321,9.075
STAGE_MODEL_THRESHOLD,4,17.943170708982507,9.075
STAGE_MODEL_THRESHOLD,4,17.99456584197469,10.013
STAGE_MODEL_THRESHOLD,4,18.045023396989563,10.013
STAGE_MODEL_THRESHOLD,4,18.09575458697509,10.545
STAGE_MODEL_THRESHOLD,4,18.147155508981086,10.545
STAGE_MODEL_THRESHOLD,4,18.199225241987733,10.105
STAGE_MODEL_THRESHOLD,4,18.24966499398579,10.105
STAGE_MODEL_THRESHOLD,4,18.300288886995986,6.146
STAGE_MODEL_THRESHOLD,4,18.353355634986656,6.146
STAGE_MODEL_THRESHOLD,4,18.404902062000474,10.046
STAGE_MODEL_THRESHOLD,4,18.4554615309753,10.046
STAGE_MODEL_THRESHOLD,4,18.505973079998512,10.053
STAGE_MODEL_THRESHOLD,4,18.556396810978185,10.053
STAGE_MODEL_THRESHOLD,4,18.607063264993485,10.208
STAGE_MODEL_THRESHOLD,4,18.658553709974512,10.208
STAGE_MODEL_THRESHOLD,4,18.712873687996762,10.071
STAGE_MODEL_THRESHOLD,4,18.76353778698831,10.071
STAGE_MODEL_THRESHOLD,4,18.814173629973084,10.069
STAGE_MODEL_THRESHOLD,4,18.86483883697656,10.069
STAGE_MODEL_THRESHOLD,4,18.91543448198354,9.793
STAGE_MODEL_THRESHOLD,4,18.974403012980474,10.029
STAGE_MODEL_THRESHOLD,4,19.025005477975355,10.029
STAGE_MODEL_THRESHOLD,4,19.075723540998297,9.752
STAGE_MODEL_THRESHOLD,4,19.130279024975607,9.752
STAGE_MODEL_THRESHOLD,4,19.181546040985268,10.047
STAGE_MODEL_THRESHOLD,4,19.232303645985667,10.047
STAGE_MODEL_THRESHOLD,4,19.286984316975577,10.096
STAGE_MODEL_THRESHOLD,4,19.338404551992426,10.247
STAGE_MODEL_THRESHOLD,4,19.402821728988783,9.649
STAGE_MODEL_THRESHOLD,4,19.454961857001763,10.683
STAGE_MODEL_THRESHOLD,4,19.506350121984724,7.345
STAGE_MODEL_THRESHOLD,4,19.557674702984514,7.345
STAGE_MODEL_THRESHOLD,4,19.610589110990986,10.099
STAGE_MODEL_THRESHOLD,4,19.661180691997288,10.099
STAGE_MODEL_THRESHOLD,4,19.711797762982314,6.004
STAGE_MODEL_THRESHOLD,4,19.764482635975583,10.223
STAGE_MODEL_THRESHOLD,4,19.81613938798546,10.209
STAGE_MODEL_THRESHOLD,4,19.866859047993785,10.209
STAGE_MODEL_THRESHOLD,4,19.91760462798993,9.848
STAGE_MODEL_THRESHOLD,4,19.96900390999508,10.043
STAGE_MODEL_THRESHOLD,4,20.022625479992712,10.085
STAGE_MODEL_THRESHOLD,4,20.073180514998967,9.821
STAGE_MODEL_THRESHOLD,4,20.12437047599815,9.821
STAGE_MODEL_THRESHOLD,4,20.177001701988047,10.132
STAGE_MODEL_THRESHOLD,4,20.227512512996327,10.132
STAGE_MODEL_THRESHOLD,4,20.278201739973156,10.116
STAGE_MODEL_THRESHOLD,4,20.32871981698554,10.116
STAGE_MODEL_THRESHOLD,4,20.379321358981542,10.118
STAGE_MODEL_THRESHOLD,4,20.42988328199135,10.118
STAGE_MODEL_THRESHOLD,4,20.48483833798673,9.965
STAGE_MODEL_THRESHOLD,4,20.536072429997148,9.965
STAGE_MODEL_THRESHOLD,4,20.58995704597328,10.12
STAGE_MODEL_THRESHOLD,4,20.64046463399427,10.12
STAGE_MODEL_THRESHOLD,4,20.690929648000747,8.155
STAGE_MODEL_THRESHOLD,4,20.745433454983868,8.155
STAGE_MODEL_THRESHOLD,4,20.797024555999087,10.117
STAGE_MODEL_THRESHOLD,4,20.847540933988057,10.117
STAGE_MODEL_THRESHOLD,4,20.89792803497403,6.161
STAGE_MODEL_THRESHOLD,4,20.94927472798736,6.161
STAGE_MODEL_THRESHOLD,4,21.001653064973652,9.957
STAGE_MODEL_THRESHOLD,4,21.052284584991867,9.957
STAGE_MODEL_THRESHOLD,4,21.102802157984115,10.035
STAGE_MODEL_THRESHOLD,4,21.153606020990992,10.035
STAGE_MODEL_THRESHOLD,4,21.204129266989185,9.396
STAGE_MODEL_THRESHOLD,4,21.25921930599725,9.396
STAGE_MODEL_THRESHOLD,4,21.310705294978106,10.118
STAGE_MODEL_THRESHOLD,4,21.361611892993096,10.118
STAGE_MODEL_THRESHOLD,4,21.412747119000414,10.077
STAGE_MODEL_THRESHOLD,4,21.463294651999604,10.077
STAGE_MODEL_THRESHOLD,4,21.513869511982193,10.395
STAGE_MODEL_THRESHOLD,4,21.565358989988454,10.051
STAGE_MODEL_THRESHOLD,4,21.61605548998341,10.051
STAGE_MODEL_THRESHOLD,4,21.66670889998204,10.051
STAGE_MODEL_THRESHOLD,4,21.717191687988816,8.627
STAGE_MODEL_THRESHOLD,4,21.768716259975918,10.056
STAGE_MODEL_THRESHOLD,4,21.820988646999467,10.033
STAGE_MODEL_THRESHOLD,4,21.871611091977684,10.038
STAGE_MODEL_THRESHOLD,4,21.922561714978656,10.038
STAGE_MODEL_THRESHOLD,4,21.973359753988916,10.044
STAGE_MODEL_THRESHOLD,4,22.024327401974006,10.044
STAGE_MODEL_THRESHOLD,4,22.074844743998256,10.069
STAGE_MODEL_THRESHOLD,4,22.125593698001467,10.069
STAGE_MODEL_THRESHOLD,4,22.17612525698496,10.074
STAGE_MODEL_THRESHOLD,4,22.226685684989206,10.074
STAGE_MODEL_THRESHOLD,4,22.2773114599986,10.112
STAGE_MODEL_THRESHOLD,4,22.32787237598677,10.112
STAGE_MODEL_THRESHOLD,4,22.378589824977098,10.113
STAGE_MODEL_THRESHOLD,4,22.42920297998353,10.113
STAGE_MODEL_THRESHOLD,4,22.479851301992312,9.389
STAGE_MODEL_THRESHOLD,4,22.531686094996985,9.389
STAGE_MODEL_THRESHOLD,4,22.584542527998565,10.117
STAGE_MODEL_THRESHOLD,4,22.63513084797887,10.117
STAGE_MODEL_THRESHOLD,4,22.68567567897844,10.023
STAGE_MODEL_THRESHOLD,4,22.740715529973386,10.023
STAGE_MODEL_THRESHOLD,4,22.792323753994424,10.114
STAGE_MODEL_THRESHOLD,4,22.842964942974504,10.114
STAGE_MODEL_THRESHOLD,4,22.89341713799513,10.131
STAGE_MODEL_THRESHOLD,4,22.94397626799764,10.131
STAGE_MODEL_THRESHOLD,4,22.994590046990197,10.136
STAGE_MODEL_THRESHOLD,4,23.045236739999382,10.136
STAGE_MODEL_THRESHOLD,4,23.09577417897526,10.137
STAGE_MODEL_THRESHOLD,4,23.146342868974898,10.137
STAGE_MODEL_THRESHOLD,4,23.196798339980887,10.137
STAGE_MODEL_THRESHOLD,4,23.247393576981267,10.137
STAGE_MODEL_THRESHOLD,4,23.297867057990516,10.138
STAGE_MODEL_THRESHOLD,4,23.348537994985236,10.138
STAGE_MODEL_THRESHOLD,4,23.399102323979605,10.137
STAGE_MODEL_THRESHOLD,4,23.44983060398954,10.137
STAGE_MODEL_THRESHOLD,4,23.50043210599688,10.141
STAGE_MODEL_THRESHOLD,4,23.550927960983245,10.141
STAGE_MODEL_THRESHOLD,4,23.60188722598832,10.143
STAGE_MODEL_THRESHOLD,4,23.652674614975695,10.143
STAGE_MODEL_THRESHOLD,4,23.703208666993305,10.145
STAGE_MODEL_THRESHOLD,4,23.754215042979922,10.145
STAGE_MODEL_THRESHOLD,4,23.80493423299049,10.144
STAGE_MODEL_THRESHOLD,4,23.855529082997236,10.144
STAGE_MODEL_THRESHOLD,4,23.906339540000772,10.146
STAGE_MODEL_THRESHOLD,4,23.956898918986553,10.146
STAGE_MODEL_THRESHOLD,4,24.007427604985423,10.161
STAGE_MODEL_THRESHOLD,4,24.058032965986058,10.161
STAGE_MODEL_THRESHOLD,4,24.108664864994353,10.158
STAGE_MODEL_THRESHOLD,4,24.159421555988956,10.158
STAGE_MODEL_THRESHOLD,4,24.210001732979435,10.156
STAGE_MODEL_THRESHOLD,4,24.26058577100048,10.156
STAGE_MODEL_THRESHOLD,4,24.311193748988444,10.156
STAGE_MODEL_THRESHOLD,4,24.36165480798809,10.156
STAGE_MODEL_THRESHOLD,4,24.41230544197606,10.156
STAGE_MODEL_THRESHOLD,4,24.463167704991065,10.15
STAGE_MODEL_THRESHOLD,4,24.51392959698569,10.15
STAGE_MODEL_THRESHOLD,4,24.564411205996294,10.141
STAGE_MODEL_THRESHOLD,4,24.615159585984657,10.141
STAGE_MODEL_THRESHOLD,4,24.666070844978094,10.134
STAGE_MODEL_THRESHOLD,4,24.716574027988827,10.134
STAGE_MODEL_THRESHOLD,4,24.767331174982246,10.128
STAGE_MODEL_THRESHOLD,4,24.81815347497468,10.128
STAGE_MODEL_THRESHOLD,4,24.868671360978624,10.129
STAGE_MODEL_THRESHOLD,4,24.919404707994545,10.129
STAGE_MODEL_THRESHOLD,4,24.969933859974844,10.128
STAGE_MODEL_THRESHOLD,4,25.02036552899517,10.128
STAGE_MODEL_THRESHOLD,4,25.070960860990454,10.111
STAGE_MODEL_THRESHOLD,4,25.12214788599522,10.111
STAGE_MODEL_THRESHOLD,4,25.172755161998793,10.111
STAGE_MODEL_THRESHOLD,4,25.223274739983026,10.111
STAGE_MODEL_THRESHOLD,4,25.273959219979588,10.109
STAGE_MODEL_THRESHOLD,4,25.324376287986524,10.109
STAGE_MODEL_THRESHOLD,4,25.375018163002096,10.11
STAGE_MODEL_THRESHOLD,4,25.42555303897825,10.11
STAGE_MODEL_THRESHOLD,4,25.476148075977108,10.108
STAGE_MODEL_THRESHOLD,4,25.526538696984062,10.108
STAGE_MODEL_THRESHOLD,4,25.583064469974488,9.952
STAGE_MODEL_THRESHOLD,4,25.634416738001164,9.952
STAGE_MODEL_THRESHOLD,4,25.68861274298979,10.134
STAGE_MODEL_THRESHOLD,4,25.739311796991387,10.134
STAGE_MODEL_THRESHOLD,4,25.7899401949835,7.021
STAGE_MODEL_THRESHOLD,4,25.841141258977586,7.021
STAGE_MODEL_THRESHOLD,4,25.892807990981964,10.102
STAGE_MODEL_THRESHOLD,4,25.94350752097671,10.102
STAGE_MODEL_THRESHOLD,4,25.993946281989338,10.124
STAGE_MODEL_THRESHOLD,4,26.04458205398987,10.124
STAGE_MODEL_THRESHOLD,4,26.095266552991234,10.122
STAGE_MODEL_THRESHOLD,4,26.145860174001427,10.122
STAGE_MODEL_THRESHOLD,4,26.19642867197399,9.877
STAGE_MODEL_THRESHOLD,4,26.24812278698664,9.877
STAGE_MODEL_THRESHOLD,4,26.302068908989895,10.129
STAGE_MODEL_THRESHOLD,4,26.35422043199651,10.129
STAGE_MODEL_THRESHOLD,4,26.404794863978168,9.695
STAGE_MODEL_THRESHOLD,4,26.457717374985805,9.695
STAGE_MODEL_THRESHOLD,4,26.50900076099788,10.126
STAGE_MODEL_THRESHOLD,4,26.55973874698975,10.126
STAGE_MODEL_THRESHOLD,4,26.610287552990485,10.128
STAGE_MODEL_THRESHOLD,4,26.660755529999733,10.128
STAGE_MODEL_THRESHOLD,4,26.711725547997048,10.132
STAGE_MODEL_THRESHOLD,4,26.762475431984058,10.185
STAGE_MODEL_THRESHOLD,4,26.81315620499663,10.185
STAGE_MODEL_THRESHOLD,4,26.863781007996295,10.163
STAGE_MODEL_THRESHOLD,4,26.91433507698821,10.163
STAGE_MODEL_THRESHOLD,4,26.964944895997178,10.148
STAGE_MODEL_THRESHOLD,4,27.015359828976216,10.148
STAGE_MODEL_THRESHOLD,4,27.06578586998512,10.148
STAGE_MODEL_THRESHOLD,4,27.116493247973267,10.1
STAGE_MODEL_THRESHOLD,4,27.16711948000011,10.126
STAGE_MODEL_THRESHOLD,4,27.21774310999899,10.126
STAGE_MODEL_THRESHOLD,4,27.268369391997112,6.082
STAGE_MODEL_THRESHOLD,4,27.323081438982626,6.082
STAGE_MODEL_THRESHOLD,4,27.37458196497755,10.304
STAGE_MODEL_THRESHOLD,4,27.432584208989283,10.304
STAGE_MODEL_THRESHOLD,4,27.48312742798589,12.18
STAGE_MODEL_THRESHOLD,4,27.54889568698127,12.18
STAGE_MODEL_THRESHOLD,4,27.600727251992794,10.767
STAGE_MODEL_THRESHOLD,4,27.652766880986746,10.767
STAGE_MODEL_THRESHOLD,4,27.704018006974366,9.85
STAGE_MODEL_THRESHOLD,4,27.755628258979414,9.85
STAGE_MODEL_THRESHOLD,4,27.811472916975617,10.081
STAGE_MODEL_THRESHOLD,4,27.86548938800115,9.803
STAGE_MODEL_THRESHOLD,4,27.917439666984137,9.803
STAGE_MODEL_THRESHOLD,4,27.97135660299682,10.092
STAGE_MODEL_THRESHOLD,4,28.02183002597303,10.092
STAGE_MODEL_THRESHOLD,4,28.072395308990963,10.12
STAGE_MODEL_THRESHOLD,4,28.123119727999438,10.12
STAGE_MODEL_THRESHOLD,4,28.174182674993062,10.126
STAGE_MODEL_THRESHOLD,4,28.224792220978998,10.126
STAGE_MODEL_THRESHOLD,4,28.275217339978553,10.117
STAGE_MODEL_THRESHOLD,4,28.325783988984767,10.117
STAGE_MODEL_THRESHOLD,4,28.376382075977745,10.12
STAGE_MODEL_THRESHOLD,4,28.427308016980533,10.12
STAGE_MODEL_THRESHOLD,4,28.477899815974524,10.121
STAGE_MODEL_THRESHOLD,4,28.528410327999154,10.121
STAGE_MODEL_THRESHOLD,4,28.579000523983268,10.117
STAGE_MODEL_THRESHOLD,4,28.629656420001993,10.117
STAGE_MODEL_THRESHOLD,4,28.680210345977684,10.112
STAGE_MODEL_THRESHOLD,4,28.730747576977592,10.112
STAGE_MODEL_THRESHOLD,4,28.781350550998468,10.109
STAGE_MODEL_THRESHOLD,4,28.832076189981308,10.109
STAGE_MODEL_THRESHOLD,4,28.882689850986935,10.109
STAGE_MODEL_THRESHOLD,4,28.9336594719789,10.109
STAGE_MODEL_THRESHOLD,4,28.984442809975008,10.106
STAGE_MODEL_THRESHOLD,4,29.03508284498821,10.106
STAGE_MODEL_THRESHOLD,4,29.08570867398521,10.105
STAGE_MODEL_THRESHOLD,4,29.13626220097649,10.105
STAGE_MODEL_THRESHOLD,4,29.18696250100038,10.102
STAGE_MODEL_THRESHOLD,4,29.237386882974533,10.102
STAGE_MODEL_THRESHOLD,4,29.287963336973917,10.098
STAGE_MODEL_THRESHOLD,4,29.338636045984458,10.098
STAGE_MODEL_THRESHOLD,4,29.389158986974508,10.1
STAGE_MODEL_THRESHOLD,4,29.43975367100211,10.1
STAGE_MODEL_THRESHOLD,4,29.49029152499861,10.094
STAGE_MODEL_THRESHOLD,4,29.54091948599671,10.094
STAGE_MODEL_THRESHOLD,4,29.591495713975746,8.658
STAGE_MODEL_THRESHOLD,4,29.645592857996235,8.658
STAGE_MODEL_THRESHOLD,4,29.697099510987755,10.075
STAGE_MODEL_THRESHOLD,4,29.747598638001364,10.075
STAGE_MODEL_THRESHOLD,4,29.79812372699962,10.067
STAGE_MODEL_THRESHOLD,4,29.848687341000186,10.067
STAGE_MODEL_THRESHOLD,4,29.89929786598077,10.171
STAGE_MODEL_THRESHOLD,4,29.950718840002082,10.171
STAGE_MODEL_INFER,4,0.0008735029841773212,10.08
STAGE_MODEL_INFER,4,0.05140337298507802,10.08
STAGE_MODEL_INFER,4,0.1017940930032637,10.085
STAGE_MODEL_INFER,4,0.15212745900498703,10.085
STAGE_MODEL_INFER,4,0.20244636599090882,10.082
STAGE_MODEL_INFER,4,0.25288518800516613,10.082
STAGE_MODEL_INFER,4,0.3034549109870568,10.094
STAGE_MODEL_INFER,4,0.35549782298039645,10.094
STAGE_MODEL_INFER,4,0.4060106669785455,10.932
STAGE_MODEL_INFER,4,0.46157038398087025,9.385
STAGE_MODEL_INFER,4,0.520573190995492,9.385
STAGE_MODEL_INFER,4,0.5775280550005846,10.039
STAGE_MODEL_INFER,4,0.627910527982749,10.039
STAGE_MODEL_INFER,4,0.690227863000473,11.652
STAGE_MODEL_INFER,4,0.7414929969818331,9.879
STAGE_MODEL_INFER,4,0.8036234540049918,12.024
STAGE_MODEL_INFER,4,0.854784272989491,9.976
STAGE_MODEL_INFER,4,0.9068288650014438,9.946
STAGE_MODEL_INFER,4,0.9574503199837636,10.004
STAGE_MODEL_INFER,4,1.0079813589982223,10.004
STAGE_MODEL_INFER,4,1.0584509469917975,10.017
STAGE_MODEL_INFER,4,1.1090861099946778,10.017
STAGE_MODEL_INFER,4,1.1599668909911998,10.44
STAGE_MODEL_INFER,4,1.212417586997617,9.591
STAGE_MODEL_INFER,4,1.2647556879965123,10.308
STAGE_MODEL_INFER,4,1.3215461569780018,10.308
STAGE_MODEL_INFER,4,1.3727329339890275,10.093
STAGE_MODEL_INFER,4,1.4232596129877493,10.093
STAGE_MODEL_INFER,4,1.4737932909920346,10.094
STAGE_MODEL_INFER,4,1.524526146997232,10.094
STAGE_MODEL_INFER,4,1.5750243270013016,10.081
STAGE_MODEL_INFER,4,1.6255657720030285,10.081
STAGE_MODEL_INFER,4,1.6760078469815198,10.079
STAGE_MODEL_INFER,4,1.726489185995888,10.079
STAGE_MODEL_INFER,4,1.7769102710008156,9.878
STAGE_MODEL_INFER,4,1.828177967981901,10.451
STAGE_MODEL_INFER,4,1.8795356629998423,9.493
STAGE_MODEL_INFER,4,1.9360477019799873,9.493
STAGE_MODEL_INFER,4,1.9871206209936645,10.154
STAGE_MODEL_INFER,4,2.037658263987396,10.154
STAGE_MODEL_INFER,4,2.088157060992671,10.507
STAGE_MODEL_INFER,4,2.139403869980015,10.507
STAGE_MODEL_INFER,4,2.191834654979175,10.205
STAGE_MODEL_INFER,4,2.242311318987049,10.205
STAGE_MODEL_INFER,4,2.292750028980663,6.007
STAGE_MODEL_INFER,4,2.3495846949808765,6.007
STAGE_MODEL_INFER,4,2.4007602029887494,10.047
STAGE_MODEL_INFER,4,2.451245161006227,10.047
STAGE_MODEL_INFER,4,2.501666116004344,10.495
STAGE_MODEL_INFER,4,2.5538030579918995,10.495
STAGE_MODEL_INFER,4,2.6071122989815194,10.021
STAGE_MODEL_INFER,4,2.6576591249904595,10.095
STAGE_MODEL_INFER,4,2.708201408997411,10.095
STAGE_MODEL_INFER,4,2.758748463995289,10.089
STAGE_MODEL_INFER,4,2.809408547997009,10.089
STAGE_MODEL_INFER,4,2.859858705982333,10.074
STAGE_MODEL_INFER,4,2.910328294005012,10.074
STAGE_MODEL_INFER,4,2.9609756269783247,10.073
STAGE_MODEL_INFER,4,3.011733096995158,10.073
STAGE_MODEL_INFER,4,3.0625451160012744,11.244
STAGE_MODEL_INFER,4,3.1138627729960717,11.244
STAGE_MODEL_INFER,4,3.1661964030063245,10.044
STAGE_MODEL_INFER,4,3.216754206980113,10.044
STAGE_MODEL_INFER,4,3.267421159980586,9.996
STAGE_MODEL_INFER,4,3.320945610990748,9.996
STAGE_MODEL_INFER,4,3.372625394986244,12.496
STAGE_MODEL_INFER,4,3.424060624005506,12.496
STAGE_MODEL_INFER,4,3.476716684992425,10.125
STAGE_MODEL_INFER,4,3.5271776570007205,10.125
STAGE_MODEL_INFER,4,3.57767834700644,10.128
STAGE_MODEL_INFER,4,3.6282644759921823,10.128
STAGE_MODEL_INFER,4,3.6788608169881627,10.112
STAGE_MODEL_INFER,4,3.729463458992541,10.112
STAGE_MODEL_INFER,4,3.780080870987149,10.102
STAGE_MODEL_INFER,4,3.8305842480040155,10.102
STAGE_MODEL_INFER,4,3.881172698980663,10.099
STAGE_MODEL_INFER,4,3.9315722530009225,10.099
STAGE_MODEL_INFER,4,3.982078990986338,10.097
STAGE_MODEL_INFER,4,4.032670371001586,10.097
STAGE_MODEL_INFER,4,4.083454727981007,10.1
STAGE_MODEL_INFER,4,4.13406138800201,10.1
STAGE_MODEL_INFER,4,4.184657766978489,10.305
STAGE_MODEL_INFER,4,4.2359984969953075,8.911
STAGE_MODEL_INFER,4,4.287807236978551,11.08
STAGE_MODEL_INFER,4,4.339152822998585,11.08
STAGE_MODEL_INFER,4,4.391214053990552,10.124
STAGE_MODEL_INFER,4,4.4418435499828774,10.124
STAGE_MODEL_INFER,4,4.4924005419889,10.201
STAGE_MODEL_INFER,4,4.545021914003883,10.201
STAGE_MODEL_INFER,4,4.6011953330016695,10.095
STAGE_MODEL_INFER,4,4.651813735981705,10.095
STAGE_MODEL_INFER,4,4.7024011759785935,14.043
STAGE_MODEL_INFER,4,4.758085453999229,6.022
STAGE_MODEL_INFER,4,4.811156580981333,6.022
STAGE_MODEL_INFER,4,4.862449976004427,10.205
STAGE_MODEL_INFER,4,4.91312994400505,10.205
STAGE_MODEL_INFER,4,4.9637420079961885,10.171
STAGE_MODEL_INFER,4,5.024312113004271,10.171
STAGE_MODEL_INFER,4,5.075375282991445,11.338
STAGE_MODEL_INFER,4,5.140515879000304,11.338
STAGE_MODEL_INFER,4,5.191979650000576,10.814
STAGE_MODEL_INFER,4,5.24335790699115,10.814
STAGE_MODEL_INFER,4,5.294836101005785,9.296
STAGE_MODEL_INFER,4,5.356095245981123,10.809
STAGE_MODEL_INFER,4,5.40793795400532,8.903
STAGE_MODEL_INFER,4,5.459644591988763,11.302
STAGE_MODEL_INFER,4,5.5109652479877695,10.29
STAGE_MODEL_INFER,4,5.574465212004725,10.13
STAGE_MODEL_INFER,4,5.625933651986998,10.269
STAGE_MODEL_INFER,4,5.677503810991766,9.997
STAGE_MODEL_INFER,4,5.728632330981782,9.591
STAGE_MODEL_INFER,4,5.792195296991849,12.357
STAGE_MODEL_INFER,4,5.843698800978018,12.357
STAGE_MODEL_INFER,4,5.896107578999363,10.192
STAGE_MODEL_INFER,4,5.946639301982941,10.93
STAGE_MODEL_INFER,4,6.00748105099774,10.93
STAGE_MODEL_INFER,4,6.058961656992324,9.875
STAGE_MODEL_INFER,4,6.115097050991608,9.845
STAGE_MODEL_INFER,4,6.165918490005424,10.013
STAGE_MODEL_INFER,4,6.2167836260050535,10.013
STAGE_MODEL_INFER,4,6.267722126998706,10.055
STAGE_MODEL_INFER,4,6.31862454599468,10.055
STAGE_MODEL_INFER,4,6.369337195996195,10.082
STAGE_MODEL_INFER,4,6.420073277986376,10.082
STAGE_MODEL_INFER,4,6.470605737005826,10.155
STAGE_MODEL_INFER,4,6.521008551993873,10.155
STAGE_MODEL_INFER,4,6.571458892984083,10.154
STAGE_MODEL_INFER,4,6.622047569981078,10.154
STAGE_MODEL_INFER,4,6.672565944987582,10.149
STAGE_MODEL_INFER,4,6.723096433997853,10.149
STAGE_MODEL_INFER,4,6.77386506399489,10.146
STAGE_MODEL_INFER,4,6.824269217991969,10.146
STAGE_MODEL_INFER,4,6.874733934004325,10.144
STAGE_MODEL_INFER,4,6.925156563986093,10.144
STAGE_MODEL_INFER,4,6.979245505004656,10.758
STAGE_MODEL_INFER,4,7.030618794990005,10.758
STAGE_MODEL_INFER,4,7.083678936003707,10.18
STAGE_MODEL_INFER,4,7.134311693982454,10.18
STAGE_MODEL_INFER,4,7.185112702980405,10.164
STAGE_MODEL_INFER,4,7.235640964994673,10.164
STAGE_MODEL_INFER,4,7.2862740219861735,10.158
STAGE_MODEL_INFER,4,7.336817900999449,10.158
STAGE_MODEL_INFER,4,7.38745589699829,10.15
STAGE_MODEL_INFER,4,7.438053285994101,10.15
STAGE_MODEL_INFER,4,7.488855875999434,10.161
STAGE_MODEL_INFER,4,7.539467903989134,10.161
STAGE_MODEL_INFER,4,7.590425256988965,10.164
STAGE_MODEL_INFER,4,7.641250210988801,10.164
STAGE_MODEL_INFER,4,7.6921845829929225,10.164
STAGE_MODEL_INFER,4,7.742808137001703,10.164
STAGE_MODEL_INFER,4,7.793355084984796,10.162
STAGE_MODEL_INFER,4,7.843948371999431,10.162
STAGE_MODEL_INFER,4,7.894698249991052,10.163
STAGE_MODEL_INFER,4,7.945334357995307,10.163
STAGE_MODEL_INFER,4,7.9959656430000905,10.161
STAGE_MODEL_INFER,4,8.046496136987116,10.161
STAGE_MODEL_INFER,4,8.097099079983309,10.159
STAGE_MODEL_INFER,4,8.147748177987523,10.159
STAGE_MODEL_INFER,4,8.198414604004938,10.153
STAGE_MODEL_INFER,4,8.249321943003451,10.153
STAGE_MODEL_INFER,4,8.29976580600487,10.15
STAGE_MODEL_INFER,4,8.350566482986324,10.15
STAGE_MODEL_INFER,4,8.401297379983589,10.151
STAGE_MODEL_INFER,4,8.4518477130041,10.151
STAGE_MODEL_INFER,4,8.502476497000316,10.156
STAGE_MODEL_INFER,4,8.553348833986092,10.156
STAGE_MODEL_INFER,4,8.60384456400061,10.151
STAGE_MODEL_INFER,4,8.65454490299453,10.148
STAGE_MODEL_INFER,4,8.70507731998805,10.148
STAGE_MODEL_INFER,4,8.755884149984922,10.149
STAGE_MODEL_INFER,4,8.80649964499753,10.149
STAGE_MODEL_INFER,4,8.857119905005675,10.147
STAGE_MODEL_INFER,4,8.907565019006142,10.147
STAGE_MODEL_INFER,4,8.95811674799188,10.145
STAGE_MODEL_INFER,4,9.008744266990107,10.145
STAGE_MODEL_INFER,4,9.05923870598781,10.144
STAGE_MODEL_INFER,4,9.109671769983834,10.144
STAGE_MODEL_INFER,4,9.170539630984422,10.555
STAGE_MODEL_INFER,4,9.221636861999286,10.555
STAGE_MODEL_INFER,4,9.275464312988333,10.112
STAGE_MODEL_INFER,4,9.325907021993771,10.112
STAGE_MODEL_INFER,4,9.38694982198649,11.462
STAGE_MODEL_INFER,4,9.438213132991223,11.462
STAGE_MODEL_INFER,4,9.491163108992623,10.133
STAGE_MODEL_INFER,4,9.541768464987399,10.133
STAGE_MODEL_INFER,4,9.592338065005606,10.125
STAGE_MODEL_INFER,4,9.64300847199047,10.125
STAGE_MODEL_INFER,4,9.693744674994377,11.922
STAGE_MODEL_INFER,4,9.746365425002296,11.922
STAGE_MODEL_INFER,4,9.79786962500657,10.018
STAGE_MODEL_INFER,4,9.848376612993889,10.018
STAGE_MODEL_INFER,4,9.898814197978936,10.069
STAGE_MODEL_INFER,4,9.949418713978957,10.069
STAGE_MODEL_INFER,4,9.999851696979022,10.561
STAGE_MODEL_INFER,4,10.051177852990804,10.561
STAGE_MODEL_INFER,4,10.107156982994638,9.992
STAGE_MODEL_INFER,4,10.157729726983234,10.125
STAGE_MODEL_INFER,4,10.208193833997939,10.125
STAGE_MODEL_INFER,4,10.258845351985656,10.13
STAGE_MODEL_INFER,4,10.309478098002728,10.13
STAGE_MODEL_INFER,4,10.360178204980912,11.343
STAGE_MODEL_INFER,4,10.411780302005354,10.175
STAGE_MODEL_INFER,4,10.47436038099113,10.197
STAGE_MODEL_INFER,4,10.525690744980238,10.346
STAGE_MODEL_INFER,4,10.577160162996734,9.726
STAGE_MODEL_INFER,4,10.628298645984614,9.726
STAGE_MODEL_INFER,4,10.679486957989866,10.083
STAGE_MODEL_INFER,4,10.730003954988206,10.083
STAGE_MODEL_INFER,4,10.780700959003298,10.083
STAGE_MODEL_INFER,4,10.831348918000003,10.083
STAGE_MODEL_INFER,4,10.881812473991886,9.726
STAGE_MODEL_INFER,4,10.934055799996713,9.726
STAGE_MODEL_INFER,4,10.990352499997243,10.207
STAGE_MODEL_INFER,4,11.04090145797818,10.207
STAGE_MODEL_INFER,4,11.09138448399608,10.164
STAGE_MODEL_INFER,4,11.142051275994163,10.164
STAGE_MODEL_INFER,4,11.192621133988723,10.158
STAGE_MODEL_INFER,4,11.243233346991474,10.158
STAGE_MODEL_INFER,4,11.293808638991322,10.155
STAGE_MODEL_INFER,4,11.344432866986608,10.155
STAGE_MODEL_INFER,4,11.395305017998908,10.157
STAGE_MODEL_INFER,4,11.44584800399025,10.157
STAGE_MODEL_INFER,4,11.496646797982976,9.265
STAGE_MODEL_INFER,4,11.559600584005238,11.095
STAGE_MODEL_INFER,4,11.611352923006052,11.095
STAGE_MODEL_INFER,4,11.663860569999088,10.131
STAGE_MODEL_INFER,4,11.714442447002511,10.131
STAGE_MODEL_INFER,4,11.764904765994288,10.135
STAGE_MODEL_INFER,4,11.81539464299567,10.135
STAGE_MODEL_INFER,4,11.866022111993516,10.119
STAGE_MODEL_INFER,4,11.916565906984033,10.119
STAGE_MODEL_INFER,4,11.967183022003155,14.068
STAGE_MODEL_INFER,4,12.019250069977716,14.068
STAGE_MODEL_INFER,4,12.077201290987432,14.747
STAGE_MODEL_INFER,4,12.128540451987647,14.747
STAGE_MODEL_INFER,4,12.180140620999737,10.134
STAGE_MODEL_INFER,4,12.230996333004441,10.134
STAGE_MODEL_INFER,4,12.282017552992329,10.113
STAGE_MODEL_INFER,4,12.332801571988966,10.113
STAGE_MODEL_INFER,4,12.38383544498356,10.114
STAGE_MODEL_INFER,4,12.434765874990262,10.114
STAGE_MODEL_INFER,4,12.485440431977622,6.518
STAGE_MODEL_INFER,4,12.537122101988643,6.518
STAGE_MODEL_INFER,4,12.59020805900218,10.99
STAGE_MODEL_INFER,4,12.642753480002284,10.99
STAGE_MODEL_INFER,4,12.694291182997404,10.096
STAGE_MODEL_INFER,4,12.745101921987953,10.096
STAGE_MODEL_INFER,4,12.795841816987377,10.093
STAGE_MODEL_INFER,4,12.846611210989067,10.093
STAGE_MODEL_INFER,4,12.897384916985175,10.976
STAGE_MODEL_INFER,4,12.94905099098105,10.976
STAGE_MODEL_INFER,4,13.00841308600502,10.095
STAGE_MODEL_INFER,4,13.05942504198174,10.105
STAGE_MODEL_INFER,4,13.110145079990616,10.105
STAGE_MODEL_INFER,4,13.160606647987152,10.126
STAGE_MODEL_INFER,4,13.21131617599167,10.126
STAGE_MODEL_INFER,4,13.261949890002143,10.116
STAGE_MODEL_INFER,4,13.31253841999569,10.116
STAGE_MODEL_INFER,4,13.363116951979464,10.124
STAGE_MODEL_INFER,4,13.413777256995672,10.124
STAGE_MODEL_INFER,4,13.464310551004019,10.126
STAGE_MODEL_INFER,4,13.514867463993141,10.126
STAGE_MODEL_INFER,4,13.565478998003528,10.117
STAGE_MODEL_INFER,4,13.616113673982909,10.117
STAGE_MODEL_INFER,4,13.666743346984731,10.145
STAGE_MODEL_INFER,4,13.717344826989574,10.145
STAGE_MODEL_INFER,4,13.768237232987303,10.14
STAGE_MODEL_INFER,4,13.819114040001296,10.14
STAGE_MODEL_INFER,4,13.869701058982173,10.137
STAGE_MODEL_INFER,4,13.920225584995933,10.137
STAGE_MODEL_INFER,4,13.970803523989161,10.137
STAGE_MODEL_INFER,4,14.021222084993497,10.137
STAGE_MODEL_INFER,4,14.071680733992252,10.14
STAGE_MODEL_INFER,4,14.122237075003795,10.14
STAGE_MODEL_INFER,4,14.172785005997866,10.143
STAGE_MODEL_INFER,4,14.223559987993212,10.143
STAGE_MODEL_INFER,4,14.274305009981617,10.139
STAGE_MODEL_INFER,4,14.325214960990706,10.139
STAGE_MODEL_INFER,4,14.375768673984567,10.146
STAGE_MODEL_INFER,4,14.426393768982962,10.146
STAGE_MODEL_INFER,4,14.477064670005348,10.143
STAGE_MODEL_INFER,4,14.527480404998641,10.143
STAGE_MODEL_INFER,4,14.578009975986788,10.142
STAGE_MODEL_INFER,4,14.62892912098323,10.142
STAGE_MODEL_INFER,4,14.679901653988054,10.148
STAGE_MODEL_INFER,4,14.730909331003204,10.148
STAGE_MODEL_INFER,4,14.781400506006321,10.13
STAGE_MODEL_INFER,4,14.832208773004822,10.13
STAGE_MODEL_INFER,4,14.883439915982308,10.131
STAGE_MODEL_INFER,4,14.934002535999753,10.131
STAGE_MODEL_INFER,4,14.984544643986737,10.131
STAGE_MODEL_INFER,4,15.035073035978712,10.131
STAGE_MODEL_INFER,4,15.085670243977802,10.127
STAGE_MODEL_INFER,4,15.136185426003067,10.127
STAGE_MODEL_INFER,4,15.18673790898174,10.125
STAGE_MODEL_INFER,4,15.237422674981644,10.125
STAGE_MODEL_INFER,4,15.287996572005795,10.118
STAGE_MODEL_INFER,4,15.338623938005185,10.118
STAGE_MODEL_INFER,4,15.389100455999142,10.116
STAGE_MODEL_INFER,4,15.439660356001696,10.116
STAGE_MODEL_INFER,4,15.490205798996612,10.109
STAGE_MODEL_INFER,4,15.540742498997133,10.109
STAGE_MODEL_INFER,4,15.591355165990535,10.106
STAGE_MODEL_INFER,4,15.641812828980619,10.106
STAGE_MODEL_INFER,4,15.69223542700638,13.81
STAGE_MODEL_INFER,4,15.743647300987504,17.056
STAGE_MODEL_INFER,4,15.80466355397948,17.056
STAGE_MODEL_INFER,4,15.856129727006191,6.175
STAGE_MODEL_INFER,4,15.910885172983399,6.175
STAGE_MODEL_INFER,4,15.962137578986585,10.252
STAGE_MODEL_INFER,4,16.01250869600335,10.252
STAGE_MODEL_INFER,4,16.06288677698467,10.18
STAGE_MODEL_INFER,4,16.113316108996514,10.18
STAGE_MODEL_INFER,4,16.163788224977907,10.148
STAGE_MODEL_INFER,4,16.214295568002854,10.148
STAGE_MODEL_INFER,4,16.264864533994114,9.691
STAGE_MODEL_INFER,4,16.316103574004956,9.691
STAGE_MODEL_INFER,4,16.36835963500198,10.045
STAGE_MODEL_INFER,4,16.41913871798897,10.045
STAGE_MODEL_INFER,4,16.469535157986684,11.063
STAGE_MODEL_INFER,4,16.523886418988695,8.986
STAGE_MODEL_INFER,4,16.575118601002032,11.518
STAGE_MODEL_INFER,4,16.62646690098336,11.518
STAGE_MODEL_INFER,4,16.68348009098554,10.113
STAGE_MODEL_INFER,4,16.73394004799775,10.113
STAGE_MODEL_INFER,4,16.78437197598396,10.129
STAGE_MODEL_INFER,4,16.834891674981918,10.129
STAGE_MODEL_INFER,4,16.88534544900176,10.499
STAGE_MODEL_INFER,4,16.93660744599765,10.499
STAGE_MODEL_INFER,4,16.98916283098515,10.158
STAGE_MODEL_INFER,4,17.039766357978806,10.158
STAGE_MODEL_INFER,4,17.090313449996756,10.108
STAGE_MODEL_INFER,4,17.140788974997122,10.108
STAGE_MODEL_INFER,4,17.19114972098032,10.127
STAGE_MODEL_INFER,4,17.241570686979685,10.127
STAGE_MODEL_INFER,4,17.292065874004038,10.107
STAGE_MODEL_INFER,4,17.34256555698812,10.107
STAGE_MODEL_INFER,4,17.39303891599411,10.815
STAGE_MODEL_INFER,4,17.447724080993794,10.815
STAGE_MODEL_INFER,4,17.49931242398452,10.124
STAGE_MODEL_INFER,4,17.549830161005957,10.124
STAGE_MODEL_INFER,4,17.600359161006054,10.254
STAGE_MODEL_INFER,4,17.65173180398415,10.112
STAGE_MODEL_INFER,4,17.702459286985686,10.112
STAGE_MODEL_INFER,4,17.753041143005248,10.121
STAGE_MODEL_INFER,4,17.803584524983307,10.121
STAGE_MODEL_INFER,4,17.854179113986902,10.127
STAGE_MODEL_INFER,4,17.904599692003103,10.127
STAGE_MODEL_INFER,4,17.955073226999957,10.129
STAGE_MODEL_INFER,4,18.00560919198324,10.129
STAGE_MODEL_INFER,4,18.056134577986086,10.831
STAGE_MODEL_INFER,4,18.108945629996015,10.831
STAGE_MODEL_INFER,4,18.16181199098355,10.139
STAGE_MODEL_INFER,4,18.21225782399415,10.139
STAGE_MODEL_INFER,4,18.26276970197796,17.86
STAGE_MODEL_INFER,4,18.32024117000401,17.86
STAGE_MODEL_INFER,4,18.371663094003452,10.123
STAGE_MODEL_INFER,4,18.422201574983774,10.123
STAGE_MODEL_INFER,4,18.472668421978597,10.127
STAGE_MODEL_INFER,4,18.523063470987836,10.127
STAGE_MODEL_INFER,4,18.573468098999,6.697
STAGE_MODEL_INFER,4,18.63165826999466,6.697
STAGE_MODEL_INFER,4,18.68300715199439,11.186
STAGE_MODEL_INFER,4,18.73541875000228,11.186
STAGE_MODEL_INFER,4,18.78674552499433,10.143
STAGE_MODEL_INFER,4,18.844253553979797,10.143
STAGE_MODEL_INFER,4,18.894647585984785,10.584
STAGE_MODEL_INFER,4,18.949286041985033,10.068
STAGE_MODEL_INFER,4,19.000690079992637,10.111
STAGE_MODEL_INFER,4,19.05126955398009,11.551
STAGE_MODEL_INFER,4,19.110299175983528,11.551
STAGE_MODEL_INFER,4,19.16174129198771,10.151
STAGE_MODEL_INFER,4,19.212201327987714,10.151
STAGE_MODEL_INFER,4,19.262630619981792,11.945
STAGE_MODEL_INFER,4,19.31560955400346,11.945
STAGE_MODEL_INFER,4,19.368600457994035,10.17
STAGE_MODEL_INFER,4,19.41925232898211,10.17
STAGE_MODEL_INFER,4,19.469707090000156,10.138
STAGE_MODEL_INFER,4,19.5203966969857,10.138
STAGE_MODEL_INFER,4,19.570954280992737,6.145
STAGE_MODEL_INFER,4,19.62233294098405,6.145
STAGE_MODEL_INFER,4,19.673641811998095,10.701
STAGE_MODEL_INFER,4,19.724352566991,10.701
STAGE_MODEL_INFER,4,19.77509794398793,10.426
STAGE_MODEL_INFER,4,19.825563755992334,10.426
STAGE_MODEL_INFER,4,19.876169833994936,11.088
STAGE_MODEL_INFER,4,19.92826584400609,11.088
STAGE_MODEL_INFER,4,19.979661694989773,10.151
STAGE_MODEL_INFER,4,20.030205139977625,10.151
STAGE_MODEL_INFER,4,20.080754947004607,9.884
STAGE_MODEL_INFER,4,20.132167109986767,9.884
STAGE_MODEL_INFER,4,20.18543829798,10.139
STAGE_MODEL_INFER,4,20.236082847986836,10.139
STAGE_MODEL_INFER,4,20.286825769988354,11.443
STAGE_MODEL_INFER,4,20.344063967000693,11.443
STAGE_MODEL_INFER,4,20.395268884982215,10.188
STAGE_MODEL_INFER,4,20.445698441006243,10.188
STAGE_MODEL_INFER,4,20.49623738398077,10.172
STAGE_MODEL_INFER,4,20.54734776300029,10.172
STAGE_MODEL_INFER,4,20.598030063003534,16.526
STAGE_MODEL_INFER,4,20.649391818005824,10.178
STAGE_MODEL_INFER,4,20.700006875995314,10.178
STAGE_MODEL_INFER,4,20.750873080978636,10.19
STAGE_MODEL_INFER,4,20.801548138988437,10.19
STAGE_MODEL_INFER,4,20.852420805982547,10.192
STAGE_MODEL_INFER,4,20.902959238999756,10.192
STAGE_MODEL_INFER,4,20.95367378098308,10.487
STAGE_MODEL_INFER,4,21.004865261988016,6.247
STAGE_MODEL_INFER,4,21.05709345100331,11.208
STAGE_MODEL_INFER,4,21.112730820983415,11.208
STAGE_MODEL_INFER,4,21.16429095697822,10.159
STAGE_MODEL_INFER,4,21.214792710990878,10.159
STAGE_MODEL_INFER,4,21.265505580988247,10.332
STAGE_MODEL_INFER,4,21.31704061399796,8.877
STAGE_MODEL_INFER,4,21.368545206991257,11.218
STAGE_MODEL_INFER,4,21.422911005996866,8.851
STAGE_MODEL_INFER,4,21.474250876985025,11.667
STAGE_MODEL_INFER,4,21.52572472198517,10.023
STAGE_MODEL_INFER,4,21.57712554797763,10.794
STAGE_MODEL_INFER,4,21.628260808996856,10.794
STAGE_MODEL_INFER,4,21.68038725099177,10.182
STAGE_MODEL_INFER,4,21.731054534990108,10.182
STAGE_MODEL_INFER,4,21.788018919993192,12.93
STAGE_MODEL_INFER,4,21.839124489983078,12.93
STAGE_MODEL_INFER,4,21.89187729600235,10.178
STAGE_MODEL_INFER,4,21.94237485199119,10.178
STAGE_MODEL_INFER,4,21.99286458399729,10.15
STAGE_MODEL_INFER,4,22.04339197499212,10.15
STAGE_MODEL_INFER,4,22.09393230098067,10.138
STAGE_MODEL_INFER,4,22.144445315003395,10.138
STAGE_MODEL_INFER,4,22.19497951900121,10.143
STAGE_MODEL_INFER,4,22.24542521298281,10.143
STAGE_MODEL_INFER,4,22.29596258100355,8.65
STAGE_MODEL_INFER,4,22.347712591988966,10.86
STAGE_MODEL_INFER,4,22.400546902004862,9.961
STAGE_MODEL_INFER,4,22.453396942990366,9.945
STAGE_MODEL_INFER,4,22.507927192986244,9.945
STAGE_MODEL_INFER,4,22.562902998994105,10.232
STAGE_MODEL_INFER,4,22.613572981994366,10.232
STAGE_MODEL_INFER,4,22.66431997899781,11.632
STAGE_MODEL_INFER,4,22.72107337397756,9.572
STAGE_MODEL_INFER,4,22.77276406000601,11.145
STAGE_MODEL_INFER,4,22.823953639977844,10.256
STAGE_MODEL_INFER,4,22.875329194997903,10.188
STAGE_MODEL_INFER,4,22.926687556988327,10.188
STAGE_MODEL_INFER,4,22.979307384986896,10.149
STAGE_MODEL_INFER,4,23.030065753002418,10.149
STAGE_MODEL_INFER,4,23.08055398397846,13.955
STAGE_MODEL_INFER,4,23.13329555199016,13.955
STAGE_MODEL_INFER,4,23.185065818979638,10.158
STAGE_MODEL_INFER,4,23.23577913598274,10.158
STAGE_MODEL_INFER,4,23.286290043994086,13.771
STAGE_MODEL_INFER,4,23.33822364298976,13.771
STAGE_MODEL_INFER,4,23.39271384399035,10.522
STAGE_MODEL_INFER,4,23.44335341200349,10.522
STAGE_MODEL_INFER,4,23.49383128900081,10.9
STAGE_MODEL_INFER,4,23.54899580698111,10.034
STAGE_MODEL_INFER,4,23.599943915003678,10.034
STAGE_MODEL_INFER,4,23.650765155995032,10.034
STAGE_MODEL_INFER,4,23.70150808399194,10.272
STAGE_MODEL_INFER,4,23.75322216199129,10.171
STAGE_MODEL_INFER,4,23.806167431001086,10.183
STAGE_MODEL_INFER,4,23.85694049097947,10.156
STAGE_MODEL_INFER,4,23.907532526005525,10.156
STAGE_MODEL_INFER,4,23.958231580996653,10.176
STAGE_MODEL_INFER,4,24.00880305300234,10.176
STAGE_MODEL_INFER,4,24.05932632900658,10.149
STAGE_MODEL_INFER,4,24.1099458639801,10.149
STAGE_MODEL_INFER,4,24.160624615004053,10.144
STAGE_MODEL_INFER,4,24.211312719999114,10.144
STAGE_MODEL_INFER,4,24.26172461998067,10.141
STAGE_MODEL_INFER,4,24.312295504991198,10.141
STAGE_MODEL_INFER,4,24.36299647198757,10.125
STAGE_MODEL_INFER,4,24.413639834005153,10.125
STAGE_MODEL_INFER,4,24.464074246992823,6.225
STAGE_MODEL_INFER,4,24.521701021993067,6.225
STAGE_MODEL_INFER,4,24.573049871978583,10.768
STAGE_MODEL_INFER,4,24.623456585977692,10.768
STAGE_MODEL_INFER,4,24.674042665981688,10.652
STAGE_MODEL_INFER,4,24.725339434982743,10.652
STAGE_MODEL_INFER,4,24.781018584995763,10.116
STAGE_MODEL_INFER,4,24.831425152980955,10.116
STAGE_MODEL_INFER,4,24.881927658978384,10.123
STAGE_MODEL_INFER,4,24.932584066991694,10.123
STAGE_MODEL_INFER,4,24.983297055005096,10.124
STAGE_MODEL_INFER,4,25.03379189700354,10.124
STAGE_MODEL_INFER,4,25.08441391697852,10.118
STAGE_MODEL_INFER,4,25.13513250500546,10.118
STAGE_MODEL_INFER,4,25.18559285698575,10.117
STAGE_MODEL_INFER,4,25.23613310098881,10.117
STAGE_MODEL_INFER,4,25.286653422983363,10.242
STAGE_MODEL_INFER,4,25.3378954109794,10.242
STAGE_MODEL_INFER,4,25.39251797599718,10.098
STAGE_MODEL_INFER,4,25.442948541982332,10.098
STAGE_MODEL_INFER,4,25.493496938986937,10.053
STAGE_MODEL_INFER,4,25.544058836996555,10.053
STAGE_MODEL_INFER,4,25.595068288006587,10.074
STAGE_MODEL_INFER,4,25.64582085798611,10.074
STAGE_MODEL_INFER,4,25.696705979004037,10.074
STAGE_MODEL_INFER,4,25.747398798994254,10.065
STAGE_MODEL_INFER,4,25.798350114986533,10.065
STAGE_MODEL_INFER,4,25.84889345499687,10.095
STAGE_MODEL_INFER,4,25.899790565978037,10.095
STAGE_MODEL_INFER,4,25.950438742991537,10.088
STAGE_MODEL_INFER,4,26.001498467987403,10.088
STAGE_MODEL_INFER,4,26.052500827994663,10.105
STAGE_MODEL_INFER,4,26.10309694998432,10.105
STAGE_MODEL_INFER,4,26.153812687000027,10.096
STAGE_MODEL_INFER,4,26.204354077985045,10.096
STAGE_MODEL_INFER,4,26.25489464099519,10.101
STAGE_MODEL_INFER,4,26.30555261700647,10.101
STAGE_MODEL_INFER,4,26.35618249498657,10.102
STAGE_MODEL_INFER,4,26.406726001005154,10.102
STAGE_MODEL_INFER,4,26.457256770983804,10.096
STAGE_MODEL_INFER,4,26.507752948004054,10.096
STAGE_MODEL_INFER,4,26.558502956002485,10.103
STAGE_MODEL_INFER,4,26.60894265800016,10.103
STAGE_MODEL_INFER,4,26.659444627992343,10.105
STAGE_MODEL_INFER,4,26.70999631099403,10.105
STAGE_MODEL_INFER,4,26.76077828797861,10.108
STAGE_MODEL_INFER,4,26.811333570978604,10.108
STAGE_MODEL_INFER,4,26.8622088249831,10.113
STAGE_MODEL_INFER,4,26.91289736199542,10.113
STAGE_MODEL_INFER,4,26.963378410990117,10.098
STAGE_MODEL_INFER,4,27.014024859003257,10.098
STAGE_MODEL_INFER,4,27.0646015679813,10.105
STAGE_MODEL_INFER,4,27.11510611398262,10.105
STAGE_MODEL_INFER,4,27.165803658979712,10.096
STAGE_MODEL_INFER,4,27.21672354900511,10.096
STAGE_MODEL_INFER,4,27.267192875006003,10.095
STAGE_MODEL_INFER,4,27.317791463981848,10.095
STAGE_MODEL_INFER,4,27.368572634004522,10.105
STAGE_MODEL_INFER,4,27.419576350977877,10.105
STAGE_MODEL_INFER,4,27.47006772700115,10.106
STAGE_MODEL_INFER,4,27.52116940097767,10.106
STAGE_MODEL_INFER,4,27.571641496004304,10.119
STAGE_MODEL_INFER,4,27.622459715988953,10.119
STAGE_MODEL_INFER,4,27.67302616799134,10.114
STAGE_MODEL_INFER,4,27.723805663990788,10.114
STAGE_MODEL_INFER,4,27.774567073996877,10.114
STAGE_MODEL_INFER,4,27.82520489199669,10.114
STAGE_MODEL_INFER,4,27.875668975000735,10.112
STAGE_MODEL_INFER,4,27.926096787996357,10.112
STAGE_MODEL_INFER,4,27.976719180005603,10.111
STAGE_MODEL_INFER,4,28.02753955600201,10.111
STAGE_MODEL_INFER,4,28.078081573999953,10.115
STAGE_MODEL_INFER,4,28.12859069998376,10.115
STAGE_MODEL_INFER,4,28.179136969993124,10.111
STAGE_MODEL_INFER,4,28.22994033098803,10.111
STAGE_MODEL_INFER,4,28.28046412099502,10.111
STAGE_MODEL_INFER,4,28.330894997983705,10.111
STAGE_MODEL_INFER,4,28.38160423998488,10.114
STAGE_MODEL_INFER,4,28.43277451398899,10.114
STAGE_MODEL_INFER,4,28.483564166002907,10.101
STAGE_MODEL_INFER,4,28.53465482700267,10.101
STAGE_MODEL_INFER,4,28.585742669005413,10.097
STAGE_MODEL_INFER,4,28.636657272989396,10.097
STAGE_MODEL_INFER,4,28.68724273898988,10.083
STAGE_MODEL_INFER,4,28.73784747198806,10.083
STAGE_MODEL_INFER,4,28.788258764980128,10.096
STAGE_MODEL_INFER,4,28.838882593991002,10.096
STAGE_MODEL_INFER,4,28.889416544989217,10.087
STAGE_MODEL_INFER,4,28.94121257599909,10.087
STAGE_MODEL_INFER,4,28.991732352995314,10.086
STAGE_MODEL_INFER,4,29.042289579985663,10.086
STAGE_MODEL_INFER,4,29.093223517993465,10.09
STAGE_MODEL_INFER,4,29.143887457001256,10.09
STAGE_MODEL_INFER,4,29.19450897499337,10.082
STAGE_MODEL_INFER,4,29.24500812898623,10.082
STAGE_MODEL_INFER,4,29.29570246199728,10.087
STAGE_MODEL_INFER,4,29.346421819005627,10.088
STAGE_MODEL_INFER,4,29.396943086991087,10.088
STAGE_MODEL_INFER,4,29.447380194993457,10.09
STAGE_MODEL_INFER,4,29.497794248978607,10.09
STAGE_MODEL_INFER,4,29.548182099999394,10.088
STAGE_MODEL_INFER,4,29.59857890798594,10.088
STAGE_MODEL_INFER,4,29.64906196098309,10.053
STAGE_MODEL_INFER,4,29.70208793398342,7.939
STAGE_MODEL_INFER,4,29.75329569299356,10.69
STAGE_MODEL_INFER,4,29.80767665899475,7.948
STAGE_MODEL_INFER,4,29.858762764983112,10.895
STAGE_MODEL_INFER,4,29.91101782399346,10.606
STAGE_MODEL_INFER,4,29.964632975985296,9.87
