stage,repeat,time_s,power_w
BASELINE_IDLE,0,0.0016561539960093796,6.734
BASELINE_IDLE,0,0.05252584000118077,6.734
BASELINE_IDLE,0,0.10338073200546205,6.734
BASELINE_IDLE,0,0.15448676701635122,6.734
BASELINE_IDLE,0,0.2056410130171571,6.734
BASELINE_IDLE,0,0.2566434290201869,6.734
BASELINE_IDLE,0,0.3078945330053102,6.734
BASELINE_IDLE,0,0.3588928910030518,6.734
BASELINE_IDLE,0,0.4098564800224267,6.734
BASELINE_IDLE,0,0.4606120749958791,6.734
BASELINE_IDLE,0,0.511446746008005,6.734
BASELINE_IDLE,0,0.5627525010204408,6.734
BASELINE_IDLE,0,0.6142515870160423,6.734
BASELINE_IDLE,0,0.6650083950080443,6.734
BASELINE_IDLE,0,0.7157618130149785,6.734
BASELINE_IDLE,0,0.7666300800046884,6.734
BASELINE_IDLE,0,0.8173851419996936,6.734
BASELINE_IDLE,0,0.8682019560073968,6.734
BASELINE_IDLE,0,0.9191978430026211,6.734
BASELINE_IDLE,0,0.969965560012497,6.697
BASELINE_IDLE,0,1.0205755930219311,6.697
BASELINE_IDLE,0,1.071244213002501,6.697
BASELINE_IDLE,0,1.1221920420066454,6.697
BASELINE_IDLE,0,1.173230278014671,6.697
BASELINE_IDLE,0,1.2241678110149223,6.697
BASELINE_IDLE,0,1.2758128959976602,6.697
BASELINE_IDLE,0,1.3270413920108695,6.697
BASELINE_IDLE,0,1.377966465021018,6.697
BASELINE_IDLE,0,1.4286451160151046,6.697
BASELINE_IDLE,0,1.4797623339982238,6.697
BASELINE_IDLE,0,1.5303557820152491,6.697
BASELINE_IDLE,0,1.5812756820232607,6.697
BASELINE_IDLE,0,1.632351792010013,6.697
BASELINE_IDLE,0,1.6835021850129124,6.697
BASELINE_IDLE,0,1.7340662920032628,6.697
BASELINE_IDLE,0,1.7849834880034905,6.697
BASELINE_IDLE,0,1.836091530014528,6.697
BASELINE_IDLE,0,1.8870772730151657,6.697
BASELINE_IDLE,0,1.9382750079967082,6.625
BASELINE_IDLE,0,1.9892709279956762,6.625
BASELINE_IDLE,0,2.0404941980086733,6.624
BASELINE_IDLE,0,2.0910764610162005,6.624
BASELINE_IDLE,0,2.1623357200005557,6.619
BASELINE_IDLE,0,2.213361510017421,6.619
BASELINE_IDLE,0,2.2641725080029573,6.438
BASELINE_IDLE,0,2.3151519810198806,6.438
BASELINE_IDLE,0,2.36610292000114,6.245
BASELINE_IDLE,0,2.417161820019828,6.245
BASELINE_IDLE,0,2.4681673040031455,6.086
BASELINE_IDLE,0,2.5194718340062536,6.086
BASELINE_IDLE,0,2.5704441830166616,5.942
BASELINE_IDLE,0,2.621538317995146,5.942
BASELINE_IDLE,0,2.6725375310052186,5.813
BASELINE_IDLE,0,2.7234594610054046,5.813
BASELINE_IDLE,0,2.774500680010533,5.703
BASELINE_IDLE,0,2.8255226440087426,5.601
BASELINE_IDLE,0,2.876800929021556,5.601
BASELINE_IDLE,0,2.9278381199983414,5.601
BASELINE_IDLE,0,2.9787174070079345,5.601
BASELINE_IDLE,0,3.029528773011407,5.601
BASELINE_IDLE,0,3.0805495800159406,5.601
BASELINE_IDLE,0,3.1318886570225004,5.601
BASELINE_IDLE,0,3.183255209994968,5.601
BASELINE_IDLE,0,3.23441179402289,5.601
BASELINE_IDLE,0,3.2851318350003567,5.601
BASELINE_IDLE,0,3.336116349004442,5.601
BASELINE_IDLE,0,3.387267268000869,5.601
BASELINE_IDLE,0,3.438208610023139,5.601
BASELINE_IDLE,0,3.4893391730147414,5.601
BASELINE_IDLE,0,3.54083060999983,5.601
BASELINE_IDLE,0,3.5920366210048087,5.601
BASELINE_IDLE,0,3.6430439579999074,5.601
BASELINE_IDLE,0,3.694297969021136,5.601
BASELINE_IDLE,0,3.7456393860047683,5.601
BASELINE_IDLE,0,3.7967253859969787,5.601
BASELINE_IDLE,0,3.84803211200051,3.639
BASELINE_IDLE,0,3.8991660549945664,3.639
BASELINE_IDLE,0,3.950559298013104,3.639
BASELINE_IDLE,0,4.00169783399906,3.639
BASELINE_IDLE,0,4.053067963017384,3.639
BASELINE_IDLE,0,4.104224742011866,3.639
BASELINE_IDLE,0,4.155241043015849,3.639
BASELINE_IDLE,0,4.206308127002558,3.639
BASELINE_IDLE,0,4.257485970010748,3.639
BASELINE_IDLE,0,4.3089938960038126,3.639
BASELINE_IDLE,0,4.360313366021728,3.639
BASELINE_IDLE,0,4.411793873005081,3.639
BASELINE_IDLE,0,4.462802198017016,3.639
BASELINE_IDLE,0,4.513700305018574,3.639
BASELINE_IDLE,0,4.564684587996453,3.639
BASELINE_IDLE,0,4.615774077014066,3.639
BASELINE_IDLE,0,4.666824606014416,3.639
BASELINE_IDLE,0,4.717789723013993,3.639
BASELINE_IDLE,0,4.768698786007008,3.639
BASELINE_IDLE,0,4.820010399998864,3.639
BASELINE_IDLE,0,4.871054337010719,2.678
BASELINE_IDLE,0,4.9219553580041975,2.678
BASELINE_IDLE,0,4.973119249014417,2.678
BASELINE_IDLE,0,5.024286836007377,2.678
BASELINE_IDLE,0,5.075395585998194,2.678
BASELINE_IDLE,0,5.1262008290214,2.678
BASELINE_IDLE,0,5.177572193002561,2.678
BASELINE_IDLE,0,5.228504127997439,2.678
BASELINE_IDLE,0,5.279329861019505,2.678
BASELINE_IDLE,0,5.330591175996233,2.678
BASELINE_IDLE,0,5.3819075009960216,2.678
BASELINE_IDLE,0,5.433525007014396,2.678
BASELINE_IDLE,0,5.484560687007615,2.678
BASELINE_IDLE,0,5.5357969860197045,2.678
BASELINE_IDLE,0,5.5873382599966135,2.678
BASELINE_IDLE,0,5.6384308590204455,2.678
BASELINE_IDLE,0,5.689681620016927,2.678
BASELINE_IDLE,0,5.741194179019658,2.678
BASELINE_IDLE,0,5.792208202998154,2.678
BASELINE_IDLE,0,5.8435416010033805,1.719
BASELINE_IDLE,0,5.894955074007157,1.719
BASELINE_IDLE,0,5.945873745018616,1.719
BASELINE_IDLE,0,5.996934755996335,1.719
BASELINE_IDLE,0,6.047910263005178,1.719
BASELINE_IDLE,0,6.098911776003661,1.719
BASELINE_IDLE,0,6.149792800017167,1.719
BASELINE_IDLE,0,6.200790276023326,1.719
BASELINE_IDLE,0,6.2518154669960495,1.719
BASELINE_IDLE,0,6.302925038995454,1.719
BASELINE_IDLE,0,6.3539460280153435,1.719
BASELINE_IDLE,0,6.404970557021443,1.719
BASELINE_IDLE,0,6.456012475013267,1.719
BASELINE_IDLE,0,6.506832155020675,1.695
BASELINE_IDLE,0,6.557880342006683,1.699
BASELINE_IDLE,0,6.60893256100826,1.699
BASELINE_IDLE,0,6.6600081880169455,1.709
BASELINE_IDLE,0,6.710958081006538,1.709
BASELINE_IDLE,0,6.7616953960096,1.715
BASELINE_IDLE,0,6.8122924780182075,1.715
BASELINE_IDLE,0,6.863059160008561,1.725
BASELINE_IDLE,0,6.914027774007991,1.725
BASELINE_IDLE,0,6.964894450007705,1.752
BASELINE_IDLE,0,7.0157506380055565,1.752
BASELINE_IDLE,0,7.066728706995491,1.765
BASELINE_IDLE,0,7.117676524998387,1.765
BASELINE_IDLE,0,7.168707719014492,1.771
BASELINE_IDLE,0,7.219611250009621,1.771
BASELINE_IDLE,0,7.270612737018382,1.793
BASELINE_IDLE,0,7.32182210101746,1.793
BASELINE_IDLE,0,7.372523505997378,1.797
BASELINE_IDLE,0,7.423161884013098,1.801
BASELINE_IDLE,0,7.480421895015752,1.801
BASELINE_IDLE,0,7.531259956012946,1.801
BASELINE_IDLE,0,7.5823019680101424,1.801
BASELINE_IDLE,0,7.6332599360030144,1.801
BASELINE_IDLE,0,7.68408181599807,1.801
BASELINE_IDLE,0,7.734913232998224,1.801
BASELINE_IDLE,0,7.785830341017572,1.801
BASELINE_IDLE,0,7.836838660005014,1.801
BASELINE_IDLE,0,7.88769390701782,1.801
BASELINE_IDLE,0,7.938440810015891,1.801
BASELINE_IDLE,0,7.989307829004247,1.801
BASELINE_IDLE,0,8.040233050996903,1.801
BASELINE_IDLE,0,8.091103009006474,1.801
BASELINE_IDLE,0,8.1421482989972,1.801
BASELINE_IDLE,0,8.193136119021801,1.801
BASELINE_IDLE,0,8.244034653995186,1.801
BASELINE_IDLE,0,8.294876013009343,1.801
BASELINE_IDLE,0,8.34585482699913,1.801
BASELINE_IDLE,0,8.396749474020908,1.801
BASELINE_IDLE,0,8.447639013000298,1.657
BASELINE_IDLE,0,8.499525440012803,1.657
BASELINE_IDLE,0,8.551653939997777,1.748
BASELINE_IDLE,0,8.603671643009875,1.748
BASELINE_IDLE,0,8.655595329008065,1.698
BASELINE_IDLE,0,8.70770430599805,1.698
BASELINE_IDLE,0,8.759288946021115,1.935
BASELINE_IDLE,0,8.811907479015645,1.935
BASELINE_IDLE,0,8.864178710005945,1.811
BASELINE_IDLE,0,8.91580309800338,1.811
BASELINE_IDLE,0,8.968143541016616,1.587
BASELINE_IDLE,0,9.020153698016657,1.587
BASELINE_IDLE,0,9.072429724998074,1.657
BASELINE_IDLE,0,9.12386461001006,1.785
BASELINE_IDLE,0,9.1753631879983,1.785
BASELINE_IDLE,0,9.227032294002129,1.672
BASELINE_IDLE,0,9.278516959020635,1.672
BASELINE_IDLE,0,9.329982566996478,1.616
BASELINE_IDLE,0,9.381708330009133,1.616
BASELINE_IDLE,0,9.433152024023002,2.609
BASELINE_IDLE,0,9.484589316009078,2.609
BASELINE_IDLE,0,9.536379035009304,1.771
BASELINE_IDLE,0,9.588100174005376,1.771
BASELINE_IDLE,0,9.639587711018976,1.703
BASELINE_IDLE,0,9.691448330995627,1.703
BASELINE_IDLE,0,9.743219306023093,1.638
BASELINE_IDLE,0,9.795014044997515,1.638
BASELINE_IDLE,0,9.846560070000123,1.758
BASELINE_IDLE,0,9.898405144020217,1.758
BASELINE_IDLE,0,9.950676590000512,1.602
BASELINE_IDLE,0,10.002542625006754,1.602
BASELINE_IDLE,0,10.0540961100196,1.644
BASELINE_IDLE,0,10.105862340016756,1.644
BASELINE_IDLE,0,10.157693779008696,1.599
BASELINE_IDLE,0,10.20998801800306,1.599
BASELINE_IDLE,0,10.261712061008438,1.67
BASELINE_IDLE,0,10.313216780021321,1.67
BASELINE_IDLE,0,10.364762048004195,1.601
BASELINE_IDLE,0,10.41675549201318,1.692
BASELINE_IDLE,0,10.468793114006985,2.117
BASELINE_IDLE,0,10.520576857001288,1.744
BASELINE_IDLE,0,10.572140391013818,1.744
BASELINE_IDLE,0,10.623959631018806,2.837
BASELINE_IDLE,0,10.676223522023065,2.837
BASELINE_IDLE,0,10.728349439013982,1.621
BASELINE_IDLE,0,10.78046473901486,1.621
BASELINE_IDLE,0,10.832500909018563,2.287
BASELINE_IDLE,0,10.8841901459964,2.287
BASELINE_IDLE,0,10.935823192005046,1.735
BASELINE_IDLE,0,10.98815384201589,1.735
BASELINE_IDLE,0,11.039990535995457,1.679
BASELINE_IDLE,0,11.091784023010405,1.679
BASELINE_IDLE,0,11.143243043014081,1.686
BASELINE_IDLE,0,11.19504311401397,1.686
BASELINE_IDLE,0,11.246798080013832,1.666
BASELINE_IDLE,0,11.299008422007319,1.812
BASELINE_IDLE,0,11.350919450022047,1.831
BASELINE_IDLE,0,11.403525408997666,1.849
BASELINE_IDLE,0,11.45546116802143,1.845
BASELINE_IDLE,0,11.50734290201217,1.845
BASELINE_IDLE,0,11.55975108599523,1.774
BASELINE_IDLE,0,11.611531107017072,1.774
BASELINE_IDLE,0,11.66387323802337,1.699
BASELINE_IDLE,0,11.715823428006843,1.687
BASELINE_IDLE,0,11.768512047012337,2.265
BASELINE_IDLE,0,11.821141952998005,2.7
BASELINE_IDLE,0,11.87298469300731,2.7
BASELINE_IDLE,0,11.92563306199736,1.881
BASELINE_IDLE,0,11.983835107996128,3.11
BASELINE_IDLE,0,12.034850680996897,2.867
BASELINE_IDLE,0,12.085721292998642,2.867
BASELINE_IDLE,0,12.136929493019124,2.599
BASELINE_IDLE,0,12.188937782018911,2.599
BASELINE_IDLE,0,12.24078615300823,2.604
BASELINE_IDLE,0,12.291880850010784,2.604
BASELINE_IDLE,0,12.343210559018189,2.591
BASELINE_IDLE,0,12.394771038001636,2.591
BASELINE_IDLE,0,12.445951304020127,2.587
BASELINE_IDLE,0,12.497049880999839,2.587
BASELINE_IDLE,0,12.54793441601214,2.597
BASELINE_IDLE,0,12.598948004015256,2.597
BASELINE_IDLE,0,12.649731940997299,2.601
BASELINE_IDLE,0,12.70064253101009,2.601
BASELINE_IDLE,0,12.751957996020792,2.598
BASELINE_IDLE,0,12.802961241017329,2.598
BASELINE_IDLE,0,12.853767829015851,2.598
BASELINE_IDLE,0,12.904492030007532,2.598
BASELINE_IDLE,0,12.955567419994622,2.598
BASELINE_IDLE,0,13.006542234012159,2.598
BASELINE_IDLE,0,13.057817255001282,2.598
BASELINE_IDLE,0,13.108952534006676,2.598
BASELINE_IDLE,0,13.159918165998533,2.598
BASELINE_IDLE,0,13.210984813020332,2.598
BASELINE_IDLE,0,13.262134798016632,2.598
BASELINE_IDLE,0,13.313188104017172,2.598
BASELINE_IDLE,0,13.364700250996975,2.598
BASELINE_IDLE,0,13.415700342011405,2.598
BASELINE_IDLE,0,13.466476443019928,2.598
BASELINE_IDLE,0,13.51734353302163,2.598
BASELINE_IDLE,0,13.568429177015787,2.598
BASELINE_IDLE,0,13.619373484019889,2.598
BASELINE_IDLE,0,13.670416419015964,2.598
BASELINE_IDLE,0,13.721463880006922,2.598
BASELINE_IDLE,0,13.77283323300071,2.598
BASELINE_IDLE,0,13.82424655900104,1.86
BASELINE_IDLE,0,13.875629637012025,1.86
BASELINE_IDLE,0,13.926917705015512,1.86
BASELINE_IDLE,0,13.978095599013614,1.86
BASELINE_IDLE,0,14.029201600002125,1.86
BASELINE_IDLE,0,14.08008851899649,1.86
BASELINE_IDLE,0,14.131264555995585,1.86
BASELINE_IDLE,0,14.182354112999747,1.86
BASELINE_IDLE,0,14.233690855005989,1.86
BASELINE_IDLE,0,14.284590726019815,1.86
BASELINE_IDLE,0,14.335814526013564,1.86
BASELINE_IDLE,0,14.386598862009123,1.86
BASELINE_IDLE,0,14.437439518020255,1.86
BASELINE_IDLE,0,14.488529277005,1.86
BASELINE_IDLE,0,14.539592304994585,1.86
BASELINE_IDLE,0,14.590582788019674,1.86
BASELINE_IDLE,0,14.64187658499577,1.86
BASELINE_IDLE,0,14.693142463016557,1.86
BASELINE_IDLE,0,14.744297716009896,1.86
BASELINE_IDLE,0,14.79553807299817,1.86
BASELINE_IDLE,0,14.846618362003937,1.739
BASELINE_IDLE,0,14.897777469013818,1.739
BASELINE_IDLE,0,14.949393020011485,1.739
BASELINE_IDLE,0,15.000764488009736,1.739
STAGE_MODEL_POLICY,0,0.0013973670138511807,1.739
STAGE_MODEL_POLICY,0,0.052230764005798846,1.712
STAGE_MODEL_POLICY,0,0.10309190902626142,1.964
STAGE_MODEL_POLICY,0,0.1538597310136538,1.964
STAGE_MODEL_POLICY,0,0.20451716001844034,2.202
STAGE_MODEL_POLICY,0,0.2553273689991329,2.202
STAGE_MODEL_POLICY,0,0.3063018820248544,2.448
STAGE_MODEL_POLICY,0,0.35796388701419346,2.448
STAGE_MODEL_POLICY,0,0.40847410101559944,3.765
STAGE_MODEL_POLICY,0,0.45912454000790603,3.765
STAGE_MODEL_POLICY,0,0.5098140980117023,4.573
STAGE_MODEL_POLICY,0,0.560577207012102,4.573
STAGE_MODEL_POLICY,0,0.611298602016177,5.227
STAGE_MODEL_POLICY,0,0.6620101730222814,5.227
STAGE_MODEL_POLICY,0,0.7128907620208338,5.808
STAGE_MODEL_POLICY,0,0.7635980110208038,5.808
STAGE_MODEL_POLICY,0,0.8143703020177782,6.331
STAGE_MODEL_POLICY,0,0.8649496100260876,6.331
STAGE_MODEL_POLICY,0,0.9158441890031099,11.455
STAGE_MODEL_POLICY,0,0.9668518870021217,11.455
STAGE_MODEL_POLICY,0,1.0175999170169234,11.854
STAGE_MODEL_POLICY,0,1.0688409530266654,14.512
STAGE_MODEL_POLICY,0,1.1196132160257548,14.512
STAGE_MODEL_POLICY,0,1.170162036025431,15.31
STAGE_MODEL_POLICY,0,1.2210420070041437,15.31
STAGE_MODEL_POLICY,0,1.271667792025255,16.125
STAGE_MODEL_POLICY,0,1.3222481230041012,16.125
STAGE_MODEL_POLICY,0,1.3730028380232397,17.078
STAGE_MODEL_POLICY,0,1.4237377310055308,17.078
STAGE_MODEL_POLICY,0,1.474343897018116,16.408
STAGE_MODEL_POLICY,0,1.5249102070229128,16.408
STAGE_MODEL_POLICY,0,1.575537124008406,16.303
STAGE_MODEL_POLICY,0,1.6263002780033275,16.303
STAGE_MODEL_POLICY,0,1.6769385270017665,16.303
STAGE_MODEL_POLICY,0,1.7277979370264802,16.303
STAGE_MODEL_POLICY,0,1.7789140189997852,16.312
STAGE_MODEL_POLICY,0,1.8297897840093356,16.312
STAGE_MODEL_POLICY,0,1.8806347170029767,16.318
STAGE_MODEL_POLICY,0,1.9315927970164921,16.318
STAGE_MODEL_POLICY,0,1.9822789120080415,16.321
STAGE_MODEL_POLICY,0,2.0331818330159876,16.321
STAGE_MODEL_POLICY,0,2.0842683350201696,16.328
STAGE_MODEL_POLICY,0,2.1347540090209804,16.328
STAGE_MODEL_POLICY,0,2.185333203000482,16.324
STAGE_MODEL_POLICY,0,2.2357906330144033,16.324
STAGE_MODEL_POLICY,0,2.2865206230198964,16.323
STAGE_MODEL_POLICY,0,2.3371295110264327,16.323
STAGE_MODEL_POLICY,0,2.3875126570055727,15.915
STAGE_MODEL_POLICY,0,2.437890248023905,15.915
STAGE_MODEL_POLICY,0,2.488246400025673,15.372
STAGE_MODEL_POLICY,0,2.538808297016658,15.372
STAGE_MODEL_POLICY,0,2.5892031000112183,14.835
STAGE_MODEL_POLICY,0,2.6397027780185454,14.835
STAGE_MODEL_POLICY,0,2.6900876430154312,14.291
STAGE_MODEL_POLICY,0,2.7406838730094023,14.291
STAGE_MODEL_POLICY,0,2.791162535024341,13.747
STAGE_MODEL_POLICY,0,2.8418136530090123,13.747
STAGE_MODEL_POLICY,0,2.8923012590094004,13.201
STAGE_MODEL_POLICY,0,2.942808279010933,13.201
STAGE_MODEL_POLICY,0,2.9936160040088,12.655
STAGE_MODEL_POLICY,0,3.044342305016471,12.655
STAGE_MODEL_POLICY,0,3.095294315018691,12.115
STAGE_MODEL_POLICY,0,3.1458950510132127,12.115
STAGE_MODEL_POLICY,0,3.1964519240136724,11.558
STAGE_MODEL_POLICY,0,3.2472130540118087,11.558
STAGE_MODEL_POLICY,0,3.298180976009462,11.004
STAGE_MODEL_POLICY,0,3.349267616024008,11.004
STAGE_MODEL_POLICY,0,3.400424497027416,10.452
STAGE_MODEL_POLICY,0,3.4513482230249792,10.452
STAGE_MODEL_POLICY,0,3.5019467670063023,10.312
STAGE_MODEL_POLICY,0,3.552607932011597,10.312
STAGE_MODEL_POLICY,0,3.6030862950137816,10.301
STAGE_MODEL_POLICY,0,3.6537685390212573,10.301
STAGE_MODEL_POLICY,0,3.7043036270188168,10.287
STAGE_MODEL_POLICY,0,3.755237155011855,10.287
STAGE_MODEL_POLICY,0,3.8058065450168215,10.277
STAGE_MODEL_POLICY,0,3.856341914011864,10.277
STAGE_MODEL_POLICY,0,3.9071029250044376,10.266
STAGE_MODEL_POLICY,0,3.9576958600082435,10.266
STAGE_MODEL_POLICY,0,4.008336085011251,10.257
STAGE_MODEL_POLICY,0,4.058896491013002,10.257
STAGE_MODEL_POLICY,0,4.109747752023395,10.247
STAGE_MODEL_POLICY,0,4.160882474010577,10.247
STAGE_MODEL_POLICY,0,4.211575541005004,10.237
STAGE_MODEL_POLICY,0,4.2624855160247535,10.237
STAGE_MODEL_POLICY,0,4.313120747014182,10.239
STAGE_MODEL_POLICY,0,4.363549830013653,10.239
STAGE_MODEL_POLICY,0,4.414341576019069,10.24
STAGE_MODEL_POLICY,0,4.465256239025621,10.24
STAGE_MODEL_POLICY,0,4.516104694019305,10.24
STAGE_MODEL_POLICY,0,4.567219410004327,10.242
STAGE_MODEL_POLICY,0,4.61788601000444,10.242
STAGE_MODEL_POLICY,0,4.668645351019222,10.246
STAGE_MODEL_POLICY,0,4.7192162350111175,10.246
STAGE_MODEL_POLICY,0,4.769778679008596,10.25
STAGE_MODEL_POLICY,0,4.82053074502619,10.25
STAGE_MODEL_POLICY,0,4.87119457902736,10.254
STAGE_MODEL_POLICY,0,4.921945523004979,10.254
STAGE_MODEL_POLICY,0,4.97297573601827,10.259
STAGE_MODEL_POLICY,0,5.02339923902764,10.259
STAGE_MODEL_POLICY,0,5.074063076026505,10.265
STAGE_MODEL_POLICY,0,5.124446691013873,10.265
STAGE_MODEL_POLICY,0,5.1751561560085975,10.27
STAGE_MODEL_POLICY,0,5.225710474012885,10.27
STAGE_MODEL_POLICY,0,5.276305644016247,10.276
STAGE_MODEL_POLICY,0,5.326862404006533,10.276
STAGE_MODEL_POLICY,0,5.377266823023092,10.28
STAGE_MODEL_POLICY,0,5.427659761015093,10.28
STAGE_MODEL_POLICY,0,5.481354334013304,10.288
STAGE_MODEL_POLICY,0,5.53171290300088,10.288
STAGE_MODEL_POLICY,0,5.5823385280091316,10.294
STAGE_MODEL_POLICY,0,5.633082578016911,10.294
STAGE_MODEL_POLICY,0,5.683583004021784,10.296
STAGE_MODEL_POLICY,0,5.734266031999141,10.296
STAGE_MODEL_POLICY,0,5.7848681150062475,10.303
STAGE_MODEL_POLICY,0,5.835485994000919,10.303
STAGE_MODEL_POLICY,0,5.886093929002527,10.023
STAGE_MODEL_POLICY,0,5.937697721004952,10.023
STAGE_MODEL_POLICY,0,5.992270180024207,10.355
STAGE_MODEL_POLICY,0,6.042917523009237,10.355
STAGE_MODEL_POLICY,0,6.093524770025397,9.551
STAGE_MODEL_POLICY,0,6.149859116005246,9.551
STAGE_MODEL_POLICY,0,6.201045412017265,10.343
STAGE_MODEL_POLICY,0,6.251586397003848,10.343
STAGE_MODEL_POLICY,0,6.302051740000024,9.966
STAGE_MODEL_POLICY,0,6.3537429550196975,10.316
STAGE_MODEL_POLICY,0,6.405067971005337,10.318
STAGE_MODEL_POLICY,0,6.459797153016552,11.1
STAGE_MODEL_POLICY,0,6.513708462007344,6.452
STAGE_MODEL_POLICY,0,6.564992567000445,10.376
STAGE_MODEL_POLICY,0,6.618098089005798,10.309
STAGE_MODEL_POLICY,0,6.66865778301144,10.354
STAGE_MODEL_POLICY,0,6.7193794200138655,10.354
STAGE_MODEL_POLICY,0,6.769847636023769,10.357
STAGE_MODEL_POLICY,0,6.82035396801075,10.357
STAGE_MODEL_POLICY,0,6.870858772017527,10.358
STAGE_MODEL_POLICY,0,6.9214796730084345,10.358
STAGE_MODEL_POLICY,0,6.972104800021043,10.366
STAGE_MODEL_POLICY,0,7.022579317010241,10.366
STAGE_MODEL_POLICY,0,7.073141073022271,10.369
STAGE_MODEL_POLICY,0,7.123574730008841,10.369
STAGE_MODEL_POLICY,0,7.174132673011627,10.37
STAGE_MODEL_POLICY,0,7.224616611027159,10.37
STAGE_MODEL_POLICY,0,7.275113192008575,10.373
STAGE_MODEL_POLICY,0,7.325752954027848,10.373
STAGE_MODEL_POLICY,0,7.376385736017255,10.38
STAGE_MODEL_POLICY,0,7.427066018019104,10.38
STAGE_MODEL_POLICY,0,7.478695657016942,9.594
STAGE_MODEL_POLICY,0,7.532978515024297,9.594
STAGE_MODEL_POLICY,0,7.585381553013576,10.457
STAGE_MODEL_POLICY,0,7.635852555016754,10.457
STAGE_MODEL_POLICY,0,7.686377519014059,9.117
STAGE_MODEL_POLICY,0,7.744390732026659,9.117
STAGE_MODEL_POLICY,0,7.801476838008966,10.384
STAGE_MODEL_POLICY,0,7.8520494470139965,10.384
STAGE_MODEL_POLICY,0,7.902676406025421,6.189
STAGE_MODEL_POLICY,0,7.957411643001251,6.189
STAGE_MODEL_POLICY,0,8.010073091019876,10.129
STAGE_MODEL_POLICY,0,8.061186674021883,10.129
STAGE_MODEL_POLICY,0,8.114128222019644,10.026
STAGE_MODEL_POLICY,0,8.164589978026925,10.026
STAGE_MODEL_POLICY,0,8.215066524018766,10.332
STAGE_MODEL_POLICY,0,8.266393873025663,10.421
STAGE_MODEL_POLICY,0,8.316802564018872,10.421
STAGE_MODEL_POLICY,0,8.36729848801042,10.067
STAGE_MODEL_POLICY,0,8.42002362300991,10.067
STAGE_MODEL_POLICY,0,8.474317811022047,10.405
STAGE_MODEL_POLICY,0,8.524843201012118,10.405
STAGE_MODEL_POLICY,0,8.575384138006484,10.409
STAGE_MODEL_POLICY,0,8.625874630000908,10.409
STAGE_MODEL_POLICY,0,8.684849559009308,9.891
STAGE_MODEL_POLICY,0,8.736016751005081,9.891
STAGE_MODEL_POLICY,0,8.789934883010574,10.422
STAGE_MODEL_POLICY,0,8.840513059025398,10.422
STAGE_MODEL_POLICY,0,8.890936409006827,10.416
STAGE_MODEL_POLICY,0,8.941531260003103,10.416
STAGE_MODEL_POLICY,0,8.992062964010984,10.427
STAGE_MODEL_POLICY,0,9.04255956801353,10.427
STAGE_MODEL_POLICY,0,9.093197886017151,10.425
STAGE_MODEL_POLICY,0,9.143814009003108,10.425
STAGE_MODEL_POLICY,0,9.194350368023152,6.42
STAGE_MODEL_POLICY,0,9.246899828023743,6.42
STAGE_MODEL_POLICY,0,9.298075832019094,10.605
STAGE_MODEL_POLICY,0,9.349012851016596,10.605
STAGE_MODEL_POLICY,0,9.399544523010263,10.027
STAGE_MODEL_POLICY,0,9.450820178026333,10.027
STAGE_MODEL_POLICY,0,9.505412838014308,10.459
STAGE_MODEL_POLICY,0,9.556645463017048,10.459
STAGE_MODEL_POLICY,0,9.607251402019756,10.274
STAGE_MODEL_POLICY,0,9.66026374802459,10.274
STAGE_MODEL_POLICY,0,9.711514967028052,10.456
STAGE_MODEL_POLICY,0,9.762073944002623,10.456
STAGE_MODEL_POLICY,0,9.8127697550226,10.456
STAGE_MODEL_POLICY,0,9.863111723010661,10.456
STAGE_MODEL_POLICY,0,9.91358455302543,9.077
STAGE_MODEL_POLICY,0,9.96488937502727,10.469
STAGE_MODEL_POLICY,0,10.020021208008984,10.47
STAGE_MODEL_POLICY,0,10.070469076017616,11.151
STAGE_MODEL_POLICY,0,10.122240173019236,11.151
STAGE_MODEL_POLICY,0,10.175759507023031,10.445
STAGE_MODEL_POLICY,0,10.226507593004499,10.445
STAGE_MODEL_POLICY,0,10.277019302011468,10.436
STAGE_MODEL_POLICY,0,10.327504904009402,10.436
STAGE_MODEL_POLICY,0,10.378089725010796,10.448
STAGE_MODEL_POLICY,0,10.428660634002881,10.448
STAGE_MODEL_POLICY,0,10.479344265011605,10.441
STAGE_MODEL_POLICY,0,10.530158914014464,10.441
STAGE_MODEL_POLICY,0,10.580803596007172,10.243
STAGE_MODEL_POLICY,0,10.635324012022465,10.243
STAGE_MODEL_POLICY,0,10.686909511015983,10.416
STAGE_MODEL_POLICY,0,10.73752814900945,10.416
STAGE_MODEL_POLICY,0,10.787956337007927,10.413
STAGE_MODEL_POLICY,0,10.83857717399951,10.413
STAGE_MODEL_POLICY,0,10.889159115002258,10.522
STAGE_MODEL_POLICY,0,10.9407493120234,10.522
STAGE_MODEL_POLICY,0,10.99272148302407,10.479
STAGE_MODEL_POLICY,0,11.0431439410022,10.479
STAGE_MODEL_POLICY,0,11.093641238025157,9.817
STAGE_MODEL_POLICY,0,11.146422339021228,9.817
STAGE_MODEL_POLICY,0,11.197892554017017,10.508
STAGE_MODEL_POLICY,0,11.248401377000846,10.508
STAGE_MODEL_POLICY,0,11.299228537012823,10.52
STAGE_MODEL_POLICY,0,11.349954361008713,10.52
STAGE_MODEL_POLICY,0,11.40574322201428,6.252
STAGE_MODEL_POLICY,0,11.45699161401717,6.252
STAGE_MODEL_POLICY,0,11.510800077026943,10.49
STAGE_MODEL_POLICY,0,11.561387677007588,10.49
STAGE_MODEL_POLICY,0,11.611990357021568,10.489
STAGE_MODEL_POLICY,0,11.662503074010601,10.489
STAGE_MODEL_POLICY,0,11.713087641022867,10.757
STAGE_MODEL_POLICY,0,11.769695145019796,10.439
STAGE_MODEL_POLICY,0,11.82028860101127,10.439
STAGE_MODEL_POLICY,0,11.8707718810183,10.456
STAGE_MODEL_POLICY,0,11.921378569008084,10.456
STAGE_MODEL_POLICY,0,11.97189202401205,10.769
STAGE_MODEL_POLICY,0,12.024821256025461,10.769
STAGE_MODEL_POLICY,0,12.076192674023332,10.573
STAGE_MODEL_POLICY,0,12.126626213022973,10.573
STAGE_MODEL_POLICY,0,12.177183317020535,9.22
STAGE_MODEL_POLICY,0,12.228374217025703,11.55
STAGE_MODEL_POLICY,0,12.280499523010803,9.683
STAGE_MODEL_POLICY,0,12.331956383015495,10.248
STAGE_MODEL_POLICY,0,12.393899650021922,10.69
STAGE_MODEL_POLICY,0,12.445076058007544,10.37
STAGE_MODEL_POLICY,0,12.496358041011263,11.181
STAGE_MODEL_POLICY,0,12.547620958008338,11.064
STAGE_MODEL_POLICY,0,12.606431719003012,8.112
STAGE_MODEL_POLICY,0,12.65784780701506,8.112
STAGE_MODEL_POLICY,0,12.710219512024196,10.506
STAGE_MODEL_POLICY,0,12.760850863007363,10.506
STAGE_MODEL_POLICY,0,12.811744645005092,6.521
STAGE_MODEL_POLICY,0,12.864682930026902,10.724
STAGE_MODEL_POLICY,0,12.915276271000039,10.724
STAGE_MODEL_POLICY,0,12.966184337012237,10.608
STAGE_MODEL_POLICY,0,13.01691054701223,10.608
STAGE_MODEL_POLICY,0,13.067748350003967,9.898
STAGE_MODEL_POLICY,0,13.124861927004531,9.898
STAGE_MODEL_POLICY,0,13.182052194024436,10.511
STAGE_MODEL_POLICY,0,13.232925453019561,10.511
STAGE_MODEL_POLICY,0,13.283500496007036,10.388
STAGE_MODEL_POLICY,0,13.340051376027986,10.388
STAGE_MODEL_POLICY,0,13.391483711020555,10.515
STAGE_MODEL_POLICY,0,13.442122951004421,10.515
STAGE_MODEL_POLICY,0,13.492593764007324,10.502
STAGE_MODEL_POLICY,0,13.543312393012457,10.502
STAGE_MODEL_POLICY,0,13.59376681401045,10.502
STAGE_MODEL_POLICY,0,13.644330584007548,10.502
STAGE_MODEL_POLICY,0,13.695102282013977,10.505
STAGE_MODEL_POLICY,0,13.745696219004458,10.505
STAGE_MODEL_POLICY,0,13.796595591004007,10.498
STAGE_MODEL_POLICY,0,13.84714404400438,10.498
STAGE_MODEL_POLICY,0,13.897625333018368,10.502
STAGE_MODEL_POLICY,0,13.948110430006636,10.502
STAGE_MODEL_POLICY,0,13.998797643027501,10.497
STAGE_MODEL_POLICY,0,14.04954031802481,10.497
STAGE_MODEL_POLICY,0,14.100313311006175,10.495
STAGE_MODEL_POLICY,0,14.15103813802125,10.495
STAGE_MODEL_POLICY,0,14.201914966019103,10.497
STAGE_MODEL_POLICY,0,14.252638939011376,10.497
STAGE_MODEL_POLICY,0,14.303247508010827,10.497
STAGE_MODEL_POLICY,0,14.353916842024773,10.497
STAGE_MODEL_POLICY,0,14.404401210020296,10.499
STAGE_MODEL_POLICY,0,14.455288529017707,10.499
STAGE_MODEL_POLICY,0,14.505720379005652,10.494
STAGE_MODEL_POLICY,0,14.556156759004807,10.494
STAGE_MODEL_POLICY,0,14.606835942016914,10.514
STAGE_MODEL_POLICY,0,14.657325259002391,10.514
STAGE_MODEL_POLICY,0,14.707769616012229,10.513
STAGE_MODEL_POLICY,0,14.758155407005688,10.513
STAGE_MODEL_POLICY,0,14.808767031005118,10.511
STAGE_MODEL_POLICY,0,14.859288213017862,10.511
STAGE_MODEL_POLICY,0,14.909790958015947,10.513
STAGE_MODEL_POLICY,0,14.960284941014834,10.513
STAGE_MODEL_POLICY,0,15.010787138016894,10.511
STAGE_MODEL_POLICY,0,15.061381034000078,10.511
STAGE_MODEL_POLICY,0,15.111985732015455,10.51
STAGE_MODEL_POLICY,0,15.162983095011441,10.511
STAGE_MODEL_POLICY,0,15.213884581025923,10.511
STAGE_MODEL_POLICY,0,15.26428968901746,10.508
STAGE_MODEL_POLICY,0,15.31488052100758,10.508
STAGE_MODEL_POLICY,0,15.365532047027955,10.501
STAGE_MODEL_POLICY,0,15.416205549001461,10.501
STAGE_MODEL_POLICY,0,15.466758894006489,10.501
STAGE_MODEL_POLICY,0,15.517372554022586,10.481
STAGE_MODEL_POLICY,0,15.568086809013039,10.5
STAGE_MODEL_POLICY,0,15.618611562007573,10.5
STAGE_MODEL_POLICY,0,15.669059404026484,10.479
STAGE_MODEL_POLICY,0,15.719584315025713,10.479
STAGE_MODEL_POLICY,0,15.770008965017041,10.474
STAGE_MODEL_POLICY,0,15.820499201014172,10.474
STAGE_MODEL_POLICY,0,15.87108967200038,10.471
STAGE_MODEL_POLICY,0,15.921553627005778,10.471
STAGE_MODEL_POLICY,0,15.971916563023115,9.968
STAGE_MODEL_POLICY,0,16.024013686022954,9.968
STAGE_MODEL_POLICY,0,16.07510213102796,10.466
STAGE_MODEL_POLICY,0,16.12547149101738,10.466
STAGE_MODEL_POLICY,0,16.17593697801931,10.456
STAGE_MODEL_POLICY,0,16.226335536019178,10.456
STAGE_MODEL_POLICY,0,16.27680633100681,10.449
STAGE_MODEL_POLICY,0,16.327281780017074,10.449
STAGE_MODEL_POLICY,0,16.377903477026848,10.461
STAGE_MODEL_POLICY,0,16.4420419280068,10.461
STAGE_MODEL_POLICY,0,16.492487355018966,10.455
STAGE_MODEL_POLICY,0,16.54290094602038,10.455
STAGE_MODEL_POLICY,0,16.593412912014173,10.448
STAGE_MODEL_POLICY,0,16.644089174020337,10.448
STAGE_MODEL_POLICY,0,16.694746619003126,10.451
STAGE_MODEL_POLICY,0,16.74525976701989,10.451
STAGE_MODEL_POLICY,0,16.795787650014972,9.925
STAGE_MODEL_POLICY,0,16.84704804501962,9.925
STAGE_MODEL_POLICY,0,16.902100628009066,10.493
STAGE_MODEL_POLICY,0,16.953271201025927,10.493
STAGE_MODEL_POLICY,0,17.003839687007712,10.225
STAGE_MODEL_POLICY,0,17.05761194002116,10.225
STAGE_MODEL_POLICY,0,17.108963812002912,10.403
STAGE_MODEL_POLICY,0,17.15942177802208,10.403
STAGE_MODEL_POLICY,0,17.210072302026674,9.576
STAGE_MODEL_POLICY,0,17.261580282007344,10.473
STAGE_MODEL_POLICY,0,17.31551867100643,10.408
STAGE_MODEL_POLICY,0,17.36619092602632,11.075
STAGE_MODEL_POLICY,0,17.419911780016264,11.075
STAGE_MODEL_POLICY,0,17.473935911024455,10.462
STAGE_MODEL_POLICY,0,17.524621011019917,10.462
STAGE_MODEL_POLICY,0,17.575048942002468,10.442
STAGE_MODEL_POLICY,0,17.625415671005612,10.442
STAGE_MODEL_POLICY,0,17.676000939012738,10.445
STAGE_MODEL_POLICY,0,17.726660860003904,10.445
STAGE_MODEL_POLICY,0,17.777136333024828,10.448
STAGE_MODEL_POLICY,0,17.8274504050205,10.448
STAGE_MODEL_POLICY,0,17.877968116023112,10.45
STAGE_MODEL_POLICY,0,17.928640266007278,10.45
STAGE_MODEL_POLICY,0,17.979198656015797,10.452
STAGE_MODEL_POLICY,0,18.030100668023806,10.452
STAGE_MODEL_POLICY,0,18.08091618202161,10.455
STAGE_MODEL_POLICY,0,18.131422195001505,10.455
STAGE_MODEL_POLICY,0,18.182081537001068,10.46
STAGE_MODEL_POLICY,0,18.23278232701705,10.46
STAGE_MODEL_POLICY,0,18.28330134600401,10.457
STAGE_MODEL_POLICY,0,18.333803094021278,10.457
STAGE_MODEL_POLICY,0,18.38430246702046,10.458
STAGE_MODEL_POLICY,0,18.435087512014434,10.458
STAGE_MODEL_POLICY,0,18.48575595600414,10.458
STAGE_MODEL_POLICY,0,18.53621822502464,10.458
STAGE_MODEL_POLICY,0,18.586644343013177,10.459
STAGE_MODEL_POLICY,0,18.63702893300797,10.459
STAGE_MODEL_POLICY,0,18.687632757006213,10.465
STAGE_MODEL_POLICY,0,18.738363793003373,10.465
STAGE_MODEL_POLICY,0,18.7890130970045,10.467
STAGE_MODEL_POLICY,0,18.83946739102248,10.467
STAGE_MODEL_POLICY,0,18.89008981900406,10.468
STAGE_MODEL_POLICY,0,18.94060363600147,10.468
STAGE_MODEL_POLICY,0,18.991308587021194,10.468
STAGE_MODEL_POLICY,0,19.04184882802656,10.468
STAGE_MODEL_POLICY,0,19.092300073010847,10.466
STAGE_MODEL_POLICY,0,19.142839299020125,10.466
STAGE_MODEL_POLICY,0,19.193645669001853,10.462
STAGE_MODEL_POLICY,0,19.244131181010744,10.462
STAGE_MODEL_POLICY,0,19.294748521002475,10.467
STAGE_MODEL_POLICY,0,19.345430772023974,10.467
STAGE_MODEL_POLICY,0,19.396052718017017,10.47
STAGE_MODEL_POLICY,0,19.446864212019136,10.47
STAGE_MODEL_POLICY,0,19.497487749002175,10.469
STAGE_MODEL_POLICY,0,19.54813679200015,10.469
STAGE_MODEL_POLICY,0,19.59872973500751,10.471
STAGE_MODEL_POLICY,0,19.64957406601752,10.471
STAGE_MODEL_POLICY,0,19.700187757000094,10.474
STAGE_MODEL_POLICY,0,19.750718003022484,10.474
STAGE_MODEL_POLICY,0,19.80142528601573,10.472
STAGE_MODEL_POLICY,0,19.852082726021763,10.472
STAGE_MODEL_POLICY,0,19.902637895022053,10.47
STAGE_MODEL_POLICY,0,19.95348718200694,10.47
STAGE_MODEL_POLICY,0,20.004100535006728,10.468
STAGE_MODEL_POLICY,0,20.054696960025467,10.468
STAGE_MODEL_POLICY,0,20.10539911701926,10.467
STAGE_MODEL_POLICY,0,20.155873775016516,10.467
STAGE_MODEL_POLICY,0,20.206561040016823,10.465
STAGE_MODEL_POLICY,0,20.256930059025763,10.465
STAGE_MODEL_POLICY,0,20.307445273007033,10.46
STAGE_MODEL_POLICY,0,20.3578925790207,10.46
STAGE_MODEL_POLICY,0,20.408623551018536,10.453
STAGE_MODEL_POLICY,0,20.459179501020117,10.453
STAGE_MODEL_POLICY,0,20.509767208015546,10.45
STAGE_MODEL_POLICY,0,20.560460293025244,10.45
STAGE_MODEL_POLICY,0,20.61105860801763,10.436
STAGE_MODEL_POLICY,0,20.661885327019263,10.439
STAGE_MODEL_POLICY,0,20.712492901016958,10.439
STAGE_MODEL_POLICY,0,20.76292177301366,10.429
STAGE_MODEL_POLICY,0,20.813500892021693,10.429
STAGE_MODEL_POLICY,0,20.863912375003565,10.425
STAGE_MODEL_POLICY,0,20.914394308027113,10.425
STAGE_MODEL_POLICY,0,20.964863975008484,10.421
STAGE_MODEL_POLICY,0,21.015433355001733,10.421
STAGE_MODEL_POLICY,0,21.06593262500246,10.419
STAGE_MODEL_POLICY,0,21.116390968003543,10.419
STAGE_MODEL_POLICY,0,21.16678324501845,10.417
STAGE_MODEL_POLICY,0,21.217415442020865,10.417
STAGE_MODEL_POLICY,0,21.268254506023368,10.417
STAGE_MODEL_POLICY,0,21.318763984018005,10.417
STAGE_MODEL_POLICY,0,21.369236166006885,10.419
STAGE_MODEL_POLICY,0,21.419843545008916,10.419
STAGE_MODEL_POLICY,0,21.470227773999795,10.418
STAGE_MODEL_POLICY,0,21.520750392024638,10.418
STAGE_MODEL_POLICY,0,21.571378382999683,10.413
STAGE_MODEL_POLICY,0,21.62225116000627,10.413
STAGE_MODEL_POLICY,0,21.67304395401152,10.423
STAGE_MODEL_POLICY,0,21.72399738500826,10.423
STAGE_MODEL_POLICY,0,21.774695147003513,10.421
STAGE_MODEL_POLICY,0,21.825226765999105,10.421
STAGE_MODEL_POLICY,0,21.875960297009442,10.42
STAGE_MODEL_POLICY,0,21.926560366002377,10.42
STAGE_MODEL_POLICY,0,21.977334655006416,10.418
STAGE_MODEL_POLICY,0,22.02784736600006,10.418
STAGE_MODEL_POLICY,0,22.078522462019464,10.42
STAGE_MODEL_POLICY,0,22.129083589999937,10.42
STAGE_MODEL_POLICY,0,22.185742749017663,10.845
STAGE_MODEL_POLICY,0,22.237122374004684,10.845
STAGE_MODEL_POLICY,0,22.290515328000765,10.379
STAGE_MODEL_POLICY,0,22.340988062001998,10.379
STAGE_MODEL_POLICY,0,22.39152305800235,7.011
STAGE_MODEL_POLICY,0,22.449960958008887,7.011
STAGE_MODEL_POLICY,0,22.50123234500643,8.376
STAGE_MODEL_POLICY,0,22.553702916018665,8.376
STAGE_MODEL_POLICY,0,22.60911701800069,10.713
STAGE_MODEL_POLICY,0,22.659690311003942,10.713
STAGE_MODEL_POLICY,0,22.710207897005603,10.535
STAGE_MODEL_POLICY,0,22.760762013000203,10.535
STAGE_MODEL_POLICY,0,22.811418898025295,10.513
STAGE_MODEL_POLICY,0,22.862187127000652,9.92
STAGE_MODEL_POLICY,0,22.913505920005264,9.92
STAGE_MODEL_POLICY,0,22.965063496027142,10.42
STAGE_MODEL_POLICY,0,23.015816965023987,10.42
STAGE_MODEL_POLICY,0,23.066257891012356,10.438
STAGE_MODEL_POLICY,0,23.116671016003238,10.438
STAGE_MODEL_POLICY,0,23.16706060100114,10.446
STAGE_MODEL_POLICY,0,23.21744997400674,10.446
STAGE_MODEL_POLICY,0,23.267804918024922,10.453
STAGE_MODEL_POLICY,0,23.31825206501526,10.453
STAGE_MODEL_POLICY,0,23.36873592901975,10.459
STAGE_MODEL_POLICY,0,23.419556861015735,10.459
STAGE_MODEL_POLICY,0,23.470258663001005,10.499
STAGE_MODEL_POLICY,0,23.52343717601616,10.499
STAGE_MODEL_POLICY,0,23.577154902013717,10.478
STAGE_MODEL_POLICY,0,23.627679237019038,10.478
STAGE_MODEL_POLICY,0,23.678300560015487,6.309
STAGE_MODEL_POLICY,0,23.73021917202277,6.309
STAGE_MODEL_POLICY,0,23.781397035025293,10.287
STAGE_MODEL_POLICY,0,23.83196417900035,10.287
STAGE_MODEL_POLICY,0,23.88256716899923,10.592
STAGE_MODEL_POLICY,0,23.933654669002863,10.592
STAGE_MODEL_POLICY,0,23.984908833022928,10.311
STAGE_MODEL_POLICY,0,24.03741671901662,10.311
STAGE_MODEL_POLICY,0,24.0931243240193,10.446
STAGE_MODEL_POLICY,0,24.143584509001812,10.446
STAGE_MODEL_POLICY,0,24.19404643101734,10.45
STAGE_MODEL_POLICY,0,24.244692904001568,10.45
STAGE_MODEL_POLICY,0,24.29520982102258,10.44
STAGE_MODEL_POLICY,0,24.345770204003202,10.44
STAGE_MODEL_POLICY,0,24.39629898100975,10.647
STAGE_MODEL_POLICY,0,24.449080796999624,10.647
STAGE_MODEL_POLICY,0,24.500557042018045,10.425
STAGE_MODEL_POLICY,0,24.551062151003862,10.425
STAGE_MODEL_POLICY,0,24.601652684999863,10.412
STAGE_MODEL_POLICY,0,24.652151367015904,10.412
STAGE_MODEL_POLICY,0,24.702670979022514,10.416
STAGE_MODEL_POLICY,0,24.75328313501086,10.416
STAGE_MODEL_POLICY,0,24.803784888004884,10.415
STAGE_MODEL_POLICY,0,24.854529223026475,10.415
STAGE_MODEL_POLICY,0,24.90714702400146,6.269
STAGE_MODEL_POLICY,0,24.958276287012268,6.269
STAGE_MODEL_POLICY,0,25.012130895018345,10.314
STAGE_MODEL_POLICY,0,25.062514463003026,10.402
STAGE_MODEL_POLICY,0,25.11301158700371,10.402
STAGE_MODEL_POLICY,0,25.16347670700634,10.723
STAGE_MODEL_POLICY,0,25.21670421800809,10.723
STAGE_MODEL_POLICY,0,25.27350998102338,10.398
STAGE_MODEL_POLICY,0,25.323865413025487,10.398
STAGE_MODEL_POLICY,0,25.37437880600919,10.082
STAGE_MODEL_POLICY,0,25.426856454025256,10.082
STAGE_MODEL_POLICY,0,25.4781183230225,10.456
STAGE_MODEL_POLICY,0,25.52857978301472,10.456
STAGE_MODEL_POLICY,0,25.579279560013674,10.445
STAGE_MODEL_POLICY,0,25.629822335002245,10.445
STAGE_MODEL_POLICY,0,25.68030846401234,9.717
STAGE_MODEL_POLICY,0,25.731687674007844,9.717
STAGE_MODEL_POLICY,0,25.784030152019113,10.43
STAGE_MODEL_POLICY,0,25.834520933014574,10.43
STAGE_MODEL_POLICY,0,25.885391073999926,10.436
STAGE_MODEL_POLICY,0,25.935767246002797,10.436
STAGE_MODEL_POLICY,0,25.986132429010468,10.435
STAGE_MODEL_POLICY,0,26.036627748020692,10.435
STAGE_MODEL_POLICY,0,26.087079802004155,10.432
STAGE_MODEL_POLICY,0,26.137596359010786,10.432
STAGE_MODEL_POLICY,0,26.18810658302391,10.436
STAGE_MODEL_POLICY,0,26.238499367027543,10.436
STAGE_MODEL_POLICY,0,26.288885142013896,10.435
STAGE_MODEL_POLICY,0,26.33936373400502,10.435
STAGE_MODEL_POLICY,0,26.39015671602101,10.439
STAGE_MODEL_POLICY,0,26.44065719700302,10.439
STAGE_MODEL_POLICY,0,26.491056649014354,10.226
STAGE_MODEL_POLICY,0,26.543869056011317,10.226
STAGE_MODEL_POLICY,0,26.597591969999485,10.483
STAGE_MODEL_POLICY,0,26.6542886980169,10.483
STAGE_MODEL_POLICY,0,26.704669249011204,10.901
STAGE_MODEL_POLICY,0,26.758798377006315,10.47
STAGE_MODEL_POLICY,0,26.810003178019542,10.468
STAGE_MODEL_POLICY,0,26.86041352900793,10.46
STAGE_MODEL_POLICY,0,26.910945087001892,10.46
STAGE_MODEL_POLICY,0,26.961605737014906,10.476
STAGE_MODEL_POLICY,0,27.012176129006548,10.476
STAGE_MODEL_POLICY,0,27.062812448013574,10.47
STAGE_MODEL_POLICY,0,27.113282212027116,10.47
STAGE_MODEL_POLICY,0,27.16369305300759,11.906
STAGE_MODEL_POLICY,0,27.22082909202436,11.906
STAGE_MODEL_POLICY,0,27.272052865999285,6.298
STAGE_MODEL_POLICY,0,27.323283543024445,6.298
STAGE_MODEL_POLICY,0,27.37776526401285,10.541
STAGE_MODEL_POLICY,0,27.42822373402305,10.541
STAGE_MODEL_POLICY,0,27.47876513702795,10.551
STAGE_MODEL_POLICY,0,27.530916873016395,10.551
STAGE_MODEL_POLICY,0,27.581374180008424,11.313
STAGE_MODEL_POLICY,0,27.63464619201841,11.313
STAGE_MODEL_POLICY,0,27.68628358200658,10.26
STAGE_MODEL_POLICY,0,27.739170896005817,10.26
STAGE_MODEL_POLICY,0,27.79044738301309,10.426
STAGE_MODEL_POLICY,0,27.840956191008445,10.426
STAGE_MODEL_POLICY,0,27.89147604300524,10.438
STAGE_MODEL_POLICY,0,27.942019140027696,10.438
STAGE_MODEL_POLICY,0,27.99253477502498,11.248
STAGE_MODEL_POLICY,0,28.045424488023855,11.285
STAGE_MODEL_POLICY,0,28.09779391300981,9.552
STAGE_MODEL_POLICY,0,28.149183095025364,9.552
STAGE_MODEL_POLICY,0,28.201088569010608,10.449
STAGE_MODEL_POLICY,0,28.25197391101392,10.449
STAGE_MODEL_POLICY,0,28.30262556101661,10.669
STAGE_MODEL_POLICY,0,28.35489110701019,10.944
STAGE_MODEL_POLICY,0,28.406575574015733,9.95
STAGE_MODEL_POLICY,0,28.45774612002424,8.535
STAGE_MODEL_POLICY,0,28.508948121016147,8.535
STAGE_MODEL_POLICY,0,28.560089764010627,6.387
STAGE_MODEL_POLICY,0,28.62270503002219,6.387
STAGE_MODEL_POLICY,0,28.674192485021194,10.971
STAGE_MODEL_POLICY,0,28.724788827006705,10.971
STAGE_MODEL_POLICY,0,28.77549175702734,10.811
STAGE_MODEL_POLICY,0,28.82809754801565,10.811
STAGE_MODEL_POLICY,0,28.879662332008593,10.488
STAGE_MODEL_POLICY,0,28.930419473006623,10.488
STAGE_MODEL_POLICY,0,28.98118210400571,10.043
STAGE_MODEL_POLICY,0,29.032791490026284,10.043
STAGE_MODEL_POLICY,0,29.085430713021196,10.485
STAGE_MODEL_POLICY,0,29.13589499000227,10.485
STAGE_MODEL_POLICY,0,29.186722553014988,11.245
STAGE_MODEL_POLICY,0,29.24162993201753,10.995
STAGE_MODEL_POLICY,0,29.295947585022077,9.876
STAGE_MODEL_POLICY,0,29.347335648024455,9.876
STAGE_MODEL_POLICY,0,29.39920145799988,10.488
STAGE_MODEL_POLICY,0,29.449783554999158,10.488
STAGE_MODEL_POLICY,0,29.500841504021082,10.476
STAGE_MODEL_POLICY,0,29.552380870009074,10.476
STAGE_MODEL_POLICY,0,29.602863997017266,12.733
STAGE_MODEL_POLICY,0,29.658201137004653,10.506
STAGE_MODEL_POLICY,0,29.70885623502545,10.506
STAGE_MODEL_POLICY,0,29.759513503027847,10.49
STAGE_MODEL_POLICY,0,29.809927039023023,10.49
STAGE_MODEL_POLICY,0,29.86035129602533,10.476
STAGE_MODEL_POLICY,0,29.910886500001652,10.476
STAGE_MODEL_POLICY,0,29.961785365012474,10.477
STAGE_FULL_PIPELINE,0,0.001493908988777548,10.477
STAGE_FULL_PIPELINE,0,0.05232057298417203,10.38
STAGE_FULL_PIPELINE,0,0.10292593500344083,10.38
STAGE_FULL_PIPELINE,0,0.1536432119901292,10.382
STAGE_FULL_PIPELINE,0,0.2040813000057824,10.382
STAGE_FULL_PIPELINE,0,0.254648405010812,10.393
STAGE_FULL_PIPELINE,0,0.30515968101099133,10.393
STAGE_FULL_PIPELINE,0,0.3557885769987479,10.393
STAGE_FULL_PIPELINE,0,0.40627589300856926,10.393
STAGE_FULL_PIPELINE,0,0.45741357799852267,10.403
STAGE_FULL_PIPELINE,0,0.5081915099872276,10.403
STAGE_FULL_PIPELINE,0,0.5588334529893473,10.411
STAGE_FULL_PIPELINE,0,0.609372254984919,10.411
STAGE_FULL_PIPELINE,0,0.6597746470069978,10.419
STAGE_FULL_PIPELINE,0,0.710251659998903,10.419
STAGE_FULL_PIPELINE,0,0.7607178129837848,10.415
STAGE_FULL_PIPELINE,0,0.8112119279976469,10.415
STAGE_FULL_PIPELINE,0,0.8615610169945285,10.419
STAGE_FULL_PIPELINE,0,0.911884912988171,10.419
STAGE_FULL_PIPELINE,0,0.9622538709954824,14.714
STAGE_FULL_PIPELINE,0,1.013495597988367,14.714
STAGE_FULL_PIPELINE,0,1.0682405449915677,10.23
STAGE_FULL_PIPELINE,0,1.118661977990996,10.23
STAGE_FULL_PIPELINE,0,1.1690455290081445,10.347
STAGE_FULL_PIPELINE,0,1.2194709889881779,10.347
STAGE_FULL_PIPELINE,0,1.269853500998579,10.656
STAGE_FULL_PIPELINE,0,1.323615878005512,10.656
STAGE_FULL_PIPELINE,0,1.3749583059980068,10.437
STAGE_FULL_PIPELINE,0,1.4256086550012697,10.437
STAGE_FULL_PIPELINE,0,1.476165559986839,10.436
STAGE_FULL_PIPELINE,0,1.5266280609939713,10.436
STAGE_FULL_PIPELINE,0,1.5771969670022372,10.464
STAGE_FULL_PIPELINE,0,1.6276861710066441,10.464
STAGE_FULL_PIPELINE,0,1.678346633008914,11.176
STAGE_FULL_PIPELINE,0,1.7297428789897822,11.176
STAGE_FULL_PIPELINE,0,1.7822971330024302,10.516
STAGE_FULL_PIPELINE,0,1.832737705000909,10.516
STAGE_FULL_PIPELINE,0,1.883218875998864,9.983
STAGE_FULL_PIPELINE,0,1.936256629996933,9.983
STAGE_FULL_PIPELINE,0,1.992355044989381,10.535
STAGE_FULL_PIPELINE,0,2.0430735429981723,10.535
STAGE_FULL_PIPELINE,0,2.093816926004365,10.51
STAGE_FULL_PIPELINE,0,2.144579045008868,10.51
STAGE_FULL_PIPELINE,0,2.195079833996715,10.494
STAGE_FULL_PIPELINE,0,2.245551116997376,10.505
STAGE_FULL_PIPELINE,0,2.2963811490044463,10.505
STAGE_FULL_PIPELINE,0,2.3470376399927773,10.5
STAGE_FULL_PIPELINE,0,2.397663329989882,10.5
STAGE_FULL_PIPELINE,0,2.448252006986877,10.488
STAGE_FULL_PIPELINE,0,2.498998777999077,10.488
STAGE_FULL_PIPELINE,0,2.5497915459854994,10.737
STAGE_FULL_PIPELINE,0,2.605986087990459,10.737
STAGE_FULL_PIPELINE,0,2.65720642299857,10.474
STAGE_FULL_PIPELINE,0,2.7078341580054257,10.474
STAGE_FULL_PIPELINE,0,2.758367187983822,10.466
STAGE_FULL_PIPELINE,0,2.808832089009229,10.466
STAGE_FULL_PIPELINE,0,2.859206433990039,10.448
STAGE_FULL_PIPELINE,0,2.909649540000828,10.448
STAGE_FULL_PIPELINE,0,2.960079634009162,10.478
STAGE_FULL_PIPELINE,0,3.010422839986859,10.478
STAGE_FULL_PIPELINE,0,3.0762076989922207,12.968
STAGE_FULL_PIPELINE,0,3.129118415992707,11.487
STAGE_FULL_PIPELINE,0,3.1802966200048104,9.68
STAGE_FULL_PIPELINE,0,3.231555340986233,9.68
STAGE_FULL_PIPELINE,0,3.2827886139857583,10.636
STAGE_FULL_PIPELINE,0,3.333373715984635,10.636
STAGE_FULL_PIPELINE,0,3.3837395180016756,14.956
STAGE_FULL_PIPELINE,0,3.4361124110000674,14.956
STAGE_FULL_PIPELINE,0,3.4878838759905193,10.479
STAGE_FULL_PIPELINE,0,3.538486509991344,10.479
STAGE_FULL_PIPELINE,0,3.588998499995796,10.482
STAGE_FULL_PIPELINE,0,3.6394289009913336,10.482
STAGE_FULL_PIPELINE,0,3.690024262003135,10.089
STAGE_FULL_PIPELINE,0,3.7413426470011473,10.089
STAGE_FULL_PIPELINE,0,3.793714598985389,10.498
STAGE_FULL_PIPELINE,0,3.8442643219896127,10.922
STAGE_FULL_PIPELINE,0,3.8952246049884707,10.922
STAGE_FULL_PIPELINE,0,3.9523049670096952,10.436
STAGE_FULL_PIPELINE,0,4.003266484010965,10.436
STAGE_FULL_PIPELINE,0,4.054025511984946,10.343
STAGE_FULL_PIPELINE,0,4.104685405007331,10.343
STAGE_FULL_PIPELINE,0,4.155211579985917,10.444
STAGE_FULL_PIPELINE,0,4.205774039000971,10.444
STAGE_FULL_PIPELINE,0,4.256241877010325,10.447
STAGE_FULL_PIPELINE,0,4.306825292005669,10.447
STAGE_FULL_PIPELINE,0,4.357331876002718,10.444
STAGE_FULL_PIPELINE,0,4.408156702003907,10.444
STAGE_FULL_PIPELINE,0,4.458574160002172,10.437
STAGE_FULL_PIPELINE,0,4.509294135001255,10.437
STAGE_FULL_PIPELINE,0,4.559804388991324,10.43
STAGE_FULL_PIPELINE,0,4.61025648098439,10.43
STAGE_FULL_PIPELINE,0,4.660854046989698,10.426
STAGE_FULL_PIPELINE,0,4.711452944000484,10.426
STAGE_FULL_PIPELINE,0,4.762081296998076,10.42
STAGE_FULL_PIPELINE,0,4.812955014989711,10.42
STAGE_FULL_PIPELINE,0,4.863652883010218,10.42
STAGE_FULL_PIPELINE,0,4.914293423993513,10.42
STAGE_FULL_PIPELINE,0,4.964759271009825,10.413
STAGE_FULL_PIPELINE,0,5.015287143003661,10.413
STAGE_FULL_PIPELINE,0,5.066146269993624,10.418
STAGE_FULL_PIPELINE,0,5.116648722992977,10.418
STAGE_FULL_PIPELINE,0,5.167338149010902,10.407
STAGE_FULL_PIPELINE,0,5.2191885790089145,10.407
STAGE_FULL_PIPELINE,0,5.269682687998284,10.411
STAGE_FULL_PIPELINE,0,5.320311635005055,10.411
STAGE_FULL_PIPELINE,0,5.370915543986484,10.411
STAGE_FULL_PIPELINE,0,5.421453159011435,10.411
STAGE_FULL_PIPELINE,0,5.472315038001398,10.408
STAGE_FULL_PIPELINE,0,5.522887024009833,10.408
STAGE_FULL_PIPELINE,0,5.573425816983217,10.411
STAGE_FULL_PIPELINE,0,5.623852037999313,10.411
STAGE_FULL_PIPELINE,0,5.674485024996102,10.412
STAGE_FULL_PIPELINE,0,5.7253843740036245,10.412
STAGE_FULL_PIPELINE,0,5.77595957700396,10.413
STAGE_FULL_PIPELINE,0,5.8265722900105175,10.413
STAGE_FULL_PIPELINE,0,5.87714537899592,10.41
STAGE_FULL_PIPELINE,0,5.927738575992407,10.41
STAGE_FULL_PIPELINE,0,5.978244233992882,10.406
STAGE_FULL_PIPELINE,0,6.028692524007056,10.406
STAGE_FULL_PIPELINE,0,6.079383987002075,10.413
STAGE_FULL_PIPELINE,0,6.129901315987809,10.413
STAGE_FULL_PIPELINE,0,6.180597486003535,10.4
STAGE_FULL_PIPELINE,0,6.231366350984899,10.4
STAGE_FULL_PIPELINE,0,6.281945600989275,10.399
STAGE_FULL_PIPELINE,0,6.33233278998523,10.399
STAGE_FULL_PIPELINE,0,6.382897208997747,10.392
STAGE_FULL_PIPELINE,0,6.433872389985481,10.392
STAGE_FULL_PIPELINE,0,6.484570245986106,10.386
STAGE_FULL_PIPELINE,0,6.535589481005445,10.386
STAGE_FULL_PIPELINE,0,6.586214050010312,10.39
STAGE_FULL_PIPELINE,0,6.636792400007835,10.39
STAGE_FULL_PIPELINE,0,6.687450283992803,10.387
STAGE_FULL_PIPELINE,0,6.7379836319887545,10.387
STAGE_FULL_PIPELINE,0,6.788668258988764,10.382
STAGE_FULL_PIPELINE,0,6.839263544010464,10.382
STAGE_FULL_PIPELINE,0,6.889813332003541,10.378
STAGE_FULL_PIPELINE,0,6.940343769994797,10.378
STAGE_FULL_PIPELINE,0,6.991038434003713,10.385
STAGE_FULL_PIPELINE,0,7.041632323991507,10.385
STAGE_FULL_PIPELINE,0,7.092439514002763,10.383
STAGE_FULL_PIPELINE,0,7.142906207009219,10.383
STAGE_FULL_PIPELINE,0,7.19339603401022,10.38
STAGE_FULL_PIPELINE,0,7.243859101989074,10.386
STAGE_FULL_PIPELINE,0,7.294469629996456,10.386
STAGE_FULL_PIPELINE,0,7.345104292005999,10.383
STAGE_FULL_PIPELINE,0,7.3955645649984945,10.383
STAGE_FULL_PIPELINE,0,7.446250553010032,10.383
STAGE_FULL_PIPELINE,0,7.49691726299352,10.383
STAGE_FULL_PIPELINE,0,7.5474420090031344,10.383
STAGE_FULL_PIPELINE,0,7.59807155499584,10.383
STAGE_FULL_PIPELINE,0,7.64868544699857,10.382
STAGE_FULL_PIPELINE,0,7.699792414990952,10.382
STAGE_FULL_PIPELINE,0,7.750370975001715,10.384
STAGE_FULL_PIPELINE,0,7.801193194987718,10.384
STAGE_FULL_PIPELINE,0,7.851945139991585,10.387
STAGE_FULL_PIPELINE,0,7.902621890010778,10.387
STAGE_FULL_PIPELINE,0,7.953238518995931,10.393
STAGE_FULL_PIPELINE,0,8.003726803988684,10.393
STAGE_FULL_PIPELINE,0,8.05448353200336,10.388
STAGE_FULL_PIPELINE,0,8.104953923990251,10.388
STAGE_FULL_PIPELINE,0,8.155368462990737,10.387
STAGE_FULL_PIPELINE,0,8.205863573995885,10.387
STAGE_FULL_PIPELINE,0,8.256397793011274,10.384
STAGE_FULL_PIPELINE,0,8.306836608011508,10.384
STAGE_FULL_PIPELINE,0,8.357204230997013,10.379
STAGE_FULL_PIPELINE,0,8.40770531698945,10.379
STAGE_FULL_PIPELINE,0,8.458358262985712,10.381
STAGE_FULL_PIPELINE,0,8.508918239997001,10.381
STAGE_FULL_PIPELINE,0,8.559474042995134,10.373
STAGE_FULL_PIPELINE,0,8.61004241098999,10.373
STAGE_FULL_PIPELINE,0,8.660588089987868,10.377
STAGE_FULL_PIPELINE,0,8.71109562998754,10.377
STAGE_FULL_PIPELINE,0,8.761577096011024,10.372
STAGE_FULL_PIPELINE,0,8.812203000008594,10.372
STAGE_FULL_PIPELINE,0,8.862742992001586,10.37
STAGE_FULL_PIPELINE,0,8.913336741010426,10.37
STAGE_FULL_PIPELINE,0,8.963824078004109,10.366
STAGE_FULL_PIPELINE,0,9.014260769006796,10.366
STAGE_FULL_PIPELINE,0,9.064923447003821,10.358
STAGE_FULL_PIPELINE,0,9.115425725001842,10.358
STAGE_FULL_PIPELINE,0,9.165792651008815,10.367
STAGE_FULL_PIPELINE,0,9.216223889001412,10.367
STAGE_FULL_PIPELINE,0,9.266686020011548,10.37
STAGE_FULL_PIPELINE,0,9.317115715006366,10.37
STAGE_FULL_PIPELINE,0,9.367707870987942,10.007
STAGE_FULL_PIPELINE,0,9.419009937992087,10.007
STAGE_FULL_PIPELINE,0,9.471535832009977,16.045
STAGE_FULL_PIPELINE,0,9.527273643994704,16.045
STAGE_FULL_PIPELINE,0,9.578649492992554,9.849
STAGE_FULL_PIPELINE,0,9.632178039988503,9.849
STAGE_FULL_PIPELINE,0,9.682532368984539,11.874
STAGE_FULL_PIPELINE,0,9.733676306001144,11.874
STAGE_FULL_PIPELINE,0,9.786290458985604,10.968
STAGE_FULL_PIPELINE,0,9.843078248988604,10.256
STAGE_FULL_PIPELINE,0,9.894106641004328,10.256
STAGE_FULL_PIPELINE,0,9.947288538998691,10.359
STAGE_FULL_PIPELINE,0,9.997855825989973,10.359
STAGE_FULL_PIPELINE,0,10.04859205399407,10.369
STAGE_FULL_PIPELINE,0,10.09926980198361,10.369
STAGE_FULL_PIPELINE,0,10.149756419996265,10.363
STAGE_FULL_PIPELINE,0,10.200383802002762,10.363
STAGE_FULL_PIPELINE,0,10.250956233998295,10.374
STAGE_FULL_PIPELINE,0,10.301527203002479,10.374
STAGE_FULL_PIPELINE,0,10.352012746006949,10.01
STAGE_FULL_PIPELINE,0,10.404080667009111,10.01
STAGE_FULL_PIPELINE,0,10.456625535996864,10.399
STAGE_FULL_PIPELINE,0,10.507231691997731,10.399
STAGE_FULL_PIPELINE,0,10.55789013300091,10.393
STAGE_FULL_PIPELINE,0,10.608327107998775,10.393
STAGE_FULL_PIPELINE,0,10.65896964800777,10.359
STAGE_FULL_PIPELINE,0,10.709557564987335,10.359
STAGE_FULL_PIPELINE,0,10.760172031994443,10.352
STAGE_FULL_PIPELINE,0,10.811035817983793,10.352
STAGE_FULL_PIPELINE,0,10.861680569010787,9.676
STAGE_FULL_PIPELINE,0,10.914127041003667,9.676
STAGE_FULL_PIPELINE,0,10.965474049007753,10.429
STAGE_FULL_PIPELINE,0,11.015985220001312,10.429
STAGE_FULL_PIPELINE,0,11.066427028999897,10.267
STAGE_FULL_PIPELINE,0,11.116914777987404,10.267
STAGE_FULL_PIPELINE,0,11.167414121999172,10.441
STAGE_FULL_PIPELINE,0,11.21874209298403,10.441
STAGE_FULL_PIPELINE,0,11.273661763989367,10.389
STAGE_FULL_PIPELINE,0,11.324077750003198,10.389
STAGE_FULL_PIPELINE,0,11.374505635001697,10.377
STAGE_FULL_PIPELINE,0,11.424960064003244,10.377
STAGE_FULL_PIPELINE,0,11.475570901005995,10.717
STAGE_FULL_PIPELINE,0,11.527524245000677,10.717
STAGE_FULL_PIPELINE,0,11.578684890992008,10.342
STAGE_FULL_PIPELINE,0,11.62913484199089,10.342
STAGE_FULL_PIPELINE,0,11.679598522983724,10.342
STAGE_FULL_PIPELINE,0,11.73008216699236,10.342
STAGE_FULL_PIPELINE,0,11.786836788989604,9.655
STAGE_FULL_PIPELINE,0,11.838208572997246,9.655
STAGE_FULL_PIPELINE,0,11.891862907010363,10.424
STAGE_FULL_PIPELINE,0,11.94235967399436,10.375
STAGE_FULL_PIPELINE,0,11.992960247996962,10.375
STAGE_FULL_PIPELINE,0,12.043711954000173,10.375
STAGE_FULL_PIPELINE,0,12.09434009398683,10.375
STAGE_FULL_PIPELINE,0,12.144999902986456,10.382
STAGE_FULL_PIPELINE,0,12.195622294995701,10.382
STAGE_FULL_PIPELINE,0,12.246183562994702,10.387
STAGE_FULL_PIPELINE,0,12.296656602993608,10.387
STAGE_FULL_PIPELINE,0,12.347196679998888,10.382
STAGE_FULL_PIPELINE,0,12.397721026994986,10.382
STAGE_FULL_PIPELINE,0,12.448264987004222,9.138
STAGE_FULL_PIPELINE,0,12.50439685798483,9.138
STAGE_FULL_PIPELINE,0,12.555571265984327,10.502
STAGE_FULL_PIPELINE,0,12.60611899298965,10.502
STAGE_FULL_PIPELINE,0,12.657299904007232,10.686
STAGE_FULL_PIPELINE,0,12.708663381985389,10.686
STAGE_FULL_PIPELINE,0,12.761096676986199,10.355
STAGE_FULL_PIPELINE,0,12.811646590009332,10.355
STAGE_FULL_PIPELINE,0,12.861990281991893,10.35
STAGE_FULL_PIPELINE,0,12.912464110995643,10.35
STAGE_FULL_PIPELINE,0,12.962945726991165,12.318
STAGE_FULL_PIPELINE,0,13.017631027003517,12.318
STAGE_FULL_PIPELINE,0,13.069334042986156,10.88
STAGE_FULL_PIPELINE,0,13.1198560379853,10.88
STAGE_FULL_PIPELINE,0,13.17034276900813,10.588
STAGE_FULL_PIPELINE,0,13.220889229007298,10.588
STAGE_FULL_PIPELINE,0,13.271495803986909,10.535
STAGE_FULL_PIPELINE,0,13.322101358004147,10.535
STAGE_FULL_PIPELINE,0,13.372734245989705,10.438
STAGE_FULL_PIPELINE,0,13.424205843999516,10.438
STAGE_FULL_PIPELINE,0,13.477384550991701,10.54
STAGE_FULL_PIPELINE,0,13.52782722999109,10.54
STAGE_FULL_PIPELINE,0,13.578290231002029,10.47
STAGE_FULL_PIPELINE,0,13.628834247007035,10.47
STAGE_FULL_PIPELINE,0,13.679452668002341,9.618
STAGE_FULL_PIPELINE,0,13.731988042010926,9.618
STAGE_FULL_PIPELINE,0,13.783385079994332,10.412
STAGE_FULL_PIPELINE,0,13.834339538007043,10.412
STAGE_FULL_PIPELINE,0,13.884910188004142,10.434
STAGE_FULL_PIPELINE,0,13.936177672992926,10.434
STAGE_FULL_PIPELINE,0,13.988463132001925,10.468
STAGE_FULL_PIPELINE,0,14.038839919987367,10.468
STAGE_FULL_PIPELINE,0,14.089489737001713,7.602
STAGE_FULL_PIPELINE,0,14.1429380030022,10.447
STAGE_FULL_PIPELINE,0,14.193281204003142,10.447
STAGE_FULL_PIPELINE,0,14.243916971987346,19.489
STAGE_FULL_PIPELINE,0,14.300039777008351,19.489
STAGE_FULL_PIPELINE,0,14.351345023984322,10.206
STAGE_FULL_PIPELINE,0,14.411439379997319,10.206
STAGE_FULL_PIPELINE,0,14.462193691986613,10.709
STAGE_FULL_PIPELINE,0,14.513731635990553,10.709
STAGE_FULL_PIPELINE,0,14.565022700990085,10.13
STAGE_FULL_PIPELINE,0,14.617918192991056,10.13
STAGE_FULL_PIPELINE,0,14.669359874009388,10.44
STAGE_FULL_PIPELINE,0,14.719807897985447,10.44
STAGE_FULL_PIPELINE,0,14.770430973003386,10.45
STAGE_FULL_PIPELINE,0,14.821736415004125,10.45
STAGE_FULL_PIPELINE,0,14.874570351006696,10.428
STAGE_FULL_PIPELINE,0,14.924952564993873,10.428
STAGE_FULL_PIPELINE,0,14.97530699201161,9.562
STAGE_FULL_PIPELINE,0,15.031223006983055,9.562
STAGE_FULL_PIPELINE,0,15.082408755988581,10.376
STAGE_FULL_PIPELINE,0,15.132925173995318,10.376
STAGE_FULL_PIPELINE,0,15.183328348008217,10.38
STAGE_FULL_PIPELINE,0,15.233767611993244,10.38
STAGE_FULL_PIPELINE,0,15.284324920998188,10.375
STAGE_FULL_PIPELINE,0,15.334879622008884,10.375
STAGE_FULL_PIPELINE,0,15.385789927007863,8.559
STAGE_FULL_PIPELINE,0,15.43732640799135,8.559
STAGE_FULL_PIPELINE,0,15.489767446008045,10.417
STAGE_FULL_PIPELINE,0,15.54032532198471,10.417
STAGE_FULL_PIPELINE,0,15.591135719994782,10.392
STAGE_FULL_PIPELINE,0,15.641664516995661,9.923
STAGE_FULL_PIPELINE,0,15.692604902986204,9.923
STAGE_FULL_PIPELINE,0,15.746423351985868,10.387
STAGE_FULL_PIPELINE,0,15.796962858992629,10.387
STAGE_FULL_PIPELINE,0,15.847619473002851,10.031
STAGE_FULL_PIPELINE,0,15.903527071990538,10.031
STAGE_FULL_PIPELINE,0,15.955260360991815,10.436
STAGE_FULL_PIPELINE,0,16.005812752002385,10.436
STAGE_FULL_PIPELINE,0,16.0565456559998,9.841
STAGE_FULL_PIPELINE,0,16.108029227005318,9.841
STAGE_FULL_PIPELINE,0,16.16059345199028,10.385
STAGE_FULL_PIPELINE,0,16.211269379011355,10.385
STAGE_FULL_PIPELINE,0,16.261767894000513,9.683
STAGE_FULL_PIPELINE,0,16.314685857010772,9.683
STAGE_FULL_PIPELINE,0,16.366903343005106,10.412
STAGE_FULL_PIPELINE,0,16.417464930011192,10.412
STAGE_FULL_PIPELINE,0,16.468167885002913,10.412
STAGE_FULL_PIPELINE,0,16.519068981986493,10.412
STAGE_FULL_PIPELINE,0,16.569678372005,10.4
STAGE_FULL_PIPELINE,0,16.620565661985893,10.4
STAGE_FULL_PIPELINE,0,16.6711029119906,10.407
STAGE_FULL_PIPELINE,0,16.72226250899257,10.407
STAGE_FULL_PIPELINE,0,16.772876987990458,10.416
STAGE_FULL_PIPELINE,0,16.823261704004835,10.416
STAGE_FULL_PIPELINE,0,16.873750344006112,10.418
STAGE_FULL_PIPELINE,0,16.924408674996812,10.418
STAGE_FULL_PIPELINE,0,16.974966009001946,10.419
STAGE_FULL_PIPELINE,0,17.025465773011092,10.419
STAGE_FULL_PIPELINE,0,17.076143373997184,10.414
STAGE_FULL_PIPELINE,0,17.127029558003414,10.414
STAGE_FULL_PIPELINE,0,17.1778206799936,10.408
STAGE_FULL_PIPELINE,0,17.22838670699275,10.408
STAGE_FULL_PIPELINE,0,17.27897024998674,10.403
STAGE_FULL_PIPELINE,0,17.329784870002186,10.403
STAGE_FULL_PIPELINE,0,17.380431611993117,10.401
STAGE_FULL_PIPELINE,0,17.431138287996873,10.401
STAGE_FULL_PIPELINE,0,17.48190710300696,10.397
STAGE_FULL_PIPELINE,0,17.532548243994825,10.397
STAGE_FULL_PIPELINE,0,17.583118685986847,10.396
STAGE_FULL_PIPELINE,0,17.633912991004763,10.396
STAGE_FULL_PIPELINE,0,17.68466424199869,10.391
STAGE_FULL_PIPELINE,0,17.73551865198533,10.391
STAGE_FULL_PIPELINE,0,17.786145636986475,10.393
STAGE_FULL_PIPELINE,0,17.83655447498313,10.393
STAGE_FULL_PIPELINE,0,17.88732947499375,10.383
STAGE_FULL_PIPELINE,0,17.937751532008406,10.383
STAGE_FULL_PIPELINE,0,17.988289417990018,10.386
STAGE_FULL_PIPELINE,0,18.038758474984206,10.386
STAGE_FULL_PIPELINE,0,18.089214367006207,10.385
STAGE_FULL_PIPELINE,0,18.13969563000137,10.385
STAGE_FULL_PIPELINE,0,18.190184653998585,10.388
STAGE_FULL_PIPELINE,0,18.240749204996973,10.388
STAGE_FULL_PIPELINE,0,18.291623489989433,10.39
STAGE_FULL_PIPELINE,0,18.342365814984078,10.39
STAGE_FULL_PIPELINE,0,18.39298259600764,10.398
STAGE_FULL_PIPELINE,0,18.443582695996156,10.404
STAGE_FULL_PIPELINE,0,18.49407108698506,10.404
STAGE_FULL_PIPELINE,0,18.54501404898474,10.405
STAGE_FULL_PIPELINE,0,18.595952893985668,10.405
STAGE_FULL_PIPELINE,0,18.646837592998054,10.404
STAGE_FULL_PIPELINE,0,18.697345386986854,10.404
STAGE_FULL_PIPELINE,0,18.748046539985808,10.408
STAGE_FULL_PIPELINE,0,18.798622150992742,10.408
STAGE_FULL_PIPELINE,0,18.84916882799007,10.406
STAGE_FULL_PIPELINE,0,18.899826746986946,10.406
STAGE_FULL_PIPELINE,0,18.95039511899813,10.402
STAGE_FULL_PIPELINE,0,19.000949267996475,10.402
STAGE_FULL_PIPELINE,0,19.05191724098404,10.238
STAGE_FULL_PIPELINE,0,19.102537969010882,10.238
STAGE_FULL_PIPELINE,0,19.15305840098881,10.378
STAGE_FULL_PIPELINE,0,19.203647743997863,10.378
STAGE_FULL_PIPELINE,0,19.254098873003386,10.405
STAGE_FULL_PIPELINE,0,19.304648860997986,10.405
STAGE_FULL_PIPELINE,0,19.355239547992824,10.405
STAGE_FULL_PIPELINE,0,19.40591190298437,10.405
STAGE_FULL_PIPELINE,0,19.456324661994586,10.387
STAGE_FULL_PIPELINE,0,19.50687266100431,10.387
STAGE_FULL_PIPELINE,0,19.557424333994277,10.382
STAGE_FULL_PIPELINE,0,19.607998874998884,10.382
STAGE_FULL_PIPELINE,0,19.658851673011668,10.36
STAGE_FULL_PIPELINE,0,19.70942543199635,10.36
STAGE_FULL_PIPELINE,0,19.76002332099597,10.354
STAGE_FULL_PIPELINE,0,19.810605595004745,10.354
STAGE_FULL_PIPELINE,0,19.86140405398328,10.335
STAGE_FULL_PIPELINE,0,19.912163639004575,10.335
STAGE_FULL_PIPELINE,0,19.96289215699653,10.32
STAGE_FULL_PIPELINE,0,20.013475571991876,10.32
STAGE_FULL_PIPELINE,0,20.064472811995074,10.493
STAGE_FULL_PIPELINE,0,20.115092541003833,10.493
STAGE_FULL_PIPELINE,0,20.16569190498558,10.319
STAGE_FULL_PIPELINE,0,20.21646334900288,10.319
STAGE_FULL_PIPELINE,0,20.267085544997826,10.286
STAGE_FULL_PIPELINE,0,20.317790697998134,10.286
STAGE_FULL_PIPELINE,0,20.368460269994102,10.279
STAGE_FULL_PIPELINE,0,20.419476637005573,10.279
STAGE_FULL_PIPELINE,0,20.470217047986807,10.28
STAGE_FULL_PIPELINE,0,20.521004393987823,10.28
STAGE_FULL_PIPELINE,0,20.571502139006043,10.277
STAGE_FULL_PIPELINE,0,20.622006966994377,10.277
STAGE_FULL_PIPELINE,0,20.672540405998006,10.286
STAGE_FULL_PIPELINE,0,20.72324394399766,10.286
STAGE_FULL_PIPELINE,0,20.773708460998023,10.283
STAGE_FULL_PIPELINE,0,20.824191892985255,10.283
STAGE_FULL_PIPELINE,0,20.87470040700282,10.295
STAGE_FULL_PIPELINE,0,20.925138799007982,10.295
STAGE_FULL_PIPELINE,0,20.975652747991262,10.299
STAGE_FULL_PIPELINE,0,21.026237418001983,10.299
STAGE_FULL_PIPELINE,0,21.076794981985586,10.301
STAGE_FULL_PIPELINE,0,21.127436107984977,10.301
STAGE_FULL_PIPELINE,0,21.17819190499722,10.296
STAGE_FULL_PIPELINE,0,21.22890057999757,10.296
STAGE_FULL_PIPELINE,0,21.27944850100903,10.299
STAGE_FULL_PIPELINE,0,21.329841292987112,10.299
STAGE_FULL_PIPELINE,0,21.380492094001966,10.3
STAGE_FULL_PIPELINE,0,21.431481879000785,10.3
STAGE_FULL_PIPELINE,0,21.48197001501103,10.316
STAGE_FULL_PIPELINE,0,21.532631545996992,10.316
STAGE_FULL_PIPELINE,0,21.58323024198762,10.322
STAGE_FULL_PIPELINE,0,21.633698766003363,10.322
STAGE_FULL_PIPELINE,0,21.684237662004307,10.328
STAGE_FULL_PIPELINE,0,21.735002995992545,10.328
STAGE_FULL_PIPELINE,0,21.785553080000682,10.329
STAGE_FULL_PIPELINE,0,21.836284160002833,10.329
STAGE_FULL_PIPELINE,0,21.88701484000194,10.345
STAGE_FULL_PIPELINE,0,21.937532968993764,10.345
STAGE_FULL_PIPELINE,0,21.988455712998984,10.351
STAGE_FULL_PIPELINE,0,22.039126891002525,8.882
STAGE_FULL_PIPELINE,0,22.09060907998355,8.882
STAGE_FULL_PIPELINE,0,22.143127290997654,10.528
STAGE_FULL_PIPELINE,0,22.193639273988083,10.528
STAGE_FULL_PIPELINE,0,22.252101236983435,9.782
STAGE_FULL_PIPELINE,0,22.304776172997663,9.782
STAGE_FULL_PIPELINE,0,22.3569360570109,10.338
STAGE_FULL_PIPELINE,0,22.407478464010637,10.338
STAGE_FULL_PIPELINE,0,22.45806570199784,10.333
STAGE_FULL_PIPELINE,0,22.508679110003868,10.333
STAGE_FULL_PIPELINE,0,22.55926926198299,10.342
STAGE_FULL_PIPELINE,0,22.60983372401097,10.342
STAGE_FULL_PIPELINE,0,22.66046045999974,10.336
STAGE_FULL_PIPELINE,0,22.711156315985136,10.336
STAGE_FULL_PIPELINE,0,22.761919292010134,10.331
STAGE_FULL_PIPELINE,0,22.812515659985365,10.331
STAGE_FULL_PIPELINE,0,22.863208980998024,10.337
STAGE_FULL_PIPELINE,0,22.913883692002855,10.337
STAGE_FULL_PIPELINE,0,22.964659504010342,10.333
STAGE_FULL_PIPELINE,0,23.01565315198968,10.333
STAGE_FULL_PIPELINE,0,23.066205134993652,10.335
STAGE_FULL_PIPELINE,0,23.11674656899413,10.335
STAGE_FULL_PIPELINE,0,23.1673723369895,10.338
STAGE_FULL_PIPELINE,0,23.218448714003898,10.338
STAGE_FULL_PIPELINE,0,23.26977495200117,10.335
STAGE_FULL_PIPELINE,0,23.32050048498786,10.335
STAGE_FULL_PIPELINE,0,23.371029686997645,10.337
STAGE_FULL_PIPELINE,0,23.421728594985325,10.337
STAGE_FULL_PIPELINE,0,23.47251570300432,10.336
STAGE_FULL_PIPELINE,0,23.52317564698751,10.336
STAGE_FULL_PIPELINE,0,23.57378198899096,10.335
STAGE_FULL_PIPELINE,0,23.62463877699338,10.335
STAGE_FULL_PIPELINE,0,23.675245841004653,10.334
STAGE_FULL_PIPELINE,0,23.72566900399397,10.334
STAGE_FULL_PIPELINE,0,23.77634526899783,10.34
STAGE_FULL_PIPELINE,0,23.827035144000547,10.34
STAGE_FULL_PIPELINE,0,23.87770679499954,10.344
STAGE_FULL_PIPELINE,0,23.928357450990006,10.344
STAGE_FULL_PIPELINE,0,23.979017197998473,10.344
STAGE_FULL_PIPELINE,0,24.02955726298387,10.344
STAGE_FULL_PIPELINE,0,24.080060731008416,10.346
STAGE_FULL_PIPELINE,0,24.130576580006164,10.346
STAGE_FULL_PIPELINE,0,24.181145406008,10.345
STAGE_FULL_PIPELINE,0,24.231788896984654,10.345
STAGE_FULL_PIPELINE,0,24.28237205700134,10.343
STAGE_FULL_PIPELINE,0,24.332869411009597,10.343
STAGE_FULL_PIPELINE,0,24.383485427999403,10.348
STAGE_FULL_PIPELINE,0,24.434104643994942,10.348
STAGE_FULL_PIPELINE,0,24.484844802995212,10.349
STAGE_FULL_PIPELINE,0,24.547892319009406,9.718
STAGE_FULL_PIPELINE,0,24.59912050201092,10.618
STAGE_FULL_PIPELINE,0,24.6515711589891,9.556
STAGE_FULL_PIPELINE,0,24.702857266005594,10.45
STAGE_FULL_PIPELINE,0,24.765194248000626,10.256
STAGE_FULL_PIPELINE,0,24.816685008991044,10.256
STAGE_FULL_PIPELINE,0,24.869104768004036,10.396
STAGE_FULL_PIPELINE,0,24.91950864699902,10.396
STAGE_FULL_PIPELINE,0,24.969904945988674,10.415
STAGE_FULL_PIPELINE,0,25.020362523995573,10.415
STAGE_FULL_PIPELINE,0,25.070951169007458,10.407
STAGE_FULL_PIPELINE,0,25.121362609002972,10.407
STAGE_FULL_PIPELINE,0,25.171752274996834,10.404
STAGE_FULL_PIPELINE,0,25.222314632992493,10.404
STAGE_FULL_PIPELINE,0,25.272892653010786,10.404
STAGE_FULL_PIPELINE,0,25.323574031004682,10.404
STAGE_FULL_PIPELINE,0,25.37411938799778,9.447
STAGE_FULL_PIPELINE,0,25.428581390995532,9.447
STAGE_FULL_PIPELINE,0,25.480119604995707,10.394
STAGE_FULL_PIPELINE,0,25.538774296001066,10.394
STAGE_FULL_PIPELINE,0,25.589196622982854,10.436
STAGE_FULL_PIPELINE,0,25.6395988779841,10.436
STAGE_FULL_PIPELINE,0,25.690011937986128,11.128
STAGE_FULL_PIPELINE,0,25.741535198001657,10.406
STAGE_FULL_PIPELINE,0,25.794982553983573,10.398
STAGE_FULL_PIPELINE,0,25.845521545008523,9.19
STAGE_FULL_PIPELINE,0,25.896842966001714,9.19
STAGE_FULL_PIPELINE,0,25.949325892986963,10.4
STAGE_FULL_PIPELINE,0,25.999927185010165,10.4
STAGE_FULL_PIPELINE,0,26.05042538201087,10.366
STAGE_FULL_PIPELINE,0,26.103558231989155,10.366
STAGE_FULL_PIPELINE,0,26.15514411299955,10.411
STAGE_FULL_PIPELINE,0,26.20577603401034,10.411
STAGE_FULL_PIPELINE,0,26.25635655998485,10.4
STAGE_FULL_PIPELINE,0,26.3067660050001,10.4
STAGE_FULL_PIPELINE,0,26.357283352001105,10.382
STAGE_FULL_PIPELINE,0,26.407705635996535,10.382
STAGE_FULL_PIPELINE,0,26.458356063987594,10.375
STAGE_FULL_PIPELINE,0,26.50892534200102,10.375
STAGE_FULL_PIPELINE,0,26.559458840987645,10.367
STAGE_FULL_PIPELINE,0,26.61437929200474,10.367
STAGE_FULL_PIPELINE,0,26.66489178399206,9.655
STAGE_FULL_PIPELINE,0,26.719493776996387,9.655
STAGE_FULL_PIPELINE,0,26.77063448098488,10.382
STAGE_FULL_PIPELINE,0,26.825961063994328,10.382
STAGE_FULL_PIPELINE,0,26.87646795299952,10.567
STAGE_FULL_PIPELINE,0,26.929833931004396,10.567
STAGE_FULL_PIPELINE,0,26.981219620996853,10.381
STAGE_FULL_PIPELINE,0,27.04091030100244,8.898
STAGE_FULL_PIPELINE,0,27.0922732159961,10.76
STAGE_FULL_PIPELINE,0,27.158226975996513,9.908
STAGE_FULL_PIPELINE,0,27.209430201997748,9.908
STAGE_FULL_PIPELINE,0,27.26163854400511,10.297
STAGE_FULL_PIPELINE,0,27.312178118998418,10.297
STAGE_FULL_PIPELINE,0,27.371705614001257,8.107
STAGE_FULL_PIPELINE,0,27.422877914999845,8.107
STAGE_FULL_PIPELINE,0,27.47600197599968,10.347
STAGE_FULL_PIPELINE,0,27.526427319011418,6.238
STAGE_FULL_PIPELINE,0,27.589740032999543,6.238
STAGE_FULL_PIPELINE,0,27.640964930993505,10.579
STAGE_FULL_PIPELINE,0,27.695727832004195,10.648
STAGE_FULL_PIPELINE,0,27.74619574600365,10.477
STAGE_FULL_PIPELINE,0,27.803975772985723,10.477
STAGE_FULL_PIPELINE,0,27.854336766991764,9.733
STAGE_FULL_PIPELINE,0,27.909008488000836,9.733
STAGE_FULL_PIPELINE,0,27.96028765500523,10.344
STAGE_FULL_PIPELINE,0,28.01082941898494,10.344
STAGE_FULL_PIPELINE,0,28.061385065986542,9.953
STAGE_FULL_PIPELINE,0,28.112923118984327,9.953
STAGE_FULL_PIPELINE,0,28.165374907985097,10.366
STAGE_FULL_PIPELINE,0,28.215931109007215,10.366
STAGE_FULL_PIPELINE,0,28.26666867500171,9.272
STAGE_FULL_PIPELINE,0,28.3202090789855,9.272
STAGE_FULL_PIPELINE,0,28.371554368990473,10.345
STAGE_FULL_PIPELINE,0,28.422187641990604,10.345
STAGE_FULL_PIPELINE,0,28.472715716983657,9.901
STAGE_FULL_PIPELINE,0,28.524017402989557,10.868
STAGE_FULL_PIPELINE,0,28.575301989010768,8.837
STAGE_FULL_PIPELINE,0,28.626431868993677,8.837
STAGE_FULL_PIPELINE,0,28.67790646798676,10.32
STAGE_FULL_PIPELINE,0,28.72827501100255,10.32
STAGE_FULL_PIPELINE,0,28.784337279998,6.215
STAGE_FULL_PIPELINE,0,28.835803499998292,10.344
STAGE_FULL_PIPELINE,0,28.89226668700576,10.402
STAGE_FULL_PIPELINE,0,28.94286947400542,10.382
STAGE_FULL_PIPELINE,0,28.993421499006217,10.382
STAGE_FULL_PIPELINE,0,29.043897608993575,10.383
STAGE_FULL_PIPELINE,0,29.09440477201133,10.383
STAGE_FULL_PIPELINE,0,29.144854081998346,10.386
STAGE_FULL_PIPELINE,0,29.195255383994663,10.386
STAGE_FULL_PIPELINE,0,29.245761163008865,10.067
STAGE_FULL_PIPELINE,0,29.296905725990655,10.067
STAGE_FULL_PIPELINE,0,29.348600297991652,10.4
STAGE_FULL_PIPELINE,0,29.399526335007977,10.4
STAGE_FULL_PIPELINE,0,29.450273280002875,10.394
STAGE_FULL_PIPELINE,0,29.501039025984937,10.394
STAGE_FULL_PIPELINE,0,29.551578251994215,10.391
STAGE_FULL_PIPELINE,0,29.60217550001107,10.391
STAGE_FULL_PIPELINE,0,29.656571981991874,10.386
STAGE_FULL_PIPELINE,0,29.708259799983352,11.186
STAGE_FULL_PIPELINE,0,29.772751896001864,8.172
STAGE_FULL_PIPELINE,0,29.82401395199122,8.172
STAGE_FULL_PIPELINE,0,29.876584246987477,10.393
STAGE_FULL_PIPELINE,0,29.92711632201099,10.393
STAGE_FULL_PIPELINE,0,29.977714737993665,10.385
STAGE_FULL_PIPELINE,0,30.028199958003825,10.385
STAGE_MODEL_THRESHOLD,0,0.006035280006472021,6.224
STAGE_MODEL_THRESHOLD,0,0.058787324000149965,9.131
STAGE_MODEL_THRESHOLD,0,0.10919258801732212,9.131
STAGE_MODEL_THRESHOLD,0,0.15955513701192103,9.131
STAGE_MODEL_THRESHOLD,0,0.21008858201093972,6.593
STAGE_MODEL_THRESHOLD,0,0.261957431997871,11.34
STAGE_MODEL_THRESHOLD,0,0.3153498150059022,9.896
STAGE_MODEL_THRESHOLD,0,0.3673678660125006,10.578
STAGE_MODEL_THRESHOLD,0,0.4187020550016314,10.226
STAGE_MODEL_THRESHOLD,0,0.4715644420066383,10.185
STAGE_MODEL_THRESHOLD,0,0.5228909230208956,9.599
STAGE_MODEL_THRESHOLD,0,0.5743833860033192,11.593
STAGE_MODEL_THRESHOLD,0,0.6286833689955529,11.593
STAGE_MODEL_THRESHOLD,0,0.680078956997022,10.422
STAGE_MODEL_THRESHOLD,0,0.7308446009992622,10.422
STAGE_MODEL_THRESHOLD,0,0.7815142940089572,10.241
STAGE_MODEL_THRESHOLD,0,0.8327621509961318,10.241
STAGE_MODEL_THRESHOLD,0,0.8850535630190279,10.422
STAGE_MODEL_THRESHOLD,0,0.935599420015933,10.422
STAGE_MODEL_THRESHOLD,0,0.9919937929953448,13.508
STAGE_MODEL_THRESHOLD,0,1.0431692340062,15.826
STAGE_MODEL_THRESHOLD,0,1.1080057219951414,15.826
STAGE_MODEL_THRESHOLD,0,1.1595623870089184,10.196
STAGE_MODEL_THRESHOLD,0,1.2162422260153107,10.17
STAGE_MODEL_THRESHOLD,0,1.2668476170219947,10.319
STAGE_MODEL_THRESHOLD,0,1.3234889150189701,10.319
STAGE_MODEL_THRESHOLD,0,1.3738627580169123,10.842
STAGE_MODEL_THRESHOLD,0,1.4284226000017952,10.842
STAGE_MODEL_THRESHOLD,0,1.480166042019846,10.418
STAGE_MODEL_THRESHOLD,0,1.530861803010339,10.418
STAGE_MODEL_THRESHOLD,0,1.5819739279977512,10.398
STAGE_MODEL_THRESHOLD,0,1.6332046570023522,10.398
STAGE_MODEL_THRESHOLD,0,1.6837307020032313,10.401
STAGE_MODEL_THRESHOLD,0,1.7343494399974588,10.401
STAGE_MODEL_THRESHOLD,0,1.7851704620115925,10.398
STAGE_MODEL_THRESHOLD,0,1.8360419980017468,10.398
STAGE_MODEL_THRESHOLD,0,1.886828601011075,10.399
STAGE_MODEL_THRESHOLD,0,1.9379853900172748,10.399
STAGE_MODEL_THRESHOLD,0,1.988566358020762,10.399
STAGE_MODEL_THRESHOLD,0,2.03936924302252,10.399
STAGE_MODEL_THRESHOLD,0,2.090198648016667,10.399
STAGE_MODEL_THRESHOLD,0,2.1406489800137933,10.399
STAGE_MODEL_THRESHOLD,0,2.19110249899677,10.401
STAGE_MODEL_THRESHOLD,0,2.2416128870099783,10.401
STAGE_MODEL_THRESHOLD,0,2.2923044720082544,10.397
STAGE_MODEL_THRESHOLD,0,2.342835190007463,10.397
STAGE_MODEL_THRESHOLD,0,2.393395341001451,10.395
STAGE_MODEL_THRESHOLD,0,2.4441711980034597,10.395
STAGE_MODEL_THRESHOLD,0,2.494704486016417,10.392
STAGE_MODEL_THRESHOLD,0,2.545440715010045,10.392
STAGE_MODEL_THRESHOLD,0,2.5960895600146614,10.392
STAGE_MODEL_THRESHOLD,0,2.6466722470067907,10.392
STAGE_MODEL_THRESHOLD,0,2.697319177997997,10.394
STAGE_MODEL_THRESHOLD,0,2.7483844200032763,10.394
STAGE_MODEL_THRESHOLD,0,2.7992290600086562,10.395
STAGE_MODEL_THRESHOLD,0,2.8499666250136215,10.395
STAGE_MODEL_THRESHOLD,0,2.900642726017395,10.396
STAGE_MODEL_THRESHOLD,0,2.9513340330158826,10.396
STAGE_MODEL_THRESHOLD,0,3.0020869440049864,10.396
STAGE_MODEL_THRESHOLD,0,3.052643065020675,10.396
STAGE_MODEL_THRESHOLD,0,3.103083640016848,10.394
STAGE_MODEL_THRESHOLD,0,3.1536450010025874,10.394
STAGE_MODEL_THRESHOLD,0,3.2043436270032544,10.391
STAGE_MODEL_THRESHOLD,0,3.2550621510017663,10.391
STAGE_MODEL_THRESHOLD,0,3.3056019350187853,10.39
STAGE_MODEL_THRESHOLD,0,3.3565041340189055,10.39
STAGE_MODEL_THRESHOLD,0,3.40706730101374,10.39
STAGE_MODEL_THRESHOLD,0,3.4576414430048317,10.392
STAGE_MODEL_THRESHOLD,0,3.508294740022393,10.392
STAGE_MODEL_THRESHOLD,0,3.5591445800091606,10.395
STAGE_MODEL_THRESHOLD,0,3.609832209011074,10.395
STAGE_MODEL_THRESHOLD,0,3.6605149770039134,10.392
STAGE_MODEL_THRESHOLD,0,3.7110677220043726,10.392
STAGE_MODEL_THRESHOLD,0,3.7615319070173427,10.394
STAGE_MODEL_THRESHOLD,0,3.812339908006834,10.394
STAGE_MODEL_THRESHOLD,0,3.862875167018501,10.389
STAGE_MODEL_THRESHOLD,0,3.913606703019468,10.389
STAGE_MODEL_THRESHOLD,0,3.963996483013034,10.389
STAGE_MODEL_THRESHOLD,0,4.014607493008953,10.389
STAGE_MODEL_THRESHOLD,0,4.065224117017351,10.389
STAGE_MODEL_THRESHOLD,0,4.116016068001045,10.389
STAGE_MODEL_THRESHOLD,0,4.1669076020189095,10.392
STAGE_MODEL_THRESHOLD,0,4.2175189970002975,10.392
STAGE_MODEL_THRESHOLD,0,4.268151010008296,10.396
STAGE_MODEL_THRESHOLD,0,4.319104788999539,10.396
STAGE_MODEL_THRESHOLD,0,4.3697131859953515,10.398
STAGE_MODEL_THRESHOLD,0,4.420302696002182,10.398
STAGE_MODEL_THRESHOLD,0,4.470928918017307,10.403
STAGE_MODEL_THRESHOLD,0,4.5216014080215245,10.403
STAGE_MODEL_THRESHOLD,0,4.571993632009253,10.4
STAGE_MODEL_THRESHOLD,0,4.622581036994234,10.4
STAGE_MODEL_THRESHOLD,0,4.673288842022885,10.397
STAGE_MODEL_THRESHOLD,0,4.724222777003888,10.397
STAGE_MODEL_THRESHOLD,0,4.774737922998611,10.4
STAGE_MODEL_THRESHOLD,0,4.825401502021123,10.4
STAGE_MODEL_THRESHOLD,0,4.875949086010223,10.395
STAGE_MODEL_THRESHOLD,0,4.926516470004572,10.395
STAGE_MODEL_THRESHOLD,0,4.977049220004119,10.399
STAGE_MODEL_THRESHOLD,0,5.027469858003315,10.399
STAGE_MODEL_THRESHOLD,0,5.078206044010585,10.396
STAGE_MODEL_THRESHOLD,0,5.128769738017581,10.396
STAGE_MODEL_THRESHOLD,0,5.179265522019705,10.394
STAGE_MODEL_THRESHOLD,0,5.23006021801848,10.394
STAGE_MODEL_THRESHOLD,0,5.280758690001676,10.39
STAGE_MODEL_THRESHOLD,0,5.331303759012371,10.39
STAGE_MODEL_THRESHOLD,0,5.381980470003327,10.385
STAGE_MODEL_THRESHOLD,0,5.432828724005958,10.385
STAGE_MODEL_THRESHOLD,0,5.483462197997142,10.386
STAGE_MODEL_THRESHOLD,0,5.533975872996962,10.386
STAGE_MODEL_THRESHOLD,0,5.584496016002959,10.382
STAGE_MODEL_THRESHOLD,0,5.635172742011491,10.382
STAGE_MODEL_THRESHOLD,0,5.6858080480014905,10.385
STAGE_MODEL_THRESHOLD,0,5.736624448996736,10.385
STAGE_MODEL_THRESHOLD,0,5.787422162014991,10.385
STAGE_MODEL_THRESHOLD,0,5.838326430006418,10.385
STAGE_MODEL_THRESHOLD,0,5.888900873018429,10.384
STAGE_MODEL_THRESHOLD,0,5.939449577010237,10.384
STAGE_MODEL_THRESHOLD,0,5.990194907004479,10.382
STAGE_MODEL_THRESHOLD,0,6.040800306014717,10.382
STAGE_MODEL_THRESHOLD,0,6.091899418010144,10.383
STAGE_MODEL_THRESHOLD,0,6.142510511010187,10.383
STAGE_MODEL_THRESHOLD,0,6.192966417002026,10.386
STAGE_MODEL_THRESHOLD,0,6.2434413580049295,10.386
STAGE_MODEL_THRESHOLD,0,6.293974465021165,10.389
STAGE_MODEL_THRESHOLD,0,6.3444229690067,10.389
STAGE_MODEL_THRESHOLD,0,6.394787124998402,10.395
STAGE_MODEL_THRESHOLD,0,6.4453881090157665,10.395
STAGE_MODEL_THRESHOLD,0,6.496015159995295,10.4
STAGE_MODEL_THRESHOLD,0,6.546752701018704,10.4
STAGE_MODEL_THRESHOLD,0,6.59738848899724,10.399
STAGE_MODEL_THRESHOLD,0,6.648089171998436,10.399
STAGE_MODEL_THRESHOLD,0,6.698719405016163,10.397
STAGE_MODEL_THRESHOLD,0,6.749157580023166,10.397
STAGE_MODEL_THRESHOLD,0,6.799572404008359,10.396
STAGE_MODEL_THRESHOLD,0,6.850080115022138,10.396
STAGE_MODEL_THRESHOLD,0,6.900958820013329,10.397
STAGE_MODEL_THRESHOLD,0,6.951554847997613,10.397
STAGE_MODEL_THRESHOLD,0,7.002117954019923,10.399
STAGE_MODEL_THRESHOLD,0,7.052611098013585,10.399
STAGE_MODEL_THRESHOLD,0,7.102998122019926,10.399
STAGE_MODEL_THRESHOLD,0,7.153737029002514,10.399
STAGE_MODEL_THRESHOLD,0,7.204229374998249,10.396
STAGE_MODEL_THRESHOLD,0,7.254864596994594,10.396
STAGE_MODEL_THRESHOLD,0,7.3055870789976325,10.396
STAGE_MODEL_THRESHOLD,0,7.35623043301166,10.396
STAGE_MODEL_THRESHOLD,0,7.406958603998646,10.396
STAGE_MODEL_THRESHOLD,0,7.457703053019941,10.396
STAGE_MODEL_THRESHOLD,0,7.508360258012544,10.396
STAGE_MODEL_THRESHOLD,0,7.559066999005154,10.398
STAGE_MODEL_THRESHOLD,0,7.609650771017186,10.398
STAGE_MODEL_THRESHOLD,0,7.660145357018337,10.395
STAGE_MODEL_THRESHOLD,0,7.7105993180011865,10.395
STAGE_MODEL_THRESHOLD,0,7.761207029019715,10.398
STAGE_MODEL_THRESHOLD,0,7.811714045994449,10.398
STAGE_MODEL_THRESHOLD,0,7.862194001005264,10.401
STAGE_MODEL_THRESHOLD,0,7.912779125996167,10.401
STAGE_MODEL_THRESHOLD,0,7.963303719996475,10.407
STAGE_MODEL_THRESHOLD,0,8.013780561013846,10.407
STAGE_MODEL_THRESHOLD,0,8.064219469000818,10.407
STAGE_MODEL_THRESHOLD,0,8.114793607994216,10.407
STAGE_MODEL_THRESHOLD,0,8.165240015019663,10.407
STAGE_MODEL_THRESHOLD,0,8.21569804000319,10.407
STAGE_MODEL_THRESHOLD,0,8.266462233994389,10.413
STAGE_MODEL_THRESHOLD,0,8.317015383014223,10.413
STAGE_MODEL_THRESHOLD,0,8.36804138700245,10.411
STAGE_MODEL_THRESHOLD,0,8.418779255996924,10.411
STAGE_MODEL_THRESHOLD,0,8.469327875995077,10.417
STAGE_MODEL_THRESHOLD,0,8.519923828018364,10.417
STAGE_MODEL_THRESHOLD,0,8.570769215002656,10.412
STAGE_MODEL_THRESHOLD,0,8.62151469301898,10.412
STAGE_MODEL_THRESHOLD,0,8.672049118002178,10.41
STAGE_MODEL_THRESHOLD,0,8.7229112740024,10.41
STAGE_MODEL_THRESHOLD,0,8.773505932011176,10.41
STAGE_MODEL_THRESHOLD,0,8.824050135008292,10.41
STAGE_MODEL_THRESHOLD,0,8.874616907996824,10.406
STAGE_MODEL_THRESHOLD,0,8.925323296018178,10.406
STAGE_MODEL_THRESHOLD,0,8.975792589015327,10.402
STAGE_MODEL_THRESHOLD,0,9.026352351997048,10.402
STAGE_MODEL_THRESHOLD,0,9.076918560022023,10.396
STAGE_MODEL_THRESHOLD,0,9.127522626018617,10.396
STAGE_MODEL_THRESHOLD,0,9.178013993019704,10.399
STAGE_MODEL_THRESHOLD,0,9.229289450013312,10.399
STAGE_MODEL_THRESHOLD,0,9.280073652014835,10.4
STAGE_MODEL_THRESHOLD,0,9.330531537998468,10.4
STAGE_MODEL_THRESHOLD,0,9.381038849009201,10.392
STAGE_MODEL_THRESHOLD,0,9.431626870005857,10.392
STAGE_MODEL_THRESHOLD,0,9.482300155010307,10.394
STAGE_MODEL_THRESHOLD,0,9.532670811022399,10.394
STAGE_MODEL_THRESHOLD,0,9.583170585014159,10.387
STAGE_MODEL_THRESHOLD,0,9.633884679002222,10.387
STAGE_MODEL_THRESHOLD,0,9.684594178019324,10.386
STAGE_MODEL_THRESHOLD,0,9.7352242640045,10.386
STAGE_MODEL_THRESHOLD,0,9.785809451015666,10.379
STAGE_MODEL_THRESHOLD,0,9.836360154004069,10.379
STAGE_MODEL_THRESHOLD,0,9.886897720018169,10.386
STAGE_MODEL_THRESHOLD,0,9.937703870004043,10.386
STAGE_MODEL_THRESHOLD,0,9.988340534007875,10.385
STAGE_MODEL_THRESHOLD,0,10.038977760996204,10.385
STAGE_MODEL_THRESHOLD,0,10.089857423008652,10.378
STAGE_MODEL_THRESHOLD,0,10.14033345200005,10.378
STAGE_MODEL_THRESHOLD,0,10.190842412004713,10.368
STAGE_MODEL_THRESHOLD,0,10.241371200012509,10.368
STAGE_MODEL_THRESHOLD,0,10.291988023003796,10.363
STAGE_MODEL_THRESHOLD,0,10.34262308801408,10.363
STAGE_MODEL_THRESHOLD,0,10.393075160012813,10.364
STAGE_MODEL_THRESHOLD,0,10.443617117998656,10.364
STAGE_MODEL_THRESHOLD,0,10.49409041000763,10.362
STAGE_MODEL_THRESHOLD,0,10.544574283994734,10.362
STAGE_MODEL_THRESHOLD,0,10.594969791010953,10.36
STAGE_MODEL_THRESHOLD,0,10.64543804601999,10.36
STAGE_MODEL_THRESHOLD,0,10.695799010019982,11.071
STAGE_MODEL_THRESHOLD,0,10.748152076004772,9.538
STAGE_MODEL_THRESHOLD,0,10.799328376015183,15.161
STAGE_MODEL_THRESHOLD,0,10.85037146601826,15.161
STAGE_MODEL_THRESHOLD,0,10.903083448007237,10.434
STAGE_MODEL_THRESHOLD,0,10.953506328020012,10.348
STAGE_MODEL_THRESHOLD,0,11.004139283002587,10.348
STAGE_MODEL_THRESHOLD,0,11.05461123099667,10.341
STAGE_MODEL_THRESHOLD,0,11.104998594004428,10.341
STAGE_MODEL_THRESHOLD,0,11.15547681300086,10.648
STAGE_MODEL_THRESHOLD,0,11.20767365800566,10.648
STAGE_MODEL_THRESHOLD,0,11.26321849701344,10.491
STAGE_MODEL_THRESHOLD,0,11.313653565011919,10.491
STAGE_MODEL_THRESHOLD,0,11.364125755004352,10.81
STAGE_MODEL_THRESHOLD,0,11.41961750399787,10.301
STAGE_MODEL_THRESHOLD,0,11.475328641012311,10.419
STAGE_MODEL_THRESHOLD,0,11.526657180016628,10.419
STAGE_MODEL_THRESHOLD,0,11.578450763016008,10.341
STAGE_MODEL_THRESHOLD,0,11.628849202010315,10.341
STAGE_MODEL_THRESHOLD,0,11.679307953017997,10.343
STAGE_MODEL_THRESHOLD,0,11.729763739014743,10.343
STAGE_MODEL_THRESHOLD,0,11.780285634013126,11.077
STAGE_MODEL_THRESHOLD,0,11.832448522007326,11.077
STAGE_MODEL_THRESHOLD,0,11.883892922021914,10.352
STAGE_MODEL_THRESHOLD,0,11.934329865995096,10.352
STAGE_MODEL_THRESHOLD,0,11.98590363500989,11.59
STAGE_MODEL_THRESHOLD,0,12.037169390998315,11.59
STAGE_MODEL_THRESHOLD,0,12.091560451022815,10.288
STAGE_MODEL_THRESHOLD,0,12.142021160019794,10.288
STAGE_MODEL_THRESHOLD,0,12.192444807995344,17.534
STAGE_MODEL_THRESHOLD,0,12.249073712999234,17.534
STAGE_MODEL_THRESHOLD,0,12.300303396012168,10.191
STAGE_MODEL_THRESHOLD,0,12.350691576022655,10.191
STAGE_MODEL_THRESHOLD,0,12.401080064999405,10.227
STAGE_MODEL_THRESHOLD,0,12.451558817003388,10.227
STAGE_MODEL_THRESHOLD,0,12.501988582022022,10.26
STAGE_MODEL_THRESHOLD,0,12.55258389300434,10.26
STAGE_MODEL_THRESHOLD,0,12.603230050008278,10.799
STAGE_MODEL_THRESHOLD,0,12.654317342996364,10.332
STAGE_MODEL_THRESHOLD,0,12.705009436002001,10.332
STAGE_MODEL_THRESHOLD,0,12.755602610006463,10.306
STAGE_MODEL_THRESHOLD,0,12.806103208014974,10.306
STAGE_MODEL_THRESHOLD,0,12.856524252012605,10.32
STAGE_MODEL_THRESHOLD,0,12.907013092015404,10.32
STAGE_MODEL_THRESHOLD,0,12.960985957004596,12.113
STAGE_MODEL_THRESHOLD,0,13.013687800004845,12.113
STAGE_MODEL_THRESHOLD,0,13.065774715010775,10.351
STAGE_MODEL_THRESHOLD,0,13.116296527005034,10.351
STAGE_MODEL_THRESHOLD,0,13.166765326022869,10.332
STAGE_MODEL_THRESHOLD,0,13.217346145014744,10.332
STAGE_MODEL_THRESHOLD,0,13.267974685004447,10.324
STAGE_MODEL_THRESHOLD,0,13.318569380004192,10.324
STAGE_MODEL_THRESHOLD,0,13.36911587099894,17.936
STAGE_MODEL_THRESHOLD,0,13.42348703800235,17.936
STAGE_MODEL_THRESHOLD,0,13.474636061000638,10.345
STAGE_MODEL_THRESHOLD,0,13.525105403008638,10.345
STAGE_MODEL_THRESHOLD,0,13.575759374012705,10.35
STAGE_MODEL_THRESHOLD,0,13.626387149997754,10.35
STAGE_MODEL_THRESHOLD,0,13.676912298018578,10.341
STAGE_MODEL_THRESHOLD,0,13.732588481012499,10.341
STAGE_MODEL_THRESHOLD,0,13.783259000018006,11.216
STAGE_MODEL_THRESHOLD,0,13.836679867003113,11.216
STAGE_MODEL_THRESHOLD,0,13.887914335005917,10.334
STAGE_MODEL_THRESHOLD,0,13.946247682004469,10.334
STAGE_MODEL_THRESHOLD,0,13.99663589001284,10.241
STAGE_MODEL_THRESHOLD,0,14.05137859901879,10.407
STAGE_MODEL_THRESHOLD,0,14.10251657202025,10.395
STAGE_MODEL_THRESHOLD,0,14.15303686799598,10.395
STAGE_MODEL_THRESHOLD,0,14.203476310998667,11.625
STAGE_MODEL_THRESHOLD,0,14.25538887901348,10.432
STAGE_MODEL_THRESHOLD,0,14.307208448997699,10.432
STAGE_MODEL_THRESHOLD,0,14.36198522799532,10.355
STAGE_MODEL_THRESHOLD,0,14.41257638001116,10.355
STAGE_MODEL_THRESHOLD,0,14.462961148004979,10.34
STAGE_MODEL_THRESHOLD,0,14.51354587401147,10.34
STAGE_MODEL_THRESHOLD,0,14.564099901996087,19.128
STAGE_MODEL_THRESHOLD,0,14.615528744994663,19.128
STAGE_MODEL_THRESHOLD,0,14.66726456701872,10.494
STAGE_MODEL_THRESHOLD,0,14.718304695008555,10.494
STAGE_MODEL_THRESHOLD,0,14.768716994003626,10.455
STAGE_MODEL_THRESHOLD,0,14.8222569040081,10.455
STAGE_MODEL_THRESHOLD,0,14.873532557016006,10.383
STAGE_MODEL_THRESHOLD,0,14.931299445015611,10.383
STAGE_MODEL_THRESHOLD,0,14.981893790012691,11.09
STAGE_MODEL_THRESHOLD,0,15.035433049022686,11.09
STAGE_MODEL_THRESHOLD,0,15.086750932008727,10.313
STAGE_MODEL_THRESHOLD,0,15.138086385006318,10.313
STAGE_MODEL_THRESHOLD,0,15.188656964019174,10.41
STAGE_MODEL_THRESHOLD,0,15.239475934009533,10.41
STAGE_MODEL_THRESHOLD,0,15.29019076100667,11.938
STAGE_MODEL_THRESHOLD,0,15.341595053003402,9.336
STAGE_MODEL_THRESHOLD,0,15.393443523003953,11.697
STAGE_MODEL_THRESHOLD,0,15.449233299004845,11.697
STAGE_MODEL_THRESHOLD,0,15.501638468005694,10.338
STAGE_MODEL_THRESHOLD,0,15.552278218005085,10.294
STAGE_MODEL_THRESHOLD,0,15.611331046005944,10.294
STAGE_MODEL_THRESHOLD,0,15.667512454005191,10.464
STAGE_MODEL_THRESHOLD,0,15.71814565800014,10.464
STAGE_MODEL_THRESHOLD,0,15.76884102501208,19.027
STAGE_MODEL_THRESHOLD,0,15.820145139005035,19.027
STAGE_MODEL_THRESHOLD,0,15.871398053015582,10.341
STAGE_MODEL_THRESHOLD,0,15.92186136401142,10.341
STAGE_MODEL_THRESHOLD,0,15.972425162006402,10.35
STAGE_MODEL_THRESHOLD,0,16.0230335490196,10.35
STAGE_MODEL_THRESHOLD,0,16.07345921100932,10.358
STAGE_MODEL_THRESHOLD,0,16.124088077020133,10.358
STAGE_MODEL_THRESHOLD,0,16.174564504995942,10.338
STAGE_MODEL_THRESHOLD,0,16.225710505008465,10.338
STAGE_MODEL_THRESHOLD,0,16.27635633200407,10.493
STAGE_MODEL_THRESHOLD,0,16.327981723996345,10.493
STAGE_MODEL_THRESHOLD,0,16.38441654900089,10.428
STAGE_MODEL_THRESHOLD,0,16.434853668004507,10.428
STAGE_MODEL_THRESHOLD,0,16.485397473006742,11.539
STAGE_MODEL_THRESHOLD,0,16.537183237000136,11.539
STAGE_MODEL_THRESHOLD,0,16.58845468601794,10.244
STAGE_MODEL_THRESHOLD,0,16.639110125019215,10.244
STAGE_MODEL_THRESHOLD,0,16.68981818400789,9.711
STAGE_MODEL_THRESHOLD,0,16.742314514995087,9.711
STAGE_MODEL_THRESHOLD,0,16.793654823006364,10.283
STAGE_MODEL_THRESHOLD,0,16.844170468015363,10.283
STAGE_MODEL_THRESHOLD,0,16.896311832009815,16.684
STAGE_MODEL_THRESHOLD,0,16.94759677001275,16.684
STAGE_MODEL_THRESHOLD,0,17.000152656022692,10.45
STAGE_MODEL_THRESHOLD,0,17.050767576001817,10.45
STAGE_MODEL_THRESHOLD,0,17.101250556996092,10.397
STAGE_MODEL_THRESHOLD,0,17.151810970011866,10.395
STAGE_MODEL_THRESHOLD,0,17.202486015012255,10.395
STAGE_MODEL_THRESHOLD,0,17.25326685901382,11.14
STAGE_MODEL_THRESHOLD,0,17.304963988019153,11.14
STAGE_MODEL_THRESHOLD,0,17.357308149017626,10.366
STAGE_MODEL_THRESHOLD,0,17.407830847019795,10.366
STAGE_MODEL_THRESHOLD,0,17.458198895998066,10.373
STAGE_MODEL_THRESHOLD,0,17.508721674006665,10.373
STAGE_MODEL_THRESHOLD,0,17.559152763016755,10.4
STAGE_MODEL_THRESHOLD,0,17.609738519997336,10.4
STAGE_MODEL_THRESHOLD,0,17.66017438401468,10.396
STAGE_MODEL_THRESHOLD,0,17.710819775005803,10.396
STAGE_MODEL_THRESHOLD,0,17.762193354021292,11.76
STAGE_MODEL_THRESHOLD,0,17.815438365010777,11.76
STAGE_MODEL_THRESHOLD,0,17.867948553001042,10.442
STAGE_MODEL_THRESHOLD,0,17.918674557004124,10.442
STAGE_MODEL_THRESHOLD,0,17.969122189009795,10.411
STAGE_MODEL_THRESHOLD,0,18.019931129005272,10.411
STAGE_MODEL_THRESHOLD,0,18.07070917999954,10.414
STAGE_MODEL_THRESHOLD,0,18.12132552100229,10.414
STAGE_MODEL_THRESHOLD,0,18.171913618018152,10.399
STAGE_MODEL_THRESHOLD,0,18.22244594199583,10.399
STAGE_MODEL_THRESHOLD,0,18.2733525710064,10.395
STAGE_MODEL_THRESHOLD,0,18.323927743011154,10.395
STAGE_MODEL_THRESHOLD,0,18.374549669999396,10.395
STAGE_MODEL_THRESHOLD,0,18.425213786016684,10.395
STAGE_MODEL_THRESHOLD,0,18.47568079701159,10.395
STAGE_MODEL_THRESHOLD,0,18.5263290629955,10.395
STAGE_MODEL_THRESHOLD,0,18.576776703994256,10.4
STAGE_MODEL_THRESHOLD,0,18.62733921999461,10.4
STAGE_MODEL_THRESHOLD,0,18.67800476102275,10.404
STAGE_MODEL_THRESHOLD,0,18.72875497501809,10.404
STAGE_MODEL_THRESHOLD,0,18.77920791899669,10.401
STAGE_MODEL_THRESHOLD,0,18.829721629008418,10.401
STAGE_MODEL_THRESHOLD,0,18.880220959021244,10.396
STAGE_MODEL_THRESHOLD,0,18.93070351300412,10.396
STAGE_MODEL_THRESHOLD,0,18.98114217200782,10.391
STAGE_MODEL_THRESHOLD,0,19.031557709007757,10.391
STAGE_MODEL_THRESHOLD,0,19.082102117012255,10.394
STAGE_MODEL_THRESHOLD,0,19.132683019008255,10.394
STAGE_MODEL_THRESHOLD,0,19.18314461701084,10.383
STAGE_MODEL_THRESHOLD,0,19.23356503501418,10.383
STAGE_MODEL_THRESHOLD,0,19.284146731020883,10.384
STAGE_MODEL_THRESHOLD,0,19.33499665200361,10.384
STAGE_MODEL_THRESHOLD,0,19.385571432998404,10.374
STAGE_MODEL_THRESHOLD,0,19.436399650003295,10.374
STAGE_MODEL_THRESHOLD,0,19.487047226022696,10.37
STAGE_MODEL_THRESHOLD,0,19.537853225017898,10.37
STAGE_MODEL_THRESHOLD,0,19.58876577700721,10.362
STAGE_MODEL_THRESHOLD,0,19.63954784499947,10.362
STAGE_MODEL_THRESHOLD,0,19.690226539998548,10.356
STAGE_MODEL_THRESHOLD,0,19.740918552997755,10.356
STAGE_MODEL_THRESHOLD,0,19.791553459013812,10.346
STAGE_MODEL_THRESHOLD,0,19.842197587015107,10.346
STAGE_MODEL_THRESHOLD,0,19.892571267002495,10.343
STAGE_MODEL_THRESHOLD,0,19.943106126011116,10.343
STAGE_MODEL_THRESHOLD,0,19.99379440699704,10.337
STAGE_MODEL_THRESHOLD,0,20.044988256995566,10.337
STAGE_MODEL_THRESHOLD,0,20.095452175999526,10.341
STAGE_MODEL_THRESHOLD,0,20.145940137008438,10.341
STAGE_MODEL_THRESHOLD,0,20.196809276996646,10.332
STAGE_MODEL_THRESHOLD,0,20.2474422660016,10.332
STAGE_MODEL_THRESHOLD,0,20.298262669995893,10.339
STAGE_MODEL_THRESHOLD,0,20.34885378202307,10.339
STAGE_MODEL_THRESHOLD,0,20.399282675003633,10.338
STAGE_MODEL_THRESHOLD,0,20.449829364020843,10.338
STAGE_MODEL_THRESHOLD,0,20.50084489499568,10.342
STAGE_MODEL_THRESHOLD,0,20.551341393002076,10.342
STAGE_MODEL_THRESHOLD,0,20.601948641007766,10.34
STAGE_MODEL_THRESHOLD,0,20.6525118080026,10.34
STAGE_MODEL_THRESHOLD,0,20.703159222000977,10.347
STAGE_MODEL_THRESHOLD,0,20.7537142939982,10.347
STAGE_MODEL_THRESHOLD,0,20.804421303997515,10.343
STAGE_MODEL_THRESHOLD,0,20.85504736501025,10.343
STAGE_MODEL_THRESHOLD,0,20.90576127800159,10.345
STAGE_MODEL_THRESHOLD,0,20.95641502199578,10.345
STAGE_MODEL_THRESHOLD,0,21.00689916900592,10.342
STAGE_MODEL_THRESHOLD,0,21.0574618249957,10.349
STAGE_MODEL_THRESHOLD,0,21.107913490006467,10.349
STAGE_MODEL_THRESHOLD,0,21.158346740994602,10.343
STAGE_MODEL_THRESHOLD,0,21.20878566801548,10.343
STAGE_MODEL_THRESHOLD,0,21.25917027599644,10.348
STAGE_MODEL_THRESHOLD,0,21.309593114012387,10.348
STAGE_MODEL_THRESHOLD,0,21.360030159004964,10.345
STAGE_MODEL_THRESHOLD,0,21.410541690012906,10.345
STAGE_MODEL_THRESHOLD,0,21.461280812014593,10.349
STAGE_MODEL_THRESHOLD,0,21.511903917999007,10.349
STAGE_MODEL_THRESHOLD,0,21.5624707149982,10.35
STAGE_MODEL_THRESHOLD,0,21.61301452902262,10.35
STAGE_MODEL_THRESHOLD,0,21.663477955007693,10.356
STAGE_MODEL_THRESHOLD,0,21.71397731700563,10.356
STAGE_MODEL_THRESHOLD,0,21.76442193100229,10.356
STAGE_MODEL_THRESHOLD,0,21.81498999200994,10.356
STAGE_MODEL_THRESHOLD,0,21.86562973400578,10.363
STAGE_MODEL_THRESHOLD,0,21.916177573002642,10.363
STAGE_MODEL_THRESHOLD,0,21.966753613000037,10.366
STAGE_MODEL_THRESHOLD,0,22.017343929008348,10.366
STAGE_MODEL_THRESHOLD,0,22.067851985018933,10.376
STAGE_MODEL_THRESHOLD,0,22.118470711022383,10.376
STAGE_MODEL_THRESHOLD,0,22.169105116016,10.372
STAGE_MODEL_THRESHOLD,0,22.219684377021622,10.372
STAGE_MODEL_THRESHOLD,0,22.27055327501148,10.378
STAGE_MODEL_THRESHOLD,0,22.321207027998753,10.378
STAGE_MODEL_THRESHOLD,0,22.37165279101464,10.376
STAGE_MODEL_THRESHOLD,0,22.422306214022683,10.376
STAGE_MODEL_THRESHOLD,0,22.473228218994336,10.374
STAGE_MODEL_THRESHOLD,0,22.523702952021267,10.374
STAGE_MODEL_THRESHOLD,0,22.574210256017977,10.375
STAGE_MODEL_THRESHOLD,0,22.6248859600164,10.375
STAGE_MODEL_THRESHOLD,0,22.67539636400761,10.385
STAGE_MODEL_THRESHOLD,0,22.7258826890029,10.385
STAGE_MODEL_THRESHOLD,0,22.77634598800796,10.384
STAGE_MODEL_THRESHOLD,0,22.826747775019612,10.384
STAGE_MODEL_THRESHOLD,0,22.877205145021435,10.387
STAGE_MODEL_THRESHOLD,0,22.92788512801053,10.387
STAGE_MODEL_THRESHOLD,0,22.97843708601431,10.381
STAGE_MODEL_THRESHOLD,0,23.02923033499974,10.381
STAGE_MODEL_THRESHOLD,0,23.079761939006858,10.384
STAGE_MODEL_THRESHOLD,0,23.13037751201773,10.384
STAGE_MODEL_THRESHOLD,0,23.180887863010867,10.377
STAGE_MODEL_THRESHOLD,0,23.231567656010156,10.377
STAGE_MODEL_THRESHOLD,0,23.282156247005332,10.382
STAGE_MODEL_THRESHOLD,0,23.33295807300601,10.382
STAGE_MODEL_THRESHOLD,0,23.383520445000613,10.379
STAGE_MODEL_THRESHOLD,0,23.434026154020103,10.379
STAGE_MODEL_THRESHOLD,0,23.484548942011315,10.383
STAGE_MODEL_THRESHOLD,0,23.535292679007398,10.383
STAGE_MODEL_THRESHOLD,0,23.586163191997912,10.383
STAGE_MODEL_THRESHOLD,0,23.636710876016878,10.383
STAGE_MODEL_THRESHOLD,0,23.68721163002192,10.386
STAGE_MODEL_THRESHOLD,0,23.73797143000411,10.386
STAGE_MODEL_THRESHOLD,0,23.788755276997108,10.378
STAGE_MODEL_THRESHOLD,0,23.839372976013692,10.378
STAGE_MODEL_THRESHOLD,0,23.89006795801106,10.38
STAGE_MODEL_THRESHOLD,0,23.94056879999698,10.38
STAGE_MODEL_THRESHOLD,0,23.99117627600208,10.375
STAGE_MODEL_THRESHOLD,0,24.041737918014405,10.375
STAGE_MODEL_THRESHOLD,0,24.092236557014985,10.376
STAGE_MODEL_THRESHOLD,0,24.14280931299436,10.376
STAGE_MODEL_THRESHOLD,0,24.193466643017018,10.37
STAGE_MODEL_THRESHOLD,0,24.243891621998046,10.37
STAGE_MODEL_THRESHOLD,0,24.29427336601657,10.373
STAGE_MODEL_THRESHOLD,0,24.344732952013146,10.373
STAGE_MODEL_THRESHOLD,0,24.395210499002133,10.368
STAGE_MODEL_THRESHOLD,0,24.445688260020688,10.368
STAGE_MODEL_THRESHOLD,0,24.496065137995174,10.373
STAGE_MODEL_THRESHOLD,0,24.546525995014235,10.373
STAGE_MODEL_THRESHOLD,0,24.597227766003925,10.371
STAGE_MODEL_THRESHOLD,0,24.64789331299835,10.371
STAGE_MODEL_THRESHOLD,0,24.698501353006577,10.38
STAGE_MODEL_THRESHOLD,0,24.74901920001139,10.38
STAGE_MODEL_THRESHOLD,0,24.799624380015302,10.375
STAGE_MODEL_THRESHOLD,0,24.85020477301441,10.375
STAGE_MODEL_THRESHOLD,0,24.900734007998835,10.383
STAGE_MODEL_THRESHOLD,0,24.95122412100318,10.383
STAGE_MODEL_THRESHOLD,0,25.001691958023002,10.379
STAGE_MODEL_THRESHOLD,0,25.052284171018982,10.379
STAGE_MODEL_THRESHOLD,0,25.102810039010365,10.392
STAGE_MODEL_THRESHOLD,0,25.153264955995837,10.392
STAGE_MODEL_THRESHOLD,0,25.203790294995997,10.391
STAGE_MODEL_THRESHOLD,0,25.254432392015588,10.391
STAGE_MODEL_THRESHOLD,0,25.305069068999728,10.389
STAGE_MODEL_THRESHOLD,0,25.356081617996097,10.389
STAGE_MODEL_THRESHOLD,0,25.406634020997444,10.391
STAGE_MODEL_THRESHOLD,0,25.45714742099517,10.388
STAGE_MODEL_THRESHOLD,0,25.507860809011618,10.388
STAGE_MODEL_THRESHOLD,0,25.558214474003762,10.386
STAGE_MODEL_THRESHOLD,0,25.608900065999478,10.386
STAGE_MODEL_THRESHOLD,0,25.65925705601694,10.374
STAGE_MODEL_THRESHOLD,0,25.709802062017843,10.374
STAGE_MODEL_THRESHOLD,0,25.760223979013972,10.371
STAGE_MODEL_THRESHOLD,0,25.81063829100458,10.371
STAGE_MODEL_THRESHOLD,0,25.86117028701119,10.358
STAGE_MODEL_THRESHOLD,0,25.911786603013752,10.358
STAGE_MODEL_THRESHOLD,0,25.96232072301791,10.354
STAGE_MODEL_THRESHOLD,0,26.012812897999538,10.354
STAGE_MODEL_THRESHOLD,0,26.063361641019583,10.342
STAGE_MODEL_THRESHOLD,0,26.1139085360046,10.342
STAGE_MODEL_THRESHOLD,0,26.16457233199617,10.342
STAGE_MODEL_THRESHOLD,0,26.21507820300758,10.342
STAGE_MODEL_THRESHOLD,0,26.26554286602186,10.343
STAGE_MODEL_THRESHOLD,0,26.316050184017513,10.343
STAGE_MODEL_THRESHOLD,0,26.366467008017935,10.339
STAGE_MODEL_THRESHOLD,0,26.416841765021672,10.339
STAGE_MODEL_THRESHOLD,0,26.467361732007703,10.331
STAGE_MODEL_THRESHOLD,0,26.517815421015257,10.331
STAGE_MODEL_THRESHOLD,0,26.568243504007114,8.855
STAGE_MODEL_THRESHOLD,0,26.621570502000395,8.855
STAGE_MODEL_THRESHOLD,0,26.673154000018258,10.338
STAGE_MODEL_THRESHOLD,0,26.72454794900841,10.338
STAGE_MODEL_THRESHOLD,0,26.776985330012394,10.348
STAGE_MODEL_THRESHOLD,0,26.827304653998,10.348
STAGE_MODEL_THRESHOLD,0,26.879201871022815,19.25
STAGE_MODEL_THRESHOLD,0,26.933293306006817,19.25
STAGE_MODEL_THRESHOLD,0,26.985576163016958,10.117
STAGE_MODEL_THRESHOLD,0,27.03634144499665,10.117
STAGE_MODEL_THRESHOLD,0,27.08712344901869,9.776
STAGE_MODEL_THRESHOLD,0,27.13849417201709,9.776
STAGE_MODEL_THRESHOLD,0,27.19537782901898,10.288
STAGE_MODEL_THRESHOLD,0,27.24583953199908,10.288
STAGE_MODEL_THRESHOLD,0,27.29621963799582,10.652
STAGE_MODEL_THRESHOLD,0,27.354235203005373,10.331
STAGE_MODEL_THRESHOLD,0,27.404714460019022,10.331
STAGE_MODEL_THRESHOLD,0,27.45520784301334,9.683
STAGE_MODEL_THRESHOLD,0,27.511680473020533,9.683
STAGE_MODEL_THRESHOLD,0,27.562872959009837,10.339
STAGE_MODEL_THRESHOLD,0,27.613335670001106,10.339
STAGE_MODEL_THRESHOLD,0,27.663851984019857,10.343
STAGE_MODEL_THRESHOLD,0,27.71430431099725,10.343
STAGE_MODEL_THRESHOLD,0,27.764706899004523,10.336
STAGE_MODEL_THRESHOLD,0,27.81513924500905,10.336
STAGE_MODEL_THRESHOLD,0,27.865642727003433,10.34
STAGE_MODEL_THRESHOLD,0,27.91612744401209,10.34
STAGE_MODEL_THRESHOLD,0,27.966518660017755,19.456
STAGE_MODEL_THRESHOLD,0,28.017871554999147,19.456
STAGE_MODEL_THRESHOLD,0,28.06911221300834,10.089
STAGE_MODEL_THRESHOLD,0,28.11951068401686,10.089
STAGE_MODEL_THRESHOLD,0,28.169927505019587,10.203
STAGE_MODEL_THRESHOLD,0,28.220410630019614,10.203
STAGE_MODEL_THRESHOLD,0,28.270982801011996,10.236
STAGE_MODEL_THRESHOLD,0,28.321379982022336,10.236
STAGE_MODEL_THRESHOLD,0,28.371792398014804,10.251
STAGE_MODEL_THRESHOLD,0,28.422416878020158,10.251
STAGE_MODEL_THRESHOLD,0,28.472840456000995,10.267
STAGE_MODEL_THRESHOLD,0,28.52326439000899,10.267
STAGE_MODEL_THRESHOLD,0,28.573727651004447,10.279
STAGE_MODEL_THRESHOLD,0,28.624313125998015,10.279
STAGE_MODEL_THRESHOLD,0,28.674902036000276,10.181
STAGE_MODEL_THRESHOLD,0,28.727237033017445,10.181
STAGE_MODEL_THRESHOLD,0,28.783680235996144,10.397
STAGE_MODEL_THRESHOLD,0,28.834110057010548,10.397
STAGE_MODEL_THRESHOLD,0,28.884597451018635,10.029
STAGE_MODEL_THRESHOLD,0,28.937009989022044,10.59
STAGE_MODEL_THRESHOLD,0,28.994851558003575,9.739
STAGE_MODEL_THRESHOLD,0,29.04647298200871,10.245
STAGE_MODEL_THRESHOLD,0,29.09820757000125,10.241
STAGE_MODEL_THRESHOLD,0,29.148711101006484,10.257
STAGE_MODEL_THRESHOLD,0,29.199267549003707,10.257
STAGE_MODEL_THRESHOLD,0,29.249688517011236,10.257
STAGE_MODEL_THRESHOLD,0,29.300193247006973,10.257
STAGE_MODEL_THRESHOLD,0,29.35076188002131,10.25
STAGE_MODEL_THRESHOLD,0,29.40127870501601,10.25
STAGE_MODEL_THRESHOLD,0,29.451929489994654,9.692
STAGE_MODEL_THRESHOLD,0,29.503217385004973,9.692
STAGE_MODEL_THRESHOLD,0,29.55552049400285,10.311
STAGE_MODEL_THRESHOLD,0,29.60597574201529,10.311
STAGE_MODEL_THRESHOLD,0,29.656694906007033,10.346
STAGE_MODEL_THRESHOLD,0,29.708681714022532,10.346
STAGE_MODEL_THRESHOLD,0,29.759934033005266,10.346
STAGE_MODEL_THRESHOLD,0,29.810371507017408,10.346
STAGE_MODEL_THRESHOLD,0,29.860870580014307,9.376
STAGE_MODEL_THRESHOLD,0,29.912167377013247,9.376
STAGE_MODEL_THRESHOLD,0,29.964364159008255,10.278
STAGE_MODEL_INFER,0,0.0010442300117574632,10.278
STAGE_MODEL_INFER,0,0.05161543900612742,10.007
STAGE_MODEL_INFER,0,0.10212542599765584,10.007
STAGE_MODEL_INFER,0,0.15262249001534656,10.12
STAGE_MODEL_INFER,0,0.2031745680142194,10.12
STAGE_MODEL_INFER,0,0.2535776419972535,8.958
STAGE_MODEL_INFER,0,0.30478281000978313,8.958
STAGE_MODEL_INFER,0,0.35662515900912695,10.375
STAGE_MODEL_INFER,0,0.4070519650122151,10.375
STAGE_MODEL_INFER,0,0.45753501800936647,6.177
STAGE_MODEL_INFER,0,0.510020407004049,6.177
STAGE_MODEL_INFER,0,0.5611696930136532,10.381
STAGE_MODEL_INFER,0,0.6115677019988652,10.381
STAGE_MODEL_INFER,0,0.6619813870056532,10.358
STAGE_MODEL_INFER,0,0.7125093470094725,10.358
STAGE_MODEL_INFER,0,0.7630681970040314,10.362
STAGE_MODEL_INFER,0,0.8200709290103987,10.362
STAGE_MODEL_INFER,0,0.8707595610176213,10.031
STAGE_MODEL_INFER,0,0.9244795690174215,10.031
STAGE_MODEL_INFER,0,0.9759209960175212,10.387
STAGE_MODEL_INFER,0,1.0265485880081542,10.387
STAGE_MODEL_INFER,0,1.0771646490029525,10.37
STAGE_MODEL_INFER,0,1.1276873040187638,10.37
STAGE_MODEL_INFER,0,1.178307402995415,10.366
STAGE_MODEL_INFER,0,1.2287972530175466,10.366
STAGE_MODEL_INFER,0,1.2793055220099632,9.784
STAGE_MODEL_INFER,0,1.331575182004599,10.369
STAGE_MODEL_INFER,0,1.3823905120079871,10.369
STAGE_MODEL_INFER,0,1.4329349879990332,10.369
STAGE_MODEL_INFER,0,1.483432064007502,10.128
STAGE_MODEL_INFER,0,1.5345471850014292,10.375
STAGE_MODEL_INFER,0,1.587568203016417,10.342
STAGE_MODEL_INFER,0,1.6380035420006607,6.172
STAGE_MODEL_INFER,0,1.6900351460208185,6.172
STAGE_MODEL_INFER,0,1.7433267770102248,10.288
STAGE_MODEL_INFER,0,1.794102184008807,10.288
STAGE_MODEL_INFER,0,1.8454240430146456,10.339
STAGE_MODEL_INFER,0,1.8959852230036631,10.339
STAGE_MODEL_INFER,0,1.946611463004956,12.912
STAGE_MODEL_INFER,0,2.0120239430107176,12.912
STAGE_MODEL_INFER,0,2.063505273021292,9.753
STAGE_MODEL_INFER,0,2.115784240013454,9.753
STAGE_MODEL_INFER,0,2.166901542019332,10.323
STAGE_MODEL_INFER,0,2.217455461010104,10.323
STAGE_MODEL_INFER,0,2.2683173500117846,10.324
STAGE_MODEL_INFER,0,2.31889319702168,10.324
STAGE_MODEL_INFER,0,2.369501865003258,10.451
STAGE_MODEL_INFER,0,2.420658351009479,10.451
STAGE_MODEL_INFER,0,2.474053628015099,10.363
STAGE_MODEL_INFER,0,2.524505756999133,10.363
STAGE_MODEL_INFER,0,2.5749590269988403,9.882
STAGE_MODEL_INFER,0,2.630812457005959,11.172
STAGE_MODEL_INFER,0,2.689123524003662,11.172
STAGE_MODEL_INFER,0,2.7403458030021284,10.356
STAGE_MODEL_INFER,0,2.790809405996697,10.356
STAGE_MODEL_INFER,0,2.841305926005589,10.351
STAGE_MODEL_INFER,0,2.891625220014248,10.351
STAGE_MODEL_INFER,0,2.9419970519957133,10.359
STAGE_MODEL_INFER,0,2.992511551012285,10.359
STAGE_MODEL_INFER,0,3.0428887869929895,10.367
STAGE_MODEL_INFER,0,3.098108583013527,10.367
STAGE_MODEL_INFER,0,3.148457925010007,10.314
STAGE_MODEL_INFER,0,3.2032582529936917,10.314
STAGE_MODEL_INFER,0,3.254408262000652,10.404
STAGE_MODEL_INFER,0,3.313344944996061,10.404
STAGE_MODEL_INFER,0,3.3636887019965798,9.928
STAGE_MODEL_INFER,0,3.419336791994283,9.928
STAGE_MODEL_INFER,0,3.4705872640188318,10.395
STAGE_MODEL_INFER,0,3.5284123430028558,10.395
STAGE_MODEL_INFER,0,3.5788845590141136,10.801
STAGE_MODEL_INFER,0,3.633152800000971,10.426
STAGE_MODEL_INFER,0,3.6836868209938984,10.426
STAGE_MODEL_INFER,0,3.7341623370011803,10.429
STAGE_MODEL_INFER,0,3.7846038179995958,10.429
STAGE_MODEL_INFER,0,3.834942412999226,10.415
STAGE_MODEL_INFER,0,3.8852725500182714,10.415
STAGE_MODEL_INFER,0,3.9355878150090575,10.409
STAGE_MODEL_INFER,0,3.9859577100141905,10.409
STAGE_MODEL_INFER,0,4.036401074001333,10.405
STAGE_MODEL_INFER,0,4.086827704013558,10.405
STAGE_MODEL_INFER,0,4.137292680999963,10.407
STAGE_MODEL_INFER,0,4.187714732019231,10.407
STAGE_MODEL_INFER,0,4.238184623012785,10.408
STAGE_MODEL_INFER,0,4.2885193430120125,10.408
STAGE_MODEL_INFER,0,4.338866773992777,10.469
STAGE_MODEL_INFER,0,4.392322382016573,10.469
STAGE_MODEL_INFER,0,4.443455597007414,10.357
STAGE_MODEL_INFER,0,4.499909749021754,10.357
STAGE_MODEL_INFER,0,4.550356510007987,9.746
STAGE_MODEL_INFER,0,4.604872868017992,12.147
STAGE_MODEL_INFER,0,4.65977811900666,10.075
STAGE_MODEL_INFER,0,4.710951532993931,10.075
STAGE_MODEL_INFER,0,4.76310659002047,10.359
STAGE_MODEL_INFER,0,4.813532704021782,10.359
STAGE_MODEL_INFER,0,4.864001442998415,10.568
STAGE_MODEL_INFER,0,4.916820304002613,10.88
STAGE_MODEL_INFER,0,4.968210104998434,9.811
STAGE_MODEL_INFER,0,5.019785578013398,9.811
STAGE_MODEL_INFER,0,5.070929130015429,10.353
STAGE_MODEL_INFER,0,5.1216693310125265,10.353
STAGE_MODEL_INFER,0,5.172257141995942,10.387
STAGE_MODEL_INFER,0,5.223757490020944,10.387
STAGE_MODEL_INFER,0,5.27637496200623,10.387
STAGE_MODEL_INFER,0,5.326882624998689,10.387
STAGE_MODEL_INFER,0,5.377414563001366,7.993
STAGE_MODEL_INFER,0,5.432135541021125,6.363
STAGE_MODEL_INFER,0,5.488591925997753,6.363
STAGE_MODEL_INFER,0,5.540042178996373,6.129
STAGE_MODEL_INFER,0,5.591975588002242,6.129
STAGE_MODEL_INFER,0,5.643175652017817,10.699
STAGE_MODEL_INFER,0,5.693622279010015,10.699
STAGE_MODEL_INFER,0,5.74410568701569,10.546
STAGE_MODEL_INFER,0,5.794545871001901,10.546
STAGE_MODEL_INFER,0,5.845221344003221,10.492
STAGE_MODEL_INFER,0,5.8957485370046925,10.492
STAGE_MODEL_INFER,0,5.9463111119985115,10.094
STAGE_MODEL_INFER,0,5.998008755996125,9.836
STAGE_MODEL_INFER,0,6.051851883006748,10.988
STAGE_MODEL_INFER,0,6.103039566020016,10.988
STAGE_MODEL_INFER,0,6.154469136003172,10.403
STAGE_MODEL_INFER,0,6.204988415993284,10.403
STAGE_MODEL_INFER,0,6.255529336020118,9.413
STAGE_MODEL_INFER,0,6.307716489012819,9.413
STAGE_MODEL_INFER,0,6.3643849740037695,10.454
STAGE_MODEL_INFER,0,6.4149335749971215,10.454
STAGE_MODEL_INFER,0,6.465390491008293,10.965
STAGE_MODEL_INFER,0,6.52265934299794,11.166
STAGE_MODEL_INFER,0,6.57476142901578,6.882
STAGE_MODEL_INFER,0,6.626218524004798,6.882
STAGE_MODEL_INFER,0,6.6789923070173245,10.361
STAGE_MODEL_INFER,0,6.729635337018408,10.396
STAGE_MODEL_INFER,0,6.7801401739998255,10.396
STAGE_MODEL_INFER,0,6.830710615002317,10.411
STAGE_MODEL_INFER,0,6.881156525021652,10.411
STAGE_MODEL_INFER,0,6.931628162012203,10.414
STAGE_MODEL_INFER,0,6.982173204014543,10.414
STAGE_MODEL_INFER,0,7.0326515000197105,9.792
STAGE_MODEL_INFER,0,7.08373350801412,9.792
STAGE_MODEL_INFER,0,7.1350257040176075,10.38
STAGE_MODEL_INFER,0,7.185708039003657,10.38
STAGE_MODEL_INFER,0,7.236220962018706,10.633
STAGE_MODEL_INFER,0,7.2919394570053555,10.633
STAGE_MODEL_INFER,0,7.345544352021534,10.391
STAGE_MODEL_INFER,0,7.396162921009818,10.391
STAGE_MODEL_INFER,0,7.4466606240021065,8.855
STAGE_MODEL_INFER,0,7.504154946014751,8.855
STAGE_MODEL_INFER,0,7.5583762130117975,10.659
STAGE_MODEL_INFER,0,7.608869687013794,10.659
STAGE_MODEL_INFER,0,7.659209969016956,10.533
STAGE_MODEL_INFER,0,7.710627769003622,10.533
STAGE_MODEL_INFER,0,7.761897699994734,10.621
STAGE_MODEL_INFER,0,7.812587301013991,10.621
STAGE_MODEL_INFER,0,7.863159806001931,6.158
STAGE_MODEL_INFER,0,7.919469829997979,6.158
STAGE_MODEL_INFER,0,7.970814442000119,11.678
STAGE_MODEL_INFER,0,8.022921377996681,11.678
STAGE_MODEL_INFER,0,8.078870599012589,10.322
STAGE_MODEL_INFER,0,8.129471121006645,10.378
STAGE_MODEL_INFER,0,8.180063803010853,10.378
STAGE_MODEL_INFER,0,8.230573403008748,9.893
STAGE_MODEL_INFER,0,8.282034723000834,9.893
STAGE_MODEL_INFER,0,8.334895489999326,10.404
STAGE_MODEL_INFER,0,8.385715223994339,10.404
STAGE_MODEL_INFER,0,8.436206237995066,10.41
STAGE_MODEL_INFER,0,8.487225186021533,10.41
STAGE_MODEL_INFER,0,8.53775683301501,10.473
STAGE_MODEL_INFER,0,8.59390704499674,10.473
STAGE_MODEL_INFER,0,8.645275262009818,10.399
STAGE_MODEL_INFER,0,8.695818959007738,10.399
STAGE_MODEL_INFER,0,8.747638202999951,10.193
STAGE_MODEL_INFER,0,8.799028292996809,10.193
STAGE_MODEL_INFER,0,8.853459253994515,11.419
STAGE_MODEL_INFER,0,8.908205760002602,11.419
STAGE_MODEL_INFER,0,8.959689604002051,10.385
STAGE_MODEL_INFER,0,9.010127332992852,10.385
STAGE_MODEL_INFER,0,9.060515846998896,6.15
STAGE_MODEL_INFER,0,9.1125044740038,6.15
STAGE_MODEL_INFER,0,9.164701669011265,10.133
STAGE_MODEL_INFER,0,9.215218338009436,10.133
STAGE_MODEL_INFER,0,9.26591141699464,10.277
STAGE_MODEL_INFER,0,9.316536877013277,10.277
STAGE_MODEL_INFER,0,9.366981947998283,10.29
STAGE_MODEL_INFER,0,9.417563933995552,10.29
STAGE_MODEL_INFER,0,9.468454873014707,9.963
STAGE_MODEL_INFER,0,9.523183484008769,9.963
STAGE_MODEL_INFER,0,9.574616079014959,10.38
STAGE_MODEL_INFER,0,9.625030010007322,10.38
STAGE_MODEL_INFER,0,9.67556629399769,10.203
STAGE_MODEL_INFER,0,9.726808740000706,10.35
STAGE_MODEL_INFER,0,9.786229590012226,10.33
STAGE_MODEL_INFER,0,9.836672222008929,9.866
STAGE_MODEL_INFER,0,9.887835511006415,9.866
STAGE_MODEL_INFER,0,9.94027822901262,10.436
STAGE_MODEL_INFER,0,9.99089231400285,10.436
STAGE_MODEL_INFER,0,10.041533461015206,10.429
STAGE_MODEL_INFER,0,10.092175124009373,10.429
STAGE_MODEL_INFER,0,10.142763769021258,10.416
STAGE_MODEL_INFER,0,10.19333015801385,10.416
STAGE_MODEL_INFER,0,10.243855701002758,8.848
STAGE_MODEL_INFER,0,10.29555170200183,8.848
STAGE_MODEL_INFER,0,10.352654648013413,10.411
STAGE_MODEL_INFER,0,10.403103418997489,10.411
STAGE_MODEL_INFER,0,10.45367901600548,10.404
STAGE_MODEL_INFER,0,10.50427044701064,10.404
STAGE_MODEL_INFER,0,10.554693215002771,10.408
STAGE_MODEL_INFER,0,10.605270772008225,10.408
STAGE_MODEL_INFER,0,10.65581900702091,10.41
STAGE_MODEL_INFER,0,10.706476312014274,10.41
STAGE_MODEL_INFER,0,10.757389992009848,10.413
STAGE_MODEL_INFER,0,10.823531125002773,10.413
STAGE_MODEL_INFER,0,10.874137344013434,10.73
STAGE_MODEL_INFER,0,10.926509478013031,10.424
STAGE_MODEL_INFER,0,10.977524254994933,10.415
STAGE_MODEL_INFER,0,11.028028527012793,10.413
STAGE_MODEL_INFER,0,11.078473105997546,10.413
STAGE_MODEL_INFER,0,11.128983402013546,10.395
STAGE_MODEL_INFER,0,11.179410331998952,10.395
STAGE_MODEL_INFER,0,11.230043226998532,10.667
STAGE_MODEL_INFER,0,11.282361399993533,10.667
STAGE_MODEL_INFER,0,11.336663107998902,10.401
STAGE_MODEL_INFER,0,11.387067969015334,10.401
STAGE_MODEL_INFER,0,11.437587585998699,10.381
STAGE_MODEL_INFER,0,11.488086519995704,10.381
STAGE_MODEL_INFER,0,11.538559606007766,10.381
STAGE_MODEL_INFER,0,11.589151018997654,10.381
STAGE_MODEL_INFER,0,11.639627583004767,10.387
STAGE_MODEL_INFER,0,11.690126169996802,10.387
STAGE_MODEL_INFER,0,11.740618345997063,10.379
STAGE_MODEL_INFER,0,11.79120493499795,10.379
STAGE_MODEL_INFER,0,11.841684386017732,10.384
STAGE_MODEL_INFER,0,11.892034265008988,10.384
STAGE_MODEL_INFER,0,11.942426210007397,10.382
STAGE_MODEL_INFER,0,11.992881662008585,10.382
STAGE_MODEL_INFER,0,12.043343736004317,10.389
STAGE_MODEL_INFER,0,12.093860824999865,10.389
STAGE_MODEL_INFER,0,12.144505519012455,10.984
STAGE_MODEL_INFER,0,12.195807001000503,10.984
STAGE_MODEL_INFER,0,12.248055667005247,10.384
STAGE_MODEL_INFER,0,12.298705155000789,10.384
STAGE_MODEL_INFER,0,12.349157343996922,9.73
STAGE_MODEL_INFER,0,12.407472448016051,9.73
STAGE_MODEL_INFER,0,12.458569195005111,10.363
STAGE_MODEL_INFER,0,12.51363902000594,10.363
STAGE_MODEL_INFER,0,12.564070877007907,11.995
STAGE_MODEL_INFER,0,12.615258599020308,10.808
STAGE_MODEL_INFER,0,12.675938639004016,6.194
STAGE_MODEL_INFER,0,12.727223813009914,10.265
STAGE_MODEL_INFER,0,12.780924626014894,10.286
STAGE_MODEL_INFER,0,12.831475854007294,10.369
STAGE_MODEL_INFER,0,12.891385212016758,10.369
STAGE_MODEL_INFER,0,12.941903379018186,12.282
STAGE_MODEL_INFER,0,13.007505565008614,12.282
STAGE_MODEL_INFER,0,13.05857892500353,11.845
STAGE_MODEL_INFER,0,13.109785598993767,11.845
STAGE_MODEL_INFER,0,13.161005902016768,9.95
STAGE_MODEL_INFER,0,13.224214867019327,9.95
STAGE_MODEL_INFER,0,13.275524327997118,10.805
STAGE_MODEL_INFER,0,13.327755997015629,10.372
STAGE_MODEL_INFER,0,13.378261666017352,10.372
STAGE_MODEL_INFER,0,13.428729601000668,10.403
STAGE_MODEL_INFER,0,13.47922118799761,10.403
STAGE_MODEL_INFER,0,13.529841821000446,10.4
STAGE_MODEL_INFER,0,13.580335360020399,10.4
STAGE_MODEL_INFER,0,13.630852539994521,10.4
STAGE_MODEL_INFER,0,13.681383471994195,11.846
STAGE_MODEL_INFER,0,13.732835608010646,10.385
STAGE_MODEL_INFER,0,13.786721999000292,10.359
STAGE_MODEL_INFER,0,13.83715401001973,10.398
STAGE_MODEL_INFER,0,13.887862675997894,10.398
STAGE_MODEL_INFER,0,13.93829362501856,6.153
STAGE_MODEL_INFER,0,13.98949873901438,6.153
STAGE_MODEL_INFER,0,14.042494788009208,10.123
STAGE_MODEL_INFER,0,14.093034634017386,10.123
STAGE_MODEL_INFER,0,14.143453157012118,10.236
STAGE_MODEL_INFER,0,14.197050504008075,10.236
STAGE_MODEL_INFER,0,14.247563192999223,10.173
STAGE_MODEL_INFER,0,14.302198802994099,10.173
STAGE_MODEL_INFER,0,14.353875216998858,10.314
STAGE_MODEL_INFER,0,14.404366133996518,10.314
STAGE_MODEL_INFER,0,14.454814393015113,10.207
STAGE_MODEL_INFER,0,14.506132194015663,10.207
STAGE_MODEL_INFER,0,14.558285589009756,10.376
STAGE_MODEL_INFER,0,14.608973766007693,10.376
STAGE_MODEL_INFER,0,14.659418747993186,9.417
STAGE_MODEL_INFER,0,14.710741500020958,10.779
STAGE_MODEL_INFER,0,14.76189639000222,10.49
STAGE_MODEL_INFER,0,14.816970952000702,10.49
STAGE_MODEL_INFER,0,14.8683265389991,10.452
STAGE_MODEL_INFER,0,14.918821177008795,10.452
STAGE_MODEL_INFER,0,14.969291665009223,10.29
STAGE_MODEL_INFER,0,15.02061855600914,10.29
STAGE_MODEL_INFER,0,15.072699890995864,10.393
STAGE_MODEL_INFER,0,15.123188947007293,10.393
STAGE_MODEL_INFER,0,15.173776178999105,10.376
STAGE_MODEL_INFER,0,15.22434152700589,10.376
STAGE_MODEL_INFER,0,15.27510577000794,10.371
STAGE_MODEL_INFER,0,15.325677656015614,10.363
STAGE_MODEL_INFER,0,15.376251002016943,10.363
STAGE_MODEL_INFER,0,15.426786626019748,10.362
STAGE_MODEL_INFER,0,15.477524390007602,10.362
STAGE_MODEL_INFER,0,15.5279903979972,10.854
STAGE_MODEL_INFER,0,15.58009305401356,10.854
STAGE_MODEL_INFER,0,15.631517761998111,10.444
STAGE_MODEL_INFER,0,15.682035175006604,10.444
STAGE_MODEL_INFER,0,15.736568010994233,9.777
STAGE_MODEL_INFER,0,15.790001781017054,9.777
STAGE_MODEL_INFER,0,15.84224648901727,10.488
STAGE_MODEL_INFER,0,15.892735931003699,10.488
STAGE_MODEL_INFER,0,15.943243087996962,10.473
STAGE_MODEL_INFER,0,15.993754322000314,10.473
STAGE_MODEL_INFER,0,16.044320732005872,10.398
STAGE_MODEL_INFER,0,16.096811872004764,10.398
STAGE_MODEL_INFER,0,16.14814857300371,6.772
STAGE_MODEL_INFER,0,16.200137473002542,6.772
STAGE_MODEL_INFER,0,16.255796248995466,7.44
STAGE_MODEL_INFER,0,16.307247207005275,7.44
STAGE_MODEL_INFER,0,16.358504995005205,10.897
STAGE_MODEL_INFER,0,16.409114792011678,10.897
STAGE_MODEL_INFER,0,16.460051481000846,10.698
STAGE_MODEL_INFER,0,16.510535964014707,10.698
STAGE_MODEL_INFER,0,16.561030048993416,10.628
STAGE_MODEL_INFER,0,16.62430767400656,10.628
STAGE_MODEL_INFER,0,16.675064361013938,11.262
STAGE_MODEL_INFER,0,16.725533435004763,12.043
STAGE_MODEL_INFER,0,16.775956641999073,12.043
STAGE_MODEL_INFER,0,16.826390739995986,12.537
STAGE_MODEL_INFER,0,16.876907238998683,12.537
STAGE_MODEL_INFER,0,16.92753775601159,12.891
STAGE_MODEL_INFER,0,16.978252814995358,12.891
STAGE_MODEL_INFER,0,17.028795727004763,13.334
STAGE_MODEL_INFER,0,17.079310146014905,13.334
STAGE_MODEL_INFER,0,17.129802209004993,13.786
STAGE_MODEL_INFER,0,17.180279020016314,13.786
STAGE_MODEL_INFER,0,17.230941515008453,14.147
STAGE_MODEL_INFER,0,17.281577857007505,14.147
STAGE_MODEL_INFER,0,17.332057374995202,14.436
STAGE_MODEL_INFER,0,17.38260129300761,14.436
STAGE_MODEL_INFER,0,17.433263989019906,15.007
STAGE_MODEL_INFER,0,17.483734516019467,15.007
STAGE_MODEL_INFER,0,17.53416632601875,15.635
STAGE_MODEL_INFER,0,17.58459192101145,15.635
STAGE_MODEL_INFER,0,17.63504701401689,16.264
STAGE_MODEL_INFER,0,17.68548866402125,16.264
STAGE_MODEL_INFER,0,17.735872096993262,16.653
STAGE_MODEL_INFER,0,17.786212817998603,16.653
STAGE_MODEL_INFER,0,17.836605104006594,16.863
STAGE_MODEL_INFER,0,17.887064739014022,16.863
STAGE_MODEL_INFER,0,17.93753914401168,17.086
STAGE_MODEL_INFER,0,17.9878813289979,17.086
STAGE_MODEL_INFER,0,18.038370612019207,17.315
STAGE_MODEL_INFER,0,18.088891427003546,17.315
STAGE_MODEL_INFER,0,18.13941070099827,17.406
STAGE_MODEL_INFER,0,18.18982081199647,17.406
STAGE_MODEL_INFER,0,18.24030605601729,17.406
STAGE_MODEL_INFER,0,18.291321035008878,17.406
STAGE_MODEL_INFER,0,18.341799789021024,17.409
STAGE_MODEL_INFER,0,18.392197954002768,17.409
STAGE_MODEL_INFER,0,18.442571321997093,17.422
STAGE_MODEL_INFER,0,18.492973673011875,17.422
STAGE_MODEL_INFER,0,18.54337413801113,17.414
STAGE_MODEL_INFER,0,18.593820100009907,17.414
STAGE_MODEL_INFER,0,18.644406850013183,17.412
STAGE_MODEL_INFER,0,18.694997092999984,17.412
STAGE_MODEL_INFER,0,18.745550456020283,17.405
STAGE_MODEL_INFER,0,18.7960414950212,17.405
STAGE_MODEL_INFER,0,18.846558454999467,17.407
STAGE_MODEL_INFER,0,18.902164816012373,17.407
STAGE_MODEL_INFER,0,18.952743953006575,16.692
STAGE_MODEL_INFER,0,19.005459032021463,16.692
STAGE_MODEL_INFER,0,19.056690151017392,17.349
STAGE_MODEL_INFER,0,19.107240512006683,17.349
STAGE_MODEL_INFER,0,19.15778468301869,17.387
STAGE_MODEL_INFER,0,19.20837844599737,17.387
STAGE_MODEL_INFER,0,19.25899301399477,15.913
STAGE_MODEL_INFER,0,19.30994475100306,15.913
STAGE_MODEL_INFER,0,19.36043039499782,9.166
STAGE_MODEL_INFER,0,19.411627465015044,9.166
STAGE_MODEL_INFER,0,19.46269286199822,10.312
STAGE_MODEL_INFER,0,19.513083793019177,10.312
STAGE_MODEL_INFER,0,19.56353472400224,11.268
STAGE_MODEL_INFER,0,19.6168177970103,11.268
STAGE_MODEL_INFER,0,19.668105185002787,10.278
STAGE_MODEL_INFER,0,19.71857883001212,10.278
STAGE_MODEL_INFER,0,19.769017800019355,10.242
STAGE_MODEL_INFER,0,19.819387880008435,10.242
STAGE_MODEL_INFER,0,19.869733133993577,10.251
STAGE_MODEL_INFER,0,19.920057303010253,10.251
STAGE_MODEL_INFER,0,19.97051459699287,10.249
STAGE_MODEL_INFER,0,20.021077192999655,10.249
STAGE_MODEL_INFER,0,20.071583623997867,10.211
STAGE_MODEL_INFER,0,20.12201728700893,10.211
STAGE_MODEL_INFER,0,20.172533506993204,9.477
STAGE_MODEL_INFER,0,20.224530723993666,10.571
STAGE_MODEL_INFER,0,20.275539918016875,9.385
STAGE_MODEL_INFER,0,20.327110117999837,10.581
STAGE_MODEL_INFER,0,20.385387893998995,10.581
STAGE_MODEL_INFER,0,20.436749871994834,10.125
STAGE_MODEL_INFER,0,20.487142571015283,10.125
STAGE_MODEL_INFER,0,20.5376287260151,8.814
STAGE_MODEL_INFER,0,20.589158264017897,8.814
STAGE_MODEL_INFER,0,20.64081544999499,10.149
STAGE_MODEL_INFER,0,20.691152429004433,10.149
STAGE_MODEL_INFER,0,20.74158406900824,10.12
STAGE_MODEL_INFER,0,20.791953458014177,10.12
STAGE_MODEL_INFER,0,20.84233596501872,8.13
STAGE_MODEL_INFER,0,20.893511230009608,8.13
STAGE_MODEL_INFER,0,20.944856646005064,10.098
STAGE_MODEL_INFER,0,20.99521340400679,10.098
STAGE_MODEL_INFER,0,21.0456558970036,10.14
STAGE_MODEL_INFER,0,21.096161487017525,10.14
STAGE_MODEL_INFER,0,21.146579884021776,10.151
STAGE_MODEL_INFER,0,21.196955277002417,10.151
STAGE_MODEL_INFER,0,21.247451795003144,10.439
STAGE_MODEL_INFER,0,21.300260151008843,10.439
STAGE_MODEL_INFER,0,21.35166377501446,10.095
STAGE_MODEL_INFER,0,21.419963420019485,10.095
STAGE_MODEL_INFER,0,21.470506053999998,10.154
STAGE_MODEL_INFER,0,21.522667465003906,10.194
STAGE_MODEL_INFER,0,21.573803149018204,10.196
STAGE_MODEL_INFER,0,21.633229393017245,10.19
STAGE_MODEL_INFER,0,21.68542177201016,11.238
STAGE_MODEL_INFER,0,21.736875778005924,9.003
STAGE_MODEL_INFER,0,21.78882135101594,10.624
STAGE_MODEL_INFER,0,21.851406436006073,10.451
STAGE_MODEL_INFER,0,21.902707614994142,9.956
STAGE_MODEL_INFER,0,21.95408672001213,10.86
STAGE_MODEL_INFER,0,22.006315264006844,10.013
STAGE_MODEL_INFER,0,22.06419114401797,12.131
STAGE_MODEL_INFER,0,22.115527678019134,6.464
STAGE_MODEL_INFER,0,22.17770861001918,6.464
STAGE_MODEL_INFER,0,22.22896629801835,6.301
STAGE_MODEL_INFER,0,22.28169074500329,6.301
STAGE_MODEL_INFER,0,22.33348450702033,10.494
STAGE_MODEL_INFER,0,22.38412011601031,10.494
STAGE_MODEL_INFER,0,22.434857721003937,10.402
STAGE_MODEL_INFER,0,22.48534929699963,10.402
STAGE_MODEL_INFER,0,22.53577436201158,10.355
STAGE_MODEL_INFER,0,22.58626284301863,10.355
STAGE_MODEL_INFER,0,22.636741683993023,9.81
STAGE_MODEL_INFER,0,22.68820933601819,9.81
STAGE_MODEL_INFER,0,22.74073696200503,10.235
STAGE_MODEL_INFER,0,22.791167565010255,10.235
STAGE_MODEL_INFER,0,22.841866659000516,10.312
STAGE_MODEL_INFER,0,22.89229232101934,10.312
STAGE_MODEL_INFER,0,22.942834440997103,10.693
STAGE_MODEL_INFER,0,22.998689069005195,10.693
STAGE_MODEL_INFER,0,23.05469057301525,10.286
STAGE_MODEL_INFER,0,23.105325183016248,10.286
STAGE_MODEL_INFER,0,23.155912065005396,10.302
STAGE_MODEL_INFER,0,23.206432353996206,10.302
STAGE_MODEL_INFER,0,23.261724106996553,12.844
STAGE_MODEL_INFER,0,23.313070773001527,10.09
STAGE_MODEL_INFER,0,23.365386502002366,11.731
STAGE_MODEL_INFER,0,23.41671990501345,11.731
STAGE_MODEL_INFER,0,23.469055260997266,10.359
STAGE_MODEL_INFER,0,23.519786335993558,10.359
STAGE_MODEL_INFER,0,23.570648488996085,6.111
STAGE_MODEL_INFER,0,23.62512843302102,10.68
STAGE_MODEL_INFER,0,23.67568762000883,10.68
STAGE_MODEL_INFER,0,23.72609755001031,10.48
STAGE_MODEL_INFER,0,23.776765411021188,10.48
STAGE_MODEL_INFER,0,23.827257473021746,10.275
STAGE_MODEL_INFER,0,23.878342359996168,10.275
STAGE_MODEL_INFER,0,23.930153788998723,10.327
STAGE_MODEL_INFER,0,23.980629265017342,10.327
STAGE_MODEL_INFER,0,24.031224766018568,10.774
STAGE_MODEL_INFER,0,24.083854929020163,9.471
STAGE_MODEL_INFER,0,24.13539664100972,11.217
STAGE_MODEL_INFER,0,24.18709611601662,11.217
STAGE_MODEL_INFER,0,24.238277280004695,10.378
STAGE_MODEL_INFER,0,24.288713051006198,10.378
STAGE_MODEL_INFER,0,24.34449559901259,10.402
STAGE_MODEL_INFER,0,24.39572876499733,10.402
STAGE_MODEL_INFER,0,24.44949332199758,10.347
STAGE_MODEL_INFER,0,24.500558746018214,10.347
STAGE_MODEL_INFER,0,24.55143019001116,10.354
STAGE_MODEL_INFER,0,24.60199829901103,10.354
STAGE_MODEL_INFER,0,24.652612188016064,10.36
STAGE_MODEL_INFER,0,24.70325253700139,10.36
STAGE_MODEL_INFER,0,24.75374954700237,10.37
STAGE_MODEL_INFER,0,24.804188948997762,10.37
STAGE_MODEL_INFER,0,24.85472897600266,10.581
STAGE_MODEL_INFER,0,24.91124285600381,10.581
STAGE_MODEL_INFER,0,24.9623608480033,10.407
STAGE_MODEL_INFER,0,25.01275362900924,10.407
STAGE_MODEL_INFER,0,25.063312747020973,10.385
STAGE_MODEL_INFER,0,25.11380613199435,10.385
STAGE_MODEL_INFER,0,25.164437219995307,10.278
STAGE_MODEL_INFER,0,25.216641597013222,10.278
STAGE_MODEL_INFER,0,25.27368215000024,10.313
STAGE_MODEL_INFER,0,25.32431274501141,10.384
STAGE_MODEL_INFER,0,25.374985164002283,10.384
STAGE_MODEL_INFER,0,25.42555943201296,10.374
STAGE_MODEL_INFER,0,25.476092230004724,10.374
STAGE_MODEL_INFER,0,25.526625808008248,10.377
STAGE_MODEL_INFER,0,25.577077586000087,10.377
STAGE_MODEL_INFER,0,25.627516801992897,10.376
STAGE_MODEL_INFER,0,25.677978060004534,10.376
STAGE_MODEL_INFER,0,25.728588419995504,10.383
STAGE_MODEL_INFER,0,25.779021080001257,10.383
STAGE_MODEL_INFER,0,25.82946931500919,10.385
STAGE_MODEL_INFER,0,25.880029220017605,10.385
STAGE_MODEL_INFER,0,25.93075655499706,10.387
STAGE_MODEL_INFER,0,25.98147250301554,10.387
STAGE_MODEL_INFER,0,26.03185114901862,10.396
STAGE_MODEL_INFER,0,26.08225395801128,10.396
STAGE_MODEL_INFER,0,26.132810642011464,10.399
STAGE_MODEL_INFER,0,26.183311558997957,10.399
STAGE_MODEL_INFER,0,26.23404149300768,10.396
STAGE_MODEL_INFER,0,26.285184640000807,10.396
STAGE_MODEL_INFER,0,26.335676440998213,10.405
STAGE_MODEL_INFER,0,26.386117206013296,10.405
STAGE_MODEL_INFER,0,26.43663861101959,10.404
STAGE_MODEL_INFER,0,26.487320551997982,10.404
STAGE_MODEL_INFER,0,26.537763821019325,10.404
STAGE_MODEL_INFER,0,26.588489112007665,10.404
STAGE_MODEL_INFER,0,26.639196895004716,10.405
STAGE_MODEL_INFER,0,26.68981299601728,10.405
STAGE_MODEL_INFER,0,26.740450810000766,10.412
STAGE_MODEL_INFER,0,26.79138373301248,10.412
STAGE_MODEL_INFER,0,26.842065264994744,10.407
STAGE_MODEL_INFER,0,26.89250196100329,10.407
STAGE_MODEL_INFER,0,26.943288355018012,10.409
STAGE_MODEL_INFER,0,26.993656230013585,10.409
STAGE_MODEL_INFER,0,27.044072818011045,10.061
STAGE_MODEL_INFER,0,27.095684018015163,10.061
STAGE_MODEL_INFER,0,27.15112682202016,10.424
STAGE_MODEL_INFER,0,27.20193885700428,10.424
STAGE_MODEL_INFER,0,27.252372943999944,10.413
STAGE_MODEL_INFER,0,27.30278653401183,10.413
STAGE_MODEL_INFER,0,27.353371047996916,10.827
STAGE_MODEL_INFER,0,27.411383283993928,10.827
STAGE_MODEL_INFER,0,27.462689089006744,10.402
STAGE_MODEL_INFER,0,27.51322910899762,10.402
STAGE_MODEL_INFER,0,27.56378554701223,9.601
STAGE_MODEL_INFER,0,27.623082316014916,11.032
STAGE_MODEL_INFER,0,27.674040381010855,11.032
STAGE_MODEL_INFER,0,27.726665485999547,10.406
STAGE_MODEL_INFER,0,27.777096531994175,10.406
STAGE_MODEL_INFER,0,27.827590831002453,10.422
STAGE_MODEL_INFER,0,27.878045579011086,10.422
STAGE_MODEL_INFER,0,27.928563026012853,10.422
STAGE_MODEL_INFER,0,27.979071745008696,10.422
STAGE_MODEL_INFER,0,28.02947392401984,10.427
STAGE_MODEL_INFER,0,28.079932419001125,10.427
STAGE_MODEL_INFER,0,28.130514838005183,12.668
STAGE_MODEL_INFER,0,28.183427834999748,12.668
STAGE_MODEL_INFER,0,28.234904339013156,10.401
STAGE_MODEL_INFER,0,28.285472592018778,10.401
STAGE_MODEL_INFER,0,28.33873818902066,6.322
STAGE_MODEL_INFER,0,28.389837580994936,6.322
STAGE_MODEL_INFER,0,28.441718724992825,10.284
STAGE_MODEL_INFER,0,28.49243952901452,10.284
STAGE_MODEL_INFER,0,28.543117876019096,10.798
STAGE_MODEL_INFER,0,28.595371330011403,10.798
STAGE_MODEL_INFER,0,28.646660007012542,10.371
STAGE_MODEL_INFER,0,28.7048009489954,10.371
STAGE_MODEL_INFER,0,28.755266673018923,10.404
STAGE_MODEL_INFER,0,28.81066156300949,10.404
STAGE_MODEL_INFER,0,28.86214200599352,10.398
STAGE_MODEL_INFER,0,28.922001337021356,11.081
STAGE_MODEL_INFER,0,28.973084819997894,11.081
STAGE_MODEL_INFER,0,29.026707695011282,10.412
STAGE_MODEL_INFER,0,29.07716246601194,10.412
STAGE_MODEL_INFER,0,29.127794066997012,10.411
STAGE_MODEL_INFER,0,29.178368902008515,10.411
STAGE_MODEL_INFER,0,29.228902733011637,10.431
STAGE_MODEL_INFER,0,29.279614394996315,10.431
STAGE_MODEL_INFER,0,29.330148590001045,10.738
STAGE_MODEL_INFER,0,29.381369238020852,10.738
STAGE_MODEL_INFER,0,29.434269299003063,10.472
STAGE_MODEL_INFER,0,29.484972903010203,10.472
STAGE_MODEL_INFER,0,29.53547504200833,10.45
STAGE_MODEL_INFER,0,29.586029402998975,10.45
STAGE_MODEL_INFER,0,29.636637098010397,10.437
STAGE_MODEL_INFER,0,29.687204350018874,10.437
STAGE_MODEL_INFER,0,29.73774422801216,10.436
STAGE_MODEL_INFER,0,29.788292725017527,10.436
STAGE_MODEL_INFER,0,29.838843169010943,10.435
STAGE_MODEL_INFER,0,29.889218084019376,10.435
STAGE_MODEL_INFER,0,29.93987649999326,10.893
STAGE_MODEL_INFER,0,29.992333043017425,10.893
BASELINE_IDLE,1,0.0016054580046329647,3.649
BASELINE_IDLE,1,0.053157410002313554,3.649
BASELINE_IDLE,1,0.10474877301021479,3.578
BASELINE_IDLE,1,0.15730044202064164,3.578
BASELINE_IDLE,1,0.20935958801419474,3.653
BASELINE_IDLE,1,0.26101207599276677,3.653
BASELINE_IDLE,1,0.31255004002014175,3.498
BASELINE_IDLE,1,0.364704295003321,3.498
BASELINE_IDLE,1,0.41633720899699256,3.699
BASELINE_IDLE,1,0.4678599550097715,3.699
BASELINE_IDLE,1,0.5195822890091222,3.634
BASELINE_IDLE,1,0.5723881520098075,3.634
BASELINE_IDLE,1,0.62414730200544,3.633
BASELINE_IDLE,1,0.6765267890004907,3.526
BASELINE_IDLE,1,0.7288575709972065,3.526
BASELINE_IDLE,1,0.7813666300207842,1.858
BASELINE_IDLE,1,0.8336319700174499,1.858
BASELINE_IDLE,1,0.8854162660136353,1.82
BASELINE_IDLE,1,0.936753297020914,1.82
BASELINE_IDLE,1,0.9882305310165975,1.82
BASELINE_IDLE,1,1.039763455017237,1.82
BASELINE_IDLE,1,1.090730997006176,1.82
BASELINE_IDLE,1,1.1417352150019724,1.82
BASELINE_IDLE,1,1.192753208015347,1.82
BASELINE_IDLE,1,1.2438658040191513,1.82
BASELINE_IDLE,1,1.2948220580001362,1.82
BASELINE_IDLE,1,1.3456847640045453,1.82
BASELINE_IDLE,1,1.396497353009181,1.82
BASELINE_IDLE,1,1.4473109770042356,1.82
BASELINE_IDLE,1,1.4981720260111615,1.82
BASELINE_IDLE,1,1.5489275490108412,1.82
BASELINE_IDLE,1,1.5999824610189535,1.82
BASELINE_IDLE,1,1.6508982189989183,1.82
BASELINE_IDLE,1,1.701732121000532,1.82
BASELINE_IDLE,1,1.7525743080186658,1.82
BASELINE_IDLE,1,1.8032546699978411,1.82
BASELINE_IDLE,1,1.8540163010184187,1.82
BASELINE_IDLE,1,1.9049761350033805,1.753
BASELINE_IDLE,1,1.9558622660115361,1.753
BASELINE_IDLE,1,2.006680980004603,1.753
BASELINE_IDLE,1,2.057854190003127,1.753
BASELINE_IDLE,1,2.109336601017276,1.753
BASELINE_IDLE,1,2.1606237000087276,1.753
BASELINE_IDLE,1,2.211545786005445,1.753
BASELINE_IDLE,1,2.2625161980104167,1.753
BASELINE_IDLE,1,2.3133143529994413,1.753
BASELINE_IDLE,1,2.364165070001036,1.753
BASELINE_IDLE,1,2.4150756130111404,1.753
BASELINE_IDLE,1,2.466200094000669,1.753
BASELINE_IDLE,1,2.5171895289968234,1.753
BASELINE_IDLE,1,2.568486981006572,1.753
BASELINE_IDLE,1,2.6196074100153055,1.753
BASELINE_IDLE,1,2.670833358017262,1.753
BASELINE_IDLE,1,2.7216306189948227,1.753
BASELINE_IDLE,1,2.7724928010138683,1.753
BASELINE_IDLE,1,2.8233532140147872,1.753
BASELINE_IDLE,1,2.8740029990149196,1.753
BASELINE_IDLE,1,2.9245791860157624,1.695
BASELINE_IDLE,1,2.9754719010088593,1.695
BASELINE_IDLE,1,3.0265755059954245,1.695
BASELINE_IDLE,1,3.0775942059990484,1.695
BASELINE_IDLE,1,3.1283986140042543,1.695
BASELINE_IDLE,1,3.179673016013112,1.695
BASELINE_IDLE,1,3.2309366050176322,1.695
BASELINE_IDLE,1,3.282323779014405,1.695
BASELINE_IDLE,1,3.3331558520148974,1.695
BASELINE_IDLE,1,3.384227135014953,1.695
BASELINE_IDLE,1,3.435244368010899,1.695
BASELINE_IDLE,1,3.4865402090072166,1.695
BASELINE_IDLE,1,3.537555887014605,1.695
BASELINE_IDLE,1,3.5886021660116967,1.695
BASELINE_IDLE,1,3.63986012301757,1.695
BASELINE_IDLE,1,3.690728888992453,1.695
BASELINE_IDLE,1,3.7417657420155592,1.695
BASELINE_IDLE,1,3.792961397994077,1.695
BASELINE_IDLE,1,3.844641578005394,1.695
BASELINE_IDLE,1,3.8954450780001935,1.691
BASELINE_IDLE,1,3.947049419017276,1.691
BASELINE_IDLE,1,3.998116544011282,1.691
BASELINE_IDLE,1,4.048949706018902,1.691
BASELINE_IDLE,1,4.100233360019047,1.691
BASELINE_IDLE,1,4.151377489004517,1.691
BASELINE_IDLE,1,4.202471221011365,1.691
BASELINE_IDLE,1,4.253612656000769,1.691
BASELINE_IDLE,1,4.30460091601708,1.691
BASELINE_IDLE,1,4.355537283001468,1.691
BASELINE_IDLE,1,4.406628423021175,1.691
BASELINE_IDLE,1,4.457571516017197,1.691
BASELINE_IDLE,1,4.508471320004901,1.691
BASELINE_IDLE,1,4.559203906013863,1.691
BASELINE_IDLE,1,4.610042784013785,1.691
BASELINE_IDLE,1,4.661114240007009,1.691
BASELINE_IDLE,1,4.711943519010674,1.691
BASELINE_IDLE,1,4.7628782910178415,1.691
BASELINE_IDLE,1,4.813647458999185,1.691
BASELINE_IDLE,1,4.864471013017464,1.691
BASELINE_IDLE,1,4.9154258130001836,1.689
BASELINE_IDLE,1,4.9669851470098365,1.689
BASELINE_IDLE,1,5.017871609015856,1.689
BASELINE_IDLE,1,5.068590536015108,1.689
BASELINE_IDLE,1,5.119311592017766,1.689
BASELINE_IDLE,1,5.170098205009708,1.689
BASELINE_IDLE,1,5.220803333009826,1.689
BASELINE_IDLE,1,5.271712624002248,1.689
BASELINE_IDLE,1,5.322659416007809,1.689
BASELINE_IDLE,1,5.373580259998562,1.689
BASELINE_IDLE,1,5.424149447993841,1.689
BASELINE_IDLE,1,5.475381391996052,1.689
BASELINE_IDLE,1,5.526213723002002,1.689
BASELINE_IDLE,1,5.577121408015955,1.689
BASELINE_IDLE,1,5.628163212997606,1.689
BASELINE_IDLE,1,5.679186602996197,1.689
BASELINE_IDLE,1,5.729986833001021,1.689
BASELINE_IDLE,1,5.781161179009359,1.689
BASELINE_IDLE,1,5.832391285017366,1.689
BASELINE_IDLE,1,5.883406036999077,1.682
BASELINE_IDLE,1,5.934422490012366,1.682
BASELINE_IDLE,1,5.9854064480168745,1.682
BASELINE_IDLE,1,6.0366536770015955,1.682
BASELINE_IDLE,1,6.087821912020445,1.682
BASELINE_IDLE,1,6.1392438120092265,1.682
BASELINE_IDLE,1,6.1900714579969645,1.682
BASELINE_IDLE,1,6.241047642019112,1.682
BASELINE_IDLE,1,6.292170082015218,1.682
BASELINE_IDLE,1,6.343181511008879,1.682
BASELINE_IDLE,1,6.39417625401984,1.682
BASELINE_IDLE,1,6.4453500880044885,1.682
BASELINE_IDLE,1,6.496478727000067,1.682
BASELINE_IDLE,1,6.547519262006972,1.682
BASELINE_IDLE,1,6.598360497999238,1.682
BASELINE_IDLE,1,6.649257748009404,1.682
BASELINE_IDLE,1,6.700154999009101,1.682
BASELINE_IDLE,1,6.75120523001533,1.682
BASELINE_IDLE,1,6.8021788310143165,1.682
BASELINE_IDLE,1,6.853185640997253,1.682
BASELINE_IDLE,1,6.904075680009555,1.68
BASELINE_IDLE,1,6.955208895000396,1.68
BASELINE_IDLE,1,7.006140451994725,1.68
BASELINE_IDLE,1,7.0569576320122,1.68
BASELINE_IDLE,1,7.107824484992307,1.68
BASELINE_IDLE,1,7.15877453002031,1.68
BASELINE_IDLE,1,7.209927496005548,1.68
BASELINE_IDLE,1,7.260821561998455,1.68
BASELINE_IDLE,1,7.311665487010032,1.68
BASELINE_IDLE,1,7.362697812000988,1.68
BASELINE_IDLE,1,7.413522198010469,1.68
BASELINE_IDLE,1,7.4645272649941035,1.68
BASELINE_IDLE,1,7.516081943002064,1.68
BASELINE_IDLE,1,7.567344155017054,1.68
BASELINE_IDLE,1,7.61868830100866,1.68
BASELINE_IDLE,1,7.669667654001387,1.68
BASELINE_IDLE,1,7.720448895008303,1.68
BASELINE_IDLE,1,7.771501031995285,1.68
BASELINE_IDLE,1,7.822745281999232,1.68
BASELINE_IDLE,1,7.873601707018679,1.684
BASELINE_IDLE,1,7.924505039001815,1.684
BASELINE_IDLE,1,7.975358432013309,1.684
BASELINE_IDLE,1,8.026209455012577,1.684
BASELINE_IDLE,1,8.07724773400696,1.684
BASELINE_IDLE,1,8.128003646997968,1.684
BASELINE_IDLE,1,8.178946316009387,1.684
BASELINE_IDLE,1,8.22996315601631,1.684
BASELINE_IDLE,1,8.281131377007114,1.684
BASELINE_IDLE,1,8.33205463399645,1.684
BASELINE_IDLE,1,8.38284295401536,1.684
BASELINE_IDLE,1,8.433965772012016,1.684
BASELINE_IDLE,1,8.48500034600147,1.684
BASELINE_IDLE,1,8.535876420006389,1.684
BASELINE_IDLE,1,8.586809461005032,1.684
BASELINE_IDLE,1,8.63798839302035,1.684
BASELINE_IDLE,1,8.689040094992379,1.684
BASELINE_IDLE,1,8.740097221016185,1.684
BASELINE_IDLE,1,8.791425700008404,1.684
BASELINE_IDLE,1,8.842281899997033,1.684
BASELINE_IDLE,1,8.893100265006069,1.687
BASELINE_IDLE,1,8.944736417004606,1.687
BASELINE_IDLE,1,8.99584460601909,1.687
BASELINE_IDLE,1,9.04677869801526,1.687
BASELINE_IDLE,1,9.097902050008997,1.687
BASELINE_IDLE,1,9.14924532402074,1.687
BASELINE_IDLE,1,9.200688594020903,1.687
BASELINE_IDLE,1,9.25163387300563,1.687
BASELINE_IDLE,1,9.303100023011211,1.687
BASELINE_IDLE,1,9.354226163995918,1.687
BASELINE_IDLE,1,9.405243435001466,1.687
BASELINE_IDLE,1,9.456239117018413,1.687
BASELINE_IDLE,1,9.507134254003176,1.687
BASELINE_IDLE,1,9.558026989019709,1.687
BASELINE_IDLE,1,9.608871227013879,1.687
BASELINE_IDLE,1,9.659743260010146,1.687
BASELINE_IDLE,1,9.710619432997191,1.687
BASELINE_IDLE,1,9.761439221008914,1.687
BASELINE_IDLE,1,9.812385993020143,1.687
BASELINE_IDLE,1,9.863321620010538,1.687
BASELINE_IDLE,1,9.914202681015013,1.675
BASELINE_IDLE,1,9.965348594007082,1.675
BASELINE_IDLE,1,10.016093932004878,1.675
BASELINE_IDLE,1,10.067012303014053,1.675
BASELINE_IDLE,1,10.118037513020681,1.675
BASELINE_IDLE,1,10.168820874998346,1.675
BASELINE_IDLE,1,10.219451444019796,1.675
BASELINE_IDLE,1,10.270485588000156,1.675
BASELINE_IDLE,1,10.321200100996066,1.675
BASELINE_IDLE,1,10.371551499993075,1.675
BASELINE_IDLE,1,10.421987726003863,1.675
BASELINE_IDLE,1,10.472841656999663,1.675
BASELINE_IDLE,1,10.523720496013993,1.675
BASELINE_IDLE,1,10.57458702402073,1.675
BASELINE_IDLE,1,10.625529650016688,1.675
BASELINE_IDLE,1,10.67652509000618,1.675
BASELINE_IDLE,1,10.727029099012725,1.675
BASELINE_IDLE,1,10.777790181018645,1.675
BASELINE_IDLE,1,10.83298307901714,1.675
BASELINE_IDLE,1,10.883910536009353,1.666
BASELINE_IDLE,1,10.934690516005503,1.666
BASELINE_IDLE,1,10.985568822012283,1.666
BASELINE_IDLE,1,11.036402301018825,1.666
BASELINE_IDLE,1,11.087337824021233,1.666
BASELINE_IDLE,1,11.138375676004216,1.666
BASELINE_IDLE,1,11.189258341008099,1.666
BASELINE_IDLE,1,11.24030534501071,1.666
BASELINE_IDLE,1,11.291392133018235,1.666
BASELINE_IDLE,1,11.342330764018698,1.666
BASELINE_IDLE,1,11.393242859019665,1.666
BASELINE_IDLE,1,11.444185140018817,1.666
BASELINE_IDLE,1,11.495077650994062,1.666
BASELINE_IDLE,1,11.545863601000747,1.666
BASELINE_IDLE,1,11.596837899007369,1.666
BASELINE_IDLE,1,11.647686737996992,1.666
BASELINE_IDLE,1,11.698552029993152,1.666
BASELINE_IDLE,1,11.749372507008957,1.666
BASELINE_IDLE,1,11.800335075007752,1.666
BASELINE_IDLE,1,11.851230705011403,1.666
BASELINE_IDLE,1,11.90212468901882,1.621
BASELINE_IDLE,1,11.954143890994601,1.621
BASELINE_IDLE,1,12.005787133006379,1.763
BASELINE_IDLE,1,12.057961681013694,1.651
BASELINE_IDLE,1,12.110206028009998,2.149
BASELINE_IDLE,1,12.162011213018559,2.149
BASELINE_IDLE,1,12.213396420993377,1.67
BASELINE_IDLE,1,12.26504368899623,2.988
BASELINE_IDLE,1,12.321751601004507,2.988
BASELINE_IDLE,1,12.373405498015927,2.765
BASELINE_IDLE,1,12.43118795301416,2.765
BASELINE_IDLE,1,12.482468424015678,2.305
BASELINE_IDLE,1,12.538552737009013,2.305
BASELINE_IDLE,1,12.590128069015918,1.752
BASELINE_IDLE,1,12.641419608000433,1.752
BASELINE_IDLE,1,12.69295784100541,1.608
BASELINE_IDLE,1,12.744466036994709,1.913
BASELINE_IDLE,1,12.795989395002834,1.76
BASELINE_IDLE,1,12.847608709998894,1.76
BASELINE_IDLE,1,12.899200037005357,1.613
BASELINE_IDLE,1,12.950835763011128,1.613
BASELINE_IDLE,1,13.002761084993836,1.778
BASELINE_IDLE,1,13.05432467101491,1.778
BASELINE_IDLE,1,13.106076355004916,1.648
BASELINE_IDLE,1,13.15849742302089,1.648
BASELINE_IDLE,1,13.210050455003511,1.67
BASELINE_IDLE,1,13.261663759010844,1.67
BASELINE_IDLE,1,13.313852688006591,1.64
BASELINE_IDLE,1,13.366217261005659,1.814
BASELINE_IDLE,1,13.417898979008896,2.137
BASELINE_IDLE,1,13.469866378000006,1.61
BASELINE_IDLE,1,13.522342264011968,1.61
BASELINE_IDLE,1,13.573982122004963,3.14
BASELINE_IDLE,1,13.628329375002068,3.14
BASELINE_IDLE,1,13.680675848998362,1.651
BASELINE_IDLE,1,13.732313932996476,1.651
BASELINE_IDLE,1,13.783874688000651,1.705
BASELINE_IDLE,1,13.83549200501875,1.705
BASELINE_IDLE,1,13.887002218019916,1.644
BASELINE_IDLE,1,13.938866470998619,2.104
BASELINE_IDLE,1,13.990607273997739,1.787
BASELINE_IDLE,1,14.042090527014807,1.787
BASELINE_IDLE,1,14.093579367996426,1.65
BASELINE_IDLE,1,14.145455421006773,1.65
BASELINE_IDLE,1,14.197111943998607,1.699
BASELINE_IDLE,1,14.249334054009523,1.699
BASELINE_IDLE,1,14.300737386016408,1.587
BASELINE_IDLE,1,14.352441604016349,1.908
BASELINE_IDLE,1,14.40426993300207,1.915
BASELINE_IDLE,1,14.455654028017307,1.915
BASELINE_IDLE,1,14.507129089004593,1.607
BASELINE_IDLE,1,14.5594106670178,1.607
BASELINE_IDLE,1,14.611230050009908,1.695
BASELINE_IDLE,1,14.663329817994963,1.695
BASELINE_IDLE,1,14.7157789519988,1.652
BASELINE_IDLE,1,14.768001007993007,1.652
BASELINE_IDLE,1,14.82015018601669,1.712
BASELINE_IDLE,1,14.871502079011407,1.61
BASELINE_IDLE,1,14.924374522001017,2.799
BASELINE_IDLE,1,14.976029126992216,1.761
STAGE_MODEL_INFER,1,0.0016241759876720607,1.761
STAGE_MODEL_INFER,1,0.05535079599940218,6.061
STAGE_MODEL_INFER,1,0.10626165798748843,6.061
STAGE_MODEL_INFER,1,0.15709541898104362,5.797
STAGE_MODEL_INFER,1,0.21947436197660863,5.797
STAGE_MODEL_INFER,1,0.28256326098926365,5.551
STAGE_MODEL_INFER,1,0.3430203429888934,34.666
STAGE_MODEL_INFER,1,0.3944682409928646,34.666
STAGE_MODEL_INFER,1,0.44774630398023874,16.974
STAGE_MODEL_INFER,1,0.4986739619926084,16.974
STAGE_MODEL_INFER,1,0.5492673499975353,16.084
STAGE_MODEL_INFER,1,0.5999039269809145,16.084
STAGE_MODEL_INFER,1,0.6505711769859772,17.644
STAGE_MODEL_INFER,1,0.7126862749864813,17.644
STAGE_MODEL_INFER,1,0.7648593439953402,15.321
STAGE_MODEL_INFER,1,0.8157039079815149,15.321
STAGE_MODEL_INFER,1,0.8666416229971219,19.471
STAGE_MODEL_INFER,1,0.9208750889811199,19.471
STAGE_MODEL_INFER,1,0.9723855009942781,15.111
STAGE_MODEL_INFER,1,1.0229715919995215,15.111
STAGE_MODEL_INFER,1,1.0737862909736577,15.112
STAGE_MODEL_INFER,1,1.1245410159754101,15.112
STAGE_MODEL_INFER,1,1.1751339059846941,15.117
STAGE_MODEL_INFER,1,1.2258423189923633,15.117
STAGE_MODEL_INFER,1,1.2764459539903328,15.11
STAGE_MODEL_INFER,1,1.3269842229783535,15.11
STAGE_MODEL_INFER,1,1.377504970994778,15.112
STAGE_MODEL_INFER,1,1.4282639419834595,15.112
STAGE_MODEL_INFER,1,1.479175211978145,15.109
STAGE_MODEL_INFER,1,1.529816194990417,15.109
STAGE_MODEL_INFER,1,1.5802656519808806,15.11
STAGE_MODEL_INFER,1,1.6306845029757824,15.11
STAGE_MODEL_INFER,1,1.6814747699827421,15.109
STAGE_MODEL_INFER,1,1.732030205981573,15.109
STAGE_MODEL_INFER,1,1.7825052709958982,15.101
STAGE_MODEL_INFER,1,1.8330896899860818,15.101
STAGE_MODEL_INFER,1,1.8835246509988792,15.1
STAGE_MODEL_INFER,1,1.933958644978702,15.1
STAGE_MODEL_INFER,1,1.9844962439965457,15.095
STAGE_MODEL_INFER,1,2.034993310982827,15.095
STAGE_MODEL_INFER,1,2.0855872469837777,15.095
STAGE_MODEL_INFER,1,2.136140913993586,15.095
STAGE_MODEL_INFER,1,2.1868998509889934,15.1
STAGE_MODEL_INFER,1,2.2373705279896967,15.1
STAGE_MODEL_INFER,1,2.287846474995604,15.092
STAGE_MODEL_INFER,1,2.338423707988113,15.092
STAGE_MODEL_INFER,1,2.388926220999565,14.682
STAGE_MODEL_INFER,1,2.4396469659986906,14.682
STAGE_MODEL_INFER,1,2.4900412859860808,14.222
STAGE_MODEL_INFER,1,2.540561688976595,14.222
STAGE_MODEL_INFER,1,2.591045570996357,13.764
STAGE_MODEL_INFER,1,2.641511184978299,13.308
STAGE_MODEL_INFER,1,2.6920486289891414,13.308
STAGE_MODEL_INFER,1,2.742662560980534,12.839
STAGE_MODEL_INFER,1,2.793719103996409,12.839
STAGE_MODEL_INFER,1,2.8443573339900468,12.377
STAGE_MODEL_INFER,1,2.895198742975481,12.377
STAGE_MODEL_INFER,1,2.9457642139750533,11.893
STAGE_MODEL_INFER,1,2.996378752985038,11.893
STAGE_MODEL_INFER,1,3.047074727975996,11.057
STAGE_MODEL_INFER,1,3.097653425997123,11.057
STAGE_MODEL_INFER,1,3.1480890279926825,10.958
STAGE_MODEL_INFER,1,3.198782774998108,10.958
STAGE_MODEL_INFER,1,3.2493226229853462,10.483
STAGE_MODEL_INFER,1,3.2997745469911024,10.483
STAGE_MODEL_INFER,1,3.3501732099975925,11.813
STAGE_MODEL_INFER,1,3.405377859977307,11.813
STAGE_MODEL_INFER,1,3.456673279986717,9.569
STAGE_MODEL_INFER,1,3.5070818940002937,9.569
STAGE_MODEL_INFER,1,3.557488726975862,9.832
STAGE_MODEL_INFER,1,3.616823996999301,9.832
STAGE_MODEL_INFER,1,3.667536050983472,9.969
STAGE_MODEL_INFER,1,3.727391558000818,9.969
STAGE_MODEL_INFER,1,3.781655975995818,9.897
STAGE_MODEL_INFER,1,3.832283308991464,9.897
STAGE_MODEL_INFER,1,3.8829581169993617,9.913
STAGE_MODEL_INFER,1,3.9336769829969853,9.913
STAGE_MODEL_INFER,1,3.9843094109965023,9.919
STAGE_MODEL_INFER,1,4.03479618797428,9.919
STAGE_MODEL_INFER,1,4.085247359995265,9.936
STAGE_MODEL_INFER,1,4.135792182991281,9.936
STAGE_MODEL_INFER,1,4.186367800983135,10.569
STAGE_MODEL_INFER,1,4.2415895679732785,10.009
STAGE_MODEL_INFER,1,4.2922082519799005,10.009
STAGE_MODEL_INFER,1,4.346913048997521,9.972
STAGE_MODEL_INFER,1,4.397514009993756,9.972
STAGE_MODEL_INFER,1,4.448032243992202,11.807
STAGE_MODEL_INFER,1,4.499961640976835,11.807
STAGE_MODEL_INFER,1,4.554629649996059,10.265
STAGE_MODEL_INFER,1,4.605062987975543,10.265
STAGE_MODEL_INFER,1,4.655444762000116,10.125
STAGE_MODEL_INFER,1,4.7059196170012,10.125
STAGE_MODEL_INFER,1,4.756875433988171,10.072
STAGE_MODEL_INFER,1,4.8074864159862045,10.072
STAGE_MODEL_INFER,1,4.857941484980984,10.048
STAGE_MODEL_INFER,1,4.908521521982038,10.048
STAGE_MODEL_INFER,1,4.959047854994424,10.047
STAGE_MODEL_INFER,1,5.009738341992488,10.047
STAGE_MODEL_INFER,1,5.06019947497407,10.212
STAGE_MODEL_INFER,1,5.121330334979575,10.212
STAGE_MODEL_INFER,1,5.17271193198394,10.079
STAGE_MODEL_INFER,1,5.223303900973406,10.079
STAGE_MODEL_INFER,1,5.274015007977141,9.444
STAGE_MODEL_INFER,1,5.330323153000791,9.444
STAGE_MODEL_INFER,1,5.381583670998225,10.178
STAGE_MODEL_INFER,1,5.432292725978186,10.178
STAGE_MODEL_INFER,1,5.4828962449973915,9.85
STAGE_MODEL_INFER,1,5.534305002976907,9.85
STAGE_MODEL_INFER,1,5.586904701980529,10.144
STAGE_MODEL_INFER,1,5.637548470986076,10.144
STAGE_MODEL_INFER,1,5.687963971984573,7.942
STAGE_MODEL_INFER,1,5.743025623989524,10.098
STAGE_MODEL_INFER,1,5.793454816972371,10.098
STAGE_MODEL_INFER,1,5.8440263039956335,10.1
STAGE_MODEL_INFER,1,5.901818075974006,10.1
STAGE_MODEL_INFER,1,5.952505602996098,9.967
STAGE_MODEL_INFER,1,6.0060258339799475,9.967
STAGE_MODEL_INFER,1,6.057236016989918,10.158
STAGE_MODEL_INFER,1,6.107737624988658,10.158
STAGE_MODEL_INFER,1,6.158103037974797,10.108
STAGE_MODEL_INFER,1,6.208512711978983,10.108
STAGE_MODEL_INFER,1,6.2588786899868865,10.077
STAGE_MODEL_INFER,1,6.309296815976268,10.077
STAGE_MODEL_INFER,1,6.359811317990534,9.281
STAGE_MODEL_INFER,1,6.411122589983279,11.582
STAGE_MODEL_INFER,1,6.463653999991948,9.058
STAGE_MODEL_INFER,1,6.51488720899215,9.058
STAGE_MODEL_INFER,1,6.567175075993873,10.111
STAGE_MODEL_INFER,1,6.617841223982396,10.111
STAGE_MODEL_INFER,1,6.668297434982378,10.118
STAGE_MODEL_INFER,1,6.718770302977646,10.118
STAGE_MODEL_INFER,1,6.775429309986066,6.858
STAGE_MODEL_INFER,1,6.826567628973862,10.935
STAGE_MODEL_INFER,1,6.8780646979867015,7.11
STAGE_MODEL_INFER,1,6.929714027995942,7.11
STAGE_MODEL_INFER,1,6.982757824996952,10.107
STAGE_MODEL_INFER,1,7.033538461982971,10.107
STAGE_MODEL_INFER,1,7.084249344974523,14.11
STAGE_MODEL_INFER,1,7.136694845976308,14.11
STAGE_MODEL_INFER,1,7.188165013998514,10.109
STAGE_MODEL_INFER,1,7.238601003977237,10.109
STAGE_MODEL_INFER,1,7.289061211980879,10.118
STAGE_MODEL_INFER,1,7.340685155999381,10.129
STAGE_MODEL_INFER,1,7.391111191973323,10.129
STAGE_MODEL_INFER,1,7.442084447975503,10.367
STAGE_MODEL_INFER,1,7.495306645985693,10.367
STAGE_MODEL_INFER,1,7.552300548995845,10.183
STAGE_MODEL_INFER,1,7.602842211985262,10.183
STAGE_MODEL_INFER,1,7.653789400996175,10.193
STAGE_MODEL_INFER,1,7.7043299279757775,10.193
STAGE_MODEL_INFER,1,7.755478039995069,10.206
STAGE_MODEL_INFER,1,7.806121110974345,10.206
STAGE_MODEL_INFER,1,7.856652621994726,10.225
STAGE_MODEL_INFER,1,7.907345384999644,10.225
STAGE_MODEL_INFER,1,7.95791046199156,10.222
STAGE_MODEL_INFER,1,8.008531330997357,10.222
STAGE_MODEL_INFER,1,8.059102245984832,10.217
STAGE_MODEL_INFER,1,8.109608007973293,10.217
STAGE_MODEL_INFER,1,8.160029911989113,7.713
STAGE_MODEL_INFER,1,8.212087373976829,7.713
STAGE_MODEL_INFER,1,8.268829640990589,8.292
STAGE_MODEL_INFER,1,8.320545425987802,8.292
STAGE_MODEL_INFER,1,8.372309774975292,19.639
STAGE_MODEL_INFER,1,8.425180153979454,19.639
STAGE_MODEL_INFER,1,8.476704194996273,9.381
STAGE_MODEL_INFER,1,8.527707183995517,9.381
STAGE_MODEL_INFER,1,8.578401689999737,9.814
STAGE_MODEL_INFER,1,8.629082340979949,9.814
STAGE_MODEL_INFER,1,8.679979186999844,9.954
STAGE_MODEL_INFER,1,8.730526213999838,9.954
STAGE_MODEL_INFER,1,8.781029986974318,10.138
STAGE_MODEL_INFER,1,8.832803144992795,10.138
STAGE_MODEL_INFER,1,8.88768650899874,10.248
STAGE_MODEL_INFER,1,8.941367926978273,9.028
STAGE_MODEL_INFER,1,8.99334057699889,9.028
STAGE_MODEL_INFER,1,9.047386267979164,10.25
STAGE_MODEL_INFER,1,9.098121953982627,10.25
STAGE_MODEL_INFER,1,9.14878728199983,10.416
STAGE_MODEL_INFER,1,9.203159975993913,10.416
STAGE_MODEL_INFER,1,9.25476909399731,10.204
STAGE_MODEL_INFER,1,9.30533995499718,10.204
STAGE_MODEL_INFER,1,9.355803839978762,10.237
STAGE_MODEL_INFER,1,9.406353545986349,10.237
STAGE_MODEL_INFER,1,9.456900892982958,7.439
STAGE_MODEL_INFER,1,9.509081762982532,7.439
STAGE_MODEL_INFER,1,9.565976409998257,10.256
STAGE_MODEL_INFER,1,9.616488835978089,10.256
STAGE_MODEL_INFER,1,9.667430376983248,10.256
STAGE_MODEL_INFER,1,9.718003989983117,10.256
STAGE_MODEL_INFER,1,9.768768832000205,10.238
STAGE_MODEL_INFER,1,9.819356224994408,10.238
STAGE_MODEL_INFER,1,9.869952306995401,9.814
STAGE_MODEL_INFER,1,9.923629816999892,9.814
STAGE_MODEL_INFER,1,9.974946513975738,10.199
STAGE_MODEL_INFER,1,10.025535847991705,10.199
STAGE_MODEL_INFER,1,10.07613313299953,10.182
STAGE_MODEL_INFER,1,10.126669723977102,10.182
STAGE_MODEL_INFER,1,10.17718516997411,10.194
STAGE_MODEL_INFER,1,10.227731091988971,10.194
STAGE_MODEL_INFER,1,10.278247758978978,10.181
STAGE_MODEL_INFER,1,10.328682213992579,10.181
STAGE_MODEL_INFER,1,10.379319197993027,10.214
STAGE_MODEL_INFER,1,10.429969915974652,10.214
STAGE_MODEL_INFER,1,10.480754283984425,10.235
STAGE_MODEL_INFER,1,10.532648575986968,10.235
STAGE_MODEL_INFER,1,10.584954083984485,10.216
STAGE_MODEL_INFER,1,10.635681332991226,10.216
STAGE_MODEL_INFER,1,10.686151307978434,10.225
STAGE_MODEL_INFER,1,10.73678476799978,10.74
STAGE_MODEL_INFER,1,10.792411107977387,10.74
STAGE_MODEL_INFER,1,10.843537041975651,10.215
STAGE_MODEL_INFER,1,10.894198368972866,10.215
STAGE_MODEL_INFER,1,10.944553933979478,10.265
STAGE_MODEL_INFER,1,10.994959919975372,10.265
STAGE_MODEL_INFER,1,11.045563990977826,10.26
STAGE_MODEL_INFER,1,11.096126385993557,10.26
STAGE_MODEL_INFER,1,11.146779984992463,10.254
STAGE_MODEL_INFER,1,11.197267102979822,10.254
STAGE_MODEL_INFER,1,11.247902728995541,10.263
STAGE_MODEL_INFER,1,11.298489968990907,10.263
STAGE_MODEL_INFER,1,11.350545540975872,10.434
STAGE_MODEL_INFER,1,11.406711313989945,10.544
STAGE_MODEL_INFER,1,11.458559202001197,10.408
STAGE_MODEL_INFER,1,11.513495236984454,11.765
STAGE_MODEL_INFER,1,11.568122081982438,8.934
STAGE_MODEL_INFER,1,11.619914521987084,8.934
STAGE_MODEL_INFER,1,11.671786812978098,10.23
STAGE_MODEL_INFER,1,11.72234796200064,10.23
STAGE_MODEL_INFER,1,11.773055532976286,10.243
STAGE_MODEL_INFER,1,11.823657096974785,10.243
STAGE_MODEL_INFER,1,11.874366793985246,10.244
STAGE_MODEL_INFER,1,11.924941006989684,10.244
STAGE_MODEL_INFER,1,11.975503125984687,10.246
STAGE_MODEL_INFER,1,12.026102573989192,10.246
STAGE_MODEL_INFER,1,12.07671409897739,10.245
STAGE_MODEL_INFER,1,12.127206183999078,10.245
STAGE_MODEL_INFER,1,12.177717644983204,18.959
STAGE_MODEL_INFER,1,12.229575456993189,18.959
STAGE_MODEL_INFER,1,12.284782896982506,9.492
STAGE_MODEL_INFER,1,12.335383350990014,9.492
STAGE_MODEL_INFER,1,12.385903135989793,9.866
STAGE_MODEL_INFER,1,12.436463555000955,9.866
STAGE_MODEL_INFER,1,12.486972259997856,9.63
STAGE_MODEL_INFER,1,12.541496444988297,10.255
STAGE_MODEL_INFER,1,12.591939320991514,10.255
STAGE_MODEL_INFER,1,12.642371614987496,10.236
STAGE_MODEL_INFER,1,12.692957362974994,10.236
STAGE_MODEL_INFER,1,12.743492080975557,10.214
STAGE_MODEL_INFER,1,12.793967387988232,10.214
STAGE_MODEL_INFER,1,12.844358690985246,10.212
STAGE_MODEL_INFER,1,12.894732865999686,10.212
STAGE_MODEL_INFER,1,12.952088652993552,9.697
STAGE_MODEL_INFER,1,13.003255435993196,10.645
STAGE_MODEL_INFER,1,13.068950912973378,9.713
STAGE_MODEL_INFER,1,13.120231997978408,10.978
STAGE_MODEL_INFER,1,13.171365067973966,8.451
STAGE_MODEL_INFER,1,13.222617084975354,8.451
STAGE_MODEL_INFER,1,13.273734353977488,10.24
STAGE_MODEL_INFER,1,13.324130448978394,10.24
STAGE_MODEL_INFER,1,13.374609557999065,10.268
STAGE_MODEL_INFER,1,13.425094778998755,10.268
STAGE_MODEL_INFER,1,13.475622543977806,10.367
STAGE_MODEL_INFER,1,13.526257079996867,10.367
STAGE_MODEL_INFER,1,13.576791039988166,10.276
STAGE_MODEL_INFER,1,13.627180565992603,10.276
STAGE_MODEL_INFER,1,13.677658840984805,9.788
STAGE_MODEL_INFER,1,13.728911857993808,9.788
STAGE_MODEL_INFER,1,13.78021934098797,10.02
STAGE_MODEL_INFER,1,13.830645257985452,10.02
STAGE_MODEL_INFER,1,13.88105980498949,10.566
STAGE_MODEL_INFER,1,13.932237217988586,10.566
STAGE_MODEL_INFER,1,13.983406032988569,10.196
STAGE_MODEL_INFER,1,14.034021957981167,10.196
STAGE_MODEL_INFER,1,14.084492517984472,10.267
STAGE_MODEL_INFER,1,14.13508773400099,10.267
STAGE_MODEL_INFER,1,14.18578769598389,9.996
STAGE_MODEL_INFER,1,14.237380593986018,10.656
STAGE_MODEL_INFER,1,14.296053534984821,10.698
STAGE_MODEL_INFER,1,14.346433384984266,10.477
STAGE_MODEL_INFER,1,14.396863948000828,10.477
STAGE_MODEL_INFER,1,14.447464069991838,6.349
STAGE_MODEL_INFER,1,14.50053963798564,6.349
STAGE_MODEL_INFER,1,14.55776237900136,7.883
STAGE_MODEL_INFER,1,14.614645273977658,7.883
STAGE_MODEL_INFER,1,14.666395129985176,10.368
STAGE_MODEL_INFER,1,14.716935124975862,10.368
STAGE_MODEL_INFER,1,14.76741844197386,10.365
STAGE_MODEL_INFER,1,14.817887437995523,10.365
STAGE_MODEL_INFER,1,14.868398237973452,9.713
STAGE_MODEL_INFER,1,14.920485639973776,9.713
STAGE_MODEL_INFER,1,14.973025466984836,10.352
STAGE_MODEL_INFER,1,15.023542394977994,10.352
STAGE_MODEL_INFER,1,15.074007514980622,10.324
STAGE_MODEL_INFER,1,15.124464141990757,10.324
STAGE_MODEL_INFER,1,15.174858979997225,10.216
STAGE_MODEL_INFER,1,15.227569987997413,10.216
STAGE_MODEL_INFER,1,15.27872603299329,10.289
STAGE_MODEL_INFER,1,15.329415499989409,10.289
STAGE_MODEL_INFER,1,15.38011453099898,8.866
STAGE_MODEL_INFER,1,15.431477082980564,8.866
STAGE_MODEL_INFER,1,15.484392914979253,10.412
STAGE_MODEL_INFER,1,15.534833104989957,10.412
STAGE_MODEL_INFER,1,15.585191291989759,10.065
STAGE_MODEL_INFER,1,15.641951581987087,10.347
STAGE_MODEL_INFER,1,15.692367624986218,10.347
STAGE_MODEL_INFER,1,15.742769078991842,6.347
STAGE_MODEL_INFER,1,15.796485854982166,6.347
STAGE_MODEL_INFER,1,15.847781466989545,10.333
STAGE_MODEL_INFER,1,15.898173501976999,10.333
STAGE_MODEL_INFER,1,15.948675465973793,14.182
STAGE_MODEL_INFER,1,15.999830613000086,14.182
STAGE_MODEL_INFER,1,16.050901129987324,10.13
STAGE_MODEL_INFER,1,16.101364131987793,10.13
STAGE_MODEL_INFER,1,16.151725763978902,10.241
STAGE_MODEL_INFER,1,16.20208322297549,10.241
STAGE_MODEL_INFER,1,16.252608142996905,9.596
STAGE_MODEL_INFER,1,16.303744467993965,9.596
STAGE_MODEL_INFER,1,16.355939943983685,10.316
STAGE_MODEL_INFER,1,16.40673785697436,10.316
STAGE_MODEL_INFER,1,16.45714983099606,10.625
STAGE_MODEL_INFER,1,16.51205451900023,10.625
STAGE_MODEL_INFER,1,16.56327156999032,10.324
STAGE_MODEL_INFER,1,16.61381205698126,10.324
STAGE_MODEL_INFER,1,16.664289921987802,10.327
STAGE_MODEL_INFER,1,16.714930536982138,10.327
STAGE_MODEL_INFER,1,16.76535666399286,9.593
STAGE_MODEL_INFER,1,16.817827267979737,10.605
STAGE_MODEL_INFER,1,16.8692145839741,9.832
STAGE_MODEL_INFER,1,16.920591954985866,11.203
STAGE_MODEL_INFER,1,16.971833099989453,7.141
STAGE_MODEL_INFER,1,17.023136969975894,7.141
STAGE_MODEL_INFER,1,17.075804320978932,10.298
STAGE_MODEL_INFER,1,17.126338281988865,10.298
STAGE_MODEL_INFER,1,17.176964246988064,10.332
STAGE_MODEL_INFER,1,17.227813976991456,10.332
STAGE_MODEL_INFER,1,17.278321496996796,10.319
STAGE_MODEL_INFER,1,17.328897416999098,10.319
STAGE_MODEL_INFER,1,17.37950736397761,9.472
STAGE_MODEL_INFER,1,17.43343725797604,9.472
STAGE_MODEL_INFER,1,17.48542412399547,10.292
STAGE_MODEL_INFER,1,17.53601194897783,10.292
STAGE_MODEL_INFER,1,17.586488253989955,10.295
STAGE_MODEL_INFER,1,17.636974328983342,10.295
STAGE_MODEL_INFER,1,17.68761250298121,11.832
STAGE_MODEL_INFER,1,17.740511330979643,9.137
STAGE_MODEL_INFER,1,17.791681416973006,12.071
STAGE_MODEL_INFER,1,17.842927730991505,8.833
STAGE_MODEL_INFER,1,17.89410562699777,10.69
STAGE_MODEL_INFER,1,17.95732734797639,9.705
STAGE_MODEL_INFER,1,18.00924027999281,9.705
STAGE_MODEL_INFER,1,18.061686543980613,10.319
STAGE_MODEL_INFER,1,18.112481124000624,10.319
STAGE_MODEL_INFER,1,18.16903473599814,7.644
STAGE_MODEL_INFER,1,18.220201663993066,7.644
STAGE_MODEL_INFER,1,18.27421617298387,10.298
STAGE_MODEL_INFER,1,18.3247670729761,10.298
STAGE_MODEL_INFER,1,18.375445445999503,6.102
STAGE_MODEL_INFER,1,18.427875741996104,6.102
STAGE_MODEL_INFER,1,18.479364926985,10.382
STAGE_MODEL_INFER,1,18.530295050994027,10.382
STAGE_MODEL_INFER,1,18.580939422972733,10.381
STAGE_MODEL_INFER,1,18.63163028197596,10.381
STAGE_MODEL_INFER,1,18.682165198988514,11.89
STAGE_MODEL_INFER,1,18.733906181994826,11.89
STAGE_MODEL_INFER,1,18.785776599979727,10.536
STAGE_MODEL_INFER,1,18.83715134699014,10.187
STAGE_MODEL_INFER,1,18.889315300999442,10.187
STAGE_MODEL_INFER,1,18.94065664097434,10.272
STAGE_MODEL_INFER,1,18.991094849974615,10.272
STAGE_MODEL_INFER,1,19.04168429999845,8.79
STAGE_MODEL_INFER,1,19.093121502985014,8.79
STAGE_MODEL_INFER,1,19.1456391029933,10.243
STAGE_MODEL_INFER,1,19.19623650997528,10.243
STAGE_MODEL_INFER,1,19.246813026984455,10.299
STAGE_MODEL_INFER,1,19.301074262999464,10.299
STAGE_MODEL_INFER,1,19.352347428997746,10.342
STAGE_MODEL_INFER,1,19.40282897799625,10.342
STAGE_MODEL_INFER,1,19.453417913988233,10.335
STAGE_MODEL_INFER,1,19.504067170986673,10.335
STAGE_MODEL_INFER,1,19.554390885983594,11.9
STAGE_MODEL_INFER,1,19.605676948995097,11.9
STAGE_MODEL_INFER,1,19.65761711797677,10.157
STAGE_MODEL_INFER,1,19.708116793975933,10.157
STAGE_MODEL_INFER,1,19.75857502297731,10.255
STAGE_MODEL_INFER,1,19.80913289799355,10.255
STAGE_MODEL_INFER,1,19.85972240497358,10.54
STAGE_MODEL_INFER,1,19.92394718597643,10.54
STAGE_MODEL_INFER,1,19.975276682991534,10.006
STAGE_MODEL_INFER,1,20.02759187799529,10.006
STAGE_MODEL_INFER,1,20.079279233992565,10.332
STAGE_MODEL_INFER,1,20.13000074698357,10.332
STAGE_MODEL_INFER,1,20.180455299996538,10.32
STAGE_MODEL_INFER,1,20.231113405985525,10.32
STAGE_MODEL_INFER,1,20.282015673990827,10.319
STAGE_MODEL_INFER,1,20.33249611998326,10.319
STAGE_MODEL_INFER,1,20.38302178197773,9.674
STAGE_MODEL_INFER,1,20.434508259990253,10.154
STAGE_MODEL_INFER,1,20.486074820975773,10.099
STAGE_MODEL_INFER,1,20.536587887996575,10.217
STAGE_MODEL_INFER,1,20.58707845999743,10.217
STAGE_MODEL_INFER,1,20.637726401997497,6.201
STAGE_MODEL_INFER,1,20.690130312985275,6.201
STAGE_MODEL_INFER,1,20.746758255991153,10.279
STAGE_MODEL_INFER,1,20.79752741099219,10.279
STAGE_MODEL_INFER,1,20.84796464498504,10.317
STAGE_MODEL_INFER,1,20.903638808988035,10.317
STAGE_MODEL_INFER,1,20.954326709994348,10.09
STAGE_MODEL_INFER,1,21.00873134098947,10.09
STAGE_MODEL_INFER,1,21.060094464977738,10.37
STAGE_MODEL_INFER,1,21.12030826197588,10.37
STAGE_MODEL_INFER,1,21.17075508297421,9.908
STAGE_MODEL_INFER,1,21.225008310982957,9.908
STAGE_MODEL_INFER,1,21.276556518976577,10.334
STAGE_MODEL_INFER,1,21.32698695998988,10.334
STAGE_MODEL_INFER,1,21.377696056995774,10.326
STAGE_MODEL_INFER,1,21.428264571994077,10.326
STAGE_MODEL_INFER,1,21.478660898981616,10.319
STAGE_MODEL_INFER,1,21.529345587972784,10.319
STAGE_MODEL_INFER,1,21.58008990099188,10.321
STAGE_MODEL_INFER,1,21.63067935098661,10.321
STAGE_MODEL_INFER,1,21.68139488599263,10.319
STAGE_MODEL_INFER,1,21.732012460997794,10.319
STAGE_MODEL_INFER,1,21.782928880973486,10.312
STAGE_MODEL_INFER,1,21.83356526697753,10.312
STAGE_MODEL_INFER,1,21.884470530989347,10.303
STAGE_MODEL_INFER,1,21.935266429994954,10.298
STAGE_MODEL_INFER,1,21.98632447698037,10.298
STAGE_MODEL_INFER,1,22.036864786001388,10.293
STAGE_MODEL_INFER,1,22.087537135987077,10.293
STAGE_MODEL_INFER,1,22.138119485985953,10.296
STAGE_MODEL_INFER,1,22.18854322799598,10.296
STAGE_MODEL_INFER,1,22.239021667977795,10.301
STAGE_MODEL_INFER,1,22.289412558980985,10.301
STAGE_MODEL_INFER,1,22.340092326980084,10.296
STAGE_MODEL_INFER,1,22.390699817973655,10.296
STAGE_MODEL_INFER,1,22.441243978973944,10.291
STAGE_MODEL_INFER,1,22.491930639982456,10.291
STAGE_MODEL_INFER,1,22.542505392979365,10.288
STAGE_MODEL_INFER,1,22.592971035977826,10.288
STAGE_MODEL_INFER,1,22.644258617976448,10.284
STAGE_MODEL_INFER,1,22.694957170984708,10.284
STAGE_MODEL_INFER,1,22.74577516099089,10.282
STAGE_MODEL_INFER,1,22.79683818598278,10.282
STAGE_MODEL_INFER,1,22.847702324972488,10.283
STAGE_MODEL_INFER,1,22.898496686975705,10.283
STAGE_MODEL_INFER,1,22.949195736000547,10.288
STAGE_MODEL_INFER,1,22.999669839977287,10.288
STAGE_MODEL_INFER,1,23.050924191978993,10.295
STAGE_MODEL_INFER,1,23.101698928978294,10.295
STAGE_MODEL_INFER,1,23.152449076995254,10.298
STAGE_MODEL_INFER,1,23.20292227200116,10.298
STAGE_MODEL_INFER,1,23.253554561990313,10.294
STAGE_MODEL_INFER,1,23.304038705973653,10.294
STAGE_MODEL_INFER,1,23.35449747997336,10.289
STAGE_MODEL_INFER,1,23.40500355497352,10.289
STAGE_MODEL_INFER,1,23.455945470981533,10.292
STAGE_MODEL_INFER,1,23.506316300976323,10.292
STAGE_MODEL_INFER,1,23.557075305987382,10.295
STAGE_MODEL_INFER,1,23.60760937197483,10.295
STAGE_MODEL_INFER,1,23.658228856977075,10.298
STAGE_MODEL_INFER,1,23.708708270976786,10.298
STAGE_MODEL_INFER,1,23.75934784798301,10.306
STAGE_MODEL_INFER,1,23.80997873999877,10.306
STAGE_MODEL_INFER,1,23.86059705799562,10.308
STAGE_MODEL_INFER,1,23.911342352977954,10.308
STAGE_MODEL_INFER,1,23.96186559498892,10.308
STAGE_MODEL_INFER,1,24.012441366998246,10.308
STAGE_MODEL_INFER,1,24.062901305995183,10.31
STAGE_MODEL_INFER,1,24.113553360977676,10.31
STAGE_MODEL_INFER,1,24.164015500980895,10.307
STAGE_MODEL_INFER,1,24.214574095996795,10.307
STAGE_MODEL_INFER,1,24.265314516000217,10.311
STAGE_MODEL_INFER,1,24.315995525976177,10.311
STAGE_MODEL_INFER,1,24.366559884976596,10.311
STAGE_MODEL_INFER,1,24.417082154977834,10.311
STAGE_MODEL_INFER,1,24.46754230398801,10.309
STAGE_MODEL_INFER,1,24.518031851999694,10.309
STAGE_MODEL_INFER,1,24.568844146997435,10.305
STAGE_MODEL_INFER,1,24.619521957996767,10.305
STAGE_MODEL_INFER,1,24.669969261973165,10.303
STAGE_MODEL_INFER,1,24.720748835999984,10.303
STAGE_MODEL_INFER,1,24.771411819994682,10.304
STAGE_MODEL_INFER,1,24.82216836497537,10.304
STAGE_MODEL_INFER,1,24.87275220497395,10.296
STAGE_MODEL_INFER,1,24.923304616997484,10.296
STAGE_MODEL_INFER,1,24.97401319697383,10.293
STAGE_MODEL_INFER,1,25.02472338199732,10.293
STAGE_MODEL_INFER,1,25.075361005991,10.297
STAGE_MODEL_INFER,1,25.12589529599063,10.297
STAGE_MODEL_INFER,1,25.176467192999553,10.295
STAGE_MODEL_INFER,1,25.227080206997925,10.295
STAGE_MODEL_INFER,1,25.27778511098586,10.292
STAGE_MODEL_INFER,1,25.328556761989603,10.292
STAGE_MODEL_INFER,1,25.379335712990724,10.288
STAGE_MODEL_INFER,1,25.429748949973145,10.288
STAGE_MODEL_INFER,1,25.48026392099564,10.29
STAGE_MODEL_INFER,1,25.530768482974963,10.29
STAGE_MODEL_INFER,1,25.581605387997115,10.294
STAGE_MODEL_INFER,1,25.632079565984895,10.294
STAGE_MODEL_INFER,1,25.682673698989674,10.294
STAGE_MODEL_INFER,1,25.73334204699495,10.294
STAGE_MODEL_INFER,1,25.783930241974303,10.294
STAGE_MODEL_INFER,1,25.834459980978863,10.287
STAGE_MODEL_INFER,1,25.884994462976465,10.287
STAGE_MODEL_INFER,1,25.935421540983953,10.282
STAGE_MODEL_INFER,1,25.986051633983152,10.282
STAGE_MODEL_INFER,1,26.036783111980185,10.278
STAGE_MODEL_INFER,1,26.08729821999441,10.278
STAGE_MODEL_INFER,1,26.13777307898272,10.271
STAGE_MODEL_INFER,1,26.18830996498582,10.271
STAGE_MODEL_INFER,1,26.238832951989025,10.264
STAGE_MODEL_INFER,1,26.289349142985884,10.264
STAGE_MODEL_INFER,1,26.339890032977564,10.261
STAGE_MODEL_INFER,1,26.390322275983635,10.261
STAGE_MODEL_INFER,1,26.450347614998464,10.258
STAGE_MODEL_INFER,1,26.500969939981587,10.258
STAGE_MODEL_INFER,1,26.551426919992082,10.254
STAGE_MODEL_INFER,1,26.60201564099407,10.254
STAGE_MODEL_INFER,1,26.652524684992386,6.599
STAGE_MODEL_INFER,1,26.703771367989248,6.599
STAGE_MODEL_INFER,1,26.75534988497384,10.329
STAGE_MODEL_INFER,1,26.805764844990335,10.329
STAGE_MODEL_INFER,1,26.856423744000494,6.153
STAGE_MODEL_INFER,1,26.908057215972804,6.153
STAGE_MODEL_INFER,1,26.96021445997758,10.259
STAGE_MODEL_INFER,1,27.01085804399918,10.259
STAGE_MODEL_INFER,1,27.06656836598995,10.26
STAGE_MODEL_INFER,1,27.118560056987917,10.26
STAGE_MODEL_INFER,1,27.16900094097946,10.298
STAGE_MODEL_INFER,1,27.22765935998177,10.298
STAGE_MODEL_INFER,1,27.278096622991143,9.974
STAGE_MODEL_INFER,1,27.329468575975625,9.974
STAGE_MODEL_INFER,1,27.381058376980945,10.414
STAGE_MODEL_INFER,1,27.432953431998612,10.24
STAGE_MODEL_INFER,1,27.48348343698308,10.24
STAGE_MODEL_INFER,1,27.533882841991726,10.245
STAGE_MODEL_INFER,1,27.58442992399796,10.245
STAGE_MODEL_INFER,1,27.635103602980962,10.518
STAGE_MODEL_INFER,1,27.689153963990975,10.518
STAGE_MODEL_INFER,1,27.745340770983603,10.282
STAGE_MODEL_INFER,1,27.795993666979484,10.282
STAGE_MODEL_INFER,1,27.846577839984093,6.002
STAGE_MODEL_INFER,1,27.899028396001086,6.002
STAGE_MODEL_INFER,1,27.950371272978373,10.286
STAGE_MODEL_INFER,1,28.001096340973163,10.286
STAGE_MODEL_INFER,1,28.051731169980485,10.27
STAGE_MODEL_INFER,1,28.102290321985492,10.27
STAGE_MODEL_INFER,1,28.15276950399857,10.273
STAGE_MODEL_INFER,1,28.20321056598914,10.273
STAGE_MODEL_INFER,1,28.253923476993805,10.265
STAGE_MODEL_INFER,1,28.309079601982376,10.265
STAGE_MODEL_INFER,1,28.359524977975525,9.53
STAGE_MODEL_INFER,1,28.414437468978576,9.53
STAGE_MODEL_INFER,1,28.46573019598145,10.311
STAGE_MODEL_INFER,1,28.51622507898719,10.311
STAGE_MODEL_INFER,1,28.566646529972786,10.286
STAGE_MODEL_INFER,1,28.617208174982807,10.286
STAGE_MODEL_INFER,1,28.66773044297588,10.273
STAGE_MODEL_INFER,1,28.718283715978032,10.273
STAGE_MODEL_INFER,1,28.768934750987682,10.277
STAGE_MODEL_INFER,1,28.81941456400091,10.277
STAGE_MODEL_INFER,1,28.87003393599298,10.277
STAGE_MODEL_INFER,1,28.92071576899616,10.277
STAGE_MODEL_INFER,1,28.97122348699486,10.277
STAGE_MODEL_INFER,1,29.021914305980317,10.277
STAGE_MODEL_INFER,1,29.072303508990444,10.275
STAGE_MODEL_INFER,1,29.12278102900018,10.275
STAGE_MODEL_INFER,1,29.173369227995863,6.055
STAGE_MODEL_INFER,1,29.224622896988876,6.055
STAGE_MODEL_INFER,1,29.2776695159846,10.297
STAGE_MODEL_INFER,1,29.328325557988137,10.297
STAGE_MODEL_INFER,1,29.378726704977453,10.3
STAGE_MODEL_INFER,1,29.429159330000402,10.3
STAGE_MODEL_INFER,1,29.47954464299255,10.311
STAGE_MODEL_INFER,1,29.5300844089943,10.311
STAGE_MODEL_INFER,1,29.580559080000967,10.311
STAGE_MODEL_INFER,1,29.631028658972355,10.311
STAGE_MODEL_INFER,1,29.681659269001102,10.3
STAGE_MODEL_INFER,1,29.732246890984243,10.308
STAGE_MODEL_INFER,1,29.783038207999198,10.308
STAGE_MODEL_INFER,1,29.836840042989934,9.801
STAGE_MODEL_INFER,1,29.88847644798807,11.625
STAGE_MODEL_INFER,1,29.940472478978336,9.213
STAGE_MODEL_INFER,1,29.992366293998202,10.654
STAGE_FULL_PIPELINE,1,0.0011938420066144317,6.175
STAGE_FULL_PIPELINE,1,0.05221544599044137,9.415
STAGE_FULL_PIPELINE,1,0.10329309699591249,9.76
STAGE_FULL_PIPELINE,1,0.1546074020152446,9.76
STAGE_FULL_PIPELINE,1,0.20676232301048003,10.29
STAGE_FULL_PIPELINE,1,0.25732377101667225,10.29
STAGE_FULL_PIPELINE,1,0.30791887699160725,11.315
STAGE_FULL_PIPELINE,1,0.35917557100765407,11.315
STAGE_FULL_PIPELINE,1,0.41037457701168023,10.332
STAGE_FULL_PIPELINE,1,0.4608663340040948,10.332
STAGE_FULL_PIPELINE,1,0.5113546260108706,10.312
STAGE_FULL_PIPELINE,1,0.5621004269924015,10.312
STAGE_FULL_PIPELINE,1,0.6127762240066659,10.299
STAGE_FULL_PIPELINE,1,0.6632754600141197,10.299
STAGE_FULL_PIPELINE,1,0.7138100650045089,9.484
STAGE_FULL_PIPELINE,1,0.7653375090158079,9.484
STAGE_FULL_PIPELINE,1,0.8222095649980474,11.464
STAGE_FULL_PIPELINE,1,0.8735611790034454,11.464
STAGE_FULL_PIPELINE,1,0.924959805997787,10.534
STAGE_FULL_PIPELINE,1,0.9907401730015408,10.557
STAGE_FULL_PIPELINE,1,1.0423647850111593,10.557
STAGE_FULL_PIPELINE,1,1.0946663049980998,10.676
STAGE_FULL_PIPELINE,1,1.145735035999678,10.676
STAGE_FULL_PIPELINE,1,1.1963851040054578,10.511
STAGE_FULL_PIPELINE,1,1.2472382720152382,10.511
STAGE_FULL_PIPELINE,1,1.3046424810017925,8.617
STAGE_FULL_PIPELINE,1,1.3558210199989844,8.617
STAGE_FULL_PIPELINE,1,1.409188591002021,10.315
STAGE_FULL_PIPELINE,1,1.4597642440057825,10.315
STAGE_FULL_PIPELINE,1,1.5103739759942982,11.15
STAGE_FULL_PIPELINE,1,1.565238776995102,11.15
STAGE_FULL_PIPELINE,1,1.6167934100085404,12.281
STAGE_FULL_PIPELINE,1,1.6690318390028551,12.281
STAGE_FULL_PIPELINE,1,1.7248345169937238,10.033
STAGE_FULL_PIPELINE,1,1.7753858779906295,10.033
STAGE_FULL_PIPELINE,1,1.8260478820011485,10.156
STAGE_FULL_PIPELINE,1,1.8766370349912904,10.232
STAGE_FULL_PIPELINE,1,1.9273160560114775,10.232
STAGE_FULL_PIPELINE,1,1.9780846080102492,10.233
STAGE_FULL_PIPELINE,1,2.028659249015618,10.233
STAGE_FULL_PIPELINE,1,2.0791868139931466,10.61
STAGE_FULL_PIPELINE,1,2.13033037900459,10.61
STAGE_FULL_PIPELINE,1,2.182558992994018,10.234
STAGE_FULL_PIPELINE,1,2.2332791200024076,10.234
STAGE_FULL_PIPELINE,1,2.293875363015104,10.702
STAGE_FULL_PIPELINE,1,2.34548870800063,10.702
STAGE_FULL_PIPELINE,1,2.39786692900816,10.306
STAGE_FULL_PIPELINE,1,2.4490436160122044,10.306
STAGE_FULL_PIPELINE,1,2.505246620014077,9.278
STAGE_FULL_PIPELINE,1,2.5569456919911318,9.278
STAGE_FULL_PIPELINE,1,2.6102417219954077,10.304
STAGE_FULL_PIPELINE,1,2.660644379007863,10.304
STAGE_FULL_PIPELINE,1,2.720970649999799,10.57
STAGE_FULL_PIPELINE,1,2.772485471010441,10.57
STAGE_FULL_PIPELINE,1,2.824597688013455,10.278
STAGE_FULL_PIPELINE,1,2.875036857003579,10.278
STAGE_FULL_PIPELINE,1,2.925586543016834,10.297
STAGE_FULL_PIPELINE,1,2.9762301350128837,10.301
STAGE_FULL_PIPELINE,1,3.026746384013677,10.301
STAGE_FULL_PIPELINE,1,3.077254517993424,10.298
STAGE_FULL_PIPELINE,1,3.1281204519909807,10.298
STAGE_FULL_PIPELINE,1,3.1787834080168977,10.301
STAGE_FULL_PIPELINE,1,3.229416204005247,10.301
STAGE_FULL_PIPELINE,1,3.2802682199981064,10.3
STAGE_FULL_PIPELINE,1,3.3310812299896497,10.3
STAGE_FULL_PIPELINE,1,3.38168428701465,10.294
STAGE_FULL_PIPELINE,1,3.432309183990583,10.294
STAGE_FULL_PIPELINE,1,3.4828853530052584,10.297
STAGE_FULL_PIPELINE,1,3.533484015992144,10.297
STAGE_FULL_PIPELINE,1,3.584474745002808,10.297
STAGE_FULL_PIPELINE,1,3.6356756770110223,10.297
STAGE_FULL_PIPELINE,1,3.686269235011423,10.293
STAGE_FULL_PIPELINE,1,3.7368545700155664,10.293
STAGE_FULL_PIPELINE,1,3.787633478990756,10.296
STAGE_FULL_PIPELINE,1,3.8382708709978033,10.296
STAGE_FULL_PIPELINE,1,3.8886710169899743,10.296
STAGE_FULL_PIPELINE,1,3.9391730159986764,10.296
STAGE_FULL_PIPELINE,1,3.989808140002424,10.298
STAGE_FULL_PIPELINE,1,4.040393383009359,10.298
STAGE_FULL_PIPELINE,1,4.091013964993181,10.302
STAGE_FULL_PIPELINE,1,4.141555715992581,10.302
STAGE_FULL_PIPELINE,1,4.192504375998396,10.297
STAGE_FULL_PIPELINE,1,4.243108344002394,10.297
STAGE_FULL_PIPELINE,1,4.294183266989421,10.299
STAGE_FULL_PIPELINE,1,4.344780142011587,10.299
STAGE_FULL_PIPELINE,1,4.39541450701654,10.297
STAGE_FULL_PIPELINE,1,4.4459360009932425,10.297
STAGE_FULL_PIPELINE,1,4.496990901010577,10.297
STAGE_FULL_PIPELINE,1,4.5476226640166715,10.297
STAGE_FULL_PIPELINE,1,4.5985120910045225,10.297
STAGE_FULL_PIPELINE,1,4.649253165000118,10.297
STAGE_FULL_PIPELINE,1,4.699810240010265,10.295
STAGE_FULL_PIPELINE,1,4.750443010998424,10.295
STAGE_FULL_PIPELINE,1,4.801153222011635,10.297
STAGE_FULL_PIPELINE,1,4.851962312008254,10.297
STAGE_FULL_PIPELINE,1,4.902638249011943,10.291
STAGE_FULL_PIPELINE,1,4.953656436002348,10.291
STAGE_FULL_PIPELINE,1,5.004437422991032,10.291
STAGE_FULL_PIPELINE,1,5.054847983003128,10.291
STAGE_FULL_PIPELINE,1,5.105658439017134,10.282
STAGE_FULL_PIPELINE,1,5.156245190999471,10.282
STAGE_FULL_PIPELINE,1,5.2067773710004985,10.274
STAGE_FULL_PIPELINE,1,5.257250930997543,10.274
STAGE_FULL_PIPELINE,1,5.307682276004925,10.272
STAGE_FULL_PIPELINE,1,5.358277207997162,10.272
STAGE_FULL_PIPELINE,1,5.408941711997613,10.264
STAGE_FULL_PIPELINE,1,5.459852747007972,10.264
STAGE_FULL_PIPELINE,1,5.510473094996996,10.26
STAGE_FULL_PIPELINE,1,5.561024135997286,10.26
STAGE_FULL_PIPELINE,1,5.611551932990551,10.264
STAGE_FULL_PIPELINE,1,5.66228996400605,10.264
STAGE_FULL_PIPELINE,1,5.7129424159938935,10.258
STAGE_FULL_PIPELINE,1,5.763722042989684,10.258
STAGE_FULL_PIPELINE,1,5.81424427399179,10.258
STAGE_FULL_PIPELINE,1,5.864773601992056,10.258
STAGE_FULL_PIPELINE,1,5.915379706013482,10.256
STAGE_FULL_PIPELINE,1,5.966136652015848,10.256
STAGE_FULL_PIPELINE,1,6.016859271010617,10.255
STAGE_FULL_PIPELINE,1,6.067407861992251,10.255
STAGE_FULL_PIPELINE,1,6.1181718060106505,10.255
STAGE_FULL_PIPELINE,1,6.16908229800174,10.255
STAGE_FULL_PIPELINE,1,6.219976307009347,10.255
STAGE_FULL_PIPELINE,1,6.270599868003046,10.255
STAGE_FULL_PIPELINE,1,6.321256878989516,10.258
STAGE_FULL_PIPELINE,1,6.372141708998242,10.258
STAGE_FULL_PIPELINE,1,6.4227488200122025,10.259
STAGE_FULL_PIPELINE,1,6.473605775012402,10.259
STAGE_FULL_PIPELINE,1,6.524257215001853,10.259
STAGE_FULL_PIPELINE,1,6.5749489729932975,10.256
STAGE_FULL_PIPELINE,1,6.625877008016687,10.256
STAGE_FULL_PIPELINE,1,6.676592067000456,10.254
STAGE_FULL_PIPELINE,1,6.727008540008683,10.254
STAGE_FULL_PIPELINE,1,6.777526302001206,10.258
STAGE_FULL_PIPELINE,1,6.828261262009619,10.258
STAGE_FULL_PIPELINE,1,6.879445981991012,10.262
STAGE_FULL_PIPELINE,1,6.9300867120036855,10.262
STAGE_FULL_PIPELINE,1,6.980853214015951,10.26
STAGE_FULL_PIPELINE,1,7.0315657400060445,10.26
STAGE_FULL_PIPELINE,1,7.082362721004756,10.263
STAGE_FULL_PIPELINE,1,7.13307302701287,10.263
STAGE_FULL_PIPELINE,1,7.18393797299359,10.264
STAGE_FULL_PIPELINE,1,7.234491278999485,10.264
STAGE_FULL_PIPELINE,1,7.285031915002037,10.262
STAGE_FULL_PIPELINE,1,7.335770205012523,10.262
STAGE_FULL_PIPELINE,1,7.386349467997206,10.262
STAGE_FULL_PIPELINE,1,7.436836840992328,10.262
STAGE_FULL_PIPELINE,1,7.487548202014295,10.257
STAGE_FULL_PIPELINE,1,7.5380590349959675,10.257
STAGE_FULL_PIPELINE,1,7.5885076349950396,10.255
STAGE_FULL_PIPELINE,1,7.639291474013589,10.255
STAGE_FULL_PIPELINE,1,7.689908774016658,10.259
STAGE_FULL_PIPELINE,1,7.74059692301671,10.259
STAGE_FULL_PIPELINE,1,7.791681524016894,10.255
STAGE_FULL_PIPELINE,1,7.842384977993788,10.255
STAGE_FULL_PIPELINE,1,7.893125600996427,10.256
STAGE_FULL_PIPELINE,1,7.944063567992998,10.256
STAGE_FULL_PIPELINE,1,7.994526001013583,10.251
STAGE_FULL_PIPELINE,1,8.045142885996029,10.251
STAGE_FULL_PIPELINE,1,8.095707272994332,10.25
STAGE_FULL_PIPELINE,1,8.14639255401562,10.25
STAGE_FULL_PIPELINE,1,8.197070918016834,10.255
STAGE_FULL_PIPELINE,1,8.24776328500593,10.255
STAGE_FULL_PIPELINE,1,8.298763063008664,10.257
STAGE_FULL_PIPELINE,1,8.349414838012308,10.257
STAGE_FULL_PIPELINE,1,8.400040281994734,10.258
STAGE_FULL_PIPELINE,1,8.451077714009443,10.258
STAGE_FULL_PIPELINE,1,8.502122233010596,10.26
STAGE_FULL_PIPELINE,1,8.5527896330168,10.26
STAGE_FULL_PIPELINE,1,8.603312359016854,10.263
STAGE_FULL_PIPELINE,1,8.653998989990214,10.263
STAGE_FULL_PIPELINE,1,8.704570606991183,10.263
STAGE_FULL_PIPELINE,1,8.755045083991718,10.263
STAGE_FULL_PIPELINE,1,8.805636520002736,10.261
STAGE_FULL_PIPELINE,1,8.856233047001297,10.261
STAGE_FULL_PIPELINE,1,8.906900680012768,10.261
STAGE_FULL_PIPELINE,1,8.9579255770077,10.261
STAGE_FULL_PIPELINE,1,9.008580372988945,10.257
STAGE_FULL_PIPELINE,1,9.059104956017109,10.257
STAGE_FULL_PIPELINE,1,9.10972920700442,10.254
STAGE_FULL_PIPELINE,1,9.160246792016551,10.254
STAGE_FULL_PIPELINE,1,9.210845244000666,10.25
STAGE_FULL_PIPELINE,1,9.261292712995782,10.25
STAGE_FULL_PIPELINE,1,9.311876093008323,10.239
STAGE_FULL_PIPELINE,1,9.3623186420009,10.239
STAGE_FULL_PIPELINE,1,9.412888607999776,10.235
STAGE_FULL_PIPELINE,1,9.463497921999078,10.235
STAGE_FULL_PIPELINE,1,9.514109611016465,10.227
STAGE_FULL_PIPELINE,1,9.564847588015255,10.227
STAGE_FULL_PIPELINE,1,9.616089432995068,10.223
STAGE_FULL_PIPELINE,1,9.666756160993828,10.223
STAGE_FULL_PIPELINE,1,9.71733822801616,10.224
STAGE_FULL_PIPELINE,1,9.767916743003298,10.224
STAGE_FULL_PIPELINE,1,9.818882843013853,10.219
STAGE_FULL_PIPELINE,1,9.869410290004453,10.219
STAGE_FULL_PIPELINE,1,9.920119248999981,10.221
STAGE_FULL_PIPELINE,1,9.970787583006313,10.221
STAGE_FULL_PIPELINE,1,10.021619178995024,10.215
STAGE_FULL_PIPELINE,1,10.072331567993388,10.215
STAGE_FULL_PIPELINE,1,10.122775572992396,10.214
STAGE_FULL_PIPELINE,1,10.173299905000022,10.214
STAGE_FULL_PIPELINE,1,10.223934330017073,10.216
STAGE_FULL_PIPELINE,1,10.274533746996894,10.216
STAGE_FULL_PIPELINE,1,10.324924140993971,10.224
STAGE_FULL_PIPELINE,1,10.375431196996942,10.225
STAGE_FULL_PIPELINE,1,10.425831132015446,10.225
STAGE_FULL_PIPELINE,1,10.47638293998898,10.221
STAGE_FULL_PIPELINE,1,10.526950922008837,10.221
STAGE_FULL_PIPELINE,1,10.577452478988562,10.226
STAGE_FULL_PIPELINE,1,10.627852717996575,10.226
STAGE_FULL_PIPELINE,1,10.67829271600931,10.213
STAGE_FULL_PIPELINE,1,10.728750929003581,10.213
STAGE_FULL_PIPELINE,1,10.7793266249937,10.209
STAGE_FULL_PIPELINE,1,10.830049654003233,10.209
STAGE_FULL_PIPELINE,1,10.880722247005906,10.206
STAGE_FULL_PIPELINE,1,10.931190777017036,10.206
STAGE_FULL_PIPELINE,1,10.98189695799374,10.213
STAGE_FULL_PIPELINE,1,11.03225974101224,10.213
STAGE_FULL_PIPELINE,1,11.083096190996002,10.219
STAGE_FULL_PIPELINE,1,11.133500869997079,10.219
STAGE_FULL_PIPELINE,1,11.184022725006798,10.222
STAGE_FULL_PIPELINE,1,11.23461047699675,10.222
STAGE_FULL_PIPELINE,1,11.285203442996135,10.219
STAGE_FULL_PIPELINE,1,11.335803946014494,10.219
STAGE_FULL_PIPELINE,1,11.386355889000697,9.164
STAGE_FULL_PIPELINE,1,11.44470026899944,9.164
STAGE_FULL_PIPELINE,1,11.495958554005483,10.016
STAGE_FULL_PIPELINE,1,11.546727373992326,10.016
STAGE_FULL_PIPELINE,1,11.597310851007933,9.303
STAGE_FULL_PIPELINE,1,11.648669993010117,9.303
STAGE_FULL_PIPELINE,1,11.702485340007115,10.233
STAGE_FULL_PIPELINE,1,11.755940603994532,10.233
STAGE_FULL_PIPELINE,1,11.806437077000737,10.186
STAGE_FULL_PIPELINE,1,11.860074869997334,10.186
STAGE_FULL_PIPELINE,1,11.911909674992785,10.172
STAGE_FULL_PIPELINE,1,11.962318675999995,10.172
STAGE_FULL_PIPELINE,1,12.012759800010826,10.207
STAGE_FULL_PIPELINE,1,12.063176308001857,10.207
STAGE_FULL_PIPELINE,1,12.113577821000945,10.281
STAGE_FULL_PIPELINE,1,12.164768874004949,10.281
STAGE_FULL_PIPELINE,1,12.2170505230024,10.261
STAGE_FULL_PIPELINE,1,12.26766125499853,10.261
STAGE_FULL_PIPELINE,1,12.318149532016832,10.242
STAGE_FULL_PIPELINE,1,12.36855215599644,10.242
STAGE_FULL_PIPELINE,1,12.41899514599936,7.013
STAGE_FULL_PIPELINE,1,12.477764548995765,10.216
STAGE_FULL_PIPELINE,1,12.528373153007124,10.216
STAGE_FULL_PIPELINE,1,12.588099738990422,10.244
STAGE_FULL_PIPELINE,1,12.650741763005499,10.244
STAGE_FULL_PIPELINE,1,12.70123926200904,10.279
STAGE_FULL_PIPELINE,1,12.751720344997011,10.279
STAGE_FULL_PIPELINE,1,12.802349623001646,9.653
STAGE_FULL_PIPELINE,1,12.854540750005981,9.653
STAGE_FULL_PIPELINE,1,12.912425951013574,10.211
STAGE_FULL_PIPELINE,1,12.96293557001627,10.211
STAGE_FULL_PIPELINE,1,13.01348105201032,10.322
STAGE_FULL_PIPELINE,1,13.066429338010494,10.322
STAGE_FULL_PIPELINE,1,13.11816806299612,8.769
STAGE_FULL_PIPELINE,1,13.168948869017186,8.769
STAGE_FULL_PIPELINE,1,13.21960808901349,10.2
STAGE_FULL_PIPELINE,1,13.270046652003657,10.2
STAGE_FULL_PIPELINE,1,13.320446969009936,10.198
STAGE_FULL_PIPELINE,1,13.37082990599447,10.198
STAGE_FULL_PIPELINE,1,13.421368240989977,10.21
STAGE_FULL_PIPELINE,1,13.471861458994681,10.21
STAGE_FULL_PIPELINE,1,13.522426226001699,10.207
STAGE_FULL_PIPELINE,1,13.572879437997472,7.442
STAGE_FULL_PIPELINE,1,13.623934392002411,7.442
STAGE_FULL_PIPELINE,1,13.675653457001317,10.164
STAGE_FULL_PIPELINE,1,13.726028745993972,10.164
STAGE_FULL_PIPELINE,1,13.776477611012524,10.19
STAGE_FULL_PIPELINE,1,13.83650318000582,10.19
STAGE_FULL_PIPELINE,1,13.887017836997984,9.542
STAGE_FULL_PIPELINE,1,13.941738527006237,9.542
STAGE_FULL_PIPELINE,1,13.993094405013835,10.269
STAGE_FULL_PIPELINE,1,14.050882130017271,10.269
STAGE_FULL_PIPELINE,1,14.101285115000792,9.905
STAGE_FULL_PIPELINE,1,14.156343190988991,9.905
STAGE_FULL_PIPELINE,1,14.207811531989137,10.259
STAGE_FULL_PIPELINE,1,14.258242657000665,10.259
STAGE_FULL_PIPELINE,1,14.308909104001941,10.223
STAGE_FULL_PIPELINE,1,14.359342189010931,10.223
STAGE_FULL_PIPELINE,1,14.409838457999285,10.206
STAGE_FULL_PIPELINE,1,14.460334497998701,10.206
STAGE_FULL_PIPELINE,1,14.510880007001106,10.214
STAGE_FULL_PIPELINE,1,14.561454604001483,10.214
STAGE_FULL_PIPELINE,1,14.613165034999838,10.281
STAGE_FULL_PIPELINE,1,14.664526656008093,10.281
STAGE_FULL_PIPELINE,1,14.716928737994749,10.292
STAGE_FULL_PIPELINE,1,14.76741832800326,10.292
STAGE_FULL_PIPELINE,1,14.81794992100913,10.272
STAGE_FULL_PIPELINE,1,14.868508568004472,10.136
STAGE_FULL_PIPELINE,1,14.9280626999971,10.136
STAGE_FULL_PIPELINE,1,14.979369181994116,16.469
STAGE_FULL_PIPELINE,1,15.031777674012119,16.469
STAGE_FULL_PIPELINE,1,15.083167186996434,10.007
STAGE_FULL_PIPELINE,1,15.133598248008639,10.007
STAGE_FULL_PIPELINE,1,15.184141650010133,10.153
STAGE_FULL_PIPELINE,1,15.234788973000832,10.153
STAGE_FULL_PIPELINE,1,15.28540182200959,10.219
STAGE_FULL_PIPELINE,1,15.335901122016367,10.219
STAGE_FULL_PIPELINE,1,15.386406830017222,10.238
STAGE_FULL_PIPELINE,1,15.436901231994852,10.238
STAGE_FULL_PIPELINE,1,15.48743994400138,10.238
STAGE_FULL_PIPELINE,1,15.537959266017424,10.238
STAGE_FULL_PIPELINE,1,15.588484000996687,10.232
STAGE_FULL_PIPELINE,1,15.638935974013293,10.232
STAGE_FULL_PIPELINE,1,15.689403714990476,10.28
STAGE_FULL_PIPELINE,1,15.739812356012408,10.28
STAGE_FULL_PIPELINE,1,15.790212405991042,10.24
STAGE_FULL_PIPELINE,1,15.840592900000047,10.24
STAGE_FULL_PIPELINE,1,15.890956195013132,10.248
STAGE_FULL_PIPELINE,1,15.941349542990793,10.248
STAGE_FULL_PIPELINE,1,15.991860002017347,10.295
STAGE_FULL_PIPELINE,1,16.042270412988728,10.295
STAGE_FULL_PIPELINE,1,16.09278916401672,10.315
STAGE_FULL_PIPELINE,1,16.143278961011674,10.315
STAGE_FULL_PIPELINE,1,16.19392915201024,10.287
STAGE_FULL_PIPELINE,1,16.244580592989223,10.287
STAGE_FULL_PIPELINE,1,16.297209375014063,10.321
STAGE_FULL_PIPELINE,1,16.347851669997908,10.321
STAGE_FULL_PIPELINE,1,16.39841911799158,10.291
STAGE_FULL_PIPELINE,1,16.44907053699717,10.291
STAGE_FULL_PIPELINE,1,16.49979371301015,10.296
STAGE_FULL_PIPELINE,1,16.550267771002837,10.296
STAGE_FULL_PIPELINE,1,16.60083720801049,10.357
STAGE_FULL_PIPELINE,1,16.651499974017497,10.357
STAGE_FULL_PIPELINE,1,16.702164210000774,10.32
STAGE_FULL_PIPELINE,1,16.752656942000613,10.32
STAGE_FULL_PIPELINE,1,16.80331484400085,10.301
STAGE_FULL_PIPELINE,1,16.853770713001722,10.301
STAGE_FULL_PIPELINE,1,16.904381494998233,10.337
STAGE_FULL_PIPELINE,1,16.955349644995295,10.337
STAGE_FULL_PIPELINE,1,17.007444865012076,10.373
STAGE_FULL_PIPELINE,1,17.057923168991692,10.373
STAGE_FULL_PIPELINE,1,17.108400477998657,10.308
STAGE_FULL_PIPELINE,1,17.15883274600492,10.308
STAGE_FULL_PIPELINE,1,17.20924374900642,10.322
STAGE_FULL_PIPELINE,1,17.259773238009075,10.322
STAGE_FULL_PIPELINE,1,17.310465243004728,10.386
STAGE_FULL_PIPELINE,1,17.361078215006273,10.386
STAGE_FULL_PIPELINE,1,17.411667920998298,10.326
STAGE_FULL_PIPELINE,1,17.46229786600452,10.326
STAGE_FULL_PIPELINE,1,17.51291683499585,10.36
STAGE_FULL_PIPELINE,1,17.563498110015644,10.36
STAGE_FULL_PIPELINE,1,17.614040512999054,10.36
STAGE_FULL_PIPELINE,1,17.664693599013845,10.36
STAGE_FULL_PIPELINE,1,17.71517071101698,10.402
STAGE_FULL_PIPELINE,1,17.765809136006283,10.402
STAGE_FULL_PIPELINE,1,17.816398641996784,10.37
STAGE_FULL_PIPELINE,1,17.866992137016496,10.37
STAGE_FULL_PIPELINE,1,17.917648019007174,10.375
STAGE_FULL_PIPELINE,1,17.968400523008313,10.375
STAGE_FULL_PIPELINE,1,18.01903602600214,10.386
STAGE_FULL_PIPELINE,1,18.06946736900136,10.386
STAGE_FULL_PIPELINE,1,18.120160855003633,10.351
STAGE_FULL_PIPELINE,1,18.17056212000898,10.381
STAGE_FULL_PIPELINE,1,18.221372372994665,10.381
STAGE_FULL_PIPELINE,1,18.271972610993544,10.375
STAGE_FULL_PIPELINE,1,18.322519153996836,10.375
STAGE_FULL_PIPELINE,1,18.373166520992527,10.375
STAGE_FULL_PIPELINE,1,18.42362280600355,10.407
STAGE_FULL_PIPELINE,1,18.474324921000516,10.373
STAGE_FULL_PIPELINE,1,18.524871177010937,10.373
STAGE_FULL_PIPELINE,1,18.57549174601445,10.368
STAGE_FULL_PIPELINE,1,18.625848919997225,10.368
STAGE_FULL_PIPELINE,1,18.676380674005486,10.366
STAGE_FULL_PIPELINE,1,18.726958952989662,10.366
STAGE_FULL_PIPELINE,1,18.777510384010384,10.322
STAGE_FULL_PIPELINE,1,18.827916120993905,10.322
STAGE_FULL_PIPELINE,1,18.878336090012453,10.342
STAGE_FULL_PIPELINE,1,18.928875356999924,10.342
STAGE_FULL_PIPELINE,1,18.979476034990512,10.737
STAGE_FULL_PIPELINE,1,19.032784476992674,9.595
STAGE_FULL_PIPELINE,1,19.085149694990832,10.498
STAGE_FULL_PIPELINE,1,19.136453435989097,11.753
STAGE_FULL_PIPELINE,1,19.1880898209929,8.897
STAGE_FULL_PIPELINE,1,19.24071652701241,10.495
STAGE_FULL_PIPELINE,1,19.29409250599565,9.958
STAGE_FULL_PIPELINE,1,19.3452933980152,9.958
STAGE_FULL_PIPELINE,1,19.397813918010797,10.291
STAGE_FULL_PIPELINE,1,19.44822558501619,10.291
STAGE_FULL_PIPELINE,1,19.4991050529934,10.306
STAGE_FULL_PIPELINE,1,19.549768953002058,10.306
STAGE_FULL_PIPELINE,1,19.600305258005392,6.157
STAGE_FULL_PIPELINE,1,19.65274572200724,6.157
STAGE_FULL_PIPELINE,1,19.703978530014865,8.335
STAGE_FULL_PIPELINE,1,19.755462005006848,8.335
STAGE_FULL_PIPELINE,1,19.80873988199164,13.924
STAGE_FULL_PIPELINE,1,19.86023794999346,13.924
STAGE_FULL_PIPELINE,1,19.913071646005847,10.042
STAGE_FULL_PIPELINE,1,19.96386015601456,10.042
STAGE_FULL_PIPELINE,1,20.014479703007964,10.458
STAGE_FULL_PIPELINE,1,20.065663843008224,10.458
STAGE_FULL_PIPELINE,1,20.120886079996126,11.045
STAGE_FULL_PIPELINE,1,20.178996013011783,10.06
STAGE_FULL_PIPELINE,1,20.23057010199409,11.087
STAGE_FULL_PIPELINE,1,20.282013582997024,9.878
STAGE_FULL_PIPELINE,1,20.33441609001602,9.878
STAGE_FULL_PIPELINE,1,20.39154909501667,10.316
STAGE_FULL_PIPELINE,1,20.442280705989106,10.316
STAGE_FULL_PIPELINE,1,20.4931156859966,9.527
STAGE_FULL_PIPELINE,1,20.549059843993746,9.527
STAGE_FULL_PIPELINE,1,20.600600006000604,10.321
STAGE_FULL_PIPELINE,1,20.651376875001006,10.321
STAGE_FULL_PIPELINE,1,20.70213779900223,10.324
STAGE_FULL_PIPELINE,1,20.752635095996084,10.324
STAGE_FULL_PIPELINE,1,20.807489842991345,6.101
STAGE_FULL_PIPELINE,1,20.85867797100218,6.101
STAGE_FULL_PIPELINE,1,20.91316506799194,10.277
STAGE_FULL_PIPELINE,1,20.963735099008773,10.277
STAGE_FULL_PIPELINE,1,21.014529845007928,10.274
STAGE_FULL_PIPELINE,1,21.06517477199668,10.274
STAGE_FULL_PIPELINE,1,21.11567225700128,10.276
STAGE_FULL_PIPELINE,1,21.166229655995267,10.276
STAGE_FULL_PIPELINE,1,21.21669924398884,10.283
STAGE_FULL_PIPELINE,1,21.267379758995958,10.283
STAGE_FULL_PIPELINE,1,21.317931878991658,10.285
STAGE_FULL_PIPELINE,1,21.368535362009425,10.285
STAGE_FULL_PIPELINE,1,21.419107964989962,10.277
STAGE_FULL_PIPELINE,1,21.469752709002933,10.276
STAGE_FULL_PIPELINE,1,21.5204424590047,10.276
STAGE_FULL_PIPELINE,1,21.57094206099282,10.275
STAGE_FULL_PIPELINE,1,21.621387715014862,10.275
STAGE_FULL_PIPELINE,1,21.671894297993276,10.282
STAGE_FULL_PIPELINE,1,21.72244178800611,10.282
STAGE_FULL_PIPELINE,1,21.772932257998036,10.279
STAGE_FULL_PIPELINE,1,21.823680850007804,10.279
STAGE_FULL_PIPELINE,1,21.87419803699595,10.28
STAGE_FULL_PIPELINE,1,21.924796883016825,10.28
STAGE_FULL_PIPELINE,1,21.975508522009477,10.277
STAGE_FULL_PIPELINE,1,22.025946237990865,10.277
STAGE_FULL_PIPELINE,1,22.076594787009526,10.279
STAGE_FULL_PIPELINE,1,22.127070029993774,10.279
STAGE_FULL_PIPELINE,1,22.17757832200732,10.286
STAGE_FULL_PIPELINE,1,22.228301169991028,10.286
STAGE_FULL_PIPELINE,1,22.278948081017006,10.287
STAGE_FULL_PIPELINE,1,22.32950471699587,10.287
STAGE_FULL_PIPELINE,1,22.380039036012022,10.291
STAGE_FULL_PIPELINE,1,22.431043260992737,10.291
STAGE_FULL_PIPELINE,1,22.481678601994645,10.298
STAGE_FULL_PIPELINE,1,22.532617474003928,10.298
STAGE_FULL_PIPELINE,1,22.583146510994993,10.034
STAGE_FULL_PIPELINE,1,22.636960570991505,10.034
STAGE_FULL_PIPELINE,1,22.688330792007037,10.335
STAGE_FULL_PIPELINE,1,22.73888011201052,10.335
STAGE_FULL_PIPELINE,1,22.789290634013014,10.327
STAGE_FULL_PIPELINE,1,22.839830835990142,10.327
STAGE_FULL_PIPELINE,1,22.890342505997978,10.341
STAGE_FULL_PIPELINE,1,22.94100546799018,10.341
STAGE_FULL_PIPELINE,1,22.99174841301283,10.349
STAGE_FULL_PIPELINE,1,23.04224717800389,10.349
STAGE_FULL_PIPELINE,1,23.092746384005295,10.347
STAGE_FULL_PIPELINE,1,23.1432659199927,10.347
STAGE_FULL_PIPELINE,1,23.193948527012253,10.344
STAGE_FULL_PIPELINE,1,23.24450203499873,10.344
STAGE_FULL_PIPELINE,1,23.29822664600215,10.34
STAGE_FULL_PIPELINE,1,23.348975784989307,10.34
STAGE_FULL_PIPELINE,1,23.399914503010223,10.338
STAGE_FULL_PIPELINE,1,23.450592772016535,10.338
STAGE_FULL_PIPELINE,1,23.50124936501379,10.334
STAGE_FULL_PIPELINE,1,23.55187794798985,10.334
STAGE_FULL_PIPELINE,1,23.602511359989876,10.33
STAGE_FULL_PIPELINE,1,23.653160601999843,10.33
STAGE_FULL_PIPELINE,1,23.70363638701383,10.328
STAGE_FULL_PIPELINE,1,23.75430827299715,10.328
STAGE_FULL_PIPELINE,1,23.804766399989603,10.326
STAGE_FULL_PIPELINE,1,23.855087698990246,10.326
STAGE_FULL_PIPELINE,1,23.905549768998753,10.325
STAGE_FULL_PIPELINE,1,23.956061238015536,10.325
STAGE_FULL_PIPELINE,1,24.0065951209981,10.321
STAGE_FULL_PIPELINE,1,24.05705336801475,10.321
STAGE_FULL_PIPELINE,1,24.10762982800952,10.312
STAGE_FULL_PIPELINE,1,24.158099924010457,10.312
STAGE_FULL_PIPELINE,1,24.20863975401153,9.628
STAGE_FULL_PIPELINE,1,24.25986756500788,10.354
STAGE_FULL_PIPELINE,1,24.3111657880072,10.235
STAGE_FULL_PIPELINE,1,24.363455000013346,10.956
STAGE_FULL_PIPELINE,1,24.414684271992883,9.272
STAGE_FULL_PIPELINE,1,24.466845962015213,9.272
STAGE_FULL_PIPELINE,1,24.526139344990952,10.391
STAGE_FULL_PIPELINE,1,24.576731031993404,10.334
STAGE_FULL_PIPELINE,1,24.627214098989498,10.334
STAGE_FULL_PIPELINE,1,24.6779421849933,10.26
STAGE_FULL_PIPELINE,1,24.728615945001366,10.26
STAGE_FULL_PIPELINE,1,24.77922778899665,10.271
STAGE_FULL_PIPELINE,1,24.829749697993975,10.271
STAGE_FULL_PIPELINE,1,24.8802779270045,10.28
STAGE_FULL_PIPELINE,1,24.93107508699177,10.28
STAGE_FULL_PIPELINE,1,24.981732354004635,10.28
STAGE_FULL_PIPELINE,1,25.032376467017457,10.28
STAGE_FULL_PIPELINE,1,25.082832495012553,10.036
STAGE_FULL_PIPELINE,1,25.1372914770036,10.036
STAGE_FULL_PIPELINE,1,25.188786287995754,10.305
STAGE_FULL_PIPELINE,1,25.239414229989052,10.305
STAGE_FULL_PIPELINE,1,25.290247227007058,8.872
STAGE_FULL_PIPELINE,1,25.3416754869977,8.872
STAGE_FULL_PIPELINE,1,25.396225236007012,10.309
STAGE_FULL_PIPELINE,1,25.44672920400626,10.309
STAGE_FULL_PIPELINE,1,25.497190021007555,10.545
STAGE_FULL_PIPELINE,1,25.548813617991982,10.545
STAGE_FULL_PIPELINE,1,25.60040769900661,10.309
STAGE_FULL_PIPELINE,1,25.65085949501372,10.309
STAGE_FULL_PIPELINE,1,25.701349295006366,10.337
STAGE_FULL_PIPELINE,1,25.75188644201262,10.337
STAGE_FULL_PIPELINE,1,25.802487389999442,16.032
STAGE_FULL_PIPELINE,1,25.85576647799462,16.032
STAGE_FULL_PIPELINE,1,25.90731897801743,9.765
STAGE_FULL_PIPELINE,1,25.95778009100468,9.765
STAGE_FULL_PIPELINE,1,26.008258090994786,14.264
STAGE_FULL_PIPELINE,1,26.059543234994635,14.264
STAGE_FULL_PIPELINE,1,26.112038588995347,12.58
STAGE_FULL_PIPELINE,1,26.169189075997565,9.732
STAGE_FULL_PIPELINE,1,26.220338154991623,9.732
STAGE_FULL_PIPELINE,1,26.27329729500343,10.349
STAGE_FULL_PIPELINE,1,26.323779483995168,10.349
STAGE_FULL_PIPELINE,1,26.37420839400147,10.352
STAGE_FULL_PIPELINE,1,26.424851735006087,10.352
STAGE_FULL_PIPELINE,1,26.475546744011808,10.351
STAGE_FULL_PIPELINE,1,26.5262057390064,10.351
STAGE_FULL_PIPELINE,1,26.576671632006764,10.351
STAGE_FULL_PIPELINE,1,26.627079902013065,10.351
STAGE_FULL_PIPELINE,1,26.677639002009528,10.28
STAGE_FULL_PIPELINE,1,26.729695140005788,10.28
STAGE_FULL_PIPELINE,1,26.78381554200314,10.369
STAGE_FULL_PIPELINE,1,26.83437247699476,10.369
STAGE_FULL_PIPELINE,1,26.884961155010387,10.416
STAGE_FULL_PIPELINE,1,26.935454879014287,10.416
STAGE_FULL_PIPELINE,1,26.985978086013347,6.38
STAGE_FULL_PIPELINE,1,27.040077723009745,6.38
STAGE_FULL_PIPELINE,1,27.09139789699111,10.332
STAGE_FULL_PIPELINE,1,27.14191753300838,10.332
STAGE_FULL_PIPELINE,1,27.192380285996478,10.343
STAGE_FULL_PIPELINE,1,27.242964748002123,10.343
STAGE_FULL_PIPELINE,1,27.29381308500888,9.8
STAGE_FULL_PIPELINE,1,27.345216977002565,9.8
STAGE_FULL_PIPELINE,1,27.398426942992955,10.424
STAGE_FULL_PIPELINE,1,27.450495636992855,10.424
STAGE_FULL_PIPELINE,1,27.50096351400134,10.093
STAGE_FULL_PIPELINE,1,27.556028507999144,10.093
STAGE_FULL_PIPELINE,1,27.607250342989573,10.358
STAGE_FULL_PIPELINE,1,27.65766586299287,10.358
STAGE_FULL_PIPELINE,1,27.708163500996307,10.381
STAGE_FULL_PIPELINE,1,27.75869746899116,10.381
STAGE_FULL_PIPELINE,1,27.809331266995287,9.878
STAGE_FULL_PIPELINE,1,27.860637074016267,9.878
STAGE_FULL_PIPELINE,1,27.912890214996878,10.448
STAGE_FULL_PIPELINE,1,27.963418605009792,10.448
STAGE_FULL_PIPELINE,1,28.013843697000993,10.405
STAGE_FULL_PIPELINE,1,28.064251695002895,10.405
STAGE_FULL_PIPELINE,1,28.114788220002083,10.405
STAGE_FULL_PIPELINE,1,28.165328975999728,10.263
STAGE_FULL_PIPELINE,1,28.22955933501362,10.263
STAGE_FULL_PIPELINE,1,28.280780228000367,10.231
STAGE_FULL_PIPELINE,1,28.33116098199389,10.231
STAGE_FULL_PIPELINE,1,28.381702771002892,10.328
STAGE_FULL_PIPELINE,1,28.44051377600408,10.328
STAGE_FULL_PIPELINE,1,28.491085032990668,9.607
STAGE_FULL_PIPELINE,1,28.545115153014194,9.607
STAGE_FULL_PIPELINE,1,28.596471919008764,10.422
STAGE_FULL_PIPELINE,1,28.647123898990685,10.422
STAGE_FULL_PIPELINE,1,28.697694574017078,10.407
STAGE_FULL_PIPELINE,1,28.748326513014035,10.407
STAGE_FULL_PIPELINE,1,28.802723992004758,10.613
STAGE_FULL_PIPELINE,1,28.85387237899704,11.871
STAGE_FULL_PIPELINE,1,28.90511126400088,8.99
STAGE_FULL_PIPELINE,1,28.958034643990686,8.99
STAGE_FULL_PIPELINE,1,29.009125526994467,10.409
STAGE_FULL_PIPELINE,1,29.05960888598929,10.409
STAGE_FULL_PIPELINE,1,29.11002175899921,10.401
STAGE_FULL_PIPELINE,1,29.160677750012837,10.401
STAGE_FULL_PIPELINE,1,29.211147896014154,6.659
STAGE_FULL_PIPELINE,1,29.262459084013244,11.204
STAGE_FULL_PIPELINE,1,29.313707371009514,6.269
STAGE_FULL_PIPELINE,1,29.36537127100746,10.474
STAGE_FULL_PIPELINE,1,29.416851488989778,10.479
STAGE_FULL_PIPELINE,1,29.467244442988886,10.435
STAGE_FULL_PIPELINE,1,29.51777243599645,10.435
STAGE_FULL_PIPELINE,1,29.568231468001613,10.428
STAGE_FULL_PIPELINE,1,29.618723719991976,10.428
STAGE_FULL_PIPELINE,1,29.669269720005104,10.441
STAGE_FULL_PIPELINE,1,29.719842137012165,10.441
STAGE_FULL_PIPELINE,1,29.770432694000192,10.448
STAGE_FULL_PIPELINE,1,29.82110524000018,10.448
STAGE_FULL_PIPELINE,1,29.871702630014624,10.441
STAGE_FULL_PIPELINE,1,29.922159764013486,10.441
STAGE_FULL_PIPELINE,1,29.972779449017253,10.442
STAGE_FULL_PIPELINE,1,30.02327651201631,10.442
STAGE_FULL_PIPELINE,1,30.07381689499016,10.077
STAGE_FULL_PIPELINE,1,30.124554112990154,10.077
STAGE_MODEL_POLICY,1,0.008508079015882686,9.619
STAGE_MODEL_POLICY,1,0.05894103602622636,9.619
STAGE_MODEL_POLICY,1,0.10946530100773089,9.701
STAGE_MODEL_POLICY,1,0.16000175700173713,9.701
STAGE_MODEL_POLICY,1,0.21044725802494213,9.763
STAGE_MODEL_POLICY,1,0.26097506200312637,9.763
STAGE_MODEL_POLICY,1,0.31157099301344715,9.748
STAGE_MODEL_POLICY,1,0.3620873390173074,9.748
STAGE_MODEL_POLICY,1,0.4126850200118497,9.746
STAGE_MODEL_POLICY,1,0.4631577320105862,9.746
STAGE_MODEL_POLICY,1,0.5136039000062738,9.742
STAGE_MODEL_POLICY,1,0.5641887970268726,9.742
STAGE_MODEL_POLICY,1,0.61480653702165,10.757
STAGE_MODEL_POLICY,1,0.6660409070027526,10.757
STAGE_MODEL_POLICY,1,0.7200292070046999,10.372
STAGE_MODEL_POLICY,1,0.7705975280259736,10.372
STAGE_MODEL_POLICY,1,0.821082523005316,11.032
STAGE_MODEL_POLICY,1,0.8757467540272046,9.728
STAGE_MODEL_POLICY,1,0.9323204540123697,9.317
STAGE_MODEL_POLICY,1,0.9905248870200012,11.183
STAGE_MODEL_POLICY,1,1.0415614720259327,11.183
STAGE_MODEL_POLICY,1,1.0958795590267982,10.467
STAGE_MODEL_POLICY,1,1.1465521220234223,10.467
STAGE_MODEL_POLICY,1,1.1972901600238401,10.44
STAGE_MODEL_POLICY,1,1.2479828680225182,10.44
STAGE_MODEL_POLICY,1,1.2984529500245117,10.412
STAGE_MODEL_POLICY,1,1.3491077060170937,10.412
STAGE_MODEL_POLICY,1,1.3995607740071137,10.398
STAGE_MODEL_POLICY,1,1.450074668013258,10.398
STAGE_MODEL_POLICY,1,1.5006491280219052,10.404
STAGE_MODEL_POLICY,1,1.5511854640208185,10.404
STAGE_MODEL_POLICY,1,1.6016231710091233,10.392
STAGE_MODEL_POLICY,1,1.6520708850002848,10.392
STAGE_MODEL_POLICY,1,1.7027272910054307,10.382
STAGE_MODEL_POLICY,1,1.753338465001434,10.382
STAGE_MODEL_POLICY,1,1.8039155480219051,10.378
STAGE_MODEL_POLICY,1,1.862289895012509,10.378
STAGE_MODEL_POLICY,1,1.9128371530096047,11.154
STAGE_MODEL_POLICY,1,1.9660508780216333,11.154
STAGE_MODEL_POLICY,1,2.017435056011891,10.366
STAGE_MODEL_POLICY,1,2.0679990650096443,10.366
STAGE_MODEL_POLICY,1,2.1186005090130493,10.408
STAGE_MODEL_POLICY,1,2.169143053004518,10.408
STAGE_MODEL_POLICY,1,2.2196041730057914,10.403
STAGE_MODEL_POLICY,1,2.27006793601322,10.403
STAGE_MODEL_POLICY,1,2.320575262012426,11.965
STAGE_MODEL_POLICY,1,2.3719586510269437,11.965
STAGE_MODEL_POLICY,1,2.4247873940039426,10.429
STAGE_MODEL_POLICY,1,2.475297530007083,10.429
STAGE_MODEL_POLICY,1,2.5257388180179987,10.825
STAGE_MODEL_POLICY,1,2.5801031150040217,10.825
STAGE_MODEL_POLICY,1,2.6313628860225435,10.289
STAGE_MODEL_POLICY,1,2.6820927130174823,10.289
STAGE_MODEL_POLICY,1,2.7329540610080585,10.332
STAGE_MODEL_POLICY,1,2.7835316590208095,10.332
STAGE_MODEL_POLICY,1,2.8340334390231874,6.081
STAGE_MODEL_POLICY,1,2.8853076950181276,6.081
STAGE_MODEL_POLICY,1,2.937358283001231,10.879
STAGE_MODEL_POLICY,1,2.987805078009842,10.879
STAGE_MODEL_POLICY,1,3.0383352220233064,10.601
STAGE_MODEL_POLICY,1,3.088872464024462,10.601
STAGE_MODEL_POLICY,1,3.139388546027476,11.53
STAGE_MODEL_POLICY,1,3.194582738011377,10.411
STAGE_MODEL_POLICY,1,3.245061704015825,10.411
STAGE_MODEL_POLICY,1,3.2954114050080534,10.394
STAGE_MODEL_POLICY,1,3.3458690230036154,10.394
STAGE_MODEL_POLICY,1,3.3967264560051262,10.38
STAGE_MODEL_POLICY,1,3.4474996750068385,10.38
STAGE_MODEL_POLICY,1,3.498359099001391,10.381
STAGE_MODEL_POLICY,1,3.549047953012632,10.381
STAGE_MODEL_POLICY,1,3.605242703022668,11.541
STAGE_MODEL_POLICY,1,3.6581633880268782,11.541
STAGE_MODEL_POLICY,1,3.7108406590123195,10.551
STAGE_MODEL_POLICY,1,3.765735996013973,10.551
STAGE_MODEL_POLICY,1,3.8170325940009207,10.349
STAGE_MODEL_POLICY,1,3.8675432100135367,10.349
STAGE_MODEL_POLICY,1,3.918122190021677,19.004
STAGE_MODEL_POLICY,1,3.9694573470042087,19.004
STAGE_MODEL_POLICY,1,4.022151858021971,6.36
STAGE_MODEL_POLICY,1,4.0735388630128,6.36
STAGE_MODEL_POLICY,1,4.125032478012145,11.071
STAGE_MODEL_POLICY,1,4.175643867027247,11.071
STAGE_MODEL_POLICY,1,4.226286572025856,10.975
STAGE_MODEL_POLICY,1,4.284354082017671,10.975
STAGE_MODEL_POLICY,1,4.335286287008785,9.94
STAGE_MODEL_POLICY,1,4.386727453005733,9.94
STAGE_MODEL_POLICY,1,4.441503835027106,10.652
STAGE_MODEL_POLICY,1,4.49373597902013,10.642
STAGE_MODEL_POLICY,1,4.544269908015849,10.642
STAGE_MODEL_POLICY,1,4.595097145007458,10.434
STAGE_MODEL_POLICY,1,4.645778532023542,10.434
STAGE_MODEL_POLICY,1,4.69869923000806,11.669
STAGE_MODEL_POLICY,1,4.750228217017138,10.617
STAGE_MODEL_POLICY,1,4.814961482014041,10.118
STAGE_MODEL_POLICY,1,4.866312774014659,10.118
STAGE_MODEL_POLICY,1,4.918823461019201,10.239
STAGE_MODEL_POLICY,1,4.969400252011837,10.239
STAGE_MODEL_POLICY,1,5.019956996024121,14.504
STAGE_MODEL_POLICY,1,5.072917688026791,14.504
STAGE_MODEL_POLICY,1,5.124203790008323,10.295
STAGE_MODEL_POLICY,1,5.1747368950163946,10.295
STAGE_MODEL_POLICY,1,5.225214596022852,10.28
STAGE_MODEL_POLICY,1,5.275970920018153,10.28
STAGE_MODEL_POLICY,1,5.3267068970017135,6.178
STAGE_MODEL_POLICY,1,5.378055192006286,6.178
STAGE_MODEL_POLICY,1,5.431824187020538,7.105
STAGE_MODEL_POLICY,1,5.483315961027984,7.105
STAGE_MODEL_POLICY,1,5.535389188007684,9.91
STAGE_MODEL_POLICY,1,5.58675266202772,9.91
STAGE_MODEL_POLICY,1,5.638335233001271,10.492
STAGE_MODEL_POLICY,1,5.690642039000522,10.268
STAGE_MODEL_POLICY,1,5.741115060023731,10.268
STAGE_MODEL_POLICY,1,5.79740085900994,11.664
STAGE_MODEL_POLICY,1,5.8487868230149616,11.664
STAGE_MODEL_POLICY,1,5.9016393320052885,10.254
STAGE_MODEL_POLICY,1,5.952026177023072,10.254
STAGE_MODEL_POLICY,1,6.0025954190059565,10.255
STAGE_MODEL_POLICY,1,6.0530219900247175,10.255
STAGE_MODEL_POLICY,1,6.1046352200210094,10.301
STAGE_MODEL_POLICY,1,6.155046048021177,10.301
STAGE_MODEL_POLICY,1,6.2058425480208825,17.306
STAGE_MODEL_POLICY,1,6.258812749001663,17.306
STAGE_MODEL_POLICY,1,6.310144123999635,7.903
STAGE_MODEL_POLICY,1,6.3623043010011315,7.903
STAGE_MODEL_POLICY,1,6.415011936012888,10.659
STAGE_MODEL_POLICY,1,6.46574007102754,10.659
STAGE_MODEL_POLICY,1,6.51644777902402,10.473
STAGE_MODEL_POLICY,1,6.567159975005779,10.473
STAGE_MODEL_POLICY,1,6.617856129014399,10.416
STAGE_MODEL_POLICY,1,6.6685390250058845,10.416
STAGE_MODEL_POLICY,1,6.719130468001822,11.389
STAGE_MODEL_POLICY,1,6.771774029999506,11.389
STAGE_MODEL_POLICY,1,6.823146347014699,10.324
STAGE_MODEL_POLICY,1,6.87360006000381,10.324
STAGE_MODEL_POLICY,1,6.9243183890066575,10.314
STAGE_MODEL_POLICY,1,6.974944445013534,10.314
STAGE_MODEL_POLICY,1,7.025616424012696,11.662
STAGE_MODEL_POLICY,1,7.083446555014234,11.662
STAGE_MODEL_POLICY,1,7.134843986015767,10.366
STAGE_MODEL_POLICY,1,7.185482215019874,10.366
STAGE_MODEL_POLICY,1,7.236103806004394,10.346
STAGE_MODEL_POLICY,1,7.286751722014742,10.346
STAGE_MODEL_POLICY,1,7.337201808026293,10.338
STAGE_MODEL_POLICY,1,7.387714739015792,10.338
STAGE_MODEL_POLICY,1,7.438329021009849,10.312
STAGE_MODEL_POLICY,1,7.489152364025358,10.312
STAGE_MODEL_POLICY,1,7.539749256015057,10.314
STAGE_MODEL_POLICY,1,7.590362350019859,10.314
STAGE_MODEL_POLICY,1,7.660812194022583,10.314
STAGE_MODEL_POLICY,1,7.711231186025543,7.074
STAGE_MODEL_POLICY,1,7.76260348802316,7.074
STAGE_MODEL_POLICY,1,7.814084356010426,10.856
STAGE_MODEL_POLICY,1,7.8659550880256575,10.856
STAGE_MODEL_POLICY,1,7.922971570020309,10.375
STAGE_MODEL_POLICY,1,7.973763932008296,10.375
STAGE_MODEL_POLICY,1,8.02427725502639,10.974
STAGE_MODEL_POLICY,1,8.077023551013554,10.974
STAGE_MODEL_POLICY,1,8.128456014004769,10.342
STAGE_MODEL_POLICY,1,8.179004653007723,10.342
STAGE_MODEL_POLICY,1,8.229677659022855,11.238
STAGE_MODEL_POLICY,1,8.280952440021792,11.238
STAGE_MODEL_POLICY,1,8.33466973301256,10.296
STAGE_MODEL_POLICY,1,8.385124314023415,10.296
STAGE_MODEL_POLICY,1,8.435646322002867,10.495
STAGE_MODEL_POLICY,1,8.495136053999886,10.367
STAGE_MODEL_POLICY,1,8.545683047006605,10.367
STAGE_MODEL_POLICY,1,8.59611581300851,10.344
STAGE_MODEL_POLICY,1,8.646810115023982,10.344
STAGE_MODEL_POLICY,1,8.697616523015313,10.324
STAGE_MODEL_POLICY,1,8.748167306999676,10.324
STAGE_MODEL_POLICY,1,8.798775969014969,10.331
STAGE_MODEL_POLICY,1,8.849243075004779,10.331
STAGE_MODEL_POLICY,1,8.899766960006673,10.359
STAGE_MODEL_POLICY,1,8.950222829007544,10.359
STAGE_MODEL_POLICY,1,9.000661206024233,10.367
STAGE_MODEL_POLICY,1,9.05124954902567,10.367
STAGE_MODEL_POLICY,1,9.101868803001707,10.365
STAGE_MODEL_POLICY,1,9.152378837025026,10.365
STAGE_MODEL_POLICY,1,9.202899536001496,10.364
STAGE_MODEL_POLICY,1,9.253444118017796,10.364
STAGE_MODEL_POLICY,1,9.30393126301351,10.384
STAGE_MODEL_POLICY,1,9.355892689025495,10.384
STAGE_MODEL_POLICY,1,9.41302718501538,10.301
STAGE_MODEL_POLICY,1,9.463479588011978,10.301
STAGE_MODEL_POLICY,1,9.514065385010326,10.305
STAGE_MODEL_POLICY,1,9.56455379902036,10.305
STAGE_MODEL_POLICY,1,9.615016704017762,10.47
STAGE_MODEL_POLICY,1,9.666663248004625,10.47
STAGE_MODEL_POLICY,1,9.71811298801913,10.285
STAGE_MODEL_POLICY,1,9.768885311001213,10.285
STAGE_MODEL_POLICY,1,9.819405084010214,10.322
STAGE_MODEL_POLICY,1,9.870089891017415,10.322
STAGE_MODEL_POLICY,1,9.920634794019861,10.314
STAGE_MODEL_POLICY,1,9.971088605001569,10.314
STAGE_MODEL_POLICY,1,10.021674792020349,10.327
STAGE_MODEL_POLICY,1,10.07247231301153,10.327
STAGE_MODEL_POLICY,1,10.122999237006297,10.33
STAGE_MODEL_POLICY,1,10.17356761402334,10.33
STAGE_MODEL_POLICY,1,10.22423637000611,10.331
STAGE_MODEL_POLICY,1,10.274725133000175,10.331
STAGE_MODEL_POLICY,1,10.326234665000811,10.327
STAGE_MODEL_POLICY,1,10.376778865000233,10.327
STAGE_MODEL_POLICY,1,10.42741707499954,10.328
STAGE_MODEL_POLICY,1,10.477906758023892,10.328
STAGE_MODEL_POLICY,1,10.528533700999105,10.333
STAGE_MODEL_POLICY,1,10.579164877010044,10.333
STAGE_MODEL_POLICY,1,10.630034528003307,10.336
STAGE_MODEL_POLICY,1,10.68068498800858,10.336
STAGE_MODEL_POLICY,1,10.731281128013507,10.338
STAGE_MODEL_POLICY,1,10.78200229301001,10.338
STAGE_MODEL_POLICY,1,10.832487832027255,10.341
STAGE_MODEL_POLICY,1,10.883159681019606,10.341
STAGE_MODEL_POLICY,1,10.9338329200109,10.341
STAGE_MODEL_POLICY,1,10.98433504102286,10.341
STAGE_MODEL_POLICY,1,11.034913089999463,10.344
STAGE_MODEL_POLICY,1,11.085565768007655,10.344
STAGE_MODEL_POLICY,1,11.136026570020476,10.344
STAGE_MODEL_POLICY,1,11.186948819027748,10.344
STAGE_MODEL_POLICY,1,11.237531165999826,10.343
STAGE_MODEL_POLICY,1,11.288016365026124,10.347
STAGE_MODEL_POLICY,1,11.338500631012721,10.347
STAGE_MODEL_POLICY,1,11.389219552016584,10.354
STAGE_MODEL_POLICY,1,11.439783094014274,10.354
STAGE_MODEL_POLICY,1,11.490458889020374,10.359
STAGE_MODEL_POLICY,1,11.541036449023522,10.359
STAGE_MODEL_POLICY,1,11.591653680021409,10.355
STAGE_MODEL_POLICY,1,11.642750777013134,10.355
STAGE_MODEL_POLICY,1,11.693389859021408,10.354
STAGE_MODEL_POLICY,1,11.743899682012852,10.354
STAGE_MODEL_POLICY,1,11.794404145010049,10.352
STAGE_MODEL_POLICY,1,11.844915101013612,10.352
STAGE_MODEL_POLICY,1,11.895730402000481,10.356
STAGE_MODEL_POLICY,1,11.94639518900658,10.356
STAGE_MODEL_POLICY,1,11.996942990022944,10.359
STAGE_MODEL_POLICY,1,12.047343642014312,10.359
STAGE_MODEL_POLICY,1,12.097799507027958,10.355
STAGE_MODEL_POLICY,1,12.148231026018038,10.355
STAGE_MODEL_POLICY,1,12.198773627023911,10.353
STAGE_MODEL_POLICY,1,12.249360188026913,10.353
STAGE_MODEL_POLICY,1,12.299862636020407,10.354
STAGE_MODEL_POLICY,1,12.350307406013599,10.354
STAGE_MODEL_POLICY,1,12.400724389008246,10.351
STAGE_MODEL_POLICY,1,12.451351011026418,10.351
STAGE_MODEL_POLICY,1,12.502149459003704,10.348
STAGE_MODEL_POLICY,1,12.552782820013817,10.348
STAGE_MODEL_POLICY,1,12.603369394026231,10.341
STAGE_MODEL_POLICY,1,12.654001557006268,10.341
STAGE_MODEL_POLICY,1,12.70443349701236,10.341
STAGE_MODEL_POLICY,1,12.75511563901091,10.341
STAGE_MODEL_POLICY,1,12.806002782017458,10.343
STAGE_MODEL_POLICY,1,12.856625956017524,10.343
STAGE_MODEL_POLICY,1,12.907045858999481,10.342
STAGE_MODEL_POLICY,1,12.957894553022925,10.342
STAGE_MODEL_POLICY,1,13.008480791002512,10.338
STAGE_MODEL_POLICY,1,13.058974070008844,10.338
STAGE_MODEL_POLICY,1,13.109501937025925,10.332
STAGE_MODEL_POLICY,1,13.160087259020656,10.332
STAGE_MODEL_POLICY,1,13.210771524027223,10.336
STAGE_MODEL_POLICY,1,13.261359785014065,10.336
STAGE_MODEL_POLICY,1,13.31194473002688,10.33
STAGE_MODEL_POLICY,1,13.362395671021659,10.33
STAGE_MODEL_POLICY,1,13.412864115001867,10.324
STAGE_MODEL_POLICY,1,13.463378758024191,10.324
STAGE_MODEL_POLICY,1,13.513947158004157,13.256
STAGE_MODEL_POLICY,1,13.565879458008567,13.256
STAGE_MODEL_POLICY,1,13.617358262010384,10.135
STAGE_MODEL_POLICY,1,13.667879364016699,10.135
STAGE_MODEL_POLICY,1,13.718434134003473,10.21
STAGE_MODEL_POLICY,1,13.76887039002031,10.21
STAGE_MODEL_POLICY,1,13.819325417018263,10.235
STAGE_MODEL_POLICY,1,13.869759287015768,10.235
STAGE_MODEL_POLICY,1,13.920426412019879,10.242
STAGE_MODEL_POLICY,1,13.970977911027148,10.242
STAGE_MODEL_POLICY,1,14.021408772008726,10.231
STAGE_MODEL_POLICY,1,14.071763090003515,10.231
STAGE_MODEL_POLICY,1,14.122258192015579,10.259
STAGE_MODEL_POLICY,1,14.173604117007926,9.529
STAGE_MODEL_POLICY,1,14.225718862027861,11.472
STAGE_MODEL_POLICY,1,14.276929772022413,9.366
STAGE_MODEL_POLICY,1,14.328963554027723,11.619
STAGE_MODEL_POLICY,1,14.386297415010631,11.449
STAGE_MODEL_POLICY,1,14.443618498014985,11.449
STAGE_MODEL_POLICY,1,14.500422395009082,14.381
STAGE_MODEL_POLICY,1,14.556918974005384,14.381
STAGE_MODEL_POLICY,1,14.60810418901383,10.332
STAGE_MODEL_POLICY,1,14.658690350013785,10.332
STAGE_MODEL_POLICY,1,14.709267029014882,10.33
STAGE_MODEL_POLICY,1,14.759855861018877,10.33
STAGE_MODEL_POLICY,1,14.810316244023852,10.31
STAGE_MODEL_POLICY,1,14.8608757200127,10.31
STAGE_MODEL_POLICY,1,14.911495794018265,10.174
STAGE_MODEL_POLICY,1,14.962633458024357,10.174
STAGE_MODEL_POLICY,1,15.01488850201713,10.259
STAGE_MODEL_POLICY,1,15.065311044018017,10.259
STAGE_MODEL_POLICY,1,15.116029809025349,10.293
STAGE_MODEL_POLICY,1,15.170639197021956,10.293
STAGE_MODEL_POLICY,1,15.221202947024722,10.683
STAGE_MODEL_POLICY,1,15.275377190002473,10.213
STAGE_MODEL_POLICY,1,15.331573871022556,10.352
STAGE_MODEL_POLICY,1,15.382780250016367,10.352
STAGE_MODEL_POLICY,1,15.434405707026599,10.25
STAGE_MODEL_POLICY,1,15.484888032020535,10.25
STAGE_MODEL_POLICY,1,15.535328912024852,10.295
STAGE_MODEL_POLICY,1,15.58588623002288,10.283
STAGE_MODEL_POLICY,1,15.636272273026407,10.283
STAGE_MODEL_POLICY,1,15.686848695011577,10.856
STAGE_MODEL_POLICY,1,15.738069179002196,10.856
STAGE_MODEL_POLICY,1,15.79123821601388,10.27
STAGE_MODEL_POLICY,1,15.841683243022999,10.27
STAGE_MODEL_POLICY,1,15.892364530009218,19.671
STAGE_MODEL_POLICY,1,15.943788447009865,19.671
STAGE_MODEL_POLICY,1,15.994868185021915,10.504
STAGE_MODEL_POLICY,1,16.04533086300944,10.504
STAGE_MODEL_POLICY,1,16.095855649007717,10.464
STAGE_MODEL_POLICY,1,16.146212135005044,10.464
STAGE_MODEL_POLICY,1,16.196640609006863,10.636
STAGE_MODEL_POLICY,1,16.248796190018766,8.168
STAGE_MODEL_POLICY,1,16.300484783016145,11.164
STAGE_MODEL_POLICY,1,16.35351778200129,9.688
STAGE_MODEL_POLICY,1,16.40471171500394,10.734
STAGE_MODEL_POLICY,1,16.45742356000119,10.734
STAGE_MODEL_POLICY,1,16.508616864011856,10.454
STAGE_MODEL_POLICY,1,16.559125090017915,10.454
STAGE_MODEL_POLICY,1,16.611610775027657,10.692
STAGE_MODEL_POLICY,1,16.6640138150251,10.692
STAGE_MODEL_POLICY,1,16.71660170101677,10.478
STAGE_MODEL_POLICY,1,16.7669568300189,10.478
STAGE_MODEL_POLICY,1,16.81738580900128,10.586
STAGE_MODEL_POLICY,1,16.86974777901196,10.586
STAGE_MODEL_POLICY,1,16.920954790024552,10.345
STAGE_MODEL_POLICY,1,16.971488102019066,10.345
STAGE_MODEL_POLICY,1,17.021989776025293,10.338
STAGE_MODEL_POLICY,1,17.072413866000716,10.338
STAGE_MODEL_POLICY,1,17.122878558002412,13.589
STAGE_MODEL_POLICY,1,17.174444439006038,13.589
STAGE_MODEL_POLICY,1,17.229952655005036,10.259
STAGE_MODEL_POLICY,1,17.28059365900117,10.259
STAGE_MODEL_POLICY,1,17.331108496000525,10.315
STAGE_MODEL_POLICY,1,17.38163978900411,10.315
STAGE_MODEL_POLICY,1,17.432044452027185,10.644
STAGE_MODEL_POLICY,1,17.48329648101935,10.644
STAGE_MODEL_POLICY,1,17.535119733016472,10.405
STAGE_MODEL_POLICY,1,17.585623717022827,10.419
STAGE_MODEL_POLICY,1,17.63691105102771,10.419
STAGE_MODEL_POLICY,1,17.687548879010137,10.381
STAGE_MODEL_POLICY,1,17.738106530014193,10.381
STAGE_MODEL_POLICY,1,17.79744278502767,10.914
STAGE_MODEL_POLICY,1,17.850606235006126,9.767
STAGE_MODEL_POLICY,1,17.90185232402291,11.757
STAGE_MODEL_POLICY,1,17.953185977006797,11.757
STAGE_MODEL_POLICY,1,18.00438145600492,10.358
STAGE_MODEL_POLICY,1,18.054921776027186,10.358
STAGE_MODEL_POLICY,1,18.10535754202283,10.897
STAGE_MODEL_POLICY,1,18.16083942502155,10.897
STAGE_MODEL_POLICY,1,18.21229237501393,13.576
STAGE_MODEL_POLICY,1,18.26338910200866,13.576
STAGE_MODEL_POLICY,1,18.31660895200912,10.459
STAGE_MODEL_POLICY,1,18.367071466025664,10.459
STAGE_MODEL_POLICY,1,18.41750059800688,8.699
STAGE_MODEL_POLICY,1,18.468676175019937,8.699
STAGE_MODEL_POLICY,1,18.520170620002318,10.616
STAGE_MODEL_POLICY,1,18.57069762601168,10.616
STAGE_MODEL_POLICY,1,18.62121229901095,10.569
STAGE_MODEL_POLICY,1,18.671881819027476,10.569
STAGE_MODEL_POLICY,1,18.72331958002178,11.042
STAGE_MODEL_POLICY,1,18.774795258010272,11.042
STAGE_MODEL_POLICY,1,18.830913796002278,10.475
STAGE_MODEL_POLICY,1,18.881463016005,10.475
STAGE_MODEL_POLICY,1,18.93198832802591,10.365
STAGE_MODEL_POLICY,1,18.982494414027315,10.365
STAGE_MODEL_POLICY,1,19.03297982100048,10.465
STAGE_MODEL_POLICY,1,19.083455430023605,10.465
STAGE_MODEL_POLICY,1,19.1339382440201,10.456
STAGE_MODEL_POLICY,1,19.184436469018692,10.438
STAGE_MODEL_POLICY,1,19.234902277006768,10.438
STAGE_MODEL_POLICY,1,19.28548468500958,10.42
STAGE_MODEL_POLICY,1,19.33617663901532,10.42
STAGE_MODEL_POLICY,1,19.38704971500556,10.411
STAGE_MODEL_POLICY,1,19.437841013015714,10.411
STAGE_MODEL_POLICY,1,19.48842920101015,14.117
STAGE_MODEL_POLICY,1,19.5403547710157,14.117
STAGE_MODEL_POLICY,1,19.595654747012304,10.589
STAGE_MODEL_POLICY,1,19.651655643014237,10.589
STAGE_MODEL_POLICY,1,19.703237412002636,10.37
STAGE_MODEL_POLICY,1,19.753686203010147,10.37
STAGE_MODEL_POLICY,1,19.80427280202275,9.458
STAGE_MODEL_POLICY,1,19.864567450014874,9.458
STAGE_MODEL_POLICY,1,19.91598765301751,9.035
STAGE_MODEL_POLICY,1,19.96733335099998,9.035
STAGE_MODEL_POLICY,1,20.018934646010166,11.172
STAGE_MODEL_POLICY,1,20.07967051502783,11.172
STAGE_MODEL_POLICY,1,20.131311749020824,9.974
STAGE_MODEL_POLICY,1,20.183718784013763,10.312
STAGE_MODEL_POLICY,1,20.2350779340195,10.307
STAGE_MODEL_POLICY,1,20.285704195004655,10.331
STAGE_MODEL_POLICY,1,20.33624604900251,10.331
STAGE_MODEL_POLICY,1,20.386806946014985,11.295
STAGE_MODEL_POLICY,1,20.438930985023035,11.295
STAGE_MODEL_POLICY,1,20.490909377025673,10.34
STAGE_MODEL_POLICY,1,20.541846977022942,10.34
STAGE_MODEL_POLICY,1,20.59270187400398,9.427
STAGE_MODEL_POLICY,1,20.646537635009736,9.427
STAGE_MODEL_POLICY,1,20.701201903022593,10.385
STAGE_MODEL_POLICY,1,20.751950153004145,10.385
STAGE_MODEL_POLICY,1,20.802376588020707,19.83
STAGE_MODEL_POLICY,1,20.8538588740048,19.83
STAGE_MODEL_POLICY,1,20.905463033006527,10.339
STAGE_MODEL_POLICY,1,20.95614402400679,10.339
STAGE_MODEL_POLICY,1,21.0069813200098,10.331
STAGE_MODEL_POLICY,1,21.057750676001888,10.331
STAGE_MODEL_POLICY,1,21.10830178001197,10.397
STAGE_MODEL_POLICY,1,21.16184705402702,10.397
STAGE_MODEL_POLICY,1,21.213287584017962,10.461
STAGE_MODEL_POLICY,1,21.263827988004778,10.461
STAGE_MODEL_POLICY,1,21.314405713026645,10.518
STAGE_MODEL_POLICY,1,21.36584626502008,10.518
STAGE_MODEL_POLICY,1,21.418086211022455,10.366
STAGE_MODEL_POLICY,1,21.468632485019043,10.366
STAGE_MODEL_POLICY,1,21.519243962015025,10.392
STAGE_MODEL_POLICY,1,21.570247815019684,10.392
STAGE_MODEL_POLICY,1,21.621061053010635,10.358
STAGE_MODEL_POLICY,1,21.674166628014063,10.358
STAGE_MODEL_POLICY,1,21.725710157013964,10.446
STAGE_MODEL_POLICY,1,21.776234290009597,10.446
STAGE_MODEL_POLICY,1,21.826825422002003,10.402
STAGE_MODEL_POLICY,1,21.877300167019712,10.402
STAGE_MODEL_POLICY,1,21.927656479005236,10.421
STAGE_MODEL_POLICY,1,21.978189973015105,10.421
STAGE_MODEL_POLICY,1,22.02875773300184,10.398
STAGE_MODEL_POLICY,1,22.079415797023103,10.398
STAGE_MODEL_POLICY,1,22.129946163011482,10.405
STAGE_MODEL_POLICY,1,22.180407819018,10.405
STAGE_MODEL_POLICY,1,22.230855778005207,10.407
STAGE_MODEL_POLICY,1,22.281340172019554,10.407
STAGE_MODEL_POLICY,1,22.33192300700466,10.401
STAGE_MODEL_POLICY,1,22.382370181003353,10.401
STAGE_MODEL_POLICY,1,22.432819438021397,10.394
STAGE_MODEL_POLICY,1,22.48343865701463,10.394
STAGE_MODEL_POLICY,1,22.534136607020628,10.394
STAGE_MODEL_POLICY,1,22.584635603008792,10.396
STAGE_MODEL_POLICY,1,22.635079011000926,10.396
STAGE_MODEL_POLICY,1,22.685693455016008,10.395
STAGE_MODEL_POLICY,1,22.73618564402568,10.395
STAGE_MODEL_POLICY,1,22.786738169001183,10.385
STAGE_MODEL_POLICY,1,22.837332340015564,10.385
STAGE_MODEL_POLICY,1,22.88784735702211,10.389
STAGE_MODEL_POLICY,1,22.93870027200319,10.389
STAGE_MODEL_POLICY,1,22.989387195004383,9.752
STAGE_MODEL_POLICY,1,23.040839835011866,9.752
STAGE_MODEL_POLICY,1,23.09383163001621,10.357
STAGE_MODEL_POLICY,1,23.14429804601241,10.357
STAGE_MODEL_POLICY,1,23.195364569022786,18.642
STAGE_MODEL_POLICY,1,23.24679415600258,18.642
STAGE_MODEL_POLICY,1,23.302211511007044,9.954
STAGE_MODEL_POLICY,1,23.352743930008728,9.954
STAGE_MODEL_POLICY,1,23.403629535023356,10.134
STAGE_MODEL_POLICY,1,23.45416449700133,10.134
STAGE_MODEL_POLICY,1,23.50482133301557,10.246
STAGE_MODEL_POLICY,1,23.556311243009986,10.246
STAGE_MODEL_POLICY,1,23.606992893008282,10.316
STAGE_MODEL_POLICY,1,23.661583954002708,10.164
STAGE_MODEL_POLICY,1,23.716409668006236,10.695
STAGE_MODEL_POLICY,1,23.767766125005437,10.695
STAGE_MODEL_POLICY,1,23.819899467023788,10.303
STAGE_MODEL_POLICY,1,23.870498005009722,10.303
STAGE_MODEL_POLICY,1,23.921142236999003,10.384
STAGE_MODEL_POLICY,1,23.97172681801021,10.384
STAGE_MODEL_POLICY,1,24.022505430009915,10.547
STAGE_MODEL_POLICY,1,24.075695724022808,10.547
STAGE_MODEL_POLICY,1,24.127313353004865,10.389
STAGE_MODEL_POLICY,1,24.17791528700036,10.389
STAGE_MODEL_POLICY,1,24.228331933001755,10.391
STAGE_MODEL_POLICY,1,24.278787681018002,10.391
STAGE_MODEL_POLICY,1,24.329239300015615,10.373
STAGE_MODEL_POLICY,1,24.38047338000615,10.373
STAGE_MODEL_POLICY,1,24.43261005700333,10.418
STAGE_MODEL_POLICY,1,24.48338722702465,14.752
STAGE_MODEL_POLICY,1,24.545686125027714,14.752
STAGE_MODEL_POLICY,1,24.597193176014116,9.957
STAGE_MODEL_POLICY,1,24.647835210023914,9.957
STAGE_MODEL_POLICY,1,24.69827661200543,10.103
STAGE_MODEL_POLICY,1,24.760391820018413,10.103
STAGE_MODEL_POLICY,1,24.81091506301891,10.373
STAGE_MODEL_POLICY,1,24.86440070401295,10.373
STAGE_MODEL_POLICY,1,24.915821867005434,10.41
STAGE_MODEL_POLICY,1,24.966528258024482,10.41
STAGE_MODEL_POLICY,1,25.017124928010162,10.421
STAGE_MODEL_POLICY,1,25.067561256000772,10.421
STAGE_MODEL_POLICY,1,25.11817580999923,10.409
STAGE_MODEL_POLICY,1,25.16893318601069,10.409
STAGE_MODEL_POLICY,1,25.219477218022803,10.41
STAGE_MODEL_POLICY,1,25.270065037009772,10.41
STAGE_MODEL_POLICY,1,25.320877768011997,10.405
STAGE_MODEL_POLICY,1,25.371584569016704,10.405
STAGE_MODEL_POLICY,1,25.422145528020337,10.407
STAGE_MODEL_POLICY,1,25.472842289018445,10.407
STAGE_MODEL_POLICY,1,25.523513129010098,9.021
STAGE_MODEL_POLICY,1,25.575604748999467,9.021
STAGE_MODEL_POLICY,1,25.627606586000184,10.38
STAGE_MODEL_POLICY,1,25.678369132016087,10.38
STAGE_MODEL_POLICY,1,25.729036516015185,10.355
STAGE_MODEL_POLICY,1,25.779585612006485,11.721
STAGE_MODEL_POLICY,1,25.850436311011435,11.721
STAGE_MODEL_POLICY,1,25.901669494021917,10.122
STAGE_MODEL_POLICY,1,25.952249722002307,10.122
STAGE_MODEL_POLICY,1,26.002744423021795,10.27
STAGE_MODEL_POLICY,1,26.05337261702516,10.27
STAGE_MODEL_POLICY,1,26.103816980001284,10.092
STAGE_MODEL_POLICY,1,26.156448254012503,10.092
STAGE_MODEL_POLICY,1,26.20792114100186,10.336
STAGE_MODEL_POLICY,1,26.258692260016687,10.336
STAGE_MODEL_POLICY,1,26.30933216100675,10.606
STAGE_MODEL_POLICY,1,26.361135958024533,11.929
STAGE_MODEL_POLICY,1,26.412719096028013,9.383
STAGE_MODEL_POLICY,1,26.46599788599997,9.383
STAGE_MODEL_POLICY,1,26.517350539012114,10.393
STAGE_MODEL_POLICY,1,26.56780913300463,10.393
STAGE_MODEL_POLICY,1,26.618343034002464,10.726
STAGE_MODEL_POLICY,1,26.66974339701119,10.726
STAGE_MODEL_POLICY,1,26.722938034014078,10.385
STAGE_MODEL_POLICY,1,26.773439057025826,10.385
STAGE_MODEL_POLICY,1,26.824323202017695,10.425
STAGE_MODEL_POLICY,1,26.87486285401974,10.425
STAGE_MODEL_POLICY,1,26.925997789017856,10.402
STAGE_MODEL_POLICY,1,26.97655869901064,10.402
STAGE_MODEL_POLICY,1,27.02735575500992,10.401
STAGE_MODEL_POLICY,1,27.077933689026395,10.401
STAGE_MODEL_POLICY,1,27.128369646001374,10.389
STAGE_MODEL_POLICY,1,27.178983724006684,10.389
STAGE_MODEL_POLICY,1,27.229798455024138,10.395
STAGE_MODEL_POLICY,1,27.28034459002083,10.395
STAGE_MODEL_POLICY,1,27.331082396005513,10.398
STAGE_MODEL_POLICY,1,27.38169315599953,10.395
STAGE_MODEL_POLICY,1,27.432529626006726,10.395
STAGE_MODEL_POLICY,1,27.483080816018628,10.393
STAGE_MODEL_POLICY,1,27.533853760018246,10.393
STAGE_MODEL_POLICY,1,27.58449819800444,10.39
STAGE_MODEL_POLICY,1,27.63487904702197,10.39
STAGE_MODEL_POLICY,1,27.685613193025347,10.391
STAGE_MODEL_POLICY,1,27.736203261010814,10.391
STAGE_MODEL_POLICY,1,27.786918506026268,10.393
STAGE_MODEL_POLICY,1,27.837717592017725,10.393
STAGE_MODEL_POLICY,1,27.88824142300291,10.381
STAGE_MODEL_POLICY,1,27.93901394100976,10.381
STAGE_MODEL_POLICY,1,27.989804359007394,10.383
STAGE_MODEL_POLICY,1,28.040803409006912,10.383
STAGE_MODEL_POLICY,1,28.091374329000246,10.387
STAGE_MODEL_POLICY,1,28.141840607015183,10.387
STAGE_MODEL_POLICY,1,28.192826571001206,10.384
STAGE_MODEL_POLICY,1,28.24332621402573,10.384
STAGE_MODEL_POLICY,1,28.29418783102301,10.377
STAGE_MODEL_POLICY,1,28.34481818601489,10.377
STAGE_MODEL_POLICY,1,28.395331380015705,10.38
STAGE_MODEL_POLICY,1,28.446282675024122,10.38
STAGE_MODEL_POLICY,1,28.49686035400373,10.378
STAGE_MODEL_POLICY,1,28.5472920940083,10.378
STAGE_MODEL_POLICY,1,28.5980523150065,10.378
STAGE_MODEL_POLICY,1,28.648868176009273,10.378
STAGE_MODEL_POLICY,1,28.699592048011255,10.378
STAGE_MODEL_POLICY,1,28.750254338025115,10.378
STAGE_MODEL_POLICY,1,28.800900970003568,10.371
STAGE_MODEL_POLICY,1,28.851551320025465,10.371
STAGE_MODEL_POLICY,1,28.902088647999335,10.371
STAGE_MODEL_POLICY,1,28.95277551500476,10.371
STAGE_MODEL_POLICY,1,29.003330551000545,10.377
STAGE_MODEL_POLICY,1,29.05386463701143,10.377
STAGE_MODEL_POLICY,1,29.104460852016928,10.373
STAGE_MODEL_POLICY,1,29.154897369007813,10.373
STAGE_MODEL_POLICY,1,29.20549019202008,10.377
STAGE_MODEL_POLICY,1,29.256267511023907,10.377
STAGE_MODEL_POLICY,1,29.31279569302569,9.898
STAGE_MODEL_POLICY,1,29.36417422501836,9.888
STAGE_MODEL_POLICY,1,29.430695676011965,9.299
STAGE_MODEL_POLICY,1,29.482249941007467,10.451
STAGE_MODEL_POLICY,1,29.532791542005725,10.451
STAGE_MODEL_POLICY,1,29.583297864010092,10.409
STAGE_MODEL_POLICY,1,29.633844320022035,10.409
STAGE_MODEL_POLICY,1,29.693519856024068,10.385
STAGE_MODEL_POLICY,1,29.7449956460041,10.385
STAGE_MODEL_POLICY,1,29.795474472019123,9.659
STAGE_MODEL_POLICY,1,29.850143366027623,9.659
STAGE_MODEL_POLICY,1,29.901619373005815,10.369
STAGE_MODEL_POLICY,1,29.95229800901143,10.369
STAGE_MODEL_POLICY,1,30.00276332901558,10.377
STAGE_MODEL_THRESHOLD,1,0.0025840709859039634,10.377
STAGE_MODEL_THRESHOLD,1,0.05307145099504851,8.552
STAGE_MODEL_THRESHOLD,1,0.10436279998975806,8.552
STAGE_MODEL_THRESHOLD,1,0.1558081280090846,10.324
STAGE_MODEL_THRESHOLD,1,0.20649705699179322,10.324
STAGE_MODEL_THRESHOLD,1,0.25705910500255413,10.35
STAGE_MODEL_THRESHOLD,1,0.31003727900679223,10.35
STAGE_MODEL_THRESHOLD,1,0.36038203799398616,10.156
STAGE_MODEL_THRESHOLD,1,0.4124868460057769,9.974
STAGE_MODEL_THRESHOLD,1,0.46395693998783827,11.88
STAGE_MODEL_THRESHOLD,1,0.5156157389865257,11.88
STAGE_MODEL_THRESHOLD,1,0.5679562040022574,10.374
STAGE_MODEL_THRESHOLD,1,0.6183562749938574,10.374
STAGE_MODEL_THRESHOLD,1,0.6688963299966417,10.385
STAGE_MODEL_THRESHOLD,1,0.7195716309943236,10.385
STAGE_MODEL_THRESHOLD,1,0.7700421290064696,10.378
STAGE_MODEL_THRESHOLD,1,0.8205324269947596,10.378
STAGE_MODEL_THRESHOLD,1,0.8710373829817399,10.382
STAGE_MODEL_THRESHOLD,1,0.9217762459884398,10.382
STAGE_MODEL_THRESHOLD,1,0.9723285189829767,10.384
STAGE_MODEL_THRESHOLD,1,1.0229073420050554,10.384
STAGE_MODEL_THRESHOLD,1,1.073289964988362,10.384
STAGE_MODEL_THRESHOLD,1,1.1237601829925552,10.384
STAGE_MODEL_THRESHOLD,1,1.1741669699840713,10.138
STAGE_MODEL_THRESHOLD,1,1.2254343740059994,10.354
STAGE_MODEL_THRESHOLD,1,1.2783137199876364,10.296
STAGE_MODEL_THRESHOLD,1,1.3288761989970226,10.356
STAGE_MODEL_THRESHOLD,1,1.3794232569925953,10.356
STAGE_MODEL_THRESHOLD,1,1.4301164000062272,10.354
STAGE_MODEL_THRESHOLD,1,1.4808132300095167,10.354
STAGE_MODEL_THRESHOLD,1,1.531331351987319,10.364
STAGE_MODEL_THRESHOLD,1,1.5819323839969002,10.364
STAGE_MODEL_THRESHOLD,1,1.6323795689968392,10.374
STAGE_MODEL_THRESHOLD,1,1.682924405002268,10.374
STAGE_MODEL_THRESHOLD,1,1.7334644100046717,10.37
STAGE_MODEL_THRESHOLD,1,1.7839584370085504,10.37
STAGE_MODEL_THRESHOLD,1,1.8344344119832385,10.364
STAGE_MODEL_THRESHOLD,1,1.8849478799966164,10.364
STAGE_MODEL_THRESHOLD,1,1.9354166889970656,6.137
STAGE_MODEL_THRESHOLD,1,1.9869392520049587,6.137
STAGE_MODEL_THRESHOLD,1,2.041120529989712,10.164
STAGE_MODEL_THRESHOLD,1,2.091654641990317,10.164
STAGE_MODEL_THRESHOLD,1,2.1421971209929325,10.273
STAGE_MODEL_THRESHOLD,1,2.1928248300100677,10.273
STAGE_MODEL_THRESHOLD,1,2.2433877119910903,10.319
STAGE_MODEL_THRESHOLD,1,2.293913248984609,10.319
STAGE_MODEL_THRESHOLD,1,2.3445643879822455,10.342
STAGE_MODEL_THRESHOLD,1,2.3952027689956594,10.342
STAGE_MODEL_THRESHOLD,1,2.445728221005993,10.346
STAGE_MODEL_THRESHOLD,1,2.4961818239826243,10.346
STAGE_MODEL_THRESHOLD,1,2.546798402996501,10.342
STAGE_MODEL_THRESHOLD,1,2.597436073992867,10.342
STAGE_MODEL_THRESHOLD,1,2.648153807007475,11.136
STAGE_MODEL_THRESHOLD,1,2.699591976008378,11.136
STAGE_MODEL_THRESHOLD,1,2.755641158000799,10.358
STAGE_MODEL_THRESHOLD,1,2.8061531969869975,10.358
STAGE_MODEL_THRESHOLD,1,2.856712068984052,10.346
STAGE_MODEL_THRESHOLD,1,2.9071558979921974,10.346
STAGE_MODEL_THRESHOLD,1,2.957615208986681,11.044
STAGE_MODEL_THRESHOLD,1,3.008838187000947,11.044
STAGE_MODEL_THRESHOLD,1,3.0607760599814355,10.411
STAGE_MODEL_THRESHOLD,1,3.111523812985979,10.411
STAGE_MODEL_THRESHOLD,1,3.1622221159923356,10.398
STAGE_MODEL_THRESHOLD,1,3.2128588880004827,10.398
STAGE_MODEL_THRESHOLD,1,3.2635031630052254,10.391
STAGE_MODEL_THRESHOLD,1,3.31405677399016,10.391
STAGE_MODEL_THRESHOLD,1,3.3645422300032806,10.392
STAGE_MODEL_THRESHOLD,1,3.4151873670052737,10.392
STAGE_MODEL_THRESHOLD,1,3.465600564988563,10.403
STAGE_MODEL_THRESHOLD,1,3.5160871249972843,10.403
STAGE_MODEL_THRESHOLD,1,3.566658314986853,10.411
STAGE_MODEL_THRESHOLD,1,3.6173042730079032,10.411
STAGE_MODEL_THRESHOLD,1,3.6677860929921735,10.408
STAGE_MODEL_THRESHOLD,1,3.7185260700061917,10.408
STAGE_MODEL_THRESHOLD,1,3.7690631590085104,10.209
STAGE_MODEL_THRESHOLD,1,3.8213910199992824,10.209
STAGE_MODEL_THRESHOLD,1,3.876605767000001,10.378
STAGE_MODEL_THRESHOLD,1,3.927026807999937,10.432
STAGE_MODEL_THRESHOLD,1,3.977493334998144,10.432
STAGE_MODEL_THRESHOLD,1,4.0280656999966595,10.084
STAGE_MODEL_THRESHOLD,1,4.080117817997234,10.084
STAGE_MODEL_THRESHOLD,1,4.132355078007095,10.451
STAGE_MODEL_THRESHOLD,1,4.182885861984687,10.451
STAGE_MODEL_THRESHOLD,1,4.2335510670091026,10.423
STAGE_MODEL_THRESHOLD,1,4.284515514009399,10.423
STAGE_MODEL_THRESHOLD,1,4.335839979001321,10.443
STAGE_MODEL_THRESHOLD,1,4.386666000005789,10.443
STAGE_MODEL_THRESHOLD,1,4.437256378005259,11.466
STAGE_MODEL_THRESHOLD,1,4.490469199983636,11.466
STAGE_MODEL_THRESHOLD,1,4.541959955997299,10.402
STAGE_MODEL_THRESHOLD,1,4.59259557799669,10.402
STAGE_MODEL_THRESHOLD,1,4.643292824010132,10.406
STAGE_MODEL_THRESHOLD,1,4.6939862110011745,10.406
STAGE_MODEL_THRESHOLD,1,4.744768131989986,10.419
STAGE_MODEL_THRESHOLD,1,4.795183662005002,10.419
STAGE_MODEL_THRESHOLD,1,4.84592259398778,10.419
STAGE_MODEL_THRESHOLD,1,4.899117444001604,10.419
STAGE_MODEL_THRESHOLD,1,4.9495635089988355,10.747
STAGE_MODEL_THRESHOLD,1,5.016505943989614,10.747
STAGE_MODEL_THRESHOLD,1,5.068130530009512,10.739
STAGE_MODEL_THRESHOLD,1,5.119875868986128,10.739
STAGE_MODEL_THRESHOLD,1,5.170991474005859,10.014
STAGE_MODEL_THRESHOLD,1,5.233411911001895,11.241
STAGE_MODEL_THRESHOLD,1,5.285130667994963,10.34
STAGE_MODEL_THRESHOLD,1,5.337369024986401,10.281
STAGE_MODEL_THRESHOLD,1,5.389316830987809,10.281
STAGE_MODEL_THRESHOLD,1,5.442256745998748,10.409
STAGE_MODEL_THRESHOLD,1,5.492842236999422,10.409
STAGE_MODEL_THRESHOLD,1,5.543262355990009,11.09
STAGE_MODEL_THRESHOLD,1,5.595590263983468,11.09
STAGE_MODEL_THRESHOLD,1,5.646844217990292,12.911
STAGE_MODEL_THRESHOLD,1,5.698601788986707,12.911
STAGE_MODEL_THRESHOLD,1,5.751029331004247,10.404
STAGE_MODEL_THRESHOLD,1,5.801422753982479,10.404
STAGE_MODEL_THRESHOLD,1,5.852178517990978,6.105
STAGE_MODEL_THRESHOLD,1,5.906452959985472,6.105
STAGE_MODEL_THRESHOLD,1,5.9578536989865825,10.646
STAGE_MODEL_THRESHOLD,1,6.008371492993319,10.646
STAGE_MODEL_THRESHOLD,1,6.058910574007314,10.535
STAGE_MODEL_THRESHOLD,1,6.109471311996458,10.535
STAGE_MODEL_THRESHOLD,1,6.159902676998172,10.494
STAGE_MODEL_THRESHOLD,1,6.210346745006973,10.494
STAGE_MODEL_THRESHOLD,1,6.260848409991013,10.464
STAGE_MODEL_THRESHOLD,1,6.311308542004554,10.464
STAGE_MODEL_THRESHOLD,1,6.362159212992992,10.457
STAGE_MODEL_THRESHOLD,1,6.412714553996921,10.457
STAGE_MODEL_THRESHOLD,1,6.463170334987808,11.066
STAGE_MODEL_THRESHOLD,1,6.514330151985632,11.066
STAGE_MODEL_THRESHOLD,1,6.56695897798636,10.425
STAGE_MODEL_THRESHOLD,1,6.617747668991797,10.425
STAGE_MODEL_THRESHOLD,1,6.668593337002676,10.42
STAGE_MODEL_THRESHOLD,1,6.719356116984272,10.42
STAGE_MODEL_THRESHOLD,1,6.769817767984932,11.587
STAGE_MODEL_THRESHOLD,1,6.82301508000819,11.587
STAGE_MODEL_THRESHOLD,1,6.874802831996931,10.41
STAGE_MODEL_THRESHOLD,1,6.925597188004758,10.42
STAGE_MODEL_THRESHOLD,1,6.9759780220047105,10.42
STAGE_MODEL_THRESHOLD,1,7.026599479984725,10.422
STAGE_MODEL_THRESHOLD,1,7.077285164006753,10.422
STAGE_MODEL_THRESHOLD,1,7.127714506001212,10.417
STAGE_MODEL_THRESHOLD,1,7.178161971998634,10.417
STAGE_MODEL_THRESHOLD,1,7.228933261008933,10.412
STAGE_MODEL_THRESHOLD,1,7.279627604992129,10.412
STAGE_MODEL_THRESHOLD,1,7.33018965300289,10.41
STAGE_MODEL_THRESHOLD,1,7.380732307996368,10.41
STAGE_MODEL_THRESHOLD,1,7.431383625982562,10.41
STAGE_MODEL_THRESHOLD,1,7.482049618003657,10.41
STAGE_MODEL_THRESHOLD,1,7.532685988000594,10.409
STAGE_MODEL_THRESHOLD,1,7.583467696007574,10.409
STAGE_MODEL_THRESHOLD,1,7.634132406004937,10.41
STAGE_MODEL_THRESHOLD,1,7.6847016389947385,10.41
STAGE_MODEL_THRESHOLD,1,7.735387043998344,10.412
STAGE_MODEL_THRESHOLD,1,7.786041680985363,10.412
STAGE_MODEL_THRESHOLD,1,7.836549856001511,10.41
STAGE_MODEL_THRESHOLD,1,7.886975205998169,10.41
STAGE_MODEL_THRESHOLD,1,7.937565300002461,10.41
STAGE_MODEL_THRESHOLD,1,7.98804356099572,10.41
STAGE_MODEL_THRESHOLD,1,8.038465705001727,10.41
STAGE_MODEL_THRESHOLD,1,8.089090661000228,10.41
STAGE_MODEL_THRESHOLD,1,8.139659920008853,10.404
STAGE_MODEL_THRESHOLD,1,8.190040426998166,10.404
STAGE_MODEL_THRESHOLD,1,8.24058248498477,10.402
STAGE_MODEL_THRESHOLD,1,8.291010415996425,10.402
STAGE_MODEL_THRESHOLD,1,8.341466816986213,10.4
STAGE_MODEL_THRESHOLD,1,8.391973432007944,10.4
STAGE_MODEL_THRESHOLD,1,8.442521981982281,10.4
STAGE_MODEL_THRESHOLD,1,8.49315782499616,10.4
STAGE_MODEL_THRESHOLD,1,8.543679319991497,10.398
STAGE_MODEL_THRESHOLD,1,8.594120636989828,10.398
STAGE_MODEL_THRESHOLD,1,8.644775208987994,10.4
STAGE_MODEL_THRESHOLD,1,8.69545928799198,10.4
STAGE_MODEL_THRESHOLD,1,8.745991684001638,10.4
STAGE_MODEL_THRESHOLD,1,8.79638377900119,10.4
STAGE_MODEL_THRESHOLD,1,8.84696297699702,10.399
STAGE_MODEL_THRESHOLD,1,8.89780267101014,10.399
STAGE_MODEL_THRESHOLD,1,8.948271851986647,10.399
STAGE_MODEL_THRESHOLD,1,8.998657519987319,10.399
STAGE_MODEL_THRESHOLD,1,9.049319081997965,10.404
STAGE_MODEL_THRESHOLD,1,9.099760737008182,10.404
STAGE_MODEL_THRESHOLD,1,9.150370850984473,10.403
STAGE_MODEL_THRESHOLD,1,9.201155390997883,10.403
STAGE_MODEL_THRESHOLD,1,9.252146015991457,10.406
STAGE_MODEL_THRESHOLD,1,9.303162141994108,10.406
STAGE_MODEL_THRESHOLD,1,9.354268374998355,10.408
STAGE_MODEL_THRESHOLD,1,9.404686720983591,10.408
STAGE_MODEL_THRESHOLD,1,9.455172162008239,10.412
STAGE_MODEL_THRESHOLD,1,9.505695567000657,10.412
STAGE_MODEL_THRESHOLD,1,9.556085126008838,10.413
STAGE_MODEL_THRESHOLD,1,9.606475687003694,10.413
STAGE_MODEL_THRESHOLD,1,9.656948780990206,10.417
STAGE_MODEL_THRESHOLD,1,9.707454479997978,10.417
STAGE_MODEL_THRESHOLD,1,9.758055977988988,10.414
STAGE_MODEL_THRESHOLD,1,9.80859256599797,10.414
STAGE_MODEL_THRESHOLD,1,9.859094835002907,10.408
STAGE_MODEL_THRESHOLD,1,9.909830585005693,10.408
STAGE_MODEL_THRESHOLD,1,9.960347262996947,10.407
STAGE_MODEL_THRESHOLD,1,10.011084822006524,10.407
STAGE_MODEL_THRESHOLD,1,10.061935123987496,10.407
STAGE_MODEL_THRESHOLD,1,10.112528458994348,10.407
STAGE_MODEL_THRESHOLD,1,10.16348712699255,10.402
STAGE_MODEL_THRESHOLD,1,10.214182247989811,10.402
STAGE_MODEL_THRESHOLD,1,10.26475809700787,10.401
STAGE_MODEL_THRESHOLD,1,10.315277765999781,10.401
STAGE_MODEL_THRESHOLD,1,10.365797162987292,10.4
STAGE_MODEL_THRESHOLD,1,10.41633409098722,10.4
STAGE_MODEL_THRESHOLD,1,10.466886598005658,10.4
STAGE_MODEL_THRESHOLD,1,10.517370318004396,10.4
STAGE_MODEL_THRESHOLD,1,10.568295145989396,10.396
STAGE_MODEL_THRESHOLD,1,10.619262047985103,10.396
STAGE_MODEL_THRESHOLD,1,10.669964417000301,10.397
STAGE_MODEL_THRESHOLD,1,10.720545316988137,10.397
STAGE_MODEL_THRESHOLD,1,10.771237503009615,10.392
STAGE_MODEL_THRESHOLD,1,10.82196082698647,10.392
STAGE_MODEL_THRESHOLD,1,10.872597857000073,10.391
STAGE_MODEL_THRESHOLD,1,10.923143967986107,10.391
STAGE_MODEL_THRESHOLD,1,10.973744780989364,10.393
STAGE_MODEL_THRESHOLD,1,11.024295741983224,10.392
STAGE_MODEL_THRESHOLD,1,11.07482708900352,10.392
STAGE_MODEL_THRESHOLD,1,11.12540220998926,10.391
STAGE_MODEL_THRESHOLD,1,11.176008015987463,10.391
STAGE_MODEL_THRESHOLD,1,11.226800014002947,10.391
STAGE_MODEL_THRESHOLD,1,11.27769731200533,10.391
STAGE_MODEL_THRESHOLD,1,11.328304920985829,10.392
STAGE_MODEL_THRESHOLD,1,11.378994869999588,10.392
STAGE_MODEL_THRESHOLD,1,11.429646065982524,10.392
STAGE_MODEL_THRESHOLD,1,11.48017574599362,10.392
STAGE_MODEL_THRESHOLD,1,11.530572894989746,10.387
STAGE_MODEL_THRESHOLD,1,11.58132493100129,10.387
STAGE_MODEL_THRESHOLD,1,11.631918803002918,10.387
STAGE_MODEL_THRESHOLD,1,11.682587096991483,10.387
STAGE_MODEL_THRESHOLD,1,11.733305061003193,10.38
STAGE_MODEL_THRESHOLD,1,11.783890413003974,10.38
STAGE_MODEL_THRESHOLD,1,11.83476242198958,10.38
STAGE_MODEL_THRESHOLD,1,11.885486877989024,10.38
STAGE_MODEL_THRESHOLD,1,11.93613732198719,10.378
STAGE_MODEL_THRESHOLD,1,11.986732032994041,10.378
STAGE_MODEL_THRESHOLD,1,12.037250642984873,10.38
STAGE_MODEL_THRESHOLD,1,12.088026669982355,10.38
STAGE_MODEL_THRESHOLD,1,12.138672225002665,10.38
STAGE_MODEL_THRESHOLD,1,12.189239870989695,10.38
STAGE_MODEL_THRESHOLD,1,12.23973607798689,10.38
STAGE_MODEL_THRESHOLD,1,12.290224042983027,10.38
STAGE_MODEL_THRESHOLD,1,12.34067147699534,10.375
STAGE_MODEL_THRESHOLD,1,12.391051663988037,10.375
STAGE_MODEL_THRESHOLD,1,12.441489071992692,10.369
STAGE_MODEL_THRESHOLD,1,12.491964043991175,10.369
STAGE_MODEL_THRESHOLD,1,12.542358020989923,10.366
STAGE_MODEL_THRESHOLD,1,12.592823612008942,10.366
STAGE_MODEL_THRESHOLD,1,12.643455474986695,10.371
STAGE_MODEL_THRESHOLD,1,12.694322110008216,10.371
STAGE_MODEL_THRESHOLD,1,12.744860293983947,10.371
STAGE_MODEL_THRESHOLD,1,12.795565375010483,10.371
STAGE_MODEL_THRESHOLD,1,12.846059814997716,10.377
STAGE_MODEL_THRESHOLD,1,12.896634990989696,10.377
STAGE_MODEL_THRESHOLD,1,12.94736178900348,10.377
STAGE_MODEL_THRESHOLD,1,12.997893427003874,10.377
STAGE_MODEL_THRESHOLD,1,13.048460205987794,10.382
STAGE_MODEL_THRESHOLD,1,13.098946808982873,10.382
STAGE_MODEL_THRESHOLD,1,13.149585842009401,10.378
STAGE_MODEL_THRESHOLD,1,13.2002765199868,10.378
STAGE_MODEL_THRESHOLD,1,13.250775025982875,10.375
STAGE_MODEL_THRESHOLD,1,13.301405912992777,10.375
STAGE_MODEL_THRESHOLD,1,13.352228548988933,10.374
STAGE_MODEL_THRESHOLD,1,13.402834887005156,10.374
STAGE_MODEL_THRESHOLD,1,13.453424047998851,10.377
STAGE_MODEL_THRESHOLD,1,13.503823845006991,10.377
STAGE_MODEL_THRESHOLD,1,13.554825526982313,10.38
STAGE_MODEL_THRESHOLD,1,13.60535482200794,10.38
STAGE_MODEL_THRESHOLD,1,13.65617397398455,10.382
STAGE_MODEL_THRESHOLD,1,13.706665600009728,10.382
STAGE_MODEL_THRESHOLD,1,13.757438820990501,10.38
STAGE_MODEL_THRESHOLD,1,13.808002595993457,10.38
STAGE_MODEL_THRESHOLD,1,13.858806781005114,10.377
STAGE_MODEL_THRESHOLD,1,13.909536461986136,10.377
STAGE_MODEL_THRESHOLD,1,13.960210986988386,10.372
STAGE_MODEL_THRESHOLD,1,14.010808335995534,10.372
STAGE_MODEL_THRESHOLD,1,14.063585912983399,10.373
STAGE_MODEL_THRESHOLD,1,14.114115948992549,10.373
STAGE_MODEL_THRESHOLD,1,14.164732687990181,10.369
STAGE_MODEL_THRESHOLD,1,14.215322261996334,10.369
STAGE_MODEL_THRESHOLD,1,14.26592024799902,10.369
STAGE_MODEL_THRESHOLD,1,14.316451099992264,10.369
STAGE_MODEL_THRESHOLD,1,14.367083908990026,10.369
STAGE_MODEL_THRESHOLD,1,14.417787017999217,10.369
STAGE_MODEL_THRESHOLD,1,14.468501883005956,10.367
STAGE_MODEL_THRESHOLD,1,14.51908870699117,10.367
STAGE_MODEL_THRESHOLD,1,14.569722390995594,10.363
STAGE_MODEL_THRESHOLD,1,14.620346554002026,10.363
STAGE_MODEL_THRESHOLD,1,14.670767492003506,10.358
STAGE_MODEL_THRESHOLD,1,14.721290721994592,10.358
STAGE_MODEL_THRESHOLD,1,14.771895651007071,10.359
STAGE_MODEL_THRESHOLD,1,14.822407933999784,10.353
STAGE_MODEL_THRESHOLD,1,14.872885383985704,10.353
STAGE_MODEL_THRESHOLD,1,14.923694853001507,10.352
STAGE_MODEL_THRESHOLD,1,14.974332415004028,10.352
STAGE_MODEL_THRESHOLD,1,15.024942048999947,10.351
STAGE_MODEL_THRESHOLD,1,15.075564551982097,10.351
STAGE_MODEL_THRESHOLD,1,15.126102682988858,10.348
STAGE_MODEL_THRESHOLD,1,15.176794516009977,10.348
STAGE_MODEL_THRESHOLD,1,15.22734740099986,13.171
STAGE_MODEL_THRESHOLD,1,15.282427872996777,13.171
STAGE_MODEL_THRESHOLD,1,15.334270811988972,12.373
STAGE_MODEL_THRESHOLD,1,15.385609221993946,12.373
STAGE_MODEL_THRESHOLD,1,15.4384802840068,10.267
STAGE_MODEL_THRESHOLD,1,15.489085976005299,10.267
STAGE_MODEL_THRESHOLD,1,15.539474057004554,10.312
STAGE_MODEL_THRESHOLD,1,15.59335597298923,10.312
STAGE_MODEL_THRESHOLD,1,15.643933326995466,10.617
STAGE_MODEL_THRESHOLD,1,15.697094175993698,10.617
STAGE_MODEL_THRESHOLD,1,15.748443724005483,10.302
STAGE_MODEL_THRESHOLD,1,15.808683204988483,10.302
STAGE_MODEL_THRESHOLD,1,15.859226208005566,10.132
STAGE_MODEL_THRESHOLD,1,15.913569103984628,10.132
STAGE_MODEL_THRESHOLD,1,15.964741308009252,10.339
STAGE_MODEL_THRESHOLD,1,16.01591630099574,10.339
STAGE_MODEL_THRESHOLD,1,16.06921671400778,10.328
STAGE_MODEL_THRESHOLD,1,16.11984314498841,10.328
STAGE_MODEL_THRESHOLD,1,16.17031960299937,11.579
STAGE_MODEL_THRESHOLD,1,16.221775951009477,10.31
STAGE_MODEL_THRESHOLD,1,16.274150524986908,10.294
STAGE_MODEL_THRESHOLD,1,16.324613854987547,10.338
STAGE_MODEL_THRESHOLD,1,16.37512667500414,10.338
STAGE_MODEL_THRESHOLD,1,16.425601802999154,14.34
STAGE_MODEL_THRESHOLD,1,16.476720670005307,14.34
STAGE_MODEL_THRESHOLD,1,16.529236464994028,14.772
STAGE_MODEL_THRESHOLD,1,16.580526115983957,14.772
STAGE_MODEL_THRESHOLD,1,16.631620411993936,10.365
STAGE_MODEL_THRESHOLD,1,16.682117043994367,10.365
STAGE_MODEL_THRESHOLD,1,16.73324654001044,10.343
STAGE_MODEL_THRESHOLD,1,16.78378814700409,10.343
STAGE_MODEL_THRESHOLD,1,16.834229047002736,10.342
STAGE_MODEL_THRESHOLD,1,16.88488269300433,10.342
STAGE_MODEL_THRESHOLD,1,16.935399962007068,10.336
STAGE_MODEL_THRESHOLD,1,16.985987941006897,10.336
STAGE_MODEL_THRESHOLD,1,17.03636550300871,10.335
STAGE_MODEL_THRESHOLD,1,17.08700787599082,10.335
STAGE_MODEL_THRESHOLD,1,17.13747153399163,10.343
STAGE_MODEL_THRESHOLD,1,17.188030995981535,10.343
STAGE_MODEL_THRESHOLD,1,17.238436504994752,10.34
STAGE_MODEL_THRESHOLD,1,17.28899218098377,10.34
STAGE_MODEL_THRESHOLD,1,17.33955041298759,11.495
STAGE_MODEL_THRESHOLD,1,17.39217199900304,11.495
STAGE_MODEL_THRESHOLD,1,17.449075513985008,10.344
STAGE_MODEL_THRESHOLD,1,17.49947292500292,10.344
STAGE_MODEL_THRESHOLD,1,17.54987967098714,10.087
STAGE_MODEL_THRESHOLD,1,17.60512083399226,10.087
STAGE_MODEL_THRESHOLD,1,17.656417627993505,10.344
STAGE_MODEL_THRESHOLD,1,17.70691464500851,10.344
STAGE_MODEL_THRESHOLD,1,17.757271562993992,10.334
STAGE_MODEL_THRESHOLD,1,17.80779056699248,10.334
STAGE_MODEL_THRESHOLD,1,17.858202937990427,7.491
STAGE_MODEL_THRESHOLD,1,17.909565659007058,7.491
STAGE_MODEL_THRESHOLD,1,17.962044729996705,10.473
STAGE_MODEL_THRESHOLD,1,18.01262627801043,10.473
STAGE_MODEL_THRESHOLD,1,18.064520429994445,10.418
STAGE_MODEL_THRESHOLD,1,18.115081335010473,10.418
STAGE_MODEL_THRESHOLD,1,18.165416615986032,10.395
STAGE_MODEL_THRESHOLD,1,18.215968737989897,10.395
STAGE_MODEL_THRESHOLD,1,18.266574801993556,10.384
STAGE_MODEL_THRESHOLD,1,18.31721861299593,10.384
STAGE_MODEL_THRESHOLD,1,18.36780820300919,10.18
STAGE_MODEL_THRESHOLD,1,18.419246139004827,10.18
STAGE_MODEL_THRESHOLD,1,18.474130963993957,10.202
STAGE_MODEL_THRESHOLD,1,18.52460798600805,11.445
STAGE_MODEL_THRESHOLD,1,18.57628226300585,11.445
STAGE_MODEL_THRESHOLD,1,18.628453420998994,10.298
STAGE_MODEL_THRESHOLD,1,18.6790485259844,10.298
STAGE_MODEL_THRESHOLD,1,18.729450779006584,10.298
STAGE_MODEL_THRESHOLD,1,18.78000068399706,10.298
STAGE_MODEL_THRESHOLD,1,18.830420604994288,10.307
STAGE_MODEL_THRESHOLD,1,18.88107195898192,10.307
STAGE_MODEL_THRESHOLD,1,18.93161618200247,14.195
STAGE_MODEL_THRESHOLD,1,18.984682648006128,14.195
STAGE_MODEL_THRESHOLD,1,19.035831585002597,10.326
STAGE_MODEL_THRESHOLD,1,19.086768346984172,10.326
STAGE_MODEL_THRESHOLD,1,19.137212050001835,10.328
STAGE_MODEL_THRESHOLD,1,19.187669373000972,10.328
STAGE_MODEL_THRESHOLD,1,19.238173867983278,10.334
STAGE_MODEL_THRESHOLD,1,19.28862645398476,10.334
STAGE_MODEL_THRESHOLD,1,19.3398467549996,10.335
STAGE_MODEL_THRESHOLD,1,19.390300714992918,10.335
STAGE_MODEL_THRESHOLD,1,19.44083281798521,10.341
STAGE_MODEL_THRESHOLD,1,19.49130742298439,10.341
STAGE_MODEL_THRESHOLD,1,19.54182764000143,10.348
STAGE_MODEL_THRESHOLD,1,19.592295028996887,10.348
STAGE_MODEL_THRESHOLD,1,19.642867880989797,10.124
STAGE_MODEL_THRESHOLD,1,19.695334313990315,10.124
STAGE_MODEL_THRESHOLD,1,19.746638001990505,10.317
STAGE_MODEL_THRESHOLD,1,19.797200714005157,10.317
STAGE_MODEL_THRESHOLD,1,19.847730670007877,11.334
STAGE_MODEL_THRESHOLD,1,19.899202589993365,11.334
STAGE_MODEL_THRESHOLD,1,19.95489532200736,10.357
STAGE_MODEL_THRESHOLD,1,20.00546023598872,10.357
STAGE_MODEL_THRESHOLD,1,20.055837635998614,10.296
STAGE_MODEL_THRESHOLD,1,20.106364365987247,10.296
STAGE_MODEL_THRESHOLD,1,20.164433926984202,15.598
STAGE_MODEL_THRESHOLD,1,20.215731531992787,15.598
STAGE_MODEL_THRESHOLD,1,20.26840841898229,10.317
STAGE_MODEL_THRESHOLD,1,20.319142617983744,10.317
STAGE_MODEL_THRESHOLD,1,20.369648624997353,10.328
STAGE_MODEL_THRESHOLD,1,20.42047003499465,10.328
STAGE_MODEL_THRESHOLD,1,20.470937434001826,10.345
STAGE_MODEL_THRESHOLD,1,20.52155918898643,10.716
STAGE_MODEL_THRESHOLD,1,20.572862136003096,7.33
STAGE_MODEL_THRESHOLD,1,20.626352761988528,11.228
STAGE_MODEL_THRESHOLD,1,20.683708961994853,10.172
STAGE_MODEL_THRESHOLD,1,20.739212719985517,10.496
STAGE_MODEL_THRESHOLD,1,20.790598010993563,10.496
STAGE_MODEL_THRESHOLD,1,20.84232615699875,10.338
STAGE_MODEL_THRESHOLD,1,20.892912943992997,10.338
STAGE_MODEL_THRESHOLD,1,20.943588169990107,11.293
STAGE_MODEL_THRESHOLD,1,20.996171887993114,11.293
STAGE_MODEL_THRESHOLD,1,21.047915230010403,10.383
STAGE_MODEL_THRESHOLD,1,21.098366229009116,10.383
STAGE_MODEL_THRESHOLD,1,21.14888628400513,10.403
STAGE_MODEL_THRESHOLD,1,21.200624475983204,9.98
STAGE_MODEL_THRESHOLD,1,21.252110484987497,11.016
STAGE_MODEL_THRESHOLD,1,21.30355421398417,11.016
STAGE_MODEL_THRESHOLD,1,21.356192375009414,10.407
STAGE_MODEL_THRESHOLD,1,21.40701530498336,10.407
STAGE_MODEL_THRESHOLD,1,21.45749409700511,14.458
STAGE_MODEL_THRESHOLD,1,21.510357753984863,6.381
STAGE_MODEL_THRESHOLD,1,21.5884385239915,10.334
STAGE_MODEL_THRESHOLD,1,21.638993800006574,10.586
STAGE_MODEL_THRESHOLD,1,21.691753463994246,10.586
STAGE_MODEL_THRESHOLD,1,21.742929205996916,10.37
STAGE_MODEL_THRESHOLD,1,21.801673838985153,10.37
STAGE_MODEL_THRESHOLD,1,21.852352032990893,10.968
STAGE_MODEL_THRESHOLD,1,21.906149190006545,10.968
STAGE_MODEL_THRESHOLD,1,21.957446062006056,10.379
STAGE_MODEL_THRESHOLD,1,22.016169865004485,10.379
STAGE_MODEL_THRESHOLD,1,22.06673940800829,10.951
STAGE_MODEL_THRESHOLD,1,22.12203935199068,10.351
STAGE_MODEL_THRESHOLD,1,22.17260387999704,10.351
STAGE_MODEL_THRESHOLD,1,22.223102427000413,10.357
STAGE_MODEL_THRESHOLD,1,22.27365560599719,10.357
STAGE_MODEL_THRESHOLD,1,22.324471573985647,11.605
STAGE_MODEL_THRESHOLD,1,22.379648809001083,11.605
STAGE_MODEL_THRESHOLD,1,22.43701595198945,10.381
STAGE_MODEL_THRESHOLD,1,22.487804051983403,10.381
STAGE_MODEL_THRESHOLD,1,22.538302920991555,16.149
STAGE_MODEL_THRESHOLD,1,22.591332228010288,16.149
STAGE_MODEL_THRESHOLD,1,22.642533967009513,10.345
STAGE_MODEL_THRESHOLD,1,22.693020195991267,10.345
STAGE_MODEL_THRESHOLD,1,22.743449578003492,10.378
STAGE_MODEL_THRESHOLD,1,22.794091510993894,10.378
STAGE_MODEL_THRESHOLD,1,22.84475734399166,10.712
STAGE_MODEL_THRESHOLD,1,22.89597717099241,10.712
STAGE_MODEL_THRESHOLD,1,22.952208284987137,10.376
STAGE_MODEL_THRESHOLD,1,23.002841148991138,10.376
STAGE_MODEL_THRESHOLD,1,23.05352503800532,10.381
STAGE_MODEL_THRESHOLD,1,23.104025590990204,10.381
STAGE_MODEL_THRESHOLD,1,23.155108609003946,10.378
STAGE_MODEL_THRESHOLD,1,23.205709211004432,10.378
STAGE_MODEL_THRESHOLD,1,23.256292648002272,10.381
STAGE_MODEL_THRESHOLD,1,23.306930349004688,10.381
STAGE_MODEL_THRESHOLD,1,23.35787514099502,10.386
STAGE_MODEL_THRESHOLD,1,23.40859700398869,10.386
STAGE_MODEL_THRESHOLD,1,23.459032307000598,10.39
STAGE_MODEL_THRESHOLD,1,23.509548467991408,10.39
STAGE_MODEL_THRESHOLD,1,23.560156499006553,10.383
STAGE_MODEL_THRESHOLD,1,23.61084116299753,10.383
STAGE_MODEL_THRESHOLD,1,23.661409255000763,10.387
STAGE_MODEL_THRESHOLD,1,23.712226267001824,10.387
STAGE_MODEL_THRESHOLD,1,23.762814682995668,10.384
STAGE_MODEL_THRESHOLD,1,23.813451772002736,10.384
STAGE_MODEL_THRESHOLD,1,23.864253053994616,10.386
STAGE_MODEL_THRESHOLD,1,23.915010199998505,10.386
STAGE_MODEL_THRESHOLD,1,23.96539731899975,10.386
STAGE_MODEL_THRESHOLD,1,24.01599827600876,10.386
STAGE_MODEL_THRESHOLD,1,24.066650752996793,10.386
STAGE_MODEL_THRESHOLD,1,24.117297519987915,10.386
STAGE_MODEL_THRESHOLD,1,24.167878526001005,10.386
STAGE_MODEL_THRESHOLD,1,24.218569877004484,10.386
STAGE_MODEL_THRESHOLD,1,24.2698819799989,10.386
STAGE_MODEL_THRESHOLD,1,24.320853585988516,10.384
STAGE_MODEL_THRESHOLD,1,24.371445356984623,10.384
STAGE_MODEL_THRESHOLD,1,24.422303508006735,10.381
STAGE_MODEL_THRESHOLD,1,24.47283800400328,10.381
STAGE_MODEL_THRESHOLD,1,24.52348542000982,10.381
STAGE_MODEL_THRESHOLD,1,24.574003927991726,10.381
STAGE_MODEL_THRESHOLD,1,24.624651877995348,10.381
STAGE_MODEL_THRESHOLD,1,24.675268688006327,10.381
STAGE_MODEL_THRESHOLD,1,24.725924208003562,10.378
STAGE_MODEL_THRESHOLD,1,24.776455796003575,10.378
STAGE_MODEL_THRESHOLD,1,24.826965696003754,10.379
STAGE_MODEL_THRESHOLD,1,24.87747334400774,10.379
STAGE_MODEL_THRESHOLD,1,24.928294785000617,10.372
STAGE_MODEL_THRESHOLD,1,24.97882939700503,10.372
STAGE_MODEL_THRESHOLD,1,25.029574969987152,10.371
STAGE_MODEL_THRESHOLD,1,25.080093914002646,10.371
STAGE_MODEL_THRESHOLD,1,25.13062624700251,10.367
STAGE_MODEL_THRESHOLD,1,25.181371929997113,10.367
STAGE_MODEL_THRESHOLD,1,25.232218860008288,10.365
STAGE_MODEL_THRESHOLD,1,25.28273781799362,10.365
STAGE_MODEL_THRESHOLD,1,25.333175243984442,10.366
STAGE_MODEL_THRESHOLD,1,25.38379286698182,10.366
STAGE_MODEL_THRESHOLD,1,25.43448818300385,10.364
STAGE_MODEL_THRESHOLD,1,25.48537530199974,10.364
STAGE_MODEL_THRESHOLD,1,25.536171732994262,10.36
STAGE_MODEL_THRESHOLD,1,25.58720288198674,10.36
STAGE_MODEL_THRESHOLD,1,25.637706096982583,10.36
STAGE_MODEL_THRESHOLD,1,25.688683972985018,10.36
STAGE_MODEL_THRESHOLD,1,25.73918594198767,10.362
STAGE_MODEL_THRESHOLD,1,25.789811822003685,10.362
STAGE_MODEL_THRESHOLD,1,25.840384637005627,10.366
STAGE_MODEL_THRESHOLD,1,25.891120412998134,10.366
STAGE_MODEL_THRESHOLD,1,25.941722963994835,10.368
STAGE_MODEL_THRESHOLD,1,25.992334098991705,10.368
STAGE_MODEL_THRESHOLD,1,26.042871015990386,10.369
STAGE_MODEL_THRESHOLD,1,26.09350792999612,10.369
STAGE_MODEL_THRESHOLD,1,26.14413375800359,10.376
STAGE_MODEL_THRESHOLD,1,26.194657457002904,10.376
STAGE_MODEL_THRESHOLD,1,26.24520739898435,10.376
STAGE_MODEL_THRESHOLD,1,26.29564938999829,10.376
STAGE_MODEL_THRESHOLD,1,26.34628273299313,10.373
STAGE_MODEL_THRESHOLD,1,26.397168164985487,10.373
STAGE_MODEL_THRESHOLD,1,26.44777628200245,10.375
STAGE_MODEL_THRESHOLD,1,26.49860313400859,10.375
STAGE_MODEL_THRESHOLD,1,26.549464345007436,10.376
STAGE_MODEL_THRESHOLD,1,26.600250541989226,10.376
STAGE_MODEL_THRESHOLD,1,26.65080904698698,10.378
STAGE_MODEL_THRESHOLD,1,26.70121749700047,10.378
STAGE_MODEL_THRESHOLD,1,26.75191321200691,10.377
STAGE_MODEL_THRESHOLD,1,26.80280815498554,10.377
STAGE_MODEL_THRESHOLD,1,26.853724276006687,10.374
STAGE_MODEL_THRESHOLD,1,26.904260490991874,10.374
STAGE_MODEL_THRESHOLD,1,26.955125801003305,10.37
STAGE_MODEL_THRESHOLD,1,27.00569639899186,10.37
STAGE_MODEL_THRESHOLD,1,27.056621419003932,10.365
STAGE_MODEL_THRESHOLD,1,27.107151264004642,10.365
STAGE_MODEL_THRESHOLD,1,27.15785739099374,10.364
STAGE_MODEL_THRESHOLD,1,27.208607070992002,10.364
STAGE_MODEL_THRESHOLD,1,27.25946443498833,10.354
STAGE_MODEL_THRESHOLD,1,27.309967729001073,10.354
STAGE_MODEL_THRESHOLD,1,27.360698767995927,10.357
STAGE_MODEL_THRESHOLD,1,27.411316501005786,10.357
STAGE_MODEL_THRESHOLD,1,27.466267362004146,10.361
STAGE_MODEL_THRESHOLD,1,27.516833793983096,10.361
STAGE_MODEL_THRESHOLD,1,27.5674518099986,10.354
STAGE_MODEL_THRESHOLD,1,27.617973365995567,10.354
STAGE_MODEL_THRESHOLD,1,27.668638467992423,10.358
STAGE_MODEL_THRESHOLD,1,27.719334299996262,10.358
STAGE_MODEL_THRESHOLD,1,27.770054883992998,10.355
STAGE_MODEL_THRESHOLD,1,27.821012247994076,10.354
STAGE_MODEL_THRESHOLD,1,27.871612771006767,10.354
STAGE_MODEL_THRESHOLD,1,27.92194772599032,10.352
STAGE_MODEL_THRESHOLD,1,27.972382523992565,10.352
STAGE_MODEL_THRESHOLD,1,28.02287705699564,10.351
STAGE_MODEL_THRESHOLD,1,28.073404536000453,10.351
STAGE_MODEL_THRESHOLD,1,28.124385956005426,10.352
STAGE_MODEL_THRESHOLD,1,28.174820590007585,10.352
STAGE_MODEL_THRESHOLD,1,28.225385230005486,10.358
STAGE_MODEL_THRESHOLD,1,28.275766662991373,10.358
STAGE_MODEL_THRESHOLD,1,28.326166054001078,10.363
STAGE_MODEL_THRESHOLD,1,28.376662808994297,10.363
STAGE_MODEL_THRESHOLD,1,28.42729462799616,10.359
STAGE_MODEL_THRESHOLD,1,28.478131729993038,10.359
STAGE_MODEL_THRESHOLD,1,28.528765761991963,10.362
STAGE_MODEL_THRESHOLD,1,28.579274741001427,10.362
STAGE_MODEL_THRESHOLD,1,28.629948929999955,10.367
STAGE_MODEL_THRESHOLD,1,28.680537250009365,10.367
STAGE_MODEL_THRESHOLD,1,28.731392952991882,10.366
STAGE_MODEL_THRESHOLD,1,28.78193795698462,10.366
STAGE_MODEL_THRESHOLD,1,28.832578639005078,10.369
STAGE_MODEL_THRESHOLD,1,28.883145069994498,10.369
STAGE_MODEL_THRESHOLD,1,28.933856513001956,10.373
STAGE_MODEL_THRESHOLD,1,28.984677364991512,10.373
STAGE_MODEL_THRESHOLD,1,29.035528601991246,10.376
STAGE_MODEL_THRESHOLD,1,29.086338169989176,10.376
STAGE_MODEL_THRESHOLD,1,29.136908062995644,10.376
STAGE_MODEL_THRESHOLD,1,29.187454097991576,10.376
STAGE_MODEL_THRESHOLD,1,29.237829892983427,10.376
STAGE_MODEL_THRESHOLD,1,29.288507669989485,10.376
STAGE_MODEL_THRESHOLD,1,29.33907584499684,10.37
STAGE_MODEL_THRESHOLD,1,29.389816980983596,10.37
STAGE_MODEL_THRESHOLD,1,29.440196034003748,10.362
STAGE_MODEL_THRESHOLD,1,29.49098920900724,10.362
STAGE_MODEL_THRESHOLD,1,29.541419491986744,10.368
STAGE_MODEL_THRESHOLD,1,29.591840923996642,10.368
STAGE_MODEL_THRESHOLD,1,29.642332878982415,10.363
STAGE_MODEL_THRESHOLD,1,29.692990874988027,10.363
STAGE_MODEL_THRESHOLD,1,29.743740031000925,10.355
STAGE_MODEL_THRESHOLD,1,29.79434353898978,10.355
STAGE_MODEL_THRESHOLD,1,29.845020314998692,10.351
STAGE_MODEL_THRESHOLD,1,29.89544858899899,10.351
STAGE_MODEL_THRESHOLD,1,29.946040862007067,10.347
STAGE_MODEL_THRESHOLD,1,29.996642501995666,10.347
BASELINE_IDLE,2,0.009878767014015466,3.803
BASELINE_IDLE,2,0.06054856601986103,3.803
BASELINE_IDLE,2,0.1115320940152742,4.498
BASELINE_IDLE,2,0.1634877280157525,4.498
BASELINE_IDLE,2,0.21925931799341924,4.63
BASELINE_IDLE,2,0.27002528501907364,4.581
BASELINE_IDLE,2,0.32048840101924725,4.581
BASELINE_IDLE,2,0.3710439110000152,3.338
BASELINE_IDLE,2,0.4312772639968898,3.338
BASELINE_IDLE,2,0.4828649169940036,2.442
BASELINE_IDLE,2,0.5336566820042208,2.442
BASELINE_IDLE,2,0.584513058012817,2.419
BASELINE_IDLE,2,0.6374436060141306,2.419
BASELINE_IDLE,2,0.6892151240026578,2.463
BASELINE_IDLE,2,0.7401461199915502,2.463
BASELINE_IDLE,2,0.7908731700154021,2.483
BASELINE_IDLE,2,0.8416961019975133,2.483
BASELINE_IDLE,2,0.8924191120022442,2.458
BASELINE_IDLE,2,0.9431279290001839,2.458
BASELINE_IDLE,2,1.0026661269948818,2.458
BASELINE_IDLE,2,1.0533689210133161,2.458
BASELINE_IDLE,2,1.104140103008831,2.458
BASELINE_IDLE,2,1.154897266998887,2.458
BASELINE_IDLE,2,1.205907836992992,2.458
BASELINE_IDLE,2,1.2567549270170275,2.458
BASELINE_IDLE,2,1.3077453279984184,2.458
BASELINE_IDLE,2,1.358816582011059,2.458
BASELINE_IDLE,2,1.4097469240077771,2.458
BASELINE_IDLE,2,1.4606130820175167,2.458
BASELINE_IDLE,2,1.5115252989926375,2.458
BASELINE_IDLE,2,1.5623688740015496,2.458
BASELINE_IDLE,2,1.6132335730071645,2.458
BASELINE_IDLE,2,1.664077718014596,2.458
BASELINE_IDLE,2,1.71493397699669,2.458
BASELINE_IDLE,2,1.7661858090141322,2.458
BASELINE_IDLE,2,1.817063043010421,2.458
BASELINE_IDLE,2,1.868021800997667,1.683
BASELINE_IDLE,2,1.9194691810116637,1.683
BASELINE_IDLE,2,1.9720373720047064,1.809
BASELINE_IDLE,2,2.0234466470137704,1.812
BASELINE_IDLE,2,2.07549250300508,1.717
BASELINE_IDLE,2,2.1274478450068273,1.717
BASELINE_IDLE,2,2.179464568995172,1.656
BASELINE_IDLE,2,2.231159374990966,1.656
BASELINE_IDLE,2,2.282686858001398,1.583
BASELINE_IDLE,2,2.3348419220128562,1.709
BASELINE_IDLE,2,2.3911679640004877,1.914
BASELINE_IDLE,2,2.4426583370077424,1.697
BASELINE_IDLE,2,2.4982222570106387,2.022
BASELINE_IDLE,2,2.550098342995625,2.022
BASELINE_IDLE,2,2.6015126070124097,1.712
BASELINE_IDLE,2,2.6530700889998116,1.712
BASELINE_IDLE,2,2.704462098015938,1.575
BASELINE_IDLE,2,2.7564080150041264,1.575
BASELINE_IDLE,2,2.80790301100933,1.714
BASELINE_IDLE,2,2.8597761770070065,1.714
BASELINE_IDLE,2,2.9115988069970626,1.597
BASELINE_IDLE,2,2.9632686249969993,1.597
BASELINE_IDLE,2,3.0150303530099336,1.794
BASELINE_IDLE,2,3.0667072249925695,1.626
BASELINE_IDLE,2,3.1187702669994906,1.971
BASELINE_IDLE,2,3.1705819780181628,1.74
BASELINE_IDLE,2,3.2219614750065375,1.74
BASELINE_IDLE,2,3.2736033879918978,1.63
BASELINE_IDLE,2,3.3257576180039905,1.818
BASELINE_IDLE,2,3.3784051240072586,1.836
BASELINE_IDLE,2,3.4307374480122235,1.727
BASELINE_IDLE,2,3.4829325570026413,1.894
BASELINE_IDLE,2,3.5354809270065743,1.723
BASELINE_IDLE,2,3.59189447000972,1.919
BASELINE_IDLE,2,3.6441549000155646,1.673
BASELINE_IDLE,2,3.7011491900193505,2.127
BASELINE_IDLE,2,3.7529647030169144,2.127
BASELINE_IDLE,2,3.8043874750146642,1.689
BASELINE_IDLE,2,3.8563134979922324,1.689
BASELINE_IDLE,2,3.907721836003475,1.58
BASELINE_IDLE,2,3.9595733110036235,1.58
BASELINE_IDLE,2,4.011220237007365,1.795
BASELINE_IDLE,2,4.062838996993378,1.795
BASELINE_IDLE,2,4.1145798139914405,1.672
BASELINE_IDLE,2,4.166346362006152,1.659
BASELINE_IDLE,2,4.217660376016283,1.659
BASELINE_IDLE,2,4.269355907017598,1.669
BASELINE_IDLE,2,4.3213728519913275,1.669
BASELINE_IDLE,2,4.373556608014042,1.66
BASELINE_IDLE,2,4.425425344001269,1.66
BASELINE_IDLE,2,4.4778195210092235,1.691
BASELINE_IDLE,2,4.530261200998211,1.691
BASELINE_IDLE,2,4.58240587200271,1.699
BASELINE_IDLE,2,4.634224962006556,1.699
BASELINE_IDLE,2,4.686264189018402,1.836
BASELINE_IDLE,2,4.738692523998907,1.836
BASELINE_IDLE,2,4.790809922007611,1.686
BASELINE_IDLE,2,4.842980474000797,1.686
BASELINE_IDLE,2,4.894706849008799,1.698
BASELINE_IDLE,2,4.946022551011993,1.698
BASELINE_IDLE,2,4.9970449570100754,1.698
BASELINE_IDLE,2,5.048062203015434,1.698
BASELINE_IDLE,2,5.099437997007044,1.698
BASELINE_IDLE,2,5.1505031879933085,1.698
BASELINE_IDLE,2,5.20159390300978,1.698
BASELINE_IDLE,2,5.252566979004769,1.698
BASELINE_IDLE,2,5.303766162018292,1.698
BASELINE_IDLE,2,5.355146406014683,1.698
BASELINE_IDLE,2,5.406584990007104,1.698
BASELINE_IDLE,2,5.4576864470145665,1.698
BASELINE_IDLE,2,5.508877086016582,1.698
BASELINE_IDLE,2,5.560100924019935,1.698
BASELINE_IDLE,2,5.611351076018764,1.698
BASELINE_IDLE,2,5.662551615998382,1.698
BASELINE_IDLE,2,5.713675114995567,1.698
BASELINE_IDLE,2,5.764997621008661,1.698
BASELINE_IDLE,2,5.816142577998107,1.698
BASELINE_IDLE,2,5.866946474008728,1.686
BASELINE_IDLE,2,5.917791888990905,1.686
BASELINE_IDLE,2,5.968836865009507,1.686
BASELINE_IDLE,2,6.019732506014407,1.686
BASELINE_IDLE,2,6.07076441400568,1.686
BASELINE_IDLE,2,6.121570787014207,1.686
BASELINE_IDLE,2,6.172446489013964,1.686
BASELINE_IDLE,2,6.2237366040062625,1.686
BASELINE_IDLE,2,6.275364692992298,1.686
BASELINE_IDLE,2,6.326211362000322,1.686
BASELINE_IDLE,2,6.376984520000406,1.686
BASELINE_IDLE,2,6.428246993018547,1.686
BASELINE_IDLE,2,6.479515943996375,1.686
BASELINE_IDLE,2,6.530593252013205,1.686
BASELINE_IDLE,2,6.581727237004088,1.686
BASELINE_IDLE,2,6.632694619009271,1.686
BASELINE_IDLE,2,6.6837993900117,1.686
BASELINE_IDLE,2,6.734828204003861,1.686
BASELINE_IDLE,2,6.7858221460192,1.686
BASELINE_IDLE,2,6.837092247995315,1.686
BASELINE_IDLE,2,6.888083475991152,1.674
BASELINE_IDLE,2,6.939115415007109,1.674
BASELINE_IDLE,2,6.9901228719973005,1.674
BASELINE_IDLE,2,7.041147620009724,1.674
BASELINE_IDLE,2,7.091871679993346,1.674
BASELINE_IDLE,2,7.1426917880016845,1.674
BASELINE_IDLE,2,7.193436471017776,1.674
BASELINE_IDLE,2,7.244422626012238,1.674
BASELINE_IDLE,2,7.295329293992836,1.674
BASELINE_IDLE,2,7.346199307008646,1.674
BASELINE_IDLE,2,7.397274880000623,1.674
BASELINE_IDLE,2,7.448478020000039,1.674
BASELINE_IDLE,2,7.500060096994275,1.674
BASELINE_IDLE,2,7.551024629996391,1.674
BASELINE_IDLE,2,7.6022221189923584,1.674
BASELINE_IDLE,2,7.653200291009853,1.674
BASELINE_IDLE,2,7.704048165993299,1.674
BASELINE_IDLE,2,7.754985472012777,1.674
BASELINE_IDLE,2,7.806132302008336,1.674
BASELINE_IDLE,2,7.857350917998701,1.674
BASELINE_IDLE,2,7.9083265000081155,1.671
BASELINE_IDLE,2,7.959532173001207,1.671
BASELINE_IDLE,2,8.010530079016462,1.671
BASELINE_IDLE,2,8.061565133015392,1.671
BASELINE_IDLE,2,8.112495203007711,1.671
BASELINE_IDLE,2,8.163759075017879,1.671
BASELINE_IDLE,2,8.214751246996457,1.671
BASELINE_IDLE,2,8.265649765002308,1.671
BASELINE_IDLE,2,8.316443090006942,1.671
BASELINE_IDLE,2,8.367316809017211,1.671
BASELINE_IDLE,2,8.418254140007775,1.671
BASELINE_IDLE,2,8.469201197003713,1.671
BASELINE_IDLE,2,8.519881535001332,1.671
BASELINE_IDLE,2,8.570801279012812,1.671
BASELINE_IDLE,2,8.621735980996164,1.671
BASELINE_IDLE,2,8.672680596006103,1.671
BASELINE_IDLE,2,8.724025480012642,1.671
BASELINE_IDLE,2,8.775695068005007,1.671
BASELINE_IDLE,2,8.826772480999352,1.671
BASELINE_IDLE,2,8.878065978002269,1.662
BASELINE_IDLE,2,8.928942186001223,1.662
BASELINE_IDLE,2,8.980108399991877,1.662
BASELINE_IDLE,2,9.031251016014721,1.662
BASELINE_IDLE,2,9.08235651999712,1.662
BASELINE_IDLE,2,9.133402297011344,1.662
BASELINE_IDLE,2,9.184200268005952,1.662
BASELINE_IDLE,2,9.23514734901255,1.662
BASELINE_IDLE,2,9.286113734007813,1.662
BASELINE_IDLE,2,9.336921795998933,1.662
BASELINE_IDLE,2,9.387685632013017,1.662
BASELINE_IDLE,2,9.438607913005399,1.662
BASELINE_IDLE,2,9.48941350201494,1.662
BASELINE_IDLE,2,9.54009618301643,1.662
BASELINE_IDLE,2,9.591289773001336,1.662
BASELINE_IDLE,2,9.642332121991785,1.662
BASELINE_IDLE,2,9.693214032013202,1.662
BASELINE_IDLE,2,9.744157684996026,1.662
BASELINE_IDLE,2,9.795244159002323,1.662
BASELINE_IDLE,2,9.846614881011192,1.662
BASELINE_IDLE,2,9.897779901017202,1.654
BASELINE_IDLE,2,9.948824224004056,1.654
BASELINE_IDLE,2,9.999807567015523,1.654
BASELINE_IDLE,2,10.050636928004678,1.654
BASELINE_IDLE,2,10.101626015006332,1.654
BASELINE_IDLE,2,10.152342757006409,1.654
BASELINE_IDLE,2,10.203077353013214,1.654
BASELINE_IDLE,2,10.253859690012177,1.654
BASELINE_IDLE,2,10.304882975004148,1.654
BASELINE_IDLE,2,10.355964601010783,1.654
BASELINE_IDLE,2,10.406790945009561,1.654
BASELINE_IDLE,2,10.457903250004165,1.654
BASELINE_IDLE,2,10.509064640995348,1.654
BASELINE_IDLE,2,10.560102723015007,1.654
BASELINE_IDLE,2,10.611169426993001,1.654
BASELINE_IDLE,2,10.662245200015604,1.654
BASELINE_IDLE,2,10.713055939006153,1.654
BASELINE_IDLE,2,10.764424785011215,1.654
BASELINE_IDLE,2,10.815116378013045,1.665
BASELINE_IDLE,2,10.865765159018338,1.665
BASELINE_IDLE,2,10.916604783997172,1.752
BASELINE_IDLE,2,10.967866366991075,1.752
BASELINE_IDLE,2,11.018611481005792,1.825
BASELINE_IDLE,2,11.06961038801819,1.825
BASELINE_IDLE,2,11.120459978003055,1.875
BASELINE_IDLE,2,11.171663490997162,1.875
BASELINE_IDLE,2,11.222363842010964,1.923
BASELINE_IDLE,2,11.273166308004875,1.923
BASELINE_IDLE,2,11.323841742007062,1.96
BASELINE_IDLE,2,11.37495218400727,1.995
BASELINE_IDLE,2,11.425916898006108,1.995
BASELINE_IDLE,2,11.476675885991426,2.023
BASELINE_IDLE,2,11.527314055012539,2.023
BASELINE_IDLE,2,11.578072005009744,2.05
BASELINE_IDLE,2,11.629141784011154,2.05
BASELINE_IDLE,2,11.679917311994359,2.074
BASELINE_IDLE,2,11.73061793600209,2.074
BASELINE_IDLE,2,11.781253621011274,2.098
BASELINE_IDLE,2,11.832433042000048,2.098
BASELINE_IDLE,2,11.883614018996013,2.098
BASELINE_IDLE,2,11.934822859999258,2.098
BASELINE_IDLE,2,11.985781319002854,2.098
BASELINE_IDLE,2,12.037113593018148,2.098
BASELINE_IDLE,2,12.087961212993832,2.098
BASELINE_IDLE,2,12.139299585018307,2.098
BASELINE_IDLE,2,12.190730456000892,2.098
BASELINE_IDLE,2,12.242309816007037,2.098
BASELINE_IDLE,2,12.293343730008928,2.098
BASELINE_IDLE,2,12.34453482500976,2.098
BASELINE_IDLE,2,12.395762186002685,2.098
BASELINE_IDLE,2,12.446597866015509,2.098
BASELINE_IDLE,2,12.497619741014205,2.098
BASELINE_IDLE,2,12.548825673002284,2.098
BASELINE_IDLE,2,12.600102469994454,2.098
BASELINE_IDLE,2,12.650995828997111,2.098
BASELINE_IDLE,2,12.701994410017505,2.098
BASELINE_IDLE,2,12.753252368012909,2.098
BASELINE_IDLE,2,12.804538333992241,1.737
BASELINE_IDLE,2,12.855851966014598,1.737
BASELINE_IDLE,2,12.906989512994187,1.737
BASELINE_IDLE,2,12.958055694994982,1.737
BASELINE_IDLE,2,13.009293842012994,1.737
BASELINE_IDLE,2,13.060224963992368,1.737
BASELINE_IDLE,2,13.111120621993905,1.737
BASELINE_IDLE,2,13.162296099995729,1.737
BASELINE_IDLE,2,13.213180046994239,1.737
BASELINE_IDLE,2,13.263912195019657,1.737
BASELINE_IDLE,2,13.314863481005887,1.737
BASELINE_IDLE,2,13.36568205599906,1.737
BASELINE_IDLE,2,13.41659477900248,1.737
BASELINE_IDLE,2,13.467537542019272,1.737
BASELINE_IDLE,2,13.518197969009634,1.737
BASELINE_IDLE,2,13.569185642991215,1.737
BASELINE_IDLE,2,13.620009992999258,1.737
BASELINE_IDLE,2,13.670822988002328,1.737
BASELINE_IDLE,2,13.721647750993725,1.737
BASELINE_IDLE,2,13.772686033014907,1.64
BASELINE_IDLE,2,13.823503021994838,1.64
BASELINE_IDLE,2,13.874236981995637,1.64
BASELINE_IDLE,2,13.924945498991292,1.64
BASELINE_IDLE,2,13.975596260017483,1.64
BASELINE_IDLE,2,14.026392147992738,1.64
BASELINE_IDLE,2,14.077081825991627,1.64
BASELINE_IDLE,2,14.12787946301978,1.64
BASELINE_IDLE,2,14.178579605999403,1.64
BASELINE_IDLE,2,14.2292618950014,1.64
BASELINE_IDLE,2,14.280078697018325,1.64
BASELINE_IDLE,2,14.330872064019786,1.64
BASELINE_IDLE,2,14.408254925016081,1.64
BASELINE_IDLE,2,14.460814854013734,1.64
BASELINE_IDLE,2,14.51167104500928,1.64
BASELINE_IDLE,2,14.562362463999307,1.64
BASELINE_IDLE,2,14.613086069002748,1.64
BASELINE_IDLE,2,14.663788189005572,1.64
BASELINE_IDLE,2,14.714574887999333,1.64
BASELINE_IDLE,2,14.765346416010289,1.733
BASELINE_IDLE,2,14.821349066012772,1.733
BASELINE_IDLE,2,14.87281658599386,1.586
BASELINE_IDLE,2,14.924401263997424,1.814
BASELINE_IDLE,2,14.976185025006998,1.752
STAGE_MODEL_INFER,2,0.0014468129957094789,1.97
STAGE_MODEL_INFER,2,0.05522658198606223,5.637
STAGE_MODEL_INFER,2,0.10590083297574893,5.637
STAGE_MODEL_INFER,2,0.16415725299157202,5.685
STAGE_MODEL_INFER,2,0.2158617039967794,5.816
STAGE_MODEL_INFER,2,0.2782348969776649,5.156
STAGE_MODEL_INFER,2,0.3408647119940724,21.079
STAGE_MODEL_INFER,2,0.3916243179992307,21.079
STAGE_MODEL_INFER,2,0.44212662597419694,10.128
STAGE_MODEL_INFER,2,0.5020721559994854,10.128
STAGE_MODEL_INFER,2,0.5574938799836673,14.388
STAGE_MODEL_INFER,2,0.6080614399979822,14.388
STAGE_MODEL_INFER,2,0.6585121709795203,10.707
STAGE_MODEL_INFER,2,0.7100773959828075,10.707
STAGE_MODEL_INFER,2,0.761232034972636,17.3
STAGE_MODEL_INFER,2,0.8117165079747792,17.3
STAGE_MODEL_INFER,2,0.8621091989916749,16.879
STAGE_MODEL_INFER,2,0.9125563759880606,16.879
STAGE_MODEL_INFER,2,0.9630957719928119,16.727
STAGE_MODEL_INFER,2,1.0136125299904961,16.727
STAGE_MODEL_INFER,2,1.0642088439781219,16.671
STAGE_MODEL_INFER,2,1.1148463249846827,16.671
STAGE_MODEL_INFER,2,1.1654884809977375,16.615
STAGE_MODEL_INFER,2,1.2160657619824633,16.615
STAGE_MODEL_INFER,2,1.2666172229801305,16.559
STAGE_MODEL_INFER,2,1.317135987977963,16.559
STAGE_MODEL_INFER,2,1.3676249839772936,15.012
STAGE_MODEL_INFER,2,1.4189294519892428,15.012
STAGE_MODEL_INFER,2,1.470164724974893,16.46
STAGE_MODEL_INFER,2,1.520655687985709,16.46
STAGE_MODEL_INFER,2,1.5710445719887502,16.425
STAGE_MODEL_INFER,2,1.6214484619849827,16.425
STAGE_MODEL_INFER,2,1.6719974099833053,16.4
STAGE_MODEL_INFER,2,1.7224672739976086,16.4
STAGE_MODEL_INFER,2,1.7729706279933453,16.411
STAGE_MODEL_INFER,2,1.8234439109801315,16.411
STAGE_MODEL_INFER,2,1.873976632981794,16.416
STAGE_MODEL_INFER,2,1.9245231679815333,16.416
STAGE_MODEL_INFER,2,1.9750145429861732,15.49
STAGE_MODEL_INFER,2,2.026367926999228,15.49
STAGE_MODEL_INFER,2,2.081357434974052,16.658
STAGE_MODEL_INFER,2,2.131997215998126,16.658
STAGE_MODEL_INFER,2,2.182614481978817,15.741
STAGE_MODEL_INFER,2,2.234404739981983,16.463
STAGE_MODEL_INFER,2,2.2850457199965604,16.463
STAGE_MODEL_INFER,2,2.335443776973989,9.865
STAGE_MODEL_INFER,2,2.3864377989957575,9.865
STAGE_MODEL_INFER,2,2.438000554975588,10.052
STAGE_MODEL_INFER,2,2.4884205849957652,10.052
STAGE_MODEL_INFER,2,2.5388542419823352,10.038
STAGE_MODEL_INFER,2,2.589327510999283,10.038
STAGE_MODEL_INFER,2,2.639892888983013,9.458
STAGE_MODEL_INFER,2,2.6944183689774945,9.458
STAGE_MODEL_INFER,2,2.7459719339967705,10.007
STAGE_MODEL_INFER,2,2.7963612609892152,10.007
STAGE_MODEL_INFER,2,2.846979013993405,6.337
STAGE_MODEL_INFER,2,2.8986306589795277,6.337
STAGE_MODEL_INFER,2,2.9506493259978015,9.955
STAGE_MODEL_INFER,2,3.0013614959898405,9.955
STAGE_MODEL_INFER,2,3.0521508529782295,9.888
STAGE_MODEL_INFER,2,3.102620487974491,9.888
STAGE_MODEL_INFER,2,3.1533285299956333,9.878
STAGE_MODEL_INFER,2,3.2038224839780014,9.878
STAGE_MODEL_INFER,2,3.2544608479947783,8.85
STAGE_MODEL_INFER,2,3.3185816609766334,8.85
STAGE_MODEL_INFER,2,3.371203714981675,9.845
STAGE_MODEL_INFER,2,3.4218019289837684,9.845
STAGE_MODEL_INFER,2,3.472332863981137,9.411
STAGE_MODEL_INFER,2,3.5242981769843027,9.411
STAGE_MODEL_INFER,2,3.5755410009878688,9.849
STAGE_MODEL_INFER,2,3.626276094990317,9.849
STAGE_MODEL_INFER,2,3.676912025985075,9.842
STAGE_MODEL_INFER,2,3.7274655399960466,9.842
STAGE_MODEL_INFER,2,3.7780645809834823,9.846
STAGE_MODEL_INFER,2,3.8287703399837483,9.846
STAGE_MODEL_INFER,2,3.8794926979753654,9.845
STAGE_MODEL_INFER,2,3.9300003959797323,9.845
STAGE_MODEL_INFER,2,3.981404140999075,9.854
STAGE_MODEL_INFER,2,4.032188586978009,9.854
STAGE_MODEL_INFER,2,4.083067134983139,6.892
STAGE_MODEL_INFER,2,4.1352678569965065,9.923
STAGE_MODEL_INFER,2,4.185972231993219,9.923
STAGE_MODEL_INFER,2,4.236591624998255,6.083
STAGE_MODEL_INFER,2,4.289246165979421,6.083
STAGE_MODEL_INFER,2,4.340361759997904,21.081
STAGE_MODEL_INFER,2,4.400083521992201,21.081
STAGE_MODEL_INFER,2,4.451446532999398,9.037
STAGE_MODEL_INFER,2,4.502099966979586,9.037
STAGE_MODEL_INFER,2,4.552963831985835,9.525
STAGE_MODEL_INFER,2,4.61069716498605,9.525
STAGE_MODEL_INFER,2,4.661294896999607,9.348
STAGE_MODEL_INFER,2,4.72303025398287,9.348
STAGE_MODEL_INFER,2,4.776484032976441,9.98
STAGE_MODEL_INFER,2,4.826935283985222,9.98
STAGE_MODEL_INFER,2,4.877730556996539,10.158
STAGE_MODEL_INFER,2,4.9304884119774215,11.29
STAGE_MODEL_INFER,2,4.9847722059930675,8.573
STAGE_MODEL_INFER,2,5.035953285987489,9.998
STAGE_MODEL_INFER,2,5.086932578997221,9.998
STAGE_MODEL_INFER,2,5.137421151972376,9.983
STAGE_MODEL_INFER,2,5.187947102996986,9.983
STAGE_MODEL_INFER,2,5.2384915279981215,9.979
STAGE_MODEL_INFER,2,5.289019564981572,9.979
STAGE_MODEL_INFER,2,5.33952844698797,9.983
STAGE_MODEL_INFER,2,5.389994526980445,9.983
STAGE_MODEL_INFER,2,5.440627358999336,6.016
STAGE_MODEL_INFER,2,5.492408484977204,6.016
STAGE_MODEL_INFER,2,5.5437215699930675,6.071
STAGE_MODEL_INFER,2,5.595048313000007,6.071
STAGE_MODEL_INFER,2,5.652262211980997,10.179
STAGE_MODEL_INFER,2,5.711105329974089,10.179
STAGE_MODEL_INFER,2,5.761866841989104,9.242
STAGE_MODEL_INFER,2,5.81529132797732,9.242
STAGE_MODEL_INFER,2,5.873022454994498,10.107
STAGE_MODEL_INFER,2,5.924116844980745,10.107
STAGE_MODEL_INFER,2,5.974709543981589,10.035
STAGE_MODEL_INFER,2,6.02754564298084,10.035
STAGE_MODEL_INFER,2,6.078761557000689,10.184
STAGE_MODEL_INFER,2,6.1295955699752085,10.184
STAGE_MODEL_INFER,2,6.180035926983692,10.124
STAGE_MODEL_INFER,2,6.230664979986614,10.124
STAGE_MODEL_INFER,2,6.281297803972848,8.765
STAGE_MODEL_INFER,2,6.332691841991618,10.119
STAGE_MODEL_INFER,2,6.3871780969784595,10.124
STAGE_MODEL_INFER,2,6.43766601299285,10.124
STAGE_MODEL_INFER,2,6.488190305972239,10.124
STAGE_MODEL_INFER,2,6.53865154198138,10.11
STAGE_MODEL_INFER,2,6.589069877984002,10.11
STAGE_MODEL_INFER,2,6.639602161973016,10.11
STAGE_MODEL_INFER,2,6.690252808999503,10.11
STAGE_MODEL_INFER,2,6.740664870972978,10.117
STAGE_MODEL_INFER,2,6.791173430974595,10.117
STAGE_MODEL_INFER,2,6.841616346995579,10.123
STAGE_MODEL_INFER,2,6.892156624991912,10.123
STAGE_MODEL_INFER,2,6.942535470996518,10.125
STAGE_MODEL_INFER,2,6.993041000998346,10.125
STAGE_MODEL_INFER,2,7.043521941988729,10.121
STAGE_MODEL_INFER,2,7.094075564993545,10.121
STAGE_MODEL_INFER,2,7.14467617997434,10.123
STAGE_MODEL_INFER,2,7.195213105995208,10.123
STAGE_MODEL_INFER,2,7.245782787998905,10.122
STAGE_MODEL_INFER,2,7.296335380000528,10.122
STAGE_MODEL_INFER,2,7.346773262979696,10.126
STAGE_MODEL_INFER,2,7.397139648994198,10.126
STAGE_MODEL_INFER,2,7.447754854976665,8.848
STAGE_MODEL_INFER,2,7.49916426098207,8.848
STAGE_MODEL_INFER,2,7.5503366439952515,10.181
STAGE_MODEL_INFER,2,7.601108917995589,10.181
STAGE_MODEL_INFER,2,7.651680847979151,10.168
STAGE_MODEL_INFER,2,7.702228786976775,10.168
STAGE_MODEL_INFER,2,7.752627087989822,10.148
STAGE_MODEL_INFER,2,7.803071798989549,10.148
STAGE_MODEL_INFER,2,7.85363752298872,10.155
STAGE_MODEL_INFER,2,7.904170275985962,10.155
STAGE_MODEL_INFER,2,7.954591824993258,10.211
STAGE_MODEL_INFER,2,8.005101021990413,10.211
STAGE_MODEL_INFER,2,8.055524792987853,10.159
STAGE_MODEL_INFER,2,8.106038609985262,10.159
STAGE_MODEL_INFER,2,8.1569128309784,10.154
STAGE_MODEL_INFER,2,8.20754210697487,10.154
STAGE_MODEL_INFER,2,8.258040319982683,10.147
STAGE_MODEL_INFER,2,8.30848095199326,10.147
STAGE_MODEL_INFER,2,8.35912275899318,10.158
STAGE_MODEL_INFER,2,8.40979734598659,10.158
STAGE_MODEL_INFER,2,8.460225923976395,10.165
STAGE_MODEL_INFER,2,8.5108665979933,10.165
STAGE_MODEL_INFER,2,8.561638737999601,10.172
STAGE_MODEL_INFER,2,8.612487434991635,10.172
STAGE_MODEL_INFER,2,8.662978544976795,10.174
STAGE_MODEL_INFER,2,8.71344880000106,10.174
STAGE_MODEL_INFER,2,8.76408305199584,10.177
STAGE_MODEL_INFER,2,8.814489747979678,10.177
STAGE_MODEL_INFER,2,8.865705563977826,10.18
STAGE_MODEL_INFER,2,8.916189749987097,10.18
STAGE_MODEL_INFER,2,8.966669842979172,10.18
STAGE_MODEL_INFER,2,9.017336819990305,10.18
STAGE_MODEL_INFER,2,9.068054281000514,10.154
STAGE_MODEL_INFER,2,9.119110526982695,10.154
STAGE_MODEL_INFER,2,9.169604679977056,10.183
STAGE_MODEL_INFER,2,9.220186421996914,10.183
STAGE_MODEL_INFER,2,9.270720813976368,10.187
STAGE_MODEL_INFER,2,9.321336929977406,10.187
STAGE_MODEL_INFER,2,9.371712523978204,10.19
STAGE_MODEL_INFER,2,9.442123531975085,10.181
STAGE_MODEL_INFER,2,9.498399318981683,10.181
STAGE_MODEL_INFER,2,9.548933621990727,10.176
STAGE_MODEL_INFER,2,9.599438245000783,10.176
STAGE_MODEL_INFER,2,9.65015617798781,10.173
STAGE_MODEL_INFER,2,9.701093010982731,10.173
STAGE_MODEL_INFER,2,9.751910005987156,10.174
STAGE_MODEL_INFER,2,9.802325450989883,10.174
STAGE_MODEL_INFER,2,9.853079338994576,10.176
STAGE_MODEL_INFER,2,9.903486342984252,10.176
STAGE_MODEL_INFER,2,9.953902490990004,10.182
STAGE_MODEL_INFER,2,10.004421095974976,10.182
STAGE_MODEL_INFER,2,10.0549457599991,10.186
STAGE_MODEL_INFER,2,10.105578752991278,10.186
STAGE_MODEL_INFER,2,10.155988993996289,10.187
STAGE_MODEL_INFER,2,10.206437561981147,10.187
STAGE_MODEL_INFER,2,10.257326986000407,10.186
STAGE_MODEL_INFER,2,10.307854298996972,10.186
STAGE_MODEL_INFER,2,10.358340134000173,10.181
STAGE_MODEL_INFER,2,10.408956476981984,10.181
STAGE_MODEL_INFER,2,10.459425706998445,10.199
STAGE_MODEL_INFER,2,10.509905048995279,10.199
STAGE_MODEL_INFER,2,10.560310582979582,10.202
STAGE_MODEL_INFER,2,10.610893176984973,10.202
STAGE_MODEL_INFER,2,10.661455365974689,10.199
STAGE_MODEL_INFER,2,10.712037158984458,10.199
STAGE_MODEL_INFER,2,10.762874107982498,10.193
STAGE_MODEL_INFER,2,10.813548185979016,10.193
STAGE_MODEL_INFER,2,10.863957771973219,10.19
STAGE_MODEL_INFER,2,10.914347929996438,10.19
STAGE_MODEL_INFER,2,10.964975078997668,10.189
STAGE_MODEL_INFER,2,11.01550994097488,10.189
STAGE_MODEL_INFER,2,11.066041281999787,10.185
STAGE_MODEL_INFER,2,11.116549302998465,10.185
STAGE_MODEL_INFER,2,11.167456910974579,10.182
STAGE_MODEL_INFER,2,11.21805623898399,10.182
STAGE_MODEL_INFER,2,11.268691451987252,10.182
STAGE_MODEL_INFER,2,11.319394347985508,10.182
STAGE_MODEL_INFER,2,11.36988023298909,10.177
STAGE_MODEL_INFER,2,11.420900011988124,10.177
STAGE_MODEL_INFER,2,11.471416720974958,10.194
STAGE_MODEL_INFER,2,11.521996995987138,10.194
STAGE_MODEL_INFER,2,11.572495030995924,10.18
STAGE_MODEL_INFER,2,11.622933717997512,10.18
STAGE_MODEL_INFER,2,11.673426898982143,10.18
STAGE_MODEL_INFER,2,11.723880458972417,10.18
STAGE_MODEL_INFER,2,11.774386515986407,10.186
STAGE_MODEL_INFER,2,11.824943632993381,10.186
STAGE_MODEL_INFER,2,11.875620290986262,10.189
STAGE_MODEL_INFER,2,11.926003387983656,10.189
STAGE_MODEL_INFER,2,11.976829444989562,10.191
STAGE_MODEL_INFER,2,12.027708011999493,10.191
STAGE_MODEL_INFER,2,12.07821026199963,10.194
STAGE_MODEL_INFER,2,12.128675420972286,10.194
STAGE_MODEL_INFER,2,12.179082500981167,10.201
STAGE_MODEL_INFER,2,12.229961644974537,10.201
STAGE_MODEL_INFER,2,12.280335448973347,10.206
STAGE_MODEL_INFER,2,12.330931653996231,10.206
STAGE_MODEL_INFER,2,12.381444457976613,10.194
STAGE_MODEL_INFER,2,12.43234035599744,10.231
STAGE_MODEL_INFER,2,12.483028862974606,10.231
STAGE_MODEL_INFER,2,12.533533560985234,10.219
STAGE_MODEL_INFER,2,12.584267465979792,10.219
STAGE_MODEL_INFER,2,12.634903430996928,10.219
STAGE_MODEL_INFER,2,12.685714457998984,10.219
STAGE_MODEL_INFER,2,12.736339574999874,10.224
STAGE_MODEL_INFER,2,12.78684452798916,10.224
STAGE_MODEL_INFER,2,12.83738231298048,10.225
STAGE_MODEL_INFER,2,12.88786535098916,10.225
STAGE_MODEL_INFER,2,12.938343340996653,10.232
STAGE_MODEL_INFER,2,12.98876955898595,10.232
STAGE_MODEL_INFER,2,13.039397160988301,10.235
STAGE_MODEL_INFER,2,13.089961480000056,10.235
STAGE_MODEL_INFER,2,13.140561918000458,10.235
STAGE_MODEL_INFER,2,13.191351718996884,10.235
STAGE_MODEL_INFER,2,13.241816487978213,10.233
STAGE_MODEL_INFER,2,13.292195689980872,10.233
STAGE_MODEL_INFER,2,13.342737228987971,10.214
STAGE_MODEL_INFER,2,13.393537508993177,10.214
STAGE_MODEL_INFER,2,13.444109070987906,10.249
STAGE_MODEL_INFER,2,13.494469125987962,10.249
STAGE_MODEL_INFER,2,13.545084397977917,10.232
STAGE_MODEL_INFER,2,13.59594002799713,10.232
STAGE_MODEL_INFER,2,13.646435334987473,10.232
STAGE_MODEL_INFER,2,13.696895315981237,10.232
STAGE_MODEL_INFER,2,13.747560934978537,10.234
STAGE_MODEL_INFER,2,13.798299913993105,10.234
STAGE_MODEL_INFER,2,13.848965302982833,10.234
STAGE_MODEL_INFER,2,13.899673065985553,10.234
STAGE_MODEL_INFER,2,13.950318462972064,10.237
STAGE_MODEL_INFER,2,14.000958385993727,10.237
STAGE_MODEL_INFER,2,14.051970977976453,10.238
STAGE_MODEL_INFER,2,14.102489213983063,10.238
STAGE_MODEL_INFER,2,14.1531237429881,10.238
STAGE_MODEL_INFER,2,14.203697204997297,10.238
STAGE_MODEL_INFER,2,14.254169846972218,10.236
STAGE_MODEL_INFER,2,14.304740198975196,10.236
STAGE_MODEL_INFER,2,14.355192883987911,10.233
STAGE_MODEL_INFER,2,14.40584528198815,10.233
STAGE_MODEL_INFER,2,14.456465827999637,10.251
STAGE_MODEL_INFER,2,14.507030252978439,10.251
STAGE_MODEL_INFER,2,14.557444723992376,10.231
STAGE_MODEL_INFER,2,14.608157683978789,10.231
STAGE_MODEL_INFER,2,14.65877952898154,10.227
STAGE_MODEL_INFER,2,14.709353945974726,10.227
STAGE_MODEL_INFER,2,14.759921738994308,10.223
STAGE_MODEL_INFER,2,14.810583571990719,10.223
STAGE_MODEL_INFER,2,14.861079096997855,10.22
STAGE_MODEL_INFER,2,14.911616899975343,10.22
STAGE_MODEL_INFER,2,14.962008293980034,10.217
STAGE_MODEL_INFER,2,15.012442744977307,10.217
STAGE_MODEL_INFER,2,15.063070206990233,10.217
STAGE_MODEL_INFER,2,15.113603237987263,10.217
STAGE_MODEL_INFER,2,15.164149742980953,10.219
STAGE_MODEL_INFER,2,15.214612893993035,10.219
STAGE_MODEL_INFER,2,15.265061884972965,10.219
STAGE_MODEL_INFER,2,15.31553797799279,10.219
STAGE_MODEL_INFER,2,15.365905799000757,10.223
STAGE_MODEL_INFER,2,15.416509619972203,10.223
STAGE_MODEL_INFER,2,15.467005301994504,10.223
STAGE_MODEL_INFER,2,15.51755999197485,10.223
STAGE_MODEL_INFER,2,15.568267445982201,10.214
STAGE_MODEL_INFER,2,15.618853343999945,10.214
STAGE_MODEL_INFER,2,15.669361554988427,10.212
STAGE_MODEL_INFER,2,15.720936113997595,10.212
STAGE_MODEL_INFER,2,15.775150196976028,10.218
STAGE_MODEL_INFER,2,15.837020918988856,9.628
STAGE_MODEL_INFER,2,15.888836188998539,10.433
STAGE_MODEL_INFER,2,15.954750980978133,10.053
STAGE_MODEL_INFER,2,16.00581734199659,10.164
STAGE_MODEL_INFER,2,16.056974934996106,10.418
STAGE_MODEL_INFER,2,16.108124108985066,10.418
STAGE_MODEL_INFER,2,16.16042104398366,10.232
STAGE_MODEL_INFER,2,16.21104614197975,10.232
STAGE_MODEL_INFER,2,16.261519008985488,5.931
STAGE_MODEL_INFER,2,16.317760415986413,5.931
STAGE_MODEL_INFER,2,16.369115511974087,10.189
STAGE_MODEL_INFER,2,16.419671008974547,10.189
STAGE_MODEL_INFER,2,16.47018238599412,10.18
STAGE_MODEL_INFER,2,16.520539717981592,10.18
STAGE_MODEL_INFER,2,16.570899367972743,10.196
STAGE_MODEL_INFER,2,16.621311176975723,10.196
STAGE_MODEL_INFER,2,16.671889252989786,10.2
STAGE_MODEL_INFER,2,16.722344170993892,10.2
STAGE_MODEL_INFER,2,16.772805333981523,10.196
STAGE_MODEL_INFER,2,16.827431367972167,10.196
STAGE_MODEL_INFER,2,16.878003452991834,10.587
STAGE_MODEL_INFER,2,16.931373190978775,10.224
STAGE_MODEL_INFER,2,16.9820801189926,10.224
STAGE_MODEL_INFER,2,17.032706140977098,10.225
STAGE_MODEL_INFER,2,17.08335047098808,10.225
STAGE_MODEL_INFER,2,17.133786957972916,10.228
STAGE_MODEL_INFER,2,17.184399987978395,10.228
STAGE_MODEL_INFER,2,17.235030497977277,9.986
STAGE_MODEL_INFER,2,17.28667421999853,9.986
STAGE_MODEL_INFER,2,17.338307885976974,10.226
STAGE_MODEL_INFER,2,17.3888662919926,10.226
STAGE_MODEL_INFER,2,17.439336711977376,6.935
STAGE_MODEL_INFER,2,17.493560779985273,6.935
STAGE_MODEL_INFER,2,17.54476795697701,6.169
STAGE_MODEL_INFER,2,17.596031068998855,6.169
STAGE_MODEL_INFER,2,17.653177827975014,10.505
STAGE_MODEL_INFER,2,17.70381174699287,10.505
STAGE_MODEL_INFER,2,17.75441210399731,10.341
STAGE_MODEL_INFER,2,17.805066643981263,10.341
STAGE_MODEL_INFER,2,17.85548063699389,9.964
STAGE_MODEL_INFER,2,17.908046394994017,9.964
STAGE_MODEL_INFER,2,17.95944176299963,10.261
STAGE_MODEL_INFER,2,18.009969867998734,10.261
STAGE_MODEL_INFER,2,18.060595313989324,10.25
STAGE_MODEL_INFER,2,18.111199228995247,10.25
STAGE_MODEL_INFER,2,18.16163646997302,10.655
STAGE_MODEL_INFER,2,18.21292734099552,10.655
STAGE_MODEL_INFER,2,18.268244822975248,10.156
STAGE_MODEL_INFER,2,18.318936576979468,10.156
STAGE_MODEL_INFER,2,18.369445663993247,10.162
STAGE_MODEL_INFER,2,18.42009354699985,10.162
STAGE_MODEL_INFER,2,18.470535721979104,10.288
STAGE_MODEL_INFER,2,18.523728225991363,10.288
STAGE_MODEL_INFER,2,18.57507600597455,10.204
STAGE_MODEL_INFER,2,18.62544783897465,10.204
STAGE_MODEL_INFER,2,18.675895917986054,5.98
STAGE_MODEL_INFER,2,18.726914790982846,5.98
STAGE_MODEL_INFER,2,18.778874027979327,10.199
STAGE_MODEL_INFER,2,18.829644293000456,10.205
STAGE_MODEL_INFER,2,18.880089940998005,10.205
STAGE_MODEL_INFER,2,18.930724856996676,10.468
STAGE_MODEL_INFER,2,18.98290894899401,10.468
STAGE_MODEL_INFER,2,19.03702048197738,10.239
STAGE_MODEL_INFER,2,19.087401664990466,10.239
STAGE_MODEL_INFER,2,19.137833825981943,10.241
STAGE_MODEL_INFER,2,19.188266058976296,10.241
STAGE_MODEL_INFER,2,19.238782898988575,10.243
STAGE_MODEL_INFER,2,19.28939962599543,10.243
STAGE_MODEL_INFER,2,19.339855498983525,10.248
STAGE_MODEL_INFER,2,19.390214999992168,10.248
STAGE_MODEL_INFER,2,19.440738645993406,10.242
STAGE_MODEL_INFER,2,19.491260790993692,10.242
STAGE_MODEL_INFER,2,19.546336203988176,9.843
STAGE_MODEL_INFER,2,19.597719959972892,9.894
STAGE_MODEL_INFER,2,19.662628152989782,11.475
STAGE_MODEL_INFER,2,19.71411910399911,9.879
STAGE_MODEL_INFER,2,19.765636029973393,10.169
STAGE_MODEL_INFER,2,19.8167695379816,10.169
STAGE_MODEL_INFER,2,19.868021360976854,10.253
STAGE_MODEL_INFER,2,19.918732170976,10.253
STAGE_MODEL_INFER,2,19.96912456199061,6.149
STAGE_MODEL_INFER,2,20.024510424991604,6.149
STAGE_MODEL_INFER,2,20.076073868985986,10.003
STAGE_MODEL_INFER,2,20.12658190599177,10.003
STAGE_MODEL_INFER,2,20.17709748397465,10.119
STAGE_MODEL_INFER,2,20.228089592972538,10.119
STAGE_MODEL_INFER,2,20.27871614898322,10.165
STAGE_MODEL_INFER,2,20.32955618199776,10.165
STAGE_MODEL_INFER,2,20.380116369982716,10.184
STAGE_MODEL_INFER,2,20.430735645990353,10.184
STAGE_MODEL_INFER,2,20.481394014001125,10.19
STAGE_MODEL_INFER,2,20.53207343898248,10.562
STAGE_MODEL_INFER,2,20.588378075975925,10.562
STAGE_MODEL_INFER,2,20.639716545992997,10.231
STAGE_MODEL_INFER,2,20.690277315996354,10.231
STAGE_MODEL_INFER,2,20.740975073975278,9.395
STAGE_MODEL_INFER,2,20.792401703976793,9.988
STAGE_MODEL_INFER,2,20.858882517000893,10.403
STAGE_MODEL_INFER,2,20.910075738996966,9.976
STAGE_MODEL_INFER,2,20.96130481097498,10.294
STAGE_MODEL_INFER,2,21.012637785985135,10.294
STAGE_MODEL_INFER,2,21.064901335979812,10.212
STAGE_MODEL_INFER,2,21.115416288987035,10.212
STAGE_MODEL_INFER,2,21.166216657991754,6.089
STAGE_MODEL_INFER,2,21.221332099987194,6.089
STAGE_MODEL_INFER,2,21.27260287097306,10.139
STAGE_MODEL_INFER,2,21.323157891980372,10.139
STAGE_MODEL_INFER,2,21.37375823999173,10.167
STAGE_MODEL_INFER,2,21.42431226899498,10.167
STAGE_MODEL_INFER,2,21.47498670499772,10.192
STAGE_MODEL_INFER,2,21.525493664987152,10.192
STAGE_MODEL_INFER,2,21.576015282975277,10.204
STAGE_MODEL_INFER,2,21.626399879984092,10.204
STAGE_MODEL_INFER,2,21.676971287000924,10.207
STAGE_MODEL_INFER,2,21.727630221983418,10.207
STAGE_MODEL_INFER,2,21.778339468000922,10.217
STAGE_MODEL_INFER,2,21.830761159973918,10.34
STAGE_MODEL_INFER,2,21.882631164975464,10.34
STAGE_MODEL_INFER,2,21.93587954598479,10.211
STAGE_MODEL_INFER,2,21.98638279698207,10.211
STAGE_MODEL_INFER,2,22.037104579998413,10.227
STAGE_MODEL_INFER,2,22.087914905976504,10.227
STAGE_MODEL_INFER,2,22.13880549898022,10.234
STAGE_MODEL_INFER,2,22.189378654991742,10.234
STAGE_MODEL_INFER,2,22.23997486499138,8.986
STAGE_MODEL_INFER,2,22.292379436985357,8.986
STAGE_MODEL_INFER,2,22.344021806988167,10.213
STAGE_MODEL_INFER,2,22.394618108985014,10.213
STAGE_MODEL_INFER,2,22.44518313399749,10.223
STAGE_MODEL_INFER,2,22.49568944197381,10.223
STAGE_MODEL_INFER,2,22.546312894992298,10.215
STAGE_MODEL_INFER,2,22.597286415984854,10.215
STAGE_MODEL_INFER,2,22.647975640982622,10.216
STAGE_MODEL_INFER,2,22.719179346982855,10.216
STAGE_MODEL_INFER,2,22.769627484987723,10.212
STAGE_MODEL_INFER,2,22.820382954989327,10.212
STAGE_MODEL_INFER,2,22.870968328992603,10.211
STAGE_MODEL_INFER,2,22.92152532399632,10.211
STAGE_MODEL_INFER,2,22.9720282839844,10.21
STAGE_MODEL_INFER,2,23.022546299995156,10.21
STAGE_MODEL_INFER,2,23.073170777992345,10.208
STAGE_MODEL_INFER,2,23.1238544099906,10.208
STAGE_MODEL_INFER,2,23.17434804898221,10.21
STAGE_MODEL_INFER,2,23.225086393998936,10.21
STAGE_MODEL_INFER,2,23.275659766979516,10.209
STAGE_MODEL_INFER,2,23.326170532993274,10.209
STAGE_MODEL_INFER,2,23.376647494995268,10.208
STAGE_MODEL_INFER,2,23.427150340983644,10.207
STAGE_MODEL_INFER,2,23.47792243998265,10.207
STAGE_MODEL_INFER,2,23.52867827398586,10.208
STAGE_MODEL_INFER,2,23.579375014000107,10.208
STAGE_MODEL_INFER,2,23.62992797300103,10.21
STAGE_MODEL_INFER,2,23.68061946798116,10.21
STAGE_MODEL_INFER,2,23.731225156981964,10.212
STAGE_MODEL_INFER,2,23.781737400975544,10.212
STAGE_MODEL_INFER,2,23.832175190997077,10.215
STAGE_MODEL_INFER,2,23.882694437983446,10.215
STAGE_MODEL_INFER,2,23.93331397799193,10.217
STAGE_MODEL_INFER,2,23.983883571985643,10.217
STAGE_MODEL_INFER,2,24.034409332991345,10.221
STAGE_MODEL_INFER,2,24.08511326898588,10.221
STAGE_MODEL_INFER,2,24.135775810980704,10.223
STAGE_MODEL_INFER,2,24.186533224972663,10.223
STAGE_MODEL_INFER,2,24.23723295799573,10.221
STAGE_MODEL_INFER,2,24.28764615498949,10.221
STAGE_MODEL_INFER,2,24.338225273997523,10.224
STAGE_MODEL_INFER,2,24.38898624997819,10.224
STAGE_MODEL_INFER,2,24.439634580980055,10.228
STAGE_MODEL_INFER,2,24.49053937898134,10.228
STAGE_MODEL_INFER,2,24.54121846400085,10.232
STAGE_MODEL_INFER,2,24.59167579797213,10.232
STAGE_MODEL_INFER,2,24.642114600981586,10.229
STAGE_MODEL_INFER,2,24.693069625995122,10.229
STAGE_MODEL_INFER,2,24.74382554498152,10.23
STAGE_MODEL_INFER,2,24.794722487975378,10.23
STAGE_MODEL_INFER,2,24.84558884098078,10.227
STAGE_MODEL_INFER,2,24.89596677100053,10.227
STAGE_MODEL_INFER,2,24.946562997996807,10.227
STAGE_MODEL_INFER,2,24.99723412899766,10.227
STAGE_MODEL_INFER,2,25.048083707981277,10.226
STAGE_MODEL_INFER,2,25.098975659988355,10.226
STAGE_MODEL_INFER,2,25.149619684991194,10.224
STAGE_MODEL_INFER,2,25.200270685978467,10.224
STAGE_MODEL_INFER,2,25.250872021977557,10.222
STAGE_MODEL_INFER,2,25.301455982000334,10.222
STAGE_MODEL_INFER,2,25.35219392698491,10.222
STAGE_MODEL_INFER,2,25.40262968899333,10.222
STAGE_MODEL_INFER,2,25.453781512973364,10.224
STAGE_MODEL_INFER,2,25.504278761975,10.224
STAGE_MODEL_INFER,2,25.554883712000446,10.221
STAGE_MODEL_INFER,2,25.605609082995215,10.221
STAGE_MODEL_INFER,2,25.656397561979247,10.217
STAGE_MODEL_INFER,2,25.706985031982185,10.217
STAGE_MODEL_INFER,2,25.757483433990274,10.216
STAGE_MODEL_INFER,2,25.808155860984698,10.216
STAGE_MODEL_INFER,2,25.8590037059912,10.22
STAGE_MODEL_INFER,2,25.9097021749767,10.22
STAGE_MODEL_INFER,2,25.960445888980757,10.22
STAGE_MODEL_INFER,2,26.01093486699392,10.22
STAGE_MODEL_INFER,2,26.061498857976403,10.217
STAGE_MODEL_INFER,2,26.112104173982516,10.217
STAGE_MODEL_INFER,2,26.16292355497717,10.215
STAGE_MODEL_INFER,2,26.213579246978043,10.215
STAGE_MODEL_INFER,2,26.26404784398619,10.212
STAGE_MODEL_INFER,2,26.314808686991455,10.212
STAGE_MODEL_INFER,2,26.365772764984285,10.211
STAGE_MODEL_INFER,2,26.416389207995962,10.211
STAGE_MODEL_INFER,2,26.467059074988356,10.211
STAGE_MODEL_INFER,2,26.51772190799238,10.211
STAGE_MODEL_INFER,2,26.5685835609911,10.209
STAGE_MODEL_INFER,2,26.619372664979892,10.209
STAGE_MODEL_INFER,2,26.669960694998736,10.209
STAGE_MODEL_INFER,2,26.720534946973203,10.209
STAGE_MODEL_INFER,2,26.77098694499,10.207
STAGE_MODEL_INFER,2,26.82160132197896,10.207
STAGE_MODEL_INFER,2,26.872120033978717,10.203
STAGE_MODEL_INFER,2,26.922515887999907,10.203
STAGE_MODEL_INFER,2,26.973054470989155,10.195
STAGE_MODEL_INFER,2,27.023660992999794,10.195
STAGE_MODEL_INFER,2,27.07417759799864,10.196
STAGE_MODEL_INFER,2,27.124759490980068,10.196
STAGE_MODEL_INFER,2,27.175488118984504,10.199
STAGE_MODEL_INFER,2,27.226046695985133,10.203
STAGE_MODEL_INFER,2,27.276724570983788,10.203
STAGE_MODEL_INFER,2,27.32740629898035,10.206
STAGE_MODEL_INFER,2,27.378091610997217,10.206
STAGE_MODEL_INFER,2,27.428645459993277,10.211
STAGE_MODEL_INFER,2,27.479361557983793,10.211
STAGE_MODEL_INFER,2,27.530172091996064,10.215
STAGE_MODEL_INFER,2,27.58068755097338,10.215
STAGE_MODEL_INFER,2,27.631288379983744,10.214
STAGE_MODEL_INFER,2,27.68182110998896,10.214
STAGE_MODEL_INFER,2,27.73299349998706,10.216
STAGE_MODEL_INFER,2,27.783506097999634,10.216
STAGE_MODEL_INFER,2,27.834043355978793,10.216
STAGE_MODEL_INFER,2,27.88492532298551,10.216
STAGE_MODEL_INFER,2,27.93554353399668,10.219
STAGE_MODEL_INFER,2,27.986164755973732,10.219
STAGE_MODEL_INFER,2,28.036610090988688,10.219
STAGE_MODEL_INFER,2,28.087409542000387,10.219
STAGE_MODEL_INFER,2,28.137887147982838,10.215
STAGE_MODEL_INFER,2,28.18828956197831,10.215
STAGE_MODEL_INFER,2,28.238774277997436,10.211
STAGE_MODEL_INFER,2,28.28927331700106,10.211
STAGE_MODEL_INFER,2,28.339852438977687,10.212
STAGE_MODEL_INFER,2,28.399602076999145,10.212
STAGE_MODEL_INFER,2,28.450272682996,10.21
STAGE_MODEL_INFER,2,28.500878923980054,10.21
STAGE_MODEL_INFER,2,28.55148975699558,10.207
STAGE_MODEL_INFER,2,28.602172854996752,10.207
STAGE_MODEL_INFER,2,28.65264704398578,10.203
STAGE_MODEL_INFER,2,28.70323638897389,10.203
STAGE_MODEL_INFER,2,28.75387553399196,10.207
STAGE_MODEL_INFER,2,28.804338109999662,10.207
STAGE_MODEL_INFER,2,28.854973450972466,10.206
STAGE_MODEL_INFER,2,28.905454900988843,10.206
STAGE_MODEL_INFER,2,28.95601160998922,10.206
STAGE_MODEL_INFER,2,29.00653944897931,10.206
STAGE_MODEL_INFER,2,29.05717526099761,10.203
STAGE_MODEL_INFER,2,29.107644564996008,10.203
STAGE_MODEL_INFER,2,29.158219639997697,10.205
STAGE_MODEL_INFER,2,29.20865638999385,10.205
STAGE_MODEL_INFER,2,29.259162556991214,10.205
STAGE_MODEL_INFER,2,29.309645224973792,10.205
STAGE_MODEL_INFER,2,29.36025699399761,10.205
STAGE_MODEL_INFER,2,29.410781724989647,10.205
STAGE_MODEL_INFER,2,29.461284341989085,10.203
STAGE_MODEL_INFER,2,29.511777193984017,10.203
STAGE_MODEL_INFER,2,29.56222262699157,10.203
STAGE_MODEL_INFER,2,29.612644573993748,10.203
STAGE_MODEL_INFER,2,29.663120860001072,10.204
STAGE_MODEL_INFER,2,29.713719255989417,10.204
STAGE_MODEL_INFER,2,29.764184196974384,10.201
STAGE_MODEL_INFER,2,29.81498171298881,10.201
STAGE_MODEL_INFER,2,29.8657992319786,10.192
STAGE_MODEL_INFER,2,29.916515080985846,10.192
STAGE_MODEL_INFER,2,29.967162234999705,10.19
STAGE_MODEL_THRESHOLD,2,0.0009077219874598086,10.19
STAGE_MODEL_THRESHOLD,2,0.05136273798416369,10.099
STAGE_MODEL_THRESHOLD,2,0.10202179700718261,10.099
STAGE_MODEL_THRESHOLD,2,0.15266969698132016,10.09
STAGE_MODEL_THRESHOLD,2,0.20318773298640735,10.09
STAGE_MODEL_THRESHOLD,2,0.25406892600585707,10.092
STAGE_MODEL_THRESHOLD,2,0.304622878000373,10.092
STAGE_MODEL_THRESHOLD,2,0.3551706539874431,10.095
STAGE_MODEL_THRESHOLD,2,0.40590454699122347,10.095
STAGE_MODEL_THRESHOLD,2,0.45659240399254486,10.096
STAGE_MODEL_THRESHOLD,2,0.507396016997518,10.099
STAGE_MODEL_THRESHOLD,2,0.5578774589812383,10.099
STAGE_MODEL_THRESHOLD,2,0.608543220005231,10.091
STAGE_MODEL_THRESHOLD,2,0.6590750549803488,10.091
STAGE_MODEL_THRESHOLD,2,0.7096750210039318,10.092
STAGE_MODEL_THRESHOLD,2,0.760184169979766,10.092
STAGE_MODEL_THRESHOLD,2,0.8106550259981304,10.089
STAGE_MODEL_THRESHOLD,2,0.8612680359801743,10.089
STAGE_MODEL_THRESHOLD,2,0.9118484130012803,10.102
STAGE_MODEL_THRESHOLD,2,0.9667714319948573,10.102
STAGE_MODEL_THRESHOLD,2,1.0175070579862222,10.188
STAGE_MODEL_THRESHOLD,2,1.0681732869998086,10.188
STAGE_MODEL_THRESHOLD,2,1.118720258004032,10.188
STAGE_MODEL_THRESHOLD,2,1.1692348439828493,10.188
STAGE_MODEL_THRESHOLD,2,1.219711218989687,10.185
STAGE_MODEL_THRESHOLD,2,1.2702302550023887,10.185
STAGE_MODEL_THRESHOLD,2,1.3207806139835157,10.183
STAGE_MODEL_THRESHOLD,2,1.3712588189810049,10.183
STAGE_MODEL_THRESHOLD,2,1.42157913299161,10.177
STAGE_MODEL_THRESHOLD,2,1.472027238982264,10.177
STAGE_MODEL_THRESHOLD,2,1.5224661149841268,10.169
STAGE_MODEL_THRESHOLD,2,1.5732659419882111,10.169
STAGE_MODEL_THRESHOLD,2,1.6237131329835393,10.17
STAGE_MODEL_THRESHOLD,2,1.674220796994632,10.17
STAGE_MODEL_THRESHOLD,2,1.7246116729802452,10.168
STAGE_MODEL_THRESHOLD,2,1.77514929100289,10.168
STAGE_MODEL_THRESHOLD,2,1.8255471409938764,10.162
STAGE_MODEL_THRESHOLD,2,1.8760511289874557,10.162
STAGE_MODEL_THRESHOLD,2,1.9264471899950877,10.161
STAGE_MODEL_THRESHOLD,2,1.9847508120001294,10.161
STAGE_MODEL_THRESHOLD,2,2.035204953979701,7.619
STAGE_MODEL_THRESHOLD,2,2.090682896989165,7.619
STAGE_MODEL_THRESHOLD,2,2.1418493640085217,16.882
STAGE_MODEL_THRESHOLD,2,2.192997543985257,16.882
STAGE_MODEL_THRESHOLD,2,2.245208050997462,9.985
STAGE_MODEL_THRESHOLD,2,2.2956588689994533,9.985
STAGE_MODEL_THRESHOLD,2,2.3462830609933008,9.609
STAGE_MODEL_THRESHOLD,2,2.3976153589901514,9.609
STAGE_MODEL_THRESHOLD,2,2.4500198559835553,10.239
STAGE_MODEL_THRESHOLD,2,2.50052316399524,10.239
STAGE_MODEL_THRESHOLD,2,2.5509581359801814,9.749
STAGE_MODEL_THRESHOLD,2,2.6068087719904725,10.193
STAGE_MODEL_THRESHOLD,2,2.6572864839981776,10.193
STAGE_MODEL_THRESHOLD,2,2.7079209279909264,10.177
STAGE_MODEL_THRESHOLD,2,2.7583713110070676,10.177
STAGE_MODEL_THRESHOLD,2,2.8091082189930603,10.173
STAGE_MODEL_THRESHOLD,2,2.859553614980541,10.173
STAGE_MODEL_THRESHOLD,2,2.9101168409979437,10.174
STAGE_MODEL_THRESHOLD,2,2.9606180349946953,10.174
STAGE_MODEL_THRESHOLD,2,3.011197401006939,10.185
STAGE_MODEL_THRESHOLD,2,3.0615784429828636,10.185
STAGE_MODEL_THRESHOLD,2,3.112029491981957,8.529
STAGE_MODEL_THRESHOLD,2,3.164003418991342,8.529
STAGE_MODEL_THRESHOLD,2,3.219724947004579,10.187
STAGE_MODEL_THRESHOLD,2,3.2703863820061088,10.187
STAGE_MODEL_THRESHOLD,2,3.320810128003359,10.177
STAGE_MODEL_THRESHOLD,2,3.3712172890082,10.177
STAGE_MODEL_THRESHOLD,2,3.421710755006643,10.217
STAGE_MODEL_THRESHOLD,2,3.47209710298921,10.217
STAGE_MODEL_THRESHOLD,2,3.5225684239994735,10.213
STAGE_MODEL_THRESHOLD,2,3.573061836999841,10.213
STAGE_MODEL_THRESHOLD,2,3.6236921550007537,10.226
STAGE_MODEL_THRESHOLD,2,3.6742140489805024,10.226
STAGE_MODEL_THRESHOLD,2,3.724654346005991,10.223
STAGE_MODEL_THRESHOLD,2,3.7753032089967746,10.223
STAGE_MODEL_THRESHOLD,2,3.8258855089952704,10.22
STAGE_MODEL_THRESHOLD,2,3.8763365369813982,10.22
STAGE_MODEL_THRESHOLD,2,3.926790767000057,10.216
STAGE_MODEL_THRESHOLD,2,3.9773886379844043,10.216
STAGE_MODEL_THRESHOLD,2,4.028346542996587,10.22
STAGE_MODEL_THRESHOLD,2,4.079047167004319,10.22
STAGE_MODEL_THRESHOLD,2,4.129579322994687,9.861
STAGE_MODEL_THRESHOLD,2,4.184369175985921,9.861
STAGE_MODEL_THRESHOLD,2,4.235522650997154,10.208
STAGE_MODEL_THRESHOLD,2,4.285987480980111,10.208
STAGE_MODEL_THRESHOLD,2,4.336539352982072,10.211
STAGE_MODEL_THRESHOLD,2,4.3873495819862,10.211
STAGE_MODEL_THRESHOLD,2,4.4378623999946285,10.196
STAGE_MODEL_THRESHOLD,2,4.488368066988187,10.196
STAGE_MODEL_THRESHOLD,2,4.53890947898617,10.206
STAGE_MODEL_THRESHOLD,2,4.589287045993842,10.206
STAGE_MODEL_THRESHOLD,2,4.63964341400424,10.204
STAGE_MODEL_THRESHOLD,2,4.690085824986454,10.204
STAGE_MODEL_THRESHOLD,2,4.740601773984963,10.226
STAGE_MODEL_THRESHOLD,2,4.791213541000616,10.226
STAGE_MODEL_THRESHOLD,2,4.841775067994604,10.223
STAGE_MODEL_THRESHOLD,2,4.892206200980581,10.223
STAGE_MODEL_THRESHOLD,2,4.942560230003437,9.76
STAGE_MODEL_THRESHOLD,2,4.99383212000248,9.76
STAGE_MODEL_THRESHOLD,2,5.0462413979985286,10.299
STAGE_MODEL_THRESHOLD,2,5.0969242840074,10.299
STAGE_MODEL_THRESHOLD,2,5.147340391005855,10.279
STAGE_MODEL_THRESHOLD,2,5.197856196988141,10.279
STAGE_MODEL_THRESHOLD,2,5.248271807999117,9.347
STAGE_MODEL_THRESHOLD,2,5.302805027982686,9.347
STAGE_MODEL_THRESHOLD,2,5.35417877198779,10.222
STAGE_MODEL_THRESHOLD,2,5.404615942999953,10.222
STAGE_MODEL_THRESHOLD,2,5.455092044983758,10.2
STAGE_MODEL_THRESHOLD,2,5.505708865006454,8.946
STAGE_MODEL_THRESHOLD,2,5.558494406985119,8.946
STAGE_MODEL_THRESHOLD,2,5.6098210210038815,10.415
STAGE_MODEL_THRESHOLD,2,5.660247130988864,10.415
STAGE_MODEL_THRESHOLD,2,5.710839328006841,7.501
STAGE_MODEL_THRESHOLD,2,5.76223208400188,7.501
STAGE_MODEL_THRESHOLD,2,5.814925379003398,10.282
STAGE_MODEL_THRESHOLD,2,5.865493933990365,10.282
STAGE_MODEL_THRESHOLD,2,5.91586689799442,10.257
STAGE_MODEL_THRESHOLD,2,5.966269998985808,10.257
STAGE_MODEL_THRESHOLD,2,6.016867686994374,10.24
STAGE_MODEL_THRESHOLD,2,6.067376183986198,10.24
STAGE_MODEL_THRESHOLD,2,6.118301873008022,10.22
STAGE_MODEL_THRESHOLD,2,6.168834115989739,10.22
STAGE_MODEL_THRESHOLD,2,6.219447409996064,10.164
STAGE_MODEL_THRESHOLD,2,6.2719156600069255,11.113
STAGE_MODEL_THRESHOLD,2,6.3249858540075365,9.664
STAGE_MODEL_THRESHOLD,2,6.37622065100004,9.664
STAGE_MODEL_THRESHOLD,2,6.428124614991248,10.205
STAGE_MODEL_THRESHOLD,2,6.478707511007087,10.205
STAGE_MODEL_THRESHOLD,2,6.529168071981985,9.596
STAGE_MODEL_THRESHOLD,2,6.5821301830001175,9.596
STAGE_MODEL_THRESHOLD,2,6.633367996982997,10.238
STAGE_MODEL_THRESHOLD,2,6.684004748996813,10.238
STAGE_MODEL_THRESHOLD,2,6.735049990005791,9.561
STAGE_MODEL_THRESHOLD,2,6.786788250989048,11.054
STAGE_MODEL_THRESHOLD,2,6.845697362005012,6.822
STAGE_MODEL_THRESHOLD,2,6.897010689979652,6.822
STAGE_MODEL_THRESHOLD,2,6.950055080000311,10.249
STAGE_MODEL_THRESHOLD,2,7.000501786998939,13.371
STAGE_MODEL_THRESHOLD,2,7.062506574991858,13.371
STAGE_MODEL_THRESHOLD,2,7.114204457990127,10.086
STAGE_MODEL_THRESHOLD,2,7.164881820004666,10.086
STAGE_MODEL_THRESHOLD,2,7.21565773099428,10.133
STAGE_MODEL_THRESHOLD,2,7.266457054996863,10.133
STAGE_MODEL_THRESHOLD,2,7.317333263985347,9.538
STAGE_MODEL_THRESHOLD,2,7.368565407989081,9.538
STAGE_MODEL_THRESHOLD,2,7.421905564988265,10.205
STAGE_MODEL_THRESHOLD,2,7.472305275994586,10.205
STAGE_MODEL_THRESHOLD,2,7.522917160007637,10.201
STAGE_MODEL_THRESHOLD,2,7.573502323997673,10.201
STAGE_MODEL_THRESHOLD,2,7.62402670699521,10.193
STAGE_MODEL_THRESHOLD,2,7.6745023429975845,10.193
STAGE_MODEL_THRESHOLD,2,7.725135015993146,10.189
STAGE_MODEL_THRESHOLD,2,7.775737029995071,10.189
STAGE_MODEL_THRESHOLD,2,7.826503091986524,9.701
STAGE_MODEL_THRESHOLD,2,7.8835364840051625,9.701
STAGE_MODEL_THRESHOLD,2,7.93496718298411,10.174
STAGE_MODEL_THRESHOLD,2,7.985555733990623,10.174
STAGE_MODEL_THRESHOLD,2,8.035991665994516,10.196
STAGE_MODEL_THRESHOLD,2,8.086771661997773,10.196
STAGE_MODEL_THRESHOLD,2,8.137277814996196,10.185
STAGE_MODEL_THRESHOLD,2,8.188053903984837,10.185
STAGE_MODEL_THRESHOLD,2,8.238675518980017,8.837
STAGE_MODEL_THRESHOLD,2,8.290345449000597,8.837
STAGE_MODEL_THRESHOLD,2,8.34257900499506,10.524
STAGE_MODEL_THRESHOLD,2,8.393536995979957,10.524
STAGE_MODEL_THRESHOLD,2,8.444154739001533,10.44
STAGE_MODEL_THRESHOLD,2,8.49460072198417,10.44
STAGE_MODEL_THRESHOLD,2,8.545088465005392,9.744
STAGE_MODEL_THRESHOLD,2,8.5981496089953,9.744
STAGE_MODEL_THRESHOLD,2,8.649406724987784,10.2
STAGE_MODEL_THRESHOLD,2,8.699793668987695,10.2
STAGE_MODEL_THRESHOLD,2,8.75032712999382,10.244
STAGE_MODEL_THRESHOLD,2,8.800904183008242,10.244
STAGE_MODEL_THRESHOLD,2,8.851325747993542,10.253
STAGE_MODEL_THRESHOLD,2,8.902653623983497,10.253
STAGE_MODEL_THRESHOLD,2,8.95377097700839,10.302
STAGE_MODEL_THRESHOLD,2,9.004697303986177,10.216
STAGE_MODEL_THRESHOLD,2,9.057389514986426,10.216
STAGE_MODEL_THRESHOLD,2,9.114027314994019,10.229
STAGE_MODEL_THRESHOLD,2,9.164550393004902,10.229
STAGE_MODEL_THRESHOLD,2,9.21510188098182,6.647
STAGE_MODEL_THRESHOLD,2,9.267176249995828,6.647
STAGE_MODEL_THRESHOLD,2,9.318985035992227,10.204
STAGE_MODEL_THRESHOLD,2,9.369588595989626,10.204
STAGE_MODEL_THRESHOLD,2,9.420487473980756,13.073
STAGE_MODEL_THRESHOLD,2,9.471706176991574,13.073
STAGE_MODEL_THRESHOLD,2,9.523553656006698,10.117
STAGE_MODEL_THRESHOLD,2,9.5741470179928,10.117
STAGE_MODEL_THRESHOLD,2,9.625001821987098,10.16
STAGE_MODEL_THRESHOLD,2,9.675506027997471,10.16
STAGE_MODEL_THRESHOLD,2,9.726154415984638,10.178
STAGE_MODEL_THRESHOLD,2,9.776965288998326,10.178
STAGE_MODEL_THRESHOLD,2,9.82780197498505,10.192
STAGE_MODEL_THRESHOLD,2,9.878360015980434,10.192
STAGE_MODEL_THRESHOLD,2,9.92904118198203,10.202
STAGE_MODEL_THRESHOLD,2,9.979677637980785,10.202
STAGE_MODEL_THRESHOLD,2,10.030296245997306,10.278
STAGE_MODEL_THRESHOLD,2,10.080920715990942,10.278
STAGE_MODEL_THRESHOLD,2,10.13165667100111,10.252
STAGE_MODEL_THRESHOLD,2,10.182253254984971,10.252
STAGE_MODEL_THRESHOLD,2,10.232913405983709,10.255
STAGE_MODEL_THRESHOLD,2,10.283829739986686,10.255
STAGE_MODEL_THRESHOLD,2,10.334425826004008,10.238
STAGE_MODEL_THRESHOLD,2,10.384954754001228,10.238
STAGE_MODEL_THRESHOLD,2,10.435487704002298,10.244
STAGE_MODEL_THRESHOLD,2,10.486260584992124,10.244
STAGE_MODEL_THRESHOLD,2,10.536969085980672,10.24
STAGE_MODEL_THRESHOLD,2,10.587420125986682,10.24
STAGE_MODEL_THRESHOLD,2,10.637895055988338,10.252
STAGE_MODEL_THRESHOLD,2,10.688342382985866,10.252
STAGE_MODEL_THRESHOLD,2,10.738821549981367,10.24
STAGE_MODEL_THRESHOLD,2,10.78933252999559,10.24
STAGE_MODEL_THRESHOLD,2,10.840015500987647,10.248
STAGE_MODEL_THRESHOLD,2,10.890685246995417,10.248
STAGE_MODEL_THRESHOLD,2,10.941360447992338,10.264
STAGE_MODEL_THRESHOLD,2,10.991761904006125,10.264
STAGE_MODEL_THRESHOLD,2,11.042372255993541,10.249
STAGE_MODEL_THRESHOLD,2,11.092802138999104,10.249
STAGE_MODEL_THRESHOLD,2,11.143181477003964,10.207
STAGE_MODEL_THRESHOLD,2,11.193704793986399,10.207
STAGE_MODEL_THRESHOLD,2,11.244287173001794,10.215
STAGE_MODEL_THRESHOLD,2,11.2949204199831,10.215
STAGE_MODEL_THRESHOLD,2,11.34544800198637,10.201
STAGE_MODEL_THRESHOLD,2,11.39595735698822,10.201
STAGE_MODEL_THRESHOLD,2,11.446457010984886,10.226
STAGE_MODEL_THRESHOLD,2,11.497351352998521,10.226
STAGE_MODEL_THRESHOLD,2,11.548047719988972,10.201
STAGE_MODEL_THRESHOLD,2,11.599319681990892,10.201
STAGE_MODEL_THRESHOLD,2,11.650380515988218,10.219
STAGE_MODEL_THRESHOLD,2,11.701048730988987,10.219
STAGE_MODEL_THRESHOLD,2,11.751742875989294,10.202
STAGE_MODEL_THRESHOLD,2,11.80223834697972,10.202
STAGE_MODEL_THRESHOLD,2,11.852751975995488,10.215
STAGE_MODEL_THRESHOLD,2,11.90334963198984,10.215
STAGE_MODEL_THRESHOLD,2,11.953767809987767,10.201
STAGE_MODEL_THRESHOLD,2,12.00488248898182,10.201
STAGE_MODEL_THRESHOLD,2,12.055335090990411,10.185
STAGE_MODEL_THRESHOLD,2,12.105834694986697,10.185
STAGE_MODEL_THRESHOLD,2,12.156548592989566,10.185
STAGE_MODEL_THRESHOLD,2,12.207319165987428,10.185
STAGE_MODEL_THRESHOLD,2,12.257702283997787,10.203
STAGE_MODEL_THRESHOLD,2,12.308186009002384,10.203
STAGE_MODEL_THRESHOLD,2,12.358911058981903,10.188
STAGE_MODEL_THRESHOLD,2,12.409457511996152,10.188
STAGE_MODEL_THRESHOLD,2,12.460054394003237,10.205
STAGE_MODEL_THRESHOLD,2,12.51061046900577,10.203
STAGE_MODEL_THRESHOLD,2,12.561357294005575,10.203
STAGE_MODEL_THRESHOLD,2,12.611837529984768,10.207
STAGE_MODEL_THRESHOLD,2,12.662744384986581,10.207
STAGE_MODEL_THRESHOLD,2,12.7278103659919,10.201
STAGE_MODEL_THRESHOLD,2,12.778401174989995,10.201
STAGE_MODEL_THRESHOLD,2,12.829040368000278,10.213
STAGE_MODEL_THRESHOLD,2,12.87955789398984,10.213
STAGE_MODEL_THRESHOLD,2,12.929983679990983,10.203
STAGE_MODEL_THRESHOLD,2,12.980559325980721,10.203
STAGE_MODEL_THRESHOLD,2,13.031030624988489,10.215
STAGE_MODEL_THRESHOLD,2,13.081584968982497,10.215
STAGE_MODEL_THRESHOLD,2,13.132240489998367,10.207
STAGE_MODEL_THRESHOLD,2,13.182882976980181,10.207
STAGE_MODEL_THRESHOLD,2,13.233716813003412,10.218
STAGE_MODEL_THRESHOLD,2,13.284275761980098,10.218
STAGE_MODEL_THRESHOLD,2,13.334809819003567,10.177
STAGE_MODEL_THRESHOLD,2,13.385471227986272,10.177
STAGE_MODEL_THRESHOLD,2,13.435909872991033,10.214
STAGE_MODEL_THRESHOLD,2,13.486562179983594,10.214
STAGE_MODEL_THRESHOLD,2,13.537232756993035,10.211
STAGE_MODEL_THRESHOLD,2,13.58889539798838,10.211
STAGE_MODEL_THRESHOLD,2,13.639382288005436,10.185
STAGE_MODEL_THRESHOLD,2,13.689922607998597,10.185
STAGE_MODEL_THRESHOLD,2,13.740451980003854,10.21
STAGE_MODEL_THRESHOLD,2,13.791092561994446,10.21
STAGE_MODEL_THRESHOLD,2,13.841637877980247,10.181
STAGE_MODEL_THRESHOLD,2,13.892306652007392,10.181
STAGE_MODEL_THRESHOLD,2,13.942904066992924,10.241
STAGE_MODEL_THRESHOLD,2,13.993278509005904,10.241
STAGE_MODEL_THRESHOLD,2,14.043829631002154,10.224
STAGE_MODEL_THRESHOLD,2,14.094420370995067,10.224
STAGE_MODEL_THRESHOLD,2,14.145100089983316,10.188
STAGE_MODEL_THRESHOLD,2,14.195596971985651,10.188
STAGE_MODEL_THRESHOLD,2,14.246256371989148,10.235
STAGE_MODEL_THRESHOLD,2,14.297006098000566,10.235
STAGE_MODEL_THRESHOLD,2,14.347540665999986,10.197
STAGE_MODEL_THRESHOLD,2,14.398046474001603,10.197
STAGE_MODEL_THRESHOLD,2,14.448560858989367,10.237
STAGE_MODEL_THRESHOLD,2,14.499146569985896,10.237
STAGE_MODEL_THRESHOLD,2,14.549692137981765,10.199
STAGE_MODEL_THRESHOLD,2,14.600816252001096,10.199
STAGE_MODEL_THRESHOLD,2,14.6515810060082,10.201
STAGE_MODEL_THRESHOLD,2,14.702101779985242,10.23
STAGE_MODEL_THRESHOLD,2,14.753060910006752,10.23
STAGE_MODEL_THRESHOLD,2,14.803771118982695,10.207
STAGE_MODEL_THRESHOLD,2,14.85425361598027,10.207
STAGE_MODEL_THRESHOLD,2,14.904819616000168,10.238
STAGE_MODEL_THRESHOLD,2,14.955403333995491,10.238
STAGE_MODEL_THRESHOLD,2,15.005887557985261,10.182
STAGE_MODEL_THRESHOLD,2,15.056593575980514,10.182
STAGE_MODEL_THRESHOLD,2,15.107197317003738,10.201
STAGE_MODEL_THRESHOLD,2,15.157933334994595,10.201
STAGE_MODEL_THRESHOLD,2,15.208386084996164,10.231
STAGE_MODEL_THRESHOLD,2,15.258863219991326,10.231
STAGE_MODEL_THRESHOLD,2,15.309489642007975,10.195
STAGE_MODEL_THRESHOLD,2,15.359919146983884,10.195
STAGE_MODEL_THRESHOLD,2,15.41043151798658,10.225
STAGE_MODEL_THRESHOLD,2,15.460977337992517,10.225
STAGE_MODEL_THRESHOLD,2,15.511489109980175,10.224
STAGE_MODEL_THRESHOLD,2,15.561854500003392,10.224
STAGE_MODEL_THRESHOLD,2,15.612280999979703,10.231
STAGE_MODEL_THRESHOLD,2,15.66273502400145,10.231
STAGE_MODEL_THRESHOLD,2,15.713265425001737,10.233
STAGE_MODEL_THRESHOLD,2,15.763771262980299,10.233
STAGE_MODEL_THRESHOLD,2,15.814404642005684,10.24
STAGE_MODEL_THRESHOLD,2,15.865211234980961,10.24
STAGE_MODEL_THRESHOLD,2,15.915780242998153,10.23
STAGE_MODEL_THRESHOLD,2,15.966723969992017,10.23
STAGE_MODEL_THRESHOLD,2,16.017386513005476,10.226
STAGE_MODEL_THRESHOLD,2,16.068177609995473,10.226
STAGE_MODEL_THRESHOLD,2,16.118917801999487,10.225
STAGE_MODEL_THRESHOLD,2,16.169413936993806,10.225
STAGE_MODEL_THRESHOLD,2,16.220153556991136,10.217
STAGE_MODEL_THRESHOLD,2,16.27066736499546,10.217
STAGE_MODEL_THRESHOLD,2,16.321496449992992,10.218
STAGE_MODEL_THRESHOLD,2,16.371929393993923,10.218
STAGE_MODEL_THRESHOLD,2,16.422620517987525,10.218
STAGE_MODEL_THRESHOLD,2,16.47317491300055,10.218
STAGE_MODEL_THRESHOLD,2,16.52366206300212,10.215
STAGE_MODEL_THRESHOLD,2,16.574175243993523,10.215
STAGE_MODEL_THRESHOLD,2,16.624640132999048,10.209
STAGE_MODEL_THRESHOLD,2,16.675175362004666,10.209
STAGE_MODEL_THRESHOLD,2,16.72579885099549,10.2
STAGE_MODEL_THRESHOLD,2,16.776366189995315,10.2
STAGE_MODEL_THRESHOLD,2,16.826996886986308,10.192
STAGE_MODEL_THRESHOLD,2,16.877448557002936,10.192
STAGE_MODEL_THRESHOLD,2,16.92789488498238,10.176
STAGE_MODEL_THRESHOLD,2,16.9784449779836,10.176
STAGE_MODEL_THRESHOLD,2,17.029194144008216,10.18
STAGE_MODEL_THRESHOLD,2,17.07989041300607,10.18
STAGE_MODEL_THRESHOLD,2,17.13041872699978,10.18
STAGE_MODEL_THRESHOLD,2,17.181020691990852,10.18
STAGE_MODEL_THRESHOLD,2,17.231415301008383,10.182
STAGE_MODEL_THRESHOLD,2,17.281809009989956,10.182
STAGE_MODEL_THRESHOLD,2,17.33227641999838,10.187
STAGE_MODEL_THRESHOLD,2,17.38289069698658,10.187
STAGE_MODEL_THRESHOLD,2,17.433239137986675,10.184
STAGE_MODEL_THRESHOLD,2,17.48364408800262,10.184
STAGE_MODEL_THRESHOLD,2,17.534062741993694,10.188
STAGE_MODEL_THRESHOLD,2,17.58485046698479,10.188
STAGE_MODEL_THRESHOLD,2,17.635358000989072,10.184
STAGE_MODEL_THRESHOLD,2,17.686119321006117,10.184
STAGE_MODEL_THRESHOLD,2,17.73656162698171,10.184
STAGE_MODEL_THRESHOLD,2,17.78701485399506,10.184
STAGE_MODEL_THRESHOLD,2,17.837595642980887,10.183
STAGE_MODEL_THRESHOLD,2,17.890541189990472,10.183
STAGE_MODEL_THRESHOLD,2,17.94254649800132,10.193
STAGE_MODEL_THRESHOLD,2,17.992930440988857,10.193
STAGE_MODEL_THRESHOLD,2,18.043401523987995,17.62
STAGE_MODEL_THRESHOLD,2,18.095558889996028,17.62
STAGE_MODEL_THRESHOLD,2,18.1468201809912,9.345
STAGE_MODEL_THRESHOLD,2,18.198096951004118,9.345
STAGE_MODEL_THRESHOLD,2,18.25513254199177,10.259
STAGE_MODEL_THRESHOLD,2,18.30553539498942,10.102
STAGE_MODEL_THRESHOLD,2,18.35776327099302,10.102
STAGE_MODEL_THRESHOLD,2,18.412119196989806,10.287
STAGE_MODEL_THRESHOLD,2,18.46270926098805,10.287
STAGE_MODEL_THRESHOLD,2,18.513143026008038,8.843
STAGE_MODEL_THRESHOLD,2,18.564563688007183,8.843
STAGE_MODEL_THRESHOLD,2,18.615916501992615,10.217
STAGE_MODEL_THRESHOLD,2,18.666401661001146,10.217
STAGE_MODEL_THRESHOLD,2,18.71696506999433,10.193
STAGE_MODEL_THRESHOLD,2,18.767525999981444,10.193
STAGE_MODEL_THRESHOLD,2,18.81799295800738,10.195
STAGE_MODEL_THRESHOLD,2,18.86840554198716,10.195
STAGE_MODEL_THRESHOLD,2,18.918869415007066,5.974
STAGE_MODEL_THRESHOLD,2,18.971609598986106,5.974
STAGE_MODEL_THRESHOLD,2,19.025092016992858,10.208
STAGE_MODEL_THRESHOLD,2,19.075672948005376,10.208
STAGE_MODEL_THRESHOLD,2,19.12633820300107,10.18
STAGE_MODEL_THRESHOLD,2,19.1769657759869,10.18
STAGE_MODEL_THRESHOLD,2,19.227329343004385,10.208
STAGE_MODEL_THRESHOLD,2,19.2836518289987,10.208
STAGE_MODEL_THRESHOLD,2,19.3347557639936,10.179
STAGE_MODEL_THRESHOLD,2,19.385178306984017,10.179
STAGE_MODEL_THRESHOLD,2,19.4355469919974,10.374
STAGE_MODEL_THRESHOLD,2,19.49259967400576,10.374
STAGE_MODEL_THRESHOLD,2,19.543934857007116,10.172
STAGE_MODEL_THRESHOLD,2,19.596187482005917,10.172
STAGE_MODEL_THRESHOLD,2,19.64773205498932,10.137
STAGE_MODEL_THRESHOLD,2,19.6982111769903,10.137
STAGE_MODEL_THRESHOLD,2,19.74898309999844,10.142
STAGE_MODEL_THRESHOLD,2,19.79951330999029,10.142
STAGE_MODEL_THRESHOLD,2,19.85009232800803,9.253
STAGE_MODEL_THRESHOLD,2,19.901394382992294,10.178
STAGE_MODEL_THRESHOLD,2,19.957980236998992,10.157
STAGE_MODEL_THRESHOLD,2,20.00844349298859,10.244
STAGE_MODEL_THRESHOLD,2,20.058992795005906,10.244
STAGE_MODEL_THRESHOLD,2,20.109547325002495,6.077
STAGE_MODEL_THRESHOLD,2,20.160905933997128,6.077
STAGE_MODEL_THRESHOLD,2,20.213092160993256,10.172
STAGE_MODEL_THRESHOLD,2,20.263487357005943,10.172
STAGE_MODEL_THRESHOLD,2,20.313967374997446,10.751
STAGE_MODEL_THRESHOLD,2,20.36640521499794,10.751
STAGE_MODEL_THRESHOLD,2,20.417700774007244,9.625
STAGE_MODEL_THRESHOLD,2,20.468346896988805,9.625
STAGE_MODEL_THRESHOLD,2,20.51883392900345,9.79
STAGE_MODEL_THRESHOLD,2,20.571553347981535,9.79
STAGE_MODEL_THRESHOLD,2,20.62276566098444,10.145
STAGE_MODEL_THRESHOLD,2,20.673299897986,10.145
STAGE_MODEL_THRESHOLD,2,20.723885989980772,10.174
STAGE_MODEL_THRESHOLD,2,20.77447798399953,10.174
STAGE_MODEL_THRESHOLD,2,20.82501044298988,10.325
STAGE_MODEL_THRESHOLD,2,20.877876796992496,10.325
STAGE_MODEL_THRESHOLD,2,20.9290488929837,10.18
STAGE_MODEL_THRESHOLD,2,20.97985788199003,10.18
STAGE_MODEL_THRESHOLD,2,21.030584491993068,8.799
STAGE_MODEL_THRESHOLD,2,21.082034146005753,8.799
STAGE_MODEL_THRESHOLD,2,21.134782509994693,10.198
STAGE_MODEL_THRESHOLD,2,21.18545891297981,10.198
STAGE_MODEL_THRESHOLD,2,21.236010913999053,10.348
STAGE_MODEL_THRESHOLD,2,21.290317803999642,10.348
STAGE_MODEL_THRESHOLD,2,21.341618910984835,10.214
STAGE_MODEL_THRESHOLD,2,21.39224103500601,10.214
STAGE_MODEL_THRESHOLD,2,21.444818727992242,5.986
STAGE_MODEL_THRESHOLD,2,21.4962030040042,5.986
STAGE_MODEL_THRESHOLD,2,21.549890644004336,10.133
STAGE_MODEL_THRESHOLD,2,21.60057735000737,10.133
STAGE_MODEL_THRESHOLD,2,21.65117942399229,10.138
STAGE_MODEL_THRESHOLD,2,21.701916146994336,10.162
STAGE_MODEL_THRESHOLD,2,21.752831144985976,10.162
STAGE_MODEL_THRESHOLD,2,21.80334314200445,9.627
STAGE_MODEL_THRESHOLD,2,21.85473161598202,9.627
STAGE_MODEL_THRESHOLD,2,21.90669540700037,10.22
STAGE_MODEL_THRESHOLD,2,21.95711982200737,10.22
STAGE_MODEL_THRESHOLD,2,22.007827527006157,10.233
STAGE_MODEL_THRESHOLD,2,22.058398438995937,10.233
STAGE_MODEL_THRESHOLD,2,22.10900937599945,9.446
STAGE_MODEL_THRESHOLD,2,22.162651197984815,9.446
STAGE_MODEL_THRESHOLD,2,22.213795555988327,10.296
STAGE_MODEL_THRESHOLD,2,22.264433493983233,10.296
STAGE_MODEL_THRESHOLD,2,22.31529536898597,10.235
STAGE_MODEL_THRESHOLD,2,22.366182155994466,10.235
STAGE_MODEL_THRESHOLD,2,22.416999084991403,10.219
STAGE_MODEL_THRESHOLD,2,22.467772888980107,10.219
STAGE_MODEL_THRESHOLD,2,22.5188537259819,5.972
STAGE_MODEL_THRESHOLD,2,22.57051669000066,5.972
STAGE_MODEL_THRESHOLD,2,22.623901651997585,9.97
STAGE_MODEL_THRESHOLD,2,22.675275546993362,9.97
STAGE_MODEL_THRESHOLD,2,22.726671242999146,10.112
STAGE_MODEL_THRESHOLD,2,22.77736675000051,10.112
STAGE_MODEL_THRESHOLD,2,22.828061601991067,13.886
STAGE_MODEL_THRESHOLD,2,22.8794329839875,13.886
STAGE_MODEL_THRESHOLD,2,22.93089294998208,9.497
STAGE_MODEL_THRESHOLD,2,22.982230853987858,9.497
STAGE_MODEL_THRESHOLD,2,23.038517590990523,10.196
STAGE_MODEL_THRESHOLD,2,23.08896229599486,10.196
STAGE_MODEL_THRESHOLD,2,23.139384634007,10.026
STAGE_MODEL_THRESHOLD,2,23.191625206993194,10.026
STAGE_MODEL_THRESHOLD,2,23.24321145299473,10.229
STAGE_MODEL_THRESHOLD,2,23.293587800988462,10.229
STAGE_MODEL_THRESHOLD,2,23.343953475996386,8.836
STAGE_MODEL_THRESHOLD,2,23.395349409984192,8.836
STAGE_MODEL_THRESHOLD,2,23.450949502002914,10.146
STAGE_MODEL_THRESHOLD,2,23.50153443700401,10.216
STAGE_MODEL_THRESHOLD,2,23.55212374200346,10.216
STAGE_MODEL_THRESHOLD,2,23.602607051987434,10.204
STAGE_MODEL_THRESHOLD,2,23.653151528007584,10.204
STAGE_MODEL_THRESHOLD,2,23.703746800980298,5.994
STAGE_MODEL_THRESHOLD,2,23.75511410398758,5.994
STAGE_MODEL_THRESHOLD,2,23.810430484998506,10.148
STAGE_MODEL_THRESHOLD,2,23.861120307003148,10.148
STAGE_MODEL_THRESHOLD,2,23.911720153992064,10.16
STAGE_MODEL_THRESHOLD,2,23.962322395003866,10.16
STAGE_MODEL_THRESHOLD,2,24.01293850498041,10.174
STAGE_MODEL_THRESHOLD,2,24.063564159994712,10.174
STAGE_MODEL_THRESHOLD,2,24.114333584991982,9.664
STAGE_MODEL_THRESHOLD,2,24.167343384004198,9.664
STAGE_MODEL_THRESHOLD,2,24.22417554599815,10.199
STAGE_MODEL_THRESHOLD,2,24.27464835799765,10.199
STAGE_MODEL_THRESHOLD,2,24.32500135799637,10.232
STAGE_MODEL_THRESHOLD,2,24.378849183005514,10.232
STAGE_MODEL_THRESHOLD,2,24.43033893199754,10.205
STAGE_MODEL_THRESHOLD,2,24.481150348990923,10.205
STAGE_MODEL_THRESHOLD,2,24.531528945983155,10.194
STAGE_MODEL_THRESHOLD,2,24.582140321988845,10.194
STAGE_MODEL_THRESHOLD,2,24.63309608900454,10.186
STAGE_MODEL_THRESHOLD,2,24.684245618002024,10.186
STAGE_MODEL_THRESHOLD,2,24.73486460998538,10.195
STAGE_MODEL_THRESHOLD,2,24.785496084979968,10.195
STAGE_MODEL_THRESHOLD,2,24.83613942298689,7.355
STAGE_MODEL_THRESHOLD,2,24.887582675990416,7.355
STAGE_MODEL_THRESHOLD,2,24.940541986987228,10.16
STAGE_MODEL_THRESHOLD,2,24.990992673003348,10.16
STAGE_MODEL_THRESHOLD,2,25.041626482008724,10.184
STAGE_MODEL_THRESHOLD,2,25.09255599300377,10.184
STAGE_MODEL_THRESHOLD,2,25.143164627981605,10.179
STAGE_MODEL_THRESHOLD,2,25.193785238981945,10.179
STAGE_MODEL_THRESHOLD,2,25.244329515000572,10.174
STAGE_MODEL_THRESHOLD,2,25.29477281900472,10.174
STAGE_MODEL_THRESHOLD,2,25.345227526006056,10.176
STAGE_MODEL_THRESHOLD,2,25.396038959006546,10.176
STAGE_MODEL_THRESHOLD,2,25.446580796997296,10.182
STAGE_MODEL_THRESHOLD,2,25.497048488992732,10.182
STAGE_MODEL_THRESHOLD,2,25.54761144600343,10.191
STAGE_MODEL_THRESHOLD,2,25.598258206999162,10.192
STAGE_MODEL_THRESHOLD,2,25.648993687005714,10.192
STAGE_MODEL_THRESHOLD,2,25.699474225984886,10.193
STAGE_MODEL_THRESHOLD,2,25.750192131992662,10.193
STAGE_MODEL_THRESHOLD,2,25.801141411007848,10.195
STAGE_MODEL_THRESHOLD,2,25.85189044298022,10.195
STAGE_MODEL_THRESHOLD,2,25.9023742559948,10.196
STAGE_MODEL_THRESHOLD,2,25.95295054500457,10.196
STAGE_MODEL_THRESHOLD,2,26.003535723983077,10.203
STAGE_MODEL_THRESHOLD,2,26.054053480998846,10.203
STAGE_MODEL_THRESHOLD,2,26.1046043880051,10.204
STAGE_MODEL_THRESHOLD,2,26.15554163599154,10.204
STAGE_MODEL_THRESHOLD,2,26.205992921983125,10.21
STAGE_MODEL_THRESHOLD,2,26.25656162100495,10.21
STAGE_MODEL_THRESHOLD,2,26.307058790000156,10.214
STAGE_MODEL_THRESHOLD,2,26.357567072991515,10.214
STAGE_MODEL_THRESHOLD,2,26.407994915003655,10.214
STAGE_MODEL_THRESHOLD,2,26.458737645007204,10.214
STAGE_MODEL_THRESHOLD,2,26.50925118700252,10.215
STAGE_MODEL_THRESHOLD,2,26.559781029005535,10.215
STAGE_MODEL_THRESHOLD,2,26.61048209798173,10.214
STAGE_MODEL_THRESHOLD,2,26.661138283991022,10.214
STAGE_MODEL_THRESHOLD,2,26.711788941000123,10.219
STAGE_MODEL_THRESHOLD,2,26.762248294980964,10.219
STAGE_MODEL_THRESHOLD,2,26.81297556697973,10.221
STAGE_MODEL_THRESHOLD,2,26.863553162984317,10.221
STAGE_MODEL_THRESHOLD,2,26.9140398229938,10.221
STAGE_MODEL_THRESHOLD,2,26.96466613400844,10.221
STAGE_MODEL_THRESHOLD,2,27.015120288007893,10.219
STAGE_MODEL_THRESHOLD,2,27.06591154099442,10.219
STAGE_MODEL_THRESHOLD,2,27.116584842005977,10.217
STAGE_MODEL_THRESHOLD,2,27.167164212005446,10.217
STAGE_MODEL_THRESHOLD,2,27.21796410100069,10.215
STAGE_MODEL_THRESHOLD,2,27.268491419992642,10.215
STAGE_MODEL_THRESHOLD,2,27.3190132319869,10.213
STAGE_MODEL_THRESHOLD,2,27.369602442980977,10.213
STAGE_MODEL_THRESHOLD,2,27.420077714981744,10.215
STAGE_MODEL_THRESHOLD,2,27.4705801300006,10.215
STAGE_MODEL_THRESHOLD,2,27.521190505998675,10.216
STAGE_MODEL_THRESHOLD,2,27.57180730998516,10.216
STAGE_MODEL_THRESHOLD,2,27.622783562983386,10.215
STAGE_MODEL_THRESHOLD,2,27.673262976983096,10.215
STAGE_MODEL_THRESHOLD,2,27.723883553990163,10.215
STAGE_MODEL_THRESHOLD,2,27.774653884000145,10.215
STAGE_MODEL_THRESHOLD,2,27.82518916099798,10.212
STAGE_MODEL_THRESHOLD,2,27.875701954995748,10.212
STAGE_MODEL_THRESHOLD,2,27.926336768985493,10.212
STAGE_MODEL_THRESHOLD,2,27.976928657997632,10.212
STAGE_MODEL_THRESHOLD,2,28.02734714798862,10.209
STAGE_MODEL_THRESHOLD,2,28.077943937998498,10.209
STAGE_MODEL_THRESHOLD,2,28.128370141988853,10.218
STAGE_MODEL_THRESHOLD,2,28.17879651498515,10.218
STAGE_MODEL_THRESHOLD,2,28.22934482898563,10.218
STAGE_MODEL_THRESHOLD,2,28.279806632985128,10.218
STAGE_MODEL_THRESHOLD,2,28.33050441800151,10.22
STAGE_MODEL_THRESHOLD,2,28.381402339000488,10.22
STAGE_MODEL_THRESHOLD,2,28.431880785996327,10.221
STAGE_MODEL_THRESHOLD,2,28.48244110599626,10.221
STAGE_MODEL_THRESHOLD,2,28.532883617008338,10.223
STAGE_MODEL_THRESHOLD,2,28.583568809001008,10.223
STAGE_MODEL_THRESHOLD,2,28.63437612299458,10.229
STAGE_MODEL_THRESHOLD,2,28.684838174987817,10.229
STAGE_MODEL_THRESHOLD,2,28.73527436799486,10.229
STAGE_MODEL_THRESHOLD,2,28.785703292989638,10.229
STAGE_MODEL_THRESHOLD,2,28.83611684900825,10.23
STAGE_MODEL_THRESHOLD,2,28.886490913981106,10.23
STAGE_MODEL_THRESHOLD,2,28.9370194109797,10.23
STAGE_MODEL_THRESHOLD,2,28.98742434900487,10.23
STAGE_MODEL_THRESHOLD,2,29.037913678999757,10.231
STAGE_MODEL_THRESHOLD,2,29.08850438799709,10.231
STAGE_MODEL_THRESHOLD,2,29.13910653698258,10.236
STAGE_MODEL_THRESHOLD,2,29.18971113700536,10.236
STAGE_MODEL_THRESHOLD,2,29.2401253329881,10.231
STAGE_MODEL_THRESHOLD,2,29.290588579984615,10.231
STAGE_MODEL_THRESHOLD,2,29.341022136999527,9.214
STAGE_MODEL_THRESHOLD,2,29.396828667988302,10.197
STAGE_MODEL_THRESHOLD,2,29.44779016499524,10.195
STAGE_MODEL_THRESHOLD,2,29.498325261985883,10.195
STAGE_MODEL_THRESHOLD,2,29.548868448997382,10.139
STAGE_MODEL_THRESHOLD,2,29.60074502500356,9.849
STAGE_MODEL_THRESHOLD,2,29.657513882993953,9.849
STAGE_MODEL_THRESHOLD,2,29.713060181995388,10.181
STAGE_MODEL_THRESHOLD,2,29.763568288006354,10.181
STAGE_MODEL_THRESHOLD,2,29.813961543986807,10.217
STAGE_MODEL_THRESHOLD,2,29.864298030006466,10.217
STAGE_MODEL_THRESHOLD,2,29.914626251003938,10.214
STAGE_MODEL_THRESHOLD,2,29.965005328005645,10.214
STAGE_MODEL_POLICY,2,0.006291096011409536,10.181
STAGE_MODEL_POLICY,2,0.05664962701848708,10.181
STAGE_MODEL_POLICY,2,0.10701638401951641,10.123
STAGE_MODEL_POLICY,2,0.16018894701846875,10.123
STAGE_MODEL_POLICY,2,0.21129001601366326,10.235
STAGE_MODEL_POLICY,2,0.26174626301508397,10.235
STAGE_MODEL_POLICY,2,0.31223184600821696,10.23
STAGE_MODEL_POLICY,2,0.36277831601910293,10.23
STAGE_MODEL_POLICY,2,0.41319943201960996,10.243
STAGE_MODEL_POLICY,2,0.4636299970152322,10.243
STAGE_MODEL_POLICY,2,0.5140770710131619,11.048
STAGE_MODEL_POLICY,2,0.5651472580211703,9.202
STAGE_MODEL_POLICY,2,0.6191739290079568,10.784
STAGE_MODEL_POLICY,2,0.6705122260027565,10.784
STAGE_MODEL_POLICY,2,0.7226517170201987,10.273
STAGE_MODEL_POLICY,2,0.7729784669936635,10.273
STAGE_MODEL_POLICY,2,0.8234602810116485,10.265
STAGE_MODEL_POLICY,2,0.8739551230100915,10.265
STAGE_MODEL_POLICY,2,0.9281659230182413,12.179
STAGE_MODEL_POLICY,2,0.9792282650014386,12.179
STAGE_MODEL_POLICY,2,1.0338415389996953,10.578
STAGE_MODEL_POLICY,2,1.0843018979940098,16.301
STAGE_MODEL_POLICY,2,1.1481612590141594,16.301
STAGE_MODEL_POLICY,2,1.1994889630004764,10.047
STAGE_MODEL_POLICY,2,1.2500474349944852,10.047
STAGE_MODEL_POLICY,2,1.3006395200209226,9.914
STAGE_MODEL_POLICY,2,1.3628133360180072,9.914
STAGE_MODEL_POLICY,2,1.4139238510106225,10.292
STAGE_MODEL_POLICY,2,1.46608394102077,10.292
STAGE_MODEL_POLICY,2,1.5174837600206956,10.268
STAGE_MODEL_POLICY,2,1.5745457090088166,10.268
STAGE_MODEL_POLICY,2,1.624941601010505,9.529
STAGE_MODEL_POLICY,2,1.68005990202073,10.256
STAGE_MODEL_POLICY,2,1.731037905003177,10.254
STAGE_MODEL_POLICY,2,1.7815197150048334,10.404
STAGE_MODEL_POLICY,2,1.8322475519962609,10.404
STAGE_MODEL_POLICY,2,1.882712087011896,10.622
STAGE_MODEL_POLICY,2,1.9365471019991674,10.622
STAGE_MODEL_POLICY,2,1.994247427006485,10.487
STAGE_MODEL_POLICY,2,2.0449396960029844,10.487
STAGE_MODEL_POLICY,2,2.0953415860130917,11.896
STAGE_MODEL_POLICY,2,2.1496265979949385,11.896
STAGE_MODEL_POLICY,2,2.2009536160039715,10.212
STAGE_MODEL_POLICY,2,2.251693141995929,10.212
STAGE_MODEL_POLICY,2,2.302180466009304,10.077
STAGE_MODEL_POLICY,2,2.3527364800102077,10.077
STAGE_MODEL_POLICY,2,2.4031592569954228,9.307
STAGE_MODEL_POLICY,2,2.466142833000049,9.307
STAGE_MODEL_POLICY,2,2.517312715994194,10.545
STAGE_MODEL_POLICY,2,2.5698985519993585,10.545
STAGE_MODEL_POLICY,2,2.621402945020236,10.009
STAGE_MODEL_POLICY,2,2.672039063007105,10.009
STAGE_MODEL_POLICY,2,2.7227765530114993,9.986
STAGE_MODEL_POLICY,2,2.7793328720144928,9.986
STAGE_MODEL_POLICY,2,2.8298274260014296,9.442
STAGE_MODEL_POLICY,2,2.8974963660002686,10.617
STAGE_MODEL_POLICY,2,2.9490995630039833,9.574
STAGE_MODEL_POLICY,2,3.000828863005154,10.817
STAGE_MODEL_POLICY,2,3.0630264109931886,10.29
STAGE_MODEL_POLICY,2,3.114637610007776,9.412
STAGE_MODEL_POLICY,2,3.1694368699972983,9.412
STAGE_MODEL_POLICY,2,3.2208180260204244,10.156
STAGE_MODEL_POLICY,2,3.2713070360186975,10.156
STAGE_MODEL_POLICY,2,3.321712926001055,10.423
STAGE_MODEL_POLICY,2,3.372857971000485,19.144
STAGE_MODEL_POLICY,2,3.4414774820033927,19.144
STAGE_MODEL_POLICY,2,3.492689519014675,9.66
STAGE_MODEL_POLICY,2,3.543041983997682,9.66
STAGE_MODEL_POLICY,2,3.5935050600091927,9.843
STAGE_MODEL_POLICY,2,3.6439591240196023,9.843
STAGE_MODEL_POLICY,2,3.694605758006219,9.918
STAGE_MODEL_POLICY,2,3.7450893920031376,9.918
STAGE_MODEL_POLICY,2,3.795727935008472,10.243
STAGE_MODEL_POLICY,2,3.854626825021114,10.243
STAGE_MODEL_POLICY,2,3.9087476989952847,10.024
STAGE_MODEL_POLICY,2,3.9592193980060983,10.024
STAGE_MODEL_POLICY,2,4.0097187040082645,9.435
STAGE_MODEL_POLICY,2,4.0620355420105625,9.435
STAGE_MODEL_POLICY,2,4.113137347012525,10.128
STAGE_MODEL_POLICY,2,4.163658296020003,10.128
STAGE_MODEL_POLICY,2,4.2141926280164625,10.119
STAGE_MODEL_POLICY,2,4.264810388005571,10.119
STAGE_MODEL_POLICY,2,4.315244819998043,7.851
STAGE_MODEL_POLICY,2,4.36648907000199,7.851
STAGE_MODEL_POLICY,2,4.418272236012854,10.12
STAGE_MODEL_POLICY,2,4.46884470799705,10.12
STAGE_MODEL_POLICY,2,4.519473370019114,10.123
STAGE_MODEL_POLICY,2,4.569999322993681,10.123
STAGE_MODEL_POLICY,2,4.6269612979958765,12.23
STAGE_MODEL_POLICY,2,4.678116421011509,12.23
STAGE_MODEL_POLICY,2,4.730693345016334,10.409
STAGE_MODEL_POLICY,2,4.781183668994345,10.249
STAGE_MODEL_POLICY,2,4.831753598002251,10.249
STAGE_MODEL_POLICY,2,4.882271067996044,10.224
STAGE_MODEL_POLICY,2,4.932709408021765,10.224
STAGE_MODEL_POLICY,2,4.983223309012828,10.215
STAGE_MODEL_POLICY,2,5.033787456020946,10.215
STAGE_MODEL_POLICY,2,5.084349693002878,10.513
STAGE_MODEL_POLICY,2,5.135648548020981,10.513
STAGE_MODEL_POLICY,2,5.1882876610034145,10.167
STAGE_MODEL_POLICY,2,5.23886834300356,10.167
STAGE_MODEL_POLICY,2,5.289479550003307,9.269
STAGE_MODEL_POLICY,2,5.344115974003216,10.094
STAGE_MODEL_POLICY,2,5.397068545018556,10.374
STAGE_MODEL_POLICY,2,5.448374950006837,10.374
STAGE_MODEL_POLICY,2,5.500921316008316,10.22
STAGE_MODEL_POLICY,2,5.551536656013923,10.22
STAGE_MODEL_POLICY,2,5.60217953499523,10.256
STAGE_MODEL_POLICY,2,5.652852864004672,10.256
STAGE_MODEL_POLICY,2,5.703522668016376,7.854
STAGE_MODEL_POLICY,2,5.759291573020164,7.854
STAGE_MODEL_POLICY,2,5.81058572200709,10.235
STAGE_MODEL_POLICY,2,5.861010509019252,10.235
STAGE_MODEL_POLICY,2,5.911479089001659,14.761
STAGE_MODEL_POLICY,2,5.963231991016073,14.761
STAGE_MODEL_POLICY,2,6.015587188012432,10.867
STAGE_MODEL_POLICY,2,6.066075859009288,10.867
STAGE_MODEL_POLICY,2,6.116674667020561,9.831
STAGE_MODEL_POLICY,2,6.168097157002194,9.831
STAGE_MODEL_POLICY,2,6.220803667994915,10.756
STAGE_MODEL_POLICY,2,6.2713880490045995,10.756
STAGE_MODEL_POLICY,2,6.321909104008228,10.693
STAGE_MODEL_POLICY,2,6.3738663630210795,10.693
STAGE_MODEL_POLICY,2,6.429767157998867,10.237
STAGE_MODEL_POLICY,2,6.482136808015639,9.351
STAGE_MODEL_POLICY,2,6.53360093201627,11.073
STAGE_MODEL_POLICY,2,6.585067881009309,9.202
STAGE_MODEL_POLICY,2,6.63654296999448,9.202
STAGE_MODEL_POLICY,2,6.688804719015025,10.232
STAGE_MODEL_POLICY,2,6.739491120009916,10.232
STAGE_MODEL_POLICY,2,6.790077767014736,10.205
STAGE_MODEL_POLICY,2,6.840557763993274,10.205
STAGE_MODEL_POLICY,2,6.890969102008967,10.201
STAGE_MODEL_POLICY,2,6.941423765994841,10.201
STAGE_MODEL_POLICY,2,6.991925389011158,10.201
STAGE_MODEL_POLICY,2,7.042368605994852,10.201
STAGE_MODEL_POLICY,2,7.092866488994332,10.184
STAGE_MODEL_POLICY,2,7.143307026999537,10.184
STAGE_MODEL_POLICY,2,7.193720534996828,10.188
STAGE_MODEL_POLICY,2,7.244157289998839,10.188
STAGE_MODEL_POLICY,2,7.294803376018535,10.191
STAGE_MODEL_POLICY,2,7.345350841002073,10.191
STAGE_MODEL_POLICY,2,7.3959084310045,10.19
STAGE_MODEL_POLICY,2,7.446438665007008,10.19
STAGE_MODEL_POLICY,2,7.496909876004793,10.176
STAGE_MODEL_POLICY,2,7.547367418999784,10.176
STAGE_MODEL_POLICY,2,7.597755429014796,10.174
STAGE_MODEL_POLICY,2,7.648267437005416,10.174
STAGE_MODEL_POLICY,2,7.698800330021186,10.168
STAGE_MODEL_POLICY,2,7.749239672004478,10.168
STAGE_MODEL_POLICY,2,7.799704434000887,10.16
STAGE_MODEL_POLICY,2,7.850243801018223,10.16
STAGE_MODEL_POLICY,2,7.900677218014607,10.161
STAGE_MODEL_POLICY,2,7.951135340001201,10.161
STAGE_MODEL_POLICY,2,8.001561747019878,10.156
STAGE_MODEL_POLICY,2,8.052114882011665,10.156
STAGE_MODEL_POLICY,2,8.102667501021642,10.157
STAGE_MODEL_POLICY,2,8.153501452994533,10.157
STAGE_MODEL_POLICY,2,8.204060029005632,10.171
STAGE_MODEL_POLICY,2,8.254605472000549,10.171
STAGE_MODEL_POLICY,2,8.305162884993479,10.19
STAGE_MODEL_POLICY,2,8.35557217700989,10.19
STAGE_MODEL_POLICY,2,8.406222023011651,10.19
STAGE_MODEL_POLICY,2,8.456913583009737,10.19
STAGE_MODEL_POLICY,2,8.507412178994855,10.194
STAGE_MODEL_POLICY,2,8.558326065016445,10.194
STAGE_MODEL_POLICY,2,8.608880893007154,10.226
STAGE_MODEL_POLICY,2,8.659218297019834,10.226
STAGE_MODEL_POLICY,2,8.709799688018393,9.908
STAGE_MODEL_POLICY,2,8.761521025997354,9.908
STAGE_MODEL_POLICY,2,8.81789716501953,10.216
STAGE_MODEL_POLICY,2,8.87115857101162,10.216
STAGE_MODEL_POLICY,2,8.921928426017985,9.499
STAGE_MODEL_POLICY,2,8.975639714015415,10.99
STAGE_MODEL_POLICY,2,9.03221565001877,10.375
STAGE_MODEL_POLICY,2,9.083787650015438,10.052
STAGE_MODEL_POLICY,2,9.13620247101062,10.052
STAGE_MODEL_POLICY,2,9.187632815010147,9.61
STAGE_MODEL_POLICY,2,9.240297843003646,9.61
STAGE_MODEL_POLICY,2,9.292905723996228,9.247
STAGE_MODEL_POLICY,2,9.34418261301471,9.247
STAGE_MODEL_POLICY,2,9.396422220015666,10.345
STAGE_MODEL_POLICY,2,9.447008431016002,10.345
STAGE_MODEL_POLICY,2,9.497493383998517,10.277
STAGE_MODEL_POLICY,2,9.548158991994569,10.277
STAGE_MODEL_POLICY,2,9.598723728995537,10.262
STAGE_MODEL_POLICY,2,9.64927470200928,10.262
STAGE_MODEL_POLICY,2,9.69997714200872,10.244
STAGE_MODEL_POLICY,2,9.750679310993291,10.244
STAGE_MODEL_POLICY,2,9.8012146630208,10.279
STAGE_MODEL_POLICY,2,9.863334633002523,10.279
STAGE_MODEL_POLICY,2,9.913898330996744,10.279
STAGE_MODEL_POLICY,2,9.966862630011747,10.279
STAGE_MODEL_POLICY,2,10.018100676999893,10.202
STAGE_MODEL_POLICY,2,10.077832158014644,8.948
STAGE_MODEL_POLICY,2,10.12926699401578,8.948
STAGE_MODEL_POLICY,2,10.183322815020801,10.249
STAGE_MODEL_POLICY,2,10.23382861801656,10.249
STAGE_MODEL_POLICY,2,10.284319874015637,10.255
STAGE_MODEL_POLICY,2,10.334851962019457,10.255
STAGE_MODEL_POLICY,2,10.38544845400611,10.259
STAGE_MODEL_POLICY,2,10.435851314017782,10.259
STAGE_MODEL_POLICY,2,10.486377972003538,6.97
STAGE_MODEL_POLICY,2,10.5392061760067,6.97
STAGE_MODEL_POLICY,2,10.59642158501083,10.278
STAGE_MODEL_POLICY,2,10.647131125995656,10.278
STAGE_MODEL_POLICY,2,10.697890283016022,10.273
STAGE_MODEL_POLICY,2,10.748792080004932,10.273
STAGE_MODEL_POLICY,2,10.799326445005136,14.478
STAGE_MODEL_POLICY,2,10.856123555015074,14.478
STAGE_MODEL_POLICY,2,10.907497423002496,10.207
STAGE_MODEL_POLICY,2,10.958297172008315,10.207
STAGE_MODEL_POLICY,2,11.008887507021427,10.265
STAGE_MODEL_POLICY,2,11.05969881900819,10.265
STAGE_MODEL_POLICY,2,11.110414805007167,10.269
STAGE_MODEL_POLICY,2,11.166339243005496,10.269
STAGE_MODEL_POLICY,2,11.216941110003972,10.53
STAGE_MODEL_POLICY,2,11.270791918010218,10.53
STAGE_MODEL_POLICY,2,11.322452766995411,10.341
STAGE_MODEL_POLICY,2,11.373497738008155,10.341
STAGE_MODEL_POLICY,2,11.424143498996273,10.331
STAGE_MODEL_POLICY,2,11.474672053998802,10.331
STAGE_MODEL_POLICY,2,11.525268397002947,9.825
STAGE_MODEL_POLICY,2,11.576524698000867,10.309
STAGE_MODEL_POLICY,2,11.631658719998086,10.547
STAGE_MODEL_POLICY,2,11.682178887014743,10.296
STAGE_MODEL_POLICY,2,11.733054615993751,10.296
STAGE_MODEL_POLICY,2,11.783752321003703,10.278
STAGE_MODEL_POLICY,2,11.834236154012615,10.278
STAGE_MODEL_POLICY,2,11.884787176997634,10.266
STAGE_MODEL_POLICY,2,11.935562551021576,10.266
STAGE_MODEL_POLICY,2,11.986259380995762,10.274
STAGE_MODEL_POLICY,2,12.03722295400803,10.274
STAGE_MODEL_POLICY,2,12.087909499008674,10.275
STAGE_MODEL_POLICY,2,12.138576819008449,10.275
STAGE_MODEL_POLICY,2,12.189348298008554,10.276
STAGE_MODEL_POLICY,2,12.240393560001394,10.276
STAGE_MODEL_POLICY,2,12.291186460002791,10.281
STAGE_MODEL_POLICY,2,12.341849571006605,10.281
STAGE_MODEL_POLICY,2,12.392480173002696,10.278
STAGE_MODEL_POLICY,2,12.44305977699696,10.278
STAGE_MODEL_POLICY,2,12.493434000003617,10.286
STAGE_MODEL_POLICY,2,12.544008721015416,10.286
STAGE_MODEL_POLICY,2,12.594554934999906,10.285
STAGE_MODEL_POLICY,2,12.645143141009612,10.285
STAGE_MODEL_POLICY,2,12.695854943012819,10.288
STAGE_MODEL_POLICY,2,12.746534197009169,10.288
STAGE_MODEL_POLICY,2,12.797079031006433,10.294
STAGE_MODEL_POLICY,2,12.847663304011803,10.294
STAGE_MODEL_POLICY,2,12.898299117019633,10.3
STAGE_MODEL_POLICY,2,12.949058661004528,10.3
STAGE_MODEL_POLICY,2,12.999658860993804,10.298
STAGE_MODEL_POLICY,2,13.05028624800616,10.298
STAGE_MODEL_POLICY,2,13.10087181799463,10.302
STAGE_MODEL_POLICY,2,13.151517264021095,10.302
STAGE_MODEL_POLICY,2,13.201919668004848,10.304
STAGE_MODEL_POLICY,2,13.252500336006051,10.304
STAGE_MODEL_POLICY,2,13.302953880018322,10.3
STAGE_MODEL_POLICY,2,13.353447747998871,10.3
STAGE_MODEL_POLICY,2,13.404193626018241,10.306
STAGE_MODEL_POLICY,2,13.454912418004824,10.306
STAGE_MODEL_POLICY,2,13.505712040001526,10.304
STAGE_MODEL_POLICY,2,13.556354714004556,10.304
STAGE_MODEL_POLICY,2,13.607259337994037,10.297
STAGE_MODEL_POLICY,2,13.657750767015386,10.297
STAGE_MODEL_POLICY,2,13.70831958000781,10.304
STAGE_MODEL_POLICY,2,13.758901563996915,10.304
STAGE_MODEL_POLICY,2,13.809622366999974,10.301
STAGE_MODEL_POLICY,2,13.860490393009968,10.301
STAGE_MODEL_POLICY,2,13.911211611004546,10.301
STAGE_MODEL_POLICY,2,13.961872114014113,10.301
STAGE_MODEL_POLICY,2,14.012584131007316,10.301
STAGE_MODEL_POLICY,2,14.063035116007086,10.301
STAGE_MODEL_POLICY,2,14.113586173014482,10.306
STAGE_MODEL_POLICY,2,14.164325138001004,10.306
STAGE_MODEL_POLICY,2,14.214820699009579,10.299
STAGE_MODEL_POLICY,2,14.265371832996607,10.299
STAGE_MODEL_POLICY,2,14.3159073300194,10.299
STAGE_MODEL_POLICY,2,14.36642761802068,10.299
STAGE_MODEL_POLICY,2,14.416924763005227,10.297
STAGE_MODEL_POLICY,2,14.467520734993741,10.297
STAGE_MODEL_POLICY,2,14.518329506012378,10.301
STAGE_MODEL_POLICY,2,14.56891190999886,10.301
STAGE_MODEL_POLICY,2,14.619478676002473,10.298
STAGE_MODEL_POLICY,2,14.670169688994065,10.298
STAGE_MODEL_POLICY,2,14.72074372699717,10.296
STAGE_MODEL_POLICY,2,14.7712805189949,10.296
STAGE_MODEL_POLICY,2,14.821833299007267,10.298
STAGE_MODEL_POLICY,2,14.872304743999848,10.298
STAGE_MODEL_POLICY,2,14.923059727007058,10.298
STAGE_MODEL_POLICY,2,14.973697403009282,10.298
STAGE_MODEL_POLICY,2,15.024085469020065,10.303
STAGE_MODEL_POLICY,2,15.074521061993437,10.303
STAGE_MODEL_POLICY,2,15.125326274021063,10.308
STAGE_MODEL_POLICY,2,15.175822506018449,10.308
STAGE_MODEL_POLICY,2,15.226217001007171,10.304
STAGE_MODEL_POLICY,2,15.276691086997744,10.304
STAGE_MODEL_POLICY,2,15.327141115994891,10.311
STAGE_MODEL_POLICY,2,15.37778827600414,10.311
STAGE_MODEL_POLICY,2,15.428371457004687,10.318
STAGE_MODEL_POLICY,2,15.478768527013017,10.318
STAGE_MODEL_POLICY,2,15.529188626009272,10.311
STAGE_MODEL_POLICY,2,15.579770896001719,10.311
STAGE_MODEL_POLICY,2,15.630304885009537,10.314
STAGE_MODEL_POLICY,2,15.6807590330136,10.314
STAGE_MODEL_POLICY,2,15.731245247006882,10.311
STAGE_MODEL_POLICY,2,15.781674163998105,10.311
STAGE_MODEL_POLICY,2,15.832194443006301,10.319
STAGE_MODEL_POLICY,2,15.88269176700851,10.31
STAGE_MODEL_POLICY,2,15.933342763019027,10.31
STAGE_MODEL_POLICY,2,15.983988759020576,10.314
STAGE_MODEL_POLICY,2,16.034486896009184,10.314
STAGE_MODEL_POLICY,2,16.084962003020337,10.313
STAGE_MODEL_POLICY,2,16.135377572994912,10.313
STAGE_MODEL_POLICY,2,16.18600752900238,10.195
STAGE_MODEL_POLICY,2,16.23737434699433,10.195
STAGE_MODEL_POLICY,2,16.289286698010983,10.285
STAGE_MODEL_POLICY,2,16.339995354996063,10.285
STAGE_MODEL_POLICY,2,16.390570587012917,8.81
STAGE_MODEL_POLICY,2,16.442759808996925,8.81
STAGE_MODEL_POLICY,2,16.49414928400074,10.318
STAGE_MODEL_POLICY,2,16.54462767401128,10.318
STAGE_MODEL_POLICY,2,16.59513806400355,10.313
STAGE_MODEL_POLICY,2,16.64556924800854,10.313
STAGE_MODEL_POLICY,2,16.69598473102087,10.297
STAGE_MODEL_POLICY,2,16.74650489000487,10.297
STAGE_MODEL_POLICY,2,16.79703420199803,6.572
STAGE_MODEL_POLICY,2,16.848456926993094,6.572
STAGE_MODEL_POLICY,2,16.900027360999957,10.275
STAGE_MODEL_POLICY,2,16.95065454399446,10.275
STAGE_MODEL_POLICY,2,17.001168764021713,10.293
STAGE_MODEL_POLICY,2,17.051729048020206,10.293
STAGE_MODEL_POLICY,2,17.10220963699976,13.929
STAGE_MODEL_POLICY,2,17.153958903014427,13.929
STAGE_MODEL_POLICY,2,17.205335545004345,12.609
STAGE_MODEL_POLICY,2,17.25692273399909,12.609
STAGE_MODEL_POLICY,2,17.308400348003488,10.436
STAGE_MODEL_POLICY,2,17.36778633799986,10.436
STAGE_MODEL_POLICY,2,17.419018148997566,9.516
STAGE_MODEL_POLICY,2,17.47030389000429,9.516
STAGE_MODEL_POLICY,2,17.521679972007405,10.699
STAGE_MODEL_POLICY,2,17.57359634200111,10.699
STAGE_MODEL_POLICY,2,17.63286053200136,10.518
STAGE_MODEL_POLICY,2,17.683379137015436,9.252
STAGE_MODEL_POLICY,2,17.73519945400767,9.252
STAGE_MODEL_POLICY,2,17.787823774997378,10.33
STAGE_MODEL_POLICY,2,17.83880022901576,10.33
STAGE_MODEL_POLICY,2,17.88934316401719,10.262
STAGE_MODEL_POLICY,2,17.942125672008842,10.262
STAGE_MODEL_POLICY,2,17.993245916994056,10.339
STAGE_MODEL_POLICY,2,18.04377404000843,10.339
STAGE_MODEL_POLICY,2,18.09418340001139,6.429
STAGE_MODEL_POLICY,2,18.14528484400944,6.429
STAGE_MODEL_POLICY,2,18.198338692018297,10.297
STAGE_MODEL_POLICY,2,18.24882359500043,10.297
STAGE_MODEL_POLICY,2,18.29933287901804,12.981
STAGE_MODEL_POLICY,2,18.354731569997966,12.981
STAGE_MODEL_POLICY,2,18.405959961994085,10.147
STAGE_MODEL_POLICY,2,18.45647555499454,10.147
STAGE_MODEL_POLICY,2,18.507041481003398,13.539
STAGE_MODEL_POLICY,2,18.558734491001815,13.539
STAGE_MODEL_POLICY,2,18.613784403016325,10.682
STAGE_MODEL_POLICY,2,18.66577261101338,10.682
STAGE_MODEL_POLICY,2,18.717065105010988,10.427
STAGE_MODEL_POLICY,2,18.768465664004907,10.427
STAGE_MODEL_POLICY,2,18.820026291010436,10.625
STAGE_MODEL_POLICY,2,18.87242288599373,10.625
STAGE_MODEL_POLICY,2,18.93067335401429,10.35
STAGE_MODEL_POLICY,2,18.984031455998775,9.473
STAGE_MODEL_POLICY,2,19.036867376009468,10.228
STAGE_MODEL_POLICY,2,19.100749506003922,10.327
STAGE_MODEL_POLICY,2,19.1520699840039,10.441
STAGE_MODEL_POLICY,2,19.203745247010374,10.105
STAGE_MODEL_POLICY,2,19.2549459580041,11.189
STAGE_MODEL_POLICY,2,19.315416333003668,6.277
STAGE_MODEL_POLICY,2,19.366579758003354,6.277
STAGE_MODEL_POLICY,2,19.418334921996575,10.404
STAGE_MODEL_POLICY,2,19.468719697993947,10.404
STAGE_MODEL_POLICY,2,19.519142486999044,10.361
STAGE_MODEL_POLICY,2,19.56960605099448,10.361
STAGE_MODEL_POLICY,2,19.620094707002863,10.343
STAGE_MODEL_POLICY,2,19.67052519400022,10.343
STAGE_MODEL_POLICY,2,19.7212133849971,13.42
STAGE_MODEL_POLICY,2,19.778873517003376,9.649
STAGE_MODEL_POLICY,2,19.830450994020794,9.649
STAGE_MODEL_POLICY,2,19.88230931002181,10.323
STAGE_MODEL_POLICY,2,19.932811602018774,10.323
STAGE_MODEL_POLICY,2,19.98326814500615,10.354
STAGE_MODEL_POLICY,2,20.0338173500204,10.354
STAGE_MODEL_POLICY,2,20.086094697006047,10.352
STAGE_MODEL_POLICY,2,20.138658850017237,10.352
STAGE_MODEL_POLICY,2,20.18915738601936,10.445
STAGE_MODEL_POLICY,2,20.23962260800181,10.445
STAGE_MODEL_POLICY,2,20.290271458012285,10.36
STAGE_MODEL_POLICY,2,20.340785900014453,10.36
STAGE_MODEL_POLICY,2,20.391892793995794,9.972
STAGE_MODEL_POLICY,2,20.44319182401523,9.972
STAGE_MODEL_POLICY,2,20.4969632110151,10.715
STAGE_MODEL_POLICY,2,20.54752096501761,10.715
STAGE_MODEL_POLICY,2,20.59815510601038,10.425
STAGE_MODEL_POLICY,2,20.648842718015658,10.425
STAGE_MODEL_POLICY,2,20.699332957010483,10.436
STAGE_MODEL_POLICY,2,20.750177172012627,10.436
STAGE_MODEL_POLICY,2,20.800937460007844,10.432
STAGE_MODEL_POLICY,2,20.851599548012018,10.432
STAGE_MODEL_POLICY,2,20.90210607901099,10.424
STAGE_MODEL_POLICY,2,20.95277078502113,10.424
STAGE_MODEL_POLICY,2,21.003400250017876,10.446
STAGE_MODEL_POLICY,2,21.053810281999176,10.446
STAGE_MODEL_POLICY,2,21.10425700500491,10.442
STAGE_MODEL_POLICY,2,21.1546951100172,10.442
STAGE_MODEL_POLICY,2,21.205176540010143,10.436
STAGE_MODEL_POLICY,2,21.255814867996378,10.436
STAGE_MODEL_POLICY,2,21.30626361601753,10.428
STAGE_MODEL_POLICY,2,21.3568346510001,10.428
STAGE_MODEL_POLICY,2,21.407349926012103,10.427
STAGE_MODEL_POLICY,2,21.457748504995834,10.427
STAGE_MODEL_POLICY,2,21.508153389004292,10.425
STAGE_MODEL_POLICY,2,21.558530169015285,10.425
STAGE_MODEL_POLICY,2,21.60901763100992,10.392
STAGE_MODEL_POLICY,2,21.659777990018483,10.392
STAGE_MODEL_POLICY,2,21.710251683020033,10.413
STAGE_MODEL_POLICY,2,21.76060633402085,10.413
STAGE_MODEL_POLICY,2,21.81099163100589,10.399
STAGE_MODEL_POLICY,2,21.86152500100434,10.399
STAGE_MODEL_POLICY,2,21.91199379900354,10.4
STAGE_MODEL_POLICY,2,21.962662965001073,10.4
STAGE_MODEL_POLICY,2,22.013116187998094,10.399
STAGE_MODEL_POLICY,2,22.06369354200433,10.399
STAGE_MODEL_POLICY,2,22.11430530299549,10.381
STAGE_MODEL_POLICY,2,22.164843447011663,10.381
STAGE_MODEL_POLICY,2,22.21539295700495,10.377
STAGE_MODEL_POLICY,2,22.265900710015558,10.377
STAGE_MODEL_POLICY,2,22.316429982020054,10.378
STAGE_MODEL_POLICY,2,22.367066275008256,10.378
STAGE_MODEL_POLICY,2,22.417716652998934,10.378
STAGE_MODEL_POLICY,2,22.46829267599969,10.378
STAGE_MODEL_POLICY,2,22.518765707995044,10.379
STAGE_MODEL_POLICY,2,22.569292582018534,10.379
STAGE_MODEL_POLICY,2,22.61965752800461,10.379
STAGE_MODEL_POLICY,2,22.670141892012907,10.379
STAGE_MODEL_POLICY,2,22.7206548860122,10.384
STAGE_MODEL_POLICY,2,22.771139498014236,10.384
STAGE_MODEL_POLICY,2,22.82162714601145,10.386
STAGE_MODEL_POLICY,2,22.87206794001395,10.386
STAGE_MODEL_POLICY,2,22.922540168015985,10.392
STAGE_MODEL_POLICY,2,22.97301877400605,10.392
STAGE_MODEL_POLICY,2,23.02347286400618,10.391
STAGE_MODEL_POLICY,2,23.07390413401299,10.395
STAGE_MODEL_POLICY,2,23.124342849012464,10.395
STAGE_MODEL_POLICY,2,23.174962049000897,10.396
STAGE_MODEL_POLICY,2,23.225378022005316,10.396
STAGE_MODEL_POLICY,2,23.275797312002396,10.389
STAGE_MODEL_POLICY,2,23.326311248005368,10.389
STAGE_MODEL_POLICY,2,23.376756790006766,10.383
STAGE_MODEL_POLICY,2,23.42709739500424,10.383
STAGE_MODEL_POLICY,2,23.47748314301134,10.382
STAGE_MODEL_POLICY,2,23.527967778994935,10.382
STAGE_MODEL_POLICY,2,23.578409634006675,10.374
STAGE_MODEL_POLICY,2,23.62887419501203,10.374
STAGE_MODEL_POLICY,2,23.679331242019543,10.369
STAGE_MODEL_POLICY,2,23.729925551015185,10.369
STAGE_MODEL_POLICY,2,23.78039288101718,10.364
STAGE_MODEL_POLICY,2,23.830948459013598,10.364
STAGE_MODEL_POLICY,2,23.88146209201659,10.368
STAGE_MODEL_POLICY,2,23.93203006600379,10.368
STAGE_MODEL_POLICY,2,23.984043583011953,10.369
STAGE_MODEL_POLICY,2,24.034580513020046,10.369
STAGE_MODEL_POLICY,2,24.08512041499489,10.368
STAGE_MODEL_POLICY,2,24.13560648501152,10.368
STAGE_MODEL_POLICY,2,24.186016777006444,10.36
STAGE_MODEL_POLICY,2,24.23652013600804,10.36
STAGE_MODEL_POLICY,2,24.28720095101744,10.355
STAGE_MODEL_POLICY,2,24.337731730018277,10.355
STAGE_MODEL_POLICY,2,24.388162552000722,10.359
STAGE_MODEL_POLICY,2,24.43858082400402,10.359
STAGE_MODEL_POLICY,2,24.489063604996772,6.303
STAGE_MODEL_POLICY,2,24.540185268997448,6.303
STAGE_MODEL_POLICY,2,24.596549591020448,10.46
STAGE_MODEL_POLICY,2,24.647050012019463,10.46
STAGE_MODEL_POLICY,2,24.697521518013673,9.596
STAGE_MODEL_POLICY,2,24.74878974800231,9.596
STAGE_MODEL_POLICY,2,24.800119768013246,10.387
STAGE_MODEL_POLICY,2,24.8507221119944,10.387
STAGE_MODEL_POLICY,2,24.901153646002058,9.691
STAGE_MODEL_POLICY,2,24.953488886007108,9.691
STAGE_MODEL_POLICY,2,25.004734829999506,10.348
STAGE_MODEL_POLICY,2,25.055392100999597,10.348
STAGE_MODEL_POLICY,2,25.10590570300701,10.351
STAGE_MODEL_POLICY,2,25.156502224010183,10.351
STAGE_MODEL_POLICY,2,25.206942718010396,9.533
STAGE_MODEL_POLICY,2,25.258602075016825,10.807
STAGE_MODEL_POLICY,2,25.311151158995926,9.464
STAGE_MODEL_POLICY,2,25.362765302998014,10.346
STAGE_MODEL_POLICY,2,25.41401389602106,10.31
STAGE_MODEL_POLICY,2,25.466277100000298,10.68
STAGE_MODEL_POLICY,2,25.517983677011216,9.559
STAGE_MODEL_POLICY,2,25.569223968021106,11.071
STAGE_MODEL_POLICY,2,25.620455961994594,6.223
STAGE_MODEL_POLICY,2,25.671837859001243,15.693
STAGE_MODEL_POLICY,2,25.734844449994853,15.693
STAGE_MODEL_POLICY,2,25.786356377007905,9.988
STAGE_MODEL_POLICY,2,25.837068099994212,9.988
STAGE_MODEL_POLICY,2,25.88786012501805,10.186
STAGE_MODEL_POLICY,2,25.948337979993084,10.186
STAGE_MODEL_POLICY,2,25.99883586500073,9.625
STAGE_MODEL_POLICY,2,26.052607846009778,9.625
STAGE_MODEL_POLICY,2,26.104118223011028,10.338
STAGE_MODEL_POLICY,2,26.16334913499304,10.338
STAGE_MODEL_POLICY,2,26.214030553994235,10.49
STAGE_MODEL_POLICY,2,26.267284752015257,10.49
STAGE_MODEL_POLICY,2,26.31852012500167,10.278
STAGE_MODEL_POLICY,2,26.36917511501815,10.278
STAGE_MODEL_POLICY,2,26.419794360001106,8.919
STAGE_MODEL_POLICY,2,26.471485306014074,10.302
STAGE_MODEL_POLICY,2,26.52484931400977,10.263
STAGE_MODEL_POLICY,2,26.57536882199929,10.34
STAGE_MODEL_POLICY,2,26.628334467997774,10.34
STAGE_MODEL_POLICY,2,26.680779704009183,8.432
STAGE_MODEL_POLICY,2,26.733000950014684,8.432
STAGE_MODEL_POLICY,2,26.784334635012783,6.159
STAGE_MODEL_POLICY,2,26.836724230000982,6.159
STAGE_MODEL_POLICY,2,26.88820371500333,7.241
STAGE_MODEL_POLICY,2,26.9395464300178,7.241
STAGE_MODEL_POLICY,2,26.992179327993654,10.388
STAGE_MODEL_POLICY,2,27.042721300997073,10.388
STAGE_MODEL_POLICY,2,27.093496675021015,10.353
STAGE_MODEL_POLICY,2,27.143999227002496,10.353
STAGE_MODEL_POLICY,2,27.194670441007474,9.564
STAGE_MODEL_POLICY,2,27.247644971997943,9.564
STAGE_MODEL_POLICY,2,27.298978324019117,10.354
STAGE_MODEL_POLICY,2,27.349661246000323,10.354
STAGE_MODEL_POLICY,2,27.400391230999958,10.28
STAGE_MODEL_POLICY,2,27.451725212013116,10.28
STAGE_MODEL_POLICY,2,27.504858479020186,10.265
STAGE_MODEL_POLICY,2,27.555590022995602,10.265
STAGE_MODEL_POLICY,2,27.606237719999626,10.316
STAGE_MODEL_POLICY,2,27.656991066003684,10.316
STAGE_MODEL_POLICY,2,27.7076115180098,10.321
STAGE_MODEL_POLICY,2,27.758274291001726,10.321
STAGE_MODEL_POLICY,2,27.808799171994906,10.523
STAGE_MODEL_POLICY,2,27.86085836699931,10.523
STAGE_MODEL_POLICY,2,27.912193677999312,10.302
STAGE_MODEL_POLICY,2,27.96381693301373,10.302
STAGE_MODEL_POLICY,2,28.014537412003847,10.321
STAGE_MODEL_POLICY,2,28.06497436799691,12.817
STAGE_MODEL_POLICY,2,28.132922296004836,12.817
STAGE_MODEL_POLICY,2,28.184231477993308,10.136
STAGE_MODEL_POLICY,2,28.234734594996553,10.136
STAGE_MODEL_POLICY,2,28.285287744016387,10.239
STAGE_MODEL_POLICY,2,28.345698278018972,10.239
STAGE_MODEL_POLICY,2,28.396655068994733,9.43
STAGE_MODEL_POLICY,2,28.450652513012756,9.43
STAGE_MODEL_POLICY,2,28.502211776998593,10.346
STAGE_MODEL_POLICY,2,28.55300846201135,10.346
STAGE_MODEL_POLICY,2,28.603846865007654,10.335
STAGE_MODEL_POLICY,2,28.654444104002323,10.335
STAGE_MODEL_POLICY,2,28.705417161021614,10.346
STAGE_MODEL_POLICY,2,28.756085386994528,10.346
STAGE_MODEL_POLICY,2,28.806777784018777,9.026
STAGE_MODEL_POLICY,2,28.858364707994042,11.319
STAGE_MODEL_POLICY,2,28.909894669021014,9.126
STAGE_MODEL_POLICY,2,28.965571114007616,9.126
STAGE_MODEL_POLICY,2,29.01681184800691,10.331
STAGE_MODEL_POLICY,2,29.067366408009548,10.331
STAGE_MODEL_POLICY,2,29.11799442701158,10.354
STAGE_MODEL_POLICY,2,29.168509188020835,10.354
STAGE_MODEL_POLICY,2,29.21908558899304,10.356
STAGE_MODEL_POLICY,2,29.26948805700522,10.356
STAGE_MODEL_POLICY,2,29.320178093999857,6.129
STAGE_MODEL_POLICY,2,29.3720330040087,10.341
STAGE_MODEL_POLICY,2,29.4228784450097,10.341
STAGE_MODEL_POLICY,2,29.4733848060132,10.347
STAGE_MODEL_POLICY,2,29.52389748999849,10.347
STAGE_MODEL_POLICY,2,29.574402775993804,10.197
STAGE_MODEL_POLICY,2,29.626983929018024,10.197
STAGE_MODEL_POLICY,2,29.680318290018477,10.388
STAGE_MODEL_POLICY,2,29.730954377009766,10.388
STAGE_MODEL_POLICY,2,29.781467074004468,10.373
STAGE_MODEL_POLICY,2,29.832042084017303,10.373
STAGE_MODEL_POLICY,2,29.882694108993746,10.348
STAGE_MODEL_POLICY,2,29.935093322012108,10.348
STAGE_MODEL_POLICY,2,29.986371989012696,10.363
STAGE_FULL_PIPELINE,2,0.0068537390034180135,10.363
STAGE_FULL_PIPELINE,2,0.05730863398639485,9.653
STAGE_FULL_PIPELINE,2,0.10783967099268921,9.653
STAGE_FULL_PIPELINE,2,0.15829129799385555,9.871
STAGE_FULL_PIPELINE,2,0.2088645719923079,9.871
STAGE_FULL_PIPELINE,2,0.2596516560006421,9.991
STAGE_FULL_PIPELINE,2,0.3101673469936941,9.991
STAGE_FULL_PIPELINE,2,0.3608714919828344,10.057
STAGE_FULL_PIPELINE,2,0.41137235099449754,10.057
STAGE_FULL_PIPELINE,2,0.46206469601020217,10.101
STAGE_FULL_PIPELINE,2,0.5127031809824985,10.101
STAGE_FULL_PIPELINE,2,0.5633568110060878,10.135
STAGE_FULL_PIPELINE,2,0.613880026008701,10.135
STAGE_FULL_PIPELINE,2,0.6647552829817869,10.159
STAGE_FULL_PIPELINE,2,0.7154414749820717,10.159
STAGE_FULL_PIPELINE,2,0.7659780510002747,10.175
STAGE_FULL_PIPELINE,2,0.8166135220089927,10.175
STAGE_FULL_PIPELINE,2,0.8675083679845557,10.188
STAGE_FULL_PIPELINE,2,0.9180397930031177,10.188
STAGE_FULL_PIPELINE,2,0.9684458900010213,10.203
STAGE_FULL_PIPELINE,2,1.0189537270052824,10.203
STAGE_FULL_PIPELINE,2,1.069456403987715,10.176
STAGE_FULL_PIPELINE,2,1.1199061259976588,10.176
STAGE_FULL_PIPELINE,2,1.1708045359991957,10.327
STAGE_FULL_PIPELINE,2,1.2216218420071527,10.327
STAGE_FULL_PIPELINE,2,1.2723126010096166,10.331
STAGE_FULL_PIPELINE,2,1.3231437630020082,10.331
STAGE_FULL_PIPELINE,2,1.3736767939990386,10.332
STAGE_FULL_PIPELINE,2,1.424240980995819,10.332
STAGE_FULL_PIPELINE,2,1.474737434007693,10.335
STAGE_FULL_PIPELINE,2,1.5252982240053825,10.335
STAGE_FULL_PIPELINE,2,1.5759686630044598,10.339
STAGE_FULL_PIPELINE,2,1.6264167269982863,10.339
STAGE_FULL_PIPELINE,2,1.6769388139946386,10.34
STAGE_FULL_PIPELINE,2,1.7274992690072395,10.34
STAGE_FULL_PIPELINE,2,1.7780643529840745,10.34
STAGE_FULL_PIPELINE,2,1.8284753409971017,10.34
STAGE_FULL_PIPELINE,2,1.8789192659896798,10.342
STAGE_FULL_PIPELINE,2,1.9295150300022215,10.342
STAGE_FULL_PIPELINE,2,1.979981290991418,10.673
STAGE_FULL_PIPELINE,2,2.0312674090091605,10.673
STAGE_FULL_PIPELINE,2,2.083454212988727,9.344
STAGE_FULL_PIPELINE,2,2.1340660300047603,10.341
STAGE_FULL_PIPELINE,2,2.1846386140096,10.341
STAGE_FULL_PIPELINE,2,2.2354598809906747,10.346
STAGE_FULL_PIPELINE,2,2.285947217984358,10.346
STAGE_FULL_PIPELINE,2,2.336498146003578,10.347
STAGE_FULL_PIPELINE,2,2.387145974993473,10.347
STAGE_FULL_PIPELINE,2,2.451545571006136,9.707
STAGE_FULL_PIPELINE,2,2.502774608990876,9.707
STAGE_FULL_PIPELINE,2,2.556271287990967,10.366
STAGE_FULL_PIPELINE,2,2.6067006909870543,10.366
STAGE_FULL_PIPELINE,2,2.6661890280083753,12.004
STAGE_FULL_PIPELINE,2,2.717249824985629,10.189
STAGE_FULL_PIPELINE,2,2.770256554009393,11.263
STAGE_FULL_PIPELINE,2,2.821521682984894,6.177
STAGE_FULL_PIPELINE,2,2.886671271000523,6.177
STAGE_FULL_PIPELINE,2,2.938002173003042,10.362
STAGE_FULL_PIPELINE,2,2.9930214209889527,10.044
STAGE_FULL_PIPELINE,2,3.04344142699847,10.214
STAGE_FULL_PIPELINE,2,3.093941556988284,10.214
STAGE_FULL_PIPELINE,2,3.1444395750004333,10.252
STAGE_FULL_PIPELINE,2,3.1948112699901685,10.252
STAGE_FULL_PIPELINE,2,3.24524110899074,10.282
STAGE_FULL_PIPELINE,2,3.2959222279896494,10.282
STAGE_FULL_PIPELINE,2,3.346394228981808,10.1
STAGE_FULL_PIPELINE,2,3.397549090004759,10.1
STAGE_FULL_PIPELINE,2,3.4490813789889216,10.44
STAGE_FULL_PIPELINE,2,3.499851097993087,10.44
STAGE_FULL_PIPELINE,2,3.5504237929999363,10.39
STAGE_FULL_PIPELINE,2,3.6010036889929324,10.39
STAGE_FULL_PIPELINE,2,3.651532293006312,10.373
STAGE_FULL_PIPELINE,2,3.7019947379885707,10.373
STAGE_FULL_PIPELINE,2,3.756157844007248,10.344
STAGE_FULL_PIPELINE,2,3.807357174984645,10.169
STAGE_FULL_PIPELINE,2,3.8601600640104152,10.919
STAGE_FULL_PIPELINE,2,3.9116044160036836,10.919
STAGE_FULL_PIPELINE,2,3.9641976190032437,10.337
STAGE_FULL_PIPELINE,2,4.014869881008053,10.337
STAGE_FULL_PIPELINE,2,4.0653803599998355,6.133
STAGE_FULL_PIPELINE,2,4.120584500982659,6.133
STAGE_FULL_PIPELINE,2,4.172141040005954,11.754
STAGE_FULL_PIPELINE,2,4.222637286002282,11.754
STAGE_FULL_PIPELINE,2,4.273219335998874,11.055
STAGE_FULL_PIPELINE,2,4.324231417995179,11.055
STAGE_FULL_PIPELINE,2,4.374859215982724,10.682
STAGE_FULL_PIPELINE,2,4.426152887986973,10.682
STAGE_FULL_PIPELINE,2,4.479369217006024,10.318
STAGE_FULL_PIPELINE,2,4.529778553987853,10.318
STAGE_FULL_PIPELINE,2,4.580270940990886,10.348
STAGE_FULL_PIPELINE,2,4.630899726995267,10.348
STAGE_FULL_PIPELINE,2,4.681933141982881,9.455
STAGE_FULL_PIPELINE,2,4.734226645989111,11.126
STAGE_FULL_PIPELINE,2,4.786184844997479,11.035
STAGE_FULL_PIPELINE,2,4.848742306989152,9.499
STAGE_FULL_PIPELINE,2,4.900013560982188,9.499
STAGE_FULL_PIPELINE,2,4.955497126007685,10.338
STAGE_FULL_PIPELINE,2,5.005962477996945,10.338
STAGE_FULL_PIPELINE,2,5.0564482109912205,10.34
STAGE_FULL_PIPELINE,2,5.10705869900994,10.34
STAGE_FULL_PIPELINE,2,5.157553094002651,10.333
STAGE_FULL_PIPELINE,2,5.208133802982047,10.333
STAGE_FULL_PIPELINE,2,5.258513234992279,10.329
STAGE_FULL_PIPELINE,2,5.309138598997379,10.329
STAGE_FULL_PIPELINE,2,5.359732123004505,10.321
STAGE_FULL_PIPELINE,2,5.410269818996312,10.321
STAGE_FULL_PIPELINE,2,5.4606796159932856,10.322
STAGE_FULL_PIPELINE,2,5.51119102400844,10.322
STAGE_FULL_PIPELINE,2,5.5616228290018626,10.319
STAGE_FULL_PIPELINE,2,5.612151289009489,10.319
STAGE_FULL_PIPELINE,2,5.66277640601038,10.403
STAGE_FULL_PIPELINE,2,5.715013576002093,10.403
STAGE_FULL_PIPELINE,2,5.769853626989061,10.37
STAGE_FULL_PIPELINE,2,5.822069377987646,10.37
STAGE_FULL_PIPELINE,2,5.872566492995247,10.042
STAGE_FULL_PIPELINE,2,5.9270201140025165,10.042
STAGE_FULL_PIPELINE,2,5.978300791000947,10.348
STAGE_FULL_PIPELINE,2,6.036703738995129,10.199
STAGE_FULL_PIPELINE,2,6.087911618000362,11.065
STAGE_FULL_PIPELINE,2,6.1542591440083925,9.99
STAGE_FULL_PIPELINE,2,6.205884317983873,10.743
STAGE_FULL_PIPELINE,2,6.257441624999046,10.118
STAGE_FULL_PIPELINE,2,6.308711958990898,10.118
STAGE_FULL_PIPELINE,2,6.360057660000166,10.337
STAGE_FULL_PIPELINE,2,6.410502032988006,10.337
STAGE_FULL_PIPELINE,2,6.46120245300699,10.336
STAGE_FULL_PIPELINE,2,6.511667215992929,10.336
STAGE_FULL_PIPELINE,2,6.563886599004036,10.355
STAGE_FULL_PIPELINE,2,6.614325578993885,10.355
STAGE_FULL_PIPELINE,2,6.664751386997523,6.051
STAGE_FULL_PIPELINE,2,6.716389679000713,6.051
STAGE_FULL_PIPELINE,2,6.769613793003373,10.446
STAGE_FULL_PIPELINE,2,6.820076960982988,10.446
STAGE_FULL_PIPELINE,2,6.870652101002634,10.391
STAGE_FULL_PIPELINE,2,6.921131117007462,10.391
STAGE_FULL_PIPELINE,2,6.971663139993325,10.394
STAGE_FULL_PIPELINE,2,7.022193890996277,10.394
STAGE_FULL_PIPELINE,2,7.072905111010186,10.975
STAGE_FULL_PIPELINE,2,7.124650124984328,10.975
STAGE_FULL_PIPELINE,2,7.175767740001902,10.151
STAGE_FULL_PIPELINE,2,7.227885887987213,10.151
STAGE_FULL_PIPELINE,2,7.279150772985304,10.413
STAGE_FULL_PIPELINE,2,7.329615049995482,10.413
STAGE_FULL_PIPELINE,2,7.380183681991184,10.337
STAGE_FULL_PIPELINE,2,7.430829215008998,10.337
STAGE_FULL_PIPELINE,2,7.481395198003156,10.603
STAGE_FULL_PIPELINE,2,7.532613555988064,10.334
STAGE_FULL_PIPELINE,2,7.58313653600635,10.334
STAGE_FULL_PIPELINE,2,7.633535089989891,10.116
STAGE_FULL_PIPELINE,2,7.685491298994748,10.116
STAGE_FULL_PIPELINE,2,7.73816372800502,10.341
STAGE_FULL_PIPELINE,2,7.788719679985661,10.341
STAGE_FULL_PIPELINE,2,7.839268904994242,10.313
STAGE_FULL_PIPELINE,2,7.889720304985531,10.313
STAGE_FULL_PIPELINE,2,7.941205909010023,10.323
STAGE_FULL_PIPELINE,2,7.991786070982926,10.323
STAGE_FULL_PIPELINE,2,8.042350408999482,10.309
STAGE_FULL_PIPELINE,2,8.092791987990495,10.309
STAGE_FULL_PIPELINE,2,8.143245796993142,10.084
STAGE_FULL_PIPELINE,2,8.196499860991025,10.084
STAGE_FULL_PIPELINE,2,8.252032966993283,10.358
STAGE_FULL_PIPELINE,2,8.302511316986056,10.358
STAGE_FULL_PIPELINE,2,8.353026010998292,10.683
STAGE_FULL_PIPELINE,2,8.407708782004192,10.11
STAGE_FULL_PIPELINE,2,8.46282853599405,10.55
STAGE_FULL_PIPELINE,2,8.513988688995596,10.55
STAGE_FULL_PIPELINE,2,8.56598775999737,10.388
STAGE_FULL_PIPELINE,2,8.61646531400038,10.388
STAGE_FULL_PIPELINE,2,8.6669471260102,10.442
STAGE_FULL_PIPELINE,2,8.719468775001587,10.442
STAGE_FULL_PIPELINE,2,8.770817941986024,10.372
STAGE_FULL_PIPELINE,2,8.821392448007828,10.372
STAGE_FULL_PIPELINE,2,8.872637094988022,9.95
STAGE_FULL_PIPELINE,2,8.924051001988119,9.95
STAGE_FULL_PIPELINE,2,8.977647794992663,10.345
STAGE_FULL_PIPELINE,2,9.028101105999667,10.345
STAGE_FULL_PIPELINE,2,9.078658818994882,10.328
STAGE_FULL_PIPELINE,2,9.129011949989945,10.328
STAGE_FULL_PIPELINE,2,9.179413108009612,10.327
STAGE_FULL_PIPELINE,2,9.229748555982951,10.327
STAGE_FULL_PIPELINE,2,9.280317058990477,10.44
STAGE_FULL_PIPELINE,2,9.332496999995783,10.307
STAGE_FULL_PIPELINE,2,9.383168208994903,10.307
STAGE_FULL_PIPELINE,2,9.433571800997015,10.301
STAGE_FULL_PIPELINE,2,9.48422164999647,10.301
STAGE_FULL_PIPELINE,2,9.5346828729962,10.302
STAGE_FULL_PIPELINE,2,9.585477176005952,10.302
STAGE_FULL_PIPELINE,2,9.641630272002658,10.04
STAGE_FULL_PIPELINE,2,9.693047187000047,10.04
STAGE_FULL_PIPELINE,2,9.744386637990829,10.615
STAGE_FULL_PIPELINE,2,9.795120463008061,10.615
STAGE_FULL_PIPELINE,2,9.845541800983483,10.503
STAGE_FULL_PIPELINE,2,9.89792340400163,10.503
STAGE_FULL_PIPELINE,2,9.949259057000745,10.315
STAGE_FULL_PIPELINE,2,9.999861629999941,10.315
STAGE_FULL_PIPELINE,2,10.05052636298933,10.314
STAGE_FULL_PIPELINE,2,10.101184292987455,10.314
STAGE_FULL_PIPELINE,2,10.151828192989342,7.011
STAGE_FULL_PIPELINE,2,10.203011237987084,7.011
STAGE_FULL_PIPELINE,2,10.2601891910017,10.779
STAGE_FULL_PIPELINE,2,10.310736690007616,10.779
STAGE_FULL_PIPELINE,2,10.361280704993987,10.546
STAGE_FULL_PIPELINE,2,10.411877587990602,10.546
STAGE_FULL_PIPELINE,2,10.462235533981584,10.474
STAGE_FULL_PIPELINE,2,10.512588687008247,10.474
STAGE_FULL_PIPELINE,2,10.563023549009813,10.434
STAGE_FULL_PIPELINE,2,10.613463435001904,10.434
STAGE_FULL_PIPELINE,2,10.663961282989476,10.416
STAGE_FULL_PIPELINE,2,10.71453190498869,10.416
STAGE_FULL_PIPELINE,2,10.765108521998627,10.419
STAGE_FULL_PIPELINE,2,10.815735852986109,10.419
STAGE_FULL_PIPELINE,2,10.866477047995431,10.62
STAGE_FULL_PIPELINE,2,10.922712100989884,10.62
STAGE_FULL_PIPELINE,2,10.974003048002487,10.338
STAGE_FULL_PIPELINE,2,11.02449570299359,10.338
STAGE_FULL_PIPELINE,2,11.074993023998104,10.338
STAGE_FULL_PIPELINE,2,11.125403768004617,10.338
STAGE_FULL_PIPELINE,2,11.175930939003592,11.931
STAGE_FULL_PIPELINE,2,11.22741460899124,11.931
STAGE_FULL_PIPELINE,2,11.279451688984409,10.365
STAGE_FULL_PIPELINE,2,11.329833324998617,6.193
STAGE_FULL_PIPELINE,2,11.395174920995487,6.193
STAGE_FULL_PIPELINE,2,11.44649014400784,10.9
STAGE_FULL_PIPELINE,2,11.497177646000637,10.9
STAGE_FULL_PIPELINE,2,11.547839370003203,10.626
STAGE_FULL_PIPELINE,2,11.606603157997597,10.626
STAGE_FULL_PIPELINE,2,11.657263898989186,10.589
STAGE_FULL_PIPELINE,2,11.711526394996326,10.589
STAGE_FULL_PIPELINE,2,11.762839242001064,10.394
STAGE_FULL_PIPELINE,2,11.813382708001882,10.394
STAGE_FULL_PIPELINE,2,11.863929412007565,10.362
STAGE_FULL_PIPELINE,2,11.914508226007456,10.362
STAGE_FULL_PIPELINE,2,11.965096700005233,11.01
STAGE_FULL_PIPELINE,2,12.016484166000737,11.01
STAGE_FULL_PIPELINE,2,12.07192591499188,10.391
STAGE_FULL_PIPELINE,2,12.122730192000745,10.391
STAGE_FULL_PIPELINE,2,12.173122392996447,10.374
STAGE_FULL_PIPELINE,2,12.223595260991715,10.374
STAGE_FULL_PIPELINE,2,12.274145682982635,10.369
STAGE_FULL_PIPELINE,2,12.324871908989735,10.369
STAGE_FULL_PIPELINE,2,12.37563070098986,10.366
STAGE_FULL_PIPELINE,2,12.426376724994043,10.366
STAGE_FULL_PIPELINE,2,12.476921784982551,10.356
STAGE_FULL_PIPELINE,2,12.527394461998483,6.19
STAGE_FULL_PIPELINE,2,12.59146085998509,6.19
STAGE_FULL_PIPELINE,2,12.642737825983204,10.576
STAGE_FULL_PIPELINE,2,12.693436856003245,10.576
STAGE_FULL_PIPELINE,2,12.743917516985675,10.455
STAGE_FULL_PIPELINE,2,12.800611788989045,10.455
STAGE_FULL_PIPELINE,2,12.851116247999016,10.503
STAGE_FULL_PIPELINE,2,12.904469706991222,10.503
STAGE_FULL_PIPELINE,2,12.955666531983297,10.26
STAGE_FULL_PIPELINE,2,13.006027777009876,10.26
STAGE_FULL_PIPELINE,2,13.056533289985964,8.804
STAGE_FULL_PIPELINE,2,13.107786473992746,8.804
STAGE_FULL_PIPELINE,2,13.160382519999985,11.168
STAGE_FULL_PIPELINE,2,13.210887513996568,11.168
STAGE_FULL_PIPELINE,2,13.261530907009728,11.187
STAGE_FULL_PIPELINE,2,13.318833230005112,11.187
STAGE_FULL_PIPELINE,2,13.370513447996927,10.347
STAGE_FULL_PIPELINE,2,13.421200563985622,10.347
STAGE_FULL_PIPELINE,2,13.471957508998457,10.329
STAGE_FULL_PIPELINE,2,13.522645786986686,10.329
STAGE_FULL_PIPELINE,2,13.573299584997585,12.998
STAGE_FULL_PIPELINE,2,13.624890186998527,12.998
STAGE_FULL_PIPELINE,2,13.676511208992451,10.351
STAGE_FULL_PIPELINE,2,13.726982833002694,10.351
STAGE_FULL_PIPELINE,2,13.777568360994337,10.342
STAGE_FULL_PIPELINE,2,13.82815256298636,10.342
STAGE_FULL_PIPELINE,2,13.878664914984256,10.347
STAGE_FULL_PIPELINE,2,13.929096134990687,10.347
STAGE_FULL_PIPELINE,2,13.979644590988755,10.347
STAGE_FULL_PIPELINE,2,14.030081303993938,10.072
STAGE_FULL_PIPELINE,2,14.080650824995246,10.072
STAGE_FULL_PIPELINE,2,14.131413472990971,10.348
STAGE_FULL_PIPELINE,2,14.182066826004302,10.348
STAGE_FULL_PIPELINE,2,14.232602451986168,10.35
STAGE_FULL_PIPELINE,2,14.2831701359828,10.35
STAGE_FULL_PIPELINE,2,14.333662902005017,10.35
STAGE_FULL_PIPELINE,2,14.384309383982327,10.35
STAGE_FULL_PIPELINE,2,14.43492943799356,10.348
STAGE_FULL_PIPELINE,2,14.48547224199865,10.348
STAGE_FULL_PIPELINE,2,14.536076586984564,10.345
STAGE_FULL_PIPELINE,2,14.58662167598959,10.345
STAGE_FULL_PIPELINE,2,14.637271521991352,10.344
STAGE_FULL_PIPELINE,2,14.68776344100479,10.344
STAGE_FULL_PIPELINE,2,14.73847301499336,10.343
STAGE_FULL_PIPELINE,2,14.789213106007082,10.343
STAGE_FULL_PIPELINE,2,14.839718709001318,10.344
STAGE_FULL_PIPELINE,2,14.89034295300371,10.344
STAGE_FULL_PIPELINE,2,14.941218505002325,10.341
STAGE_FULL_PIPELINE,2,14.991816636000294,10.341
STAGE_FULL_PIPELINE,2,15.042298405984184,10.337
STAGE_FULL_PIPELINE,2,15.0932018669846,10.337
STAGE_FULL_PIPELINE,2,15.143653206003364,10.461
STAGE_FULL_PIPELINE,2,15.194293164997362,10.461
STAGE_FULL_PIPELINE,2,15.244749779987615,10.331
STAGE_FULL_PIPELINE,2,15.295180718007032,10.331
STAGE_FULL_PIPELINE,2,15.345756688999245,10.329
STAGE_FULL_PIPELINE,2,15.39619028798188,10.329
STAGE_FULL_PIPELINE,2,15.446692344004987,10.326
STAGE_FULL_PIPELINE,2,15.497609518992249,10.326
STAGE_FULL_PIPELINE,2,15.548209697008133,10.325
STAGE_FULL_PIPELINE,2,15.598668839986203,10.325
STAGE_FULL_PIPELINE,2,15.649105650983984,10.328
STAGE_FULL_PIPELINE,2,15.699550563993398,10.328
STAGE_FULL_PIPELINE,2,15.74993490500492,10.329
STAGE_FULL_PIPELINE,2,15.800549167004647,10.329
STAGE_FULL_PIPELINE,2,15.851205029000994,10.328
STAGE_FULL_PIPELINE,2,15.90191577700898,10.328
STAGE_FULL_PIPELINE,2,15.952695971995126,10.327
STAGE_FULL_PIPELINE,2,16.003178349987138,10.327
STAGE_FULL_PIPELINE,2,16.05386977599119,10.329
STAGE_FULL_PIPELINE,2,16.104393487999914,10.329
STAGE_FULL_PIPELINE,2,16.15506307798205,10.334
STAGE_FULL_PIPELINE,2,16.205639402003726,10.334
STAGE_FULL_PIPELINE,2,16.256302995985607,10.336
STAGE_FULL_PIPELINE,2,16.306942716997582,10.336
STAGE_FULL_PIPELINE,2,16.35760866900091,10.339
STAGE_FULL_PIPELINE,2,16.40814802600653,10.339
STAGE_FULL_PIPELINE,2,16.458658552000998,10.339
STAGE_FULL_PIPELINE,2,16.50917842698982,10.339
STAGE_FULL_PIPELINE,2,16.559956343990052,10.339
STAGE_FULL_PIPELINE,2,16.61062253199634,10.339
STAGE_FULL_PIPELINE,2,16.66124767999281,10.339
STAGE_FULL_PIPELINE,2,16.71192698800587,10.339
STAGE_FULL_PIPELINE,2,16.76283372499165,10.335
STAGE_FULL_PIPELINE,2,16.813432956987526,10.335
STAGE_FULL_PIPELINE,2,16.863867003994528,10.335
STAGE_FULL_PIPELINE,2,16.91446649999125,10.335
STAGE_FULL_PIPELINE,2,16.96504861098947,10.338
STAGE_FULL_PIPELINE,2,17.01547886399203,10.338
STAGE_FULL_PIPELINE,2,17.06630115499138,10.273
STAGE_FULL_PIPELINE,2,17.11694230599096,10.273
STAGE_FULL_PIPELINE,2,17.167348044982646,10.336
STAGE_FULL_PIPELINE,2,17.217811882990645,10.336
STAGE_FULL_PIPELINE,2,17.268481243983842,10.334
STAGE_FULL_PIPELINE,2,17.31915529599064,10.334
STAGE_FULL_PIPELINE,2,17.36996003499371,10.334
STAGE_FULL_PIPELINE,2,17.420499373984057,10.334
STAGE_FULL_PIPELINE,2,17.471111752995057,10.336
STAGE_FULL_PIPELINE,2,17.521801611990668,10.336
STAGE_FULL_PIPELINE,2,17.57243793498492,10.337
STAGE_FULL_PIPELINE,2,17.623249822994694,10.337
STAGE_FULL_PIPELINE,2,17.673750960995676,10.338
STAGE_FULL_PIPELINE,2,17.72459536799579,10.338
STAGE_FULL_PIPELINE,2,17.775222675991245,10.346
STAGE_FULL_PIPELINE,2,17.82573122699978,10.346
STAGE_FULL_PIPELINE,2,17.876141743996413,10.347
STAGE_FULL_PIPELINE,2,17.92664520200924,10.347
STAGE_FULL_PIPELINE,2,17.977150569000514,10.342
STAGE_FULL_PIPELINE,2,18.0275918149855,10.342
STAGE_FULL_PIPELINE,2,18.078323784982786,8.548
STAGE_FULL_PIPELINE,2,18.131885512004374,11.061
STAGE_FULL_PIPELINE,2,18.18246618800913,11.061
STAGE_FULL_PIPELINE,2,18.233027421985753,10.693
STAGE_FULL_PIPELINE,2,18.283432680007536,10.693
STAGE_FULL_PIPELINE,2,18.333917110983748,10.562
STAGE_FULL_PIPELINE,2,18.38449619500898,10.562
STAGE_FULL_PIPELINE,2,18.435470808006357,10.505
STAGE_FULL_PIPELINE,2,18.485989399981918,10.505
STAGE_FULL_PIPELINE,2,18.53659010899719,6.817
STAGE_FULL_PIPELINE,2,18.588194284006022,6.817
STAGE_FULL_PIPELINE,2,18.64119924500119,10.221
STAGE_FULL_PIPELINE,2,18.694823836005526,10.221
STAGE_FULL_PIPELINE,2,18.746210196986794,10.741
STAGE_FULL_PIPELINE,2,18.798261455987813,10.741
STAGE_FULL_PIPELINE,2,18.849645045003854,10.359
STAGE_FULL_PIPELINE,2,18.90023291000398,10.359
STAGE_FULL_PIPELINE,2,18.950760776002426,10.352
STAGE_FULL_PIPELINE,2,19.001409802993294,10.352
STAGE_FULL_PIPELINE,2,19.05204026401043,10.156
STAGE_FULL_PIPELINE,2,19.102686060999986,10.156
STAGE_FULL_PIPELINE,2,19.153336148010567,10.341
STAGE_FULL_PIPELINE,2,19.203824194002664,10.341
STAGE_FULL_PIPELINE,2,19.254646547982702,10.34
STAGE_FULL_PIPELINE,2,19.305264167982386,10.34
STAGE_FULL_PIPELINE,2,19.35588484298205,10.342
STAGE_FULL_PIPELINE,2,19.406416262994753,10.342
STAGE_FULL_PIPELINE,2,19.456920083990553,10.339
STAGE_FULL_PIPELINE,2,19.50753859098768,10.339
STAGE_FULL_PIPELINE,2,19.55808254398289,10.337
STAGE_FULL_PIPELINE,2,19.608677228010492,10.337
STAGE_FULL_PIPELINE,2,19.659116886992706,10.339
STAGE_FULL_PIPELINE,2,19.709759344987106,10.339
STAGE_FULL_PIPELINE,2,19.760182370984694,11.437
STAGE_FULL_PIPELINE,2,19.816971027990803,11.437
STAGE_FULL_PIPELINE,2,19.86844347199076,10.325
STAGE_FULL_PIPELINE,2,19.91893238798366,10.325
STAGE_FULL_PIPELINE,2,19.969475641002646,10.358
STAGE_FULL_PIPELINE,2,20.019909116002964,10.358
STAGE_FULL_PIPELINE,2,20.070348798006307,10.355
STAGE_FULL_PIPELINE,2,20.121281586005352,10.355
STAGE_FULL_PIPELINE,2,20.171905116993003,10.344
STAGE_FULL_PIPELINE,2,20.222339138010284,10.344
STAGE_FULL_PIPELINE,2,20.273054140998283,10.341
STAGE_FULL_PIPELINE,2,20.32396872100071,10.341
STAGE_FULL_PIPELINE,2,20.374551852000877,10.339
STAGE_FULL_PIPELINE,2,20.425425627996447,10.339
STAGE_FULL_PIPELINE,2,20.47582506298204,10.345
STAGE_FULL_PIPELINE,2,20.526477673993213,10.345
STAGE_FULL_PIPELINE,2,20.577312831010204,10.347
STAGE_FULL_PIPELINE,2,20.62784508499317,10.345
STAGE_FULL_PIPELINE,2,20.678384049009765,10.345
STAGE_FULL_PIPELINE,2,20.72890630699112,10.342
STAGE_FULL_PIPELINE,2,20.779453422001097,10.342
STAGE_FULL_PIPELINE,2,20.830114379001316,10.343
STAGE_FULL_PIPELINE,2,20.880613009998342,10.343
STAGE_FULL_PIPELINE,2,20.931113794009434,10.35
STAGE_FULL_PIPELINE,2,20.981847540009767,10.35
STAGE_FULL_PIPELINE,2,21.032375526003307,10.216
STAGE_FULL_PIPELINE,2,21.08282558200881,10.216
STAGE_FULL_PIPELINE,2,21.133593801991083,10.339
STAGE_FULL_PIPELINE,2,21.1903941789933,10.339
STAGE_FULL_PIPELINE,2,21.241015064995736,8.495
STAGE_FULL_PIPELINE,2,21.306113266997272,8.495
STAGE_FULL_PIPELINE,2,21.35734416998457,9.605
STAGE_FULL_PIPELINE,2,21.408520502998726,9.605
STAGE_FULL_PIPELINE,2,21.459855819004588,10.357
STAGE_FULL_PIPELINE,2,21.52101242399658,10.357
STAGE_FULL_PIPELINE,2,21.572339367994573,9.778
STAGE_FULL_PIPELINE,2,21.623717164999107,9.778
STAGE_FULL_PIPELINE,2,21.675217067007907,10.886
STAGE_FULL_PIPELINE,2,21.72809991898248,10.458
STAGE_FULL_PIPELINE,2,21.77868060200126,10.458
STAGE_FULL_PIPELINE,2,21.82919035400846,10.31
STAGE_FULL_PIPELINE,2,21.887554704997456,10.31
STAGE_FULL_PIPELINE,2,21.93909173400607,11.59
STAGE_FULL_PIPELINE,2,21.992420377995586,11.59
STAGE_FULL_PIPELINE,2,22.045342964003794,12.328
STAGE_FULL_PIPELINE,2,22.096557376004057,12.328
STAGE_FULL_PIPELINE,2,22.148042850982165,13.062
STAGE_FULL_PIPELINE,2,22.20031877901056,13.062
STAGE_FULL_PIPELINE,2,22.25803450201056,10.377
STAGE_FULL_PIPELINE,2,22.30857907299651,10.377
STAGE_FULL_PIPELINE,2,22.35898404699401,10.411
STAGE_FULL_PIPELINE,2,22.409552970988443,10.411
STAGE_FULL_PIPELINE,2,22.45993177499622,10.697
STAGE_FULL_PIPELINE,2,22.511033630988095,10.697
STAGE_FULL_PIPELINE,2,22.5642554689839,10.444
STAGE_FULL_PIPELINE,2,22.61516712899902,10.444
STAGE_FULL_PIPELINE,2,22.665561123983935,10.615
STAGE_FULL_PIPELINE,2,22.717685151001206,10.615
STAGE_FULL_PIPELINE,2,22.77285466698231,10.378
STAGE_FULL_PIPELINE,2,22.823446625989163,10.378
STAGE_FULL_PIPELINE,2,22.873917724005878,10.378
STAGE_FULL_PIPELINE,2,22.92687098600436,11.376
STAGE_FULL_PIPELINE,2,22.977832859993214,11.376
STAGE_FULL_PIPELINE,2,23.031868650985416,10.403
STAGE_FULL_PIPELINE,2,23.082532878004713,10.403
STAGE_FULL_PIPELINE,2,23.133123809995595,10.381
STAGE_FULL_PIPELINE,2,23.184097258985275,10.381
STAGE_FULL_PIPELINE,2,23.23466492499574,10.392
STAGE_FULL_PIPELINE,2,23.28528770399862,10.392
STAGE_FULL_PIPELINE,2,23.335855331009952,10.396
STAGE_FULL_PIPELINE,2,23.386440319998655,10.396
STAGE_FULL_PIPELINE,2,23.436997459008126,10.394
STAGE_FULL_PIPELINE,2,23.48764113598736,10.394
STAGE_FULL_PIPELINE,2,23.538328525988618,10.399
STAGE_FULL_PIPELINE,2,23.588834452995798,10.399
STAGE_FULL_PIPELINE,2,23.63943151800777,10.41
STAGE_FULL_PIPELINE,2,23.68981747198268,10.41
STAGE_FULL_PIPELINE,2,23.740238439000677,10.72
STAGE_FULL_PIPELINE,2,23.79291420400841,10.72
STAGE_FULL_PIPELINE,2,23.844117825996364,10.489
STAGE_FULL_PIPELINE,2,23.894509295991156,10.489
STAGE_FULL_PIPELINE,2,23.945120355987456,10.485
STAGE_FULL_PIPELINE,2,23.995716892008204,10.485
STAGE_FULL_PIPELINE,2,24.04626791999908,10.474
STAGE_FULL_PIPELINE,2,24.09675949899247,10.474
STAGE_FULL_PIPELINE,2,24.147242913983064,10.469
STAGE_FULL_PIPELINE,2,24.197856198006775,10.469
STAGE_FULL_PIPELINE,2,24.248378922988195,10.461
STAGE_FULL_PIPELINE,2,24.299048899003537,10.461
STAGE_FULL_PIPELINE,2,24.349556023982586,10.469
STAGE_FULL_PIPELINE,2,24.400178292999044,10.469
STAGE_FULL_PIPELINE,2,24.45062028800021,10.474
STAGE_FULL_PIPELINE,2,24.50115815299796,10.474
STAGE_FULL_PIPELINE,2,24.551643024984514,10.476
STAGE_FULL_PIPELINE,2,24.602109136991203,10.476
STAGE_FULL_PIPELINE,2,24.65260665898677,10.473
STAGE_FULL_PIPELINE,2,24.703112163988408,10.473
STAGE_FULL_PIPELINE,2,24.753500232007354,10.473
STAGE_FULL_PIPELINE,2,24.80392711600871,10.473
STAGE_FULL_PIPELINE,2,24.854494047991466,10.466
STAGE_FULL_PIPELINE,2,24.90491164798732,10.466
STAGE_FULL_PIPELINE,2,24.955408485984663,10.451
STAGE_FULL_PIPELINE,2,25.006171558983624,10.451
STAGE_FULL_PIPELINE,2,25.05671318800887,10.447
STAGE_FULL_PIPELINE,2,25.107109853008296,10.447
STAGE_FULL_PIPELINE,2,25.157586408982752,10.437
STAGE_FULL_PIPELINE,2,25.208046535000904,10.437
STAGE_FULL_PIPELINE,2,25.258438866003416,10.426
STAGE_FULL_PIPELINE,2,25.30896720298915,10.426
STAGE_FULL_PIPELINE,2,25.359499527985463,10.418
STAGE_FULL_PIPELINE,2,25.41003156400984,10.418
STAGE_FULL_PIPELINE,2,25.460530844982713,10.425
STAGE_FULL_PIPELINE,2,25.511010041984264,10.425
STAGE_FULL_PIPELINE,2,25.56143893499393,10.421
STAGE_FULL_PIPELINE,2,25.61438478800119,10.421
STAGE_FULL_PIPELINE,2,25.66481579100946,10.418
STAGE_FULL_PIPELINE,2,25.715355939988513,10.418
STAGE_FULL_PIPELINE,2,25.765842680004425,10.419
STAGE_FULL_PIPELINE,2,25.816264375986066,10.419
STAGE_FULL_PIPELINE,2,25.866702152998187,10.415
STAGE_FULL_PIPELINE,2,25.91721789998701,10.415
STAGE_FULL_PIPELINE,2,25.967625124991173,10.419
STAGE_FULL_PIPELINE,2,26.018125300004613,10.419
STAGE_FULL_PIPELINE,2,26.068565619003493,10.429
STAGE_FULL_PIPELINE,2,26.11903806999908,10.429
STAGE_FULL_PIPELINE,2,26.169518195005367,10.424
STAGE_FULL_PIPELINE,2,26.220117610006128,10.424
STAGE_FULL_PIPELINE,2,26.27078170099412,10.43
STAGE_FULL_PIPELINE,2,26.321387322997907,10.43
STAGE_FULL_PIPELINE,2,26.37192873400636,10.435
STAGE_FULL_PIPELINE,2,26.422445939009776,10.435
STAGE_FULL_PIPELINE,2,26.472966547007672,10.432
STAGE_FULL_PIPELINE,2,26.523526478995336,10.432
STAGE_FULL_PIPELINE,2,26.573946076008724,10.425
STAGE_FULL_PIPELINE,2,26.624634176987456,10.425
STAGE_FULL_PIPELINE,2,26.675229832995683,10.422
STAGE_FULL_PIPELINE,2,26.725728685996728,10.425
STAGE_FULL_PIPELINE,2,26.776320462988224,10.425
STAGE_FULL_PIPELINE,2,26.826749619998736,10.42
STAGE_FULL_PIPELINE,2,26.877420425007585,10.42
STAGE_FULL_PIPELINE,2,26.92781666800147,10.425
STAGE_FULL_PIPELINE,2,26.978369604010368,10.425
STAGE_FULL_PIPELINE,2,27.029234171990538,10.426
STAGE_FULL_PIPELINE,2,27.07988261600258,10.426
STAGE_FULL_PIPELINE,2,27.13040180999087,10.422
STAGE_FULL_PIPELINE,2,27.181025106983725,10.422
STAGE_FULL_PIPELINE,2,27.231644743005745,10.425
STAGE_FULL_PIPELINE,2,27.28229651899892,10.425
STAGE_FULL_PIPELINE,2,27.332805615995312,10.422
STAGE_FULL_PIPELINE,2,27.383377924008528,10.422
STAGE_FULL_PIPELINE,2,27.433900814008666,10.846
STAGE_FULL_PIPELINE,2,27.486133055004757,11.027
STAGE_FULL_PIPELINE,2,27.53838118200656,10.557
STAGE_FULL_PIPELINE,2,27.594693875988014,10.557
STAGE_FULL_PIPELINE,2,27.6459620189853,10.399
STAGE_FULL_PIPELINE,2,27.696521203004522,10.399
STAGE_FULL_PIPELINE,2,27.747164957982022,10.376
STAGE_FULL_PIPELINE,2,27.79771836299915,10.376
STAGE_FULL_PIPELINE,2,27.84826683299616,11.554
STAGE_FULL_PIPELINE,2,27.899571421992732,10.214
STAGE_FULL_PIPELINE,2,27.951071543997386,10.865
STAGE_FULL_PIPELINE,2,28.00793210300617,10.865
STAGE_FULL_PIPELINE,2,28.059512759005884,10.416
STAGE_FULL_PIPELINE,2,28.110247056989465,10.416
STAGE_FULL_PIPELINE,2,28.160863416997017,12.243
STAGE_FULL_PIPELINE,2,28.212041288992623,9.52
STAGE_FULL_PIPELINE,2,28.26434141799109,14.793
STAGE_FULL_PIPELINE,2,28.31568897800753,14.793
STAGE_FULL_PIPELINE,2,28.36848593800096,10.378
STAGE_FULL_PIPELINE,2,28.41913714900147,10.378
STAGE_FULL_PIPELINE,2,28.469654015993,6.16
STAGE_FULL_PIPELINE,2,28.52426510999794,10.56
STAGE_FULL_PIPELINE,2,28.57527392898919,10.553
STAGE_FULL_PIPELINE,2,28.62586000599549,10.454
STAGE_FULL_PIPELINE,2,28.67628870700719,10.454
STAGE_FULL_PIPELINE,2,28.72677799098892,10.416
STAGE_FULL_PIPELINE,2,28.77739048100193,10.416
STAGE_FULL_PIPELINE,2,28.82784876500955,10.416
STAGE_FULL_PIPELINE,2,28.878383876988664,9.947
STAGE_FULL_PIPELINE,2,28.929586704995017,10.327
STAGE_FULL_PIPELINE,2,28.985195123997983,10.313
STAGE_FULL_PIPELINE,2,29.035722305998206,11.293
STAGE_FULL_PIPELINE,2,29.08709531999193,9.508
STAGE_FULL_PIPELINE,2,29.138452975981636,11.232
STAGE_FULL_PIPELINE,2,29.189802161999978,10.763
STAGE_FULL_PIPELINE,2,29.249326090008253,10.515
STAGE_FULL_PIPELINE,2,29.30072958400706,10.515
STAGE_FULL_PIPELINE,2,29.353111422009533,10.371
STAGE_FULL_PIPELINE,2,29.40380978299072,10.371
STAGE_FULL_PIPELINE,2,29.46178349899128,14.502
STAGE_FULL_PIPELINE,2,29.512830127991037,13.165
STAGE_FULL_PIPELINE,2,29.57834675500635,13.165
STAGE_FULL_PIPELINE,2,29.62966815198888,10.433
STAGE_FULL_PIPELINE,2,29.68325940700015,10.144
STAGE_FULL_PIPELINE,2,29.73381549998885,10.249
STAGE_FULL_PIPELINE,2,29.798303421994206,10.249
STAGE_FULL_PIPELINE,2,29.84912587699364,11.098
STAGE_FULL_PIPELINE,2,29.901788368995767,11.098
STAGE_FULL_PIPELINE,2,29.953029594005784,10.397
STAGE_FULL_PIPELINE,2,30.00392174499575,10.397
BASELINE_IDLE,3,0.0017589099879842252,3.588
BASELINE_IDLE,3,0.05295763700269163,3.588
BASELINE_IDLE,3,0.10394776798784733,3.588
BASELINE_IDLE,3,0.15527096699224785,3.588
BASELINE_IDLE,3,0.20609449699986726,3.588
BASELINE_IDLE,3,0.257572613976663,3.588
BASELINE_IDLE,3,0.3084449269808829,3.588
BASELINE_IDLE,3,0.3592417519830633,3.588
BASELINE_IDLE,3,0.41031168500194326,3.588
BASELINE_IDLE,3,0.46134866497595794,3.588
BASELINE_IDLE,3,0.5122135199781042,3.588
BASELINE_IDLE,3,0.563274359999923,3.588
BASELINE_IDLE,3,0.6141851129941642,3.588
BASELINE_IDLE,3,0.6650332369899843,3.588
BASELINE_IDLE,3,0.7163265789858997,3.588
BASELINE_IDLE,3,0.767404419981176,3.588
BASELINE_IDLE,3,0.8185254620038904,3.588
BASELINE_IDLE,3,0.8693943149992265,3.588
BASELINE_IDLE,3,0.9201908859831747,3.588
BASELINE_IDLE,3,0.9712231369921938,2.688
BASELINE_IDLE,3,1.0220882889989298,2.688
BASELINE_IDLE,3,1.0730780199810397,2.688
BASELINE_IDLE,3,1.1237586759962142,2.688
BASELINE_IDLE,3,1.1746417300018948,2.688
BASELINE_IDLE,3,1.2256985919957515,2.688
BASELINE_IDLE,3,1.276617906987667,2.688
BASELINE_IDLE,3,1.327399585978128,2.688
BASELINE_IDLE,3,1.378776895988267,2.688
BASELINE_IDLE,3,1.429618287977064,2.688
BASELINE_IDLE,3,1.4806715589947999,2.688
BASELINE_IDLE,3,1.532032821996836,2.688
BASELINE_IDLE,3,1.5832500940014143,2.688
BASELINE_IDLE,3,1.635146636981517,2.688
BASELINE_IDLE,3,1.6867255120014306,2.688
BASELINE_IDLE,3,1.737992740003392,2.688
BASELINE_IDLE,3,1.7889608239929657,2.688
BASELINE_IDLE,3,1.8399715929990634,2.688
BASELINE_IDLE,3,1.8910549790016375,2.688
BASELINE_IDLE,3,1.9418873869872186,2.688
BASELINE_IDLE,3,1.9932829029858112,1.75
BASELINE_IDLE,3,2.0442748259811196,1.75
BASELINE_IDLE,3,2.095184381993022,1.75
BASELINE_IDLE,3,2.146010736003518,1.75
BASELINE_IDLE,3,2.1967812729999423,1.75
BASELINE_IDLE,3,2.2475343589903787,1.75
BASELINE_IDLE,3,2.298394802986877,1.75
BASELINE_IDLE,3,2.349865725991549,1.75
BASELINE_IDLE,3,2.4011557159828953,1.75
BASELINE_IDLE,3,2.452177564991871,1.75
BASELINE_IDLE,3,2.5030885269807186,1.75
BASELINE_IDLE,3,2.554206801985856,1.75
BASELINE_IDLE,3,2.605437827995047,1.75
BASELINE_IDLE,3,2.6567637249827385,1.75
BASELINE_IDLE,3,2.7084690909832716,1.75
BASELINE_IDLE,3,2.7594494099903386,1.75
BASELINE_IDLE,3,2.8104337400000077,1.75
BASELINE_IDLE,3,2.8614478709932882,1.75
BASELINE_IDLE,3,2.9123744609823916,1.75
BASELINE_IDLE,3,2.9628954989893828,1.711
BASELINE_IDLE,3,3.0135676359932404,1.732
BASELINE_IDLE,3,3.064640677999705,1.732
BASELINE_IDLE,3,3.1155815749953035,1.828
BASELINE_IDLE,3,3.166210802999558,1.828
BASELINE_IDLE,3,3.2171998629928567,1.886
BASELINE_IDLE,3,3.2681367530021816,1.935
BASELINE_IDLE,3,3.3192638519976754,1.935
BASELINE_IDLE,3,3.3704399749985896,1.977
BASELINE_IDLE,3,3.4213813550013583,1.977
BASELINE_IDLE,3,3.4719883669749834,2.012
BASELINE_IDLE,3,3.5225769499957096,2.012
BASELINE_IDLE,3,3.573143570974935,2.044
BASELINE_IDLE,3,3.6235436369897798,2.044
BASELINE_IDLE,3,3.674650387984002,2.072
BASELINE_IDLE,3,3.725604568986455,2.072
BASELINE_IDLE,3,3.7767467880039476,2.096
BASELINE_IDLE,3,3.828211970976554,2.096
BASELINE_IDLE,3,3.879248771001585,2.119
BASELINE_IDLE,3,3.930264388996875,2.119
BASELINE_IDLE,3,3.981184468982974,2.119
BASELINE_IDLE,3,4.032167275989195,2.119
BASELINE_IDLE,3,4.083056258998113,2.119
BASELINE_IDLE,3,4.133908852003515,2.119
BASELINE_IDLE,3,4.184874396974919,2.119
BASELINE_IDLE,3,4.235746210993966,2.119
BASELINE_IDLE,3,4.2867512829834595,2.119
BASELINE_IDLE,3,4.337633545976132,2.119
BASELINE_IDLE,3,4.388681715994608,2.119
BASELINE_IDLE,3,4.4395709589880425,2.119
BASELINE_IDLE,3,4.49057103699306,2.119
BASELINE_IDLE,3,4.541613668989157,2.119
BASELINE_IDLE,3,4.5925773679919075,2.119
BASELINE_IDLE,3,4.643462802981958,2.119
BASELINE_IDLE,3,4.694384190981509,2.119
BASELINE_IDLE,3,4.745517925999593,2.119
BASELINE_IDLE,3,4.796507422986906,2.119
BASELINE_IDLE,3,4.847256751003442,2.119
BASELINE_IDLE,3,4.898493500979384,1.762
BASELINE_IDLE,3,4.949198581976816,1.762
BASELINE_IDLE,3,4.999902455980191,1.762
BASELINE_IDLE,3,5.050661143992329,1.762
BASELINE_IDLE,3,5.101439411984757,1.762
BASELINE_IDLE,3,5.152249860984739,1.762
BASELINE_IDLE,3,5.203274079976836,1.762
BASELINE_IDLE,3,5.254151642002398,1.762
BASELINE_IDLE,3,5.305066546978196,1.762
BASELINE_IDLE,3,5.355977945990162,1.762
BASELINE_IDLE,3,5.406813844980206,1.762
BASELINE_IDLE,3,5.457629772979999,1.762
BASELINE_IDLE,3,5.512045577983372,1.762
BASELINE_IDLE,3,5.562958889990114,1.762
BASELINE_IDLE,3,5.614028512994992,1.762
BASELINE_IDLE,3,5.665218880982138,1.762
BASELINE_IDLE,3,5.715919495996786,1.762
BASELINE_IDLE,3,5.766983692999929,1.762
BASELINE_IDLE,3,5.818120187992463,1.762
BASELINE_IDLE,3,5.868999164988054,1.664
BASELINE_IDLE,3,5.9200979539891705,1.664
BASELINE_IDLE,3,5.971168486983515,1.664
BASELINE_IDLE,3,6.022127219999675,1.664
BASELINE_IDLE,3,6.073170360992663,1.664
BASELINE_IDLE,3,6.124090832978254,1.664
BASELINE_IDLE,3,6.174881528975675,1.664
BASELINE_IDLE,3,6.225722320989007,1.664
BASELINE_IDLE,3,6.276718015986262,1.664
BASELINE_IDLE,3,6.327604958991287,1.664
BASELINE_IDLE,3,6.3785480549850035,1.664
BASELINE_IDLE,3,6.429628034995403,1.664
BASELINE_IDLE,3,6.480538767995313,1.664
BASELINE_IDLE,3,6.531498867989285,1.664
BASELINE_IDLE,3,6.582517066999571,1.664
BASELINE_IDLE,3,6.6333858919970226,1.664
BASELINE_IDLE,3,6.684167161991354,1.664
BASELINE_IDLE,3,6.73508280198439,1.664
BASELINE_IDLE,3,6.786016247991938,1.664
BASELINE_IDLE,3,6.836945930001093,1.664
BASELINE_IDLE,3,6.887872002989752,1.659
BASELINE_IDLE,3,6.939599456003634,1.659
BASELINE_IDLE,3,6.991395469987765,1.73
BASELINE_IDLE,3,7.043805406981846,1.611
BASELINE_IDLE,3,7.103419861989096,2.116
BASELINE_IDLE,3,7.155755372979911,1.706
BASELINE_IDLE,3,7.2138396599912085,2.926
BASELINE_IDLE,3,7.265823870984605,1.563
BASELINE_IDLE,3,7.317838175978977,1.563
BASELINE_IDLE,3,7.370224555983441,1.663
BASELINE_IDLE,3,7.42176301399013,1.663
BASELINE_IDLE,3,7.4736542769824155,1.572
BASELINE_IDLE,3,7.525867395976093,1.572
BASELINE_IDLE,3,7.577383609983372,1.669
BASELINE_IDLE,3,7.6289161820022855,1.669
BASELINE_IDLE,3,7.68100223998772,1.647
BASELINE_IDLE,3,7.73330999398604,1.647
BASELINE_IDLE,3,7.78483611199772,1.676
BASELINE_IDLE,3,7.8362555539933965,1.677
BASELINE_IDLE,3,7.888122317992384,1.987
BASELINE_IDLE,3,7.939864374988247,1.987
BASELINE_IDLE,3,7.993451380985789,2.36
BASELINE_IDLE,3,8.044493674999103,2.36
BASELINE_IDLE,3,8.095446559978882,2.333
BASELINE_IDLE,3,8.152860459988005,2.333
BASELINE_IDLE,3,8.204595657996833,2.439
BASELINE_IDLE,3,8.255427675001556,2.439
BASELINE_IDLE,3,8.306024306977633,2.435
BASELINE_IDLE,3,8.35686558499583,3.362
BASELINE_IDLE,3,8.42501759598963,3.362
BASELINE_IDLE,3,8.477370580978459,2.409
BASELINE_IDLE,3,8.528004501975374,2.409
BASELINE_IDLE,3,8.579013103997568,2.448
BASELINE_IDLE,3,8.629965703003109,2.448
BASELINE_IDLE,3,8.680818160995841,2.438
BASELINE_IDLE,3,8.7317871839914,2.438
BASELINE_IDLE,3,8.78260345000308,2.439
BASELINE_IDLE,3,8.833579566999106,2.439
BASELINE_IDLE,3,8.88415361198713,2.449
BASELINE_IDLE,3,8.936177670984762,2.638
BASELINE_IDLE,3,8.98818532799487,2.106
BASELINE_IDLE,3,9.039838249998866,2.106
BASELINE_IDLE,3,9.09136469999794,1.58
BASELINE_IDLE,3,9.143302465003217,1.58
BASELINE_IDLE,3,9.195111010980327,1.672
BASELINE_IDLE,3,9.246647355001187,1.676
BASELINE_IDLE,3,9.298422797000967,2.053
BASELINE_IDLE,3,9.350161858979845,2.053
BASELINE_IDLE,3,9.40253111597849,1.663
BASELINE_IDLE,3,9.454139838984702,1.663
BASELINE_IDLE,3,9.505709083983675,1.627
BASELINE_IDLE,3,9.558403929986525,1.627
BASELINE_IDLE,3,9.610791617975337,1.649
BASELINE_IDLE,3,9.662712121993536,1.655
BASELINE_IDLE,3,9.715279789001215,1.655
BASELINE_IDLE,3,9.767040454986272,1.668
BASELINE_IDLE,3,9.819226088991854,1.963
BASELINE_IDLE,3,9.871572493982967,1.851
BASELINE_IDLE,3,9.923680127976695,2.05
BASELINE_IDLE,3,9.976108362985542,1.797
BASELINE_IDLE,3,10.028240329003893,1.747
BASELINE_IDLE,3,10.080125766980927,1.78
BASELINE_IDLE,3,10.132946234982228,1.931
BASELINE_IDLE,3,10.185410322999815,1.734
BASELINE_IDLE,3,10.237786366982618,1.734
BASELINE_IDLE,3,10.290742185985437,1.641
BASELINE_IDLE,3,10.343253771978198,1.769
BASELINE_IDLE,3,10.395250266999938,1.894
BASELINE_IDLE,3,10.447497224988183,1.894
BASELINE_IDLE,3,10.500068850000389,1.606
BASELINE_IDLE,3,10.55233421199955,1.606
BASELINE_IDLE,3,10.60463209298905,1.708
BASELINE_IDLE,3,10.656137794983806,1.708
BASELINE_IDLE,3,10.708711424987996,1.696
BASELINE_IDLE,3,10.761756483989302,1.696
BASELINE_IDLE,3,10.814066121994983,1.69
BASELINE_IDLE,3,10.865812281990657,1.712
BASELINE_IDLE,3,10.918044410995208,1.712
BASELINE_IDLE,3,10.969830753980204,1.764
BASELINE_IDLE,3,11.021723562997067,1.764
BASELINE_IDLE,3,11.073660280992044,1.651
BASELINE_IDLE,3,11.126038913003867,1.651
BASELINE_IDLE,3,11.177377363987034,1.705
BASELINE_IDLE,3,11.229162799980259,1.705
BASELINE_IDLE,3,11.280777905980358,1.664
BASELINE_IDLE,3,11.333290298003703,1.664
BASELINE_IDLE,3,11.386177918990143,1.925
BASELINE_IDLE,3,11.438387704984052,1.925
BASELINE_IDLE,3,11.489831746992422,1.612
BASELINE_IDLE,3,11.541680081980303,1.612
BASELINE_IDLE,3,11.593747382983565,1.692
BASELINE_IDLE,3,11.645360212976811,1.692
BASELINE_IDLE,3,11.6970472719986,1.656
BASELINE_IDLE,3,11.749507907981751,1.656
BASELINE_IDLE,3,11.80118106197915,1.688
BASELINE_IDLE,3,11.853134306991706,1.688
BASELINE_IDLE,3,11.904739374993369,1.707
BASELINE_IDLE,3,11.955943096982082,1.707
BASELINE_IDLE,3,12.006958981975913,1.707
BASELINE_IDLE,3,12.057948595989728,1.707
BASELINE_IDLE,3,12.10914341500029,1.707
BASELINE_IDLE,3,12.160487636981998,1.707
BASELINE_IDLE,3,12.211410136980703,1.707
BASELINE_IDLE,3,12.262453323986847,1.707
BASELINE_IDLE,3,12.31372167498921,1.707
BASELINE_IDLE,3,12.364735634997487,1.707
BASELINE_IDLE,3,12.415689491986996,1.707
BASELINE_IDLE,3,12.467025338002713,1.707
BASELINE_IDLE,3,12.517687756975647,1.707
BASELINE_IDLE,3,12.56903481198242,1.707
BASELINE_IDLE,3,12.620091991993831,1.707
BASELINE_IDLE,3,12.67117159999907,1.707
BASELINE_IDLE,3,12.722126285982085,1.707
BASELINE_IDLE,3,12.773139266995713,1.707
BASELINE_IDLE,3,12.824235716980183,1.707
BASELINE_IDLE,3,12.8751673020015,1.686
BASELINE_IDLE,3,12.925976158003323,1.686
BASELINE_IDLE,3,12.97655383698293,1.763
BASELINE_IDLE,3,13.027438071003417,1.763
BASELINE_IDLE,3,13.078039240994258,1.815
BASELINE_IDLE,3,13.128588154999306,1.815
BASELINE_IDLE,3,13.179809540975839,1.865
BASELINE_IDLE,3,13.230928928998765,1.865
BASELINE_IDLE,3,13.28198531997623,1.905
BASELINE_IDLE,3,13.33319190799375,1.905
BASELINE_IDLE,3,13.38397439700202,1.943
BASELINE_IDLE,3,13.434966058994178,1.943
BASELINE_IDLE,3,13.48596360598458,1.973
BASELINE_IDLE,3,13.536909930990078,1.973
BASELINE_IDLE,3,13.587913561001187,2.003
BASELINE_IDLE,3,13.638759972003754,2.003
BASELINE_IDLE,3,13.689831622003112,2.026
BASELINE_IDLE,3,13.740518977981992,2.026
BASELINE_IDLE,3,13.791365391982254,2.05
BASELINE_IDLE,3,13.841973681002855,2.05
BASELINE_IDLE,3,13.892479945992818,2.072
BASELINE_IDLE,3,13.943042507977225,2.072
BASELINE_IDLE,3,13.994165116979275,2.072
BASELINE_IDLE,3,14.045133462990634,2.072
BASELINE_IDLE,3,14.09611875799601,2.072
BASELINE_IDLE,3,14.147347227990394,2.072
BASELINE_IDLE,3,14.19842520399834,2.072
BASELINE_IDLE,3,14.249418334977236,2.072
BASELINE_IDLE,3,14.300372578989482,2.072
BASELINE_IDLE,3,14.35134142098832,2.072
BASELINE_IDLE,3,14.402285607997328,2.072
BASELINE_IDLE,3,14.453516743000364,2.072
BASELINE_IDLE,3,14.504659634985728,2.072
BASELINE_IDLE,3,14.555616334982915,2.072
BASELINE_IDLE,3,14.606488995981636,2.072
BASELINE_IDLE,3,14.657629694003845,2.072
BASELINE_IDLE,3,14.708841293002479,2.072
BASELINE_IDLE,3,14.759805761976168,2.072
BASELINE_IDLE,3,14.811319622996962,2.072
BASELINE_IDLE,3,14.862547483993694,2.072
BASELINE_IDLE,3,14.91344047797611,1.763
BASELINE_IDLE,3,14.96416726699681,1.763
STAGE_FULL_PIPELINE,3,0.001242016995092854,1.763
STAGE_FULL_PIPELINE,3,0.052206226013367996,1.862
STAGE_FULL_PIPELINE,3,0.10292590601602569,1.862
STAGE_FULL_PIPELINE,3,0.15366359299514443,2.155
STAGE_FULL_PIPELINE,3,0.2043918730050791,2.155
STAGE_FULL_PIPELINE,3,0.25536080601159483,2.383
STAGE_FULL_PIPELINE,3,0.3061819650174584,2.383
STAGE_FULL_PIPELINE,3,0.3570441910123918,3.296
STAGE_FULL_PIPELINE,3,0.4076421290228609,3.296
STAGE_FULL_PIPELINE,3,0.45831569901201874,4.479
STAGE_FULL_PIPELINE,3,0.5091408010048326,4.479
STAGE_FULL_PIPELINE,3,0.5597445940074977,5.208
STAGE_FULL_PIPELINE,3,0.610219110007165,5.208
STAGE_FULL_PIPELINE,3,0.6606654839997645,5.855
STAGE_FULL_PIPELINE,3,0.7111715950013604,5.855
STAGE_FULL_PIPELINE,3,0.7616524640179705,6.437
STAGE_FULL_PIPELINE,3,0.8121689330146182,6.437
STAGE_FULL_PIPELINE,3,0.8627041710133199,6.963
STAGE_FULL_PIPELINE,3,0.9131783900083974,6.963
STAGE_FULL_PIPELINE,3,0.9637072570039891,12.666
STAGE_FULL_PIPELINE,3,1.0142428929975722,12.666
STAGE_FULL_PIPELINE,3,1.0648608180053998,14.76
STAGE_FULL_PIPELINE,3,1.1152433470124379,14.76
STAGE_FULL_PIPELINE,3,1.165664624015335,15.229
STAGE_FULL_PIPELINE,3,1.2161083160026465,15.229
STAGE_FULL_PIPELINE,3,1.2667397769982927,16.305
STAGE_FULL_PIPELINE,3,1.3173773169983178,16.305
STAGE_FULL_PIPELINE,3,1.3679340350208804,17.287
STAGE_FULL_PIPELINE,3,1.4184328459959943,17.287
STAGE_FULL_PIPELINE,3,1.4689590939960908,17.354
STAGE_FULL_PIPELINE,3,1.519897590012988,17.354
STAGE_FULL_PIPELINE,3,1.5703933890035842,16.86
STAGE_FULL_PIPELINE,3,1.620923965005204,16.86
STAGE_FULL_PIPELINE,3,1.671586937009124,29.429
STAGE_FULL_PIPELINE,3,1.7226858670182992,29.429
STAGE_FULL_PIPELINE,3,1.7746520450164098,16.968
STAGE_FULL_PIPELINE,3,1.8250951670052018,16.968
STAGE_FULL_PIPELINE,3,1.8756215530156624,16.962
STAGE_FULL_PIPELINE,3,1.926340361009352,16.962
STAGE_FULL_PIPELINE,3,1.9769502150011249,17.748
STAGE_FULL_PIPELINE,3,2.028207421011757,17.748
STAGE_FULL_PIPELINE,3,2.0797205840062816,16.974
STAGE_FULL_PIPELINE,3,2.1304031090112403,16.974
STAGE_FULL_PIPELINE,3,2.180969167005969,16.953
STAGE_FULL_PIPELINE,3,2.2342728710209485,16.953
STAGE_FULL_PIPELINE,3,2.2847820880124345,15.982
STAGE_FULL_PIPELINE,3,2.338469412003178,10.246
STAGE_FULL_PIPELINE,3,2.3901366290228907,11.047
STAGE_FULL_PIPELINE,3,2.441447919001803,8.643
STAGE_FULL_PIPELINE,3,2.492823363019852,12.296
STAGE_FULL_PIPELINE,3,2.5443116880196612,12.296
STAGE_FULL_PIPELINE,3,2.5956407810153905,10.188
STAGE_FULL_PIPELINE,3,2.646150537999347,10.188
STAGE_FULL_PIPELINE,3,2.696634707011981,10.145
STAGE_FULL_PIPELINE,3,2.7471344160148874,10.145
STAGE_FULL_PIPELINE,3,2.7976862840005197,10.156
STAGE_FULL_PIPELINE,3,2.8482763940119185,10.156
STAGE_FULL_PIPELINE,3,2.898873160011135,10.14
STAGE_FULL_PIPELINE,3,2.9494697890186217,10.091
STAGE_FULL_PIPELINE,3,3.0014384990208782,10.091
STAGE_FULL_PIPELINE,3,3.0528846030065324,10.24
STAGE_FULL_PIPELINE,3,3.1264655830163974,10.24
STAGE_FULL_PIPELINE,3,3.176925609004684,10.567
STAGE_FULL_PIPELINE,3,3.2284106540028006,10.567
STAGE_FULL_PIPELINE,3,3.2803865690075327,10.116
STAGE_FULL_PIPELINE,3,3.330813044012757,10.116
STAGE_FULL_PIPELINE,3,3.3813689810049254,10.001
STAGE_FULL_PIPELINE,3,3.431956311018439,10.001
STAGE_FULL_PIPELINE,3,3.4824257389991544,10.02
STAGE_FULL_PIPELINE,3,3.532864918000996,10.02
STAGE_FULL_PIPELINE,3,3.5833292980096303,11.141
STAGE_FULL_PIPELINE,3,3.638165136013413,8.734
STAGE_FULL_PIPELINE,3,3.6895334160071798,11.537
STAGE_FULL_PIPELINE,3,3.742220685002394,9.638
STAGE_FULL_PIPELINE,3,3.7945750180224422,11.072
STAGE_FULL_PIPELINE,3,3.8458087960025296,10.082
STAGE_FULL_PIPELINE,3,3.8962514080049004,10.082
STAGE_FULL_PIPELINE,3,3.946721701999195,10.083
STAGE_FULL_PIPELINE,3,3.9972874610102735,10.083
STAGE_FULL_PIPELINE,3,4.048009660997195,6.059
STAGE_FULL_PIPELINE,3,4.099440923018847,6.059
STAGE_FULL_PIPELINE,3,4.155168393015629,6.142
STAGE_FULL_PIPELINE,3,4.2064986120094545,6.142
STAGE_FULL_PIPELINE,3,4.258052970020799,10.238
STAGE_FULL_PIPELINE,3,4.323520697013009,10.238
STAGE_FULL_PIPELINE,3,4.374002463009674,16.592
STAGE_FULL_PIPELINE,3,4.426762468996458,16.592
STAGE_FULL_PIPELINE,3,4.478169289010111,10.121
STAGE_FULL_PIPELINE,3,4.540954623022117,10.121
STAGE_FULL_PIPELINE,3,4.591400598001201,10.419
STAGE_FULL_PIPELINE,3,4.642982902005315,10.419
STAGE_FULL_PIPELINE,3,4.700785195018398,9.739
STAGE_FULL_PIPELINE,3,4.752250773017295,10.03
STAGE_FULL_PIPELINE,3,4.802639399014879,10.03
STAGE_FULL_PIPELINE,3,4.853402303007897,11.359
STAGE_FULL_PIPELINE,3,4.9051727890037,11.359
STAGE_FULL_PIPELINE,3,4.957354014011798,10.014
STAGE_FULL_PIPELINE,3,5.007923724013381,10.014
STAGE_FULL_PIPELINE,3,5.058670183003414,5.915
STAGE_FULL_PIPELINE,3,5.114221167023061,5.915
STAGE_FULL_PIPELINE,3,5.16570662902086,5.938
STAGE_FULL_PIPELINE,3,5.216341062012361,5.938
STAGE_FULL_PIPELINE,3,5.266745162021834,18.409
STAGE_FULL_PIPELINE,3,5.318113531015115,18.409
STAGE_FULL_PIPELINE,3,5.373795799998334,16.502
STAGE_FULL_PIPELINE,3,5.424361850018613,16.502
STAGE_FULL_PIPELINE,3,5.474889069009805,13.24
STAGE_FULL_PIPELINE,3,5.5252816430001985,13.24
STAGE_FULL_PIPELINE,3,5.575743182998849,10.309
STAGE_FULL_PIPELINE,3,5.627479395014234,10.309
STAGE_FULL_PIPELINE,3,5.679357862012694,10.015
STAGE_FULL_PIPELINE,3,5.729870794020826,10.015
STAGE_FULL_PIPELINE,3,5.780508031020872,10.009
STAGE_FULL_PIPELINE,3,5.831112453015521,10.009
STAGE_FULL_PIPELINE,3,5.88182653702097,10.006
STAGE_FULL_PIPELINE,3,5.932325903006131,10.006
STAGE_FULL_PIPELINE,3,5.98297165799886,10.009
STAGE_FULL_PIPELINE,3,6.033639984001638,10.009
STAGE_FULL_PIPELINE,3,6.084544077020837,9.472
STAGE_FULL_PIPELINE,3,6.135420293023344,9.472
STAGE_FULL_PIPELINE,3,6.186395532015013,5.99
STAGE_FULL_PIPELINE,3,6.237760151998373,6.002
STAGE_FULL_PIPELINE,3,6.290344553999603,6.04
STAGE_FULL_PIPELINE,3,6.341640842001652,6.04
STAGE_FULL_PIPELINE,3,6.393225081003038,5.996
STAGE_FULL_PIPELINE,3,6.443601881997893,5.996
STAGE_FULL_PIPELINE,3,6.4941385709971655,18.742
STAGE_FULL_PIPELINE,3,6.546332843019627,15.883
STAGE_FULL_PIPELINE,3,6.596879203018034,15.883
STAGE_FULL_PIPELINE,3,6.647765886998968,12.944
STAGE_FULL_PIPELINE,3,6.698354918014957,12.944
STAGE_FULL_PIPELINE,3,6.7488555400050245,11.974
STAGE_FULL_PIPELINE,3,6.799570931005292,11.974
STAGE_FULL_PIPELINE,3,6.850194718019338,11.442
STAGE_FULL_PIPELINE,3,6.900698117999127,11.442
STAGE_FULL_PIPELINE,3,6.951302328001475,11.205
STAGE_FULL_PIPELINE,3,7.002099467004882,11.205
STAGE_FULL_PIPELINE,3,7.052797819022089,11.017
STAGE_FULL_PIPELINE,3,7.103354851016775,11.017
STAGE_FULL_PIPELINE,3,7.15406452701427,10.784
STAGE_FULL_PIPELINE,3,7.205712154012872,8.995
STAGE_FULL_PIPELINE,3,7.256878839019919,10.871
STAGE_FULL_PIPELINE,3,7.3271802270028275,8.494
STAGE_FULL_PIPELINE,3,7.384037706011441,12.137
STAGE_FULL_PIPELINE,3,7.43549514899496,9.96
STAGE_FULL_PIPELINE,3,7.487130718014669,10.042
STAGE_FULL_PIPELINE,3,7.539193175995024,10.042
STAGE_FULL_PIPELINE,3,7.593778873007977,9.925
STAGE_FULL_PIPELINE,3,7.644239593006205,9.925
STAGE_FULL_PIPELINE,3,7.694675856997492,10.004
STAGE_FULL_PIPELINE,3,7.745210848021088,10.0
STAGE_FULL_PIPELINE,3,7.795760770997731,10.0
STAGE_FULL_PIPELINE,3,7.846245558001101,9.989
STAGE_FULL_PIPELINE,3,7.896726281003794,9.989
STAGE_FULL_PIPELINE,3,7.947282178007299,9.986
STAGE_FULL_PIPELINE,3,7.997763958002906,9.986
STAGE_FULL_PIPELINE,3,8.048385950009106,9.993
STAGE_FULL_PIPELINE,3,8.09908829201595,9.993
STAGE_FULL_PIPELINE,3,8.149605923012132,9.992
STAGE_FULL_PIPELINE,3,8.200049448001664,9.992
STAGE_FULL_PIPELINE,3,8.25067453001975,9.993
STAGE_FULL_PIPELINE,3,8.301537660008762,9.993
STAGE_FULL_PIPELINE,3,8.352474954997888,9.993
STAGE_FULL_PIPELINE,3,8.403288633009652,9.993
STAGE_FULL_PIPELINE,3,8.454004954022821,9.929
STAGE_FULL_PIPELINE,3,8.504564024013234,9.929
STAGE_FULL_PIPELINE,3,8.555102279002313,9.999
STAGE_FULL_PIPELINE,3,8.605665594019229,9.999
STAGE_FULL_PIPELINE,3,8.656241226010025,10.0
STAGE_FULL_PIPELINE,3,8.706758191023255,10.0
STAGE_FULL_PIPELINE,3,8.75735617801547,9.99
STAGE_FULL_PIPELINE,3,8.807837529020617,9.99
STAGE_FULL_PIPELINE,3,8.85824687301647,11.672
STAGE_FULL_PIPELINE,3,8.918980019021546,11.672
STAGE_FULL_PIPELINE,3,8.97052445501322,10.063
STAGE_FULL_PIPELINE,3,9.020902342017507,10.063
STAGE_FULL_PIPELINE,3,9.071434008015785,8.871
STAGE_FULL_PIPELINE,3,9.122130616015056,8.871
STAGE_FULL_PIPELINE,3,9.172611508023692,10.084
STAGE_FULL_PIPELINE,3,9.22310468001524,10.084
STAGE_FULL_PIPELINE,3,9.273584926006151,9.233
STAGE_FULL_PIPELINE,3,9.339705517020775,9.233
STAGE_FULL_PIPELINE,3,9.391062613023678,10.719
STAGE_FULL_PIPELINE,3,9.442782362020807,10.037
STAGE_FULL_PIPELINE,3,9.502863906003768,9.927
STAGE_FULL_PIPELINE,3,9.55367675301386,10.081
STAGE_FULL_PIPELINE,3,9.604170077014714,10.081
STAGE_FULL_PIPELINE,3,9.654772770009004,10.688
STAGE_FULL_PIPELINE,3,9.706637601018883,9.482
STAGE_FULL_PIPELINE,3,9.758129497000482,10.625
STAGE_FULL_PIPELINE,3,9.813112556003034,10.625
STAGE_FULL_PIPELINE,3,9.864463478006655,10.171
STAGE_FULL_PIPELINE,3,9.91486789000919,10.171
STAGE_FULL_PIPELINE,3,9.965265155013185,10.29
STAGE_FULL_PIPELINE,3,10.016504433006048,10.29
STAGE_FULL_PIPELINE,3,10.069330905011157,7.718
STAGE_FULL_PIPELINE,3,10.119868448004127,7.718
STAGE_FULL_PIPELINE,3,10.17029203401762,17.866
STAGE_FULL_PIPELINE,3,10.225807957001962,17.866
STAGE_FULL_PIPELINE,3,10.277116951008793,10.321
STAGE_FULL_PIPELINE,3,10.327579953009263,10.321
STAGE_FULL_PIPELINE,3,10.378109587996732,10.206
STAGE_FULL_PIPELINE,3,10.428713372995844,10.206
STAGE_FULL_PIPELINE,3,10.479337451019092,10.163
STAGE_FULL_PIPELINE,3,10.532177062996197,10.163
STAGE_FULL_PIPELINE,3,10.582648417999735,11.047
STAGE_FULL_PIPELINE,3,10.636838767008157,11.047
STAGE_FULL_PIPELINE,3,10.688351493008668,10.007
STAGE_FULL_PIPELINE,3,10.738951564009767,10.007
STAGE_FULL_PIPELINE,3,10.789477920014178,10.059
STAGE_FULL_PIPELINE,3,10.840183185995556,10.059
STAGE_FULL_PIPELINE,3,10.890786044998094,10.043
STAGE_FULL_PIPELINE,3,10.949320940009784,10.251
STAGE_FULL_PIPELINE,3,11.000740827003028,10.251
STAGE_FULL_PIPELINE,3,11.05404778601951,10.084
STAGE_FULL_PIPELINE,3,11.104713117005304,10.084
STAGE_FULL_PIPELINE,3,11.163638505997369,11.297
STAGE_FULL_PIPELINE,3,11.214914184005465,11.297
STAGE_FULL_PIPELINE,3,11.268106674018782,10.266
STAGE_FULL_PIPELINE,3,11.318804175010882,10.266
STAGE_FULL_PIPELINE,3,11.369380641001044,10.263
STAGE_FULL_PIPELINE,3,11.419962141022552,10.263
STAGE_FULL_PIPELINE,3,11.47053135902388,12.033
STAGE_FULL_PIPELINE,3,11.521949320012936,12.033
STAGE_FULL_PIPELINE,3,11.574024491012096,10.292
STAGE_FULL_PIPELINE,3,11.62451862799935,10.292
STAGE_FULL_PIPELINE,3,11.675052471022354,10.301
STAGE_FULL_PIPELINE,3,11.725593844021205,10.301
STAGE_FULL_PIPELINE,3,11.776078180002514,9.962
STAGE_FULL_PIPELINE,3,11.833151130005717,9.962
STAGE_FULL_PIPELINE,3,11.88449877902167,10.37
STAGE_FULL_PIPELINE,3,11.934984685009113,10.37
STAGE_FULL_PIPELINE,3,11.985537877015304,10.336
STAGE_FULL_PIPELINE,3,12.036205593001796,10.336
STAGE_FULL_PIPELINE,3,12.086871225998038,10.319
STAGE_FULL_PIPELINE,3,12.13737044800655,10.319
STAGE_FULL_PIPELINE,3,12.187883323000278,10.306
STAGE_FULL_PIPELINE,3,12.238348038023105,10.306
STAGE_FULL_PIPELINE,3,12.28885274901404,10.286
STAGE_FULL_PIPELINE,3,12.339336443023058,10.286
STAGE_FULL_PIPELINE,3,12.389947882009437,10.273
STAGE_FULL_PIPELINE,3,12.440672977012582,10.273
STAGE_FULL_PIPELINE,3,12.491508061997592,10.268
STAGE_FULL_PIPELINE,3,12.542133345996263,10.268
STAGE_FULL_PIPELINE,3,12.592838184995344,10.268
STAGE_FULL_PIPELINE,3,12.643410878023133,12.232
STAGE_FULL_PIPELINE,3,12.694731958006741,12.232
STAGE_FULL_PIPELINE,3,12.753250127017964,13.404
STAGE_FULL_PIPELINE,3,12.805414771020878,13.404
STAGE_FULL_PIPELINE,3,12.856885767017957,9.977
STAGE_FULL_PIPELINE,3,12.907449356018333,9.977
STAGE_FULL_PIPELINE,3,12.958030116016744,10.147
STAGE_FULL_PIPELINE,3,13.008680033002747,10.147
STAGE_FULL_PIPELINE,3,13.059236528002657,10.175
STAGE_FULL_PIPELINE,3,13.109739274019375,10.175
STAGE_FULL_PIPELINE,3,13.16028915400966,10.221
STAGE_FULL_PIPELINE,3,13.210804863017984,10.221
STAGE_FULL_PIPELINE,3,13.261314684001263,10.243
STAGE_FULL_PIPELINE,3,13.311757192015648,10.243
STAGE_FULL_PIPELINE,3,13.36238379200222,9.944
STAGE_FULL_PIPELINE,3,13.414223983010743,9.857
STAGE_FULL_PIPELINE,3,13.466020913008833,11.003
STAGE_FULL_PIPELINE,3,13.517646473017521,10.23
STAGE_FULL_PIPELINE,3,13.568973784014815,10.615
STAGE_FULL_PIPELINE,3,13.620746783009963,10.824
STAGE_FULL_PIPELINE,3,13.679842061013915,8.399
STAGE_FULL_PIPELINE,3,13.731529875018168,10.421
STAGE_FULL_PIPELINE,3,13.78405207200558,9.793
STAGE_FULL_PIPELINE,3,13.835521413013339,9.793
STAGE_FULL_PIPELINE,3,13.887951676006196,10.319
STAGE_FULL_PIPELINE,3,13.938587377022486,10.319
STAGE_FULL_PIPELINE,3,13.98911294201389,10.309
STAGE_FULL_PIPELINE,3,14.039805113017792,10.309
STAGE_FULL_PIPELINE,3,14.090740469022421,6.19
STAGE_FULL_PIPELINE,3,14.148458002018742,6.195
STAGE_FULL_PIPELINE,3,14.19951421301812,6.116
STAGE_FULL_PIPELINE,3,14.250792714999989,7.432
STAGE_FULL_PIPELINE,3,14.303269609023118,7.432
STAGE_FULL_PIPELINE,3,14.358630521019222,15.954
STAGE_FULL_PIPELINE,3,14.409041099017486,15.954
STAGE_FULL_PIPELINE,3,14.459761492005782,13.641
STAGE_FULL_PIPELINE,3,14.520672993006883,12.437
STAGE_FULL_PIPELINE,3,14.5727973220055,16.689
STAGE_FULL_PIPELINE,3,14.624136296013603,13.05
STAGE_FULL_PIPELINE,3,14.675458623998566,17.274
STAGE_FULL_PIPELINE,3,14.726862027018797,17.274
STAGE_FULL_PIPELINE,3,14.778486718016211,15.079
STAGE_FULL_PIPELINE,3,14.829202649008948,15.079
STAGE_FULL_PIPELINE,3,14.87970198399853,15.907
STAGE_FULL_PIPELINE,3,14.93122772400966,15.907
STAGE_FULL_PIPELINE,3,14.98281674401369,14.983
STAGE_FULL_PIPELINE,3,15.033509624016006,14.983
STAGE_FULL_PIPELINE,3,15.084505901002558,13.266
STAGE_FULL_PIPELINE,3,15.13501117299893,13.266
STAGE_FULL_PIPELINE,3,15.18551007899805,14.329
STAGE_FULL_PIPELINE,3,15.236105549003696,14.329
STAGE_FULL_PIPELINE,3,15.28671842100448,16.015
STAGE_FULL_PIPELINE,3,15.337282192020211,16.015
STAGE_FULL_PIPELINE,3,15.38787581800716,16.311
STAGE_FULL_PIPELINE,3,15.438533590000588,16.311
STAGE_FULL_PIPELINE,3,15.489483662007842,16.472
STAGE_FULL_PIPELINE,3,15.540007197996601,16.472
STAGE_FULL_PIPELINE,3,15.591028140013805,16.588
STAGE_FULL_PIPELINE,3,15.64176465800847,16.673
STAGE_FULL_PIPELINE,3,15.692561088013463,16.673
STAGE_FULL_PIPELINE,3,15.743628360010916,16.746
STAGE_FULL_PIPELINE,3,15.794294635998085,16.746
STAGE_FULL_PIPELINE,3,15.84505194000667,16.804
STAGE_FULL_PIPELINE,3,15.895665959018515,16.804
STAGE_FULL_PIPELINE,3,15.946438111015595,16.855
STAGE_FULL_PIPELINE,3,15.997254372021416,16.855
STAGE_FULL_PIPELINE,3,16.048015854001278,16.735
STAGE_FULL_PIPELINE,3,16.098457584012067,16.735
STAGE_FULL_PIPELINE,3,16.149147036019713,16.756
STAGE_FULL_PIPELINE,3,16.19966598402243,16.756
STAGE_FULL_PIPELINE,3,16.250341294013197,16.328
STAGE_FULL_PIPELINE,3,16.30139816799783,16.328
STAGE_FULL_PIPELINE,3,16.352045622013975,15.045
STAGE_FULL_PIPELINE,3,16.40306927601341,15.045
STAGE_FULL_PIPELINE,3,16.454018935997738,14.032
STAGE_FULL_PIPELINE,3,16.504798684007255,14.032
STAGE_FULL_PIPELINE,3,16.555360013997415,13.692
STAGE_FULL_PIPELINE,3,16.605929789016955,13.692
STAGE_FULL_PIPELINE,3,16.656510425003944,13.903
STAGE_FULL_PIPELINE,3,16.706968078011414,13.903
STAGE_FULL_PIPELINE,3,16.757930922001833,13.926
STAGE_FULL_PIPELINE,3,16.808963026007405,13.926
STAGE_FULL_PIPELINE,3,16.85939773800783,13.61
STAGE_FULL_PIPELINE,3,16.910006182995858,13.61
STAGE_FULL_PIPELINE,3,16.961041443020804,13.214
STAGE_FULL_PIPELINE,3,17.01180538200424,13.214
STAGE_FULL_PIPELINE,3,17.0626160390093,12.582
STAGE_FULL_PIPELINE,3,17.11350936300005,12.582
STAGE_FULL_PIPELINE,3,17.164198687998578,12.779
STAGE_FULL_PIPELINE,3,17.21502271000645,12.779
STAGE_FULL_PIPELINE,3,17.265799501998117,12.924
STAGE_FULL_PIPELINE,3,17.31671375699807,12.924
STAGE_FULL_PIPELINE,3,17.367496626015054,13.051
STAGE_FULL_PIPELINE,3,17.418217213999014,13.051
STAGE_FULL_PIPELINE,3,17.46907763800118,13.602
STAGE_FULL_PIPELINE,3,17.520020875002956,13.602
STAGE_FULL_PIPELINE,3,17.57055207301164,14.22
STAGE_FULL_PIPELINE,3,17.621415372996125,14.22
STAGE_FULL_PIPELINE,3,17.671955380996224,14.192
STAGE_FULL_PIPELINE,3,17.722665439010598,14.192
STAGE_FULL_PIPELINE,3,17.773389395006234,13.607
STAGE_FULL_PIPELINE,3,17.824053724005353,13.607
STAGE_FULL_PIPELINE,3,17.874997596023604,13.201
STAGE_FULL_PIPELINE,3,17.92562409301172,13.201
STAGE_FULL_PIPELINE,3,17.9767542820191,13.154
STAGE_FULL_PIPELINE,3,18.02733677800279,13.154
STAGE_FULL_PIPELINE,3,18.077920826995978,13.167
STAGE_FULL_PIPELINE,3,18.128480472019874,13.167
STAGE_FULL_PIPELINE,3,18.178895261022262,13.418
STAGE_FULL_PIPELINE,3,18.229565497022122,13.418
STAGE_FULL_PIPELINE,3,18.280127567006275,13.172
STAGE_FULL_PIPELINE,3,18.33068767702207,13.172
STAGE_FULL_PIPELINE,3,18.381191879016114,13.143
STAGE_FULL_PIPELINE,3,18.43169691899675,13.143
STAGE_FULL_PIPELINE,3,18.48218523201649,13.136
STAGE_FULL_PIPELINE,3,18.532724835007684,13.136
STAGE_FULL_PIPELINE,3,18.583555905002868,12.883
STAGE_FULL_PIPELINE,3,18.634168668999337,12.883
STAGE_FULL_PIPELINE,3,18.684787358011818,12.606
STAGE_FULL_PIPELINE,3,18.735691013018368,12.606
STAGE_FULL_PIPELINE,3,18.78636696501053,12.323
STAGE_FULL_PIPELINE,3,18.836970395001117,12.323
STAGE_FULL_PIPELINE,3,18.887824837001972,12.048
STAGE_FULL_PIPELINE,3,18.93832487502368,12.048
STAGE_FULL_PIPELINE,3,18.988746170012746,11.795
STAGE_FULL_PIPELINE,3,19.039321767020738,11.795
STAGE_FULL_PIPELINE,3,19.090102378017036,11.505
STAGE_FULL_PIPELINE,3,19.140800585999386,11.242
STAGE_FULL_PIPELINE,3,19.191228693001904,11.242
STAGE_FULL_PIPELINE,3,19.241844394011423,10.973
STAGE_FULL_PIPELINE,3,19.292536962020677,10.973
STAGE_FULL_PIPELINE,3,19.34331808501156,10.466
STAGE_FULL_PIPELINE,3,19.393998656014446,10.466
STAGE_FULL_PIPELINE,3,19.44457077200059,10.158
STAGE_FULL_PIPELINE,3,19.49568784001167,10.158
STAGE_FULL_PIPELINE,3,19.546222999022575,10.138
STAGE_FULL_PIPELINE,3,19.597050553013105,10.138
STAGE_FULL_PIPELINE,3,19.64766827202402,10.143
STAGE_FULL_PIPELINE,3,19.698433437006315,10.143
STAGE_FULL_PIPELINE,3,19.749143075023312,10.138
STAGE_FULL_PIPELINE,3,19.799640534009086,10.138
STAGE_FULL_PIPELINE,3,19.850341896002647,10.135
STAGE_FULL_PIPELINE,3,19.90104578001774,10.135
STAGE_FULL_PIPELINE,3,19.951703427999746,10.121
STAGE_FULL_PIPELINE,3,20.002335148019483,10.121
STAGE_FULL_PIPELINE,3,20.052898127003573,10.119
STAGE_FULL_PIPELINE,3,20.103424577013357,10.119
STAGE_FULL_PIPELINE,3,20.154042595007923,10.106
STAGE_FULL_PIPELINE,3,20.204560448997654,10.106
STAGE_FULL_PIPELINE,3,20.255006512015825,10.1
STAGE_FULL_PIPELINE,3,20.305717478011502,10.1
STAGE_FULL_PIPELINE,3,20.356481358001474,10.096
STAGE_FULL_PIPELINE,3,20.406949629017618,10.096
STAGE_FULL_PIPELINE,3,20.45761275300174,10.099
STAGE_FULL_PIPELINE,3,20.508164019003743,10.099
STAGE_FULL_PIPELINE,3,20.559208220016444,10.107
STAGE_FULL_PIPELINE,3,20.609882523014676,10.107
STAGE_FULL_PIPELINE,3,20.660491759015713,10.12
STAGE_FULL_PIPELINE,3,20.711263603996485,10.12
STAGE_FULL_PIPELINE,3,20.76216371799819,10.133
STAGE_FULL_PIPELINE,3,20.812667175021488,10.133
STAGE_FULL_PIPELINE,3,20.863095250009792,10.137
STAGE_FULL_PIPELINE,3,20.91640426500817,10.137
STAGE_FULL_PIPELINE,3,20.967081932001747,10.144
STAGE_FULL_PIPELINE,3,21.017819628003053,10.144
STAGE_FULL_PIPELINE,3,21.069174800009932,10.15
STAGE_FULL_PIPELINE,3,21.11978474102216,10.15
STAGE_FULL_PIPELINE,3,21.17030495099607,10.159
STAGE_FULL_PIPELINE,3,21.220712709007785,10.159
STAGE_FULL_PIPELINE,3,21.271254620020045,10.168
STAGE_FULL_PIPELINE,3,21.321739750012057,10.168
STAGE_FULL_PIPELINE,3,21.37221480900189,10.185
STAGE_FULL_PIPELINE,3,21.422714573011035,10.185
STAGE_FULL_PIPELINE,3,21.47330293399864,10.195
STAGE_FULL_PIPELINE,3,21.523840375011787,10.195
STAGE_FULL_PIPELINE,3,21.57435843901476,10.211
STAGE_FULL_PIPELINE,3,21.62504218801041,10.211
STAGE_FULL_PIPELINE,3,21.67568783601746,10.219
STAGE_FULL_PIPELINE,3,21.726175051997416,10.219
STAGE_FULL_PIPELINE,3,21.776823854015674,10.216
STAGE_FULL_PIPELINE,3,21.827689803001704,10.216
STAGE_FULL_PIPELINE,3,21.87830095400568,10.228
STAGE_FULL_PIPELINE,3,21.928880583000137,10.228
STAGE_FULL_PIPELINE,3,21.97944666701369,10.235
STAGE_FULL_PIPELINE,3,22.029988930997206,10.235
STAGE_FULL_PIPELINE,3,22.080544885015115,10.246
STAGE_FULL_PIPELINE,3,22.131415954005206,10.246
STAGE_FULL_PIPELINE,3,22.18190144500113,10.242
STAGE_FULL_PIPELINE,3,22.23227767800563,10.242
STAGE_FULL_PIPELINE,3,22.28289583302103,10.25
STAGE_FULL_PIPELINE,3,22.333464698022,10.25
STAGE_FULL_PIPELINE,3,22.384199587017065,10.246
STAGE_FULL_PIPELINE,3,22.43492241902277,10.246
STAGE_FULL_PIPELINE,3,22.485755353001878,10.25
STAGE_FULL_PIPELINE,3,22.536362808023114,10.25
STAGE_FULL_PIPELINE,3,22.586986117006745,10.255
STAGE_FULL_PIPELINE,3,22.637548983999295,10.255
STAGE_FULL_PIPELINE,3,22.688017892010976,10.256
STAGE_FULL_PIPELINE,3,22.738670370017644,10.256
STAGE_FULL_PIPELINE,3,22.78902054502396,10.255
STAGE_FULL_PIPELINE,3,22.83947326001362,10.255
STAGE_FULL_PIPELINE,3,22.889958437008318,10.264
STAGE_FULL_PIPELINE,3,22.94037042200216,10.264
STAGE_FULL_PIPELINE,3,22.99076770801912,10.257
STAGE_FULL_PIPELINE,3,23.041170601005433,10.257
STAGE_FULL_PIPELINE,3,23.09159392400761,10.263
STAGE_FULL_PIPELINE,3,23.14227804701659,10.261
STAGE_FULL_PIPELINE,3,23.192836953996448,10.261
STAGE_FULL_PIPELINE,3,23.24352562101558,10.268
STAGE_FULL_PIPELINE,3,23.29418480300228,10.268
STAGE_FULL_PIPELINE,3,23.344790839008056,10.265
STAGE_FULL_PIPELINE,3,23.3952489910007,10.265
STAGE_FULL_PIPELINE,3,23.446341367001878,10.243
STAGE_FULL_PIPELINE,3,23.50022447502124,10.243
STAGE_FULL_PIPELINE,3,23.550690841017058,13.119
STAGE_FULL_PIPELINE,3,23.60192739701597,13.119
STAGE_FULL_PIPELINE,3,23.656381082022563,10.302
STAGE_FULL_PIPELINE,3,23.706842098996276,10.302
STAGE_FULL_PIPELINE,3,23.757431453996105,10.318
STAGE_FULL_PIPELINE,3,23.813991800008807,10.318
STAGE_FULL_PIPELINE,3,23.864527377008926,10.333
STAGE_FULL_PIPELINE,3,23.92750763602089,10.333
STAGE_FULL_PIPELINE,3,23.977983193006366,10.62
STAGE_FULL_PIPELINE,3,24.030419051006902,10.62
STAGE_FULL_PIPELINE,3,24.081730303005315,10.357
STAGE_FULL_PIPELINE,3,24.13400725502288,10.357
STAGE_FULL_PIPELINE,3,24.18576452601701,10.459
STAGE_FULL_PIPELINE,3,24.23627296902123,10.459
STAGE_FULL_PIPELINE,3,24.286926341999788,9.984
STAGE_FULL_PIPELINE,3,24.338372730999254,10.32
STAGE_FULL_PIPELINE,3,24.394923284999095,10.321
STAGE_FULL_PIPELINE,3,24.445609437010717,9.6
STAGE_FULL_PIPELINE,3,24.49780116599868,9.6
STAGE_FULL_PIPELINE,3,24.550205922016175,10.346
STAGE_FULL_PIPELINE,3,24.600904034014093,10.346
STAGE_FULL_PIPELINE,3,24.651619138021488,8.064
STAGE_FULL_PIPELINE,3,24.70298359100707,8.064
STAGE_FULL_PIPELINE,3,24.75449714899878,10.339
STAGE_FULL_PIPELINE,3,24.805209103011293,10.339
STAGE_FULL_PIPELINE,3,24.855769300018437,10.338
STAGE_FULL_PIPELINE,3,24.9071733810124,10.338
STAGE_FULL_PIPELINE,3,24.95760113900178,9.476
STAGE_FULL_PIPELINE,3,25.00985161800054,9.476
STAGE_FULL_PIPELINE,3,25.061181247001514,10.283
STAGE_FULL_PIPELINE,3,25.111805713997455,10.283
STAGE_FULL_PIPELINE,3,25.16231479801354,10.283
STAGE_FULL_PIPELINE,3,25.213129273004597,10.283
STAGE_FULL_PIPELINE,3,25.263549335999414,10.306
STAGE_FULL_PIPELINE,3,25.313923818001058,10.306
STAGE_FULL_PIPELINE,3,25.36450129401055,10.319
STAGE_FULL_PIPELINE,3,25.415148283995222,10.319
STAGE_FULL_PIPELINE,3,25.465706279006554,10.434
STAGE_FULL_PIPELINE,3,25.517082942009438,10.434
STAGE_FULL_PIPELINE,3,25.568704128003446,10.289
STAGE_FULL_PIPELINE,3,25.61932463000994,10.289
STAGE_FULL_PIPELINE,3,25.66979507400538,10.316
STAGE_FULL_PIPELINE,3,25.720495711022522,10.316
STAGE_FULL_PIPELINE,3,25.77322200901108,6.874
STAGE_FULL_PIPELINE,3,25.824449530016864,6.874
STAGE_FULL_PIPELINE,3,25.87850195899955,10.401
STAGE_FULL_PIPELINE,3,25.929119214008097,10.401
STAGE_FULL_PIPELINE,3,25.979798886022763,13.718
STAGE_FULL_PIPELINE,3,26.035733448021347,13.718
STAGE_FULL_PIPELINE,3,26.08691216900479,10.362
STAGE_FULL_PIPELINE,3,26.13744152401341,10.362
STAGE_FULL_PIPELINE,3,26.1879330050142,10.37
STAGE_FULL_PIPELINE,3,26.23838619000162,10.358
STAGE_FULL_PIPELINE,3,26.28882074399735,10.358
STAGE_FULL_PIPELINE,3,26.339230758021586,10.358
STAGE_FULL_PIPELINE,3,26.389772127004107,10.286
STAGE_FULL_PIPELINE,3,26.441294210002525,10.432
STAGE_FULL_PIPELINE,3,26.494872426002985,10.432
STAGE_FULL_PIPELINE,3,26.55170442801318,10.309
STAGE_FULL_PIPELINE,3,26.602164593001362,10.309
STAGE_FULL_PIPELINE,3,26.652669618022628,10.359
STAGE_FULL_PIPELINE,3,26.70311865801341,10.359
STAGE_FULL_PIPELINE,3,26.762051259021973,10.505
STAGE_FULL_PIPELINE,3,26.813277025008574,10.54
STAGE_FULL_PIPELINE,3,26.864555312000448,10.261
STAGE_FULL_PIPELINE,3,26.916037015005713,11.352
STAGE_FULL_PIPELINE,3,26.977914948016405,6.819
STAGE_FULL_PIPELINE,3,27.02909550300683,11.018
STAGE_FULL_PIPELINE,3,27.081020228011766,7.093
STAGE_FULL_PIPELINE,3,27.132222037005704,7.093
STAGE_FULL_PIPELINE,3,27.184006616997067,10.498
STAGE_FULL_PIPELINE,3,27.234495587996207,10.498
STAGE_FULL_PIPELINE,3,27.284930116002215,10.475
STAGE_FULL_PIPELINE,3,27.335457655019127,10.475
STAGE_FULL_PIPELINE,3,27.385944592999294,10.477
STAGE_FULL_PIPELINE,3,27.436443262995454,10.477
STAGE_FULL_PIPELINE,3,27.486922515003243,10.48
STAGE_FULL_PIPELINE,3,27.537441138003487,10.474
STAGE_FULL_PIPELINE,3,27.58816905101412,10.474
STAGE_FULL_PIPELINE,3,27.638924163009506,10.474
STAGE_FULL_PIPELINE,3,27.689383843011456,10.517
STAGE_FULL_PIPELINE,3,27.739812967018224,10.517
STAGE_FULL_PIPELINE,3,27.790227591001894,10.501
STAGE_FULL_PIPELINE,3,27.840796002012212,10.501
STAGE_FULL_PIPELINE,3,27.891245005012024,10.506
STAGE_FULL_PIPELINE,3,27.94185930301319,10.45
STAGE_FULL_PIPELINE,3,27.99233506101882,10.45
STAGE_FULL_PIPELINE,3,28.042981688020518,10.45
STAGE_FULL_PIPELINE,3,28.093476686015492,10.475
STAGE_FULL_PIPELINE,3,28.14403415902052,10.457
STAGE_FULL_PIPELINE,3,28.19479749602033,10.457
STAGE_FULL_PIPELINE,3,28.24552557102288,6.463
STAGE_FULL_PIPELINE,3,28.296702154999366,6.463
STAGE_FULL_PIPELINE,3,28.34790544700809,7.673
STAGE_FULL_PIPELINE,3,28.39948331701453,7.673
STAGE_FULL_PIPELINE,3,28.451888670009794,10.434
STAGE_FULL_PIPELINE,3,28.508897499996237,10.434
STAGE_FULL_PIPELINE,3,28.559310949000064,14.319
STAGE_FULL_PIPELINE,3,28.610890857002232,14.319
STAGE_FULL_PIPELINE,3,28.662475949007785,9.746
STAGE_FULL_PIPELINE,3,28.725590508023743,9.746
STAGE_FULL_PIPELINE,3,28.776987548015313,11.893
STAGE_FULL_PIPELINE,3,28.84113382702344,9.305
STAGE_FULL_PIPELINE,3,28.892604746011784,9.305
STAGE_FULL_PIPELINE,3,28.945418570016045,10.336
STAGE_FULL_PIPELINE,3,28.995904790004715,10.336
STAGE_FULL_PIPELINE,3,29.0562187070027,9.893
STAGE_FULL_PIPELINE,3,29.107477308018133,9.893
STAGE_FULL_PIPELINE,3,29.160140598018188,10.389
STAGE_FULL_PIPELINE,3,29.21062934299698,10.389
STAGE_FULL_PIPELINE,3,29.27027797102346,7.476
STAGE_FULL_PIPELINE,3,29.321786312997574,7.476
STAGE_FULL_PIPELINE,3,29.375376857002266,10.343
STAGE_FULL_PIPELINE,3,29.42594566300977,10.343
STAGE_FULL_PIPELINE,3,29.476606028008973,10.34
STAGE_FULL_PIPELINE,3,29.527033557998948,10.34
STAGE_FULL_PIPELINE,3,29.577533838019008,14.229
STAGE_FULL_PIPELINE,3,29.628792707022512,14.229
STAGE_FULL_PIPELINE,3,29.68184455501614,10.265
STAGE_FULL_PIPELINE,3,29.732249669003068,10.265
STAGE_FULL_PIPELINE,3,29.78288384800544,9.542
STAGE_FULL_PIPELINE,3,29.83779793602298,10.352
STAGE_FULL_PIPELINE,3,29.888351716013858,10.352
STAGE_FULL_PIPELINE,3,29.938897461019224,10.352
STAGE_FULL_PIPELINE,3,29.989359366998542,10.77
STAGE_MODEL_POLICY,3,0.006377912999596447,8.31
STAGE_MODEL_POLICY,3,0.05690084301750176,8.31
STAGE_MODEL_POLICY,3,0.10743910999735817,9.356
STAGE_MODEL_POLICY,3,0.15799163200426847,9.356
STAGE_MODEL_POLICY,3,0.20854921601130627,10.848
STAGE_MODEL_POLICY,3,0.25982354299048893,10.848
STAGE_MODEL_POLICY,3,0.31124599900795147,10.432
STAGE_MODEL_POLICY,3,0.36225546401692554,10.432
STAGE_MODEL_POLICY,3,0.41908765901462175,10.755
STAGE_MODEL_POLICY,3,0.47059118599281646,9.822
STAGE_MODEL_POLICY,3,0.5349848509940784,13.281
STAGE_MODEL_POLICY,3,0.5862839430046733,13.281
STAGE_MODEL_POLICY,3,0.6391783379949629,10.423
STAGE_MODEL_POLICY,3,0.6898326899972744,10.423
STAGE_MODEL_POLICY,3,0.740459868015023,10.403
STAGE_MODEL_POLICY,3,0.7910800359968562,10.403
STAGE_MODEL_POLICY,3,0.841511172009632,10.39
STAGE_MODEL_POLICY,3,0.8921713560121134,10.39
STAGE_MODEL_POLICY,3,0.9427110200049356,10.38
STAGE_MODEL_POLICY,3,0.9931183530134149,10.38
STAGE_MODEL_POLICY,3,1.0438399930135347,10.372
STAGE_MODEL_POLICY,3,1.0942549160099588,10.372
STAGE_MODEL_POLICY,3,1.1447632130002603,10.854
STAGE_MODEL_POLICY,3,1.1967081710172351,10.371
STAGE_MODEL_POLICY,3,1.2472973669937346,10.371
STAGE_MODEL_POLICY,3,1.2977908840111922,10.361
STAGE_MODEL_POLICY,3,1.34828375899815,10.361
STAGE_MODEL_POLICY,3,1.3988074609951582,10.374
STAGE_MODEL_POLICY,3,1.4494609569956083,10.374
STAGE_MODEL_POLICY,3,1.5000246390118264,10.383
STAGE_MODEL_POLICY,3,1.5507553810020909,10.383
STAGE_MODEL_POLICY,3,1.6014862949959934,10.376
STAGE_MODEL_POLICY,3,1.652076524012955,10.376
STAGE_MODEL_POLICY,3,1.7025979589961935,10.373
STAGE_MODEL_POLICY,3,1.7530798480147496,10.373
STAGE_MODEL_POLICY,3,1.8036858910054434,10.369
STAGE_MODEL_POLICY,3,1.8543994700012263,10.369
STAGE_MODEL_POLICY,3,1.9053148539969698,10.368
STAGE_MODEL_POLICY,3,1.9559183700184803,10.368
STAGE_MODEL_POLICY,3,2.006489113002317,10.368
STAGE_MODEL_POLICY,3,2.0572357990022283,10.368
STAGE_MODEL_POLICY,3,2.107811658002902,10.37
STAGE_MODEL_POLICY,3,2.158239239011891,10.37
STAGE_MODEL_POLICY,3,2.208918264019303,10.37
STAGE_MODEL_POLICY,3,2.2595352030184586,10.37
STAGE_MODEL_POLICY,3,2.3099667979986407,10.368
STAGE_MODEL_POLICY,3,2.3608641769969836,10.368
STAGE_MODEL_POLICY,3,2.4114046150061768,10.37
STAGE_MODEL_POLICY,3,2.4619860000093468,10.37
STAGE_MODEL_POLICY,3,2.5125941690057516,10.364
STAGE_MODEL_POLICY,3,2.5630460620159283,10.364
STAGE_MODEL_POLICY,3,2.6135791839915328,10.357
STAGE_MODEL_POLICY,3,2.6643100189976394,10.357
STAGE_MODEL_POLICY,3,2.7148694380011875,10.354
STAGE_MODEL_POLICY,3,2.7655565240129363,10.354
STAGE_MODEL_POLICY,3,2.816280155995628,10.353
STAGE_MODEL_POLICY,3,2.866829486010829,10.353
STAGE_MODEL_POLICY,3,2.917405318003148,10.355
STAGE_MODEL_POLICY,3,2.9679525429964997,10.355
STAGE_MODEL_POLICY,3,3.018676616018638,10.36
STAGE_MODEL_POLICY,3,3.069270100997528,10.36
STAGE_MODEL_POLICY,3,3.119771033001598,10.36
STAGE_MODEL_POLICY,3,3.1703582990157884,10.36
STAGE_MODEL_POLICY,3,3.221116927015828,10.361
STAGE_MODEL_POLICY,3,3.271987757005263,10.361
STAGE_MODEL_POLICY,3,3.322513313993113,10.362
STAGE_MODEL_POLICY,3,3.373057032993529,10.362
STAGE_MODEL_POLICY,3,3.4237663189996965,10.363
STAGE_MODEL_POLICY,3,3.4742318490170874,10.363
STAGE_MODEL_POLICY,3,3.5250118340190966,10.364
STAGE_MODEL_POLICY,3,3.5757233150070533,10.364
STAGE_MODEL_POLICY,3,3.6264323700161185,10.369
STAGE_MODEL_POLICY,3,3.6770303169905674,10.369
STAGE_MODEL_POLICY,3,3.7275268569937907,10.375
STAGE_MODEL_POLICY,3,3.7781960630090907,10.375
STAGE_MODEL_POLICY,3,3.828777593007544,10.378
STAGE_MODEL_POLICY,3,3.8792605210037436,10.378
STAGE_MODEL_POLICY,3,3.929703328991309,10.38
STAGE_MODEL_POLICY,3,3.980359455017606,10.38
STAGE_MODEL_POLICY,3,4.030969504005043,10.377
STAGE_MODEL_POLICY,3,4.0816680080024526,10.377
STAGE_MODEL_POLICY,3,4.132322919991566,10.373
STAGE_MODEL_POLICY,3,4.183116528001847,10.373
STAGE_MODEL_POLICY,3,4.233837467007106,10.373
STAGE_MODEL_POLICY,3,4.284530608012574,10.373
STAGE_MODEL_POLICY,3,4.335323850013083,10.369
STAGE_MODEL_POLICY,3,4.3859941250120755,10.369
STAGE_MODEL_POLICY,3,4.43648283201037,10.366
STAGE_MODEL_POLICY,3,4.487035796017153,10.366
STAGE_MODEL_POLICY,3,4.537689640012104,10.362
STAGE_MODEL_POLICY,3,4.588449631992262,10.362
STAGE_MODEL_POLICY,3,4.639046469994355,10.357
STAGE_MODEL_POLICY,3,4.689684636017773,10.357
STAGE_MODEL_POLICY,3,4.7402397640107665,10.351
STAGE_MODEL_POLICY,3,4.790809647995047,10.351
STAGE_MODEL_POLICY,3,4.8413109139946755,10.342
STAGE_MODEL_POLICY,3,4.891719548992114,10.342
STAGE_MODEL_POLICY,3,4.942134512995835,10.337
STAGE_MODEL_POLICY,3,4.992888245993527,10.337
STAGE_MODEL_POLICY,3,5.0434962720028125,10.329
STAGE_MODEL_POLICY,3,5.09409675601637,10.329
STAGE_MODEL_POLICY,3,5.14448468000046,10.329
STAGE_MODEL_POLICY,3,5.195175892993575,10.324
STAGE_MODEL_POLICY,3,5.24598262400832,10.324
STAGE_MODEL_POLICY,3,5.296395158016821,10.319
STAGE_MODEL_POLICY,3,5.347085385990795,10.319
STAGE_MODEL_POLICY,3,5.397746950999135,10.316
STAGE_MODEL_POLICY,3,5.448592221015133,10.316
STAGE_MODEL_POLICY,3,5.499306523008272,10.317
STAGE_MODEL_POLICY,3,5.549936855008127,10.317
STAGE_MODEL_POLICY,3,5.6007366809935775,10.319
STAGE_MODEL_POLICY,3,5.651387363002868,10.319
STAGE_MODEL_POLICY,3,5.702042417018674,10.318
STAGE_MODEL_POLICY,3,5.75260449401685,10.318
STAGE_MODEL_POLICY,3,5.8033855670073535,10.316
STAGE_MODEL_POLICY,3,5.854230560013093,10.316
STAGE_MODEL_POLICY,3,5.90481809101766,10.322
STAGE_MODEL_POLICY,3,5.955504629004281,10.322
STAGE_MODEL_POLICY,3,6.005949432990747,10.332
STAGE_MODEL_POLICY,3,6.0565573800122365,10.332
STAGE_MODEL_POLICY,3,6.107014376000734,10.345
STAGE_MODEL_POLICY,3,6.157571588992141,10.345
STAGE_MODEL_POLICY,3,6.208088963001501,10.298
STAGE_MODEL_POLICY,3,6.2596273260132875,10.298
STAGE_MODEL_POLICY,3,6.311871826997958,10.315
STAGE_MODEL_POLICY,3,6.362228089012206,10.315
STAGE_MODEL_POLICY,3,6.412777388992254,10.296
STAGE_MODEL_POLICY,3,6.463355261017568,10.296
STAGE_MODEL_POLICY,3,6.513865370012354,10.678
STAGE_MODEL_POLICY,3,6.566130160004832,10.678
STAGE_MODEL_POLICY,3,6.617613272013841,10.348
STAGE_MODEL_POLICY,3,6.668435032013804,10.348
STAGE_MODEL_POLICY,3,6.719011890003458,10.337
STAGE_MODEL_POLICY,3,6.7696392119978555,10.337
STAGE_MODEL_POLICY,3,6.820287837006617,14.187
STAGE_MODEL_POLICY,3,6.871782314992743,14.187
STAGE_MODEL_POLICY,3,6.9240384380100295,10.344
STAGE_MODEL_POLICY,3,6.974955372017575,10.344
STAGE_MODEL_POLICY,3,7.0258689369948115,10.333
STAGE_MODEL_POLICY,3,7.076452558016172,10.333
STAGE_MODEL_POLICY,3,7.1268651760183275,10.328
STAGE_MODEL_POLICY,3,7.177399976993911,10.328
STAGE_MODEL_POLICY,3,7.2280173969920725,10.329
STAGE_MODEL_POLICY,3,7.278587933018571,10.329
STAGE_MODEL_POLICY,3,7.328981572994962,10.328
STAGE_MODEL_POLICY,3,7.379499141010456,10.328
STAGE_MODEL_POLICY,3,7.429880203009816,10.329
STAGE_MODEL_POLICY,3,7.480327350000152,10.329
STAGE_MODEL_POLICY,3,7.530966588004958,10.331
STAGE_MODEL_POLICY,3,7.5814711620041635,10.331
STAGE_MODEL_POLICY,3,7.632327500003157,10.332
STAGE_MODEL_POLICY,3,7.68289224000182,10.332
STAGE_MODEL_POLICY,3,7.733870982017834,10.33
STAGE_MODEL_POLICY,3,7.78429701999994,10.33
STAGE_MODEL_POLICY,3,7.834753933013417,10.325
STAGE_MODEL_POLICY,3,7.885392853000667,10.325
STAGE_MODEL_POLICY,3,7.935955438995734,10.328
STAGE_MODEL_POLICY,3,7.986550422006985,10.328
STAGE_MODEL_POLICY,3,8.037090005003847,10.323
STAGE_MODEL_POLICY,3,8.087761610018788,10.323
STAGE_MODEL_POLICY,3,8.13849320699228,10.324
STAGE_MODEL_POLICY,3,8.18917394100572,10.324
STAGE_MODEL_POLICY,3,8.239994836010737,10.323
STAGE_MODEL_POLICY,3,8.290646997018484,10.323
STAGE_MODEL_POLICY,3,8.341167973005213,10.322
STAGE_MODEL_POLICY,3,8.39167869501398,10.322
STAGE_MODEL_POLICY,3,8.44213275599759,10.324
STAGE_MODEL_POLICY,3,8.492524386005243,10.944
STAGE_MODEL_POLICY,3,8.543531556992093,10.944
STAGE_MODEL_POLICY,3,8.595961493992945,10.338
STAGE_MODEL_POLICY,3,8.64640494401101,10.338
STAGE_MODEL_POLICY,3,8.696778818004532,10.657
STAGE_MODEL_POLICY,3,8.750710902997525,10.657
STAGE_MODEL_POLICY,3,8.801820168009726,10.368
STAGE_MODEL_POLICY,3,8.85229599601007,10.368
STAGE_MODEL_POLICY,3,8.902660046995152,10.381
STAGE_MODEL_POLICY,3,8.953235216991743,10.381
STAGE_MODEL_POLICY,3,9.004169544990873,10.452
STAGE_MODEL_POLICY,3,9.056073234998621,10.452
STAGE_MODEL_POLICY,3,9.10855239801458,10.309
STAGE_MODEL_POLICY,3,9.159055644995533,10.309
STAGE_MODEL_POLICY,3,9.209397232014453,10.3
STAGE_MODEL_POLICY,3,9.259836206008913,10.3
STAGE_MODEL_POLICY,3,9.314408884005388,12.276
STAGE_MODEL_POLICY,3,9.366328887990676,12.276
STAGE_MODEL_POLICY,3,9.422780156019144,10.376
STAGE_MODEL_POLICY,3,9.473489087016787,10.376
STAGE_MODEL_POLICY,3,9.524058487993898,10.533
STAGE_MODEL_POLICY,3,9.575193614000455,10.533
STAGE_MODEL_POLICY,3,9.62725496001076,10.305
STAGE_MODEL_POLICY,3,9.677801879995968,10.305
STAGE_MODEL_POLICY,3,9.728575273999013,10.626
STAGE_MODEL_POLICY,3,9.781010987004265,10.626
STAGE_MODEL_POLICY,3,9.838221336016431,10.324
STAGE_MODEL_POLICY,3,9.888717761990847,10.324
STAGE_MODEL_POLICY,3,9.93926405601087,10.363
STAGE_MODEL_POLICY,3,9.989717257005395,10.363
STAGE_MODEL_POLICY,3,10.040314161014976,10.351
STAGE_MODEL_POLICY,3,10.090891922998708,10.351
STAGE_MODEL_POLICY,3,10.141342799994163,10.345
STAGE_MODEL_POLICY,3,10.191943890997209,10.345
STAGE_MODEL_POLICY,3,10.242400467017433,10.925
STAGE_MODEL_POLICY,3,10.293563382001594,10.316
STAGE_MODEL_POLICY,3,10.344036046008114,10.316
STAGE_MODEL_POLICY,3,10.394442285003606,10.309
STAGE_MODEL_POLICY,3,10.444922763010254,10.309
STAGE_MODEL_POLICY,3,10.495289081009105,10.307
STAGE_MODEL_POLICY,3,10.545767558010994,10.307
STAGE_MODEL_POLICY,3,10.596253101015463,10.327
STAGE_MODEL_POLICY,3,10.646766707999632,10.327
STAGE_MODEL_POLICY,3,10.697371559013845,10.331
STAGE_MODEL_POLICY,3,10.748095599992666,10.331
STAGE_MODEL_POLICY,3,10.798573570005829,10.844
STAGE_MODEL_POLICY,3,10.84984892400098,10.844
STAGE_MODEL_POLICY,3,10.900966932007577,10.359
STAGE_MODEL_POLICY,3,10.9514989790041,10.359
STAGE_MODEL_POLICY,3,11.00203808801598,10.325
STAGE_MODEL_POLICY,3,11.052837433991954,10.325
STAGE_MODEL_POLICY,3,11.103390438016504,10.333
STAGE_MODEL_POLICY,3,11.1539497320191,10.333
STAGE_MODEL_POLICY,3,11.204518631013343,10.333
STAGE_MODEL_POLICY,3,11.255112662998727,10.333
STAGE_MODEL_POLICY,3,11.30552907899255,10.324
STAGE_MODEL_POLICY,3,11.35598173600738,10.324
STAGE_MODEL_POLICY,3,11.406893314997433,10.918
STAGE_MODEL_POLICY,3,11.46343360299943,10.918
STAGE_MODEL_POLICY,3,11.514701922016684,10.369
STAGE_MODEL_POLICY,3,11.56521807599347,10.369
STAGE_MODEL_POLICY,3,11.615725064999424,13.928
STAGE_MODEL_POLICY,3,11.666841892991215,13.928
STAGE_MODEL_POLICY,3,11.7212421290169,10.331
STAGE_MODEL_POLICY,3,11.771661992010195,10.331
STAGE_MODEL_POLICY,3,11.822183298005257,10.346
STAGE_MODEL_POLICY,3,11.872874190012226,10.346
STAGE_MODEL_POLICY,3,11.92381087699323,10.368
STAGE_MODEL_POLICY,3,11.974435754003935,10.368
STAGE_MODEL_POLICY,3,12.024924569996074,11.104
STAGE_MODEL_POLICY,3,12.077581574994838,11.104
STAGE_MODEL_POLICY,3,12.128862254990963,10.358
STAGE_MODEL_POLICY,3,12.185177647013916,10.358
STAGE_MODEL_POLICY,3,12.235694283997873,10.751
STAGE_MODEL_POLICY,3,12.290189376013586,10.347
STAGE_MODEL_POLICY,3,12.341288544994313,10.342
STAGE_MODEL_POLICY,3,12.391777220007498,10.341
STAGE_MODEL_POLICY,3,12.442377335013589,10.341
STAGE_MODEL_POLICY,3,12.492930908018025,10.341
STAGE_MODEL_POLICY,3,12.543512239004485,10.26
STAGE_MODEL_POLICY,3,12.59505782200722,10.281
STAGE_MODEL_POLICY,3,12.6528461019916,10.245
STAGE_MODEL_POLICY,3,12.703344600013224,15.331
STAGE_MODEL_POLICY,3,12.754806640004972,15.331
STAGE_MODEL_POLICY,3,12.805961325007956,10.311
STAGE_MODEL_POLICY,3,12.856454638007563,10.311
STAGE_MODEL_POLICY,3,12.90693714999361,6.244
STAGE_MODEL_POLICY,3,12.958328781009186,6.244
STAGE_MODEL_POLICY,3,13.009610868000891,10.918
STAGE_MODEL_POLICY,3,13.060006799991243,10.918
STAGE_MODEL_POLICY,3,13.110425835999195,10.623
STAGE_MODEL_POLICY,3,13.168301288998919,10.623
STAGE_MODEL_POLICY,3,13.218719775002683,10.265
STAGE_MODEL_POLICY,3,13.285699966014363,10.265
STAGE_MODEL_POLICY,3,13.33697599300649,9.962
STAGE_MODEL_POLICY,3,13.38820367801236,9.962
STAGE_MODEL_POLICY,3,13.439374892011983,10.713
STAGE_MODEL_POLICY,3,13.491544635995524,10.428
STAGE_MODEL_POLICY,3,13.549324513005558,10.475
STAGE_MODEL_POLICY,3,13.602011790993856,11.73
STAGE_MODEL_POLICY,3,13.655383867007913,11.73
STAGE_MODEL_POLICY,3,13.707597827014979,10.384
STAGE_MODEL_POLICY,3,13.757993097009603,10.384
STAGE_MODEL_POLICY,3,13.808558968012221,10.365
STAGE_MODEL_POLICY,3,13.859395298990421,10.365
STAGE_MODEL_POLICY,3,13.91004574400722,10.389
STAGE_MODEL_POLICY,3,13.960384470992722,10.389
STAGE_MODEL_POLICY,3,14.010785702004796,10.371
STAGE_MODEL_POLICY,3,14.06111241801409,10.371
STAGE_MODEL_POLICY,3,14.111459898005705,10.379
STAGE_MODEL_POLICY,3,14.161863337998511,10.379
STAGE_MODEL_POLICY,3,14.212278063001577,10.668
STAGE_MODEL_POLICY,3,14.264420418010559,10.668
STAGE_MODEL_POLICY,3,14.315665970003465,10.429
STAGE_MODEL_POLICY,3,14.373957252013497,10.429
STAGE_MODEL_POLICY,3,14.42445614200551,10.14
STAGE_MODEL_POLICY,3,14.476224790996639,10.14
STAGE_MODEL_POLICY,3,14.52733095001895,9.515
STAGE_MODEL_POLICY,3,14.591423311008839,11.04
STAGE_MODEL_POLICY,3,14.642553023993969,11.04
STAGE_MODEL_POLICY,3,14.695285151014104,10.397
STAGE_MODEL_POLICY,3,14.745802818011725,10.397
STAGE_MODEL_POLICY,3,14.796211358014261,11.063
STAGE_MODEL_POLICY,3,14.850689059996512,11.063
STAGE_MODEL_POLICY,3,14.90240352001274,10.388
STAGE_MODEL_POLICY,3,14.953644538007211,10.388
STAGE_MODEL_POLICY,3,15.004860012995778,10.37
STAGE_MODEL_POLICY,3,15.05602183699375,10.37
STAGE_MODEL_POLICY,3,15.106658341013826,15.579
STAGE_MODEL_POLICY,3,15.163225655007409,15.579
STAGE_MODEL_POLICY,3,15.214732787018875,10.263
STAGE_MODEL_POLICY,3,15.265318746009143,10.263
STAGE_MODEL_POLICY,3,15.315886319003766,10.275
STAGE_MODEL_POLICY,3,15.366377466998529,10.275
STAGE_MODEL_POLICY,3,15.416900090000127,10.723
STAGE_MODEL_POLICY,3,15.468152899993584,10.723
STAGE_MODEL_POLICY,3,15.5212526480027,10.36
STAGE_MODEL_POLICY,3,15.571804350998718,10.36
STAGE_MODEL_POLICY,3,15.62235109100584,10.914
STAGE_MODEL_POLICY,3,15.674614807008766,10.914
STAGE_MODEL_POLICY,3,15.72668490500655,10.367
STAGE_MODEL_POLICY,3,15.777265458018519,10.367
STAGE_MODEL_POLICY,3,15.827759837004123,10.364
STAGE_MODEL_POLICY,3,15.878396326006623,10.364
STAGE_MODEL_POLICY,3,15.928902243991615,11.364
STAGE_MODEL_POLICY,3,15.980110263015376,11.364
STAGE_MODEL_POLICY,3,16.03246004699031,10.348
STAGE_MODEL_POLICY,3,16.08324326699949,10.348
STAGE_MODEL_POLICY,3,16.13384894601768,10.36
STAGE_MODEL_POLICY,3,16.18462848899071,10.36
STAGE_MODEL_POLICY,3,16.235495202010497,10.361
STAGE_MODEL_POLICY,3,16.285992276010802,10.361
STAGE_MODEL_POLICY,3,16.33931111599668,16.017
STAGE_MODEL_POLICY,3,16.390868210000917,10.141
STAGE_MODEL_POLICY,3,16.445794842991745,10.146
STAGE_MODEL_POLICY,3,16.49639405499329,10.236
STAGE_MODEL_POLICY,3,16.556624340999406,10.236
STAGE_MODEL_POLICY,3,16.60703586501768,10.795
STAGE_MODEL_POLICY,3,16.661053871997865,10.795
STAGE_MODEL_POLICY,3,16.71229216500069,10.392
STAGE_MODEL_POLICY,3,16.762771567009622,10.392
STAGE_MODEL_POLICY,3,16.81330902199261,10.398
STAGE_MODEL_POLICY,3,16.864540761016542,10.398
STAGE_MODEL_POLICY,3,16.915123789018253,10.393
STAGE_MODEL_POLICY,3,16.965637460991275,10.393
STAGE_MODEL_POLICY,3,17.01617499499116,10.388
STAGE_MODEL_POLICY,3,17.066791787015973,10.388
STAGE_MODEL_POLICY,3,17.11747807500069,10.386
STAGE_MODEL_POLICY,3,17.168187211995246,10.386
STAGE_MODEL_POLICY,3,17.21899201301858,10.655
STAGE_MODEL_POLICY,3,17.276248272013618,10.655
STAGE_MODEL_POLICY,3,17.32758576600463,10.389
STAGE_MODEL_POLICY,3,17.378241600003093,10.389
STAGE_MODEL_POLICY,3,17.42897144201561,10.389
STAGE_MODEL_POLICY,3,17.479493010992883,10.389
STAGE_MODEL_POLICY,3,17.530041674996028,10.374
STAGE_MODEL_POLICY,3,17.580527006008197,10.374
STAGE_MODEL_POLICY,3,17.63119645000552,10.38
STAGE_MODEL_POLICY,3,17.681809182016877,10.38
STAGE_MODEL_POLICY,3,17.73249497800134,10.379
STAGE_MODEL_POLICY,3,17.783082122012274,10.379
STAGE_MODEL_POLICY,3,17.83355877699796,10.372
STAGE_MODEL_POLICY,3,17.88415199800511,10.372
STAGE_MODEL_POLICY,3,17.934941810992314,10.364
STAGE_MODEL_POLICY,3,17.985454036010196,10.364
STAGE_MODEL_POLICY,3,18.035893605992896,10.361
STAGE_MODEL_POLICY,3,18.08644564601127,10.361
STAGE_MODEL_POLICY,3,18.136886880995007,10.359
STAGE_MODEL_POLICY,3,18.18743734501186,10.359
STAGE_MODEL_POLICY,3,18.238087047007866,10.358
STAGE_MODEL_POLICY,3,18.288694451999618,10.358
STAGE_MODEL_POLICY,3,18.339221736008767,10.359
STAGE_MODEL_POLICY,3,18.390067567001097,10.356
STAGE_MODEL_POLICY,3,18.440649187017698,10.356
STAGE_MODEL_POLICY,3,18.49148041801527,10.353
STAGE_MODEL_POLICY,3,18.541984879993834,10.353
STAGE_MODEL_POLICY,3,18.59289244801039,10.355
STAGE_MODEL_POLICY,3,18.64353719801875,10.355
STAGE_MODEL_POLICY,3,18.694447904999834,10.353
STAGE_MODEL_POLICY,3,18.745089185016695,10.353
STAGE_MODEL_POLICY,3,18.79555382800754,10.352
STAGE_MODEL_POLICY,3,18.84606165799778,10.352
STAGE_MODEL_POLICY,3,18.896556118008448,10.352
STAGE_MODEL_POLICY,3,18.947064078995027,10.352
STAGE_MODEL_POLICY,3,18.997629732999485,10.356
STAGE_MODEL_POLICY,3,19.048195487994235,10.356
STAGE_MODEL_POLICY,3,19.098760807013605,10.357
STAGE_MODEL_POLICY,3,19.149277382006403,10.357
STAGE_MODEL_POLICY,3,19.1998309000046,10.358
STAGE_MODEL_POLICY,3,19.250480234011775,10.358
STAGE_MODEL_POLICY,3,19.30100417000358,10.358
STAGE_MODEL_POLICY,3,19.351667020004243,10.358
STAGE_MODEL_POLICY,3,19.402197218005313,10.354
STAGE_MODEL_POLICY,3,19.45270326299942,10.354
STAGE_MODEL_POLICY,3,19.503274790011346,10.352
STAGE_MODEL_POLICY,3,19.553993426990928,10.352
STAGE_MODEL_POLICY,3,19.60455453200848,11.808
STAGE_MODEL_POLICY,3,19.6614532500098,11.808
STAGE_MODEL_POLICY,3,19.71265201899223,10.344
STAGE_MODEL_POLICY,3,19.76313259001472,10.344
STAGE_MODEL_POLICY,3,19.813613859005272,10.592
STAGE_MODEL_POLICY,3,19.864840249007102,9.654
STAGE_MODEL_POLICY,3,19.92933334800182,13.848
STAGE_MODEL_POLICY,3,19.98072441900149,9.477
STAGE_MODEL_POLICY,3,20.032092745997943,16.868
STAGE_MODEL_POLICY,3,20.083420990995364,8.397
STAGE_MODEL_POLICY,3,20.147301680000965,8.397
STAGE_MODEL_POLICY,3,20.198534813011065,10.609
STAGE_MODEL_POLICY,3,20.251532202993985,10.609
STAGE_MODEL_POLICY,3,20.30206526699476,10.676
STAGE_MODEL_POLICY,3,20.3567258430121,10.676
STAGE_MODEL_POLICY,3,20.40783049201127,10.35
STAGE_MODEL_POLICY,3,20.458314548013732,10.35
STAGE_MODEL_POLICY,3,20.508796882000752,11.342
STAGE_MODEL_POLICY,3,20.560101379000116,10.214
STAGE_MODEL_POLICY,3,20.611261979007395,10.07
STAGE_MODEL_POLICY,3,20.66322683400358,10.07
STAGE_MODEL_POLICY,3,20.714601156010758,10.441
STAGE_MODEL_POLICY,3,20.765110705018742,10.441
STAGE_MODEL_POLICY,3,20.815597595996223,10.372
STAGE_MODEL_POLICY,3,20.866186524013756,10.372
STAGE_MODEL_POLICY,3,20.916773573000683,11.84
STAGE_MODEL_POLICY,3,20.968305109010544,10.067
STAGE_MODEL_POLICY,3,21.01959332099068,11.094
STAGE_MODEL_POLICY,3,21.071191777009517,11.094
STAGE_MODEL_POLICY,3,21.123344510007882,10.399
STAGE_MODEL_POLICY,3,21.173808941995958,10.399
STAGE_MODEL_POLICY,3,21.23011848400347,17.268
STAGE_MODEL_POLICY,3,21.281229507992975,17.268
STAGE_MODEL_POLICY,3,21.333975207991898,10.362
STAGE_MODEL_POLICY,3,21.3843966780114,10.362
STAGE_MODEL_POLICY,3,21.434801885014167,10.342
STAGE_MODEL_POLICY,3,21.485280913009774,10.342
STAGE_MODEL_POLICY,3,21.5358047990012,10.605
STAGE_MODEL_POLICY,3,21.587242128007347,10.333
STAGE_MODEL_POLICY,3,21.63845913001569,10.324
STAGE_MODEL_POLICY,3,21.688966259011067,10.331
STAGE_MODEL_POLICY,3,21.73965626899735,10.331
STAGE_MODEL_POLICY,3,21.790456988994265,10.903
STAGE_MODEL_POLICY,3,21.841898042010143,9.676
STAGE_MODEL_POLICY,3,21.893263053003466,10.915
STAGE_MODEL_POLICY,3,21.948846982995747,10.915
STAGE_MODEL_POLICY,3,21.99997840099968,10.335
STAGE_MODEL_POLICY,3,22.050449959002435,10.335
STAGE_MODEL_POLICY,3,22.101819435018115,11.65
STAGE_MODEL_POLICY,3,22.15296758300974,11.65
STAGE_MODEL_POLICY,3,22.20692058900022,10.379
STAGE_MODEL_POLICY,3,22.257489840994822,10.379
STAGE_MODEL_POLICY,3,22.30802031100029,10.374
STAGE_MODEL_POLICY,3,22.35857285000384,10.374
STAGE_MODEL_POLICY,3,22.40902733700932,10.372
STAGE_MODEL_POLICY,3,22.45965456799604,10.372
STAGE_MODEL_POLICY,3,22.510097088990733,6.098
STAGE_MODEL_POLICY,3,22.561445180006558,6.098
STAGE_MODEL_POLICY,3,22.612736295996,10.594
STAGE_MODEL_POLICY,3,22.66352948200074,10.594
STAGE_MODEL_POLICY,3,22.71396564299357,11.223
STAGE_MODEL_POLICY,3,22.76701579100336,11.223
STAGE_MODEL_POLICY,3,22.8182119410194,10.395
STAGE_MODEL_POLICY,3,22.878520282014506,10.395
STAGE_MODEL_POLICY,3,22.928964196995366,10.291
STAGE_MODEL_POLICY,3,22.983301881002262,10.291
STAGE_MODEL_POLICY,3,23.034533510013716,10.402
STAGE_MODEL_POLICY,3,23.095634401019197,11.484
STAGE_MODEL_POLICY,3,23.147451747005107,9.097
STAGE_MODEL_POLICY,3,23.198692984995432,12.004
STAGE_MODEL_POLICY,3,23.249833192996448,10.13
STAGE_MODEL_POLICY,3,23.311505285993917,11.127
STAGE_MODEL_POLICY,3,23.36276148899924,11.127
STAGE_MODEL_POLICY,3,23.415136052994058,10.471
STAGE_MODEL_POLICY,3,23.465629806014476,10.471
STAGE_MODEL_POLICY,3,23.525119614991127,14.026
STAGE_MODEL_POLICY,3,23.576514340005815,14.026
STAGE_MODEL_POLICY,3,23.629740005009808,10.413
STAGE_MODEL_POLICY,3,23.680277570994804,10.413
STAGE_MODEL_POLICY,3,23.730870649014832,8.845
STAGE_MODEL_POLICY,3,23.78736131300684,10.586
STAGE_MODEL_POLICY,3,23.83782550599426,10.586
STAGE_MODEL_POLICY,3,23.8883469220018,10.51
STAGE_MODEL_POLICY,3,23.938808053004323,10.51
STAGE_MODEL_POLICY,3,23.989207284990698,10.51
STAGE_MODEL_POLICY,3,24.039679811015958,11.299
STAGE_MODEL_POLICY,3,24.091551074001472,10.417
STAGE_MODEL_POLICY,3,24.146669403009582,10.435
STAGE_MODEL_POLICY,3,24.197140018019127,10.39
STAGE_MODEL_POLICY,3,24.247585370001616,10.39
STAGE_MODEL_POLICY,3,24.298011545004556,11.529
STAGE_MODEL_POLICY,3,24.34926193000865,11.529
STAGE_MODEL_POLICY,3,24.401567013992462,10.399
STAGE_MODEL_POLICY,3,24.452094448002754,10.399
STAGE_MODEL_POLICY,3,24.50270863599144,10.387
STAGE_MODEL_POLICY,3,24.553181291004876,10.387
STAGE_MODEL_POLICY,3,24.603562246018555,10.805
STAGE_MODEL_POLICY,3,24.655886969994754,10.805
STAGE_MODEL_POLICY,3,24.707254698994802,10.384
STAGE_MODEL_POLICY,3,24.757842212013202,10.384
STAGE_MODEL_POLICY,3,24.8082888580102,15.539
STAGE_MODEL_POLICY,3,24.859604040015256,15.539
STAGE_MODEL_POLICY,3,24.912724502995843,10.465
STAGE_MODEL_POLICY,3,24.9631733460119,10.465
STAGE_MODEL_POLICY,3,25.013608253997518,10.429
STAGE_MODEL_POLICY,3,25.064106595003977,10.429
STAGE_MODEL_POLICY,3,25.11459512001602,10.448
STAGE_MODEL_POLICY,3,25.16512409999268,10.448
STAGE_MODEL_POLICY,3,25.215767154993955,11.294
STAGE_MODEL_POLICY,3,25.26811680899118,11.294
STAGE_MODEL_POLICY,3,25.31936752400361,10.331
STAGE_MODEL_POLICY,3,25.369901579018915,10.331
STAGE_MODEL_POLICY,3,25.420532015996287,10.327
STAGE_MODEL_POLICY,3,25.471224114007782,10.327
STAGE_MODEL_POLICY,3,25.526357941998867,10.379
STAGE_MODEL_POLICY,3,25.576854025013745,10.379
STAGE_MODEL_POLICY,3,25.6273038549989,12.159
STAGE_MODEL_POLICY,3,25.68442063301336,12.159
STAGE_MODEL_POLICY,3,25.735528601013357,10.387
STAGE_MODEL_POLICY,3,25.786050116003025,10.387
STAGE_MODEL_POLICY,3,25.836487727006897,10.888
STAGE_MODEL_POLICY,3,25.887613936996786,10.384
STAGE_MODEL_POLICY,3,25.938114941993263,10.384
STAGE_MODEL_POLICY,3,25.988730287004728,16.195
STAGE_MODEL_POLICY,3,26.04057002000627,16.195
STAGE_MODEL_POLICY,3,26.095051551994402,10.425
STAGE_MODEL_POLICY,3,26.14550012201653,10.425
STAGE_MODEL_POLICY,3,26.195882700005313,10.407
STAGE_MODEL_POLICY,3,26.247718757018447,10.407
STAGE_MODEL_POLICY,3,26.29829076700844,10.463
STAGE_MODEL_POLICY,3,26.352695995010436,10.463
STAGE_MODEL_POLICY,3,26.404267309000716,10.437
STAGE_MODEL_POLICY,3,26.462919473997317,10.437
STAGE_MODEL_POLICY,3,26.51340291200904,11.275
STAGE_MODEL_POLICY,3,26.566539716994157,11.275
STAGE_MODEL_POLICY,3,26.61832496599527,10.284
STAGE_MODEL_POLICY,3,26.669078575010644,10.284
STAGE_MODEL_POLICY,3,26.71981509399484,10.325
STAGE_MODEL_POLICY,3,26.77016845601611,10.325
STAGE_MODEL_POLICY,3,26.820589815004496,10.34
STAGE_MODEL_POLICY,3,26.8710586510133,10.34
STAGE_MODEL_POLICY,3,26.921733396011405,10.345
STAGE_MODEL_POLICY,3,26.972302306006895,10.345
STAGE_MODEL_POLICY,3,27.022886585997185,10.362
STAGE_MODEL_POLICY,3,27.073609056009445,10.362
STAGE_MODEL_POLICY,3,27.124047234014142,10.995
STAGE_MODEL_POLICY,3,27.17530560301384,10.058
STAGE_MODEL_POLICY,3,27.226480693003396,10.771
STAGE_MODEL_POLICY,3,27.28266417499981,10.771
STAGE_MODEL_POLICY,3,27.33399857301265,10.444
STAGE_MODEL_POLICY,3,27.38442676301929,10.444
STAGE_MODEL_POLICY,3,27.434941784013063,10.377
STAGE_MODEL_POLICY,3,27.485690744011663,10.377
STAGE_MODEL_POLICY,3,27.536303132015746,10.403
STAGE_MODEL_POLICY,3,27.586923248018138,10.403
STAGE_MODEL_POLICY,3,27.637673862016527,10.398
STAGE_MODEL_POLICY,3,27.68828841301729,11.053
STAGE_MODEL_POLICY,3,27.745782262994908,11.053
STAGE_MODEL_POLICY,3,27.796974080003565,10.439
STAGE_MODEL_POLICY,3,27.847555057000136,10.439
STAGE_MODEL_POLICY,3,27.898155927017797,10.403
STAGE_MODEL_POLICY,3,27.948767121997662,10.403
STAGE_MODEL_POLICY,3,27.999240072997054,10.399
STAGE_MODEL_POLICY,3,28.049845671019284,10.399
STAGE_MODEL_POLICY,3,28.100562391016865,11.368
STAGE_MODEL_POLICY,3,28.151762799010612,11.368
STAGE_MODEL_POLICY,3,28.203671123017557,10.397
STAGE_MODEL_POLICY,3,28.254237720015226,10.397
STAGE_MODEL_POLICY,3,28.30978978300118,10.082
STAGE_MODEL_POLICY,3,28.3610540679947,10.082
STAGE_MODEL_POLICY,3,28.414796577009838,10.342
STAGE_MODEL_POLICY,3,28.46528292199946,10.342
STAGE_MODEL_POLICY,3,28.51573094300693,15.595
STAGE_MODEL_POLICY,3,28.572939750010846,15.595
STAGE_MODEL_POLICY,3,28.624866749014473,10.412
STAGE_MODEL_POLICY,3,28.675317190005444,10.412
STAGE_MODEL_POLICY,3,28.7259563410189,10.408
STAGE_MODEL_POLICY,3,28.77649944400764,10.408
STAGE_MODEL_POLICY,3,28.827009764994727,10.405
STAGE_MODEL_POLICY,3,28.877403001999483,10.405
STAGE_MODEL_POLICY,3,28.92799068801105,11.292
STAGE_MODEL_POLICY,3,28.979330450994894,11.292
STAGE_MODEL_POLICY,3,29.031199162011035,10.42
STAGE_MODEL_POLICY,3,29.08167443901766,10.42
STAGE_MODEL_POLICY,3,29.132278572011273,10.221
STAGE_MODEL_POLICY,3,29.184851144993445,10.452
STAGE_MODEL_POLICY,3,29.244258335995255,10.35
STAGE_MODEL_POLICY,3,29.294708266999805,12.044
STAGE_MODEL_POLICY,3,29.346023744001286,12.044
STAGE_MODEL_POLICY,3,29.398131880996516,10.396
STAGE_MODEL_POLICY,3,29.448577674018452,10.396
STAGE_MODEL_POLICY,3,29.498978821997298,10.429
STAGE_MODEL_POLICY,3,29.549543978995644,10.429
STAGE_MODEL_POLICY,3,29.600116651999997,10.425
STAGE_MODEL_POLICY,3,29.650589166994905,10.425
STAGE_MODEL_POLICY,3,29.701121563994093,10.403
STAGE_MODEL_POLICY,3,29.7521393240022,10.403
STAGE_MODEL_POLICY,3,29.802653933991678,10.446
STAGE_MODEL_POLICY,3,29.853157876990736,10.446
STAGE_MODEL_POLICY,3,29.903782936016796,10.439
STAGE_MODEL_POLICY,3,29.9542828190024,10.439
STAGE_MODEL_POLICY,3,30.00488325499464,7.603
STAGE_MODEL_INFER,3,0.001156826998339966,7.603
STAGE_MODEL_INFER,3,0.052641182992374524,7.982
STAGE_MODEL_INFER,3,0.1047512730001472,7.982
STAGE_MODEL_INFER,3,0.16125759299029596,10.426
STAGE_MODEL_INFER,3,0.21293896599672735,10.426
STAGE_MODEL_INFER,3,0.2636087629944086,10.819
STAGE_MODEL_INFER,3,0.3185493939963635,10.417
STAGE_MODEL_INFER,3,0.36917984098545276,10.417
STAGE_MODEL_INFER,3,0.42021385199041106,10.435
STAGE_MODEL_INFER,3,0.47092256898758933,10.435
STAGE_MODEL_INFER,3,0.521497156994883,11.754
STAGE_MODEL_INFER,3,0.5755784049979411,11.754
STAGE_MODEL_INFER,3,0.6271912959928159,10.922
STAGE_MODEL_INFER,3,0.6784932779846713,10.922
STAGE_MODEL_INFER,3,0.7305389760003891,16.158
STAGE_MODEL_INFER,3,0.7839723239885643,16.158
STAGE_MODEL_INFER,3,0.8353402699867729,10.426
STAGE_MODEL_INFER,3,0.8860590039985254,10.426
STAGE_MODEL_INFER,3,0.9365760629880242,7.153
STAGE_MODEL_INFER,3,0.988031910994323,7.153
STAGE_MODEL_INFER,3,1.042853478982579,10.941
STAGE_MODEL_INFER,3,1.093499927985249,10.941
STAGE_MODEL_INFER,3,1.1440829850034788,10.656
STAGE_MODEL_INFER,3,1.194567239988828,10.656
STAGE_MODEL_INFER,3,1.2451620519859716,6.775
STAGE_MODEL_INFER,3,1.296699965983862,6.775
STAGE_MODEL_INFER,3,1.3479976179951336,11.467
STAGE_MODEL_INFER,3,1.3993141280079726,11.467
STAGE_MODEL_INFER,3,1.4575404509960208,10.409
STAGE_MODEL_INFER,3,1.5080361719883513,10.409
STAGE_MODEL_INFER,3,1.558660859009251,10.418
STAGE_MODEL_INFER,3,1.60924133300432,10.418
STAGE_MODEL_INFER,3,1.6601192060043104,12.117
STAGE_MODEL_INFER,3,1.7128173609962687,9.446
STAGE_MODEL_INFER,3,1.7643583150056656,11.939
STAGE_MODEL_INFER,3,1.8178858619940002,10.629
STAGE_MODEL_INFER,3,1.8727235769911204,10.629
STAGE_MODEL_INFER,3,1.9286283330002334,12.23
STAGE_MODEL_INFER,3,1.9816456219996326,12.23
STAGE_MODEL_INFER,3,2.0338767689827364,10.422
STAGE_MODEL_INFER,3,2.0847672449890524,10.422
STAGE_MODEL_INFER,3,2.1354374979855493,18.75
STAGE_MODEL_INFER,3,2.1891603039985057,18.75
STAGE_MODEL_INFER,3,2.2405375909875147,10.33
STAGE_MODEL_INFER,3,2.291101629991317,10.33
STAGE_MODEL_INFER,3,2.341577758983476,6.574
STAGE_MODEL_INFER,3,2.3932570809847675,6.574
STAGE_MODEL_INFER,3,2.4500413989881054,10.909
STAGE_MODEL_INFER,3,2.5013720089918934,10.909
STAGE_MODEL_INFER,3,2.5536334149946924,10.398
STAGE_MODEL_INFER,3,2.604262506007217,10.398
STAGE_MODEL_INFER,3,2.654953983001178,10.605
STAGE_MODEL_INFER,3,2.707320532994345,10.605
STAGE_MODEL_INFER,3,2.7586200009973254,10.476
STAGE_MODEL_INFER,3,2.8128280339878984,10.476
STAGE_MODEL_INFER,3,2.8634956979949493,11.656
STAGE_MODEL_INFER,3,2.9148564299975988,10.41
STAGE_MODEL_INFER,3,2.96767171198735,10.369
STAGE_MODEL_INFER,3,3.0186331709846854,10.41
STAGE_MODEL_INFER,3,3.069094534002943,10.41
STAGE_MODEL_INFER,3,3.119702805997804,13.363
STAGE_MODEL_INFER,3,3.171558105997974,13.363
STAGE_MODEL_INFER,3,3.223856773984153,10.456
STAGE_MODEL_INFER,3,3.27435553498799,10.456
STAGE_MODEL_INFER,3,3.3248154390021227,10.426
STAGE_MODEL_INFER,3,3.375386625993997,10.426
STAGE_MODEL_INFER,3,3.4263018860074226,10.436
STAGE_MODEL_INFER,3,3.4766859590017702,10.436
STAGE_MODEL_INFER,3,3.5274539399833884,10.428
STAGE_MODEL_INFER,3,3.577928790997248,10.428
STAGE_MODEL_INFER,3,3.6284830019867513,10.421
STAGE_MODEL_INFER,3,3.679117410996696,10.421
STAGE_MODEL_INFER,3,3.729678323987173,10.417
STAGE_MODEL_INFER,3,3.7801916909811553,10.417
STAGE_MODEL_INFER,3,3.83060541600571,10.418
STAGE_MODEL_INFER,3,3.881285693991231,10.418
STAGE_MODEL_INFER,3,3.931926350982394,10.423
STAGE_MODEL_INFER,3,3.9824486099823844,10.423
STAGE_MODEL_INFER,3,4.032988072984153,10.42
STAGE_MODEL_INFER,3,4.084207342995796,10.42
STAGE_MODEL_INFER,3,4.134944950987119,10.423
STAGE_MODEL_INFER,3,4.18540314398706,10.423
STAGE_MODEL_INFER,3,4.2359491609968245,10.426
STAGE_MODEL_INFER,3,4.286494189989753,10.426
STAGE_MODEL_INFER,3,4.337175100983586,10.412
STAGE_MODEL_INFER,3,4.387716158002149,10.412
STAGE_MODEL_INFER,3,4.438305162999313,10.418
STAGE_MODEL_INFER,3,4.488699112000177,10.418
STAGE_MODEL_INFER,3,4.539336552988971,10.416
STAGE_MODEL_INFER,3,4.5902811019914225,10.416
STAGE_MODEL_INFER,3,4.640950280998368,10.416
STAGE_MODEL_INFER,3,4.691494255006546,10.416
STAGE_MODEL_INFER,3,4.741928636009106,10.415
STAGE_MODEL_INFER,3,4.792453778994968,10.415
STAGE_MODEL_INFER,3,4.843111772992415,10.419
STAGE_MODEL_INFER,3,4.893530548986746,10.419
STAGE_MODEL_INFER,3,4.944094757986022,10.417
STAGE_MODEL_INFER,3,4.994774756982224,10.417
STAGE_MODEL_INFER,3,5.045299564982997,10.412
STAGE_MODEL_INFER,3,5.0957268250058405,10.412
STAGE_MODEL_INFER,3,5.146185642981436,10.411
STAGE_MODEL_INFER,3,5.19687961199088,10.411
STAGE_MODEL_INFER,3,5.247516570001608,11.01
STAGE_MODEL_INFER,3,5.300770003988873,11.01
STAGE_MODEL_INFER,3,5.352112277003471,10.44
STAGE_MODEL_INFER,3,5.402810394996777,10.44
STAGE_MODEL_INFER,3,5.453394712007139,10.426
STAGE_MODEL_INFER,3,5.503961498994613,10.426
STAGE_MODEL_INFER,3,5.554643946001306,10.419
STAGE_MODEL_INFER,3,5.605252073990414,10.419
STAGE_MODEL_INFER,3,5.65571509898291,10.417
STAGE_MODEL_INFER,3,5.706145864009159,10.417
STAGE_MODEL_INFER,3,5.756976926000789,10.404
STAGE_MODEL_INFER,3,5.8074165919970255,10.404
STAGE_MODEL_INFER,3,5.858156412985409,10.413
STAGE_MODEL_INFER,3,5.90881303398055,10.413
STAGE_MODEL_INFER,3,5.959688561997609,10.413
STAGE_MODEL_INFER,3,6.010536243004026,10.413
STAGE_MODEL_INFER,3,6.0611928009893745,10.411
STAGE_MODEL_INFER,3,6.111728318996029,10.411
STAGE_MODEL_INFER,3,6.1622286579804495,10.414
STAGE_MODEL_INFER,3,6.212761509988923,10.414
STAGE_MODEL_INFER,3,6.263569775008364,10.405
STAGE_MODEL_INFER,3,6.314076495997142,10.404
STAGE_MODEL_INFER,3,6.364990354981273,10.404
STAGE_MODEL_INFER,3,6.4155789999931585,10.403
STAGE_MODEL_INFER,3,6.466093080001883,10.403
STAGE_MODEL_INFER,3,6.5167855430045165,10.405
STAGE_MODEL_INFER,3,6.567402002983727,10.405
STAGE_MODEL_INFER,3,6.61813982098829,10.404
STAGE_MODEL_INFER,3,6.668807904992718,10.404
STAGE_MODEL_INFER,3,6.7195841610082425,10.406
STAGE_MODEL_INFER,3,6.7700618829985615,10.406
STAGE_MODEL_INFER,3,6.820792179991258,10.413
STAGE_MODEL_INFER,3,6.871215894003399,10.413
STAGE_MODEL_INFER,3,6.921713068004465,10.404
STAGE_MODEL_INFER,3,6.972444357990753,10.404
STAGE_MODEL_INFER,3,7.0231586229929235,10.399
STAGE_MODEL_INFER,3,7.073657242988702,10.399
STAGE_MODEL_INFER,3,7.124594183987938,10.396
STAGE_MODEL_INFER,3,7.175087476003682,10.396
STAGE_MODEL_INFER,3,7.225544273009291,10.39
STAGE_MODEL_INFER,3,7.275973234005505,10.39
STAGE_MODEL_INFER,3,7.326866329007316,10.396
STAGE_MODEL_INFER,3,7.377296947990544,10.396
STAGE_MODEL_INFER,3,7.42802735400619,10.399
STAGE_MODEL_INFER,3,7.478520842996659,10.399
STAGE_MODEL_INFER,3,7.52912306500366,10.397
STAGE_MODEL_INFER,3,7.579694997984916,10.397
STAGE_MODEL_INFER,3,7.630211877985857,10.394
STAGE_MODEL_INFER,3,7.680701257981127,10.394
STAGE_MODEL_INFER,3,7.731125516002066,10.399
STAGE_MODEL_INFER,3,7.781723602995044,10.399
STAGE_MODEL_INFER,3,7.8325982469832525,10.399
STAGE_MODEL_INFER,3,7.8831140940019395,10.399
STAGE_MODEL_INFER,3,7.93354688299587,10.4
STAGE_MODEL_INFER,3,7.984040755982278,10.4
STAGE_MODEL_INFER,3,8.035401166998781,10.391
STAGE_MODEL_INFER,3,8.085906555003021,10.391
STAGE_MODEL_INFER,3,8.136396786983823,10.405
STAGE_MODEL_INFER,3,8.187404689990217,10.405
STAGE_MODEL_INFER,3,8.238042015989777,10.408
STAGE_MODEL_INFER,3,8.288649013004033,10.408
STAGE_MODEL_INFER,3,8.339401097997325,10.404
STAGE_MODEL_INFER,3,8.39017967498512,10.404
STAGE_MODEL_INFER,3,8.440776053001173,10.406
STAGE_MODEL_INFER,3,8.49123294299352,10.406
STAGE_MODEL_INFER,3,8.541906964004738,10.402
STAGE_MODEL_INFER,3,8.592575805989327,10.402
STAGE_MODEL_INFER,3,8.643192932999227,10.402
STAGE_MODEL_INFER,3,8.693668519001221,10.402
STAGE_MODEL_INFER,3,8.744069040985778,10.399
STAGE_MODEL_INFER,3,8.794652562006377,10.399
STAGE_MODEL_INFER,3,8.84514032799052,10.396
STAGE_MODEL_INFER,3,8.89566733999527,10.396
STAGE_MODEL_INFER,3,8.946042641007807,10.395
STAGE_MODEL_INFER,3,8.996568003989523,10.395
STAGE_MODEL_INFER,3,9.047112747997744,10.386
STAGE_MODEL_INFER,3,9.097688740992453,10.386
STAGE_MODEL_INFER,3,9.148268536984688,10.394
STAGE_MODEL_INFER,3,9.198806478991173,10.394
STAGE_MODEL_INFER,3,9.249615868000546,10.379
STAGE_MODEL_INFER,3,9.30034918099409,10.379
STAGE_MODEL_INFER,3,9.350956424983451,10.38
STAGE_MODEL_INFER,3,9.402145839005243,10.38
STAGE_MODEL_INFER,3,9.452955433982424,10.376
STAGE_MODEL_INFER,3,9.503440575004788,10.376
STAGE_MODEL_INFER,3,9.554167408990907,10.379
STAGE_MODEL_INFER,3,9.604702235985314,10.379
STAGE_MODEL_INFER,3,9.655151668994222,10.375
STAGE_MODEL_INFER,3,9.705581222980982,10.375
STAGE_MODEL_INFER,3,9.75621750499704,10.367
STAGE_MODEL_INFER,3,9.80684326699702,10.367
STAGE_MODEL_INFER,3,9.857453739008633,10.365
STAGE_MODEL_INFER,3,9.908152882999275,10.365
STAGE_MODEL_INFER,3,9.958798568986822,10.365
STAGE_MODEL_INFER,3,10.00937464798335,10.365
STAGE_MODEL_INFER,3,10.05993189298897,10.365
STAGE_MODEL_INFER,3,10.110541294998256,10.365
STAGE_MODEL_INFER,3,10.161307645001216,10.369
STAGE_MODEL_INFER,3,10.211903649993474,10.369
STAGE_MODEL_INFER,3,10.26255441000103,10.365
STAGE_MODEL_INFER,3,10.313129760004813,10.364
STAGE_MODEL_INFER,3,10.363751865981612,10.364
STAGE_MODEL_INFER,3,10.414468094997574,10.36
STAGE_MODEL_INFER,3,10.465102104004472,10.36
STAGE_MODEL_INFER,3,10.515974115987774,10.364
STAGE_MODEL_INFER,3,10.566401588992449,10.364
STAGE_MODEL_INFER,3,10.616935028985608,10.359
STAGE_MODEL_INFER,3,10.667396567994729,10.359
STAGE_MODEL_INFER,3,10.718045702000381,10.36
STAGE_MODEL_INFER,3,10.768507825006964,10.36
STAGE_MODEL_INFER,3,10.819095382990781,10.373
STAGE_MODEL_INFER,3,10.869576658005826,10.373
STAGE_MODEL_INFER,3,10.920237446989631,10.895
STAGE_MODEL_INFER,3,10.973384188982891,9.158
STAGE_MODEL_INFER,3,11.025565324001946,10.972
STAGE_MODEL_INFER,3,11.076971347996732,10.711
STAGE_MODEL_INFER,3,11.1290358940023,10.503
STAGE_MODEL_INFER,3,11.1802980589855,10.503
STAGE_MODEL_INFER,3,11.231620026985183,10.379
STAGE_MODEL_INFER,3,11.28701261698734,10.379
STAGE_MODEL_INFER,3,11.337486515985802,10.433
STAGE_MODEL_INFER,3,11.388047530985205,10.433
STAGE_MODEL_INFER,3,11.438485641992884,10.676
STAGE_MODEL_INFER,3,11.48969261100865,10.676
STAGE_MODEL_INFER,3,11.541903181001544,10.324
STAGE_MODEL_INFER,3,11.592363000992918,10.324
STAGE_MODEL_INFER,3,11.653348157997243,11.895
STAGE_MODEL_INFER,3,11.7047190029989,11.895
STAGE_MODEL_INFER,3,11.757313698006328,10.315
STAGE_MODEL_INFER,3,11.808144882990746,10.315
STAGE_MODEL_INFER,3,11.858580909000011,18.465
STAGE_MODEL_INFER,3,11.911145877005765,10.195
STAGE_MODEL_INFER,3,11.962276087986538,10.222
STAGE_MODEL_INFER,3,12.012880235997727,10.283
STAGE_MODEL_INFER,3,12.064447680982994,10.283
STAGE_MODEL_INFER,3,12.11535148799885,10.31
STAGE_MODEL_INFER,3,12.166080541006522,10.31
STAGE_MODEL_INFER,3,12.216703148995293,10.305
STAGE_MODEL_INFER,3,12.267397650983185,10.305
STAGE_MODEL_INFER,3,12.31801299698418,10.544
STAGE_MODEL_INFER,3,12.371757888991851,9.645
STAGE_MODEL_INFER,3,12.423086812981637,10.748
STAGE_MODEL_INFER,3,12.47432046700851,10.748
STAGE_MODEL_INFER,3,12.526491683005588,10.349
STAGE_MODEL_INFER,3,12.577043572993716,10.349
STAGE_MODEL_INFER,3,12.634077608992811,10.966
STAGE_MODEL_INFER,3,12.685999492008705,10.966
STAGE_MODEL_INFER,3,12.739076939004008,10.326
STAGE_MODEL_INFER,3,12.78941414199653,10.326
STAGE_MODEL_INFER,3,12.848889076005435,11.372
STAGE_MODEL_INFER,3,12.900388148002094,11.372
STAGE_MODEL_INFER,3,12.954950687999371,10.365
STAGE_MODEL_INFER,3,13.005486303009093,10.365
STAGE_MODEL_INFER,3,13.05593085999135,19.713
STAGE_MODEL_INFER,3,13.107805799983907,19.713
STAGE_MODEL_INFER,3,13.158934834005777,10.481
STAGE_MODEL_INFER,3,13.209466273983708,10.481
STAGE_MODEL_INFER,3,13.259989023994422,10.445
STAGE_MODEL_INFER,3,13.310834901989438,10.445
STAGE_MODEL_INFER,3,13.361372226994717,10.405
STAGE_MODEL_INFER,3,13.41212965399609,10.405
STAGE_MODEL_INFER,3,13.462744936987292,10.415
STAGE_MODEL_INFER,3,13.513981334981509,10.415
STAGE_MODEL_INFER,3,13.564461736008525,10.387
STAGE_MODEL_INFER,3,13.614998764998745,10.387
STAGE_MODEL_INFER,3,13.665664959989954,10.396
STAGE_MODEL_INFER,3,13.716360124992207,10.396
STAGE_MODEL_INFER,3,13.766993805998936,10.384
STAGE_MODEL_INFER,3,13.817645523988176,10.307
STAGE_MODEL_INFER,3,13.86894556999323,10.307
STAGE_MODEL_INFER,3,13.922056595998583,10.389
STAGE_MODEL_INFER,3,13.972738582990132,10.389
STAGE_MODEL_INFER,3,14.023131550988182,10.362
STAGE_MODEL_INFER,3,14.073551459005103,10.362
STAGE_MODEL_INFER,3,14.124008070997661,10.363
STAGE_MODEL_INFER,3,14.174644115002593,10.363
STAGE_MODEL_INFER,3,14.225210973992944,10.352
STAGE_MODEL_INFER,3,14.275634738005465,10.352
STAGE_MODEL_INFER,3,14.326026455004467,10.346
STAGE_MODEL_INFER,3,14.377375109994318,10.346
STAGE_MODEL_INFER,3,14.427883436990669,10.338
STAGE_MODEL_INFER,3,14.482388809992699,10.338
STAGE_MODEL_INFER,3,14.533688912983052,10.388
STAGE_MODEL_INFER,3,14.58449943200685,10.388
STAGE_MODEL_INFER,3,14.63510285099619,10.381
STAGE_MODEL_INFER,3,14.685774665995268,10.381
STAGE_MODEL_INFER,3,14.736288448999403,10.384
STAGE_MODEL_INFER,3,14.786742361000506,10.384
STAGE_MODEL_INFER,3,14.83739470000728,10.392
STAGE_MODEL_INFER,3,14.887937002000399,10.392
STAGE_MODEL_INFER,3,14.938365754991537,10.391
STAGE_MODEL_INFER,3,14.988857507996727,10.391
STAGE_MODEL_INFER,3,15.039407501986716,10.394
STAGE_MODEL_INFER,3,15.089821373985615,10.394
STAGE_MODEL_INFER,3,15.140198801003862,10.391
STAGE_MODEL_INFER,3,15.19065722200321,10.391
STAGE_MODEL_INFER,3,15.241374290984822,10.396
STAGE_MODEL_INFER,3,15.292356850986835,10.396
STAGE_MODEL_INFER,3,15.342995974991936,10.394
STAGE_MODEL_INFER,3,15.393543012993177,10.394
STAGE_MODEL_INFER,3,15.44421941100154,10.396
STAGE_MODEL_INFER,3,15.495064635993913,10.396
STAGE_MODEL_INFER,3,15.545698512985837,9.412
STAGE_MODEL_INFER,3,15.597209670988377,9.412
STAGE_MODEL_INFER,3,15.654116057005012,8.874
STAGE_MODEL_INFER,3,15.705632639990654,8.874
STAGE_MODEL_INFER,3,15.757724483002676,10.867
STAGE_MODEL_INFER,3,15.81604710299871,10.398
STAGE_MODEL_INFER,3,15.866875335981604,10.398
STAGE_MODEL_INFER,3,15.917982010985725,10.239
STAGE_MODEL_INFER,3,15.975212321005529,10.239
STAGE_MODEL_INFER,3,16.02686891698977,10.366
STAGE_MODEL_INFER,3,16.07747855898924,10.366
STAGE_MODEL_INFER,3,16.12828216399066,11.391
STAGE_MODEL_INFER,3,16.179895556997508,11.391
STAGE_MODEL_INFER,3,16.232512361981208,10.403
STAGE_MODEL_INFER,3,16.283486806991277,10.403
STAGE_MODEL_INFER,3,16.334173948998796,10.337
STAGE_MODEL_INFER,3,16.384827985981246,10.337
STAGE_MODEL_INFER,3,16.435290417983197,10.392
STAGE_MODEL_INFER,3,16.485639733000426,10.392
STAGE_MODEL_INFER,3,16.536076727003092,10.408
STAGE_MODEL_INFER,3,16.586530706990743,10.408
STAGE_MODEL_INFER,3,16.63712836400373,10.398
STAGE_MODEL_INFER,3,16.687593243987067,10.398
STAGE_MODEL_INFER,3,16.737951315008104,10.401
STAGE_MODEL_INFER,3,16.78836319898255,10.401
STAGE_MODEL_INFER,3,16.83882376999827,10.398
STAGE_MODEL_INFER,3,16.889419860002818,10.398
STAGE_MODEL_INFER,3,16.939880599995377,10.388
STAGE_MODEL_INFER,3,16.99036861798959,10.388
STAGE_MODEL_INFER,3,17.041151270997943,10.399
STAGE_MODEL_INFER,3,17.091755289991852,10.399
STAGE_MODEL_INFER,3,17.142146834987216,10.403
STAGE_MODEL_INFER,3,17.192597537999973,10.403
STAGE_MODEL_INFER,3,17.24313663499197,10.394
STAGE_MODEL_INFER,3,17.293521071987925,10.394
STAGE_MODEL_INFER,3,17.34424027899513,10.403
STAGE_MODEL_INFER,3,17.394826320989523,10.403
STAGE_MODEL_INFER,3,17.44536498998059,10.392
STAGE_MODEL_INFER,3,17.49599749900517,10.392
STAGE_MODEL_INFER,3,17.546477652009344,10.387
STAGE_MODEL_INFER,3,17.597135994990822,10.387
STAGE_MODEL_INFER,3,17.647825923981145,10.389
STAGE_MODEL_INFER,3,17.698517646989785,10.389
STAGE_MODEL_INFER,3,17.749220750993118,10.371
STAGE_MODEL_INFER,3,17.799784856993938,10.371
STAGE_MODEL_INFER,3,17.85031948800315,10.374
STAGE_MODEL_INFER,3,17.90104849799536,10.374
STAGE_MODEL_INFER,3,17.951879420987098,10.37
STAGE_MODEL_INFER,3,18.00229763999232,10.37
STAGE_MODEL_INFER,3,18.052857968985336,10.374
STAGE_MODEL_INFER,3,18.103565586003242,10.374
STAGE_MODEL_INFER,3,18.154870675993152,10.355
STAGE_MODEL_INFER,3,18.20579092798289,10.355
STAGE_MODEL_INFER,3,18.256568618991878,10.353
STAGE_MODEL_INFER,3,18.30710515199462,10.353
STAGE_MODEL_INFER,3,18.357604419987183,10.365
STAGE_MODEL_INFER,3,18.408369524986483,10.365
STAGE_MODEL_INFER,3,18.45905102798133,10.364
STAGE_MODEL_INFER,3,18.509795724996366,10.364
STAGE_MODEL_INFER,3,18.56042982399231,10.361
STAGE_MODEL_INFER,3,18.611158513987903,10.356
STAGE_MODEL_INFER,3,18.662187626992818,10.356
STAGE_MODEL_INFER,3,18.712809238000773,10.348
STAGE_MODEL_INFER,3,18.763208446005592,10.348
STAGE_MODEL_INFER,3,18.813690749986563,10.369
STAGE_MODEL_INFER,3,18.864373450982384,10.369
STAGE_MODEL_INFER,3,18.914858812990133,10.358
STAGE_MODEL_INFER,3,18.965429935982684,10.358
STAGE_MODEL_INFER,3,19.015999283990823,10.365
STAGE_MODEL_INFER,3,19.066541196982143,10.365
STAGE_MODEL_INFER,3,19.11721605400089,10.368
STAGE_MODEL_INFER,3,19.167901004984742,10.368
STAGE_MODEL_INFER,3,19.218433789006667,10.375
STAGE_MODEL_INFER,3,19.268955007981276,10.375
STAGE_MODEL_INFER,3,19.319566215999657,10.371
STAGE_MODEL_INFER,3,19.370055029983632,10.371
STAGE_MODEL_INFER,3,19.42083173300489,10.36
STAGE_MODEL_INFER,3,19.47137577799731,10.36
STAGE_MODEL_INFER,3,19.5222972400079,10.367
STAGE_MODEL_INFER,3,19.57287804898806,10.367
STAGE_MODEL_INFER,3,19.623517323983833,10.368
STAGE_MODEL_INFER,3,19.674209861987038,10.368
STAGE_MODEL_INFER,3,19.724743522005156,10.365
STAGE_MODEL_INFER,3,19.775513008004054,10.365
STAGE_MODEL_INFER,3,19.82607749098679,10.378
STAGE_MODEL_INFER,3,19.876738585007843,10.378
STAGE_MODEL_INFER,3,19.927282877004473,10.372
STAGE_MODEL_INFER,3,19.977892458002316,10.372
STAGE_MODEL_INFER,3,20.02850895599113,10.372
STAGE_MODEL_INFER,3,20.079109713988146,10.372
STAGE_MODEL_INFER,3,20.129574908001814,10.373
STAGE_MODEL_INFER,3,20.179965516988887,10.373
STAGE_MODEL_INFER,3,20.2308076559857,10.372
STAGE_MODEL_INFER,3,20.281582791998517,10.372
STAGE_MODEL_INFER,3,20.332111038005678,10.353
STAGE_MODEL_INFER,3,20.382659116003197,10.353
STAGE_MODEL_INFER,3,20.433380940987263,10.367
STAGE_MODEL_INFER,3,20.4840177570004,10.367
STAGE_MODEL_INFER,3,20.534715012996458,10.375
STAGE_MODEL_INFER,3,20.58542502799537,10.375
STAGE_MODEL_INFER,3,20.636010660004104,10.373
STAGE_MODEL_INFER,3,20.687152030004654,10.373
STAGE_MODEL_INFER,3,20.737813499988988,10.375
STAGE_MODEL_INFER,3,20.788468932005344,10.375
STAGE_MODEL_INFER,3,20.83913030399708,10.387
STAGE_MODEL_INFER,3,20.889697083999636,10.387
STAGE_MODEL_INFER,3,20.940309158002492,10.382
STAGE_MODEL_INFER,3,20.991139725985704,10.382
STAGE_MODEL_INFER,3,21.041685690986924,10.391
STAGE_MODEL_INFER,3,21.092232335999142,10.391
STAGE_MODEL_INFER,3,21.14289734698832,10.391
STAGE_MODEL_INFER,3,21.19337223499315,10.391
STAGE_MODEL_INFER,3,21.243944173009368,10.381
STAGE_MODEL_INFER,3,21.294417413999327,10.381
STAGE_MODEL_INFER,3,21.344970337988343,10.388
STAGE_MODEL_INFER,3,21.39570708098472,10.388
STAGE_MODEL_INFER,3,21.446247326006414,10.4
STAGE_MODEL_INFER,3,21.49677374100429,10.4
STAGE_MODEL_INFER,3,21.547455588006414,10.383
STAGE_MODEL_INFER,3,21.598103060008725,10.383
STAGE_MODEL_INFER,3,21.648615402984433,10.38
STAGE_MODEL_INFER,3,21.699228521989426,10.38
STAGE_MODEL_INFER,3,21.74997324598371,10.371
STAGE_MODEL_INFER,3,21.80093664699234,10.371
STAGE_MODEL_INFER,3,21.85181476699654,10.379
STAGE_MODEL_INFER,3,21.90236090598046,10.379
STAGE_MODEL_INFER,3,21.95326987298904,10.366
STAGE_MODEL_INFER,3,22.00384256700636,10.366
STAGE_MODEL_INFER,3,22.054688667005394,10.366
STAGE_MODEL_INFER,3,22.105150888004573,10.366
STAGE_MODEL_INFER,3,22.155718472989975,10.365
STAGE_MODEL_INFER,3,22.206171558995266,10.365
STAGE_MODEL_INFER,3,22.25687944999663,10.355
STAGE_MODEL_INFER,3,22.307535909989383,10.355
STAGE_MODEL_INFER,3,22.358414593007183,10.366
STAGE_MODEL_INFER,3,22.409007073991233,10.357
STAGE_MODEL_INFER,3,22.4593898000021,10.357
STAGE_MODEL_INFER,3,22.510025302995928,10.359
STAGE_MODEL_INFER,3,22.560720854002284,10.359
STAGE_MODEL_INFER,3,22.611441285989713,10.361
STAGE_MODEL_INFER,3,22.661954348004656,10.361
STAGE_MODEL_INFER,3,22.712582438980462,10.36
STAGE_MODEL_INFER,3,22.763294164004037,10.36
STAGE_MODEL_INFER,3,22.81395604100544,10.369
STAGE_MODEL_INFER,3,22.86449109899695,10.369
STAGE_MODEL_INFER,3,22.915200055984315,10.362
STAGE_MODEL_INFER,3,22.96615371099324,10.362
STAGE_MODEL_INFER,3,23.01670294100768,10.362
STAGE_MODEL_INFER,3,23.06730433399207,10.362
STAGE_MODEL_INFER,3,23.11795787399751,10.349
STAGE_MODEL_INFER,3,23.168338764982764,10.349
STAGE_MODEL_INFER,3,23.21884031998343,10.361
STAGE_MODEL_INFER,3,23.26936582798953,10.361
STAGE_MODEL_INFER,3,23.319808305997867,10.368
STAGE_MODEL_INFER,3,23.37026837799931,10.368
STAGE_MODEL_INFER,3,23.420958139002323,10.358
STAGE_MODEL_INFER,3,23.471528253983706,10.358
STAGE_MODEL_INFER,3,23.52214921999257,10.366
STAGE_MODEL_INFER,3,23.572714109992376,10.366
STAGE_MODEL_INFER,3,23.623139378003543,10.367
STAGE_MODEL_INFER,3,23.673758086981252,10.367
STAGE_MODEL_INFER,3,23.724344408983598,10.368
STAGE_MODEL_INFER,3,23.775125490996288,10.368
STAGE_MODEL_INFER,3,23.82561157498276,10.375
STAGE_MODEL_INFER,3,23.876176525984192,10.375
STAGE_MODEL_INFER,3,23.926699973992072,10.368
STAGE_MODEL_INFER,3,23.977271159004886,10.368
STAGE_MODEL_INFER,3,24.028271307994146,10.37
STAGE_MODEL_INFER,3,24.078919778985437,10.37
STAGE_MODEL_INFER,3,24.129571056982968,10.377
STAGE_MODEL_INFER,3,24.180344705004245,10.377
STAGE_MODEL_INFER,3,24.231199190980988,10.39
STAGE_MODEL_INFER,3,24.28193183799158,10.39
STAGE_MODEL_INFER,3,24.33286966898595,10.374
STAGE_MODEL_INFER,3,24.383762463985477,10.374
STAGE_MODEL_INFER,3,24.43486941399169,10.375
STAGE_MODEL_INFER,3,24.48616224300349,10.375
STAGE_MODEL_INFER,3,24.53674581699306,10.381
STAGE_MODEL_INFER,3,24.587338204990374,10.381
STAGE_MODEL_INFER,3,24.63792889600154,10.379
STAGE_MODEL_INFER,3,24.688646107999375,10.379
STAGE_MODEL_INFER,3,24.739406354987295,10.379
STAGE_MODEL_INFER,3,24.79004374498618,10.379
STAGE_MODEL_INFER,3,24.840870471991366,10.382
STAGE_MODEL_INFER,3,24.89140061600483,10.382
STAGE_MODEL_INFER,3,24.94206281998777,10.378
STAGE_MODEL_INFER,3,24.992924953985494,10.378
STAGE_MODEL_INFER,3,25.044149043998914,10.375
STAGE_MODEL_INFER,3,25.0947652279865,10.375
STAGE_MODEL_INFER,3,25.14551494200714,10.371
STAGE_MODEL_INFER,3,25.196038152003894,10.371
STAGE_MODEL_INFER,3,25.24668654098059,10.37
STAGE_MODEL_INFER,3,25.297684719000245,10.37
STAGE_MODEL_INFER,3,25.34846307898988,10.368
STAGE_MODEL_INFER,3,25.399239492980996,10.368
STAGE_MODEL_INFER,3,25.449918856000295,10.369
STAGE_MODEL_INFER,3,25.500536276987987,10.369
STAGE_MODEL_INFER,3,25.551084828999592,10.362
STAGE_MODEL_INFER,3,25.601762720005354,10.362
STAGE_MODEL_INFER,3,25.6525391949981,10.356
STAGE_MODEL_INFER,3,25.70311828100239,10.356
STAGE_MODEL_INFER,3,25.753914886998245,10.347
STAGE_MODEL_INFER,3,25.804482270003064,10.347
STAGE_MODEL_INFER,3,25.85507122799754,10.343
STAGE_MODEL_INFER,3,25.905619589000707,10.343
STAGE_MODEL_INFER,3,25.956156217987882,10.339
STAGE_MODEL_INFER,3,26.006638088001637,10.339
STAGE_MODEL_INFER,3,26.057158079987857,10.33
STAGE_MODEL_INFER,3,26.107863440993242,10.335
STAGE_MODEL_INFER,3,26.15823919099057,10.335
STAGE_MODEL_INFER,3,26.20873184199445,10.332
STAGE_MODEL_INFER,3,26.259071300999494,10.332
STAGE_MODEL_INFER,3,26.309547505981755,10.331
STAGE_MODEL_INFER,3,26.35997906999546,10.331
STAGE_MODEL_INFER,3,26.41040714198607,10.331
STAGE_MODEL_INFER,3,26.460798130981857,10.331
STAGE_MODEL_INFER,3,26.511404677003156,10.18
STAGE_MODEL_INFER,3,26.56280343598337,10.18
STAGE_MODEL_INFER,3,26.614847967983223,10.373
STAGE_MODEL_INFER,3,26.66543790398282,10.373
STAGE_MODEL_INFER,3,26.716246388998115,9.312
STAGE_MODEL_INFER,3,26.76953686098568,9.312
STAGE_MODEL_INFER,3,26.83849559200462,10.422
STAGE_MODEL_INFER,3,26.889018324989593,10.422
STAGE_MODEL_INFER,3,26.939471536985366,10.342
STAGE_MODEL_INFER,3,26.991209990985226,10.342
STAGE_MODEL_INFER,3,27.045555553981103,10.314
STAGE_MODEL_INFER,3,27.096210449002683,10.314
STAGE_MODEL_INFER,3,27.146753904002253,10.307
STAGE_MODEL_INFER,3,27.197354596981313,10.307
STAGE_MODEL_INFER,3,27.25647304399172,9.718
STAGE_MODEL_INFER,3,27.307720132987015,10.507
STAGE_MODEL_INFER,3,27.362189484003466,10.51
STAGE_MODEL_INFER,3,27.41278825100744,10.401
STAGE_MODEL_INFER,3,27.47213611198822,10.401
STAGE_MODEL_INFER,3,27.52246712698252,9.523
STAGE_MODEL_INFER,3,27.577414783008862,9.523
STAGE_MODEL_INFER,3,27.628635478002252,10.324
STAGE_MODEL_INFER,3,27.67909700999735,10.324
STAGE_MODEL_INFER,3,27.729645201994572,10.321
STAGE_MODEL_INFER,3,27.780089531006524,10.321
STAGE_MODEL_INFER,3,27.830553242994938,10.319
STAGE_MODEL_INFER,3,27.880944604985416,10.319
STAGE_MODEL_INFER,3,27.931379102985375,10.355
STAGE_MODEL_INFER,3,27.98193528500269,10.355
STAGE_MODEL_INFER,3,28.032532593002543,9.822
STAGE_MODEL_INFER,3,28.08396045898553,9.822
STAGE_MODEL_INFER,3,28.139449581009103,10.394
STAGE_MODEL_INFER,3,28.189825823006686,10.394
STAGE_MODEL_INFER,3,28.24029975599842,10.39
STAGE_MODEL_INFER,3,28.290909436997026,10.39
STAGE_MODEL_INFER,3,28.35069476798526,8.191
STAGE_MODEL_INFER,3,28.40206344498438,8.191
STAGE_MODEL_INFER,3,28.455800839001313,10.319
STAGE_MODEL_INFER,3,28.50638822998735,15.095
STAGE_MODEL_INFER,3,28.57239919199492,15.095
STAGE_MODEL_INFER,3,28.62368991598487,9.705
STAGE_MODEL_INFER,3,28.67424820299493,9.705
STAGE_MODEL_INFER,3,28.72460118998424,9.702
STAGE_MODEL_INFER,3,28.7770325189922,9.702
STAGE_MODEL_INFER,3,28.832758118980564,10.327
STAGE_MODEL_INFER,3,28.8870411060052,10.327
STAGE_MODEL_INFER,3,28.937570677982876,10.249
STAGE_MODEL_INFER,3,28.990653761982685,11.457
STAGE_MODEL_INFER,3,29.048022934992332,9.571
STAGE_MODEL_INFER,3,29.099613227008376,9.571
STAGE_MODEL_INFER,3,29.1518087410077,10.341
STAGE_MODEL_INFER,3,29.202773375989636,10.341
STAGE_MODEL_INFER,3,29.253646405006293,10.933
STAGE_MODEL_INFER,3,29.306010970001807,10.458
STAGE_MODEL_INFER,3,29.3665712789807,10.463
STAGE_MODEL_INFER,3,29.41716791500221,10.371
STAGE_MODEL_INFER,3,29.467867809988093,10.371
STAGE_MODEL_INFER,3,29.518587158003356,10.378
STAGE_MODEL_INFER,3,29.569084174989257,10.378
STAGE_MODEL_INFER,3,29.61975452999468,10.35
STAGE_MODEL_INFER,3,29.670407161989715,10.35
STAGE_MODEL_INFER,3,29.720874421996996,12.531
STAGE_MODEL_INFER,3,29.772266540006967,12.531
STAGE_MODEL_INFER,3,29.824574689992005,10.808
STAGE_MODEL_INFER,3,29.875196626002435,10.808
STAGE_MODEL_INFER,3,29.925559833005536,10.607
STAGE_MODEL_INFER,3,29.976818258001003,10.607
STAGE_MODEL_THRESHOLD,3,0.004382232000352815,9.239
STAGE_MODEL_THRESHOLD,3,0.056850491993827745,9.239
STAGE_MODEL_THRESHOLD,3,0.11397200601641089,10.299
STAGE_MODEL_THRESHOLD,3,0.16445268801180646,10.299
STAGE_MODEL_THRESHOLD,3,0.2149825890082866,10.611
STAGE_MODEL_THRESHOLD,3,0.26746415899833664,10.611
STAGE_MODEL_THRESHOLD,3,0.31890504399780184,10.404
STAGE_MODEL_THRESHOLD,3,0.36952545001986437,10.404
STAGE_MODEL_THRESHOLD,3,0.4201957110199146,10.369
STAGE_MODEL_THRESHOLD,3,0.47073660799651407,10.369
STAGE_MODEL_THRESHOLD,3,0.521172367996769,10.843
STAGE_MODEL_THRESHOLD,3,0.5725842000101693,10.843
STAGE_MODEL_THRESHOLD,3,0.6249595270201098,10.335
STAGE_MODEL_THRESHOLD,3,0.6755506590125151,10.335
STAGE_MODEL_THRESHOLD,3,0.7261341130069923,10.342
STAGE_MODEL_THRESHOLD,3,0.7840790520131122,8.838
STAGE_MODEL_THRESHOLD,3,0.8415882650006097,8.838
STAGE_MODEL_THRESHOLD,3,0.8933067269972526,10.395
STAGE_MODEL_THRESHOLD,3,0.9437950809951872,10.395
STAGE_MODEL_THRESHOLD,3,0.9942962850036565,10.383
STAGE_MODEL_THRESHOLD,3,1.0448848950036336,10.383
STAGE_MODEL_THRESHOLD,3,1.0954571299953386,10.37
STAGE_MODEL_THRESHOLD,3,1.1522906050086021,10.37
STAGE_MODEL_THRESHOLD,3,1.202829821006162,11.299
STAGE_MODEL_THRESHOLD,3,1.255574548005825,11.299
STAGE_MODEL_THRESHOLD,3,1.3072965320025105,10.286
STAGE_MODEL_THRESHOLD,3,1.3695029240043368,10.286
STAGE_MODEL_THRESHOLD,3,1.4207406180212274,10.482
STAGE_MODEL_THRESHOLD,3,1.472063282999443,10.482
STAGE_MODEL_THRESHOLD,3,1.5237224950105883,10.51
STAGE_MODEL_THRESHOLD,3,1.5769395469978917,10.416
STAGE_MODEL_THRESHOLD,3,1.63397761201486,10.49
STAGE_MODEL_THRESHOLD,3,1.686552727012895,10.164
STAGE_MODEL_THRESHOLD,3,1.7384429600206204,10.164
STAGE_MODEL_THRESHOLD,3,1.7930397170130163,10.385
STAGE_MODEL_THRESHOLD,3,1.8437583860068116,10.385
STAGE_MODEL_THRESHOLD,3,1.8946058110159356,10.346
STAGE_MODEL_THRESHOLD,3,1.945334559015464,10.346
STAGE_MODEL_THRESHOLD,3,1.9960801940178499,8.705
STAGE_MODEL_THRESHOLD,3,2.049586333014304,8.705
STAGE_MODEL_THRESHOLD,3,2.1010466479929164,10.37
STAGE_MODEL_THRESHOLD,3,2.151717352011474,10.37
STAGE_MODEL_THRESHOLD,3,2.202167298004497,17.923
STAGE_MODEL_THRESHOLD,3,2.253649516002042,17.923
STAGE_MODEL_THRESHOLD,3,2.3051591500116047,9.677
STAGE_MODEL_THRESHOLD,3,2.3555753320106305,9.677
STAGE_MODEL_THRESHOLD,3,2.4060969650163315,10.033
STAGE_MODEL_THRESHOLD,3,2.4564827700087335,10.033
STAGE_MODEL_THRESHOLD,3,2.507018530013738,10.133
STAGE_MODEL_THRESHOLD,3,2.5574815190047957,10.133
STAGE_MODEL_THRESHOLD,3,2.6079910380067304,10.19
STAGE_MODEL_THRESHOLD,3,2.6592646630015224,10.19
STAGE_MODEL_THRESHOLD,3,2.709926711017033,10.212
STAGE_MODEL_THRESHOLD,3,2.7605093820020556,10.212
STAGE_MODEL_THRESHOLD,3,2.811216483998578,10.254
STAGE_MODEL_THRESHOLD,3,2.8616149710142054,10.254
STAGE_MODEL_THRESHOLD,3,2.9122100610111374,10.272
STAGE_MODEL_THRESHOLD,3,2.9631618470011745,10.272
STAGE_MODEL_THRESHOLD,3,3.014051105012186,10.288
STAGE_MODEL_THRESHOLD,3,3.064652995002689,10.288
STAGE_MODEL_THRESHOLD,3,3.1152554060099646,10.296
STAGE_MODEL_THRESHOLD,3,3.165950332011562,10.296
STAGE_MODEL_THRESHOLD,3,3.2165840369998477,10.299
STAGE_MODEL_THRESHOLD,3,3.2672298660036176,10.299
STAGE_MODEL_THRESHOLD,3,3.317900633002864,10.361
STAGE_MODEL_THRESHOLD,3,3.3684347340022214,10.361
STAGE_MODEL_THRESHOLD,3,3.418950612016488,10.363
STAGE_MODEL_THRESHOLD,3,3.4695399230113253,10.363
STAGE_MODEL_THRESHOLD,3,3.5206508389965165,10.367
STAGE_MODEL_THRESHOLD,3,3.5712538360094186,10.367
STAGE_MODEL_THRESHOLD,3,3.621914410003228,10.37
STAGE_MODEL_THRESHOLD,3,3.6724399749946315,10.37
STAGE_MODEL_THRESHOLD,3,3.7230055349937174,10.362
STAGE_MODEL_THRESHOLD,3,3.7737068069982342,10.362
STAGE_MODEL_THRESHOLD,3,3.8243231830128934,10.372
STAGE_MODEL_THRESHOLD,3,3.8751491910079494,10.372
STAGE_MODEL_THRESHOLD,3,3.925723335996736,10.358
STAGE_MODEL_THRESHOLD,3,3.976313884020783,10.358
STAGE_MODEL_THRESHOLD,3,4.02680303301895,10.349
STAGE_MODEL_THRESHOLD,3,4.077413549006451,10.349
STAGE_MODEL_THRESHOLD,3,4.128008408995811,10.346
STAGE_MODEL_THRESHOLD,3,4.178608437010553,10.345
STAGE_MODEL_THRESHOLD,3,4.229139741015388,10.345
STAGE_MODEL_THRESHOLD,3,4.279800047021126,10.349
STAGE_MODEL_THRESHOLD,3,4.330785049998667,10.349
STAGE_MODEL_THRESHOLD,3,4.381385823013261,10.349
STAGE_MODEL_THRESHOLD,3,4.431814765994204,10.349
STAGE_MODEL_THRESHOLD,3,4.482467860012548,10.348
STAGE_MODEL_THRESHOLD,3,4.53332933501224,10.348
STAGE_MODEL_THRESHOLD,3,4.583930941997096,10.346
STAGE_MODEL_THRESHOLD,3,4.634850592992734,10.346
STAGE_MODEL_THRESHOLD,3,4.68593107900233,10.357
STAGE_MODEL_THRESHOLD,3,4.736609153012978,10.357
STAGE_MODEL_THRESHOLD,3,4.787316580011975,10.351
STAGE_MODEL_THRESHOLD,3,4.838006886013318,10.351
STAGE_MODEL_THRESHOLD,3,4.888828423019731,10.351
STAGE_MODEL_THRESHOLD,3,4.939269266003976,10.351
STAGE_MODEL_THRESHOLD,3,4.989733966009226,10.357
STAGE_MODEL_THRESHOLD,3,5.0405573890020605,10.357
STAGE_MODEL_THRESHOLD,3,5.091345245018601,10.355
STAGE_MODEL_THRESHOLD,3,5.14191892099916,10.355
STAGE_MODEL_THRESHOLD,3,5.192496922012651,10.357
STAGE_MODEL_THRESHOLD,3,5.2432023500150535,10.357
STAGE_MODEL_THRESHOLD,3,5.294371027004672,10.356
STAGE_MODEL_THRESHOLD,3,5.34484294601134,10.356
STAGE_MODEL_THRESHOLD,3,5.3952297560172155,10.362
STAGE_MODEL_THRESHOLD,3,5.445653383998433,10.362
STAGE_MODEL_THRESHOLD,3,5.496291927003767,10.356
STAGE_MODEL_THRESHOLD,3,5.546991858020192,10.356
STAGE_MODEL_THRESHOLD,3,5.597498211020138,10.354
STAGE_MODEL_THRESHOLD,3,5.648154629016062,10.354
STAGE_MODEL_THRESHOLD,3,5.698788612993667,10.345
STAGE_MODEL_THRESHOLD,3,5.749427671020385,10.345
STAGE_MODEL_THRESHOLD,3,5.800144441018347,10.348
STAGE_MODEL_THRESHOLD,3,5.850810300005833,10.348
STAGE_MODEL_THRESHOLD,3,5.901446247997228,10.352
STAGE_MODEL_THRESHOLD,3,5.952209754992509,10.352
STAGE_MODEL_THRESHOLD,3,6.003147897019517,10.35
STAGE_MODEL_THRESHOLD,3,6.053900636994513,10.35
STAGE_MODEL_THRESHOLD,3,6.104859806015156,10.361
STAGE_MODEL_THRESHOLD,3,6.155848315014737,10.361
STAGE_MODEL_THRESHOLD,3,6.20660940601374,10.364
STAGE_MODEL_THRESHOLD,3,6.257493709999835,10.364
STAGE_MODEL_THRESHOLD,3,6.308068823011126,10.364
STAGE_MODEL_THRESHOLD,3,6.359062011004426,10.364
STAGE_MODEL_THRESHOLD,3,6.409616841992829,10.363
STAGE_MODEL_THRESHOLD,3,6.460331092996057,10.363
STAGE_MODEL_THRESHOLD,3,6.510829227016075,10.366
STAGE_MODEL_THRESHOLD,3,6.561347840994131,10.366
STAGE_MODEL_THRESHOLD,3,6.6117662570031825,10.369
STAGE_MODEL_THRESHOLD,3,6.665735032001976,10.369
STAGE_MODEL_THRESHOLD,3,6.716509435995249,10.377
STAGE_MODEL_THRESHOLD,3,6.767114262009272,10.377
STAGE_MODEL_THRESHOLD,3,6.817815927992342,10.379
STAGE_MODEL_THRESHOLD,3,6.868304344010539,10.379
STAGE_MODEL_THRESHOLD,3,6.918846831016708,10.367
STAGE_MODEL_THRESHOLD,3,6.969654768996406,10.367
STAGE_MODEL_THRESHOLD,3,7.020606806006981,10.37
STAGE_MODEL_THRESHOLD,3,7.07168082302087,10.37
STAGE_MODEL_THRESHOLD,3,7.122457342018606,10.359
STAGE_MODEL_THRESHOLD,3,7.173018639994552,10.359
STAGE_MODEL_THRESHOLD,3,7.223780455999076,10.356
STAGE_MODEL_THRESHOLD,3,7.274339541007066,10.356
STAGE_MODEL_THRESHOLD,3,7.325085743999807,10.354
STAGE_MODEL_THRESHOLD,3,7.375584259018069,10.354
STAGE_MODEL_THRESHOLD,3,7.426259588013636,10.353
STAGE_MODEL_THRESHOLD,3,7.47684905299684,10.353
STAGE_MODEL_THRESHOLD,3,7.527468821004732,10.356
STAGE_MODEL_THRESHOLD,3,7.57802318999893,10.357
STAGE_MODEL_THRESHOLD,3,7.628857980016619,10.357
STAGE_MODEL_THRESHOLD,3,7.67980917301611,10.357
STAGE_MODEL_THRESHOLD,3,7.730275911017088,10.357
STAGE_MODEL_THRESHOLD,3,7.780754289997276,10.353
STAGE_MODEL_THRESHOLD,3,7.831682827993063,10.353
STAGE_MODEL_THRESHOLD,3,7.882157803018345,10.356
STAGE_MODEL_THRESHOLD,3,7.932863446010742,10.356
STAGE_MODEL_THRESHOLD,3,7.983498487999896,10.343
STAGE_MODEL_THRESHOLD,3,8.034461642004317,10.343
STAGE_MODEL_THRESHOLD,3,8.085399739997229,10.353
STAGE_MODEL_THRESHOLD,3,8.136110068007838,10.353
STAGE_MODEL_THRESHOLD,3,8.187278246012283,10.352
STAGE_MODEL_THRESHOLD,3,8.23844363601529,10.352
STAGE_MODEL_THRESHOLD,3,8.289574740017997,10.36
STAGE_MODEL_THRESHOLD,3,8.340049554011784,10.36
STAGE_MODEL_THRESHOLD,3,8.390680654993048,10.358
STAGE_MODEL_THRESHOLD,3,8.441224348003743,10.358
STAGE_MODEL_THRESHOLD,3,8.491595593019156,10.355
STAGE_MODEL_THRESHOLD,3,8.54217428699485,10.355
STAGE_MODEL_THRESHOLD,3,8.592900748015381,10.347
STAGE_MODEL_THRESHOLD,3,8.643504381005187,10.347
STAGE_MODEL_THRESHOLD,3,8.69410292399698,10.344
STAGE_MODEL_THRESHOLD,3,8.744689554005163,10.344
STAGE_MODEL_THRESHOLD,3,8.79540410800837,10.34
STAGE_MODEL_THRESHOLD,3,8.845989705994725,10.34
STAGE_MODEL_THRESHOLD,3,8.896510090999072,10.341
STAGE_MODEL_THRESHOLD,3,8.947133188019507,10.341
STAGE_MODEL_THRESHOLD,3,8.998034612013726,10.346
STAGE_MODEL_THRESHOLD,3,9.048708693997469,10.346
STAGE_MODEL_THRESHOLD,3,9.099358845996903,10.334
STAGE_MODEL_THRESHOLD,3,9.150049110001419,10.334
STAGE_MODEL_THRESHOLD,3,9.200474937999388,10.335
STAGE_MODEL_THRESHOLD,3,9.251151756005129,10.335
STAGE_MODEL_THRESHOLD,3,9.301739756017923,10.325
STAGE_MODEL_THRESHOLD,3,9.35245674601174,10.325
STAGE_MODEL_THRESHOLD,3,9.402879525005119,10.308
STAGE_MODEL_THRESHOLD,3,9.454205023008399,10.308
STAGE_MODEL_THRESHOLD,3,9.504958258010447,10.304
STAGE_MODEL_THRESHOLD,3,9.555468442995334,10.304
STAGE_MODEL_THRESHOLD,3,9.606112894020043,10.297
STAGE_MODEL_THRESHOLD,3,9.656892105995212,10.297
STAGE_MODEL_THRESHOLD,3,9.70741968601942,10.292
STAGE_MODEL_THRESHOLD,3,9.757819085003575,10.292
STAGE_MODEL_THRESHOLD,3,9.808495748002315,10.291
STAGE_MODEL_THRESHOLD,3,9.859041057003196,10.291
STAGE_MODEL_THRESHOLD,3,9.909615108015714,10.288
STAGE_MODEL_THRESHOLD,3,9.960307657020167,10.288
STAGE_MODEL_THRESHOLD,3,10.011054130998673,10.289
STAGE_MODEL_THRESHOLD,3,10.061923867993755,10.289
STAGE_MODEL_THRESHOLD,3,10.112501502997475,10.284
STAGE_MODEL_THRESHOLD,3,10.164256174000911,10.284
STAGE_MODEL_THRESHOLD,3,10.214779545000056,10.283
STAGE_MODEL_THRESHOLD,3,10.265578356018523,10.283
STAGE_MODEL_THRESHOLD,3,10.316203216993017,10.289
STAGE_MODEL_THRESHOLD,3,10.366759233002085,10.289
STAGE_MODEL_THRESHOLD,3,10.41771029899246,10.289
STAGE_MODEL_THRESHOLD,3,10.468716566014336,10.289
STAGE_MODEL_THRESHOLD,3,10.520006586011732,10.302
STAGE_MODEL_THRESHOLD,3,10.570759324007668,10.302
STAGE_MODEL_THRESHOLD,3,10.621524843998486,10.302
STAGE_MODEL_THRESHOLD,3,10.672504971997114,10.302
STAGE_MODEL_THRESHOLD,3,10.723640609008726,10.302
STAGE_MODEL_THRESHOLD,3,10.774152568017598,10.302
STAGE_MODEL_THRESHOLD,3,10.824698270007502,10.301
STAGE_MODEL_THRESHOLD,3,10.875246865994995,10.301
STAGE_MODEL_THRESHOLD,3,10.92583864601329,10.299
STAGE_MODEL_THRESHOLD,3,10.976420121005503,10.299
STAGE_MODEL_THRESHOLD,3,11.026949799008435,10.297
STAGE_MODEL_THRESHOLD,3,11.077519131009467,10.297
STAGE_MODEL_THRESHOLD,3,11.128122833004454,10.29
STAGE_MODEL_THRESHOLD,3,11.178850410011364,10.284
STAGE_MODEL_THRESHOLD,3,11.22948800001177,10.284
STAGE_MODEL_THRESHOLD,3,11.280100146017503,10.282
STAGE_MODEL_THRESHOLD,3,11.330739722005092,10.282
STAGE_MODEL_THRESHOLD,3,11.381318972009467,10.271
STAGE_MODEL_THRESHOLD,3,11.431990390003193,10.271
STAGE_MODEL_THRESHOLD,3,11.482485899992753,10.272
STAGE_MODEL_THRESHOLD,3,11.532949228014331,10.272
STAGE_MODEL_THRESHOLD,3,11.583511624019593,10.262
STAGE_MODEL_THRESHOLD,3,11.634101507021114,10.262
STAGE_MODEL_THRESHOLD,3,11.68468840001151,10.254
STAGE_MODEL_THRESHOLD,3,11.735306382004637,10.254
STAGE_MODEL_THRESHOLD,3,11.785808590997476,10.259
STAGE_MODEL_THRESHOLD,3,11.83649073599372,10.259
STAGE_MODEL_THRESHOLD,3,11.887142037012381,10.263
STAGE_MODEL_THRESHOLD,3,11.937523711007088,10.263
STAGE_MODEL_THRESHOLD,3,11.987914457014995,10.262
STAGE_MODEL_THRESHOLD,3,12.038384087994928,10.262
STAGE_MODEL_THRESHOLD,3,12.089011830015806,10.268
STAGE_MODEL_THRESHOLD,3,12.139443861000473,10.268
STAGE_MODEL_THRESHOLD,3,12.18995520300814,9.952
STAGE_MODEL_THRESHOLD,3,12.242291389993625,10.582
STAGE_MODEL_THRESHOLD,3,12.294240468996577,10.102
STAGE_MODEL_THRESHOLD,3,12.345512019004673,10.102
STAGE_MODEL_THRESHOLD,3,12.398279745015316,10.197
STAGE_MODEL_THRESHOLD,3,12.448760155995842,10.197
STAGE_MODEL_THRESHOLD,3,12.499347022006987,10.055
STAGE_MODEL_THRESHOLD,3,12.55167333999998,10.055
STAGE_MODEL_THRESHOLD,3,12.603154291020473,10.311
STAGE_MODEL_THRESHOLD,3,12.653659428993706,10.311
STAGE_MODEL_THRESHOLD,3,12.704314692993648,10.291
STAGE_MODEL_THRESHOLD,3,12.755102146009449,10.291
STAGE_MODEL_THRESHOLD,3,12.80557331701857,10.273
STAGE_MODEL_THRESHOLD,3,12.856165211007465,10.273
STAGE_MODEL_THRESHOLD,3,12.906673438003054,6.915
STAGE_MODEL_THRESHOLD,3,12.963221979007358,6.915
STAGE_MODEL_THRESHOLD,3,13.01490299901343,10.274
STAGE_MODEL_THRESHOLD,3,13.065533688000869,10.274
STAGE_MODEL_THRESHOLD,3,13.115990160993533,10.273
STAGE_MODEL_THRESHOLD,3,13.166506434994517,10.273
STAGE_MODEL_THRESHOLD,3,13.217055251996499,10.276
STAGE_MODEL_THRESHOLD,3,13.267595870012883,10.276
STAGE_MODEL_THRESHOLD,3,13.318011488008779,9.91
STAGE_MODEL_THRESHOLD,3,13.369468300021254,9.91
STAGE_MODEL_THRESHOLD,3,13.422139292000793,10.315
STAGE_MODEL_THRESHOLD,3,13.472693224000977,10.315
STAGE_MODEL_THRESHOLD,3,13.523181702010334,10.29
STAGE_MODEL_THRESHOLD,3,13.574900159001118,8.864
STAGE_MODEL_THRESHOLD,3,13.626189709000755,8.864
STAGE_MODEL_THRESHOLD,3,13.681775064003887,10.241
STAGE_MODEL_THRESHOLD,3,13.732246419007424,10.241
STAGE_MODEL_THRESHOLD,3,13.78271085000597,10.237
STAGE_MODEL_THRESHOLD,3,13.834184411010938,10.237
STAGE_MODEL_THRESHOLD,3,13.885598132997984,6.468
STAGE_MODEL_THRESHOLD,3,13.938097762002144,6.468
STAGE_MODEL_THRESHOLD,3,13.994221166009083,10.356
STAGE_MODEL_THRESHOLD,3,14.044604266004171,10.356
STAGE_MODEL_THRESHOLD,3,14.095026468014112,8.554
STAGE_MODEL_THRESHOLD,3,14.150507255020784,8.554
STAGE_MODEL_THRESHOLD,3,14.201701504993252,15.381
STAGE_MODEL_THRESHOLD,3,14.253915811015759,15.381
STAGE_MODEL_THRESHOLD,3,14.304936849017395,10.106
STAGE_MODEL_THRESHOLD,3,14.355330071994103,10.106
STAGE_MODEL_THRESHOLD,3,14.405708641017554,13.043
STAGE_MODEL_THRESHOLD,3,14.456914956012042,13.043
STAGE_MODEL_THRESHOLD,3,14.51258953101933,9.648
STAGE_MODEL_THRESHOLD,3,14.563895169005264,9.648
STAGE_MODEL_THRESHOLD,3,14.61590133199934,10.357
STAGE_MODEL_THRESHOLD,3,14.666430573997786,10.357
STAGE_MODEL_THRESHOLD,3,14.716900169005385,9.94
STAGE_MODEL_THRESHOLD,3,14.770941577997291,11.459
STAGE_MODEL_THRESHOLD,3,14.82852748699952,10.587
STAGE_MODEL_THRESHOLD,3,14.885704256012104,10.304
STAGE_MODEL_THRESHOLD,3,14.937558780016843,10.304
STAGE_MODEL_THRESHOLD,3,14.990335853013676,10.283
STAGE_MODEL_THRESHOLD,3,15.04084197699558,10.283
STAGE_MODEL_THRESHOLD,3,15.09153645200422,7.244
STAGE_MODEL_THRESHOLD,3,15.14288343899534,7.244
STAGE_MODEL_THRESHOLD,3,15.194305951008573,10.306
STAGE_MODEL_THRESHOLD,3,15.244930490996921,10.306
STAGE_MODEL_THRESHOLD,3,15.295489448006265,8.58
STAGE_MODEL_THRESHOLD,3,15.350563921005232,8.58
STAGE_MODEL_THRESHOLD,3,15.402689948998159,10.567
STAGE_MODEL_THRESHOLD,3,15.453374778997386,10.567
STAGE_MODEL_THRESHOLD,3,15.503904050012352,15.011
STAGE_MODEL_THRESHOLD,3,15.555198714020662,15.011
STAGE_MODEL_THRESHOLD,3,15.60936611899524,9.86
STAGE_MODEL_THRESHOLD,3,15.661076504999073,9.86
STAGE_MODEL_THRESHOLD,3,15.712552276992938,10.114
STAGE_MODEL_THRESHOLD,3,15.764630791003583,10.114
STAGE_MODEL_THRESHOLD,3,15.816127775993664,10.286
STAGE_MODEL_THRESHOLD,3,15.873572497017449,8.93
STAGE_MODEL_THRESHOLD,3,15.92478308500722,8.93
STAGE_MODEL_THRESHOLD,3,15.980472297000233,10.273
STAGE_MODEL_THRESHOLD,3,16.03096800899948,10.273
STAGE_MODEL_THRESHOLD,3,16.081563045998337,10.283
STAGE_MODEL_THRESHOLD,3,16.13223209301941,10.283
STAGE_MODEL_THRESHOLD,3,16.18281434799428,10.298
STAGE_MODEL_THRESHOLD,3,16.233301653002854,10.298
STAGE_MODEL_THRESHOLD,3,16.283766695007216,6.26
STAGE_MODEL_THRESHOLD,3,16.336513460002607,6.26
STAGE_MODEL_THRESHOLD,3,16.39204782701563,10.34
STAGE_MODEL_THRESHOLD,3,16.442648298019776,10.34
STAGE_MODEL_THRESHOLD,3,16.493228580016876,10.329
STAGE_MODEL_THRESHOLD,3,16.543744434020482,10.329
STAGE_MODEL_THRESHOLD,3,16.595558697998058,10.336
STAGE_MODEL_THRESHOLD,3,16.646093931020005,10.336
STAGE_MODEL_THRESHOLD,3,16.696651817997918,9.901
STAGE_MODEL_THRESHOLD,3,16.749135176010896,9.901
STAGE_MODEL_THRESHOLD,3,16.80073173600249,10.238
STAGE_MODEL_THRESHOLD,3,16.85871158100781,10.238
STAGE_MODEL_THRESHOLD,3,16.909294818993658,10.653
STAGE_MODEL_THRESHOLD,3,16.96109367100871,10.653
STAGE_MODEL_THRESHOLD,3,17.012456941010896,11.659
STAGE_MODEL_THRESHOLD,3,17.07557099100086,9.375
STAGE_MODEL_THRESHOLD,3,17.127482056996087,10.749
STAGE_MODEL_THRESHOLD,3,17.192875701002777,9.757
STAGE_MODEL_THRESHOLD,3,17.244456147018354,10.807
STAGE_MODEL_THRESHOLD,3,17.295930157997645,9.673
STAGE_MODEL_THRESHOLD,3,17.352581081009703,10.618
STAGE_MODEL_THRESHOLD,3,17.40502251399448,10.07
STAGE_MODEL_THRESHOLD,3,17.4569321150193,11.208
STAGE_MODEL_THRESHOLD,3,17.508817232010188,6.965
STAGE_MODEL_THRESHOLD,3,17.55985953801428,6.621
STAGE_MODEL_THRESHOLD,3,17.62367338000331,6.621
STAGE_MODEL_THRESHOLD,3,17.676370347995544,10.474
STAGE_MODEL_THRESHOLD,3,17.73024121200433,10.491
STAGE_MODEL_THRESHOLD,3,17.780892639013473,10.375
STAGE_MODEL_THRESHOLD,3,17.838190320995636,10.375
STAGE_MODEL_THRESHOLD,3,17.88905359900673,9.775
STAGE_MODEL_THRESHOLD,3,17.943147148005664,9.775
STAGE_MODEL_THRESHOLD,3,17.994654730020557,10.309
STAGE_MODEL_THRESHOLD,3,18.04522565699881,10.309
STAGE_MODEL_THRESHOLD,3,18.09581537800841,10.308
STAGE_MODEL_THRESHOLD,3,18.146478091017343,10.308
STAGE_MODEL_THRESHOLD,3,18.19706848700298,10.208
STAGE_MODEL_THRESHOLD,3,18.248654173017712,10.208
STAGE_MODEL_THRESHOLD,3,18.302266373008024,10.387
STAGE_MODEL_THRESHOLD,3,18.352905163017567,10.387
STAGE_MODEL_THRESHOLD,3,18.403540238010464,10.365
STAGE_MODEL_THRESHOLD,3,18.454358122020494,10.365
STAGE_MODEL_THRESHOLD,3,18.50525904301321,10.366
STAGE_MODEL_THRESHOLD,3,18.55590545400628,10.366
STAGE_MODEL_THRESHOLD,3,18.60646282901871,10.359
STAGE_MODEL_THRESHOLD,3,18.656976871017832,10.359
STAGE_MODEL_THRESHOLD,3,18.707725323009072,10.354
STAGE_MODEL_THRESHOLD,3,18.758392171002924,10.354
STAGE_MODEL_THRESHOLD,3,18.80896359999315,10.357
STAGE_MODEL_THRESHOLD,3,18.859537309996085,10.357
STAGE_MODEL_THRESHOLD,3,18.910231159010436,10.347
STAGE_MODEL_THRESHOLD,3,18.960666605998995,10.347
STAGE_MODEL_THRESHOLD,3,19.01110617199447,10.35
STAGE_MODEL_THRESHOLD,3,19.06165134900948,10.35
STAGE_MODEL_THRESHOLD,3,19.112335167999845,10.347
STAGE_MODEL_THRESHOLD,3,19.16272114601452,10.347
STAGE_MODEL_THRESHOLD,3,19.21325619300478,10.341
STAGE_MODEL_THRESHOLD,3,19.263806269009365,10.341
STAGE_MODEL_THRESHOLD,3,19.314283667015843,10.339
STAGE_MODEL_THRESHOLD,3,19.365041220007697,10.339
STAGE_MODEL_THRESHOLD,3,19.415639636019478,10.333
STAGE_MODEL_THRESHOLD,3,19.466465178004,10.333
STAGE_MODEL_THRESHOLD,3,19.517077444994356,10.323
STAGE_MODEL_THRESHOLD,3,19.567578977002995,10.323
STAGE_MODEL_THRESHOLD,3,19.618331809993833,10.314
STAGE_MODEL_THRESHOLD,3,19.669343651999952,10.314
STAGE_MODEL_THRESHOLD,3,19.72032893501455,10.311
STAGE_MODEL_THRESHOLD,3,19.770807243010495,10.311
STAGE_MODEL_THRESHOLD,3,19.821461240004282,10.311
STAGE_MODEL_THRESHOLD,3,19.87216936200275,10.311
STAGE_MODEL_THRESHOLD,3,19.92264065000927,10.301
STAGE_MODEL_THRESHOLD,3,19.97305048900307,10.304
STAGE_MODEL_THRESHOLD,3,20.02348263101885,10.304
STAGE_MODEL_THRESHOLD,3,20.074066772998776,10.293
STAGE_MODEL_THRESHOLD,3,20.124698215018725,10.293
STAGE_MODEL_THRESHOLD,3,20.175069428019924,10.288
STAGE_MODEL_THRESHOLD,3,20.225492740020854,10.288
STAGE_MODEL_THRESHOLD,3,20.275878618995193,10.281
STAGE_MODEL_THRESHOLD,3,20.326283597009024,10.281
STAGE_MODEL_THRESHOLD,3,20.376803519000532,10.279
STAGE_MODEL_THRESHOLD,3,20.427344031020766,10.279
STAGE_MODEL_THRESHOLD,3,20.47784381400561,10.281
STAGE_MODEL_THRESHOLD,3,20.52876594301779,10.281
STAGE_MODEL_THRESHOLD,3,20.579302728001494,10.289
STAGE_MODEL_THRESHOLD,3,20.62970811399282,10.289
STAGE_MODEL_THRESHOLD,3,20.6801572330005,10.299
STAGE_MODEL_THRESHOLD,3,20.730687305011088,10.299
STAGE_MODEL_THRESHOLD,3,20.781357304018456,10.301
STAGE_MODEL_THRESHOLD,3,20.831755318999058,10.301
STAGE_MODEL_THRESHOLD,3,20.8822848740092,10.299
STAGE_MODEL_THRESHOLD,3,20.932918967009755,10.299
STAGE_MODEL_THRESHOLD,3,20.98350154000218,10.372
STAGE_MODEL_THRESHOLD,3,21.037744008004665,10.372
STAGE_MODEL_THRESHOLD,3,21.08982719501364,10.304
STAGE_MODEL_THRESHOLD,3,21.14060957901529,10.304
STAGE_MODEL_THRESHOLD,3,21.191462638002122,6.129
STAGE_MODEL_THRESHOLD,3,21.243318702006945,6.129
STAGE_MODEL_THRESHOLD,3,21.295267729001353,10.318
STAGE_MODEL_THRESHOLD,3,21.345755571994232,10.318
STAGE_MODEL_THRESHOLD,3,21.396318328013876,10.333
STAGE_MODEL_THRESHOLD,3,21.446951501013245,10.333
STAGE_MODEL_THRESHOLD,3,21.49766179602011,10.328
STAGE_MODEL_THRESHOLD,3,21.548593829997117,10.328
STAGE_MODEL_THRESHOLD,3,21.599290437996387,10.323
STAGE_MODEL_THRESHOLD,3,21.65007029901608,10.323
STAGE_MODEL_THRESHOLD,3,21.700707698008046,10.324
STAGE_MODEL_THRESHOLD,3,21.751312044012593,10.324
STAGE_MODEL_THRESHOLD,3,21.801897447003284,10.331
STAGE_MODEL_THRESHOLD,3,21.852500747016165,10.331
STAGE_MODEL_THRESHOLD,3,21.902940216008574,10.328
STAGE_MODEL_THRESHOLD,3,21.953501223993953,10.328
STAGE_MODEL_THRESHOLD,3,22.00414105100208,10.325
STAGE_MODEL_THRESHOLD,3,22.055051856994396,10.325
STAGE_MODEL_THRESHOLD,3,22.10561088300892,10.32
STAGE_MODEL_THRESHOLD,3,22.156394012010423,10.32
STAGE_MODEL_THRESHOLD,3,22.207021801004885,10.314
STAGE_MODEL_THRESHOLD,3,22.25762194301933,10.314
STAGE_MODEL_THRESHOLD,3,22.308227881992934,10.313
STAGE_MODEL_THRESHOLD,3,22.35862773100962,10.313
STAGE_MODEL_THRESHOLD,3,22.409164444019552,10.31
STAGE_MODEL_THRESHOLD,3,22.45977792699705,10.31
STAGE_MODEL_THRESHOLD,3,22.51044639199972,10.3
STAGE_MODEL_THRESHOLD,3,22.56098569202004,10.3
STAGE_MODEL_THRESHOLD,3,22.611541715014027,10.294
STAGE_MODEL_THRESHOLD,3,22.662079283996718,10.294
STAGE_MODEL_THRESHOLD,3,22.71275291600614,10.288
STAGE_MODEL_THRESHOLD,3,22.763285348017234,10.288
STAGE_MODEL_THRESHOLD,3,22.81386516802013,10.278
STAGE_MODEL_THRESHOLD,3,22.864686524000717,10.278
STAGE_MODEL_THRESHOLD,3,22.91558992100181,10.268
STAGE_MODEL_THRESHOLD,3,22.96603856800357,10.268
STAGE_MODEL_THRESHOLD,3,23.016516803007107,10.263
STAGE_MODEL_THRESHOLD,3,23.06718178099254,10.263
STAGE_MODEL_THRESHOLD,3,23.117864232015563,10.262
STAGE_MODEL_THRESHOLD,3,23.168284853018122,10.262
STAGE_MODEL_THRESHOLD,3,23.21884405601304,10.262
STAGE_MODEL_THRESHOLD,3,23.26936937100254,10.262
STAGE_MODEL_THRESHOLD,3,23.319930226018187,10.264
STAGE_MODEL_THRESHOLD,3,23.37057053600438,10.264
STAGE_MODEL_THRESHOLD,3,23.421353265002836,10.264
STAGE_MODEL_THRESHOLD,3,23.471896427014144,10.266
STAGE_MODEL_THRESHOLD,3,23.522638346999884,10.266
STAGE_MODEL_THRESHOLD,3,23.57298246299615,10.269
STAGE_MODEL_THRESHOLD,3,23.62350133500877,10.269
STAGE_MODEL_THRESHOLD,3,23.674122730997624,10.272
STAGE_MODEL_THRESHOLD,3,23.724469887005398,10.272
STAGE_MODEL_THRESHOLD,3,23.77511624901672,10.277
STAGE_MODEL_THRESHOLD,3,23.825696999992942,10.277
STAGE_MODEL_THRESHOLD,3,23.87624236100237,10.283
STAGE_MODEL_THRESHOLD,3,23.927111219993094,10.283
STAGE_MODEL_THRESHOLD,3,23.977594549010973,10.284
STAGE_MODEL_THRESHOLD,3,24.028087278013118,10.284
STAGE_MODEL_THRESHOLD,3,24.078727732994594,10.285
STAGE_MODEL_THRESHOLD,3,24.129571207013214,10.285
STAGE_MODEL_THRESHOLD,3,24.180230169004062,10.284
STAGE_MODEL_THRESHOLD,3,24.231008500995813,10.284
STAGE_MODEL_THRESHOLD,3,24.281560613017064,10.283
STAGE_MODEL_THRESHOLD,3,24.33214159999625,10.283
STAGE_MODEL_THRESHOLD,3,24.383548857003916,10.287
STAGE_MODEL_THRESHOLD,3,24.434197777009103,10.287
STAGE_MODEL_THRESHOLD,3,24.484997919003945,10.286
STAGE_MODEL_THRESHOLD,3,24.53572879001149,10.286
STAGE_MODEL_THRESHOLD,3,24.586691182019422,10.281
STAGE_MODEL_THRESHOLD,3,24.637182989012217,10.281
STAGE_MODEL_THRESHOLD,3,24.687841588020092,10.281
STAGE_MODEL_THRESHOLD,3,24.738493759010453,10.281
STAGE_MODEL_THRESHOLD,3,24.788965614017798,10.28
STAGE_MODEL_THRESHOLD,3,24.839513414015528,10.28
STAGE_MODEL_THRESHOLD,3,24.890138431015657,10.278
STAGE_MODEL_THRESHOLD,3,24.940778229007265,10.278
STAGE_MODEL_THRESHOLD,3,24.99148375200457,10.282
STAGE_MODEL_THRESHOLD,3,25.04191327301669,10.282
STAGE_MODEL_THRESHOLD,3,25.092678971996065,10.285
STAGE_MODEL_THRESHOLD,3,25.14330306899501,10.285
STAGE_MODEL_THRESHOLD,3,25.19391515600728,10.286
STAGE_MODEL_THRESHOLD,3,25.244548307004152,10.286
STAGE_MODEL_THRESHOLD,3,25.2953617820167,10.287
STAGE_MODEL_THRESHOLD,3,25.346020191005664,10.287
STAGE_MODEL_THRESHOLD,3,25.396427996020066,10.287
STAGE_MODEL_THRESHOLD,3,25.447068130015396,10.287
STAGE_MODEL_THRESHOLD,3,25.49767875901307,10.281
STAGE_MODEL_THRESHOLD,3,25.548258177994285,10.281
STAGE_MODEL_THRESHOLD,3,25.59886050701607,10.277
STAGE_MODEL_THRESHOLD,3,25.649528944020858,10.277
STAGE_MODEL_THRESHOLD,3,25.700305389007553,10.277
STAGE_MODEL_THRESHOLD,3,25.750906054017833,10.277
STAGE_MODEL_THRESHOLD,3,25.80149690300459,10.273
STAGE_MODEL_THRESHOLD,3,25.852325376996305,10.273
STAGE_MODEL_THRESHOLD,3,25.90309465600876,10.271
STAGE_MODEL_THRESHOLD,3,25.95417557100882,10.271
STAGE_MODEL_THRESHOLD,3,26.004635827994207,10.267
STAGE_MODEL_THRESHOLD,3,26.055599928018637,10.267
STAGE_MODEL_THRESHOLD,3,26.106111308996333,10.264
STAGE_MODEL_THRESHOLD,3,26.15702466899529,10.264
STAGE_MODEL_THRESHOLD,3,26.20766478299629,10.264
STAGE_MODEL_THRESHOLD,3,26.258120356011204,10.264
STAGE_MODEL_THRESHOLD,3,26.30872670302051,10.268
STAGE_MODEL_THRESHOLD,3,26.359151850017952,10.268
STAGE_MODEL_THRESHOLD,3,26.40975221901317,10.269
STAGE_MODEL_THRESHOLD,3,26.460458051005844,10.269
STAGE_MODEL_THRESHOLD,3,26.510998990997905,10.271
STAGE_MODEL_THRESHOLD,3,26.56159632699564,10.271
STAGE_MODEL_THRESHOLD,3,26.612187933002133,10.274
STAGE_MODEL_THRESHOLD,3,26.662881399999605,10.274
STAGE_MODEL_THRESHOLD,3,26.713591202016687,10.278
STAGE_MODEL_THRESHOLD,3,26.764118293009233,10.278
STAGE_MODEL_THRESHOLD,3,26.81471251399489,10.283
STAGE_MODEL_THRESHOLD,3,26.86517614001059,10.283
STAGE_MODEL_THRESHOLD,3,26.9159162180149,10.284
STAGE_MODEL_THRESHOLD,3,26.966419834003318,10.284
STAGE_MODEL_THRESHOLD,3,27.01704913499998,10.282
STAGE_MODEL_THRESHOLD,3,27.067649520002306,10.282
STAGE_MODEL_THRESHOLD,3,27.118256218003808,10.285
STAGE_MODEL_THRESHOLD,3,27.168793060001917,10.285
STAGE_MODEL_THRESHOLD,3,27.219348240003455,10.276
STAGE_MODEL_THRESHOLD,3,27.270078984001884,10.266
STAGE_MODEL_THRESHOLD,3,27.32076540600974,10.266
STAGE_MODEL_THRESHOLD,3,27.371307748020627,10.257
STAGE_MODEL_THRESHOLD,3,27.421985062013846,10.257
STAGE_MODEL_THRESHOLD,3,27.472500391013455,10.25
STAGE_MODEL_THRESHOLD,3,27.523263351002242,10.25
STAGE_MODEL_THRESHOLD,3,27.573819901997922,10.244
STAGE_MODEL_THRESHOLD,3,27.624203443003353,10.244
STAGE_MODEL_THRESHOLD,3,27.674728921992937,10.244
STAGE_MODEL_THRESHOLD,3,27.72510918401531,9.529
STAGE_MODEL_THRESHOLD,3,27.776827444002265,10.264
STAGE_MODEL_THRESHOLD,3,27.827349672006676,10.264
STAGE_MODEL_THRESHOLD,3,27.877831398014678,10.139
STAGE_MODEL_THRESHOLD,3,27.92918436601758,10.139
STAGE_MODEL_THRESHOLD,3,27.982148973009316,10.274
STAGE_MODEL_THRESHOLD,3,28.032699817995308,10.274
STAGE_MODEL_THRESHOLD,3,28.083249426010298,10.235
STAGE_MODEL_THRESHOLD,3,28.1338170300005,10.235
STAGE_MODEL_THRESHOLD,3,28.191802015993744,10.0
STAGE_MODEL_THRESHOLD,3,28.242962916992838,10.0
STAGE_MODEL_THRESHOLD,3,28.298840933013707,10.313
STAGE_MODEL_THRESHOLD,3,28.349261807015864,10.313
STAGE_MODEL_THRESHOLD,3,28.405092133994913,7.343
STAGE_MODEL_THRESHOLD,3,28.456809288007207,7.343
STAGE_MODEL_THRESHOLD,3,28.510580984002445,10.277
STAGE_MODEL_THRESHOLD,3,28.561244439013535,10.277
STAGE_MODEL_THRESHOLD,3,28.61181869599386,6.103
STAGE_MODEL_THRESHOLD,3,28.664317813003436,6.103
STAGE_MODEL_THRESHOLD,3,28.71579404300428,10.262
STAGE_MODEL_THRESHOLD,3,28.76631728099892,10.262
STAGE_MODEL_THRESHOLD,3,28.816928154992638,10.265
STAGE_MODEL_THRESHOLD,3,28.867572450020816,10.265
STAGE_MODEL_THRESHOLD,3,28.918071740015876,10.282
STAGE_MODEL_THRESHOLD,3,28.96848175401101,10.282
STAGE_MODEL_THRESHOLD,3,29.019208089011954,10.28
STAGE_MODEL_THRESHOLD,3,29.069999066996388,10.28
STAGE_MODEL_THRESHOLD,3,29.120632410020335,10.286
STAGE_MODEL_THRESHOLD,3,29.171159999008523,10.286
STAGE_MODEL_THRESHOLD,3,29.22168774000602,10.294
STAGE_MODEL_THRESHOLD,3,29.276249084010487,8.875
STAGE_MODEL_THRESHOLD,3,29.327732442994602,8.875
STAGE_MODEL_THRESHOLD,3,29.38156170901493,10.273
STAGE_MODEL_THRESHOLD,3,29.432197945017833,10.273
STAGE_MODEL_THRESHOLD,3,29.482759549020557,10.291
STAGE_MODEL_THRESHOLD,3,29.533222613012185,10.291
STAGE_MODEL_THRESHOLD,3,29.58384960400872,6.087
STAGE_MODEL_THRESHOLD,3,29.637302951014135,6.087
STAGE_MODEL_THRESHOLD,3,29.68882822699379,10.165
STAGE_MODEL_THRESHOLD,3,29.73934472599649,10.165
STAGE_MODEL_THRESHOLD,3,29.789954809006304,9.962
STAGE_MODEL_THRESHOLD,3,29.841143387020566,9.962
STAGE_MODEL_THRESHOLD,3,29.89313836200745,10.394
STAGE_MODEL_THRESHOLD,3,29.943742858013138,10.394
STAGE_MODEL_THRESHOLD,3,29.99427663401002,10.318
BASELINE_IDLE,4,0.0017487820005044341,3.605
BASELINE_IDLE,4,0.05321016602101736,3.649
BASELINE_IDLE,4,0.10567037700093351,3.649
BASELINE_IDLE,4,0.15790949101210572,3.632
BASELINE_IDLE,4,0.21021198100061156,3.632
BASELINE_IDLE,4,0.2629375690012239,3.571
BASELINE_IDLE,4,0.31493932000012137,3.571
BASELINE_IDLE,4,0.3669378370104823,3.599
BASELINE_IDLE,4,0.4193830670265015,3.599
BASELINE_IDLE,4,0.47133245901204646,3.566
BASELINE_IDLE,4,0.5238661890034564,1.832
BASELINE_IDLE,4,0.5754367379995529,1.832
BASELINE_IDLE,4,0.6280177420121618,1.683
BASELINE_IDLE,4,0.679873546003364,1.683
BASELINE_IDLE,4,0.7318706100049894,1.78
BASELINE_IDLE,4,0.7837648380082101,1.78
BASELINE_IDLE,4,0.8398637260252144,1.797
BASELINE_IDLE,4,0.8924538130231667,1.797
BASELINE_IDLE,4,0.9439397560199723,1.787
BASELINE_IDLE,4,0.9951946590153966,1.787
BASELINE_IDLE,4,1.046455309027806,1.787
BASELINE_IDLE,4,1.0976698180020321,1.787
BASELINE_IDLE,4,1.1487942070234567,1.787
BASELINE_IDLE,4,1.1996581710118335,1.787
BASELINE_IDLE,4,1.2510134559997823,1.787
BASELINE_IDLE,4,1.3017496850225143,1.787
BASELINE_IDLE,4,1.3530845310015138,1.787
BASELINE_IDLE,4,1.404539992014179,1.787
BASELINE_IDLE,4,1.4559556410240475,1.787
BASELINE_IDLE,4,1.50653590602451,1.787
BASELINE_IDLE,4,1.5574644540029112,1.787
BASELINE_IDLE,4,1.6085924060025718,1.787
BASELINE_IDLE,4,1.6595474450150505,1.787
BASELINE_IDLE,4,1.7106680130236782,1.787
BASELINE_IDLE,4,1.7615446720155887,1.787
BASELINE_IDLE,4,1.812408926023636,1.787
BASELINE_IDLE,4,1.864129669003887,1.787
BASELINE_IDLE,4,1.9153950510080904,1.787
BASELINE_IDLE,4,1.966540181019809,1.739
BASELINE_IDLE,4,2.0177227280219086,1.739
BASELINE_IDLE,4,2.0685896490176674,1.739
BASELINE_IDLE,4,2.1194727400143165,1.739
BASELINE_IDLE,4,2.1705192670051474,1.739
BASELINE_IDLE,4,2.22145233800984,1.739
BASELINE_IDLE,4,2.2725779400207102,1.739
BASELINE_IDLE,4,2.3235981010075193,1.739
BASELINE_IDLE,4,2.3744753220234998,1.739
BASELINE_IDLE,4,2.4259013430273626,1.739
BASELINE_IDLE,4,2.476737896009581,1.739
BASELINE_IDLE,4,2.5276287970191333,1.739
BASELINE_IDLE,4,2.579301240009954,1.739
BASELINE_IDLE,4,2.6306939940259326,1.739
BASELINE_IDLE,4,2.68201254500309,1.739
BASELINE_IDLE,4,2.7331636040180456,1.739
BASELINE_IDLE,4,2.7843525710050017,1.739
BASELINE_IDLE,4,2.835006356006488,1.739
BASELINE_IDLE,4,2.885798641014844,1.739
BASELINE_IDLE,4,2.9366392200172413,1.692
BASELINE_IDLE,4,2.987626853020629,1.692
BASELINE_IDLE,4,3.038576536026085,1.692
BASELINE_IDLE,4,3.0894318540231325,1.692
BASELINE_IDLE,4,3.140405833022669,1.692
BASELINE_IDLE,4,3.1913269180222414,1.692
BASELINE_IDLE,4,3.2423516290145926,1.692
BASELINE_IDLE,4,3.293214439006988,1.692
BASELINE_IDLE,4,3.344209161004983,1.692
BASELINE_IDLE,4,3.395253267022781,1.692
BASELINE_IDLE,4,3.446165725006722,1.692
BASELINE_IDLE,4,3.496905311010778,1.692
BASELINE_IDLE,4,3.547694887005491,1.692
BASELINE_IDLE,4,3.598597130010603,1.692
BASELINE_IDLE,4,3.649847379012499,1.692
BASELINE_IDLE,4,3.7007957990281284,1.692
BASELINE_IDLE,4,3.7517696190043353,1.692
BASELINE_IDLE,4,3.8027988560206722,1.692
BASELINE_IDLE,4,3.853864622011315,1.692
BASELINE_IDLE,4,3.90519656802644,1.692
BASELINE_IDLE,4,3.956783900008304,1.68
BASELINE_IDLE,4,4.008038083004067,1.68
BASELINE_IDLE,4,4.0590701950131916,1.68
BASELINE_IDLE,4,4.110153793008067,1.68
BASELINE_IDLE,4,4.16162673800136,1.68
BASELINE_IDLE,4,4.21270660602022,1.68
BASELINE_IDLE,4,4.263727061013924,1.68
BASELINE_IDLE,4,4.315119702019729,1.68
BASELINE_IDLE,4,4.366533445019741,1.68
BASELINE_IDLE,4,4.417881561006652,1.68
BASELINE_IDLE,4,4.469213898002636,1.68
BASELINE_IDLE,4,4.520104462018935,1.68
BASELINE_IDLE,4,4.5711677850049455,1.68
BASELINE_IDLE,4,4.62264190800488,1.68
BASELINE_IDLE,4,4.6734809600166045,1.68
BASELINE_IDLE,4,4.7246413649991155,1.68
BASELINE_IDLE,4,4.775828119018115,1.68
BASELINE_IDLE,4,4.827020565018756,1.68
BASELINE_IDLE,4,4.878153839003062,1.68
BASELINE_IDLE,4,4.929130792006617,1.672
BASELINE_IDLE,4,4.980106324015651,1.672
BASELINE_IDLE,4,5.031136936013354,1.672
BASELINE_IDLE,4,5.0820962310244795,1.672
BASELINE_IDLE,4,5.133212787011871,1.672
BASELINE_IDLE,4,5.184324982023099,1.672
BASELINE_IDLE,4,5.235711044020718,1.672
BASELINE_IDLE,4,5.286819916014792,1.672
BASELINE_IDLE,4,5.338232695008628,1.672
BASELINE_IDLE,4,5.389823224017164,1.672
BASELINE_IDLE,4,5.441032402013661,1.672
BASELINE_IDLE,4,5.492249011003878,1.672
BASELINE_IDLE,4,5.5435902410245035,1.672
BASELINE_IDLE,4,5.594496639008867,1.672
BASELINE_IDLE,4,5.645719577005366,1.672
BASELINE_IDLE,4,5.696662948001176,1.672
BASELINE_IDLE,4,5.747504332015524,1.672
BASELINE_IDLE,4,5.798459787009051,1.672
BASELINE_IDLE,4,5.849690453003859,1.672
BASELINE_IDLE,4,5.900744343001861,1.672
BASELINE_IDLE,4,5.951650723000057,1.681
BASELINE_IDLE,4,6.002696409006603,1.681
BASELINE_IDLE,4,6.053788685007021,1.681
BASELINE_IDLE,4,6.105150273011532,1.681
BASELINE_IDLE,4,6.156427705020178,1.681
BASELINE_IDLE,4,6.207448438013671,1.681
BASELINE_IDLE,4,6.258475434005959,1.681
BASELINE_IDLE,4,6.3094937020214275,1.681
BASELINE_IDLE,4,6.3606047780194785,1.681
BASELINE_IDLE,4,6.4116216960246675,1.681
BASELINE_IDLE,4,6.463412522018189,1.681
BASELINE_IDLE,4,6.51447422101046,1.681
BASELINE_IDLE,4,6.5656347930198535,1.681
BASELINE_IDLE,4,6.616803446027916,1.681
BASELINE_IDLE,4,6.668246850022115,1.681
BASELINE_IDLE,4,6.719497964018956,1.681
BASELINE_IDLE,4,6.770572801004164,1.681
BASELINE_IDLE,4,6.821576957008801,1.681
BASELINE_IDLE,4,6.872210419009207,1.681
BASELINE_IDLE,4,6.923260874027619,1.676
BASELINE_IDLE,4,6.9741594810038805,1.676
BASELINE_IDLE,4,7.0251254590111785,1.676
BASELINE_IDLE,4,7.076446929015219,1.676
BASELINE_IDLE,4,7.127760014001979,1.676
BASELINE_IDLE,4,7.178858755010879,1.676
BASELINE_IDLE,4,7.2300537830160465,1.676
BASELINE_IDLE,4,7.281172966002487,1.676
BASELINE_IDLE,4,7.332132400013506,1.676
BASELINE_IDLE,4,7.383275887026684,1.676
BASELINE_IDLE,4,7.434533997002291,1.676
BASELINE_IDLE,4,7.485917914018501,1.676
BASELINE_IDLE,4,7.5369197350228205,1.676
BASELINE_IDLE,4,7.5880354340188205,1.676
BASELINE_IDLE,4,7.6389927090203855,1.676
BASELINE_IDLE,4,7.6901465830160305,1.676
BASELINE_IDLE,4,7.741020339017268,1.676
BASELINE_IDLE,4,7.791967827011831,1.676
BASELINE_IDLE,4,7.84266560600372,1.676
BASELINE_IDLE,4,7.894002781016752,1.676
BASELINE_IDLE,4,7.94539932202315,1.672
BASELINE_IDLE,4,7.996361078025075,1.672
BASELINE_IDLE,4,8.047077677008929,1.672
BASELINE_IDLE,4,8.097953477001283,1.672
BASELINE_IDLE,4,8.149205221008742,1.672
BASELINE_IDLE,4,8.200430288008647,1.672
BASELINE_IDLE,4,8.251933910010848,1.672
BASELINE_IDLE,4,8.303129176027142,1.672
BASELINE_IDLE,4,8.35413840401452,1.672
BASELINE_IDLE,4,8.405399092007428,1.672
BASELINE_IDLE,4,8.45652488002088,1.672
BASELINE_IDLE,4,8.508056475024205,1.672
BASELINE_IDLE,4,8.559334479999961,1.672
BASELINE_IDLE,4,8.61041176400613,1.672
BASELINE_IDLE,4,8.66132087202277,1.672
BASELINE_IDLE,4,8.71217469900148,1.672
BASELINE_IDLE,4,8.76324047401431,1.672
BASELINE_IDLE,4,8.814047232008306,1.672
BASELINE_IDLE,4,8.865049345011357,1.672
BASELINE_IDLE,4,8.915967661014292,1.672
BASELINE_IDLE,4,8.96669900402776,1.662
BASELINE_IDLE,4,9.01756292002392,1.662
BASELINE_IDLE,4,9.068536441016477,1.662
BASELINE_IDLE,4,9.119770791003248,1.662
BASELINE_IDLE,4,9.1712092810194,1.662
BASELINE_IDLE,4,9.222652771015419,1.662
BASELINE_IDLE,4,9.273823858005926,1.662
BASELINE_IDLE,4,9.324785485019675,1.662
BASELINE_IDLE,4,9.375853431003634,1.662
BASELINE_IDLE,4,9.427371323021362,1.662
BASELINE_IDLE,4,9.47889707502327,1.662
BASELINE_IDLE,4,9.53039873400121,1.662
BASELINE_IDLE,4,9.581817999016494,1.662
BASELINE_IDLE,4,9.63284245802788,1.662
BASELINE_IDLE,4,9.683829673012951,1.662
BASELINE_IDLE,4,9.735172380023869,1.662
BASELINE_IDLE,4,9.786247376003303,1.662
BASELINE_IDLE,4,9.836926339019556,1.662
BASELINE_IDLE,4,9.887899749010103,1.662
BASELINE_IDLE,4,9.93886405401281,1.664
BASELINE_IDLE,4,9.989798264025012,1.664
BASELINE_IDLE,4,10.040977739001391,1.664
BASELINE_IDLE,4,10.091893426026218,1.664
BASELINE_IDLE,4,10.142938136006705,1.664
BASELINE_IDLE,4,10.193877891026204,1.664
BASELINE_IDLE,4,10.244777223007986,1.664
BASELINE_IDLE,4,10.295481665001716,1.664
BASELINE_IDLE,4,10.346393080020789,1.664
BASELINE_IDLE,4,10.39717532400391,1.664
BASELINE_IDLE,4,10.44798295601504,1.664
BASELINE_IDLE,4,10.499070421006763,1.664
BASELINE_IDLE,4,10.550238333002198,1.664
BASELINE_IDLE,4,10.601040215027751,1.664
BASELINE_IDLE,4,10.651843119005207,1.664
BASELINE_IDLE,4,10.702780028019333,1.664
BASELINE_IDLE,4,10.75372765402426,1.664
BASELINE_IDLE,4,10.804738649021601,1.664
BASELINE_IDLE,4,10.855861045012716,1.664
BASELINE_IDLE,4,10.906852434010943,1.664
BASELINE_IDLE,4,10.957720951002557,1.657
BASELINE_IDLE,4,11.008620826003607,1.657
BASELINE_IDLE,4,11.059303511021426,1.657
BASELINE_IDLE,4,11.110098278004443,1.657
BASELINE_IDLE,4,11.161159280018182,1.657
BASELINE_IDLE,4,11.212068883003667,1.657
BASELINE_IDLE,4,11.262965114001418,1.657
BASELINE_IDLE,4,11.313864918018226,1.657
BASELINE_IDLE,4,11.364814955013571,1.657
BASELINE_IDLE,4,11.415757874026895,1.657
BASELINE_IDLE,4,11.46668143500574,1.657
BASELINE_IDLE,4,11.517561790009495,1.657
BASELINE_IDLE,4,11.568171210004948,1.657
BASELINE_IDLE,4,11.618874028004939,1.657
BASELINE_IDLE,4,11.669575615000213,1.657
BASELINE_IDLE,4,11.720378683006857,1.657
BASELINE_IDLE,4,11.77138348700828,1.657
BASELINE_IDLE,4,11.822364125022432,1.657
BASELINE_IDLE,4,11.872866989026079,1.657
BASELINE_IDLE,4,11.923823147022631,1.692
BASELINE_IDLE,4,11.975648589024786,1.692
BASELINE_IDLE,4,12.027284494019113,1.651
BASELINE_IDLE,4,12.078920719999587,1.651
BASELINE_IDLE,4,12.130489478004165,2.965
BASELINE_IDLE,4,12.18206902500242,2.965
BASELINE_IDLE,4,12.234217615012312,2.488
BASELINE_IDLE,4,12.285740724008065,2.488
BASELINE_IDLE,4,12.33732577500632,1.76
BASELINE_IDLE,4,12.39037405300769,1.76
BASELINE_IDLE,4,12.441827536007622,1.707
BASELINE_IDLE,4,12.493568221019814,1.707
BASELINE_IDLE,4,12.545768389012665,1.673
BASELINE_IDLE,4,12.597594224003842,1.737
BASELINE_IDLE,4,12.649588621017756,1.672
BASELINE_IDLE,4,12.701525824028067,1.672
BASELINE_IDLE,4,12.753110235003987,1.731
BASELINE_IDLE,4,12.804810589004774,1.731
BASELINE_IDLE,4,12.8565213860129,1.6
BASELINE_IDLE,4,12.908518430020195,1.6
BASELINE_IDLE,4,12.960552938020555,1.693
BASELINE_IDLE,4,13.012906164018204,1.693
BASELINE_IDLE,4,13.065039092005463,1.689
BASELINE_IDLE,4,13.117088201019214,1.625
BASELINE_IDLE,4,13.168631141015794,1.625
BASELINE_IDLE,4,13.220785320008872,1.604
BASELINE_IDLE,4,13.27253663900774,1.604
BASELINE_IDLE,4,13.324319027015008,2.917
BASELINE_IDLE,4,13.376513660012279,2.917
BASELINE_IDLE,4,13.428234904014971,1.658
BASELINE_IDLE,4,13.480035360000329,1.658
BASELINE_IDLE,4,13.531553031003568,1.64
BASELINE_IDLE,4,13.583157109009335,1.64
BASELINE_IDLE,4,13.634712803002913,1.606
BASELINE_IDLE,4,13.68640002902248,1.606
BASELINE_IDLE,4,13.738031283020973,1.773
BASELINE_IDLE,4,13.789590461004991,1.773
BASELINE_IDLE,4,13.841303805005737,1.647
BASELINE_IDLE,4,13.893292843014933,1.647
BASELINE_IDLE,4,13.944921052025165,1.669
BASELINE_IDLE,4,13.99669304100098,1.669
BASELINE_IDLE,4,14.04868025702308,1.641
BASELINE_IDLE,4,14.100262845022371,1.641
BASELINE_IDLE,4,14.1521348170063,1.619
BASELINE_IDLE,4,14.203771053027594,1.619
BASELINE_IDLE,4,14.255361941002775,1.561
BASELINE_IDLE,4,14.306982939015143,1.561
BASELINE_IDLE,4,14.35865661900607,1.687
BASELINE_IDLE,4,14.410813877009787,1.679
BASELINE_IDLE,4,14.463190059002955,2.42
BASELINE_IDLE,4,14.51484859501943,2.42
BASELINE_IDLE,4,14.566531820019009,1.643
BASELINE_IDLE,4,14.618048317002831,1.604
BASELINE_IDLE,4,14.66933702499955,1.604
BASELINE_IDLE,4,14.721117927023442,1.738
BASELINE_IDLE,4,14.772706545016263,1.738
BASELINE_IDLE,4,14.824493392021395,1.674
BASELINE_IDLE,4,14.876381281006616,1.674
BASELINE_IDLE,4,14.927814220020082,1.674
BASELINE_IDLE,4,14.97968324602698,1.775
STAGE_MODEL_POLICY,4,0.00197921201470308,1.779
STAGE_MODEL_POLICY,4,0.0556017930211965,4.573
STAGE_MODEL_POLICY,4,0.11068342401995324,5.378
STAGE_MODEL_POLICY,4,0.16641158200218342,5.561
STAGE_MODEL_POLICY,4,0.21962522601825185,5.131
STAGE_MODEL_POLICY,4,0.2818310080037918,5.131
STAGE_MODEL_POLICY,4,0.33321013700333424,21.441
STAGE_MODEL_POLICY,4,0.3837794230203144,21.441
STAGE_MODEL_POLICY,4,0.4346248090150766,17.898
STAGE_MODEL_POLICY,4,0.4858394449984189,16.695
STAGE_MODEL_POLICY,4,0.539227311994182,16.715
STAGE_MODEL_POLICY,4,0.5896738489973359,16.691
STAGE_MODEL_POLICY,4,0.6403945960046258,16.691
STAGE_MODEL_POLICY,4,0.6909128719998989,16.73
STAGE_MODEL_POLICY,4,0.7458665970189031,16.73
STAGE_MODEL_POLICY,4,0.7966059920145199,17.167
STAGE_MODEL_POLICY,4,0.8528866239939816,17.167
STAGE_MODEL_POLICY,4,0.9090860870201141,16.861
STAGE_MODEL_POLICY,4,0.9595581619942095,16.861
STAGE_MODEL_POLICY,4,1.0104934090049937,16.781
STAGE_MODEL_POLICY,4,1.061074444995029,16.781
STAGE_MODEL_POLICY,4,1.1118304890114814,16.752
STAGE_MODEL_POLICY,4,1.162430286000017,16.752
STAGE_MODEL_POLICY,4,1.2133815410197712,16.731
STAGE_MODEL_POLICY,4,1.2640734690066893,16.731
STAGE_MODEL_POLICY,4,1.3147421220201068,16.733
STAGE_MODEL_POLICY,4,1.365351720014587,16.733
STAGE_MODEL_POLICY,4,1.4159188939956948,16.731
STAGE_MODEL_POLICY,4,1.4665818030189257,16.731
STAGE_MODEL_POLICY,4,1.517372289992636,16.725
STAGE_MODEL_POLICY,4,1.56795613799477,16.725
STAGE_MODEL_POLICY,4,1.6187659510178491,16.721
STAGE_MODEL_POLICY,4,1.6694690030126367,16.721
STAGE_MODEL_POLICY,4,1.7201711779925972,16.725
STAGE_MODEL_POLICY,4,1.7706702180148568,16.725
STAGE_MODEL_POLICY,4,1.8213118629937526,16.72
STAGE_MODEL_POLICY,4,1.8719076169945765,16.72
STAGE_MODEL_POLICY,4,1.9223803600179963,16.718
STAGE_MODEL_POLICY,4,1.9728577320056502,16.718
STAGE_MODEL_POLICY,4,2.024019272008445,16.71
STAGE_MODEL_POLICY,4,2.074648733017966,16.71
STAGE_MODEL_POLICY,4,2.125190245016711,16.262
STAGE_MODEL_POLICY,4,2.1756534650048707,16.262
STAGE_MODEL_POLICY,4,2.2261169270204846,15.655
STAGE_MODEL_POLICY,4,2.276624485006323,15.655
STAGE_MODEL_POLICY,4,2.327158276020782,15.049
STAGE_MODEL_POLICY,4,2.3776128180033993,15.049
STAGE_MODEL_POLICY,4,2.4282837659993675,14.436
STAGE_MODEL_POLICY,4,2.478950815013377,14.436
STAGE_MODEL_POLICY,4,2.5296310520207044,13.82
STAGE_MODEL_POLICY,4,2.5802671629935503,13.82
STAGE_MODEL_POLICY,4,2.630639209994115,13.208
STAGE_MODEL_POLICY,4,2.6816741680086125,13.208
STAGE_MODEL_POLICY,4,2.732909954007482,12.594
STAGE_MODEL_POLICY,4,2.7836949810152873,11.977
STAGE_MODEL_POLICY,4,2.8342710850120056,11.977
STAGE_MODEL_POLICY,4,2.8849382210173644,11.364
STAGE_MODEL_POLICY,4,2.9355340079928283,11.364
STAGE_MODEL_POLICY,4,2.9862037270213477,10.753
STAGE_MODEL_POLICY,4,3.036812728998484,10.753
STAGE_MODEL_POLICY,4,3.087280088016996,10.122
STAGE_MODEL_POLICY,4,3.1378131640085485,10.122
STAGE_MODEL_POLICY,4,3.1883256809960585,9.941
STAGE_MODEL_POLICY,4,3.2388914299954195,9.941
STAGE_MODEL_POLICY,4,3.2897575900133234,9.918
STAGE_MODEL_POLICY,4,3.3403604600171093,9.918
STAGE_MODEL_POLICY,4,3.391161100997124,9.896
STAGE_MODEL_POLICY,4,3.4418989270052407,9.896
STAGE_MODEL_POLICY,4,3.492394263012102,9.878
STAGE_MODEL_POLICY,4,3.5429957390006166,9.878
STAGE_MODEL_POLICY,4,3.593621701002121,9.859
STAGE_MODEL_POLICY,4,3.644202060997486,9.859
STAGE_MODEL_POLICY,4,3.6964991860149894,9.841
STAGE_MODEL_POLICY,4,3.747305362019688,9.841
STAGE_MODEL_POLICY,4,3.7978544130164664,9.818
STAGE_MODEL_POLICY,4,3.848671234009089,9.818
STAGE_MODEL_POLICY,4,3.899656652996782,9.797
STAGE_MODEL_POLICY,4,3.950570595014142,9.797
STAGE_MODEL_POLICY,4,4.001383090013405,9.78
STAGE_MODEL_POLICY,4,4.0521930110116955,9.78
STAGE_MODEL_POLICY,4,4.102653440000722,9.76
STAGE_MODEL_POLICY,4,4.1531851119943894,9.76
STAGE_MODEL_POLICY,4,4.203776715003187,9.751
STAGE_MODEL_POLICY,4,4.254873402998783,9.751
STAGE_MODEL_POLICY,4,4.305451318999985,9.752
STAGE_MODEL_POLICY,4,4.35592573901522,9.752
STAGE_MODEL_POLICY,4,4.406480436999118,9.757
STAGE_MODEL_POLICY,4,4.457157294993522,9.757
STAGE_MODEL_POLICY,4,4.5076665689994115,9.761
STAGE_MODEL_POLICY,4,4.558258403005311,9.761
STAGE_MODEL_POLICY,4,4.608988877997035,9.759
STAGE_MODEL_POLICY,4,4.65949969299254,9.759
STAGE_MODEL_POLICY,4,4.710164459014777,9.763
STAGE_MODEL_POLICY,4,4.760779728996567,9.763
STAGE_MODEL_POLICY,4,4.811349059018539,9.767
STAGE_MODEL_POLICY,4,4.862239734997274,9.767
STAGE_MODEL_POLICY,4,4.912942866008962,9.78
STAGE_MODEL_POLICY,4,4.963369908015011,9.78
STAGE_MODEL_POLICY,4,5.013859324011719,9.788
STAGE_MODEL_POLICY,4,5.064573668001685,9.788
STAGE_MODEL_POLICY,4,5.115180327993585,9.797
STAGE_MODEL_POLICY,4,5.165699361008592,9.797
STAGE_MODEL_POLICY,4,5.2163958360033575,9.805
STAGE_MODEL_POLICY,4,5.26686778201838,9.805
STAGE_MODEL_POLICY,4,5.317501723009627,9.817
STAGE_MODEL_POLICY,4,5.368138515012106,9.817
STAGE_MODEL_POLICY,4,5.418977363995509,9.823
STAGE_MODEL_POLICY,4,5.469643367017852,9.823
STAGE_MODEL_POLICY,4,5.520702247013105,9.827
STAGE_MODEL_POLICY,4,5.571259165008087,9.827
STAGE_MODEL_POLICY,4,5.622148082009517,9.835
STAGE_MODEL_POLICY,4,5.672680954012321,9.835
STAGE_MODEL_POLICY,4,5.723440411995398,9.845
STAGE_MODEL_POLICY,4,5.773979941004654,9.845
STAGE_MODEL_POLICY,4,5.824704983009724,9.853
STAGE_MODEL_POLICY,4,5.87536805900163,9.853
STAGE_MODEL_POLICY,4,5.925845092016971,9.867
STAGE_MODEL_POLICY,4,5.976285810000263,9.867
STAGE_MODEL_POLICY,4,6.026760528009618,9.875
STAGE_MODEL_POLICY,4,6.077312517008977,9.875
STAGE_MODEL_POLICY,4,6.127632090006955,9.885
STAGE_MODEL_POLICY,4,6.17800764599815,9.885
STAGE_MODEL_POLICY,4,6.228582012001425,9.894
STAGE_MODEL_POLICY,4,6.279271275008796,9.894
STAGE_MODEL_POLICY,4,6.329745068011107,9.905
STAGE_MODEL_POLICY,4,6.380274365015794,9.905
STAGE_MODEL_POLICY,4,6.43123627899331,9.912
STAGE_MODEL_POLICY,4,6.48215348701342,9.917
STAGE_MODEL_POLICY,4,6.5330650150135625,9.917
STAGE_MODEL_POLICY,4,6.584110830008285,9.922
STAGE_MODEL_POLICY,4,6.634870751993731,9.922
STAGE_MODEL_POLICY,4,6.685423015005654,9.926
STAGE_MODEL_POLICY,4,6.7364430150191765,9.926
STAGE_MODEL_POLICY,4,6.787227452005027,9.929
STAGE_MODEL_POLICY,4,6.837799365021056,9.929
STAGE_MODEL_POLICY,4,6.888510078017134,9.935
STAGE_MODEL_POLICY,4,6.93903879399295,9.935
STAGE_MODEL_POLICY,4,6.989651455020066,9.936
STAGE_MODEL_POLICY,4,7.040254627005197,9.936
STAGE_MODEL_POLICY,4,7.0909968620107975,9.94
STAGE_MODEL_POLICY,4,7.141606613993645,9.94
STAGE_MODEL_POLICY,4,7.192135398014216,9.944
STAGE_MODEL_POLICY,4,7.2428141470008995,9.944
STAGE_MODEL_POLICY,4,7.293755826016422,9.95
STAGE_MODEL_POLICY,4,7.344345731020439,9.95
STAGE_MODEL_POLICY,4,7.394916163000744,9.953
STAGE_MODEL_POLICY,4,7.4455550300190225,9.953
STAGE_MODEL_POLICY,4,7.496042707003653,9.958
STAGE_MODEL_POLICY,4,7.54658925300464,9.958
STAGE_MODEL_POLICY,4,7.59735673799878,9.964
STAGE_MODEL_POLICY,4,7.64795858800062,9.964
STAGE_MODEL_POLICY,4,7.698799605015665,9.972
STAGE_MODEL_POLICY,4,7.749392871017335,9.972
STAGE_MODEL_POLICY,4,7.7998188250057865,9.972
STAGE_MODEL_POLICY,4,7.8506707820051815,9.972
STAGE_MODEL_POLICY,4,7.9013228820113,9.967
STAGE_MODEL_POLICY,4,7.952130371006206,9.967
STAGE_MODEL_POLICY,4,8.002922923013102,9.969
STAGE_MODEL_POLICY,4,8.05386336200172,9.969
STAGE_MODEL_POLICY,4,8.104448611004045,9.967
STAGE_MODEL_POLICY,4,8.155315347015858,9.967
STAGE_MODEL_POLICY,4,8.205908283998724,9.974
STAGE_MODEL_POLICY,4,8.256727871019393,9.974
STAGE_MODEL_POLICY,4,8.307456411013845,9.973
STAGE_MODEL_POLICY,4,8.35819819799508,9.973
STAGE_MODEL_POLICY,4,8.408893301006174,9.978
STAGE_MODEL_POLICY,4,8.459576541994466,9.978
STAGE_MODEL_POLICY,4,8.510378678998677,9.973
STAGE_MODEL_POLICY,4,8.560885525017511,9.973
STAGE_MODEL_POLICY,4,8.611637729016365,9.978
STAGE_MODEL_POLICY,4,8.66220820901799,9.978
STAGE_MODEL_POLICY,4,8.712691691005602,9.983
STAGE_MODEL_POLICY,4,8.763196417014115,9.983
STAGE_MODEL_POLICY,4,8.814007756009232,10.016
STAGE_MODEL_POLICY,4,8.865170905017294,10.016
STAGE_MODEL_POLICY,4,8.916085827018833,10.016
STAGE_MODEL_POLICY,4,8.966639617021428,10.016
STAGE_MODEL_POLICY,4,9.01724318700144,10.041
STAGE_MODEL_POLICY,4,9.067734212992946,10.041
STAGE_MODEL_POLICY,4,9.118461725011002,10.038
STAGE_MODEL_POLICY,4,9.169033934012987,10.038
STAGE_MODEL_POLICY,4,9.2196024809964,10.051
STAGE_MODEL_POLICY,4,9.270210796006722,10.051
STAGE_MODEL_POLICY,4,9.320753631996922,10.046
STAGE_MODEL_POLICY,4,9.371384796017082,10.046
STAGE_MODEL_POLICY,4,9.422002242994495,10.043
STAGE_MODEL_POLICY,4,9.472651396004949,10.043
STAGE_MODEL_POLICY,4,9.523183209996205,10.045
STAGE_MODEL_POLICY,4,9.57374250900466,10.045
STAGE_MODEL_POLICY,4,9.62446603900753,10.054
STAGE_MODEL_POLICY,4,9.675138471007813,10.054
STAGE_MODEL_POLICY,4,9.725612591020763,10.055
STAGE_MODEL_POLICY,4,9.776255086995661,10.055
STAGE_MODEL_POLICY,4,9.82677267701365,10.051
STAGE_MODEL_POLICY,4,9.87720803701086,10.051
STAGE_MODEL_POLICY,4,9.927639967005234,10.031
STAGE_MODEL_POLICY,4,9.9780274220102,10.031
STAGE_MODEL_POLICY,4,10.02844347001519,10.045
STAGE_MODEL_POLICY,4,10.078850758000044,10.045
STAGE_MODEL_POLICY,4,10.129450203006854,10.035
STAGE_MODEL_POLICY,4,10.180111398018198,10.035
STAGE_MODEL_POLICY,4,10.230719573999522,10.044
STAGE_MODEL_POLICY,4,10.281459513993468,10.036
STAGE_MODEL_POLICY,4,10.331920914002694,10.036
STAGE_MODEL_POLICY,4,10.38262610300444,10.035
STAGE_MODEL_POLICY,4,10.433191204996547,10.035
STAGE_MODEL_POLICY,4,10.483749423001427,10.041
STAGE_MODEL_POLICY,4,10.534355262992904,10.041
STAGE_MODEL_POLICY,4,10.584953748999396,10.035
STAGE_MODEL_POLICY,4,10.635536204004893,10.035
STAGE_MODEL_POLICY,4,10.686157826014096,10.037
STAGE_MODEL_POLICY,4,10.736596211005235,10.037
STAGE_MODEL_POLICY,4,10.787083125003846,10.04
STAGE_MODEL_POLICY,4,10.837641560996417,10.04
STAGE_MODEL_POLICY,4,10.888208994001616,10.044
STAGE_MODEL_POLICY,4,10.938730081019457,10.044
STAGE_MODEL_POLICY,4,10.98944730401854,10.035
STAGE_MODEL_POLICY,4,11.039955765998457,10.035
STAGE_MODEL_POLICY,4,11.090575298992917,10.034
STAGE_MODEL_POLICY,4,11.141177104000235,10.034
STAGE_MODEL_POLICY,4,11.191682003001915,12.813
STAGE_MODEL_POLICY,4,11.244659715011949,12.813
STAGE_MODEL_POLICY,4,11.296004761010408,10.08
STAGE_MODEL_POLICY,4,11.346570573019562,10.08
STAGE_MODEL_POLICY,4,11.396957346994895,10.064
STAGE_MODEL_POLICY,4,11.447405379003612,10.064
STAGE_MODEL_POLICY,4,11.497906086005969,10.049
STAGE_MODEL_POLICY,4,11.555958536016988,10.049
STAGE_MODEL_POLICY,4,11.606487473007292,10.508
STAGE_MODEL_POLICY,4,11.659280824009329,10.508
STAGE_MODEL_POLICY,4,11.710470821009949,9.691
STAGE_MODEL_POLICY,4,11.768425788002787,9.691
STAGE_MODEL_POLICY,4,11.819050067017088,9.663
STAGE_MODEL_POLICY,4,11.884305048006354,10.281
STAGE_MODEL_POLICY,4,11.935508900001878,10.281
STAGE_MODEL_POLICY,4,11.988937795016682,10.049
STAGE_MODEL_POLICY,4,12.039400742010912,10.049
STAGE_MODEL_POLICY,4,12.097290631005308,11.539
STAGE_MODEL_POLICY,4,12.148595775011927,11.539
STAGE_MODEL_POLICY,4,12.202115490013966,10.088
STAGE_MODEL_POLICY,4,12.252743554010522,10.088
STAGE_MODEL_POLICY,4,12.312680030008778,9.988
STAGE_MODEL_POLICY,4,12.364027186005842,9.988
STAGE_MODEL_POLICY,4,12.41762256200309,10.135
STAGE_MODEL_POLICY,4,12.468096198019339,10.135
STAGE_MODEL_POLICY,4,12.518686493014684,10.084
STAGE_MODEL_POLICY,4,12.569202395010507,10.084
STAGE_MODEL_POLICY,4,12.61974639899563,17.738
STAGE_MODEL_POLICY,4,12.67110129701905,17.738
STAGE_MODEL_POLICY,4,12.722326211020118,9.973
STAGE_MODEL_POLICY,4,12.772899584000697,9.973
STAGE_MODEL_POLICY,4,12.823420872009592,10.031
STAGE_MODEL_POLICY,4,12.87398164899787,10.031
STAGE_MODEL_POLICY,4,12.924575292010559,10.511
STAGE_MODEL_POLICY,4,12.977591847011354,10.511
STAGE_MODEL_POLICY,4,13.028836653014878,10.087
STAGE_MODEL_POLICY,4,13.079395419015782,10.087
STAGE_MODEL_POLICY,4,13.129890589014394,9.934
STAGE_MODEL_POLICY,4,13.181148900010157,10.036
STAGE_MODEL_POLICY,4,13.239693861018168,10.018
STAGE_MODEL_POLICY,4,13.29013576899888,10.065
STAGE_MODEL_POLICY,4,13.34060366099584,10.065
STAGE_MODEL_POLICY,4,13.391251805005595,10.045
STAGE_MODEL_POLICY,4,13.441775612009224,10.045
STAGE_MODEL_POLICY,4,13.492265314009273,10.823
STAGE_MODEL_POLICY,4,13.543583100021351,10.823
STAGE_MODEL_POLICY,4,13.595696197997313,10.168
STAGE_MODEL_POLICY,4,13.646384285995737,10.168
STAGE_MODEL_POLICY,4,13.697016252001049,17.025
STAGE_MODEL_POLICY,4,13.751056581997545,17.025
STAGE_MODEL_POLICY,4,13.80258043401409,10.115
STAGE_MODEL_POLICY,4,13.853097358020023,10.115
STAGE_MODEL_POLICY,4,13.903466682997532,10.089
STAGE_MODEL_POLICY,4,13.953975772019476,10.089
STAGE_MODEL_POLICY,4,14.00435548700625,10.167
STAGE_MODEL_POLICY,4,14.055532254016725,10.167
STAGE_MODEL_POLICY,4,14.111941467999713,10.116
STAGE_MODEL_POLICY,4,14.162424328998895,10.116
STAGE_MODEL_POLICY,4,14.212871555995662,10.089
STAGE_MODEL_POLICY,4,14.263519232015824,10.089
STAGE_MODEL_POLICY,4,14.313944337016437,10.146
STAGE_MODEL_POLICY,4,14.367623193014879,10.146
STAGE_MODEL_POLICY,4,14.418820818013046,10.069
STAGE_MODEL_POLICY,4,14.469459759013262,10.069
STAGE_MODEL_POLICY,4,14.520076217013411,10.054
STAGE_MODEL_POLICY,4,14.570667702006176,10.054
STAGE_MODEL_POLICY,4,14.621655893017305,10.61
STAGE_MODEL_POLICY,4,14.672945238999091,10.61
STAGE_MODEL_POLICY,4,14.725558706995798,10.169
STAGE_MODEL_POLICY,4,14.77614866301883,10.169
STAGE_MODEL_POLICY,4,14.826732226996683,11.045
STAGE_MODEL_POLICY,4,14.881393654010026,10.05
STAGE_MODEL_POLICY,4,14.93196748799528,10.05
STAGE_MODEL_POLICY,4,14.982654663996072,10.083
STAGE_MODEL_POLICY,4,15.033245401020395,10.083
STAGE_MODEL_POLICY,4,15.083866402012063,10.089
STAGE_MODEL_POLICY,4,15.139560334006092,10.089
STAGE_MODEL_POLICY,4,15.19007993300329,9.822
STAGE_MODEL_POLICY,4,15.244673595007043,9.822
STAGE_MODEL_POLICY,4,15.295759775006445,9.947
STAGE_MODEL_POLICY,4,15.346183365996694,9.947
STAGE_MODEL_POLICY,4,15.39829465301591,10.772
STAGE_MODEL_POLICY,4,15.449792272003833,10.772
STAGE_MODEL_POLICY,4,15.50270279601682,10.15
STAGE_MODEL_POLICY,4,15.553042537008878,10.15
STAGE_MODEL_POLICY,4,15.603438291000202,9.891
STAGE_MODEL_POLICY,4,15.6594299809949,9.891
STAGE_MODEL_POLICY,4,15.710650710010668,10.088
STAGE_MODEL_POLICY,4,15.761250976007432,10.088
STAGE_MODEL_POLICY,4,15.811896372004412,10.056
STAGE_MODEL_POLICY,4,15.862309363001259,10.056
STAGE_MODEL_POLICY,4,15.914917535992572,9.993
STAGE_MODEL_POLICY,4,15.965401365014259,9.993
STAGE_MODEL_POLICY,4,16.015910649002763,10.001
STAGE_MODEL_POLICY,4,16.06758044101298,9.621
STAGE_MODEL_POLICY,4,16.128493825002806,16.042
STAGE_MODEL_POLICY,4,16.179907508019824,10.179
STAGE_MODEL_POLICY,4,16.230730444018263,10.179
STAGE_MODEL_POLICY,4,16.281465292006033,10.159
STAGE_MODEL_POLICY,4,16.34297618700657,10.159
STAGE_MODEL_POLICY,4,16.393400072003715,8.468
STAGE_MODEL_POLICY,4,16.460317641001893,8.468
STAGE_MODEL_POLICY,4,16.5119222770154,8.326
STAGE_MODEL_POLICY,4,16.56321951400605,8.326
STAGE_MODEL_POLICY,4,16.614432700007455,10.358
STAGE_MODEL_POLICY,4,16.67400479799835,10.358
STAGE_MODEL_POLICY,4,16.72556719300337,10.87
STAGE_MODEL_POLICY,4,16.77706214299542,10.87
STAGE_MODEL_POLICY,4,16.82829597700038,9.613
STAGE_MODEL_POLICY,4,16.89224007600569,10.66
STAGE_MODEL_POLICY,4,16.94356202200288,10.66
STAGE_MODEL_POLICY,4,16.99610503599979,10.034
STAGE_MODEL_POLICY,4,17.04675216699252,10.034
STAGE_MODEL_POLICY,4,17.104485705000116,9.07
STAGE_MODEL_POLICY,4,17.155601662001573,9.07
STAGE_MODEL_POLICY,4,17.209237419010606,10.195
STAGE_MODEL_POLICY,4,17.25976983399596,10.195
STAGE_MODEL_POLICY,4,17.310673150001094,10.162
STAGE_MODEL_POLICY,4,17.361269354005344,10.162
STAGE_MODEL_POLICY,4,17.41177214399795,10.131
STAGE_MODEL_POLICY,4,17.46220245701261,10.131
STAGE_MODEL_POLICY,4,17.51283057301771,10.134
STAGE_MODEL_POLICY,4,17.563349856005516,10.134
STAGE_MODEL_POLICY,4,17.613957886002026,10.128
STAGE_MODEL_POLICY,4,17.66471342300065,10.128
STAGE_MODEL_POLICY,4,17.715285634010797,10.127
STAGE_MODEL_POLICY,4,17.765951309003867,10.127
STAGE_MODEL_POLICY,4,17.81654312100727,10.125
STAGE_MODEL_POLICY,4,17.86712781302049,10.125
STAGE_MODEL_POLICY,4,17.91785013099434,10.126
STAGE_MODEL_POLICY,4,17.9685574239993,10.126
STAGE_MODEL_POLICY,4,18.019124701997498,10.129
STAGE_MODEL_POLICY,4,18.069673934020102,10.129
STAGE_MODEL_POLICY,4,18.120349783013808,10.118
STAGE_MODEL_POLICY,4,18.17091984100989,10.118
STAGE_MODEL_POLICY,4,18.221688415011158,10.124
STAGE_MODEL_POLICY,4,18.272198045015102,10.124
STAGE_MODEL_POLICY,4,18.322670655994443,10.116
STAGE_MODEL_POLICY,4,18.373159881011816,10.116
STAGE_MODEL_POLICY,4,18.42378107199329,10.115
STAGE_MODEL_POLICY,4,18.474210695014335,10.115
STAGE_MODEL_POLICY,4,18.524607646017103,10.118
STAGE_MODEL_POLICY,4,18.57525459100725,10.118
STAGE_MODEL_POLICY,4,18.626182570995297,10.119
STAGE_MODEL_POLICY,4,18.67682524002157,10.119
STAGE_MODEL_POLICY,4,18.727465232019313,10.123
STAGE_MODEL_POLICY,4,18.777935160003835,10.123
STAGE_MODEL_POLICY,4,18.82873803001712,10.118
STAGE_MODEL_POLICY,4,18.879303263995098,10.121
STAGE_MODEL_POLICY,4,18.930166527017718,10.121
STAGE_MODEL_POLICY,4,18.98091656700126,10.127
STAGE_MODEL_POLICY,4,19.03143229300622,10.127
STAGE_MODEL_POLICY,4,19.081980590010062,10.122
STAGE_MODEL_POLICY,4,19.132500476000132,10.122
STAGE_MODEL_POLICY,4,19.183335523004644,10.135
STAGE_MODEL_POLICY,4,19.234237202006625,10.135
STAGE_MODEL_POLICY,4,19.2847866230004,10.132
STAGE_MODEL_POLICY,4,19.335505246010143,10.132
STAGE_MODEL_POLICY,4,19.3859841490048,10.139
STAGE_MODEL_POLICY,4,19.436664648004808,10.139
STAGE_MODEL_POLICY,4,19.48745574199711,10.14
STAGE_MODEL_POLICY,4,19.537919850001344,10.14
STAGE_MODEL_POLICY,4,19.58874869500869,10.143
STAGE_MODEL_POLICY,4,19.639347452000948,10.143
STAGE_MODEL_POLICY,4,19.689890363020822,10.144
STAGE_MODEL_POLICY,4,19.740546582004754,10.144
STAGE_MODEL_POLICY,4,19.791297818999738,10.146
STAGE_MODEL_POLICY,4,19.84227262501372,10.146
STAGE_MODEL_POLICY,4,19.89273371800664,10.157
STAGE_MODEL_POLICY,4,19.94331261800835,10.157
STAGE_MODEL_POLICY,4,19.99386975201196,10.165
STAGE_MODEL_POLICY,4,20.044393310003215,10.165
STAGE_MODEL_POLICY,4,20.095147760002874,10.155
STAGE_MODEL_POLICY,4,20.145816247008042,10.155
STAGE_MODEL_POLICY,4,20.196600302006118,10.166
STAGE_MODEL_POLICY,4,20.247103742993204,10.166
STAGE_MODEL_POLICY,4,20.297639121999964,10.171
STAGE_MODEL_POLICY,4,20.348152129008668,10.171
STAGE_MODEL_POLICY,4,20.398928467009682,10.169
STAGE_MODEL_POLICY,4,20.449540628993418,10.169
STAGE_MODEL_POLICY,4,20.500237641012063,10.167
STAGE_MODEL_POLICY,4,20.55097900799592,10.167
STAGE_MODEL_POLICY,4,20.601576576009393,10.167
STAGE_MODEL_POLICY,4,20.652679143007845,10.167
STAGE_MODEL_POLICY,4,20.703141353005776,10.172
STAGE_MODEL_POLICY,4,20.75352143801865,10.172
STAGE_MODEL_POLICY,4,20.803954217000864,10.169
STAGE_MODEL_POLICY,4,20.854413641995052,10.169
STAGE_MODEL_POLICY,4,20.905005830019945,10.162
STAGE_MODEL_POLICY,4,20.955450203997316,10.162
STAGE_MODEL_POLICY,4,21.00612700599595,10.156
STAGE_MODEL_POLICY,4,21.056860170006985,10.156
STAGE_MODEL_POLICY,4,21.107987416995456,10.143
STAGE_MODEL_POLICY,4,21.15863554700627,10.143
STAGE_MODEL_POLICY,4,21.20940904301824,10.147
STAGE_MODEL_POLICY,4,21.259897033014568,10.147
STAGE_MODEL_POLICY,4,21.310431090998463,10.142
STAGE_MODEL_POLICY,4,21.360969711997313,10.142
STAGE_MODEL_POLICY,4,21.411478106019786,10.137
STAGE_MODEL_POLICY,4,21.462001947016688,10.137
STAGE_MODEL_POLICY,4,21.51252265900257,10.144
STAGE_MODEL_POLICY,4,21.563350547017762,10.144
STAGE_MODEL_POLICY,4,21.613961052004015,10.14
STAGE_MODEL_POLICY,4,21.664728306001052,10.14
STAGE_MODEL_POLICY,4,21.71533592301421,10.151
STAGE_MODEL_POLICY,4,21.766156110010343,10.151
STAGE_MODEL_POLICY,4,21.816783001006115,10.143
STAGE_MODEL_POLICY,4,21.867327342013596,10.143
STAGE_MODEL_POLICY,4,21.917881019995548,10.147
STAGE_MODEL_POLICY,4,21.968319389998214,10.147
STAGE_MODEL_POLICY,4,22.01883579499554,10.156
STAGE_MODEL_POLICY,4,22.06954047700856,10.156
STAGE_MODEL_POLICY,4,22.12051928602159,10.155
STAGE_MODEL_POLICY,4,22.171172731003026,10.155
STAGE_MODEL_POLICY,4,22.221823419997236,10.164
STAGE_MODEL_POLICY,4,22.272272505011642,10.164
STAGE_MODEL_POLICY,4,22.322684924001805,10.172
STAGE_MODEL_POLICY,4,22.37315952501376,10.172
STAGE_MODEL_POLICY,4,22.42382718299632,10.169
STAGE_MODEL_POLICY,4,22.474260396993486,10.169
STAGE_MODEL_POLICY,4,22.524990909005282,10.17
STAGE_MODEL_POLICY,4,22.57538194299559,10.17
STAGE_MODEL_POLICY,4,22.625843923015054,10.166
STAGE_MODEL_POLICY,4,22.676527422008803,10.166
STAGE_MODEL_POLICY,4,22.727276982011972,10.174
STAGE_MODEL_POLICY,4,22.777862354007084,10.168
STAGE_MODEL_POLICY,4,22.82851877299254,10.168
STAGE_MODEL_POLICY,4,22.879233308020048,10.175
STAGE_MODEL_POLICY,4,22.93016049201833,10.175
STAGE_MODEL_POLICY,4,22.98068013001466,10.174
STAGE_MODEL_POLICY,4,23.03115180801251,10.174
STAGE_MODEL_POLICY,4,23.08177913899999,10.175
STAGE_MODEL_POLICY,4,23.13231749201077,10.175
STAGE_MODEL_POLICY,4,23.182997499010526,10.174
STAGE_MODEL_POLICY,4,23.233692519017495,10.174
STAGE_MODEL_POLICY,4,23.285157573001925,10.173
STAGE_MODEL_POLICY,4,23.335801951994654,10.173
STAGE_MODEL_POLICY,4,23.38669753301656,10.166
STAGE_MODEL_POLICY,4,23.43737639702158,10.166
STAGE_MODEL_POLICY,4,23.487734754016856,10.174
STAGE_MODEL_POLICY,4,23.53827523702057,10.174
STAGE_MODEL_POLICY,4,23.58917772001587,10.174
STAGE_MODEL_POLICY,4,23.639638669992564,10.174
STAGE_MODEL_POLICY,4,23.690056804014603,10.171
STAGE_MODEL_POLICY,4,23.740463274996728,10.171
STAGE_MODEL_POLICY,4,23.790945759013994,10.173
STAGE_MODEL_POLICY,4,23.84155870700488,10.173
STAGE_MODEL_POLICY,4,23.891963906004094,10.176
STAGE_MODEL_POLICY,4,23.94266196200624,10.176
STAGE_MODEL_POLICY,4,23.993090836011106,10.17
STAGE_MODEL_POLICY,4,24.04355546599254,10.17
STAGE_MODEL_POLICY,4,24.094201816013083,10.178
STAGE_MODEL_POLICY,4,24.144727452017833,10.178
STAGE_MODEL_POLICY,4,24.19527122200816,10.175
STAGE_MODEL_POLICY,4,24.245902045018738,10.175
STAGE_MODEL_POLICY,4,24.296793787012575,10.184
STAGE_MODEL_POLICY,4,24.347422973020002,10.184
STAGE_MODEL_POLICY,4,24.398172703018645,10.187
STAGE_MODEL_POLICY,4,24.448628398997243,10.187
STAGE_MODEL_POLICY,4,24.499323916999856,10.185
STAGE_MODEL_POLICY,4,24.54982331901556,10.185
STAGE_MODEL_POLICY,4,24.60044253000524,10.177
STAGE_MODEL_POLICY,4,24.65126159400097,10.177
STAGE_MODEL_POLICY,4,24.701904929999728,10.178
STAGE_MODEL_POLICY,4,24.752845606999472,10.178
STAGE_MODEL_POLICY,4,24.803410334017826,10.179
STAGE_MODEL_POLICY,4,24.854122146003647,10.179
STAGE_MODEL_POLICY,4,24.904749416018603,10.177
STAGE_MODEL_POLICY,4,24.95536141502089,10.177
STAGE_MODEL_POLICY,4,25.005839941004524,10.182
STAGE_MODEL_POLICY,4,25.05669694201788,10.182
STAGE_MODEL_POLICY,4,25.107416468992596,10.188
STAGE_MODEL_POLICY,4,25.15794906701194,10.188
STAGE_MODEL_POLICY,4,25.208543999993708,10.183
STAGE_MODEL_POLICY,4,25.259069120016648,10.183
STAGE_MODEL_POLICY,4,25.30958161901799,10.182
STAGE_MODEL_POLICY,4,25.360104431019863,10.182
STAGE_MODEL_POLICY,4,25.41054009599611,10.185
STAGE_MODEL_POLICY,4,25.460970668995287,10.185
STAGE_MODEL_POLICY,4,25.51149609001004,10.185
STAGE_MODEL_POLICY,4,25.562015268020332,10.185
STAGE_MODEL_POLICY,4,25.61248308501672,10.186
STAGE_MODEL_POLICY,4,25.663031063013477,10.186
STAGE_MODEL_POLICY,4,25.71357806000742,10.195
STAGE_MODEL_POLICY,4,25.764053615013836,10.195
STAGE_MODEL_POLICY,4,25.814489403011976,10.191
STAGE_MODEL_POLICY,4,25.86495627000113,10.191
STAGE_MODEL_POLICY,4,25.91558511601761,10.196
STAGE_MODEL_POLICY,4,25.966378152021207,10.196
STAGE_MODEL_POLICY,4,26.01688138800091,10.184
STAGE_MODEL_POLICY,4,26.067383667017566,10.184
STAGE_MODEL_POLICY,4,26.11786077800207,10.178
STAGE_MODEL_POLICY,4,26.1683337239956,10.178
STAGE_MODEL_POLICY,4,26.219083433010383,10.18
STAGE_MODEL_POLICY,4,26.269575890008127,10.18
STAGE_MODEL_POLICY,4,26.32005723999464,10.176
STAGE_MODEL_POLICY,4,26.37101791801979,10.176
STAGE_MODEL_POLICY,4,26.421565413998906,10.175
STAGE_MODEL_POLICY,4,26.471997840009863,10.175
STAGE_MODEL_POLICY,4,26.522340658004396,10.175
STAGE_MODEL_POLICY,4,26.572920575010357,10.175
STAGE_MODEL_POLICY,4,26.623268954019295,10.176
STAGE_MODEL_POLICY,4,26.673643001995515,10.176
STAGE_MODEL_POLICY,4,26.72400060601649,8.981
STAGE_MODEL_POLICY,4,26.77531460899627,8.917
STAGE_MODEL_POLICY,4,26.82629784900928,8.917
STAGE_MODEL_POLICY,4,26.884263139014365,10.244
STAGE_MODEL_POLICY,4,26.934698780998588,10.244
STAGE_MODEL_POLICY,4,26.985101413010852,15.073
STAGE_MODEL_POLICY,4,27.040670443995623,15.073
STAGE_MODEL_POLICY,4,27.091850774013437,9.738
STAGE_MODEL_POLICY,4,27.142303610016825,9.738
STAGE_MODEL_POLICY,4,27.19269949500449,11.764
STAGE_MODEL_POLICY,4,27.251689021999482,11.764
STAGE_MODEL_POLICY,4,27.302894316002494,10.049
STAGE_MODEL_POLICY,4,27.365811051015044,10.049
STAGE_MODEL_POLICY,4,27.41695866000373,10.585
STAGE_MODEL_POLICY,4,27.469548377994215,10.585
STAGE_MODEL_POLICY,4,27.52065434801625,10.236
STAGE_MODEL_POLICY,4,27.57681686701835,10.236
STAGE_MODEL_POLICY,4,27.627344180014916,10.078
STAGE_MODEL_POLICY,4,27.681821428006515,9.623
STAGE_MODEL_POLICY,4,27.733484651020262,9.623
STAGE_MODEL_POLICY,4,27.787226935004583,10.383
STAGE_MODEL_POLICY,4,27.84271748701576,10.383
STAGE_MODEL_POLICY,4,27.893908814992756,10.164
STAGE_MODEL_POLICY,4,27.944538837007713,10.164
STAGE_MODEL_POLICY,4,27.995011869003065,7.993
STAGE_MODEL_POLICY,4,28.046275611995952,7.993
STAGE_MODEL_POLICY,4,28.098278715013294,14.292
STAGE_MODEL_POLICY,4,28.152203585021198,14.292
STAGE_MODEL_POLICY,4,28.20355080399895,10.589
STAGE_MODEL_POLICY,4,28.25416583599872,10.589
STAGE_MODEL_POLICY,4,28.304578947019763,10.337
STAGE_MODEL_POLICY,4,28.355223599995952,10.337
STAGE_MODEL_POLICY,4,28.405776125000557,9.601
STAGE_MODEL_POLICY,4,28.45705060000182,9.601
STAGE_MODEL_POLICY,4,28.50982913200278,10.147
STAGE_MODEL_POLICY,4,28.56047103201854,10.147
STAGE_MODEL_POLICY,4,28.611119414010318,10.129
STAGE_MODEL_POLICY,4,28.6615950660198,10.129
STAGE_MODEL_POLICY,4,28.71204563000356,10.127
STAGE_MODEL_POLICY,4,28.76260054501472,10.127
STAGE_MODEL_POLICY,4,28.813108911999734,10.134
STAGE_MODEL_POLICY,4,28.863680859998567,10.134
STAGE_MODEL_POLICY,4,28.914217967016157,9.562
STAGE_MODEL_POLICY,4,28.96713207301218,9.562
STAGE_MODEL_POLICY,4,29.018441113992594,10.149
STAGE_MODEL_POLICY,4,29.06893637799658,10.149
STAGE_MODEL_POLICY,4,29.119558089005295,10.12
STAGE_MODEL_POLICY,4,29.169933093013242,10.12
STAGE_MODEL_POLICY,4,29.22040938801365,8.089
STAGE_MODEL_POLICY,4,29.271732630004408,8.089
STAGE_MODEL_POLICY,4,29.32430967700202,10.141
STAGE_MODEL_POLICY,4,29.37480296799913,10.171
STAGE_MODEL_POLICY,4,29.42554175000987,10.171
STAGE_MODEL_POLICY,4,29.47610927000642,10.162
STAGE_MODEL_POLICY,4,29.526622441015206,10.162
STAGE_MODEL_POLICY,4,29.57745779599645,10.167
STAGE_MODEL_POLICY,4,29.628081610018853,10.167
STAGE_MODEL_POLICY,4,29.67856868900708,10.175
STAGE_MODEL_POLICY,4,29.729058183002053,10.175
STAGE_MODEL_POLICY,4,29.77954984101234,10.182
STAGE_MODEL_POLICY,4,29.830161399993813,10.182
STAGE_MODEL_POLICY,4,29.880823432002217,10.239
STAGE_MODEL_POLICY,4,29.932131662993925,10.239
STAGE_MODEL_POLICY,4,29.986139915010426,10.145
STAGE_FULL_PIPELINE,4,0.0019829730154015124,10.145
STAGE_FULL_PIPELINE,4,0.05252743500750512,9.239
STAGE_FULL_PIPELINE,4,0.10291100200265646,9.239
STAGE_FULL_PIPELINE,4,0.15833922399906442,9.931
STAGE_FULL_PIPELINE,4,0.20971476202248596,9.931
STAGE_FULL_PIPELINE,4,0.2637743110244628,10.209
STAGE_FULL_PIPELINE,4,0.31431135602178983,10.209
STAGE_FULL_PIPELINE,4,0.36490934001631103,10.185
STAGE_FULL_PIPELINE,4,0.41551922500366345,10.185
STAGE_FULL_PIPELINE,4,0.4661106270214077,10.178
STAGE_FULL_PIPELINE,4,0.5166027969971765,10.178
STAGE_FULL_PIPELINE,4,0.5670776780170854,10.181
STAGE_FULL_PIPELINE,4,0.6175675750127994,10.181
STAGE_FULL_PIPELINE,4,0.6684884840215091,10.182
STAGE_FULL_PIPELINE,4,0.7189039940130897,10.182
STAGE_FULL_PIPELINE,4,0.7693752760242205,10.176
STAGE_FULL_PIPELINE,4,0.8200157289975323,10.176
STAGE_FULL_PIPELINE,4,0.8706112680083606,10.175
STAGE_FULL_PIPELINE,4,0.921216742019169,10.175
STAGE_FULL_PIPELINE,4,0.9716633860080037,10.215
STAGE_FULL_PIPELINE,4,1.030424385011429,10.215
STAGE_FULL_PIPELINE,4,1.0815576000022702,11.118
STAGE_FULL_PIPELINE,4,1.1329324780090246,11.118
STAGE_FULL_PIPELINE,4,1.1844937840069178,10.517
STAGE_FULL_PIPELINE,4,1.2369779080036096,10.191
STAGE_FULL_PIPELINE,4,1.2875225820171181,10.191
STAGE_FULL_PIPELINE,4,1.3380776370177045,10.191
STAGE_FULL_PIPELINE,4,1.3886181180132553,9.998
STAGE_FULL_PIPELINE,4,1.4407118640083354,10.202
STAGE_FULL_PIPELINE,4,1.4943329649977386,10.196
STAGE_FULL_PIPELINE,4,1.5448951610014774,10.18
STAGE_FULL_PIPELINE,4,1.5954042240045965,10.18
STAGE_FULL_PIPELINE,4,1.6458948060171679,10.206
STAGE_FULL_PIPELINE,4,1.6966107480111532,10.206
STAGE_FULL_PIPELINE,4,1.7473312579968479,10.214
STAGE_FULL_PIPELINE,4,1.7978715840145014,10.214
STAGE_FULL_PIPELINE,4,1.8483943910105154,10.216
STAGE_FULL_PIPELINE,4,1.904087162023643,10.216
STAGE_FULL_PIPELINE,4,1.9547071889974177,5.957
STAGE_FULL_PIPELINE,4,2.0062915720045567,5.957
STAGE_FULL_PIPELINE,4,2.0576015390106477,10.72
STAGE_FULL_PIPELINE,4,2.1098590760084335,10.72
STAGE_FULL_PIPELINE,4,2.1611637190217152,10.214
STAGE_FULL_PIPELINE,4,2.211967747018207,10.214
STAGE_FULL_PIPELINE,4,2.2624921170063317,10.056
STAGE_FULL_PIPELINE,4,2.3144024290086236,9.195
STAGE_FULL_PIPELINE,4,2.3669391100120265,11.153
STAGE_FULL_PIPELINE,4,2.4246257030172274,9.077
STAGE_FULL_PIPELINE,4,2.475935891008703,11.356
STAGE_FULL_PIPELINE,4,2.5280917570053134,10.593
STAGE_FULL_PIPELINE,4,2.5808051400235854,9.817
STAGE_FULL_PIPELINE,4,2.6322528200107627,9.817
STAGE_FULL_PIPELINE,4,2.6835091130051296,10.238
STAGE_FULL_PIPELINE,4,2.734097450011177,10.238
STAGE_FULL_PIPELINE,4,2.7847299550194293,12.697
STAGE_FULL_PIPELINE,4,2.836984517023666,10.822
STAGE_FULL_PIPELINE,4,2.8882771100034006,10.822
STAGE_FULL_PIPELINE,4,2.9401575540250633,10.061
STAGE_FULL_PIPELINE,4,2.9909059299970977,10.061
STAGE_FULL_PIPELINE,4,3.04140466300305,10.117
STAGE_FULL_PIPELINE,4,3.1028355510206893,10.117
STAGE_FULL_PIPELINE,4,3.153271900024265,10.578
STAGE_FULL_PIPELINE,4,3.206569750007475,10.578
STAGE_FULL_PIPELINE,4,3.258182054007193,10.223
STAGE_FULL_PIPELINE,4,3.3086429329996463,10.223
STAGE_FULL_PIPELINE,4,3.3592398360196967,10.213
STAGE_FULL_PIPELINE,4,3.4097694840165786,10.213
STAGE_FULL_PIPELINE,4,3.460336290008854,10.213
STAGE_FULL_PIPELINE,4,3.5112128040054813,10.213
STAGE_FULL_PIPELINE,4,3.561760137003148,10.199
STAGE_FULL_PIPELINE,4,3.6123209330253303,10.199
STAGE_FULL_PIPELINE,4,3.6627785450255033,10.211
STAGE_FULL_PIPELINE,4,3.7133592590107583,10.211
STAGE_FULL_PIPELINE,4,3.7640701940108556,10.207
STAGE_FULL_PIPELINE,4,3.815010741003789,10.207
STAGE_FULL_PIPELINE,4,3.8655872770177666,10.205
STAGE_FULL_PIPELINE,4,3.916385236021597,10.205
STAGE_FULL_PIPELINE,4,3.966989149019355,10.206
STAGE_FULL_PIPELINE,4,4.017742484022165,10.206
STAGE_FULL_PIPELINE,4,4.068244390015025,10.207
STAGE_FULL_PIPELINE,4,4.1187209479976445,10.207
STAGE_FULL_PIPELINE,4,4.169249694998143,10.207
STAGE_FULL_PIPELINE,4,4.219607712002471,10.207
STAGE_FULL_PIPELINE,4,4.270063474017661,10.208
STAGE_FULL_PIPELINE,4,4.320576024998445,10.208
STAGE_FULL_PIPELINE,4,4.37127984201652,10.206
STAGE_FULL_PIPELINE,4,4.421807413018541,10.206
STAGE_FULL_PIPELINE,4,4.472584728006041,10.203
STAGE_FULL_PIPELINE,4,4.5230689640156925,10.203
STAGE_FULL_PIPELINE,4,4.57356124301441,10.202
STAGE_FULL_PIPELINE,4,4.624386698007584,10.202
STAGE_FULL_PIPELINE,4,4.674967015016591,10.201
STAGE_FULL_PIPELINE,4,4.725595331023214,10.201
STAGE_FULL_PIPELINE,4,4.776124248019187,10.194
STAGE_FULL_PIPELINE,4,4.826721431018086,10.194
STAGE_FULL_PIPELINE,4,4.877169352024794,10.196
STAGE_FULL_PIPELINE,4,4.927745627006516,10.196
STAGE_FULL_PIPELINE,4,4.978236298018601,10.191
STAGE_FULL_PIPELINE,4,5.028627253021114,10.191
STAGE_FULL_PIPELINE,4,5.07906832700246,10.183
STAGE_FULL_PIPELINE,4,5.129714643000625,10.183
STAGE_FULL_PIPELINE,4,5.180494854022982,10.182
STAGE_FULL_PIPELINE,4,5.230955234001158,10.182
STAGE_FULL_PIPELINE,4,5.281370220996905,10.184
STAGE_FULL_PIPELINE,4,5.331889394001337,10.184
STAGE_FULL_PIPELINE,4,5.382667857018532,10.182
STAGE_FULL_PIPELINE,4,5.433399152010679,10.182
STAGE_FULL_PIPELINE,4,5.484081674017943,10.179
STAGE_FULL_PIPELINE,4,5.535074206010904,10.179
STAGE_FULL_PIPELINE,4,5.585647849016823,10.183
STAGE_FULL_PIPELINE,4,5.6360978099983186,10.183
STAGE_FULL_PIPELINE,4,5.6865714480227325,10.183
STAGE_FULL_PIPELINE,4,5.737144149024971,10.183
STAGE_FULL_PIPELINE,4,5.787692721001804,10.186
STAGE_FULL_PIPELINE,4,5.83806770000956,10.193
STAGE_FULL_PIPELINE,4,5.888790944998618,10.193
STAGE_FULL_PIPELINE,4,5.939257140009431,10.197
STAGE_FULL_PIPELINE,4,5.989818357018521,10.197
STAGE_FULL_PIPELINE,4,6.040293076017406,10.199
STAGE_FULL_PIPELINE,4,6.090925321012037,10.199
STAGE_FULL_PIPELINE,4,6.141412525001215,10.209
STAGE_FULL_PIPELINE,4,6.1919629110198,10.209
STAGE_FULL_PIPELINE,4,6.242497080005705,10.209
STAGE_FULL_PIPELINE,4,6.2929777539975476,10.209
STAGE_FULL_PIPELINE,4,6.34386417400674,10.207
STAGE_FULL_PIPELINE,4,6.394508495024638,10.207
STAGE_FULL_PIPELINE,4,6.444972971017705,10.209
STAGE_FULL_PIPELINE,4,6.495468213019194,10.209
STAGE_FULL_PIPELINE,4,6.546052039018832,10.209
STAGE_FULL_PIPELINE,4,6.596656610025093,10.209
STAGE_FULL_PIPELINE,4,6.647257197997533,10.211
STAGE_FULL_PIPELINE,4,6.69789693900384,10.211
STAGE_FULL_PIPELINE,4,6.748355811025249,10.208
STAGE_FULL_PIPELINE,4,6.798863527015783,10.208
STAGE_FULL_PIPELINE,4,6.849571725004353,10.216
STAGE_FULL_PIPELINE,4,6.900195503025316,10.216
STAGE_FULL_PIPELINE,4,6.950680756010115,10.206
STAGE_FULL_PIPELINE,4,7.001309667015448,10.206
STAGE_FULL_PIPELINE,4,7.051684573001694,10.205
STAGE_FULL_PIPELINE,4,7.102148133999435,10.205
STAGE_FULL_PIPELINE,4,7.1526402849995065,10.209
STAGE_FULL_PIPELINE,4,7.203156892006518,10.209
STAGE_FULL_PIPELINE,4,7.253831345005892,10.201
STAGE_FULL_PIPELINE,4,7.30427834900911,10.201
STAGE_FULL_PIPELINE,4,7.354832133016316,10.2
STAGE_FULL_PIPELINE,4,7.405388817016501,10.2
STAGE_FULL_PIPELINE,4,7.456208905001404,10.203
STAGE_FULL_PIPELINE,4,7.50695496800472,10.203
STAGE_FULL_PIPELINE,4,7.557572133024223,10.199
STAGE_FULL_PIPELINE,4,7.608471016021213,10.199
STAGE_FULL_PIPELINE,4,7.659159244998591,10.201
STAGE_FULL_PIPELINE,4,7.7098239220213145,10.201
STAGE_FULL_PIPELINE,4,7.760412451025331,10.193
STAGE_FULL_PIPELINE,4,7.81093229399994,10.193
STAGE_FULL_PIPELINE,4,7.861651026003528,10.2
STAGE_FULL_PIPELINE,4,7.9123330610163976,10.2
STAGE_FULL_PIPELINE,4,7.962943585996982,10.193
STAGE_FULL_PIPELINE,4,8.01384595100535,10.193
STAGE_FULL_PIPELINE,4,8.06454250702518,10.194
STAGE_FULL_PIPELINE,4,8.115003479004372,10.194
STAGE_FULL_PIPELINE,4,8.165531119011575,10.196
STAGE_FULL_PIPELINE,4,8.21647416902124,10.196
STAGE_FULL_PIPELINE,4,8.267048238019925,10.198
STAGE_FULL_PIPELINE,4,8.317833599023288,10.198
STAGE_FULL_PIPELINE,4,8.368420719023561,10.201
STAGE_FULL_PIPELINE,4,8.419302559021162,10.201
STAGE_FULL_PIPELINE,4,8.469801171013387,10.202
STAGE_FULL_PIPELINE,4,8.520398340013344,10.202
STAGE_FULL_PIPELINE,4,8.571364586008713,10.204
STAGE_FULL_PIPELINE,4,8.621877944999142,10.204
STAGE_FULL_PIPELINE,4,8.672388990002219,10.207
STAGE_FULL_PIPELINE,4,8.723020056000678,10.207
STAGE_FULL_PIPELINE,4,8.773827924014768,10.21
STAGE_FULL_PIPELINE,4,8.82455443800427,10.21
STAGE_FULL_PIPELINE,4,8.875441548007075,10.218
STAGE_FULL_PIPELINE,4,8.925898132001748,10.218
STAGE_FULL_PIPELINE,4,8.976481953024631,10.216
STAGE_FULL_PIPELINE,4,9.027107693022117,10.216
STAGE_FULL_PIPELINE,4,9.078150251996703,10.218
STAGE_FULL_PIPELINE,4,9.128691774007166,10.218
STAGE_FULL_PIPELINE,4,9.179168055998161,10.215
STAGE_FULL_PIPELINE,4,9.229753029998392,10.215
STAGE_FULL_PIPELINE,4,9.280326156003866,10.213
STAGE_FULL_PIPELINE,4,9.330986881017452,10.213
STAGE_FULL_PIPELINE,4,9.381840870017186,10.209
STAGE_FULL_PIPELINE,4,9.432820211019134,10.209
STAGE_FULL_PIPELINE,4,9.483301062020473,10.21
STAGE_FULL_PIPELINE,4,9.534177469002316,10.21
STAGE_FULL_PIPELINE,4,9.584755220013903,10.206
STAGE_FULL_PIPELINE,4,9.635292388004018,10.205
STAGE_FULL_PIPELINE,4,9.685750150005333,10.205
STAGE_FULL_PIPELINE,4,9.736269799002912,10.203
STAGE_FULL_PIPELINE,4,9.793582383019384,10.203
STAGE_FULL_PIPELINE,4,9.84423447100562,10.198
STAGE_FULL_PIPELINE,4,9.89502597702085,10.198
STAGE_FULL_PIPELINE,4,9.945880807004869,10.195
STAGE_FULL_PIPELINE,4,9.996490813005948,10.195
STAGE_FULL_PIPELINE,4,10.047219410014804,10.188
STAGE_FULL_PIPELINE,4,10.097865369025385,10.188
STAGE_FULL_PIPELINE,4,10.14854697001283,10.188
STAGE_FULL_PIPELINE,4,10.198982452013297,10.188
STAGE_FULL_PIPELINE,4,10.249911780003458,10.191
STAGE_FULL_PIPELINE,4,10.300483377010096,10.191
STAGE_FULL_PIPELINE,4,10.351012899016496,10.192
STAGE_FULL_PIPELINE,4,10.401631073007593,10.192
STAGE_FULL_PIPELINE,4,10.452122581016738,10.193
STAGE_FULL_PIPELINE,4,10.50273168401327,10.193
STAGE_FULL_PIPELINE,4,10.553719771007309,10.189
STAGE_FULL_PIPELINE,4,10.604289014008828,10.189
STAGE_FULL_PIPELINE,4,10.65484957600711,10.188
STAGE_FULL_PIPELINE,4,10.70564374901005,10.188
STAGE_FULL_PIPELINE,4,10.756226822006283,10.179
STAGE_FULL_PIPELINE,4,10.806965584022691,10.179
STAGE_FULL_PIPELINE,4,10.85754984000232,10.176
STAGE_FULL_PIPELINE,4,10.907860361010535,10.176
STAGE_FULL_PIPELINE,4,10.958335986011662,10.174
STAGE_FULL_PIPELINE,4,11.00878136101528,10.174
STAGE_FULL_PIPELINE,4,11.059272591024637,10.177
STAGE_FULL_PIPELINE,4,11.109951762016863,10.177
STAGE_FULL_PIPELINE,4,11.160508668021066,10.182
STAGE_FULL_PIPELINE,4,11.211196312011452,10.182
STAGE_FULL_PIPELINE,4,11.26186434700503,10.18
STAGE_FULL_PIPELINE,4,11.312655087007442,10.18
STAGE_FULL_PIPELINE,4,11.363322220015107,10.175
STAGE_FULL_PIPELINE,4,11.413871438009664,10.175
STAGE_FULL_PIPELINE,4,11.46461988001829,10.173
STAGE_FULL_PIPELINE,4,11.515231110010063,10.173
STAGE_FULL_PIPELINE,4,11.566469154000515,10.171
STAGE_FULL_PIPELINE,4,11.61709956501727,10.171
STAGE_FULL_PIPELINE,4,11.667848398006754,10.17
STAGE_FULL_PIPELINE,4,11.71849527800805,10.17
STAGE_FULL_PIPELINE,4,11.769157021015417,10.169
STAGE_FULL_PIPELINE,4,11.819687720009824,10.169
STAGE_FULL_PIPELINE,4,11.87015260499902,10.176
STAGE_FULL_PIPELINE,4,11.92068350201589,10.176
STAGE_FULL_PIPELINE,4,11.9712250920129,10.172
STAGE_FULL_PIPELINE,4,12.021800588001497,10.172
STAGE_FULL_PIPELINE,4,12.072370947018499,10.169
STAGE_FULL_PIPELINE,4,12.123080674005905,10.169
STAGE_FULL_PIPELINE,4,12.173651503020665,10.159
STAGE_FULL_PIPELINE,4,12.22428740200121,10.159
STAGE_FULL_PIPELINE,4,12.274802874017041,10.156
STAGE_FULL_PIPELINE,4,12.325309034000384,10.156
STAGE_FULL_PIPELINE,4,12.37590949301375,10.151
STAGE_FULL_PIPELINE,4,12.426456708024489,10.151
STAGE_FULL_PIPELINE,4,12.476954306999687,10.151
STAGE_FULL_PIPELINE,4,12.527513142005773,10.151
STAGE_FULL_PIPELINE,4,12.578036020015134,10.149
STAGE_FULL_PIPELINE,4,12.62845195402042,10.149
STAGE_FULL_PIPELINE,4,12.678877605998423,10.143
STAGE_FULL_PIPELINE,4,12.729280851024669,10.143
STAGE_FULL_PIPELINE,4,12.779937815008452,10.142
STAGE_FULL_PIPELINE,4,12.830549032019917,10.142
STAGE_FULL_PIPELINE,4,12.881021704000887,10.138
STAGE_FULL_PIPELINE,4,12.9315894379979,10.138
STAGE_FULL_PIPELINE,4,12.982157072023256,9.871
STAGE_FULL_PIPELINE,4,13.034285993024241,10.261
STAGE_FULL_PIPELINE,4,13.085688051010948,10.261
STAGE_FULL_PIPELINE,4,13.140876368008321,10.171
STAGE_FULL_PIPELINE,4,13.191350870998576,10.171
STAGE_FULL_PIPELINE,4,13.242036212002859,10.151
STAGE_FULL_PIPELINE,4,13.292459994001547,10.151
STAGE_FULL_PIPELINE,4,13.353749161004089,10.903
STAGE_FULL_PIPELINE,4,13.405127855017781,10.227
STAGE_FULL_PIPELINE,4,13.456381210009567,10.19
STAGE_FULL_PIPELINE,4,13.507809888018528,10.19
STAGE_FULL_PIPELINE,4,13.560035472008167,10.201
STAGE_FULL_PIPELINE,4,13.610652919014683,10.201
STAGE_FULL_PIPELINE,4,13.661137280025287,13.888
STAGE_FULL_PIPELINE,4,13.713328031008132,13.888
STAGE_FULL_PIPELINE,4,13.764482137019513,10.166
STAGE_FULL_PIPELINE,4,13.81506567299948,10.166
STAGE_FULL_PIPELINE,4,13.865775534999557,6.24
STAGE_FULL_PIPELINE,4,13.917819405003684,6.24
STAGE_FULL_PIPELINE,4,13.973902099009138,10.372
STAGE_FULL_PIPELINE,4,14.024631517997477,10.372
STAGE_FULL_PIPELINE,4,14.075213104020804,10.24
STAGE_FULL_PIPELINE,4,14.125690091022989,10.24
STAGE_FULL_PIPELINE,4,14.176072694011964,10.214
STAGE_FULL_PIPELINE,4,14.226716267003212,10.214
STAGE_FULL_PIPELINE,4,14.277317580010276,10.202
STAGE_FULL_PIPELINE,4,14.327923896024004,10.202
STAGE_FULL_PIPELINE,4,14.378406883013668,10.182
STAGE_FULL_PIPELINE,4,14.429017632006435,10.182
STAGE_FULL_PIPELINE,4,14.479594065021956,10.169
STAGE_FULL_PIPELINE,4,14.530111761996523,10.169
STAGE_FULL_PIPELINE,4,14.580678484024247,10.826
STAGE_FULL_PIPELINE,4,14.638373324996792,10.152
STAGE_FULL_PIPELINE,4,14.688761291006813,10.152
STAGE_FULL_PIPELINE,4,14.739210548024857,10.159
STAGE_FULL_PIPELINE,4,14.789656519016717,10.159
STAGE_FULL_PIPELINE,4,14.839992162014823,14.017
STAGE_FULL_PIPELINE,4,14.89389361202484,14.017
STAGE_FULL_PIPELINE,4,14.945066291023977,10.164
STAGE_FULL_PIPELINE,4,14.995533394016093,10.164
STAGE_FULL_PIPELINE,4,15.045920018019387,10.149
STAGE_FULL_PIPELINE,4,15.096359067014419,10.149
STAGE_FULL_PIPELINE,4,15.146914067008765,10.143
STAGE_FULL_PIPELINE,4,15.205878027016297,10.143
STAGE_FULL_PIPELINE,4,15.25637667402043,11.034
STAGE_FULL_PIPELINE,4,15.309443405014463,11.034
STAGE_FULL_PIPELINE,4,15.360644542000955,10.183
STAGE_FULL_PIPELINE,4,15.411193273001118,10.183
STAGE_FULL_PIPELINE,4,15.461753639014205,10.172
STAGE_FULL_PIPELINE,4,15.512420714017935,10.172
STAGE_FULL_PIPELINE,4,15.562941591022536,10.16
STAGE_FULL_PIPELINE,4,15.613441459019668,10.16
STAGE_FULL_PIPELINE,4,15.663879929023096,10.155
STAGE_FULL_PIPELINE,4,15.714372297021328,10.155
STAGE_FULL_PIPELINE,4,15.764783354010433,11.241
STAGE_FULL_PIPELINE,4,15.81616510800086,11.241
STAGE_FULL_PIPELINE,4,15.86832912202226,10.188
STAGE_FULL_PIPELINE,4,15.91893531801179,10.188
STAGE_FULL_PIPELINE,4,15.969292588008102,10.175
STAGE_FULL_PIPELINE,4,16.019757879024837,10.175
STAGE_FULL_PIPELINE,4,16.07020304800244,10.179
STAGE_FULL_PIPELINE,4,16.120733129006112,10.179
STAGE_FULL_PIPELINE,4,16.17590675401152,16.076
STAGE_FULL_PIPELINE,4,16.227162505005253,16.076
STAGE_FULL_PIPELINE,4,16.280028900015168,10.085
STAGE_FULL_PIPELINE,4,16.330687964014942,10.085
STAGE_FULL_PIPELINE,4,16.381151509005576,10.096
STAGE_FULL_PIPELINE,4,16.43167356000049,10.096
STAGE_FULL_PIPELINE,4,16.482260502001736,10.04
STAGE_FULL_PIPELINE,4,16.53274515501107,10.111
STAGE_FULL_PIPELINE,4,16.583248427021317,10.111
STAGE_FULL_PIPELINE,4,16.633817988011288,11.164
STAGE_FULL_PIPELINE,4,16.6850942580204,11.164
STAGE_FULL_PIPELINE,4,16.737284505012212,10.211
STAGE_FULL_PIPELINE,4,16.787801502010552,10.211
STAGE_FULL_PIPELINE,4,16.838205781998113,10.459
STAGE_FULL_PIPELINE,4,16.89180636301171,10.459
STAGE_FULL_PIPELINE,4,16.943052050017286,10.17
STAGE_FULL_PIPELINE,4,16.993567226018058,10.17
STAGE_FULL_PIPELINE,4,17.04428691402427,11.465
STAGE_FULL_PIPELINE,4,17.095742247998714,11.465
STAGE_FULL_PIPELINE,4,17.147892912005773,10.203
STAGE_FULL_PIPELINE,4,17.19835441900068,10.203
STAGE_FULL_PIPELINE,4,17.249002177006332,10.242
STAGE_FULL_PIPELINE,4,17.300071771023795,10.242
STAGE_FULL_PIPELINE,4,17.350506486021914,16.323
STAGE_FULL_PIPELINE,4,17.402915148006286,16.323
STAGE_FULL_PIPELINE,4,17.460800146014662,17.607
STAGE_FULL_PIPELINE,4,17.51220574299805,17.607
STAGE_FULL_PIPELINE,4,17.564375562011264,6.009
STAGE_FULL_PIPELINE,4,17.620965216017794,6.009
STAGE_FULL_PIPELINE,4,17.67239581301692,10.78
STAGE_FULL_PIPELINE,4,17.722984727006406,10.78
STAGE_FULL_PIPELINE,4,17.773554248007713,10.478
STAGE_FULL_PIPELINE,4,17.824309759016614,10.478
STAGE_FULL_PIPELINE,4,17.874905883014435,10.366
STAGE_FULL_PIPELINE,4,17.92540162600926,10.366
STAGE_FULL_PIPELINE,4,17.97588743502274,10.328
STAGE_FULL_PIPELINE,4,18.031623782997485,10.871
STAGE_FULL_PIPELINE,4,18.08307109301677,10.871
STAGE_FULL_PIPELINE,4,18.13859678202425,10.209
STAGE_FULL_PIPELINE,4,18.189124294003705,10.209
STAGE_FULL_PIPELINE,4,18.24799203799921,11.566
STAGE_FULL_PIPELINE,4,18.299615935015026,11.566
STAGE_FULL_PIPELINE,4,18.352210728015052,10.197
STAGE_FULL_PIPELINE,4,18.40265241501038,10.197
STAGE_FULL_PIPELINE,4,18.463637069013203,11.476
STAGE_FULL_PIPELINE,4,18.514997196005424,9.545
STAGE_FULL_PIPELINE,4,18.568119431001833,12.774
STAGE_FULL_PIPELINE,4,18.61945363599807,12.774
STAGE_FULL_PIPELINE,4,18.67128255701391,10.206
STAGE_FULL_PIPELINE,4,18.721739503002027,10.206
STAGE_FULL_PIPELINE,4,18.77249359700363,10.191
STAGE_FULL_PIPELINE,4,18.822963455022546,10.191
STAGE_FULL_PIPELINE,4,18.873569190996932,10.181
STAGE_FULL_PIPELINE,4,18.924125648016343,10.181
STAGE_FULL_PIPELINE,4,18.974706075998256,10.18
STAGE_FULL_PIPELINE,4,19.025392969022505,10.18
STAGE_FULL_PIPELINE,4,19.076226728007896,10.183
STAGE_FULL_PIPELINE,4,19.126709750998998,10.183
STAGE_FULL_PIPELINE,4,19.17722257101559,10.178
STAGE_FULL_PIPELINE,4,19.22777302202303,10.178
STAGE_FULL_PIPELINE,4,19.278471157012973,10.182
STAGE_FULL_PIPELINE,4,19.329303780017653,10.182
STAGE_FULL_PIPELINE,4,19.380234255018877,10.182
STAGE_FULL_PIPELINE,4,19.43084305000957,10.182
STAGE_FULL_PIPELINE,4,19.481703988014488,10.182
STAGE_FULL_PIPELINE,4,19.532482487004017,10.179
STAGE_FULL_PIPELINE,4,19.58313507999992,10.179
STAGE_FULL_PIPELINE,4,19.6337673550006,10.178
STAGE_FULL_PIPELINE,4,19.68417057400802,10.178
STAGE_FULL_PIPELINE,4,19.735001706023468,10.175
STAGE_FULL_PIPELINE,4,19.785489665024215,10.175
STAGE_FULL_PIPELINE,4,19.836326328018913,17.972
STAGE_FULL_PIPELINE,4,19.887623307004105,17.972
STAGE_FULL_PIPELINE,4,19.941981221025344,10.112
STAGE_FULL_PIPELINE,4,19.99246664700331,10.112
STAGE_FULL_PIPELINE,4,20.04328846599674,10.146
STAGE_FULL_PIPELINE,4,20.093824414012488,10.146
STAGE_FULL_PIPELINE,4,20.14437436501612,10.148
STAGE_FULL_PIPELINE,4,20.19499531100155,10.148
STAGE_FULL_PIPELINE,4,20.245897678018082,10.151
STAGE_FULL_PIPELINE,4,20.29648544100928,10.151
STAGE_FULL_PIPELINE,4,20.34717821801314,10.158
STAGE_FULL_PIPELINE,4,20.397819611011073,10.158
STAGE_FULL_PIPELINE,4,20.44831707701087,10.164
STAGE_FULL_PIPELINE,4,20.499009653023677,10.164
STAGE_FULL_PIPELINE,4,20.549714712018613,10.163
STAGE_FULL_PIPELINE,4,20.600234637007816,10.163
STAGE_FULL_PIPELINE,4,20.650871304009343,10.166
STAGE_FULL_PIPELINE,4,20.701703029015334,10.166
STAGE_FULL_PIPELINE,4,20.752225408010418,10.165
STAGE_FULL_PIPELINE,4,20.80257732901373,10.165
STAGE_FULL_PIPELINE,4,20.85291433602106,10.169
STAGE_FULL_PIPELINE,4,20.903531457006466,10.169
STAGE_FULL_PIPELINE,4,20.954116503999103,10.168
STAGE_FULL_PIPELINE,4,21.004649442998925,10.168
STAGE_FULL_PIPELINE,4,21.05513084802078,10.171
STAGE_FULL_PIPELINE,4,21.1055030360003,10.171
STAGE_FULL_PIPELINE,4,21.15601411901298,10.17
STAGE_FULL_PIPELINE,4,21.206582033017185,10.17
STAGE_FULL_PIPELINE,4,21.257151130004786,10.175
STAGE_FULL_PIPELINE,4,21.307815751002636,10.175
STAGE_FULL_PIPELINE,4,21.358464995020768,10.175
STAGE_FULL_PIPELINE,4,21.40908662500442,10.175
STAGE_FULL_PIPELINE,4,21.459604039002443,10.176
STAGE_FULL_PIPELINE,4,21.510029420023784,10.176
STAGE_FULL_PIPELINE,4,21.560535233002156,10.175
STAGE_FULL_PIPELINE,4,21.611506380024366,10.175
STAGE_FULL_PIPELINE,4,21.66224076601793,10.179
STAGE_FULL_PIPELINE,4,21.71299459601869,10.179
STAGE_FULL_PIPELINE,4,21.7635861520248,10.175
STAGE_FULL_PIPELINE,4,21.814243822009303,10.175
STAGE_FULL_PIPELINE,4,21.864758876006817,10.175
STAGE_FULL_PIPELINE,4,21.915482563024852,10.175
STAGE_FULL_PIPELINE,4,21.966123671008972,10.18
STAGE_FULL_PIPELINE,4,22.017081129015423,10.18
STAGE_FULL_PIPELINE,4,22.067668018018594,10.184
STAGE_FULL_PIPELINE,4,22.11819947400363,10.184
STAGE_FULL_PIPELINE,4,22.168779425002867,10.189
STAGE_FULL_PIPELINE,4,22.219273160997545,10.189
STAGE_FULL_PIPELINE,4,22.269840631022817,10.186
STAGE_FULL_PIPELINE,4,22.32075431602425,10.186
STAGE_FULL_PIPELINE,4,22.371187697019195,10.186
STAGE_FULL_PIPELINE,4,22.42172447501798,10.186
STAGE_FULL_PIPELINE,4,22.472390466020443,10.19
STAGE_FULL_PIPELINE,4,22.522969416022534,10.19
STAGE_FULL_PIPELINE,4,22.573632371000713,10.188
STAGE_FULL_PIPELINE,4,22.624176501005422,10.188
STAGE_FULL_PIPELINE,4,22.674673978006467,10.193
STAGE_FULL_PIPELINE,4,22.725216713006375,10.193
STAGE_FULL_PIPELINE,4,22.77590273899841,10.193
STAGE_FULL_PIPELINE,4,22.826513708016137,10.193
STAGE_FULL_PIPELINE,4,22.877154635003535,10.193
STAGE_FULL_PIPELINE,4,22.927845838014036,10.193
STAGE_FULL_PIPELINE,4,22.97832881999784,10.192
STAGE_FULL_PIPELINE,4,23.0287855869974,10.192
STAGE_FULL_PIPELINE,4,23.080184724996798,10.187
STAGE_FULL_PIPELINE,4,23.130757954000728,10.183
STAGE_FULL_PIPELINE,4,23.18146059801802,10.183
STAGE_FULL_PIPELINE,4,23.231908923015,10.18
STAGE_FULL_PIPELINE,4,23.282609272020636,10.18
STAGE_FULL_PIPELINE,4,23.333184899005573,10.179
STAGE_FULL_PIPELINE,4,23.383738828008063,10.179
STAGE_FULL_PIPELINE,4,23.434364578017266,10.176
STAGE_FULL_PIPELINE,4,23.484988473006524,10.176
STAGE_FULL_PIPELINE,4,23.536037706013303,10.174
STAGE_FULL_PIPELINE,4,23.586607336997986,10.174
STAGE_FULL_PIPELINE,4,23.63733947899891,10.176
STAGE_FULL_PIPELINE,4,23.687860495003406,10.176
STAGE_FULL_PIPELINE,4,23.738741095003206,10.171
STAGE_FULL_PIPELINE,4,23.789330683008302,10.171
STAGE_FULL_PIPELINE,4,23.839830422017258,10.172
STAGE_FULL_PIPELINE,4,23.890414320019772,10.172
STAGE_FULL_PIPELINE,4,23.940873356012162,10.173
STAGE_FULL_PIPELINE,4,23.991571641003247,10.173
STAGE_FULL_PIPELINE,4,24.042152435024036,10.171
STAGE_FULL_PIPELINE,4,24.09287457499886,10.171
STAGE_FULL_PIPELINE,4,24.143904015014414,10.171
STAGE_FULL_PIPELINE,4,24.194554971996695,10.171
STAGE_FULL_PIPELINE,4,24.245158080011606,10.174
STAGE_FULL_PIPELINE,4,24.29568477900466,10.174
STAGE_FULL_PIPELINE,4,24.346341340016806,10.18
STAGE_FULL_PIPELINE,4,24.39692138900864,10.18
STAGE_FULL_PIPELINE,4,24.44753233602387,10.181
STAGE_FULL_PIPELINE,4,24.498276424012147,10.181
STAGE_FULL_PIPELINE,4,24.549167156015756,10.184
STAGE_FULL_PIPELINE,4,24.5997048120189,10.184
STAGE_FULL_PIPELINE,4,24.650337815022795,10.188
STAGE_FULL_PIPELINE,4,24.70096210401971,10.188
STAGE_FULL_PIPELINE,4,24.75162525102496,10.187
STAGE_FULL_PIPELINE,4,24.802094282000326,10.187
STAGE_FULL_PIPELINE,4,24.852744524017908,10.182
STAGE_FULL_PIPELINE,4,24.903568535024533,10.182
STAGE_FULL_PIPELINE,4,24.954103483003564,10.184
STAGE_FULL_PIPELINE,4,25.00463268600288,10.184
STAGE_FULL_PIPELINE,4,25.05514038002002,10.179
STAGE_FULL_PIPELINE,4,25.10555703402497,10.179
STAGE_FULL_PIPELINE,4,25.15609832300106,10.174
STAGE_FULL_PIPELINE,4,25.206724557006964,10.174
STAGE_FULL_PIPELINE,4,25.25727770701633,10.168
STAGE_FULL_PIPELINE,4,25.307925715023885,10.168
STAGE_FULL_PIPELINE,4,25.358577115024673,10.166
STAGE_FULL_PIPELINE,4,25.409823617024813,10.166
STAGE_FULL_PIPELINE,4,25.46046865702374,10.16
STAGE_FULL_PIPELINE,4,25.511027885018848,10.16
STAGE_FULL_PIPELINE,4,25.561629795003682,10.17
STAGE_FULL_PIPELINE,4,25.612033249024535,10.17
STAGE_FULL_PIPELINE,4,25.662515392003115,10.162
STAGE_FULL_PIPELINE,4,25.713305629004026,10.162
STAGE_FULL_PIPELINE,4,25.764095529011684,10.156
STAGE_FULL_PIPELINE,4,25.8145540060068,10.156
STAGE_FULL_PIPELINE,4,25.865154175000498,10.156
STAGE_FULL_PIPELINE,4,25.91567414702149,10.156
STAGE_FULL_PIPELINE,4,25.966550801997073,10.158
STAGE_FULL_PIPELINE,4,26.017090644018026,10.158
STAGE_FULL_PIPELINE,4,26.06775276301778,10.158
STAGE_FULL_PIPELINE,4,26.118412109004566,10.158
STAGE_FULL_PIPELINE,4,26.16898378301994,10.163
STAGE_FULL_PIPELINE,4,26.219448884017766,10.163
STAGE_FULL_PIPELINE,4,26.269918065023376,10.179
STAGE_FULL_PIPELINE,4,26.320493453997187,10.179
STAGE_FULL_PIPELINE,4,26.370929519005585,10.187
STAGE_FULL_PIPELINE,4,26.421533976012142,10.187
STAGE_FULL_PIPELINE,4,26.47190612202394,10.192
STAGE_FULL_PIPELINE,4,26.522615212015808,10.192
STAGE_FULL_PIPELINE,4,26.573402595997322,10.183
STAGE_FULL_PIPELINE,4,26.62401636200957,10.183
STAGE_FULL_PIPELINE,4,26.674581464001676,10.179
STAGE_FULL_PIPELINE,4,26.72514530000626,10.179
STAGE_FULL_PIPELINE,4,26.775718860008055,10.189
STAGE_FULL_PIPELINE,4,26.826186846999917,10.189
STAGE_FULL_PIPELINE,4,26.876797216013074,10.182
STAGE_FULL_PIPELINE,4,26.927446436020546,10.182
STAGE_FULL_PIPELINE,4,26.978028609009925,10.184
STAGE_FULL_PIPELINE,4,27.02860119601246,10.184
STAGE_FULL_PIPELINE,4,27.079068500024732,10.189
STAGE_FULL_PIPELINE,4,27.12971309601562,10.189
STAGE_FULL_PIPELINE,4,27.18072131401277,10.19
STAGE_FULL_PIPELINE,4,27.231409972999245,10.19
STAGE_FULL_PIPELINE,4,27.282045558007667,10.183
STAGE_FULL_PIPELINE,4,27.332683354004985,10.178
STAGE_FULL_PIPELINE,4,27.38332504002028,10.178
STAGE_FULL_PIPELINE,4,27.433998204011004,10.178
STAGE_FULL_PIPELINE,4,27.48452644702047,10.178
STAGE_FULL_PIPELINE,4,27.53521612100303,10.173
STAGE_FULL_PIPELINE,4,27.585779393004486,10.173
STAGE_FULL_PIPELINE,4,27.63619817001745,10.171
STAGE_FULL_PIPELINE,4,27.686696011020103,10.171
STAGE_FULL_PIPELINE,4,27.73720379199949,10.174
STAGE_FULL_PIPELINE,4,27.787682467023842,10.174
STAGE_FULL_PIPELINE,4,27.838265491998754,10.166
STAGE_FULL_PIPELINE,4,27.88897113801795,10.166
STAGE_FULL_PIPELINE,4,27.939481267996598,10.174
STAGE_FULL_PIPELINE,4,27.98997338602203,10.174
STAGE_FULL_PIPELINE,4,28.040475440997398,10.175
STAGE_FULL_PIPELINE,4,28.091039377002744,10.175
STAGE_FULL_PIPELINE,4,28.141438810998807,10.176
STAGE_FULL_PIPELINE,4,28.191821507003624,10.176
STAGE_FULL_PIPELINE,4,28.24215607601218,10.171
STAGE_FULL_PIPELINE,4,28.292634687997634,10.171
STAGE_FULL_PIPELINE,4,28.342952717997832,10.164
STAGE_FULL_PIPELINE,4,28.393422229011776,10.164
STAGE_FULL_PIPELINE,4,28.443854956014547,10.175
STAGE_FULL_PIPELINE,4,28.494386535021476,10.175
STAGE_FULL_PIPELINE,4,28.544999883015407,10.181
STAGE_FULL_PIPELINE,4,28.59782551700482,10.181
STAGE_FULL_PIPELINE,4,28.648382303013932,10.803
STAGE_FULL_PIPELINE,4,28.702979082998354,10.803
STAGE_FULL_PIPELINE,4,28.75427671900252,10.204
STAGE_FULL_PIPELINE,4,28.804733680997742,10.204
STAGE_FULL_PIPELINE,4,28.85774152900558,10.232
STAGE_FULL_PIPELINE,4,28.90893017000053,9.528
STAGE_FULL_PIPELINE,4,28.960789857024793,11.173
STAGE_FULL_PIPELINE,4,29.012169358000392,8.726
STAGE_FULL_PIPELINE,4,29.064640939002857,11.845
STAGE_FULL_PIPELINE,4,29.122045868018176,11.845
STAGE_FULL_PIPELINE,4,29.17345704502077,10.271
STAGE_FULL_PIPELINE,4,29.223991369013675,10.271
STAGE_FULL_PIPELINE,4,29.274512190022506,10.338
STAGE_FULL_PIPELINE,4,29.325799045007443,10.338
STAGE_FULL_PIPELINE,4,29.379498632013565,10.226
STAGE_FULL_PIPELINE,4,29.43011271301657,16.878
STAGE_FULL_PIPELINE,4,29.48121858702507,16.878
STAGE_FULL_PIPELINE,4,29.53836548901745,10.196
STAGE_FULL_PIPELINE,4,29.588960526016308,10.196
STAGE_FULL_PIPELINE,4,29.639427234011237,10.209
STAGE_FULL_PIPELINE,4,29.690428739006165,10.209
STAGE_FULL_PIPELINE,4,29.741087843023706,10.128
STAGE_FULL_PIPELINE,4,29.79517435299931,10.128
STAGE_FULL_PIPELINE,4,29.84658705702168,10.234
STAGE_FULL_PIPELINE,4,29.897161041008076,10.234
STAGE_FULL_PIPELINE,4,29.947830935998354,10.224
STAGE_FULL_PIPELINE,4,29.998294967022957,10.224
STAGE_MODEL_THRESHOLD,4,0.0011834900069516152,8.39
STAGE_MODEL_THRESHOLD,4,0.0527868710050825,9.209
STAGE_MODEL_THRESHOLD,4,0.10517800101661123,10.08
STAGE_MODEL_THRESHOLD,4,0.1607582210272085,10.08
STAGE_MODEL_THRESHOLD,4,0.21219104202464223,10.185
STAGE_MODEL_THRESHOLD,4,0.26281803200254217,10.185
STAGE_MODEL_THRESHOLD,4,0.31330557700130157,10.188
STAGE_MODEL_THRESHOLD,4,0.3638286200002767,10.188
STAGE_MODEL_THRESHOLD,4,0.41426111702458,9.308
STAGE_MODEL_THRESHOLD,4,0.46554022800410166,9.308
STAGE_MODEL_THRESHOLD,4,0.5174600350146648,10.321
STAGE_MODEL_THRESHOLD,4,0.5679529730114155,10.321
STAGE_MODEL_THRESHOLD,4,0.6185448820178863,10.267
STAGE_MODEL_THRESHOLD,4,0.6692253440269269,10.267
STAGE_MODEL_THRESHOLD,4,0.7197060600155964,10.251
STAGE_MODEL_THRESHOLD,4,0.7701894430210814,10.251
STAGE_MODEL_THRESHOLD,4,0.8206701510061976,10.233
STAGE_MODEL_THRESHOLD,4,0.8712524540023878,10.233
STAGE_MODEL_THRESHOLD,4,0.9218496330140624,10.483
STAGE_MODEL_THRESHOLD,4,0.9740784240129869,10.483
STAGE_MODEL_THRESHOLD,4,1.0254196599998977,10.237
STAGE_MODEL_THRESHOLD,4,1.0759545450273436,10.237
STAGE_MODEL_THRESHOLD,4,1.1264045410207473,10.221
STAGE_MODEL_THRESHOLD,4,1.1770776490157004,10.221
STAGE_MODEL_THRESHOLD,4,1.2276889580243733,10.409
STAGE_MODEL_THRESHOLD,4,1.2793261660262942,10.25
STAGE_MODEL_THRESHOLD,4,1.329872972011799,10.25
STAGE_MODEL_THRESHOLD,4,1.3804743110085838,10.221
STAGE_MODEL_THRESHOLD,4,1.4312579160032328,10.221
STAGE_MODEL_THRESHOLD,4,1.4820394870184828,10.211
STAGE_MODEL_THRESHOLD,4,1.5330203920020722,10.211
STAGE_MODEL_THRESHOLD,4,1.5835803160152864,10.199
STAGE_MODEL_THRESHOLD,4,1.634221772023011,10.199
STAGE_MODEL_THRESHOLD,4,1.6848059110052418,10.951
STAGE_MODEL_THRESHOLD,4,1.7360244570008945,10.951
STAGE_MODEL_THRESHOLD,4,1.7883408850175329,10.16
STAGE_MODEL_THRESHOLD,4,1.8390121380216442,10.16
STAGE_MODEL_THRESHOLD,4,1.8893535410170443,10.186
STAGE_MODEL_THRESHOLD,4,1.93985225900542,10.186
STAGE_MODEL_THRESHOLD,4,1.9904743410006631,10.178
STAGE_MODEL_THRESHOLD,4,2.041100697009824,10.178
STAGE_MODEL_THRESHOLD,4,2.0915149620268494,9.796
STAGE_MODEL_THRESHOLD,4,2.1430614780110773,9.796
STAGE_MODEL_THRESHOLD,4,2.1948870030173566,10.172
STAGE_MODEL_THRESHOLD,4,2.2463445990288164,10.172
STAGE_MODEL_THRESHOLD,4,2.296898154017981,10.175
STAGE_MODEL_THRESHOLD,4,2.3475702190189622,10.175
STAGE_MODEL_THRESHOLD,4,2.398287051008083,10.374
STAGE_MODEL_THRESHOLD,4,2.45337396801915,10.374
STAGE_MODEL_THRESHOLD,4,2.504678312019678,10.232
STAGE_MODEL_THRESHOLD,4,2.5550932890037075,10.232
STAGE_MODEL_THRESHOLD,4,2.6058151500183158,10.737
STAGE_MODEL_THRESHOLD,4,2.6572006690257695,9.876
STAGE_MODEL_THRESHOLD,4,2.7086517220013775,10.703
STAGE_MODEL_THRESHOLD,4,2.7649905720027164,10.703
STAGE_MODEL_THRESHOLD,4,2.8164932650106493,10.292
STAGE_MODEL_THRESHOLD,4,2.867116375011392,10.292
STAGE_MODEL_THRESHOLD,4,2.917669611022575,9.897
STAGE_MODEL_THRESHOLD,4,2.9690742320090067,9.999
STAGE_MODEL_THRESHOLD,4,3.0209976270271,11.615
STAGE_MODEL_THRESHOLD,4,3.072434643021552,14.184
STAGE_MODEL_THRESHOLD,4,3.1407082470250316,14.184
STAGE_MODEL_THRESHOLD,4,3.191897458018502,9.93
STAGE_MODEL_THRESHOLD,4,3.242470963014057,9.93
STAGE_MODEL_THRESHOLD,4,3.2932157440227456,10.18
STAGE_MODEL_THRESHOLD,4,3.3557024850160815,10.18
STAGE_MODEL_THRESHOLD,4,3.40716287001851,9.017
STAGE_MODEL_THRESHOLD,4,3.4586794480273966,9.017
STAGE_MODEL_THRESHOLD,4,3.51062209502561,10.543
STAGE_MODEL_THRESHOLD,4,3.570936492003966,10.543
STAGE_MODEL_THRESHOLD,4,3.6226018790039234,10.052
STAGE_MODEL_THRESHOLD,4,3.6750633970077615,10.052
STAGE_MODEL_THRESHOLD,4,3.726773722009966,10.217
STAGE_MODEL_THRESHOLD,4,3.7775509870261885,10.225
STAGE_MODEL_THRESHOLD,4,3.8280796510225628,10.225
STAGE_MODEL_THRESHOLD,4,3.878655433014501,10.221
STAGE_MODEL_THRESHOLD,4,3.929330270009814,10.221
STAGE_MODEL_THRESHOLD,4,3.979800529021304,10.207
STAGE_MODEL_THRESHOLD,4,4.0301909080008045,10.207
STAGE_MODEL_THRESHOLD,4,4.080589902005158,10.171
STAGE_MODEL_THRESHOLD,4,4.131122007005615,10.171
STAGE_MODEL_THRESHOLD,4,4.181560394004919,10.207
STAGE_MODEL_THRESHOLD,4,4.232273489004001,10.207
STAGE_MODEL_THRESHOLD,4,4.283045084011974,10.195
STAGE_MODEL_THRESHOLD,4,4.333711794024566,10.195
STAGE_MODEL_THRESHOLD,4,4.384233666001819,10.204
STAGE_MODEL_THRESHOLD,4,4.435015209019184,10.204
STAGE_MODEL_THRESHOLD,4,4.485790201026248,10.204
STAGE_MODEL_THRESHOLD,4,4.536447365011554,10.204
STAGE_MODEL_THRESHOLD,4,4.586964757007081,10.206
STAGE_MODEL_THRESHOLD,4,4.637497809017077,10.206
STAGE_MODEL_THRESHOLD,4,4.687890929024434,10.208
STAGE_MODEL_THRESHOLD,4,4.738479332008865,10.208
STAGE_MODEL_THRESHOLD,4,4.789242044003913,10.206
STAGE_MODEL_THRESHOLD,4,4.839726156002143,10.206
STAGE_MODEL_THRESHOLD,4,4.890101165015949,10.203
STAGE_MODEL_THRESHOLD,4,4.940545635006856,10.203
STAGE_MODEL_THRESHOLD,4,4.991225762001704,10.531
STAGE_MODEL_THRESHOLD,4,5.042616777005605,10.531
STAGE_MODEL_THRESHOLD,4,5.0941175290208776,10.169
STAGE_MODEL_THRESHOLD,4,5.14483513002051,10.169
STAGE_MODEL_THRESHOLD,4,5.195417814014945,10.177
STAGE_MODEL_THRESHOLD,4,5.2462222990288865,10.177
STAGE_MODEL_THRESHOLD,4,5.297013353003422,10.191
STAGE_MODEL_THRESHOLD,4,5.347478994022822,10.191
STAGE_MODEL_THRESHOLD,4,5.39868236600887,10.203
STAGE_MODEL_THRESHOLD,4,5.449333635013318,10.203
STAGE_MODEL_THRESHOLD,4,5.499996438011294,10.179
STAGE_MODEL_THRESHOLD,4,5.5507148100005,10.179
STAGE_MODEL_THRESHOLD,4,5.6019225980271585,10.184
STAGE_MODEL_THRESHOLD,4,5.652585240022745,10.184
STAGE_MODEL_THRESHOLD,4,5.7031356430088636,10.201
STAGE_MODEL_THRESHOLD,4,5.753792239003815,10.201
STAGE_MODEL_THRESHOLD,4,5.804346010001609,10.194
STAGE_MODEL_THRESHOLD,4,5.854746442026226,10.194
STAGE_MODEL_THRESHOLD,4,5.905270488001406,10.196
STAGE_MODEL_THRESHOLD,4,5.955849945021328,10.196
STAGE_MODEL_THRESHOLD,4,6.00642273700214,10.198
STAGE_MODEL_THRESHOLD,4,6.056791077018715,10.198
STAGE_MODEL_THRESHOLD,4,6.107293465000112,10.198
STAGE_MODEL_THRESHOLD,4,6.157832508004503,10.198
STAGE_MODEL_THRESHOLD,4,6.20832902402617,10.204
STAGE_MODEL_THRESHOLD,4,6.259092262014747,10.204
STAGE_MODEL_THRESHOLD,4,6.309742833022028,10.208
STAGE_MODEL_THRESHOLD,4,6.360257922002347,10.208
STAGE_MODEL_THRESHOLD,4,6.410837583011016,10.218
STAGE_MODEL_THRESHOLD,4,6.461279379000189,10.218
STAGE_MODEL_THRESHOLD,4,6.511809744028142,10.221
STAGE_MODEL_THRESHOLD,4,6.562410583021119,10.221
STAGE_MODEL_THRESHOLD,4,6.612973255018005,10.233
STAGE_MODEL_THRESHOLD,4,6.6634036370087415,10.233
STAGE_MODEL_THRESHOLD,4,6.714020392013481,10.239
STAGE_MODEL_THRESHOLD,4,6.764594191015931,10.239
STAGE_MODEL_THRESHOLD,4,6.815250058018137,10.228
STAGE_MODEL_THRESHOLD,4,6.865799438004615,10.228
STAGE_MODEL_THRESHOLD,4,6.916513151023537,10.233
STAGE_MODEL_THRESHOLD,4,6.966970542009221,10.233
STAGE_MODEL_THRESHOLD,4,7.017520987021271,10.232
STAGE_MODEL_THRESHOLD,4,7.068187733006198,10.232
STAGE_MODEL_THRESHOLD,4,7.118563944008201,10.232
STAGE_MODEL_THRESHOLD,4,7.1690235910064075,10.232
STAGE_MODEL_THRESHOLD,4,7.2197721040283795,10.229
STAGE_MODEL_THRESHOLD,4,7.27028956200229,10.229
STAGE_MODEL_THRESHOLD,4,7.32115407200763,10.23
STAGE_MODEL_THRESHOLD,4,7.371793065016391,10.23
STAGE_MODEL_THRESHOLD,4,7.42224289602018,10.227
STAGE_MODEL_THRESHOLD,4,7.473099101014668,10.227
STAGE_MODEL_THRESHOLD,4,7.524130955018336,10.216
STAGE_MODEL_THRESHOLD,4,7.574589193012798,10.216
STAGE_MODEL_THRESHOLD,4,7.625089844019385,10.213
STAGE_MODEL_THRESHOLD,4,7.675657377025345,10.213
STAGE_MODEL_THRESHOLD,4,7.72652259102324,10.207
STAGE_MODEL_THRESHOLD,4,7.7770421170280315,10.203
STAGE_MODEL_THRESHOLD,4,7.827763540000888,10.203
STAGE_MODEL_THRESHOLD,4,7.878398568020202,10.207
STAGE_MODEL_THRESHOLD,4,7.929033321008319,10.207
STAGE_MODEL_THRESHOLD,4,7.979608037014259,10.206
STAGE_MODEL_THRESHOLD,4,8.030297118006274,10.206
STAGE_MODEL_THRESHOLD,4,8.081178035004996,10.206
STAGE_MODEL_THRESHOLD,4,8.132003799022641,10.206
STAGE_MODEL_THRESHOLD,4,8.182516602013493,10.201
STAGE_MODEL_THRESHOLD,4,8.233089303015731,10.201
STAGE_MODEL_THRESHOLD,4,8.283868279017042,10.205
STAGE_MODEL_THRESHOLD,4,8.334641906025354,10.205
STAGE_MODEL_THRESHOLD,4,8.385417520010378,10.197
STAGE_MODEL_THRESHOLD,4,8.435864369006595,10.197
STAGE_MODEL_THRESHOLD,4,8.486455157020828,10.195
STAGE_MODEL_THRESHOLD,4,8.537036446010461,10.195
STAGE_MODEL_THRESHOLD,4,8.587550390016986,10.193
STAGE_MODEL_THRESHOLD,4,8.638060587021755,10.193
STAGE_MODEL_THRESHOLD,4,8.688727195025422,10.18
STAGE_MODEL_THRESHOLD,4,8.739271641010419,10.18
STAGE_MODEL_THRESHOLD,4,8.789937355002621,10.189
STAGE_MODEL_THRESHOLD,4,8.840547622006852,10.189
STAGE_MODEL_THRESHOLD,4,8.891153949021827,10.191
STAGE_MODEL_THRESHOLD,4,8.941694354027277,10.191
STAGE_MODEL_THRESHOLD,4,8.992524167028023,10.186
STAGE_MODEL_THRESHOLD,4,9.043168708012672,10.186
STAGE_MODEL_THRESHOLD,4,9.093606406007893,10.178
STAGE_MODEL_THRESHOLD,4,9.144380940007977,10.178
STAGE_MODEL_THRESHOLD,4,9.194840188021772,10.185
STAGE_MODEL_THRESHOLD,4,9.245551061001606,10.185
STAGE_MODEL_THRESHOLD,4,9.296131488023093,10.187
STAGE_MODEL_THRESHOLD,4,9.346772324002814,10.187
STAGE_MODEL_THRESHOLD,4,9.39733204501681,10.183
STAGE_MODEL_THRESHOLD,4,9.447888115013484,10.183
STAGE_MODEL_THRESHOLD,4,9.498455707012909,10.18
STAGE_MODEL_THRESHOLD,4,9.548973507015035,10.18
STAGE_MODEL_THRESHOLD,4,9.59974055402563,10.178
STAGE_MODEL_THRESHOLD,4,9.65051167702768,10.178
STAGE_MODEL_THRESHOLD,4,9.701154368027346,10.181
STAGE_MODEL_THRESHOLD,4,9.75219326801016,10.181
STAGE_MODEL_THRESHOLD,4,9.80281658002059,10.185
STAGE_MODEL_THRESHOLD,4,9.853633368009469,10.185
STAGE_MODEL_THRESHOLD,4,9.904112568008713,10.188
STAGE_MODEL_THRESHOLD,4,9.954700683010742,10.188
STAGE_MODEL_THRESHOLD,4,10.005162889021449,10.186
STAGE_MODEL_THRESHOLD,4,10.055507747019874,10.186
STAGE_MODEL_THRESHOLD,4,10.106012200005352,10.188
STAGE_MODEL_THRESHOLD,4,10.156464228028199,10.188
STAGE_MODEL_THRESHOLD,4,10.206888366024941,10.199
STAGE_MODEL_THRESHOLD,4,10.257257722027134,10.199
STAGE_MODEL_THRESHOLD,4,10.307740266027395,10.185
STAGE_MODEL_THRESHOLD,4,10.358277277002344,10.185
STAGE_MODEL_THRESHOLD,4,10.408870753017254,10.188
STAGE_MODEL_THRESHOLD,4,10.459902455011616,10.188
STAGE_MODEL_THRESHOLD,4,10.510457179014338,10.186
STAGE_MODEL_THRESHOLD,4,10.561089140013792,10.186
STAGE_MODEL_THRESHOLD,4,10.611648537014844,10.211
STAGE_MODEL_THRESHOLD,4,10.662476990022697,10.211
STAGE_MODEL_THRESHOLD,4,10.713025381002808,10.198
STAGE_MODEL_THRESHOLD,4,10.763461104012094,10.198
STAGE_MODEL_THRESHOLD,4,10.814185417024419,10.191
STAGE_MODEL_THRESHOLD,4,10.864737513009459,10.191
STAGE_MODEL_THRESHOLD,4,10.915289335011039,10.2
STAGE_MODEL_THRESHOLD,4,10.965809110028204,10.2
STAGE_MODEL_THRESHOLD,4,11.016362147027394,10.189
STAGE_MODEL_THRESHOLD,4,11.067039278015727,10.189
STAGE_MODEL_THRESHOLD,4,11.117941740027163,10.186
STAGE_MODEL_THRESHOLD,4,11.168459173000883,10.186
STAGE_MODEL_THRESHOLD,4,11.21899424502044,10.187
STAGE_MODEL_THRESHOLD,4,11.269595907011535,10.187
STAGE_MODEL_THRESHOLD,4,11.320133332017576,10.181
STAGE_MODEL_THRESHOLD,4,11.370688679016894,10.181
STAGE_MODEL_THRESHOLD,4,11.421387146023335,10.193
STAGE_MODEL_THRESHOLD,4,11.471834319003392,10.193
STAGE_MODEL_THRESHOLD,4,11.522427159012295,10.193
STAGE_MODEL_THRESHOLD,4,11.572952380025527,10.193
STAGE_MODEL_THRESHOLD,4,11.623760327027412,10.201
STAGE_MODEL_THRESHOLD,4,11.674247720016865,10.201
STAGE_MODEL_THRESHOLD,4,11.72484421802801,10.184
STAGE_MODEL_THRESHOLD,4,11.77541834602016,10.204
STAGE_MODEL_THRESHOLD,4,11.825855433009565,10.204
STAGE_MODEL_THRESHOLD,4,11.876513765018899,10.204
STAGE_MODEL_THRESHOLD,4,11.92751314502675,10.204
STAGE_MODEL_THRESHOLD,4,11.978129351016833,10.202
STAGE_MODEL_THRESHOLD,4,12.029031843005214,10.202
STAGE_MODEL_THRESHOLD,4,12.08024667101563,10.206
STAGE_MODEL_THRESHOLD,4,12.130920151015744,10.206
STAGE_MODEL_THRESHOLD,4,12.181635166023625,10.208
STAGE_MODEL_THRESHOLD,4,12.232504304003669,10.208
STAGE_MODEL_THRESHOLD,4,12.282953091023955,10.212
STAGE_MODEL_THRESHOLD,4,12.333430502010742,10.212
STAGE_MODEL_THRESHOLD,4,12.3840742840257,10.215
STAGE_MODEL_THRESHOLD,4,12.43480373400962,10.215
STAGE_MODEL_THRESHOLD,4,12.485274824022781,10.213
STAGE_MODEL_THRESHOLD,4,12.53571987702162,10.213
STAGE_MODEL_THRESHOLD,4,12.58631986801629,10.212
STAGE_MODEL_THRESHOLD,4,12.636833256023237,10.212
STAGE_MODEL_THRESHOLD,4,12.687404320022324,10.208
STAGE_MODEL_THRESHOLD,4,12.73881869102479,10.208
STAGE_MODEL_THRESHOLD,4,12.789226097025676,10.21
STAGE_MODEL_THRESHOLD,4,12.839707502018427,10.21
STAGE_MODEL_THRESHOLD,4,12.890329406014644,10.215
STAGE_MODEL_THRESHOLD,4,12.940904392016819,10.215
STAGE_MODEL_THRESHOLD,4,12.991551195009379,10.211
STAGE_MODEL_THRESHOLD,4,13.042274030012777,10.211
STAGE_MODEL_THRESHOLD,4,13.092775407014415,10.213
STAGE_MODEL_THRESHOLD,4,13.143263511010446,10.213
STAGE_MODEL_THRESHOLD,4,13.193700016010553,10.211
STAGE_MODEL_THRESHOLD,4,13.244218100007856,10.211
STAGE_MODEL_THRESHOLD,4,13.294739874021616,9.561
STAGE_MODEL_THRESHOLD,4,13.345999914017739,10.936
STAGE_MODEL_THRESHOLD,4,13.397718320018612,9.728
STAGE_MODEL_THRESHOLD,4,13.450733964011306,10.695
STAGE_MODEL_THRESHOLD,4,13.508739138022065,10.349
STAGE_MODEL_THRESHOLD,4,13.56000694501563,10.349
STAGE_MODEL_THRESHOLD,4,13.612932131014531,10.091
STAGE_MODEL_THRESHOLD,4,13.663474641012726,10.091
STAGE_MODEL_THRESHOLD,4,13.714041759027168,9.488
STAGE_MODEL_THRESHOLD,4,13.768900613009464,9.488
STAGE_MODEL_THRESHOLD,4,13.820142614014912,10.103
STAGE_MODEL_THRESHOLD,4,13.870573545020306,10.103
STAGE_MODEL_THRESHOLD,4,13.920963104028488,10.229
STAGE_MODEL_THRESHOLD,4,13.97135636600433,10.229
STAGE_MODEL_THRESHOLD,4,14.022006973013049,10.197
STAGE_MODEL_THRESHOLD,4,14.072475110006053,10.197
STAGE_MODEL_THRESHOLD,4,14.122981409018394,10.211
STAGE_MODEL_THRESHOLD,4,14.173463842016645,10.211
STAGE_MODEL_THRESHOLD,4,14.223914640024304,9.964
STAGE_MODEL_THRESHOLD,4,14.275376834004419,10.129
STAGE_MODEL_THRESHOLD,4,14.330031448014779,10.144
STAGE_MODEL_THRESHOLD,4,14.380576693016337,10.173
STAGE_MODEL_THRESHOLD,4,14.431072654027957,10.173
STAGE_MODEL_THRESHOLD,4,14.481513489008648,10.06
STAGE_MODEL_THRESHOLD,4,14.536490792001132,10.06
STAGE_MODEL_THRESHOLD,4,14.58694451401243,9.419
STAGE_MODEL_THRESHOLD,4,14.642709614010528,10.213
STAGE_MODEL_THRESHOLD,4,14.694762234023074,10.494
STAGE_MODEL_THRESHOLD,4,14.746091516019078,10.278
STAGE_MODEL_THRESHOLD,4,14.79732931801118,10.615
STAGE_MODEL_THRESHOLD,4,14.848540485021658,11.099
STAGE_MODEL_THRESHOLD,4,14.90959180702339,7.172
STAGE_MODEL_THRESHOLD,4,14.96102801602683,9.535
STAGE_MODEL_THRESHOLD,4,15.025751553010195,9.535
STAGE_MODEL_THRESHOLD,4,15.07707189701614,10.799
STAGE_MODEL_THRESHOLD,4,15.13222499800031,10.825
STAGE_MODEL_THRESHOLD,4,15.182688546017744,10.544
STAGE_MODEL_THRESHOLD,4,15.233211644022958,10.544
STAGE_MODEL_THRESHOLD,4,15.28358206700068,10.488
STAGE_MODEL_THRESHOLD,4,15.343482897005742,10.488
STAGE_MODEL_THRESHOLD,4,15.393952003010781,10.108
STAGE_MODEL_THRESHOLD,4,15.448697843006812,10.108
STAGE_MODEL_THRESHOLD,4,15.500193179002963,10.184
STAGE_MODEL_THRESHOLD,4,15.550806419021683,10.184
STAGE_MODEL_THRESHOLD,4,15.601626328018028,10.226
STAGE_MODEL_THRESHOLD,4,15.651991938007995,10.226
STAGE_MODEL_THRESHOLD,4,15.702428885007976,10.292
STAGE_MODEL_THRESHOLD,4,15.753145344002405,10.292
STAGE_MODEL_THRESHOLD,4,15.803600227023708,10.266
STAGE_MODEL_THRESHOLD,4,15.854051332018571,10.266
STAGE_MODEL_THRESHOLD,4,15.904558278009063,10.281
STAGE_MODEL_THRESHOLD,4,15.95490566501394,10.281
STAGE_MODEL_THRESHOLD,4,16.00539498301805,10.26
STAGE_MODEL_THRESHOLD,4,16.055824473005487,10.26
STAGE_MODEL_THRESHOLD,4,16.10625989601249,10.273
STAGE_MODEL_THRESHOLD,4,16.156701846019132,10.273
STAGE_MODEL_THRESHOLD,4,16.20731482002884,10.255
STAGE_MODEL_THRESHOLD,4,16.257754857011605,10.255
STAGE_MODEL_THRESHOLD,4,16.308365042001242,10.191
STAGE_MODEL_THRESHOLD,4,16.35972497201874,10.191
STAGE_MODEL_THRESHOLD,4,16.411110920016654,10.295
STAGE_MODEL_THRESHOLD,4,16.461714319011662,10.295
STAGE_MODEL_THRESHOLD,4,16.512266286008526,14.62
STAGE_MODEL_THRESHOLD,4,16.565476835006848,14.62
STAGE_MODEL_THRESHOLD,4,16.61674643002334,9.585
STAGE_MODEL_THRESHOLD,4,16.669292031001532,9.585
STAGE_MODEL_THRESHOLD,4,16.725380722025875,10.424
STAGE_MODEL_THRESHOLD,4,16.77606978302356,10.276
STAGE_MODEL_THRESHOLD,4,16.828559848014265,10.276
STAGE_MODEL_THRESHOLD,4,16.8800128060102,10.241
STAGE_MODEL_THRESHOLD,4,16.93068220402347,10.241
STAGE_MODEL_THRESHOLD,4,16.98215775200515,9.981
STAGE_MODEL_THRESHOLD,4,17.03345909100608,9.981
STAGE_MODEL_THRESHOLD,4,17.087643884005956,9.532
STAGE_MODEL_THRESHOLD,4,17.142476457025623,9.532
STAGE_MODEL_THRESHOLD,4,17.193632476002676,10.184
STAGE_MODEL_THRESHOLD,4,17.244183526025154,10.184
STAGE_MODEL_THRESHOLD,4,17.294655146019068,7.139
STAGE_MODEL_THRESHOLD,4,17.345859507011482,7.139
STAGE_MODEL_THRESHOLD,4,17.397792528005084,10.225
STAGE_MODEL_THRESHOLD,4,17.448308818013174,10.225
STAGE_MODEL_THRESHOLD,4,17.499228224012768,18.561
STAGE_MODEL_THRESHOLD,4,17.550424951012246,18.561
STAGE_MODEL_THRESHOLD,4,17.60176539400709,9.426
STAGE_MODEL_THRESHOLD,4,17.652386601024773,9.426
STAGE_MODEL_THRESHOLD,4,17.702921178017277,9.827
STAGE_MODEL_THRESHOLD,4,17.7535121650144,9.827
STAGE_MODEL_THRESHOLD,4,17.803984655009117,9.95
STAGE_MODEL_THRESHOLD,4,17.85483545102761,9.95
STAGE_MODEL_THRESHOLD,4,17.905372502020327,9.993
STAGE_MODEL_THRESHOLD,4,17.95780540301348,9.993
STAGE_MODEL_THRESHOLD,4,18.009150073019555,10.241
STAGE_MODEL_THRESHOLD,4,18.05961337100598,10.241
STAGE_MODEL_THRESHOLD,4,18.11005193600431,8.858
STAGE_MODEL_THRESHOLD,4,18.161382793012308,8.858
STAGE_MODEL_THRESHOLD,4,18.216677309013903,10.177
STAGE_MODEL_THRESHOLD,4,18.267189894017065,10.177
STAGE_MODEL_THRESHOLD,4,18.317712606018176,10.276
STAGE_MODEL_THRESHOLD,4,18.37522137502674,10.153
STAGE_MODEL_THRESHOLD,4,18.425791851012036,10.153
STAGE_MODEL_THRESHOLD,4,18.47640709701227,6.808
STAGE_MODEL_THRESHOLD,4,18.532017152028857,6.808
STAGE_MODEL_THRESHOLD,4,18.583571240014862,8.348
STAGE_MODEL_THRESHOLD,4,18.635133741016034,8.348
STAGE_MODEL_THRESHOLD,4,18.687592938018497,10.411
STAGE_MODEL_THRESHOLD,4,18.738048104016343,10.411
STAGE_MODEL_THRESHOLD,4,18.78892567602452,10.342
STAGE_MODEL_THRESHOLD,4,18.839552969002398,10.342
STAGE_MODEL_THRESHOLD,4,18.889994735014625,11.248
STAGE_MODEL_THRESHOLD,4,18.955540256021777,11.248
STAGE_MODEL_THRESHOLD,4,19.007078771013767,10.48
STAGE_MODEL_THRESHOLD,4,19.0583094630274,10.48
STAGE_MODEL_THRESHOLD,4,19.109749283001292,11.075
STAGE_MODEL_THRESHOLD,4,19.170472266006982,9.57
STAGE_MODEL_THRESHOLD,4,19.222018998028943,11.865
STAGE_MODEL_THRESHOLD,4,19.27390961101628,8.938
STAGE_MODEL_THRESHOLD,4,19.325479041028302,8.938
STAGE_MODEL_THRESHOLD,4,19.378522948012687,10.215
STAGE_MODEL_THRESHOLD,4,19.42905999501818,10.215
STAGE_MODEL_THRESHOLD,4,19.47968940701685,10.366
STAGE_MODEL_THRESHOLD,4,19.535594865999883,10.366
STAGE_MODEL_THRESHOLD,4,19.5874088180135,10.196
STAGE_MODEL_THRESHOLD,4,19.638007006025873,10.196
STAGE_MODEL_THRESHOLD,4,19.688730426016264,6.127
STAGE_MODEL_THRESHOLD,4,19.74123831500765,6.127
STAGE_MODEL_THRESHOLD,4,19.79394132300513,10.496
STAGE_MODEL_THRESHOLD,4,19.850865038024494,10.496
STAGE_MODEL_THRESHOLD,4,19.9022807610163,10.162
STAGE_MODEL_THRESHOLD,4,19.952902789023938,10.162
STAGE_MODEL_THRESHOLD,4,20.00334694600315,10.19
STAGE_MODEL_THRESHOLD,4,20.05376546800835,10.19
STAGE_MODEL_THRESHOLD,4,20.104334400006337,9.471
STAGE_MODEL_THRESHOLD,4,20.155549224000424,9.471
STAGE_MODEL_THRESHOLD,4,20.207765468017897,10.173
STAGE_MODEL_THRESHOLD,4,20.25821619000635,10.173
STAGE_MODEL_THRESHOLD,4,20.308697512024082,10.118
STAGE_MODEL_THRESHOLD,4,20.360955712007126,10.118
STAGE_MODEL_THRESHOLD,4,20.412260355020408,10.221
STAGE_MODEL_THRESHOLD,4,20.46272399101872,10.221
STAGE_MODEL_THRESHOLD,4,20.513378573028604,10.225
STAGE_MODEL_THRESHOLD,4,20.563830194005277,10.225
STAGE_MODEL_THRESHOLD,4,20.614353921002476,9.28
STAGE_MODEL_THRESHOLD,4,20.667115470016142,9.28
STAGE_MODEL_THRESHOLD,4,20.72429509900394,10.361
STAGE_MODEL_THRESHOLD,4,20.774817776022246,10.169
STAGE_MODEL_THRESHOLD,4,20.825400771020213,10.169
STAGE_MODEL_THRESHOLD,4,20.876180090010166,6.946
STAGE_MODEL_THRESHOLD,4,20.9278967360151,6.946
STAGE_MODEL_THRESHOLD,4,20.981546778028132,6.807
STAGE_MODEL_THRESHOLD,4,21.034516412008088,6.807
STAGE_MODEL_THRESHOLD,4,21.08639513401431,13.464
STAGE_MODEL_THRESHOLD,4,21.13762644500821,13.464
STAGE_MODEL_THRESHOLD,4,21.190328105003573,10.078
STAGE_MODEL_THRESHOLD,4,21.240855663025286,10.078
STAGE_MODEL_THRESHOLD,4,21.291306054015877,10.157
STAGE_MODEL_THRESHOLD,4,21.341821372014238,10.157
STAGE_MODEL_THRESHOLD,4,21.392266660026507,10.184
STAGE_MODEL_THRESHOLD,4,21.444849734019954,10.184
STAGE_MODEL_THRESHOLD,4,21.49569653402432,9.586
STAGE_MODEL_THRESHOLD,4,21.550477725017117,9.586
STAGE_MODEL_THRESHOLD,4,21.60178450602689,10.204
STAGE_MODEL_THRESHOLD,4,21.65230052001425,10.204
STAGE_MODEL_THRESHOLD,4,21.702763173001586,9.651
STAGE_MODEL_THRESHOLD,4,21.75435076802387,9.651
STAGE_MODEL_THRESHOLD,4,21.809470876003616,10.221
STAGE_MODEL_THRESHOLD,4,21.859919181006262,10.221
STAGE_MODEL_THRESHOLD,4,21.91048770301859,9.972
STAGE_MODEL_THRESHOLD,4,21.965024507022463,9.878
STAGE_MODEL_THRESHOLD,4,22.021295682003256,10.268
STAGE_MODEL_THRESHOLD,4,22.072543657006463,10.193
STAGE_MODEL_THRESHOLD,4,22.123122929013334,10.193
STAGE_MODEL_THRESHOLD,4,22.173641564004356,6.561
STAGE_MODEL_THRESHOLD,4,22.225019570003496,6.561
STAGE_MODEL_THRESHOLD,4,22.277295689011225,10.234
STAGE_MODEL_THRESHOLD,4,22.327842552011134,10.234
STAGE_MODEL_THRESHOLD,4,22.378315619018395,10.244
STAGE_MODEL_THRESHOLD,4,22.42881423601648,10.244
STAGE_MODEL_THRESHOLD,4,22.479385605023708,10.238
STAGE_MODEL_THRESHOLD,4,22.53361370402854,10.238
STAGE_MODEL_THRESHOLD,4,22.58408218700788,9.594
STAGE_MODEL_THRESHOLD,4,22.638392761000432,9.594
STAGE_MODEL_THRESHOLD,4,22.689703998999903,10.285
STAGE_MODEL_THRESHOLD,4,22.74018729000818,10.285
STAGE_MODEL_THRESHOLD,4,22.7907472110237,10.124
STAGE_MODEL_THRESHOLD,4,22.841927952016704,11.115
STAGE_MODEL_THRESHOLD,4,22.894042091007577,9.749
STAGE_MODEL_THRESHOLD,4,22.951783986005466,12.074
STAGE_MODEL_THRESHOLD,4,23.00289316600538,8.739
STAGE_MODEL_THRESHOLD,4,23.055371131020365,8.739
STAGE_MODEL_THRESHOLD,4,23.106606656016083,10.198
STAGE_MODEL_THRESHOLD,4,23.157092985027703,10.198
STAGE_MODEL_THRESHOLD,4,23.207643003028352,10.21
STAGE_MODEL_THRESHOLD,4,23.258029811026063,10.21
STAGE_MODEL_THRESHOLD,4,23.308461114007514,10.219
STAGE_MODEL_THRESHOLD,4,23.3588404180191,10.219
STAGE_MODEL_THRESHOLD,4,23.409935111005325,6.273
STAGE_MODEL_THRESHOLD,4,23.46130172201083,6.273
STAGE_MODEL_THRESHOLD,4,23.515772232000018,16.334
STAGE_MODEL_THRESHOLD,4,23.573704428010387,9.834
STAGE_MODEL_THRESHOLD,4,23.62804364200565,9.834
STAGE_MODEL_THRESHOLD,4,23.678529127006186,10.257
STAGE_MODEL_THRESHOLD,4,23.733204404008575,14.005
STAGE_MODEL_THRESHOLD,4,23.789022204000503,9.497
STAGE_MODEL_THRESHOLD,4,23.840214174007997,9.497
STAGE_MODEL_THRESHOLD,4,23.89207253101631,10.265
STAGE_MODEL_THRESHOLD,4,23.942568998027127,10.265
STAGE_MODEL_THRESHOLD,4,23.99301427300088,10.173
STAGE_MODEL_THRESHOLD,4,24.04472622202593,10.173
STAGE_MODEL_THRESHOLD,4,24.10042136302218,10.264
STAGE_MODEL_THRESHOLD,4,24.151150754012633,10.264
STAGE_MODEL_THRESHOLD,4,24.201662840001518,8.937
STAGE_MODEL_THRESHOLD,4,24.258538396010408,10.34
STAGE_MODEL_THRESHOLD,4,24.316168165009003,10.019
STAGE_MODEL_THRESHOLD,4,24.367561834020307,10.245
STAGE_MODEL_THRESHOLD,4,24.420243179018144,10.327
STAGE_MODEL_THRESHOLD,4,24.478438828024082,6.188
STAGE_MODEL_THRESHOLD,4,24.531427338020876,6.188
STAGE_MODEL_THRESHOLD,4,24.582777101022657,10.258
STAGE_MODEL_THRESHOLD,4,24.633252601022832,10.258
STAGE_MODEL_THRESHOLD,4,24.683859529002802,8.123
STAGE_MODEL_THRESHOLD,4,24.73506626402377,8.123
STAGE_MODEL_THRESHOLD,4,24.787657463020878,10.493
STAGE_MODEL_THRESHOLD,4,24.83817976602586,10.493
STAGE_MODEL_THRESHOLD,4,24.888695515022846,9.642
STAGE_MODEL_THRESHOLD,4,24.941593288007425,9.642
STAGE_MODEL_THRESHOLD,4,24.992767734016525,10.306
STAGE_MODEL_THRESHOLD,4,25.052408133022254,10.306
STAGE_MODEL_THRESHOLD,4,25.102824837027583,9.943
STAGE_MODEL_THRESHOLD,4,25.157412500004284,9.943
STAGE_MODEL_THRESHOLD,4,25.208808892028173,10.269
STAGE_MODEL_THRESHOLD,4,25.259365314006573,10.269
STAGE_MODEL_THRESHOLD,4,25.309817819012096,10.289
STAGE_MODEL_THRESHOLD,4,25.361945872020442,10.289
STAGE_MODEL_THRESHOLD,4,25.41258596300031,10.306
STAGE_MODEL_THRESHOLD,4,25.46300620501279,10.306
STAGE_MODEL_THRESHOLD,4,25.51355401900946,10.14
STAGE_MODEL_THRESHOLD,4,25.56494776601903,10.956
STAGE_MODEL_THRESHOLD,4,25.616228363011032,8.506
STAGE_MODEL_THRESHOLD,4,25.669181257020682,6.198
STAGE_MODEL_THRESHOLD,4,25.720356782025192,6.198
STAGE_MODEL_THRESHOLD,4,25.773253332008608,7.284
STAGE_MODEL_THRESHOLD,4,25.825567875028355,7.284
STAGE_MODEL_THRESHOLD,4,25.876922274008393,6.875
STAGE_MODEL_THRESHOLD,4,25.92811946402071,6.875
STAGE_MODEL_THRESHOLD,4,25.984576161019504,10.563
STAGE_MODEL_THRESHOLD,4,26.03502937601297,10.563
STAGE_MODEL_THRESHOLD,4,26.085450848011533,10.498
STAGE_MODEL_THRESHOLD,4,26.139159030019073,10.498
STAGE_MODEL_THRESHOLD,4,26.189554109005257,9.754
STAGE_MODEL_THRESHOLD,4,26.244281324004987,9.754
STAGE_MODEL_THRESHOLD,4,26.295493594021536,10.431
STAGE_MODEL_THRESHOLD,4,26.346174905018415,10.431
STAGE_MODEL_THRESHOLD,4,26.396626232017297,10.372
STAGE_MODEL_THRESHOLD,4,26.44717557702097,10.372
STAGE_MODEL_THRESHOLD,4,26.497596965025878,10.397
STAGE_MODEL_THRESHOLD,4,26.548025290016085,10.397
STAGE_MODEL_THRESHOLD,4,26.59853779702098,10.364
STAGE_MODEL_THRESHOLD,4,26.64896396000404,10.364
STAGE_MODEL_THRESHOLD,4,26.699355101009132,10.406
STAGE_MODEL_THRESHOLD,4,26.74987700302154,10.406
STAGE_MODEL_THRESHOLD,4,26.800449861009838,10.365
STAGE_MODEL_THRESHOLD,4,26.85087008800474,10.365
STAGE_MODEL_THRESHOLD,4,26.901724785013357,10.388
STAGE_MODEL_THRESHOLD,4,26.952305375016294,10.388
STAGE_MODEL_THRESHOLD,4,27.002755965018878,10.374
STAGE_MODEL_THRESHOLD,4,27.053264461021172,10.374
STAGE_MODEL_THRESHOLD,4,27.10378057800699,10.393
STAGE_MODEL_THRESHOLD,4,27.154207113024313,10.393
STAGE_MODEL_THRESHOLD,4,27.204691175022162,10.382
STAGE_MODEL_THRESHOLD,4,27.255172034027055,10.382
STAGE_MODEL_THRESHOLD,4,27.305537108011777,10.385
STAGE_MODEL_THRESHOLD,4,27.35597798600793,10.385
STAGE_MODEL_THRESHOLD,4,27.40661130400258,10.366
STAGE_MODEL_THRESHOLD,4,27.457131989009213,10.366
STAGE_MODEL_THRESHOLD,4,27.50920787602081,10.397
STAGE_MODEL_THRESHOLD,4,27.559829152014572,10.397
STAGE_MODEL_THRESHOLD,4,27.610422063007718,10.389
STAGE_MODEL_THRESHOLD,4,27.660817835014313,10.389
STAGE_MODEL_THRESHOLD,4,27.711267551028868,10.387
STAGE_MODEL_THRESHOLD,4,27.763750197016634,10.387
STAGE_MODEL_THRESHOLD,4,27.81445016001817,10.371
STAGE_MODEL_THRESHOLD,4,27.86510456900578,10.371
STAGE_MODEL_THRESHOLD,4,27.915733983012615,10.405
STAGE_MODEL_THRESHOLD,4,27.966175763023784,10.405
STAGE_MODEL_THRESHOLD,4,28.016779005003627,10.372
STAGE_MODEL_THRESHOLD,4,28.068629686022177,10.37
STAGE_MODEL_THRESHOLD,4,28.11982071402599,10.37
STAGE_MODEL_THRESHOLD,4,28.17043565402855,10.37
STAGE_MODEL_THRESHOLD,4,28.220893278019503,10.36
STAGE_MODEL_THRESHOLD,4,28.271424504026072,10.356
STAGE_MODEL_THRESHOLD,4,28.32190277002519,10.356
STAGE_MODEL_THRESHOLD,4,28.372591112012742,10.356
STAGE_MODEL_THRESHOLD,4,28.42305951702292,10.384
STAGE_MODEL_THRESHOLD,4,28.473619964002864,10.384
STAGE_MODEL_THRESHOLD,4,28.524259315017844,10.377
STAGE_MODEL_THRESHOLD,4,28.57482547001564,10.377
STAGE_MODEL_THRESHOLD,4,28.625477109017083,10.391
STAGE_MODEL_THRESHOLD,4,28.67611693701474,10.365
STAGE_MODEL_THRESHOLD,4,28.72665842200513,10.365
STAGE_MODEL_THRESHOLD,4,28.77730133701698,10.353
STAGE_MODEL_THRESHOLD,4,28.827876025025034,10.353
STAGE_MODEL_THRESHOLD,4,28.878427812014706,10.372
STAGE_MODEL_THRESHOLD,4,28.92916208601673,10.372
STAGE_MODEL_THRESHOLD,4,28.979677512019407,10.351
STAGE_MODEL_THRESHOLD,4,29.03016134700738,10.351
STAGE_MODEL_THRESHOLD,4,29.080773791007232,10.365
STAGE_MODEL_THRESHOLD,4,29.131339932006085,10.365
STAGE_MODEL_THRESHOLD,4,29.181846227002097,10.396
STAGE_MODEL_THRESHOLD,4,29.232315746019594,10.396
STAGE_MODEL_THRESHOLD,4,29.282877701014513,10.425
STAGE_MODEL_THRESHOLD,4,29.33333365301951,10.425
STAGE_MODEL_THRESHOLD,4,29.38382713100873,10.416
STAGE_MODEL_THRESHOLD,4,29.434445295017213,10.416
STAGE_MODEL_THRESHOLD,4,29.485111361020245,10.412
STAGE_MODEL_THRESHOLD,4,29.53586199201527,10.412
STAGE_MODEL_THRESHOLD,4,29.58659284200985,10.414
STAGE_MODEL_THRESHOLD,4,29.637365383008728,10.414
STAGE_MODEL_THRESHOLD,4,29.688009349018103,10.417
STAGE_MODEL_THRESHOLD,4,29.73860303001129,10.417
STAGE_MODEL_THRESHOLD,4,29.789257164025912,10.396
STAGE_MODEL_THRESHOLD,4,29.839893581025535,10.396
STAGE_MODEL_THRESHOLD,4,29.890467287012143,10.424
STAGE_MODEL_THRESHOLD,4,29.941094721027184,10.424
STAGE_MODEL_THRESHOLD,4,29.99167562602088,10.4
STAGE_MODEL_INFER,4,0.0010847009834833443,10.4
STAGE_MODEL_INFER,4,0.0515492309932597,10.271
STAGE_MODEL_INFER,4,0.1021645019936841,10.271
STAGE_MODEL_INFER,4,0.1525880679837428,10.284
STAGE_MODEL_INFER,4,0.20321442099520937,10.284
STAGE_MODEL_INFER,4,0.25382288699620403,10.271
STAGE_MODEL_INFER,4,0.3044452579924837,10.271
STAGE_MODEL_INFER,4,0.35494113198365085,10.26
STAGE_MODEL_INFER,4,0.4054421070031822,10.26
STAGE_MODEL_INFER,4,0.4561628999945242,10.273
STAGE_MODEL_INFER,4,0.5066377979819663,10.273
STAGE_MODEL_INFER,4,0.5572143550089095,10.266
STAGE_MODEL_INFER,4,0.607717576000141,10.266
STAGE_MODEL_INFER,4,0.6582576149958186,10.274
STAGE_MODEL_INFER,4,0.7087407250073738,10.274
STAGE_MODEL_INFER,4,0.7605345179908909,10.282
STAGE_MODEL_INFER,4,0.8117334349954035,10.282
STAGE_MODEL_INFER,4,0.8622415989811998,10.249
STAGE_MODEL_INFER,4,0.9127934410062153,10.249
STAGE_MODEL_INFER,4,0.9633519719936885,10.262
STAGE_MODEL_INFER,4,1.0140642619808204,10.262
STAGE_MODEL_INFER,4,1.064554885000689,10.297
STAGE_MODEL_INFER,4,1.1150931890006177,10.297
STAGE_MODEL_INFER,4,1.1658369310025591,10.437
STAGE_MODEL_INFER,4,1.2164827559900004,10.437
STAGE_MODEL_INFER,4,1.268999680003617,10.433
STAGE_MODEL_INFER,4,1.3197150460036937,10.433
STAGE_MODEL_INFER,4,1.3703398219950031,10.404
STAGE_MODEL_INFER,4,1.4208760829933453,10.404
STAGE_MODEL_INFER,4,1.471405172982486,10.432
STAGE_MODEL_INFER,4,1.522592346998863,10.432
STAGE_MODEL_INFER,4,1.5732011229847558,10.432
STAGE_MODEL_INFER,4,1.6237063859880436,10.432
STAGE_MODEL_INFER,4,1.6742067919985857,10.435
STAGE_MODEL_INFER,4,1.7246327559987549,10.443
STAGE_MODEL_INFER,4,1.7751405900053214,10.443
STAGE_MODEL_INFER,4,1.8255779809842352,10.445
STAGE_MODEL_INFER,4,1.8760490609856788,10.445
STAGE_MODEL_INFER,4,1.9265190989826806,10.471
STAGE_MODEL_INFER,4,1.9769748889957555,10.471
STAGE_MODEL_INFER,4,2.027518863003934,10.464
STAGE_MODEL_INFER,4,2.0781053259852342,10.464
STAGE_MODEL_INFER,4,2.1286514500097837,10.446
STAGE_MODEL_INFER,4,2.17927008800325,10.446
STAGE_MODEL_INFER,4,2.2297701979987323,10.446
STAGE_MODEL_INFER,4,2.2803889969945885,10.424
STAGE_MODEL_INFER,4,2.3309976469899993,10.456
STAGE_MODEL_INFER,4,2.381821344984928,10.456
STAGE_MODEL_INFER,4,2.4325184850022197,10.43
STAGE_MODEL_INFER,4,2.483065531007014,10.43
STAGE_MODEL_INFER,4,2.533676610997645,10.454
STAGE_MODEL_INFER,4,2.584172184986528,10.454
STAGE_MODEL_INFER,4,2.634658288996434,10.422
STAGE_MODEL_INFER,4,2.6851181089878082,10.422
STAGE_MODEL_INFER,4,2.7356154040026013,10.425
STAGE_MODEL_INFER,4,2.786434923997149,10.425
STAGE_MODEL_INFER,4,2.8369324159866665,10.424
STAGE_MODEL_INFER,4,2.887427392997779,10.424
STAGE_MODEL_INFER,4,2.9380124709859956,10.438
STAGE_MODEL_INFER,4,2.988397673005238,10.438
STAGE_MODEL_INFER,4,3.0390521500085015,10.435
STAGE_MODEL_INFER,4,3.089541602996178,10.435
STAGE_MODEL_INFER,4,3.139919884997653,10.439
STAGE_MODEL_INFER,4,3.190365685004508,10.439
STAGE_MODEL_INFER,4,3.2407418899820186,10.432
STAGE_MODEL_INFER,4,3.2912331449915655,10.432
STAGE_MODEL_INFER,4,3.341685168008553,10.432
STAGE_MODEL_INFER,4,3.3921109229850117,10.432
STAGE_MODEL_INFER,4,3.4427235909970477,10.457
STAGE_MODEL_INFER,4,3.493254946981324,10.457
STAGE_MODEL_INFER,4,3.543718151981011,10.438
STAGE_MODEL_INFER,4,3.59428949400899,10.438
STAGE_MODEL_INFER,4,3.6447045739914756,10.436
STAGE_MODEL_INFER,4,3.695144890982192,10.436
STAGE_MODEL_INFER,4,3.7455600409884937,10.464
STAGE_MODEL_INFER,4,3.795985514007043,10.464
STAGE_MODEL_INFER,4,3.846449439006392,10.453
STAGE_MODEL_INFER,4,3.8969656309927814,10.453
STAGE_MODEL_INFER,4,3.94737712998176,10.47
STAGE_MODEL_INFER,4,3.997976861981442,10.47
STAGE_MODEL_INFER,4,4.048389422998298,10.463
STAGE_MODEL_INFER,4,4.098963772994466,10.463
STAGE_MODEL_INFER,4,4.1495827400067355,10.495
STAGE_MODEL_INFER,4,4.200096649990883,10.495
STAGE_MODEL_INFER,4,4.250643916981062,10.47
STAGE_MODEL_INFER,4,4.3010362059867475,10.47
STAGE_MODEL_INFER,4,4.351902116002748,10.066
STAGE_MODEL_INFER,4,4.403877739008749,10.288
STAGE_MODEL_INFER,4,4.455169238994131,10.549
STAGE_MODEL_INFER,4,4.506485920981504,10.549
STAGE_MODEL_INFER,4,4.558800859987969,10.338
STAGE_MODEL_INFER,4,4.6093025830050465,10.338
STAGE_MODEL_INFER,4,4.659788838995155,10.453
STAGE_MODEL_INFER,4,4.710714521992486,10.453
STAGE_MODEL_INFER,4,4.761382394004613,9.073
STAGE_MODEL_INFER,4,4.814112528983969,9.073
STAGE_MODEL_INFER,4,4.865477975981776,10.397
STAGE_MODEL_INFER,4,4.915971715003252,10.397
STAGE_MODEL_INFER,4,4.966438251984073,10.451
STAGE_MODEL_INFER,4,5.016967568983091,10.451
STAGE_MODEL_INFER,4,5.067412283999147,10.705
STAGE_MODEL_INFER,4,5.118999002996134,10.705
STAGE_MODEL_INFER,4,5.171287495992146,10.435
STAGE_MODEL_INFER,4,5.221641893003834,10.435
STAGE_MODEL_INFER,4,5.272012220986653,10.437
STAGE_MODEL_INFER,4,5.322437962982804,10.437
STAGE_MODEL_INFER,4,5.372829017986078,10.427
STAGE_MODEL_INFER,4,5.423162191000301,10.427
STAGE_MODEL_INFER,4,5.473632454988547,10.425
STAGE_MODEL_INFER,4,5.524069211009191,10.435
STAGE_MODEL_INFER,4,5.574570436991053,10.435
STAGE_MODEL_INFER,4,5.6249437229998875,10.441
STAGE_MODEL_INFER,4,5.675346376985544,10.441
STAGE_MODEL_INFER,4,5.725937915995019,10.529
STAGE_MODEL_INFER,4,5.778145977004897,10.529
STAGE_MODEL_INFER,4,5.831066419981653,10.481
STAGE_MODEL_INFER,4,5.881540918984683,10.481
STAGE_MODEL_INFER,4,5.931971558980877,11.93
STAGE_MODEL_INFER,4,5.988629294006387,11.93
STAGE_MODEL_INFER,4,6.03978256098344,6.363
STAGE_MODEL_INFER,4,6.091010401985841,6.363
STAGE_MODEL_INFER,4,6.147992613987299,10.952
STAGE_MODEL_INFER,4,6.198611134983366,10.952
STAGE_MODEL_INFER,4,6.249108365998836,10.714
STAGE_MODEL_INFER,4,6.2995712329866365,10.714
STAGE_MODEL_INFER,4,6.350156831991626,11.057
STAGE_MODEL_INFER,4,6.4024380820046645,11.057
STAGE_MODEL_INFER,4,6.4539814940071665,10.555
STAGE_MODEL_INFER,4,6.504520633985521,10.555
STAGE_MODEL_INFER,4,6.554964438983006,10.142
STAGE_MODEL_INFER,4,6.606200587004423,10.142
STAGE_MODEL_INFER,4,6.658491726993816,10.754
STAGE_MODEL_INFER,4,6.709087063005427,10.754
STAGE_MODEL_INFER,4,6.759673227992607,10.591
STAGE_MODEL_INFER,4,6.8101784299942665,10.591
STAGE_MODEL_INFER,4,6.860571755009005,10.559
STAGE_MODEL_INFER,4,6.911085831990931,10.559
STAGE_MODEL_INFER,4,6.9617850969953,10.534
STAGE_MODEL_INFER,4,7.012338362983428,10.534
STAGE_MODEL_INFER,4,7.062764962000074,10.811
STAGE_MODEL_INFER,4,7.11963617199217,10.812
STAGE_MODEL_INFER,4,7.170947492995765,10.839
STAGE_MODEL_INFER,4,7.222479846997885,6.302
STAGE_MODEL_INFER,4,7.27390669399756,6.302
STAGE_MODEL_INFER,4,7.32505198000581,10.347
STAGE_MODEL_INFER,4,7.389232393994462,10.347
STAGE_MODEL_INFER,4,7.4397999389912,10.865
STAGE_MODEL_INFER,4,7.492720660986379,10.865
STAGE_MODEL_INFER,4,7.543854602990905,10.354
STAGE_MODEL_INFER,4,7.603412625991041,10.354
STAGE_MODEL_INFER,4,7.653829060000135,11.232
STAGE_MODEL_INFER,4,7.708401785988826,11.232
STAGE_MODEL_INFER,4,7.759643291996326,9.582
STAGE_MODEL_INFER,4,7.825042018987006,11.204
STAGE_MODEL_INFER,4,7.876662638998823,9.457
STAGE_MODEL_INFER,4,7.928124794998439,11.361
STAGE_MODEL_INFER,4,7.979146794008557,11.361
STAGE_MODEL_INFER,4,8.030545018991688,10.54
STAGE_MODEL_INFER,4,8.081074693007395,10.54
STAGE_MODEL_INFER,4,8.131579613982467,10.505
STAGE_MODEL_INFER,4,8.18210191198159,10.505
STAGE_MODEL_INFER,4,8.232638844987378,10.545
STAGE_MODEL_INFER,4,8.289725984999677,10.545
STAGE_MODEL_INFER,4,8.34102514400729,10.474
STAGE_MODEL_INFER,4,8.3914258669829,10.474
STAGE_MODEL_INFER,4,8.442064761999063,13.63
STAGE_MODEL_INFER,4,8.493302657996537,13.63
STAGE_MODEL_INFER,4,8.54592484398745,10.485
STAGE_MODEL_INFER,4,8.596593911992386,10.485
STAGE_MODEL_INFER,4,8.647217974008527,10.493
STAGE_MODEL_INFER,4,8.697810541983927,10.493
STAGE_MODEL_INFER,4,8.748675507988082,10.495
STAGE_MODEL_INFER,4,8.799195381987374,10.495
STAGE_MODEL_INFER,4,8.849702212988632,11.158
STAGE_MODEL_INFER,4,8.901837490004255,11.158
STAGE_MODEL_INFER,4,8.958521883992944,10.573
STAGE_MODEL_INFER,4,9.009108562982874,10.573
STAGE_MODEL_INFER,4,9.0600715019973,10.517
STAGE_MODEL_INFER,4,9.11068487400189,10.517
STAGE_MODEL_INFER,4,9.161495804990409,10.505
STAGE_MODEL_INFER,4,9.212085089005996,10.505
STAGE_MODEL_INFER,4,9.262564556003781,11.263
STAGE_MODEL_INFER,4,9.315556730987737,11.263
STAGE_MODEL_INFER,4,9.366792105982313,10.482
STAGE_MODEL_INFER,4,9.417483027995331,10.482
STAGE_MODEL_INFER,4,9.46821833300055,10.632
STAGE_MODEL_INFER,4,9.51979065098567,10.496
STAGE_MODEL_INFER,4,9.573932352999691,10.496
STAGE_MODEL_INFER,4,9.62453197099967,13.585
STAGE_MODEL_INFER,4,9.676154502987629,13.585
STAGE_MODEL_INFER,4,9.728556535003008,6.212
STAGE_MODEL_INFER,4,9.779813689005096,6.212
STAGE_MODEL_INFER,4,9.831240859988611,6.297
STAGE_MODEL_INFER,4,9.883701393002411,6.297
STAGE_MODEL_INFER,4,9.934914623998338,10.728
STAGE_MODEL_INFER,4,9.985586781986058,10.728
STAGE_MODEL_INFER,4,10.036039608006831,10.599
STAGE_MODEL_INFER,4,10.086510950000957,10.599
STAGE_MODEL_INFER,4,10.137004755000817,10.567
STAGE_MODEL_INFER,4,10.187424884003121,10.567
STAGE_MODEL_INFER,4,10.237937397992937,10.559
STAGE_MODEL_INFER,4,10.289557898999192,10.559
STAGE_MODEL_INFER,4,10.344802089995937,10.528
STAGE_MODEL_INFER,4,10.395916459005093,10.528
STAGE_MODEL_INFER,4,10.44653676499729,10.902
STAGE_MODEL_INFER,4,10.50082955500693,10.902
STAGE_MODEL_INFER,4,10.552307186007965,10.493
STAGE_MODEL_INFER,4,10.602853788004722,10.493
STAGE_MODEL_INFER,4,10.653606792009668,10.705
STAGE_MODEL_INFER,4,10.70496921200538,10.791
STAGE_MODEL_INFER,4,10.756162817007862,10.422
STAGE_MODEL_INFER,4,10.812115706998156,10.453
STAGE_MODEL_INFER,4,10.869004643987864,10.6
STAGE_MODEL_INFER,4,10.920256260986207,9.756
STAGE_MODEL_INFER,4,10.971469423995586,13.464
STAGE_MODEL_INFER,4,11.024394531996222,10.497
STAGE_MODEL_INFER,4,11.074936402001185,10.497
STAGE_MODEL_INFER,4,11.125570882984903,10.495
STAGE_MODEL_INFER,4,11.176306387991644,10.495
STAGE_MODEL_INFER,4,11.226813301997026,10.487
STAGE_MODEL_INFER,4,11.284445719997166,10.487
STAGE_MODEL_INFER,4,11.334959458006779,10.746
STAGE_MODEL_INFER,4,11.389786708983593,10.746
STAGE_MODEL_INFER,4,11.441284059983445,10.499
STAGE_MODEL_INFER,4,11.491896977997385,10.499
STAGE_MODEL_INFER,4,11.542907667986583,10.701
STAGE_MODEL_INFER,4,11.594254016992636,10.701
STAGE_MODEL_INFER,4,11.646959468984278,10.555
STAGE_MODEL_INFER,4,11.697489062004024,10.555
STAGE_MODEL_INFER,4,11.748641993006459,10.531
STAGE_MODEL_INFER,4,11.799144572985824,10.531
STAGE_MODEL_INFER,4,11.849860138987424,10.958
STAGE_MODEL_INFER,4,11.902463907987112,10.666
STAGE_MODEL_INFER,4,11.95909687699168,10.448
STAGE_MODEL_INFER,4,12.010770408000099,10.291
STAGE_MODEL_INFER,4,12.062234793993412,10.407
STAGE_MODEL_INFER,4,12.11636871000519,10.373
STAGE_MODEL_INFER,4,12.167634017008822,11.088
STAGE_MODEL_INFER,4,12.220145733008394,16.52
STAGE_MODEL_INFER,4,12.271416539006168,16.52
STAGE_MODEL_INFER,4,12.322999650001293,6.401
STAGE_MODEL_INFER,4,12.386854346987093,6.401
STAGE_MODEL_INFER,4,12.43808571799309,11.162
STAGE_MODEL_INFER,4,12.488613047986291,11.162
STAGE_MODEL_INFER,4,12.539079574984498,10.839
STAGE_MODEL_INFER,4,12.589496450993465,10.839
STAGE_MODEL_INFER,4,12.639959260995965,10.751
STAGE_MODEL_INFER,4,12.690504998987308,10.751
STAGE_MODEL_INFER,4,12.740905982005643,10.704
STAGE_MODEL_INFER,4,12.791354396991665,10.704
STAGE_MODEL_INFER,4,12.841799565998372,10.676
STAGE_MODEL_INFER,4,12.892412354995031,10.676
STAGE_MODEL_INFER,4,12.94294217499555,10.66
STAGE_MODEL_INFER,4,12.993492206995143,10.66
STAGE_MODEL_INFER,4,13.04400379100116,10.643
STAGE_MODEL_INFER,4,13.094437569990987,10.643
STAGE_MODEL_INFER,4,13.144878363003954,10.627
STAGE_MODEL_INFER,4,13.1953554500069,10.627
STAGE_MODEL_INFER,4,13.245880311005749,10.615
STAGE_MODEL_INFER,4,13.296306690986967,10.615
STAGE_MODEL_INFER,4,13.346734163002111,10.609
STAGE_MODEL_INFER,4,13.397133527003461,10.609
STAGE_MODEL_INFER,4,13.447697158000665,10.555
STAGE_MODEL_INFER,4,13.498152401996776,10.555
STAGE_MODEL_INFER,4,13.556123274000129,10.555
STAGE_MODEL_INFER,4,13.606731760984985,10.555
STAGE_MODEL_INFER,4,13.657375151000451,10.555
STAGE_MODEL_INFER,4,13.70783748899703,10.555
STAGE_MODEL_INFER,4,13.75828450199333,10.554
STAGE_MODEL_INFER,4,13.808726051007397,10.554
STAGE_MODEL_INFER,4,13.859306739992462,10.551
STAGE_MODEL_INFER,4,13.909790157980751,10.551
STAGE_MODEL_INFER,4,13.960327529988717,10.546
STAGE_MODEL_INFER,4,14.010771114000818,10.546
STAGE_MODEL_INFER,4,14.061481790005928,10.543
STAGE_MODEL_INFER,4,14.111937117995694,10.543
STAGE_MODEL_INFER,4,14.162451888987562,10.544
STAGE_MODEL_INFER,4,14.21295107199694,10.544
STAGE_MODEL_INFER,4,14.263617324992083,10.545
STAGE_MODEL_INFER,4,14.314012501999969,10.545
STAGE_MODEL_INFER,4,14.364491132990224,10.547
STAGE_MODEL_INFER,4,14.414957289991435,10.547
STAGE_MODEL_INFER,4,14.465458477003267,10.544
STAGE_MODEL_INFER,4,14.516019934002543,10.544
STAGE_MODEL_INFER,4,14.566517614992335,10.544
STAGE_MODEL_INFER,4,14.616984025982674,10.544
STAGE_MODEL_INFER,4,14.66746437700931,10.548
STAGE_MODEL_INFER,4,14.717968512006337,10.548
STAGE_MODEL_INFER,4,14.768392847996438,10.549
STAGE_MODEL_INFER,4,14.81872090199613,10.549
STAGE_MODEL_INFER,4,14.869097632006742,10.546
STAGE_MODEL_INFER,4,14.919621963985264,10.546
STAGE_MODEL_INFER,4,14.970089417009149,10.548
STAGE_MODEL_INFER,4,15.020569760003127,10.552
STAGE_MODEL_INFER,4,15.071029251994332,10.552
STAGE_MODEL_INFER,4,15.121396889007883,10.556
STAGE_MODEL_INFER,4,15.171904207993066,10.556
STAGE_MODEL_INFER,4,15.222459801996592,10.559
STAGE_MODEL_INFER,4,15.272903325007064,10.559
STAGE_MODEL_INFER,4,15.323404161987128,10.564
STAGE_MODEL_INFER,4,15.37384836099227,10.564
STAGE_MODEL_INFER,4,15.424329267989378,10.566
STAGE_MODEL_INFER,4,15.474823077005567,10.566
STAGE_MODEL_INFER,4,15.525330268981634,10.569
STAGE_MODEL_INFER,4,15.576052275981056,10.569
STAGE_MODEL_INFER,4,15.626505268999608,10.571
STAGE_MODEL_INFER,4,15.67691181099508,10.571
STAGE_MODEL_INFER,4,15.727497168001719,10.573
STAGE_MODEL_INFER,4,15.777939583000261,10.573
STAGE_MODEL_INFER,4,15.828401828999631,10.574
STAGE_MODEL_INFER,4,15.879288664989872,10.574
STAGE_MODEL_INFER,4,15.929712921002647,10.58
STAGE_MODEL_INFER,4,15.980183128005592,10.58
STAGE_MODEL_INFER,4,16.030594913987443,10.584
STAGE_MODEL_INFER,4,16.080973186995834,10.584
STAGE_MODEL_INFER,4,16.131429312983528,10.589
STAGE_MODEL_INFER,4,16.181955267005833,10.589
STAGE_MODEL_INFER,4,16.232396887004143,10.591
STAGE_MODEL_INFER,4,16.282887423003558,10.591
STAGE_MODEL_INFER,4,16.33336926199263,10.593
STAGE_MODEL_INFER,4,16.383885782008292,10.593
STAGE_MODEL_INFER,4,16.435676975990646,10.594
STAGE_MODEL_INFER,4,16.48634829200455,10.594
STAGE_MODEL_INFER,4,16.53694264398655,10.597
STAGE_MODEL_INFER,4,16.58747917599976,10.597
STAGE_MODEL_INFER,4,16.63803619099781,10.603
STAGE_MODEL_INFER,4,16.688571017002687,10.603
STAGE_MODEL_INFER,4,16.739167652995093,10.603
STAGE_MODEL_INFER,4,16.789675156993326,10.603
STAGE_MODEL_INFER,4,16.84012952199555,10.604
STAGE_MODEL_INFER,4,16.89071141698514,10.604
STAGE_MODEL_INFER,4,16.941297192999627,10.608
STAGE_MODEL_INFER,4,16.991920751985162,10.608
STAGE_MODEL_INFER,4,17.042360207007732,10.609
STAGE_MODEL_INFER,4,17.092874912981642,10.609
STAGE_MODEL_INFER,4,17.14332849200582,10.609
STAGE_MODEL_INFER,4,17.19378126200172,10.609
STAGE_MODEL_INFER,4,17.24422941400553,10.607
STAGE_MODEL_INFER,4,17.294695802993374,10.607
STAGE_MODEL_INFER,4,17.345485011988785,10.604
STAGE_MODEL_INFER,4,17.395936095999787,10.604
STAGE_MODEL_INFER,4,17.446424763009418,10.605
STAGE_MODEL_INFER,4,17.496883205982158,10.605
STAGE_MODEL_INFER,4,17.54732416398474,10.608
STAGE_MODEL_INFER,4,17.59783011500258,10.608
STAGE_MODEL_INFER,4,17.648345691995928,10.609
STAGE_MODEL_INFER,4,17.69881654100027,10.609
STAGE_MODEL_INFER,4,17.749250375985866,10.607
STAGE_MODEL_INFER,4,17.799788283999078,10.607
STAGE_MODEL_INFER,4,17.850250763993245,10.605
STAGE_MODEL_INFER,4,17.900823331990978,10.605
STAGE_MODEL_INFER,4,17.951292437006487,10.596
STAGE_MODEL_INFER,4,18.00192710198462,10.596
STAGE_MODEL_INFER,4,18.05240384399076,10.587
STAGE_MODEL_INFER,4,18.10296991598443,10.587
STAGE_MODEL_INFER,4,18.153459577995818,10.588
STAGE_MODEL_INFER,4,18.204088906990364,10.588
STAGE_MODEL_INFER,4,18.254802868003026,10.587
STAGE_MODEL_INFER,4,18.305258620996028,10.587
STAGE_MODEL_INFER,4,18.35587297999882,10.587
STAGE_MODEL_INFER,4,18.40644863000489,10.587
STAGE_MODEL_INFER,4,18.45700461199158,10.582
STAGE_MODEL_INFER,4,18.507454690989107,10.582
STAGE_MODEL_INFER,4,18.558135900995694,10.572
STAGE_MODEL_INFER,4,18.608642745006364,10.572
STAGE_MODEL_INFER,4,18.65924045300926,10.574
STAGE_MODEL_INFER,4,18.710009746981086,10.574
STAGE_MODEL_INFER,4,18.76082810398657,10.568
STAGE_MODEL_INFER,4,18.81143338000402,10.568
STAGE_MODEL_INFER,4,18.86207523799385,10.567
STAGE_MODEL_INFER,4,18.912641881004674,10.567
STAGE_MODEL_INFER,4,18.96340026400867,10.569
STAGE_MODEL_INFER,4,19.014380979002453,10.569
STAGE_MODEL_INFER,4,19.064922358986223,10.573
STAGE_MODEL_INFER,4,19.115760604006937,10.573
STAGE_MODEL_INFER,4,19.166231060982682,10.574
STAGE_MODEL_INFER,4,19.21676959900651,10.574
STAGE_MODEL_INFER,4,19.267455016990425,10.141
STAGE_MODEL_INFER,4,19.324237221007934,10.547
STAGE_MODEL_INFER,4,19.374845171987545,10.547
STAGE_MODEL_INFER,4,19.425494522001827,13.104
STAGE_MODEL_INFER,4,19.479546828981256,13.104
STAGE_MODEL_INFER,4,19.53098169399891,10.619
STAGE_MODEL_INFER,4,19.58149947100901,10.619
STAGE_MODEL_INFER,4,19.63222956599202,10.601
STAGE_MODEL_INFER,4,19.682845789007843,10.601
STAGE_MODEL_INFER,4,19.733381038007792,10.575
STAGE_MODEL_INFER,4,19.78931914700661,10.575
STAGE_MODEL_INFER,4,19.839750813989667,6.382
STAGE_MODEL_INFER,4,19.892117356008384,6.382
STAGE_MODEL_INFER,4,19.943532684003003,11.438
STAGE_MODEL_INFER,4,19.99594489298761,11.438
STAGE_MODEL_INFER,4,20.047168230987154,10.549
STAGE_MODEL_INFER,4,20.097655099991243,10.549
STAGE_MODEL_INFER,4,20.148113789007766,10.483
STAGE_MODEL_INFER,4,20.199714710994158,10.483
STAGE_MODEL_INFER,4,20.25128848600434,10.567
STAGE_MODEL_INFER,4,20.301751939987298,10.567
STAGE_MODEL_INFER,4,20.35214327799622,11.968
STAGE_MODEL_INFER,4,20.4080615209823,10.487
STAGE_MODEL_INFER,4,20.462845495989313,10.773
STAGE_MODEL_INFER,4,20.514222047000658,10.773
STAGE_MODEL_INFER,4,20.5662568770058,10.644
STAGE_MODEL_INFER,4,20.6167288729921,10.644
STAGE_MODEL_INFER,4,20.667280077992473,10.653
STAGE_MODEL_INFER,4,20.717840348981554,10.653
STAGE_MODEL_INFER,4,20.77641260699602,10.292
STAGE_MODEL_INFER,4,20.826990197994746,12.184
STAGE_MODEL_INFER,4,20.879690789995948,12.184
STAGE_MODEL_INFER,4,20.937530156981666,10.727
STAGE_MODEL_INFER,4,20.988084157987032,10.727
STAGE_MODEL_INFER,4,21.038632844982203,10.633
STAGE_MODEL_INFER,4,21.089194403000874,10.633
STAGE_MODEL_INFER,4,21.13979106399347,10.61
STAGE_MODEL_INFER,4,21.19263262298773,10.61
STAGE_MODEL_INFER,4,21.243115578981815,11.411
STAGE_MODEL_INFER,4,21.29673417500453,11.411
STAGE_MODEL_INFER,4,21.34816471900558,10.516
STAGE_MODEL_INFER,4,21.39885431298171,10.516
STAGE_MODEL_INFER,4,21.449488813988864,10.537
STAGE_MODEL_INFER,4,21.499919752997812,10.537
STAGE_MODEL_INFER,4,21.550452058989322,10.543
STAGE_MODEL_INFER,4,21.601054287981242,10.543
STAGE_MODEL_INFER,4,21.651879968994763,11.066
STAGE_MODEL_INFER,4,21.70344106000266,11.066
STAGE_MODEL_INFER,4,21.755723620997742,10.725
STAGE_MODEL_INFER,4,21.806428070995025,10.725
STAGE_MODEL_INFER,4,21.85681185600697,11.334
STAGE_MODEL_INFER,4,21.909638462995645,9.727
STAGE_MODEL_INFER,4,21.96141538998927,15.491
STAGE_MODEL_INFER,4,22.012793826987036,15.491
STAGE_MODEL_INFER,4,22.065608901990345,10.586
STAGE_MODEL_INFER,4,22.11618191798334,10.586
STAGE_MODEL_INFER,4,22.16674477199558,10.57
STAGE_MODEL_INFER,4,22.21730402499088,10.57
STAGE_MODEL_INFER,4,22.26775439598714,10.574
STAGE_MODEL_INFER,4,22.318314061005367,10.56
STAGE_MODEL_INFER,4,22.36895714799175,10.56
STAGE_MODEL_INFER,4,22.4196160529973,10.55
STAGE_MODEL_INFER,4,22.470104915992124,10.55
STAGE_MODEL_INFER,4,22.520817762997467,10.559
STAGE_MODEL_INFER,4,22.57137874298496,10.559
STAGE_MODEL_INFER,4,22.621757724991767,10.571
STAGE_MODEL_INFER,4,22.67223277199082,10.571
STAGE_MODEL_INFER,4,22.722661409003194,10.58
STAGE_MODEL_INFER,4,22.773113764007576,10.58
STAGE_MODEL_INFER,4,22.834926014998928,11.476
STAGE_MODEL_INFER,4,22.886195953004062,11.476
STAGE_MODEL_INFER,4,22.937652791995788,10.565
STAGE_MODEL_INFER,4,22.98820438198163,10.565
STAGE_MODEL_INFER,4,23.038718915981008,10.556
STAGE_MODEL_INFER,4,23.089090547990054,10.556
STAGE_MODEL_INFER,4,23.139582265983336,10.549
STAGE_MODEL_INFER,4,23.190018300985685,10.549
STAGE_MODEL_INFER,4,23.240464239002904,10.568
STAGE_MODEL_INFER,4,23.29083757699118,10.568
STAGE_MODEL_INFER,4,23.341414927999722,10.57
STAGE_MODEL_INFER,4,23.391871829982847,10.57
STAGE_MODEL_INFER,4,23.442365745984716,10.567
STAGE_MODEL_INFER,4,23.492806216003373,10.567
STAGE_MODEL_INFER,4,23.54328044099384,10.572
STAGE_MODEL_INFER,4,23.59385346499039,10.572
STAGE_MODEL_INFER,4,23.644462124007987,10.578
STAGE_MODEL_INFER,4,23.695101475983392,10.578
STAGE_MODEL_INFER,4,23.745545432990184,10.57
STAGE_MODEL_INFER,4,23.795889378001448,10.57
STAGE_MODEL_INFER,4,23.846306094987085,10.568
STAGE_MODEL_INFER,4,23.896878259984078,10.568
STAGE_MODEL_INFER,4,23.94750015399768,10.565
STAGE_MODEL_INFER,4,23.997914032981498,10.565
STAGE_MODEL_INFER,4,24.048380149004515,10.562
STAGE_MODEL_INFER,4,24.099384915985866,10.562
STAGE_MODEL_INFER,4,24.149820491991704,10.561
STAGE_MODEL_INFER,4,24.200267998006893,10.561
STAGE_MODEL_INFER,4,24.25076535900007,12.03
STAGE_MODEL_INFER,4,24.30192345098476,12.03
STAGE_MODEL_INFER,4,24.358162652992178,10.53
STAGE_MODEL_INFER,4,24.408738241007086,10.53
STAGE_MODEL_INFER,4,24.465016639995156,17.206
STAGE_MODEL_INFER,4,24.51625120700919,10.433
STAGE_MODEL_INFER,4,24.572504084004322,10.436
STAGE_MODEL_INFER,4,24.622962775989436,10.528
STAGE_MODEL_INFER,4,24.673566493002,10.528
STAGE_MODEL_INFER,4,24.7241834809829,10.528
STAGE_MODEL_INFER,4,24.774688357982086,10.528
STAGE_MODEL_INFER,4,24.825391785998363,10.567
STAGE_MODEL_INFER,4,24.87597556799301,10.567
STAGE_MODEL_INFER,4,24.926531347009586,10.563
STAGE_MODEL_INFER,4,24.97712194500491,10.563
STAGE_MODEL_INFER,4,25.02748603798682,10.554
STAGE_MODEL_INFER,4,25.077992646984058,10.554
STAGE_MODEL_INFER,4,25.128539531986462,10.547
STAGE_MODEL_INFER,4,25.17902781299199,10.547
STAGE_MODEL_INFER,4,25.22958818799816,11.951
STAGE_MODEL_INFER,4,25.280859966005664,10.521
STAGE_MODEL_INFER,4,25.337475057982374,10.959
STAGE_MODEL_INFER,4,25.388857003999874,10.04
STAGE_MODEL_INFER,4,25.45352038400597,12.55
STAGE_MODEL_INFER,4,25.504725384991616,12.55
STAGE_MODEL_INFER,4,25.556865190999815,10.58
STAGE_MODEL_INFER,4,25.60761484998511,10.58
STAGE_MODEL_INFER,4,25.65806718400563,10.573
STAGE_MODEL_INFER,4,25.708559041988337,10.573
STAGE_MODEL_INFER,4,25.759107001998927,14.675
STAGE_MODEL_INFER,4,25.81392091800808,14.675
STAGE_MODEL_INFER,4,25.86524822699721,10.264
STAGE_MODEL_INFER,4,25.91579993700725,10.264
STAGE_MODEL_INFER,4,25.96631709099165,10.395
STAGE_MODEL_INFER,4,26.016786019987194,10.395
STAGE_MODEL_INFER,4,26.06721877498785,10.938
STAGE_MODEL_INFER,4,26.118640378001146,10.56
STAGE_MODEL_INFER,4,26.17544003200601,10.572
STAGE_MODEL_INFER,4,26.225813480996294,10.56
STAGE_MODEL_INFER,4,26.276327769999625,10.56
STAGE_MODEL_INFER,4,26.326790321007138,11.677
STAGE_MODEL_INFER,4,26.378368681005668,9.224
STAGE_MODEL_INFER,4,26.42982364000636,11.872
STAGE_MODEL_INFER,4,26.48218031899887,11.872
STAGE_MODEL_INFER,4,26.53350012298324,10.301
STAGE_MODEL_INFER,4,26.584332630998688,10.301
STAGE_MODEL_INFER,4,26.63497747198562,11.262
STAGE_MODEL_INFER,4,26.687784000008833,11.262
STAGE_MODEL_INFER,4,26.739051340002334,10.536
STAGE_MODEL_INFER,4,26.789662130002398,10.536
STAGE_MODEL_INFER,4,26.840282627003035,17.564
STAGE_MODEL_INFER,4,26.89141150499927,17.564
STAGE_MODEL_INFER,4,26.9449724869919,10.512
STAGE_MODEL_INFER,4,26.99554799500038,10.512
STAGE_MODEL_INFER,4,27.046204760001274,10.533
STAGE_MODEL_INFER,4,27.096584268991137,10.533
STAGE_MODEL_INFER,4,27.147039411007427,10.527
STAGE_MODEL_INFER,4,27.197600901999976,10.527
STAGE_MODEL_INFER,4,27.248088683991227,10.522
STAGE_MODEL_INFER,4,27.299117585993372,10.522
STAGE_MODEL_INFER,4,27.349680646002525,11.155
STAGE_MODEL_INFER,4,27.402957802987657,9.81
STAGE_MODEL_INFER,4,27.459319318004418,11.171
STAGE_MODEL_INFER,4,27.510613144986564,11.171
STAGE_MODEL_INFER,4,27.562044883001363,10.567
STAGE_MODEL_INFER,4,27.612542675982695,10.567
STAGE_MODEL_INFER,4,27.663206055003684,12.11
STAGE_MODEL_INFER,4,27.716118349984754,10.556
STAGE_MODEL_INFER,4,27.766728702990804,10.556
STAGE_MODEL_INFER,4,27.817374737991486,10.556
STAGE_MODEL_INFER,4,27.86825440300163,11.133
STAGE_MODEL_INFER,4,27.92053756400128,10.516
STAGE_MODEL_INFER,4,27.973501216998557,10.53
STAGE_MODEL_INFER,4,28.02403137498186,10.549
STAGE_MODEL_INFER,4,28.07453173698741,10.549
STAGE_MODEL_INFER,4,28.125015244993847,16.631
STAGE_MODEL_INFER,4,28.17630389900296,16.631
STAGE_MODEL_INFER,4,28.230271292995894,10.259
STAGE_MODEL_INFER,4,28.28077265698812,10.259
STAGE_MODEL_INFER,4,28.331172996986425,10.426
STAGE_MODEL_INFER,4,28.38163851099671,10.426
STAGE_MODEL_INFER,4,28.432188991981093,10.434
STAGE_MODEL_INFER,4,28.48276172700571,10.434
STAGE_MODEL_INFER,4,28.533293718006462,10.43
STAGE_MODEL_INFER,4,28.58388413398643,10.43
STAGE_MODEL_INFER,4,28.634424666000996,10.491
STAGE_MODEL_INFER,4,28.68506145599531,10.491
STAGE_MODEL_INFER,4,28.735561417008284,10.513
STAGE_MODEL_INFER,4,28.786433453991776,10.513
STAGE_MODEL_INFER,4,28.83700774499448,10.26
STAGE_MODEL_INFER,4,28.892921766004292,10.26
STAGE_MODEL_INFER,4,28.94468070700532,10.683
STAGE_MODEL_INFER,4,28.995077719009714,10.683
STAGE_MODEL_INFER,4,29.04565607299446,12.075
STAGE_MODEL_INFER,4,29.097111829993082,10.118
STAGE_MODEL_INFER,4,29.148478791990783,11.426
STAGE_MODEL_INFER,4,29.201783695985796,10.007
STAGE_MODEL_INFER,4,29.253655407985207,12.546
STAGE_MODEL_INFER,4,29.30483432498295,12.546
STAGE_MODEL_INFER,4,29.35727012800635,10.558
STAGE_MODEL_INFER,4,29.40778196399333,18.936
STAGE_MODEL_INFER,4,29.46985027298797,18.936
STAGE_MODEL_INFER,4,29.521242635993985,14.534
STAGE_MODEL_INFER,4,29.572525408992078,14.534
STAGE_MODEL_INFER,4,29.623721470998134,10.591
STAGE_MODEL_INFER,4,29.674364579987014,10.591
STAGE_MODEL_INFER,4,29.724985617998755,10.548
STAGE_MODEL_INFER,4,29.778432863997295,10.548
STAGE_MODEL_INFER,4,29.829128921002848,11.275
STAGE_MODEL_INFER,4,29.881784464989323,9.556
STAGE_MODEL_INFER,4,29.933560545003274,11.017
STAGE_MODEL_INFER,4,29.98671627600561,11.017
