stage,repeat,time_s,power_w
BASELINE_IDLE,0,0.0021868740004720166,3.63456
BASELINE_IDLE,0,0.05746997100141016,3.63456
BASELINE_IDLE,0,0.11234648699974059,3.63456
BASELINE_IDLE,0,0.16685758599851397,3.796096
BASELINE_IDLE,0,0.22142529600023408,4.07232
BASELINE_IDLE,0,0.2757553019982879,4.07232
BASELINE_IDLE,0,0.3312926709986641,4.032
BASELINE_IDLE,0,0.38558170499891276,3.95136
BASELINE_IDLE,0,0.4410908649988414,3.917248
BASELINE_IDLE,0,0.4968683699989924,3.876864
BASELINE_IDLE,0,0.5510611960016831,3.83648
BASELINE_IDLE,0,0.605271165000886,3.796096
BASELINE_IDLE,0,0.6601998149999417,3.796096
BASELINE_IDLE,0,0.7146616909994918,3.83648
BASELINE_IDLE,0,0.7693968370003859,3.917248
BASELINE_IDLE,0,0.8239146849991812,3.99168
BASELINE_IDLE,0,0.8785945310009993,4.11264
BASELINE_IDLE,0,0.9332700919985655,4.19328
BASELINE_IDLE,0,0.9884937300012098,4.307392
BASELINE_IDLE,0,1.042637812999601,4.387904
BASELINE_IDLE,0,1.0967520859994693,4.42816
BASELINE_IDLE,0,1.1508737160002056,4.501504
BASELINE_IDLE,0,1.2049685429992678,4.541696
BASELINE_IDLE,0,1.2590927310011466,4.62208
BASELINE_IDLE,0,1.3131918760009285,4.662272
BASELINE_IDLE,0,1.3673571319995972,4.702464
BASELINE_IDLE,0,1.4215457999998762,4.742656
BASELINE_IDLE,0,1.4757185400012531,4.742656
BASELINE_IDLE,0,1.5298153180010559,4.775232
BASELINE_IDLE,0,1.5839431210006296,4.81536
BASELINE_IDLE,0,1.6384590169982403,4.81536
BASELINE_IDLE,0,1.6925933439997607,4.855488
BASELINE_IDLE,0,1.7472985540007357,4.855488
BASELINE_IDLE,0,1.8017992259992752,4.855488
BASELINE_IDLE,0,1.856892626001354,4.855488
BASELINE_IDLE,0,1.9110602799992193,4.855488
BASELINE_IDLE,0,1.9653988569989451,4.855488
BASELINE_IDLE,0,2.0197035310011415,4.895616
BASELINE_IDLE,0,2.0742252490017563,4.895616
BASELINE_IDLE,0,2.130004768998333,4.895616
BASELINE_IDLE,0,2.1841452369990293,4.895616
BASELINE_IDLE,0,2.2383142670005327,4.895616
BASELINE_IDLE,0,2.2924336260002747,4.895616
BASELINE_IDLE,0,2.346545533000608,4.935744
BASELINE_IDLE,0,2.400694380998175,4.895616
BASELINE_IDLE,0,2.454883655998856,4.895616
BASELINE_IDLE,0,2.5090135380014544,4.895616
BASELINE_IDLE,0,2.564046904000861,4.895616
BASELINE_IDLE,0,2.618175537998468,4.895616
BASELINE_IDLE,0,2.6722897149993514,4.895616
BASELINE_IDLE,0,2.7263927620006143,4.935744
BASELINE_IDLE,0,2.7805241470014153,4.935744
BASELINE_IDLE,0,2.834743998999329,4.935744
BASELINE_IDLE,0,2.888901963000535,4.935744
BASELINE_IDLE,0,2.943061844998738,4.975872
BASELINE_IDLE,0,2.99717352800144,4.935744
BASELINE_IDLE,0,3.0518744200016954,4.935744
BASELINE_IDLE,0,3.1060619999989285,4.855488
BASELINE_IDLE,0,3.1605628639990755,4.855488
BASELINE_IDLE,0,3.2148116620010114,4.855488
BASELINE_IDLE,0,3.2693325159998494,4.895616
BASELINE_IDLE,0,3.3238356510009908,4.855488
BASELINE_IDLE,0,3.3780858239988447,4.81536
BASELINE_IDLE,0,3.432640070001071,4.775232
BASELINE_IDLE,0,3.4872965040012787,4.775232
BASELINE_IDLE,0,3.541968673998781,4.735104
BASELINE_IDLE,0,3.5965644030002295,4.735104
BASELINE_IDLE,0,3.6516355089988792,4.694976
BASELINE_IDLE,0,3.705779911000718,4.694976
BASELINE_IDLE,0,3.7600026430009166,4.694976
BASELINE_IDLE,0,3.8142730299987306,4.694976
BASELINE_IDLE,0,3.8693479110006592,4.654848
BASELINE_IDLE,0,3.923495447001187,4.654848
BASELINE_IDLE,0,3.9776785819994984,4.654848
BASELINE_IDLE,0,4.03185448899967,4.61472
BASELINE_IDLE,0,4.08605134499885,4.61472
BASELINE_IDLE,0,4.1405471229991235,4.61472
BASELINE_IDLE,0,4.194941255998856,4.61472
BASELINE_IDLE,0,4.250292126998829,4.61472
BASELINE_IDLE,0,4.304425111000455,4.61472
BASELINE_IDLE,0,4.35860258500179,4.61472
BASELINE_IDLE,0,4.412727924998762,4.61472
BASELINE_IDLE,0,4.467276701001538,4.61472
BASELINE_IDLE,0,4.522830030000478,4.61472
BASELINE_IDLE,0,4.576965924999968,4.61472
BASELINE_IDLE,0,4.631830893998995,4.654848
BASELINE_IDLE,0,4.686115865999454,4.534464
BASELINE_IDLE,0,4.740553978001117,4.42112
BASELINE_IDLE,0,4.795009072000539,4.260352
BASELINE_IDLE,0,4.849418014000548,4.146368
BASELINE_IDLE,0,4.903697836998617,4.0256
BASELINE_IDLE,0,4.957877230001031,3.904832
BASELINE_IDLE,0,5.012065578001057,3.82432
BASELINE_IDLE,0,5.06629860799876,3.74976
BASELINE_IDLE,0,5.1206788279996545,3.66912
BASELINE_IDLE,0,5.17489071700038,3.6288
BASELINE_IDLE,0,5.2291234910007915,3.54816
BASELINE_IDLE,0,5.283374942999217,3.50784
BASELINE_IDLE,0,5.337640885001747,3.46752
BASELINE_IDLE,0,5.391917796998314,3.473024
BASELINE_IDLE,0,5.446186713001225,3.473024
BASELINE_IDLE,0,5.5009189170014,3.43264
BASELINE_IDLE,0,5.556059333001031,3.392256
BASELINE_IDLE,0,5.611047728998528,3.351872
BASELINE_IDLE,0,5.665222772000561,3.351872
BASELINE_IDLE,0,5.720141282999975,3.311488
BASELINE_IDLE,0,5.777523969001777,3.271104
BASELINE_IDLE,0,5.831746061001468,3.271104
BASELINE_IDLE,0,5.887144044001616,3.23072
BASELINE_IDLE,0,5.941387500999554,3.23072
BASELINE_IDLE,0,5.9956248800008325,3.23072
BASELINE_IDLE,0,6.0498063519989955,3.190336
BASELINE_IDLE,0,6.104062474001694,3.190336
BASELINE_IDLE,0,6.158303563999652,3.190336
BASELINE_IDLE,0,6.212467987999844,3.190336
BASELINE_IDLE,0,6.266681444001733,3.190336
BASELINE_IDLE,0,6.3209222459991,3.351872
BASELINE_IDLE,0,6.375305121000565,3.351872
BASELINE_IDLE,0,6.429766004999692,3.351872
BASELINE_IDLE,0,6.484078579000197,3.311488
BASELINE_IDLE,0,6.538297983999655,3.311488
BASELINE_IDLE,0,6.59253949000049,3.271104
BASELINE_IDLE,0,6.646734106998338,3.271104
BASELINE_IDLE,0,6.700870385000599,3.23072
BASELINE_IDLE,0,6.756008690001181,3.23072
BASELINE_IDLE,0,6.810206506001123,3.23072
BASELINE_IDLE,0,6.86538827700133,3.190336
BASELINE_IDLE,0,6.920206678001705,3.190336
BASELINE_IDLE,0,6.975273562999064,3.190336
BASELINE_IDLE,0,7.030297076998977,3.190336
BASELINE_IDLE,0,7.086165256998356,3.149952
BASELINE_IDLE,0,7.141219635999732,3.149952
BASELINE_IDLE,0,7.196188906000316,3.149952
BASELINE_IDLE,0,7.250803281000117,3.149952
BASELINE_IDLE,0,7.307165517999238,3.149952
BASELINE_IDLE,0,7.361483273001795,3.149952
BASELINE_IDLE,0,7.415733671001362,3.149952
BASELINE_IDLE,0,7.472234558001219,3.149952
BASELINE_IDLE,0,7.526465797000128,3.149952
BASELINE_IDLE,0,7.5806496030018025,3.149952
BASELINE_IDLE,0,7.635744986000645,3.149952
BASELINE_IDLE,0,7.690288452999084,3.149952
BASELINE_IDLE,0,7.74606301500171,3.149952
BASELINE_IDLE,0,7.800951909001014,3.149952
BASELINE_IDLE,0,7.856516432999342,3.149952
BASELINE_IDLE,0,7.911779699999897,3.149952
BASELINE_IDLE,0,7.9663453309985925,3.149952
BASELINE_IDLE,0,8.022076682998886,3.149952
BASELINE_IDLE,0,8.076996634001262,3.149952
BASELINE_IDLE,0,8.132541263999883,3.149952
BASELINE_IDLE,0,8.187830500999553,3.149952
BASELINE_IDLE,0,8.242457478001597,3.149952
BASELINE_IDLE,0,8.298139479000383,3.149952
BASELINE_IDLE,0,8.352779154000018,3.190336
BASELINE_IDLE,0,8.407500163000805,3.271104
BASELINE_IDLE,0,8.461897558998317,3.351872
BASELINE_IDLE,0,8.516127167000377,3.43264
BASELINE_IDLE,0,8.570718865001254,3.513408
BASELINE_IDLE,0,8.625229067998589,3.63456
BASELINE_IDLE,0,8.679780818998552,3.74976
BASELINE_IDLE,0,8.7340973270002,3.87072
BASELINE_IDLE,0,8.78841476299931,3.91104
BASELINE_IDLE,0,8.84339509900019,3.87072
BASELINE_IDLE,0,8.897910420000699,3.91104
BASELINE_IDLE,0,8.952608080999198,3.91104
BASELINE_IDLE,0,9.00710325199907,3.91104
BASELINE_IDLE,0,9.06177110399949,3.91104
BASELINE_IDLE,0,9.116179086999182,3.99168
BASELINE_IDLE,0,9.170527706999565,4.07232
BASELINE_IDLE,0,9.224619048000022,4.146368
BASELINE_IDLE,0,9.278704887001368,4.22688
BASELINE_IDLE,0,9.332671330001176,4.267136
BASELINE_IDLE,0,9.386752819998947,4.42816
BASELINE_IDLE,0,9.441279974998906,4.461312
BASELINE_IDLE,0,9.495365334998496,4.501504
BASELINE_IDLE,0,9.549363633999747,4.501504
BASELINE_IDLE,0,9.60335300999941,4.541696
BASELINE_IDLE,0,9.657273556000291,4.541696
BASELINE_IDLE,0,9.711250298001687,4.541696
BASELINE_IDLE,0,9.765201261001494,4.534464
BASELINE_IDLE,0,9.819174676998955,4.574592
BASELINE_IDLE,0,9.873206111999025,4.574592
BASELINE_IDLE,0,9.927212630998838,4.574592
BASELINE_IDLE,0,9.98124057899986,4.574592
BASELINE_IDLE,0,10.035208525998314,4.61472
BASELINE_IDLE,0,10.089171226998587,4.61472
BASELINE_IDLE,0,10.143158396000217,4.61472
BASELINE_IDLE,0,10.197213947001728,4.654848
BASELINE_IDLE,0,10.251132286000939,4.654848
BASELINE_IDLE,0,10.305159339000966,4.654848
BASELINE_IDLE,0,10.359232672999497,4.654848
BASELINE_IDLE,0,10.413149829000758,4.654848
BASELINE_IDLE,0,10.467138757001521,4.654848
BASELINE_IDLE,0,10.521070401999168,4.654848
BASELINE_IDLE,0,10.575063360000058,4.654848
BASELINE_IDLE,0,10.62895336099973,4.694976
BASELINE_IDLE,0,10.682894216999557,4.694976
BASELINE_IDLE,0,10.736751274998824,4.694976
BASELINE_IDLE,0,10.790676906999579,4.694976
BASELINE_IDLE,0,10.844672104001802,4.735104
BASELINE_IDLE,0,10.89864171299996,4.81536
BASELINE_IDLE,0,10.952760464999301,4.81536
BASELINE_IDLE,0,11.006839843001217,4.775232
BASELINE_IDLE,0,11.060951301999012,4.735104
BASELINE_IDLE,0,11.114858703000209,4.735104
BASELINE_IDLE,0,11.168776721999166,4.735104
BASELINE_IDLE,0,11.222689911999623,4.694976
BASELINE_IDLE,0,11.276579017998301,4.694976
BASELINE_IDLE,0,11.330472794001253,4.694976
BASELINE_IDLE,0,11.384362603999762,4.654848
BASELINE_IDLE,0,11.438258777998271,4.654848
BASELINE_IDLE,0,11.492178715998307,4.654848
BASELINE_IDLE,0,11.546319855999172,4.654848
BASELINE_IDLE,0,11.600488342999597,4.654848
BASELINE_IDLE,0,11.654562891999376,4.61472
BASELINE_IDLE,0,11.70866376399863,4.61472
BASELINE_IDLE,0,11.762712214000203,4.654848
BASELINE_IDLE,0,11.816677314000117,4.654848
BASELINE_IDLE,0,11.870653161000519,4.654848
BASELINE_IDLE,0,11.924668316001771,4.61472
BASELINE_IDLE,0,11.978665367001668,4.61472
BASELINE_IDLE,0,12.032633666000038,4.61472
BASELINE_IDLE,0,12.0866292469982,4.61472
BASELINE_IDLE,0,12.140546562000964,4.61472
BASELINE_IDLE,0,12.194467492001422,4.61472
BASELINE_IDLE,0,12.24835125699974,4.61472
BASELINE_IDLE,0,12.302318435999041,4.574592
BASELINE_IDLE,0,12.356342259001394,4.574592
BASELINE_IDLE,0,12.410339694000868,4.61472
BASELINE_IDLE,0,12.464575378999143,4.735104
BASELINE_IDLE,0,12.518653030998394,4.735104
BASELINE_IDLE,0,12.572791419999703,4.735104
BASELINE_IDLE,0,12.627067723999062,4.61472
BASELINE_IDLE,0,12.682398348999413,4.461312
BASELINE_IDLE,0,12.73670449400015,4.300544
BASELINE_IDLE,0,12.790872533001675,4.146368
BASELINE_IDLE,0,12.84510834500179,4.0256
BASELINE_IDLE,0,12.899348284001462,3.904832
BASELINE_IDLE,0,12.95351408300121,3.82432
BASELINE_IDLE,0,13.007680170998356,3.74976
BASELINE_IDLE,0,13.061834839998482,3.66912
BASELINE_IDLE,0,13.11599171600028,3.58848
BASELINE_IDLE,0,13.17248713400113,3.54816
BASELINE_IDLE,0,13.22669281799972,3.50784
BASELINE_IDLE,0,13.280860983999446,3.4272
BASELINE_IDLE,0,13.335008137000841,3.43264
BASELINE_IDLE,0,13.389141920000839,3.392256
BASELINE_IDLE,0,13.443406166999921,3.351872
BASELINE_IDLE,0,13.497818594998535,3.392256
BASELINE_IDLE,0,13.552039566999156,3.43264
BASELINE_IDLE,0,13.60608344299908,3.513408
BASELINE_IDLE,0,13.659940981000545,3.553792
BASELINE_IDLE,0,13.71399272599956,3.553792
BASELINE_IDLE,0,13.768149185998482,3.553792
BASELINE_IDLE,0,13.822313897999265,3.553792
BASELINE_IDLE,0,13.877587527000287,3.553792
BASELINE_IDLE,0,13.931992182999238,3.513408
BASELINE_IDLE,0,13.986271109999507,3.473024
BASELINE_IDLE,0,14.04041698400033,3.43264
BASELINE_IDLE,0,14.094556300999102,3.392256
BASELINE_IDLE,0,14.148738764000882,3.351872
BASELINE_IDLE,0,14.202878176998638,3.311488
BASELINE_IDLE,0,14.25702414600164,3.311488
BASELINE_IDLE,0,14.311226822999743,3.271104
BASELINE_IDLE,0,14.365394765998644,3.271104
BASELINE_IDLE,0,14.4195468120015,3.23072
BASELINE_IDLE,0,14.473679156999424,3.23072
BASELINE_IDLE,0,14.527785625999968,3.190336
BASELINE_IDLE,0,14.581919792999543,3.190336
BASELINE_IDLE,0,14.63609969800018,3.190336
BASELINE_IDLE,0,14.690221838998696,3.190336
BASELINE_IDLE,0,14.744397297999967,3.190336
BASELINE_IDLE,0,14.79854416300077,3.190336
BASELINE_IDLE,0,14.852705739998783,3.149952
BASELINE_IDLE,0,14.906815440001083,3.149952
BASELINE_IDLE,0,14.96096774200123,3.149952
STAGE_MODEL_POLICY,0,0.0008792079970589839,3.149952
STAGE_MODEL_POLICY,0,0.05517847699957201,3.513408
STAGE_MODEL_POLICY,0,0.10925088299700292,3.755712
STAGE_MODEL_POLICY,0,0.16343094799958635,3.91104
STAGE_MODEL_POLICY,0,0.2176802569993015,4.19328
STAGE_MODEL_POLICY,0,0.27194613499887055,4.35456
STAGE_MODEL_POLICY,0,0.32608836199869984,4.51584
STAGE_MODEL_POLICY,0,0.38019735799753107,4.709952
STAGE_MODEL_POLICY,0,0.4343092649978644,4.750208
STAGE_MODEL_POLICY,0,0.48849022499780403,5.032
STAGE_MODEL_POLICY,0,0.5428412429973832,5.193024
STAGE_MODEL_POLICY,0,0.5974129520000133,5.23328
STAGE_MODEL_POLICY,0,0.6516978599975118,5.354048
STAGE_MODEL_POLICY,0,0.7058778279970284,5.354048
STAGE_MODEL_POLICY,0,0.7600127309997333,5.394304
STAGE_MODEL_POLICY,0,0.8141164499975275,5.474816
STAGE_MODEL_POLICY,0,0.8683144889982941,5.43456
STAGE_MODEL_POLICY,0,0.9225920729986683,5.515072
STAGE_MODEL_POLICY,0,0.976742615999683,5.555328
STAGE_MODEL_POLICY,0,1.0309353779994126,5.555328
STAGE_MODEL_POLICY,0,1.0850903669997933,5.595584
STAGE_MODEL_POLICY,0,1.1392677769981674,5.595584
STAGE_MODEL_POLICY,0,1.1933907819984597,5.595584
STAGE_MODEL_POLICY,0,1.2475106849997246,5.676096
STAGE_MODEL_POLICY,0,1.3016609719998087,5.595584
STAGE_MODEL_POLICY,0,1.3562107069992635,5.676096
STAGE_MODEL_POLICY,0,1.4103836069989484,5.716352
STAGE_MODEL_POLICY,0,1.4661926169974322,5.63584
STAGE_MODEL_POLICY,0,1.5212921569982427,5.716352
STAGE_MODEL_POLICY,0,1.5754182649980066,5.716352
STAGE_MODEL_POLICY,0,1.629572901998472,5.676096
STAGE_MODEL_POLICY,0,1.683761249998497,5.756608
STAGE_MODEL_POLICY,0,1.7378747239999939,5.676096
STAGE_MODEL_POLICY,0,1.7920550759990874,5.716352
STAGE_MODEL_POLICY,0,1.8461927299977106,5.747456
STAGE_MODEL_POLICY,0,1.9003299359974335,5.707264
STAGE_MODEL_POLICY,0,1.9546338419968379,5.787648
STAGE_MODEL_POLICY,0,2.00891817399679,5.868032
STAGE_MODEL_POLICY,0,2.063157600998238,5.82784
STAGE_MODEL_POLICY,0,2.117342366997036,5.868032
STAGE_MODEL_POLICY,0,2.1715025059966138,5.787648
STAGE_MODEL_POLICY,0,2.225649785999849,5.787648
STAGE_MODEL_POLICY,0,2.2797888469976897,5.82784
STAGE_MODEL_POLICY,0,2.333899665998615,5.747456
STAGE_MODEL_POLICY,0,2.38806936799665,5.787648
STAGE_MODEL_POLICY,0,2.4423138799975277,5.787648
STAGE_MODEL_POLICY,0,2.496431927997037,5.747456
STAGE_MODEL_POLICY,0,2.5505413389983005,5.787648
STAGE_MODEL_POLICY,0,2.604691146996629,5.747456
STAGE_MODEL_POLICY,0,2.6588532679998025,5.747456
STAGE_MODEL_POLICY,0,2.7130003569982364,5.787648
STAGE_MODEL_POLICY,0,2.7671366349968594,5.716352
STAGE_MODEL_POLICY,0,2.821266356997512,5.747456
STAGE_MODEL_POLICY,0,2.875389233999158,5.756608
STAGE_MODEL_POLICY,0,2.9294958949976717,5.716352
STAGE_MODEL_POLICY,0,2.9836341889968025,5.756608
STAGE_MODEL_POLICY,0,3.0377690279965464,5.716352
STAGE_MODEL_POLICY,0,3.091876455997408,5.716352
STAGE_MODEL_POLICY,0,3.14599367199844,5.756608
STAGE_MODEL_POLICY,0,3.2001701219996903,5.676096
STAGE_MODEL_POLICY,0,3.254666028999054,5.716352
STAGE_MODEL_POLICY,0,3.3088333639971097,5.716352
STAGE_MODEL_POLICY,0,3.362986177999119,5.676096
STAGE_MODEL_POLICY,0,3.417090567996638,5.756608
STAGE_MODEL_POLICY,0,3.4715763989988773,5.676096
STAGE_MODEL_POLICY,0,3.526226276997477,5.747456
STAGE_MODEL_POLICY,0,3.5804996699989715,5.908224
STAGE_MODEL_POLICY,0,3.6350126559991622,5.787648
STAGE_MODEL_POLICY,0,3.6893497619967093,5.82784
STAGE_MODEL_POLICY,0,3.7436080909974407,5.82784
STAGE_MODEL_POLICY,0,3.797791449997021,5.787648
STAGE_MODEL_POLICY,0,3.85206868199748,5.787648
STAGE_MODEL_POLICY,0,3.9062693119994947,5.747456
STAGE_MODEL_POLICY,0,3.9604528629970446,5.747456
STAGE_MODEL_POLICY,0,4.014622755999881,5.787648
STAGE_MODEL_POLICY,0,4.068795368999417,5.707264
STAGE_MODEL_POLICY,0,4.123042822997377,5.747456
STAGE_MODEL_POLICY,0,4.177209357996617,5.787648
STAGE_MODEL_POLICY,0,4.231374965998839,5.707264
STAGE_MODEL_POLICY,0,4.285652261998621,5.747456
STAGE_MODEL_POLICY,0,4.339789435998682,5.707264
STAGE_MODEL_POLICY,0,4.393944264997117,5.707264
STAGE_MODEL_POLICY,0,4.448080286998447,5.747456
STAGE_MODEL_POLICY,0,4.502233260998764,5.676096
STAGE_MODEL_POLICY,0,4.556368675999693,5.707264
STAGE_MODEL_POLICY,0,4.610490880997531,5.747456
STAGE_MODEL_POLICY,0,4.664654985997913,5.676096
STAGE_MODEL_POLICY,0,4.718885584999953,5.707264
STAGE_MODEL_POLICY,0,4.773035327998514,5.707264
STAGE_MODEL_POLICY,0,4.827168087998871,5.667072
STAGE_MODEL_POLICY,0,4.8813390049981535,5.747456
STAGE_MODEL_POLICY,0,4.935461658998975,5.676096
STAGE_MODEL_POLICY,0,4.989618534997135,5.707264
STAGE_MODEL_POLICY,0,5.043745313996624,5.707264
STAGE_MODEL_POLICY,0,5.097898702999373,5.676096
STAGE_MODEL_POLICY,0,5.152148140998179,5.707264
STAGE_MODEL_POLICY,0,5.2063349219970405,5.667072
STAGE_MODEL_POLICY,0,5.260535743997025,5.667072
STAGE_MODEL_POLICY,0,5.314697193996835,5.707264
STAGE_MODEL_POLICY,0,5.368879688998277,5.63584
STAGE_MODEL_POLICY,0,5.423055275998195,5.667072
STAGE_MODEL_POLICY,0,5.477173706996837,5.707264
STAGE_MODEL_POLICY,0,5.531336915999418,5.667072
STAGE_MODEL_POLICY,0,5.585602473998733,5.707264
STAGE_MODEL_POLICY,0,5.639734721997229,5.667072
STAGE_MODEL_POLICY,0,5.693886192999344,5.667072
STAGE_MODEL_POLICY,0,5.748135405996436,5.707264
STAGE_MODEL_POLICY,0,5.802309713999421,5.667072
STAGE_MODEL_POLICY,0,5.856765735999943,5.707264
STAGE_MODEL_POLICY,0,5.910987763996673,5.707264
STAGE_MODEL_POLICY,0,5.965145918999042,5.667072
STAGE_MODEL_POLICY,0,6.019278870997368,5.707264
STAGE_MODEL_POLICY,0,6.073414317997958,5.707264
STAGE_MODEL_POLICY,0,6.127519027999369,5.667072
STAGE_MODEL_POLICY,0,6.181634963999386,5.747456
STAGE_MODEL_POLICY,0,6.235754066998197,5.676096
STAGE_MODEL_POLICY,0,6.289965027997823,5.707264
STAGE_MODEL_POLICY,0,6.34406257399678,5.747456
STAGE_MODEL_POLICY,0,6.39814988499711,5.676096
STAGE_MODEL_POLICY,0,6.4523118779979995,5.707264
STAGE_MODEL_POLICY,0,6.506413037997845,5.716352
STAGE_MODEL_POLICY,0,6.560508216996823,5.716352
STAGE_MODEL_POLICY,0,6.614621338998404,5.82784
STAGE_MODEL_POLICY,0,6.669244253997022,5.82784
STAGE_MODEL_POLICY,0,6.723760533997847,5.868032
STAGE_MODEL_POLICY,0,6.778809187999286,5.908224
STAGE_MODEL_POLICY,0,6.833678187998885,5.787648
STAGE_MODEL_POLICY,0,6.887951804998011,5.82784
STAGE_MODEL_POLICY,0,6.942094671998348,5.82784
STAGE_MODEL_POLICY,0,6.996237666997331,5.787648
STAGE_MODEL_POLICY,0,7.050369978998788,5.82784
STAGE_MODEL_POLICY,0,7.104563828997925,5.747456
STAGE_MODEL_POLICY,0,7.158762795999792,5.787648
STAGE_MODEL_POLICY,0,7.212976347997028,5.82784
STAGE_MODEL_POLICY,0,7.267174258999148,5.747456
STAGE_MODEL_POLICY,0,7.321365997999237,5.787648
STAGE_MODEL_POLICY,0,7.375506049997057,5.787648
STAGE_MODEL_POLICY,0,7.430478581998614,5.747456
STAGE_MODEL_POLICY,0,7.485495443997934,5.787648
STAGE_MODEL_POLICY,0,7.540274823997606,5.747456
STAGE_MODEL_POLICY,0,7.595524465999915,5.756608
STAGE_MODEL_POLICY,0,7.649670562997926,5.787648
STAGE_MODEL_POLICY,0,7.703775912999845,5.716352
STAGE_MODEL_POLICY,0,7.757881326997449,5.747456
STAGE_MODEL_POLICY,0,7.8121526739996625,5.82784
STAGE_MODEL_POLICY,0,7.866319656997803,5.716352
STAGE_MODEL_POLICY,0,7.920986101999006,5.796864
STAGE_MODEL_POLICY,0,7.9755778959988675,5.796864
STAGE_MODEL_POLICY,0,8.029695015997277,5.756608
STAGE_MODEL_POLICY,0,8.084245550999185,5.796864
STAGE_MODEL_POLICY,0,8.13837370499823,5.756608
STAGE_MODEL_POLICY,0,8.192941447996418,5.756608
STAGE_MODEL_POLICY,0,8.247564266999689,5.796864
STAGE_MODEL_POLICY,0,8.302178065998305,5.716352
STAGE_MODEL_POLICY,0,8.356370955996681,5.756608
STAGE_MODEL_POLICY,0,8.410857235998265,5.796864
STAGE_MODEL_POLICY,0,8.465529117998813,5.716352
STAGE_MODEL_POLICY,0,8.520222141996783,5.756608
STAGE_MODEL_POLICY,0,8.57434460299919,5.756608
STAGE_MODEL_POLICY,0,8.629085954999027,5.716352
STAGE_MODEL_POLICY,0,8.683392387996719,5.796864
STAGE_MODEL_POLICY,0,8.738550298996415,5.756608
STAGE_MODEL_POLICY,0,8.792713795999589,5.756608
STAGE_MODEL_POLICY,0,8.847046487997432,5.787648
STAGE_MODEL_POLICY,0,8.901174449998507,5.716352
STAGE_MODEL_POLICY,0,8.955315365998104,5.756608
STAGE_MODEL_POLICY,0,9.009404947999428,5.787648
STAGE_MODEL_POLICY,0,9.063517077996949,5.756608
STAGE_MODEL_POLICY,0,9.118244036999386,5.796864
STAGE_MODEL_POLICY,0,9.172911025998474,5.756608
STAGE_MODEL_POLICY,0,9.227587769997626,5.756608
STAGE_MODEL_POLICY,0,9.281734794996737,5.787648
STAGE_MODEL_POLICY,0,9.336392347999208,5.756608
STAGE_MODEL_POLICY,0,9.390581335999741,5.756608
STAGE_MODEL_POLICY,0,9.444746271998156,5.787648
STAGE_MODEL_POLICY,0,9.4991589559977,5.716352
STAGE_MODEL_POLICY,0,9.553351494996605,5.796864
STAGE_MODEL_POLICY,0,9.607486493998294,5.756608
STAGE_MODEL_POLICY,0,9.661657697997725,5.747456
STAGE_MODEL_POLICY,0,9.71610502099793,5.908224
STAGE_MODEL_POLICY,0,9.770452937998925,5.82784
STAGE_MODEL_POLICY,0,9.824632777999796,5.868032
STAGE_MODEL_POLICY,0,9.879493173997616,5.908224
STAGE_MODEL_POLICY,0,9.933636392997869,5.787648
STAGE_MODEL_POLICY,0,9.987798513997404,5.82784
STAGE_MODEL_POLICY,0,10.041912115997548,5.82784
STAGE_MODEL_POLICY,0,10.09617671399974,5.747456
STAGE_MODEL_POLICY,0,10.150312096997368,5.82784
STAGE_MODEL_POLICY,0,10.204447959997196,5.747456
STAGE_MODEL_POLICY,0,10.25860358799764,5.747456
STAGE_MODEL_POLICY,0,10.312735452997003,5.82784
STAGE_MODEL_POLICY,0,10.366962501997477,5.716352
STAGE_MODEL_POLICY,0,10.42123551199984,5.747456
STAGE_MODEL_POLICY,0,10.475347801999305,5.787648
STAGE_MODEL_POLICY,0,10.529463833998307,5.716352
STAGE_MODEL_POLICY,0,10.583637597999768,5.796864
STAGE_MODEL_POLICY,0,10.637733895997371,5.716352
STAGE_MODEL_POLICY,0,10.691945528997167,5.756608
STAGE_MODEL_POLICY,0,10.746065015999193,5.796864
STAGE_MODEL_POLICY,0,10.80030879199694,5.716352
STAGE_MODEL_POLICY,0,10.854495636998763,5.747456
STAGE_MODEL_POLICY,0,10.908622863997152,5.747456
STAGE_MODEL_POLICY,0,10.96281364299648,5.716352
STAGE_MODEL_POLICY,0,11.01697972999682,5.747456
STAGE_MODEL_POLICY,0,11.071145721998619,5.716352
STAGE_MODEL_POLICY,0,11.12525596499836,5.716352
STAGE_MODEL_POLICY,0,11.179338893998647,5.747456
STAGE_MODEL_POLICY,0,11.233449456998642,5.676096
STAGE_MODEL_POLICY,0,11.287600991996442,5.707264
STAGE_MODEL_POLICY,0,11.341686287996708,5.716352
STAGE_MODEL_POLICY,0,11.39581098799681,5.716352
STAGE_MODEL_POLICY,0,11.449957820997952,5.747456
STAGE_MODEL_POLICY,0,11.504048393999255,5.676096
STAGE_MODEL_POLICY,0,11.558138519998465,5.716352
STAGE_MODEL_POLICY,0,11.612331984997581,5.747456
STAGE_MODEL_POLICY,0,11.666448401996604,5.676096
STAGE_MODEL_POLICY,0,11.720569039996917,5.707264
STAGE_MODEL_POLICY,0,11.77467835599964,5.716352
STAGE_MODEL_POLICY,0,11.828777627997624,5.707264
STAGE_MODEL_POLICY,0,11.88295193599697,5.747456
STAGE_MODEL_POLICY,0,11.937119143000018,5.667072
STAGE_MODEL_POLICY,0,11.99124911999752,5.707264
STAGE_MODEL_POLICY,0,12.045431518999976,5.747456
STAGE_MODEL_POLICY,0,12.099679165999987,5.676096
STAGE_MODEL_POLICY,0,12.153930266998941,5.707264
STAGE_MODEL_POLICY,0,12.208050456996716,5.707264
STAGE_MODEL_POLICY,0,12.262188494998554,5.667072
STAGE_MODEL_POLICY,0,12.316381991997332,5.747456
STAGE_MODEL_POLICY,0,12.370482288999483,5.667072
STAGE_MODEL_POLICY,0,12.424578394999116,5.707264
STAGE_MODEL_POLICY,0,12.478676004997396,5.747456
STAGE_MODEL_POLICY,0,12.533112164997874,5.667072
STAGE_MODEL_POLICY,0,12.587308988997393,5.707264
STAGE_MODEL_POLICY,0,12.641437110996776,5.707264
STAGE_MODEL_POLICY,0,12.69560921199809,5.676096
STAGE_MODEL_POLICY,0,12.749752749998152,5.82784
STAGE_MODEL_POLICY,0,12.804296792997775,5.82784
STAGE_MODEL_POLICY,0,12.858920538998063,5.82784
STAGE_MODEL_POLICY,0,12.91313201199955,5.868032
STAGE_MODEL_POLICY,0,12.967304655998305,5.787648
STAGE_MODEL_POLICY,0,13.021594105997792,5.82784
STAGE_MODEL_POLICY,0,13.075794159998622,5.82784
STAGE_MODEL_POLICY,0,13.129927399997541,5.747456
STAGE_MODEL_POLICY,0,13.184086578999995,5.82784
STAGE_MODEL_POLICY,0,13.238242942999932,5.747456
STAGE_MODEL_POLICY,0,13.292367482998088,5.747456
STAGE_MODEL_POLICY,0,13.346552248996886,5.82784
STAGE_MODEL_POLICY,0,13.40069956199659,5.707264
STAGE_MODEL_POLICY,0,13.454997231998277,5.787648
STAGE_MODEL_POLICY,0,13.509116590998019,5.787648
STAGE_MODEL_POLICY,0,13.563234925997676,5.747456
STAGE_MODEL_POLICY,0,13.617341970999405,5.787648
STAGE_MODEL_POLICY,0,13.671436029999313,5.707264
STAGE_MODEL_POLICY,0,13.725558203997934,5.747456
STAGE_MODEL_POLICY,0,13.779672924996703,5.787648
STAGE_MODEL_POLICY,0,13.833765192997816,5.716352
STAGE_MODEL_POLICY,0,13.887949574997037,5.747456
STAGE_MODEL_POLICY,0,13.942074338996463,5.747456
STAGE_MODEL_POLICY,0,13.996229231997859,5.756608
STAGE_MODEL_POLICY,0,14.050417804999597,5.787648
STAGE_MODEL_POLICY,0,14.104573528999026,5.716352
STAGE_MODEL_POLICY,0,14.15869224799826,5.756608
STAGE_MODEL_POLICY,0,14.212791200996435,5.787648
STAGE_MODEL_POLICY,0,14.266986233997159,5.716352
STAGE_MODEL_POLICY,0,14.321473344996775,5.787648
STAGE_MODEL_POLICY,0,14.375662268997985,5.82784
STAGE_MODEL_POLICY,0,14.4297631729969,5.787648
STAGE_MODEL_POLICY,0,14.483870153999305,5.82784
STAGE_MODEL_POLICY,0,14.537978349999321,5.787648
STAGE_MODEL_POLICY,0,14.592106376996526,5.787648
STAGE_MODEL_POLICY,0,14.64624774099866,5.82784
STAGE_MODEL_POLICY,0,14.70077873399714,5.747456
STAGE_MODEL_POLICY,0,14.755293829999573,5.787648
STAGE_MODEL_POLICY,0,14.809414435996587,5.787648
STAGE_MODEL_POLICY,0,14.863659491998988,5.747456
STAGE_MODEL_POLICY,0,14.917938898997818,5.787648
STAGE_MODEL_POLICY,0,14.972091392999573,5.747456
STAGE_MODEL_POLICY,0,15.026280604997737,5.787648
STAGE_MODEL_POLICY,0,15.080466458999581,5.82784
STAGE_MODEL_POLICY,0,15.134575038999174,5.756608
STAGE_MODEL_POLICY,0,15.188724749998073,5.787648
STAGE_MODEL_POLICY,0,15.242828628997813,5.787648
STAGE_MODEL_POLICY,0,15.296961996999016,5.756608
STAGE_MODEL_POLICY,0,15.35108628099988,5.787648
STAGE_MODEL_POLICY,0,15.405195404997357,5.756608
STAGE_MODEL_POLICY,0,15.459359284999664,5.756608
STAGE_MODEL_POLICY,0,15.513473334998707,5.787648
STAGE_MODEL_POLICY,0,15.56758747999993,5.716352
STAGE_MODEL_POLICY,0,15.621792011999787,5.756608
STAGE_MODEL_POLICY,0,15.675888118999865,5.756608
STAGE_MODEL_POLICY,0,15.730006549998507,5.716352
STAGE_MODEL_POLICY,0,15.78412139899956,5.787648
STAGE_MODEL_POLICY,0,15.838597922996996,5.908224
STAGE_MODEL_POLICY,0,15.893134544996428,5.948416
STAGE_MODEL_POLICY,0,15.947460968996893,6.0192
STAGE_MODEL_POLICY,0,16.001733434997732,5.938944
STAGE_MODEL_POLICY,0,16.055894276996696,6.0192
STAGE_MODEL_POLICY,0,16.11000992499976,6.059328
STAGE_MODEL_POLICY,0,16.16426377699827,6.0192
STAGE_MODEL_POLICY,0,16.218536818996654,6.059328
STAGE_MODEL_POLICY,0,16.273387619999994,6.059328
STAGE_MODEL_POLICY,0,16.327832063998358,6.0192
STAGE_MODEL_POLICY,0,16.3820236749998,6.099456
STAGE_MODEL_POLICY,0,16.436144312996475,6.0192
STAGE_MODEL_POLICY,0,16.491308332999324,6.049664
STAGE_MODEL_POLICY,0,16.545450591998815,6.089728
STAGE_MODEL_POLICY,0,16.599938022998685,6.0096
STAGE_MODEL_POLICY,0,16.65405370299777,6.0192
STAGE_MODEL_POLICY,0,16.708230600997922,5.979072
STAGE_MODEL_POLICY,0,16.762332336998952,5.938944
STAGE_MODEL_POLICY,0,16.816844906999904,5.938944
STAGE_MODEL_POLICY,0,16.870967111997743,5.858688
STAGE_MODEL_POLICY,0,16.925923875998706,5.868032
STAGE_MODEL_POLICY,0,16.980081679997966,5.908224
STAGE_MODEL_POLICY,0,17.034445939996658,5.787648
STAGE_MODEL_POLICY,0,17.088608572998055,5.82784
STAGE_MODEL_POLICY,0,17.142710052998154,5.82784
STAGE_MODEL_POLICY,0,17.19681748199946,5.787648
STAGE_MODEL_POLICY,0,17.25096357899747,5.82784
STAGE_MODEL_POLICY,0,17.305174507997435,5.747456
STAGE_MODEL_POLICY,0,17.35938850799721,5.747456
STAGE_MODEL_POLICY,0,17.413614692999545,5.787648
STAGE_MODEL_POLICY,0,17.46786879999854,5.707264
STAGE_MODEL_POLICY,0,17.522003319998475,5.747456
STAGE_MODEL_POLICY,0,17.576222819996474,5.747456
STAGE_MODEL_POLICY,0,17.630340675998013,5.707264
STAGE_MODEL_POLICY,0,17.684444138998515,5.747456
STAGE_MODEL_POLICY,0,17.738558443998045,5.707264
STAGE_MODEL_POLICY,0,17.792728816999443,5.707264
STAGE_MODEL_POLICY,0,17.84688012799961,5.747456
STAGE_MODEL_POLICY,0,17.901004411996837,5.676096
STAGE_MODEL_POLICY,0,17.955195894999633,5.707264
STAGE_MODEL_POLICY,0,18.009340104999865,5.707264
STAGE_MODEL_POLICY,0,18.06372429199837,5.676096
STAGE_MODEL_POLICY,0,18.117856827997457,5.747456
STAGE_MODEL_POLICY,0,18.172014087998832,5.676096
STAGE_MODEL_POLICY,0,18.22613002399885,5.716352
STAGE_MODEL_POLICY,0,18.28031120799642,5.747456
STAGE_MODEL_POLICY,0,18.334410768999078,5.676096
STAGE_MODEL_POLICY,0,18.38863401099661,5.707264
STAGE_MODEL_POLICY,0,18.442722537998634,5.707264
STAGE_MODEL_POLICY,0,18.496822129996872,5.667072
STAGE_MODEL_POLICY,0,18.55094526299945,5.747456
STAGE_MODEL_POLICY,0,18.60506244699718,5.667072
STAGE_MODEL_POLICY,0,18.65916923599798,5.667072
STAGE_MODEL_POLICY,0,18.71328878699933,5.747456
STAGE_MODEL_POLICY,0,18.76738818800004,5.63584
STAGE_MODEL_POLICY,0,18.82163944799686,5.707264
STAGE_MODEL_POLICY,0,18.87575346599988,5.787648
STAGE_MODEL_POLICY,0,18.93027272099789,5.787648
STAGE_MODEL_POLICY,0,18.984749500999897,5.82784
STAGE_MODEL_POLICY,0,19.039014545996906,5.787648
STAGE_MODEL_POLICY,0,19.09319659399989,5.787648
STAGE_MODEL_POLICY,0,19.147573359998205,5.82784
STAGE_MODEL_POLICY,0,19.2017282529996,5.747456
STAGE_MODEL_POLICY,0,19.255950087997917,5.787648
STAGE_MODEL_POLICY,0,19.31007881899859,5.787648
STAGE_MODEL_POLICY,0,19.36444793999908,5.747456
STAGE_MODEL_POLICY,0,19.41890140399846,5.787648
STAGE_MODEL_POLICY,0,19.473070689997257,5.787648
STAGE_MODEL_POLICY,0,19.52718425999774,5.747456
STAGE_MODEL_POLICY,0,19.58130732799691,5.787648
STAGE_MODEL_POLICY,0,19.63540736899813,5.707264
STAGE_MODEL_POLICY,0,19.68951703699713,5.747456
STAGE_MODEL_POLICY,0,19.744255477999104,5.787648
STAGE_MODEL_POLICY,0,19.798910312998487,5.707264
STAGE_MODEL_POLICY,0,19.853175325999473,5.747456
STAGE_MODEL_POLICY,0,19.907917733999057,5.747456
STAGE_MODEL_POLICY,0,19.963198814999487,5.707264
STAGE_MODEL_POLICY,0,20.017456216999562,5.787648
STAGE_MODEL_POLICY,0,20.07172596399687,5.747456
STAGE_MODEL_POLICY,0,20.125901102997886,5.747456
STAGE_MODEL_POLICY,0,20.18001304199788,5.787648
STAGE_MODEL_POLICY,0,20.23413316799997,5.707264
STAGE_MODEL_POLICY,0,20.28846087099737,5.747456
STAGE_MODEL_POLICY,0,20.342768934999185,5.787648
STAGE_MODEL_POLICY,0,20.39848336799696,5.707264
STAGE_MODEL_POLICY,0,20.452630808998947,5.787648
STAGE_MODEL_POLICY,0,20.506726211999194,5.747456
STAGE_MODEL_POLICY,0,20.56084429099792,5.747456
STAGE_MODEL_POLICY,0,20.615001806996588,5.787648
STAGE_MODEL_POLICY,0,20.669131111997558,5.716352
STAGE_MODEL_POLICY,0,20.72386392399858,5.747456
STAGE_MODEL_POLICY,0,20.77835282599699,5.787648
STAGE_MODEL_POLICY,0,20.83297586899789,5.716352
STAGE_MODEL_POLICY,0,20.887572044997796,5.747456
STAGE_MODEL_POLICY,0,20.94168398399779,5.747456
STAGE_MODEL_POLICY,0,20.996254828998644,5.747456
STAGE_MODEL_POLICY,0,21.05039958299676,5.82784
STAGE_MODEL_POLICY,0,21.10466309399999,5.747456
STAGE_MODEL_POLICY,0,21.158834106998256,5.787648
STAGE_MODEL_POLICY,0,21.212989670999377,5.82784
STAGE_MODEL_POLICY,0,21.267127036997408,5.756608
STAGE_MODEL_POLICY,0,21.321234497998375,5.787648
STAGE_MODEL_POLICY,0,21.375362267997843,5.787648
STAGE_MODEL_POLICY,0,21.42950238499907,5.756608
STAGE_MODEL_POLICY,0,21.483654846997524,5.787648
STAGE_MODEL_POLICY,0,21.538181745996553,5.756608
STAGE_MODEL_POLICY,0,21.59347446999891,5.756608
STAGE_MODEL_POLICY,0,21.64764161199855,5.787648
STAGE_MODEL_POLICY,0,21.702180856998893,5.716352
STAGE_MODEL_POLICY,0,21.756366486999468,5.787648
STAGE_MODEL_POLICY,0,21.81089252199672,5.868032
STAGE_MODEL_POLICY,0,21.866106340999977,5.82784
STAGE_MODEL_POLICY,0,21.92051022999658,5.938944
STAGE_MODEL_POLICY,0,21.97480869899664,6.099456
STAGE_MODEL_POLICY,0,22.029390737996437,6.059328
STAGE_MODEL_POLICY,0,22.08395237199875,6.139584
STAGE_MODEL_POLICY,0,22.138278250997246,6.099456
STAGE_MODEL_POLICY,0,22.19244478699693,6.099456
STAGE_MODEL_POLICY,0,22.246622323997144,6.169856
STAGE_MODEL_POLICY,0,22.300817548999476,6.049664
STAGE_MODEL_POLICY,0,22.355322602998058,6.129792
STAGE_MODEL_POLICY,0,22.409508999997342,6.129792
STAGE_MODEL_POLICY,0,22.4636577199999,6.089728
STAGE_MODEL_POLICY,0,22.517778773999453,6.129792
STAGE_MODEL_POLICY,0,22.571894902997883,6.089728
STAGE_MODEL_POLICY,0,22.626001147997158,6.089728
STAGE_MODEL_POLICY,0,22.680131220997282,6.169856
STAGE_MODEL_POLICY,0,22.734294461999525,6.049664
STAGE_MODEL_POLICY,0,22.788812245998997,6.129792
STAGE_MODEL_POLICY,0,22.842975358998956,6.129792
STAGE_MODEL_POLICY,0,22.897411486999772,6.089728
STAGE_MODEL_POLICY,0,22.95264574399698,6.129792
STAGE_MODEL_POLICY,0,23.006765901998733,6.089728
STAGE_MODEL_POLICY,0,23.060870548997627,6.089728
STAGE_MODEL_POLICY,0,23.11501798899917,6.169856
STAGE_MODEL_POLICY,0,23.169388997997885,6.089728
STAGE_MODEL_POLICY,0,23.223600534998695,6.129792
STAGE_MODEL_POLICY,0,23.278183021997393,6.169856
STAGE_MODEL_POLICY,0,23.3323626709971,6.089728
STAGE_MODEL_POLICY,0,23.386881765,6.129792
STAGE_MODEL_POLICY,0,23.441017595996527,6.089728
STAGE_MODEL_POLICY,0,23.49555498599875,6.089728
STAGE_MODEL_POLICY,0,23.550162451996584,6.129792
STAGE_MODEL_POLICY,0,23.60520864299906,6.089728
STAGE_MODEL_POLICY,0,23.65935633999834,6.089728
STAGE_MODEL_POLICY,0,23.71349968699724,6.129792
STAGE_MODEL_POLICY,0,23.767611848998058,6.049664
STAGE_MODEL_POLICY,0,23.822062241997628,6.089728
STAGE_MODEL_POLICY,0,23.87619129199811,6.129792
STAGE_MODEL_POLICY,0,23.93036476799898,6.089728
STAGE_MODEL_POLICY,0,23.9850122789976,6.129792
STAGE_MODEL_POLICY,0,24.0393488089976,6.089728
STAGE_MODEL_POLICY,0,24.093531303999043,6.089728
STAGE_MODEL_POLICY,0,24.147688211996865,6.169856
STAGE_MODEL_POLICY,0,24.201859608998348,6.089728
STAGE_MODEL_POLICY,0,24.256095708999055,6.129792
STAGE_MODEL_POLICY,0,24.310257094999542,6.129792
STAGE_MODEL_POLICY,0,24.36468266799784,6.089728
STAGE_MODEL_POLICY,0,24.41890962099933,6.129792
STAGE_MODEL_POLICY,0,24.473040046999813,6.089728
STAGE_MODEL_POLICY,0,24.52716365899687,6.089728
STAGE_MODEL_POLICY,0,24.58127457399678,6.129792
STAGE_MODEL_POLICY,0,24.635371895998105,6.049664
STAGE_MODEL_POLICY,0,24.68947695799943,6.089728
STAGE_MODEL_POLICY,0,24.74358304299676,6.129792
STAGE_MODEL_POLICY,0,24.79768237999815,6.049664
STAGE_MODEL_POLICY,0,24.8517961739999,6.12
STAGE_MODEL_POLICY,0,24.90587647999928,6.089728
STAGE_MODEL_POLICY,0,24.959983460998046,6.089728
STAGE_MODEL_POLICY,0,25.01409811799749,6.2
STAGE_MODEL_POLICY,0,25.068382513996767,6.129792
STAGE_MODEL_POLICY,0,25.122824655998556,6.129792
STAGE_MODEL_POLICY,0,25.177012651998666,6.089728
STAGE_MODEL_POLICY,0,25.23117032799928,6.0192
STAGE_MODEL_POLICY,0,25.28532362199985,6.0192
STAGE_MODEL_POLICY,0,25.339415377999103,5.938944
STAGE_MODEL_POLICY,0,25.393571326996607,5.898816
STAGE_MODEL_POLICY,0,25.44774588999644,5.938944
STAGE_MODEL_POLICY,0,25.50185616499948,5.81856
STAGE_MODEL_POLICY,0,25.555970821998926,5.868032
STAGE_MODEL_POLICY,0,25.61008154499723,5.868032
STAGE_MODEL_POLICY,0,25.66423963699708,5.787648
STAGE_MODEL_POLICY,0,25.7188621039968,5.82784
STAGE_MODEL_POLICY,0,25.774161831999663,5.787648
STAGE_MODEL_POLICY,0,25.828467465998983,5.787648
STAGE_MODEL_POLICY,0,25.88260553500004,5.82784
STAGE_MODEL_POLICY,0,25.936943536999024,5.747456
STAGE_MODEL_POLICY,0,25.991847751000023,5.747456
STAGE_MODEL_POLICY,0,26.04637698499937,5.787648
STAGE_MODEL_POLICY,0,26.10146999999779,5.707264
STAGE_MODEL_POLICY,0,26.156234475998644,5.747456
STAGE_MODEL_POLICY,0,26.21088316999885,5.787648
STAGE_MODEL_POLICY,0,26.26602425799865,5.707264
STAGE_MODEL_POLICY,0,26.32045059899974,5.787648
STAGE_MODEL_POLICY,0,26.374781883998367,5.747456
STAGE_MODEL_POLICY,0,26.429075139996712,5.747456
STAGE_MODEL_POLICY,0,26.483605556997645,5.787648
STAGE_MODEL_POLICY,0,26.538178224996955,5.747456
STAGE_MODEL_POLICY,0,26.592441319997306,5.747456
STAGE_MODEL_POLICY,0,26.646957663997455,5.787648
STAGE_MODEL_POLICY,0,26.701488752998557,5.707264
STAGE_MODEL_POLICY,0,26.7564320829988,5.747456
STAGE_MODEL_POLICY,0,26.812121888997353,5.787648
STAGE_MODEL_POLICY,0,26.8663430839988,5.707264
STAGE_MODEL_POLICY,0,26.92099878299996,5.747456
STAGE_MODEL_POLICY,0,26.97561530099847,5.747456
STAGE_MODEL_POLICY,0,27.02979865999805,5.707264
STAGE_MODEL_POLICY,0,27.084569596998335,5.787648
STAGE_MODEL_POLICY,0,27.13915109199661,5.787648
STAGE_MODEL_POLICY,0,27.193519765998644,5.787648
STAGE_MODEL_POLICY,0,27.249458918999153,5.82784
STAGE_MODEL_POLICY,0,27.30367720399954,5.747456
STAGE_MODEL_POLICY,0,27.357836574999965,5.787648
STAGE_MODEL_POLICY,0,27.41237620299944,5.82784
STAGE_MODEL_POLICY,0,27.466934509997373,5.747456
STAGE_MODEL_POLICY,0,27.52111914899797,5.787648
STAGE_MODEL_POLICY,0,27.57565247599996,5.787648
STAGE_MODEL_POLICY,0,27.63027587099714,5.747456
STAGE_MODEL_POLICY,0,27.6849461219972,5.787648
STAGE_MODEL_POLICY,0,27.739562479997403,5.747456
STAGE_MODEL_POLICY,0,27.794376211997587,5.747456
STAGE_MODEL_POLICY,0,27.849417924997397,5.787648
STAGE_MODEL_POLICY,0,27.90392643299856,5.756608
STAGE_MODEL_POLICY,0,27.958492703997763,5.756608
STAGE_MODEL_POLICY,0,28.01282715599882,5.82784
STAGE_MODEL_POLICY,0,28.067574263997813,5.787648
STAGE_MODEL_POLICY,0,28.122073816997727,5.908224
STAGE_MODEL_POLICY,0,28.17646244899879,5.908224
STAGE_MODEL_POLICY,0,28.231392121997487,5.868032
STAGE_MODEL_POLICY,0,28.286028757996974,5.868032
STAGE_MODEL_POLICY,0,28.340268536998337,5.868032
STAGE_MODEL_POLICY,0,28.394440668998868,5.82784
STAGE_MODEL_POLICY,0,28.448543779999454,5.868032
STAGE_MODEL_POLICY,0,28.502673469996807,5.787648
STAGE_MODEL_POLICY,0,28.556795962998876,5.82784
STAGE_MODEL_POLICY,0,28.61095050399672,5.82784
STAGE_MODEL_POLICY,0,28.665043539996987,5.747456
STAGE_MODEL_POLICY,0,28.719140637997043,5.787648
STAGE_MODEL_POLICY,0,28.773257149998244,5.747456
STAGE_MODEL_POLICY,0,28.82739803399818,5.747456
STAGE_MODEL_POLICY,0,28.881512595999084,5.787648
STAGE_MODEL_POLICY,0,28.935640941999736,5.716352
STAGE_MODEL_POLICY,0,28.98973835999641,5.756608
STAGE_MODEL_POLICY,0,29.043832834999193,5.747456
STAGE_MODEL_POLICY,0,29.097962108997308,5.716352
STAGE_MODEL_POLICY,0,29.152230864998273,5.747456
STAGE_MODEL_POLICY,0,29.20638265499656,5.716352
STAGE_MODEL_POLICY,0,29.26051742999698,5.716352
STAGE_MODEL_POLICY,0,29.314804832996742,5.787648
STAGE_MODEL_POLICY,0,29.36905772499813,5.716352
STAGE_MODEL_POLICY,0,29.423199792996456,5.756608
STAGE_MODEL_POLICY,0,29.477328522996686,5.756608
STAGE_MODEL_POLICY,0,29.531579527996655,5.716352
STAGE_MODEL_POLICY,0,29.585748620997038,5.756608
STAGE_MODEL_POLICY,0,29.639877958998113,5.716352
STAGE_MODEL_POLICY,0,29.694039856996824,5.747456
STAGE_MODEL_POLICY,0,29.74818704199788,5.787648
STAGE_MODEL_POLICY,0,29.802326166998682,5.707264
STAGE_MODEL_POLICY,0,29.85648470599699,5.747456
STAGE_MODEL_POLICY,0,29.91062159199646,5.787648
STAGE_MODEL_POLICY,0,29.964751760999206,5.707264
STAGE_FULL_PIPELINE,0,0.0003832000002148561,5.63584
STAGE_FULL_PIPELINE,0,0.054534735001652734,5.667072
STAGE_FULL_PIPELINE,0,0.1086543490018812,5.667072
STAGE_FULL_PIPELINE,0,0.16278992400111747,5.62688
STAGE_FULL_PIPELINE,0,0.2168922350028879,5.707264
STAGE_FULL_PIPELINE,0,0.2710653270005423,5.667072
STAGE_FULL_PIPELINE,0,0.3254018260013254,5.707264
STAGE_FULL_PIPELINE,0,0.37957834000189905,5.747456
STAGE_FULL_PIPELINE,0,0.4337275400030194,5.676096
STAGE_FULL_PIPELINE,0,0.4879419870012498,5.747456
STAGE_FULL_PIPELINE,0,0.5420733720020507,5.747456
STAGE_FULL_PIPELINE,0,0.5962371560017345,5.716352
STAGE_FULL_PIPELINE,0,0.650371867002832,5.747456
STAGE_FULL_PIPELINE,0,0.7045212910015834,5.716352
STAGE_FULL_PIPELINE,0,0.7586625590010954,5.756608
STAGE_FULL_PIPELINE,0,0.812765318001766,5.787648
STAGE_FULL_PIPELINE,0,0.8668615520000458,5.716352
STAGE_FULL_PIPELINE,0,0.9210057310010598,5.756608
STAGE_FULL_PIPELINE,0,0.97510177300137,5.756608
STAGE_FULL_PIPELINE,0,1.0292272090009646,5.756608
STAGE_FULL_PIPELINE,0,1.0833417700014252,5.787648
STAGE_FULL_PIPELINE,0,1.13745233300142,5.868032
STAGE_FULL_PIPELINE,0,1.19171200600249,5.908224
STAGE_FULL_PIPELINE,0,1.246004302000074,5.948416
STAGE_FULL_PIPELINE,0,1.300256010999874,5.82784
STAGE_FULL_PIPELINE,0,1.354925589999766,5.868032
STAGE_FULL_PIPELINE,0,1.409671324003284,5.868032
STAGE_FULL_PIPELINE,0,1.4643804990009812,5.82784
STAGE_FULL_PIPELINE,0,1.5189621230019839,5.868032
STAGE_FULL_PIPELINE,0,1.573580080003012,5.82784
STAGE_FULL_PIPELINE,0,1.6279864630014345,5.787648
STAGE_FULL_PIPELINE,0,1.6823354990010557,5.82784
STAGE_FULL_PIPELINE,0,1.7364644530025544,5.747456
STAGE_FULL_PIPELINE,0,1.7910797559998173,5.787648
STAGE_FULL_PIPELINE,0,1.8455794680012332,5.82784
STAGE_FULL_PIPELINE,0,1.900948442002118,5.756608
STAGE_FULL_PIPELINE,0,1.9551827830000548,5.787648
STAGE_FULL_PIPELINE,0,2.0096608430030756,5.787648
STAGE_FULL_PIPELINE,0,2.0644299250016047,5.747456
STAGE_FULL_PIPELINE,0,2.1189731670019682,5.787648
STAGE_FULL_PIPELINE,0,2.1736059009999735,5.747456
STAGE_FULL_PIPELINE,0,2.228005024000595,5.756608
STAGE_FULL_PIPELINE,0,2.282910901001742,5.787648
STAGE_FULL_PIPELINE,0,2.3380034690017055,5.756608
STAGE_FULL_PIPELINE,0,2.3921870200028934,5.747456
STAGE_FULL_PIPELINE,0,2.446325921002426,5.787648
STAGE_FULL_PIPELINE,0,2.500838363001094,5.716352
STAGE_FULL_PIPELINE,0,2.5551928040003986,5.747456
STAGE_FULL_PIPELINE,0,2.6096645950019592,5.756608
STAGE_FULL_PIPELINE,0,2.6644081530030235,5.716352
STAGE_FULL_PIPELINE,0,2.7189964300014253,5.756608
STAGE_FULL_PIPELINE,0,2.7737940090009943,5.716352
STAGE_FULL_PIPELINE,0,2.828838761000952,5.716352
STAGE_FULL_PIPELINE,0,2.883333900001162,5.756608
STAGE_FULL_PIPELINE,0,2.93787666299977,5.716352
STAGE_FULL_PIPELINE,0,2.992262864001532,5.716352
STAGE_FULL_PIPELINE,0,3.047181215002638,5.787648
STAGE_FULL_PIPELINE,0,3.101717933001055,5.676096
STAGE_FULL_PIPELINE,0,3.1565792569999758,5.756608
STAGE_FULL_PIPELINE,0,3.2111007180028537,5.747456
STAGE_FULL_PIPELINE,0,3.265639867000573,5.707264
STAGE_FULL_PIPELINE,0,3.320361389000027,5.787648
STAGE_FULL_PIPELINE,0,3.374673355003324,5.747456
STAGE_FULL_PIPELINE,0,3.428896182002063,5.707264
STAGE_FULL_PIPELINE,0,3.483060798000224,5.787648
STAGE_FULL_PIPELINE,0,3.5371524910005974,5.707264
STAGE_FULL_PIPELINE,0,3.591869599000347,5.747456
STAGE_FULL_PIPELINE,0,3.6459945870010415,5.747456
STAGE_FULL_PIPELINE,0,3.7001967520009202,5.676096
STAGE_FULL_PIPELINE,0,3.754316367001593,5.747456
STAGE_FULL_PIPELINE,0,3.8084085390000837,5.707264
STAGE_FULL_PIPELINE,0,3.862947048000933,5.707264
STAGE_FULL_PIPELINE,0,3.917282651000278,5.747456
STAGE_FULL_PIPELINE,0,3.9714592609998363,5.667072
STAGE_FULL_PIPELINE,0,4.025579803001165,5.707264
STAGE_FULL_PIPELINE,0,4.079727020001883,5.747456
STAGE_FULL_PIPELINE,0,4.133926115002396,5.667072
STAGE_FULL_PIPELINE,0,4.188091019001149,5.82784
STAGE_FULL_PIPELINE,0,4.242494172001898,5.868032
STAGE_FULL_PIPELINE,0,4.296955791000073,5.82784
STAGE_FULL_PIPELINE,0,4.351190804001817,5.868032
STAGE_FULL_PIPELINE,0,4.405431702001806,5.787648
STAGE_FULL_PIPELINE,0,4.459570539002016,5.787648
STAGE_FULL_PIPELINE,0,4.5137410720017215,5.82784
STAGE_FULL_PIPELINE,0,4.56786161400305,5.747456
STAGE_FULL_PIPELINE,0,4.6219806850022,5.787648
STAGE_FULL_PIPELINE,0,4.676092847999826,5.787648
STAGE_FULL_PIPELINE,0,4.730183357001806,5.747456
STAGE_FULL_PIPELINE,0,4.784275433001312,5.787648
STAGE_FULL_PIPELINE,0,4.83837950400266,5.747456
STAGE_FULL_PIPELINE,0,4.896091753002111,5.707264
STAGE_FULL_PIPELINE,0,4.950235899999825,5.747456
STAGE_FULL_PIPELINE,0,5.004416444000526,5.707264
STAGE_FULL_PIPELINE,0,5.058608055001969,5.747456
STAGE_FULL_PIPELINE,0,5.11271305199989,5.787648
STAGE_FULL_PIPELINE,0,5.166806984001596,5.707264
STAGE_FULL_PIPELINE,0,5.221542962000967,5.747456
STAGE_FULL_PIPELINE,0,5.276059818002977,5.747456
STAGE_FULL_PIPELINE,0,5.330644032001146,5.707264
STAGE_FULL_PIPELINE,0,5.384778808002011,5.787648
STAGE_FULL_PIPELINE,0,5.4395469299997785,5.747456
STAGE_FULL_PIPELINE,0,5.493763903999934,5.747456
STAGE_FULL_PIPELINE,0,5.548369643001934,5.787648
STAGE_FULL_PIPELINE,0,5.602988432001439,5.707264
STAGE_FULL_PIPELINE,0,5.65715829400142,5.747456
STAGE_FULL_PIPELINE,0,5.711699553001381,5.787648
STAGE_FULL_PIPELINE,0,5.766312105002726,5.707264
STAGE_FULL_PIPELINE,0,5.820846041002369,5.747456
STAGE_FULL_PIPELINE,0,5.875312170002871,5.747456
STAGE_FULL_PIPELINE,0,5.931209903003037,5.707264
STAGE_FULL_PIPELINE,0,5.985377174001769,5.787648
STAGE_FULL_PIPELINE,0,6.03960246400311,5.747456
STAGE_FULL_PIPELINE,0,6.093807316003222,5.747456
STAGE_FULL_PIPELINE,0,6.148368886002572,5.787648
STAGE_FULL_PIPELINE,0,6.202990329002205,5.747456
STAGE_FULL_PIPELINE,0,6.258397556001,5.747456
STAGE_FULL_PIPELINE,0,6.312574742001743,5.82784
STAGE_FULL_PIPELINE,0,6.366777291001199,5.747456
STAGE_FULL_PIPELINE,0,6.421479846001603,5.787648
STAGE_FULL_PIPELINE,0,6.475774061000266,5.787648
STAGE_FULL_PIPELINE,0,6.529981632000272,5.747456
STAGE_FULL_PIPELINE,0,6.584115063000354,5.787648
STAGE_FULL_PIPELINE,0,6.63822770600018,5.747456
STAGE_FULL_PIPELINE,0,6.692393217002973,5.747456
STAGE_FULL_PIPELINE,0,6.746989298000699,5.82784
STAGE_FULL_PIPELINE,0,6.802196112003003,5.716352
STAGE_FULL_PIPELINE,0,6.856425527999818,5.787648
STAGE_FULL_PIPELINE,0,6.911025159002747,5.787648
STAGE_FULL_PIPELINE,0,6.9658419610022975,5.756608
STAGE_FULL_PIPELINE,0,7.020003058001748,5.787648
STAGE_FULL_PIPELINE,0,7.074222399001883,5.787648
STAGE_FULL_PIPELINE,0,7.1288455380017695,5.747456
STAGE_FULL_PIPELINE,0,7.1833248130024,5.787648
STAGE_FULL_PIPELINE,0,7.237711910001963,5.787648
STAGE_FULL_PIPELINE,0,7.2920451130012225,5.908224
STAGE_FULL_PIPELINE,0,7.346361749001517,5.948416
STAGE_FULL_PIPELINE,0,7.400683183001092,5.82784
STAGE_FULL_PIPELINE,0,7.4558320110008935,5.868032
STAGE_FULL_PIPELINE,0,7.509994996002206,5.868032
STAGE_FULL_PIPELINE,0,7.564353019002738,5.787648
STAGE_FULL_PIPELINE,0,7.618685424000432,5.82784
STAGE_FULL_PIPELINE,0,7.672827043003053,5.787648
STAGE_FULL_PIPELINE,0,7.727178190001723,5.787648
STAGE_FULL_PIPELINE,0,7.781720089002192,5.82784
STAGE_FULL_PIPELINE,0,7.8364053730001615,5.707264
STAGE_FULL_PIPELINE,0,7.891067149001174,5.747456
STAGE_FULL_PIPELINE,0,7.94639172800089,5.787648
STAGE_FULL_PIPELINE,0,8.000720422001905,5.707264
STAGE_FULL_PIPELINE,0,8.054918014000577,5.787648
STAGE_FULL_PIPELINE,0,8.109076873002778,5.787648
STAGE_FULL_PIPELINE,0,8.16365971200139,5.747456
STAGE_FULL_PIPELINE,0,8.219164490001276,5.787648
STAGE_FULL_PIPELINE,0,8.273322133001784,5.747456
STAGE_FULL_PIPELINE,0,8.327470981002989,5.747456
STAGE_FULL_PIPELINE,0,8.381602878002013,5.787648
STAGE_FULL_PIPELINE,0,8.435718942000676,5.707264
STAGE_FULL_PIPELINE,0,8.48998859400308,5.747456
STAGE_FULL_PIPELINE,0,8.544102004001616,5.747456
STAGE_FULL_PIPELINE,0,8.598312229001749,5.707264
STAGE_FULL_PIPELINE,0,8.652436833002866,5.747456
STAGE_FULL_PIPELINE,0,8.7065699770028,5.707264
STAGE_FULL_PIPELINE,0,8.760660358002497,5.707264
STAGE_FULL_PIPELINE,0,8.814775111000927,5.747456
STAGE_FULL_PIPELINE,0,8.868857657002081,5.676096
STAGE_FULL_PIPELINE,0,8.923005096999987,5.707264
STAGE_FULL_PIPELINE,0,8.977106865000678,5.747456
STAGE_FULL_PIPELINE,0,9.031228527001076,5.716352
STAGE_FULL_PIPELINE,0,9.08533957000327,5.747456
STAGE_FULL_PIPELINE,0,9.139536010003212,5.716352
STAGE_FULL_PIPELINE,0,9.193680060001498,5.716352
STAGE_FULL_PIPELINE,0,9.24781099699976,5.747456
STAGE_FULL_PIPELINE,0,9.301937936001195,5.676096
STAGE_FULL_PIPELINE,0,9.356062604001636,5.707264
STAGE_FULL_PIPELINE,0,9.41016347600089,5.747456
STAGE_FULL_PIPELINE,0,9.46437891500318,5.707264
STAGE_FULL_PIPELINE,0,9.51873585100111,5.747456
STAGE_FULL_PIPELINE,0,9.572908655001811,5.707264
STAGE_FULL_PIPELINE,0,9.627069561000098,5.707264
STAGE_FULL_PIPELINE,0,9.681200914001238,5.787648
STAGE_FULL_PIPELINE,0,9.73530514400045,5.707264
STAGE_FULL_PIPELINE,0,9.789421815999958,5.747456
STAGE_FULL_PIPELINE,0,9.843508679001388,5.747456
STAGE_FULL_PIPELINE,0,9.897717433002981,5.707264
STAGE_FULL_PIPELINE,0,9.951810725000541,5.747456
STAGE_FULL_PIPELINE,0,10.005895989001147,5.707264
STAGE_FULL_PIPELINE,0,10.060044070000004,5.707264
STAGE_FULL_PIPELINE,0,10.114134067000123,5.747456
STAGE_FULL_PIPELINE,0,10.168310261000443,5.667072
STAGE_FULL_PIPELINE,0,10.222687283003324,5.707264
STAGE_FULL_PIPELINE,0,10.276885451003182,5.747456
STAGE_FULL_PIPELINE,0,10.330937227001414,5.82784
STAGE_FULL_PIPELINE,0,10.38527561200317,5.868032
STAGE_FULL_PIPELINE,0,10.439694565000536,5.82784
STAGE_FULL_PIPELINE,0,10.49390015300014,5.82784
STAGE_FULL_PIPELINE,0,10.548030898000434,5.868032
STAGE_FULL_PIPELINE,0,10.602199512002699,5.747456
STAGE_FULL_PIPELINE,0,10.65638722100266,5.787648
STAGE_FULL_PIPELINE,0,10.710579534999852,5.787648
STAGE_FULL_PIPELINE,0,10.76470030100245,5.747456
STAGE_FULL_PIPELINE,0,10.81895223399988,5.787648
STAGE_FULL_PIPELINE,0,10.873091007000767,5.747456
STAGE_FULL_PIPELINE,0,10.927259269003116,5.747456
STAGE_FULL_PIPELINE,0,10.981372263002413,5.787648
STAGE_FULL_PIPELINE,0,11.03559333100202,5.707264
STAGE_FULL_PIPELINE,0,11.089804356000968,5.747456
STAGE_FULL_PIPELINE,0,11.144020498002646,5.747456
STAGE_FULL_PIPELINE,0,11.198227589000453,5.707264
STAGE_FULL_PIPELINE,0,11.252420127002551,5.747456
STAGE_FULL_PIPELINE,0,11.306562515001133,5.707264
STAGE_FULL_PIPELINE,0,11.360792442003003,5.707264
STAGE_FULL_PIPELINE,0,11.414999628999794,5.787648
STAGE_FULL_PIPELINE,0,11.469099701000232,5.707264
STAGE_FULL_PIPELINE,0,11.523292975001823,5.747456
STAGE_FULL_PIPELINE,0,11.577458487001422,5.747456
STAGE_FULL_PIPELINE,0,11.631632218002778,5.707264
STAGE_FULL_PIPELINE,0,11.686325114002102,5.747456
STAGE_FULL_PIPELINE,0,11.742142823000904,5.747456
STAGE_FULL_PIPELINE,0,11.796830762003083,5.707264
STAGE_FULL_PIPELINE,0,11.851096287002292,5.787648
STAGE_FULL_PIPELINE,0,11.905596448003053,5.707264
STAGE_FULL_PIPELINE,0,11.959998705002363,5.747456
STAGE_FULL_PIPELINE,0,12.01431559699995,5.787648
STAGE_FULL_PIPELINE,0,12.068921272002626,5.707264
STAGE_FULL_PIPELINE,0,12.123884753000311,5.747456
STAGE_FULL_PIPELINE,0,12.178215686002659,5.787648
STAGE_FULL_PIPELINE,0,12.232749525002873,5.747456
STAGE_FULL_PIPELINE,0,12.287327727000957,5.787648
STAGE_FULL_PIPELINE,0,12.342244063002,5.787648
STAGE_FULL_PIPELINE,0,12.396830388002854,5.747456
STAGE_FULL_PIPELINE,0,12.451113889001135,5.787648
STAGE_FULL_PIPELINE,0,12.50561833500251,5.747456
STAGE_FULL_PIPELINE,0,12.560516151999764,5.747456
STAGE_FULL_PIPELINE,0,12.615331898003205,5.82784
STAGE_FULL_PIPELINE,0,12.669518456001242,5.747456
STAGE_FULL_PIPELINE,0,12.723686782002915,5.787648
STAGE_FULL_PIPELINE,0,12.778744551000273,5.787648
STAGE_FULL_PIPELINE,0,12.833126243000152,5.756608
STAGE_FULL_PIPELINE,0,12.887716310000542,5.787648
STAGE_FULL_PIPELINE,0,12.942311847000383,5.796864
STAGE_FULL_PIPELINE,0,12.996853489999921,5.756608
STAGE_FULL_PIPELINE,0,13.051151800002117,5.787648
STAGE_FULL_PIPELINE,0,13.105293067001185,5.756608
STAGE_FULL_PIPELINE,0,13.159428001999913,5.756608
STAGE_FULL_PIPELINE,0,13.21395579700038,5.82784
STAGE_FULL_PIPELINE,0,13.268512313003157,5.716352
STAGE_FULL_PIPELINE,0,13.323055875000136,5.787648
STAGE_FULL_PIPELINE,0,13.377418856001896,5.868032
STAGE_FULL_PIPELINE,0,13.431840912002372,5.868032
STAGE_FULL_PIPELINE,0,13.486283501002617,5.908224
STAGE_FULL_PIPELINE,0,13.540476199003024,5.868032
STAGE_FULL_PIPELINE,0,13.59647125900301,5.868032
STAGE_FULL_PIPELINE,0,13.650638562001404,5.908224
STAGE_FULL_PIPELINE,0,13.705019294000522,5.82784
STAGE_FULL_PIPELINE,0,13.759369482002512,5.82784
STAGE_FULL_PIPELINE,0,13.813505088000966,5.868032
STAGE_FULL_PIPELINE,0,13.867878560002282,5.787648
STAGE_FULL_PIPELINE,0,13.922417965000932,5.82784
STAGE_FULL_PIPELINE,0,13.976889883000695,5.82784
STAGE_FULL_PIPELINE,0,14.031677036000474,5.787648
STAGE_FULL_PIPELINE,0,14.086315655000362,5.82784
STAGE_FULL_PIPELINE,0,14.140840762000153,5.787648
STAGE_FULL_PIPELINE,0,14.195410616001027,5.747456
STAGE_FULL_PIPELINE,0,14.249703776000388,5.82784
STAGE_FULL_PIPELINE,0,14.303854895002587,5.747456
STAGE_FULL_PIPELINE,0,14.357985992002796,5.747456
STAGE_FULL_PIPELINE,0,14.412274386002537,5.787648
STAGE_FULL_PIPELINE,0,14.4665258060013,5.707264
STAGE_FULL_PIPELINE,0,14.520675550000306,5.747456
STAGE_FULL_PIPELINE,0,14.574780196002393,5.747456
STAGE_FULL_PIPELINE,0,14.628993908001576,5.707264
STAGE_FULL_PIPELINE,0,14.683115793002798,5.787648
STAGE_FULL_PIPELINE,0,14.73722287000055,5.716352
STAGE_FULL_PIPELINE,0,14.791366089000803,5.747456
STAGE_FULL_PIPELINE,0,14.845565984000132,5.747456
STAGE_FULL_PIPELINE,0,14.899755259000813,5.716352
STAGE_FULL_PIPELINE,0,14.953972585000884,5.747456
STAGE_FULL_PIPELINE,0,15.008152394002536,5.747456
STAGE_FULL_PIPELINE,0,15.062335272999917,5.707264
STAGE_FULL_PIPELINE,0,15.116533664000599,5.747456
STAGE_FULL_PIPELINE,0,15.170649696003238,5.716352
STAGE_FULL_PIPELINE,0,15.224786838,5.707264
STAGE_FULL_PIPELINE,0,15.279002373001276,5.747456
STAGE_FULL_PIPELINE,0,15.333123491000151,5.676096
STAGE_FULL_PIPELINE,0,15.387435201002518,5.747456
STAGE_FULL_PIPELINE,0,15.441592269002285,5.716352
STAGE_FULL_PIPELINE,0,15.49571530600224,5.716352
STAGE_FULL_PIPELINE,0,15.550315672000579,5.787648
STAGE_FULL_PIPELINE,0,15.60505133100014,5.707264
STAGE_FULL_PIPELINE,0,15.659262260000105,5.747456
STAGE_FULL_PIPELINE,0,15.713456941000914,5.787648
STAGE_FULL_PIPELINE,0,15.767785187003028,5.707264
STAGE_FULL_PIPELINE,0,15.821984794001764,5.747456
STAGE_FULL_PIPELINE,0,15.876122703000874,5.707264
STAGE_FULL_PIPELINE,0,15.930231316000572,5.707264
STAGE_FULL_PIPELINE,0,15.984336026001984,5.747456
STAGE_FULL_PIPELINE,0,16.038433252000686,5.707264
STAGE_FULL_PIPELINE,0,16.092837268002768,5.707264
STAGE_FULL_PIPELINE,0,16.14708661000259,5.747456
STAGE_FULL_PIPELINE,0,16.201587634001044,5.667072
STAGE_FULL_PIPELINE,0,16.256099532001826,5.707264
STAGE_FULL_PIPELINE,0,16.310263860003033,5.707264
STAGE_FULL_PIPELINE,0,16.364434937000624,5.667072
STAGE_FULL_PIPELINE,0,16.41860108900073,5.747456
STAGE_FULL_PIPELINE,0,16.47338446700087,5.82784
STAGE_FULL_PIPELINE,0,16.52779827100312,5.82784
STAGE_FULL_PIPELINE,0,16.581960424002318,5.868032
STAGE_FULL_PIPELINE,0,16.636112151001726,5.787648
STAGE_FULL_PIPELINE,0,16.690385863999836,5.82784
STAGE_FULL_PIPELINE,0,16.744538966002438,5.82784
STAGE_FULL_PIPELINE,0,16.798683496002923,5.747456
STAGE_FULL_PIPELINE,0,16.852795722999872,5.787648
STAGE_FULL_PIPELINE,0,16.906918344000587,5.747456
STAGE_FULL_PIPELINE,0,16.961025773001893,5.747456
STAGE_FULL_PIPELINE,0,17.01512773200011,5.82784
STAGE_FULL_PIPELINE,0,17.06927162300053,5.707264
STAGE_FULL_PIPELINE,0,17.123407709001185,5.747456
STAGE_FULL_PIPELINE,0,17.177540725002473,5.787648
STAGE_FULL_PIPELINE,0,17.231785973002843,5.707264
STAGE_FULL_PIPELINE,0,17.285955770003056,5.787648
STAGE_FULL_PIPELINE,0,17.34010589800164,5.747456
STAGE_FULL_PIPELINE,0,17.394253818001744,5.747456
STAGE_FULL_PIPELINE,0,17.448372090002522,5.787648
STAGE_FULL_PIPELINE,0,17.50246829200114,5.707264
STAGE_FULL_PIPELINE,0,17.556657312001335,5.747456
STAGE_FULL_PIPELINE,0,17.61076889800097,5.787648
STAGE_FULL_PIPELINE,0,17.66520819300058,5.707264
STAGE_FULL_PIPELINE,0,17.719516162000218,5.787648
STAGE_FULL_PIPELINE,0,17.773669455000345,5.747456
STAGE_FULL_PIPELINE,0,17.82779706600195,5.747456
STAGE_FULL_PIPELINE,0,17.88193526300165,5.787648
STAGE_FULL_PIPELINE,0,17.936026700001094,5.716352
STAGE_FULL_PIPELINE,0,17.990147306001745,5.747456
STAGE_FULL_PIPELINE,0,18.04433962100302,5.787648
STAGE_FULL_PIPELINE,0,18.09849800000302,5.747456
STAGE_FULL_PIPELINE,0,18.152664247001667,5.787648
STAGE_FULL_PIPELINE,0,18.206801325002743,5.747456
STAGE_FULL_PIPELINE,0,18.26089285800117,5.747456
STAGE_FULL_PIPELINE,0,18.315046024003095,5.787648
STAGE_FULL_PIPELINE,0,18.3691654150025,5.716352
STAGE_FULL_PIPELINE,0,18.42334205700172,5.747456
STAGE_FULL_PIPELINE,0,18.477441809001903,5.787648
STAGE_FULL_PIPELINE,0,18.53177987500021,5.716352
STAGE_FULL_PIPELINE,0,18.585897410001053,5.787648
STAGE_FULL_PIPELINE,0,18.640004295000836,5.756608
STAGE_FULL_PIPELINE,0,18.69411236400265,5.756608
STAGE_FULL_PIPELINE,0,18.748278131002735,5.787648
STAGE_FULL_PIPELINE,0,18.802409515999898,5.716352
STAGE_FULL_PIPELINE,0,18.85663480600124,5.756608
STAGE_FULL_PIPELINE,0,18.910742586002016,5.796864
STAGE_FULL_PIPELINE,0,18.964837062001607,5.756608
STAGE_FULL_PIPELINE,0,19.018959971002914,5.787648
STAGE_FULL_PIPELINE,0,19.073162904001947,5.756608
STAGE_FULL_PIPELINE,0,19.127340026003367,5.756608
STAGE_FULL_PIPELINE,0,19.181501251001464,5.82784
STAGE_FULL_PIPELINE,0,19.23599767000269,5.756608
STAGE_FULL_PIPELINE,0,19.290142935002223,5.796864
STAGE_FULL_PIPELINE,0,19.344255066000187,5.796864
STAGE_FULL_PIPELINE,0,19.398381109000184,5.756608
STAGE_FULL_PIPELINE,0,19.45251556400035,5.796864
STAGE_FULL_PIPELINE,0,19.506623665001825,5.868032
STAGE_FULL_PIPELINE,0,19.56145879399992,5.908224
STAGE_FULL_PIPELINE,0,19.61703972500254,5.948416
STAGE_FULL_PIPELINE,0,19.671197401003155,5.868032
STAGE_FULL_PIPELINE,0,19.725770069002465,5.868032
STAGE_FULL_PIPELINE,0,19.780386363003345,5.908224
STAGE_FULL_PIPELINE,0,19.834712530002435,5.787648
STAGE_FULL_PIPELINE,0,19.88899446400319,5.82784
STAGE_FULL_PIPELINE,0,19.943122906002827,5.82784
STAGE_FULL_PIPELINE,0,19.997258129002148,5.787648
STAGE_FULL_PIPELINE,0,20.051443503001792,5.82784
STAGE_FULL_PIPELINE,0,20.105557232000137,5.787648
STAGE_FULL_PIPELINE,0,20.15969251900242,5.787648
STAGE_FULL_PIPELINE,0,20.2138191060003,5.82784
STAGE_FULL_PIPELINE,0,20.267932419999852,5.747456
STAGE_FULL_PIPELINE,0,20.322088688000804,5.787648
STAGE_FULL_PIPELINE,0,20.37625803800256,5.787648
STAGE_FULL_PIPELINE,0,20.430428315001336,5.747456
STAGE_FULL_PIPELINE,0,20.484773257001507,5.787648
STAGE_FULL_PIPELINE,0,20.53952660300274,5.747456
STAGE_FULL_PIPELINE,0,20.593679705001705,5.747456
STAGE_FULL_PIPELINE,0,20.647834054001578,5.787648
STAGE_FULL_PIPELINE,0,20.70239012300226,5.716352
STAGE_FULL_PIPELINE,0,20.756870069002616,5.747456
STAGE_FULL_PIPELINE,0,20.81118856000103,5.747456
STAGE_FULL_PIPELINE,0,20.8653274290009,5.716352
STAGE_FULL_PIPELINE,0,20.91942465500324,5.747456
STAGE_FULL_PIPELINE,0,20.973527702000865,5.716352
STAGE_FULL_PIPELINE,0,21.02761977800037,5.716352
STAGE_FULL_PIPELINE,0,21.082302855000307,5.787648
STAGE_FULL_PIPELINE,0,21.13641744800043,5.716352
STAGE_FULL_PIPELINE,0,21.19101468000008,5.756608
STAGE_FULL_PIPELINE,0,21.245626465002715,5.787648
STAGE_FULL_PIPELINE,0,21.30086622300223,5.676096
STAGE_FULL_PIPELINE,0,21.355174415002693,5.747456
STAGE_FULL_PIPELINE,0,21.409387039002468,5.756608
STAGE_FULL_PIPELINE,0,21.463481451002735,5.716352
STAGE_FULL_PIPELINE,0,21.5175850730011,5.747456
STAGE_FULL_PIPELINE,0,21.571686009003315,5.716352
STAGE_FULL_PIPELINE,0,21.626423939000233,5.716352
STAGE_FULL_PIPELINE,0,21.680569236003066,5.787648
STAGE_FULL_PIPELINE,0,21.734749077000743,5.707264
STAGE_FULL_PIPELINE,0,21.790681193000637,5.747456
STAGE_FULL_PIPELINE,0,21.84482975300125,5.747456
STAGE_FULL_PIPELINE,0,21.899105418000545,5.707264
STAGE_FULL_PIPELINE,0,21.953348906001338,5.747456
STAGE_FULL_PIPELINE,0,22.007506198002375,5.707264
STAGE_FULL_PIPELINE,0,22.061597283001902,5.707264
STAGE_FULL_PIPELINE,0,22.115709317000437,5.747456
STAGE_FULL_PIPELINE,0,22.170375571000477,5.707264
STAGE_FULL_PIPELINE,0,22.225702102001378,5.707264
STAGE_FULL_PIPELINE,0,22.27984999000182,5.747456
STAGE_FULL_PIPELINE,0,22.334410344003118,5.667072
STAGE_FULL_PIPELINE,0,22.389058175001992,5.707264
STAGE_FULL_PIPELINE,0,22.44319602000178,5.747456
STAGE_FULL_PIPELINE,0,22.497443763000774,5.667072
STAGE_FULL_PIPELINE,0,22.55160153399993,5.747456
STAGE_FULL_PIPELINE,0,22.606003408000106,5.868032
STAGE_FULL_PIPELINE,0,22.66052093500184,5.82784
STAGE_FULL_PIPELINE,0,22.714699113003007,5.868032
STAGE_FULL_PIPELINE,0,22.76884527400034,5.787648
STAGE_FULL_PIPELINE,0,22.82322719000149,5.82784
STAGE_FULL_PIPELINE,0,22.877388575001532,5.82784
STAGE_FULL_PIPELINE,0,22.931706555002165,5.787648
STAGE_FULL_PIPELINE,0,22.986330717001692,5.82784
STAGE_FULL_PIPELINE,0,23.04039170500255,5.787648
STAGE_FULL_PIPELINE,0,23.094988136999746,5.787648
STAGE_FULL_PIPELINE,0,23.150243184001738,5.82784
STAGE_FULL_PIPELINE,0,23.204395934000786,5.747456
STAGE_FULL_PIPELINE,0,23.258981459002825,5.787648
STAGE_FULL_PIPELINE,0,23.31404706500325,5.82784
STAGE_FULL_PIPELINE,0,23.36818990000029,5.747456
STAGE_FULL_PIPELINE,0,23.422417844001757,5.787648
STAGE_FULL_PIPELINE,0,23.476841627001704,5.787648
STAGE_FULL_PIPELINE,0,23.531096470000193,5.747456
STAGE_FULL_PIPELINE,0,23.58569197399993,5.787648
STAGE_FULL_PIPELINE,0,23.63993552700049,5.747456
STAGE_FULL_PIPELINE,0,23.694137565002166,5.747456
STAGE_FULL_PIPELINE,0,23.74826232900159,5.787648
STAGE_FULL_PIPELINE,0,23.80244859800223,5.707264
STAGE_FULL_PIPELINE,0,23.856821622001007,5.787648
STAGE_FULL_PIPELINE,0,23.911004501002026,5.787648
STAGE_FULL_PIPELINE,0,23.965734370001883,5.747456
STAGE_FULL_PIPELINE,0,24.020344683001895,5.787648
STAGE_FULL_PIPELINE,0,24.074994817001425,5.787648
STAGE_FULL_PIPELINE,0,24.129161160002695,5.747456
STAGE_FULL_PIPELINE,0,24.183273673999793,5.787648
STAGE_FULL_PIPELINE,0,24.23741318300017,5.747456
STAGE_FULL_PIPELINE,0,24.291538331002812,5.787648
STAGE_FULL_PIPELINE,0,24.345838335000735,5.82784
STAGE_FULL_PIPELINE,0,24.400203331002558,5.756608
STAGE_FULL_PIPELINE,0,24.45438502700199,5.787648
STAGE_FULL_PIPELINE,0,24.508515740002622,5.787648
STAGE_FULL_PIPELINE,0,24.562616356000945,5.756608
STAGE_FULL_PIPELINE,0,24.616721066002356,5.787648
STAGE_FULL_PIPELINE,0,24.670868699002312,5.756608
STAGE_FULL_PIPELINE,0,24.724978686001123,5.756608
STAGE_FULL_PIPELINE,0,24.779107256003044,5.787648
STAGE_FULL_PIPELINE,0,24.833244206001837,5.756608
STAGE_FULL_PIPELINE,0,24.887703811000392,5.787648
STAGE_FULL_PIPELINE,0,24.941907959000673,5.796864
STAGE_FULL_PIPELINE,0,24.99611466600254,5.756608
STAGE_FULL_PIPELINE,0,25.05032543500056,5.82784
STAGE_FULL_PIPELINE,0,25.104440188002627,5.756608
STAGE_FULL_PIPELINE,0,25.158609538000746,5.796864
STAGE_FULL_PIPELINE,0,25.2127676300006,5.707264
STAGE_FULL_PIPELINE,0,25.312865396001143,5.868032
STAGE_FULL_PIPELINE,0,25.367203429002984,5.787648
STAGE_FULL_PIPELINE,0,25.42144320800071,5.82784
STAGE_FULL_PIPELINE,0,25.47555242800081,5.82784
STAGE_FULL_PIPELINE,0,25.529691648000153,5.787648
STAGE_FULL_PIPELINE,0,25.583800420001353,5.82784
STAGE_FULL_PIPELINE,0,25.63793941699987,5.82784
STAGE_FULL_PIPELINE,0,25.692121145002602,5.908224
STAGE_FULL_PIPELINE,0,25.746608608002134,5.948416
STAGE_FULL_PIPELINE,0,25.80079548499998,5.868032
STAGE_FULL_PIPELINE,0,25.855089956003212,5.868032
STAGE_FULL_PIPELINE,0,25.909340833000897,5.868032
STAGE_FULL_PIPELINE,0,25.96349329500299,5.82784
STAGE_FULL_PIPELINE,0,26.017669873002887,5.868032
STAGE_FULL_PIPELINE,0,26.071908372003236,5.787648
STAGE_FULL_PIPELINE,0,26.126116711002396,5.787648
STAGE_FULL_PIPELINE,0,26.180221613001777,5.868032
STAGE_FULL_PIPELINE,0,26.234840210003313,5.747456
STAGE_FULL_PIPELINE,0,26.28901051900175,5.787648
STAGE_FULL_PIPELINE,0,26.343142831003206,5.787648
STAGE_FULL_PIPELINE,0,26.39725256300153,5.747456
STAGE_FULL_PIPELINE,0,26.451364693002688,5.787648
STAGE_FULL_PIPELINE,0,26.50546303900046,5.747456
STAGE_FULL_PIPELINE,0,26.55959416800033,5.747456
STAGE_FULL_PIPELINE,0,26.61375443400175,5.787648
STAGE_FULL_PIPELINE,0,26.66786944300111,5.716352
STAGE_FULL_PIPELINE,0,26.721975720000046,5.747456
STAGE_FULL_PIPELINE,0,26.77610163600184,5.747456
STAGE_FULL_PIPELINE,0,26.830182102003164,5.716352
STAGE_FULL_PIPELINE,0,26.88426349600195,5.787648
STAGE_FULL_PIPELINE,0,26.938414774002013,5.716352
STAGE_FULL_PIPELINE,0,26.992539666000084,5.747456
STAGE_FULL_PIPELINE,0,27.046699261001777,5.787648
STAGE_FULL_PIPELINE,0,27.100800517000607,5.707264
STAGE_FULL_PIPELINE,0,27.155037609001738,5.747456
STAGE_FULL_PIPELINE,0,27.209127830003126,5.747456
STAGE_FULL_PIPELINE,0,27.26325086700308,5.707264
STAGE_FULL_PIPELINE,0,27.31760927400319,5.787648
STAGE_FULL_PIPELINE,0,27.371749615002045,5.707264
STAGE_FULL_PIPELINE,0,27.425851574000262,5.747456
STAGE_FULL_PIPELINE,0,27.479952926001715,5.787648
STAGE_FULL_PIPELINE,0,27.53406323300078,5.707264
STAGE_FULL_PIPELINE,0,27.58825541999977,5.747456
STAGE_FULL_PIPELINE,0,27.642380280001817,5.747456
STAGE_FULL_PIPELINE,0,27.69649029900029,5.707264
STAGE_FULL_PIPELINE,0,27.750595553003222,5.747456
STAGE_FULL_PIPELINE,0,27.804708355000912,5.707264
STAGE_FULL_PIPELINE,0,27.85886999700233,5.747456
STAGE_FULL_PIPELINE,0,27.912994761001755,5.787648
STAGE_FULL_PIPELINE,0,27.96715086900076,5.707264
STAGE_FULL_PIPELINE,0,28.02127358600046,5.747456
STAGE_FULL_PIPELINE,0,28.075437339000928,5.747456
STAGE_FULL_PIPELINE,0,28.129544863000774,5.707264
STAGE_FULL_PIPELINE,0,28.183660064001742,5.747456
STAGE_FULL_PIPELINE,0,28.237761320000573,5.707264
STAGE_FULL_PIPELINE,0,28.291884997001034,5.707264
STAGE_FULL_PIPELINE,0,28.346043376001035,5.787648
STAGE_FULL_PIPELINE,0,28.40019871700133,5.707264
STAGE_FULL_PIPELINE,0,28.454321786000946,5.747456
STAGE_FULL_PIPELINE,0,28.508421251000982,5.707264
STAGE_FULL_PIPELINE,0,28.562534788001358,5.707264
STAGE_FULL_PIPELINE,0,28.616676600002393,5.747456
STAGE_FULL_PIPELINE,0,28.670770947002893,5.707264
STAGE_FULL_PIPELINE,0,28.724870092002675,5.82784
STAGE_FULL_PIPELINE,0,28.77921513000183,5.908224
STAGE_FULL_PIPELINE,0,28.83366856200155,5.787648
STAGE_FULL_PIPELINE,0,28.88789100500071,5.82784
STAGE_FULL_PIPELINE,0,28.942060035002214,5.82784
STAGE_FULL_PIPELINE,0,28.996423366999807,5.787648
STAGE_FULL_PIPELINE,0,29.050663466001424,5.82784
STAGE_FULL_PIPELINE,0,29.10478752600102,5.787648
STAGE_FULL_PIPELINE,0,29.158951438999793,5.787648
STAGE_FULL_PIPELINE,0,29.213097632000427,5.82784
STAGE_FULL_PIPELINE,0,29.26765498000168,5.747456
STAGE_FULL_PIPELINE,0,29.32187009900008,5.787648
STAGE_FULL_PIPELINE,0,29.375979958000244,5.787648
STAGE_FULL_PIPELINE,0,29.430082460999984,5.747456
STAGE_FULL_PIPELINE,0,29.484182022002642,5.787648
STAGE_FULL_PIPELINE,0,29.53828180700293,5.747456
STAGE_FULL_PIPELINE,0,29.59244271300122,5.747456
STAGE_FULL_PIPELINE,0,29.64654572800282,5.82784
STAGE_FULL_PIPELINE,0,29.700670524001907,5.707264
STAGE_FULL_PIPELINE,0,29.754775586003234,5.787648
STAGE_FULL_PIPELINE,0,29.808853365000687,5.787648
STAGE_FULL_PIPELINE,0,29.86294221100252,5.747456
STAGE_FULL_PIPELINE,0,29.917039949003083,5.787648
STAGE_FULL_PIPELINE,0,29.971140821002336,5.747456
STAGE_MODEL_THRESHOLD,0,0.00037734699799329974,5.676096
STAGE_MODEL_THRESHOLD,0,0.054701978999219136,5.707264
STAGE_MODEL_THRESHOLD,0,0.10879258400018443,5.667072
STAGE_MODEL_THRESHOLD,0,0.16299561299820198,5.667072
STAGE_MODEL_THRESHOLD,0,0.21708775399747537,5.707264
STAGE_MODEL_THRESHOLD,0,0.27120481000019936,5.667072
STAGE_MODEL_THRESHOLD,0,0.3257256309989316,5.707264
STAGE_MODEL_THRESHOLD,0,0.3810799879975093,5.747456
STAGE_MODEL_THRESHOLD,0,0.43520200199782266,5.676096
STAGE_MODEL_THRESHOLD,0,0.49028065699894796,5.707264
STAGE_MODEL_THRESHOLD,0,0.5444116580001719,5.787648
STAGE_MODEL_THRESHOLD,0,0.5984991919976892,5.716352
STAGE_MODEL_THRESHOLD,0,0.6527011020007194,5.747456
STAGE_MODEL_THRESHOLD,0,0.7068612399998528,5.747456
STAGE_MODEL_THRESHOLD,0,0.7609956319975026,5.716352
STAGE_MODEL_THRESHOLD,0,0.8150774729983823,5.787648
STAGE_MODEL_THRESHOLD,0,0.8691752109989466,5.716352
STAGE_MODEL_THRESHOLD,0,0.9232563490004395,5.756608
STAGE_MODEL_THRESHOLD,0,0.9783181159982632,5.787648
STAGE_MODEL_THRESHOLD,0,1.033031161998224,5.716352
STAGE_MODEL_THRESHOLD,0,1.0877813410006638,5.747456
STAGE_MODEL_THRESHOLD,0,1.1418792069998744,5.787648
STAGE_MODEL_THRESHOLD,0,1.196721019998222,5.756608
STAGE_MODEL_THRESHOLD,0,1.2508566269971197,5.787648
STAGE_MODEL_THRESHOLD,0,1.3049605369997153,5.756608
STAGE_MODEL_THRESHOLD,0,1.3590761859995837,5.756608
STAGE_MODEL_THRESHOLD,0,1.4132373479988019,5.82784
STAGE_MODEL_THRESHOLD,0,1.4673774639995827,5.716352
STAGE_MODEL_THRESHOLD,0,1.5215483169995423,5.796864
STAGE_MODEL_THRESHOLD,0,1.575697804997617,5.796864
STAGE_MODEL_THRESHOLD,0,1.6298391050004284,5.756608
STAGE_MODEL_THRESHOLD,0,1.685009712997271,5.787648
STAGE_MODEL_THRESHOLD,0,1.7391810459994304,5.82784
STAGE_MODEL_THRESHOLD,0,1.793639211999107,5.908224
STAGE_MODEL_THRESHOLD,0,1.8480819929973222,5.948416
STAGE_MODEL_THRESHOLD,0,1.9023145749997639,5.868032
STAGE_MODEL_THRESHOLD,0,1.9564423769988935,5.868032
STAGE_MODEL_THRESHOLD,0,2.0106586789988796,5.908224
STAGE_MODEL_THRESHOLD,0,2.0647981239999353,5.787648
STAGE_MODEL_THRESHOLD,0,2.119093970999529,5.82784
STAGE_MODEL_THRESHOLD,0,2.173229257998173,5.82784
STAGE_MODEL_THRESHOLD,0,2.2273488079990784,5.787648
STAGE_MODEL_THRESHOLD,0,2.2815754729999753,5.82784
STAGE_MODEL_THRESHOLD,0,2.3357384579976497,5.747456
STAGE_MODEL_THRESHOLD,0,2.3898401939986798,5.787648
STAGE_MODEL_THRESHOLD,0,2.443958369000029,5.787648
STAGE_MODEL_THRESHOLD,0,2.4980549549982243,5.707264
STAGE_MODEL_THRESHOLD,0,2.5522373229978257,5.747456
STAGE_MODEL_THRESHOLD,0,2.606372513997485,5.747456
STAGE_MODEL_THRESHOLD,0,2.6604744409996783,5.716352
STAGE_MODEL_THRESHOLD,0,2.714563638997788,5.747456
STAGE_MODEL_THRESHOLD,0,2.768653571998584,5.716352
STAGE_MODEL_THRESHOLD,0,2.8227659269978176,5.716352
STAGE_MODEL_THRESHOLD,0,2.876860209998995,5.747456
STAGE_MODEL_THRESHOLD,0,2.9310258499972406,5.716352
STAGE_MODEL_THRESHOLD,0,2.985126785999455,5.756608
STAGE_MODEL_THRESHOLD,0,3.039321435000602,5.716352
STAGE_MODEL_THRESHOLD,0,3.093512949999422,5.716352
STAGE_MODEL_THRESHOLD,0,3.1476749110006494,5.747456
STAGE_MODEL_THRESHOLD,0,3.201797596000688,5.716352
STAGE_MODEL_THRESHOLD,0,3.255915355999605,5.756608
STAGE_MODEL_THRESHOLD,0,3.3100355780006794,5.756608
STAGE_MODEL_THRESHOLD,0,3.3641630290003377,5.716352
STAGE_MODEL_THRESHOLD,0,3.4183043929988344,5.756608
STAGE_MODEL_THRESHOLD,0,3.4724207449980895,5.716352
STAGE_MODEL_THRESHOLD,0,3.5265157319990976,5.716352
STAGE_MODEL_THRESHOLD,0,3.580610174998583,5.747456
STAGE_MODEL_THRESHOLD,0,3.6347235850007564,5.676096
STAGE_MODEL_THRESHOLD,0,3.6888455980006256,5.716352
STAGE_MODEL_THRESHOLD,0,3.742970201998105,5.747456
STAGE_MODEL_THRESHOLD,0,3.7970894329992007,5.676096
STAGE_MODEL_THRESHOLD,0,3.8511792389981565,5.756608
STAGE_MODEL_THRESHOLD,0,3.905299396999908,5.716352
STAGE_MODEL_THRESHOLD,0,3.9594054829976812,5.707264
STAGE_MODEL_THRESHOLD,0,4.013530247000745,5.787648
STAGE_MODEL_THRESHOLD,0,4.0677289579980425,5.707264
STAGE_MODEL_THRESHOLD,0,4.121905471998616,5.747456
STAGE_MODEL_THRESHOLD,0,4.176063052000245,5.747456
STAGE_MODEL_THRESHOLD,0,4.230186567998317,5.707264
STAGE_MODEL_THRESHOLD,0,4.2843354159995215,5.747456
STAGE_MODEL_THRESHOLD,0,4.338462450999941,5.707264
STAGE_MODEL_THRESHOLD,0,4.392566489997989,5.707264
STAGE_MODEL_THRESHOLD,0,4.446672510999633,5.747456
STAGE_MODEL_THRESHOLD,0,4.50078688099893,5.667072
STAGE_MODEL_THRESHOLD,0,4.5550064769995515,5.707264
STAGE_MODEL_THRESHOLD,0,4.609112817997811,5.747456
STAGE_MODEL_THRESHOLD,0,4.663250343997788,5.667072
STAGE_MODEL_THRESHOLD,0,4.717372389997763,5.747456
STAGE_MODEL_THRESHOLD,0,4.77147802699983,5.707264
STAGE_MODEL_THRESHOLD,0,4.825579602998914,5.82784
STAGE_MODEL_THRESHOLD,0,4.8801810889999615,5.908224
STAGE_MODEL_THRESHOLD,0,4.934582001998933,5.787648
STAGE_MODEL_THRESHOLD,0,4.988788102000399,5.82784
STAGE_MODEL_THRESHOLD,0,5.042996951997338,5.868032
STAGE_MODEL_THRESHOLD,0,5.0973984739976,5.787648
STAGE_MODEL_THRESHOLD,0,5.151605627997924,5.82784
STAGE_MODEL_THRESHOLD,0,5.205778240997461,5.787648
STAGE_MODEL_THRESHOLD,0,5.2599878260007245,5.787648
STAGE_MODEL_THRESHOLD,0,5.314188391999778,5.82784
STAGE_MODEL_THRESHOLD,0,5.368379554998683,5.747456
STAGE_MODEL_THRESHOLD,0,5.422522646000289,5.787648
STAGE_MODEL_THRESHOLD,0,5.47665643000073,5.787648
STAGE_MODEL_THRESHOLD,0,5.530836750000162,5.747456
STAGE_MODEL_THRESHOLD,0,5.585033253999427,5.787648
STAGE_MODEL_THRESHOLD,0,5.639161823997711,5.747456
STAGE_MODEL_THRESHOLD,0,5.693361878998985,5.747456
STAGE_MODEL_THRESHOLD,0,5.747483220999129,5.787648
STAGE_MODEL_THRESHOLD,0,5.801622569000756,5.707264
STAGE_MODEL_THRESHOLD,0,5.855817378000211,5.747456
STAGE_MODEL_THRESHOLD,0,5.909946971998579,5.787648
STAGE_MODEL_THRESHOLD,0,5.964098922999256,5.707264
STAGE_MODEL_THRESHOLD,0,6.01827019099801,5.787648
STAGE_MODEL_THRESHOLD,0,6.07241404999877,5.747456
STAGE_MODEL_THRESHOLD,0,6.126778565998393,5.747456
STAGE_MODEL_THRESHOLD,0,6.180936720997124,5.787648
STAGE_MODEL_THRESHOLD,0,6.235073031999491,5.716352
STAGE_MODEL_THRESHOLD,0,6.2892910609989485,5.747456
STAGE_MODEL_THRESHOLD,0,6.34343280900066,5.787648
STAGE_MODEL_THRESHOLD,0,6.397630143997958,5.716352
STAGE_MODEL_THRESHOLD,0,6.451803812000435,5.787648
STAGE_MODEL_THRESHOLD,0,6.505935676999798,5.747456
STAGE_MODEL_THRESHOLD,0,6.560075536999648,5.756608
STAGE_MODEL_THRESHOLD,0,6.614211782998609,5.787648
STAGE_MODEL_THRESHOLD,0,6.668348093997338,5.716352
STAGE_MODEL_THRESHOLD,0,6.7225116539993905,5.756608
STAGE_MODEL_THRESHOLD,0,6.776630309999746,5.796864
STAGE_MODEL_THRESHOLD,0,6.83075820799786,5.716352
STAGE_MODEL_THRESHOLD,0,6.884979243997805,5.796864
STAGE_MODEL_THRESHOLD,0,6.93911027699869,5.756608
STAGE_MODEL_THRESHOLD,0,6.993228195999109,5.756608
STAGE_MODEL_THRESHOLD,0,7.047387342998263,5.796864
STAGE_MODEL_THRESHOLD,0,7.101514538000629,5.716352
STAGE_MODEL_THRESHOLD,0,7.155943406000006,5.756608
STAGE_MODEL_THRESHOLD,0,7.210094172998652,5.796864
STAGE_MODEL_THRESHOLD,0,7.2643765219982015,5.716352
STAGE_MODEL_THRESHOLD,0,7.31858869899952,5.796864
STAGE_MODEL_THRESHOLD,0,7.372754050997173,5.756608
STAGE_MODEL_THRESHOLD,0,7.4269858009975,5.756608
STAGE_MODEL_THRESHOLD,0,7.481137687998853,5.787648
STAGE_MODEL_THRESHOLD,0,7.535264050999103,5.716352
STAGE_MODEL_THRESHOLD,0,7.589418815998215,5.756608
STAGE_MODEL_THRESHOLD,0,7.6435432599973865,5.796864
STAGE_MODEL_THRESHOLD,0,7.697777569999744,5.716352
STAGE_MODEL_THRESHOLD,0,7.752032252999925,5.756608
STAGE_MODEL_THRESHOLD,0,7.806142400000681,5.756608
STAGE_MODEL_THRESHOLD,0,7.860310853997362,5.747456
STAGE_MODEL_THRESHOLD,0,7.91474726999877,5.948416
STAGE_MODEL_THRESHOLD,0,7.969088533998729,5.82784
STAGE_MODEL_THRESHOLD,0,8.023345647998212,5.868032
STAGE_MODEL_THRESHOLD,0,8.077507736998086,5.868032
STAGE_MODEL_THRESHOLD,0,8.131690840000374,5.787648
STAGE_MODEL_THRESHOLD,0,8.186108898000384,5.787648
STAGE_MODEL_THRESHOLD,0,8.240333483998256,5.787648
STAGE_MODEL_THRESHOLD,0,8.294542973999341,5.747456
STAGE_MODEL_THRESHOLD,0,8.348683090000122,5.787648
STAGE_MODEL_THRESHOLD,0,8.40281946399773,5.707264
STAGE_MODEL_THRESHOLD,0,8.45701222599746,5.747456
STAGE_MODEL_THRESHOLD,0,8.511153206000017,5.787648
STAGE_MODEL_THRESHOLD,0,8.565730192000046,5.716352
STAGE_MODEL_THRESHOLD,0,8.619861352999578,5.747456
STAGE_MODEL_THRESHOLD,0,8.673976361998939,5.756608
STAGE_MODEL_THRESHOLD,0,8.728700153998943,5.716352
STAGE_MODEL_THRESHOLD,0,8.782816122999066,5.756608
STAGE_MODEL_THRESHOLD,0,8.837330515998474,5.716352
STAGE_MODEL_THRESHOLD,0,8.892257982999581,5.716352
STAGE_MODEL_THRESHOLD,0,8.946369984998455,5.756608
STAGE_MODEL_THRESHOLD,0,9.000928163997742,5.676096
STAGE_MODEL_THRESHOLD,0,9.05503610499727,5.716352
STAGE_MODEL_THRESHOLD,0,9.10974822299977,5.756608
STAGE_MODEL_THRESHOLD,0,9.163932764997298,5.676096
STAGE_MODEL_THRESHOLD,0,9.218175581998366,5.747456
STAGE_MODEL_THRESHOLD,0,9.272897520000697,5.707264
STAGE_MODEL_THRESHOLD,0,9.327046207999956,5.716352
STAGE_MODEL_THRESHOLD,0,9.381617787999858,5.747456
STAGE_MODEL_THRESHOLD,0,9.436276877000637,5.716352
STAGE_MODEL_THRESHOLD,0,9.49088789400048,5.707264
STAGE_MODEL_THRESHOLD,0,9.545059354997647,5.747456
STAGE_MODEL_THRESHOLD,0,9.599159875000623,5.676096
STAGE_MODEL_THRESHOLD,0,9.653910245997395,5.707264
STAGE_MODEL_THRESHOLD,0,9.70845275299871,5.707264
STAGE_MODEL_THRESHOLD,0,9.76257358300063,5.676096
STAGE_MODEL_THRESHOLD,0,9.816664507998212,5.747456
STAGE_MODEL_THRESHOLD,0,9.870742256000085,5.667072
STAGE_MODEL_THRESHOLD,0,9.925015169999824,5.707264
STAGE_MODEL_THRESHOLD,0,9.979686155998934,5.747456
STAGE_MODEL_THRESHOLD,0,10.034431857999152,5.676096
STAGE_MODEL_THRESHOLD,0,10.088569031999214,5.747456
STAGE_MODEL_THRESHOLD,0,10.142726770998706,5.747456
STAGE_MODEL_THRESHOLD,0,10.196910417998879,5.707264
STAGE_MODEL_THRESHOLD,0,10.251080950998585,5.747456
STAGE_MODEL_THRESHOLD,0,10.305195384000399,5.707264
STAGE_MODEL_THRESHOLD,0,10.359336940000503,5.707264
STAGE_MODEL_THRESHOLD,0,10.413671934999002,5.787648
STAGE_MODEL_THRESHOLD,0,10.46837218699875,5.707264
STAGE_MODEL_THRESHOLD,0,10.522861825000291,5.707264
STAGE_MODEL_THRESHOLD,0,10.57735363699976,5.787648
STAGE_MODEL_THRESHOLD,0,10.631878393000079,5.667072
STAGE_MODEL_THRESHOLD,0,10.686474760997953,5.707264
STAGE_MODEL_THRESHOLD,0,10.740787399998226,5.707264
STAGE_MODEL_THRESHOLD,0,10.794951312000194,5.667072
STAGE_MODEL_THRESHOLD,0,10.849088229999325,5.747456
STAGE_MODEL_THRESHOLD,0,10.903256171997782,5.667072
STAGE_MODEL_THRESHOLD,0,10.957323972997983,5.868032
STAGE_MODEL_THRESHOLD,0,11.011831042000267,5.908224
STAGE_MODEL_THRESHOLD,0,11.066233682999155,5.82784
STAGE_MODEL_THRESHOLD,0,11.12063152599876,5.868032
STAGE_MODEL_THRESHOLD,0,11.174788274998718,5.868032
STAGE_MODEL_THRESHOLD,0,11.229016378998494,5.787648
STAGE_MODEL_THRESHOLD,0,11.283155247998366,5.868032
STAGE_MODEL_THRESHOLD,0,11.337338063000061,5.787648
STAGE_MODEL_THRESHOLD,0,11.391486366999743,5.787648
STAGE_MODEL_THRESHOLD,0,11.445709706000343,5.82784
STAGE_MODEL_THRESHOLD,0,11.499852637000004,5.747456
STAGE_MODEL_THRESHOLD,0,11.554053682997619,5.787648
STAGE_MODEL_THRESHOLD,0,11.608167923997826,5.787648
STAGE_MODEL_THRESHOLD,0,11.662321058000089,5.747456
STAGE_MODEL_THRESHOLD,0,11.716481963998376,5.82784
STAGE_MODEL_THRESHOLD,0,11.770569306998368,5.747456
STAGE_MODEL_THRESHOLD,0,11.824662470997282,5.747456
STAGE_MODEL_THRESHOLD,0,11.8788231849976,5.82784
STAGE_MODEL_THRESHOLD,0,11.93297123299999,5.716352
STAGE_MODEL_THRESHOLD,0,11.987092863000726,5.747456
STAGE_MODEL_THRESHOLD,0,12.041195333997166,5.747456
STAGE_MODEL_THRESHOLD,0,12.095392797997192,5.716352
STAGE_MODEL_THRESHOLD,0,12.14949597300074,5.787648
STAGE_MODEL_THRESHOLD,0,12.203658669997822,5.707264
STAGE_MODEL_THRESHOLD,0,12.257894034999481,5.747456
STAGE_MODEL_THRESHOLD,0,12.312122938998073,5.787648
STAGE_MODEL_THRESHOLD,0,12.366273833999003,5.716352
STAGE_MODEL_THRESHOLD,0,12.420406625999021,5.747456
STAGE_MODEL_THRESHOLD,0,12.474536666999484,5.747456
STAGE_MODEL_THRESHOLD,0,12.52864770999804,5.716352
STAGE_MODEL_THRESHOLD,0,12.582759136999812,5.747456
STAGE_MODEL_THRESHOLD,0,12.636930821998249,5.716352
STAGE_MODEL_THRESHOLD,0,12.691084178997698,5.716352
STAGE_MODEL_THRESHOLD,0,12.745201458998054,5.747456
STAGE_MODEL_THRESHOLD,0,12.799328813998727,5.676096
STAGE_MODEL_THRESHOLD,0,12.853731934999814,5.716352
STAGE_MODEL_THRESHOLD,0,12.907892649000132,5.716352
STAGE_MODEL_THRESHOLD,0,12.962001356998371,5.676096
STAGE_MODEL_THRESHOLD,0,13.01614815799985,5.747456
STAGE_MODEL_THRESHOLD,0,13.070292656000674,5.676096
STAGE_MODEL_THRESHOLD,0,13.124469521997526,5.716352
STAGE_MODEL_THRESHOLD,0,13.178572729000734,5.747456
STAGE_MODEL_THRESHOLD,0,13.23273881699788,5.676096
STAGE_MODEL_THRESHOLD,0,13.28702097399946,5.707264
STAGE_MODEL_THRESHOLD,0,13.34115616499912,5.707264
STAGE_MODEL_THRESHOLD,0,13.395383021997986,5.676096
STAGE_MODEL_THRESHOLD,0,13.449474873999861,5.747456
STAGE_MODEL_THRESHOLD,0,13.503559881999536,5.676096
STAGE_MODEL_THRESHOLD,0,13.557667663000757,5.716352
STAGE_MODEL_THRESHOLD,0,13.612270747998991,5.747456
STAGE_MODEL_THRESHOLD,0,13.666415309999138,5.676096
STAGE_MODEL_THRESHOLD,0,13.720834933999868,5.747456
STAGE_MODEL_THRESHOLD,0,13.7750157019982,5.747456
STAGE_MODEL_THRESHOLD,0,13.829129527999612,5.716352
STAGE_MODEL_THRESHOLD,0,13.883254419997684,5.747456
STAGE_MODEL_THRESHOLD,0,13.93740521899963,5.716352
STAGE_MODEL_THRESHOLD,0,13.991710564998357,5.747456
STAGE_MODEL_THRESHOLD,0,14.045828708000045,5.908224
STAGE_MODEL_THRESHOLD,0,14.10025898299864,5.787648
STAGE_MODEL_THRESHOLD,0,14.154455455998686,5.82784
STAGE_MODEL_THRESHOLD,0,14.208676555997954,5.82784
STAGE_MODEL_THRESHOLD,0,14.262809826999728,5.787648
STAGE_MODEL_THRESHOLD,0,14.317113701999915,5.82784
STAGE_MODEL_THRESHOLD,0,14.371250203999807,5.787648
STAGE_MODEL_THRESHOLD,0,14.425405416997819,5.747456
STAGE_MODEL_THRESHOLD,0,14.479727137997543,5.787648
STAGE_MODEL_THRESHOLD,0,14.534128947998397,5.716352
STAGE_MODEL_THRESHOLD,0,14.5889374340004,5.747456
STAGE_MODEL_THRESHOLD,0,14.64363749399854,5.787648
STAGE_MODEL_THRESHOLD,0,14.697927455999888,5.716352
STAGE_MODEL_THRESHOLD,0,14.75207764699735,5.747456
STAGE_MODEL_THRESHOLD,0,14.806189105998783,5.716352
STAGE_MODEL_THRESHOLD,0,14.860312046999752,5.716352
STAGE_MODEL_THRESHOLD,0,14.914405114999681,5.747456
STAGE_MODEL_THRESHOLD,0,14.968501988998469,5.676096
STAGE_MODEL_THRESHOLD,0,15.02262109199728,5.716352
STAGE_MODEL_THRESHOLD,0,15.076719468997908,5.747456
STAGE_MODEL_THRESHOLD,0,15.130958063997241,5.676096
STAGE_MODEL_THRESHOLD,0,15.185077550999267,5.707264
STAGE_MODEL_THRESHOLD,0,15.239177142997505,5.716352
STAGE_MODEL_THRESHOLD,0,15.29328354899917,5.676096
STAGE_MODEL_THRESHOLD,0,15.347444326998811,5.747456
STAGE_MODEL_THRESHOLD,0,15.401591958998324,5.676096
STAGE_MODEL_THRESHOLD,0,15.455699035999714,5.707264
STAGE_MODEL_THRESHOLD,0,15.509778702999029,5.707264
STAGE_MODEL_THRESHOLD,0,15.563904586997523,5.676096
STAGE_MODEL_THRESHOLD,0,15.618056088998856,5.707264
STAGE_MODEL_THRESHOLD,0,15.67215165199741,5.667072
STAGE_MODEL_THRESHOLD,0,15.726254219000111,5.667072
STAGE_MODEL_THRESHOLD,0,15.780358480998984,5.707264
STAGE_MODEL_THRESHOLD,0,15.834451229999104,5.63584
STAGE_MODEL_THRESHOLD,0,15.888546248999774,5.707264
STAGE_MODEL_THRESHOLD,0,15.942620702000568,5.707264
STAGE_MODEL_THRESHOLD,0,15.996989407998626,5.676096
STAGE_MODEL_THRESHOLD,0,16.05112379899947,5.707264
STAGE_MODEL_THRESHOLD,0,16.10523951199866,5.667072
STAGE_MODEL_THRESHOLD,0,16.15939520399843,5.676096
STAGE_MODEL_THRESHOLD,0,16.213521918998595,5.747456
STAGE_MODEL_THRESHOLD,0,16.267699072999676,5.667072
STAGE_MODEL_THRESHOLD,0,16.321834999998828,5.747456
STAGE_MODEL_THRESHOLD,0,16.37603870000021,5.747456
STAGE_MODEL_THRESHOLD,0,16.43013439099741,5.707264
STAGE_MODEL_THRESHOLD,0,16.484250998997595,5.747456
STAGE_MODEL_THRESHOLD,0,16.53837429199848,5.707264
STAGE_MODEL_THRESHOLD,0,16.592964678999124,5.707264
STAGE_MODEL_THRESHOLD,0,16.6475980849973,5.747456
STAGE_MODEL_THRESHOLD,0,16.702124695999373,5.667072
STAGE_MODEL_THRESHOLD,0,16.756393132000085,5.707264
STAGE_MODEL_THRESHOLD,0,16.81089108499873,5.747456
STAGE_MODEL_THRESHOLD,0,16.865100863000407,5.667072
STAGE_MODEL_THRESHOLD,0,16.919698222998704,5.707264
STAGE_MODEL_THRESHOLD,0,16.97383434099902,5.707264
STAGE_MODEL_THRESHOLD,0,17.028371730997605,5.667072
STAGE_MODEL_THRESHOLD,0,17.082860376998724,5.868032
STAGE_MODEL_THRESHOLD,0,17.137183025999548,5.82784
STAGE_MODEL_THRESHOLD,0,17.19255145599891,5.82784
STAGE_MODEL_THRESHOLD,0,17.246732223997242,5.868032
STAGE_MODEL_THRESHOLD,0,17.301315829998202,5.787648
STAGE_MODEL_THRESHOLD,0,17.355486267999368,5.787648
STAGE_MODEL_THRESHOLD,0,17.409762923998642,5.82784
STAGE_MODEL_THRESHOLD,0,17.464599811999506,5.747456
STAGE_MODEL_THRESHOLD,0,17.51878662499803,5.787648
STAGE_MODEL_THRESHOLD,0,17.572900449998997,5.747456
STAGE_MODEL_THRESHOLD,0,17.627034458000708,5.747456
STAGE_MODEL_THRESHOLD,0,17.681138783998904,5.787648
STAGE_MODEL_THRESHOLD,0,17.735262236998096,5.707264
STAGE_MODEL_THRESHOLD,0,17.78938933599784,5.747456
STAGE_MODEL_THRESHOLD,0,17.843485313998826,5.787648
STAGE_MODEL_THRESHOLD,0,17.89766157199847,5.707264
STAGE_MODEL_THRESHOLD,0,17.951765579000494,5.747456
STAGE_MODEL_THRESHOLD,0,18.00590499199825,5.747456
STAGE_MODEL_THRESHOLD,0,18.060037944000214,5.707264
STAGE_MODEL_THRESHOLD,0,18.114157206000527,5.787648
STAGE_MODEL_THRESHOLD,0,18.1682758930001,5.716352
STAGE_MODEL_THRESHOLD,0,18.22245864499928,5.747456
STAGE_MODEL_THRESHOLD,0,18.276569207999273,5.747456
STAGE_MODEL_THRESHOLD,0,18.330749239998113,5.716352
STAGE_MODEL_THRESHOLD,0,18.385044863000076,5.747456
STAGE_MODEL_THRESHOLD,0,18.4391614069973,5.707264
STAGE_MODEL_THRESHOLD,0,18.493270723000023,5.707264
STAGE_MODEL_THRESHOLD,0,18.547397790000105,5.747456
STAGE_MODEL_THRESHOLD,0,18.601492104997305,5.676096
STAGE_MODEL_THRESHOLD,0,18.655685986999742,5.707264
STAGE_MODEL_THRESHOLD,0,18.70977249799762,5.747456
STAGE_MODEL_THRESHOLD,0,18.763866332999896,5.676096
STAGE_MODEL_THRESHOLD,0,18.818033731997275,5.747456
STAGE_MODEL_THRESHOLD,0,18.872125169000356,5.716352
STAGE_MODEL_THRESHOLD,0,18.926199429999542,5.716352
STAGE_MODEL_THRESHOLD,0,18.980294960998435,5.747456
STAGE_MODEL_THRESHOLD,0,19.03439544899811,5.676096
STAGE_MODEL_THRESHOLD,0,19.08848100099931,5.716352
STAGE_MODEL_THRESHOLD,0,19.142587245998584,5.716352
STAGE_MODEL_THRESHOLD,0,19.19669851299841,5.676096
STAGE_MODEL_THRESHOLD,0,19.25083242400069,5.747456
STAGE_MODEL_THRESHOLD,0,19.30500481299896,5.747456
STAGE_MODEL_THRESHOLD,0,19.35942517299918,5.747456
STAGE_MODEL_THRESHOLD,0,19.413850618999277,5.787648
STAGE_MODEL_THRESHOLD,0,19.468020767999406,5.707264
STAGE_MODEL_THRESHOLD,0,19.522138111999084,5.747456
STAGE_MODEL_THRESHOLD,0,19.576228780999372,5.747456
STAGE_MODEL_THRESHOLD,0,19.63034414199865,5.707264
STAGE_MODEL_THRESHOLD,0,19.68447802099763,5.747456
STAGE_MODEL_THRESHOLD,0,19.738643692999176,5.707264
STAGE_MODEL_THRESHOLD,0,19.79275470399807,5.716352
STAGE_MODEL_THRESHOLD,0,19.846838400000706,5.747456
STAGE_MODEL_THRESHOLD,0,19.90113542999825,5.676096
STAGE_MODEL_THRESHOLD,0,19.955464987997402,5.716352
STAGE_MODEL_THRESHOLD,0,20.010133383999346,5.747456
STAGE_MODEL_THRESHOLD,0,20.064392992997455,5.676096
STAGE_MODEL_THRESHOLD,0,20.118911096000375,5.787648
STAGE_MODEL_THRESHOLD,0,20.173049868997623,5.868032
STAGE_MODEL_THRESHOLD,0,20.22760753699913,5.82784
STAGE_MODEL_THRESHOLD,0,20.281817537997995,5.868032
STAGE_MODEL_THRESHOLD,0,20.335971534997952,5.787648
STAGE_MODEL_THRESHOLD,0,20.390125596997677,5.787648
STAGE_MODEL_THRESHOLD,0,20.44445256399922,5.82784
STAGE_MODEL_THRESHOLD,0,20.498677502000646,5.747456
STAGE_MODEL_THRESHOLD,0,20.552976162998675,5.787648
STAGE_MODEL_THRESHOLD,0,20.60714976699819,5.747456
STAGE_MODEL_THRESHOLD,0,20.661291609998443,5.707264
STAGE_MODEL_THRESHOLD,0,20.71548331699887,5.747456
STAGE_MODEL_THRESHOLD,0,20.76969347799968,5.707264
STAGE_MODEL_THRESHOLD,0,20.82388358499884,5.707264
STAGE_MODEL_THRESHOLD,0,20.878004510999745,5.747456
STAGE_MODEL_THRESHOLD,0,20.932140405999235,5.667072
STAGE_MODEL_THRESHOLD,0,20.986348103997443,5.707264
STAGE_MODEL_THRESHOLD,0,21.0404751069982,5.707264
STAGE_MODEL_THRESHOLD,0,21.09461919000023,5.667072
STAGE_MODEL_THRESHOLD,0,21.148782462998497,5.707264
STAGE_MODEL_THRESHOLD,0,21.202915254998516,5.667072
STAGE_MODEL_THRESHOLD,0,21.257079646999046,5.667072
STAGE_MODEL_THRESHOLD,0,21.311298379998334,5.747456
STAGE_MODEL_THRESHOLD,0,21.365453816997615,5.667072
STAGE_MODEL_THRESHOLD,0,21.419618592997722,5.707264
STAGE_MODEL_THRESHOLD,0,21.47392975999901,5.707264
STAGE_MODEL_THRESHOLD,0,21.528087530998164,5.667072
STAGE_MODEL_THRESHOLD,0,21.58222003499759,5.707264
STAGE_MODEL_THRESHOLD,0,21.636383307999495,5.667072
STAGE_MODEL_THRESHOLD,0,21.6906037689987,5.667072
STAGE_MODEL_THRESHOLD,0,21.74475523900037,5.747456
STAGE_MODEL_THRESHOLD,0,21.79903854800068,5.62688
STAGE_MODEL_THRESHOLD,0,21.853172490998986,5.707264
STAGE_MODEL_THRESHOLD,0,21.907288332000462,5.707264
STAGE_MODEL_THRESHOLD,0,21.961414438999782,5.667072
STAGE_MODEL_THRESHOLD,0,22.015527400999417,5.707264
STAGE_MODEL_THRESHOLD,0,22.069691122000222,5.676096
STAGE_MODEL_THRESHOLD,0,22.123817100997258,5.707264
STAGE_MODEL_THRESHOLD,0,22.17800480999722,5.747456
STAGE_MODEL_THRESHOLD,0,22.232156728998234,5.667072
STAGE_MODEL_THRESHOLD,0,22.28644502699899,5.707264
STAGE_MODEL_THRESHOLD,0,22.340627393998147,5.707264
STAGE_MODEL_THRESHOLD,0,22.39478414199766,5.707264
STAGE_MODEL_THRESHOLD,0,22.44892026099842,5.747456
STAGE_MODEL_THRESHOLD,0,22.503274317998148,5.707264
STAGE_MODEL_THRESHOLD,0,22.557449872998404,5.707264
STAGE_MODEL_THRESHOLD,0,22.61165024699949,5.747456
STAGE_MODEL_THRESHOLD,0,22.665781600000628,5.676096
STAGE_MODEL_THRESHOLD,0,22.719941513998492,5.707264
STAGE_MODEL_THRESHOLD,0,22.774064518998784,5.707264
STAGE_MODEL_THRESHOLD,0,22.828204572000686,5.716352
STAGE_MODEL_THRESHOLD,0,22.882344751997152,5.747456
STAGE_MODEL_THRESHOLD,0,22.936490209998738,5.676096
STAGE_MODEL_THRESHOLD,0,22.990654506000283,5.716352
STAGE_MODEL_THRESHOLD,0,23.044830891998572,5.756608
STAGE_MODEL_THRESHOLD,0,23.098980283997662,5.676096
STAGE_MODEL_THRESHOLD,0,23.153102106000006,5.716352
STAGE_MODEL_THRESHOLD,0,23.207273725998675,5.82784
STAGE_MODEL_THRESHOLD,0,23.261444290998043,5.82784
STAGE_MODEL_THRESHOLD,0,23.315900857000088,5.868032
STAGE_MODEL_THRESHOLD,0,23.370070846998715,5.787648
STAGE_MODEL_THRESHOLD,0,23.42420290299924,5.82784
STAGE_MODEL_THRESHOLD,0,23.478327602999343,5.868032
STAGE_MODEL_THRESHOLD,0,23.53248847699797,5.747456
STAGE_MODEL_THRESHOLD,0,23.586895467997238,5.787648
STAGE_MODEL_THRESHOLD,0,23.641152165997482,5.787648
STAGE_MODEL_THRESHOLD,0,23.695323083000403,5.747456
STAGE_MODEL_THRESHOLD,0,23.749469788999704,5.787648
STAGE_MODEL_THRESHOLD,0,23.803629638998245,5.707264
STAGE_MODEL_THRESHOLD,0,23.857727791997604,5.747456
STAGE_MODEL_THRESHOLD,0,23.911856458998955,5.787648
STAGE_MODEL_THRESHOLD,0,23.965980582997872,5.676096
STAGE_MODEL_THRESHOLD,0,24.021058949998405,5.747456
STAGE_MODEL_THRESHOLD,0,24.075574495000183,5.747456
STAGE_MODEL_THRESHOLD,0,24.130120743997395,5.676096
STAGE_MODEL_THRESHOLD,0,24.184389083999122,5.747456
STAGE_MODEL_THRESHOLD,0,24.238882847999776,5.716352
STAGE_MODEL_THRESHOLD,0,24.293071323998447,5.716352
STAGE_MODEL_THRESHOLD,0,24.348776352999266,5.747456
STAGE_MODEL_THRESHOLD,0,24.40293402899988,5.676096
STAGE_MODEL_THRESHOLD,0,24.45717834899915,5.716352
STAGE_MODEL_THRESHOLD,0,24.51130176999868,5.747456
STAGE_MODEL_THRESHOLD,0,24.56571557300049,5.676096
STAGE_MODEL_THRESHOLD,0,24.6198557539974,5.716352
STAGE_MODEL_THRESHOLD,0,24.673975975998474,5.716352
STAGE_MODEL_THRESHOLD,0,24.72814027200002,5.676096
STAGE_MODEL_THRESHOLD,0,24.78228125199894,5.756608
STAGE_MODEL_THRESHOLD,0,24.83639766899796,5.676096
STAGE_MODEL_THRESHOLD,0,24.89052662299946,5.716352
STAGE_MODEL_THRESHOLD,0,24.94466846599971,5.756608
STAGE_MODEL_THRESHOLD,0,24.998904853997374,5.676096
STAGE_MODEL_THRESHOLD,0,25.053134493999096,5.716352
STAGE_MODEL_THRESHOLD,0,25.107289834999392,5.716352
STAGE_MODEL_THRESHOLD,0,25.161431358999835,5.676096
STAGE_MODEL_THRESHOLD,0,25.21553974699782,5.716352
STAGE_MODEL_THRESHOLD,0,25.26968798699818,5.676096
STAGE_MODEL_THRESHOLD,0,25.32391973799895,5.716352
STAGE_MODEL_THRESHOLD,0,25.378105654999672,5.756608
STAGE_MODEL_THRESHOLD,0,25.43232269299915,5.676096
STAGE_MODEL_THRESHOLD,0,25.48650886699761,5.716352
STAGE_MODEL_THRESHOLD,0,25.54067255499831,5.716352
STAGE_MODEL_THRESHOLD,0,25.595060483999987,5.676096
STAGE_MODEL_THRESHOLD,0,25.649440799999866,5.716352
STAGE_MODEL_THRESHOLD,0,25.703739524997218,5.676096
STAGE_MODEL_THRESHOLD,0,25.757898703999672,5.676096
STAGE_MODEL_THRESHOLD,0,25.812014351999096,5.756608
STAGE_MODEL_THRESHOLD,0,25.866131311999197,5.63584
STAGE_MODEL_THRESHOLD,0,25.92032525799732,5.716352
STAGE_MODEL_THRESHOLD,0,25.97442801699799,5.676096
STAGE_MODEL_THRESHOLD,0,26.02861217499958,5.676096
STAGE_MODEL_THRESHOLD,0,26.082731565998984,5.716352
STAGE_MODEL_THRESHOLD,0,26.13691799499793,5.63584
STAGE_MODEL_THRESHOLD,0,26.19104621400038,5.676096
STAGE_MODEL_THRESHOLD,0,26.245167426997796,5.747456
STAGE_MODEL_THRESHOLD,0,26.299730531998648,5.787648
STAGE_MODEL_THRESHOLD,0,26.35434129299756,5.82784
STAGE_MODEL_THRESHOLD,0,26.40855516499869,5.787648
STAGE_MODEL_THRESHOLD,0,26.46317683199959,5.747456
STAGE_MODEL_THRESHOLD,0,26.517343943000014,5.747456
STAGE_MODEL_THRESHOLD,0,26.571519977998832,5.707264
STAGE_MODEL_THRESHOLD,0,26.625768391997553,5.707264
STAGE_MODEL_THRESHOLD,0,26.67991039499975,5.747456
STAGE_MODEL_THRESHOLD,0,26.734054925000237,5.667072
STAGE_MODEL_THRESHOLD,0,26.788194913999178,5.707264
STAGE_MODEL_THRESHOLD,0,26.842354316999263,5.747456
STAGE_MODEL_THRESHOLD,0,26.89672788399912,5.667072
STAGE_MODEL_THRESHOLD,0,26.950906349000434,5.747456
STAGE_MODEL_THRESHOLD,0,27.00509009199959,5.707264
STAGE_MODEL_THRESHOLD,0,27.059227713998553,5.707264
STAGE_MODEL_THRESHOLD,0,27.11377674599862,5.747456
STAGE_MODEL_THRESHOLD,0,27.167918876999465,5.667072
STAGE_MODEL_THRESHOLD,0,27.22249870899759,5.707264
STAGE_MODEL_THRESHOLD,0,27.27663505199962,5.747456
STAGE_MODEL_THRESHOLD,0,27.330878347998805,5.667072
STAGE_MODEL_THRESHOLD,0,27.38510248699822,5.747456
STAGE_MODEL_THRESHOLD,0,27.43968215899804,5.707264
STAGE_MODEL_THRESHOLD,0,27.493938281997544,5.707264
STAGE_MODEL_THRESHOLD,0,27.54827276499782,5.747456
STAGE_MODEL_THRESHOLD,0,27.602511744000367,5.707264
STAGE_MODEL_THRESHOLD,0,27.656658993000747,5.747456
STAGE_MODEL_THRESHOLD,0,27.710769908000657,5.787648
STAGE_MODEL_THRESHOLD,0,27.764862976000586,5.716352
STAGE_MODEL_THRESHOLD,0,27.819072848997166,5.747456
STAGE_MODEL_THRESHOLD,0,27.873578286998963,5.747456
STAGE_MODEL_THRESHOLD,0,27.92860765399746,5.716352
STAGE_MODEL_THRESHOLD,0,27.982730147999973,5.787648
STAGE_MODEL_THRESHOLD,0,28.036896555000567,5.716352
STAGE_MODEL_THRESHOLD,0,28.091031521998957,5.747456
STAGE_MODEL_THRESHOLD,0,28.145198312999128,5.787648
STAGE_MODEL_THRESHOLD,0,28.19940204500017,5.716352
STAGE_MODEL_THRESHOLD,0,28.253604211000493,5.787648
STAGE_MODEL_THRESHOLD,0,28.307779446000495,5.787648
STAGE_MODEL_THRESHOLD,0,28.36190884700045,5.747456
STAGE_MODEL_THRESHOLD,0,28.416030028998648,5.787648
STAGE_MODEL_THRESHOLD,0,28.47012120999716,5.747456
STAGE_MODEL_THRESHOLD,0,28.524237178997282,5.747456
STAGE_MODEL_THRESHOLD,0,28.57836347799821,5.82784
STAGE_MODEL_THRESHOLD,0,28.63296512299712,5.747456
STAGE_MODEL_THRESHOLD,0,28.687101338000502,5.787648
STAGE_MODEL_THRESHOLD,0,28.74121298799946,5.787648
STAGE_MODEL_THRESHOLD,0,28.795688456997595,5.756608
STAGE_MODEL_THRESHOLD,0,28.84981082199738,5.787648
STAGE_MODEL_THRESHOLD,0,28.90429758100072,5.756608
STAGE_MODEL_THRESHOLD,0,28.958868425997935,5.756608
STAGE_MODEL_THRESHOLD,0,29.013063362999674,5.82784
STAGE_MODEL_THRESHOLD,0,29.06770965800024,5.756608
STAGE_MODEL_THRESHOLD,0,29.121838547998777,5.796864
STAGE_MODEL_THRESHOLD,0,29.17631660799816,5.796864
STAGE_MODEL_THRESHOLD,0,29.230864647997805,5.716352
STAGE_MODEL_THRESHOLD,0,29.2860932759977,5.796864
STAGE_MODEL_THRESHOLD,0,29.340228914999898,5.908224
STAGE_MODEL_THRESHOLD,0,29.394560999000532,5.868032
STAGE_MODEL_THRESHOLD,0,29.448973810998723,5.908224
STAGE_MODEL_THRESHOLD,0,29.503097551998508,5.868032
STAGE_MODEL_THRESHOLD,0,29.557631166997453,5.868032
STAGE_MODEL_THRESHOLD,0,29.61240283999723,5.908224
STAGE_MODEL_THRESHOLD,0,29.666776662998018,5.787648
STAGE_MODEL_THRESHOLD,0,29.721216309997544,5.82784
STAGE_MODEL_THRESHOLD,0,29.77533697999752,5.82784
STAGE_MODEL_THRESHOLD,0,29.829433822000283,5.787648
STAGE_MODEL_THRESHOLD,0,29.883531240000593,5.82784
STAGE_MODEL_THRESHOLD,0,29.937653060998855,5.787648
STAGE_MODEL_THRESHOLD,0,29.992269546997704,5.787648
STAGE_MODEL_INFER,0,0.000382368998543825,5.555328
STAGE_MODEL_INFER,0,0.054554564998397836,5.555328
STAGE_MODEL_INFER,0,0.10861526499866159,5.555328
STAGE_MODEL_INFER,0,0.16273171400098363,5.555328
STAGE_MODEL_INFER,0,0.2168240139981208,5.62688
STAGE_MODEL_INFER,0,0.27093070699993405,5.595584
STAGE_MODEL_INFER,0,0.32505198500075494,5.63584
STAGE_MODEL_INFER,0,0.3791324829981022,5.707264
STAGE_MODEL_INFER,0,0.43319830099790124,5.63584
STAGE_MODEL_INFER,0,0.48733668999921065,5.676096
STAGE_MODEL_INFER,0,0.5414325079982518,5.716352
STAGE_MODEL_INFER,0,0.595570385998144,5.676096
STAGE_MODEL_INFER,0,0.6498134909998043,5.756608
STAGE_MODEL_INFER,0,0.703940685998532,5.716352
STAGE_MODEL_INFER,0,0.7580848959987634,5.716352
STAGE_MODEL_INFER,0,0.8121767489974445,5.796864
STAGE_MODEL_INFER,0,0.8662780359991302,5.676096
STAGE_MODEL_INFER,0,0.9205111939991184,5.756608
STAGE_MODEL_INFER,0,0.9746183349998319,5.756608
STAGE_MODEL_INFER,0,1.028776138999092,5.716352
STAGE_MODEL_INFER,0,1.082881392998388,5.756608
STAGE_MODEL_INFER,0,1.1369747479984653,5.716352
STAGE_MODEL_INFER,0,1.1910833609981637,5.756608
STAGE_MODEL_INFER,0,1.2451701919999323,5.796864
STAGE_MODEL_INFER,0,1.2992830260009214,5.716352
STAGE_MODEL_INFER,0,1.3536016449979797,5.756608
STAGE_MODEL_INFER,0,1.407707954000216,5.756608
STAGE_MODEL_INFER,0,1.4618036129977554,5.716352
STAGE_MODEL_INFER,0,1.515899238998827,5.756608
STAGE_MODEL_INFER,0,1.570012168998801,5.716352
STAGE_MODEL_INFER,0,1.624139555999136,5.756608
STAGE_MODEL_INFER,0,1.6784574079974846,5.796864
STAGE_MODEL_INFER,0,1.7326045279987738,5.716352
STAGE_MODEL_INFER,0,1.7867397829977563,5.756608
STAGE_MODEL_INFER,0,1.840862979999656,5.756608
STAGE_MODEL_INFER,0,1.8949428710002394,5.716352
STAGE_MODEL_INFER,0,1.9490920709977217,5.756608
STAGE_MODEL_INFER,0,2.0032336259973818,5.716352
STAGE_MODEL_INFER,0,2.0573840729994117,5.716352
STAGE_MODEL_INFER,0,2.111487856000167,5.796864
STAGE_MODEL_INFER,0,2.165624294000736,5.716352
STAGE_MODEL_INFER,0,2.2197783240007993,5.756608
STAGE_MODEL_INFER,0,2.2739938579979935,5.756608
STAGE_MODEL_INFER,0,2.328149870998459,5.747456
STAGE_MODEL_INFER,0,2.3825927159996354,5.908224
STAGE_MODEL_INFER,0,2.436896846000309,5.82784
STAGE_MODEL_INFER,0,2.491127540997695,5.82784
STAGE_MODEL_INFER,0,2.545234745997732,5.868032
STAGE_MODEL_INFER,0,2.599396228000842,5.787648
STAGE_MODEL_INFER,0,2.653601751997485,5.82784
STAGE_MODEL_INFER,0,2.707801133998146,5.82784
STAGE_MODEL_INFER,0,2.7620161569975608,5.747456
STAGE_MODEL_INFER,0,2.8161373069997353,5.82784
STAGE_MODEL_INFER,0,2.8702617829985684,5.747456
STAGE_MODEL_INFER,0,2.9243600009976944,5.747456
STAGE_MODEL_INFER,0,2.978473634000693,5.787648
STAGE_MODEL_INFER,0,3.0325973109975166,5.707264
STAGE_MODEL_INFER,0,3.0868709930000477,5.747456
STAGE_MODEL_INFER,0,3.1409598709979036,5.747456
STAGE_MODEL_INFER,0,3.1950991230005457,5.707264
STAGE_MODEL_INFER,0,3.2492371929984074,5.747456
STAGE_MODEL_INFER,0,3.3034648489992833,5.707264
STAGE_MODEL_INFER,0,3.3575824170002306,5.707264
STAGE_MODEL_INFER,0,3.41168296899923,5.747456
STAGE_MODEL_INFER,0,3.4657693529989047,5.667072
STAGE_MODEL_INFER,0,3.5198983070004033,5.707264
STAGE_MODEL_INFER,0,3.574033433000295,5.707264
STAGE_MODEL_INFER,0,3.628138015999866,5.667072
STAGE_MODEL_INFER,0,3.6822737180009426,5.747456
STAGE_MODEL_INFER,0,3.7365392120009346,5.667072
STAGE_MODEL_INFER,0,3.7907349479974073,5.707264
STAGE_MODEL_INFER,0,3.84485990399844,5.747456
STAGE_MODEL_INFER,0,3.898997206000786,5.667072
STAGE_MODEL_INFER,0,3.9531932629979565,5.747456
STAGE_MODEL_INFER,0,4.007368305999989,5.707264
STAGE_MODEL_INFER,0,4.0615417169974535,5.707264
STAGE_MODEL_INFER,0,4.11566120399948,5.747456
STAGE_MODEL_INFER,0,4.169779187999666,5.707264
STAGE_MODEL_INFER,0,4.223883449998539,5.747456
STAGE_MODEL_INFER,0,4.278040294000675,5.787648
STAGE_MODEL_INFER,0,4.332210186999873,5.707264
STAGE_MODEL_INFER,0,4.38693301999956,5.787648
STAGE_MODEL_INFER,0,4.441378711999278,5.787648
STAGE_MODEL_INFER,0,4.496994090000953,5.747456
STAGE_MODEL_INFER,0,4.551141498999641,5.787648
STAGE_MODEL_INFER,0,4.6057044439985475,5.747456
STAGE_MODEL_INFER,0,4.660986421000416,5.747456
STAGE_MODEL_INFER,0,4.715108467000391,5.787648
STAGE_MODEL_INFER,0,4.769266013998276,5.747456
STAGE_MODEL_INFER,0,4.823416461000306,5.747456
STAGE_MODEL_INFER,0,4.877542889000324,5.787648
STAGE_MODEL_INFER,0,4.93187519699859,5.707264
STAGE_MODEL_INFER,0,4.986087756999041,5.787648
STAGE_MODEL_INFER,0,5.040210314000433,5.747456
STAGE_MODEL_INFER,0,5.094419259999995,5.747456
STAGE_MODEL_INFER,0,5.148546038999484,5.787648
STAGE_MODEL_INFER,0,5.2026930959982565,5.756608
STAGE_MODEL_INFER,0,5.256805897999584,5.747456
STAGE_MODEL_INFER,0,5.3109145419985,5.787648
STAGE_MODEL_INFER,0,5.365035787999659,5.756608
STAGE_MODEL_INFER,0,5.419244541997614,5.908224
STAGE_MODEL_INFER,0,5.473604132999753,5.908224
STAGE_MODEL_INFER,0,5.528102341999329,5.868032
STAGE_MODEL_INFER,0,5.582258323000133,5.908224
STAGE_MODEL_INFER,0,5.636400005998439,5.82784
STAGE_MODEL_INFER,0,5.690581126000325,5.82784
STAGE_MODEL_INFER,0,5.74493627099946,5.908224
STAGE_MODEL_INFER,0,5.799126441997942,5.787648
STAGE_MODEL_INFER,0,5.8532787449985335,5.82784
STAGE_MODEL_INFER,0,5.9074559949986,5.82784
STAGE_MODEL_INFER,0,5.961592752999422,5.787648
STAGE_MODEL_INFER,0,6.015725991997897,5.82784
STAGE_MODEL_INFER,0,6.069887025998469,5.747456
STAGE_MODEL_INFER,0,6.124044222000521,5.787648
STAGE_MODEL_INFER,0,6.178160605999437,5.82784
STAGE_MODEL_INFER,0,6.232285498997953,5.756608
STAGE_MODEL_INFER,0,6.286512324000796,5.787648
STAGE_MODEL_INFER,0,6.340609773000324,5.787648
STAGE_MODEL_INFER,0,6.394728109000425,5.756608
STAGE_MODEL_INFER,0,6.448842893998517,5.787648
STAGE_MODEL_INFER,0,6.5029310999998415,5.756608
STAGE_MODEL_INFER,0,6.557098722998489,5.756608
STAGE_MODEL_INFER,0,6.611203337000916,5.787648
STAGE_MODEL_INFER,0,6.6652942939981585,5.716352
STAGE_MODEL_INFER,0,6.719450849999703,5.787648
STAGE_MODEL_INFER,0,6.7736551579982915,5.756608
STAGE_MODEL_INFER,0,6.82778964499812,5.756608
STAGE_MODEL_INFER,0,6.881955028999073,5.787648
STAGE_MODEL_INFER,0,6.93607522000093,5.716352
STAGE_MODEL_INFER,0,6.990179513999465,5.756608
STAGE_MODEL_INFER,0,7.0442877739988035,5.796864
STAGE_MODEL_INFER,0,7.098482262998004,5.716352
STAGE_MODEL_INFER,0,7.152586013999098,5.756608
STAGE_MODEL_INFER,0,7.206739787998231,5.756608
STAGE_MODEL_INFER,0,7.260950493000564,5.716352
STAGE_MODEL_INFER,0,7.315074968999397,5.756608
STAGE_MODEL_INFER,0,7.3692088479983795,5.716352
STAGE_MODEL_INFER,0,7.423313527000573,5.716352
STAGE_MODEL_INFER,0,7.477470977999474,5.756608
STAGE_MODEL_INFER,0,7.531576456000039,5.676096
STAGE_MODEL_INFER,0,7.585999726998125,5.756608
STAGE_MODEL_INFER,0,7.640181869999651,5.716352
STAGE_MODEL_INFER,0,7.694394877999002,5.716352
STAGE_MODEL_INFER,0,7.748508511998807,5.756608
STAGE_MODEL_INFER,0,7.802861801999825,5.676096
STAGE_MODEL_INFER,0,7.857017461999931,5.716352
STAGE_MODEL_INFER,0,7.911131255998043,5.756608
STAGE_MODEL_INFER,0,7.965243705999455,5.676096
STAGE_MODEL_INFER,0,8.01955864699994,5.756608
STAGE_MODEL_INFER,0,8.073756142999628,5.716352
STAGE_MODEL_INFER,0,8.127880938998715,5.716352
STAGE_MODEL_INFER,0,8.181989422999322,5.747456
STAGE_MODEL_INFER,0,8.23610004999864,5.676096
STAGE_MODEL_INFER,0,8.29020450399912,5.707264
STAGE_MODEL_INFER,0,8.344313403998967,5.747456
STAGE_MODEL_INFER,0,8.398422271999152,5.676096
STAGE_MODEL_INFER,0,8.452610684998945,5.747456
STAGE_MODEL_INFER,0,8.506936244000826,5.868032
STAGE_MODEL_INFER,0,8.561505073997978,5.82784
STAGE_MODEL_INFER,0,8.615678038000624,5.868032
STAGE_MODEL_INFER,0,8.669788216997404,5.787648
STAGE_MODEL_INFER,0,8.72388499599765,5.787648
STAGE_MODEL_INFER,0,8.778020665999065,5.82784
STAGE_MODEL_INFER,0,8.832247906997509,5.747456
STAGE_MODEL_INFER,0,8.886531344000105,5.787648
STAGE_MODEL_INFER,0,8.940671427997586,5.787648
STAGE_MODEL_INFER,0,8.994837579000887,5.747456
STAGE_MODEL_INFER,0,9.048936148999928,5.787648
STAGE_MODEL_INFER,0,9.103028640998673,5.747456
STAGE_MODEL_INFER,0,9.157124586999998,5.747456
STAGE_MODEL_INFER,0,9.21121090700035,5.82784
STAGE_MODEL_INFER,0,9.265380767999886,5.707264
STAGE_MODEL_INFER,0,9.319578103997628,5.787648
STAGE_MODEL_INFER,0,9.37431357099922,5.787648
STAGE_MODEL_INFER,0,9.428449848997843,5.747456
STAGE_MODEL_INFER,0,9.482558396997774,5.787648
STAGE_MODEL_INFER,0,9.536667393000243,5.747456
STAGE_MODEL_INFER,0,9.590759086000617,5.747456
STAGE_MODEL_INFER,0,9.644873294997524,5.82784
STAGE_MODEL_INFER,0,9.699007365998114,5.716352
STAGE_MODEL_INFER,0,9.753218358997401,5.787648
STAGE_MODEL_INFER,0,9.807380320999073,5.787648
STAGE_MODEL_INFER,0,9.861607561997516,5.747456
STAGE_MODEL_INFER,0,9.915781805000734,5.82784
STAGE_MODEL_INFER,0,9.97001374699903,5.747456
STAGE_MODEL_INFER,0,10.02414078199945,5.787648
STAGE_MODEL_INFER,0,10.078277635999257,5.82784
STAGE_MODEL_INFER,0,10.132387048000965,5.756608
STAGE_MODEL_INFER,0,10.186567272998218,5.787648
STAGE_MODEL_INFER,0,10.240715289000946,5.787648
STAGE_MODEL_INFER,0,10.294865992000268,5.756608
STAGE_MODEL_INFER,0,10.348958963997575,5.82784
STAGE_MODEL_INFER,0,10.403050816999894,5.756608
STAGE_MODEL_INFER,0,10.457136016997538,5.796864
STAGE_MODEL_INFER,0,10.51144443299927,5.868032
STAGE_MODEL_INFER,0,10.565607225998974,5.747456
STAGE_MODEL_INFER,0,10.619778303000203,5.82784
STAGE_MODEL_INFER,0,10.67388358899916,5.787648
STAGE_MODEL_INFER,0,10.72807452699999,5.787648
STAGE_MODEL_INFER,0,10.782194878000155,5.82784
STAGE_MODEL_INFER,0,10.83629194400055,5.747456
STAGE_MODEL_INFER,0,10.890970894997736,5.787648
STAGE_MODEL_INFER,0,10.945160105999094,5.82784
STAGE_MODEL_INFER,0,10.999289923998731,5.756608
STAGE_MODEL_INFER,0,11.053421372998855,5.787648
STAGE_MODEL_INFER,0,11.107504526000412,5.787648
STAGE_MODEL_INFER,0,11.161615216999053,5.756608
STAGE_MODEL_INFER,0,11.215723989000253,5.787648
STAGE_MODEL_INFER,0,11.269856620998326,5.756608
STAGE_MODEL_INFER,0,11.324136667000857,5.796864
STAGE_MODEL_INFER,0,11.378255994000938,5.82784
STAGE_MODEL_INFER,0,11.432428894000623,5.716352
STAGE_MODEL_INFER,0,11.486767791000602,5.787648
STAGE_MODEL_INFER,0,11.540961896000226,5.868032
STAGE_MODEL_INFER,0,11.595556697000575,5.868032
STAGE_MODEL_INFER,0,11.65004185699945,5.908224
STAGE_MODEL_INFER,0,11.704208679999283,5.82784
STAGE_MODEL_INFER,0,11.75831850800023,5.82784
STAGE_MODEL_INFER,0,11.812424752999505,5.868032
STAGE_MODEL_INFER,0,11.86654679899948,5.747456
STAGE_MODEL_INFER,0,11.920715573000052,5.82784
STAGE_MODEL_INFER,0,11.97485795999819,5.82784
STAGE_MODEL_INFER,0,12.02922119700088,5.747456
STAGE_MODEL_INFER,0,12.083360960998107,5.787648
STAGE_MODEL_INFER,0,12.13745892299994,5.747456
STAGE_MODEL_INFER,0,12.191565999997692,5.747456
STAGE_MODEL_INFER,0,12.245653119000053,5.787648
STAGE_MODEL_INFER,0,12.299875497999892,5.716352
STAGE_MODEL_INFER,0,12.354061862999515,5.747456
STAGE_MODEL_INFER,0,12.408154578999529,5.787648
STAGE_MODEL_INFER,0,12.462229767999816,5.716352
STAGE_MODEL_INFER,0,12.516332014998625,5.787648
STAGE_MODEL_INFER,0,12.57042764200014,5.716352
STAGE_MODEL_INFER,0,12.624526466999669,5.756608
STAGE_MODEL_INFER,0,12.678636038999684,5.787648
STAGE_MODEL_INFER,0,12.732749703998707,5.716352
STAGE_MODEL_INFER,0,12.786916655000823,5.756608
STAGE_MODEL_INFER,0,12.841007069000625,5.756608
STAGE_MODEL_INFER,0,12.895109860000957,5.716352
STAGE_MODEL_INFER,0,12.949218599998858,5.747456
STAGE_MODEL_INFER,0,13.003337254998769,5.716352
STAGE_MODEL_INFER,0,13.057451656000922,5.707264
STAGE_MODEL_INFER,0,13.111546194999391,5.747456
STAGE_MODEL_INFER,0,13.165626022000652,5.676096
STAGE_MODEL_INFER,0,13.21973108399834,5.747456
STAGE_MODEL_INFER,0,13.27383620999899,5.707264
STAGE_MODEL_INFER,0,13.32803738399889,5.716352
STAGE_MODEL_INFER,0,13.382118393998098,5.747456
STAGE_MODEL_INFER,0,13.436196236998512,5.676096
STAGE_MODEL_INFER,0,13.490326183000434,5.707264
STAGE_MODEL_INFER,0,13.54446879399984,5.747456
STAGE_MODEL_INFER,0,13.59857878099865,5.667072
STAGE_MODEL_INFER,0,13.652712564999092,5.707264
STAGE_MODEL_INFER,0,13.706785995000246,5.707264
STAGE_MODEL_INFER,0,13.760894638999162,5.707264
STAGE_MODEL_INFER,0,13.814960903997417,5.747456
STAGE_MODEL_INFER,0,13.869049365999672,5.667072
STAGE_MODEL_INFER,0,13.923138755999389,5.707264
STAGE_MODEL_INFER,0,13.977279447997716,5.747456
STAGE_MODEL_INFER,0,14.031411345000379,5.667072
STAGE_MODEL_INFER,0,14.085569275997841,5.747456
STAGE_MODEL_INFER,0,14.139660136999737,5.707264
STAGE_MODEL_INFER,0,14.193759506000788,5.707264
STAGE_MODEL_INFER,0,14.247861402000126,5.747456
STAGE_MODEL_INFER,0,14.301969693999126,5.676096
STAGE_MODEL_INFER,0,14.356088348999037,5.707264
STAGE_MODEL_INFER,0,14.410177130997909,5.747456
STAGE_MODEL_INFER,0,14.464250688997708,5.716352
STAGE_MODEL_INFER,0,14.518380569999863,5.747456
STAGE_MODEL_INFER,0,14.572495067997806,5.747456
STAGE_MODEL_INFER,0,14.626924639000208,5.868032
STAGE_MODEL_INFER,0,14.68137100199965,5.908224
STAGE_MODEL_INFER,0,14.735762705000525,5.82784
STAGE_MODEL_INFER,0,14.789943952997419,5.82784
STAGE_MODEL_INFER,0,14.844083972999215,5.868032
STAGE_MODEL_INFER,0,14.898310541997489,5.787648
STAGE_MODEL_INFER,0,14.952610162999918,5.82784
STAGE_MODEL_INFER,0,15.006922544998815,5.82784
STAGE_MODEL_INFER,0,15.061145307998231,5.787648
STAGE_MODEL_INFER,0,15.115306886000326,5.82784
STAGE_MODEL_INFER,0,15.16943887799789,5.787648
STAGE_MODEL_INFER,0,15.223556093998923,5.787648
STAGE_MODEL_INFER,0,15.277666688998579,5.82784
STAGE_MODEL_INFER,0,15.331794139998237,5.747456
STAGE_MODEL_INFER,0,15.38592750799944,5.787648
STAGE_MODEL_INFER,0,15.440077506998932,5.787648
STAGE_MODEL_INFER,0,15.494270045997837,5.747456
STAGE_MODEL_INFER,0,15.548386621998361,5.82784
STAGE_MODEL_INFER,0,15.60249078799825,5.756608
STAGE_MODEL_INFER,0,15.656606948999979,5.796864
STAGE_MODEL_INFER,0,15.710741083999892,5.787648
STAGE_MODEL_INFER,0,15.76484400299887,5.756608
STAGE_MODEL_INFER,0,15.819001422998554,5.796864
STAGE_MODEL_INFER,0,15.873115184000198,5.756608
STAGE_MODEL_INFER,0,15.927608243997383,5.756608
STAGE_MODEL_INFER,0,15.98183753199919,5.787648
STAGE_MODEL_INFER,0,16.036188198999298,5.756608
STAGE_MODEL_INFER,0,16.090336438999657,5.756608
STAGE_MODEL_INFER,0,16.144886366997525,5.83712
STAGE_MODEL_INFER,0,16.199024819998158,5.716352
STAGE_MODEL_INFER,0,16.2531991270007,5.796864
STAGE_MODEL_INFER,0,16.307340522998857,5.796864
STAGE_MODEL_INFER,0,16.361463879999064,5.756608
STAGE_MODEL_INFER,0,16.41555816300024,5.796864
STAGE_MODEL_INFER,0,16.469645057997695,5.756608
STAGE_MODEL_INFER,0,16.52375219899841,5.756608
STAGE_MODEL_INFER,0,16.577830297999753,5.796864
STAGE_MODEL_INFER,0,16.631918088998646,5.747456
STAGE_MODEL_INFER,0,16.686069143997884,5.787648
STAGE_MODEL_INFER,0,16.74019400399993,5.787648
STAGE_MODEL_INFER,0,16.794284289000643,5.747456
STAGE_MODEL_INFER,0,16.848364212000888,5.787648
STAGE_MODEL_INFER,0,16.90242772700003,5.756608
STAGE_MODEL_INFER,0,16.956520443000045,5.747456
STAGE_MODEL_INFER,0,17.010635004000505,5.787648
STAGE_MODEL_INFER,0,17.06485683899882,5.747456
STAGE_MODEL_INFER,0,17.11931657199966,5.787648
STAGE_MODEL_INFER,0,17.173489471999346,5.747456
STAGE_MODEL_INFER,0,17.22762939599852,5.747456
STAGE_MODEL_INFER,0,17.281809428997803,5.787648
STAGE_MODEL_INFER,0,17.33589619600025,5.716352
STAGE_MODEL_INFER,0,17.39001078900037,5.747456
STAGE_MODEL_INFER,0,17.444678705000115,5.787648
STAGE_MODEL_INFER,0,17.499307728998247,5.716352
STAGE_MODEL_INFER,0,17.553802676000487,5.747456
STAGE_MODEL_INFER,0,17.608094524999615,5.756608
STAGE_MODEL_INFER,0,17.662292787998012,5.747456
STAGE_MODEL_INFER,0,17.716347282999777,5.908224
STAGE_MODEL_INFER,0,17.770807878998312,5.82784
STAGE_MODEL_INFER,0,17.825416050000058,5.82784
STAGE_MODEL_INFER,0,17.87995564599987,5.868032
STAGE_MODEL_INFER,0,17.934136222000234,5.787648
STAGE_MODEL_INFER,0,17.989484662000905,5.82784
STAGE_MODEL_INFER,0,18.04373528299766,5.82784
STAGE_MODEL_INFER,0,18.098075842997787,5.747456
STAGE_MODEL_INFER,0,18.152267549998214,5.787648
STAGE_MODEL_INFER,0,18.206423210998764,5.747456
STAGE_MODEL_INFER,0,18.260607304997393,5.747456
STAGE_MODEL_INFER,0,18.314726664000773,5.787648
STAGE_MODEL_INFER,0,18.370103793000453,5.707264
STAGE_MODEL_INFER,0,18.424244485999225,5.747456
STAGE_MODEL_INFER,0,18.47834711699761,5.787648
STAGE_MODEL_INFER,0,18.53245691199845,5.707264
STAGE_MODEL_INFER,0,18.58727243499743,5.747456
STAGE_MODEL_INFER,0,18.641428062997875,5.747456
STAGE_MODEL_INFER,0,18.695985090998875,5.667072
STAGE_MODEL_INFER,0,18.750594573000853,5.747456
STAGE_MODEL_INFER,0,18.80478314499851,5.707264
STAGE_MODEL_INFER,0,18.860382083999866,5.707264
STAGE_MODEL_INFER,0,18.914519481000752,5.747456
STAGE_MODEL_INFER,0,18.9693622220002,5.676096
STAGE_MODEL_INFER,0,19.023506911998993,5.707264
STAGE_MODEL_INFER,0,19.077968371999305,5.747456
STAGE_MODEL_INFER,0,19.132287342999916,5.667072
STAGE_MODEL_INFER,0,19.18643180899744,5.707264
STAGE_MODEL_INFER,0,19.240931809999893,5.707264
STAGE_MODEL_INFER,0,19.295133654999518,5.667072
STAGE_MODEL_INFER,0,19.349310392997722,5.747456
STAGE_MODEL_INFER,0,19.403421659997548,5.667072
STAGE_MODEL_INFER,0,19.45750305399997,5.707264
STAGE_MODEL_INFER,0,19.51158188900081,5.747456
STAGE_MODEL_INFER,0,19.565655095000693,5.676096
STAGE_MODEL_INFER,0,19.61983592699835,5.707264
STAGE_MODEL_INFER,0,19.6738991860002,5.707264
STAGE_MODEL_INFER,0,19.728010164999432,5.676096
STAGE_MODEL_INFER,0,19.7820892239979,5.747456
STAGE_MODEL_INFER,0,19.8361691459977,5.676096
STAGE_MODEL_INFER,0,19.890271745000064,5.707264
STAGE_MODEL_INFER,0,19.944348788998468,5.747456
STAGE_MODEL_INFER,0,19.998451740000746,5.676096
STAGE_MODEL_INFER,0,20.05254877399784,5.747456
STAGE_MODEL_INFER,0,20.106693943998835,5.747456
STAGE_MODEL_INFER,0,20.160772810999333,5.707264
STAGE_MODEL_INFER,0,20.214877585000067,5.787648
STAGE_MODEL_INFER,0,20.269003500998224,5.707264
STAGE_MODEL_INFER,0,20.323208768000768,5.747456
STAGE_MODEL_INFER,0,20.37733724300051,5.787648
STAGE_MODEL_INFER,0,20.431553193000582,5.707264
STAGE_MODEL_INFER,0,20.48600489800083,5.787648
STAGE_MODEL_INFER,0,20.54018758500024,5.747456
STAGE_MODEL_INFER,0,20.594349225997576,5.747456
STAGE_MODEL_INFER,0,20.64850092100096,5.787648
STAGE_MODEL_INFER,0,20.70269176399961,5.747456
STAGE_MODEL_INFER,0,20.757318900999962,5.908224
STAGE_MODEL_INFER,0,20.811825873999624,5.948416
STAGE_MODEL_INFER,0,20.866199248997873,5.82784
STAGE_MODEL_INFER,0,20.920743451999442,5.868032
STAGE_MODEL_INFER,0,20.974921404998895,5.868032
STAGE_MODEL_INFER,0,21.029444881998643,5.82784
STAGE_MODEL_INFER,0,21.08424361300058,5.868032
STAGE_MODEL_INFER,0,21.13843394399737,5.82784
STAGE_MODEL_INFER,0,21.19255841999984,5.82784
STAGE_MODEL_INFER,0,21.246715135999693,5.868032
STAGE_MODEL_INFER,0,21.30081264999899,5.787648
STAGE_MODEL_INFER,0,21.354912178998347,5.82784
STAGE_MODEL_INFER,0,21.409000032999757,5.82784
STAGE_MODEL_INFER,0,21.463079379998817,5.787648
STAGE_MODEL_INFER,0,21.51714993099813,5.82784
STAGE_MODEL_INFER,0,21.571227263000765,5.787648
STAGE_MODEL_INFER,0,21.62533613100095,5.787648
STAGE_MODEL_INFER,0,21.67942945499817,5.82784
STAGE_MODEL_INFER,0,21.733530582998355,5.756608
STAGE_MODEL_INFER,0,21.78769248000026,5.787648
STAGE_MODEL_INFER,0,21.84179738199964,5.787648
STAGE_MODEL_INFER,0,21.895889873998385,5.756608
STAGE_MODEL_INFER,0,21.950013134999608,5.787648
STAGE_MODEL_INFER,0,22.004103388997464,5.756608
STAGE_MODEL_INFER,0,22.058192810000037,5.756608
STAGE_MODEL_INFER,0,22.112287285999628,5.82784
STAGE_MODEL_INFER,0,22.166424428000028,5.716352
STAGE_MODEL_INFER,0,22.220543978000933,5.756608
STAGE_MODEL_INFER,0,22.274780333998933,5.796864
STAGE_MODEL_INFER,0,22.32892556799925,5.756608
STAGE_MODEL_INFER,0,22.383034308000788,5.787648
STAGE_MODEL_INFER,0,22.43711506299951,5.716352
STAGE_MODEL_INFER,0,22.49120227700041,5.756608
STAGE_MODEL_INFER,0,22.545287860997632,5.796864
STAGE_MODEL_INFER,0,22.599389915998472,5.716352
STAGE_MODEL_INFER,0,22.653567773999384,5.756608
STAGE_MODEL_INFER,0,22.707657483999355,5.756608
STAGE_MODEL_INFER,0,22.761752981998143,5.716352
STAGE_MODEL_INFER,0,22.815870229998836,5.787648
STAGE_MODEL_INFER,0,22.869984758999635,5.747456
STAGE_MODEL_INFER,0,22.924085823000496,5.747456
STAGE_MODEL_INFER,0,22.978174509000382,5.787648
STAGE_MODEL_INFER,0,23.032255104000797,5.716352
STAGE_MODEL_INFER,0,23.086427171998366,5.747456
STAGE_MODEL_INFER,0,23.14053360899925,5.747456
STAGE_MODEL_INFER,0,23.194841961998463,5.716352
STAGE_MODEL_INFER,0,23.248997269998654,5.787648
STAGE_MODEL_INFER,0,23.303108504998818,5.716352
STAGE_MODEL_INFER,0,23.35720694599877,5.747456
STAGE_MODEL_INFER,0,23.41134453599807,5.787648
STAGE_MODEL_INFER,0,23.46572174999892,5.716352
STAGE_MODEL_INFER,0,23.519905491997633,5.747456
STAGE_MODEL_INFER,0,23.574061152998183,5.747456
STAGE_MODEL_INFER,0,23.628194008997525,5.716352
STAGE_MODEL_INFER,0,23.682665095999255,5.747456
STAGE_MODEL_INFER,0,23.73781961699933,5.716352
STAGE_MODEL_INFER,0,23.79197345400098,5.787648
STAGE_MODEL_INFER,0,23.84610109699861,5.908224
STAGE_MODEL_INFER,0,23.90067123799963,5.787648
STAGE_MODEL_INFER,0,23.954960367998865,5.82784
STAGE_MODEL_INFER,0,24.00913928099908,5.82784
STAGE_MODEL_INFER,0,24.06366451699796,5.747456
STAGE_MODEL_INFER,0,24.11893066199991,5.787648
STAGE_MODEL_INFER,0,24.173056800998893,5.787648
STAGE_MODEL_INFER,0,24.22740187099771,5.747456
STAGE_MODEL_INFER,0,24.28161916499812,5.787648
STAGE_MODEL_INFER,0,24.3357688449978,5.747456
STAGE_MODEL_INFER,0,24.389860089999274,5.747456
STAGE_MODEL_INFER,0,24.444189262998407,5.787648
STAGE_MODEL_INFER,0,24.50007944800018,5.707264
STAGE_MODEL_INFER,0,24.554294246998325,5.747456
STAGE_MODEL_INFER,0,24.608465355999215,5.747456
STAGE_MODEL_INFER,0,24.662582347998978,5.707264
STAGE_MODEL_INFER,0,24.716759213999467,5.747456
STAGE_MODEL_INFER,0,24.770883050998236,5.707264
STAGE_MODEL_INFER,0,24.825837543998205,5.707264
STAGE_MODEL_INFER,0,24.880104028998176,5.787648
STAGE_MODEL_INFER,0,24.934219037997536,5.667072
STAGE_MODEL_INFER,0,24.98861729700002,5.707264
STAGE_MODEL_INFER,0,25.04349493299742,5.747456
STAGE_MODEL_INFER,0,25.0980487300003,5.676096
STAGE_MODEL_INFER,0,25.1538341029991,5.747456
STAGE_MODEL_INFER,0,25.20814702899952,5.747456
STAGE_MODEL_INFER,0,25.26227863799795,5.716352
STAGE_MODEL_INFER,0,25.316436856999644,5.747456
STAGE_MODEL_INFER,0,25.3705478999982,5.716352
STAGE_MODEL_INFER,0,25.424684721998347,5.707264
STAGE_MODEL_INFER,0,25.478782555997896,5.747456
STAGE_MODEL_INFER,0,25.532887522000237,5.676096
STAGE_MODEL_INFER,0,25.58709480499965,5.747456
STAGE_MODEL_INFER,0,25.641201465998165,5.747456
STAGE_MODEL_INFER,0,25.695302497999364,5.716352
STAGE_MODEL_INFER,0,25.749390127999504,5.747456
STAGE_MODEL_INFER,0,25.803477470999496,5.716352
STAGE_MODEL_INFER,0,25.85761835499943,5.716352
STAGE_MODEL_INFER,0,25.91170780899847,5.747456
STAGE_MODEL_INFER,0,25.96581335099836,5.676096
STAGE_MODEL_INFER,0,26.01990552300049,5.756608
STAGE_MODEL_INFER,0,26.074031311,5.716352
STAGE_MODEL_INFER,0,26.128120285000477,5.716352
STAGE_MODEL_INFER,0,26.182201070998417,5.747456
STAGE_MODEL_INFER,0,26.236348831000214,5.716352
STAGE_MODEL_INFER,0,26.290475673999026,5.716352
STAGE_MODEL_INFER,0,26.344565159997728,5.747456
STAGE_MODEL_INFER,0,26.398676266999246,5.676096
STAGE_MODEL_INFER,0,26.452841810998507,5.707264
STAGE_MODEL_INFER,0,26.506945240998903,5.716352
STAGE_MODEL_INFER,0,26.56104883199805,5.716352
STAGE_MODEL_INFER,0,26.61514919199908,5.747456
STAGE_MODEL_INFER,0,26.669252302999666,5.676096
STAGE_MODEL_INFER,0,26.723381705000065,5.716352
STAGE_MODEL_INFER,0,26.77748641499784,5.756608
STAGE_MODEL_INFER,0,26.83161181899777,5.676096
STAGE_MODEL_INFER,0,26.885991463997925,5.868032
STAGE_MODEL_INFER,0,26.940407729998697,5.868032
STAGE_MODEL_INFER,0,26.994699098999263,5.82784
STAGE_MODEL_INFER,0,27.04884385299738,5.868032
STAGE_MODEL_INFER,0,27.103014034000807,5.787648
STAGE_MODEL_INFER,0,27.157152166997548,5.787648
STAGE_MODEL_INFER,0,27.21131863899791,5.82784
STAGE_MODEL_INFER,0,27.265828201998374,5.747456
STAGE_MODEL_INFER,0,27.320025249999162,5.787648
STAGE_MODEL_INFER,0,27.374217020998913,5.787648
STAGE_MODEL_INFER,0,27.42838429100084,5.747456
STAGE_MODEL_INFER,0,27.482485194999754,5.787648
STAGE_MODEL_INFER,0,27.536627102999773,5.707264
STAGE_MODEL_INFER,0,27.59073814599833,5.747456
STAGE_MODEL_INFER,0,27.644841769000777,5.787648
STAGE_MODEL_INFER,0,27.698931798000558,5.716352
STAGE_MODEL_INFER,0,27.75318622499981,5.747456
STAGE_MODEL_INFER,0,27.807319880997966,5.716352
STAGE_MODEL_INFER,0,27.861894499998016,5.716352
STAGE_MODEL_INFER,0,27.917233280997607,5.756608
STAGE_MODEL_INFER,0,27.972170757999265,5.716352
STAGE_MODEL_INFER,0,28.026656781999918,5.716352
STAGE_MODEL_INFER,0,28.082339133998175,5.756608
STAGE_MODEL_INFER,0,28.13646197900016,5.676096
STAGE_MODEL_INFER,0,28.19057724400045,5.716352
STAGE_MODEL_INFER,0,28.245395772999473,5.747456
STAGE_MODEL_INFER,0,28.299712281997927,5.676096
STAGE_MODEL_INFER,0,28.35395337099908,5.716352
STAGE_MODEL_INFER,0,28.40813052500016,5.716352
STAGE_MODEL_INFER,0,28.4622401609995,5.676096
STAGE_MODEL_INFER,0,28.51704643999983,5.707264
STAGE_MODEL_INFER,0,28.571209008998267,5.676096
STAGE_MODEL_INFER,0,28.62542732699876,5.676096
STAGE_MODEL_INFER,0,28.679553049998503,5.747456
STAGE_MODEL_INFER,0,28.73369374200047,5.63584
STAGE_MODEL_INFER,0,28.787948552999296,5.747456
STAGE_MODEL_INFER,0,28.84211157000027,5.787648
STAGE_MODEL_INFER,0,28.89630650699837,5.82784
STAGE_MODEL_INFER,0,28.950588600997435,5.898816
STAGE_MODEL_INFER,0,29.004864521000854,5.82784
STAGE_MODEL_INFER,0,29.058981608999602,5.82784
STAGE_MODEL_INFER,0,29.11329898099939,5.82784
STAGE_MODEL_INFER,0,29.16799884899956,5.747456
STAGE_MODEL_INFER,0,29.22309781399963,5.787648
STAGE_MODEL_INFER,0,29.277268730998912,5.82784
STAGE_MODEL_INFER,0,29.331607436000922,5.707264
STAGE_MODEL_INFER,0,29.38582955899983,5.747456
STAGE_MODEL_INFER,0,29.439951764998114,5.747456
STAGE_MODEL_INFER,0,29.494060951998108,5.707264
STAGE_MODEL_INFER,0,29.548675168000045,5.747456
STAGE_MODEL_INFER,0,29.60303063199899,5.707264
STAGE_MODEL_INFER,0,29.6572184689976,5.707264
STAGE_MODEL_INFER,0,29.71146496399888,5.747456
STAGE_MODEL_INFER,0,29.765598843998305,5.667072
STAGE_MODEL_INFER,0,29.81997305099867,5.707264
STAGE_MODEL_INFER,0,29.874238992000755,5.707264
STAGE_MODEL_INFER,0,29.92876582700046,5.747456
STAGE_MODEL_INFER,0,29.98298120199979,5.868032
BASELINE_IDLE,1,0.000483373998577008,3.351872
BASELINE_IDLE,1,0.05465406700022868,3.351872
BASELINE_IDLE,1,0.10881878000145662,3.351872
BASELINE_IDLE,1,0.1629881929984549,3.311488
BASELINE_IDLE,1,0.2172213189987815,3.311488
BASELINE_IDLE,1,0.271392332000687,3.271104
BASELINE_IDLE,1,0.3256412900009309,3.271104
BASELINE_IDLE,1,0.3799964989993896,3.271104
BASELINE_IDLE,1,0.434177170998737,3.23072
BASELINE_IDLE,1,0.4884351159998914,3.23072
BASELINE_IDLE,1,0.5425929519988131,3.23072
BASELINE_IDLE,1,0.5967689220015018,3.23072
BASELINE_IDLE,1,0.6509562149985868,3.190336
BASELINE_IDLE,1,0.7051597559984657,3.190336
BASELINE_IDLE,1,0.7592982729984215,3.190336
BASELINE_IDLE,1,0.8135012700004154,3.190336
BASELINE_IDLE,1,0.8676373560010688,3.190336
BASELINE_IDLE,1,0.9219210490009573,3.190336
BASELINE_IDLE,1,0.9760627010000462,3.190336
BASELINE_IDLE,1,1.0302085740004259,3.149952
BASELINE_IDLE,1,1.0844355910012382,3.149952
BASELINE_IDLE,1,1.1385499600000912,3.149952
BASELINE_IDLE,1,1.1926755880012934,3.149952
BASELINE_IDLE,1,1.2468624329994782,3.149952
BASELINE_IDLE,1,1.3010637350016623,3.149952
BASELINE_IDLE,1,1.3552079770015553,3.149952
BASELINE_IDLE,1,1.4094685449999815,3.149952
BASELINE_IDLE,1,1.4636295150012302,3.149952
BASELINE_IDLE,1,1.5178624489999493,3.149952
BASELINE_IDLE,1,1.572004197001661,3.149952
BASELINE_IDLE,1,1.6261248349983362,3.149952
BASELINE_IDLE,1,1.6803165739984252,3.149952
BASELINE_IDLE,1,1.7344994849991053,3.149952
BASELINE_IDLE,1,1.78866182999991,3.149952
BASELINE_IDLE,1,1.8428058159988723,3.149952
BASELINE_IDLE,1,1.8969793559990649,3.149952
BASELINE_IDLE,1,1.9511745169984351,3.149952
BASELINE_IDLE,1,2.0053922580009385,3.149952
BASELINE_IDLE,1,2.0595360529987374,3.149952
BASELINE_IDLE,1,2.113673194999137,3.109568
BASELINE_IDLE,1,2.167829335001443,3.109568
BASELINE_IDLE,1,2.221976775999792,3.109568
BASELINE_IDLE,1,2.276120667000214,3.149952
BASELINE_IDLE,1,2.330265581000276,3.149952
BASELINE_IDLE,1,2.3844135330000427,3.149952
BASELINE_IDLE,1,2.4386301869999443,3.149952
BASELINE_IDLE,1,2.4927545669997926,3.149952
BASELINE_IDLE,1,2.5468735419999575,3.149952
BASELINE_IDLE,1,2.6011466800009657,3.149952
BASELINE_IDLE,1,2.6553745929995785,3.149952
BASELINE_IDLE,1,2.709555777000787,3.149952
BASELINE_IDLE,1,2.7636908070016943,3.149952
BASELINE_IDLE,1,2.8178899660015304,3.149952
BASELINE_IDLE,1,2.87203785499878,3.109568
BASELINE_IDLE,1,2.9262309049991018,3.109568
BASELINE_IDLE,1,2.9803751469989948,3.109568
BASELINE_IDLE,1,3.034606834000442,3.190336
BASELINE_IDLE,1,3.0896014030004153,3.351872
BASELINE_IDLE,1,3.145308447001298,3.311488
BASELINE_IDLE,1,3.199550976001774,3.311488
BASELINE_IDLE,1,3.253762705000554,3.311488
BASELINE_IDLE,1,3.308068721999007,3.392256
BASELINE_IDLE,1,3.3619845030007127,3.54816
BASELINE_IDLE,1,3.415952033999929,3.70944
BASELINE_IDLE,1,3.470017850999284,3.8304
BASELINE_IDLE,1,3.5239735479990486,3.945088
BASELINE_IDLE,1,3.5779931170000054,3.985344
BASELINE_IDLE,1,3.631998388998909,4.065856
BASELINE_IDLE,1,3.6860445359998266,4.106112
BASELINE_IDLE,1,3.740027995001583,4.179968
BASELINE_IDLE,1,3.7940267420017335,4.22016
BASELINE_IDLE,1,3.8480205310006568,4.260352
BASELINE_IDLE,1,3.9020337670008303,4.300544
BASELINE_IDLE,1,3.9561111949988117,4.340736
BASELINE_IDLE,1,4.0101210409993655,4.380928
BASELINE_IDLE,1,4.064159831999859,4.380928
BASELINE_IDLE,1,4.118171723999694,4.41408
BASELINE_IDLE,1,4.172177635999105,4.41408
BASELINE_IDLE,1,4.226034021998203,4.454208
BASELINE_IDLE,1,4.280374165999092,4.454208
BASELINE_IDLE,1,4.334381933000259,4.494336
BASELINE_IDLE,1,4.3883331200013345,4.534464
BASELINE_IDLE,1,4.442292847001227,4.534464
BASELINE_IDLE,1,4.496385275000648,4.534464
BASELINE_IDLE,1,4.55037199599974,4.534464
BASELINE_IDLE,1,4.604301690000284,4.534464
BASELINE_IDLE,1,4.658249613999942,4.534464
BASELINE_IDLE,1,4.71221842399973,4.534464
BASELINE_IDLE,1,4.7662065850017825,4.534464
BASELINE_IDLE,1,4.820216333999269,4.574592
BASELINE_IDLE,1,4.874184120999416,4.534464
BASELINE_IDLE,1,4.9281421519990545,4.534464
BASELINE_IDLE,1,4.982105940998736,4.534464
BASELINE_IDLE,1,5.036064259998966,4.534464
BASELINE_IDLE,1,5.090160973999446,4.574592
BASELINE_IDLE,1,5.144142225999531,4.574592
BASELINE_IDLE,1,5.198088103999908,4.574592
BASELINE_IDLE,1,5.251995760998398,4.534464
BASELINE_IDLE,1,5.305886049998662,4.534464
BASELINE_IDLE,1,5.35983752500033,4.534464
BASELINE_IDLE,1,5.413831057998323,4.534464
BASELINE_IDLE,1,5.467919328999415,4.534464
BASELINE_IDLE,1,5.522189076000359,4.574592
BASELINE_IDLE,1,5.576260587000434,4.574592
BASELINE_IDLE,1,5.630193542998313,4.61472
BASELINE_IDLE,1,5.684124356001121,4.61472
BASELINE_IDLE,1,5.738095949000126,4.574592
BASELINE_IDLE,1,5.792040194999572,4.574592
BASELINE_IDLE,1,5.8459971390002465,4.574592
BASELINE_IDLE,1,5.899994543000503,4.574592
BASELINE_IDLE,1,5.954032790999918,4.574592
BASELINE_IDLE,1,6.00798637600019,4.574592
BASELINE_IDLE,1,6.061933949000377,4.574592
BASELINE_IDLE,1,6.115914336998685,4.654848
BASELINE_IDLE,1,6.170702193998295,4.694976
BASELINE_IDLE,1,6.224949904000823,4.694976
BASELINE_IDLE,1,6.279017705001024,4.694976
BASELINE_IDLE,1,6.3329592010013585,4.694976
BASELINE_IDLE,1,6.386934791000385,4.654848
BASELINE_IDLE,1,6.440930307999224,4.654848
BASELINE_IDLE,1,6.49483380699894,4.694976
BASELINE_IDLE,1,6.548717762998422,4.654848
BASELINE_IDLE,1,6.602736084998469,4.654848
BASELINE_IDLE,1,6.656718840000394,4.654848
BASELINE_IDLE,1,6.71055283700116,4.654848
BASELINE_IDLE,1,6.764550880998286,4.654848
BASELINE_IDLE,1,6.818560725998395,4.61472
BASELINE_IDLE,1,6.872511592999217,4.61472
BASELINE_IDLE,1,6.926548848998209,4.61472
BASELINE_IDLE,1,6.980493895000109,4.61472
BASELINE_IDLE,1,7.0344536539996625,4.61472
BASELINE_IDLE,1,7.088467721001507,4.61472
BASELINE_IDLE,1,7.142526183000882,4.61472
BASELINE_IDLE,1,7.196343005001836,4.61472
BASELINE_IDLE,1,7.250161105999723,4.61472
BASELINE_IDLE,1,7.3042620419982995,4.61472
BASELINE_IDLE,1,7.3580913379992126,4.654848
BASELINE_IDLE,1,7.4123409040003025,4.574592
BASELINE_IDLE,1,7.467379642999731,4.461312
BASELINE_IDLE,1,7.5226629310018325,4.42112
BASELINE_IDLE,1,7.576903380999283,4.461312
BASELINE_IDLE,1,7.630736770999647,4.42112
BASELINE_IDLE,1,7.684707563999837,4.461312
BASELINE_IDLE,1,7.7385498139992706,4.42112
BASELINE_IDLE,1,7.79245702299886,4.42112
BASELINE_IDLE,1,7.846973302999686,4.300544
BASELINE_IDLE,1,7.901565192998532,4.186624
BASELINE_IDLE,1,7.956814067001687,4.065856
BASELINE_IDLE,1,8.010991477000061,3.945088
BASELINE_IDLE,1,8.065175538999029,3.87072
BASELINE_IDLE,1,8.119304908999766,3.74976
BASELINE_IDLE,1,8.173442339000758,3.70944
BASELINE_IDLE,1,8.227677319999202,3.6288
BASELINE_IDLE,1,8.281923590999213,3.58848
BASELINE_IDLE,1,8.336129465998965,3.50784
BASELINE_IDLE,1,8.39029248299994,3.473024
BASELINE_IDLE,1,8.4444715239988,3.43264
BASELINE_IDLE,1,8.49861560700083,3.392256
BASELINE_IDLE,1,8.552832293000392,3.392256
BASELINE_IDLE,1,8.606989968000562,3.351872
BASELINE_IDLE,1,8.661167633999867,3.311488
BASELINE_IDLE,1,8.715305735000584,3.311488
BASELINE_IDLE,1,8.769423655001447,3.271104
BASELINE_IDLE,1,8.823543685000914,3.271104
BASELINE_IDLE,1,8.877682393998839,3.23072
BASELINE_IDLE,1,8.931891085001553,3.23072
BASELINE_IDLE,1,8.986021317999985,3.23072
BASELINE_IDLE,1,9.040134440001566,3.190336
BASELINE_IDLE,1,9.094262306000019,3.190336
BASELINE_IDLE,1,9.148384640000586,3.190336
BASELINE_IDLE,1,9.202550598998641,3.311488
BASELINE_IDLE,1,9.257087029000104,3.392256
BASELINE_IDLE,1,9.312560111000494,3.351872
BASELINE_IDLE,1,9.369978267000988,3.351872
BASELINE_IDLE,1,9.425051772999723,3.311488
BASELINE_IDLE,1,9.482355778000056,3.311488
BASELINE_IDLE,1,9.53656475599928,3.271104
BASELINE_IDLE,1,9.590820846999122,3.271104
BASELINE_IDLE,1,9.645005516998935,3.23072
BASELINE_IDLE,1,9.699163479999697,3.23072
BASELINE_IDLE,1,9.754379283000162,3.23072
BASELINE_IDLE,1,9.80863537299956,3.23072
BASELINE_IDLE,1,9.863335304999055,3.190336
BASELINE_IDLE,1,9.91755036000177,3.190336
BASELINE_IDLE,1,9.972109466998518,3.190336
BASELINE_IDLE,1,10.027967252000963,3.190336
BASELINE_IDLE,1,10.082810504998633,3.190336
BASELINE_IDLE,1,10.137056168998242,3.149952
BASELINE_IDLE,1,10.191202426001837,3.149952
BASELINE_IDLE,1,10.245357959000103,3.149952
BASELINE_IDLE,1,10.299553502998606,3.149952
BASELINE_IDLE,1,10.353702030999557,3.149952
BASELINE_IDLE,1,10.407861370000319,3.149952
BASELINE_IDLE,1,10.461992691001797,3.149952
BASELINE_IDLE,1,10.516126603000885,3.149952
BASELINE_IDLE,1,10.570282390999637,3.149952
BASELINE_IDLE,1,10.624597779999021,3.149952
BASELINE_IDLE,1,10.678814337999938,3.149952
BASELINE_IDLE,1,10.732967536001524,3.149952
BASELINE_IDLE,1,10.787123580001207,3.149952
BASELINE_IDLE,1,10.841272940000636,3.149952
BASELINE_IDLE,1,10.895392842998262,3.149952
BASELINE_IDLE,1,10.949583238001651,3.149952
BASELINE_IDLE,1,11.00379528600024,3.149952
BASELINE_IDLE,1,11.057917268000892,3.109568
BASELINE_IDLE,1,11.112055849000171,3.109568
BASELINE_IDLE,1,11.166199898998457,3.109568
BASELINE_IDLE,1,11.22032315999968,3.109568
BASELINE_IDLE,1,11.274491134998243,3.109568
BASELINE_IDLE,1,11.328645707999385,3.109568
BASELINE_IDLE,1,11.385819058999914,3.109568
BASELINE_IDLE,1,11.440378837000026,3.190336
BASELINE_IDLE,1,11.494702094001696,3.23072
BASELINE_IDLE,1,11.548865494998608,3.23072
BASELINE_IDLE,1,11.603042712999013,3.271104
BASELINE_IDLE,1,11.657406556998467,3.316736
BASELINE_IDLE,1,11.711640034998709,3.357184
BASELINE_IDLE,1,11.765839386000152,3.357184
BASELINE_IDLE,1,11.820256738999888,3.357184
BASELINE_IDLE,1,11.874595667999529,3.311488
BASELINE_IDLE,1,11.928784944000654,3.316736
BASELINE_IDLE,1,11.982911882998451,3.276288
BASELINE_IDLE,1,12.03703958999904,3.271104
BASELINE_IDLE,1,12.09118594300162,3.23072
BASELINE_IDLE,1,12.145319503000792,3.23072
BASELINE_IDLE,1,12.199434319998545,3.23072
BASELINE_IDLE,1,12.253612625001551,3.271104
BASELINE_IDLE,1,12.308074404001673,3.473024
BASELINE_IDLE,1,12.362351987998409,3.43264
BASELINE_IDLE,1,12.416670574999443,3.392256
BASELINE_IDLE,1,12.473747878000722,3.351872
BASELINE_IDLE,1,12.528343926998787,3.351872
BASELINE_IDLE,1,12.582905592000316,3.311488
BASELINE_IDLE,1,12.637066401999618,3.311488
BASELINE_IDLE,1,12.69128116900174,3.271104
BASELINE_IDLE,1,12.746419473998685,3.271104
BASELINE_IDLE,1,12.801548568000726,3.271104
BASELINE_IDLE,1,12.857577754999511,3.23072
BASELINE_IDLE,1,12.91205843699936,3.23072
BASELINE_IDLE,1,12.966253917998984,3.23072
BASELINE_IDLE,1,13.020420261000254,3.190336
BASELINE_IDLE,1,13.07462089099863,3.190336
BASELINE_IDLE,1,13.128760367999348,3.190336
BASELINE_IDLE,1,13.18286891599928,3.190336
BASELINE_IDLE,1,13.237012647001393,3.190336
BASELINE_IDLE,1,13.291187369999534,3.190336
BASELINE_IDLE,1,13.345297293999465,3.149952
BASELINE_IDLE,1,13.399442431000352,3.149952
BASELINE_IDLE,1,13.45356815500054,3.149952
BASELINE_IDLE,1,13.507718090000708,3.149952
BASELINE_IDLE,1,13.561852514001657,3.149952
BASELINE_IDLE,1,13.615992533999815,3.149952
BASELINE_IDLE,1,13.670287100998394,3.149952
BASELINE_IDLE,1,13.724491249999119,3.149952
BASELINE_IDLE,1,13.778879657998914,3.149952
BASELINE_IDLE,1,13.833138275000238,3.149952
BASELINE_IDLE,1,13.88743943100053,3.149952
BASELINE_IDLE,1,13.941651991000981,3.149952
BASELINE_IDLE,1,13.995798920001107,3.149952
BASELINE_IDLE,1,14.049926146999496,3.149952
BASELINE_IDLE,1,14.1040677029996,3.149952
BASELINE_IDLE,1,14.15818802099966,3.149952
BASELINE_IDLE,1,14.212341922000633,3.149952
BASELINE_IDLE,1,14.266587202000665,3.149952
BASELINE_IDLE,1,14.320798451000883,3.149952
BASELINE_IDLE,1,14.374942693000776,3.149952
BASELINE_IDLE,1,14.42910334300177,3.149952
BASELINE_IDLE,1,14.48321106000003,3.149952
BASELINE_IDLE,1,14.537361283000791,3.149952
BASELINE_IDLE,1,14.591506356999162,3.149952
BASELINE_IDLE,1,14.645628595000744,3.149952
BASELINE_IDLE,1,14.699916221001331,3.149952
BASELINE_IDLE,1,14.754061583000293,3.149952
BASELINE_IDLE,1,14.808247596000001,3.149952
BASELINE_IDLE,1,14.862372743999003,3.149952
BASELINE_IDLE,1,14.916556903001037,3.149952
BASELINE_IDLE,1,14.970675238000695,3.149952
STAGE_MODEL_INFER,1,0.0007929790008347481,3.149952
STAGE_MODEL_INFER,1,0.055547923999256454,3.513408
STAGE_MODEL_INFER,1,0.11028870000154711,3.755712
STAGE_MODEL_INFER,1,0.16572128999905544,3.87072
STAGE_MODEL_INFER,1,0.22046756700001424,4.19328
STAGE_MODEL_INFER,1,0.274676321001607,4.35456
STAGE_MODEL_INFER,1,0.3288712579997082,4.62944
STAGE_MODEL_INFER,1,0.38342547100182856,4.83072
STAGE_MODEL_INFER,1,0.4379012919998786,4.911232
STAGE_MODEL_INFER,1,0.49208692200045334,4.991744
STAGE_MODEL_INFER,1,0.5462449170008767,5.152768
STAGE_MODEL_INFER,1,0.60044062200177,5.112512
STAGE_MODEL_INFER,1,0.6553337690020271,5.23328
STAGE_MODEL_INFER,1,0.7095772259999649,5.313792
STAGE_MODEL_INFER,1,0.7638128469989169,5.313792
STAGE_MODEL_INFER,1,0.8179925910008023,5.43456
STAGE_MODEL_INFER,1,0.872119242001645,5.394304
STAGE_MODEL_INFER,1,0.9262852339998062,5.43456
STAGE_MODEL_INFER,1,0.9808466430004046,5.515072
STAGE_MODEL_INFER,1,1.0356092959991656,5.474816
STAGE_MODEL_INFER,1,1.0897355320012139,5.555328
STAGE_MODEL_INFER,1,1.1442521960016165,5.595584
STAGE_MODEL_INFER,1,1.1987882419998641,5.555328
STAGE_MODEL_INFER,1,1.2529341480003495,5.595584
STAGE_MODEL_INFER,1,1.3070713209999667,5.595584
STAGE_MODEL_INFER,1,1.361613764998765,5.595584
STAGE_MODEL_INFER,1,1.4161575510006514,5.62688
STAGE_MODEL_INFER,1,1.4706801319989609,5.595584
STAGE_MODEL_INFER,1,1.524797795998893,5.63584
STAGE_MODEL_INFER,1,1.579142705999402,5.667072
STAGE_MODEL_INFER,1,1.6348134159998153,5.595584
STAGE_MODEL_INFER,1,1.689010017002147,5.62688
STAGE_MODEL_INFER,1,1.743320223999035,5.667072
STAGE_MODEL_INFER,1,1.797470287001488,5.62688
STAGE_MODEL_INFER,1,1.8518454859986377,5.667072
STAGE_MODEL_INFER,1,1.9059700899997551,5.62688
STAGE_MODEL_INFER,1,1.960063030001038,5.62688
STAGE_MODEL_INFER,1,2.0151194560021395,5.667072
STAGE_MODEL_INFER,1,2.0692538479997893,5.62688
STAGE_MODEL_INFER,1,2.123401640001248,5.667072
STAGE_MODEL_INFER,1,2.17847396200159,5.707264
STAGE_MODEL_INFER,1,2.232731939999212,5.63584
STAGE_MODEL_INFER,1,2.286937591001333,5.667072
STAGE_MODEL_INFER,1,2.3414963140021428,5.667072
STAGE_MODEL_INFER,1,2.3955993609997677,5.62688
STAGE_MODEL_INFER,1,2.4511982040021394,5.667072
STAGE_MODEL_INFER,1,2.5053612209994753,5.667072
STAGE_MODEL_INFER,1,2.5595374469994567,5.676096
STAGE_MODEL_INFER,1,2.6140173300009337,5.707264
STAGE_MODEL_INFER,1,2.6697069430010743,5.63584
STAGE_MODEL_INFER,1,2.7238287000000128,5.667072
STAGE_MODEL_INFER,1,2.7779923570014944,5.707264
STAGE_MODEL_INFER,1,2.8321460350016423,5.63584
STAGE_MODEL_INFER,1,2.8863101070019184,5.707264
STAGE_MODEL_INFER,1,2.940862529001606,5.707264
STAGE_MODEL_INFER,1,2.995500731998618,5.676096
STAGE_MODEL_INFER,1,3.0511529879986483,5.707264
STAGE_MODEL_INFER,1,3.105345207000937,5.716352
STAGE_MODEL_INFER,1,3.1604519760003313,5.707264
STAGE_MODEL_INFER,1,3.2146676060001482,5.787648
STAGE_MODEL_INFER,1,3.268965692001075,5.707264
STAGE_MODEL_INFER,1,3.3240698059998977,5.707264
STAGE_MODEL_INFER,1,3.3782610330017633,5.787648
STAGE_MODEL_INFER,1,3.432739635998587,5.707264
STAGE_MODEL_INFER,1,3.4869522920016607,5.747456
STAGE_MODEL_INFER,1,3.5416153149999445,5.747456
STAGE_MODEL_INFER,1,3.5968716089992085,5.707264
STAGE_MODEL_INFER,1,3.651014826999017,5.747456
STAGE_MODEL_INFER,1,3.7052173129995936,5.707264
STAGE_MODEL_INFER,1,3.759434830000828,5.707264
STAGE_MODEL_INFER,1,3.8138104770005157,5.747456
STAGE_MODEL_INFER,1,3.8679863830002432,5.676096
STAGE_MODEL_INFER,1,3.9222427300010168,5.707264
STAGE_MODEL_INFER,1,3.976376449001691,5.747456
STAGE_MODEL_INFER,1,4.030493984999339,5.716352
STAGE_MODEL_INFER,1,4.084945688999142,5.747456
STAGE_MODEL_INFER,1,4.139780913999857,5.716352
STAGE_MODEL_INFER,1,4.1940972299998975,5.716352
STAGE_MODEL_INFER,1,4.249194468000496,5.747456
STAGE_MODEL_INFER,1,4.303323262000049,5.676096
STAGE_MODEL_INFER,1,4.3576605599992035,5.716352
STAGE_MODEL_INFER,1,4.412145239999518,5.747456
STAGE_MODEL_INFER,1,4.468145930000901,5.676096
STAGE_MODEL_INFER,1,4.52231268900141,5.716352
STAGE_MODEL_INFER,1,4.576834374001919,5.756608
STAGE_MODEL_INFER,1,4.630963616000372,5.676096
STAGE_MODEL_INFER,1,4.685521092000272,5.716352
STAGE_MODEL_INFER,1,4.7408356919986545,5.716352
STAGE_MODEL_INFER,1,4.795211787000881,5.676096
STAGE_MODEL_INFER,1,4.8495446070010075,5.747456
STAGE_MODEL_INFER,1,4.903717250999762,5.676096
STAGE_MODEL_INFER,1,4.957859477999591,5.716352
STAGE_MODEL_INFER,1,5.011978421000094,5.747456
STAGE_MODEL_INFER,1,5.066070722001314,5.676096
STAGE_MODEL_INFER,1,5.120188224998856,5.716352
STAGE_MODEL_INFER,1,5.17428858600033,5.716352
STAGE_MODEL_INFER,1,5.228829652998684,5.676096
STAGE_MODEL_INFER,1,5.282952593999653,5.716352
STAGE_MODEL_INFER,1,5.337500634999742,5.676096
STAGE_MODEL_INFER,1,5.393089242999849,5.676096
STAGE_MODEL_INFER,1,5.447258815998794,5.747456
STAGE_MODEL_INFER,1,5.501404242000717,5.676096
STAGE_MODEL_INFER,1,5.555530317000375,5.716352
STAGE_MODEL_INFER,1,5.610773690001224,5.756608
STAGE_MODEL_INFER,1,5.664938082001754,5.676096
STAGE_MODEL_INFER,1,5.719489289000194,5.716352
STAGE_MODEL_INFER,1,5.774247112000012,5.716352
STAGE_MODEL_INFER,1,5.828613771001983,5.676096
STAGE_MODEL_INFER,1,5.882998565000889,5.747456
STAGE_MODEL_INFER,1,5.937570082001912,5.676096
STAGE_MODEL_INFER,1,5.992156503001752,5.716352
STAGE_MODEL_INFER,1,6.046290383001178,5.747456
STAGE_MODEL_INFER,1,6.100829563001753,5.676096
STAGE_MODEL_INFER,1,6.155500677999953,5.716352
STAGE_MODEL_INFER,1,6.210037971999554,5.756608
STAGE_MODEL_INFER,1,6.264291311999841,5.676096
STAGE_MODEL_INFER,1,6.3193057749995205,5.716352
STAGE_MODEL_INFER,1,6.374217345000943,5.716352
STAGE_MODEL_INFER,1,6.429301789001329,5.676096
STAGE_MODEL_INFER,1,6.483441650001623,5.756608
STAGE_MODEL_INFER,1,6.538515602998814,5.676096
STAGE_MODEL_INFER,1,6.59271581700159,5.716352
STAGE_MODEL_INFER,1,6.646895562000282,5.756608
STAGE_MODEL_INFER,1,6.701040668001951,5.676096
STAGE_MODEL_INFER,1,6.755193386001338,5.716352
STAGE_MODEL_INFER,1,6.809334973000659,5.716352
STAGE_MODEL_INFER,1,6.863625447000231,5.676096
STAGE_MODEL_INFER,1,6.91781750500013,5.716352
STAGE_MODEL_INFER,1,6.971976011998777,5.676096
STAGE_MODEL_INFER,1,7.026122717001272,5.676096
STAGE_MODEL_INFER,1,7.080271884999092,5.756608
STAGE_MODEL_INFER,1,7.134401670999068,5.63584
STAGE_MODEL_INFER,1,7.188595872001315,5.716352
STAGE_MODEL_INFER,1,7.242997265999293,5.716352
STAGE_MODEL_INFER,1,7.298318742999982,5.63584
STAGE_MODEL_INFER,1,7.353901401998883,5.676096
STAGE_MODEL_INFER,1,7.408808942000178,5.676096
STAGE_MODEL_INFER,1,7.46349796800132,5.63584
STAGE_MODEL_INFER,1,7.517664982999122,5.707264
STAGE_MODEL_INFER,1,7.572205347001727,5.676096
STAGE_MODEL_INFER,1,7.626420818000042,5.676096
STAGE_MODEL_INFER,1,7.680937002001883,5.707264
STAGE_MODEL_INFER,1,7.735501674000261,5.63584
STAGE_MODEL_INFER,1,7.790281822999532,5.676096
STAGE_MODEL_INFER,1,7.844463646000804,5.707264
STAGE_MODEL_INFER,1,7.8988666709992685,5.63584
STAGE_MODEL_INFER,1,7.953661276002094,5.667072
STAGE_MODEL_INFER,1,8.00822079900172,5.667072
STAGE_MODEL_INFER,1,8.062771845001407,5.63584
STAGE_MODEL_INFER,1,8.117182961999788,5.667072
STAGE_MODEL_INFER,1,8.171754254999541,5.62688
STAGE_MODEL_INFER,1,8.226084067999182,5.62688
STAGE_MODEL_INFER,1,8.281013198000437,5.707264
STAGE_MODEL_INFER,1,8.335543935001624,5.63584
STAGE_MODEL_INFER,1,8.391195135998714,5.62688
STAGE_MODEL_INFER,1,8.445372226000472,5.707264
STAGE_MODEL_INFER,1,8.49961360299858,5.63584
STAGE_MODEL_INFER,1,8.554154383000423,5.667072
STAGE_MODEL_INFER,1,8.608827641000971,5.667072
STAGE_MODEL_INFER,1,8.663030158000765,5.63584
STAGE_MODEL_INFER,1,8.71757717500077,5.707264
STAGE_MODEL_INFER,1,8.772150707001856,5.676096
STAGE_MODEL_INFER,1,8.826711189001799,5.676096
STAGE_MODEL_INFER,1,8.881135866999102,5.707264
STAGE_MODEL_INFER,1,8.935423653001635,5.63584
STAGE_MODEL_INFER,1,8.989644817000226,5.667072
STAGE_MODEL_INFER,1,9.043781479002064,5.707264
STAGE_MODEL_INFER,1,9.097948493999866,5.62688
STAGE_MODEL_INFER,1,9.152104986002087,5.707264
STAGE_MODEL_INFER,1,9.20626135099883,5.667072
STAGE_MODEL_INFER,1,9.260553807001997,5.676096
STAGE_MODEL_INFER,1,9.314735374999145,5.707264
STAGE_MODEL_INFER,1,9.36891339200156,5.676096
STAGE_MODEL_INFER,1,9.423068189000332,5.716352
STAGE_MODEL_INFER,1,9.47720721800215,5.707264
STAGE_MODEL_INFER,1,9.531351588000689,5.676096
STAGE_MODEL_INFER,1,9.585533892000967,5.716352
STAGE_MODEL_INFER,1,9.639677301998745,5.676096
STAGE_MODEL_INFER,1,9.69380705599906,5.676096
STAGE_MODEL_INFER,1,9.747943270001997,5.756608
STAGE_MODEL_INFER,1,9.802069729001232,5.676096
STAGE_MODEL_INFER,1,9.856260732001829,5.716352
STAGE_MODEL_INFER,1,9.910522612000932,5.756608
STAGE_MODEL_INFER,1,9.96470840099937,5.676096
STAGE_MODEL_INFER,1,10.018937369000923,5.716352
STAGE_MODEL_INFER,1,10.073076622000372,5.716352
STAGE_MODEL_INFER,1,10.127247858999908,5.676096
STAGE_MODEL_INFER,1,10.181376845001068,5.747456
STAGE_MODEL_INFER,1,10.235545202998765,5.676096
STAGE_MODEL_INFER,1,10.289696898002148,5.716352
STAGE_MODEL_INFER,1,10.343829882000136,5.756608
STAGE_MODEL_INFER,1,10.397981320998952,5.676096
STAGE_MODEL_INFER,1,10.452139924000221,5.716352
STAGE_MODEL_INFER,1,10.506291585999861,5.716352
STAGE_MODEL_INFER,1,10.560509488001117,5.676096
STAGE_MODEL_INFER,1,10.614619858999504,5.756608
STAGE_MODEL_INFER,1,10.668753259000368,5.676096
STAGE_MODEL_INFER,1,10.722922321001533,5.716352
STAGE_MODEL_INFER,1,10.777035635001084,5.756608
STAGE_MODEL_INFER,1,10.831243396998616,5.676096
STAGE_MODEL_INFER,1,10.88544188400192,5.716352
STAGE_MODEL_INFER,1,10.939691674000642,5.716352
STAGE_MODEL_INFER,1,10.993886003001535,5.676096
STAGE_MODEL_INFER,1,11.048038241999166,5.756608
STAGE_MODEL_INFER,1,11.10219003200109,5.676096
STAGE_MODEL_INFER,1,11.156336066000222,5.716352
STAGE_MODEL_INFER,1,11.210486865002167,5.756608
STAGE_MODEL_INFER,1,11.26471509700059,5.676096
STAGE_MODEL_INFER,1,11.318875363002007,5.716352
STAGE_MODEL_INFER,1,11.373019253998791,5.716352
STAGE_MODEL_INFER,1,11.427166599001794,5.676096
STAGE_MODEL_INFER,1,11.481285286001366,5.756608
STAGE_MODEL_INFER,1,11.535442961001536,5.676096
STAGE_MODEL_INFER,1,11.589615636999952,5.707264
STAGE_MODEL_INFER,1,11.643750349001493,5.747456
STAGE_MODEL_INFER,1,11.69790146699961,5.676096
STAGE_MODEL_INFER,1,11.752027511000051,5.707264
STAGE_MODEL_INFER,1,11.80617575100041,5.716352
STAGE_MODEL_INFER,1,11.860325239002123,5.676096
STAGE_MODEL_INFER,1,11.914510964001238,5.747456
STAGE_MODEL_INFER,1,11.968839850000222,5.676096
STAGE_MODEL_INFER,1,12.02303929700065,5.716352
STAGE_MODEL_INFER,1,12.077210245999595,5.756608
STAGE_MODEL_INFER,1,12.131444907001423,5.676096
STAGE_MODEL_INFER,1,12.185649152001133,5.716352
STAGE_MODEL_INFER,1,12.239790004001406,5.716352
STAGE_MODEL_INFER,1,12.294010271998559,5.676096
STAGE_MODEL_INFER,1,12.348155026000313,5.756608
STAGE_MODEL_INFER,1,12.402293286999338,5.676096
STAGE_MODEL_INFER,1,12.456445685998915,5.716352
STAGE_MODEL_INFER,1,12.510555769000348,5.716352
STAGE_MODEL_INFER,1,12.56478684800095,5.676096
STAGE_MODEL_INFER,1,12.618961763000698,5.716352
STAGE_MODEL_INFER,1,12.673155484000745,5.716352
STAGE_MODEL_INFER,1,12.727331838999817,5.676096
STAGE_MODEL_INFER,1,12.781455132000701,5.756608
STAGE_MODEL_INFER,1,12.83563004700045,5.676096
STAGE_MODEL_INFER,1,12.889856199999485,5.716352
STAGE_MODEL_INFER,1,12.944129145998886,5.756608
STAGE_MODEL_INFER,1,12.99839550300021,5.676096
STAGE_MODEL_INFER,1,13.052646635998826,5.716352
STAGE_MODEL_INFER,1,13.106859899999108,5.716352
STAGE_MODEL_INFER,1,13.161080263998883,5.676096
STAGE_MODEL_INFER,1,13.215337826000905,5.716352
STAGE_MODEL_INFER,1,13.269623789001344,5.676096
STAGE_MODEL_INFER,1,13.323783959000139,5.676096
STAGE_MODEL_INFER,1,13.377933927000413,5.716352
STAGE_MODEL_INFER,1,13.432097392000287,5.63584
STAGE_MODEL_INFER,1,13.486304547001055,5.716352
STAGE_MODEL_INFER,1,13.540420483001071,5.676096
STAGE_MODEL_INFER,1,13.594611357999383,5.676096
STAGE_MODEL_INFER,1,13.650476052000158,5.707264
STAGE_MODEL_INFER,1,13.704869225999573,5.676096
STAGE_MODEL_INFER,1,13.759570084999723,5.676096
STAGE_MODEL_INFER,1,13.814620881999872,5.707264
STAGE_MODEL_INFER,1,13.86881473199901,5.63584
STAGE_MODEL_INFER,1,13.923534878002101,5.676096
STAGE_MODEL_INFER,1,13.977722011000878,5.707264
STAGE_MODEL_INFER,1,14.032076100000268,5.63584
STAGE_MODEL_INFER,1,14.086387202998594,5.667072
STAGE_MODEL_INFER,1,14.140710108000349,5.667072
STAGE_MODEL_INFER,1,14.19494720000148,5.667072
STAGE_MODEL_INFER,1,14.249152404001507,5.707264
STAGE_MODEL_INFER,1,14.303305217999878,5.63584
STAGE_MODEL_INFER,1,14.357440440999198,5.667072
STAGE_MODEL_INFER,1,14.411787174001802,5.707264
STAGE_MODEL_INFER,1,14.466318869999668,5.63584
STAGE_MODEL_INFER,1,14.521122751000803,5.667072
STAGE_MODEL_INFER,1,14.57534577000115,5.667072
STAGE_MODEL_INFER,1,14.629552188998787,5.63584
STAGE_MODEL_INFER,1,14.683692048998637,5.667072
STAGE_MODEL_INFER,1,14.737851132002106,5.63584
STAGE_MODEL_INFER,1,14.792015333001473,5.63584
STAGE_MODEL_INFER,1,14.846215227000357,5.707264
STAGE_MODEL_INFER,1,14.900441956000577,5.63584
STAGE_MODEL_INFER,1,14.95586527100022,5.667072
STAGE_MODEL_INFER,1,15.010152226001082,5.707264
STAGE_MODEL_INFER,1,15.064716386001237,5.63584
STAGE_MODEL_INFER,1,15.119019428999309,5.707264
STAGE_MODEL_INFER,1,15.173156570999708,5.676096
STAGE_MODEL_INFER,1,15.227291538001737,5.676096
STAGE_MODEL_INFER,1,15.281404915000167,5.707264
STAGE_MODEL_INFER,1,15.335566845002177,5.63584
STAGE_MODEL_INFER,1,15.389750204001757,5.676096
STAGE_MODEL_INFER,1,15.443962347999332,5.707264
STAGE_MODEL_INFER,1,15.498134575998847,5.676096
STAGE_MODEL_INFER,1,15.552338629000587,5.716352
STAGE_MODEL_INFER,1,15.606485526001052,5.707264
STAGE_MODEL_INFER,1,15.660832067002048,5.667072
STAGE_MODEL_INFER,1,15.71500080899932,5.747456
STAGE_MODEL_INFER,1,15.769146491002175,5.676096
STAGE_MODEL_INFER,1,15.823285902999487,5.707264
STAGE_MODEL_INFER,1,15.877391221001744,5.707264
STAGE_MODEL_INFER,1,15.931876796999859,5.676096
STAGE_MODEL_INFER,1,15.986315004000062,5.716352
STAGE_MODEL_INFER,1,16.0405084060003,5.716352
STAGE_MODEL_INFER,1,16.09485293200123,5.676096
STAGE_MODEL_INFER,1,16.149013262001972,5.747456
STAGE_MODEL_INFER,1,16.20318062899969,5.676096
STAGE_MODEL_INFER,1,16.257342207001784,5.716352
STAGE_MODEL_INFER,1,16.31149060700045,5.747456
STAGE_MODEL_INFER,1,16.365663443000813,5.676096
STAGE_MODEL_INFER,1,16.41989676099911,5.716352
STAGE_MODEL_INFER,1,16.47402481899917,5.716352
STAGE_MODEL_INFER,1,16.528209585001605,5.676096
STAGE_MODEL_INFER,1,16.582373593999364,5.747456
STAGE_MODEL_INFER,1,16.636516333001055,5.676096
STAGE_MODEL_INFER,1,16.690656000999297,5.716352
STAGE_MODEL_INFER,1,16.744786874001875,5.747456
STAGE_MODEL_INFER,1,16.798960062002152,5.676096
STAGE_MODEL_INFER,1,16.853213337999478,5.716352
STAGE_MODEL_INFER,1,16.907394106001448,5.716352
STAGE_MODEL_INFER,1,16.96161632499934,5.676096
STAGE_MODEL_INFER,1,17.015756410000904,5.716352
STAGE_MODEL_INFER,1,17.06996068599983,5.676096
STAGE_MODEL_INFER,1,17.124139823001315,5.716352
STAGE_MODEL_INFER,1,17.178280067000742,5.756608
STAGE_MODEL_INFER,1,17.23332789000051,5.676096
STAGE_MODEL_INFER,1,17.28819963999922,5.716352
STAGE_MODEL_INFER,1,17.34279735200107,5.716352
STAGE_MODEL_INFER,1,17.397292075002042,5.676096
STAGE_MODEL_INFER,1,17.451849934001075,5.716352
STAGE_MODEL_INFER,1,17.506402644001355,5.716352
STAGE_MODEL_INFER,1,17.560932230000617,5.676096
STAGE_MODEL_INFER,1,17.615455578001274,5.716352
STAGE_MODEL_INFER,1,17.671154339001077,5.676096
STAGE_MODEL_INFER,1,17.725380267998844,5.676096
STAGE_MODEL_INFER,1,17.779529243998695,5.756608
STAGE_MODEL_INFER,1,17.833715482000116,5.63584
STAGE_MODEL_INFER,1,17.888023161998717,5.716352
STAGE_MODEL_INFER,1,17.943096572002105,5.716352
STAGE_MODEL_INFER,1,17.998021480001626,5.676096
STAGE_MODEL_INFER,1,18.052368564000062,5.716352
STAGE_MODEL_INFER,1,18.10688238199873,5.716352
STAGE_MODEL_INFER,1,18.16125521399954,5.676096
STAGE_MODEL_INFER,1,18.215508810000756,5.756608
STAGE_MODEL_INFER,1,18.270022371001687,5.676096
STAGE_MODEL_INFER,1,18.324352792002173,5.676096
STAGE_MODEL_INFER,1,18.378486128000077,5.756608
STAGE_MODEL_INFER,1,18.432817412998702,5.676096
STAGE_MODEL_INFER,1,18.487588574000256,5.716352
STAGE_MODEL_INFER,1,18.542025820999697,5.716352
STAGE_MODEL_INFER,1,18.596333886001958,5.676096
STAGE_MODEL_INFER,1,18.650803245000134,5.716352
STAGE_MODEL_INFER,1,18.705563786999846,5.676096
STAGE_MODEL_INFER,1,18.760159228000703,5.676096
STAGE_MODEL_INFER,1,18.81520180499865,5.716352
STAGE_MODEL_INFER,1,18.869379247000325,5.63584
STAGE_MODEL_INFER,1,18.923603129002004,5.676096
STAGE_MODEL_INFER,1,18.97771852200094,5.716352
STAGE_MODEL_INFER,1,19.032802710000396,5.63584
STAGE_MODEL_INFER,1,19.086989715000527,5.716352
STAGE_MODEL_INFER,1,19.141299347000313,5.676096
STAGE_MODEL_INFER,1,19.19553563899899,5.676096
STAGE_MODEL_INFER,1,19.24974970200128,5.707264
STAGE_MODEL_INFER,1,19.303944192000927,5.676096
STAGE_MODEL_INFER,1,19.358079861998704,5.676096
STAGE_MODEL_INFER,1,19.41241508100211,5.707264
STAGE_MODEL_INFER,1,19.46692995400008,5.63584
STAGE_MODEL_INFER,1,19.522057736001443,5.676096
STAGE_MODEL_INFER,1,19.576255711999693,5.667072
STAGE_MODEL_INFER,1,19.630805094999232,5.63584
STAGE_MODEL_INFER,1,19.68507848900117,5.667072
STAGE_MODEL_INFER,1,19.73923728400041,5.676096
STAGE_MODEL_INFER,1,19.793392145002144,5.63584
STAGE_MODEL_INFER,1,19.847564469000645,5.707264
STAGE_MODEL_INFER,1,19.901754352998978,5.63584
STAGE_MODEL_INFER,1,19.955941005999193,5.667072
STAGE_MODEL_INFER,1,20.01008217799972,5.667072
STAGE_MODEL_INFER,1,20.06425776499964,5.63584
STAGE_MODEL_INFER,1,20.1184595779996,5.667072
STAGE_MODEL_INFER,1,20.17272839799989,5.667072
STAGE_MODEL_INFER,1,20.226923174999683,5.667072
STAGE_MODEL_INFER,1,20.281072150999535,5.707264
STAGE_MODEL_INFER,1,20.335197075000906,5.62688
STAGE_MODEL_INFER,1,20.38939214000129,5.667072
STAGE_MODEL_INFER,1,20.443536638002115,5.707264
STAGE_MODEL_INFER,1,20.4976733959993,5.62688
STAGE_MODEL_INFER,1,20.551802893998683,5.667072
STAGE_MODEL_INFER,1,20.60595225400175,5.667072
STAGE_MODEL_INFER,1,20.66009083500103,5.667072
STAGE_MODEL_INFER,1,20.714204979998613,5.707264
STAGE_MODEL_INFER,1,20.76831576800032,5.63584
STAGE_MODEL_INFER,1,20.82247149199975,5.667072
STAGE_MODEL_INFER,1,20.876622707000934,5.707264
STAGE_MODEL_INFER,1,20.930889671999466,5.63584
STAGE_MODEL_INFER,1,20.98512014299922,5.707264
STAGE_MODEL_INFER,1,21.03926879899882,5.676096
STAGE_MODEL_INFER,1,21.093419854001695,5.676096
STAGE_MODEL_INFER,1,21.147601741999097,5.747456
STAGE_MODEL_INFER,1,21.201950554001087,5.676096
STAGE_MODEL_INFER,1,21.256219406001037,5.707264
STAGE_MODEL_INFER,1,21.31037231600203,5.707264
STAGE_MODEL_INFER,1,21.364501142001245,5.676096
STAGE_MODEL_INFER,1,21.41861295200215,5.707264
STAGE_MODEL_INFER,1,21.47271369599912,5.716352
STAGE_MODEL_INFER,1,21.526900636999926,5.716352
STAGE_MODEL_INFER,1,21.581036052000854,5.747456
STAGE_MODEL_INFER,1,21.63516705300208,5.676096
STAGE_MODEL_INFER,1,21.689373183999123,5.716352
STAGE_MODEL_INFER,1,21.743505975999142,5.747456
STAGE_MODEL_INFER,1,21.79765047500041,5.676096
STAGE_MODEL_INFER,1,21.851801690001594,5.747456
STAGE_MODEL_INFER,1,21.905991413001175,5.716352
STAGE_MODEL_INFER,1,21.96012605999931,5.716352
STAGE_MODEL_INFER,1,22.01425850099986,5.747456
STAGE_MODEL_INFER,1,22.068414481000218,5.676096
STAGE_MODEL_INFER,1,22.122634461000416,5.716352
STAGE_MODEL_INFER,1,22.176777519998723,5.747456
STAGE_MODEL_INFER,1,22.23099091200129,5.676096
STAGE_MODEL_INFER,1,22.285448533999443,5.756608
STAGE_MODEL_INFER,1,22.33962488800171,5.716352
STAGE_MODEL_INFER,1,22.39383719200123,5.716352
STAGE_MODEL_INFER,1,22.447964195001987,5.747456
STAGE_MODEL_INFER,1,22.5020934690001,5.676096
STAGE_MODEL_INFER,1,22.556301167998754,5.716352
STAGE_MODEL_INFER,1,22.610519804999058,5.756608
STAGE_MODEL_INFER,1,22.66466187200058,5.676096
STAGE_MODEL_INFER,1,22.718784716998925,5.756608
STAGE_MODEL_INFER,1,22.772923553999135,5.716352
STAGE_MODEL_INFER,1,22.82705525900019,5.716352
STAGE_MODEL_INFER,1,22.881224128999747,5.756608
STAGE_MODEL_INFER,1,22.93539098399924,5.676096
STAGE_MODEL_INFER,1,22.989558478999243,5.716352
STAGE_MODEL_INFER,1,23.0436715370015,5.716352
STAGE_MODEL_INFER,1,23.097814019998623,5.676096
STAGE_MODEL_INFER,1,23.151944796998578,5.716352
STAGE_MODEL_INFER,1,23.206094540000777,5.716352
STAGE_MODEL_INFER,1,23.260522929002036,5.676096
STAGE_MODEL_INFER,1,23.314747675001854,5.747456
STAGE_MODEL_INFER,1,23.36894676999873,5.676096
STAGE_MODEL_INFER,1,23.42312686600053,5.716352
STAGE_MODEL_INFER,1,23.477259401999618,5.756608
STAGE_MODEL_INFER,1,23.531384230002004,5.676096
STAGE_MODEL_INFER,1,23.585512800000288,5.716352
STAGE_MODEL_INFER,1,23.64017479999893,5.716352
STAGE_MODEL_INFER,1,23.694767904999026,5.676096
STAGE_MODEL_INFER,1,23.74903173599887,5.716352
STAGE_MODEL_INFER,1,23.804878007002117,5.676096
STAGE_MODEL_INFER,1,23.859069426001952,5.676096
STAGE_MODEL_INFER,1,23.914016850001644,5.756608
STAGE_MODEL_INFER,1,23.968304893001914,5.676096
STAGE_MODEL_INFER,1,24.02281013800166,5.716352
STAGE_MODEL_INFER,1,24.077033317000314,5.716352
STAGE_MODEL_INFER,1,24.131886005001434,5.676096
STAGE_MODEL_INFER,1,24.18613765000191,5.716352
STAGE_MODEL_INFER,1,24.2404412040014,5.716352
STAGE_MODEL_INFER,1,24.294715365998854,5.676096
STAGE_MODEL_INFER,1,24.348880973000632,5.756608
STAGE_MODEL_INFER,1,24.403490710999904,5.676096
STAGE_MODEL_INFER,1,24.45787189100156,5.716352
STAGE_MODEL_INFER,1,24.512036154999805,5.756608
STAGE_MODEL_INFER,1,24.566219354001078,5.676096
STAGE_MODEL_INFER,1,24.62034165500154,5.716352
STAGE_MODEL_INFER,1,24.674459351001133,5.716352
STAGE_MODEL_INFER,1,24.728603816998657,5.676096
STAGE_MODEL_INFER,1,24.78270277000047,5.716352
STAGE_MODEL_INFER,1,24.83688376200007,5.676096
STAGE_MODEL_INFER,1,24.89110831600192,5.676096
STAGE_MODEL_INFER,1,24.945227643002,5.756608
STAGE_MODEL_INFER,1,24.999360115001764,5.676096
STAGE_MODEL_INFER,1,25.053477491001104,5.716352
STAGE_MODEL_INFER,1,25.10765723499935,5.716352
STAGE_MODEL_INFER,1,25.16188201299883,5.676096
STAGE_MODEL_INFER,1,25.216021938002086,5.707264
STAGE_MODEL_INFER,1,25.270293637000577,5.676096
STAGE_MODEL_INFER,1,25.324468902999797,5.676096
STAGE_MODEL_INFER,1,25.378687476000778,5.747456
STAGE_MODEL_INFER,1,25.432875537000655,5.63584
STAGE_MODEL_INFER,1,25.487050931998965,5.707264
STAGE_MODEL_INFER,1,25.54118832899985,5.667072
STAGE_MODEL_INFER,1,25.595363595999515,5.676096
STAGE_MODEL_INFER,1,25.649485289999575,5.707264
STAGE_MODEL_INFER,1,25.703626718001033,5.63584
STAGE_MODEL_INFER,1,25.75777252700209,5.667072
STAGE_MODEL_INFER,1,25.811898283001938,5.707264
STAGE_MODEL_INFER,1,25.86603907099925,5.63584
STAGE_MODEL_INFER,1,25.92029612099941,5.667072
STAGE_MODEL_INFER,1,25.974415895001584,5.667072
STAGE_MODEL_INFER,1,26.02854321799896,5.63584
STAGE_MODEL_INFER,1,26.08264146700094,5.707264
STAGE_MODEL_INFER,1,26.13676895000026,5.63584
STAGE_MODEL_INFER,1,26.190932415000134,5.667072
STAGE_MODEL_INFER,1,26.24506232800195,5.707264
STAGE_MODEL_INFER,1,26.29933351499858,5.63584
STAGE_MODEL_INFER,1,26.35348773700025,5.667072
STAGE_MODEL_INFER,1,26.407615475000057,5.667072
STAGE_MODEL_INFER,1,26.4617565510016,5.676096
STAGE_MODEL_INFER,1,26.515900984999462,5.707264
STAGE_MODEL_INFER,1,26.570138844999747,5.63584
STAGE_MODEL_INFER,1,26.62431731000106,5.667072
STAGE_MODEL_INFER,1,26.678417798000737,5.707264
STAGE_MODEL_INFER,1,26.732542914000078,5.63584
STAGE_MODEL_INFER,1,26.786729982999532,5.707264
STAGE_MODEL_INFER,1,26.840899204999005,5.667072
STAGE_MODEL_INFER,1,26.895116755000345,5.676096
STAGE_MODEL_INFER,1,26.94923896000182,5.707264
STAGE_MODEL_INFER,1,27.003387455999473,5.676096
STAGE_MODEL_INFER,1,27.05760327900134,5.716352
STAGE_MODEL_INFER,1,27.111757916001807,5.747456
STAGE_MODEL_INFER,1,27.16593506999925,5.676096
STAGE_MODEL_INFER,1,27.220117213000776,5.716352
STAGE_MODEL_INFER,1,27.274356672001886,5.707264
STAGE_MODEL_INFER,1,27.328708362001635,5.676096
STAGE_MODEL_INFER,1,27.38289053799963,5.747456
STAGE_MODEL_INFER,1,27.437050579999777,5.676096
STAGE_MODEL_INFER,1,27.491190345001087,5.716352
STAGE_MODEL_INFER,1,27.545293264000065,5.747456
STAGE_MODEL_INFER,1,27.599456695999834,5.676096
STAGE_MODEL_INFER,1,27.65360861500085,5.756608
STAGE_MODEL_INFER,1,27.70770923099917,5.716352
STAGE_MODEL_INFER,1,27.761840456001664,5.716352
STAGE_MODEL_INFER,1,27.8159461260002,5.747456
STAGE_MODEL_INFER,1,27.870105623998825,5.716352
STAGE_MODEL_INFER,1,27.92434213999877,5.716352
STAGE_MODEL_INFER,1,27.978440806000435,5.747456
STAGE_MODEL_INFER,1,28.032548842002143,5.676096
STAGE_MODEL_INFER,1,28.086743395000667,5.756608
STAGE_MODEL_INFER,1,28.140895346001344,5.716352
STAGE_MODEL_INFER,1,28.195069589000923,5.716352
STAGE_MODEL_INFER,1,28.24917784900026,5.747456
STAGE_MODEL_INFER,1,28.303330982998887,5.716352
STAGE_MODEL_INFER,1,28.357548469000903,5.707264
STAGE_MODEL_INFER,1,28.411679598000774,5.747456
STAGE_MODEL_INFER,1,28.465841687000648,5.676096
STAGE_MODEL_INFER,1,28.520031954998558,5.747456
STAGE_MODEL_INFER,1,28.574178851999022,5.716352
STAGE_MODEL_INFER,1,28.62834273200133,5.716352
STAGE_MODEL_INFER,1,28.68245128000126,5.747456
STAGE_MODEL_INFER,1,28.736582505000115,5.676096
STAGE_MODEL_INFER,1,28.790709283999604,5.716352
STAGE_MODEL_INFER,1,28.84486676799861,5.747456
STAGE_MODEL_INFER,1,28.89936248199956,5.676096
STAGE_MODEL_INFER,1,28.95358476600086,5.716352
STAGE_MODEL_INFER,1,29.008108337999147,5.716352
STAGE_MODEL_INFER,1,29.062282742001116,5.676096
STAGE_MODEL_INFER,1,29.116833437001333,5.716352
STAGE_MODEL_INFER,1,29.171647264000057,5.676096
STAGE_MODEL_INFER,1,29.225836731999152,5.676096
STAGE_MODEL_INFER,1,29.28007906900166,5.756608
STAGE_MODEL_INFER,1,29.334299881000334,5.676096
STAGE_MODEL_INFER,1,29.38926470500155,5.716352
STAGE_MODEL_INFER,1,29.443417135000345,5.716352
STAGE_MODEL_INFER,1,29.497608649999165,5.676096
STAGE_MODEL_INFER,1,29.551806816998578,5.716352
STAGE_MODEL_INFER,1,29.605968395000673,5.716352
STAGE_MODEL_INFER,1,29.660124214999087,5.676096
STAGE_MODEL_INFER,1,29.714267081999424,5.756608
STAGE_MODEL_INFER,1,29.768403840000246,5.676096
STAGE_MODEL_INFER,1,29.822555982998892,5.716352
STAGE_MODEL_INFER,1,29.87667822000003,5.716352
STAGE_MODEL_INFER,1,29.93093786100144,5.676096
STAGE_MODEL_INFER,1,29.985122147001675,5.716352
STAGE_FULL_PIPELINE,1,0.0002915660006692633,5.515072
STAGE_FULL_PIPELINE,1,0.05447562900008052,5.474816
STAGE_FULL_PIPELINE,1,0.10857701200075098,5.555328
STAGE_FULL_PIPELINE,1,0.16275864400085993,5.515072
STAGE_FULL_PIPELINE,1,0.2168735250015743,5.595584
STAGE_FULL_PIPELINE,1,0.27100743600021815,5.555328
STAGE_FULL_PIPELINE,1,0.3251678950000496,5.595584
STAGE_FULL_PIPELINE,1,0.379475319001358,5.667072
STAGE_FULL_PIPELINE,1,0.4336256390015478,5.595584
STAGE_FULL_PIPELINE,1,0.4878339130009408,5.667072
STAGE_FULL_PIPELINE,1,0.5419974420001381,5.676096
STAGE_FULL_PIPELINE,1,0.5961426760004542,5.676096
STAGE_FULL_PIPELINE,1,0.6503392439990421,5.707264
STAGE_FULL_PIPELINE,1,0.7045028360007564,5.676096
STAGE_FULL_PIPELINE,1,0.758671545998368,5.716352
STAGE_FULL_PIPELINE,1,0.8128129100005026,5.747456
STAGE_FULL_PIPELINE,1,0.8670248950002133,5.676096
STAGE_FULL_PIPELINE,1,0.9212148740007251,5.707264
STAGE_FULL_PIPELINE,1,0.9753605240002798,5.747456
STAGE_FULL_PIPELINE,1,1.029515320999053,5.707264
STAGE_FULL_PIPELINE,1,1.0837415380010498,5.787648
STAGE_FULL_PIPELINE,1,1.1378926889992727,5.707264
STAGE_FULL_PIPELINE,1,1.1920925519989396,5.747456
STAGE_FULL_PIPELINE,1,1.2463192809991597,5.787648
STAGE_FULL_PIPELINE,1,1.3004926600006002,5.716352
STAGE_FULL_PIPELINE,1,1.3546537900001567,5.747456
STAGE_FULL_PIPELINE,1,1.4088626720003958,5.747456
STAGE_FULL_PIPELINE,1,1.4630313820016454,5.716352
STAGE_FULL_PIPELINE,1,1.5171535879999283,5.787648
STAGE_FULL_PIPELINE,1,1.5713420319989382,5.756608
STAGE_FULL_PIPELINE,1,1.6254938860001857,5.756608
STAGE_FULL_PIPELINE,1,1.6796134690011968,5.787648
STAGE_FULL_PIPELINE,1,1.7337718800008588,5.716352
STAGE_FULL_PIPELINE,1,1.7881529959995532,5.756608
STAGE_FULL_PIPELINE,1,1.8423424959983095,5.756608
STAGE_FULL_PIPELINE,1,1.8965284769983555,5.716352
STAGE_FULL_PIPELINE,1,1.9507099490001565,5.796864
STAGE_FULL_PIPELINE,1,2.004980688001524,5.756608
STAGE_FULL_PIPELINE,1,2.0591817979984626,5.756608
STAGE_FULL_PIPELINE,1,2.113389816000563,5.787648
STAGE_FULL_PIPELINE,1,2.167564316001517,5.716352
STAGE_FULL_PIPELINE,1,2.22169889900033,5.796864
STAGE_FULL_PIPELINE,1,2.2758556789995055,5.796864
STAGE_FULL_PIPELINE,1,2.3303378320015327,5.716352
STAGE_FULL_PIPELINE,1,2.3846491270014667,5.796864
STAGE_FULL_PIPELINE,1,2.4393051129991363,5.756608
STAGE_FULL_PIPELINE,1,2.493479485001444,5.756608
STAGE_FULL_PIPELINE,1,2.547605208001187,5.787648
STAGE_FULL_PIPELINE,1,2.6017316990000836,5.716352
STAGE_FULL_PIPELINE,1,2.6560221090003324,5.756608
STAGE_FULL_PIPELINE,1,2.7101496549985313,5.796864
STAGE_FULL_PIPELINE,1,2.76429668000128,5.716352
STAGE_FULL_PIPELINE,1,2.818478760000289,5.756608
STAGE_FULL_PIPELINE,1,2.872776748998149,5.756608
STAGE_FULL_PIPELINE,1,2.9269618670005,5.716352
STAGE_FULL_PIPELINE,1,2.9811662710017117,5.796864
STAGE_FULL_PIPELINE,1,3.035374768998736,5.716352
STAGE_FULL_PIPELINE,1,3.089608310998301,5.756608
STAGE_FULL_PIPELINE,1,3.1437841539991496,5.756608
STAGE_FULL_PIPELINE,1,3.1984107790012786,5.716352
STAGE_FULL_PIPELINE,1,3.2526547470006335,5.747456
STAGE_FULL_PIPELINE,1,3.3067961749984534,5.716352
STAGE_FULL_PIPELINE,1,3.3609401930007152,5.716352
STAGE_FULL_PIPELINE,1,3.415167562001443,5.787648
STAGE_FULL_PIPELINE,1,3.469411977999698,5.716352
STAGE_FULL_PIPELINE,1,3.523574450999149,5.756608
STAGE_FULL_PIPELINE,1,3.577705004998279,5.756608
STAGE_FULL_PIPELINE,1,3.631829032998212,5.716352
STAGE_FULL_PIPELINE,1,3.6859459609986516,5.756608
STAGE_FULL_PIPELINE,1,3.7400811199986492,5.716352
STAGE_FULL_PIPELINE,1,3.7942361409986916,5.716352
STAGE_FULL_PIPELINE,1,3.848455578001449,5.756608
STAGE_FULL_PIPELINE,1,3.90261053499853,5.676096
STAGE_FULL_PIPELINE,1,3.956776909999462,5.716352
STAGE_FULL_PIPELINE,1,4.010930522999843,5.756608
STAGE_FULL_PIPELINE,1,4.065129874001286,5.716352
STAGE_FULL_PIPELINE,1,4.1192468340013875,5.756608
STAGE_FULL_PIPELINE,1,4.17339433899906,5.716352
STAGE_FULL_PIPELINE,1,4.227598391000356,5.716352
STAGE_FULL_PIPELINE,1,4.281749445999594,5.747456
STAGE_FULL_PIPELINE,1,4.335889179001242,5.676096
STAGE_FULL_PIPELINE,1,4.3900958220001485,5.707264
STAGE_FULL_PIPELINE,1,4.444329939000454,5.747456
STAGE_FULL_PIPELINE,1,4.498513073998765,5.676096
STAGE_FULL_PIPELINE,1,4.552715910998813,5.747456
STAGE_FULL_PIPELINE,1,4.606853981000313,5.716352
STAGE_FULL_PIPELINE,1,4.6610038520011585,5.716352
STAGE_FULL_PIPELINE,1,4.715129320000415,5.747456
STAGE_FULL_PIPELINE,1,4.769287506998808,5.676096
STAGE_FULL_PIPELINE,1,4.82351602700146,5.707264
STAGE_FULL_PIPELINE,1,4.8776975629989465,5.747456
STAGE_FULL_PIPELINE,1,4.931835952000256,5.676096
STAGE_FULL_PIPELINE,1,4.985978690998309,5.707264
STAGE_FULL_PIPELINE,1,5.040160739001294,5.707264
STAGE_FULL_PIPELINE,1,5.094315856000321,5.707264
STAGE_FULL_PIPELINE,1,5.148450822998711,5.747456
STAGE_FULL_PIPELINE,1,5.202602965000551,5.667072
STAGE_FULL_PIPELINE,1,5.256785747998947,5.707264
STAGE_FULL_PIPELINE,1,5.310913902998436,5.747456
STAGE_FULL_PIPELINE,1,5.365115748001699,5.667072
STAGE_FULL_PIPELINE,1,5.419285034000495,5.707264
STAGE_FULL_PIPELINE,1,5.4734507059984026,5.707264
STAGE_FULL_PIPELINE,1,5.527620726999885,5.667072
STAGE_FULL_PIPELINE,1,5.581785598998977,5.747456
STAGE_FULL_PIPELINE,1,5.635954885001411,5.667072
STAGE_FULL_PIPELINE,1,5.690379946998291,5.707264
STAGE_FULL_PIPELINE,1,5.744544242999837,5.747456
STAGE_FULL_PIPELINE,1,5.798902777998592,5.667072
STAGE_FULL_PIPELINE,1,5.853205852999963,5.707264
STAGE_FULL_PIPELINE,1,5.9073775700016995,5.707264
STAGE_FULL_PIPELINE,1,5.96153933900132,5.707264
STAGE_FULL_PIPELINE,1,6.015690809999796,5.747456
STAGE_FULL_PIPELINE,1,6.069908550998662,5.707264
STAGE_FULL_PIPELINE,1,6.12409498100169,5.747456
STAGE_FULL_PIPELINE,1,6.178255342998455,5.787648
STAGE_FULL_PIPELINE,1,6.232472572999541,5.707264
STAGE_FULL_PIPELINE,1,6.286723321998579,5.747456
STAGE_FULL_PIPELINE,1,6.340848822001135,5.747456
STAGE_FULL_PIPELINE,1,6.395025080000778,5.707264
STAGE_FULL_PIPELINE,1,6.44913388400164,5.787648
STAGE_FULL_PIPELINE,1,6.503289289001259,5.707264
STAGE_FULL_PIPELINE,1,6.557460110001557,5.747456
STAGE_FULL_PIPELINE,1,6.61159488499834,5.787648
STAGE_FULL_PIPELINE,1,6.665821454000252,5.707264
STAGE_FULL_PIPELINE,1,6.720009897999262,5.747456
STAGE_FULL_PIPELINE,1,6.774121580998326,5.747456
STAGE_FULL_PIPELINE,1,6.828287860000273,5.747456
STAGE_FULL_PIPELINE,1,6.8824522200011415,5.787648
STAGE_FULL_PIPELINE,1,6.936586068000906,5.716352
STAGE_FULL_PIPELINE,1,6.990763350000634,5.747456
STAGE_FULL_PIPELINE,1,7.044930652999028,5.787648
STAGE_FULL_PIPELINE,1,7.09910882999975,5.707264
STAGE_FULL_PIPELINE,1,7.153334662998532,5.787648
STAGE_FULL_PIPELINE,1,7.207494449998194,5.747456
STAGE_FULL_PIPELINE,1,7.261768100001063,5.747456
STAGE_FULL_PIPELINE,1,7.31591454899899,5.787648
STAGE_FULL_PIPELINE,1,7.3700881199984,5.747456
STAGE_FULL_PIPELINE,1,7.424236328999541,5.747456
STAGE_FULL_PIPELINE,1,7.4783683530004055,5.82784
STAGE_FULL_PIPELINE,1,7.532557148999331,5.716352
STAGE_FULL_PIPELINE,1,7.586730561000877,5.787648
STAGE_FULL_PIPELINE,1,7.640977375998773,5.756608
STAGE_FULL_PIPELINE,1,7.695134411998879,5.756608
STAGE_FULL_PIPELINE,1,7.74924753400046,5.787648
STAGE_FULL_PIPELINE,1,7.803431500000443,5.756608
STAGE_FULL_PIPELINE,1,7.8576398709992645,5.756608
STAGE_FULL_PIPELINE,1,7.911768825000763,5.796864
STAGE_FULL_PIPELINE,1,7.966018742001324,5.716352
STAGE_FULL_PIPELINE,1,8.020182878000924,5.747456
STAGE_FULL_PIPELINE,1,8.074384116000147,5.747456
STAGE_FULL_PIPELINE,1,8.12853833799818,5.716352
STAGE_FULL_PIPELINE,1,8.182685331001267,5.747456
STAGE_FULL_PIPELINE,1,8.23680334600067,5.716352
STAGE_FULL_PIPELINE,1,8.290961884998978,5.707264
STAGE_FULL_PIPELINE,1,8.34509285400054,5.747456
STAGE_FULL_PIPELINE,1,8.399258781999379,5.676096
STAGE_FULL_PIPELINE,1,8.453469102998497,5.747456
STAGE_FULL_PIPELINE,1,8.507610658998601,5.707264
STAGE_FULL_PIPELINE,1,8.561764432000928,5.716352
STAGE_FULL_PIPELINE,1,8.615884622999147,5.747456
STAGE_FULL_PIPELINE,1,8.670239448001666,5.676096
STAGE_FULL_PIPELINE,1,8.72442488500019,5.716352
STAGE_FULL_PIPELINE,1,8.778580226000486,5.747456
STAGE_FULL_PIPELINE,1,8.832882341001095,5.676096
STAGE_FULL_PIPELINE,1,8.887413270000252,5.756608
STAGE_FULL_PIPELINE,1,8.941621545000089,5.716352
STAGE_FULL_PIPELINE,1,8.995851343999675,5.716352
STAGE_FULL_PIPELINE,1,9.050030577000143,5.747456
STAGE_FULL_PIPELINE,1,9.10420207000061,5.676096
STAGE_FULL_PIPELINE,1,9.158450515998993,5.747456
STAGE_FULL_PIPELINE,1,9.212762481998652,5.787648
STAGE_FULL_PIPELINE,1,9.267029894999723,5.676096
STAGE_FULL_PIPELINE,1,9.321239896999032,5.747456
STAGE_FULL_PIPELINE,1,9.375445516001491,5.756608
STAGE_FULL_PIPELINE,1,9.429611187999399,5.676096
STAGE_FULL_PIPELINE,1,9.483743884000432,5.756608
STAGE_FULL_PIPELINE,1,9.537901463998423,5.716352
STAGE_FULL_PIPELINE,1,9.59209736000048,5.716352
STAGE_FULL_PIPELINE,1,9.646295974998793,5.756608
STAGE_FULL_PIPELINE,1,9.700705461000325,5.676096
STAGE_FULL_PIPELINE,1,9.75490071799868,5.716352
STAGE_FULL_PIPELINE,1,9.80902708099893,5.716352
STAGE_FULL_PIPELINE,1,9.863250995000271,5.676096
STAGE_FULL_PIPELINE,1,9.917384938999021,5.716352
STAGE_FULL_PIPELINE,1,9.9715235199983,5.676096
STAGE_FULL_PIPELINE,1,10.02569395699902,5.716352
STAGE_FULL_PIPELINE,1,10.079881729998306,5.747456
STAGE_FULL_PIPELINE,1,10.134304392999184,5.676096
STAGE_FULL_PIPELINE,1,10.18883170800109,5.707264
STAGE_FULL_PIPELINE,1,10.243060804001288,5.707264
STAGE_FULL_PIPELINE,1,10.297195226998156,5.676096
STAGE_FULL_PIPELINE,1,10.351346792998811,5.707264
STAGE_FULL_PIPELINE,1,10.40557707300104,5.667072
STAGE_FULL_PIPELINE,1,10.459770251000009,5.667072
STAGE_FULL_PIPELINE,1,10.513906369000324,5.707264
STAGE_FULL_PIPELINE,1,10.56814483600101,5.63584
STAGE_FULL_PIPELINE,1,10.622548821000237,5.707264
STAGE_FULL_PIPELINE,1,10.67674893900039,5.707264
STAGE_FULL_PIPELINE,1,10.731047728000704,5.667072
STAGE_FULL_PIPELINE,1,10.785193792999053,5.707264
STAGE_FULL_PIPELINE,1,10.839377023999987,5.667072
STAGE_FULL_PIPELINE,1,10.89358747300139,5.667072
STAGE_FULL_PIPELINE,1,10.947716331000265,5.707264
STAGE_FULL_PIPELINE,1,11.001855424001405,5.62688
STAGE_FULL_PIPELINE,1,11.056197104000603,5.667072
STAGE_FULL_PIPELINE,1,11.110338916001638,5.707264
STAGE_FULL_PIPELINE,1,11.16449326500151,5.62688
STAGE_FULL_PIPELINE,1,11.21862081099971,5.707264
STAGE_FULL_PIPELINE,1,11.272777239999414,5.667072
STAGE_FULL_PIPELINE,1,11.326911151001696,5.667072
STAGE_FULL_PIPELINE,1,11.381038153998816,5.707264
STAGE_FULL_PIPELINE,1,11.435174240999913,5.63584
STAGE_FULL_PIPELINE,1,11.489375158998882,5.667072
STAGE_FULL_PIPELINE,1,11.543492341999809,5.707264
STAGE_FULL_PIPELINE,1,11.597766536000563,5.667072
STAGE_FULL_PIPELINE,1,11.652057521001552,5.707264
STAGE_FULL_PIPELINE,1,11.706215260001045,5.667072
STAGE_FULL_PIPELINE,1,11.76040811799976,5.667072
STAGE_FULL_PIPELINE,1,11.814553831998637,5.707264
STAGE_FULL_PIPELINE,1,11.86876987800133,5.63584
STAGE_FULL_PIPELINE,1,11.922950167001545,5.707264
STAGE_FULL_PIPELINE,1,11.977127543999813,5.707264
STAGE_FULL_PIPELINE,1,12.03134669299834,5.676096
STAGE_FULL_PIPELINE,1,12.085644587001298,5.707264
STAGE_FULL_PIPELINE,1,12.13978153700009,5.667072
STAGE_FULL_PIPELINE,1,12.193949671000155,5.667072
STAGE_FULL_PIPELINE,1,12.248159545000817,5.747456
STAGE_FULL_PIPELINE,1,12.302321473998745,5.676096
STAGE_FULL_PIPELINE,1,12.356481037000776,5.707264
STAGE_FULL_PIPELINE,1,12.410664619001182,5.747456
STAGE_FULL_PIPELINE,1,12.46479977800118,5.676096
STAGE_FULL_PIPELINE,1,12.518989693999174,5.747456
STAGE_FULL_PIPELINE,1,12.573156100999768,5.716352
STAGE_FULL_PIPELINE,1,12.627566481998656,5.716352
STAGE_FULL_PIPELINE,1,12.68186699799844,5.747456
STAGE_FULL_PIPELINE,1,12.73617196000123,5.676096
STAGE_FULL_PIPELINE,1,12.790456196999003,5.716352
STAGE_FULL_PIPELINE,1,12.844784891000018,5.747456
STAGE_FULL_PIPELINE,1,12.900359105999087,5.676096
STAGE_FULL_PIPELINE,1,12.9545519960011,5.707264
STAGE_FULL_PIPELINE,1,13.008847203000187,5.756608
STAGE_FULL_PIPELINE,1,13.063074923000386,5.716352
STAGE_FULL_PIPELINE,1,13.117226970000047,5.747456
STAGE_FULL_PIPELINE,1,13.171537943999283,5.716352
STAGE_FULL_PIPELINE,1,13.225810282998282,5.716352
STAGE_FULL_PIPELINE,1,13.27996885399989,5.747456
STAGE_FULL_PIPELINE,1,13.33413970699985,5.676096
STAGE_FULL_PIPELINE,1,13.388365732000238,5.716352
STAGE_FULL_PIPELINE,1,13.442518417999963,5.716352
STAGE_FULL_PIPELINE,1,13.496785063998686,5.676096
STAGE_FULL_PIPELINE,1,13.550949871998455,5.747456
STAGE_FULL_PIPELINE,1,13.605120757001714,5.676096
STAGE_FULL_PIPELINE,1,13.659308368998609,5.716352
STAGE_FULL_PIPELINE,1,13.713472282001021,5.747456
STAGE_FULL_PIPELINE,1,13.76766478799982,5.676096
STAGE_FULL_PIPELINE,1,13.821887966998474,5.707264
STAGE_FULL_PIPELINE,1,13.876057348999893,5.707264
STAGE_FULL_PIPELINE,1,13.930225803000212,5.676096
STAGE_FULL_PIPELINE,1,13.984438363000663,5.747456
STAGE_FULL_PIPELINE,1,14.038857827999891,5.707264
STAGE_FULL_PIPELINE,1,14.093004309001117,5.707264
STAGE_FULL_PIPELINE,1,14.1471040610013,5.747456
STAGE_FULL_PIPELINE,1,14.201246353000897,5.676096
STAGE_FULL_PIPELINE,1,14.255429167998955,5.707264
STAGE_FULL_PIPELINE,1,14.30953442199825,5.747456
STAGE_FULL_PIPELINE,1,14.36379076799858,5.676096
STAGE_FULL_PIPELINE,1,14.41807404499923,5.747456
STAGE_FULL_PIPELINE,1,14.472240004000923,5.716352
STAGE_FULL_PIPELINE,1,14.526415879001433,5.716352
STAGE_FULL_PIPELINE,1,14.580670753999584,5.747456
STAGE_FULL_PIPELINE,1,14.634884593000606,5.676096
STAGE_FULL_PIPELINE,1,14.689058036998176,5.716352
STAGE_FULL_PIPELINE,1,14.743216351998853,5.707264
STAGE_FULL_PIPELINE,1,14.797415703000297,5.676096
STAGE_FULL_PIPELINE,1,14.85163114199895,5.756608
STAGE_FULL_PIPELINE,1,14.905816482998489,5.676096
STAGE_FULL_PIPELINE,1,14.959988359998533,5.716352
STAGE_FULL_PIPELINE,1,15.014220141998521,5.747456
STAGE_FULL_PIPELINE,1,15.068464014999336,5.676096
STAGE_FULL_PIPELINE,1,15.122800832999928,5.716352
STAGE_FULL_PIPELINE,1,15.176957004998258,5.756608
STAGE_FULL_PIPELINE,1,15.231206091000786,5.676096
STAGE_FULL_PIPELINE,1,15.285414653000771,5.716352
STAGE_FULL_PIPELINE,1,15.33960181799921,5.716352
STAGE_FULL_PIPELINE,1,15.39378233000025,5.676096
STAGE_FULL_PIPELINE,1,15.447952927999722,5.756608
STAGE_FULL_PIPELINE,1,15.50217028499901,5.676096
STAGE_FULL_PIPELINE,1,15.556345680000959,5.716352
STAGE_FULL_PIPELINE,1,15.610494688000472,5.716352
STAGE_FULL_PIPELINE,1,15.664763347998814,5.676096
STAGE_FULL_PIPELINE,1,15.718985855000938,5.707264
STAGE_FULL_PIPELINE,1,15.773175674999948,5.667072
STAGE_FULL_PIPELINE,1,15.827789666000172,5.676096
STAGE_FULL_PIPELINE,1,15.882036225000775,5.707264
STAGE_FULL_PIPELINE,1,15.93621005300156,5.63584
STAGE_FULL_PIPELINE,1,15.990361842999846,5.707264
STAGE_FULL_PIPELINE,1,16.044479634998424,5.707264
STAGE_FULL_PIPELINE,1,16.098843959000078,5.667072
STAGE_FULL_PIPELINE,1,16.153022776001308,5.707264
STAGE_FULL_PIPELINE,1,16.207168490000186,5.707264
STAGE_FULL_PIPELINE,1,16.26140951599882,5.667072
STAGE_FULL_PIPELINE,1,16.31558858900098,5.707264
STAGE_FULL_PIPELINE,1,16.369790114000352,5.62688
STAGE_FULL_PIPELINE,1,16.42395725700044,5.667072
STAGE_FULL_PIPELINE,1,16.47810431399921,5.707264
STAGE_FULL_PIPELINE,1,16.532315723001375,5.62688
STAGE_FULL_PIPELINE,1,16.58651916799863,5.667072
STAGE_FULL_PIPELINE,1,16.640680840999266,5.667072
STAGE_FULL_PIPELINE,1,16.694869797000138,5.667072
STAGE_FULL_PIPELINE,1,16.749059393001517,5.707264
STAGE_FULL_PIPELINE,1,16.803248028998496,5.667072
STAGE_FULL_PIPELINE,1,16.85745061000125,5.667072
STAGE_FULL_PIPELINE,1,16.91160857399882,5.707264
STAGE_FULL_PIPELINE,1,16.96582353299891,5.63584
STAGE_FULL_PIPELINE,1,17.020085283998924,5.707264
STAGE_FULL_PIPELINE,1,17.074671769001725,5.667072
STAGE_FULL_PIPELINE,1,17.128862036999635,5.667072
STAGE_FULL_PIPELINE,1,17.183017344999826,5.747456
STAGE_FULL_PIPELINE,1,17.23713075499836,5.707264
STAGE_FULL_PIPELINE,1,17.291559494999092,5.747456
STAGE_FULL_PIPELINE,1,17.345769689000008,5.787648
STAGE_FULL_PIPELINE,1,17.400074394998228,5.707264
STAGE_FULL_PIPELINE,1,17.454199733998394,5.747456
STAGE_FULL_PIPELINE,1,17.508307803000207,5.747456
STAGE_FULL_PIPELINE,1,17.562443473001622,5.707264
STAGE_FULL_PIPELINE,1,17.616584292998596,5.747456
STAGE_FULL_PIPELINE,1,17.670794934998412,5.707264
STAGE_FULL_PIPELINE,1,17.72494339900004,5.707264
STAGE_FULL_PIPELINE,1,17.77919162100079,5.787648
STAGE_FULL_PIPELINE,1,17.833417773999827,5.667072
STAGE_FULL_PIPELINE,1,17.88770303400088,5.747456
STAGE_FULL_PIPELINE,1,17.941851498999313,5.747456
STAGE_FULL_PIPELINE,1,17.99601026199889,5.707264
STAGE_FULL_PIPELINE,1,18.05017465399942,5.747456
STAGE_FULL_PIPELINE,1,18.10428512100043,5.707264
STAGE_FULL_PIPELINE,1,18.15843364900138,5.747456
STAGE_FULL_PIPELINE,1,18.21259740199821,5.787648
STAGE_FULL_PIPELINE,1,18.26700701500158,5.707264
STAGE_FULL_PIPELINE,1,18.321203584000614,5.747456
STAGE_FULL_PIPELINE,1,18.375374628998543,5.747456
STAGE_FULL_PIPELINE,1,18.42954711299899,5.707264
STAGE_FULL_PIPELINE,1,18.483693369998946,5.747456
STAGE_FULL_PIPELINE,1,18.537850502001675,5.707264
STAGE_FULL_PIPELINE,1,18.592102850001538,5.707264
STAGE_FULL_PIPELINE,1,18.64625326500027,5.787648
STAGE_FULL_PIPELINE,1,18.700516008000704,5.667072
STAGE_FULL_PIPELINE,1,18.754754252000566,5.747456
STAGE_FULL_PIPELINE,1,18.808914966000884,5.747456
STAGE_FULL_PIPELINE,1,18.863081276998855,5.707264
STAGE_FULL_PIPELINE,1,18.91727295199962,5.747456
STAGE_FULL_PIPELINE,1,18.971462515000894,5.707264
STAGE_FULL_PIPELINE,1,19.025714671999594,5.707264
STAGE_FULL_PIPELINE,1,19.079899278000084,5.747456
STAGE_FULL_PIPELINE,1,19.13410524899882,5.667072
STAGE_FULL_PIPELINE,1,19.188400232000276,5.707264
STAGE_FULL_PIPELINE,1,19.242618677999417,5.747456
STAGE_FULL_PIPELINE,1,19.296898404001695,5.676096
STAGE_FULL_PIPELINE,1,19.351116785001068,5.747456
STAGE_FULL_PIPELINE,1,19.405334175000462,5.716352
STAGE_FULL_PIPELINE,1,19.45960968000145,5.707264
STAGE_FULL_PIPELINE,1,19.513888926998334,5.747456
STAGE_FULL_PIPELINE,1,19.568106636001176,5.676096
STAGE_FULL_PIPELINE,1,19.622347150001588,5.707264
STAGE_FULL_PIPELINE,1,19.676489474000846,5.707264
STAGE_FULL_PIPELINE,1,19.730722694999713,5.676096
STAGE_FULL_PIPELINE,1,19.78492473300139,5.707264
STAGE_FULL_PIPELINE,1,19.83921523800018,5.676096
STAGE_FULL_PIPELINE,1,19.893550584998593,5.676096
STAGE_FULL_PIPELINE,1,19.947687535001023,5.747456
STAGE_FULL_PIPELINE,1,20.001837757998146,5.676096
STAGE_FULL_PIPELINE,1,20.056231572001707,5.716352
STAGE_FULL_PIPELINE,1,20.110436327999196,5.756608
STAGE_FULL_PIPELINE,1,20.16466056200079,5.676096
STAGE_FULL_PIPELINE,1,20.218795208998927,5.716352
STAGE_FULL_PIPELINE,1,20.272929185000976,5.716352
STAGE_FULL_PIPELINE,1,20.32708785200157,5.716352
STAGE_FULL_PIPELINE,1,20.381226433000847,5.747456
STAGE_FULL_PIPELINE,1,20.435368916001607,5.676096
STAGE_FULL_PIPELINE,1,20.489495598998474,5.716352
STAGE_FULL_PIPELINE,1,20.543589658998826,5.716352
STAGE_FULL_PIPELINE,1,20.59774909299813,5.676096
STAGE_FULL_PIPELINE,1,20.651847566998185,5.716352
STAGE_FULL_PIPELINE,1,20.70598608399814,5.676096
STAGE_FULL_PIPELINE,1,20.760128055000678,5.676096
STAGE_FULL_PIPELINE,1,20.81424696600152,5.747456
STAGE_FULL_PIPELINE,1,20.86847990000024,5.676096
STAGE_FULL_PIPELINE,1,20.922688973998447,5.716352
STAGE_FULL_PIPELINE,1,20.976799249998294,5.716352
STAGE_FULL_PIPELINE,1,21.031097014998522,5.676096
STAGE_FULL_PIPELINE,1,21.08531574800145,5.707264
STAGE_FULL_PIPELINE,1,21.13945413699912,5.676096
STAGE_FULL_PIPELINE,1,21.193596684999648,5.676096
STAGE_FULL_PIPELINE,1,21.24770820699996,5.707264
STAGE_FULL_PIPELINE,1,21.301860190000298,5.63584
STAGE_FULL_PIPELINE,1,21.35715790299946,5.676096
STAGE_FULL_PIPELINE,1,21.412265055998432,5.707264
STAGE_FULL_PIPELINE,1,21.466457433998585,5.63584
STAGE_FULL_PIPELINE,1,21.522384912001144,5.667072
STAGE_FULL_PIPELINE,1,21.578162257999793,5.707264
STAGE_FULL_PIPELINE,1,21.63315944900023,5.63584
STAGE_FULL_PIPELINE,1,21.687679662998562,5.667072
STAGE_FULL_PIPELINE,1,21.742149950998282,5.667072
STAGE_FULL_PIPELINE,1,21.796733204999327,5.667072
STAGE_FULL_PIPELINE,1,21.852373019999504,5.707264
STAGE_FULL_PIPELINE,1,21.90664714900049,5.667072
STAGE_FULL_PIPELINE,1,21.961636120999174,5.667072
STAGE_FULL_PIPELINE,1,22.01579590699839,5.707264
STAGE_FULL_PIPELINE,1,22.070486595999682,5.667072
STAGE_FULL_PIPELINE,1,22.124643759998435,5.667072
STAGE_FULL_PIPELINE,1,22.178835275000893,5.707264
STAGE_FULL_PIPELINE,1,22.233342823001294,5.667072
STAGE_FULL_PIPELINE,1,22.288331570998707,5.747456
STAGE_FULL_PIPELINE,1,22.342767379999714,5.747456
STAGE_FULL_PIPELINE,1,22.397281420999207,5.707264
STAGE_FULL_PIPELINE,1,22.45215326700054,5.747456
STAGE_FULL_PIPELINE,1,22.50666088000071,5.707264
STAGE_FULL_PIPELINE,1,22.561385823999444,5.707264
STAGE_FULL_PIPELINE,1,22.615981520000787,5.747456
STAGE_FULL_PIPELINE,1,22.670596951000334,5.667072
STAGE_FULL_PIPELINE,1,22.72477733499909,5.707264
STAGE_FULL_PIPELINE,1,22.779961090000143,5.747456
STAGE_FULL_PIPELINE,1,22.834150078000675,5.667072
STAGE_FULL_PIPELINE,1,22.888403960998403,5.707264
STAGE_FULL_PIPELINE,1,22.942905689000327,5.707264
STAGE_FULL_PIPELINE,1,22.997141149000527,5.707264
STAGE_FULL_PIPELINE,1,23.051259995998407,5.747456
STAGE_FULL_PIPELINE,1,23.10538351300056,5.707264
STAGE_FULL_PIPELINE,1,23.15996152200023,5.707264
STAGE_FULL_PIPELINE,1,23.2141123850015,5.747456
STAGE_FULL_PIPELINE,1,23.268811998001183,5.676096
STAGE_FULL_PIPELINE,1,23.3233048660004,5.707264
STAGE_FULL_PIPELINE,1,23.37758507200124,5.747456
STAGE_FULL_PIPELINE,1,23.43208126600075,5.676096
STAGE_FULL_PIPELINE,1,23.486673636998603,5.747456
STAGE_FULL_PIPELINE,1,23.5411555339997,5.707264
STAGE_FULL_PIPELINE,1,23.59560659899944,5.716352
STAGE_FULL_PIPELINE,1,23.650065755999094,5.747456
STAGE_FULL_PIPELINE,1,23.704831191000267,5.716352
STAGE_FULL_PIPELINE,1,23.759314496001025,5.716352
STAGE_FULL_PIPELINE,1,23.81409697900017,5.747456
STAGE_FULL_PIPELINE,1,23.868825825000386,5.676096
STAGE_FULL_PIPELINE,1,23.924362267000106,5.707264
STAGE_FULL_PIPELINE,1,23.97850970700165,5.747456
STAGE_FULL_PIPELINE,1,24.032830373998877,5.707264
STAGE_FULL_PIPELINE,1,24.08825912500106,5.747456
STAGE_FULL_PIPELINE,1,24.143484779000573,5.747456
STAGE_FULL_PIPELINE,1,24.197633083000255,5.716352
STAGE_FULL_PIPELINE,1,24.252778264999506,5.747456
STAGE_FULL_PIPELINE,1,24.30742404799821,5.707264
STAGE_FULL_PIPELINE,1,24.361598482999398,5.707264
STAGE_FULL_PIPELINE,1,24.415709333999985,5.747456
STAGE_FULL_PIPELINE,1,24.469839151999622,5.676096
STAGE_FULL_PIPELINE,1,24.524012499998207,5.716352
STAGE_FULL_PIPELINE,1,24.578130674999557,5.747456
STAGE_FULL_PIPELINE,1,24.632367447000433,5.676096
STAGE_FULL_PIPELINE,1,24.686561935999634,5.756608
STAGE_FULL_PIPELINE,1,24.74072012399847,5.716352
STAGE_FULL_PIPELINE,1,24.79491170199981,5.716352
STAGE_FULL_PIPELINE,1,24.849101169998903,5.756608
STAGE_FULL_PIPELINE,1,24.903267928999412,5.676096
STAGE_FULL_PIPELINE,1,24.957624064998527,5.716352
STAGE_FULL_PIPELINE,1,25.01201771900014,5.787648
STAGE_FULL_PIPELINE,1,25.066448665998905,5.676096
STAGE_FULL_PIPELINE,1,25.120628346001467,5.747456
STAGE_FULL_PIPELINE,1,25.17478253599984,5.716352
STAGE_FULL_PIPELINE,1,25.229003635999106,5.716352
STAGE_FULL_PIPELINE,1,25.2831416730005,5.747456
STAGE_FULL_PIPELINE,1,25.337283708999166,5.676096
STAGE_FULL_PIPELINE,1,25.391427630998805,5.716352
STAGE_FULL_PIPELINE,1,25.44553390800138,5.756608
STAGE_FULL_PIPELINE,1,25.499796044001414,5.676096
STAGE_FULL_PIPELINE,1,25.553978667001502,5.716352
STAGE_FULL_PIPELINE,1,25.608102759000758,5.716352
STAGE_FULL_PIPELINE,1,25.662288453000656,5.676096
STAGE_FULL_PIPELINE,1,25.71642370799964,5.756608
STAGE_FULL_PIPELINE,1,25.77051488899815,5.676096
STAGE_FULL_PIPELINE,1,25.8246470410013,5.716352
STAGE_FULL_PIPELINE,1,25.87879384199914,5.756608
STAGE_FULL_PIPELINE,1,25.933090456001082,5.676096
STAGE_FULL_PIPELINE,1,25.98738617499839,5.707264
STAGE_FULL_PIPELINE,1,26.041552613998647,5.707264
STAGE_FULL_PIPELINE,1,26.095697143999132,5.716352
STAGE_FULL_PIPELINE,1,26.149822996001603,5.747456
STAGE_FULL_PIPELINE,1,26.204000436999195,5.676096
STAGE_FULL_PIPELINE,1,26.25814586300112,5.716352
STAGE_FULL_PIPELINE,1,26.312255851000373,5.747456
STAGE_FULL_PIPELINE,1,26.366459327000484,5.676096
STAGE_FULL_PIPELINE,1,26.420587450000312,5.716352
STAGE_FULL_PIPELINE,1,26.474734379000438,5.716352
STAGE_FULL_PIPELINE,1,26.528887160999147,5.676096
STAGE_FULL_PIPELINE,1,26.583059933000186,5.707264
STAGE_FULL_PIPELINE,1,26.637196530999063,5.676096
STAGE_FULL_PIPELINE,1,26.69134883299921,5.676096
STAGE_FULL_PIPELINE,1,26.745456518001447,5.707264
STAGE_FULL_PIPELINE,1,26.799907295000594,5.63584
STAGE_FULL_PIPELINE,1,26.85416808700029,5.667072
STAGE_FULL_PIPELINE,1,26.908289461000095,5.667072
STAGE_FULL_PIPELINE,1,26.962650714998745,5.676096
STAGE_FULL_PIPELINE,1,27.016973075998976,5.707264
STAGE_FULL_PIPELINE,1,27.07134024699917,5.667072
STAGE_FULL_PIPELINE,1,27.1256307199983,5.707264
STAGE_FULL_PIPELINE,1,27.1800337450004,5.747456
STAGE_FULL_PIPELINE,1,27.234899161998328,5.667072
STAGE_FULL_PIPELINE,1,27.28908667900032,5.707264
STAGE_FULL_PIPELINE,1,27.343217871999514,5.707264
STAGE_FULL_PIPELINE,1,27.39738475899867,5.667072
STAGE_FULL_PIPELINE,1,27.451486493999255,5.707264
STAGE_FULL_PIPELINE,1,27.505647655998473,5.667072
STAGE_FULL_PIPELINE,1,27.559794936998514,5.667072
STAGE_FULL_PIPELINE,1,27.613945799999783,5.747456
STAGE_FULL_PIPELINE,1,27.668113358999108,5.667072
STAGE_FULL_PIPELINE,1,27.72232140900087,5.707264
STAGE_FULL_PIPELINE,1,27.776492133998545,5.707264
STAGE_FULL_PIPELINE,1,27.830694044001575,5.667072
STAGE_FULL_PIPELINE,1,27.884960913001123,5.707264
STAGE_FULL_PIPELINE,1,27.939374140998552,5.667072
STAGE_FULL_PIPELINE,1,27.99373059700156,5.667072
STAGE_FULL_PIPELINE,1,28.048012785999163,5.747456
STAGE_FULL_PIPELINE,1,28.102313653998863,5.667072
STAGE_FULL_PIPELINE,1,28.156632656999136,5.707264
STAGE_FULL_PIPELINE,1,28.2108373810006,5.747456
STAGE_FULL_PIPELINE,1,28.265086723000422,5.676096
STAGE_FULL_PIPELINE,1,28.319289431998186,5.707264
STAGE_FULL_PIPELINE,1,28.373416690999875,5.716352
STAGE_FULL_PIPELINE,1,28.42758847100049,5.716352
STAGE_FULL_PIPELINE,1,28.481711571999767,5.747456
STAGE_FULL_PIPELINE,1,28.535896114000934,5.676096
STAGE_FULL_PIPELINE,1,28.590081199999986,5.716352
STAGE_FULL_PIPELINE,1,28.64419355499922,5.747456
STAGE_FULL_PIPELINE,1,28.698324172000866,5.676096
STAGE_FULL_PIPELINE,1,28.75264291900021,5.756608
STAGE_FULL_PIPELINE,1,28.806749483999738,5.716352
STAGE_FULL_PIPELINE,1,28.860927341000206,5.716352
STAGE_FULL_PIPELINE,1,28.91505754299942,5.747456
STAGE_FULL_PIPELINE,1,28.969325595000555,5.676096
STAGE_FULL_PIPELINE,1,29.023614693000127,5.756608
STAGE_FULL_PIPELINE,1,29.0778055999981,5.747456
STAGE_FULL_PIPELINE,1,29.13200488700022,5.716352
STAGE_FULL_PIPELINE,1,29.18615623000005,5.747456
STAGE_FULL_PIPELINE,1,29.240303415001108,5.716352
STAGE_FULL_PIPELINE,1,29.29446758300037,5.716352
STAGE_FULL_PIPELINE,1,29.34859947899895,5.747456
STAGE_FULL_PIPELINE,1,29.40277877599874,5.676096
STAGE_FULL_PIPELINE,1,29.456935779999185,5.716352
STAGE_FULL_PIPELINE,1,29.511051460998715,5.747456
STAGE_FULL_PIPELINE,1,29.56518415699975,5.676096
STAGE_FULL_PIPELINE,1,29.619325520998245,5.747456
STAGE_FULL_PIPELINE,1,29.67343397299919,5.716352
STAGE_FULL_PIPELINE,1,29.727579877999233,5.716352
STAGE_FULL_PIPELINE,1,29.781686123998952,5.747456
STAGE_FULL_PIPELINE,1,29.835825792000833,5.676096
STAGE_FULL_PIPELINE,1,29.890030228998512,5.716352
STAGE_FULL_PIPELINE,1,29.944154256998445,5.747456
STAGE_FULL_PIPELINE,1,29.99844367499827,5.716352
STAGE_MODEL_POLICY,1,0.0003296589966339525,5.474816
STAGE_MODEL_POLICY,1,0.05476482799713267,5.474816
STAGE_MODEL_POLICY,1,0.10898819799695048,5.506304
STAGE_MODEL_POLICY,1,0.16383736799980397,5.515072
STAGE_MODEL_POLICY,1,0.2183169949967123,5.546496
STAGE_MODEL_POLICY,1,0.2725590119989647,5.555328
STAGE_MODEL_POLICY,1,0.3266961219997029,5.555328
STAGE_MODEL_POLICY,1,0.38081727199823945,5.62688
STAGE_MODEL_POLICY,1,0.4349726449981972,5.555328
STAGE_MODEL_POLICY,1,0.489154275997862,5.63584
STAGE_MODEL_POLICY,1,0.5432959599966125,5.667072
STAGE_MODEL_POLICY,1,0.597454178998305,5.595584
STAGE_MODEL_POLICY,1,0.6520231689974025,5.676096
STAGE_MODEL_POLICY,1,0.7062313469978108,5.676096
STAGE_MODEL_POLICY,1,0.7603969229967333,5.63584
STAGE_MODEL_POLICY,1,0.8145544389990391,5.707264
STAGE_MODEL_POLICY,1,0.868702358999144,5.63584
STAGE_MODEL_POLICY,1,0.9228699179984687,5.667072
STAGE_MODEL_POLICY,1,0.9770296409988077,5.707264
STAGE_MODEL_POLICY,1,1.0314108200000192,5.62688
STAGE_MODEL_POLICY,1,1.0856420269992668,5.707264
STAGE_MODEL_POLICY,1,1.1398410900001181,5.667072
STAGE_MODEL_POLICY,1,1.1940709219998098,5.667072
STAGE_MODEL_POLICY,1,1.2482171789997665,5.707264
STAGE_MODEL_POLICY,1,1.3023969559981197,5.62688
STAGE_MODEL_POLICY,1,1.3565637149986287,5.667072
STAGE_MODEL_POLICY,1,1.41068985399761,5.707264
STAGE_MODEL_POLICY,1,1.4648267719967407,5.62688
STAGE_MODEL_POLICY,1,1.518991899996763,5.707264
STAGE_MODEL_POLICY,1,1.5731456099965726,5.667072
STAGE_MODEL_POLICY,1,1.627294489997439,5.667072
STAGE_MODEL_POLICY,1,1.6814173989987466,5.707264
STAGE_MODEL_POLICY,1,1.735583517998748,5.667072
STAGE_MODEL_POLICY,1,1.7898303329966438,5.707264
STAGE_MODEL_POLICY,1,1.8439395850000437,5.747456
STAGE_MODEL_POLICY,1,1.8980900639980973,5.676096
STAGE_MODEL_POLICY,1,1.952286567997362,5.707264
STAGE_MODEL_POLICY,1,2.006443283997214,5.707264
STAGE_MODEL_POLICY,1,2.0607106649986235,5.707264
STAGE_MODEL_POLICY,1,2.1148886819973995,5.747456
STAGE_MODEL_POLICY,1,2.1690769029992225,5.676096
STAGE_MODEL_POLICY,1,2.2232507939988864,5.707264
STAGE_MODEL_POLICY,1,2.277391613999498,5.787648
STAGE_MODEL_POLICY,1,2.3315647700001136,5.676096
STAGE_MODEL_POLICY,1,2.3857543019985314,5.747456
STAGE_MODEL_POLICY,1,2.43989505799982,5.747456
STAGE_MODEL_POLICY,1,2.4940665509966493,5.716352
STAGE_MODEL_POLICY,1,2.5482138949992077,5.747456
STAGE_MODEL_POLICY,1,2.6023722429999907,5.716352
STAGE_MODEL_POLICY,1,2.656562189997203,5.747456
STAGE_MODEL_POLICY,1,2.710694853998575,5.787648
STAGE_MODEL_POLICY,1,2.764861421997921,5.716352
STAGE_MODEL_POLICY,1,2.8191364139966026,5.747456
STAGE_MODEL_POLICY,1,2.8732571489999827,5.747456
STAGE_MODEL_POLICY,1,2.92739998399702,5.716352
STAGE_MODEL_POLICY,1,2.981545152997569,5.787648
STAGE_MODEL_POLICY,1,3.035702412998944,5.716352
STAGE_MODEL_POLICY,1,3.089994037996803,5.756608
STAGE_MODEL_POLICY,1,3.1441456689972256,5.787648
STAGE_MODEL_POLICY,1,3.198335679997399,5.716352
STAGE_MODEL_POLICY,1,3.2526142869974137,5.796864
STAGE_MODEL_POLICY,1,3.306733165998594,5.756608
STAGE_MODEL_POLICY,1,3.360887068000011,5.756608
STAGE_MODEL_POLICY,1,3.414990785997361,5.796864
STAGE_MODEL_POLICY,1,3.469172097997216,5.716352
STAGE_MODEL_POLICY,1,3.5233464049997565,5.756608
STAGE_MODEL_POLICY,1,3.577487320999353,5.796864
STAGE_MODEL_POLICY,1,3.6318126569967717,5.716352
STAGE_MODEL_POLICY,1,3.685984693998762,5.796864
STAGE_MODEL_POLICY,1,3.7401093619992025,5.756608
STAGE_MODEL_POLICY,1,3.7942832529988664,5.756608
STAGE_MODEL_POLICY,1,3.8484423359986977,5.796864
STAGE_MODEL_POLICY,1,3.902586322998104,5.716352
STAGE_MODEL_POLICY,1,3.9567310129968973,5.756608
STAGE_MODEL_POLICY,1,4.010848771999008,5.796864
STAGE_MODEL_POLICY,1,4.065233181998337,5.716352
STAGE_MODEL_POLICY,1,4.119513963996724,5.787648
STAGE_MODEL_POLICY,1,4.1738071239997225,5.747456
STAGE_MODEL_POLICY,1,4.22798722099833,5.756608
STAGE_MODEL_POLICY,1,4.282125481997355,5.787648
STAGE_MODEL_POLICY,1,4.336286163998011,5.716352
STAGE_MODEL_POLICY,1,4.390533234996838,5.756608
STAGE_MODEL_POLICY,1,4.444744163996802,5.787648
STAGE_MODEL_POLICY,1,4.499362664999353,5.716352
STAGE_MODEL_POLICY,1,4.553540713997791,5.747456
STAGE_MODEL_POLICY,1,4.607642961997044,5.756608
STAGE_MODEL_POLICY,1,4.6617893149996235,5.716352
STAGE_MODEL_POLICY,1,4.7158897389999765,5.747456
STAGE_MODEL_POLICY,1,4.770005995997053,5.716352
STAGE_MODEL_POLICY,1,4.824147806997644,5.716352
STAGE_MODEL_POLICY,1,4.878236812997784,5.796864
STAGE_MODEL_POLICY,1,4.932352941999852,5.676096
STAGE_MODEL_POLICY,1,4.986523474999558,5.756608
STAGE_MODEL_POLICY,1,5.040644944998348,5.716352
STAGE_MODEL_POLICY,1,5.094769068997266,5.716352
STAGE_MODEL_POLICY,1,5.148964900999999,5.756608
STAGE_MODEL_POLICY,1,5.203132075999747,5.716352
STAGE_MODEL_POLICY,1,5.257268130997545,5.716352
STAGE_MODEL_POLICY,1,5.311391551997076,5.747456
STAGE_MODEL_POLICY,1,5.365792177999538,5.676096
STAGE_MODEL_POLICY,1,5.4200230649985315,5.756608
STAGE_MODEL_POLICY,1,5.474246818997926,5.716352
STAGE_MODEL_POLICY,1,5.5284403810001095,5.716352
STAGE_MODEL_POLICY,1,5.5826072999989265,5.756608
STAGE_MODEL_POLICY,1,5.6367740589994355,5.676096
STAGE_MODEL_POLICY,1,5.690931190998526,5.716352
STAGE_MODEL_POLICY,1,5.745078950996685,5.756608
STAGE_MODEL_POLICY,1,5.799238289997447,5.676096
STAGE_MODEL_POLICY,1,5.853821832999529,5.716352
STAGE_MODEL_POLICY,1,5.907950274999166,5.716352
STAGE_MODEL_POLICY,1,5.96210075399722,5.676096
STAGE_MODEL_POLICY,1,6.01621090199842,5.747456
STAGE_MODEL_POLICY,1,6.07033579400013,5.707264
STAGE_MODEL_POLICY,1,6.1247226989980845,5.707264
STAGE_MODEL_POLICY,1,6.178984769998351,5.747456
STAGE_MODEL_POLICY,1,6.233202702998824,5.667072
STAGE_MODEL_POLICY,1,6.287783302999742,5.707264
STAGE_MODEL_POLICY,1,6.341957546999765,5.707264
STAGE_MODEL_POLICY,1,6.396461352996994,5.676096
STAGE_MODEL_POLICY,1,6.450802616996953,5.747456
STAGE_MODEL_POLICY,1,6.505091842998809,5.707264
STAGE_MODEL_POLICY,1,6.5592556269984925,5.707264
STAGE_MODEL_POLICY,1,6.613378248999652,5.747456
STAGE_MODEL_POLICY,1,6.66755505099718,5.676096
STAGE_MODEL_POLICY,1,6.721762556997419,5.707264
STAGE_MODEL_POLICY,1,6.775893685997289,5.707264
STAGE_MODEL_POLICY,1,6.830072502998519,5.676096
STAGE_MODEL_POLICY,1,6.884194036996632,5.707264
STAGE_MODEL_POLICY,1,6.938315314997453,5.707264
STAGE_MODEL_POLICY,1,6.992478587999358,5.707264
STAGE_MODEL_POLICY,1,7.046580930997152,5.747456
STAGE_MODEL_POLICY,1,7.100710619997699,5.676096
STAGE_MODEL_POLICY,1,7.155320165999001,5.707264
STAGE_MODEL_POLICY,1,7.209629317996587,5.747456
STAGE_MODEL_POLICY,1,7.263929769997048,5.716352
STAGE_MODEL_POLICY,1,7.31831753899678,5.747456
STAGE_MODEL_POLICY,1,7.372556389997044,5.716352
STAGE_MODEL_POLICY,1,7.426759449997917,5.716352
STAGE_MODEL_POLICY,1,7.480937435997475,5.747456
STAGE_MODEL_POLICY,1,7.535078863998933,5.716352
STAGE_MODEL_POLICY,1,7.589243351998448,5.747456
STAGE_MODEL_POLICY,1,7.643546042996604,5.747456
STAGE_MODEL_POLICY,1,7.697931827999128,5.716352
STAGE_MODEL_POLICY,1,7.752328807997401,5.747456
STAGE_MODEL_POLICY,1,7.806593725999846,5.756608
STAGE_MODEL_POLICY,1,7.86078815199653,5.716352
STAGE_MODEL_POLICY,1,7.914969942998141,5.787648
STAGE_MODEL_POLICY,1,7.969334394998441,5.716352
STAGE_MODEL_POLICY,1,8.023605933998624,5.756608
STAGE_MODEL_POLICY,1,8.07789749499716,5.787648
STAGE_MODEL_POLICY,1,8.132233960997837,5.716352
STAGE_MODEL_POLICY,1,8.186673766998865,5.747456
STAGE_MODEL_POLICY,1,8.240848521996668,5.747456
STAGE_MODEL_POLICY,1,8.29506930199932,5.707264
STAGE_MODEL_POLICY,1,8.349246295998455,5.787648
STAGE_MODEL_POLICY,1,8.403429270998458,5.716352
STAGE_MODEL_POLICY,1,8.457584995998332,5.756608
STAGE_MODEL_POLICY,1,8.511713533996954,5.787648
STAGE_MODEL_POLICY,1,8.565920304998144,5.716352
STAGE_MODEL_POLICY,1,8.620159411999339,5.756608
STAGE_MODEL_POLICY,1,8.674315008996928,5.756608
STAGE_MODEL_POLICY,1,8.728498175998538,5.716352
STAGE_MODEL_POLICY,1,8.782665189999534,5.796864
STAGE_MODEL_POLICY,1,8.836929916997178,5.756608
STAGE_MODEL_POLICY,1,8.891130546999193,5.756608
STAGE_MODEL_POLICY,1,8.9452669209968,5.796864
STAGE_MODEL_POLICY,1,8.99944979999782,5.716352
STAGE_MODEL_POLICY,1,9.05364735999683,5.756608
STAGE_MODEL_POLICY,1,9.107837146999373,5.756608
STAGE_MODEL_POLICY,1,9.162099282999407,5.756608
STAGE_MODEL_POLICY,1,9.216366662996734,5.787648
STAGE_MODEL_POLICY,1,9.270679556997493,5.756608
STAGE_MODEL_POLICY,1,9.324962001999666,5.756608
STAGE_MODEL_POLICY,1,9.379216716999508,5.787648
STAGE_MODEL_POLICY,1,9.433495420998952,5.716352
STAGE_MODEL_POLICY,1,9.4879246399978,5.756608
STAGE_MODEL_POLICY,1,9.542104928998015,5.787648
STAGE_MODEL_POLICY,1,9.5963260919998,5.716352
STAGE_MODEL_POLICY,1,9.65100085299855,5.747456
STAGE_MODEL_POLICY,1,9.705278020999685,5.756608
STAGE_MODEL_POLICY,1,9.759439342997211,5.716352
STAGE_MODEL_POLICY,1,9.813584704999812,5.787648
STAGE_MODEL_POLICY,1,9.86770393599727,5.716352
STAGE_MODEL_POLICY,1,9.921862922998116,5.756608
STAGE_MODEL_POLICY,1,9.976000064998516,5.756608
STAGE_MODEL_POLICY,1,10.03012604399919,5.716352
STAGE_MODEL_POLICY,1,10.084241372998804,5.787648
STAGE_MODEL_POLICY,1,10.138609374997031,5.747456
STAGE_MODEL_POLICY,1,10.192783554997732,5.747456
STAGE_MODEL_POLICY,1,10.24714941399725,5.787648
STAGE_MODEL_POLICY,1,10.301331716997083,5.707264
STAGE_MODEL_POLICY,1,10.355588766997244,5.747456
STAGE_MODEL_POLICY,1,10.409700513999269,5.787648
STAGE_MODEL_POLICY,1,10.463855790996604,5.716352
STAGE_MODEL_POLICY,1,10.517972846999328,5.747456
STAGE_MODEL_POLICY,1,10.572109572996851,5.707264
STAGE_MODEL_POLICY,1,10.626242044996616,5.716352
STAGE_MODEL_POLICY,1,10.680342148996715,5.787648
STAGE_MODEL_POLICY,1,10.734506029999466,5.716352
STAGE_MODEL_POLICY,1,10.788888552997378,5.756608
STAGE_MODEL_POLICY,1,10.843149184998765,5.747456
STAGE_MODEL_POLICY,1,10.897380295999028,5.716352
STAGE_MODEL_POLICY,1,10.951580031000049,5.747456
STAGE_MODEL_POLICY,1,11.005694207997294,5.716352
STAGE_MODEL_POLICY,1,11.061270853999304,5.716352
STAGE_MODEL_POLICY,1,11.11543470199831,5.747456
STAGE_MODEL_POLICY,1,11.169606067000132,5.716352
STAGE_MODEL_POLICY,1,11.223871816997416,5.707264
STAGE_MODEL_POLICY,1,11.278441125999962,5.747456
STAGE_MODEL_POLICY,1,11.332604718998482,5.676096
STAGE_MODEL_POLICY,1,11.38688748399727,5.707264
STAGE_MODEL_POLICY,1,11.441603983999812,5.747456
STAGE_MODEL_POLICY,1,11.495796841998526,5.667072
STAGE_MODEL_POLICY,1,11.55058965599892,5.747456
STAGE_MODEL_POLICY,1,11.604789326996979,5.707264
STAGE_MODEL_POLICY,1,11.659159983999416,5.667072
STAGE_MODEL_POLICY,1,11.71451072599666,5.747456
STAGE_MODEL_POLICY,1,11.768681962999835,5.667072
STAGE_MODEL_POLICY,1,11.822887230999186,5.707264
STAGE_MODEL_POLICY,1,11.877004766996833,5.747456
STAGE_MODEL_POLICY,1,11.931943874998979,5.667072
STAGE_MODEL_POLICY,1,11.986193984997954,5.707264
STAGE_MODEL_POLICY,1,12.040381564998825,5.707264
STAGE_MODEL_POLICY,1,12.094586864997837,5.667072
STAGE_MODEL_POLICY,1,12.14869662899946,5.747456
STAGE_MODEL_POLICY,1,12.202812564999476,5.667072
STAGE_MODEL_POLICY,1,12.256963331998122,5.707264
STAGE_MODEL_POLICY,1,12.311315981998632,5.747456
STAGE_MODEL_POLICY,1,12.365511654999864,5.667072
STAGE_MODEL_POLICY,1,12.419636962997174,5.747456
STAGE_MODEL_POLICY,1,12.473819361999631,5.747456
STAGE_MODEL_POLICY,1,12.527991398997983,5.707264
STAGE_MODEL_POLICY,1,12.58209460499711,5.747456
STAGE_MODEL_POLICY,1,12.636232706998271,5.716352
STAGE_MODEL_POLICY,1,12.69037323899829,5.707264
STAGE_MODEL_POLICY,1,12.744515561997105,5.787648
STAGE_MODEL_POLICY,1,12.798726906999946,5.716352
STAGE_MODEL_POLICY,1,12.852917077998427,5.747456
STAGE_MODEL_POLICY,1,12.90701286499825,5.747456
STAGE_MODEL_POLICY,1,12.961176936998527,5.716352
STAGE_MODEL_POLICY,1,13.015271573000064,5.787648
STAGE_MODEL_POLICY,1,13.069415910998941,5.716352
STAGE_MODEL_POLICY,1,13.123598725996999,5.756608
STAGE_MODEL_POLICY,1,13.177848482999252,5.787648
STAGE_MODEL_POLICY,1,13.231995795998955,5.716352
STAGE_MODEL_POLICY,1,13.286210466998455,5.747456
STAGE_MODEL_POLICY,1,13.340600282997912,5.747456
STAGE_MODEL_POLICY,1,13.394817256998067,5.716352
STAGE_MODEL_POLICY,1,13.448958524997579,5.787648
STAGE_MODEL_POLICY,1,13.50313983599699,5.716352
STAGE_MODEL_POLICY,1,13.557301861997985,5.756608
STAGE_MODEL_POLICY,1,13.611436636998405,5.796864
STAGE_MODEL_POLICY,1,13.667091802999494,5.716352
STAGE_MODEL_POLICY,1,13.722749911998108,5.756608
STAGE_MODEL_POLICY,1,13.776908355997875,5.796864
STAGE_MODEL_POLICY,1,13.831143240997335,5.716352
STAGE_MODEL_POLICY,1,13.885774726997624,5.756608
STAGE_MODEL_POLICY,1,13.940408580998337,5.756608
STAGE_MODEL_POLICY,1,13.995504154998343,5.716352
STAGE_MODEL_POLICY,1,14.049733250998543,5.796864
STAGE_MODEL_POLICY,1,14.103888079996977,5.716352
STAGE_MODEL_POLICY,1,14.158017961999576,5.756608
STAGE_MODEL_POLICY,1,14.212116338996566,5.796864
STAGE_MODEL_POLICY,1,14.266281114996673,5.716352
STAGE_MODEL_POLICY,1,14.320400474000053,5.756608
STAGE_MODEL_POLICY,1,14.374582904998533,5.756608
STAGE_MODEL_POLICY,1,14.428737189999083,5.716352
STAGE_MODEL_POLICY,1,14.482837869996729,5.787648
STAGE_MODEL_POLICY,1,14.536981376997574,5.716352
STAGE_MODEL_POLICY,1,14.591129488999286,5.756608
STAGE_MODEL_POLICY,1,14.645224188996508,5.787648
STAGE_MODEL_POLICY,1,14.699367502998939,5.716352
STAGE_MODEL_POLICY,1,14.753624392997153,5.756608
STAGE_MODEL_POLICY,1,14.807850130997394,5.756608
STAGE_MODEL_POLICY,1,14.862024693997228,5.716352
STAGE_MODEL_POLICY,1,14.916173765999702,5.756608
STAGE_MODEL_POLICY,1,14.970317783998325,5.716352
STAGE_MODEL_POLICY,1,15.024502901997039,5.716352
STAGE_MODEL_POLICY,1,15.078721027999563,5.756608
STAGE_MODEL_POLICY,1,15.132880749999458,5.676096
STAGE_MODEL_POLICY,1,15.187014693998208,5.716352
STAGE_MODEL_POLICY,1,15.241177038999012,5.716352
STAGE_MODEL_POLICY,1,15.295321216999582,5.716352
STAGE_MODEL_POLICY,1,15.349462964997656,5.756608
STAGE_MODEL_POLICY,1,15.4036064719985,5.716352
STAGE_MODEL_POLICY,1,15.45775151399721,5.716352
STAGE_MODEL_POLICY,1,15.511878388999321,5.756608
STAGE_MODEL_POLICY,1,15.566009868998663,5.676096
STAGE_MODEL_POLICY,1,15.62019792999854,5.716352
STAGE_MODEL_POLICY,1,15.674299696998787,5.716352
STAGE_MODEL_POLICY,1,15.728467575998366,5.676096
STAGE_MODEL_POLICY,1,15.782587095000054,5.716352
STAGE_MODEL_POLICY,1,15.836804579997988,5.676096
STAGE_MODEL_POLICY,1,15.890941146997648,5.676096
STAGE_MODEL_POLICY,1,15.945059417997982,5.716352
STAGE_MODEL_POLICY,1,15.999696948998462,5.63584
STAGE_MODEL_POLICY,1,16.054004149998946,5.676096
STAGE_MODEL_POLICY,1,16.108154820998607,5.716352
STAGE_MODEL_POLICY,1,16.16233437399933,5.676096
STAGE_MODEL_POLICY,1,16.216563437999866,5.707264
STAGE_MODEL_POLICY,1,16.270703201997094,5.63584
STAGE_MODEL_POLICY,1,16.32487491899883,5.667072
STAGE_MODEL_POLICY,1,16.37924388099782,5.707264
STAGE_MODEL_POLICY,1,16.433486857997195,5.63584
STAGE_MODEL_POLICY,1,16.4877050469986,5.667072
STAGE_MODEL_POLICY,1,16.542757474999235,5.707264
STAGE_MODEL_POLICY,1,16.596945343997504,5.62688
STAGE_MODEL_POLICY,1,16.6511334359966,5.667072
STAGE_MODEL_POLICY,1,16.706306475996826,5.667072
STAGE_MODEL_POLICY,1,16.76053864200003,5.62688
STAGE_MODEL_POLICY,1,16.814714068998,5.707264
STAGE_MODEL_POLICY,1,16.868886488999124,5.63584
STAGE_MODEL_POLICY,1,16.92301947299711,5.667072
STAGE_MODEL_POLICY,1,16.977188758999546,5.707264
STAGE_MODEL_POLICY,1,17.032161066999834,5.63584
STAGE_MODEL_POLICY,1,17.086434940996696,5.667072
STAGE_MODEL_POLICY,1,17.14058474799822,5.667072
STAGE_MODEL_POLICY,1,17.195226437997917,5.62688
STAGE_MODEL_POLICY,1,17.249377651998657,5.707264
STAGE_MODEL_POLICY,1,17.303518216998782,5.62688
STAGE_MODEL_POLICY,1,17.357643523999286,5.667072
STAGE_MODEL_POLICY,1,17.411873227996693,5.707264
STAGE_MODEL_POLICY,1,17.466028440998343,5.63584
STAGE_MODEL_POLICY,1,17.52022980699985,5.707264
STAGE_MODEL_POLICY,1,17.574338034999528,5.707264
STAGE_MODEL_POLICY,1,17.62848681899777,5.676096
STAGE_MODEL_POLICY,1,17.68258874699677,5.707264
STAGE_MODEL_POLICY,1,17.736717412997677,5.676096
STAGE_MODEL_POLICY,1,17.790909022998676,5.676096
STAGE_MODEL_POLICY,1,17.845125517997076,5.747456
STAGE_MODEL_POLICY,1,17.899247498997283,5.676096
STAGE_MODEL_POLICY,1,17.953406325999822,5.716352
STAGE_MODEL_POLICY,1,18.007548329998826,5.716352
STAGE_MODEL_POLICY,1,18.061707156997727,5.676096
STAGE_MODEL_POLICY,1,18.115860225996585,5.716352
STAGE_MODEL_POLICY,1,18.17000872299832,5.676096
STAGE_MODEL_POLICY,1,18.224150437999924,5.716352
STAGE_MODEL_POLICY,1,18.278258826998353,5.747456
STAGE_MODEL_POLICY,1,18.332413303996873,5.676096
STAGE_MODEL_POLICY,1,18.38662842299891,5.707264
STAGE_MODEL_POLICY,1,18.440793103000033,5.707264
STAGE_MODEL_POLICY,1,18.49492778199783,5.676096
STAGE_MODEL_POLICY,1,18.549088207997556,5.747456
STAGE_MODEL_POLICY,1,18.603253111999948,5.676096
STAGE_MODEL_POLICY,1,18.657378611998865,5.716352
STAGE_MODEL_POLICY,1,18.711478299999726,5.747456
STAGE_MODEL_POLICY,1,18.765626956999768,5.676096
STAGE_MODEL_POLICY,1,18.819855124998867,5.707264
STAGE_MODEL_POLICY,1,18.873968949999835,5.716352
STAGE_MODEL_POLICY,1,18.92809768099687,5.676096
STAGE_MODEL_POLICY,1,18.982239811997715,5.747456
STAGE_MODEL_POLICY,1,19.03635731599934,5.676096
STAGE_MODEL_POLICY,1,19.090532166999765,5.716352
STAGE_MODEL_POLICY,1,19.144646919998195,5.747456
STAGE_MODEL_POLICY,1,19.198815373998514,5.676096
STAGE_MODEL_POLICY,1,19.25342146499679,5.707264
STAGE_MODEL_POLICY,1,19.307582306999393,5.707264
STAGE_MODEL_POLICY,1,19.361829985999066,5.676096
STAGE_MODEL_POLICY,1,19.41593060199739,5.747456
STAGE_MODEL_POLICY,1,19.47006879899709,5.676096
STAGE_MODEL_POLICY,1,19.52423283999815,5.716352
STAGE_MODEL_POLICY,1,19.57836671899713,5.747456
STAGE_MODEL_POLICY,1,19.6329673729997,5.676096
STAGE_MODEL_POLICY,1,19.68720289799967,5.716352
STAGE_MODEL_POLICY,1,19.741335849997995,5.716352
STAGE_MODEL_POLICY,1,19.79554393199942,5.676096
STAGE_MODEL_POLICY,1,19.85014935199797,5.716352
STAGE_MODEL_POLICY,1,19.905279820999567,5.676096
STAGE_MODEL_POLICY,1,19.95978800899684,5.676096
STAGE_MODEL_POLICY,1,20.01443686299899,5.716352
STAGE_MODEL_POLICY,1,20.06910282899844,5.676096
STAGE_MODEL_POLICY,1,20.124198210996838,5.676096
STAGE_MODEL_POLICY,1,20.17837274199701,5.756608
STAGE_MODEL_POLICY,1,20.232989643998735,5.63584
STAGE_MODEL_POLICY,1,20.28712560299755,5.716352
STAGE_MODEL_POLICY,1,20.341221036997013,5.716352
STAGE_MODEL_POLICY,1,20.39536204899923,5.676096
STAGE_MODEL_POLICY,1,20.449478433998593,5.716352
STAGE_MODEL_POLICY,1,20.503617877999204,5.676096
STAGE_MODEL_POLICY,1,20.55799176599976,5.676096
STAGE_MODEL_POLICY,1,20.612172565997753,5.756608
STAGE_MODEL_POLICY,1,20.666390882997803,5.63584
STAGE_MODEL_POLICY,1,20.72063629100012,5.716352
STAGE_MODEL_POLICY,1,20.774792142998194,5.716352
STAGE_MODEL_POLICY,1,20.82900355199672,5.676096
STAGE_MODEL_POLICY,1,20.883195162998163,5.716352
STAGE_MODEL_POLICY,1,20.937384853998083,5.676096
STAGE_MODEL_POLICY,1,20.991569556998,5.676096
STAGE_MODEL_POLICY,1,21.045727551998425,5.716352
STAGE_MODEL_POLICY,1,21.09994858799837,5.63584
STAGE_MODEL_POLICY,1,21.15486252499977,5.676096
STAGE_MODEL_POLICY,1,21.209201677997044,5.716352
STAGE_MODEL_POLICY,1,21.263393863999227,5.63584
STAGE_MODEL_POLICY,1,21.31752361799954,5.707264
STAGE_MODEL_POLICY,1,21.371662134999497,5.676096
STAGE_MODEL_POLICY,1,21.425838968996686,5.676096
STAGE_MODEL_POLICY,1,21.479952506997506,5.707264
STAGE_MODEL_POLICY,1,21.53410397799962,5.63584
STAGE_MODEL_POLICY,1,21.588513046997832,5.667072
STAGE_MODEL_POLICY,1,21.642646382999374,5.707264
STAGE_MODEL_POLICY,1,21.696769356000004,5.63584
STAGE_MODEL_POLICY,1,21.750903555999685,5.707264
STAGE_MODEL_POLICY,1,21.805046805999154,5.676096
STAGE_MODEL_POLICY,1,21.85919722199833,5.676096
STAGE_MODEL_POLICY,1,21.91334312699837,5.707264
STAGE_MODEL_POLICY,1,21.96751705099814,5.63584
STAGE_MODEL_POLICY,1,22.021945022999716,5.667072
STAGE_MODEL_POLICY,1,22.076112389997434,5.707264
STAGE_MODEL_POLICY,1,22.130721231998905,5.62688
STAGE_MODEL_POLICY,1,22.184930433999398,5.667072
STAGE_MODEL_POLICY,1,22.239028842999687,5.667072
STAGE_MODEL_POLICY,1,22.293253620999167,5.667072
STAGE_MODEL_POLICY,1,22.34739613599959,5.707264
STAGE_MODEL_POLICY,1,22.40157645599902,5.63584
STAGE_MODEL_POLICY,1,22.455767330997332,5.667072
STAGE_MODEL_POLICY,1,22.509952672997315,5.707264
STAGE_MODEL_POLICY,1,22.56432269099969,5.62688
STAGE_MODEL_POLICY,1,22.618612939997547,5.707264
STAGE_MODEL_POLICY,1,22.672746690997883,5.667072
STAGE_MODEL_POLICY,1,22.72691738499998,5.667072
STAGE_MODEL_POLICY,1,22.781054781997227,5.707264
STAGE_MODEL_POLICY,1,22.835260657997424,5.676096
STAGE_MODEL_POLICY,1,22.889407874998142,5.707264
STAGE_MODEL_POLICY,1,22.94356817299922,5.707264
STAGE_MODEL_POLICY,1,22.997748556997976,5.676096
STAGE_MODEL_POLICY,1,23.051981010998134,5.707264
STAGE_MODEL_POLICY,1,23.106142492997606,5.716352
STAGE_MODEL_POLICY,1,23.16033413599871,5.676096
STAGE_MODEL_POLICY,1,23.21456710199709,5.747456
STAGE_MODEL_POLICY,1,23.268724393998127,5.676096
STAGE_MODEL_POLICY,1,23.322889456998382,5.716352
STAGE_MODEL_POLICY,1,23.37712277499668,5.747456
STAGE_MODEL_POLICY,1,23.431288030998985,5.676096
STAGE_MODEL_POLICY,1,23.48551824599781,5.707264
STAGE_MODEL_POLICY,1,23.53988215499703,5.707264
STAGE_MODEL_POLICY,1,23.594100407997757,5.716352
STAGE_MODEL_POLICY,1,23.648322179997194,5.747456
STAGE_MODEL_POLICY,1,23.702526583998406,5.676096
STAGE_MODEL_POLICY,1,23.75669468599881,5.707264
STAGE_MODEL_POLICY,1,23.810896083999978,5.747456
STAGE_MODEL_POLICY,1,23.86507662799704,5.676096
STAGE_MODEL_POLICY,1,23.9193042529987,5.707264
STAGE_MODEL_POLICY,1,23.973442769998655,5.716352
STAGE_MODEL_POLICY,1,24.02757789699899,5.676096
STAGE_MODEL_POLICY,1,24.08171814099842,5.747456
STAGE_MODEL_POLICY,1,24.13587143499899,5.676096
STAGE_MODEL_POLICY,1,24.19003176499973,5.716352
STAGE_MODEL_POLICY,1,24.244180612997297,5.747456
STAGE_MODEL_POLICY,1,24.29831804299829,5.676096
STAGE_MODEL_POLICY,1,24.35247997299666,5.716352
STAGE_MODEL_POLICY,1,24.40660540799945,5.716352
STAGE_MODEL_POLICY,1,24.46075070599909,5.676096
STAGE_MODEL_POLICY,1,24.51492271099778,5.756608
STAGE_MODEL_POLICY,1,24.56930091599861,5.676096
STAGE_MODEL_POLICY,1,24.62357430999691,5.716352
STAGE_MODEL_POLICY,1,24.677760194997973,5.756608
STAGE_MODEL_POLICY,1,24.73206215099708,5.676096
STAGE_MODEL_POLICY,1,24.78636618499877,5.716352
STAGE_MODEL_POLICY,1,24.84055942699706,5.716352
STAGE_MODEL_POLICY,1,24.89473485399867,5.676096
STAGE_MODEL_POLICY,1,24.94890740199844,5.716352
STAGE_MODEL_POLICY,1,25.003071217997785,5.676096
STAGE_MODEL_POLICY,1,25.057226462999097,5.676096
STAGE_MODEL_POLICY,1,25.111354617998586,5.756608
STAGE_MODEL_POLICY,1,25.16560415099957,5.676096
STAGE_MODEL_POLICY,1,25.219750759999442,5.716352
STAGE_MODEL_POLICY,1,25.27388252899982,5.716352
STAGE_MODEL_POLICY,1,25.328047464998235,5.676096
STAGE_MODEL_POLICY,1,25.382172068999353,5.716352
STAGE_MODEL_POLICY,1,25.43632206899929,5.676096
STAGE_MODEL_POLICY,1,25.490532549996715,5.676096
STAGE_MODEL_POLICY,1,25.54467151499921,5.756608
STAGE_MODEL_POLICY,1,25.59901290599737,5.676096
STAGE_MODEL_POLICY,1,25.653359511998133,5.716352
STAGE_MODEL_POLICY,1,25.707545396999194,5.716352
STAGE_MODEL_POLICY,1,25.76169980999839,5.676096
STAGE_MODEL_POLICY,1,25.815901079997275,5.716352
STAGE_MODEL_POLICY,1,25.87004343499939,5.676096
STAGE_MODEL_POLICY,1,25.924247551996814,5.676096
STAGE_MODEL_POLICY,1,25.97840564299986,5.756608
STAGE_MODEL_POLICY,1,26.03301442099837,5.63584
STAGE_MODEL_POLICY,1,26.087229411998123,5.716352
STAGE_MODEL_POLICY,1,26.141356510997866,5.716352
STAGE_MODEL_POLICY,1,26.195574859997578,5.676096
STAGE_MODEL_POLICY,1,26.249699271997088,5.707264
STAGE_MODEL_POLICY,1,26.303864591998718,5.676096
STAGE_MODEL_POLICY,1,26.358012896998844,5.676096
STAGE_MODEL_POLICY,1,26.412126593997527,5.707264
STAGE_MODEL_POLICY,1,26.466253884998878,5.63584
STAGE_MODEL_POLICY,1,26.520373211998958,5.667072
STAGE_MODEL_POLICY,1,26.574555770999723,5.707264
STAGE_MODEL_POLICY,1,26.628720610999153,5.667072
STAGE_MODEL_POLICY,1,26.682847005999065,5.707264
STAGE_MODEL_POLICY,1,26.73702038599731,5.667072
STAGE_MODEL_POLICY,1,26.79121381999721,5.667072
STAGE_MODEL_POLICY,1,26.845311748998938,5.707264
STAGE_MODEL_POLICY,1,26.899435681996692,5.63584
STAGE_MODEL_POLICY,1,26.953698841000005,5.667072
STAGE_MODEL_POLICY,1,27.007837037999707,5.667072
STAGE_MODEL_POLICY,1,27.06198297499941,5.62688
STAGE_MODEL_POLICY,1,27.116083910997986,5.707264
STAGE_MODEL_POLICY,1,27.17022498699953,5.63584
STAGE_MODEL_POLICY,1,27.224381447998894,5.667072
STAGE_MODEL_POLICY,1,27.27851926099902,5.707264
STAGE_MODEL_POLICY,1,27.332666157999483,5.63584
STAGE_MODEL_POLICY,1,27.387199069999042,5.667072
STAGE_MODEL_POLICY,1,27.44135447499866,5.667072
STAGE_MODEL_POLICY,1,27.495516499999212,5.62688
STAGE_MODEL_POLICY,1,27.549715402998117,5.707264
STAGE_MODEL_POLICY,1,27.60391321899806,5.667072
STAGE_MODEL_POLICY,1,27.658297852998658,5.667072
STAGE_MODEL_POLICY,1,27.71250484799748,5.707264
STAGE_MODEL_POLICY,1,27.76676189799764,5.63584
STAGE_MODEL_POLICY,1,27.820971099998133,5.707264
STAGE_MODEL_POLICY,1,27.87507676899986,5.707264
STAGE_MODEL_POLICY,1,27.929228815999522,5.676096
STAGE_MODEL_POLICY,1,27.983378398999776,5.707264
STAGE_MODEL_POLICY,1,28.037512822997087,5.676096
STAGE_MODEL_POLICY,1,28.09164935699664,5.676096
STAGE_MODEL_POLICY,1,28.14586594699722,5.747456
STAGE_MODEL_POLICY,1,28.20003104299758,5.676096
STAGE_MODEL_POLICY,1,28.25419476299794,5.716352
STAGE_MODEL_POLICY,1,28.308329409999715,5.707264
STAGE_MODEL_POLICY,1,28.362508642996545,5.676096
STAGE_MODEL_POLICY,1,28.416645528999652,5.747456
STAGE_MODEL_POLICY,1,28.47077003799859,5.676096
STAGE_MODEL_POLICY,1,28.5249146319984,5.716352
STAGE_MODEL_POLICY,1,28.579071251999267,5.756608
STAGE_MODEL_POLICY,1,28.633388655998715,5.676096
STAGE_MODEL_POLICY,1,28.68789239799662,5.716352
STAGE_MODEL_POLICY,1,28.742043324997212,5.756608
STAGE_MODEL_POLICY,1,28.796274211999844,5.676096
STAGE_MODEL_POLICY,1,28.850424370997644,5.756608
STAGE_MODEL_POLICY,1,28.904585244999907,5.716352
STAGE_MODEL_POLICY,1,28.958806760998414,5.716352
STAGE_MODEL_POLICY,1,29.01294719699945,5.747456
STAGE_MODEL_POLICY,1,29.067077430998324,5.676096
STAGE_MODEL_POLICY,1,29.121304990996578,5.716352
STAGE_MODEL_POLICY,1,29.175560697996843,5.716352
STAGE_MODEL_POLICY,1,29.22971603899714,5.676096
STAGE_MODEL_POLICY,1,29.283948300999327,5.756608
STAGE_MODEL_POLICY,1,29.338093022997782,5.676096
STAGE_MODEL_POLICY,1,29.39222821399744,5.716352
STAGE_MODEL_POLICY,1,29.446361293998052,5.756608
STAGE_MODEL_POLICY,1,29.500536048999493,5.676096
STAGE_MODEL_POLICY,1,29.554659277997416,5.716352
STAGE_MODEL_POLICY,1,29.60877441499906,5.716352
STAGE_MODEL_POLICY,1,29.663028713999665,5.676096
STAGE_MODEL_POLICY,1,29.717294367997965,5.747456
STAGE_MODEL_POLICY,1,29.771469569997862,5.716352
STAGE_MODEL_POLICY,1,29.825738517996797,5.716352
STAGE_MODEL_POLICY,1,29.879909019997285,5.747456
STAGE_MODEL_POLICY,1,29.934069573999295,5.676096
STAGE_MODEL_POLICY,1,29.98829118499998,5.716352
STAGE_MODEL_THRESHOLD,1,0.0007157059990277048,5.474816
STAGE_MODEL_THRESHOLD,1,0.05495733999850927,5.515072
STAGE_MODEL_THRESHOLD,1,0.10908283999742707,5.555328
STAGE_MODEL_THRESHOLD,1,0.16320949099826976,5.515072
STAGE_MODEL_THRESHOLD,1,0.21735079099744326,5.595584
STAGE_MODEL_THRESHOLD,1,0.2714892759977374,5.555328
STAGE_MODEL_THRESHOLD,1,0.3256233469983272,5.595584
STAGE_MODEL_THRESHOLD,1,0.37972105299922987,5.676096
STAGE_MODEL_THRESHOLD,1,0.4338424589986971,5.595584
STAGE_MODEL_THRESHOLD,1,0.48802079599772696,5.63584
STAGE_MODEL_THRESHOLD,1,0.5421208039988414,5.676096
STAGE_MODEL_THRESHOLD,1,0.5962560269981623,5.63584
STAGE_MODEL_THRESHOLD,1,0.6503849169966998,5.716352
STAGE_MODEL_THRESHOLD,1,0.7047302109967859,5.676096
STAGE_MODEL_THRESHOLD,1,0.7588924599986058,5.676096
STAGE_MODEL_THRESHOLD,1,0.813021989997651,5.716352
STAGE_MODEL_THRESHOLD,1,0.8671628099982627,5.63584
STAGE_MODEL_THRESHOLD,1,0.9213792079972336,5.716352
STAGE_MODEL_THRESHOLD,1,0.9754944409978634,5.716352
STAGE_MODEL_THRESHOLD,1,1.0296572979968914,5.676096
STAGE_MODEL_THRESHOLD,1,1.083769779997965,5.756608
STAGE_MODEL_THRESHOLD,1,1.1379584809983498,5.676096
STAGE_MODEL_THRESHOLD,1,1.1920996199987712,5.716352
STAGE_MODEL_THRESHOLD,1,1.2462513789978402,5.756608
STAGE_MODEL_THRESHOLD,1,1.300385226997605,5.676096
STAGE_MODEL_THRESHOLD,1,1.354784828999982,5.716352
STAGE_MODEL_THRESHOLD,1,1.4089985729988257,5.716352
STAGE_MODEL_THRESHOLD,1,1.4631971559974772,5.676096
STAGE_MODEL_THRESHOLD,1,1.5179483269967022,5.716352
STAGE_MODEL_THRESHOLD,1,1.5721255439966626,5.676096
STAGE_MODEL_THRESHOLD,1,1.6262904479990539,5.716352
STAGE_MODEL_THRESHOLD,1,1.6805052469971997,5.747456
STAGE_MODEL_THRESHOLD,1,1.7347565399977611,5.676096
STAGE_MODEL_THRESHOLD,1,1.7889751769980649,5.707264
STAGE_MODEL_THRESHOLD,1,1.8430790879974666,5.747456
STAGE_MODEL_THRESHOLD,1,1.8976790379965678,5.676096
STAGE_MODEL_THRESHOLD,1,1.9520390769976075,5.747456
STAGE_MODEL_THRESHOLD,1,2.006231678999029,5.707264
STAGE_MODEL_THRESHOLD,1,2.0604235449973203,5.707264
STAGE_MODEL_THRESHOLD,1,2.114577158998145,5.747456
STAGE_MODEL_THRESHOLD,1,2.168777692997537,5.667072
STAGE_MODEL_THRESHOLD,1,2.2229218389984453,5.707264
STAGE_MODEL_THRESHOLD,1,2.277080378997198,5.747456
STAGE_MODEL_THRESHOLD,1,2.331241541000054,5.667072
STAGE_MODEL_THRESHOLD,1,2.3854516699975647,5.707264
STAGE_MODEL_THRESHOLD,1,2.4396085779990244,5.707264
STAGE_MODEL_THRESHOLD,1,2.493776359999174,5.667072
STAGE_MODEL_THRESHOLD,1,2.5479126069985796,5.747456
STAGE_MODEL_THRESHOLD,1,2.6026256209988787,5.667072
STAGE_MODEL_THRESHOLD,1,2.6579297949974716,5.707264
STAGE_MODEL_THRESHOLD,1,2.7121190069992736,5.747456
STAGE_MODEL_THRESHOLD,1,2.7663573779973376,5.667072
STAGE_MODEL_THRESHOLD,1,2.8206420299975434,5.707264
STAGE_MODEL_THRESHOLD,1,2.87479625099877,5.707264
STAGE_MODEL_THRESHOLD,1,2.9289627539983485,5.707264
STAGE_MODEL_THRESHOLD,1,2.983100055997056,5.747456
STAGE_MODEL_THRESHOLD,1,3.0373013259995787,5.707264
STAGE_MODEL_THRESHOLD,1,3.0915474369976437,5.707264
STAGE_MODEL_THRESHOLD,1,3.146009216998209,5.787648
STAGE_MODEL_THRESHOLD,1,3.2003294349997304,5.676096
STAGE_MODEL_THRESHOLD,1,3.254659088997869,5.747456
STAGE_MODEL_THRESHOLD,1,3.308807456996874,5.747456
STAGE_MODEL_THRESHOLD,1,3.3630503699969267,5.716352
STAGE_MODEL_THRESHOLD,1,3.4189492869991227,5.747456
STAGE_MODEL_THRESHOLD,1,3.4733988479965774,5.707264
STAGE_MODEL_THRESHOLD,1,3.5278701589995762,5.716352
STAGE_MODEL_THRESHOLD,1,3.582336095998471,5.747456
STAGE_MODEL_THRESHOLD,1,3.6368225349979184,5.716352
STAGE_MODEL_THRESHOLD,1,3.69128015699971,5.716352
STAGE_MODEL_THRESHOLD,1,3.7460998369970184,5.747456
STAGE_MODEL_THRESHOLD,1,3.80061352699704,5.676096
STAGE_MODEL_THRESHOLD,1,3.855342724997172,5.707264
STAGE_MODEL_THRESHOLD,1,3.910129493997374,5.747456
STAGE_MODEL_THRESHOLD,1,3.964615420998598,5.676096
STAGE_MODEL_THRESHOLD,1,4.019422563997068,5.747456
STAGE_MODEL_THRESHOLD,1,4.07401509400006,5.716352
STAGE_MODEL_THRESHOLD,1,4.128557152998837,5.716352
STAGE_MODEL_THRESHOLD,1,4.182973514998594,5.747456
STAGE_MODEL_THRESHOLD,1,4.2374304969998775,5.716352
STAGE_MODEL_THRESHOLD,1,4.291948696998588,5.716352
STAGE_MODEL_THRESHOLD,1,4.346786287998839,5.747456
STAGE_MODEL_THRESHOLD,1,4.4012709359994915,5.676096
STAGE_MODEL_THRESHOLD,1,4.456054410999059,5.716352
STAGE_MODEL_THRESHOLD,1,4.51061178999953,5.747456
STAGE_MODEL_THRESHOLD,1,4.566131599996879,5.676096
STAGE_MODEL_THRESHOLD,1,4.6204022120000445,5.716352
STAGE_MODEL_THRESHOLD,1,4.675083528996765,5.716352
STAGE_MODEL_THRESHOLD,1,4.729232344998309,5.676096
STAGE_MODEL_THRESHOLD,1,4.783405340996978,5.747456
STAGE_MODEL_THRESHOLD,1,4.8375934659998165,5.676096
STAGE_MODEL_THRESHOLD,1,4.891741193998314,5.716352
STAGE_MODEL_THRESHOLD,1,4.945869827999559,5.756608
STAGE_MODEL_THRESHOLD,1,5.000028974998713,5.676096
STAGE_MODEL_THRESHOLD,1,5.0542016189974674,5.716352
STAGE_MODEL_THRESHOLD,1,5.108313141998224,5.716352
STAGE_MODEL_THRESHOLD,1,5.162427478997415,5.676096
STAGE_MODEL_THRESHOLD,1,5.216528318997007,5.756608
STAGE_MODEL_THRESHOLD,1,5.270688041997346,5.676096
STAGE_MODEL_THRESHOLD,1,5.3251829569999245,5.716352
STAGE_MODEL_THRESHOLD,1,5.379312965997087,5.756608
STAGE_MODEL_THRESHOLD,1,5.433803435997106,5.676096
STAGE_MODEL_THRESHOLD,1,5.488780924999446,5.716352
STAGE_MODEL_THRESHOLD,1,5.543023421996622,5.716352
STAGE_MODEL_THRESHOLD,1,5.597351316999266,5.676096
STAGE_MODEL_THRESHOLD,1,5.6519437189999735,5.716352
STAGE_MODEL_THRESHOLD,1,5.706763686997874,5.716352
STAGE_MODEL_THRESHOLD,1,5.761081826000009,5.676096
STAGE_MODEL_THRESHOLD,1,5.816833232998761,5.756608
STAGE_MODEL_THRESHOLD,1,5.870969318999414,5.716352
STAGE_MODEL_THRESHOLD,1,5.925963024998055,5.716352
STAGE_MODEL_THRESHOLD,1,5.980121851996955,5.747456
STAGE_MODEL_THRESHOLD,1,6.034243640999193,5.676096
STAGE_MODEL_THRESHOLD,1,6.088383181999234,5.716352
STAGE_MODEL_THRESHOLD,1,6.1425596959998074,5.756608
STAGE_MODEL_THRESHOLD,1,6.196715676996973,5.676096
STAGE_MODEL_THRESHOLD,1,6.250830429999041,5.756608
STAGE_MODEL_THRESHOLD,1,6.304955097999482,5.716352
STAGE_MODEL_THRESHOLD,1,6.35905513799662,5.716352
STAGE_MODEL_THRESHOLD,1,6.4131814379979915,5.747456
STAGE_MODEL_THRESHOLD,1,6.467338377999113,5.676096
STAGE_MODEL_THRESHOLD,1,6.521464356999786,5.716352
STAGE_MODEL_THRESHOLD,1,6.576141516998177,5.707264
STAGE_MODEL_THRESHOLD,1,6.630355099998269,5.676096
STAGE_MODEL_THRESHOLD,1,6.684848703996977,5.707264
STAGE_MODEL_THRESHOLD,1,6.738987476997863,5.676096
STAGE_MODEL_THRESHOLD,1,6.793506507998245,5.667072
STAGE_MODEL_THRESHOLD,1,6.847630247997586,5.747456
STAGE_MODEL_THRESHOLD,1,6.901840889997402,5.676096
STAGE_MODEL_THRESHOLD,1,6.955981965998944,5.667072
STAGE_MODEL_THRESHOLD,1,7.010580156998913,5.707264
STAGE_MODEL_THRESHOLD,1,7.064709110996773,5.667072
STAGE_MODEL_THRESHOLD,1,7.118822935997741,5.707264
STAGE_MODEL_THRESHOLD,1,7.173306080996554,5.667072
STAGE_MODEL_THRESHOLD,1,7.227434075997735,5.667072
STAGE_MODEL_THRESHOLD,1,7.28193445999932,5.707264
STAGE_MODEL_THRESHOLD,1,7.3365456689971325,5.667072
STAGE_MODEL_THRESHOLD,1,7.390740157999971,5.667072
STAGE_MODEL_THRESHOLD,1,7.445222694997938,5.747456
STAGE_MODEL_THRESHOLD,1,7.499363322996942,5.62688
STAGE_MODEL_THRESHOLD,1,7.554300576997775,5.707264
STAGE_MODEL_THRESHOLD,1,7.60880265599917,5.707264
STAGE_MODEL_THRESHOLD,1,7.662980193999829,5.667072
STAGE_MODEL_THRESHOLD,1,7.717098080996948,5.707264
STAGE_MODEL_THRESHOLD,1,7.771222109997325,5.667072
STAGE_MODEL_THRESHOLD,1,7.825364784999692,5.667072
STAGE_MODEL_THRESHOLD,1,7.879543569997622,5.747456
STAGE_MODEL_THRESHOLD,1,7.933719859996927,5.667072
STAGE_MODEL_THRESHOLD,1,7.987977389999287,5.707264
STAGE_MODEL_THRESHOLD,1,8.04246306099958,5.707264
STAGE_MODEL_THRESHOLD,1,8.096633593999286,5.667072
STAGE_MODEL_THRESHOLD,1,8.15147764699941,5.707264
STAGE_MODEL_THRESHOLD,1,8.205799015999219,5.716352
STAGE_MODEL_THRESHOLD,1,8.25998672499918,5.716352
STAGE_MODEL_THRESHOLD,1,8.314112096999452,5.747456
STAGE_MODEL_THRESHOLD,1,8.368251732998033,5.676096
STAGE_MODEL_THRESHOLD,1,8.422413150998182,5.716352
STAGE_MODEL_THRESHOLD,1,8.476522754997859,5.747456
STAGE_MODEL_THRESHOLD,1,8.53070713699708,5.676096
STAGE_MODEL_THRESHOLD,1,8.58482262599864,5.756608
STAGE_MODEL_THRESHOLD,1,8.639034545998584,5.716352
STAGE_MODEL_THRESHOLD,1,8.693203031998564,5.716352
STAGE_MODEL_THRESHOLD,1,8.747371071000089,5.747456
STAGE_MODEL_THRESHOLD,1,8.801517487998353,5.676096
STAGE_MODEL_THRESHOLD,1,8.855734557997494,5.747456
STAGE_MODEL_THRESHOLD,1,8.909864440000092,5.747456
STAGE_MODEL_THRESHOLD,1,8.964034556996921,5.716352
STAGE_MODEL_THRESHOLD,1,9.018157529997552,5.747456
STAGE_MODEL_THRESHOLD,1,9.072311686999456,5.716352
STAGE_MODEL_THRESHOLD,1,9.126445118999982,5.716352
STAGE_MODEL_THRESHOLD,1,9.180534764996992,5.747456
STAGE_MODEL_THRESHOLD,1,9.234685116000037,5.676096
STAGE_MODEL_THRESHOLD,1,9.288808856999822,5.707264
STAGE_MODEL_THRESHOLD,1,9.342933364998316,5.747456
STAGE_MODEL_THRESHOLD,1,9.397084035997977,5.676096
STAGE_MODEL_THRESHOLD,1,9.451199172999623,5.747456
STAGE_MODEL_THRESHOLD,1,9.505354225999326,5.716352
STAGE_MODEL_THRESHOLD,1,9.559497891998035,5.716352
STAGE_MODEL_THRESHOLD,1,9.613607559997035,5.747456
STAGE_MODEL_THRESHOLD,1,9.667751961998874,5.676096
STAGE_MODEL_THRESHOLD,1,9.722009331999288,5.707264
STAGE_MODEL_THRESHOLD,1,9.77618600599817,5.747456
STAGE_MODEL_THRESHOLD,1,9.830346335998911,5.676096
STAGE_MODEL_THRESHOLD,1,9.884545526998409,5.747456
STAGE_MODEL_THRESHOLD,1,9.938708991998283,5.716352
STAGE_MODEL_THRESHOLD,1,9.992945571997552,5.716352
STAGE_MODEL_THRESHOLD,1,10.047060004999366,5.747456
STAGE_MODEL_THRESHOLD,1,10.101189182998496,5.676096
STAGE_MODEL_THRESHOLD,1,10.15534103799655,5.707264
STAGE_MODEL_THRESHOLD,1,10.209454574996926,5.707264
STAGE_MODEL_THRESHOLD,1,10.263737627999944,5.676096
STAGE_MODEL_THRESHOLD,1,10.31798751399765,5.716352
STAGE_MODEL_THRESHOLD,1,10.37214713999856,5.716352
STAGE_MODEL_THRESHOLD,1,10.426294900997163,5.676096
STAGE_MODEL_THRESHOLD,1,10.480433577999065,5.747456
STAGE_MODEL_THRESHOLD,1,10.534703293997154,5.676096
STAGE_MODEL_THRESHOLD,1,10.588875169996754,5.716352
STAGE_MODEL_THRESHOLD,1,10.643047238998406,5.716352
STAGE_MODEL_THRESHOLD,1,10.697224328996526,5.676096
STAGE_MODEL_THRESHOLD,1,10.751420512999175,5.716352
STAGE_MODEL_THRESHOLD,1,10.80556571499983,5.676096
STAGE_MODEL_THRESHOLD,1,10.859748081998987,5.676096
STAGE_MODEL_THRESHOLD,1,10.914133227997809,5.747456
STAGE_MODEL_THRESHOLD,1,10.96832237599665,5.676096
STAGE_MODEL_THRESHOLD,1,11.022485616998893,5.716352
STAGE_MODEL_THRESHOLD,1,11.07668579899837,5.747456
STAGE_MODEL_THRESHOLD,1,11.130842418999237,5.676096
STAGE_MODEL_THRESHOLD,1,11.185086195997428,5.707264
STAGE_MODEL_THRESHOLD,1,11.239223880998907,5.676096
STAGE_MODEL_THRESHOLD,1,11.293395981996582,5.676096
STAGE_MODEL_THRESHOLD,1,11.347550394999416,5.707264
STAGE_MODEL_THRESHOLD,1,11.40176778499881,5.63584
STAGE_MODEL_THRESHOLD,1,11.456034621998697,5.667072
STAGE_MODEL_THRESHOLD,1,11.510198469997704,5.707264
STAGE_MODEL_THRESHOLD,1,11.564392607997434,5.63584
STAGE_MODEL_THRESHOLD,1,11.61859403699782,5.707264
STAGE_MODEL_THRESHOLD,1,11.672749985998962,5.667072
STAGE_MODEL_THRESHOLD,1,11.726903566999681,5.676096
STAGE_MODEL_THRESHOLD,1,11.781307679997553,5.707264
STAGE_MODEL_THRESHOLD,1,11.835818330997427,5.63584
STAGE_MODEL_THRESHOLD,1,11.89000255299834,5.667072
STAGE_MODEL_THRESHOLD,1,11.944277161997888,5.707264
STAGE_MODEL_THRESHOLD,1,11.998451660998398,5.62688
STAGE_MODEL_THRESHOLD,1,12.052612055998907,5.667072
STAGE_MODEL_THRESHOLD,1,12.106757353998546,5.667072
STAGE_MODEL_THRESHOLD,1,12.161326502999145,5.667072
STAGE_MODEL_THRESHOLD,1,12.215462525997282,5.707264
STAGE_MODEL_THRESHOLD,1,12.269597172999056,5.62688
STAGE_MODEL_THRESHOLD,1,12.323709366999537,5.667072
STAGE_MODEL_THRESHOLD,1,12.377805665997585,5.707264
STAGE_MODEL_THRESHOLD,1,12.431962669998029,5.62688
STAGE_MODEL_THRESHOLD,1,12.486062293999566,5.667072
STAGE_MODEL_THRESHOLD,1,12.54019850899931,5.667072
STAGE_MODEL_THRESHOLD,1,12.5943455969973,5.667072
STAGE_MODEL_THRESHOLD,1,12.648462301996915,5.707264
STAGE_MODEL_THRESHOLD,1,12.702649721999478,5.63584
STAGE_MODEL_THRESHOLD,1,12.75685742099813,5.667072
STAGE_MODEL_THRESHOLD,1,12.811024019996694,5.707264
STAGE_MODEL_THRESHOLD,1,12.86516688699703,5.63584
STAGE_MODEL_THRESHOLD,1,12.919541061997734,5.707264
STAGE_MODEL_THRESHOLD,1,12.973894895996636,5.707264
STAGE_MODEL_THRESHOLD,1,13.02812466299656,5.667072
STAGE_MODEL_THRESHOLD,1,13.082396073998098,5.747456
STAGE_MODEL_THRESHOLD,1,13.13674392699977,5.676096
STAGE_MODEL_THRESHOLD,1,13.190987126999971,5.707264
STAGE_MODEL_THRESHOLD,1,13.245145026998216,5.747456
STAGE_MODEL_THRESHOLD,1,13.299376425999071,5.676096
STAGE_MODEL_THRESHOLD,1,13.353630180998152,5.707264
STAGE_MODEL_THRESHOLD,1,13.407804456997837,5.707264
STAGE_MODEL_THRESHOLD,1,13.462006781999662,5.676096
STAGE_MODEL_THRESHOLD,1,13.516151664000063,5.747456
STAGE_MODEL_THRESHOLD,1,13.570310010996764,5.676096
STAGE_MODEL_THRESHOLD,1,13.624483806997887,5.716352
STAGE_MODEL_THRESHOLD,1,13.678628912999557,5.747456
STAGE_MODEL_THRESHOLD,1,13.732785308999155,5.676096
STAGE_MODEL_THRESHOLD,1,13.787000011998316,5.707264
STAGE_MODEL_THRESHOLD,1,13.84112736699899,5.707264
STAGE_MODEL_THRESHOLD,1,13.895308518996899,5.716352
STAGE_MODEL_THRESHOLD,1,13.949459924999246,5.747456
STAGE_MODEL_THRESHOLD,1,14.003831797999737,5.716352
STAGE_MODEL_THRESHOLD,1,14.058024431997183,5.707264
STAGE_MODEL_THRESHOLD,1,14.112233921998268,5.787648
STAGE_MODEL_THRESHOLD,1,14.166474115998426,5.676096
STAGE_MODEL_THRESHOLD,1,14.220736026996747,5.747456
STAGE_MODEL_THRESHOLD,1,14.274902402998123,5.707264
STAGE_MODEL_THRESHOLD,1,14.329099737999059,5.676096
STAGE_MODEL_THRESHOLD,1,14.383289366000099,5.747456
STAGE_MODEL_THRESHOLD,1,14.437469142998452,5.676096
STAGE_MODEL_THRESHOLD,1,14.491641786997207,5.707264
STAGE_MODEL_THRESHOLD,1,14.545867971999542,5.747456
STAGE_MODEL_THRESHOLD,1,14.600047876996541,5.676096
STAGE_MODEL_THRESHOLD,1,14.654204432998085,5.707264
STAGE_MODEL_THRESHOLD,1,14.708353312998952,5.716352
STAGE_MODEL_THRESHOLD,1,14.762570190996485,5.676096
STAGE_MODEL_THRESHOLD,1,14.816735797998263,5.747456
STAGE_MODEL_THRESHOLD,1,14.870909049997863,5.676096
STAGE_MODEL_THRESHOLD,1,14.925077120999049,5.716352
STAGE_MODEL_THRESHOLD,1,14.979246949998924,5.747456
STAGE_MODEL_THRESHOLD,1,15.033536975999596,5.676096
STAGE_MODEL_THRESHOLD,1,15.088087350999558,5.716352
STAGE_MODEL_THRESHOLD,1,15.14223949299776,5.716352
STAGE_MODEL_THRESHOLD,1,15.196394449998479,5.676096
STAGE_MODEL_THRESHOLD,1,15.250513616996614,5.756608
STAGE_MODEL_THRESHOLD,1,15.304676665997249,5.716352
STAGE_MODEL_THRESHOLD,1,15.358818540997163,5.716352
STAGE_MODEL_THRESHOLD,1,15.412933645999146,5.756608
STAGE_MODEL_THRESHOLD,1,15.467067749999842,5.676096
STAGE_MODEL_THRESHOLD,1,15.521234604999336,5.716352
STAGE_MODEL_THRESHOLD,1,15.57536944399908,5.716352
STAGE_MODEL_THRESHOLD,1,15.629519922997133,5.676096
STAGE_MODEL_THRESHOLD,1,15.683633556996938,5.716352
STAGE_MODEL_THRESHOLD,1,15.737769578998268,5.676096
STAGE_MODEL_THRESHOLD,1,15.79196374899766,5.716352
STAGE_MODEL_THRESHOLD,1,15.846072903997992,5.756608
STAGE_MODEL_THRESHOLD,1,15.900214267996489,5.676096
STAGE_MODEL_THRESHOLD,1,15.95437405499979,5.716352
STAGE_MODEL_THRESHOLD,1,16.008505311998306,5.716352
STAGE_MODEL_THRESHOLD,1,16.062894806997065,5.676096
STAGE_MODEL_THRESHOLD,1,16.117068922998442,5.756608
STAGE_MODEL_THRESHOLD,1,16.171219145999203,5.676096
STAGE_MODEL_THRESHOLD,1,16.225386384998274,5.676096
STAGE_MODEL_THRESHOLD,1,16.279493301997718,5.747456
STAGE_MODEL_THRESHOLD,1,16.333654847996513,5.676096
STAGE_MODEL_THRESHOLD,1,16.388096444999974,5.716352
STAGE_MODEL_THRESHOLD,1,16.442269312999997,5.707264
STAGE_MODEL_THRESHOLD,1,16.496443428997736,5.676096
STAGE_MODEL_THRESHOLD,1,16.55070613999851,5.707264
STAGE_MODEL_THRESHOLD,1,16.604918795997946,5.676096
STAGE_MODEL_THRESHOLD,1,16.65909000099782,5.676096
STAGE_MODEL_THRESHOLD,1,16.713308157999563,5.707264
STAGE_MODEL_THRESHOLD,1,16.767553693996888,5.63584
STAGE_MODEL_THRESHOLD,1,16.821780901998864,5.667072
STAGE_MODEL_THRESHOLD,1,16.875970081997366,5.667072
STAGE_MODEL_THRESHOLD,1,16.93017518999841,5.63584
STAGE_MODEL_THRESHOLD,1,16.9844878599979,5.667072
STAGE_MODEL_THRESHOLD,1,17.038710878998245,5.667072
STAGE_MODEL_THRESHOLD,1,17.093110161997174,5.667072
STAGE_MODEL_THRESHOLD,1,17.147401722999348,5.707264
STAGE_MODEL_THRESHOLD,1,17.201645690998703,5.62688
STAGE_MODEL_THRESHOLD,1,17.255868325999472,5.667072
STAGE_MODEL_THRESHOLD,1,17.310040969998227,5.707264
STAGE_MODEL_THRESHOLD,1,17.36458824299916,5.62688
STAGE_MODEL_THRESHOLD,1,17.41877563199887,5.707264
STAGE_MODEL_THRESHOLD,1,17.47290004399838,5.667072
STAGE_MODEL_THRESHOLD,1,17.52702471199882,5.667072
STAGE_MODEL_THRESHOLD,1,17.581121585997607,5.707264
STAGE_MODEL_THRESHOLD,1,17.63525968799877,5.62688
STAGE_MODEL_THRESHOLD,1,17.68937962199925,5.667072
STAGE_MODEL_THRESHOLD,1,17.74349546299709,5.707264
STAGE_MODEL_THRESHOLD,1,17.79779613899882,5.63584
STAGE_MODEL_THRESHOLD,1,17.851992354997492,5.707264
STAGE_MODEL_THRESHOLD,1,17.906133462998696,5.667072
STAGE_MODEL_THRESHOLD,1,17.960321618997114,5.676096
STAGE_MODEL_THRESHOLD,1,18.014459560999967,5.707264
STAGE_MODEL_THRESHOLD,1,18.068738039997697,5.676096
STAGE_MODEL_THRESHOLD,1,18.122963425998023,5.716352
STAGE_MODEL_THRESHOLD,1,18.177161592997436,5.747456
STAGE_MODEL_THRESHOLD,1,18.231403002999286,5.676096
STAGE_MODEL_THRESHOLD,1,18.285647738997795,5.716352
STAGE_MODEL_THRESHOLD,1,18.33985070399649,5.716352
STAGE_MODEL_THRESHOLD,1,18.394091825997748,5.676096
STAGE_MODEL_THRESHOLD,1,18.44824467199942,5.747456
STAGE_MODEL_THRESHOLD,1,18.502445269998134,5.676096
STAGE_MODEL_THRESHOLD,1,18.556698289998167,5.716352
STAGE_MODEL_THRESHOLD,1,18.61084835299698,5.756608
STAGE_MODEL_THRESHOLD,1,18.665024259997153,5.676096
STAGE_MODEL_THRESHOLD,1,18.719295126997167,5.716352
STAGE_MODEL_THRESHOLD,1,18.77350036200005,5.716352
STAGE_MODEL_THRESHOLD,1,18.827642429998377,5.716352
STAGE_MODEL_THRESHOLD,1,18.88181312300003,5.747456
STAGE_MODEL_THRESHOLD,1,18.93597390099967,5.676096
STAGE_MODEL_THRESHOLD,1,18.9901185589988,5.716352
STAGE_MODEL_THRESHOLD,1,19.04425330199956,5.756608
STAGE_MODEL_THRESHOLD,1,19.098504466997838,5.676096
STAGE_MODEL_THRESHOLD,1,19.15303920199949,5.716352
STAGE_MODEL_THRESHOLD,1,19.207214436999493,5.716352
STAGE_MODEL_THRESHOLD,1,19.26137195299816,5.716352
STAGE_MODEL_THRESHOLD,1,19.31550215399693,5.756608
STAGE_MODEL_THRESHOLD,1,19.369618761997117,5.676096
STAGE_MODEL_THRESHOLD,1,19.423724751999544,5.716352
STAGE_MODEL_THRESHOLD,1,19.477808735999133,5.756608
STAGE_MODEL_THRESHOLD,1,19.531941591998475,5.676096
STAGE_MODEL_THRESHOLD,1,19.586063445996842,5.716352
STAGE_MODEL_THRESHOLD,1,19.640167067998846,5.716352
STAGE_MODEL_THRESHOLD,1,19.694263590998162,5.676096
STAGE_MODEL_THRESHOLD,1,19.748385955997946,5.756608
STAGE_MODEL_THRESHOLD,1,19.802502915998048,5.676096
STAGE_MODEL_THRESHOLD,1,19.856638905999716,5.716352
STAGE_MODEL_THRESHOLD,1,19.91072151499975,5.756608
STAGE_MODEL_THRESHOLD,1,19.964829167998687,5.676096
STAGE_MODEL_THRESHOLD,1,20.018987898998603,5.716352
STAGE_MODEL_THRESHOLD,1,20.073127951996867,5.716352
STAGE_MODEL_THRESHOLD,1,20.127430770997307,5.716352
STAGE_MODEL_THRESHOLD,1,20.181587422997836,5.747456
STAGE_MODEL_THRESHOLD,1,20.235735950998787,5.676096
STAGE_MODEL_THRESHOLD,1,20.28986541699851,5.716352
STAGE_MODEL_THRESHOLD,1,20.343999615997745,5.756608
STAGE_MODEL_THRESHOLD,1,20.39811561699753,5.676096
STAGE_MODEL_THRESHOLD,1,20.452294976999838,5.756608
STAGE_MODEL_THRESHOLD,1,20.50640899499922,5.716352
STAGE_MODEL_THRESHOLD,1,20.56057409099958,5.716352
STAGE_MODEL_THRESHOLD,1,20.61470691499926,5.756608
STAGE_MODEL_THRESHOLD,1,20.668825249998918,5.676096
STAGE_MODEL_THRESHOLD,1,20.72294416099976,5.716352
STAGE_MODEL_THRESHOLD,1,20.777062527999078,5.756608
STAGE_MODEL_THRESHOLD,1,20.83117152399791,5.676096
STAGE_MODEL_THRESHOLD,1,20.88531327199962,5.716352
STAGE_MODEL_THRESHOLD,1,20.939411232997372,5.716352
STAGE_MODEL_THRESHOLD,1,20.99351076199673,5.676096
STAGE_MODEL_THRESHOLD,1,21.047594010997273,5.756608
STAGE_MODEL_THRESHOLD,1,21.101763743998163,5.676096
STAGE_MODEL_THRESHOLD,1,21.156118664999667,5.716352
STAGE_MODEL_THRESHOLD,1,21.210268952996557,5.716352
STAGE_MODEL_THRESHOLD,1,21.264404207999178,5.676096
STAGE_MODEL_THRESHOLD,1,21.318583919997764,5.716352
STAGE_MODEL_THRESHOLD,1,21.372702606997336,5.676096
STAGE_MODEL_THRESHOLD,1,21.426812722998875,5.676096
STAGE_MODEL_THRESHOLD,1,21.480906877997768,5.747456
STAGE_MODEL_THRESHOLD,1,21.535001096999622,5.676096
STAGE_MODEL_THRESHOLD,1,21.589085657997202,5.707264
STAGE_MODEL_THRESHOLD,1,21.643176678997406,5.707264
STAGE_MODEL_THRESHOLD,1,21.697335249999014,5.676096
STAGE_MODEL_THRESHOLD,1,21.751629176997085,5.707264
STAGE_MODEL_THRESHOLD,1,21.80577373899723,5.667072
STAGE_MODEL_THRESHOLD,1,21.85990186199706,5.667072
STAGE_MODEL_THRESHOLD,1,21.91402975999881,5.707264
STAGE_MODEL_THRESHOLD,1,21.968167797997012,5.63584
STAGE_MODEL_THRESHOLD,1,22.022296367998933,5.667072
STAGE_MODEL_THRESHOLD,1,22.07642666499669,5.707264
STAGE_MODEL_THRESHOLD,1,22.130648660997394,5.667072
STAGE_MODEL_THRESHOLD,1,22.185214419998374,5.707264
STAGE_MODEL_THRESHOLD,1,22.239461522996862,5.667072
STAGE_MODEL_THRESHOLD,1,22.293651725998643,5.667072
STAGE_MODEL_THRESHOLD,1,22.3477993589986,5.707264
STAGE_MODEL_THRESHOLD,1,22.401994903997547,5.63584
STAGE_MODEL_THRESHOLD,1,22.456185458999244,5.667072
STAGE_MODEL_THRESHOLD,1,22.510421238999697,5.707264
STAGE_MODEL_THRESHOLD,1,22.56466005799666,5.63584
STAGE_MODEL_THRESHOLD,1,22.618818149996514,5.707264
STAGE_MODEL_THRESHOLD,1,22.672959704999812,5.667072
STAGE_MODEL_THRESHOLD,1,22.727115877998585,5.667072
STAGE_MODEL_THRESHOLD,1,22.78133361899745,5.707264
STAGE_MODEL_THRESHOLD,1,22.83547942899895,5.676096
STAGE_MODEL_THRESHOLD,1,22.889644556998974,5.667072
STAGE_MODEL_THRESHOLD,1,22.943780322999373,5.707264
STAGE_MODEL_THRESHOLD,1,22.99797586799832,5.676096
STAGE_MODEL_THRESHOLD,1,23.05213424699832,5.716352
STAGE_MODEL_THRESHOLD,1,23.106271420998382,5.676096
STAGE_MODEL_THRESHOLD,1,23.160533012996893,5.676096
STAGE_MODEL_THRESHOLD,1,23.214899959999457,5.747456
STAGE_MODEL_THRESHOLD,1,23.269079959998635,5.676096
STAGE_MODEL_THRESHOLD,1,23.323287882998557,5.716352
STAGE_MODEL_THRESHOLD,1,23.37741667699811,5.756608
STAGE_MODEL_THRESHOLD,1,23.43203923999681,5.676096
STAGE_MODEL_THRESHOLD,1,23.48618383399662,5.716352
STAGE_MODEL_THRESHOLD,1,23.540301976998308,5.716352
STAGE_MODEL_THRESHOLD,1,23.594408638997265,5.716352
STAGE_MODEL_THRESHOLD,1,23.648569991997647,5.747456
STAGE_MODEL_THRESHOLD,1,23.70269366899811,5.716352
STAGE_MODEL_THRESHOLD,1,23.75681616199654,5.716352
STAGE_MODEL_THRESHOLD,1,23.810907278999366,5.756608
STAGE_MODEL_THRESHOLD,1,23.865049665997503,5.676096
STAGE_MODEL_THRESHOLD,1,23.919231457999558,5.756608
STAGE_MODEL_THRESHOLD,1,23.973362714998075,5.716352
STAGE_MODEL_THRESHOLD,1,24.027471454999613,5.716352
STAGE_MODEL_THRESHOLD,1,24.08155582299878,5.747456
STAGE_MODEL_THRESHOLD,1,24.135654295998393,5.676096
STAGE_MODEL_THRESHOLD,1,24.18982434999998,5.707264
STAGE_MODEL_THRESHOLD,1,24.24414789399816,5.747456
STAGE_MODEL_THRESHOLD,1,24.29857145299684,5.676096
STAGE_MODEL_THRESHOLD,1,24.35279024999909,5.747456
STAGE_MODEL_THRESHOLD,1,24.4069237779986,5.716352
STAGE_MODEL_THRESHOLD,1,24.46108314799858,5.716352
STAGE_MODEL_THRESHOLD,1,24.51520963999792,5.747456
STAGE_MODEL_THRESHOLD,1,24.569443245000002,5.676096
STAGE_MODEL_THRESHOLD,1,24.623606709999876,5.716352
STAGE_MODEL_THRESHOLD,1,24.67774199699852,5.756608
STAGE_MODEL_THRESHOLD,1,24.731894202999683,5.676096
STAGE_MODEL_THRESHOLD,1,24.786133629997494,5.716352
STAGE_MODEL_THRESHOLD,1,24.840291241998784,5.716352
STAGE_MODEL_THRESHOLD,1,24.894423393998295,5.676096
STAGE_MODEL_THRESHOLD,1,24.948547869997128,5.747456
STAGE_MODEL_THRESHOLD,1,25.0027377539991,5.676096
STAGE_MODEL_THRESHOLD,1,25.05694644399773,5.716352
STAGE_MODEL_THRESHOLD,1,25.111442669996904,5.747456
STAGE_MODEL_THRESHOLD,1,25.16573790899929,5.676096
STAGE_MODEL_THRESHOLD,1,25.219973944997037,5.707264
STAGE_MODEL_THRESHOLD,1,25.274316839997482,5.716352
STAGE_MODEL_THRESHOLD,1,25.32860101299957,5.676096
STAGE_MODEL_THRESHOLD,1,25.382799371996953,5.747456
STAGE_MODEL_THRESHOLD,1,25.437030993998633,5.676096
STAGE_MODEL_THRESHOLD,1,25.49117117499918,5.716352
STAGE_MODEL_THRESHOLD,1,25.54533857399656,5.756608
STAGE_MODEL_THRESHOLD,1,25.599478817999625,5.676096
STAGE_MODEL_THRESHOLD,1,25.653726368997013,5.716352
STAGE_MODEL_THRESHOLD,1,25.70790153899725,5.716352
STAGE_MODEL_THRESHOLD,1,25.762129867998738,5.676096
STAGE_MODEL_THRESHOLD,1,25.81629477199749,5.716352
STAGE_MODEL_THRESHOLD,1,25.870459195997682,5.676096
STAGE_MODEL_THRESHOLD,1,25.92459796899857,5.716352
STAGE_MODEL_THRESHOLD,1,25.97874329899787,5.756608
STAGE_MODEL_THRESHOLD,1,26.033352204998664,5.63584
STAGE_MODEL_THRESHOLD,1,26.08748614799697,5.716352
STAGE_MODEL_THRESHOLD,1,26.141590729999734,5.716352
STAGE_MODEL_THRESHOLD,1,26.19570935399679,5.676096
STAGE_MODEL_THRESHOLD,1,26.249828423999134,5.716352
STAGE_MODEL_THRESHOLD,1,26.304156190999493,5.676096
STAGE_MODEL_THRESHOLD,1,26.358294835998095,5.676096
STAGE_MODEL_THRESHOLD,1,26.412395643998025,5.747456
STAGE_MODEL_THRESHOLD,1,26.466527508997387,5.63584
STAGE_MODEL_THRESHOLD,1,26.52067920299669,5.716352
STAGE_MODEL_THRESHOLD,1,26.57481103600003,5.707264
STAGE_MODEL_THRESHOLD,1,26.62896701599675,5.676096
STAGE_MODEL_THRESHOLD,1,26.683110106998356,5.707264
STAGE_MODEL_THRESHOLD,1,26.73722540399831,5.676096
STAGE_MODEL_THRESHOLD,1,26.791369549999217,5.667072
STAGE_MODEL_THRESHOLD,1,26.845474835998175,5.707264
STAGE_MODEL_THRESHOLD,1,26.89963638199697,5.62688
STAGE_MODEL_THRESHOLD,1,26.953791210999043,5.707264
STAGE_MODEL_THRESHOLD,1,27.0079013579998,5.667072
STAGE_MODEL_THRESHOLD,1,27.06206280799961,5.667072
STAGE_MODEL_THRESHOLD,1,27.11624181699881,5.707264
STAGE_MODEL_THRESHOLD,1,27.170379758998024,5.667072
STAGE_MODEL_THRESHOLD,1,27.22449035399768,5.667072
STAGE_MODEL_THRESHOLD,1,27.278632068999286,5.747456
STAGE_MODEL_THRESHOLD,1,27.33295471800011,5.62688
STAGE_MODEL_THRESHOLD,1,27.387122724998335,5.707264
STAGE_MODEL_THRESHOLD,1,27.441240931999346,5.707264
STAGE_MODEL_THRESHOLD,1,27.495360674998665,5.667072
STAGE_MODEL_THRESHOLD,1,27.549470245998236,5.707264
STAGE_MODEL_THRESHOLD,1,27.60357159799969,5.667072
STAGE_MODEL_THRESHOLD,1,27.657698056998925,5.707264
STAGE_MODEL_THRESHOLD,1,27.71180634999837,5.747456
STAGE_MODEL_THRESHOLD,1,27.765965464997862,5.676096
STAGE_MODEL_THRESHOLD,1,27.820061410999188,5.707264
STAGE_MODEL_THRESHOLD,1,27.87416896799914,5.707264
STAGE_MODEL_THRESHOLD,1,27.928283112996724,5.676096
STAGE_MODEL_THRESHOLD,1,27.982404934999067,5.747456
STAGE_MODEL_THRESHOLD,1,28.03651981599978,5.676096
STAGE_MODEL_THRESHOLD,1,28.090707300998474,5.716352
STAGE_MODEL_THRESHOLD,1,28.144825539999147,5.747456
STAGE_MODEL_THRESHOLD,1,28.19894256399857,5.676096
STAGE_MODEL_THRESHOLD,1,28.253077626999584,5.747456
STAGE_MODEL_THRESHOLD,1,28.307486216999678,5.747456
STAGE_MODEL_THRESHOLD,1,28.361744929999986,5.716352
STAGE_MODEL_THRESHOLD,1,28.415935772998637,5.747456
STAGE_MODEL_THRESHOLD,1,28.470080078997853,5.716352
STAGE_MODEL_THRESHOLD,1,28.52537404999748,5.716352
STAGE_MODEL_THRESHOLD,1,28.579596397998102,5.747456
STAGE_MODEL_THRESHOLD,1,28.63375212199753,5.676096
STAGE_MODEL_THRESHOLD,1,28.68826382899715,5.716352
STAGE_MODEL_THRESHOLD,1,28.74243017199842,5.747456
STAGE_MODEL_THRESHOLD,1,28.79663473599794,5.716352
STAGE_MODEL_THRESHOLD,1,28.850730810998357,5.747456
STAGE_MODEL_THRESHOLD,1,28.90525019299821,5.716352
STAGE_MODEL_THRESHOLD,1,28.959401855998294,5.716352
STAGE_MODEL_THRESHOLD,1,29.013918519998697,5.747456
STAGE_MODEL_THRESHOLD,1,29.06959402799839,5.676096
STAGE_MODEL_THRESHOLD,1,29.12381711099806,5.716352
STAGE_MODEL_THRESHOLD,1,29.17808202899687,5.747456
STAGE_MODEL_THRESHOLD,1,29.232687416999397,5.676096
STAGE_MODEL_THRESHOLD,1,29.28683450599783,5.707264
STAGE_MODEL_THRESHOLD,1,29.340999185998953,5.707264
STAGE_MODEL_THRESHOLD,1,29.395408734999364,5.676096
STAGE_MODEL_THRESHOLD,1,29.449609141996916,5.747456
STAGE_MODEL_THRESHOLD,1,29.503760420997423,5.676096
STAGE_MODEL_THRESHOLD,1,29.557907317997888,5.716352
STAGE_MODEL_THRESHOLD,1,29.61202408600002,5.747456
STAGE_MODEL_THRESHOLD,1,29.666183743996953,5.676096
STAGE_MODEL_THRESHOLD,1,29.72072218899848,5.716352
STAGE_MODEL_THRESHOLD,1,29.77496212799815,5.716352
STAGE_MODEL_THRESHOLD,1,29.82913940999788,5.676096
STAGE_MODEL_THRESHOLD,1,29.883310646997415,5.756608
STAGE_MODEL_THRESHOLD,1,29.937520296000002,5.676096
STAGE_MODEL_THRESHOLD,1,29.99170653299734,5.716352
BASELINE_IDLE,2,0.001067178000084823,3.109568
BASELINE_IDLE,2,0.0554250739987765,3.149952
BASELINE_IDLE,2,0.10966248499971698,3.149952
BASELINE_IDLE,2,0.16384031100096763,3.149952
BASELINE_IDLE,2,0.2179886150006496,3.149952
BASELINE_IDLE,2,0.2721256609984266,3.109568
BASELINE_IDLE,2,0.32629110899870284,3.109568
BASELINE_IDLE,2,0.3806500919999962,3.149952
BASELINE_IDLE,2,0.43481764999887673,3.149952
BASELINE_IDLE,2,0.4889665939990664,3.149952
BASELINE_IDLE,2,0.5431254529976286,3.149952
BASELINE_IDLE,2,0.597321990000637,3.149952
BASELINE_IDLE,2,0.6515909379995719,3.149952
BASELINE_IDLE,2,0.7058192660006171,3.149952
BASELINE_IDLE,2,0.760093107001012,3.149952
BASELINE_IDLE,2,0.8142894519987749,3.149952
BASELINE_IDLE,2,0.8684966699984216,3.149952
BASELINE_IDLE,2,0.9226341959983984,3.149952
BASELINE_IDLE,2,0.9767736409994541,3.149952
BASELINE_IDLE,2,1.0309415189985884,3.149952
BASELINE_IDLE,2,1.0850693539978238,3.149952
BASELINE_IDLE,2,1.1392149079983938,3.109568
BASELINE_IDLE,2,1.1933480839979893,3.109568
BASELINE_IDLE,2,1.2475063349993434,3.109568
BASELINE_IDLE,2,1.3016469629983476,3.109568
BASELINE_IDLE,2,1.3558090519982215,3.149952
BASELINE_IDLE,2,1.4101179799981765,3.109568
BASELINE_IDLE,2,1.4642979489981371,3.109568
BASELINE_IDLE,2,1.5184702730002755,3.109568
BASELINE_IDLE,2,1.5726226389997464,3.109568
BASELINE_IDLE,2,1.6268076929991366,3.109568
BASELINE_IDLE,2,1.680943331997696,3.109568
BASELINE_IDLE,2,1.7351725879998412,3.109568
BASELINE_IDLE,2,1.7893238670003484,3.109568
BASELINE_IDLE,2,1.8434605929978716,3.109568
BASELINE_IDLE,2,1.8977081429984537,3.109568
BASELINE_IDLE,2,1.951894508998521,3.109568
BASELINE_IDLE,2,2.0060284200008027,3.109568
BASELINE_IDLE,2,2.060227482998016,3.109568
BASELINE_IDLE,2,2.1144524209994415,3.109568
BASELINE_IDLE,2,2.1686263759984286,3.109568
BASELINE_IDLE,2,2.222774040998047,3.109568
BASELINE_IDLE,2,2.2769294459976663,3.109568
BASELINE_IDLE,2,2.331046917999629,3.109568
BASELINE_IDLE,2,2.385180508998019,3.149952
BASELINE_IDLE,2,2.439461931000551,3.149952
BASELINE_IDLE,2,2.493618134998542,3.149952
BASELINE_IDLE,2,2.5477935939998133,3.149952
BASELINE_IDLE,2,2.601913816000888,3.109568
BASELINE_IDLE,2,2.656034773997817,3.109568
BASELINE_IDLE,2,2.7102707470003224,3.109568
BASELINE_IDLE,2,2.7644119830001728,3.109568
BASELINE_IDLE,2,2.8186046490009176,3.109568
BASELINE_IDLE,2,2.8728308659992763,3.109568
BASELINE_IDLE,2,2.9269625390006695,3.109568
BASELINE_IDLE,2,2.9811056939979608,3.109568
BASELINE_IDLE,2,3.0352193910002825,3.109568
BASELINE_IDLE,2,3.0893545819999417,3.149952
BASELINE_IDLE,2,3.1435162560010212,3.109568
BASELINE_IDLE,2,3.1976364459987963,3.109568
BASELINE_IDLE,2,3.251736677997542,3.109568
BASELINE_IDLE,2,3.3058952179999324,3.109568
BASELINE_IDLE,2,3.3601072339988605,3.109568
BASELINE_IDLE,2,3.4142779909998353,3.149952
BASELINE_IDLE,2,3.468562643000041,3.109568
BASELINE_IDLE,2,3.5227162249975663,3.149952
BASELINE_IDLE,2,3.5769406510007684,3.149952
BASELINE_IDLE,2,3.631288535998465,3.109568
BASELINE_IDLE,2,3.685461690998636,3.109568
BASELINE_IDLE,2,3.7396546449999732,3.109568
BASELINE_IDLE,2,3.7945219819994236,3.109568
BASELINE_IDLE,2,3.848777496998082,3.109568
BASELINE_IDLE,2,3.9030191940000805,3.109568
BASELINE_IDLE,2,3.9571514109993586,3.109568
BASELINE_IDLE,2,4.0113204720000795,3.109568
BASELINE_IDLE,2,4.065485088998685,3.109568
BASELINE_IDLE,2,4.119689940998796,3.109568
BASELINE_IDLE,2,4.173934228998405,3.109568
BASELINE_IDLE,2,4.228083620997495,3.109568
BASELINE_IDLE,2,4.282248077000986,3.109568
BASELINE_IDLE,2,4.336381764998805,3.109568
BASELINE_IDLE,2,4.391193032999581,3.109568
BASELINE_IDLE,2,4.445345079999242,3.149952
BASELINE_IDLE,2,4.499599315000523,3.109568
BASELINE_IDLE,2,4.5537610840001435,3.109568
BASELINE_IDLE,2,4.607941725000273,3.114496
BASELINE_IDLE,2,4.662085870997544,3.109568
BASELINE_IDLE,2,4.716328911999881,3.109568
BASELINE_IDLE,2,4.770499892998487,3.109568
BASELINE_IDLE,2,4.824657280998508,3.109568
BASELINE_IDLE,2,4.878912187999958,3.109568
BASELINE_IDLE,2,4.933052847998624,3.109568
BASELINE_IDLE,2,4.987194051998813,3.109568
BASELINE_IDLE,2,5.041330297997774,3.109568
BASELINE_IDLE,2,5.095446682000329,3.109568
BASELINE_IDLE,2,5.149612353998236,3.109568
BASELINE_IDLE,2,5.2037588029998005,3.109568
BASELINE_IDLE,2,5.257919356998173,3.109568
BASELINE_IDLE,2,5.312049813997874,3.109568
BASELINE_IDLE,2,5.36620928100092,3.109568
BASELINE_IDLE,2,5.420333725000091,3.109568
BASELINE_IDLE,2,5.474462550999306,3.149952
BASELINE_IDLE,2,5.52892576999875,3.109568
BASELINE_IDLE,2,5.583081462998962,3.149952
BASELINE_IDLE,2,5.6372366119976505,3.149952
BASELINE_IDLE,2,5.691380757998559,3.109568
BASELINE_IDLE,2,5.745610046000365,3.109568
BASELINE_IDLE,2,5.799749138997868,3.109568
BASELINE_IDLE,2,5.853901056998438,3.109568
BASELINE_IDLE,2,5.908110131000285,3.109568
BASELINE_IDLE,2,5.9622933299979195,3.109568
BASELINE_IDLE,2,6.016427210000984,3.109568
BASELINE_IDLE,2,6.070631742000842,3.109568
BASELINE_IDLE,2,6.124852873999771,3.109568
BASELINE_IDLE,2,6.1790061030005745,3.109568
BASELINE_IDLE,2,6.233151496999199,3.109568
BASELINE_IDLE,2,6.2872922210008255,3.109568
BASELINE_IDLE,2,6.341403743997944,3.109568
BASELINE_IDLE,2,6.395535192998068,3.109568
BASELINE_IDLE,2,6.449644060998253,3.109568
BASELINE_IDLE,2,6.503803560000961,3.109568
BASELINE_IDLE,2,6.558087507997698,3.109568
BASELINE_IDLE,2,6.612236387998564,3.109568
BASELINE_IDLE,2,6.666419298999244,3.109568
BASELINE_IDLE,2,6.720634098001028,3.109568
BASELINE_IDLE,2,6.774771336000413,3.109568
BASELINE_IDLE,2,6.828944619999675,3.109568
BASELINE_IDLE,2,6.883157468000718,3.109568
BASELINE_IDLE,2,6.937305835999723,3.109568
BASELINE_IDLE,2,6.9914828299988585,3.149952
BASELINE_IDLE,2,7.046094421999442,3.190336
BASELINE_IDLE,2,7.100503491998097,3.190336
BASELINE_IDLE,2,7.154677927999728,3.190336
BASELINE_IDLE,2,7.208908845997939,3.190336
BASELINE_IDLE,2,7.2636953279979934,3.149952
BASELINE_IDLE,2,7.318406293998123,3.149952
BASELINE_IDLE,2,7.373293589000241,3.149952
BASELINE_IDLE,2,7.429915247997997,3.149952
BASELINE_IDLE,2,7.484084309999162,3.149952
BASELINE_IDLE,2,7.538314172998071,3.149952
BASELINE_IDLE,2,7.593249924000702,3.149952
BASELINE_IDLE,2,7.647444092999649,3.149952
BASELINE_IDLE,2,7.701660586997605,3.149952
BASELINE_IDLE,2,7.756181536999065,3.149952
BASELINE_IDLE,2,7.8104220509994775,3.149952
BASELINE_IDLE,2,7.864723270999093,3.149952
BASELINE_IDLE,2,7.9191315099997155,3.149952
BASELINE_IDLE,2,7.973281701000815,3.149952
BASELINE_IDLE,2,8.027389001999836,3.149952
BASELINE_IDLE,2,8.083785268998327,3.149952
BASELINE_IDLE,2,8.137982029998966,3.149952
BASELINE_IDLE,2,8.192231722998258,3.154944
BASELINE_IDLE,2,8.246353416998318,3.154944
BASELINE_IDLE,2,8.300557884998852,3.149952
BASELINE_IDLE,2,8.354741914998158,3.149952
BASELINE_IDLE,2,8.4089113609989,3.109568
BASELINE_IDLE,2,8.46302509099769,3.114496
BASELINE_IDLE,2,8.518373817998508,3.114496
BASELINE_IDLE,2,8.572542719997728,3.149952
BASELINE_IDLE,2,8.62758353800018,3.149952
BASELINE_IDLE,2,8.681776139997964,3.149952
BASELINE_IDLE,2,8.736007027000596,3.149952
BASELINE_IDLE,2,8.792390948998218,3.149952
BASELINE_IDLE,2,8.84656618399822,3.149952
BASELINE_IDLE,2,8.90076326399867,3.154944
BASELINE_IDLE,2,8.955652093998651,3.149952
BASELINE_IDLE,2,9.010353593999753,3.149952
BASELINE_IDLE,2,9.067173937000916,3.149952
BASELINE_IDLE,2,9.121334108000156,3.109568
BASELINE_IDLE,2,9.175565953999467,3.109568
BASELINE_IDLE,2,9.22972916299841,3.109568
BASELINE_IDLE,2,9.284518107000622,3.109568
BASELINE_IDLE,2,9.338698938998277,3.109568
BASELINE_IDLE,2,9.392844715999672,3.109568
BASELINE_IDLE,2,9.44767421600045,3.109568
BASELINE_IDLE,2,9.503783170999668,3.109568
BASELINE_IDLE,2,9.55798872699961,3.149952
BASELINE_IDLE,2,9.613344042998506,3.149952
BASELINE_IDLE,2,9.667565782998281,3.149952
BASELINE_IDLE,2,9.722534861000895,3.149952
BASELINE_IDLE,2,9.776681437997468,3.149952
BASELINE_IDLE,2,9.831159017998289,3.109568
BASELINE_IDLE,2,9.885956052999973,3.109568
BASELINE_IDLE,2,9.941569608999998,3.109568
BASELINE_IDLE,2,9.998139868999715,3.109568
BASELINE_IDLE,2,10.052330679998704,3.109568
BASELINE_IDLE,2,10.10650022199843,3.109568
BASELINE_IDLE,2,10.160651693000545,3.109568
BASELINE_IDLE,2,10.21559166500083,3.109568
BASELINE_IDLE,2,10.269766515997617,3.109568
BASELINE_IDLE,2,10.323996060000354,3.109568
BASELINE_IDLE,2,10.37822118999975,3.109568
BASELINE_IDLE,2,10.432335015000717,3.109568
BASELINE_IDLE,2,10.488714938997873,3.109568
BASELINE_IDLE,2,10.542914482000924,3.109568
BASELINE_IDLE,2,10.598927069000638,3.149952
BASELINE_IDLE,2,10.653196752999065,3.149952
BASELINE_IDLE,2,10.70745319499838,3.149952
BASELINE_IDLE,2,10.76161761899857,3.149952
BASELINE_IDLE,2,10.81572453699846,3.149952
BASELINE_IDLE,2,10.870559376999154,3.109568
BASELINE_IDLE,2,10.924697159000061,3.109568
BASELINE_IDLE,2,10.979184269999678,3.109568
BASELINE_IDLE,2,11.034077608997904,3.109568
BASELINE_IDLE,2,11.090670674999274,3.109568
BASELINE_IDLE,2,11.144879077000951,3.109568
BASELINE_IDLE,2,11.199650365997513,3.109568
BASELINE_IDLE,2,11.253993037000328,3.109568
BASELINE_IDLE,2,11.308106190997933,3.109568
BASELINE_IDLE,2,11.36260874999789,3.109568
BASELINE_IDLE,2,11.418285697000101,3.109568
BASELINE_IDLE,2,11.47307838299821,3.109568
BASELINE_IDLE,2,11.528664368001046,3.109568
BASELINE_IDLE,2,11.583992945998034,3.109568
BASELINE_IDLE,2,11.63817121899774,3.109568
BASELINE_IDLE,2,11.692494891998649,3.149952
BASELINE_IDLE,2,11.746705212997767,3.149952
BASELINE_IDLE,2,11.80083832499804,3.149952
BASELINE_IDLE,2,11.854958420000912,3.149952
BASELINE_IDLE,2,11.909854350000387,3.149952
BASELINE_IDLE,2,11.963988292998692,3.149952
BASELINE_IDLE,2,12.018482504998246,3.149952
BASELINE_IDLE,2,12.075750592000986,3.149952
BASELINE_IDLE,2,12.129918182999972,3.149952
BASELINE_IDLE,2,12.18410873799803,3.149952
BASELINE_IDLE,2,12.23825576300078,3.109568
BASELINE_IDLE,2,12.293175234000955,3.109568
BASELINE_IDLE,2,12.347569462999672,3.109568
BASELINE_IDLE,2,12.401757330997498,3.109568
BASELINE_IDLE,2,12.455887565000012,3.109568
BASELINE_IDLE,2,12.510022403999756,3.109568
BASELINE_IDLE,2,12.564140130998567,3.109568
BASELINE_IDLE,2,12.618349684998975,3.109568
BASELINE_IDLE,2,12.67253361999974,3.149952
BASELINE_IDLE,2,12.726718672998686,3.149952
BASELINE_IDLE,2,12.780906190000678,3.109568
BASELINE_IDLE,2,12.83502142299767,3.109568
BASELINE_IDLE,2,12.889220165998267,3.109568
BASELINE_IDLE,2,12.943365111997991,3.109568
BASELINE_IDLE,2,12.997502350001014,3.109568
BASELINE_IDLE,2,13.051801106998028,3.109568
BASELINE_IDLE,2,13.108113927999511,3.109568
BASELINE_IDLE,2,13.162332373998652,3.109568
BASELINE_IDLE,2,13.216520401998423,3.109568
BASELINE_IDLE,2,13.27100834399971,3.109568
BASELINE_IDLE,2,13.32583448600053,3.109568
BASELINE_IDLE,2,13.3806816719989,3.109568
BASELINE_IDLE,2,13.43606209599966,3.109568
BASELINE_IDLE,2,13.492294925999886,3.109568
BASELINE_IDLE,2,13.546485225000652,3.109568
BASELINE_IDLE,2,13.601784857000894,3.109568
BASELINE_IDLE,2,13.655955678997998,3.109568
BASELINE_IDLE,2,13.710938861000614,3.109568
BASELINE_IDLE,2,13.765148511000007,3.109568
BASELINE_IDLE,2,13.819618030000129,3.109568
BASELINE_IDLE,2,13.873776730000827,3.109568
BASELINE_IDLE,2,13.927981901000749,3.109568
BASELINE_IDLE,2,13.982125343998632,3.109568
BASELINE_IDLE,2,14.036266259998229,3.109568
BASELINE_IDLE,2,14.090395405997697,3.109568
BASELINE_IDLE,2,14.144567282997741,3.109568
BASELINE_IDLE,2,14.198775524997473,3.109568
BASELINE_IDLE,2,14.252930610000476,3.109568
BASELINE_IDLE,2,14.307059308001044,3.109568
BASELINE_IDLE,2,14.361285077000502,3.109568
BASELINE_IDLE,2,14.415421675999823,3.109568
BASELINE_IDLE,2,14.469598637999297,3.109568
BASELINE_IDLE,2,14.525121454000328,3.109568
BASELINE_IDLE,2,14.579288692999398,3.109568
BASELINE_IDLE,2,14.63347528200029,3.109568
BASELINE_IDLE,2,14.687637372000609,3.109568
BASELINE_IDLE,2,14.742040715998883,3.109568
BASELINE_IDLE,2,14.796222860000853,3.109568
BASELINE_IDLE,2,14.850391825999395,3.109568
BASELINE_IDLE,2,14.904603682000015,3.109568
BASELINE_IDLE,2,14.95873295599813,3.109568
STAGE_MODEL_INFER,2,0.0012151040027674753,3.109568
STAGE_MODEL_INFER,2,0.05567403700115392,3.473024
STAGE_MODEL_INFER,2,0.10970457599978545,3.715328
STAGE_MODEL_INFER,2,0.1638963790028356,3.87072
STAGE_MODEL_INFER,2,0.21803425600228366,4.19328
STAGE_MODEL_INFER,2,0.2721606840023014,4.31424
STAGE_MODEL_INFER,2,0.3263174000021536,4.51584
STAGE_MODEL_INFER,2,0.38042745100028696,4.709952
STAGE_MODEL_INFER,2,0.43458234400168294,4.750208
STAGE_MODEL_INFER,2,0.48876759000268066,4.911232
STAGE_MODEL_INFER,2,0.5428894750002655,5.032
STAGE_MODEL_INFER,2,0.5970447840009001,5.072256
STAGE_MODEL_INFER,2,0.651175401002547,5.193024
STAGE_MODEL_INFER,2,0.7054249350003374,5.23328
STAGE_MODEL_INFER,2,0.7597624890004226,5.273536
STAGE_MODEL_INFER,2,0.8141384230002586,5.394304
STAGE_MODEL_INFER,2,0.8683783300002688,5.354048
STAGE_MODEL_INFER,2,0.9225975740009744,5.43456
STAGE_MODEL_INFER,2,0.9772074400025303,5.474816
STAGE_MODEL_INFER,2,1.0314457790009328,5.43456
STAGE_MODEL_INFER,2,1.0856354070019734,5.515072
STAGE_MODEL_INFER,2,1.1398022940011288,5.515072
STAGE_MODEL_INFER,2,1.194060015001014,5.555328
STAGE_MODEL_INFER,2,1.248228628999641,5.595584
STAGE_MODEL_INFER,2,1.3024301550030941,5.555328
STAGE_MODEL_INFER,2,1.356682184003148,5.595584
STAGE_MODEL_INFER,2,1.410826426003041,5.63584
STAGE_MODEL_INFER,2,1.4653601690006326,5.595584
STAGE_MODEL_INFER,2,1.5196082640031818,5.63584
STAGE_MODEL_INFER,2,1.573783211002592,5.63584
STAGE_MODEL_INFER,2,1.6279838730006304,5.63584
STAGE_MODEL_INFER,2,1.6821433400000387,5.676096
STAGE_MODEL_INFER,2,1.7363331590022426,5.63584
STAGE_MODEL_INFER,2,1.7905511560020386,5.676096
STAGE_MODEL_INFER,2,1.8447469890015782,5.716352
STAGE_MODEL_INFER,2,1.898932619002153,5.63584
STAGE_MODEL_INFER,2,1.9531123630004004,5.676096
STAGE_MODEL_INFER,2,2.0072250370030815,5.676096
STAGE_MODEL_INFER,2,2.0628484440021566,5.676096
STAGE_MODEL_INFER,2,2.1170081020027283,5.716352
STAGE_MODEL_INFER,2,2.1716076690026966,5.676096
STAGE_MODEL_INFER,2,2.2258203250021324,5.676096
STAGE_MODEL_INFER,2,2.2799660390010104,5.707264
STAGE_MODEL_INFER,2,2.334106027003145,5.63584
STAGE_MODEL_INFER,2,2.3882311430024856,5.707264
STAGE_MODEL_INFER,2,2.4423481990015716,5.707264
STAGE_MODEL_INFER,2,2.4965021640018676,5.676096
STAGE_MODEL_INFER,2,2.550657089002925,5.707264
STAGE_MODEL_INFER,2,2.6047863950007013,5.676096
STAGE_MODEL_INFER,2,2.6589237290027086,5.667072
STAGE_MODEL_INFER,2,2.7131335390004097,5.747456
STAGE_MODEL_INFER,2,2.7673082620021887,5.667072
STAGE_MODEL_INFER,2,2.8216533310005616,5.707264
STAGE_MODEL_INFER,2,2.8757949829996505,5.707264
STAGE_MODEL_INFER,2,2.9299857940022775,5.667072
STAGE_MODEL_INFER,2,2.984088553002948,5.707264
STAGE_MODEL_INFER,2,3.038199884002097,5.667072
STAGE_MODEL_INFER,2,3.0923254160006763,5.707264
STAGE_MODEL_INFER,2,3.146477430000232,5.747456
STAGE_MODEL_INFER,2,3.20064441300201,5.667072
STAGE_MODEL_INFER,2,3.2548292110004695,5.707264
STAGE_MODEL_INFER,2,3.308925542001816,5.707264
STAGE_MODEL_INFER,2,3.3630348890001187,5.667072
STAGE_MODEL_INFER,2,3.417135825002333,5.747456
STAGE_MODEL_INFER,2,3.471267146000173,5.667072
STAGE_MODEL_INFER,2,3.525378701000591,5.707264
STAGE_MODEL_INFER,2,3.579515747002006,5.747456
STAGE_MODEL_INFER,2,3.6337430519997724,5.676096
STAGE_MODEL_INFER,2,3.6879866039998888,5.707264
STAGE_MODEL_INFER,2,3.74216545300078,5.747456
STAGE_MODEL_INFER,2,3.7965925940006855,5.707264
STAGE_MODEL_INFER,2,3.850773170001048,5.747456
STAGE_MODEL_INFER,2,3.9049296940029308,5.707264
STAGE_MODEL_INFER,2,3.9590508120018058,5.707264
STAGE_MODEL_INFER,2,4.0131600000022445,5.787648
STAGE_MODEL_INFER,2,4.06875989800028,5.716352
STAGE_MODEL_INFER,2,4.122922276001191,5.747456
STAGE_MODEL_INFER,2,4.177103939000517,5.747456
STAGE_MODEL_INFER,2,4.2312579690005805,5.707264
STAGE_MODEL_INFER,2,4.285873623000953,5.747456
STAGE_MODEL_INFER,2,4.340526187002979,5.747456
STAGE_MODEL_INFER,2,4.3947235550003825,5.707264
STAGE_MODEL_INFER,2,4.449249174002034,5.787648
STAGE_MODEL_INFER,2,4.503448237002885,5.716352
STAGE_MODEL_INFER,2,4.557678837001731,5.747456
STAGE_MODEL_INFER,2,4.611795445001917,5.787648
STAGE_MODEL_INFER,2,4.665926734000095,5.716352
STAGE_MODEL_INFER,2,4.721117236000282,5.747456
STAGE_MODEL_INFER,2,4.77533664099974,5.747456
STAGE_MODEL_INFER,2,4.829625579001004,5.716352
STAGE_MODEL_INFER,2,4.883766558999923,5.787648
STAGE_MODEL_INFER,2,4.937932167002145,5.716352
STAGE_MODEL_INFER,2,4.992111112002021,5.756608
STAGE_MODEL_INFER,2,5.046250333001808,5.787648
STAGE_MODEL_INFER,2,5.100449683002807,5.716352
STAGE_MODEL_INFER,2,5.1545972200001415,5.747456
STAGE_MODEL_INFER,2,5.208688785001868,5.756608
STAGE_MODEL_INFER,2,5.262817131002521,5.716352
STAGE_MODEL_INFER,2,5.316907800002809,5.787648
STAGE_MODEL_INFER,2,5.371017436002148,5.716352
STAGE_MODEL_INFER,2,5.425142935000622,5.756608
STAGE_MODEL_INFER,2,5.479275344001508,5.787648
STAGE_MODEL_INFER,2,5.533418019000237,5.716352
STAGE_MODEL_INFER,2,5.587549947002117,5.756608
STAGE_MODEL_INFER,2,5.641652163001709,5.756608
STAGE_MODEL_INFER,2,5.69577785400179,5.716352
STAGE_MODEL_INFER,2,5.749921265000012,5.796864
STAGE_MODEL_INFER,2,5.804052490002505,5.756608
STAGE_MODEL_INFER,2,5.858365992000472,5.756608
STAGE_MODEL_INFER,2,5.912526226002228,5.787648
STAGE_MODEL_INFER,2,5.966648559002351,5.716352
STAGE_MODEL_INFER,2,6.020860480002739,5.948416
STAGE_MODEL_INFER,2,6.075067571000545,6.22976
STAGE_MODEL_INFER,2,6.131607862000237,6.380352
STAGE_MODEL_INFER,2,6.187310877001437,6.62112
STAGE_MODEL_INFER,2,6.241472742000042,6.741504
STAGE_MODEL_INFER,2,6.295538080001279,6.81088
STAGE_MODEL_INFER,2,6.349639816002309,6.931072
STAGE_MODEL_INFER,2,6.403670547002548,6.931072
STAGE_MODEL_INFER,2,6.457731311002135,7.0112
STAGE_MODEL_INFER,2,6.511718320001819,7.131392
STAGE_MODEL_INFER,2,6.5657943719998,7.091328
STAGE_MODEL_INFER,2,6.619917408999754,7.16
STAGE_MODEL_INFER,2,6.673790076001751,7.16
STAGE_MODEL_INFER,2,6.727725015000033,7.2
STAGE_MODEL_INFER,2,6.7816509020012745,7.28
STAGE_MODEL_INFER,2,6.8357136490012635,7.2
STAGE_MODEL_INFER,2,6.88970459200209,7.28
STAGE_MODEL_INFER,2,6.9435943700009375,7.36
STAGE_MODEL_INFER,2,6.997686798000359,7.4
STAGE_MODEL_INFER,2,7.052069993002078,7.52
STAGE_MODEL_INFER,2,7.106246251001721,7.56
STAGE_MODEL_INFER,2,7.160374917002628,7.747584
STAGE_MODEL_INFER,2,7.21684426900174,7.9872
STAGE_MODEL_INFER,2,7.271295302001818,8.027136
STAGE_MODEL_INFER,2,7.326933708001889,8.146944
STAGE_MODEL_INFER,2,7.381146748000901,8.306688
STAGE_MODEL_INFER,2,7.439477728003112,8.266752
STAGE_MODEL_INFER,2,7.493545528999675,8.18688
STAGE_MODEL_INFER,2,7.547711392002384,8.18688
STAGE_MODEL_INFER,2,7.601776954001252,7.907328
STAGE_MODEL_INFER,2,7.65574941000159,7.72
STAGE_MODEL_INFER,2,7.710015896002005,7.52
STAGE_MODEL_INFER,2,7.764467536002485,7.251584
STAGE_MODEL_INFER,2,7.8188304850009445,7.091328
STAGE_MODEL_INFER,2,7.873119551000855,6.931072
STAGE_MODEL_INFER,2,7.927429119001317,6.770816
STAGE_MODEL_INFER,2,7.981825939001283,6.690688
STAGE_MODEL_INFER,2,8.03609699700246,6.540864
STAGE_MODEL_INFER,2,8.090392268000869,6.460608
STAGE_MODEL_INFER,2,8.144594209999923,6.380352
STAGE_MODEL_INFER,2,8.198759465001785,6.259968
STAGE_MODEL_INFER,2,8.253765133002162,6.21984
STAGE_MODEL_INFER,2,8.307963684001152,6.149376
STAGE_MODEL_INFER,2,8.362113971001236,6.068992
STAGE_MODEL_INFER,2,8.416279867000412,6.139584
STAGE_MODEL_INFER,2,8.470391294002184,6.099456
STAGE_MODEL_INFER,2,8.525303088001237,6.179712
STAGE_MODEL_INFER,2,8.579576961001294,6.179712
STAGE_MODEL_INFER,2,8.634080832001928,6.059328
STAGE_MODEL_INFER,2,8.688737234002474,6.059328
STAGE_MODEL_INFER,2,8.743223385001329,6.0192
STAGE_MODEL_INFER,2,8.797877069002425,5.948416
STAGE_MODEL_INFER,2,8.85219108200181,5.948416
STAGE_MODEL_INFER,2,8.906373290003103,5.908224
STAGE_MODEL_INFER,2,8.960545358000672,5.868032
STAGE_MODEL_INFER,2,9.014665037000668,5.908224
STAGE_MODEL_INFER,2,9.068960915003117,5.82784
STAGE_MODEL_INFER,2,9.123360454002977,5.938944
STAGE_MODEL_INFER,2,9.177856936003082,6.21984
STAGE_MODEL_INFER,2,9.232324792003055,6.099456
STAGE_MODEL_INFER,2,9.286925446001987,6.099456
STAGE_MODEL_INFER,2,9.34114712200244,6.059328
STAGE_MODEL_INFER,2,9.395336334000604,5.979072
STAGE_MODEL_INFER,2,9.449531303002004,6.0192
STAGE_MODEL_INFER,2,9.50375339400125,5.908224
STAGE_MODEL_INFER,2,9.558594824000465,5.908224
STAGE_MODEL_INFER,2,9.612728415002493,5.948416
STAGE_MODEL_INFER,2,9.667429755001649,5.868032
STAGE_MODEL_INFER,2,9.72171261600306,5.979072
STAGE_MODEL_INFER,2,9.776361886000814,6.0192
STAGE_MODEL_INFER,2,9.830829038000957,5.979072
STAGE_MODEL_INFER,2,9.885237149002933,5.979072
STAGE_MODEL_INFER,2,9.93955429700145,5.938944
STAGE_MODEL_INFER,2,9.993847297002503,5.908224
STAGE_MODEL_INFER,2,10.04807543300194,5.948416
STAGE_MODEL_INFER,2,10.1024109400023,5.82784
STAGE_MODEL_INFER,2,10.15722918100073,5.868032
STAGE_MODEL_INFER,2,10.211828971001523,5.868032
STAGE_MODEL_INFER,2,10.266101437002362,5.787648
STAGE_MODEL_INFER,2,10.320259529002215,5.82784
STAGE_MODEL_INFER,2,10.37448542600032,5.82784
STAGE_MODEL_INFER,2,10.428630820002581,5.787648
STAGE_MODEL_INFER,2,10.483099348002725,5.82784
STAGE_MODEL_INFER,2,10.538228826000704,5.747456
STAGE_MODEL_INFER,2,10.592400478002673,5.747456
STAGE_MODEL_INFER,2,10.646718330001022,5.82784
STAGE_MODEL_INFER,2,10.700989963999746,5.707264
STAGE_MODEL_INFER,2,10.755153621001227,5.747456
STAGE_MODEL_INFER,2,10.809264536001137,5.787648
STAGE_MODEL_INFER,2,10.863839155001187,5.707264
STAGE_MODEL_INFER,2,10.918046438000601,5.787648
STAGE_MODEL_INFER,2,10.972401423001429,5.747456
STAGE_MODEL_INFER,2,11.02672352800073,5.747456
STAGE_MODEL_INFER,2,11.081034791001002,5.787648
STAGE_MODEL_INFER,2,11.135086184000102,5.747456
STAGE_MODEL_INFER,2,11.189306516000215,5.82784
STAGE_MODEL_INFER,2,11.24347532200045,5.908224
STAGE_MODEL_INFER,2,11.297720762002427,5.82784
STAGE_MODEL_INFER,2,11.35193402600271,5.868032
STAGE_MODEL_INFER,2,11.406597208002495,5.787648
STAGE_MODEL_INFER,2,11.461250188000122,5.787648
STAGE_MODEL_INFER,2,11.515485873002035,5.82784
STAGE_MODEL_INFER,2,11.57002687700151,5.747456
STAGE_MODEL_INFER,2,11.624160532002861,5.787648
STAGE_MODEL_INFER,2,11.679065290001745,5.82784
STAGE_MODEL_INFER,2,11.733411671000795,5.707264
STAGE_MODEL_INFER,2,11.787530518002313,5.747456
STAGE_MODEL_INFER,2,11.841640026003006,5.747456
STAGE_MODEL_INFER,2,11.897322379001707,5.707264
STAGE_MODEL_INFER,2,11.951551059002668,5.747456
STAGE_MODEL_INFER,2,12.005859155000508,5.707264
STAGE_MODEL_INFER,2,12.060038612002245,5.707264
STAGE_MODEL_INFER,2,12.114180999000382,5.787648
STAGE_MODEL_INFER,2,12.168322075001925,5.667072
STAGE_MODEL_INFER,2,12.222582706999674,5.82784
STAGE_MODEL_INFER,2,12.27665473000161,5.908224
STAGE_MODEL_INFER,2,12.331020269000874,5.82784
STAGE_MODEL_INFER,2,12.385175706000155,5.868032
STAGE_MODEL_INFER,2,12.439306323001802,5.82784
STAGE_MODEL_INFER,2,12.494765236002422,5.787648
STAGE_MODEL_INFER,2,12.5489248949998,5.82784
STAGE_MODEL_INFER,2,12.603476133001095,5.747456
STAGE_MODEL_INFER,2,12.65764609100006,5.747456
STAGE_MODEL_INFER,2,12.711823565001396,5.82784
STAGE_MODEL_INFER,2,12.766233722002653,5.707264
STAGE_MODEL_INFER,2,12.820769384001323,5.747456
STAGE_MODEL_INFER,2,12.875097407002613,5.747456
STAGE_MODEL_INFER,2,12.929425333000836,5.707264
STAGE_MODEL_INFER,2,12.983645218002493,5.787648
STAGE_MODEL_INFER,2,13.037974839000526,5.707264
STAGE_MODEL_INFER,2,13.092211388000578,5.707264
STAGE_MODEL_INFER,2,13.146500006001588,5.787648
STAGE_MODEL_INFER,2,13.200627616002748,5.676096
STAGE_MODEL_INFER,2,13.255383809002524,5.747456
STAGE_MODEL_INFER,2,13.309542604001763,5.747456
STAGE_MODEL_INFER,2,13.36372545100312,5.716352
STAGE_MODEL_INFER,2,13.417825043001358,5.747456
STAGE_MODEL_INFER,2,13.471957994999684,5.676096
STAGE_MODEL_INFER,2,13.526071853000758,5.716352
STAGE_MODEL_INFER,2,13.580306802003179,5.747456
STAGE_MODEL_INFER,2,13.634436555003049,5.667072
STAGE_MODEL_INFER,2,13.688855316002446,5.707264
STAGE_MODEL_INFER,2,13.743006403001345,5.747456
STAGE_MODEL_INFER,2,13.797546352001518,5.667072
STAGE_MODEL_INFER,2,13.85171874000298,5.707264
STAGE_MODEL_INFER,2,13.905899092002073,5.707264
STAGE_MODEL_INFER,2,13.960653748999903,5.667072
STAGE_MODEL_INFER,2,14.0147754110003,5.747456
STAGE_MODEL_INFER,2,14.069081683999684,5.667072
STAGE_MODEL_INFER,2,14.123349065001094,5.707264
STAGE_MODEL_INFER,2,14.177483136001683,5.707264
STAGE_MODEL_INFER,2,14.231649256002129,5.667072
STAGE_MODEL_INFER,2,14.28580546000012,5.707264
STAGE_MODEL_INFER,2,14.339936237000074,5.667072
STAGE_MODEL_INFER,2,14.394481847000861,5.667072
STAGE_MODEL_INFER,2,14.449734910002007,5.707264
STAGE_MODEL_INFER,2,14.50394065799992,5.62688
STAGE_MODEL_INFER,2,14.558468516002904,5.667072
STAGE_MODEL_INFER,2,14.612601404001907,5.707264
STAGE_MODEL_INFER,2,14.66681466800219,5.62688
STAGE_MODEL_INFER,2,14.721058061000804,5.667072
STAGE_MODEL_INFER,2,14.775151385001664,5.667072
STAGE_MODEL_INFER,2,14.829288878001535,5.62688
STAGE_MODEL_INFER,2,14.88338015500267,5.707264
STAGE_MODEL_INFER,2,14.937491614000464,5.62688
STAGE_MODEL_INFER,2,14.991589735000161,5.667072
STAGE_MODEL_INFER,2,15.045733082002698,5.707264
STAGE_MODEL_INFER,2,15.100081542001135,5.62688
STAGE_MODEL_INFER,2,15.154243408000184,5.707264
STAGE_MODEL_INFER,2,15.208356754003034,5.707264
STAGE_MODEL_INFER,2,15.262497222000093,5.667072
STAGE_MODEL_INFER,2,15.316801736000343,5.868032
STAGE_MODEL_INFER,2,15.371081399000104,5.787648
STAGE_MODEL_INFER,2,15.425467952001782,5.82784
STAGE_MODEL_INFER,2,15.47971505500027,5.82784
STAGE_MODEL_INFER,2,15.534207667002192,5.747456
STAGE_MODEL_INFER,2,15.588604135002242,5.787648
STAGE_MODEL_INFER,2,15.642744059001416,5.787648
STAGE_MODEL_INFER,2,15.69698726000206,5.747456
STAGE_MODEL_INFER,2,15.75215751700307,5.787648
STAGE_MODEL_INFER,2,15.806302655000763,5.747456
STAGE_MODEL_INFER,2,15.86049365800136,5.747456
STAGE_MODEL_INFER,2,15.914671260001342,5.787648
STAGE_MODEL_INFER,2,15.968829063000157,5.747456
STAGE_MODEL_INFER,2,16.02302713500103,5.787648
STAGE_MODEL_INFER,2,16.077310635002505,5.82784
STAGE_MODEL_INFER,2,16.13193828400108,5.747456
STAGE_MODEL_INFER,2,16.186203170000226,5.787648
STAGE_MODEL_INFER,2,16.24035969400211,5.747456
STAGE_MODEL_INFER,2,16.294589110002562,5.747456
STAGE_MODEL_INFER,2,16.348725228002877,5.787648
STAGE_MODEL_INFER,2,16.40287324500241,5.707264
STAGE_MODEL_INFER,2,16.457041667003068,5.747456
STAGE_MODEL_INFER,2,16.511261391002336,5.787648
STAGE_MODEL_INFER,2,16.565409792001446,5.707264
STAGE_MODEL_INFER,2,16.619584259002295,5.747456
STAGE_MODEL_INFER,2,16.67376505900029,5.747456
STAGE_MODEL_INFER,2,16.728008516001864,5.707264
STAGE_MODEL_INFER,2,16.782147545000043,5.747456
STAGE_MODEL_INFER,2,16.836309570000594,5.716352
STAGE_MODEL_INFER,2,16.890472907001822,5.707264
STAGE_MODEL_INFER,2,16.944607458000974,5.747456
STAGE_MODEL_INFER,2,16.998874167002214,5.676096
STAGE_MODEL_INFER,2,17.05430989100205,5.707264
STAGE_MODEL_INFER,2,17.10859850900306,5.747456
STAGE_MODEL_INFER,2,17.162763477001135,5.707264
STAGE_MODEL_INFER,2,17.21689543800312,5.747456
STAGE_MODEL_INFER,2,17.271049563001725,5.707264
STAGE_MODEL_INFER,2,17.32521811300103,5.707264
STAGE_MODEL_INFER,2,17.37945498100089,5.747456
STAGE_MODEL_INFER,2,17.433724600999994,5.676096
STAGE_MODEL_INFER,2,17.488158490003116,5.747456
STAGE_MODEL_INFER,2,17.542376200002764,5.747456
STAGE_MODEL_INFER,2,17.596500580002612,5.707264
STAGE_MODEL_INFER,2,17.6515730300016,5.747456
STAGE_MODEL_INFER,2,17.7058732910009,5.707264
STAGE_MODEL_INFER,2,17.7606726289996,5.707264
STAGE_MODEL_INFER,2,17.81477516400264,5.747456
STAGE_MODEL_INFER,2,17.869517955001356,5.676096
STAGE_MODEL_INFER,2,17.92374279700016,5.707264
STAGE_MODEL_INFER,2,17.977844213000935,5.747456
STAGE_MODEL_INFER,2,18.03201260300193,5.676096
STAGE_MODEL_INFER,2,18.08622695500162,5.747456
STAGE_MODEL_INFER,2,18.14053482700183,5.707264
STAGE_MODEL_INFER,2,18.194700083000498,5.716352
STAGE_MODEL_INFER,2,18.248841095002717,5.747456
STAGE_MODEL_INFER,2,18.30302115900122,5.676096
STAGE_MODEL_INFER,2,18.357179539001663,5.787648
STAGE_MODEL_INFER,2,18.411527455002215,5.908224
STAGE_MODEL_INFER,2,18.466198346002784,5.82784
STAGE_MODEL_INFER,2,18.520448199000384,5.82784
STAGE_MODEL_INFER,2,18.574637123001594,5.82784
STAGE_MODEL_INFER,2,18.628793711999606,5.787648
STAGE_MODEL_INFER,2,18.682917387999623,5.82784
STAGE_MODEL_INFER,2,18.737061247000383,5.747456
STAGE_MODEL_INFER,2,18.791249083002185,5.747456
STAGE_MODEL_INFER,2,18.84539015900009,5.787648
STAGE_MODEL_INFER,2,18.899780933999864,5.707264
STAGE_MODEL_INFER,2,18.9540855760024,5.747456
STAGE_MODEL_INFER,2,19.008337445000507,5.747456
STAGE_MODEL_INFER,2,19.06257460100096,5.707264
STAGE_MODEL_INFER,2,19.11682832400038,5.747456
STAGE_MODEL_INFER,2,19.171101174000796,5.707264
STAGE_MODEL_INFER,2,19.22531181500017,5.707264
STAGE_MODEL_INFER,2,19.27950387400051,5.747456
STAGE_MODEL_INFER,2,19.333700634000706,5.676096
STAGE_MODEL_INFER,2,19.387846634999732,5.707264
STAGE_MODEL_INFER,2,19.441986879999604,5.707264
STAGE_MODEL_INFER,2,19.49696948700148,5.676096
STAGE_MODEL_INFER,2,19.55125916000179,5.707264
STAGE_MODEL_INFER,2,19.605413668999972,5.667072
STAGE_MODEL_INFER,2,19.6596328500018,5.667072
STAGE_MODEL_INFER,2,19.713848289000452,5.707264
STAGE_MODEL_INFER,2,19.768001231001108,5.62688
STAGE_MODEL_INFER,2,19.822226393000165,5.667072
STAGE_MODEL_INFER,2,19.876435371003026,5.707264
STAGE_MODEL_INFER,2,19.930668305001745,5.62688
STAGE_MODEL_INFER,2,19.984874564001075,5.707264
STAGE_MODEL_INFER,2,20.039033774999552,5.667072
STAGE_MODEL_INFER,2,20.093193177999638,5.667072
STAGE_MODEL_INFER,2,20.147323059001792,5.707264
STAGE_MODEL_INFER,2,20.20152055500148,5.62688
STAGE_MODEL_INFER,2,20.255770856001618,5.667072
STAGE_MODEL_INFER,2,20.3099344809998,5.707264
STAGE_MODEL_INFER,2,20.36422028400193,5.62688
STAGE_MODEL_INFER,2,20.418388834001234,5.667072
STAGE_MODEL_INFER,2,20.472547597000812,5.667072
STAGE_MODEL_INFER,2,20.526761117002025,5.667072
STAGE_MODEL_INFER,2,20.58090123399961,5.707264
STAGE_MODEL_INFER,2,20.635036105002655,5.63584
STAGE_MODEL_INFER,2,20.689256533001753,5.667072
STAGE_MODEL_INFER,2,20.743381201002194,5.707264
STAGE_MODEL_INFER,2,20.797543161999783,5.63584
STAGE_MODEL_INFER,2,20.85176090400273,5.707264
STAGE_MODEL_INFER,2,20.906008391000796,5.667072
STAGE_MODEL_INFER,2,20.960174862000713,5.676096
STAGE_MODEL_INFER,2,21.014393946999917,5.707264
STAGE_MODEL_INFER,2,21.06854138700146,5.667072
STAGE_MODEL_INFER,2,21.122931650999817,5.707264
STAGE_MODEL_INFER,2,21.177072247002798,5.747456
STAGE_MODEL_INFER,2,21.23131755900249,5.667072
STAGE_MODEL_INFER,2,21.285539554002753,5.747456
STAGE_MODEL_INFER,2,21.339762733001407,5.707264
STAGE_MODEL_INFER,2,21.394028131002415,5.707264
STAGE_MODEL_INFER,2,21.448479228001815,5.908224
STAGE_MODEL_INFER,2,21.502699688000575,5.82784
STAGE_MODEL_INFER,2,21.55692753600306,5.82784
STAGE_MODEL_INFER,2,21.61111431700192,5.868032
STAGE_MODEL_INFER,2,21.6653809620002,5.787648
STAGE_MODEL_INFER,2,21.719617607002874,5.82784
STAGE_MODEL_INFER,2,21.773862950001785,5.787648
STAGE_MODEL_INFER,2,21.828037929000857,5.787648
STAGE_MODEL_INFER,2,21.88220475200069,5.82784
STAGE_MODEL_INFER,2,21.93640164000317,5.747456
STAGE_MODEL_INFER,2,21.99060623600235,5.747456
STAGE_MODEL_INFER,2,22.044740148001438,5.787648
STAGE_MODEL_INFER,2,22.09887473100025,5.707264
STAGE_MODEL_INFER,2,22.153153721999843,5.747456
STAGE_MODEL_INFER,2,22.20733058800033,5.747456
STAGE_MODEL_INFER,2,22.261653653000394,5.707264
STAGE_MODEL_INFER,2,22.315771028999734,5.787648
STAGE_MODEL_INFER,2,22.369987203001074,5.707264
STAGE_MODEL_INFER,2,22.42433297699972,5.707264
STAGE_MODEL_INFER,2,22.478628951001156,5.787648
STAGE_MODEL_INFER,2,22.532970503001707,5.667072
STAGE_MODEL_INFER,2,22.587217733002035,5.747456
STAGE_MODEL_INFER,2,22.641397830000642,5.707264
STAGE_MODEL_INFER,2,22.696042814000975,5.667072
STAGE_MODEL_INFER,2,22.750201897000807,5.747456
STAGE_MODEL_INFER,2,22.804416536000645,5.676096
STAGE_MODEL_INFER,2,22.858639139001752,5.707264
STAGE_MODEL_INFER,2,22.91280154800188,5.747456
STAGE_MODEL_INFER,2,22.96696805100146,5.667072
STAGE_MODEL_INFER,2,23.021150706001208,5.707264
STAGE_MODEL_INFER,2,23.075448568000866,5.707264
STAGE_MODEL_INFER,2,23.129660872000386,5.667072
STAGE_MODEL_INFER,2,23.183776329002285,5.747456
STAGE_MODEL_INFER,2,23.237983932001953,5.707264
STAGE_MODEL_INFER,2,23.292292060003092,5.707264
STAGE_MODEL_INFER,2,23.34644845600269,5.747456
STAGE_MODEL_INFER,2,23.40062746500189,5.667072
STAGE_MODEL_INFER,2,23.45485489800194,5.747456
STAGE_MODEL_INFER,2,23.509032691003085,5.747456
STAGE_MODEL_INFER,2,23.563152050002827,5.716352
STAGE_MODEL_INFER,2,23.61727310400238,5.747456
STAGE_MODEL_INFER,2,23.671425341999566,5.716352
STAGE_MODEL_INFER,2,23.72569070800091,5.707264
STAGE_MODEL_INFER,2,23.77980520500205,5.747456
STAGE_MODEL_INFER,2,23.833956484002556,5.676096
STAGE_MODEL_INFER,2,23.888095737002004,5.707264
STAGE_MODEL_INFER,2,23.94232902300064,5.707264
STAGE_MODEL_INFER,2,23.996579067999846,5.676096
STAGE_MODEL_INFER,2,24.050721807001537,5.756608
STAGE_MODEL_INFER,2,24.104868575999717,5.676096
STAGE_MODEL_INFER,2,24.158980771000643,5.716352
STAGE_MODEL_INFER,2,24.21310086500307,5.756608
STAGE_MODEL_INFER,2,24.26726180300102,5.676096
STAGE_MODEL_INFER,2,24.321516166000947,5.716352
STAGE_MODEL_INFER,2,24.375650302001304,5.716352
STAGE_MODEL_INFER,2,24.42984229600188,5.676096
STAGE_MODEL_INFER,2,24.484070880000218,5.82784
STAGE_MODEL_INFER,2,24.538297482002235,5.82784
STAGE_MODEL_INFER,2,24.592786447003164,5.82784
STAGE_MODEL_INFER,2,24.6469918110015,5.868032
STAGE_MODEL_INFER,2,24.70126817900018,5.747456
STAGE_MODEL_INFER,2,24.755482851000124,5.787648
STAGE_MODEL_INFER,2,24.809696113999962,5.787648
STAGE_MODEL_INFER,2,24.86393259900069,5.747456
STAGE_MODEL_INFER,2,24.918087460002425,5.787648
STAGE_MODEL_INFER,2,24.972241712999676,5.707264
STAGE_MODEL_INFER,2,25.02641976200175,5.707264
STAGE_MODEL_INFER,2,25.080649434003135,5.747456
STAGE_MODEL_INFER,2,25.13484078900001,5.667072
STAGE_MODEL_INFER,2,25.189094256002136,5.707264
STAGE_MODEL_INFER,2,25.24327358500159,5.707264
STAGE_MODEL_INFER,2,25.29802034200111,5.667072
STAGE_MODEL_INFER,2,25.352257530001225,5.707264
STAGE_MODEL_INFER,2,25.406405577999976,5.667072
STAGE_MODEL_INFER,2,25.460596901000827,5.667072
STAGE_MODEL_INFER,2,25.514791039000556,5.707264
STAGE_MODEL_INFER,2,25.56894087800174,5.63584
STAGE_MODEL_INFER,2,25.623089182001422,5.667072
STAGE_MODEL_INFER,2,25.67724986400208,5.707264
STAGE_MODEL_INFER,2,25.732059150002897,5.63584
STAGE_MODEL_INFER,2,25.786463199001446,5.707264
STAGE_MODEL_INFER,2,25.840665843999886,5.667072
STAGE_MODEL_INFER,2,25.894836505001877,5.667072
STAGE_MODEL_INFER,2,25.949017017002916,5.707264
STAGE_MODEL_INFER,2,26.003211250001186,5.62688
STAGE_MODEL_INFER,2,26.057396304000576,5.667072
STAGE_MODEL_INFER,2,26.11153590899994,5.707264
STAGE_MODEL_INFER,2,26.165775527002552,5.63584
STAGE_MODEL_INFER,2,26.22007866599961,5.667072
STAGE_MODEL_INFER,2,26.274270437002997,5.667072
STAGE_MODEL_INFER,2,26.328471611002897,5.676096
STAGE_MODEL_INFER,2,26.38265509700068,5.707264
STAGE_MODEL_INFER,2,26.436824927001,5.676096
STAGE_MODEL_INFER,2,26.490997411001445,5.667072
STAGE_MODEL_INFER,2,26.545146387001296,5.707264
STAGE_MODEL_INFER,2,26.599319479002588,5.63584
STAGE_MODEL_INFER,2,26.653584173000127,5.716352
STAGE_MODEL_INFER,2,26.707728575001966,5.707264
STAGE_MODEL_INFER,2,26.762024102001305,5.676096
STAGE_MODEL_INFER,2,26.81614432400238,5.747456
STAGE_MODEL_INFER,2,26.87027826800113,5.676096
STAGE_MODEL_INFER,2,26.924441477000073,5.716352
STAGE_MODEL_INFER,2,26.978617863002,5.747456
STAGE_MODEL_INFER,2,27.033535509999638,5.676096
STAGE_MODEL_INFER,2,27.08805355000004,5.716352
STAGE_MODEL_INFER,2,27.14225427600104,5.716352
STAGE_MODEL_INFER,2,27.196408881001844,5.716352
STAGE_MODEL_INFER,2,27.250620226001047,5.756608
STAGE_MODEL_INFER,2,27.304785034000815,5.716352
STAGE_MODEL_INFER,2,27.35896800900082,5.716352
STAGE_MODEL_INFER,2,27.413122006000776,5.787648
STAGE_MODEL_INFER,2,27.46731073800038,5.676096
STAGE_MODEL_INFER,2,27.52157962199999,5.747456
STAGE_MODEL_INFER,2,27.57597577100023,5.868032
STAGE_MODEL_INFER,2,27.63023262900242,5.82784
STAGE_MODEL_INFER,2,27.684722810001404,5.868032
STAGE_MODEL_INFER,2,27.739070343002822,5.82784
STAGE_MODEL_INFER,2,27.79338781000115,5.787648
STAGE_MODEL_INFER,2,27.84764873000313,5.82784
STAGE_MODEL_INFER,2,27.901967125002557,5.747456
STAGE_MODEL_INFER,2,27.956322142003046,5.787648
STAGE_MODEL_INFER,2,28.010566527002084,5.787648
STAGE_MODEL_INFER,2,28.064775792001456,5.707264
STAGE_MODEL_INFER,2,28.119476460000442,5.787648
STAGE_MODEL_INFER,2,28.173705684002925,5.747456
STAGE_MODEL_INFER,2,28.227897583001322,5.707264
STAGE_MODEL_INFER,2,28.282017036999605,5.747456
STAGE_MODEL_INFER,2,28.336176759999944,5.707264
STAGE_MODEL_INFER,2,28.39036846700037,5.747456
STAGE_MODEL_INFER,2,28.444499020002695,5.747456
STAGE_MODEL_INFER,2,28.49868992700067,5.676096
STAGE_MODEL_INFER,2,28.55290805200275,5.747456
STAGE_MODEL_INFER,2,28.607049448000907,5.707264
STAGE_MODEL_INFER,2,28.66121198499968,5.707264
STAGE_MODEL_INFER,2,28.7153095950016,5.747456
STAGE_MODEL_INFER,2,28.76943355900221,5.676096
STAGE_MODEL_INFER,2,28.823576906001108,5.716352
STAGE_MODEL_INFER,2,28.87769361000028,5.747456
STAGE_MODEL_INFER,2,28.93185358900155,5.676096
STAGE_MODEL_INFER,2,28.986009697000554,5.716352
STAGE_MODEL_INFER,2,29.04013570800089,5.716352
STAGE_MODEL_INFER,2,29.09428577200015,5.676096
STAGE_MODEL_INFER,2,29.14839003400266,5.747456
STAGE_MODEL_INFER,2,29.202546271000756,5.676096
STAGE_MODEL_INFER,2,29.256685939002637,5.716352
STAGE_MODEL_INFER,2,29.31078444400191,5.716352
STAGE_MODEL_INFER,2,29.365147745000286,5.676096
STAGE_MODEL_INFER,2,29.419597914002225,5.716352
STAGE_MODEL_INFER,2,29.473777691000578,5.716352
STAGE_MODEL_INFER,2,29.527970357001323,5.716352
STAGE_MODEL_INFER,2,29.582225776000996,5.756608
STAGE_MODEL_INFER,2,29.636497219002194,5.676096
STAGE_MODEL_INFER,2,29.690868675003003,5.716352
STAGE_MODEL_INFER,2,29.74510464800187,5.756608
STAGE_MODEL_INFER,2,29.799983275002887,5.676096
STAGE_MODEL_INFER,2,29.854215217001183,5.716352
STAGE_MODEL_INFER,2,29.908380313001544,5.716352
STAGE_MODEL_INFER,2,29.962536549002834,5.676096
STAGE_MODEL_THRESHOLD,2,0.0005088969992357306,5.595584
STAGE_MODEL_THRESHOLD,2,0.05499137000151677,5.63584
STAGE_MODEL_THRESHOLD,2,0.10907122900243849,5.63584
STAGE_MODEL_THRESHOLD,2,0.1632287450011063,5.595584
STAGE_MODEL_THRESHOLD,2,0.21735520400034147,5.63584
STAGE_MODEL_THRESHOLD,2,0.27149611999993795,5.595584
STAGE_MODEL_THRESHOLD,2,0.3256354370023473,5.595584
STAGE_MODEL_THRESHOLD,2,0.3797815020006965,5.667072
STAGE_MODEL_THRESHOLD,2,0.434038840001449,5.595584
STAGE_MODEL_THRESHOLD,2,0.48848884900144185,5.667072
STAGE_MODEL_THRESHOLD,2,0.5427548869993188,5.667072
STAGE_MODEL_THRESHOLD,2,0.5969875970004068,5.707264
STAGE_MODEL_THRESHOLD,2,0.6515843810011575,5.82784
STAGE_MODEL_THRESHOLD,2,0.7060502860003908,5.787648
STAGE_MODEL_THRESHOLD,2,0.7602605110005243,5.787648
STAGE_MODEL_THRESHOLD,2,0.8144540409994079,5.82784
STAGE_MODEL_THRESHOLD,2,0.8686253740015673,5.747456
STAGE_MODEL_THRESHOLD,2,0.9232714770005259,5.747456
STAGE_MODEL_THRESHOLD,2,0.9775275680003688,5.787648
STAGE_MODEL_THRESHOLD,2,1.0317604379997647,5.707264
STAGE_MODEL_THRESHOLD,2,1.0861183970009733,5.747456
STAGE_MODEL_THRESHOLD,2,1.140273002001777,5.747456
STAGE_MODEL_THRESHOLD,2,1.1944571919993905,5.707264
STAGE_MODEL_THRESHOLD,2,1.248585699002433,5.747456
STAGE_MODEL_THRESHOLD,2,1.3027803799996036,5.707264
STAGE_MODEL_THRESHOLD,2,1.3570133460016223,5.747456
STAGE_MODEL_THRESHOLD,2,1.4111718849999306,5.787648
STAGE_MODEL_THRESHOLD,2,1.465471728999546,5.707264
STAGE_MODEL_THRESHOLD,2,1.5199872100020002,5.747456
STAGE_MODEL_THRESHOLD,2,1.57416554700103,5.747456
STAGE_MODEL_THRESHOLD,2,1.6282973800007312,5.707264
STAGE_MODEL_THRESHOLD,2,1.6824548639997374,5.787648
STAGE_MODEL_THRESHOLD,2,1.736684759001946,5.707264
STAGE_MODEL_THRESHOLD,2,1.790852829002688,5.747456
STAGE_MODEL_THRESHOLD,2,1.8449760580006114,5.787648
STAGE_MODEL_THRESHOLD,2,1.8996307650013478,5.716352
STAGE_MODEL_THRESHOLD,2,1.9539980640001886,5.747456
STAGE_MODEL_THRESHOLD,2,2.008153629001754,5.747456
STAGE_MODEL_THRESHOLD,2,2.0622991820018797,5.707264
STAGE_MODEL_THRESHOLD,2,2.1164416020001227,5.787648
STAGE_MODEL_THRESHOLD,2,2.170577304001199,5.756608
STAGE_MODEL_THRESHOLD,2,2.2247170690025087,5.747456
STAGE_MODEL_THRESHOLD,2,2.2788304470013827,5.787648
STAGE_MODEL_THRESHOLD,2,2.3329388029997062,5.716352
STAGE_MODEL_THRESHOLD,2,2.3871158290021413,5.787648
STAGE_MODEL_THRESHOLD,2,2.4412526830019488,5.787648
STAGE_MODEL_THRESHOLD,2,2.4955468340012885,5.747456
STAGE_MODEL_THRESHOLD,2,2.549720310002158,5.787648
STAGE_MODEL_THRESHOLD,2,2.60386586399909,5.756608
STAGE_MODEL_THRESHOLD,2,2.6580362370004877,5.756608
STAGE_MODEL_THRESHOLD,2,2.712271698001132,5.82784
STAGE_MODEL_THRESHOLD,2,2.7664814430027036,5.716352
STAGE_MODEL_THRESHOLD,2,2.8206759960012278,5.787648
STAGE_MODEL_THRESHOLD,2,2.8748244929993234,5.787648
STAGE_MODEL_THRESHOLD,2,2.928995345999283,5.756608
STAGE_MODEL_THRESHOLD,2,2.9832419689992093,5.82784
STAGE_MODEL_THRESHOLD,2,3.0379351520023192,5.82784
STAGE_MODEL_THRESHOLD,2,3.0921664550005517,5.908224
STAGE_MODEL_THRESHOLD,2,3.1464103600010276,5.948416
STAGE_MODEL_THRESHOLD,2,3.200558952001302,5.82784
STAGE_MODEL_THRESHOLD,2,3.254680645000917,5.868032
STAGE_MODEL_THRESHOLD,2,3.308797350000532,5.868032
STAGE_MODEL_THRESHOLD,2,3.36292819099981,5.82784
STAGE_MODEL_THRESHOLD,2,3.4170541380008217,5.868032
STAGE_MODEL_THRESHOLD,2,3.4712112699999125,5.82784
STAGE_MODEL_THRESHOLD,2,3.525533407002513,5.82784
STAGE_MODEL_THRESHOLD,2,3.579704996001965,5.868032
STAGE_MODEL_THRESHOLD,2,3.6338343339994026,5.787648
STAGE_MODEL_THRESHOLD,2,3.6882996630010894,5.948416
STAGE_MODEL_THRESHOLD,2,3.742822468000668,5.948416
STAGE_MODEL_THRESHOLD,2,3.797451620001084,5.868032
STAGE_MODEL_THRESHOLD,2,3.851658519000921,5.908224
STAGE_MODEL_THRESHOLD,2,3.905852017000143,5.868032
STAGE_MODEL_THRESHOLD,2,3.959988135000458,5.82784
STAGE_MODEL_THRESHOLD,2,4.014110980002442,5.868032
STAGE_MODEL_THRESHOLD,2,4.068235360999097,5.787648
STAGE_MODEL_THRESHOLD,2,4.122500215002219,5.82784
STAGE_MODEL_THRESHOLD,2,4.1766930730009335,5.82784
STAGE_MODEL_THRESHOLD,2,4.230868691000069,5.747456
STAGE_MODEL_THRESHOLD,2,4.285013445001823,5.787648
STAGE_MODEL_THRESHOLD,2,4.339133252000465,5.747456
STAGE_MODEL_THRESHOLD,2,4.393299786999705,5.747456
STAGE_MODEL_THRESHOLD,2,4.44751436200022,5.787648
STAGE_MODEL_THRESHOLD,2,4.501814590999857,5.707264
STAGE_MODEL_THRESHOLD,2,4.556002523000643,5.747456
STAGE_MODEL_THRESHOLD,2,4.610154090001743,5.787648
STAGE_MODEL_THRESHOLD,2,4.664403622999089,5.716352
STAGE_MODEL_THRESHOLD,2,4.718522374001623,5.747456
STAGE_MODEL_THRESHOLD,2,4.772617138001806,5.756608
STAGE_MODEL_THRESHOLD,2,4.826743181001802,5.716352
STAGE_MODEL_THRESHOLD,2,4.880851505000464,5.787648
STAGE_MODEL_THRESHOLD,2,4.93497457400008,5.716352
STAGE_MODEL_THRESHOLD,2,4.989182815999811,5.756608
STAGE_MODEL_THRESHOLD,2,5.043347145001462,5.747456
STAGE_MODEL_THRESHOLD,2,5.097544545002165,5.716352
STAGE_MODEL_THRESHOLD,2,5.151750836001156,5.747456
STAGE_MODEL_THRESHOLD,2,5.205892743000732,5.716352
STAGE_MODEL_THRESHOLD,2,5.260032220001449,5.716352
STAGE_MODEL_THRESHOLD,2,5.31412634300068,5.747456
STAGE_MODEL_THRESHOLD,2,5.368295276999561,5.676096
STAGE_MODEL_THRESHOLD,2,5.422432867002499,5.716352
STAGE_MODEL_THRESHOLD,2,5.476556032001099,5.756608
STAGE_MODEL_THRESHOLD,2,5.530865312000969,5.676096
STAGE_MODEL_THRESHOLD,2,5.5850551950024965,5.756608
STAGE_MODEL_THRESHOLD,2,5.639211432000593,5.707264
STAGE_MODEL_THRESHOLD,2,5.693422456999542,5.747456
STAGE_MODEL_THRESHOLD,2,5.747561198000767,5.82784
STAGE_MODEL_THRESHOLD,2,5.801752488001512,5.787648
STAGE_MODEL_THRESHOLD,2,5.855897561999882,5.858688
STAGE_MODEL_THRESHOLD,2,5.9100385420024395,5.898816
STAGE_MODEL_THRESHOLD,2,5.9642102910001995,5.82784
STAGE_MODEL_THRESHOLD,2,6.018391282999801,5.868032
STAGE_MODEL_THRESHOLD,2,6.072527464999439,5.82784
STAGE_MODEL_THRESHOLD,2,6.126682742000412,5.787648
STAGE_MODEL_THRESHOLD,2,6.1808027400002175,5.82784
STAGE_MODEL_THRESHOLD,2,6.234923186999367,5.747456
STAGE_MODEL_THRESHOLD,2,6.2890989650004485,5.787648
STAGE_MODEL_THRESHOLD,2,6.343220019,5.787648
STAGE_MODEL_THRESHOLD,2,6.397351499999786,5.747456
STAGE_MODEL_THRESHOLD,2,6.451526671000465,5.787648
STAGE_MODEL_THRESHOLD,2,6.5057633470023575,5.747456
STAGE_MODEL_THRESHOLD,2,6.560127703000035,5.747456
STAGE_MODEL_THRESHOLD,2,6.614317395000398,5.787648
STAGE_MODEL_THRESHOLD,2,6.668539805999899,5.707264
STAGE_MODEL_THRESHOLD,2,6.722712130002037,5.787648
STAGE_MODEL_THRESHOLD,2,6.776723031001893,5.908224
STAGE_MODEL_THRESHOLD,2,6.8311759190000885,5.82784
STAGE_MODEL_THRESHOLD,2,6.885536341000261,5.868032
STAGE_MODEL_THRESHOLD,2,6.939758593001898,5.82784
STAGE_MODEL_THRESHOLD,2,6.99422107600185,5.82784
STAGE_MODEL_THRESHOLD,2,7.048387131002528,5.868032
STAGE_MODEL_THRESHOLD,2,7.1025631980010075,5.787648
STAGE_MODEL_THRESHOLD,2,7.156724232001579,5.787648
STAGE_MODEL_THRESHOLD,2,7.210952080000425,5.82784
STAGE_MODEL_THRESHOLD,2,7.26517701800185,5.747456
STAGE_MODEL_THRESHOLD,2,7.319448973001272,5.787648
STAGE_MODEL_THRESHOLD,2,7.373963973001082,5.787648
STAGE_MODEL_THRESHOLD,2,7.428208453999105,5.747456
STAGE_MODEL_THRESHOLD,2,7.4823574620022555,5.787648
STAGE_MODEL_THRESHOLD,2,7.536520606001432,5.747456
STAGE_MODEL_THRESHOLD,2,7.590848212999845,5.747456
STAGE_MODEL_THRESHOLD,2,7.645029045001138,5.787648
STAGE_MODEL_THRESHOLD,2,7.69920859800186,5.707264
STAGE_MODEL_THRESHOLD,2,7.7534034390009765,5.747456
STAGE_MODEL_THRESHOLD,2,7.807520783000655,5.747456
STAGE_MODEL_THRESHOLD,2,7.861680473000888,5.707264
STAGE_MODEL_THRESHOLD,2,7.915825963002135,5.787648
STAGE_MODEL_THRESHOLD,2,7.969973308001499,5.747456
STAGE_MODEL_THRESHOLD,2,8.024145663999661,5.747456
STAGE_MODEL_THRESHOLD,2,8.078272955001012,5.787648
STAGE_MODEL_THRESHOLD,2,8.132456122002623,5.716352
STAGE_MODEL_THRESHOLD,2,8.186602027002664,5.747456
STAGE_MODEL_THRESHOLD,2,8.240740896002535,5.747456
STAGE_MODEL_THRESHOLD,2,8.29497104800248,5.707264
STAGE_MODEL_THRESHOLD,2,8.3491024319992,5.747456
STAGE_MODEL_THRESHOLD,2,8.40323359300237,5.716352
STAGE_MODEL_THRESHOLD,2,8.457396321999113,5.707264
STAGE_MODEL_THRESHOLD,2,8.511577953999222,5.747456
STAGE_MODEL_THRESHOLD,2,8.565773467002145,5.676096
STAGE_MODEL_THRESHOLD,2,8.620148058002087,5.747456
STAGE_MODEL_THRESHOLD,2,8.67437916900235,5.716352
STAGE_MODEL_THRESHOLD,2,8.72855945700212,5.676096
STAGE_MODEL_THRESHOLD,2,8.78270552200047,5.756608
STAGE_MODEL_THRESHOLD,2,8.836852067001018,5.676096
STAGE_MODEL_THRESHOLD,2,8.891106367002067,5.716352
STAGE_MODEL_THRESHOLD,2,8.94523644000219,5.756608
STAGE_MODEL_THRESHOLD,2,8.999591297000734,5.676096
STAGE_MODEL_THRESHOLD,2,9.053919510999549,5.716352
STAGE_MODEL_THRESHOLD,2,9.108049361002486,5.716352
STAGE_MODEL_THRESHOLD,2,9.162177803002123,5.676096
STAGE_MODEL_THRESHOLD,2,9.216306373000407,5.756608
STAGE_MODEL_THRESHOLD,2,9.270468175000133,5.676096
STAGE_MODEL_THRESHOLD,2,9.324618493999878,5.716352
STAGE_MODEL_THRESHOLD,2,9.378752886001166,5.747456
STAGE_MODEL_THRESHOLD,2,9.433045374000358,5.676096
STAGE_MODEL_THRESHOLD,2,9.487203881002642,5.716352
STAGE_MODEL_THRESHOLD,2,9.541339456001879,5.716352
STAGE_MODEL_THRESHOLD,2,9.595515810000506,5.676096
STAGE_MODEL_THRESHOLD,2,9.649836860000505,5.756608
STAGE_MODEL_THRESHOLD,2,9.704096659999777,5.716352
STAGE_MODEL_THRESHOLD,2,9.758705950000149,5.716352
STAGE_MODEL_THRESHOLD,2,9.81282054300027,5.868032
STAGE_MODEL_THRESHOLD,2,9.867382624001038,5.82784
STAGE_MODEL_THRESHOLD,2,9.921847314002662,5.82784
STAGE_MODEL_THRESHOLD,2,9.976496744002361,5.868032
STAGE_MODEL_THRESHOLD,2,10.030980944000476,5.787648
STAGE_MODEL_THRESHOLD,2,10.085198685999785,5.82784
STAGE_MODEL_THRESHOLD,2,10.139348589000292,5.787648
STAGE_MODEL_THRESHOLD,2,10.19353962400055,5.747456
STAGE_MODEL_THRESHOLD,2,10.24772000899975,5.787648
STAGE_MODEL_THRESHOLD,2,10.30203462999998,5.707264
STAGE_MODEL_THRESHOLD,2,10.356354015999386,5.747456
STAGE_MODEL_THRESHOLD,2,10.410629264999443,5.787648
STAGE_MODEL_THRESHOLD,2,10.464995668000483,5.747456
STAGE_MODEL_THRESHOLD,2,10.520185659999697,5.868032
STAGE_MODEL_THRESHOLD,2,10.574573300000338,5.908224
STAGE_MODEL_THRESHOLD,2,10.629474060002394,5.898816
STAGE_MODEL_THRESHOLD,2,10.683981640999264,5.938944
STAGE_MODEL_THRESHOLD,2,10.73820421200071,5.868032
STAGE_MODEL_THRESHOLD,2,10.792370587001642,5.868032
STAGE_MODEL_THRESHOLD,2,10.846561686001223,5.908224
STAGE_MODEL_THRESHOLD,2,10.900913887999195,5.787648
STAGE_MODEL_THRESHOLD,2,10.95520090699938,5.82784
STAGE_MODEL_THRESHOLD,2,11.009377484999277,5.82784
STAGE_MODEL_THRESHOLD,2,11.063587295000616,5.787648
STAGE_MODEL_THRESHOLD,2,11.118242098000337,5.858688
STAGE_MODEL_THRESHOLD,2,11.17248046900204,5.858688
STAGE_MODEL_THRESHOLD,2,11.226745546999155,5.82784
STAGE_MODEL_THRESHOLD,2,11.280927402000088,5.868032
STAGE_MODEL_THRESHOLD,2,11.335090739001316,5.747456
STAGE_MODEL_THRESHOLD,2,11.389224299000489,5.787648
STAGE_MODEL_THRESHOLD,2,11.443341835001775,5.787648
STAGE_MODEL_THRESHOLD,2,11.497506162999343,5.707264
STAGE_MODEL_THRESHOLD,2,11.551667741001438,5.747456
STAGE_MODEL_THRESHOLD,2,11.605819051001163,5.707264
STAGE_MODEL_THRESHOLD,2,11.659987570001249,5.707264
STAGE_MODEL_THRESHOLD,2,11.714270143002068,5.747456
STAGE_MODEL_THRESHOLD,2,11.768472052001016,5.667072
STAGE_MODEL_THRESHOLD,2,11.822734124001727,5.707264
STAGE_MODEL_THRESHOLD,2,11.876890776002256,5.747456
STAGE_MODEL_THRESHOLD,2,11.931084593001287,5.667072
STAGE_MODEL_THRESHOLD,2,11.985280362001504,5.707264
STAGE_MODEL_THRESHOLD,2,12.039426299001207,5.707264
STAGE_MODEL_THRESHOLD,2,12.093588996001927,5.667072
STAGE_MODEL_THRESHOLD,2,12.147733047000656,5.747456
STAGE_MODEL_THRESHOLD,2,12.201881798999239,5.667072
STAGE_MODEL_THRESHOLD,2,12.256111087001045,5.707264
STAGE_MODEL_THRESHOLD,2,12.310342676999426,5.747456
STAGE_MODEL_THRESHOLD,2,12.364500704999955,5.676096
STAGE_MODEL_THRESHOLD,2,12.418692187999113,5.707264
STAGE_MODEL_THRESHOLD,2,12.47291965200202,5.716352
STAGE_MODEL_THRESHOLD,2,12.527150539001013,5.676096
STAGE_MODEL_THRESHOLD,2,12.581276742999762,5.747456
STAGE_MODEL_THRESHOLD,2,12.6354630120004,5.676096
STAGE_MODEL_THRESHOLD,2,12.689788316001795,5.716352
STAGE_MODEL_THRESHOLD,2,12.743968732000212,5.747456
STAGE_MODEL_THRESHOLD,2,12.798493263999262,5.676096
STAGE_MODEL_THRESHOLD,2,12.852899871002592,5.787648
STAGE_MODEL_THRESHOLD,2,12.907196005002334,5.868032
STAGE_MODEL_THRESHOLD,2,12.961681837001379,5.868032
STAGE_MODEL_THRESHOLD,2,13.016000872001314,5.908224
STAGE_MODEL_THRESHOLD,2,13.07112676700126,5.82784
STAGE_MODEL_THRESHOLD,2,13.12532554200152,5.82784
STAGE_MODEL_THRESHOLD,2,13.179529403001652,5.868032
STAGE_MODEL_THRESHOLD,2,13.233807274002174,5.747456
STAGE_MODEL_THRESHOLD,2,13.2880831950024,5.787648
STAGE_MODEL_THRESHOLD,2,13.34234961599941,5.787648
STAGE_MODEL_THRESHOLD,2,13.396611398999084,5.747456
STAGE_MODEL_THRESHOLD,2,13.450812156999746,5.787648
STAGE_MODEL_THRESHOLD,2,13.504976996999176,5.747456
STAGE_MODEL_THRESHOLD,2,13.559163395002543,5.747456
STAGE_MODEL_THRESHOLD,2,13.613309780001146,5.787648
STAGE_MODEL_THRESHOLD,2,13.66753513400181,5.707264
STAGE_MODEL_THRESHOLD,2,13.72201584800132,5.747456
STAGE_MODEL_THRESHOLD,2,13.776236723999318,5.747456
STAGE_MODEL_THRESHOLD,2,13.830467579002288,5.707264
STAGE_MODEL_THRESHOLD,2,13.884675245000835,5.747456
STAGE_MODEL_THRESHOLD,2,13.938859468002192,5.707264
STAGE_MODEL_THRESHOLD,2,13.993103372002224,5.707264
STAGE_MODEL_THRESHOLD,2,14.04726981100248,5.747456
STAGE_MODEL_THRESHOLD,2,14.101428606001718,5.707264
STAGE_MODEL_THRESHOLD,2,14.155700977000379,5.707264
STAGE_MODEL_THRESHOLD,2,14.209875892000127,5.747456
STAGE_MODEL_THRESHOLD,2,14.264019173999259,5.676096
STAGE_MODEL_THRESHOLD,2,14.31828853800107,5.747456
STAGE_MODEL_THRESHOLD,2,14.372472185001243,5.716352
STAGE_MODEL_THRESHOLD,2,14.42666251600167,5.716352
STAGE_MODEL_THRESHOLD,2,14.480855886002246,5.747456
STAGE_MODEL_THRESHOLD,2,14.535051303002547,5.676096
STAGE_MODEL_THRESHOLD,2,14.589210162001109,5.716352
STAGE_MODEL_THRESHOLD,2,14.643354340001679,5.747456
STAGE_MODEL_THRESHOLD,2,14.697587466002005,5.676096
STAGE_MODEL_THRESHOLD,2,14.751848290001362,5.747456
STAGE_MODEL_THRESHOLD,2,14.805991221001022,5.716352
STAGE_MODEL_THRESHOLD,2,14.8602226840012,5.716352
STAGE_MODEL_THRESHOLD,2,14.914418708001904,5.747456
STAGE_MODEL_THRESHOLD,2,14.968616907000978,5.676096
STAGE_MODEL_THRESHOLD,2,15.02282150300016,5.716352
STAGE_MODEL_THRESHOLD,2,15.077086676999897,5.756608
STAGE_MODEL_THRESHOLD,2,15.13132904700251,5.676096
STAGE_MODEL_THRESHOLD,2,15.185492639000586,5.716352
STAGE_MODEL_THRESHOLD,2,15.239737919000618,5.716352
STAGE_MODEL_THRESHOLD,2,15.293909571999393,5.676096
STAGE_MODEL_THRESHOLD,2,15.34803177700087,5.756608
STAGE_MODEL_THRESHOLD,2,15.402183215999685,5.676096
STAGE_MODEL_THRESHOLD,2,15.456486323000718,5.716352
STAGE_MODEL_THRESHOLD,2,15.510623752001266,5.756608
STAGE_MODEL_THRESHOLD,2,15.565248330000031,5.676096
STAGE_MODEL_THRESHOLD,2,15.619486542000232,5.716352
STAGE_MODEL_THRESHOLD,2,15.67361626300044,5.716352
STAGE_MODEL_THRESHOLD,2,15.727788428001077,5.676096
STAGE_MODEL_THRESHOLD,2,15.782115459001943,5.756608
STAGE_MODEL_THRESHOLD,2,15.836298656999134,5.676096
STAGE_MODEL_THRESHOLD,2,15.890487294000195,5.716352
STAGE_MODEL_THRESHOLD,2,15.944565904999763,5.908224
STAGE_MODEL_THRESHOLD,2,15.999054583000543,5.82784
STAGE_MODEL_THRESHOLD,2,16.053527365002083,5.868032
STAGE_MODEL_THRESHOLD,2,16.107680211000115,5.82784
STAGE_MODEL_THRESHOLD,2,16.16185477399995,5.787648
STAGE_MODEL_THRESHOLD,2,16.216008611001598,5.82784
STAGE_MODEL_THRESHOLD,2,16.270173228000203,5.747456
STAGE_MODEL_THRESHOLD,2,16.324451771000895,5.747456
STAGE_MODEL_THRESHOLD,2,16.378589872001612,5.787648
STAGE_MODEL_THRESHOLD,2,16.43304432700097,5.707264
STAGE_MODEL_THRESHOLD,2,16.487272016001953,5.747456
STAGE_MODEL_THRESHOLD,2,16.541430427001615,5.747456
STAGE_MODEL_THRESHOLD,2,16.595594754999183,5.707264
STAGE_MODEL_THRESHOLD,2,16.650195090001944,5.747456
STAGE_MODEL_THRESHOLD,2,16.704444208000496,5.707264
STAGE_MODEL_THRESHOLD,2,16.75863057300012,5.707264
STAGE_MODEL_THRESHOLD,2,16.81287470100142,5.747456
STAGE_MODEL_THRESHOLD,2,16.867064903999562,5.667072
STAGE_MODEL_THRESHOLD,2,16.92125085400039,5.707264
STAGE_MODEL_THRESHOLD,2,16.975437891000183,5.707264
STAGE_MODEL_THRESHOLD,2,17.029583285002445,5.667072
STAGE_MODEL_THRESHOLD,2,17.08372468000016,5.707264
STAGE_MODEL_THRESHOLD,2,17.13786166200225,5.667072
STAGE_MODEL_THRESHOLD,2,17.192030084999715,5.707264
STAGE_MODEL_THRESHOLD,2,17.24635980200037,5.747456
STAGE_MODEL_THRESHOLD,2,17.300587395002367,5.667072
STAGE_MODEL_THRESHOLD,2,17.354845852001745,5.707264
STAGE_MODEL_THRESHOLD,2,17.40900330400109,5.747456
STAGE_MODEL_THRESHOLD,2,17.463237228999787,5.667072
STAGE_MODEL_THRESHOLD,2,17.517396888000803,5.707264
STAGE_MODEL_THRESHOLD,2,17.571543497000675,5.707264
STAGE_MODEL_THRESHOLD,2,17.625747101999877,5.707264
STAGE_MODEL_THRESHOLD,2,17.679886609999812,5.747456
STAGE_MODEL_THRESHOLD,2,17.734027238002454,5.667072
STAGE_MODEL_THRESHOLD,2,17.788242069000262,5.707264
STAGE_MODEL_THRESHOLD,2,17.84245766800086,5.707264
STAGE_MODEL_THRESHOLD,2,17.89663469399966,5.667072
STAGE_MODEL_THRESHOLD,2,17.950850388999243,5.747456
STAGE_MODEL_THRESHOLD,2,18.005016827999498,5.707264
STAGE_MODEL_THRESHOLD,2,18.059174376001465,5.707264
STAGE_MODEL_THRESHOLD,2,18.11328666600093,5.747456
STAGE_MODEL_THRESHOLD,2,18.167435737999767,5.667072
STAGE_MODEL_THRESHOLD,2,18.221651241001382,5.707264
STAGE_MODEL_THRESHOLD,2,18.275818383001024,5.747456
STAGE_MODEL_THRESHOLD,2,18.330044952999742,5.667072
STAGE_MODEL_THRESHOLD,2,18.38417608099917,5.747456
STAGE_MODEL_THRESHOLD,2,18.438348086001497,5.707264
STAGE_MODEL_THRESHOLD,2,18.492591958001867,5.707264
STAGE_MODEL_THRESHOLD,2,18.54676428300081,5.747456
STAGE_MODEL_THRESHOLD,2,18.600933313002315,5.676096
STAGE_MODEL_THRESHOLD,2,18.655153485000483,5.707264
STAGE_MODEL_THRESHOLD,2,18.709280967999803,5.747456
STAGE_MODEL_THRESHOLD,2,18.763451468999847,5.716352
STAGE_MODEL_THRESHOLD,2,18.817673784000363,5.747456
STAGE_MODEL_THRESHOLD,2,18.871907102002297,5.707264
STAGE_MODEL_THRESHOLD,2,18.926203620001615,5.707264
STAGE_MODEL_THRESHOLD,2,18.980496812000638,5.82784
STAGE_MODEL_THRESHOLD,2,19.034585913999763,5.82784
STAGE_MODEL_THRESHOLD,2,19.08933193499979,5.868032
STAGE_MODEL_THRESHOLD,2,19.143607088000863,5.868032
STAGE_MODEL_THRESHOLD,2,19.1978077820022,5.787648
STAGE_MODEL_THRESHOLD,2,19.251935361000506,5.82784
STAGE_MODEL_THRESHOLD,2,19.306147153001803,5.787648
STAGE_MODEL_THRESHOLD,2,19.360311641001317,5.747456
STAGE_MODEL_THRESHOLD,2,19.414467270002206,5.82784
STAGE_MODEL_THRESHOLD,2,19.468612280001253,5.747456
STAGE_MODEL_THRESHOLD,2,19.522759400999348,5.747456
STAGE_MODEL_THRESHOLD,2,19.57687399399947,5.787648
STAGE_MODEL_THRESHOLD,2,19.63103908999983,5.707264
STAGE_MODEL_THRESHOLD,2,19.68517172200154,5.747456
STAGE_MODEL_THRESHOLD,2,19.739316892002535,5.747456
STAGE_MODEL_THRESHOLD,2,19.79352587000176,5.707264
STAGE_MODEL_THRESHOLD,2,19.84771377099969,5.787648
STAGE_MODEL_THRESHOLD,2,19.90191644800143,5.707264
STAGE_MODEL_THRESHOLD,2,19.956069612999272,5.707264
STAGE_MODEL_THRESHOLD,2,20.0101764989995,5.747456
STAGE_MODEL_THRESHOLD,2,20.06453602500187,5.667072
STAGE_MODEL_THRESHOLD,2,20.118811113999982,5.747456
STAGE_MODEL_THRESHOLD,2,20.17307945400171,5.707264
STAGE_MODEL_THRESHOLD,2,20.227318593002565,5.707264
STAGE_MODEL_THRESHOLD,2,20.281484872000874,5.747456
STAGE_MODEL_THRESHOLD,2,20.33563052200043,5.676096
STAGE_MODEL_THRESHOLD,2,20.389823252000497,5.716352
STAGE_MODEL_THRESHOLD,2,20.443942195001,5.747456
STAGE_MODEL_THRESHOLD,2,20.498125874000834,5.676096
STAGE_MODEL_THRESHOLD,2,20.55226605400094,5.716352
STAGE_MODEL_THRESHOLD,2,20.60645155599923,5.716352
STAGE_MODEL_THRESHOLD,2,20.660606257002655,5.676096
STAGE_MODEL_THRESHOLD,2,20.714841045999492,5.756608
STAGE_MODEL_THRESHOLD,2,20.76899258100093,5.676096
STAGE_MODEL_THRESHOLD,2,20.823224555002525,5.716352
STAGE_MODEL_THRESHOLD,2,20.877471018000506,5.747456
STAGE_MODEL_THRESHOLD,2,20.93167641400214,5.676096
STAGE_MODEL_THRESHOLD,2,20.985846883002523,5.716352
STAGE_MODEL_THRESHOLD,2,21.040058836002572,5.707264
STAGE_MODEL_THRESHOLD,2,21.09427923200201,5.676096
STAGE_MODEL_THRESHOLD,2,21.148507752001024,5.747456
STAGE_MODEL_THRESHOLD,2,21.202737872001308,5.676096
STAGE_MODEL_THRESHOLD,2,21.256918832001247,5.716352
STAGE_MODEL_THRESHOLD,2,21.3111040770018,5.707264
STAGE_MODEL_THRESHOLD,2,21.365248032001546,5.676096
STAGE_MODEL_THRESHOLD,2,21.4194862430013,5.707264
STAGE_MODEL_THRESHOLD,2,21.47359130500263,5.676096
STAGE_MODEL_THRESHOLD,2,21.527802746000816,5.676096
STAGE_MODEL_THRESHOLD,2,21.581936272999883,5.707264
STAGE_MODEL_THRESHOLD,2,21.636097595001047,5.63584
STAGE_MODEL_THRESHOLD,2,21.690359795000404,5.667072
STAGE_MODEL_THRESHOLD,2,21.744593784002063,5.707264
STAGE_MODEL_THRESHOLD,2,21.7987722809994,5.63584
STAGE_MODEL_THRESHOLD,2,21.853052775000833,5.667072
STAGE_MODEL_THRESHOLD,2,21.907350253000914,5.667072
STAGE_MODEL_THRESHOLD,2,21.961593870000797,5.667072
STAGE_MODEL_THRESHOLD,2,22.01580255999943,5.707264
STAGE_MODEL_THRESHOLD,2,22.070017166999605,5.787648
STAGE_MODEL_THRESHOLD,2,22.124546688999544,5.82784
STAGE_MODEL_THRESHOLD,2,22.178956973999448,5.868032
STAGE_MODEL_THRESHOLD,2,22.23313252799926,5.747456
STAGE_MODEL_THRESHOLD,2,22.287535873001616,5.787648
STAGE_MODEL_THRESHOLD,2,22.341731865999463,5.787648
STAGE_MODEL_THRESHOLD,2,22.395905756999127,5.747456
STAGE_MODEL_THRESHOLD,2,22.45003477499995,5.787648
STAGE_MODEL_THRESHOLD,2,22.504189956001937,5.707264
STAGE_MODEL_THRESHOLD,2,22.558378112000355,5.707264
STAGE_MODEL_THRESHOLD,2,22.61250549900069,5.787648
STAGE_MODEL_THRESHOLD,2,22.666741151999304,5.667072
STAGE_MODEL_THRESHOLD,2,22.72141393000129,5.747456
STAGE_MODEL_THRESHOLD,2,22.77554630600207,5.747456
STAGE_MODEL_THRESHOLD,2,22.82980984900132,5.707264
STAGE_MODEL_THRESHOLD,2,22.883940338000684,5.747456
STAGE_MODEL_THRESHOLD,2,22.938120242000878,5.707264
STAGE_MODEL_THRESHOLD,2,22.992276894001407,5.707264
STAGE_MODEL_THRESHOLD,2,23.046419218000665,5.747456
STAGE_MODEL_THRESHOLD,2,23.100562180999987,5.667072
STAGE_MODEL_THRESHOLD,2,23.15482102200258,5.707264
STAGE_MODEL_THRESHOLD,2,23.208942331999424,5.747456
STAGE_MODEL_THRESHOLD,2,23.263200372999563,5.676096
STAGE_MODEL_THRESHOLD,2,23.3173933270009,5.747456
STAGE_MODEL_THRESHOLD,2,23.371533059002104,5.716352
STAGE_MODEL_THRESHOLD,2,23.425718081001833,5.716352
STAGE_MODEL_THRESHOLD,2,23.479859349001345,5.747456
STAGE_MODEL_THRESHOLD,2,23.534037974000967,5.676096
STAGE_MODEL_THRESHOLD,2,23.588265983002202,5.716352
STAGE_MODEL_THRESHOLD,2,23.64250058000107,5.747456
STAGE_MODEL_THRESHOLD,2,23.69663724199927,5.676096
STAGE_MODEL_THRESHOLD,2,23.750750652001443,5.747456
STAGE_MODEL_THRESHOLD,2,23.80497341500086,5.716352
STAGE_MODEL_THRESHOLD,2,23.85912213499978,5.716352
STAGE_MODEL_THRESHOLD,2,23.913267369000096,5.747456
STAGE_MODEL_THRESHOLD,2,23.967449832001876,5.676096
STAGE_MODEL_THRESHOLD,2,24.021716892999393,5.716352
STAGE_MODEL_THRESHOLD,2,24.075863950001803,5.747456
STAGE_MODEL_THRESHOLD,2,24.13002057000267,5.716352
STAGE_MODEL_THRESHOLD,2,24.184177318002185,5.747456
STAGE_MODEL_THRESHOLD,2,24.238379132002592,5.716352
STAGE_MODEL_THRESHOLD,2,24.292604549002135,5.716352
STAGE_MODEL_THRESHOLD,2,24.346737564999785,5.747456
STAGE_MODEL_THRESHOLD,2,24.400877874002617,5.676096
STAGE_MODEL_THRESHOLD,2,24.455068941002537,5.707264
STAGE_MODEL_THRESHOLD,2,24.509203812001942,5.707264
STAGE_MODEL_THRESHOLD,2,24.563639652002166,5.676096
STAGE_MODEL_THRESHOLD,2,24.617901723002433,5.707264
STAGE_MODEL_THRESHOLD,2,24.67214082999999,5.716352
STAGE_MODEL_THRESHOLD,2,24.726462104001257,5.676096
STAGE_MODEL_THRESHOLD,2,24.780660559001262,5.747456
STAGE_MODEL_THRESHOLD,2,24.834846060999553,5.676096
STAGE_MODEL_THRESHOLD,2,24.889114113000687,5.707264
STAGE_MODEL_THRESHOLD,2,24.943288803999167,5.747456
STAGE_MODEL_THRESHOLD,2,24.99764702000175,5.667072
STAGE_MODEL_THRESHOLD,2,25.05202976700093,5.707264
STAGE_MODEL_THRESHOLD,2,25.10623941599988,5.747456
STAGE_MODEL_THRESHOLD,2,25.16071840299992,5.868032
STAGE_MODEL_THRESHOLD,2,25.215252211000916,5.868032
STAGE_MODEL_THRESHOLD,2,25.26964509699974,5.787648
STAGE_MODEL_THRESHOLD,2,25.32394654000018,5.82784
STAGE_MODEL_THRESHOLD,2,25.378208228001313,5.868032
STAGE_MODEL_THRESHOLD,2,25.432705158000317,5.747456
STAGE_MODEL_THRESHOLD,2,25.486975416999485,5.787648
STAGE_MODEL_THRESHOLD,2,25.541125032999844,5.787648
STAGE_MODEL_THRESHOLD,2,25.595327006001753,5.747456
STAGE_MODEL_THRESHOLD,2,25.649482667002303,5.787648
STAGE_MODEL_THRESHOLD,2,25.703658925001946,5.707264
STAGE_MODEL_THRESHOLD,2,25.757823541000107,5.747456
STAGE_MODEL_THRESHOLD,2,25.812052413002675,5.787648
STAGE_MODEL_THRESHOLD,2,25.86626686100135,5.676096
STAGE_MODEL_THRESHOLD,2,25.92053977500109,5.747456
STAGE_MODEL_THRESHOLD,2,25.974705286000244,5.747456
STAGE_MODEL_THRESHOLD,2,26.028909307002323,5.707264
STAGE_MODEL_THRESHOLD,2,26.083113935001165,5.747456
STAGE_MODEL_THRESHOLD,2,26.137377701001242,5.716352
STAGE_MODEL_THRESHOLD,2,26.19154513200192,5.707264
STAGE_MODEL_THRESHOLD,2,26.24573332,5.747456
STAGE_MODEL_THRESHOLD,2,26.299881433002156,5.676096
STAGE_MODEL_THRESHOLD,2,26.354166213001008,5.707264
STAGE_MODEL_THRESHOLD,2,26.40832513600253,5.707264
STAGE_MODEL_THRESHOLD,2,26.46253417800108,5.676096
STAGE_MODEL_THRESHOLD,2,26.516687727002136,5.707264
STAGE_MODEL_THRESHOLD,2,26.570873837001272,5.676096
STAGE_MODEL_THRESHOLD,2,26.6251065150027,5.676096
STAGE_MODEL_THRESHOLD,2,26.679268125000817,5.707264
STAGE_MODEL_THRESHOLD,2,26.733480140999745,5.63584
STAGE_MODEL_THRESHOLD,2,26.788361262999388,5.667072
STAGE_MODEL_THRESHOLD,2,26.84289052800159,5.707264
STAGE_MODEL_THRESHOLD,2,26.897441863002314,5.63584
STAGE_MODEL_THRESHOLD,2,26.951862607002113,5.707264
STAGE_MODEL_THRESHOLD,2,27.006155831000797,5.707264
STAGE_MODEL_THRESHOLD,2,27.060493736000353,5.667072
STAGE_MODEL_THRESHOLD,2,27.114630910000415,5.747456
STAGE_MODEL_THRESHOLD,2,27.168922887001827,5.667072
STAGE_MODEL_THRESHOLD,2,27.22334200000114,5.707264
STAGE_MODEL_THRESHOLD,2,27.277533578002476,5.707264
STAGE_MODEL_THRESHOLD,2,27.33180338999955,5.62688
STAGE_MODEL_THRESHOLD,2,27.38607393699931,5.707264
STAGE_MODEL_THRESHOLD,2,27.44084212300004,5.707264
STAGE_MODEL_THRESHOLD,2,27.49509319199933,5.667072
STAGE_MODEL_THRESHOLD,2,27.54919591900034,5.707264
STAGE_MODEL_THRESHOLD,2,27.60335231499994,5.667072
STAGE_MODEL_THRESHOLD,2,27.65752288099975,5.667072
STAGE_MODEL_THRESHOLD,2,27.711752264000097,5.747456
STAGE_MODEL_THRESHOLD,2,27.765978097999323,5.667072
STAGE_MODEL_THRESHOLD,2,27.820249221000267,5.707264
STAGE_MODEL_THRESHOLD,2,27.87445963800201,5.707264
STAGE_MODEL_THRESHOLD,2,27.928624446001777,5.667072
STAGE_MODEL_THRESHOLD,2,27.9828883400005,5.707264
STAGE_MODEL_THRESHOLD,2,28.03710243599926,5.667072
STAGE_MODEL_THRESHOLD,2,28.091479329999856,5.707264
STAGE_MODEL_THRESHOLD,2,28.145731806002004,5.747456
STAGE_MODEL_THRESHOLD,2,28.19991801099968,5.787648
STAGE_MODEL_THRESHOLD,2,28.254581929999404,5.868032
STAGE_MODEL_THRESHOLD,2,28.308963365001546,5.868032
STAGE_MODEL_THRESHOLD,2,28.363156863000768,5.787648
STAGE_MODEL_THRESHOLD,2,28.417328612002166,5.82784
STAGE_MODEL_THRESHOLD,2,28.47153714200249,5.787648
STAGE_MODEL_THRESHOLD,2,28.525799437000387,5.787648
STAGE_MODEL_THRESHOLD,2,28.579955609002354,5.82784
STAGE_MODEL_THRESHOLD,2,28.6341496189998,5.747456
STAGE_MODEL_THRESHOLD,2,28.68846040200151,5.787648
STAGE_MODEL_THRESHOLD,2,28.742713518000528,5.787648
STAGE_MODEL_THRESHOLD,2,28.79696631399929,5.747456
STAGE_MODEL_THRESHOLD,2,28.851197489002516,5.787648
STAGE_MODEL_THRESHOLD,2,28.905345473001944,5.747456
STAGE_MODEL_THRESHOLD,2,28.959507914001733,5.747456
STAGE_MODEL_THRESHOLD,2,29.01370416300051,5.787648
STAGE_MODEL_THRESHOLD,2,29.067872744999477,5.707264
STAGE_MODEL_THRESHOLD,2,29.122177035002096,5.747456
STAGE_MODEL_THRESHOLD,2,29.176340852001886,5.747456
STAGE_MODEL_THRESHOLD,2,29.230591760999232,5.707264
STAGE_MODEL_THRESHOLD,2,29.284855943002185,5.747456
STAGE_MODEL_THRESHOLD,2,29.3394551900019,5.707264
STAGE_MODEL_THRESHOLD,2,29.393833971000277,5.707264
STAGE_MODEL_THRESHOLD,2,29.44799286200214,5.747456
STAGE_MODEL_THRESHOLD,2,29.50217266999971,5.676096
STAGE_MODEL_THRESHOLD,2,29.556350655999267,5.707264
STAGE_MODEL_THRESHOLD,2,29.610499120000895,5.747456
STAGE_MODEL_THRESHOLD,2,29.665092290000757,5.676096
STAGE_MODEL_THRESHOLD,2,29.719629455001268,5.707264
STAGE_MODEL_THRESHOLD,2,29.773956421999173,5.707264
STAGE_MODEL_THRESHOLD,2,29.82818593400225,5.716352
STAGE_MODEL_THRESHOLD,2,29.8823204850014,5.747456
STAGE_MODEL_THRESHOLD,2,29.936494313002186,5.676096
STAGE_MODEL_THRESHOLD,2,29.990721746002237,5.716352
STAGE_MODEL_POLICY,2,0.00033973400059039705,5.474816
STAGE_MODEL_POLICY,2,0.05453329599913559,5.515072
STAGE_MODEL_POLICY,2,0.10868035300154588,5.555328
STAGE_MODEL_POLICY,2,0.16299539000101504,5.515072
STAGE_MODEL_POLICY,2,0.21715485700042336,5.595584
STAGE_MODEL_POLICY,2,0.2713758290010446,5.595584
STAGE_MODEL_POLICY,2,0.3255214460004936,5.595584
STAGE_MODEL_POLICY,2,0.37968545500189066,5.667072
STAGE_MODEL_POLICY,2,0.43383858900051564,5.595584
STAGE_MODEL_POLICY,2,0.48811975400167285,5.63584
STAGE_MODEL_POLICY,2,0.5422559690014168,5.667072
STAGE_MODEL_POLICY,2,0.5964517690008506,5.63584
STAGE_MODEL_POLICY,2,0.6507368050006335,5.667072
STAGE_MODEL_POLICY,2,0.7048964640016493,5.63584
STAGE_MODEL_POLICY,2,0.7591178200018476,5.667072
STAGE_MODEL_POLICY,2,0.8132252479990711,5.707264
STAGE_MODEL_POLICY,2,0.8673978600018017,5.63584
STAGE_MODEL_POLICY,2,0.9215945889991417,5.667072
STAGE_MODEL_POLICY,2,0.9757544390013209,5.707264
STAGE_MODEL_POLICY,2,1.029934982998384,5.667072
STAGE_MODEL_POLICY,2,1.084124578999763,5.707264
STAGE_MODEL_POLICY,2,1.1382905700011179,5.667072
STAGE_MODEL_POLICY,2,1.192553377000877,5.747456
STAGE_MODEL_POLICY,2,1.246607009001309,5.868032
STAGE_MODEL_POLICY,2,1.3011113590000605,5.787648
STAGE_MODEL_POLICY,2,1.3553538880005362,5.82784
STAGE_MODEL_POLICY,2,1.409527267998783,5.82784
STAGE_MODEL_POLICY,2,1.4637861090013757,5.787648
STAGE_MODEL_POLICY,2,1.517973146001168,5.82784
STAGE_MODEL_POLICY,2,1.5721447350006201,5.787648
STAGE_MODEL_POLICY,2,1.626426093000191,5.747456
STAGE_MODEL_POLICY,2,1.680630849001318,5.82784
STAGE_MODEL_POLICY,2,1.7348008379995008,5.747456
STAGE_MODEL_POLICY,2,1.7890821959990717,5.747456
STAGE_MODEL_POLICY,2,1.843214699998498,5.787648
STAGE_MODEL_POLICY,2,1.8973685380005918,5.707264
STAGE_MODEL_POLICY,2,1.9515067669999553,5.747456
STAGE_MODEL_POLICY,2,2.005654718999722,5.747456
STAGE_MODEL_POLICY,2,2.0597905819995503,5.747456
STAGE_MODEL_POLICY,2,2.113997512999049,5.787648
STAGE_MODEL_POLICY,2,2.1683190740004648,5.707264
STAGE_MODEL_POLICY,2,2.222669645998394,5.747456
STAGE_MODEL_POLICY,2,2.2768224600004032,5.787648
STAGE_MODEL_POLICY,2,2.331054498001322,5.707264
STAGE_MODEL_POLICY,2,2.3852911419999145,5.747456
STAGE_MODEL_POLICY,2,2.4394288920011604,5.747456
STAGE_MODEL_POLICY,2,2.4936292659986066,5.707264
STAGE_MODEL_POLICY,2,2.547790651999094,5.787648
STAGE_MODEL_POLICY,2,2.601954500001739,5.707264
STAGE_MODEL_POLICY,2,2.656188265998935,5.747456
STAGE_MODEL_POLICY,2,2.7103120060019137,5.787648
STAGE_MODEL_POLICY,2,2.764442079998844,5.707264
STAGE_MODEL_POLICY,2,2.818683426001371,5.747456
STAGE_MODEL_POLICY,2,2.8727989780018106,5.747456
STAGE_MODEL_POLICY,2,2.92692236700168,5.756608
STAGE_MODEL_POLICY,2,2.9810585170016566,5.787648
STAGE_MODEL_POLICY,2,3.035187056000723,5.716352
STAGE_MODEL_POLICY,2,3.0893241019985,5.747456
STAGE_MODEL_POLICY,2,3.1434792180007207,5.787648
STAGE_MODEL_POLICY,2,3.197701021999819,5.716352
STAGE_MODEL_POLICY,2,3.251983690999623,5.787648
STAGE_MODEL_POLICY,2,3.3061197140013974,5.756608
STAGE_MODEL_POLICY,2,3.3602451170008862,5.756608
STAGE_MODEL_POLICY,2,3.414360062000924,5.796864
STAGE_MODEL_POLICY,2,3.4684737600000517,5.716352
STAGE_MODEL_POLICY,2,3.5225716569984797,5.756608
STAGE_MODEL_POLICY,2,3.576691080001183,5.796864
STAGE_MODEL_POLICY,2,3.630863116999535,5.716352
STAGE_MODEL_POLICY,2,3.6850459320012305,5.796864
STAGE_MODEL_POLICY,2,3.7391373040009057,5.756608
STAGE_MODEL_POLICY,2,3.7932713119989785,5.756608
STAGE_MODEL_POLICY,2,3.8475953999986814,5.82784
STAGE_MODEL_POLICY,2,3.9017744730008417,5.756608
STAGE_MODEL_POLICY,2,3.955938161998347,5.747456
STAGE_MODEL_POLICY,2,4.0100876500000595,5.787648
STAGE_MODEL_POLICY,2,4.064253160999215,5.716352
STAGE_MODEL_POLICY,2,4.118569764999847,5.787648
STAGE_MODEL_POLICY,2,4.172812199001783,5.747456
STAGE_MODEL_POLICY,2,4.226987272999395,5.747456
STAGE_MODEL_POLICY,2,4.28119142200012,5.948416
STAGE_MODEL_POLICY,2,4.335473546998401,5.868032
STAGE_MODEL_POLICY,2,4.389899344998412,5.868032
STAGE_MODEL_POLICY,2,4.444073523998668,5.908224
STAGE_MODEL_POLICY,2,4.498260945001675,5.82784
STAGE_MODEL_POLICY,2,4.55240829000104,5.868032
STAGE_MODEL_POLICY,2,4.606547254999896,5.82784
STAGE_MODEL_POLICY,2,4.660793750001176,5.787648
STAGE_MODEL_POLICY,2,4.714908246998675,5.82784
STAGE_MODEL_POLICY,2,4.76908069899946,5.747456
STAGE_MODEL_POLICY,2,4.8232189289992675,5.787648
STAGE_MODEL_POLICY,2,4.877333937001822,5.82784
STAGE_MODEL_POLICY,2,4.93147488500108,5.756608
STAGE_MODEL_POLICY,2,4.985652678999031,5.787648
STAGE_MODEL_POLICY,2,5.039830631998484,5.747456
STAGE_MODEL_POLICY,2,5.09396543999901,5.756608
STAGE_MODEL_POLICY,2,5.148107250999601,5.787648
STAGE_MODEL_POLICY,2,5.202370377999614,5.707264
STAGE_MODEL_POLICY,2,5.2565293650004605,5.747456
STAGE_MODEL_POLICY,2,5.310660557999654,5.787648
STAGE_MODEL_POLICY,2,5.364770929001679,5.716352
STAGE_MODEL_POLICY,2,5.418924703000812,5.747456
STAGE_MODEL_POLICY,2,5.473060789001465,5.747456
STAGE_MODEL_POLICY,2,5.527173143000255,5.716352
STAGE_MODEL_POLICY,2,5.581289495999954,5.747456
STAGE_MODEL_POLICY,2,5.6355075249994115,5.676096
STAGE_MODEL_POLICY,2,5.689717142999143,5.707264
STAGE_MODEL_POLICY,2,5.743836117999308,5.747456
STAGE_MODEL_POLICY,2,5.797952854001778,5.676096
STAGE_MODEL_POLICY,2,5.852071092998813,5.707264
STAGE_MODEL_POLICY,2,5.906161570001132,5.707264
STAGE_MODEL_POLICY,2,5.960322252001788,5.707264
STAGE_MODEL_POLICY,2,6.014442635001615,5.747456
STAGE_MODEL_POLICY,2,6.068667477000417,5.676096
STAGE_MODEL_POLICY,2,6.122851315001753,5.707264
STAGE_MODEL_POLICY,2,6.177075005998631,5.707264
STAGE_MODEL_POLICY,2,6.2312496330014255,5.667072
STAGE_MODEL_POLICY,2,6.285678596999787,5.707264
STAGE_MODEL_POLICY,2,6.339914313000918,5.667072
STAGE_MODEL_POLICY,2,6.39406831100132,5.62688
STAGE_MODEL_POLICY,2,6.448197648998757,5.667072
STAGE_MODEL_POLICY,2,6.502362169001572,5.586688
STAGE_MODEL_POLICY,2,6.556496624001738,5.62688
STAGE_MODEL_POLICY,2,6.610612176998984,5.707264
STAGE_MODEL_POLICY,2,6.664765470999555,5.62688
STAGE_MODEL_POLICY,2,6.71891383899856,5.667072
STAGE_MODEL_POLICY,2,6.773115684001823,5.667072
STAGE_MODEL_POLICY,2,6.827238497000508,5.667072
STAGE_MODEL_POLICY,2,6.881397452001693,5.707264
STAGE_MODEL_POLICY,2,6.935522664000018,5.667072
STAGE_MODEL_POLICY,2,6.989717568998458,5.707264
STAGE_MODEL_POLICY,2,7.043872845999431,5.747456
STAGE_MODEL_POLICY,2,7.098024317001546,5.667072
STAGE_MODEL_POLICY,2,7.152268860998447,5.707264
STAGE_MODEL_POLICY,2,7.206440737001685,5.707264
STAGE_MODEL_POLICY,2,7.260666442998627,5.707264
STAGE_MODEL_POLICY,2,7.314922085999569,5.787648
STAGE_MODEL_POLICY,2,7.369142674000614,5.868032
STAGE_MODEL_POLICY,2,7.4236206370005675,5.868032
STAGE_MODEL_POLICY,2,7.477808570001798,5.908224
STAGE_MODEL_POLICY,2,7.53200088399899,5.82784
STAGE_MODEL_POLICY,2,7.586234170001262,5.868032
STAGE_MODEL_POLICY,2,7.640833224999369,5.868032
STAGE_MODEL_POLICY,2,7.695027906000178,5.82784
STAGE_MODEL_POLICY,2,7.749187596000411,5.868032
STAGE_MODEL_POLICY,2,7.803333725998527,5.787648
STAGE_MODEL_POLICY,2,7.857597684000211,5.787648
STAGE_MODEL_POLICY,2,7.911750018000021,5.868032
STAGE_MODEL_POLICY,2,7.96590849399945,5.747456
STAGE_MODEL_POLICY,2,8.020133207999606,5.787648
STAGE_MODEL_POLICY,2,8.074290500000643,5.787648
STAGE_MODEL_POLICY,2,8.128547198000888,5.82784
STAGE_MODEL_POLICY,2,8.18300942499991,5.948416
STAGE_MODEL_POLICY,2,8.23743410300085,5.938944
STAGE_MODEL_POLICY,2,8.291844708001008,5.938944
STAGE_MODEL_POLICY,2,8.346209864001139,5.979072
STAGE_MODEL_POLICY,2,8.40089022200118,5.868032
STAGE_MODEL_POLICY,2,8.45539521200044,5.908224
STAGE_MODEL_POLICY,2,8.50996097100142,5.908224
STAGE_MODEL_POLICY,2,8.564465416999155,5.82784
STAGE_MODEL_POLICY,2,8.618722179999168,5.868032
STAGE_MODEL_POLICY,2,8.674712921998434,5.868032
STAGE_MODEL_POLICY,2,8.728949566000665,5.82784
STAGE_MODEL_POLICY,2,8.783137179001642,5.868032
STAGE_MODEL_POLICY,2,8.837344269999448,5.787648
STAGE_MODEL_POLICY,2,8.892149366001831,5.787648
STAGE_MODEL_POLICY,2,8.946286442998826,5.82784
STAGE_MODEL_POLICY,2,9.000865731999511,5.747456
STAGE_MODEL_POLICY,2,9.055136887000117,5.787648
STAGE_MODEL_POLICY,2,9.109261555000558,5.82784
STAGE_MODEL_POLICY,2,9.163436822000222,5.747456
STAGE_MODEL_POLICY,2,9.217588612998952,5.787648
STAGE_MODEL_POLICY,2,9.271897763999732,5.787648
STAGE_MODEL_POLICY,2,9.326145219001774,5.787648
STAGE_MODEL_POLICY,2,9.38046495800154,5.908224
STAGE_MODEL_POLICY,2,9.434732850000728,5.868032
STAGE_MODEL_POLICY,2,9.489194406000024,5.938944
STAGE_MODEL_POLICY,2,9.543772927001555,5.979072
STAGE_MODEL_POLICY,2,9.598067301998526,5.908224
STAGE_MODEL_POLICY,2,9.652468952001072,5.908224
STAGE_MODEL_POLICY,2,9.706656499998644,5.868032
STAGE_MODEL_POLICY,2,9.76081695800167,5.82784
STAGE_MODEL_POLICY,2,9.814940091000608,5.868032
STAGE_MODEL_POLICY,2,9.869095623998874,5.787648
STAGE_MODEL_POLICY,2,9.923241050000797,5.82784
STAGE_MODEL_POLICY,2,9.977398406001157,5.868032
STAGE_MODEL_POLICY,2,10.031570825998642,5.787648
STAGE_MODEL_POLICY,2,10.085692967000796,5.908224
STAGE_MODEL_POLICY,2,10.140084829999978,5.948416
STAGE_MODEL_POLICY,2,10.194626856999093,5.938944
STAGE_MODEL_POLICY,2,10.249225655999908,5.979072
STAGE_MODEL_POLICY,2,10.303568903000269,5.908224
STAGE_MODEL_POLICY,2,10.35778171900165,5.908224
STAGE_MODEL_POLICY,2,10.411944928000594,6.059328
STAGE_MODEL_POLICY,2,10.466264025999408,5.979072
STAGE_MODEL_POLICY,2,10.520801736001886,6.0192
STAGE_MODEL_POLICY,2,10.575238951998472,6.0192
STAGE_MODEL_POLICY,2,10.629536620999716,5.908224
STAGE_MODEL_POLICY,2,10.683706739000627,5.948416
STAGE_MODEL_POLICY,2,10.737857282001642,5.868032
STAGE_MODEL_POLICY,2,10.792024008998851,5.868032
STAGE_MODEL_POLICY,2,10.84622691000186,5.908224
STAGE_MODEL_POLICY,2,10.90044247699916,5.82784
STAGE_MODEL_POLICY,2,10.954700197999045,5.868032
STAGE_MODEL_POLICY,2,11.009005640000396,5.868032
STAGE_MODEL_POLICY,2,11.06316145999881,5.787648
STAGE_MODEL_POLICY,2,11.11774039699958,5.82784
STAGE_MODEL_POLICY,2,11.17255678299989,5.787648
STAGE_MODEL_POLICY,2,11.226718393001647,5.787648
STAGE_MODEL_POLICY,2,11.280884289000824,5.82784
STAGE_MODEL_POLICY,2,11.335114376001002,5.747456
STAGE_MODEL_POLICY,2,11.389282349999121,5.787648
STAGE_MODEL_POLICY,2,11.443449397000222,5.787648
STAGE_MODEL_POLICY,2,11.497589962000347,5.707264
STAGE_MODEL_POLICY,2,11.551732668998739,5.787648
STAGE_MODEL_POLICY,2,11.605926997999632,5.747456
STAGE_MODEL_POLICY,2,11.660505103001924,5.707264
STAGE_MODEL_POLICY,2,11.714691627999855,5.787648
STAGE_MODEL_POLICY,2,11.768818663000275,5.707264
STAGE_MODEL_POLICY,2,11.823038803999225,5.747456
STAGE_MODEL_POLICY,2,11.877187940001022,5.787648
STAGE_MODEL_POLICY,2,11.931395062001684,5.707264
STAGE_MODEL_POLICY,2,11.985638327001652,5.747456
STAGE_MODEL_POLICY,2,12.039763250999385,5.747456
STAGE_MODEL_POLICY,2,12.093894156001625,5.707264
STAGE_MODEL_POLICY,2,12.148000561999652,5.787648
STAGE_MODEL_POLICY,2,12.202197833001264,5.707264
STAGE_MODEL_POLICY,2,12.25638084000093,5.747456
STAGE_MODEL_POLICY,2,12.310556874999747,5.787648
STAGE_MODEL_POLICY,2,12.364714806000848,5.707264
STAGE_MODEL_POLICY,2,12.418907024999498,5.787648
STAGE_MODEL_POLICY,2,12.47310256900164,5.787648
STAGE_MODEL_POLICY,2,12.527280074998998,5.747456
STAGE_MODEL_POLICY,2,12.581388079001044,5.787648
STAGE_MODEL_POLICY,2,12.635663360000763,5.747456
STAGE_MODEL_POLICY,2,12.689835683999263,5.747456
STAGE_MODEL_POLICY,2,12.74398402099905,5.82784
STAGE_MODEL_POLICY,2,12.798171857000852,5.747456
STAGE_MODEL_POLICY,2,12.852336665000621,5.787648
STAGE_MODEL_POLICY,2,12.906467794000491,5.787648
STAGE_MODEL_POLICY,2,12.960645620001742,5.747456
STAGE_MODEL_POLICY,2,13.014802623998548,5.82784
STAGE_MODEL_POLICY,2,13.06895818799967,5.747456
STAGE_MODEL_POLICY,2,13.123121493001236,5.787648
STAGE_MODEL_POLICY,2,13.177302612999483,5.82784
STAGE_MODEL_POLICY,2,13.231554162000975,5.747456
STAGE_MODEL_POLICY,2,13.285832385001413,5.787648
STAGE_MODEL_POLICY,2,13.340033366999705,5.787648
STAGE_MODEL_POLICY,2,13.394400826000492,5.747456
STAGE_MODEL_POLICY,2,13.448575132999395,5.82784
STAGE_MODEL_POLICY,2,13.502789131998725,5.868032
STAGE_MODEL_POLICY,2,13.557404466999287,5.868032
STAGE_MODEL_POLICY,2,13.611663979998411,5.868032
STAGE_MODEL_POLICY,2,13.665870430999348,5.787648
STAGE_MODEL_POLICY,2,13.720036774000619,5.82784
STAGE_MODEL_POLICY,2,13.774161091001588,5.82784
STAGE_MODEL_POLICY,2,13.828522984000301,5.787648
STAGE_MODEL_POLICY,2,13.88269143800062,5.82784
STAGE_MODEL_POLICY,2,13.936832449999201,5.787648
STAGE_MODEL_POLICY,2,13.991023228998529,5.787648
STAGE_MODEL_POLICY,2,14.045175628001743,5.82784
STAGE_MODEL_POLICY,2,14.099337429001025,5.747456
STAGE_MODEL_POLICY,2,14.15367165600037,5.787648
STAGE_MODEL_POLICY,2,14.207829875998868,5.787648
STAGE_MODEL_POLICY,2,14.261973797998508,5.747456
STAGE_MODEL_POLICY,2,14.316175259999,5.787648
STAGE_MODEL_POLICY,2,14.370449997000833,5.747456
STAGE_MODEL_POLICY,2,14.42475182400085,5.747456
STAGE_MODEL_POLICY,2,14.478903903000173,5.787648
STAGE_MODEL_POLICY,2,14.533084606999182,5.716352
STAGE_MODEL_POLICY,2,14.58735489800165,5.787648
STAGE_MODEL_POLICY,2,14.64157945199986,5.787648
STAGE_MODEL_POLICY,2,14.695761372000561,5.716352
STAGE_MODEL_POLICY,2,14.749921063001239,5.787648
STAGE_MODEL_POLICY,2,14.804144624999026,5.747456
STAGE_MODEL_POLICY,2,14.858432954999444,5.747456
STAGE_MODEL_POLICY,2,14.912571216998913,5.787648
STAGE_MODEL_POLICY,2,14.966724542999145,5.716352
STAGE_MODEL_POLICY,2,15.021669599998859,5.747456
STAGE_MODEL_POLICY,2,15.075937909001368,5.787648
STAGE_MODEL_POLICY,2,15.13011797299987,5.716352
STAGE_MODEL_POLICY,2,15.184342879001633,5.787648
STAGE_MODEL_POLICY,2,15.238521888000832,5.747456
STAGE_MODEL_POLICY,2,15.292742379999254,5.756608
STAGE_MODEL_POLICY,2,15.347089080998558,5.787648
STAGE_MODEL_POLICY,2,15.401284465999197,5.716352
STAGE_MODEL_POLICY,2,15.455674793000071,5.747456
STAGE_MODEL_POLICY,2,15.509845966000285,5.787648
STAGE_MODEL_POLICY,2,15.564032746999146,5.707264
STAGE_MODEL_POLICY,2,15.618237246999342,5.747456
STAGE_MODEL_POLICY,2,15.672442194998439,5.747456
STAGE_MODEL_POLICY,2,15.726601533999201,5.707264
STAGE_MODEL_POLICY,2,15.780809265001153,5.787648
STAGE_MODEL_POLICY,2,15.835020481001266,5.707264
STAGE_MODEL_POLICY,2,15.889176974000293,5.747456
STAGE_MODEL_POLICY,2,15.943298987000162,5.747456
STAGE_MODEL_POLICY,2,15.997473070001433,5.707264
STAGE_MODEL_POLICY,2,16.05161130000124,5.747456
STAGE_MODEL_POLICY,2,16.105784934999974,5.707264
STAGE_MODEL_POLICY,2,16.160009841001738,5.707264
STAGE_MODEL_POLICY,2,16.214545343998907,5.747456
STAGE_MODEL_POLICY,2,16.26874808499997,5.667072
STAGE_MODEL_POLICY,2,16.32302342999901,5.707264
STAGE_MODEL_POLICY,2,16.377131625999027,5.747456
STAGE_MODEL_POLICY,2,16.431466812999133,5.707264
STAGE_MODEL_POLICY,2,16.48597560900089,5.747456
STAGE_MODEL_POLICY,2,16.540208894999523,5.868032
STAGE_MODEL_POLICY,2,16.5944664560011,5.82784
STAGE_MODEL_POLICY,2,16.648845588999393,5.868032
STAGE_MODEL_POLICY,2,16.70313529499981,5.787648
STAGE_MODEL_POLICY,2,16.757378016001894,5.787648
STAGE_MODEL_POLICY,2,16.81160506499873,5.82784
STAGE_MODEL_POLICY,2,16.86580319999848,5.747456
STAGE_MODEL_POLICY,2,16.92006328899879,5.787648
STAGE_MODEL_POLICY,2,16.974210058000608,5.787648
STAGE_MODEL_POLICY,2,17.028362135999487,5.747456
STAGE_MODEL_POLICY,2,17.082527424001455,5.787648
STAGE_MODEL_POLICY,2,17.13672997300091,5.707264
STAGE_MODEL_POLICY,2,17.190939207001065,5.747456
STAGE_MODEL_POLICY,2,17.245116521000455,5.787648
STAGE_MODEL_POLICY,2,17.299615497999184,5.707264
STAGE_MODEL_POLICY,2,17.353834614001244,5.747456
STAGE_MODEL_POLICY,2,17.407984966001095,5.747456
STAGE_MODEL_POLICY,2,17.462207089000003,5.707264
STAGE_MODEL_POLICY,2,17.5164346499987,5.747456
STAGE_MODEL_POLICY,2,17.57063470399953,5.707264
STAGE_MODEL_POLICY,2,17.624870453000767,5.707264
STAGE_MODEL_POLICY,2,17.679062895000243,5.787648
STAGE_MODEL_POLICY,2,17.73327132900158,5.676096
STAGE_MODEL_POLICY,2,17.787920214999758,5.747456
STAGE_MODEL_POLICY,2,17.842213022999204,5.747456
STAGE_MODEL_POLICY,2,17.896678417000658,5.707264
STAGE_MODEL_POLICY,2,17.95081616600146,5.747456
STAGE_MODEL_POLICY,2,18.005006913001125,5.747456
STAGE_MODEL_POLICY,2,18.05915403399922,5.707264
STAGE_MODEL_POLICY,2,18.113292199999705,5.787648
STAGE_MODEL_POLICY,2,18.16750124200189,5.716352
STAGE_MODEL_POLICY,2,18.221670271999756,5.747456
STAGE_MODEL_POLICY,2,18.275811794999754,5.747456
STAGE_MODEL_POLICY,2,18.330035197999678,5.716352
STAGE_MODEL_POLICY,2,18.384145665000688,5.747456
STAGE_MODEL_POLICY,2,18.438359665000462,5.707264
STAGE_MODEL_POLICY,2,18.49272485199981,5.707264
STAGE_MODEL_POLICY,2,18.547005123000417,5.747456
STAGE_MODEL_POLICY,2,18.60119295899858,5.716352
STAGE_MODEL_POLICY,2,18.655434977001278,5.747456
STAGE_MODEL_POLICY,2,18.709546563000913,5.747456
STAGE_MODEL_POLICY,2,18.763727843001107,5.716352
STAGE_MODEL_POLICY,2,18.81797596999968,5.747456
STAGE_MODEL_POLICY,2,18.87211224800194,5.716352
STAGE_MODEL_POLICY,2,18.92624101000183,5.707264
STAGE_MODEL_POLICY,2,18.98037274699891,5.747456
STAGE_MODEL_POLICY,2,19.034521306999522,5.676096
STAGE_MODEL_POLICY,2,19.08865864100153,5.707264
STAGE_MODEL_POLICY,2,19.142796645999624,5.747456
STAGE_MODEL_POLICY,2,19.197614311000507,5.676096
STAGE_MODEL_POLICY,2,19.251797125998564,5.747456
STAGE_MODEL_POLICY,2,19.30598176499916,5.707264
STAGE_MODEL_POLICY,2,19.360107552001864,5.716352
STAGE_MODEL_POLICY,2,19.41419950099953,5.747456
STAGE_MODEL_POLICY,2,19.46838317899892,5.676096
STAGE_MODEL_POLICY,2,19.522680304999085,5.707264
STAGE_MODEL_POLICY,2,19.576861361001647,5.82784
STAGE_MODEL_POLICY,2,19.63098542100124,5.82784
STAGE_MODEL_POLICY,2,19.6856444139994,5.868032
STAGE_MODEL_POLICY,2,19.739916209000512,5.82784
STAGE_MODEL_POLICY,2,19.79415013399921,5.82784
STAGE_MODEL_POLICY,2,19.84830605100069,5.868032
STAGE_MODEL_POLICY,2,19.90248435600006,5.787648
STAGE_MODEL_POLICY,2,19.956707375000406,5.787648
STAGE_MODEL_POLICY,2,20.010873653998715,5.82784
STAGE_MODEL_POLICY,2,20.065194000999327,5.747456
STAGE_MODEL_POLICY,2,20.119790049000585,5.787648
STAGE_MODEL_POLICY,2,20.173974271001498,5.787648
STAGE_MODEL_POLICY,2,20.228174613999727,5.747456
STAGE_MODEL_POLICY,2,20.2823136420011,5.787648
STAGE_MODEL_POLICY,2,20.337144933000673,5.707264
STAGE_MODEL_POLICY,2,20.391342140999768,5.707264
STAGE_MODEL_POLICY,2,20.44559880700035,5.787648
STAGE_MODEL_POLICY,2,20.500551893001102,5.667072
STAGE_MODEL_POLICY,2,20.554908221001824,5.707264
STAGE_MODEL_POLICY,2,20.609095226001955,5.747456
STAGE_MODEL_POLICY,2,20.663331838000886,5.667072
STAGE_MODEL_POLICY,2,20.717451197000628,5.747456
STAGE_MODEL_POLICY,2,20.77158865900128,5.667072
STAGE_MODEL_POLICY,2,20.825793350999447,5.667072
STAGE_MODEL_POLICY,2,20.879886579001322,5.747456
STAGE_MODEL_POLICY,2,20.93402442400111,5.676096
STAGE_MODEL_POLICY,2,20.988236632001644,5.707264
STAGE_MODEL_POLICY,2,21.042368368998723,5.707264
STAGE_MODEL_POLICY,2,21.096487247999903,5.667072
STAGE_MODEL_POLICY,2,21.150658613001724,5.707264
STAGE_MODEL_POLICY,2,21.20481152299908,5.667072
STAGE_MODEL_POLICY,2,21.258961137998995,5.667072
STAGE_MODEL_POLICY,2,21.313166150001052,5.707264
STAGE_MODEL_POLICY,2,21.36728282200056,5.62688
STAGE_MODEL_POLICY,2,21.421412608000537,5.667072
STAGE_MODEL_POLICY,2,21.475528768001823,5.707264
STAGE_MODEL_POLICY,2,21.529705411001487,5.667072
STAGE_MODEL_POLICY,2,21.584036248001212,5.707264
STAGE_MODEL_POLICY,2,21.638239531999716,5.667072
STAGE_MODEL_POLICY,2,21.692469363999408,5.667072
STAGE_MODEL_POLICY,2,21.74660052499894,5.707264
STAGE_MODEL_POLICY,2,21.800785450999683,5.63584
STAGE_MODEL_POLICY,2,21.855698365001444,5.667072
STAGE_MODEL_POLICY,2,21.910213268998632,5.707264
STAGE_MODEL_POLICY,2,21.964380347999395,5.667072
STAGE_MODEL_POLICY,2,22.01908872399872,5.707264
STAGE_MODEL_POLICY,2,22.073655570999108,5.707264
STAGE_MODEL_POLICY,2,22.128318465998746,5.667072
STAGE_MODEL_POLICY,2,22.182480139999825,5.707264
STAGE_MODEL_POLICY,2,22.23776563499996,5.667072
STAGE_MODEL_POLICY,2,22.291925966001145,5.667072
STAGE_MODEL_POLICY,2,22.346305097998993,5.747456
STAGE_MODEL_POLICY,2,22.40099754699986,5.676096
STAGE_MODEL_POLICY,2,22.455158356999164,5.716352
STAGE_MODEL_POLICY,2,22.509680298000603,5.707264
STAGE_MODEL_POLICY,2,22.563873380000587,5.676096
STAGE_MODEL_POLICY,2,22.618131453000387,5.747456
STAGE_MODEL_POLICY,2,22.672368673000165,5.868032
STAGE_MODEL_POLICY,2,22.72672116299873,5.82784
STAGE_MODEL_POLICY,2,22.78111577600066,5.868032
STAGE_MODEL_POLICY,2,22.835345640000014,5.787648
STAGE_MODEL_POLICY,2,22.889506449999317,5.82784
STAGE_MODEL_POLICY,2,22.943713605000084,5.82784
STAGE_MODEL_POLICY,2,22.997880012000678,5.747456
STAGE_MODEL_POLICY,2,23.05230920000031,5.787648
STAGE_MODEL_POLICY,2,23.10656337099863,5.787648
STAGE_MODEL_POLICY,2,23.160753318999923,5.747456
STAGE_MODEL_POLICY,2,23.214938755998446,5.787648
STAGE_MODEL_POLICY,2,23.26922360000026,5.747456
STAGE_MODEL_POLICY,2,23.323460340001475,5.747456
STAGE_MODEL_POLICY,2,23.3775932919998,5.787648
STAGE_MODEL_POLICY,2,23.43178886899841,5.707264
STAGE_MODEL_POLICY,2,23.485985469000298,5.747456
STAGE_MODEL_POLICY,2,23.540128527998604,5.747456
STAGE_MODEL_POLICY,2,23.59434917999897,5.707264
STAGE_MODEL_POLICY,2,23.648539064000943,5.747456
STAGE_MODEL_POLICY,2,23.702784056000382,5.707264
STAGE_MODEL_POLICY,2,23.756933830998605,5.707264
STAGE_MODEL_POLICY,2,23.811136444001022,5.787648
STAGE_MODEL_POLICY,2,23.865307074000157,5.676096
STAGE_MODEL_POLICY,2,23.91956089299856,5.747456
STAGE_MODEL_POLICY,2,23.97375669399844,5.707264
STAGE_MODEL_POLICY,2,24.027940275998844,5.716352
STAGE_MODEL_POLICY,2,24.082126896999398,5.747456
STAGE_MODEL_POLICY,2,24.136384075001843,5.716352
STAGE_MODEL_POLICY,2,24.19056449100026,5.707264
STAGE_MODEL_POLICY,2,24.24468596099905,5.747456
STAGE_MODEL_POLICY,2,24.298894363000727,5.676096
STAGE_MODEL_POLICY,2,24.353062977999798,5.707264
STAGE_MODEL_POLICY,2,24.407246367998596,5.716352
STAGE_MODEL_POLICY,2,24.461451380000653,5.676096
STAGE_MODEL_POLICY,2,24.51565319400106,5.747456
STAGE_MODEL_POLICY,2,24.569812148998608,5.676096
STAGE_MODEL_POLICY,2,24.6250888809991,5.716352
STAGE_MODEL_POLICY,2,24.679429185001936,5.747456
STAGE_MODEL_POLICY,2,24.733734913999797,5.676096
STAGE_MODEL_POLICY,2,24.78810979300033,5.716352
STAGE_MODEL_POLICY,2,24.842270059998555,5.756608
STAGE_MODEL_POLICY,2,24.898174764999567,5.676096
STAGE_MODEL_POLICY,2,24.952412241000275,5.716352
STAGE_MODEL_POLICY,2,25.007173007001256,5.716352
STAGE_MODEL_POLICY,2,25.061336918999586,5.676096
STAGE_MODEL_POLICY,2,25.115492772001744,5.756608
STAGE_MODEL_POLICY,2,25.169643475001067,5.676096
STAGE_MODEL_POLICY,2,25.22382958399976,5.716352
STAGE_MODEL_POLICY,2,25.277977441000985,5.756608
STAGE_MODEL_POLICY,2,25.3335008009999,5.676096
STAGE_MODEL_POLICY,2,25.388582334999228,5.716352
STAGE_MODEL_POLICY,2,25.44275689799906,5.716352
STAGE_MODEL_POLICY,2,25.49871684000027,5.676096
STAGE_MODEL_POLICY,2,25.55314583600193,5.716352
STAGE_MODEL_POLICY,2,25.60841089400128,5.716352
STAGE_MODEL_POLICY,2,25.662582609998935,5.676096
STAGE_MODEL_POLICY,2,25.71714389200133,5.82784
STAGE_MODEL_POLICY,2,25.771379704001447,5.82784
STAGE_MODEL_POLICY,2,25.82573046700054,5.82784
STAGE_MODEL_POLICY,2,25.880800550999993,5.868032
STAGE_MODEL_POLICY,2,25.934981510999933,5.787648
STAGE_MODEL_POLICY,2,25.98917638399871,5.787648
STAGE_MODEL_POLICY,2,26.043358111000998,5.787648
STAGE_MODEL_POLICY,2,26.097564178999164,5.747456
STAGE_MODEL_POLICY,2,26.151716993001173,5.787648
STAGE_MODEL_POLICY,2,26.20676750200073,5.747456
STAGE_MODEL_POLICY,2,26.26093234200016,5.707264
STAGE_MODEL_POLICY,2,26.315988607999316,5.747456
STAGE_MODEL_POLICY,2,26.370146922999993,5.707264
STAGE_MODEL_POLICY,2,26.424382288001652,5.707264
STAGE_MODEL_POLICY,2,26.479451284001698,5.747456
STAGE_MODEL_POLICY,2,26.53362108100191,5.667072
STAGE_MODEL_POLICY,2,26.588603815998795,5.707264
STAGE_MODEL_POLICY,2,26.642804957999033,5.707264
STAGE_MODEL_POLICY,2,26.69762195200019,5.667072
STAGE_MODEL_POLICY,2,26.752196155001002,5.707264
STAGE_MODEL_POLICY,2,26.806431519999023,5.707264
STAGE_MODEL_POLICY,2,26.860683644001256,5.667072
STAGE_MODEL_POLICY,2,26.914819665998948,5.747456
STAGE_MODEL_POLICY,2,26.969531433001976,5.667072
STAGE_MODEL_POLICY,2,27.024063928998658,5.707264
STAGE_MODEL_POLICY,2,27.078200302999903,5.747456
STAGE_MODEL_POLICY,2,27.132933403001516,5.667072
STAGE_MODEL_POLICY,2,27.187109149999742,5.707264
STAGE_MODEL_POLICY,2,27.24120125799891,5.707264
STAGE_MODEL_POLICY,2,27.295327461000852,5.667072
STAGE_MODEL_POLICY,2,27.34950730199853,5.747456
STAGE_MODEL_POLICY,2,27.403652600001806,5.676096
STAGE_MODEL_POLICY,2,27.45780522199857,5.707264
STAGE_MODEL_POLICY,2,27.51192317299865,5.747456
STAGE_MODEL_POLICY,2,27.56609453800047,5.676096
STAGE_MODEL_POLICY,2,27.62031311100145,5.707264
STAGE_MODEL_POLICY,2,27.674539297000592,5.747456
STAGE_MODEL_POLICY,2,27.72886587999892,5.716352
STAGE_MODEL_POLICY,2,27.78307194700028,5.747456
STAGE_MODEL_POLICY,2,27.83729570200012,5.707264
STAGE_MODEL_POLICY,2,27.891464508000354,5.707264
STAGE_MODEL_POLICY,2,27.945563108998613,5.787648
STAGE_MODEL_POLICY,2,27.99967850200119,5.716352
STAGE_MODEL_POLICY,2,28.053797125001438,5.747456
STAGE_MODEL_POLICY,2,28.107911877999868,5.747456
STAGE_MODEL_POLICY,2,28.162176347999775,5.707264
STAGE_MODEL_POLICY,2,28.216303671000787,5.747456
STAGE_MODEL_POLICY,2,28.270509450001555,5.707264
STAGE_MODEL_POLICY,2,28.324707425999804,5.707264
STAGE_MODEL_POLICY,2,28.378832573998807,5.787648
STAGE_MODEL_POLICY,2,28.43297707199963,5.716352
STAGE_MODEL_POLICY,2,28.487097678000282,5.747456
STAGE_MODEL_POLICY,2,28.541205491001165,5.747456
STAGE_MODEL_POLICY,2,28.595353922999493,5.716352
STAGE_MODEL_POLICY,2,28.649633106000692,5.747456
STAGE_MODEL_POLICY,2,28.703927577000286,5.716352
STAGE_MODEL_POLICY,2,28.75819047999903,5.747456
STAGE_MODEL_POLICY,2,28.81289229899994,5.948416
STAGE_MODEL_POLICY,2,28.867449679000856,5.82784
STAGE_MODEL_POLICY,2,28.92180821399961,5.868032
STAGE_MODEL_POLICY,2,28.975956166999822,5.868032
STAGE_MODEL_POLICY,2,29.03024424099931,5.787648
STAGE_MODEL_POLICY,2,29.08445229100107,5.82784
STAGE_MODEL_POLICY,2,29.138607632001367,5.787648
STAGE_MODEL_POLICY,2,29.192859916998714,5.787648
STAGE_MODEL_POLICY,2,29.24703886199859,5.82784
STAGE_MODEL_POLICY,2,29.301200279001932,5.747456
STAGE_MODEL_POLICY,2,29.355428767001285,5.787648
STAGE_MODEL_POLICY,2,29.409550364998722,5.787648
STAGE_MODEL_POLICY,2,29.46370596199995,5.707264
STAGE_MODEL_POLICY,2,29.517932402999577,5.787648
STAGE_MODEL_POLICY,2,29.572075045998645,5.747456
STAGE_MODEL_POLICY,2,29.62638877200152,5.747456
STAGE_MODEL_POLICY,2,29.680578366998816,5.787648
STAGE_MODEL_POLICY,2,29.73474854899905,5.707264
STAGE_MODEL_POLICY,2,29.78927797399956,5.747456
STAGE_MODEL_POLICY,2,29.843489127000794,5.787648
STAGE_MODEL_POLICY,2,29.89761721800096,5.716352
STAGE_MODEL_POLICY,2,29.951757814000302,5.747456
STAGE_FULL_PIPELINE,2,0.0002896469995903317,5.676096
STAGE_FULL_PIPELINE,2,0.054500640002515865,5.716352
STAGE_FULL_PIPELINE,2,0.1085803380010475,5.676096
STAGE_FULL_PIPELINE,2,0.16280393300257856,5.62688
STAGE_FULL_PIPELINE,2,0.21695342100065318,5.707264
STAGE_FULL_PIPELINE,2,0.2711093690013513,5.62688
STAGE_FULL_PIPELINE,2,0.3252720340024098,5.667072
STAGE_FULL_PIPELINE,2,0.37940159600111656,5.707264
STAGE_FULL_PIPELINE,2,0.4335456780027016,5.63584
STAGE_FULL_PIPELINE,2,0.4876918720001413,5.707264
STAGE_FULL_PIPELINE,2,0.5418168920004973,5.707264
STAGE_FULL_PIPELINE,2,0.5959805480015348,5.667072
STAGE_FULL_PIPELINE,2,0.6501685770017502,5.707264
STAGE_FULL_PIPELINE,2,0.7043330970009265,5.667072
STAGE_FULL_PIPELINE,2,0.758484664002026,5.707264
STAGE_FULL_PIPELINE,2,0.8127676520016394,5.747456
STAGE_FULL_PIPELINE,2,0.8673739040023065,5.676096
STAGE_FULL_PIPELINE,2,0.9216827039999771,5.747456
STAGE_FULL_PIPELINE,2,0.9758626080001704,5.747456
STAGE_FULL_PIPELINE,2,1.0301260550004372,5.707264
STAGE_FULL_PIPELINE,2,1.084377700000914,5.787648
STAGE_FULL_PIPELINE,2,1.1386049079992517,5.747456
STAGE_FULL_PIPELINE,2,1.1927945040006307,5.747456
STAGE_FULL_PIPELINE,2,1.2469253449999087,5.787648
STAGE_FULL_PIPELINE,2,1.3011591430004046,5.707264
STAGE_FULL_PIPELINE,2,1.3553381839992653,5.747456
STAGE_FULL_PIPELINE,2,1.409483673000068,5.787648
STAGE_FULL_PIPELINE,2,1.4636094289999164,5.707264
STAGE_FULL_PIPELINE,2,1.5177607080004236,5.787648
STAGE_FULL_PIPELINE,2,1.5719005680002738,5.747456
STAGE_FULL_PIPELINE,2,1.6261801030013885,5.747456
STAGE_FULL_PIPELINE,2,1.680324152999674,5.787648
STAGE_FULL_PIPELINE,2,1.7344655810011318,5.707264
STAGE_FULL_PIPELINE,2,1.7887388470007863,5.787648
STAGE_FULL_PIPELINE,2,1.8430006939997838,5.908224
STAGE_FULL_PIPELINE,2,1.8973214239995286,5.908224
STAGE_FULL_PIPELINE,2,1.951739002000977,5.908224
STAGE_FULL_PIPELINE,2,2.005901411001105,5.868032
STAGE_FULL_PIPELINE,2,2.0600988430014695,5.868032
STAGE_FULL_PIPELINE,2,2.1142579580009624,5.908224
STAGE_FULL_PIPELINE,2,2.16847384400171,5.82784
STAGE_FULL_PIPELINE,2,2.222649495000951,5.868032
STAGE_FULL_PIPELINE,2,2.276777328999742,5.868032
STAGE_FULL_PIPELINE,2,2.331122270999913,5.787648
STAGE_FULL_PIPELINE,2,2.3852758850007376,5.82784
STAGE_FULL_PIPELINE,2,2.439455790001375,5.787648
STAGE_FULL_PIPELINE,2,2.4935841680016892,5.787648
STAGE_FULL_PIPELINE,2,2.54770451800141,5.82784
STAGE_FULL_PIPELINE,2,2.601844187000097,5.756608
STAGE_FULL_PIPELINE,2,2.656100085001526,5.787648
STAGE_FULL_PIPELINE,2,2.71020460300133,5.787648
STAGE_FULL_PIPELINE,2,2.764421162002691,5.747456
STAGE_FULL_PIPELINE,2,2.818725100001757,5.787648
STAGE_FULL_PIPELINE,2,2.872874396001862,5.747456
STAGE_FULL_PIPELINE,2,2.9270220280013746,5.787648
STAGE_FULL_PIPELINE,2,2.981170461000147,5.82784
STAGE_FULL_PIPELINE,2,3.035317230001965,5.747456
STAGE_FULL_PIPELINE,2,3.0894549790027668,5.787648
STAGE_FULL_PIPELINE,2,3.143665556999622,5.787648
STAGE_FULL_PIPELINE,2,3.1978419110018876,5.747456
STAGE_FULL_PIPELINE,2,3.251988743999391,5.787648
STAGE_FULL_PIPELINE,2,3.3061392230010824,5.747456
STAGE_FULL_PIPELINE,2,3.3602417260008224,5.747456
STAGE_FULL_PIPELINE,2,3.414352162002615,5.787648
STAGE_FULL_PIPELINE,2,3.4684720959994593,5.716352
STAGE_FULL_PIPELINE,2,3.5226130440023553,5.747456
STAGE_FULL_PIPELINE,2,3.5767629479996685,5.747456
STAGE_FULL_PIPELINE,2,3.631244845000765,5.716352
STAGE_FULL_PIPELINE,2,3.685521532999701,5.747456
STAGE_FULL_PIPELINE,2,3.7397015009992174,5.716352
STAGE_FULL_PIPELINE,2,3.793890520999412,5.716352
STAGE_FULL_PIPELINE,2,3.8481299160011986,5.787648
STAGE_FULL_PIPELINE,2,3.9022848090025946,5.676096
STAGE_FULL_PIPELINE,2,3.956460363999213,5.756608
STAGE_FULL_PIPELINE,2,4.010601056001178,5.747456
STAGE_FULL_PIPELINE,2,4.064795545000379,5.716352
STAGE_FULL_PIPELINE,2,4.118922387999191,5.747456
STAGE_FULL_PIPELINE,2,4.173100086001796,5.716352
STAGE_FULL_PIPELINE,2,4.227247463000822,5.716352
STAGE_FULL_PIPELINE,2,4.2814135180015,5.747456
STAGE_FULL_PIPELINE,2,4.335543016000884,5.676096
STAGE_FULL_PIPELINE,2,4.389718985999934,5.707264
STAGE_FULL_PIPELINE,2,4.4438678980004624,5.747456
STAGE_FULL_PIPELINE,2,4.498066705000383,5.676096
STAGE_FULL_PIPELINE,2,4.552225244002329,5.747456
STAGE_FULL_PIPELINE,2,4.606385831000807,5.707264
STAGE_FULL_PIPELINE,2,4.660529305001546,5.707264
STAGE_FULL_PIPELINE,2,4.714688484000362,5.747456
STAGE_FULL_PIPELINE,2,4.768821339999704,5.667072
STAGE_FULL_PIPELINE,2,4.822988162999536,5.707264
STAGE_FULL_PIPELINE,2,4.877309437000804,5.747456
STAGE_FULL_PIPELINE,2,4.9317862810021325,5.82784
STAGE_FULL_PIPELINE,2,4.986172482000256,5.868032
STAGE_FULL_PIPELINE,2,5.040978729000926,5.82784
STAGE_FULL_PIPELINE,2,5.095172899000318,5.787648
STAGE_FULL_PIPELINE,2,5.149400459002209,5.82784
STAGE_FULL_PIPELINE,2,5.203534562999266,5.747456
STAGE_FULL_PIPELINE,2,5.257665820001421,5.787648
STAGE_FULL_PIPELINE,2,5.3118014259998745,5.82784
STAGE_FULL_PIPELINE,2,5.365941127001861,5.747456
STAGE_FULL_PIPELINE,2,5.4201204880009755,5.787648
STAGE_FULL_PIPELINE,2,5.474222575001477,5.747456
STAGE_FULL_PIPELINE,2,5.528338640000584,5.747456
STAGE_FULL_PIPELINE,2,5.582454896000854,5.787648
STAGE_FULL_PIPELINE,2,5.63657582200176,5.707264
STAGE_FULL_PIPELINE,2,5.6906980910025595,5.747456
STAGE_FULL_PIPELINE,2,5.744839614999364,5.787648
STAGE_FULL_PIPELINE,2,5.799322824001138,5.707264
STAGE_FULL_PIPELINE,2,5.853609650999715,5.787648
STAGE_FULL_PIPELINE,2,5.907905529002164,5.747456
STAGE_FULL_PIPELINE,2,5.962079069002357,5.747456
STAGE_FULL_PIPELINE,2,6.016243205001956,5.787648
STAGE_FULL_PIPELINE,2,6.070432480999443,5.747456
STAGE_FULL_PIPELINE,2,6.124641075002728,5.747456
STAGE_FULL_PIPELINE,2,6.178765040000144,5.82784
STAGE_FULL_PIPELINE,2,6.232894345001114,5.707264
STAGE_FULL_PIPELINE,2,6.2870197810007085,5.787648
STAGE_FULL_PIPELINE,2,6.3411376050025865,5.787648
STAGE_FULL_PIPELINE,2,6.39527433100011,5.747456
STAGE_FULL_PIPELINE,2,6.449395481002284,5.787648
STAGE_FULL_PIPELINE,2,6.503537900000083,5.747456
STAGE_FULL_PIPELINE,2,6.557636404999357,5.747456
STAGE_FULL_PIPELINE,2,6.611757683000178,5.787648
STAGE_FULL_PIPELINE,2,6.665881200002332,5.716352
STAGE_FULL_PIPELINE,2,6.71998123999947,5.787648
STAGE_FULL_PIPELINE,2,6.774108338999213,5.747456
STAGE_FULL_PIPELINE,2,6.82831766900199,5.756608
STAGE_FULL_PIPELINE,2,6.882431622001604,5.787648
STAGE_FULL_PIPELINE,2,6.936606569001015,5.756608
STAGE_FULL_PIPELINE,2,6.991093743999954,5.787648
STAGE_FULL_PIPELINE,2,7.045425125001202,5.82784
STAGE_FULL_PIPELINE,2,7.099920615000883,5.747456
STAGE_FULL_PIPELINE,2,7.154222187000414,5.787648
STAGE_FULL_PIPELINE,2,7.208380406002107,5.787648
STAGE_FULL_PIPELINE,2,7.2625586800022575,5.747456
STAGE_FULL_PIPELINE,2,7.317281928000739,5.82784
STAGE_FULL_PIPELINE,2,7.371537442999397,5.747456
STAGE_FULL_PIPELINE,2,7.425689010000497,5.747456
STAGE_FULL_PIPELINE,2,7.479802835001465,5.82784
STAGE_FULL_PIPELINE,2,7.534164313001384,5.716352
STAGE_FULL_PIPELINE,2,7.58831578399986,5.787648
STAGE_FULL_PIPELINE,2,7.642499878002127,5.787648
STAGE_FULL_PIPELINE,2,7.696608394002396,5.756608
STAGE_FULL_PIPELINE,2,7.751132063000114,5.787648
STAGE_FULL_PIPELINE,2,7.805470287999924,5.756608
STAGE_FULL_PIPELINE,2,7.859771636001824,5.756608
STAGE_FULL_PIPELINE,2,7.9140114140027435,5.787648
STAGE_FULL_PIPELINE,2,7.968314745001408,5.787648
STAGE_FULL_PIPELINE,2,8.022762804001104,5.908224
STAGE_FULL_PIPELINE,2,8.07719605300008,5.948416
STAGE_FULL_PIPELINE,2,8.131621979002375,5.868032
STAGE_FULL_PIPELINE,2,8.185848516000988,5.868032
STAGE_FULL_PIPELINE,2,8.240038527001161,5.82784
STAGE_FULL_PIPELINE,2,8.294198154002515,5.82784
STAGE_FULL_PIPELINE,2,8.349540613002318,5.868032
STAGE_FULL_PIPELINE,2,8.403675484001724,5.787648
STAGE_FULL_PIPELINE,2,8.457812177999585,5.787648
STAGE_FULL_PIPELINE,2,8.511922933001188,5.82784
STAGE_FULL_PIPELINE,2,8.566080225002224,5.747456
STAGE_FULL_PIPELINE,2,8.620424687000195,5.787648
STAGE_FULL_PIPELINE,2,8.674675019999995,5.787648
STAGE_FULL_PIPELINE,2,8.728842226999404,5.747456
STAGE_FULL_PIPELINE,2,8.782997088001139,5.787648
STAGE_FULL_PIPELINE,2,8.837137428999995,5.716352
STAGE_FULL_PIPELINE,2,8.89131116000135,5.747456
STAGE_FULL_PIPELINE,2,8.945452652002132,5.787648
STAGE_FULL_PIPELINE,2,8.999933654002234,5.707264
STAGE_FULL_PIPELINE,2,9.054555897000682,5.747456
STAGE_FULL_PIPELINE,2,9.109903217002284,5.747456
STAGE_FULL_PIPELINE,2,9.164084464999178,5.707264
STAGE_FULL_PIPELINE,2,9.218196212001203,5.747456
STAGE_FULL_PIPELINE,2,9.27237448500091,5.707264
STAGE_FULL_PIPELINE,2,9.32650775699949,5.707264
STAGE_FULL_PIPELINE,2,9.380688141001883,5.747456
STAGE_FULL_PIPELINE,2,9.435264711002674,5.667072
STAGE_FULL_PIPELINE,2,9.489600921999227,5.707264
STAGE_FULL_PIPELINE,2,9.543713308001315,5.747456
STAGE_FULL_PIPELINE,2,9.597891229001107,5.667072
STAGE_FULL_PIPELINE,2,9.65204074900248,5.747456
STAGE_FULL_PIPELINE,2,9.70617162200142,5.707264
STAGE_FULL_PIPELINE,2,9.760298785000487,5.707264
STAGE_FULL_PIPELINE,2,9.814455916999577,5.747456
STAGE_FULL_PIPELINE,2,9.868696879002528,5.667072
STAGE_FULL_PIPELINE,2,9.922914588001731,5.707264
STAGE_FULL_PIPELINE,2,9.977065579001646,5.747456
STAGE_FULL_PIPELINE,2,10.031219897002302,5.707264
STAGE_FULL_PIPELINE,2,10.085398682000232,5.747456
STAGE_FULL_PIPELINE,2,10.139582072002668,5.707264
STAGE_FULL_PIPELINE,2,10.193698809001944,5.707264
STAGE_FULL_PIPELINE,2,10.247806204999506,5.747456
STAGE_FULL_PIPELINE,2,10.301944721999462,5.667072
STAGE_FULL_PIPELINE,2,10.356101086999843,5.747456
STAGE_FULL_PIPELINE,2,10.410226107000199,5.747456
STAGE_FULL_PIPELINE,2,10.464345114000025,5.707264
STAGE_FULL_PIPELINE,2,10.518498951001675,5.747456
STAGE_FULL_PIPELINE,2,10.572615367000253,5.707264
STAGE_FULL_PIPELINE,2,10.627025973000855,5.707264
STAGE_FULL_PIPELINE,2,10.681148433999624,5.787648
STAGE_FULL_PIPELINE,2,10.735369085999992,5.716352
STAGE_FULL_PIPELINE,2,10.789521260001493,5.747456
STAGE_FULL_PIPELINE,2,10.843708713000524,5.787648
STAGE_FULL_PIPELINE,2,10.897906624002644,5.707264
STAGE_FULL_PIPELINE,2,10.952069450002455,5.787648
STAGE_FULL_PIPELINE,2,11.006303375001153,5.787648
STAGE_FULL_PIPELINE,2,11.060848025001178,5.908224
STAGE_FULL_PIPELINE,2,11.11539952000021,5.948416
STAGE_FULL_PIPELINE,2,11.169668340000499,5.868032
STAGE_FULL_PIPELINE,2,11.223950145002163,5.868032
STAGE_FULL_PIPELINE,2,11.278229647999979,5.908224
STAGE_FULL_PIPELINE,2,11.332565730001079,5.82784
STAGE_FULL_PIPELINE,2,11.387314054001763,5.868032
STAGE_FULL_PIPELINE,2,11.441491656001745,5.82784
STAGE_FULL_PIPELINE,2,11.495944480000617,5.82784
STAGE_FULL_PIPELINE,2,11.550090993001504,5.868032
STAGE_FULL_PIPELINE,2,11.60425596099958,5.787648
STAGE_FULL_PIPELINE,2,11.658476485001302,5.82784
STAGE_FULL_PIPELINE,2,11.712598243000684,5.868032
STAGE_FULL_PIPELINE,2,11.766729884002416,5.787648
STAGE_FULL_PIPELINE,2,11.820928945999185,5.82784
STAGE_FULL_PIPELINE,2,11.875283420002233,5.82784
STAGE_FULL_PIPELINE,2,11.929560715001571,5.787648
STAGE_FULL_PIPELINE,2,11.983792369999719,5.868032
STAGE_FULL_PIPELINE,2,12.038114859002235,5.787648
STAGE_FULL_PIPELINE,2,12.092399639001087,5.82784
STAGE_FULL_PIPELINE,2,12.146635643999616,5.868032
STAGE_FULL_PIPELINE,2,12.200924709999526,5.747456
STAGE_FULL_PIPELINE,2,12.255376094002713,5.787648
STAGE_FULL_PIPELINE,2,12.309700662000978,5.82784
STAGE_FULL_PIPELINE,2,12.363829424000869,5.747456
STAGE_FULL_PIPELINE,2,12.417946033001499,5.787648
STAGE_FULL_PIPELINE,2,12.472093409000081,5.747456
STAGE_FULL_PIPELINE,2,12.526318154999899,5.747456
STAGE_FULL_PIPELINE,2,12.580447717002244,5.82784
STAGE_FULL_PIPELINE,2,12.634655223999289,5.716352
STAGE_FULL_PIPELINE,2,12.68886656900213,5.747456
STAGE_FULL_PIPELINE,2,12.742994787000498,5.747456
STAGE_FULL_PIPELINE,2,12.797117215999606,5.716352
STAGE_FULL_PIPELINE,2,12.851224452999304,5.787648
STAGE_FULL_PIPELINE,2,12.90536469700237,5.716352
STAGE_FULL_PIPELINE,2,12.959468896002363,5.756608
STAGE_FULL_PIPELINE,2,13.01367768199998,5.787648
STAGE_FULL_PIPELINE,2,13.06792293000035,5.716352
STAGE_FULL_PIPELINE,2,13.122481876001984,5.747456
STAGE_FULL_PIPELINE,2,13.17672232699988,5.787648
STAGE_FULL_PIPELINE,2,13.23102325900254,5.747456
STAGE_FULL_PIPELINE,2,13.285264092999569,5.787648
STAGE_FULL_PIPELINE,2,13.339409774001979,5.747456
STAGE_FULL_PIPELINE,2,13.393522704001953,5.747456
STAGE_FULL_PIPELINE,2,13.44764727599977,5.787648
STAGE_FULL_PIPELINE,2,13.50183156300045,5.716352
STAGE_FULL_PIPELINE,2,13.5560494320016,5.747456
STAGE_FULL_PIPELINE,2,13.610214560001623,5.747456
STAGE_FULL_PIPELINE,2,13.664414391001628,5.707264
STAGE_FULL_PIPELINE,2,13.718517437999253,5.747456
STAGE_FULL_PIPELINE,2,13.77272945400182,5.707264
STAGE_FULL_PIPELINE,2,13.82691690700085,5.707264
STAGE_FULL_PIPELINE,2,13.881035242000507,5.747456
STAGE_FULL_PIPELINE,2,13.935168066000188,5.676096
STAGE_FULL_PIPELINE,2,13.989281476002361,5.747456
STAGE_FULL_PIPELINE,2,14.04346022900063,5.747456
STAGE_FULL_PIPELINE,2,14.097869331002585,5.787648
STAGE_FULL_PIPELINE,2,14.15227465800126,5.908224
STAGE_FULL_PIPELINE,2,14.20676512800128,5.868032
STAGE_FULL_PIPELINE,2,14.26097957499951,5.82784
STAGE_FULL_PIPELINE,2,14.31511889200192,5.868032
STAGE_FULL_PIPELINE,2,14.369275352000841,5.787648
STAGE_FULL_PIPELINE,2,14.423462836999533,5.82784
STAGE_FULL_PIPELINE,2,14.477612099999533,5.82784
STAGE_FULL_PIPELINE,2,14.531847081001615,5.747456
STAGE_FULL_PIPELINE,2,14.586214924001979,5.787648
STAGE_FULL_PIPELINE,2,14.640584845001285,5.747456
STAGE_FULL_PIPELINE,2,14.694846501002758,5.747456
STAGE_FULL_PIPELINE,2,14.75015089900262,5.787648
STAGE_FULL_PIPELINE,2,14.804750049999711,5.747456
STAGE_FULL_PIPELINE,2,14.858934751999186,5.747456
STAGE_FULL_PIPELINE,2,14.913147504001245,5.787648
STAGE_FULL_PIPELINE,2,14.967353027001082,5.707264
STAGE_FULL_PIPELINE,2,15.021712522000598,5.747456
STAGE_FULL_PIPELINE,2,15.075867511000979,5.787648
STAGE_FULL_PIPELINE,2,15.130164669000806,5.707264
STAGE_FULL_PIPELINE,2,15.184273569000652,5.787648
STAGE_FULL_PIPELINE,2,15.238438921001944,5.747456
STAGE_FULL_PIPELINE,2,15.292599922999216,5.747456
STAGE_FULL_PIPELINE,2,15.346734665999975,5.787648
STAGE_FULL_PIPELINE,2,15.400905487000273,5.707264
STAGE_FULL_PIPELINE,2,15.455109955000808,5.747456
STAGE_FULL_PIPELINE,2,15.5092402520022,5.787648
STAGE_FULL_PIPELINE,2,15.563429175999772,5.747456
STAGE_FULL_PIPELINE,2,15.617632173001766,5.787648
STAGE_FULL_PIPELINE,2,15.67178652200164,5.747456
STAGE_FULL_PIPELINE,2,15.72595376100071,5.747456
STAGE_FULL_PIPELINE,2,15.780099955001788,5.82784
STAGE_FULL_PIPELINE,2,15.834228204999818,5.707264
STAGE_FULL_PIPELINE,2,15.888502813999366,5.787648
STAGE_FULL_PIPELINE,2,15.942631960002473,5.787648
STAGE_FULL_PIPELINE,2,15.996780328001478,5.747456
STAGE_FULL_PIPELINE,2,16.050908962002723,5.82784
STAGE_FULL_PIPELINE,2,16.10506187200008,5.747456
STAGE_FULL_PIPELINE,2,16.159333955001784,5.787648
STAGE_FULL_PIPELINE,2,16.213448580001568,5.82784
STAGE_FULL_PIPELINE,2,16.267621736002184,5.756608
STAGE_FULL_PIPELINE,2,16.32187750600133,5.787648
STAGE_FULL_PIPELINE,2,16.376020821000566,5.787648
STAGE_FULL_PIPELINE,2,16.430141651002486,5.756608
STAGE_FULL_PIPELINE,2,16.484294624999166,5.787648
STAGE_FULL_PIPELINE,2,16.538470564002637,5.756608
STAGE_FULL_PIPELINE,2,16.592644038999424,5.756608
STAGE_FULL_PIPELINE,2,16.646829060999153,5.82784
STAGE_FULL_PIPELINE,2,16.701138565000292,5.716352
STAGE_FULL_PIPELINE,2,16.755649728002027,5.796864
STAGE_FULL_PIPELINE,2,16.80983874800222,5.787648
STAGE_FULL_PIPELINE,2,16.86448571499932,5.756608
STAGE_FULL_PIPELINE,2,16.918653657001414,5.787648
STAGE_FULL_PIPELINE,2,16.972801097999763,5.756608
STAGE_FULL_PIPELINE,2,17.027008700002625,5.747456
STAGE_FULL_PIPELINE,2,17.08120952200261,5.82784
STAGE_FULL_PIPELINE,2,17.13543420499991,5.747456
STAGE_FULL_PIPELINE,2,17.18998045400076,5.948416
STAGE_FULL_PIPELINE,2,17.244260531999316,5.948416
STAGE_FULL_PIPELINE,2,17.2987680490005,5.868032
STAGE_FULL_PIPELINE,2,17.353017039000406,5.908224
STAGE_FULL_PIPELINE,2,17.407174138999835,5.868032
STAGE_FULL_PIPELINE,2,17.46134547100155,5.82784
STAGE_FULL_PIPELINE,2,17.5155232649995,5.868032
STAGE_FULL_PIPELINE,2,17.569669169999543,5.787648
STAGE_FULL_PIPELINE,2,17.623822432000452,5.82784
STAGE_FULL_PIPELINE,2,17.677960534001613,5.82784
STAGE_FULL_PIPELINE,2,17.732149425999523,5.747456
STAGE_FULL_PIPELINE,2,17.7863053100009,5.82784
STAGE_FULL_PIPELINE,2,17.840447218000918,5.787648
STAGE_FULL_PIPELINE,2,17.894601471001806,5.747456
STAGE_FULL_PIPELINE,2,17.948737078000704,5.787648
STAGE_FULL_PIPELINE,2,18.002884614001232,5.747456
STAGE_FULL_PIPELINE,2,18.057027801001823,5.787648
STAGE_FULL_PIPELINE,2,18.11113136000131,5.787648
STAGE_FULL_PIPELINE,2,18.16528011199989,5.747456
STAGE_FULL_PIPELINE,2,18.219614371002535,5.787648
STAGE_FULL_PIPELINE,2,18.273798913000064,5.747456
STAGE_FULL_PIPELINE,2,18.32795380600146,5.747456
STAGE_FULL_PIPELINE,2,18.382102079001925,5.787648
STAGE_FULL_PIPELINE,2,18.43627302800087,5.716352
STAGE_FULL_PIPELINE,2,18.4904460880025,5.747456
STAGE_FULL_PIPELINE,2,18.544691527000396,5.747456
STAGE_FULL_PIPELINE,2,18.598912658999325,5.716352
STAGE_FULL_PIPELINE,2,18.653409525002644,5.747456
STAGE_FULL_PIPELINE,2,18.70772929600207,5.747456
STAGE_FULL_PIPELINE,2,18.76191815600032,5.707264
STAGE_FULL_PIPELINE,2,18.816084595000575,5.747456
STAGE_FULL_PIPELINE,2,18.87023993600087,5.707264
STAGE_FULL_PIPELINE,2,18.924436471999798,5.707264
STAGE_FULL_PIPELINE,2,18.97905068700129,5.747456
STAGE_FULL_PIPELINE,2,19.033235421000427,5.707264
STAGE_FULL_PIPELINE,2,19.087550042000657,5.747456
STAGE_FULL_PIPELINE,2,19.14257857800112,5.747456
STAGE_FULL_PIPELINE,2,19.197194104999653,5.707264
STAGE_FULL_PIPELINE,2,19.25141408499985,5.747456
STAGE_FULL_PIPELINE,2,19.305615419001697,5.707264
STAGE_FULL_PIPELINE,2,19.359802808001405,5.707264
STAGE_FULL_PIPELINE,2,19.413966560001427,5.787648
STAGE_FULL_PIPELINE,2,19.468111602000135,5.667072
STAGE_FULL_PIPELINE,2,19.523172794000857,5.747456
STAGE_FULL_PIPELINE,2,19.577286555999308,5.747456
STAGE_FULL_PIPELINE,2,19.63141781200102,5.707264
STAGE_FULL_PIPELINE,2,19.685524185999384,5.747456
STAGE_FULL_PIPELINE,2,19.73964703100137,5.707264
STAGE_FULL_PIPELINE,2,19.793762167999375,5.707264
STAGE_FULL_PIPELINE,2,19.847873018999962,5.787648
STAGE_FULL_PIPELINE,2,19.902201041000808,5.707264
STAGE_FULL_PIPELINE,2,19.956369622999773,5.747456
STAGE_FULL_PIPELINE,2,20.010496049999347,5.787648
STAGE_FULL_PIPELINE,2,20.06467297999916,5.707264
STAGE_FULL_PIPELINE,2,20.118826914000238,5.787648
STAGE_FULL_PIPELINE,2,20.17296843800068,5.747456
STAGE_FULL_PIPELINE,2,20.227357038002083,5.82784
STAGE_FULL_PIPELINE,2,20.28165160500066,5.948416
STAGE_FULL_PIPELINE,2,20.336116999002115,5.868032
STAGE_FULL_PIPELINE,2,20.390875558001426,5.908224
STAGE_FULL_PIPELINE,2,20.445021399002144,5.908224
STAGE_FULL_PIPELINE,2,20.49919967200185,5.82784
STAGE_FULL_PIPELINE,2,20.553327187000832,5.868032
STAGE_FULL_PIPELINE,2,20.60751675100255,5.868032
STAGE_FULL_PIPELINE,2,20.66210656200201,5.82784
STAGE_FULL_PIPELINE,2,20.716651852002542,5.868032
STAGE_FULL_PIPELINE,2,20.771266899002512,5.82784
STAGE_FULL_PIPELINE,2,20.82549282800028,5.82784
STAGE_FULL_PIPELINE,2,20.88111812200077,5.868032
STAGE_FULL_PIPELINE,2,20.935378242000297,5.787648
STAGE_FULL_PIPELINE,2,20.989579095999943,5.82784
STAGE_FULL_PIPELINE,2,21.043892918001802,5.868032
STAGE_FULL_PIPELINE,2,21.098119007001515,5.787648
STAGE_FULL_PIPELINE,2,21.152335885002685,5.82784
STAGE_FULL_PIPELINE,2,21.20646666200264,5.787648
STAGE_FULL_PIPELINE,2,21.260676951002097,5.787648
STAGE_FULL_PIPELINE,2,21.314800372001628,5.868032
STAGE_FULL_PIPELINE,2,21.368930158001604,5.787648
STAGE_FULL_PIPELINE,2,21.423064965001686,5.787648
STAGE_FULL_PIPELINE,2,21.47718541100039,5.82784
STAGE_FULL_PIPELINE,2,21.53133090100164,5.747456
STAGE_FULL_PIPELINE,2,21.585461454000324,5.82784
STAGE_FULL_PIPELINE,2,21.639692917000502,5.787648
STAGE_FULL_PIPELINE,2,21.69389866400161,5.787648
STAGE_FULL_PIPELINE,2,21.748056914999324,5.82784
STAGE_FULL_PIPELINE,2,21.80219396100074,5.756608
STAGE_FULL_PIPELINE,2,21.856442375999904,5.787648
STAGE_FULL_PIPELINE,2,21.910570882002503,5.787648
STAGE_FULL_PIPELINE,2,21.96472379199986,5.756608
STAGE_FULL_PIPELINE,2,22.018834418999177,5.787648
STAGE_FULL_PIPELINE,2,22.072973736001586,5.747456
STAGE_FULL_PIPELINE,2,22.12712104900129,5.747456
STAGE_FULL_PIPELINE,2,22.181323630000406,5.82784
STAGE_FULL_PIPELINE,2,22.235446058999514,5.716352
STAGE_FULL_PIPELINE,2,22.28963322400159,5.787648
STAGE_FULL_PIPELINE,2,22.34376237000106,5.787648
STAGE_FULL_PIPELINE,2,22.39794937500119,5.756608
STAGE_FULL_PIPELINE,2,22.45215259500037,5.787648
STAGE_FULL_PIPELINE,2,22.506284459999733,5.756608
STAGE_FULL_PIPELINE,2,22.560422656999435,5.756608
STAGE_FULL_PIPELINE,2,22.614673087002302,5.787648
STAGE_FULL_PIPELINE,2,22.668856669002707,5.716352
STAGE_FULL_PIPELINE,2,22.72300299100243,5.756608
STAGE_FULL_PIPELINE,2,22.777105846002087,5.756608
STAGE_FULL_PIPELINE,2,22.831225011999777,5.716352
STAGE_FULL_PIPELINE,2,22.885360651001974,5.756608
STAGE_FULL_PIPELINE,2,22.9395051169995,5.716352
STAGE_FULL_PIPELINE,2,22.993674179000664,5.756608
STAGE_FULL_PIPELINE,2,23.047779112999706,5.787648
STAGE_FULL_PIPELINE,2,23.101949806001358,5.716352
STAGE_FULL_PIPELINE,2,23.156161214999884,5.747456
STAGE_FULL_PIPELINE,2,23.21027484899969,5.747456
STAGE_FULL_PIPELINE,2,23.26451424300103,5.707264
STAGE_FULL_PIPELINE,2,23.31892651200178,5.908224
STAGE_FULL_PIPELINE,2,23.37313596900276,5.868032
STAGE_FULL_PIPELINE,2,23.42737731500165,5.868032
STAGE_FULL_PIPELINE,2,23.481941507001466,5.908224
STAGE_FULL_PIPELINE,2,23.536102157999267,5.787648
STAGE_FULL_PIPELINE,2,23.59071720400243,5.82784
STAGE_FULL_PIPELINE,2,23.645108427001105,5.868032
STAGE_FULL_PIPELINE,2,23.69935738500135,5.747456
STAGE_FULL_PIPELINE,2,23.753551969999535,5.787648
STAGE_FULL_PIPELINE,2,23.80769461300224,5.787648
STAGE_FULL_PIPELINE,2,23.86189214100159,5.747456
STAGE_FULL_PIPELINE,2,23.91603504000159,5.787648
STAGE_FULL_PIPELINE,2,23.9701545909993,5.707264
STAGE_FULL_PIPELINE,2,24.024264226001833,5.747456
STAGE_FULL_PIPELINE,2,24.07843997300006,5.787648
STAGE_FULL_PIPELINE,2,24.132564833002107,5.707264
STAGE_FULL_PIPELINE,2,24.18670686800033,5.747456
STAGE_FULL_PIPELINE,2,24.240849575999164,5.747456
STAGE_FULL_PIPELINE,2,24.294952431002457,5.747456
STAGE_FULL_PIPELINE,2,24.349150437999924,5.787648
STAGE_FULL_PIPELINE,2,24.403271300001506,5.707264
STAGE_FULL_PIPELINE,2,24.45745306000026,5.747456
STAGE_FULL_PIPELINE,2,24.511600084999372,5.787648
STAGE_FULL_PIPELINE,2,24.56593271300153,5.707264
STAGE_FULL_PIPELINE,2,24.62070262600173,5.747456
STAGE_FULL_PIPELINE,2,24.674825727001007,5.747456
STAGE_FULL_PIPELINE,2,24.729325216001598,5.707264
STAGE_FULL_PIPELINE,2,24.783441343999584,5.787648
STAGE_FULL_PIPELINE,2,24.838027157002216,5.707264
STAGE_FULL_PIPELINE,2,24.893267683000886,5.747456
STAGE_FULL_PIPELINE,2,24.947432554999978,5.787648
STAGE_FULL_PIPELINE,2,25.001663986000494,5.707264
STAGE_FULL_PIPELINE,2,25.05584552200162,5.787648
STAGE_FULL_PIPELINE,2,25.10999357000037,5.787648
STAGE_FULL_PIPELINE,2,25.16412425100134,5.747456
STAGE_FULL_PIPELINE,2,25.21823558200049,5.787648
STAGE_FULL_PIPELINE,2,25.272438643001806,5.747456
STAGE_FULL_PIPELINE,2,25.32658640400041,5.747456
STAGE_FULL_PIPELINE,2,25.3809150340021,5.82784
STAGE_FULL_PIPELINE,2,25.435084607001045,5.747456
STAGE_FULL_PIPELINE,2,25.489492110002175,5.787648
STAGE_FULL_PIPELINE,2,25.543792466000014,5.82784
STAGE_FULL_PIPELINE,2,25.597924298999715,5.747456
STAGE_FULL_PIPELINE,2,25.65208600400001,5.787648
STAGE_FULL_PIPELINE,2,25.706507708000572,5.787648
STAGE_FULL_PIPELINE,2,25.76077483300105,5.787648
STAGE_FULL_PIPELINE,2,25.81528004700158,5.82784
STAGE_FULL_PIPELINE,2,25.869470410001668,5.747456
STAGE_FULL_PIPELINE,2,25.923982211999828,5.787648
STAGE_FULL_PIPELINE,2,25.978121464999276,5.82784
STAGE_FULL_PIPELINE,2,26.03295339500255,5.747456
STAGE_FULL_PIPELINE,2,26.08737545099939,5.787648
STAGE_FULL_PIPELINE,2,26.141545312002563,5.787648
STAGE_FULL_PIPELINE,2,26.195641002999764,5.747456
STAGE_FULL_PIPELINE,2,26.249781791000714,5.82784
STAGE_FULL_PIPELINE,2,26.3039411940008,5.747456
STAGE_FULL_PIPELINE,2,26.358096247000503,5.868032
STAGE_FULL_PIPELINE,2,26.412213175000943,5.988608
STAGE_FULL_PIPELINE,2,26.46691144400029,5.868032
STAGE_FULL_PIPELINE,2,26.52108789400154,5.908224
STAGE_FULL_PIPELINE,2,26.575211603001662,5.908224
STAGE_FULL_PIPELINE,2,26.62942700900021,5.868032
STAGE_FULL_PIPELINE,2,26.683543841001665,5.908224
STAGE_FULL_PIPELINE,2,26.737652261999756,5.82784
STAGE_FULL_PIPELINE,2,26.791776738002227,5.82784
STAGE_FULL_PIPELINE,2,26.845915767000406,5.868032
STAGE_FULL_PIPELINE,2,26.9000883789995,5.82784
STAGE_FULL_PIPELINE,2,26.954696229000547,5.868032
STAGE_FULL_PIPELINE,2,27.008831676001137,5.82784
STAGE_FULL_PIPELINE,2,27.062970897000923,5.787648
STAGE_FULL_PIPELINE,2,27.1170873129995,5.82784
STAGE_FULL_PIPELINE,2,27.171196629002225,5.787648
STAGE_FULL_PIPELINE,2,27.225340040000447,5.787648
STAGE_FULL_PIPELINE,2,27.27943944100116,5.82784
STAGE_FULL_PIPELINE,2,27.333576070999698,5.747456
STAGE_FULL_PIPELINE,2,27.38777727699926,5.787648
STAGE_FULL_PIPELINE,2,27.441945251001016,5.787648
STAGE_FULL_PIPELINE,2,27.496109579002223,5.747456
STAGE_FULL_PIPELINE,2,27.550206741001602,5.787648
STAGE_FULL_PIPELINE,2,27.604333616000076,5.707264
STAGE_FULL_PIPELINE,2,27.658535173999553,5.747456
STAGE_FULL_PIPELINE,2,27.712671260000207,5.787648
STAGE_FULL_PIPELINE,2,27.766775299001893,5.716352
STAGE_FULL_PIPELINE,2,27.820885990000534,5.747456
STAGE_FULL_PIPELINE,2,27.875028217000363,5.747456
STAGE_FULL_PIPELINE,2,27.92913177599985,5.716352
STAGE_FULL_PIPELINE,2,27.983216144002654,5.747456
STAGE_FULL_PIPELINE,2,28.037384662002296,5.707264
STAGE_FULL_PIPELINE,2,28.09151940599986,5.747456
STAGE_FULL_PIPELINE,2,28.145612440999685,5.787648
STAGE_FULL_PIPELINE,2,28.199826345000474,5.707264
STAGE_FULL_PIPELINE,2,28.2539655340006,5.747456
STAGE_FULL_PIPELINE,2,28.30808290999994,5.707264
STAGE_FULL_PIPELINE,2,28.362219763999747,5.707264
STAGE_FULL_PIPELINE,2,28.416360488001374,5.747456
STAGE_FULL_PIPELINE,2,28.470477064001898,5.707264
STAGE_FULL_PIPELINE,2,28.52468700100144,5.707264
STAGE_FULL_PIPELINE,2,28.578806424000504,5.747456
STAGE_FULL_PIPELINE,2,28.633477379000396,5.667072
STAGE_FULL_PIPELINE,2,28.68804025999998,5.747456
STAGE_FULL_PIPELINE,2,28.742148455999995,5.747456
STAGE_FULL_PIPELINE,2,28.79668347900224,5.707264
STAGE_FULL_PIPELINE,2,28.850947597002232,5.747456
STAGE_FULL_PIPELINE,2,28.905063982001593,5.707264
STAGE_FULL_PIPELINE,2,28.959164790001523,5.747456
STAGE_FULL_PIPELINE,2,29.013265822002722,5.787648
STAGE_FULL_PIPELINE,2,29.067831581000064,5.707264
STAGE_FULL_PIPELINE,2,29.12199987600252,5.747456
STAGE_FULL_PIPELINE,2,29.176960573000542,5.787648
STAGE_FULL_PIPELINE,2,29.231139742001687,5.707264
STAGE_FULL_PIPELINE,2,29.285377922002226,5.787648
STAGE_FULL_PIPELINE,2,29.339510010002414,5.747456
STAGE_FULL_PIPELINE,2,29.393672899001103,5.747456
STAGE_FULL_PIPELINE,2,29.448057309000433,5.948416
STAGE_FULL_PIPELINE,2,29.502294721001817,5.868032
STAGE_FULL_PIPELINE,2,29.556585482001537,5.868032
STAGE_FULL_PIPELINE,2,29.610822861999623,5.908224
STAGE_FULL_PIPELINE,2,29.665480447001755,5.82784
STAGE_FULL_PIPELINE,2,29.719638058999408,5.868032
STAGE_FULL_PIPELINE,2,29.773799893002433,5.82784
STAGE_FULL_PIPELINE,2,29.827937802001543,5.787648
STAGE_FULL_PIPELINE,2,29.882068547001836,5.868032
STAGE_FULL_PIPELINE,2,29.936200348001876,5.787648
STAGE_FULL_PIPELINE,2,29.990333204001217,5.82784
BASELINE_IDLE,3,0.0012653189987759106,3.190336
BASELINE_IDLE,3,0.05627549599739723,3.190336
BASELINE_IDLE,3,0.11044193499765242,3.190336
BASELINE_IDLE,3,0.1645948129989847,3.190336
BASELINE_IDLE,3,0.2187143319970346,3.190336
BASELINE_IDLE,3,0.2729029999973136,3.190336
BASELINE_IDLE,3,0.32703486399987014,3.190336
BASELINE_IDLE,3,0.3811702789971605,3.149952
BASELINE_IDLE,3,0.4353077089981525,3.149952
BASELINE_IDLE,3,0.4897060959992814,3.149952
BASELINE_IDLE,3,0.5438945719979529,3.149952
BASELINE_IDLE,3,0.5983753179971245,3.149952
BASELINE_IDLE,3,0.65253929499886,3.149952
BASELINE_IDLE,3,0.7066943159989023,3.149952
BASELINE_IDLE,3,0.7608210629987298,3.149952
BASELINE_IDLE,3,0.8150528769983794,3.149952
BASELINE_IDLE,3,0.8691646240004047,3.149952
BASELINE_IDLE,3,0.923362918998464,3.149952
BASELINE_IDLE,3,0.9775697219993162,3.149952
BASELINE_IDLE,3,1.031675391997851,3.149952
BASELINE_IDLE,3,1.085792128000321,3.149952
BASELINE_IDLE,3,1.1399344829987967,3.149952
BASELINE_IDLE,3,1.1940704739972716,3.149952
BASELINE_IDLE,3,1.2482181380000839,3.149952
BASELINE_IDLE,3,1.3024434599974484,3.149952
BASELINE_IDLE,3,1.3565712309973605,3.149952
BASELINE_IDLE,3,1.4107430749972991,3.149952
BASELINE_IDLE,3,1.4649042370001553,3.149952
BASELINE_IDLE,3,1.5191331729984086,3.149952
BASELINE_IDLE,3,1.5733525779978663,3.149952
BASELINE_IDLE,3,1.627530466997996,3.149952
BASELINE_IDLE,3,1.6816793149992009,3.149952
BASELINE_IDLE,3,1.7358237499975075,3.149952
BASELINE_IDLE,3,1.790071971998259,3.149952
BASELINE_IDLE,3,1.8442472069982614,3.149952
BASELINE_IDLE,3,1.898409711997374,3.149952
BASELINE_IDLE,3,1.952578389998962,3.149952
BASELINE_IDLE,3,2.006767377999495,3.149952
BASELINE_IDLE,3,2.060931386997254,3.149952
BASELINE_IDLE,3,2.115081129999453,3.149952
BASELINE_IDLE,3,2.169187694998982,3.149952
BASELINE_IDLE,3,2.223341052998876,3.149952
BASELINE_IDLE,3,2.277478418996907,3.149952
BASELINE_IDLE,3,2.3316268829985347,3.149952
BASELINE_IDLE,3,2.3857628739970096,3.149952
BASELINE_IDLE,3,2.439864416999626,3.149952
BASELINE_IDLE,3,2.4940448649977043,3.149952
BASELINE_IDLE,3,2.5483969719971356,3.351872
BASELINE_IDLE,3,2.603062392998254,3.392256
BASELINE_IDLE,3,2.6578292999984114,3.351872
BASELINE_IDLE,3,2.712116511000204,3.311488
BASELINE_IDLE,3,2.7663062029969296,3.311488
BASELINE_IDLE,3,2.820491000999027,3.271104
BASELINE_IDLE,3,2.874674007998692,3.271104
BASELINE_IDLE,3,2.928828836997127,3.271104
BASELINE_IDLE,3,2.9830019929977425,3.23072
BASELINE_IDLE,3,3.0371522799978266,3.23072
BASELINE_IDLE,3,3.0913375899981475,3.23072
BASELINE_IDLE,3,3.146066499997687,3.23072
BASELINE_IDLE,3,3.2002862879999157,3.23072
BASELINE_IDLE,3,3.2544647849972534,3.190336
BASELINE_IDLE,3,3.3085889739995764,3.190336
BASELINE_IDLE,3,3.362733023997862,3.190336
BASELINE_IDLE,3,3.4168458259991894,3.190336
BASELINE_IDLE,3,3.4710024779997184,3.190336
BASELINE_IDLE,3,3.525176721999742,3.190336
BASELINE_IDLE,3,3.5794542730000103,3.190336
BASELINE_IDLE,3,3.633882852998795,3.190336
BASELINE_IDLE,3,3.6880963089970464,3.149952
BASELINE_IDLE,3,3.742367719998583,3.149952
BASELINE_IDLE,3,3.796575705997384,3.149952
BASELINE_IDLE,3,3.850720235997869,3.149952
BASELINE_IDLE,3,3.904904715000157,3.149952
BASELINE_IDLE,3,3.9591206009972666,3.149952
BASELINE_IDLE,3,4.013278500999149,3.149952
BASELINE_IDLE,3,4.067454534997523,3.149952
BASELINE_IDLE,3,4.121682287997828,3.149952
BASELINE_IDLE,3,4.175841849999415,3.149952
BASELINE_IDLE,3,4.229985740999837,3.149952
BASELINE_IDLE,3,4.2841081699989445,3.149952
BASELINE_IDLE,3,4.338295654997637,3.149952
BASELINE_IDLE,3,4.392661353998847,3.149952
BASELINE_IDLE,3,4.446798271997977,3.149952
BASELINE_IDLE,3,4.500931127997319,3.149952
BASELINE_IDLE,3,4.555079304998799,3.149952
BASELINE_IDLE,3,4.609453287997894,3.149952
BASELINE_IDLE,3,4.663663512998028,3.149952
BASELINE_IDLE,3,4.7178394199981994,3.149952
BASELINE_IDLE,3,4.7720174369969754,3.149952
BASELINE_IDLE,3,4.8262850739993155,3.149952
BASELINE_IDLE,3,4.880406352000136,3.149952
BASELINE_IDLE,3,4.934529196998483,3.149952
BASELINE_IDLE,3,4.988678492998588,3.149952
BASELINE_IDLE,3,5.0428080539968505,3.149952
BASELINE_IDLE,3,5.096972575000109,3.149952
BASELINE_IDLE,3,5.151107764999324,3.149952
BASELINE_IDLE,3,5.205225172998325,3.149952
BASELINE_IDLE,3,5.2594132339982025,3.149952
BASELINE_IDLE,3,5.313639482999861,3.149952
BASELINE_IDLE,3,5.3677535639981215,3.149952
BASELINE_IDLE,3,5.421905035000236,3.149952
BASELINE_IDLE,3,5.476115579996986,3.149952
BASELINE_IDLE,3,5.5302666030002,3.149952
BASELINE_IDLE,3,5.584556436999264,3.190336
BASELINE_IDLE,3,5.639426427998842,3.311488
BASELINE_IDLE,3,5.694848334998824,3.351872
BASELINE_IDLE,3,5.749675147999369,3.351872
BASELINE_IDLE,3,5.8039904729994305,3.311488
BASELINE_IDLE,3,5.858149460000277,3.311488
BASELINE_IDLE,3,5.912339118996897,3.271104
BASELINE_IDLE,3,5.966526315998635,3.271104
BASELINE_IDLE,3,6.020914276999974,3.271104
BASELINE_IDLE,3,6.076096559998405,3.23072
BASELINE_IDLE,3,6.1303569039992,3.23072
BASELINE_IDLE,3,6.184552927999903,3.23072
BASELINE_IDLE,3,6.2387884210002085,3.23072
BASELINE_IDLE,3,6.29482877099872,3.190336
BASELINE_IDLE,3,6.3495425839973905,3.190336
BASELINE_IDLE,3,6.403737712997099,3.190336
BASELINE_IDLE,3,6.457869226000184,3.190336
BASELINE_IDLE,3,6.512095602996851,3.190336
BASELINE_IDLE,3,6.566346927997074,3.190336
BASELINE_IDLE,3,6.620511575998535,3.190336
BASELINE_IDLE,3,6.674859523998748,3.149952
BASELINE_IDLE,3,6.729016463999869,3.149952
BASELINE_IDLE,3,6.783166591998452,3.149952
BASELINE_IDLE,3,6.837421082997025,3.149952
BASELINE_IDLE,3,6.891649794997647,3.149952
BASELINE_IDLE,3,6.945798290998937,3.149952
BASELINE_IDLE,3,6.999936168998829,3.149952
BASELINE_IDLE,3,7.054080090998468,3.149952
BASELINE_IDLE,3,7.108215025997197,3.149952
BASELINE_IDLE,3,7.162343659998442,3.149952
BASELINE_IDLE,3,7.216448338996997,3.149952
BASELINE_IDLE,3,7.270574701997248,3.149952
BASELINE_IDLE,3,7.324711043998832,3.149952
BASELINE_IDLE,3,7.378825924999546,3.149952
BASELINE_IDLE,3,7.432975732997875,3.149952
BASELINE_IDLE,3,7.487120326997683,3.149952
BASELINE_IDLE,3,7.5412627779987815,3.149952
BASELINE_IDLE,3,7.59549209800025,3.149952
BASELINE_IDLE,3,7.649821431998134,3.149952
BASELINE_IDLE,3,7.7041143989990815,3.149952
BASELINE_IDLE,3,7.758343718996912,3.149952
BASELINE_IDLE,3,7.813382265998371,3.149952
BASELINE_IDLE,3,7.867536934998498,3.149952
BASELINE_IDLE,3,7.921685047997016,3.149952
BASELINE_IDLE,3,7.97589188299753,3.149952
BASELINE_IDLE,3,8.030043512997509,3.149952
BASELINE_IDLE,3,8.084181582999008,3.149952
BASELINE_IDLE,3,8.13836283099954,3.149952
BASELINE_IDLE,3,8.192511134999222,3.149952
BASELINE_IDLE,3,8.246751200997096,3.149952
BASELINE_IDLE,3,8.300924932998896,3.149952
BASELINE_IDLE,3,8.355049632998998,3.149952
BASELINE_IDLE,3,8.409159077000368,3.149952
BASELINE_IDLE,3,8.463298680999287,3.149952
BASELINE_IDLE,3,8.517418551997253,3.149952
BASELINE_IDLE,3,8.571531161996973,3.149952
BASELINE_IDLE,3,8.62565695000012,3.149952
BASELINE_IDLE,3,8.679840723998495,3.190336
BASELINE_IDLE,3,8.734273973997915,3.392256
BASELINE_IDLE,3,8.789009025000269,3.351872
BASELINE_IDLE,3,8.843238408997422,3.351872
BASELINE_IDLE,3,8.897384025996871,3.311488
BASELINE_IDLE,3,8.951543492999917,3.311488
BASELINE_IDLE,3,9.005702479997126,3.271104
BASELINE_IDLE,3,9.059821646998898,3.271104
BASELINE_IDLE,3,9.11393710399716,3.23072
BASELINE_IDLE,3,9.168049201998656,3.23072
BASELINE_IDLE,3,9.222172142999625,3.23072
BASELINE_IDLE,3,9.276346577997174,3.23072
BASELINE_IDLE,3,9.330546728997433,3.190336
BASELINE_IDLE,3,9.384697399997094,3.190336
BASELINE_IDLE,3,9.438828943999397,3.190336
BASELINE_IDLE,3,9.493017675998999,3.190336
BASELINE_IDLE,3,9.54716777199792,3.190336
BASELINE_IDLE,3,9.601368337996973,3.190336
BASELINE_IDLE,3,9.655567240999517,3.190336
BASELINE_IDLE,3,9.709810537999147,3.149952
BASELINE_IDLE,3,9.763958265997644,3.149952
BASELINE_IDLE,3,9.81812803199864,3.149952
BASELINE_IDLE,3,9.872295909997774,3.149952
BASELINE_IDLE,3,9.926420961997792,3.149952
BASELINE_IDLE,3,9.98056190999705,3.149952
BASELINE_IDLE,3,10.034680980999838,3.149952
BASELINE_IDLE,3,10.088796246000129,3.149952
BASELINE_IDLE,3,10.142966011997487,3.149952
BASELINE_IDLE,3,10.197559468997497,3.149952
BASELINE_IDLE,3,10.251906009998493,3.149952
BASELINE_IDLE,3,10.30609068099875,3.149952
BASELINE_IDLE,3,10.36025823899763,3.149952
BASELINE_IDLE,3,10.414368673998979,3.149952
BASELINE_IDLE,3,10.46847712700037,3.149952
BASELINE_IDLE,3,10.522599555999477,3.149952
BASELINE_IDLE,3,10.576799962000223,3.149952
BASELINE_IDLE,3,10.630957541998214,3.149952
BASELINE_IDLE,3,10.68509730599908,3.149952
BASELINE_IDLE,3,10.739307371997711,3.149952
BASELINE_IDLE,3,10.793596789997537,3.149952
BASELINE_IDLE,3,10.84777240800031,3.149952
BASELINE_IDLE,3,10.901982217998011,3.149952
BASELINE_IDLE,3,10.956116192999616,3.149952
BASELINE_IDLE,3,11.01030370999797,3.149952
BASELINE_IDLE,3,11.064481790999707,3.149952
BASELINE_IDLE,3,11.118608505999873,3.149952
BASELINE_IDLE,3,11.172707842997625,3.149952
BASELINE_IDLE,3,11.226835645997198,3.149952
BASELINE_IDLE,3,11.281009152997285,3.149952
BASELINE_IDLE,3,11.335144215998298,3.149952
BASELINE_IDLE,3,11.389267124999606,3.149952
BASELINE_IDLE,3,11.443425951998506,3.149952
BASELINE_IDLE,3,11.49759111199819,3.149952
BASELINE_IDLE,3,11.551715236997552,3.149952
BASELINE_IDLE,3,11.6058963889991,3.149952
BASELINE_IDLE,3,11.660036440996919,3.149952
BASELINE_IDLE,3,11.714194755997596,3.149952
BASELINE_IDLE,3,11.768653144998098,3.190336
BASELINE_IDLE,3,11.823405627998,3.351872
BASELINE_IDLE,3,11.878368595997017,3.351872
BASELINE_IDLE,3,11.932874065998476,3.311488
BASELINE_IDLE,3,11.987196202997438,3.311488
BASELINE_IDLE,3,12.041395905998797,3.271104
BASELINE_IDLE,3,12.095677487999637,3.271104
BASELINE_IDLE,3,12.15078547200028,3.23072
BASELINE_IDLE,3,12.20499006799946,3.23072
BASELINE_IDLE,3,12.260029637996922,3.23072
BASELINE_IDLE,3,12.316605943997274,3.23072
BASELINE_IDLE,3,12.37080081699969,3.190336
BASELINE_IDLE,3,12.427283920998889,3.190336
BASELINE_IDLE,3,12.481540714998118,3.190336
BASELINE_IDLE,3,12.53571422299865,3.190336
BASELINE_IDLE,3,12.589924959997006,3.190336
BASELINE_IDLE,3,12.644070481997915,3.190336
BASELINE_IDLE,3,12.698236888998508,3.149952
BASELINE_IDLE,3,12.7523887440002,3.149952
BASELINE_IDLE,3,12.806701125999098,3.149952
BASELINE_IDLE,3,12.860848598997109,3.190336
BASELINE_IDLE,3,12.915444358997775,3.23072
BASELINE_IDLE,3,12.969810154998413,3.23072
BASELINE_IDLE,3,13.024005186998693,3.23072
BASELINE_IDLE,3,13.078167853000195,3.190336
BASELINE_IDLE,3,13.132318523999857,3.190336
BASELINE_IDLE,3,13.186467723997339,3.190336
BASELINE_IDLE,3,13.24061682699903,3.190336
BASELINE_IDLE,3,13.294751666999218,3.190336
BASELINE_IDLE,3,13.348921495999093,3.190336
BASELINE_IDLE,3,13.403033881997544,3.149952
BASELINE_IDLE,3,13.457172782997077,3.149952
BASELINE_IDLE,3,13.511331513996993,3.149952
BASELINE_IDLE,3,13.565630143999442,3.149952
BASELINE_IDLE,3,13.619776496998384,3.149952
BASELINE_IDLE,3,13.673894159997872,3.149952
BASELINE_IDLE,3,13.728122520999023,3.149952
BASELINE_IDLE,3,13.782423292999738,3.149952
BASELINE_IDLE,3,13.83666118399924,3.149952
BASELINE_IDLE,3,13.89117071599685,3.149952
BASELINE_IDLE,3,13.945369010998547,3.149952
BASELINE_IDLE,3,13.999548627998593,3.149952
BASELINE_IDLE,3,14.054552535999392,3.149952
BASELINE_IDLE,3,14.108688334999897,3.149952
BASELINE_IDLE,3,14.162812842998392,3.149952
BASELINE_IDLE,3,14.216991915996914,3.149952
BASELINE_IDLE,3,14.271118598997418,3.149952
BASELINE_IDLE,3,14.325267510997946,3.149952
BASELINE_IDLE,3,14.379400558998896,3.149952
BASELINE_IDLE,3,14.433550718000333,3.149952
BASELINE_IDLE,3,14.48768027999904,3.149952
BASELINE_IDLE,3,14.541832997998426,3.149952
BASELINE_IDLE,3,14.596035706999828,3.149952
BASELINE_IDLE,3,14.650170385997626,3.149952
BASELINE_IDLE,3,14.704309703000035,3.149952
BASELINE_IDLE,3,14.758447995998722,3.149952
BASELINE_IDLE,3,14.812668775997736,3.149952
BASELINE_IDLE,3,14.86708238799838,3.271104
BASELINE_IDLE,3,14.921976399000414,3.351872
BASELINE_IDLE,3,14.97755288499684,3.351872
STAGE_FULL_PIPELINE,3,0.0006074399971112143,3.311488
STAGE_FULL_PIPELINE,3,0.055141695997008355,3.674944
STAGE_FULL_PIPELINE,3,0.10944416299753357,3.87072
STAGE_FULL_PIPELINE,3,0.1637950539989106,4.07232
STAGE_FULL_PIPELINE,3,0.21796910499688238,4.31424
STAGE_FULL_PIPELINE,3,0.2721648099977756,4.4352
STAGE_FULL_PIPELINE,3,0.32636352099871146,4.59648
STAGE_FULL_PIPELINE,3,0.380508338999789,4.750208
STAGE_FULL_PIPELINE,3,0.43479292699703365,4.83072
STAGE_FULL_PIPELINE,3,0.4890328329965996,4.951488
STAGE_FULL_PIPELINE,3,0.5432799679983873,5.032
STAGE_FULL_PIPELINE,3,0.5974441689977539,5.112512
STAGE_FULL_PIPELINE,3,0.6515862359992752,5.23328
STAGE_FULL_PIPELINE,3,0.705737706997752,5.23328
STAGE_FULL_PIPELINE,3,0.7600159619978513,5.313792
STAGE_FULL_PIPELINE,3,0.8142878849976114,5.394304
STAGE_FULL_PIPELINE,3,0.8684735459974036,5.354048
STAGE_FULL_PIPELINE,3,0.9226725129992701,5.43456
STAGE_FULL_PIPELINE,3,0.9768172349977249,5.474816
STAGE_FULL_PIPELINE,3,1.0309598139974696,5.474816
STAGE_FULL_PIPELINE,3,1.0851480989986158,5.555328
STAGE_FULL_PIPELINE,3,1.1393190159978985,5.515072
STAGE_FULL_PIPELINE,3,1.1934633539967763,5.555328
STAGE_FULL_PIPELINE,3,1.2478357379986846,5.62688
STAGE_FULL_PIPELINE,3,1.3021109549990797,5.555328
STAGE_FULL_PIPELINE,3,1.3562849419977283,5.586688
STAGE_FULL_PIPELINE,3,1.4104386839971994,5.586688
STAGE_FULL_PIPELINE,3,1.4646636539982865,5.586688
STAGE_FULL_PIPELINE,3,1.5188567039986083,5.62688
STAGE_FULL_PIPELINE,3,1.5730991369964613,5.586688
STAGE_FULL_PIPELINE,3,1.6272861099969305,5.62688
STAGE_FULL_PIPELINE,3,1.6814491269979044,5.667072
STAGE_FULL_PIPELINE,3,1.7356323259991768,5.586688
STAGE_FULL_PIPELINE,3,1.7899472029967,5.667072
STAGE_FULL_PIPELINE,3,1.8441803289970267,5.667072
STAGE_FULL_PIPELINE,3,1.8988528189984208,5.62688
STAGE_FULL_PIPELINE,3,1.9531051349986228,5.667072
STAGE_FULL_PIPELINE,3,2.0074332849981147,5.667072
STAGE_FULL_PIPELINE,3,2.0617640259988548,5.667072
STAGE_FULL_PIPELINE,3,2.116058912997687,5.707264
STAGE_FULL_PIPELINE,3,2.170326325998758,5.62688
STAGE_FULL_PIPELINE,3,2.2245830239990028,5.667072
STAGE_FULL_PIPELINE,3,2.278752309997799,5.707264
STAGE_FULL_PIPELINE,3,2.332976735997363,5.62688
STAGE_FULL_PIPELINE,3,2.387126191999414,5.707264
STAGE_FULL_PIPELINE,3,2.4413406389976444,5.667072
STAGE_FULL_PIPELINE,3,2.4956032219997724,5.667072
STAGE_FULL_PIPELINE,3,2.5498814459970163,5.707264
STAGE_FULL_PIPELINE,3,2.604058663997421,5.62688
STAGE_FULL_PIPELINE,3,2.6583041669982777,5.667072
STAGE_FULL_PIPELINE,3,2.71250927499932,5.707264
STAGE_FULL_PIPELINE,3,2.76687203199981,5.62688
STAGE_FULL_PIPELINE,3,2.8210520969987556,5.707264
STAGE_FULL_PIPELINE,3,2.8753734339989023,5.707264
STAGE_FULL_PIPELINE,3,2.9299910079971596,5.787648
STAGE_FULL_PIPELINE,3,2.9849623879999854,5.868032
STAGE_FULL_PIPELINE,3,3.0394095509982435,5.787648
STAGE_FULL_PIPELINE,3,3.0940971699965303,5.787648
STAGE_FULL_PIPELINE,3,3.148339154999121,5.82784
STAGE_FULL_PIPELINE,3,3.20339334199889,5.747456
STAGE_FULL_PIPELINE,3,3.258001032998436,5.787648
STAGE_FULL_PIPELINE,3,3.312622092998936,5.787648
STAGE_FULL_PIPELINE,3,3.3672631419976824,5.707264
STAGE_FULL_PIPELINE,3,3.4218793410000217,5.787648
STAGE_FULL_PIPELINE,3,3.4769762579999224,5.747456
STAGE_FULL_PIPELINE,3,3.531208232998324,5.707264
STAGE_FULL_PIPELINE,3,3.585399587998836,5.787648
STAGE_FULL_PIPELINE,3,3.6399349619969144,5.707264
STAGE_FULL_PIPELINE,3,3.6963107279989345,5.707264
STAGE_FULL_PIPELINE,3,3.750592277996475,5.787648
STAGE_FULL_PIPELINE,3,3.8048594029969536,5.707264
STAGE_FULL_PIPELINE,3,3.8590904179982317,5.747456
STAGE_FULL_PIPELINE,3,3.9133530969993444,5.787648
STAGE_FULL_PIPELINE,3,3.9677909199999704,5.707264
STAGE_FULL_PIPELINE,3,4.022211695999431,5.747456
STAGE_FULL_PIPELINE,3,4.07644462999815,5.747456
STAGE_FULL_PIPELINE,3,4.130631026997435,5.707264
STAGE_FULL_PIPELINE,3,4.185113212999568,5.747456
STAGE_FULL_PIPELINE,3,4.240266837998206,5.707264
STAGE_FULL_PIPELINE,3,4.294465005998063,5.707264
STAGE_FULL_PIPELINE,3,4.348697139997967,5.787648
STAGE_FULL_PIPELINE,3,4.4032701599971915,5.667072
STAGE_FULL_PIPELINE,3,4.458066395996866,5.707264
STAGE_FULL_PIPELINE,3,4.51224409399947,5.747456
STAGE_FULL_PIPELINE,3,4.56685104799908,5.667072
STAGE_FULL_PIPELINE,3,4.621022956998786,5.747456
STAGE_FULL_PIPELINE,3,4.675146952999057,5.707264
STAGE_FULL_PIPELINE,3,4.73024665399862,5.707264
STAGE_FULL_PIPELINE,3,4.784394957998302,5.747456
STAGE_FULL_PIPELINE,3,4.838535425998998,5.676096
STAGE_FULL_PIPELINE,3,4.893116697996447,5.707264
STAGE_FULL_PIPELINE,3,4.947438355997292,5.747456
STAGE_FULL_PIPELINE,3,5.00162267399719,5.707264
STAGE_FULL_PIPELINE,3,5.055994481997914,5.747456
STAGE_FULL_PIPELINE,3,5.110198470996693,5.747456
STAGE_FULL_PIPELINE,3,5.164381797996612,5.707264
STAGE_FULL_PIPELINE,3,5.218617513997742,5.747456
STAGE_FULL_PIPELINE,3,5.273181993998151,5.667072
STAGE_FULL_PIPELINE,3,5.32792056299877,5.707264
STAGE_FULL_PIPELINE,3,5.382609140997374,5.747456
STAGE_FULL_PIPELINE,3,5.438329234999401,5.676096
STAGE_FULL_PIPELINE,3,5.492515823996655,5.707264
STAGE_FULL_PIPELINE,3,5.546724226998776,5.747456
STAGE_FULL_PIPELINE,3,5.601473893999355,5.676096
STAGE_FULL_PIPELINE,3,5.655639373999293,5.707264
STAGE_FULL_PIPELINE,3,5.709830696996505,5.716352
STAGE_FULL_PIPELINE,3,5.764062766997085,5.716352
STAGE_FULL_PIPELINE,3,5.818576136996853,5.747456
STAGE_FULL_PIPELINE,3,5.873100796998187,5.676096
STAGE_FULL_PIPELINE,3,5.928797605996806,5.716352
STAGE_FULL_PIPELINE,3,5.983142803997907,5.868032
STAGE_FULL_PIPELINE,3,6.03793411499646,5.82784
STAGE_FULL_PIPELINE,3,6.0922707409990835,5.868032
STAGE_FULL_PIPELINE,3,6.147979096997005,5.868032
STAGE_FULL_PIPELINE,3,6.202175312999316,5.787648
STAGE_FULL_PIPELINE,3,6.257154177998018,5.82784
STAGE_FULL_PIPELINE,3,6.311359061997791,5.82784
STAGE_FULL_PIPELINE,3,6.36647606599945,5.747456
STAGE_FULL_PIPELINE,3,6.420671386997128,5.787648
STAGE_FULL_PIPELINE,3,6.474843454998336,5.747456
STAGE_FULL_PIPELINE,3,6.528990895996685,5.747456
STAGE_FULL_PIPELINE,3,6.583561036997708,5.787648
STAGE_FULL_PIPELINE,3,6.637707837999187,5.707264
STAGE_FULL_PIPELINE,3,6.692460159996699,5.747456
STAGE_FULL_PIPELINE,3,6.746654744998523,5.787648
STAGE_FULL_PIPELINE,3,6.802819832999376,5.707264
STAGE_FULL_PIPELINE,3,6.857005493999168,5.747456
STAGE_FULL_PIPELINE,3,6.9113083129996085,5.747456
STAGE_FULL_PIPELINE,3,6.967150873999344,5.707264
STAGE_FULL_PIPELINE,3,7.02147640199837,5.747456
STAGE_FULL_PIPELINE,3,7.075643799998943,5.707264
STAGE_FULL_PIPELINE,3,7.129808096997294,5.707264
STAGE_FULL_PIPELINE,3,7.18441917799646,5.747456
STAGE_FULL_PIPELINE,3,7.238603207999404,5.667072
STAGE_FULL_PIPELINE,3,7.293361702999391,5.707264
STAGE_FULL_PIPELINE,3,7.34881281199705,5.747456
STAGE_FULL_PIPELINE,3,7.403096823996748,5.667072
STAGE_FULL_PIPELINE,3,7.4573520829981135,5.707264
STAGE_FULL_PIPELINE,3,7.511558661997697,5.707264
STAGE_FULL_PIPELINE,3,7.566760998997779,5.667072
STAGE_FULL_PIPELINE,3,7.620935241997358,5.707264
STAGE_FULL_PIPELINE,3,7.675084953996702,5.667072
STAGE_FULL_PIPELINE,3,7.729241925997485,5.667072
STAGE_FULL_PIPELINE,3,7.7837844329988,5.747456
STAGE_FULL_PIPELINE,3,7.837958324998908,5.667072
STAGE_FULL_PIPELINE,3,7.8922187329990265,5.707264
STAGE_FULL_PIPELINE,3,7.946423648998461,5.747456
STAGE_FULL_PIPELINE,3,8.001527538999653,5.667072
STAGE_FULL_PIPELINE,3,8.055767508998542,5.707264
STAGE_FULL_PIPELINE,3,8.109934491996682,5.707264
STAGE_FULL_PIPELINE,3,8.164680481997493,5.707264
STAGE_FULL_PIPELINE,3,8.218825938998634,5.747456
STAGE_FULL_PIPELINE,3,8.272961833998124,5.667072
STAGE_FULL_PIPELINE,3,8.327099774996896,5.707264
STAGE_FULL_PIPELINE,3,8.38124804799736,5.747456
STAGE_FULL_PIPELINE,3,8.435402812996472,5.667072
STAGE_FULL_PIPELINE,3,8.49004146399966,5.707264
STAGE_FULL_PIPELINE,3,8.544190727996465,5.707264
STAGE_FULL_PIPELINE,3,8.599303221999435,5.667072
STAGE_FULL_PIPELINE,3,8.654588460998639,5.747456
STAGE_FULL_PIPELINE,3,8.708756691998133,5.707264
STAGE_FULL_PIPELINE,3,8.764022324998223,5.707264
STAGE_FULL_PIPELINE,3,8.81816061799691,5.747456
STAGE_FULL_PIPELINE,3,8.872309689999383,5.667072
STAGE_FULL_PIPELINE,3,8.926439539998682,5.707264
STAGE_FULL_PIPELINE,3,8.980668954998691,5.747456
STAGE_FULL_PIPELINE,3,9.03529669999989,5.747456
STAGE_FULL_PIPELINE,3,9.089611096998851,5.908224
STAGE_FULL_PIPELINE,3,9.144318641996506,5.868032
STAGE_FULL_PIPELINE,3,9.198588100996858,5.82784
STAGE_FULL_PIPELINE,3,9.25284975699833,5.868032
STAGE_FULL_PIPELINE,3,9.30700983099814,5.787648
STAGE_FULL_PIPELINE,3,9.361168274997908,5.787648
STAGE_FULL_PIPELINE,3,9.415338103997783,5.82784
STAGE_FULL_PIPELINE,3,9.46948548099681,5.747456
STAGE_FULL_PIPELINE,3,9.524326270999154,5.787648
STAGE_FULL_PIPELINE,3,9.578479596999387,5.787648
STAGE_FULL_PIPELINE,3,9.633063490997301,5.747456
STAGE_FULL_PIPELINE,3,9.687258971996926,5.787648
STAGE_FULL_PIPELINE,3,9.741822107996995,5.747456
STAGE_FULL_PIPELINE,3,9.795992928997293,5.747456
STAGE_FULL_PIPELINE,3,9.850550180999562,5.787648
STAGE_FULL_PIPELINE,3,9.90616933399724,5.707264
STAGE_FULL_PIPELINE,3,9.96110607599985,5.747456
STAGE_FULL_PIPELINE,3,10.015393541998492,5.787648
STAGE_FULL_PIPELINE,3,10.069971743996575,5.707264
STAGE_FULL_PIPELINE,3,10.125106561998109,5.747456
STAGE_FULL_PIPELINE,3,10.179914344997087,5.787648
STAGE_FULL_PIPELINE,3,10.234136019997095,5.707264
STAGE_FULL_PIPELINE,3,10.289129245997174,5.747456
STAGE_FULL_PIPELINE,3,10.34367133699925,5.747456
STAGE_FULL_PIPELINE,3,10.398254656000063,5.707264
STAGE_FULL_PIPELINE,3,10.452761852997355,5.747456
STAGE_FULL_PIPELINE,3,10.507269496996742,5.707264
STAGE_FULL_PIPELINE,3,10.562134818999766,5.707264
STAGE_FULL_PIPELINE,3,10.616630532997078,5.747456
STAGE_FULL_PIPELINE,3,10.671509351999703,5.676096
STAGE_FULL_PIPELINE,3,10.72615561499697,5.707264
STAGE_FULL_PIPELINE,3,10.780716512999788,5.747456
STAGE_FULL_PIPELINE,3,10.835253550998459,5.676096
STAGE_FULL_PIPELINE,3,10.889907202999893,5.707264
STAGE_FULL_PIPELINE,3,10.944657349999034,5.707264
STAGE_FULL_PIPELINE,3,10.999296768997738,5.707264
STAGE_FULL_PIPELINE,3,11.055269535998377,5.747456
STAGE_FULL_PIPELINE,3,11.109431433997088,5.707264
STAGE_FULL_PIPELINE,3,11.163991659999738,5.707264
STAGE_FULL_PIPELINE,3,11.218172651999339,5.747456
STAGE_FULL_PIPELINE,3,11.272400691999792,5.676096
STAGE_FULL_PIPELINE,3,11.326530477999768,5.707264
STAGE_FULL_PIPELINE,3,11.38131826999961,5.747456
STAGE_FULL_PIPELINE,3,11.435488451999845,5.676096
STAGE_FULL_PIPELINE,3,11.489648909999232,5.747456
STAGE_FULL_PIPELINE,3,11.54378269299923,5.716352
STAGE_FULL_PIPELINE,3,11.597938417999103,5.716352
STAGE_FULL_PIPELINE,3,11.652067947998148,5.756608
STAGE_FULL_PIPELINE,3,11.706192359997658,5.676096
STAGE_FULL_PIPELINE,3,11.760314564999135,5.716352
STAGE_FULL_PIPELINE,3,11.814467794996744,5.756608
STAGE_FULL_PIPELINE,3,11.86870571899999,5.676096
STAGE_FULL_PIPELINE,3,11.922951573997125,5.716352
STAGE_FULL_PIPELINE,3,11.977080687996931,5.716352
STAGE_FULL_PIPELINE,3,12.03162588199848,5.716352
STAGE_FULL_PIPELINE,3,12.08582731199931,5.787648
STAGE_FULL_PIPELINE,3,12.140054711999255,5.82784
STAGE_FULL_PIPELINE,3,12.194403076999151,5.82784
STAGE_FULL_PIPELINE,3,12.248642406997533,5.868032
STAGE_FULL_PIPELINE,3,12.303261995999492,5.787648
STAGE_FULL_PIPELINE,3,12.358023336997576,5.82784
STAGE_FULL_PIPELINE,3,12.412187409998296,5.82784
STAGE_FULL_PIPELINE,3,12.466425844999321,5.747456
STAGE_FULL_PIPELINE,3,12.520680623998487,5.787648
STAGE_FULL_PIPELINE,3,12.574852883997664,5.747456
STAGE_FULL_PIPELINE,3,12.629036690999783,5.747456
STAGE_FULL_PIPELINE,3,12.683224463999068,5.787648
STAGE_FULL_PIPELINE,3,12.737385081996763,5.667072
STAGE_FULL_PIPELINE,3,12.791631096999481,5.747456
STAGE_FULL_PIPELINE,3,12.845772524997301,5.747456
STAGE_FULL_PIPELINE,3,12.900051771997823,5.667072
STAGE_FULL_PIPELINE,3,12.954229084996769,5.747456
STAGE_FULL_PIPELINE,3,13.008457541996904,5.707264
STAGE_FULL_PIPELINE,3,13.06270566799867,5.707264
STAGE_FULL_PIPELINE,3,13.116865230997064,5.747456
STAGE_FULL_PIPELINE,3,13.171058216998063,5.667072
STAGE_FULL_PIPELINE,3,13.225265243996546,5.707264
STAGE_FULL_PIPELINE,3,13.279437951998261,5.707264
STAGE_FULL_PIPELINE,3,13.333610691999638,5.667072
STAGE_FULL_PIPELINE,3,13.388196888998209,5.707264
STAGE_FULL_PIPELINE,3,13.442382582998107,5.667072
STAGE_FULL_PIPELINE,3,13.497150384999259,5.667072
STAGE_FULL_PIPELINE,3,13.551324052998098,5.707264
STAGE_FULL_PIPELINE,3,13.60643136499857,5.667072
STAGE_FULL_PIPELINE,3,13.661962849997508,5.667072
STAGE_FULL_PIPELINE,3,13.716111537996767,5.707264
STAGE_FULL_PIPELINE,3,13.770270268996683,5.62688
STAGE_FULL_PIPELINE,3,13.82443392499772,5.707264
STAGE_FULL_PIPELINE,3,13.87862854299965,5.707264
STAGE_FULL_PIPELINE,3,13.932773679996899,5.667072
STAGE_FULL_PIPELINE,3,13.986984257997392,5.707264
STAGE_FULL_PIPELINE,3,14.041188437997334,5.667072
STAGE_FULL_PIPELINE,3,14.095734526999877,5.667072
STAGE_FULL_PIPELINE,3,14.149923547000071,5.747456
STAGE_FULL_PIPELINE,3,14.204075017998548,5.667072
STAGE_FULL_PIPELINE,3,14.25847609199991,5.707264
STAGE_FULL_PIPELINE,3,14.312775647998933,5.747456
STAGE_FULL_PIPELINE,3,14.368098244998691,5.667072
STAGE_FULL_PIPELINE,3,14.4222515069996,5.747456
STAGE_FULL_PIPELINE,3,14.476447307999479,5.707264
STAGE_FULL_PIPELINE,3,14.53066565699919,5.707264
STAGE_FULL_PIPELINE,3,14.584828225997626,5.747456
STAGE_FULL_PIPELINE,3,14.638969685998745,5.676096
STAGE_FULL_PIPELINE,3,14.693150965998939,5.716352
STAGE_FULL_PIPELINE,3,14.7473080009986,5.747456
STAGE_FULL_PIPELINE,3,14.801616417997138,5.676096
STAGE_FULL_PIPELINE,3,14.855923809998785,5.707264
STAGE_FULL_PIPELINE,3,14.910718830997212,5.716352
STAGE_FULL_PIPELINE,3,14.964919908998127,5.716352
STAGE_FULL_PIPELINE,3,15.019098821998341,5.747456
STAGE_FULL_PIPELINE,3,15.074167113998556,5.716352
STAGE_FULL_PIPELINE,3,15.12831538699902,5.747456
STAGE_FULL_PIPELINE,3,15.182883096997102,5.908224
STAGE_FULL_PIPELINE,3,15.237240768998163,5.82784
STAGE_FULL_PIPELINE,3,15.291737186998944,5.868032
STAGE_FULL_PIPELINE,3,15.345959597998444,5.868032
STAGE_FULL_PIPELINE,3,15.400202990997059,5.787648
STAGE_FULL_PIPELINE,3,15.45438071999888,5.82784
STAGE_FULL_PIPELINE,3,15.5085505499992,5.787648
STAGE_FULL_PIPELINE,3,15.562746637999226,5.787648
STAGE_FULL_PIPELINE,3,15.61696357999972,5.82784
STAGE_FULL_PIPELINE,3,15.671132385999954,5.747456
STAGE_FULL_PIPELINE,3,15.725387324997428,5.787648
STAGE_FULL_PIPELINE,3,15.779601995996927,5.787648
STAGE_FULL_PIPELINE,3,15.833784011996613,5.747456
STAGE_FULL_PIPELINE,3,15.887977317997866,5.787648
STAGE_FULL_PIPELINE,3,15.942155686996557,5.747456
STAGE_FULL_PIPELINE,3,15.99635580499671,5.747456
STAGE_FULL_PIPELINE,3,16.050588610996783,5.787648
STAGE_FULL_PIPELINE,3,16.10482966899872,5.707264
STAGE_FULL_PIPELINE,3,16.15904673899786,5.747456
STAGE_FULL_PIPELINE,3,16.213346838998405,5.787648
STAGE_FULL_PIPELINE,3,16.267592150998098,5.707264
STAGE_FULL_PIPELINE,3,16.32196031299827,5.747456
STAGE_FULL_PIPELINE,3,16.376147861999925,5.747456
STAGE_FULL_PIPELINE,3,16.43029814900001,5.707264
STAGE_FULL_PIPELINE,3,16.484432508997998,5.747456
STAGE_FULL_PIPELINE,3,16.538669728997775,5.707264
STAGE_FULL_PIPELINE,3,16.59288148899941,5.707264
STAGE_FULL_PIPELINE,3,16.647023811998224,5.747456
STAGE_FULL_PIPELINE,3,16.701147008996486,5.707264
STAGE_FULL_PIPELINE,3,16.7552969449971,5.747456
STAGE_FULL_PIPELINE,3,16.80951625399757,5.707264
STAGE_FULL_PIPELINE,3,16.863779955998325,5.707264
STAGE_FULL_PIPELINE,3,16.91800441399755,5.747456
STAGE_FULL_PIPELINE,3,16.972247134999634,5.676096
STAGE_FULL_PIPELINE,3,17.02646238199668,5.707264
STAGE_FULL_PIPELINE,3,17.08078970099814,5.747456
STAGE_FULL_PIPELINE,3,17.135031366997282,5.716352
STAGE_FULL_PIPELINE,3,17.189259150996804,5.747456
STAGE_FULL_PIPELINE,3,17.243589699999575,5.747456
STAGE_FULL_PIPELINE,3,17.297818635997828,5.716352
STAGE_FULL_PIPELINE,3,17.35196741999971,5.747456
STAGE_FULL_PIPELINE,3,17.406102770997677,5.676096
STAGE_FULL_PIPELINE,3,17.460253473997,5.716352
STAGE_FULL_PIPELINE,3,17.51457094199941,5.747456
STAGE_FULL_PIPELINE,3,17.56942174299911,5.676096
STAGE_FULL_PIPELINE,3,17.623650006997195,5.716352
STAGE_FULL_PIPELINE,3,17.677806946998317,5.716352
STAGE_FULL_PIPELINE,3,17.73200840899881,5.676096
STAGE_FULL_PIPELINE,3,17.78614487899904,5.707264
STAGE_FULL_PIPELINE,3,17.8403094949972,5.676096
STAGE_FULL_PIPELINE,3,17.89447356799792,5.676096
STAGE_FULL_PIPELINE,3,17.94866613799968,5.747456
STAGE_FULL_PIPELINE,3,18.002830529996572,5.676096
STAGE_FULL_PIPELINE,3,18.057133860998874,5.707264
STAGE_FULL_PIPELINE,3,18.11132096199799,5.707264
STAGE_FULL_PIPELINE,3,18.165531698999985,5.667072
STAGE_FULL_PIPELINE,3,18.219966675998876,5.747456
STAGE_FULL_PIPELINE,3,18.27427032599735,5.82784
STAGE_FULL_PIPELINE,3,18.328760283999145,5.82784
STAGE_FULL_PIPELINE,3,18.38399159799883,5.868032
STAGE_FULL_PIPELINE,3,18.43946400799905,5.787648
STAGE_FULL_PIPELINE,3,18.49364346499715,5.787648
STAGE_FULL_PIPELINE,3,18.54787259299701,5.82784
STAGE_FULL_PIPELINE,3,18.602606299999024,5.707264
STAGE_FULL_PIPELINE,3,18.657153444997675,5.747456
STAGE_FULL_PIPELINE,3,18.71196631299972,5.747456
STAGE_FULL_PIPELINE,3,18.766141674997925,5.707264
STAGE_FULL_PIPELINE,3,18.820291290998284,5.747456
STAGE_FULL_PIPELINE,3,18.874496846998227,5.707264
STAGE_FULL_PIPELINE,3,18.92871135799942,5.707264
STAGE_FULL_PIPELINE,3,18.982948097996996,5.747456
STAGE_FULL_PIPELINE,3,19.037153173998377,5.667072
STAGE_FULL_PIPELINE,3,19.091369827998278,5.707264
STAGE_FULL_PIPELINE,3,19.145559295997373,5.747456
STAGE_FULL_PIPELINE,3,19.200030797997897,5.707264
STAGE_FULL_PIPELINE,3,19.25435171999925,5.747456
STAGE_FULL_PIPELINE,3,19.308543650997308,5.707264
STAGE_FULL_PIPELINE,3,19.36281119099658,5.707264
STAGE_FULL_PIPELINE,3,19.416972768998676,5.747456
STAGE_FULL_PIPELINE,3,19.471159325999906,5.667072
STAGE_FULL_PIPELINE,3,19.525474554997345,5.707264
STAGE_FULL_PIPELINE,3,19.57970310699966,5.747456
STAGE_FULL_PIPELINE,3,19.633937671998865,5.667072
STAGE_FULL_PIPELINE,3,19.68813427299756,5.747456
STAGE_FULL_PIPELINE,3,19.74231120299737,5.707264
STAGE_FULL_PIPELINE,3,19.796522450997145,5.707264
STAGE_FULL_PIPELINE,3,19.850699284997972,5.747456
STAGE_FULL_PIPELINE,3,19.904871161998017,5.667072
STAGE_FULL_PIPELINE,3,19.959448403998977,5.707264
STAGE_FULL_PIPELINE,3,20.013608861998364,5.747456
STAGE_FULL_PIPELINE,3,20.06790553999963,5.707264
STAGE_FULL_PIPELINE,3,20.12220065099973,5.747456
STAGE_FULL_PIPELINE,3,20.176390757998888,5.707264
STAGE_FULL_PIPELINE,3,20.230542516997957,5.707264
STAGE_FULL_PIPELINE,3,20.284694626996497,5.747456
STAGE_FULL_PIPELINE,3,20.33886336899741,5.707264
STAGE_FULL_PIPELINE,3,20.393090321998898,5.747456
STAGE_FULL_PIPELINE,3,20.4472655569989,5.787648
STAGE_FULL_PIPELINE,3,20.501474598997447,5.707264
STAGE_FULL_PIPELINE,3,20.555752054999175,5.747456
STAGE_FULL_PIPELINE,3,20.609923067997443,5.747456
STAGE_FULL_PIPELINE,3,20.664168442999653,5.707264
STAGE_FULL_PIPELINE,3,20.718403807997674,5.747456
STAGE_FULL_PIPELINE,3,20.772599480998906,5.707264
STAGE_FULL_PIPELINE,3,20.826754948997404,5.747456
STAGE_FULL_PIPELINE,3,20.880909106999752,5.787648
STAGE_FULL_PIPELINE,3,20.935103115996753,5.707264
STAGE_FULL_PIPELINE,3,20.989386489000026,5.747456
STAGE_FULL_PIPELINE,3,21.043563354996877,5.747456
STAGE_FULL_PIPELINE,3,21.097832910996658,5.707264
STAGE_FULL_PIPELINE,3,21.152035235998483,5.787648
STAGE_FULL_PIPELINE,3,21.206196013998124,5.707264
STAGE_FULL_PIPELINE,3,21.260412603998702,5.747456
STAGE_FULL_PIPELINE,3,21.314599128996633,5.908224
STAGE_FULL_PIPELINE,3,21.369534879999264,5.868032
STAGE_FULL_PIPELINE,3,21.424120212999696,5.908224
STAGE_FULL_PIPELINE,3,21.47841817099834,5.908224
STAGE_FULL_PIPELINE,3,21.5327037499992,5.82784
STAGE_FULL_PIPELINE,3,21.587319788999594,5.868032
STAGE_FULL_PIPELINE,3,21.64189284099848,5.82784
STAGE_FULL_PIPELINE,3,21.696124782996776,5.787648
STAGE_FULL_PIPELINE,3,21.75059529399732,5.868032
STAGE_FULL_PIPELINE,3,21.804770816997916,5.747456
STAGE_FULL_PIPELINE,3,21.859179726998264,5.787648
STAGE_FULL_PIPELINE,3,21.91388285799985,5.82784
STAGE_FULL_PIPELINE,3,21.969249080997542,5.707264
STAGE_FULL_PIPELINE,3,22.02341190599691,5.787648
STAGE_FULL_PIPELINE,3,22.077957002999028,5.787648
STAGE_FULL_PIPELINE,3,22.13266547499734,5.707264
STAGE_FULL_PIPELINE,3,22.187279882997245,5.787648
STAGE_FULL_PIPELINE,3,22.241704336996918,5.747456
STAGE_FULL_PIPELINE,3,22.296049502998358,5.747456
STAGE_FULL_PIPELINE,3,22.350400904997514,5.787648
STAGE_FULL_PIPELINE,3,22.404683765998925,5.707264
STAGE_FULL_PIPELINE,3,22.458985721998033,5.747456
STAGE_FULL_PIPELINE,3,22.5131346019989,5.747456
STAGE_FULL_PIPELINE,3,22.56739596999978,5.707264
STAGE_FULL_PIPELINE,3,22.621563591997983,5.747456
STAGE_FULL_PIPELINE,3,22.675718421000056,5.707264
STAGE_FULL_PIPELINE,3,22.729879550999613,5.707264
STAGE_FULL_PIPELINE,3,22.78402891099904,5.747456
STAGE_FULL_PIPELINE,3,22.838246460996743,5.676096
STAGE_FULL_PIPELINE,3,22.892408261999662,5.707264
STAGE_FULL_PIPELINE,3,22.94654597999761,5.747456
STAGE_FULL_PIPELINE,3,23.00105998899744,5.667072
STAGE_FULL_PIPELINE,3,23.055418075997295,5.747456
STAGE_FULL_PIPELINE,3,23.10963530599838,5.707264
STAGE_FULL_PIPELINE,3,23.163810572998045,5.707264
STAGE_FULL_PIPELINE,3,23.21795366399965,5.747456
STAGE_FULL_PIPELINE,3,23.272098129997175,5.676096
STAGE_FULL_PIPELINE,3,23.32625299099891,5.707264
STAGE_FULL_PIPELINE,3,23.38060029999906,5.747456
STAGE_FULL_PIPELINE,3,23.434790023999085,5.667072
STAGE_FULL_PIPELINE,3,23.488912804998108,5.707264
STAGE_FULL_PIPELINE,3,23.54308880699682,5.707264
STAGE_FULL_PIPELINE,3,23.597331527998904,5.667072
STAGE_FULL_PIPELINE,3,23.651452293997863,5.707264
STAGE_FULL_PIPELINE,3,23.705579136996676,5.667072
STAGE_FULL_PIPELINE,3,23.759782933997485,5.667072
STAGE_FULL_PIPELINE,3,23.81398650599658,5.707264
STAGE_FULL_PIPELINE,3,23.86813078099658,5.62688
STAGE_FULL_PIPELINE,3,23.92229757199675,5.707264
STAGE_FULL_PIPELINE,3,23.97642518199791,5.667072
STAGE_FULL_PIPELINE,3,24.03059820999988,5.667072
STAGE_FULL_PIPELINE,3,24.084816527996736,5.707264
STAGE_FULL_PIPELINE,3,24.138946312999906,5.62688
STAGE_FULL_PIPELINE,3,24.193051374997594,5.667072
STAGE_FULL_PIPELINE,3,24.247181480997824,5.707264
STAGE_FULL_PIPELINE,3,24.301416908998362,5.62688
STAGE_FULL_PIPELINE,3,24.35563631399782,5.747456
STAGE_FULL_PIPELINE,3,24.40974409499904,5.82784
STAGE_FULL_PIPELINE,3,24.464341645998502,5.787648
STAGE_FULL_PIPELINE,3,24.518569782998384,5.82784
STAGE_FULL_PIPELINE,3,24.572766766999848,5.747456
STAGE_FULL_PIPELINE,3,24.6279249659965,5.747456
STAGE_FULL_PIPELINE,3,24.682592049997766,5.787648
STAGE_FULL_PIPELINE,3,24.737752615998033,5.707264
STAGE_FULL_PIPELINE,3,24.791941635998228,5.747456
STAGE_FULL_PIPELINE,3,24.846139995999692,5.787648
STAGE_FULL_PIPELINE,3,24.901112207997357,5.707264
STAGE_FULL_PIPELINE,3,24.955606610998075,5.747456
STAGE_FULL_PIPELINE,3,25.00981731599677,5.747456
STAGE_FULL_PIPELINE,3,25.06425763399966,5.707264
STAGE_FULL_PIPELINE,3,25.11840657799985,5.747456
STAGE_FULL_PIPELINE,3,25.172635289996833,5.707264
STAGE_FULL_PIPELINE,3,25.227260571999068,5.707264
STAGE_FULL_PIPELINE,3,25.281856395999057,5.787648
STAGE_FULL_PIPELINE,3,25.33617735000007,5.707264
STAGE_FULL_PIPELINE,3,25.390528592997725,5.747456
STAGE_FULL_PIPELINE,3,25.445815815997776,5.747456
STAGE_FULL_PIPELINE,3,25.500061382997956,5.707264
STAGE_FULL_PIPELINE,3,25.554263740999886,5.747456
STAGE_FULL_PIPELINE,3,25.608470415998454,5.707264
STAGE_FULL_PIPELINE,3,25.663015544996597,5.707264
STAGE_FULL_PIPELINE,3,25.717166280999663,5.747456
STAGE_FULL_PIPELINE,3,25.7714502609997,5.707264
STAGE_FULL_PIPELINE,3,25.825932285999443,5.707264
STAGE_FULL_PIPELINE,3,25.880625437999697,5.787648
STAGE_FULL_PIPELINE,3,25.935269621997577,5.667072
STAGE_FULL_PIPELINE,3,25.990349747997243,5.747456
STAGE_FULL_PIPELINE,3,26.044565794996743,5.747456
STAGE_FULL_PIPELINE,3,26.09876028399958,5.707264
STAGE_FULL_PIPELINE,3,26.15287234999778,5.747456
STAGE_FULL_PIPELINE,3,26.20700613399822,5.707264
STAGE_FULL_PIPELINE,3,26.261110491999716,5.707264
STAGE_FULL_PIPELINE,3,26.315250480998657,5.787648
STAGE_FULL_PIPELINE,3,26.369958728999336,5.707264
STAGE_FULL_PIPELINE,3,26.424307732999296,5.747456
STAGE_FULL_PIPELINE,3,26.478466079999635,5.747456
STAGE_FULL_PIPELINE,3,26.532767619999504,5.707264
STAGE_FULL_PIPELINE,3,26.587395267997636,5.747456
STAGE_FULL_PIPELINE,3,26.641538614996534,5.707264
STAGE_FULL_PIPELINE,3,26.695678251999198,5.707264
STAGE_FULL_PIPELINE,3,26.75075917799768,5.747456
STAGE_FULL_PIPELINE,3,26.804926607997913,5.667072
STAGE_FULL_PIPELINE,3,26.859109230998,5.707264
STAGE_FULL_PIPELINE,3,26.913251969999692,5.747456
STAGE_FULL_PIPELINE,3,26.968242381997698,5.667072
STAGE_FULL_PIPELINE,3,27.022437573999923,5.747456
STAGE_FULL_PIPELINE,3,27.077471739998145,5.747456
STAGE_FULL_PIPELINE,3,27.131783513999835,5.707264
STAGE_FULL_PIPELINE,3,27.185996105999948,5.747456
STAGE_FULL_PIPELINE,3,27.241293787999894,5.707264
STAGE_FULL_PIPELINE,3,27.295448744996975,5.707264
STAGE_FULL_PIPELINE,3,27.350017126998864,5.747456
STAGE_FULL_PIPELINE,3,27.404144448999432,5.707264
STAGE_FULL_PIPELINE,3,27.458748429999105,5.908224
STAGE_FULL_PIPELINE,3,27.51307494899811,5.908224
STAGE_FULL_PIPELINE,3,27.56747602299947,5.82784
STAGE_FULL_PIPELINE,3,27.62162013699708,5.868032
STAGE_FULL_PIPELINE,3,27.67573085999902,5.82784
STAGE_FULL_PIPELINE,3,27.730872715997975,5.787648
STAGE_FULL_PIPELINE,3,27.78526982299809,5.82784
STAGE_FULL_PIPELINE,3,27.83946204199674,5.747456
STAGE_FULL_PIPELINE,3,27.89359975899788,5.787648
STAGE_FULL_PIPELINE,3,27.94776987699879,5.82784
STAGE_FULL_PIPELINE,3,28.00201653199838,5.747456
STAGE_FULL_PIPELINE,3,28.056280937998963,5.787648
STAGE_FULL_PIPELINE,3,28.110446353999578,5.787648
STAGE_FULL_PIPELINE,3,28.16464039499988,5.747456
STAGE_FULL_PIPELINE,3,28.218757418999303,5.787648
STAGE_FULL_PIPELINE,3,28.272866862997034,5.707264
STAGE_FULL_PIPELINE,3,28.32700518799902,5.747456
STAGE_FULL_PIPELINE,3,28.381163950998598,5.787648
STAGE_FULL_PIPELINE,3,28.435335475998727,5.707264
STAGE_FULL_PIPELINE,3,28.489704661998985,5.747456
STAGE_FULL_PIPELINE,3,28.543841579998116,5.747456
STAGE_FULL_PIPELINE,3,28.598018029999366,5.707264
STAGE_FULL_PIPELINE,3,28.652146215998073,5.747456
STAGE_FULL_PIPELINE,3,28.706254924996756,5.676096
STAGE_FULL_PIPELINE,3,28.76041800499661,5.707264
STAGE_FULL_PIPELINE,3,28.814638529998774,5.747456
STAGE_FULL_PIPELINE,3,28.868764636998094,5.676096
STAGE_FULL_PIPELINE,3,28.922948027997336,5.707264
STAGE_FULL_PIPELINE,3,28.97707445499691,5.707264
STAGE_FULL_PIPELINE,3,29.031235744998412,5.667072
STAGE_FULL_PIPELINE,3,29.085451151997404,5.707264
STAGE_FULL_PIPELINE,3,29.139589188998798,5.667072
STAGE_FULL_PIPELINE,3,29.193785500996455,5.667072
STAGE_FULL_PIPELINE,3,29.247932301997935,5.747456
STAGE_FULL_PIPELINE,3,29.302104338999925,5.667072
STAGE_FULL_PIPELINE,3,29.356264604997705,5.707264
STAGE_FULL_PIPELINE,3,29.4104704809979,5.707264
STAGE_FULL_PIPELINE,3,29.464650160996825,5.667072
STAGE_FULL_PIPELINE,3,29.518861217999074,5.707264
STAGE_FULL_PIPELINE,3,29.573021963999054,5.667072
STAGE_FULL_PIPELINE,3,29.62721510999836,5.667072
STAGE_FULL_PIPELINE,3,29.68138497199834,5.747456
STAGE_FULL_PIPELINE,3,29.735827144999348,5.62688
STAGE_FULL_PIPELINE,3,29.790038617997197,5.707264
STAGE_FULL_PIPELINE,3,29.844586977997096,5.707264
STAGE_FULL_PIPELINE,3,29.899286301999382,5.667072
STAGE_FULL_PIPELINE,3,29.9534209179983,5.707264
STAGE_FULL_PIPELINE,3,30.007950406998134,5.62688
STAGE_MODEL_POLICY,3,0.00043376699977670796,5.43456
STAGE_MODEL_POLICY,3,0.05483695200018701,5.42592
STAGE_MODEL_POLICY,3,0.10900223999851733,5.466112
STAGE_MODEL_POLICY,3,0.1631442750003771,5.474816
STAGE_MODEL_POLICY,3,0.21738789200026076,5.546496
STAGE_MODEL_POLICY,3,0.2715258649986936,5.555328
STAGE_MODEL_POLICY,3,0.32567432900032145,5.595584
STAGE_MODEL_POLICY,3,0.3797972060019674,5.62688
STAGE_MODEL_POLICY,3,0.43408141100007924,5.667072
STAGE_MODEL_POLICY,3,0.4885871680016862,5.787648
STAGE_MODEL_POLICY,3,0.5430105990017182,5.82784
STAGE_MODEL_POLICY,3,0.5974415140008205,5.747456
STAGE_MODEL_POLICY,3,0.6516333159997885,5.787648
STAGE_MODEL_POLICY,3,0.7057863219997671,5.787648
STAGE_MODEL_POLICY,3,0.7600631060013257,5.787648
STAGE_MODEL_POLICY,3,0.8142027110006893,5.82784
STAGE_MODEL_POLICY,3,0.8684214439999778,5.747456
STAGE_MODEL_POLICY,3,0.9226721289996931,5.787648
STAGE_MODEL_POLICY,3,0.9768330670012801,5.82784
STAGE_MODEL_POLICY,3,1.0309898470004555,5.747456
STAGE_MODEL_POLICY,3,1.0851673210017907,5.787648
STAGE_MODEL_POLICY,3,1.1393304019984498,5.787648
STAGE_MODEL_POLICY,3,1.1934832480001205,5.747456
STAGE_MODEL_POLICY,3,1.247610762999102,5.787648
STAGE_MODEL_POLICY,3,1.301740068000072,5.707264
STAGE_MODEL_POLICY,3,1.3558690860008937,5.747456
STAGE_MODEL_POLICY,3,1.4100204930000473,5.787648
STAGE_MODEL_POLICY,3,1.4644832640005916,5.707264
STAGE_MODEL_POLICY,3,1.518767116998788,5.787648
STAGE_MODEL_POLICY,3,1.5732454640019569,5.747456
STAGE_MODEL_POLICY,3,1.627429526000924,5.756608
STAGE_MODEL_POLICY,3,1.6827161729997897,5.787648
STAGE_MODEL_POLICY,3,1.7368625579983927,5.716352
STAGE_MODEL_POLICY,3,1.7910691690012754,5.756608
STAGE_MODEL_POLICY,3,1.8451660749997245,5.787648
STAGE_MODEL_POLICY,3,1.9001850800013926,5.716352
STAGE_MODEL_POLICY,3,1.9544042609995813,5.747456
STAGE_MODEL_POLICY,3,2.0085534930003632,5.747456
STAGE_MODEL_POLICY,3,2.0627868109986593,5.716352
STAGE_MODEL_POLICY,3,2.117270754999481,5.747456
STAGE_MODEL_POLICY,3,2.173271252999257,5.747456
STAGE_MODEL_POLICY,3,2.2274607840008684,5.716352
STAGE_MODEL_POLICY,3,2.282023185998696,5.747456
STAGE_MODEL_POLICY,3,2.336464527001226,5.716352
STAGE_MODEL_POLICY,3,2.390732708001451,5.716352
STAGE_MODEL_POLICY,3,2.4453599080006825,5.787648
STAGE_MODEL_POLICY,3,2.4997124949986755,5.716352
STAGE_MODEL_POLICY,3,2.5539401509995514,5.747456
STAGE_MODEL_POLICY,3,2.608109308999701,5.747456
STAGE_MODEL_POLICY,3,2.662324812001316,5.707264
STAGE_MODEL_POLICY,3,2.716522339000221,5.747456
STAGE_MODEL_POLICY,3,2.770704675000161,5.707264
STAGE_MODEL_POLICY,3,2.824840313001914,5.707264
STAGE_MODEL_POLICY,3,2.8790071360017464,5.787648
STAGE_MODEL_POLICY,3,2.9331690020007954,5.676096
STAGE_MODEL_POLICY,3,2.987490818999504,5.747456
STAGE_MODEL_POLICY,3,3.0416222359999665,5.747456
STAGE_MODEL_POLICY,3,3.0957926730006875,5.707264
STAGE_MODEL_POLICY,3,3.149940882001829,5.747456
STAGE_MODEL_POLICY,3,3.2040858280015527,5.707264
STAGE_MODEL_POLICY,3,3.258211134998419,5.707264
STAGE_MODEL_POLICY,3,3.3123358039993036,5.747456
STAGE_MODEL_POLICY,3,3.3664720179986034,5.667072
STAGE_MODEL_POLICY,3,3.420755774001009,5.707264
STAGE_MODEL_POLICY,3,3.4750173020001967,5.747456
STAGE_MODEL_POLICY,3,3.5294205190002685,5.82784
STAGE_MODEL_POLICY,3,3.583832052001526,5.868032
STAGE_MODEL_POLICY,3,3.6381084519998694,5.82784
STAGE_MODEL_POLICY,3,3.6923912490019575,5.82784
STAGE_MODEL_POLICY,3,3.7466680969992012,5.868032
STAGE_MODEL_POLICY,3,3.801166434001061,5.747456
STAGE_MODEL_POLICY,3,3.8565986399989924,5.787648
STAGE_MODEL_POLICY,3,3.911967261999962,5.82784
STAGE_MODEL_POLICY,3,3.966141216998949,5.747456
STAGE_MODEL_POLICY,3,4.020378629000334,5.787648
STAGE_MODEL_POLICY,3,4.074482732001343,5.787648
STAGE_MODEL_POLICY,3,4.129360847000498,5.747456
STAGE_MODEL_POLICY,3,4.183780855000805,5.787648
STAGE_MODEL_POLICY,3,4.237997765001637,5.747456
STAGE_MODEL_POLICY,3,4.292197531998681,5.747456
STAGE_MODEL_POLICY,3,4.346757885999978,5.787648
STAGE_MODEL_POLICY,3,4.402380172999983,5.707264
STAGE_MODEL_POLICY,3,4.456581507001829,5.747456
STAGE_MODEL_POLICY,3,4.511319339999318,5.787648
STAGE_MODEL_POLICY,3,4.565980764000415,5.707264
STAGE_MODEL_POLICY,3,4.621117596998374,5.747456
STAGE_MODEL_POLICY,3,4.67532350500187,5.787648
STAGE_MODEL_POLICY,3,4.729540670999995,5.747456
STAGE_MODEL_POLICY,3,4.7837263959991105,5.787648
STAGE_MODEL_POLICY,3,4.8379134649985645,5.747456
STAGE_MODEL_POLICY,3,4.892260198001168,5.747456
STAGE_MODEL_POLICY,3,4.946831682998891,5.787648
STAGE_MODEL_POLICY,3,5.001067591001629,5.747456
STAGE_MODEL_POLICY,3,5.056098942000972,5.747456
STAGE_MODEL_POLICY,3,5.110248461998708,5.787648
STAGE_MODEL_POLICY,3,5.1645228790002875,5.756608
STAGE_MODEL_POLICY,3,5.219143810998503,5.787648
STAGE_MODEL_POLICY,3,5.273362415999145,5.747456
STAGE_MODEL_POLICY,3,5.327989871999307,5.747456
STAGE_MODEL_POLICY,3,5.383260079001047,5.787648
STAGE_MODEL_POLICY,3,5.437441902999126,5.756608
STAGE_MODEL_POLICY,3,5.491681457999221,5.756608
STAGE_MODEL_POLICY,3,5.54590454099889,5.787648
STAGE_MODEL_POLICY,3,5.60017294499994,5.716352
STAGE_MODEL_POLICY,3,5.654397883001366,5.787648
STAGE_MODEL_POLICY,3,5.708575516000565,5.787648
STAGE_MODEL_POLICY,3,5.762816157999623,5.756608
STAGE_MODEL_POLICY,3,5.817362824000156,5.787648
STAGE_MODEL_POLICY,3,5.871964213001775,5.756608
STAGE_MODEL_POLICY,3,5.927034648000699,5.716352
STAGE_MODEL_POLICY,3,5.981276122001873,5.747456
STAGE_MODEL_POLICY,3,6.035988335999718,5.676096
STAGE_MODEL_POLICY,3,6.090611315001297,5.707264
STAGE_MODEL_POLICY,3,6.145242449998477,5.707264
STAGE_MODEL_POLICY,3,6.200315442998544,5.676096
STAGE_MODEL_POLICY,3,6.254662528001063,5.707264
STAGE_MODEL_POLICY,3,6.308797174999199,5.747456
STAGE_MODEL_POLICY,3,6.362952292001864,5.676096
STAGE_MODEL_POLICY,3,6.4170747860007396,5.747456
STAGE_MODEL_POLICY,3,6.4714703259996895,5.707264
STAGE_MODEL_POLICY,3,6.5257293909999134,5.707264
STAGE_MODEL_POLICY,3,6.579771540000365,5.908224
STAGE_MODEL_POLICY,3,6.634228235001501,5.82784
STAGE_MODEL_POLICY,3,6.688662251999631,5.868032
STAGE_MODEL_POLICY,3,6.742880697001965,5.908224
STAGE_MODEL_POLICY,3,6.797403982000105,5.868032
STAGE_MODEL_POLICY,3,6.851735363001353,5.908224
STAGE_MODEL_POLICY,3,6.905904488001397,5.82784
STAGE_MODEL_POLICY,3,6.96015693300069,5.82784
STAGE_MODEL_POLICY,3,7.014362712001457,5.868032
STAGE_MODEL_POLICY,3,7.068513542999426,5.787648
STAGE_MODEL_POLICY,3,7.122741679999308,5.787648
STAGE_MODEL_POLICY,3,7.176896380999096,5.82784
STAGE_MODEL_POLICY,3,7.231534583999746,5.747456
STAGE_MODEL_POLICY,3,7.285797134998575,5.787648
STAGE_MODEL_POLICY,3,7.339903028998378,5.787648
STAGE_MODEL_POLICY,3,7.3952800939987355,5.747456
STAGE_MODEL_POLICY,3,7.44943437999973,5.787648
STAGE_MODEL_POLICY,3,7.504538302000583,5.747456
STAGE_MODEL_POLICY,3,7.558762248001585,5.747456
STAGE_MODEL_POLICY,3,7.612980406000133,5.787648
STAGE_MODEL_POLICY,3,7.667097716999706,5.707264
STAGE_MODEL_POLICY,3,7.721240072998626,5.747456
STAGE_MODEL_POLICY,3,7.775424006998946,5.747456
STAGE_MODEL_POLICY,3,7.829937825001252,5.707264
STAGE_MODEL_POLICY,3,7.885543415999564,5.747456
STAGE_MODEL_POLICY,3,7.93968820200098,5.747456
STAGE_MODEL_POLICY,3,7.993906103001791,5.707264
STAGE_MODEL_POLICY,3,8.048496809999051,5.747456
STAGE_MODEL_POLICY,3,8.10274896700139,5.707264
STAGE_MODEL_POLICY,3,8.15722341199944,5.707264
STAGE_MODEL_POLICY,3,8.211968121999234,5.787648
STAGE_MODEL_POLICY,3,8.266108110001369,5.676096
STAGE_MODEL_POLICY,3,8.320549516000028,5.707264
STAGE_MODEL_POLICY,3,8.374746276000224,5.747456
STAGE_MODEL_POLICY,3,8.428962034999131,5.667072
STAGE_MODEL_POLICY,3,8.483125370999915,5.747456
STAGE_MODEL_POLICY,3,8.537252950001857,5.667072
STAGE_MODEL_POLICY,3,8.591435285001353,5.707264
STAGE_MODEL_POLICY,3,8.645672441001807,5.747456
STAGE_MODEL_POLICY,3,8.699890886000503,5.667072
STAGE_MODEL_POLICY,3,8.754469855000934,5.747456
STAGE_MODEL_POLICY,3,8.80869783199887,5.747456
STAGE_MODEL_POLICY,3,8.862856850999378,5.707264
STAGE_MODEL_POLICY,3,8.916976496999268,5.747456
STAGE_MODEL_POLICY,3,8.971184324000205,5.707264
STAGE_MODEL_POLICY,3,9.025745734001248,5.707264
STAGE_MODEL_POLICY,3,9.079865507999784,5.747456
STAGE_MODEL_POLICY,3,9.134061597000255,5.667072
STAGE_MODEL_POLICY,3,9.188238686001569,5.747456
STAGE_MODEL_POLICY,3,9.242366968999704,5.747456
STAGE_MODEL_POLICY,3,9.297042017999047,5.707264
STAGE_MODEL_POLICY,3,9.351374805999512,5.747456
STAGE_MODEL_POLICY,3,9.406463087998418,5.747456
STAGE_MODEL_POLICY,3,9.460667268001998,5.707264
STAGE_MODEL_POLICY,3,9.515298883001378,5.787648
STAGE_MODEL_POLICY,3,9.570070362999104,5.707264
STAGE_MODEL_POLICY,3,9.624234147999232,5.82784
STAGE_MODEL_POLICY,3,9.678358048000518,5.948416
STAGE_MODEL_POLICY,3,9.732833293001022,5.82784
STAGE_MODEL_POLICY,3,9.7873208839992,5.868032
STAGE_MODEL_POLICY,3,9.841531172998657,5.868032
STAGE_MODEL_POLICY,3,9.89569687599942,5.82784
STAGE_MODEL_POLICY,3,9.949892324999382,5.868032
STAGE_MODEL_POLICY,3,10.004138947999309,5.787648
STAGE_MODEL_POLICY,3,10.05832061199908,5.787648
STAGE_MODEL_POLICY,3,10.112435940998694,5.82784
STAGE_MODEL_POLICY,3,10.16668313899936,5.747456
STAGE_MODEL_POLICY,3,10.220848139000736,5.787648
STAGE_MODEL_POLICY,3,10.275037702998816,5.787648
STAGE_MODEL_POLICY,3,10.329156965999573,5.747456
STAGE_MODEL_POLICY,3,10.38335017600184,5.787648
STAGE_MODEL_POLICY,3,10.437569420999353,5.747456
STAGE_MODEL_POLICY,3,10.491715838001255,5.747456
STAGE_MODEL_POLICY,3,10.545964251999976,5.787648
STAGE_MODEL_POLICY,3,10.600184169001295,5.707264
STAGE_MODEL_POLICY,3,10.654386622001766,5.787648
STAGE_MODEL_POLICY,3,10.70856652600196,5.787648
STAGE_MODEL_POLICY,3,10.762795525999536,5.747456
STAGE_MODEL_POLICY,3,10.816961964999791,5.82784
STAGE_MODEL_POLICY,3,10.871192468999652,5.747456
STAGE_MODEL_POLICY,3,10.92532650800058,5.787648
STAGE_MODEL_POLICY,3,10.979476060001616,5.82784
STAGE_MODEL_POLICY,3,11.033692905999487,5.747456
STAGE_MODEL_POLICY,3,11.087884900000063,5.787648
STAGE_MODEL_POLICY,3,11.142084955001337,5.787648
STAGE_MODEL_POLICY,3,11.196232555001188,5.747456
STAGE_MODEL_POLICY,3,11.250356775999535,5.787648
STAGE_MODEL_POLICY,3,11.304493054001796,5.747456
STAGE_MODEL_POLICY,3,11.35873788599929,5.747456
STAGE_MODEL_POLICY,3,11.412847298000997,5.787648
STAGE_MODEL_POLICY,3,11.467081383001641,5.716352
STAGE_MODEL_POLICY,3,11.52121248000185,5.787648
STAGE_MODEL_POLICY,3,11.575349686001573,5.787648
STAGE_MODEL_POLICY,3,11.629554761999316,5.756608
STAGE_MODEL_POLICY,3,11.683724495000206,5.787648
STAGE_MODEL_POLICY,3,11.737966033000703,5.747456
STAGE_MODEL_POLICY,3,11.792125947999011,5.747456
STAGE_MODEL_POLICY,3,11.84627111699956,5.787648
STAGE_MODEL_POLICY,3,11.90047014800075,5.707264
STAGE_MODEL_POLICY,3,11.954742614998395,5.747456
STAGE_MODEL_POLICY,3,12.008868305998476,5.787648
STAGE_MODEL_POLICY,3,12.063092444001086,5.707264
STAGE_MODEL_POLICY,3,12.117210267999326,5.787648
STAGE_MODEL_POLICY,3,12.17136029899848,5.756608
STAGE_MODEL_POLICY,3,12.225578968998889,5.747456
STAGE_MODEL_POLICY,3,12.279714702999627,5.787648
STAGE_MODEL_POLICY,3,12.333839947001252,5.716352
STAGE_MODEL_POLICY,3,12.388015502001508,5.747456
STAGE_MODEL_POLICY,3,12.44214311199903,5.747456
STAGE_MODEL_POLICY,3,12.496274848999747,5.716352
STAGE_MODEL_POLICY,3,12.550410552001267,5.747456
STAGE_MODEL_POLICY,3,12.604535380000016,5.716352
STAGE_MODEL_POLICY,3,12.658719441998983,5.707264
STAGE_MODEL_POLICY,3,12.713153682998382,5.948416
STAGE_MODEL_POLICY,3,12.767577498001629,5.82784
STAGE_MODEL_POLICY,3,12.822067070999765,5.868032
STAGE_MODEL_POLICY,3,12.876213775998622,5.868032
STAGE_MODEL_POLICY,3,12.930409928998415,5.787648
STAGE_MODEL_POLICY,3,12.984886772999744,5.82784
STAGE_MODEL_POLICY,3,13.0391398569991,5.787648
STAGE_MODEL_POLICY,3,13.093412034999346,5.787648
STAGE_MODEL_POLICY,3,13.147574316000828,5.82784
STAGE_MODEL_POLICY,3,13.20175863500117,5.747456
STAGE_MODEL_POLICY,3,13.255911096999625,5.747456
STAGE_MODEL_POLICY,3,13.310071810999943,5.787648
STAGE_MODEL_POLICY,3,13.364218195998546,5.707264
STAGE_MODEL_POLICY,3,13.418420873000287,5.747456
STAGE_MODEL_POLICY,3,13.472563708000962,5.747456
STAGE_MODEL_POLICY,3,13.526743516998977,5.707264
STAGE_MODEL_POLICY,3,13.58089233300052,5.747456
STAGE_MODEL_POLICY,3,13.63507262100029,5.667072
STAGE_MODEL_POLICY,3,13.689227290000417,5.707264
STAGE_MODEL_POLICY,3,13.743371340999147,5.747456
STAGE_MODEL_POLICY,3,13.797632613001042,5.667072
STAGE_MODEL_POLICY,3,13.851798476000113,5.747456
STAGE_MODEL_POLICY,3,13.90595461599878,5.707264
STAGE_MODEL_POLICY,3,13.960082354999031,5.707264
STAGE_MODEL_POLICY,3,14.014211820998753,5.747456
STAGE_MODEL_POLICY,3,14.06845777199851,5.667072
STAGE_MODEL_POLICY,3,14.122633614999359,5.707264
STAGE_MODEL_POLICY,3,14.17676583100183,5.747456
STAGE_MODEL_POLICY,3,14.231315438999445,5.667072
STAGE_MODEL_POLICY,3,14.285488370998792,5.707264
STAGE_MODEL_POLICY,3,14.339692615001695,5.707264
STAGE_MODEL_POLICY,3,14.393861324999307,5.667072
STAGE_MODEL_POLICY,3,14.44811309799843,5.747456
STAGE_MODEL_POLICY,3,14.502333013999305,5.667072
STAGE_MODEL_POLICY,3,14.556517299999541,5.707264
STAGE_MODEL_POLICY,3,14.610666404001677,5.747456
STAGE_MODEL_POLICY,3,14.664876629998616,5.667072
STAGE_MODEL_POLICY,3,14.719108604000212,5.747456
STAGE_MODEL_POLICY,3,14.773349374001555,5.707264
STAGE_MODEL_POLICY,3,14.82754587800082,5.707264
STAGE_MODEL_POLICY,3,14.881727894000505,5.747456
STAGE_MODEL_POLICY,3,14.935931019001146,5.707264
STAGE_MODEL_POLICY,3,14.990105262000725,5.747456
STAGE_MODEL_POLICY,3,15.04429690500183,5.787648
STAGE_MODEL_POLICY,3,15.098529006998433,5.707264
STAGE_MODEL_POLICY,3,15.152742143000069,5.747456
STAGE_MODEL_POLICY,3,15.206873687999177,5.747456
STAGE_MODEL_POLICY,3,15.261080459000368,5.707264
STAGE_MODEL_POLICY,3,15.315225564001594,5.787648
STAGE_MODEL_POLICY,3,15.369418805999885,5.707264
STAGE_MODEL_POLICY,3,15.423573219999525,5.747456
STAGE_MODEL_POLICY,3,15.47780036399854,5.787648
STAGE_MODEL_POLICY,3,15.532040367001173,5.707264
STAGE_MODEL_POLICY,3,15.586166506000154,5.787648
STAGE_MODEL_POLICY,3,15.640405357000418,5.747456
STAGE_MODEL_POLICY,3,15.694672001998697,5.747456
STAGE_MODEL_POLICY,3,15.74879913300174,5.868032
STAGE_MODEL_POLICY,3,15.803095747000043,5.908224
STAGE_MODEL_POLICY,3,15.857637551001972,5.908224
STAGE_MODEL_POLICY,3,15.912157796999963,5.948416
STAGE_MODEL_POLICY,3,15.966435029000422,5.82784
STAGE_MODEL_POLICY,3,16.02063633099897,5.868032
STAGE_MODEL_POLICY,3,16.074775360000785,5.868032
STAGE_MODEL_POLICY,3,16.12900605500181,5.82784
STAGE_MODEL_POLICY,3,16.183181641001283,5.868032
STAGE_MODEL_POLICY,3,16.23737571500169,5.787648
STAGE_MODEL_POLICY,3,16.291535340998962,5.82784
STAGE_MODEL_POLICY,3,16.345647760001157,5.868032
STAGE_MODEL_POLICY,3,16.39981298299972,5.747456
STAGE_MODEL_POLICY,3,16.454088007998507,5.82784
STAGE_MODEL_POLICY,3,16.508217377999244,5.82784
STAGE_MODEL_POLICY,3,16.562352089000342,5.747456
STAGE_MODEL_POLICY,3,16.61648216300091,5.82784
STAGE_MODEL_POLICY,3,16.670657014001335,5.747456
STAGE_MODEL_POLICY,3,16.724786894999852,5.787648
STAGE_MODEL_POLICY,3,16.778956820999156,5.82784
STAGE_MODEL_POLICY,3,16.833103141998436,5.756608
STAGE_MODEL_POLICY,3,16.887247512000613,5.787648
STAGE_MODEL_POLICY,3,16.941377809998812,5.787648
STAGE_MODEL_POLICY,3,16.99553615699915,5.747456
STAGE_MODEL_POLICY,3,17.049720538998372,5.787648
STAGE_MODEL_POLICY,3,17.103854451001098,5.747456
STAGE_MODEL_POLICY,3,17.15799958899879,5.747456
STAGE_MODEL_POLICY,3,17.212087283001893,5.787648
STAGE_MODEL_POLICY,3,17.26620549099971,5.716352
STAGE_MODEL_POLICY,3,17.320369306999055,5.747456
STAGE_MODEL_POLICY,3,17.374514572999033,5.747456
STAGE_MODEL_POLICY,3,17.428682867001044,5.716352
STAGE_MODEL_POLICY,3,17.48282039300102,5.747456
STAGE_MODEL_POLICY,3,17.536955488001695,5.716352
STAGE_MODEL_POLICY,3,17.591087033000804,5.716352
STAGE_MODEL_POLICY,3,17.64520204099972,5.787648
STAGE_MODEL_POLICY,3,17.699368576999404,5.716352
STAGE_MODEL_POLICY,3,17.753516848999425,5.756608
STAGE_MODEL_POLICY,3,17.80765053700088,5.747456
STAGE_MODEL_POLICY,3,17.861837349999405,5.716352
STAGE_MODEL_POLICY,3,17.916075848999753,5.747456
STAGE_MODEL_POLICY,3,17.970251083999756,5.716352
STAGE_MODEL_POLICY,3,18.02449553200131,5.716352
STAGE_MODEL_POLICY,3,18.078654615001142,5.787648
STAGE_MODEL_POLICY,3,18.132786542999384,5.676096
STAGE_MODEL_POLICY,3,18.1872948909986,5.756608
STAGE_MODEL_POLICY,3,18.241504124998755,5.756608
STAGE_MODEL_POLICY,3,18.29570948900073,5.676096
STAGE_MODEL_POLICY,3,18.349910150998767,5.747456
STAGE_MODEL_POLICY,3,18.40416630600157,5.716352
STAGE_MODEL_POLICY,3,18.458429400001478,5.716352
STAGE_MODEL_POLICY,3,18.512684690998867,5.747456
STAGE_MODEL_POLICY,3,18.566838368999015,5.676096
STAGE_MODEL_POLICY,3,18.621092379999027,5.707264
STAGE_MODEL_POLICY,3,18.675280759998714,5.707264
STAGE_MODEL_POLICY,3,18.729513214999315,5.676096
STAGE_MODEL_POLICY,3,18.7837661070007,5.747456
STAGE_MODEL_POLICY,3,18.838146359001257,5.82784
STAGE_MODEL_POLICY,3,18.892511643000034,5.82784
STAGE_MODEL_POLICY,3,18.946929091998754,5.868032
STAGE_MODEL_POLICY,3,19.001307937000092,5.787648
STAGE_MODEL_POLICY,3,19.055512438000733,5.787648
STAGE_MODEL_POLICY,3,19.109736544000043,5.82784
STAGE_MODEL_POLICY,3,19.163884816000063,5.747456
STAGE_MODEL_POLICY,3,19.218074955999327,5.787648
STAGE_MODEL_POLICY,3,19.2722933369987,5.747456
STAGE_MODEL_POLICY,3,19.326501419000124,5.747456
STAGE_MODEL_POLICY,3,19.38069024699871,5.787648
STAGE_MODEL_POLICY,3,19.434850609999557,5.707264
STAGE_MODEL_POLICY,3,19.489085878001788,5.747456
STAGE_MODEL_POLICY,3,19.543217550999543,5.787648
STAGE_MODEL_POLICY,3,19.59748202099945,5.707264
STAGE_MODEL_POLICY,3,19.651670752999053,5.747456
STAGE_MODEL_POLICY,3,19.705777702001797,5.747456
STAGE_MODEL_POLICY,3,19.759905312999763,5.707264
STAGE_MODEL_POLICY,3,19.814032411999506,5.787648
STAGE_MODEL_POLICY,3,19.868167218999588,5.707264
STAGE_MODEL_POLICY,3,19.922511617001874,5.747456
STAGE_MODEL_POLICY,3,19.97667121199993,5.787648
STAGE_MODEL_POLICY,3,20.030837619000522,5.707264
STAGE_MODEL_POLICY,3,20.085012182000355,5.747456
STAGE_MODEL_POLICY,3,20.139129301998764,5.747456
STAGE_MODEL_POLICY,3,20.19328681800107,5.747456
STAGE_MODEL_POLICY,3,20.247644680999656,5.787648
STAGE_MODEL_POLICY,3,20.301943790000223,5.707264
STAGE_MODEL_POLICY,3,20.356790497000475,5.747456
STAGE_MODEL_POLICY,3,20.410931989001256,5.787648
STAGE_MODEL_POLICY,3,20.465430293999816,5.716352
STAGE_MODEL_POLICY,3,20.52007335899907,5.787648
STAGE_MODEL_POLICY,3,20.574460359999648,5.787648
STAGE_MODEL_POLICY,3,20.628791515999183,5.747456
STAGE_MODEL_POLICY,3,20.682978010001534,5.787648
STAGE_MODEL_POLICY,3,20.73714489700069,5.747456
STAGE_MODEL_POLICY,3,20.79132588900029,5.747456
STAGE_MODEL_POLICY,3,20.8454704830001,5.82784
STAGE_MODEL_POLICY,3,20.89965531300186,5.747456
STAGE_MODEL_POLICY,3,20.95398458300042,5.787648
STAGE_MODEL_POLICY,3,21.008149678000336,5.787648
STAGE_MODEL_POLICY,3,21.062333740999748,5.756608
STAGE_MODEL_POLICY,3,21.116469763001078,5.787648
STAGE_MODEL_POLICY,3,21.170622960999026,5.756608
STAGE_MODEL_POLICY,3,21.224754602000758,5.756608
STAGE_MODEL_POLICY,3,21.278875592000986,5.82784
STAGE_MODEL_POLICY,3,21.33306000599987,5.756608
STAGE_MODEL_POLICY,3,21.387172263999673,5.796864
STAGE_MODEL_POLICY,3,21.441296676999627,5.796864
STAGE_MODEL_POLICY,3,21.495425790999434,5.756608
STAGE_MODEL_POLICY,3,21.549589319001825,5.787648
STAGE_MODEL_POLICY,3,21.60376030000043,5.756608
STAGE_MODEL_POLICY,3,21.65793716600092,5.756608
STAGE_MODEL_POLICY,3,21.712064585000917,5.787648
STAGE_MODEL_POLICY,3,21.766230447999988,5.716352
STAGE_MODEL_POLICY,3,21.82065755700023,5.796864
STAGE_MODEL_POLICY,3,21.874891770999966,5.82784
STAGE_MODEL_POLICY,3,21.92892793899955,5.908224
STAGE_MODEL_POLICY,3,21.983314428001904,5.948416
STAGE_MODEL_POLICY,3,22.03769189800005,5.868032
STAGE_MODEL_POLICY,3,22.092025997000746,5.868032
STAGE_MODEL_POLICY,3,22.14626123400012,5.908224
STAGE_MODEL_POLICY,3,22.200552058999165,5.787648
STAGE_MODEL_POLICY,3,22.25494481699934,5.82784
STAGE_MODEL_POLICY,3,22.309166077000555,5.82784
STAGE_MODEL_POLICY,3,22.36345546300072,5.787648
STAGE_MODEL_POLICY,3,22.417625260000932,5.82784
STAGE_MODEL_POLICY,3,22.47184565600037,5.747456
STAGE_MODEL_POLICY,3,22.526041840999824,5.747456
STAGE_MODEL_POLICY,3,22.580176232000667,5.787648
STAGE_MODEL_POLICY,3,22.634354505000374,5.707264
STAGE_MODEL_POLICY,3,22.68854569999894,5.747456
STAGE_MODEL_POLICY,3,22.74279913600185,5.787648
STAGE_MODEL_POLICY,3,22.79702007599917,5.716352
STAGE_MODEL_POLICY,3,22.851171450998663,5.747456
STAGE_MODEL_POLICY,3,22.905440335001913,5.716352
STAGE_MODEL_POLICY,3,22.95962222199887,5.707264
STAGE_MODEL_POLICY,3,23.01391643700117,5.787648
STAGE_MODEL_POLICY,3,23.0681375690001,5.716352
STAGE_MODEL_POLICY,3,23.12232063999909,5.747456
STAGE_MODEL_POLICY,3,23.176447131001623,5.747456
STAGE_MODEL_POLICY,3,23.230724811000982,5.716352
STAGE_MODEL_POLICY,3,23.28562876900105,5.747456
STAGE_MODEL_POLICY,3,23.340009660998476,5.707264
STAGE_MODEL_POLICY,3,23.394156205999025,5.716352
STAGE_MODEL_POLICY,3,23.44826405099957,5.747456
STAGE_MODEL_POLICY,3,23.50247613100146,5.676096
STAGE_MODEL_POLICY,3,23.556636654000613,5.707264
STAGE_MODEL_POLICY,3,23.610782718998962,5.747456
STAGE_MODEL_POLICY,3,23.664998700998694,5.676096
STAGE_MODEL_POLICY,3,23.719165397000324,5.707264
STAGE_MODEL_POLICY,3,23.77336234899849,5.707264
STAGE_MODEL_POLICY,3,23.827544939998916,5.707264
STAGE_MODEL_POLICY,3,23.88170108000122,5.747456
STAGE_MODEL_POLICY,3,23.935848393000924,5.667072
STAGE_MODEL_POLICY,3,23.99005027000021,5.707264
STAGE_MODEL_POLICY,3,24.044340200001898,5.747456
STAGE_MODEL_POLICY,3,24.09860985100022,5.667072
STAGE_MODEL_POLICY,3,24.15273471099863,5.707264
STAGE_MODEL_POLICY,3,24.206851863000338,5.707264
STAGE_MODEL_POLICY,3,24.261086684000475,5.707264
STAGE_MODEL_POLICY,3,24.315237579001405,5.747456
STAGE_MODEL_POLICY,3,24.369456791999255,5.667072
STAGE_MODEL_POLICY,3,24.42362319899985,5.707264
STAGE_MODEL_POLICY,3,24.47779625900148,5.747456
STAGE_MODEL_POLICY,3,24.532424930999696,5.667072
STAGE_MODEL_POLICY,3,24.586643663998984,5.707264
STAGE_MODEL_POLICY,3,24.640801691999513,5.707264
STAGE_MODEL_POLICY,3,24.6950184740017,5.707264
STAGE_MODEL_POLICY,3,24.749268678999215,5.747456
STAGE_MODEL_POLICY,3,24.803543800000625,5.707264
STAGE_MODEL_POLICY,3,24.857802129001357,5.707264
STAGE_MODEL_POLICY,3,24.91194298100163,5.787648
STAGE_MODEL_POLICY,3,24.966288435000024,5.82784
STAGE_MODEL_POLICY,3,25.021483544001967,5.868032
STAGE_MODEL_POLICY,3,25.07578210900101,5.908224
STAGE_MODEL_POLICY,3,25.130202692998864,5.82784
STAGE_MODEL_POLICY,3,25.18548358300177,5.868032
STAGE_MODEL_POLICY,3,25.24002637800004,5.82784
STAGE_MODEL_POLICY,3,25.29460659400138,5.82784
STAGE_MODEL_POLICY,3,25.349213068999234,5.82784
STAGE_MODEL_POLICY,3,25.40445525800169,5.787648
STAGE_MODEL_POLICY,3,25.458647093000764,5.787648
STAGE_MODEL_POLICY,3,25.513212691999797,5.82784
STAGE_MODEL_POLICY,3,25.567422277999867,5.747456
STAGE_MODEL_POLICY,3,25.62202101300136,5.787648
STAGE_MODEL_POLICY,3,25.676464113999828,5.82784
STAGE_MODEL_POLICY,3,25.73177410900098,5.747456
STAGE_MODEL_POLICY,3,25.786146365000604,5.787648
STAGE_MODEL_POLICY,3,25.840569060001144,5.787648
STAGE_MODEL_POLICY,3,25.896324113000446,5.747456
STAGE_MODEL_POLICY,3,25.950701805999415,5.787648
STAGE_MODEL_POLICY,3,26.00578110100105,5.787648
STAGE_MODEL_POLICY,3,26.05997587800084,5.747456
STAGE_MODEL_POLICY,3,26.114171902001544,5.82784
STAGE_MODEL_POLICY,3,26.16835730800085,5.747456
STAGE_MODEL_POLICY,3,26.222579751000012,5.787648
STAGE_MODEL_POLICY,3,26.27681220500017,5.82784
STAGE_MODEL_POLICY,3,26.331019360000937,5.756608
STAGE_MODEL_POLICY,3,26.38594430000012,5.787648
STAGE_MODEL_POLICY,3,26.440175411000382,5.787648
STAGE_MODEL_POLICY,3,26.49444618200141,5.756608
STAGE_MODEL_POLICY,3,26.54858543500086,5.787648
STAGE_MODEL_POLICY,3,26.602779092001583,5.756608
STAGE_MODEL_POLICY,3,26.65692375100116,5.747456
STAGE_MODEL_POLICY,3,26.711096458999236,5.82784
STAGE_MODEL_POLICY,3,26.765605126998707,5.716352
STAGE_MODEL_POLICY,3,26.819784519000677,5.796864
STAGE_MODEL_POLICY,3,26.873982494998927,5.756608
STAGE_MODEL_POLICY,3,26.928182709001703,5.756608
STAGE_MODEL_POLICY,3,26.982409661999554,5.787648
STAGE_MODEL_POLICY,3,27.036617169000237,5.756608
STAGE_MODEL_POLICY,3,27.090871691998473,5.747456
STAGE_MODEL_POLICY,3,27.145049965001817,5.787648
STAGE_MODEL_POLICY,3,27.199264476999815,5.716352
STAGE_MODEL_POLICY,3,27.25348244199995,5.747456
STAGE_MODEL_POLICY,3,27.307668391000334,5.747456
STAGE_MODEL_POLICY,3,27.36188536500049,5.716352
STAGE_MODEL_POLICY,3,27.416041601998586,5.787648
STAGE_MODEL_POLICY,3,27.47018997000123,5.716352
STAGE_MODEL_POLICY,3,27.52435890400011,5.756608
STAGE_MODEL_POLICY,3,27.57855672000005,5.787648
STAGE_MODEL_POLICY,3,27.632836029999453,5.676096
STAGE_MODEL_POLICY,3,27.68714591800017,5.747456
STAGE_MODEL_POLICY,3,27.74126329399951,5.747456
STAGE_MODEL_POLICY,3,27.795416204000503,5.707264
STAGE_MODEL_POLICY,3,27.849591758000315,5.747456
STAGE_MODEL_POLICY,3,27.903761107998434,5.716352
STAGE_MODEL_POLICY,3,27.95794798499992,5.716352
STAGE_MODEL_POLICY,3,28.012170811998658,5.868032
STAGE_MODEL_POLICY,3,28.066523206001875,5.82784
STAGE_MODEL_POLICY,3,28.12125416300114,5.868032
STAGE_MODEL_POLICY,3,28.175553944001877,5.868032
STAGE_MODEL_POLICY,3,28.22976487300184,5.787648
STAGE_MODEL_POLICY,3,28.28411099799996,5.82784
STAGE_MODEL_POLICY,3,28.338293781001994,5.787648
STAGE_MODEL_POLICY,3,28.392452608000895,5.787648
STAGE_MODEL_POLICY,3,28.446718102000887,5.82784
STAGE_MODEL_POLICY,3,28.50097358399944,5.707264
STAGE_MODEL_POLICY,3,28.555145780999737,5.747456
STAGE_MODEL_POLICY,3,28.609386678999726,5.787648
STAGE_MODEL_POLICY,3,28.663561882000067,5.707264
STAGE_MODEL_POLICY,3,28.717696976000298,5.747456
STAGE_MODEL_POLICY,3,28.772036288999516,5.707264
STAGE_MODEL_POLICY,3,28.826243859999522,5.707264
STAGE_MODEL_POLICY,3,28.88047529100004,5.747456
STAGE_MODEL_POLICY,3,28.934648734000803,5.667072
STAGE_MODEL_POLICY,3,28.98883657099941,5.707264
STAGE_MODEL_POLICY,3,29.043015324001317,5.747456
STAGE_MODEL_POLICY,3,29.09726914299972,5.667072
STAGE_MODEL_POLICY,3,29.151632411998435,5.747456
STAGE_MODEL_POLICY,3,29.205948632999934,5.707264
STAGE_MODEL_POLICY,3,29.260174530001677,5.707264
STAGE_MODEL_POLICY,3,29.31439719699847,5.747456
STAGE_MODEL_POLICY,3,29.368561014001898,5.667072
STAGE_MODEL_POLICY,3,29.42274664299839,5.707264
STAGE_MODEL_POLICY,3,29.47690761299964,5.747456
STAGE_MODEL_POLICY,3,29.531342334001238,5.667072
STAGE_MODEL_POLICY,3,29.5855089329998,5.747456
STAGE_MODEL_POLICY,3,29.639643164999143,5.707264
STAGE_MODEL_POLICY,3,29.69390830699922,5.707264
STAGE_MODEL_POLICY,3,29.748150388000795,5.747456
STAGE_MODEL_POLICY,3,29.80242602100043,5.707264
STAGE_MODEL_POLICY,3,29.8566853730008,5.707264
STAGE_MODEL_POLICY,3,29.910833614001604,5.787648
STAGE_MODEL_POLICY,3,29.965086058000452,5.707264
STAGE_MODEL_INFER,3,0.0005870659988431726,5.595584
STAGE_MODEL_INFER,3,0.05477260000043316,5.667072
STAGE_MODEL_INFER,3,0.10885421700004372,5.667072
STAGE_MODEL_INFER,3,0.1631676229990262,5.63584
STAGE_MODEL_INFER,3,0.21735728299972834,5.707264
STAGE_MODEL_INFER,3,0.2715438080012973,5.667072
STAGE_MODEL_INFER,3,0.3257320279990381,5.667072
STAGE_MODEL_INFER,3,0.3798448939996888,5.707264
STAGE_MODEL_INFER,3,0.434005128001445,5.63584
STAGE_MODEL_INFER,3,0.4882093409978552,5.707264
STAGE_MODEL_INFER,3,0.5423553740001807,5.707264
STAGE_MODEL_INFER,3,0.5965116429979389,5.676096
STAGE_MODEL_INFER,3,0.650710417998198,5.707264
STAGE_MODEL_INFER,3,0.7048274099979608,5.676096
STAGE_MODEL_INFER,3,0.7589914819982368,5.676096
STAGE_MODEL_INFER,3,0.8131090819988458,5.747456
STAGE_MODEL_INFER,3,0.8672590169990144,5.676096
STAGE_MODEL_INFER,3,0.9213891229992441,5.707264
STAGE_MODEL_INFER,3,0.9754922649990476,5.707264
STAGE_MODEL_INFER,3,1.0296677240003191,5.667072
STAGE_MODEL_INFER,3,1.0840127939991362,5.868032
STAGE_MODEL_INFER,3,1.1386143759991683,5.82784
STAGE_MODEL_INFER,3,1.1929476750010508,5.82784
STAGE_MODEL_INFER,3,1.2471592760011845,5.868032
STAGE_MODEL_INFER,3,1.3015150920000451,5.747456
STAGE_MODEL_INFER,3,1.355750648999674,5.787648
STAGE_MODEL_INFER,3,1.4098985380005615,5.82784
STAGE_MODEL_INFER,3,1.4644002969980647,5.747456
STAGE_MODEL_INFER,3,1.5185984649979218,5.787648
STAGE_MODEL_INFER,3,1.5728163979983947,5.747456
STAGE_MODEL_INFER,3,1.6269802469978458,5.747456
STAGE_MODEL_INFER,3,1.6811302780006372,5.787648
STAGE_MODEL_INFER,3,1.7353942679983447,5.707264
STAGE_MODEL_INFER,3,1.7895554300012009,5.747456
STAGE_MODEL_INFER,3,1.8436962499981746,5.787648
STAGE_MODEL_INFER,3,1.8978578280002694,5.707264
STAGE_MODEL_INFER,3,1.9519924749984057,5.747456
STAGE_MODEL_INFER,3,2.0062246730012703,5.747456
STAGE_MODEL_INFER,3,2.060448907999671,5.707264
STAGE_MODEL_INFER,3,2.1145802610008104,5.787648
STAGE_MODEL_INFER,3,2.168806093999592,5.707264
STAGE_MODEL_INFER,3,2.2229713819979224,5.747456
STAGE_MODEL_INFER,3,2.2771294089980074,5.787648
STAGE_MODEL_INFER,3,2.331313279999449,5.707264
STAGE_MODEL_INFER,3,2.385507704999327,5.747456
STAGE_MODEL_INFER,3,2.439680604999012,5.747456
STAGE_MODEL_INFER,3,2.493846213001234,5.747456
STAGE_MODEL_INFER,3,2.547990839000704,5.787648
STAGE_MODEL_INFER,3,2.602155134998611,5.707264
STAGE_MODEL_INFER,3,2.6563420120000956,5.747456
STAGE_MODEL_INFER,3,2.710561609001161,5.787648
STAGE_MODEL_INFER,3,2.7652506989979884,5.707264
STAGE_MODEL_INFER,3,2.819779549001396,5.787648
STAGE_MODEL_INFER,3,2.873937960001058,5.747456
STAGE_MODEL_INFER,3,2.928141947999393,5.747456
STAGE_MODEL_INFER,3,2.9824061949984753,5.787648
STAGE_MODEL_INFER,3,3.0365876979994937,5.756608
STAGE_MODEL_INFER,3,3.0908724459986843,5.747456
STAGE_MODEL_INFER,3,3.145081359998585,5.82784
STAGE_MODEL_INFER,3,3.199369211000885,5.756608
STAGE_MODEL_INFER,3,3.2537483439991775,5.787648
STAGE_MODEL_INFER,3,3.307946766999521,5.787648
STAGE_MODEL_INFER,3,3.3621821320011804,5.756608
STAGE_MODEL_INFER,3,3.4163730069994926,5.787648
STAGE_MODEL_INFER,3,3.4705947779984854,5.756608
STAGE_MODEL_INFER,3,3.5247926900010498,5.756608
STAGE_MODEL_INFER,3,3.5789777760001016,5.82784
STAGE_MODEL_INFER,3,3.6331556330005697,5.756608
STAGE_MODEL_INFER,3,3.6874731329990027,5.787648
STAGE_MODEL_INFER,3,3.7415918199985754,5.787648
STAGE_MODEL_INFER,3,3.7957726519998687,5.756608
STAGE_MODEL_INFER,3,3.850010542999371,5.787648
STAGE_MODEL_INFER,3,3.904208167001343,5.756608
STAGE_MODEL_INFER,3,3.95849473799899,5.747456
STAGE_MODEL_INFER,3,4.012638565000088,5.787648
STAGE_MODEL_INFER,3,4.06686487800107,5.716352
STAGE_MODEL_INFER,3,4.121081371999026,5.82784
STAGE_MODEL_INFER,3,4.175314722000621,5.948416
STAGE_MODEL_INFER,3,4.229870502000267,5.868032
STAGE_MODEL_INFER,3,4.2841143750010815,5.908224
STAGE_MODEL_INFER,3,4.339514244999009,5.868032
STAGE_MODEL_INFER,3,4.394687572999828,5.82784
STAGE_MODEL_INFER,3,4.448892361000617,5.868032
STAGE_MODEL_INFER,3,4.503533761999279,5.787648
STAGE_MODEL_INFER,3,4.558342567997897,5.787648
STAGE_MODEL_INFER,3,4.6129892469980405,5.82784
STAGE_MODEL_INFER,3,4.667517009998846,5.747456
STAGE_MODEL_INFER,3,4.722454230999574,5.787648
STAGE_MODEL_INFER,3,4.776621246001014,5.787648
STAGE_MODEL_INFER,3,4.831062043998827,5.747456
STAGE_MODEL_INFER,3,4.88710348099994,5.787648
STAGE_MODEL_INFER,3,4.941277788999287,5.747456
STAGE_MODEL_INFER,3,4.995481041998573,5.747456
STAGE_MODEL_INFER,3,5.049591125000006,5.787648
STAGE_MODEL_INFER,3,5.103740132999519,5.716352
STAGE_MODEL_INFER,3,5.158335125997837,5.747456
STAGE_MODEL_INFER,3,5.213424112000212,5.787648
STAGE_MODEL_INFER,3,5.267608845999348,5.707264
STAGE_MODEL_INFER,3,5.3218883800000185,5.747456
STAGE_MODEL_INFER,3,5.376104586997826,5.747456
STAGE_MODEL_INFER,3,5.4302949820012145,5.707264
STAGE_MODEL_INFER,3,5.4850915700008045,5.747456
STAGE_MODEL_INFER,3,5.539540908001072,5.707264
STAGE_MODEL_INFER,3,5.593889208001201,5.707264
STAGE_MODEL_INFER,3,5.648051297001075,5.747456
STAGE_MODEL_INFER,3,5.702302302001044,5.667072
STAGE_MODEL_INFER,3,5.756502868000098,5.707264
STAGE_MODEL_INFER,3,5.81070001199987,5.747456
STAGE_MODEL_INFER,3,5.86490288099958,5.667072
STAGE_MODEL_INFER,3,5.91913757400107,5.707264
STAGE_MODEL_INFER,3,5.973310057997878,5.707264
STAGE_MODEL_INFER,3,6.027524569999514,5.667072
STAGE_MODEL_INFER,3,6.081736042000557,5.747456
STAGE_MODEL_INFER,3,6.136032784001145,5.667072
STAGE_MODEL_INFER,3,6.190273778000119,5.707264
STAGE_MODEL_INFER,3,6.2445953719980025,5.747456
STAGE_MODEL_INFER,3,6.298920003999228,5.667072
STAGE_MODEL_INFER,3,6.353451349001261,5.707264
STAGE_MODEL_INFER,3,6.407616412998323,5.707264
STAGE_MODEL_INFER,3,6.461804696999025,5.667072
STAGE_MODEL_INFER,3,6.51596298000004,5.747456
STAGE_MODEL_INFER,3,6.57021545599855,5.667072
STAGE_MODEL_INFER,3,6.624416949998704,5.707264
STAGE_MODEL_INFER,3,6.678665171999455,5.747456
STAGE_MODEL_INFER,3,6.732926156000758,5.667072
STAGE_MODEL_INFER,3,6.787482960000489,5.707264
STAGE_MODEL_INFER,3,6.841802154998732,5.747456
STAGE_MODEL_INFER,3,6.896067169000162,5.707264
STAGE_MODEL_INFER,3,6.950240645001031,5.747456
STAGE_MODEL_INFER,3,7.004467949998798,5.707264
STAGE_MODEL_INFER,3,7.059056673999294,5.707264
STAGE_MODEL_INFER,3,7.114653692999127,5.747456
STAGE_MODEL_INFER,3,7.168939816998318,5.707264
STAGE_MODEL_INFER,3,7.223219606999919,5.868032
STAGE_MODEL_INFER,3,7.277524793000339,5.908224
STAGE_MODEL_INFER,3,7.331897816999117,5.82784
STAGE_MODEL_INFER,3,7.38614926900118,5.868032
STAGE_MODEL_INFER,3,7.440760638000938,5.82784
STAGE_MODEL_INFER,3,7.495309221998468,5.787648
STAGE_MODEL_INFER,3,7.549636316998658,5.82784
STAGE_MODEL_INFER,3,7.603823289999127,5.787648
STAGE_MODEL_INFER,3,7.657987777998642,5.787648
STAGE_MODEL_INFER,3,7.712157895999553,5.868032
STAGE_MODEL_INFER,3,7.766398441999627,5.747456
STAGE_MODEL_INFER,3,7.82063396599915,5.787648
STAGE_MODEL_INFER,3,7.874745073000668,5.787648
STAGE_MODEL_INFER,3,7.928933581999445,5.747456
STAGE_MODEL_INFER,3,7.983104946000822,5.82784
STAGE_MODEL_INFER,3,8.037269306998496,5.747456
STAGE_MODEL_INFER,3,8.091412812998897,5.787648
STAGE_MODEL_INFER,3,8.145523856001091,5.82784
STAGE_MODEL_INFER,3,8.199671489001048,5.747456
STAGE_MODEL_INFER,3,8.253905318000761,5.787648
STAGE_MODEL_INFER,3,8.308445778999157,5.787648
STAGE_MODEL_INFER,3,8.362719204000314,5.747456
STAGE_MODEL_INFER,3,8.41688653899837,5.82784
STAGE_MODEL_INFER,3,8.471093854001083,5.747456
STAGE_MODEL_INFER,3,8.525250570000935,5.787648
STAGE_MODEL_INFER,3,8.579394173000765,5.82784
STAGE_MODEL_INFER,3,8.634015872001328,5.716352
STAGE_MODEL_INFER,3,8.688210520998837,5.787648
STAGE_MODEL_INFER,3,8.742352524997841,5.787648
STAGE_MODEL_INFER,3,8.796506681999745,5.747456
STAGE_MODEL_INFER,3,8.850657640999998,5.787648
STAGE_MODEL_INFER,3,8.904808631999913,5.747456
STAGE_MODEL_INFER,3,8.958968769999046,5.747456
STAGE_MODEL_INFER,3,9.01310453699989,5.787648
STAGE_MODEL_INFER,3,9.067285208999238,5.716352
STAGE_MODEL_INFER,3,9.121541011998488,5.747456
STAGE_MODEL_INFER,3,9.175705755998933,5.747456
STAGE_MODEL_INFER,3,9.229846639998868,5.707264
STAGE_MODEL_INFER,3,9.284095629998774,5.787648
STAGE_MODEL_INFER,3,9.338275981997867,5.747456
STAGE_MODEL_INFER,3,9.392468327998358,5.747456
STAGE_MODEL_INFER,3,9.446614616997977,5.787648
STAGE_MODEL_INFER,3,9.5007970810002,5.716352
STAGE_MODEL_INFER,3,9.554992082001263,5.747456
STAGE_MODEL_INFER,3,9.609115406001365,5.747456
STAGE_MODEL_INFER,3,9.663252451999142,5.716352
STAGE_MODEL_INFER,3,9.717342257998098,5.747456
STAGE_MODEL_INFER,3,9.77146004899987,5.716352
STAGE_MODEL_INFER,3,9.825612159998855,5.716352
STAGE_MODEL_INFER,3,9.879739994001284,5.787648
STAGE_MODEL_INFER,3,9.933875249000266,5.676096
STAGE_MODEL_INFER,3,9.98802521700054,5.747456
STAGE_MODEL_INFER,3,10.042123465998884,5.747456
STAGE_MODEL_INFER,3,10.096280406000005,5.716352
STAGE_MODEL_INFER,3,10.150391609000508,5.747456
STAGE_MODEL_INFER,3,10.2045059459997,5.716352
STAGE_MODEL_INFER,3,10.258650635998492,5.787648
STAGE_MODEL_INFER,3,10.313255352000851,5.908224
STAGE_MODEL_INFER,3,10.367788616000325,5.82784
STAGE_MODEL_INFER,3,10.422088300998439,5.868032
STAGE_MODEL_INFER,3,10.47635990300114,5.868032
STAGE_MODEL_INFER,3,10.530560021998099,5.787648
STAGE_MODEL_INFER,3,10.584795930000837,5.82784
STAGE_MODEL_INFER,3,10.63897116500084,5.787648
STAGE_MODEL_INFER,3,10.693141953997838,5.787648
STAGE_MODEL_INFER,3,10.747532216999389,5.82784
STAGE_MODEL_INFER,3,10.801903354000387,5.707264
STAGE_MODEL_INFER,3,10.856189572998119,5.747456
STAGE_MODEL_INFER,3,10.9104456319983,5.787648
STAGE_MODEL_INFER,3,10.964607368998259,5.707264
STAGE_MODEL_INFER,3,11.018780045000312,5.747456
STAGE_MODEL_INFER,3,11.073025068999414,5.707264
STAGE_MODEL_INFER,3,11.127211914001236,5.707264
STAGE_MODEL_INFER,3,11.18142178799826,5.747456
STAGE_MODEL_INFER,3,11.2356027479982,5.667072
STAGE_MODEL_INFER,3,11.289815820000513,5.707264
STAGE_MODEL_INFER,3,11.343987439999182,5.747456
STAGE_MODEL_INFER,3,11.398269630000868,5.707264
STAGE_MODEL_INFER,3,11.452669903999777,5.747456
STAGE_MODEL_INFER,3,11.506877122999867,5.747456
STAGE_MODEL_INFER,3,11.561080343999492,5.707264
STAGE_MODEL_INFER,3,11.615199765998113,5.747456
STAGE_MODEL_INFER,3,11.66942847899918,5.707264
STAGE_MODEL_INFER,3,11.723698162000801,5.707264
STAGE_MODEL_INFER,3,11.77790637200087,5.787648
STAGE_MODEL_INFER,3,11.832183763999637,5.707264
STAGE_MODEL_INFER,3,11.886398850998376,5.747456
STAGE_MODEL_INFER,3,11.94055515099899,5.747456
STAGE_MODEL_INFER,3,11.994788085001346,5.707264
STAGE_MODEL_INFER,3,12.048941922999802,5.787648
STAGE_MODEL_INFER,3,12.103370054999687,5.747456
STAGE_MODEL_INFER,3,12.157543883000471,5.747456
STAGE_MODEL_INFER,3,12.211713744000008,5.82784
STAGE_MODEL_INFER,3,12.265962157998729,5.707264
STAGE_MODEL_INFER,3,12.320183674000873,5.787648
STAGE_MODEL_INFER,3,12.374406789000204,5.787648
STAGE_MODEL_INFER,3,12.428580361000058,5.747456
STAGE_MODEL_INFER,3,12.48276567100038,5.787648
STAGE_MODEL_INFER,3,12.536998732000939,5.747456
STAGE_MODEL_INFER,3,12.591202273000818,5.747456
STAGE_MODEL_INFER,3,12.645374980998895,5.82784
STAGE_MODEL_INFER,3,12.69963024000026,5.707264
STAGE_MODEL_INFER,3,12.753930628001399,5.787648
STAGE_MODEL_INFER,3,12.808122590999119,5.787648
STAGE_MODEL_INFER,3,12.862405930998648,5.747456
STAGE_MODEL_INFER,3,12.916576719999284,5.787648
STAGE_MODEL_INFER,3,12.97080380099942,5.747456
STAGE_MODEL_INFER,3,13.02498421799828,5.747456
STAGE_MODEL_INFER,3,13.07912986700103,5.82784
STAGE_MODEL_INFER,3,13.13329684999917,5.716352
STAGE_MODEL_INFER,3,13.187516510999558,5.787648
STAGE_MODEL_INFER,3,13.241731885998888,5.787648
STAGE_MODEL_INFER,3,13.296000705999177,5.747456
STAGE_MODEL_INFER,3,13.350393336000707,5.948416
STAGE_MODEL_INFER,3,13.404688127000554,5.908224
STAGE_MODEL_INFER,3,13.459135992998199,5.908224
STAGE_MODEL_INFER,3,13.513318008997885,5.948416
STAGE_MODEL_INFER,3,13.56749628200123,5.82784
STAGE_MODEL_INFER,3,13.62177907899968,5.868032
STAGE_MODEL_INFER,3,13.67600104200028,5.868032
STAGE_MODEL_INFER,3,13.730160860999604,5.787648
STAGE_MODEL_INFER,3,13.784390277000057,5.82784
STAGE_MODEL_INFER,3,13.83861252800125,5.787648
STAGE_MODEL_INFER,3,13.892842199998995,5.787648
STAGE_MODEL_INFER,3,13.946982795998338,5.82784
STAGE_MODEL_INFER,3,14.0011691289983,5.747456
STAGE_MODEL_INFER,3,14.05538693500057,5.787648
STAGE_MODEL_INFER,3,14.109567734998564,5.787648
STAGE_MODEL_INFER,3,14.163836841999,5.747456
STAGE_MODEL_INFER,3,14.217984922997857,5.787648
STAGE_MODEL_INFER,3,14.27215494399934,5.747456
STAGE_MODEL_INFER,3,14.326418615000875,5.747456
STAGE_MODEL_INFER,3,14.380581024001003,5.787648
STAGE_MODEL_INFER,3,14.434785236000607,5.716352
STAGE_MODEL_INFER,3,14.489191970998945,5.747456
STAGE_MODEL_INFER,3,14.543340723997972,5.787648
STAGE_MODEL_INFER,3,14.597657263999281,5.707264
STAGE_MODEL_INFER,3,14.6518536399999,5.747456
STAGE_MODEL_INFER,3,14.706050016000518,5.747456
STAGE_MODEL_INFER,3,14.760229217001324,5.716352
STAGE_MODEL_INFER,3,14.814490168999328,5.787648
STAGE_MODEL_INFER,3,14.868686736997915,5.716352
STAGE_MODEL_INFER,3,14.92288660000122,5.756608
STAGE_MODEL_INFER,3,14.977058251999551,5.747456
STAGE_MODEL_INFER,3,15.031342328999017,5.716352
STAGE_MODEL_INFER,3,15.085724084001413,5.756608
STAGE_MODEL_INFER,3,15.139989033999882,5.716352
STAGE_MODEL_INFER,3,15.194183779000014,5.716352
STAGE_MODEL_INFER,3,15.248380475000886,5.747456
STAGE_MODEL_INFER,3,15.302629240999522,5.676096
STAGE_MODEL_INFER,3,15.35680697099815,5.747456
STAGE_MODEL_INFER,3,15.41107969299992,5.787648
STAGE_MODEL_INFER,3,15.465349568999954,5.707264
STAGE_MODEL_INFER,3,15.519799834000878,5.747456
STAGE_MODEL_INFER,3,15.57400318299915,5.707264
STAGE_MODEL_INFER,3,15.628202372998203,5.707264
STAGE_MODEL_INFER,3,15.68242132999876,5.747456
STAGE_MODEL_INFER,3,15.73657654300041,5.667072
STAGE_MODEL_INFER,3,15.790746244998445,5.707264
STAGE_MODEL_INFER,3,15.844951289000164,5.747456
STAGE_MODEL_INFER,3,15.899149199998647,5.667072
STAGE_MODEL_INFER,3,15.953363296001044,5.747456
STAGE_MODEL_INFER,3,16.007484701000067,5.707264
STAGE_MODEL_INFER,3,16.061645159999898,5.707264
STAGE_MODEL_INFER,3,16.115779199000826,5.747456
STAGE_MODEL_INFER,3,16.169957567999518,5.667072
STAGE_MODEL_INFER,3,16.224133154999436,5.707264
STAGE_MODEL_INFER,3,16.278409170998202,5.787648
STAGE_MODEL_INFER,3,16.33282268699986,5.787648
STAGE_MODEL_INFER,3,16.387361675999273,5.988608
STAGE_MODEL_INFER,3,16.441972980999708,6.0192
STAGE_MODEL_INFER,3,16.49647669099795,5.948416
STAGE_MODEL_INFER,3,16.550663120000536,5.988608
STAGE_MODEL_INFER,3,16.604858408998552,5.908224
STAGE_MODEL_INFER,3,16.659077749998687,5.908224
STAGE_MODEL_INFER,3,16.71322199199858,5.948416
STAGE_MODEL_INFER,3,16.767444819000957,5.82784
STAGE_MODEL_INFER,3,16.82164173899946,5.868032
STAGE_MODEL_INFER,3,16.875879982999322,5.868032
STAGE_MODEL_INFER,3,16.930686900999717,5.82784
STAGE_MODEL_INFER,3,16.985130929999286,5.868032
STAGE_MODEL_INFER,3,17.039363608000713,5.82784
STAGE_MODEL_INFER,3,17.093581348999578,5.82784
STAGE_MODEL_INFER,3,17.147776925998187,5.868032
STAGE_MODEL_INFER,3,17.201941573999648,5.787648
STAGE_MODEL_INFER,3,17.256736562998412,5.82784
STAGE_MODEL_INFER,3,17.312010191999434,5.868032
STAGE_MODEL_INFER,3,17.36645418899934,5.747456
STAGE_MODEL_INFER,3,17.42085878099897,5.82784
STAGE_MODEL_INFER,3,17.47510549999788,5.82784
STAGE_MODEL_INFER,3,17.529262248001032,5.787648
STAGE_MODEL_INFER,3,17.58339020999847,5.82784
STAGE_MODEL_INFER,3,17.63773243399919,5.787648
STAGE_MODEL_INFER,3,17.692049101999146,5.787648
STAGE_MODEL_INFER,3,17.746205018000182,5.82784
STAGE_MODEL_INFER,3,17.800414827997884,5.756608
STAGE_MODEL_INFER,3,17.85551088200009,5.796864
STAGE_MODEL_INFER,3,17.90996796000036,5.787648
STAGE_MODEL_INFER,3,17.964319331000297,5.756608
STAGE_MODEL_INFER,3,18.019513415998517,5.787648
STAGE_MODEL_INFER,3,18.073982998997963,5.796864
STAGE_MODEL_INFER,3,18.12848479099921,5.756608
STAGE_MODEL_INFER,3,18.183285760998842,5.787648
STAGE_MODEL_INFER,3,18.237606011000025,5.756608
STAGE_MODEL_INFER,3,18.29226545200072,5.756608
STAGE_MODEL_INFER,3,18.346459076998144,5.787648
STAGE_MODEL_INFER,3,18.40096141200047,5.716352
STAGE_MODEL_INFER,3,18.45550750199982,5.747456
STAGE_MODEL_INFER,3,18.509970464998332,5.787648
STAGE_MODEL_INFER,3,18.565343403999577,5.716352
STAGE_MODEL_INFER,3,18.619499065000127,5.787648
STAGE_MODEL_INFER,3,18.674009332000423,5.787648
STAGE_MODEL_INFER,3,18.72820027099806,5.747456
STAGE_MODEL_INFER,3,18.782420602998172,5.787648
STAGE_MODEL_INFER,3,18.836957192997943,5.756608
STAGE_MODEL_INFER,3,18.89113492300021,5.747456
STAGE_MODEL_INFER,3,18.945652514998073,5.787648
STAGE_MODEL_INFER,3,19.000263915000687,5.716352
STAGE_MODEL_INFER,3,19.05465875200025,5.747456
STAGE_MODEL_INFER,3,19.109149445001094,5.787648
STAGE_MODEL_INFER,3,19.16477409900108,5.716352
STAGE_MODEL_INFER,3,19.219018546998996,5.747456
STAGE_MODEL_INFER,3,19.273214347998874,5.756608
STAGE_MODEL_INFER,3,19.327590249999048,5.716352
STAGE_MODEL_INFER,3,19.38233169799787,5.787648
STAGE_MODEL_INFER,3,19.43646672899922,5.747456
STAGE_MODEL_INFER,3,19.49089303800065,5.908224
STAGE_MODEL_INFER,3,19.54523193500063,5.948416
STAGE_MODEL_INFER,3,19.599864477000665,5.82784
STAGE_MODEL_INFER,3,19.65408356199987,5.868032
STAGE_MODEL_INFER,3,19.708482396999898,5.868032
STAGE_MODEL_INFER,3,19.762760811998305,5.787648
STAGE_MODEL_INFER,3,19.816958307997993,5.82784
STAGE_MODEL_INFER,3,19.87163300500106,5.787648
STAGE_MODEL_INFER,3,19.926363737999054,5.787648
STAGE_MODEL_INFER,3,19.980526307001128,5.82784
STAGE_MODEL_INFER,3,20.035065616000793,5.747456
STAGE_MODEL_INFER,3,20.089656003001437,5.787648
STAGE_MODEL_INFER,3,20.143792824997945,5.787648
STAGE_MODEL_INFER,3,20.198579145999247,5.707264
STAGE_MODEL_INFER,3,20.25308554300136,5.787648
STAGE_MODEL_INFER,3,20.30727485099851,5.747456
STAGE_MODEL_INFER,3,20.361487026999384,5.707264
STAGE_MODEL_INFER,3,20.415674735999346,5.787648
STAGE_MODEL_INFER,3,20.4699408689994,5.707264
STAGE_MODEL_INFER,3,20.52415662799831,5.747456
STAGE_MODEL_INFER,3,20.578364773999056,5.787648
STAGE_MODEL_INFER,3,20.632852397000534,5.707264
STAGE_MODEL_INFER,3,20.68714411700057,5.747456
STAGE_MODEL_INFER,3,20.741308605000086,5.747456
STAGE_MODEL_INFER,3,20.795463850001397,5.707264
STAGE_MODEL_INFER,3,20.84959353999875,5.747456
STAGE_MODEL_INFER,3,20.903753261998645,5.707264
STAGE_MODEL_INFER,3,20.95790233400112,5.707264
STAGE_MODEL_INFER,3,21.012019390000205,5.787648
STAGE_MODEL_INFER,3,21.06622910399892,5.707264
STAGE_MODEL_INFER,3,21.1204813559998,5.747456
STAGE_MODEL_INFER,3,21.174643285998172,5.747456
STAGE_MODEL_INFER,3,21.228800001998025,5.707264
STAGE_MODEL_INFER,3,21.282933178001258,5.787648
STAGE_MODEL_INFER,3,21.337101344000985,5.707264
STAGE_MODEL_INFER,3,21.391285726000206,5.747456
STAGE_MODEL_INFER,3,21.445469277001393,5.787648
STAGE_MODEL_INFER,3,21.49970451400077,5.707264
STAGE_MODEL_INFER,3,21.55410964999828,5.747456
STAGE_MODEL_INFER,3,21.608282804998453,5.787648
STAGE_MODEL_INFER,3,21.6625005149981,5.747456
STAGE_MODEL_INFER,3,21.716720878997876,5.787648
STAGE_MODEL_INFER,3,21.7709303369993,5.747456
STAGE_MODEL_INFER,3,21.825120636000065,5.747456
STAGE_MODEL_INFER,3,21.87928861099863,5.787648
STAGE_MODEL_INFER,3,21.933506639998086,5.707264
STAGE_MODEL_INFER,3,21.988199695999356,5.787648
STAGE_MODEL_INFER,3,22.04247014700013,5.787648
STAGE_MODEL_INFER,3,22.096682930998213,5.747456
STAGE_MODEL_INFER,3,22.150798483999097,5.787648
STAGE_MODEL_INFER,3,22.204990285998065,5.747456
STAGE_MODEL_INFER,3,22.25918049000029,5.747456
STAGE_MODEL_INFER,3,22.31331817499813,5.82784
STAGE_MODEL_INFER,3,22.367486245999316,5.716352
STAGE_MODEL_INFER,3,22.421761845998844,5.787648
STAGE_MODEL_INFER,3,22.475961133000965,5.787648
STAGE_MODEL_INFER,3,22.530362622997927,5.868032
STAGE_MODEL_INFER,3,22.584853891999956,5.948416
STAGE_MODEL_INFER,3,22.63927316400077,5.908224
STAGE_MODEL_INFER,3,22.693531812998117,5.868032
STAGE_MODEL_INFER,3,22.747793532998912,5.908224
STAGE_MODEL_INFER,3,22.801977786999487,5.82784
STAGE_MODEL_INFER,3,22.856142435000947,5.868032
STAGE_MODEL_INFER,3,22.91028782899957,5.868032
STAGE_MODEL_INFER,3,22.964474225998856,5.787648
STAGE_MODEL_INFER,3,23.018735369998467,5.82784
STAGE_MODEL_INFER,3,23.072929668000143,5.82784
STAGE_MODEL_INFER,3,23.12711542499892,5.787648
STAGE_MODEL_INFER,3,23.181255317998875,5.82784
STAGE_MODEL_INFER,3,23.23538184100107,5.747456
STAGE_MODEL_INFER,3,23.28956228899915,5.787648
STAGE_MODEL_INFER,3,23.343734740999935,5.82784
STAGE_MODEL_INFER,3,23.397941320999962,5.747456
STAGE_MODEL_INFER,3,23.452150394001364,5.787648
STAGE_MODEL_INFER,3,23.506405748998077,5.747456
STAGE_MODEL_INFER,3,23.56058223099899,5.756608
STAGE_MODEL_INFER,3,23.614741921999666,5.787648
STAGE_MODEL_INFER,3,23.669217006998224,5.716352
STAGE_MODEL_INFER,3,23.72346366200145,5.747456
STAGE_MODEL_INFER,3,23.77762050599995,5.787648
STAGE_MODEL_INFER,3,23.83201572699909,5.707264
STAGE_MODEL_INFER,3,23.887598705001437,5.747456
STAGE_MODEL_INFER,3,23.942325791998883,5.787648
STAGE_MODEL_INFER,3,23.997152956999344,5.707264
STAGE_MODEL_INFER,3,24.051304140000866,5.747456
STAGE_MODEL_INFER,3,24.105476143999113,5.716352
STAGE_MODEL_INFER,3,24.159628287001397,5.707264
STAGE_MODEL_INFER,3,24.213763732997904,5.787648
STAGE_MODEL_INFER,3,24.26790816799985,5.716352
STAGE_MODEL_INFER,3,24.32209015099943,5.747456
STAGE_MODEL_INFER,3,24.37619741999879,5.747456
STAGE_MODEL_INFER,3,24.43095342000015,5.716352
STAGE_MODEL_INFER,3,24.485583115998452,5.747456
STAGE_MODEL_INFER,3,24.539803928000765,5.716352
STAGE_MODEL_INFER,3,24.594068941998557,5.707264
STAGE_MODEL_INFER,3,24.648195497000415,5.787648
STAGE_MODEL_INFER,3,24.702502569998614,5.707264
STAGE_MODEL_INFER,3,24.756776474998333,5.747456
STAGE_MODEL_INFER,3,24.810986860000412,5.787648
STAGE_MODEL_INFER,3,24.865133757000876,5.707264
STAGE_MODEL_INFER,3,24.919715732998156,5.747456
STAGE_MODEL_INFER,3,24.97391681099907,5.747456
STAGE_MODEL_INFER,3,25.028136470999016,5.707264
STAGE_MODEL_INFER,3,25.082257524998568,5.747456
STAGE_MODEL_INFER,3,25.136412481999287,5.707264
STAGE_MODEL_INFER,3,25.190563729000132,5.707264
STAGE_MODEL_INFER,3,25.244689357001334,5.787648
STAGE_MODEL_INFER,3,25.29884089099869,5.667072
STAGE_MODEL_INFER,3,25.353109422998386,5.747456
STAGE_MODEL_INFER,3,25.407260510000924,5.707264
STAGE_MODEL_INFER,3,25.461451641000167,5.707264
STAGE_MODEL_INFER,3,25.515567481998005,5.747456
STAGE_MODEL_INFER,3,25.569735135999508,5.747456
STAGE_MODEL_INFER,3,25.6240338610005,5.868032
STAGE_MODEL_INFER,3,25.67873945500105,5.908224
STAGE_MODEL_INFER,3,25.733036740999523,5.787648
STAGE_MODEL_INFER,3,25.78752832900136,5.82784
STAGE_MODEL_INFER,3,25.841750036997837,5.82784
STAGE_MODEL_INFER,3,25.895914237000397,5.787648
STAGE_MODEL_INFER,3,25.950051826999697,5.82784
STAGE_MODEL_INFER,3,26.00426528299795,5.787648
STAGE_MODEL_INFER,3,26.058430601999135,5.787648
STAGE_MODEL_INFER,3,26.112608396000724,5.82784
STAGE_MODEL_INFER,3,26.166876767998474,5.747456
STAGE_MODEL_INFER,3,26.221760512999026,5.787648
STAGE_MODEL_INFER,3,26.276320195000153,5.787648
STAGE_MODEL_INFER,3,26.33052328800113,5.747456
STAGE_MODEL_INFER,3,26.384666698999354,5.787648
STAGE_MODEL_INFER,3,26.438842892999673,5.747456
STAGE_MODEL_INFER,3,26.493073268000444,5.747456
STAGE_MODEL_INFER,3,26.54719122000097,5.82784
STAGE_MODEL_INFER,3,26.601340612000058,5.747456
STAGE_MODEL_INFER,3,26.655477944997983,5.787648
STAGE_MODEL_INFER,3,26.709663798999827,5.82784
STAGE_MODEL_INFER,3,26.764040277001186,5.787648
STAGE_MODEL_INFER,3,26.818377895000594,5.82784
STAGE_MODEL_INFER,3,26.872622726998088,5.787648
STAGE_MODEL_INFER,3,26.926862600997993,5.787648
STAGE_MODEL_INFER,3,26.981124288999126,5.82784
STAGE_MODEL_INFER,3,27.035313788001076,5.747456
STAGE_MODEL_INFER,3,27.089565944999777,5.787648
STAGE_MODEL_INFER,3,27.143724995999946,5.82784
STAGE_MODEL_INFER,3,27.197893193999334,5.747456
STAGE_MODEL_INFER,3,27.25237064599787,5.787648
STAGE_MODEL_INFER,3,27.306697324998822,5.787648
STAGE_MODEL_INFER,3,27.36184106699875,5.747456
STAGE_MODEL_INFER,3,27.41603552399829,5.82784
STAGE_MODEL_INFER,3,27.470262126000307,5.747456
STAGE_MODEL_INFER,3,27.5244564229979,5.787648
STAGE_MODEL_INFER,3,27.57863626299877,5.82784
STAGE_MODEL_INFER,3,27.632785783000145,5.747456
STAGE_MODEL_INFER,3,27.68710673700116,5.787648
STAGE_MODEL_INFER,3,27.741219218998594,5.787648
STAGE_MODEL_INFER,3,27.79542483899786,5.747456
STAGE_MODEL_INFER,3,27.84956281199993,5.787648
STAGE_MODEL_INFER,3,27.903784935999283,5.747456
STAGE_MODEL_INFER,3,27.95799113099929,5.747456
STAGE_MODEL_INFER,3,28.01212680200115,5.82784
STAGE_MODEL_INFER,3,28.066307601999142,5.707264
STAGE_MODEL_INFER,3,28.12075434899816,5.747456
STAGE_MODEL_INFER,3,28.17491333599901,5.747456
STAGE_MODEL_INFER,3,28.229101331999118,5.707264
STAGE_MODEL_INFER,3,28.283246885999688,5.787648
STAGE_MODEL_INFER,3,28.33741690700117,5.716352
STAGE_MODEL_INFER,3,28.391587024998444,5.707264
STAGE_MODEL_INFER,3,28.44581445699805,5.787648
STAGE_MODEL_INFER,3,28.500051676997828,5.676096
STAGE_MODEL_INFER,3,28.554255729999568,5.747456
STAGE_MODEL_INFER,3,28.608448587998282,5.747456
STAGE_MODEL_INFER,3,28.662552081998,5.82784
STAGE_MODEL_INFER,3,28.716814985000383,5.908224
STAGE_MODEL_INFER,3,28.77123636900069,5.82784
STAGE_MODEL_INFER,3,28.825465368998266,5.82784
STAGE_MODEL_INFER,3,28.87959102899913,5.868032
STAGE_MODEL_INFER,3,28.933792585998162,5.787648
STAGE_MODEL_INFER,3,28.988075287001266,5.82784
STAGE_MODEL_INFER,3,29.04223555399949,5.82784
STAGE_MODEL_INFER,3,29.096452527999645,5.747456
STAGE_MODEL_INFER,3,29.150613785001042,5.82784
STAGE_MODEL_INFER,3,29.204806674999418,5.747456
STAGE_MODEL_INFER,3,29.25895533199946,5.747456
STAGE_MODEL_INFER,3,29.313122409999778,5.787648
STAGE_MODEL_INFER,3,29.367249540999182,5.707264
STAGE_MODEL_INFER,3,29.421437217999483,5.747456
STAGE_MODEL_INFER,3,29.47569199699865,5.747456
STAGE_MODEL_INFER,3,29.52988389500024,5.707264
STAGE_MODEL_INFER,3,29.583995386001334,5.747456
STAGE_MODEL_INFER,3,29.63814464999814,5.707264
STAGE_MODEL_INFER,3,29.692348382999626,5.707264
STAGE_MODEL_INFER,3,29.746554482000647,5.787648
STAGE_MODEL_INFER,3,29.800770368001395,5.707264
STAGE_MODEL_INFER,3,29.855024923999736,5.747456
STAGE_MODEL_INFER,3,29.909189475998573,5.747456
STAGE_MODEL_INFER,3,29.963344273000985,5.707264
STAGE_MODEL_THRESHOLD,3,0.0005982289985695388,5.62688
STAGE_MODEL_THRESHOLD,3,0.05475772799763945,5.667072
STAGE_MODEL_THRESHOLD,3,0.10883387599824346,5.667072
STAGE_MODEL_THRESHOLD,3,0.1630022029967222,5.62688
STAGE_MODEL_THRESHOLD,3,0.2171434699994279,5.667072
STAGE_MODEL_THRESHOLD,3,0.27130799099904834,5.62688
STAGE_MODEL_THRESHOLD,3,0.325513833999139,5.62688
STAGE_MODEL_THRESHOLD,3,0.37968906899914145,5.707264
STAGE_MODEL_THRESHOLD,3,0.43390553099743556,5.62688
STAGE_MODEL_THRESHOLD,3,0.4880651259991282,5.667072
STAGE_MODEL_THRESHOLD,3,0.5421778959971562,5.707264
STAGE_MODEL_THRESHOLD,3,0.5964203929979703,5.667072
STAGE_MODEL_THRESHOLD,3,0.6506041679967893,5.707264
STAGE_MODEL_THRESHOLD,3,0.70472499799871,5.667072
STAGE_MODEL_THRESHOLD,3,0.7588874069988378,5.707264
STAGE_MODEL_THRESHOLD,3,0.813032640999154,5.747456
STAGE_MODEL_THRESHOLD,3,0.8672025979976752,5.667072
STAGE_MODEL_THRESHOLD,3,0.9213831739980378,5.707264
STAGE_MODEL_THRESHOLD,3,0.9755166699978872,5.707264
STAGE_MODEL_THRESHOLD,3,1.0296949109979323,5.667072
STAGE_MODEL_THRESHOLD,3,1.0838135029989644,5.747456
STAGE_MODEL_THRESHOLD,3,1.137949268999364,5.707264
STAGE_MODEL_THRESHOLD,3,1.1921256549976533,5.707264
STAGE_MODEL_THRESHOLD,3,1.2463170099981653,5.747456
STAGE_MODEL_THRESHOLD,3,1.3004704319973825,5.667072
STAGE_MODEL_THRESHOLD,3,1.3546310819983773,5.747456
STAGE_MODEL_THRESHOLD,3,1.4087438199967437,5.747456
STAGE_MODEL_THRESHOLD,3,1.4630376839995733,5.707264
STAGE_MODEL_THRESHOLD,3,1.5172008609988552,5.787648
STAGE_MODEL_THRESHOLD,3,1.5714887429967348,5.82784
STAGE_MODEL_THRESHOLD,3,1.6260251409985358,5.898816
STAGE_MODEL_THRESHOLD,3,1.6805464749995735,6.059328
STAGE_MODEL_THRESHOLD,3,1.734780751998187,6.059328
STAGE_MODEL_THRESHOLD,3,1.7889220839970221,6.059328
STAGE_MODEL_THRESHOLD,3,1.843200914998306,6.059328
STAGE_MODEL_THRESHOLD,3,1.8974293709979975,5.938944
STAGE_MODEL_THRESHOLD,3,1.9517358359989885,5.979072
STAGE_MODEL_THRESHOLD,3,2.0058945349992428,5.948416
STAGE_MODEL_THRESHOLD,3,2.060059215997171,5.908224
STAGE_MODEL_THRESHOLD,3,2.1142028819995176,5.948416
STAGE_MODEL_THRESHOLD,3,2.1683676579996245,5.82784
STAGE_MODEL_THRESHOLD,3,2.222589013999823,5.868032
STAGE_MODEL_THRESHOLD,3,2.2767359429999487,5.868032
STAGE_MODEL_THRESHOLD,3,2.3309474799971213,5.82784
STAGE_MODEL_THRESHOLD,3,2.385138226996787,5.868032
STAGE_MODEL_THRESHOLD,3,2.439354176996858,5.82784
STAGE_MODEL_THRESHOLD,3,2.4935183139969013,5.787648
STAGE_MODEL_THRESHOLD,3,2.547729433998029,5.868032
STAGE_MODEL_THRESHOLD,3,2.6019181669980753,5.787648
STAGE_MODEL_THRESHOLD,3,2.6560870049979712,5.787648
STAGE_MODEL_THRESHOLD,3,2.7101969279974583,5.82784
STAGE_MODEL_THRESHOLD,3,2.7643916409979283,5.747456
STAGE_MODEL_THRESHOLD,3,2.8185868660002598,5.82784
STAGE_MODEL_THRESHOLD,3,2.872786408999673,5.787648
STAGE_MODEL_THRESHOLD,3,2.926991164997162,5.787648
STAGE_MODEL_THRESHOLD,3,2.9811245649980265,5.82784
STAGE_MODEL_THRESHOLD,3,3.0352586999979394,5.747456
STAGE_MODEL_THRESHOLD,3,3.089567723996879,5.787648
STAGE_MODEL_THRESHOLD,3,3.143748811999103,5.82784
STAGE_MODEL_THRESHOLD,3,3.1979005059984047,5.747456
STAGE_MODEL_THRESHOLD,3,3.2521021279972047,5.82784
STAGE_MODEL_THRESHOLD,3,3.3063492629989923,5.787648
STAGE_MODEL_THRESHOLD,3,3.3604768099976354,5.747456
STAGE_MODEL_THRESHOLD,3,3.4146162219985854,5.82784
STAGE_MODEL_THRESHOLD,3,3.4692623899973114,5.747456
STAGE_MODEL_THRESHOLD,3,3.523499640999944,5.787648
STAGE_MODEL_THRESHOLD,3,3.5776589479974064,5.787648
STAGE_MODEL_THRESHOLD,3,3.631818990997999,5.747456
STAGE_MODEL_THRESHOLD,3,3.685996239997621,5.787648
STAGE_MODEL_THRESHOLD,3,3.7401363889985078,5.747456
STAGE_MODEL_THRESHOLD,3,3.7945431239968457,5.787648
STAGE_MODEL_THRESHOLD,3,3.8487602259992855,5.82784
STAGE_MODEL_THRESHOLD,3,3.9030892079972546,5.747456
STAGE_MODEL_THRESHOLD,3,3.957616745999985,5.787648
STAGE_MODEL_THRESHOLD,3,4.011827130998427,5.82784
STAGE_MODEL_THRESHOLD,3,4.0659662559992285,5.707264
STAGE_MODEL_THRESHOLD,3,4.120087949999288,5.787648
STAGE_MODEL_THRESHOLD,3,4.17418709499907,5.747456
STAGE_MODEL_THRESHOLD,3,4.228320430996973,5.707264
STAGE_MODEL_THRESHOLD,3,4.282432144998893,5.787648
STAGE_MODEL_THRESHOLD,3,4.336537238999881,5.707264
STAGE_MODEL_THRESHOLD,3,4.390664785998524,5.747456
STAGE_MODEL_THRESHOLD,3,4.444843058998231,5.787648
STAGE_MODEL_THRESHOLD,3,4.499059968999063,5.716352
STAGE_MODEL_THRESHOLD,3,4.553204850999464,5.747456
STAGE_MODEL_THRESHOLD,3,4.607326736997493,5.747456
STAGE_MODEL_THRESHOLD,3,4.661417149996851,5.716352
STAGE_MODEL_THRESHOLD,3,4.715506892000121,5.747456
STAGE_MODEL_THRESHOLD,3,4.769811309997749,5.82784
STAGE_MODEL_THRESHOLD,3,4.824366195000039,5.868032
STAGE_MODEL_THRESHOLD,3,4.878837920998194,5.908224
STAGE_MODEL_THRESHOLD,3,4.933153661997494,5.787648
STAGE_MODEL_THRESHOLD,3,4.9873516369989375,5.82784
STAGE_MODEL_THRESHOLD,3,5.041536434997397,5.82784
STAGE_MODEL_THRESHOLD,3,5.095797354999377,5.787648
STAGE_MODEL_THRESHOLD,3,5.149928259997978,5.82784
STAGE_MODEL_THRESHOLD,3,5.204365955996764,5.747456
STAGE_MODEL_THRESHOLD,3,5.258660490999318,5.747456
STAGE_MODEL_THRESHOLD,3,5.3128049569968425,5.82784
STAGE_MODEL_THRESHOLD,3,5.366965542998514,5.707264
STAGE_MODEL_THRESHOLD,3,5.421089283998299,5.747456
STAGE_MODEL_THRESHOLD,3,5.475203044999944,5.747456
STAGE_MODEL_THRESHOLD,3,5.529453122999257,5.707264
STAGE_MODEL_THRESHOLD,3,5.583670735999476,5.747456
STAGE_MODEL_THRESHOLD,3,5.637823901997763,5.707264
STAGE_MODEL_THRESHOLD,3,5.692081495999446,5.707264
STAGE_MODEL_THRESHOLD,3,5.746239682997839,5.787648
STAGE_MODEL_THRESHOLD,3,5.80038437300027,5.667072
STAGE_MODEL_THRESHOLD,3,5.854588105998118,5.747456
STAGE_MODEL_THRESHOLD,3,5.908761037997465,5.747456
STAGE_MODEL_THRESHOLD,3,5.963062769998942,5.707264
STAGE_MODEL_THRESHOLD,3,6.017227193999133,5.747456
STAGE_MODEL_THRESHOLD,3,6.07137991199852,5.707264
STAGE_MODEL_THRESHOLD,3,6.125493161998747,5.707264
STAGE_MODEL_THRESHOLD,3,6.179627648998576,5.787648
STAGE_MODEL_THRESHOLD,3,6.233830805998878,5.667072
STAGE_MODEL_THRESHOLD,3,6.288042342999688,5.747456
STAGE_MODEL_THRESHOLD,3,6.342137648996868,5.747456
STAGE_MODEL_THRESHOLD,3,6.396314163997886,5.707264
STAGE_MODEL_THRESHOLD,3,6.450429747997987,5.747456
STAGE_MODEL_THRESHOLD,3,6.504552464997687,5.707264
STAGE_MODEL_THRESHOLD,3,6.558760387997609,5.747456
STAGE_MODEL_THRESHOLD,3,6.612957628000004,5.787648
STAGE_MODEL_THRESHOLD,3,6.667058723996888,5.707264
STAGE_MODEL_THRESHOLD,3,6.721491429998423,5.747456
STAGE_MODEL_THRESHOLD,3,6.775706132997584,5.787648
STAGE_MODEL_THRESHOLD,3,6.83018927699959,5.747456
STAGE_MODEL_THRESHOLD,3,6.8843688939996355,5.787648
STAGE_MODEL_THRESHOLD,3,6.938527496997267,5.747456
STAGE_MODEL_THRESHOLD,3,6.992802457996731,5.747456
STAGE_MODEL_THRESHOLD,3,7.046930931999668,5.82784
STAGE_MODEL_THRESHOLD,3,7.101085217997024,5.747456
STAGE_MODEL_THRESHOLD,3,7.155220599997847,5.787648
STAGE_MODEL_THRESHOLD,3,7.209380386997509,5.787648
STAGE_MODEL_THRESHOLD,3,7.263600366997707,5.747456
STAGE_MODEL_THRESHOLD,3,7.317734726999333,5.787648
STAGE_MODEL_THRESHOLD,3,7.371858402999351,5.747456
STAGE_MODEL_THRESHOLD,3,7.426071986999887,5.747456
STAGE_MODEL_THRESHOLD,3,7.480202411999926,5.82784
STAGE_MODEL_THRESHOLD,3,7.534351771999354,5.716352
STAGE_MODEL_THRESHOLD,3,7.5885304609982995,5.787648
STAGE_MODEL_THRESHOLD,3,7.642644094998104,5.787648
STAGE_MODEL_THRESHOLD,3,7.6968086149972805,5.756608
STAGE_MODEL_THRESHOLD,3,7.751026963996992,5.787648
STAGE_MODEL_THRESHOLD,3,7.805204021999089,5.787648
STAGE_MODEL_THRESHOLD,3,7.859721325999999,5.908224
STAGE_MODEL_THRESHOLD,3,7.9139153670003,5.948416
STAGE_MODEL_THRESHOLD,3,7.968075057997339,5.868032
STAGE_MODEL_THRESHOLD,3,8.022362012998201,5.868032
STAGE_MODEL_THRESHOLD,3,8.0765483139985,5.908224
STAGE_MODEL_THRESHOLD,3,8.130948779999017,5.82784
STAGE_MODEL_THRESHOLD,3,8.18513946299936,5.868032
STAGE_MODEL_THRESHOLD,3,8.239282202997856,5.82784
STAGE_MODEL_THRESHOLD,3,8.293433448998258,5.787648
STAGE_MODEL_THRESHOLD,3,8.347556357999565,5.82784
STAGE_MODEL_THRESHOLD,3,8.401725003997853,5.747456
STAGE_MODEL_THRESHOLD,3,8.455923459998303,5.787648
STAGE_MODEL_THRESHOLD,3,8.51006108099682,5.787648
STAGE_MODEL_THRESHOLD,3,8.564180567998847,5.747456
STAGE_MODEL_THRESHOLD,3,8.61836091999794,5.787648
STAGE_MODEL_THRESHOLD,3,8.672537434998958,5.747456
STAGE_MODEL_THRESHOLD,3,8.726664628997241,5.747456
STAGE_MODEL_THRESHOLD,3,8.780792943998676,5.787648
STAGE_MODEL_THRESHOLD,3,8.834925863997341,5.716352
STAGE_MODEL_THRESHOLD,3,8.889052578997507,5.747456
STAGE_MODEL_THRESHOLD,3,8.943152906998876,5.787648
STAGE_MODEL_THRESHOLD,3,8.997252403998573,5.707264
STAGE_MODEL_THRESHOLD,3,9.051435538996884,5.747456
STAGE_MODEL_THRESHOLD,3,9.105545525999332,5.747456
STAGE_MODEL_THRESHOLD,3,9.159707039998466,5.716352
STAGE_MODEL_THRESHOLD,3,9.213811397999962,5.787648
STAGE_MODEL_THRESHOLD,3,9.267919721998624,5.676096
STAGE_MODEL_THRESHOLD,3,9.3220707449982,5.747456
STAGE_MODEL_THRESHOLD,3,9.376188569000078,5.747456
STAGE_MODEL_THRESHOLD,3,9.430394987997715,5.716352
STAGE_MODEL_THRESHOLD,3,9.48453101099949,5.747456
STAGE_MODEL_THRESHOLD,3,9.538622382999165,5.716352
STAGE_MODEL_THRESHOLD,3,9.592788342997665,5.716352
STAGE_MODEL_THRESHOLD,3,9.646893981000176,5.747456
STAGE_MODEL_THRESHOLD,3,9.701015385999199,5.676096
STAGE_MODEL_THRESHOLD,3,9.755191708998609,5.707264
STAGE_MODEL_THRESHOLD,3,9.809301567998773,5.747456
STAGE_MODEL_THRESHOLD,3,9.86342399699788,5.667072
STAGE_MODEL_THRESHOLD,3,9.917538014997263,5.747456
STAGE_MODEL_THRESHOLD,3,9.971743825997692,5.707264
STAGE_MODEL_THRESHOLD,3,10.025879433000227,5.707264
STAGE_MODEL_THRESHOLD,3,10.080133923998801,5.747456
STAGE_MODEL_THRESHOLD,3,10.134299051998823,5.667072
STAGE_MODEL_THRESHOLD,3,10.188427813998715,5.707264
STAGE_MODEL_THRESHOLD,3,10.242534858996805,5.747456
STAGE_MODEL_THRESHOLD,3,10.296665283996845,5.707264
STAGE_MODEL_THRESHOLD,3,10.350769354998192,5.747456
STAGE_MODEL_THRESHOLD,3,10.404888073997427,5.707264
STAGE_MODEL_THRESHOLD,3,10.459098586998152,5.707264
STAGE_MODEL_THRESHOLD,3,10.513258117996884,5.747456
STAGE_MODEL_THRESHOLD,3,10.567413905999274,5.667072
STAGE_MODEL_THRESHOLD,3,10.621582967996801,5.707264
STAGE_MODEL_THRESHOLD,3,10.675723308999295,5.747456
STAGE_MODEL_THRESHOLD,3,10.729854532997706,5.707264
STAGE_MODEL_THRESHOLD,3,10.784006483998382,5.747456
STAGE_MODEL_THRESHOLD,3,10.838164734999737,5.707264
STAGE_MODEL_THRESHOLD,3,10.892338402998575,5.82784
STAGE_MODEL_THRESHOLD,3,10.946541719997185,5.908224
STAGE_MODEL_THRESHOLD,3,11.001038361999235,5.82784
STAGE_MODEL_THRESHOLD,3,11.055256966999877,5.82784
STAGE_MODEL_THRESHOLD,3,11.109587803999602,5.868032
STAGE_MODEL_THRESHOLD,3,11.163792367999122,5.787648
STAGE_MODEL_THRESHOLD,3,11.217955768999673,5.82784
STAGE_MODEL_THRESHOLD,3,11.272118498000054,5.787648
STAGE_MODEL_THRESHOLD,3,11.32637346899719,5.787648
STAGE_MODEL_THRESHOLD,3,11.380592649999016,5.82784
STAGE_MODEL_THRESHOLD,3,11.434798749000038,5.747456
STAGE_MODEL_THRESHOLD,3,11.489021511999454,5.747456
STAGE_MODEL_THRESHOLD,3,11.543659107999702,5.787648
STAGE_MODEL_THRESHOLD,3,11.59893331299827,5.707264
STAGE_MODEL_THRESHOLD,3,11.653100550996896,5.787648
STAGE_MODEL_THRESHOLD,3,11.70729606399982,5.787648
STAGE_MODEL_THRESHOLD,3,11.76146861199959,5.787648
STAGE_MODEL_THRESHOLD,3,11.8156949899967,5.82784
STAGE_MODEL_THRESHOLD,3,11.870267113998125,5.747456
STAGE_MODEL_THRESHOLD,3,11.924446953998995,5.747456
STAGE_MODEL_THRESHOLD,3,11.979000111998175,5.82784
STAGE_MODEL_THRESHOLD,3,12.033411708998756,5.707264
STAGE_MODEL_THRESHOLD,3,12.087840544998471,5.787648
STAGE_MODEL_THRESHOLD,3,12.141991439999401,5.787648
STAGE_MODEL_THRESHOLD,3,12.19615167399752,5.707264
STAGE_MODEL_THRESHOLD,3,12.25028907199885,5.787648
STAGE_MODEL_THRESHOLD,3,12.304445691999717,5.707264
STAGE_MODEL_THRESHOLD,3,12.358586927999568,5.747456
STAGE_MODEL_THRESHOLD,3,12.41273807899779,5.787648
STAGE_MODEL_THRESHOLD,3,12.467616129997623,5.667072
STAGE_MODEL_THRESHOLD,3,12.52176935999887,5.747456
STAGE_MODEL_THRESHOLD,3,12.575894507997873,5.747456
STAGE_MODEL_THRESHOLD,3,12.63006913499703,5.707264
STAGE_MODEL_THRESHOLD,3,12.684189772997343,5.747456
STAGE_MODEL_THRESHOLD,3,12.738362352996774,5.707264
STAGE_MODEL_THRESHOLD,3,12.792522650997853,5.707264
STAGE_MODEL_THRESHOLD,3,12.846733451999171,5.747456
STAGE_MODEL_THRESHOLD,3,12.90094905099977,5.676096
STAGE_MODEL_THRESHOLD,3,12.955109700997127,5.707264
STAGE_MODEL_THRESHOLD,3,13.00925826099774,5.747456
STAGE_MODEL_THRESHOLD,3,13.063416672997846,5.707264
STAGE_MODEL_THRESHOLD,3,13.117576426997402,5.747456
STAGE_MODEL_THRESHOLD,3,13.17177030899984,5.707264
STAGE_MODEL_THRESHOLD,3,13.226063148998946,5.707264
STAGE_MODEL_THRESHOLD,3,13.280335326999193,5.747456
STAGE_MODEL_THRESHOLD,3,13.334627047999675,5.667072
STAGE_MODEL_THRESHOLD,3,13.388975091998873,5.707264
STAGE_MODEL_THRESHOLD,3,13.444064588999026,5.747456
STAGE_MODEL_THRESHOLD,3,13.498944847997336,5.667072
STAGE_MODEL_THRESHOLD,3,13.553227420998155,5.747456
STAGE_MODEL_THRESHOLD,3,13.607394914997712,5.707264
STAGE_MODEL_THRESHOLD,3,13.661516064999887,5.707264
STAGE_MODEL_THRESHOLD,3,13.715727729999344,5.747456
STAGE_MODEL_THRESHOLD,3,13.769851534998452,5.707264
STAGE_MODEL_THRESHOLD,3,13.8240539239996,5.707264
STAGE_MODEL_THRESHOLD,3,13.878159241998219,5.747456
STAGE_MODEL_THRESHOLD,3,13.93238939299772,5.707264
STAGE_MODEL_THRESHOLD,3,13.986872697998479,5.868032
STAGE_MODEL_THRESHOLD,3,14.041164769998431,5.868032
STAGE_MODEL_THRESHOLD,3,14.095423066999501,5.82784
STAGE_MODEL_THRESHOLD,3,14.149683091996849,5.868032
STAGE_MODEL_THRESHOLD,3,14.203888263997214,5.787648
STAGE_MODEL_THRESHOLD,3,14.25806052400003,5.787648
STAGE_MODEL_THRESHOLD,3,14.312201376000303,5.82784
STAGE_MODEL_THRESHOLD,3,14.366620777000207,5.707264
STAGE_MODEL_THRESHOLD,3,14.420885630999692,5.747456
STAGE_MODEL_THRESHOLD,3,14.475067549999949,5.747456
STAGE_MODEL_THRESHOLD,3,14.529604428000312,5.707264
STAGE_MODEL_THRESHOLD,3,14.584136699999362,5.747456
STAGE_MODEL_THRESHOLD,3,14.638407503000053,5.707264
STAGE_MODEL_THRESHOLD,3,14.69429001199751,5.707264
STAGE_MODEL_THRESHOLD,3,14.748443241998757,5.747456
STAGE_MODEL_THRESHOLD,3,14.802622027000325,5.667072
STAGE_MODEL_THRESHOLD,3,14.856811845998891,5.707264
STAGE_MODEL_THRESHOLD,3,14.910916747998272,5.747456
STAGE_MODEL_THRESHOLD,3,14.965037194997421,5.667072
STAGE_MODEL_THRESHOLD,3,15.019786797998677,5.707264
STAGE_MODEL_THRESHOLD,3,15.074247393997211,5.707264
STAGE_MODEL_THRESHOLD,3,15.128470060997643,5.667072
STAGE_MODEL_THRESHOLD,3,15.182790822997049,5.707264
STAGE_MODEL_THRESHOLD,3,15.236918337999668,5.667072
STAGE_MODEL_THRESHOLD,3,15.291125652998744,5.667072
STAGE_MODEL_THRESHOLD,3,15.34526807200018,5.747456
STAGE_MODEL_THRESHOLD,3,15.39943070499794,5.667072
STAGE_MODEL_THRESHOLD,3,15.453602357996715,5.707264
STAGE_MODEL_THRESHOLD,3,15.507755139999063,5.707264
STAGE_MODEL_THRESHOLD,3,15.561925001999043,5.667072
STAGE_MODEL_THRESHOLD,3,15.616157519998524,5.707264
STAGE_MODEL_THRESHOLD,3,15.6704217339975,5.667072
STAGE_MODEL_THRESHOLD,3,15.724652044998948,5.707264
STAGE_MODEL_THRESHOLD,3,15.778791649998311,5.747456
STAGE_MODEL_THRESHOLD,3,15.832929431999219,5.667072
STAGE_MODEL_THRESHOLD,3,15.887118578997615,5.707264
STAGE_MODEL_THRESHOLD,3,15.941239536998182,5.707264
STAGE_MODEL_THRESHOLD,3,15.99541637099901,5.667072
STAGE_MODEL_THRESHOLD,3,16.049543342000106,5.747456
STAGE_MODEL_THRESHOLD,3,16.103783792998,5.707264
STAGE_MODEL_THRESHOLD,3,16.157962257999316,5.707264
STAGE_MODEL_THRESHOLD,3,16.21224642999732,5.787648
STAGE_MODEL_THRESHOLD,3,16.266439959999843,5.667072
STAGE_MODEL_THRESHOLD,3,16.32066249899799,5.747456
STAGE_MODEL_THRESHOLD,3,16.374827466999704,5.747456
STAGE_MODEL_THRESHOLD,3,16.42909235299885,5.707264
STAGE_MODEL_THRESHOLD,3,16.483236850999674,5.747456
STAGE_MODEL_THRESHOLD,3,16.537383587998193,5.707264
STAGE_MODEL_THRESHOLD,3,16.591508255998633,5.707264
STAGE_MODEL_THRESHOLD,3,16.645689695997135,5.787648
STAGE_MODEL_THRESHOLD,3,16.7000643829997,5.667072
STAGE_MODEL_THRESHOLD,3,16.754575737999403,5.747456
STAGE_MODEL_THRESHOLD,3,16.80874802999824,5.747456
STAGE_MODEL_THRESHOLD,3,16.863014834998467,5.707264
STAGE_MODEL_THRESHOLD,3,16.9171696960002,5.747456
STAGE_MODEL_THRESHOLD,3,16.97129737099749,5.707264
STAGE_MODEL_THRESHOLD,3,17.025575337996997,5.82784
STAGE_MODEL_THRESHOLD,3,17.07987460699951,5.908224
STAGE_MODEL_THRESHOLD,3,17.134320842000307,5.82784
STAGE_MODEL_THRESHOLD,3,17.18892757299909,5.868032
STAGE_MODEL_THRESHOLD,3,17.24318436699832,5.868032
STAGE_MODEL_THRESHOLD,3,17.297417908997886,5.787648
STAGE_MODEL_THRESHOLD,3,17.352053712998895,5.82784
STAGE_MODEL_THRESHOLD,3,17.406256262998795,5.787648
STAGE_MODEL_THRESHOLD,3,17.46091842199894,5.747456
STAGE_MODEL_THRESHOLD,3,17.515142239997658,5.787648
STAGE_MODEL_THRESHOLD,3,17.569313476997195,5.747456
STAGE_MODEL_THRESHOLD,3,17.623493669998425,5.747456
STAGE_MODEL_THRESHOLD,3,17.677653263999673,5.787648
STAGE_MODEL_THRESHOLD,3,17.731802943999355,5.707264
STAGE_MODEL_THRESHOLD,3,17.786003861998324,5.747456
STAGE_MODEL_THRESHOLD,3,17.8402184689985,5.747456
STAGE_MODEL_THRESHOLD,3,17.894403106998652,5.707264
STAGE_MODEL_THRESHOLD,3,17.94853973699719,5.747456
STAGE_MODEL_THRESHOLD,3,18.00308493099874,5.707264
STAGE_MODEL_THRESHOLD,3,18.057876241997292,5.707264
STAGE_MODEL_THRESHOLD,3,18.112041656997462,5.747456
STAGE_MODEL_THRESHOLD,3,18.166198340997653,5.676096
STAGE_MODEL_THRESHOLD,3,18.22086705699985,5.747456
STAGE_MODEL_THRESHOLD,3,18.27509033199749,5.747456
STAGE_MODEL_THRESHOLD,3,18.329254692998802,5.716352
STAGE_MODEL_THRESHOLD,3,18.383410512997216,5.747456
STAGE_MODEL_THRESHOLD,3,18.437544488999265,5.676096
STAGE_MODEL_THRESHOLD,3,18.491729063000093,5.716352
STAGE_MODEL_THRESHOLD,3,18.545838283000194,5.747456
STAGE_MODEL_THRESHOLD,3,18.599990680999326,5.676096
STAGE_MODEL_THRESHOLD,3,18.654149187997973,5.716352
STAGE_MODEL_THRESHOLD,3,18.708288312998775,5.716352
STAGE_MODEL_THRESHOLD,3,18.762440262999007,5.676096
STAGE_MODEL_THRESHOLD,3,18.81657618999816,5.756608
STAGE_MODEL_THRESHOLD,3,18.87073648799924,5.676096
STAGE_MODEL_THRESHOLD,3,18.925016310997307,5.716352
STAGE_MODEL_THRESHOLD,3,18.979158602000098,5.747456
STAGE_MODEL_THRESHOLD,3,19.03334128899951,5.676096
STAGE_MODEL_THRESHOLD,3,19.087463110998215,5.716352
STAGE_MODEL_THRESHOLD,3,19.141616467997665,5.716352
STAGE_MODEL_THRESHOLD,3,19.195782971997687,5.676096
STAGE_MODEL_THRESHOLD,3,19.250006181999197,5.707264
STAGE_MODEL_THRESHOLD,3,19.304194914999243,5.667072
STAGE_MODEL_THRESHOLD,3,19.358387004998804,5.667072
STAGE_MODEL_THRESHOLD,3,19.412649683999916,5.747456
STAGE_MODEL_THRESHOLD,3,19.467014935999032,5.63584
STAGE_MODEL_THRESHOLD,3,19.521370304999436,5.707264
STAGE_MODEL_THRESHOLD,3,19.57548569699793,5.707264
STAGE_MODEL_THRESHOLD,3,19.62966329899791,5.667072
STAGE_MODEL_THRESHOLD,3,19.68377053599761,5.707264
STAGE_MODEL_THRESHOLD,3,19.7378977949993,5.667072
STAGE_MODEL_THRESHOLD,3,19.792063049997523,5.667072
STAGE_MODEL_THRESHOLD,3,19.846182920999127,5.707264
STAGE_MODEL_THRESHOLD,3,19.90033838999807,5.62688
STAGE_MODEL_THRESHOLD,3,19.954474475998722,5.667072
STAGE_MODEL_THRESHOLD,3,20.008573461000196,5.707264
STAGE_MODEL_THRESHOLD,3,20.062736317999224,5.667072
STAGE_MODEL_THRESHOLD,3,20.11693115899834,5.868032
STAGE_MODEL_THRESHOLD,3,20.17148575600004,5.787648
STAGE_MODEL_THRESHOLD,3,20.225696780998987,5.82784
STAGE_MODEL_THRESHOLD,3,20.27988861599806,5.82784
STAGE_MODEL_THRESHOLD,3,20.33408863799923,5.747456
STAGE_MODEL_THRESHOLD,3,20.38834460099679,5.787648
STAGE_MODEL_THRESHOLD,3,20.442491912999685,5.787648
STAGE_MODEL_THRESHOLD,3,20.496678342999076,5.707264
STAGE_MODEL_THRESHOLD,3,20.550811741999496,5.787648
STAGE_MODEL_THRESHOLD,3,20.60500332099764,5.707264
STAGE_MODEL_THRESHOLD,3,20.65918747899923,5.707264
STAGE_MODEL_THRESHOLD,3,20.713628628996958,5.787648
STAGE_MODEL_THRESHOLD,3,20.767913345000125,5.707264
STAGE_MODEL_THRESHOLD,3,20.822947990000102,5.707264
STAGE_MODEL_THRESHOLD,3,20.877607782997075,5.787648
STAGE_MODEL_THRESHOLD,3,20.93214638799691,5.667072
STAGE_MODEL_THRESHOLD,3,20.98688793099791,5.747456
STAGE_MODEL_THRESHOLD,3,21.041034827998374,5.747456
STAGE_MODEL_THRESHOLD,3,21.095267377997516,5.707264
STAGE_MODEL_THRESHOLD,3,21.149449297998217,5.747456
STAGE_MODEL_THRESHOLD,3,21.203793791999487,5.707264
STAGE_MODEL_THRESHOLD,3,21.258674114000314,5.707264
STAGE_MODEL_THRESHOLD,3,21.313020942998264,5.787648
STAGE_MODEL_THRESHOLD,3,21.36720999499812,5.667072
STAGE_MODEL_THRESHOLD,3,21.421456137999485,5.747456
STAGE_MODEL_THRESHOLD,3,21.47561141499682,5.787648
STAGE_MODEL_THRESHOLD,3,21.529921334997198,5.787648
STAGE_MODEL_THRESHOLD,3,21.58424826999908,5.908224
STAGE_MODEL_THRESHOLD,3,21.638534873000026,5.938944
STAGE_MODEL_THRESHOLD,3,21.692649145999894,6.0192
STAGE_MODEL_THRESHOLD,3,21.747399708998273,6.059328
STAGE_MODEL_THRESHOLD,3,21.802044180996745,6.139584
STAGE_MODEL_THRESHOLD,3,21.856180267997843,6.290048
STAGE_MODEL_THRESHOLD,3,21.910319487997185,6.490368
STAGE_MODEL_THRESHOLD,3,21.96457992899741,6.530432
STAGE_MODEL_THRESHOLD,3,22.019354479998583,6.770816
STAGE_MODEL_THRESHOLD,3,22.073585270998592,6.850944
STAGE_MODEL_THRESHOLD,3,22.127864229998522,6.92
STAGE_MODEL_THRESHOLD,3,22.18243811299908,7.04
STAGE_MODEL_THRESHOLD,3,22.23676396099836,7.04
STAGE_MODEL_THRESHOLD,3,22.291010934997757,7.12
STAGE_MODEL_THRESHOLD,3,22.345546213997295,7.16
STAGE_MODEL_THRESHOLD,3,22.39984094099782,7.04
STAGE_MODEL_THRESHOLD,3,22.45407918499768,7.04
STAGE_MODEL_THRESHOLD,3,22.508134286999848,7.04
STAGE_MODEL_THRESHOLD,3,22.5625042089996,6.96
STAGE_MODEL_THRESHOLD,3,22.616445768999256,7.0
STAGE_MODEL_THRESHOLD,3,22.67056400799993,6.92
STAGE_MODEL_THRESHOLD,3,22.724661361997278,6.92
STAGE_MODEL_THRESHOLD,3,22.778838483998697,6.96
STAGE_MODEL_THRESHOLD,3,22.83295256499696,6.88
STAGE_MODEL_THRESHOLD,3,22.887624958999368,6.92
STAGE_MODEL_THRESHOLD,3,22.94161084899679,6.92
STAGE_MODEL_THRESHOLD,3,22.99560815699806,6.88
STAGE_MODEL_THRESHOLD,3,23.049559950999537,6.92
STAGE_MODEL_THRESHOLD,3,23.10389436999685,6.88
STAGE_MODEL_THRESHOLD,3,23.158030104998033,6.96
STAGE_MODEL_THRESHOLD,3,23.212424205998104,7.04
STAGE_MODEL_THRESHOLD,3,23.266882818999875,6.96
STAGE_MODEL_THRESHOLD,3,23.32108383299783,7.0
STAGE_MODEL_THRESHOLD,3,23.3752289389995,7.0
STAGE_MODEL_THRESHOLD,3,23.429246012998192,6.96
STAGE_MODEL_THRESHOLD,3,23.483321394000086,7.0
STAGE_MODEL_THRESHOLD,3,23.5373196929977,6.92
STAGE_MODEL_THRESHOLD,3,23.591325700999732,6.96
STAGE_MODEL_THRESHOLD,3,23.645362444996863,7.04
STAGE_MODEL_THRESHOLD,3,23.699807304998103,7.0
STAGE_MODEL_THRESHOLD,3,23.753887066999596,7.04
STAGE_MODEL_THRESHOLD,3,23.807931807998102,7.0
STAGE_MODEL_THRESHOLD,3,23.8619042959981,6.92
STAGE_MODEL_THRESHOLD,3,23.915874225000152,6.96
STAGE_MODEL_THRESHOLD,3,23.969935756998893,6.88
STAGE_MODEL_THRESHOLD,3,24.024040914999205,6.88
STAGE_MODEL_THRESHOLD,3,24.07817844099918,6.92
STAGE_MODEL_THRESHOLD,3,24.132267062999745,6.8
STAGE_MODEL_THRESHOLD,3,24.186607398998603,6.84
STAGE_MODEL_THRESHOLD,3,24.240532902997074,6.8
STAGE_MODEL_THRESHOLD,3,24.294863420000183,6.8
STAGE_MODEL_THRESHOLD,3,24.34889795699928,6.84
STAGE_MODEL_THRESHOLD,3,24.4029531879969,6.76
STAGE_MODEL_THRESHOLD,3,24.457019900997693,6.8
STAGE_MODEL_THRESHOLD,3,24.511522523996973,6.8
STAGE_MODEL_THRESHOLD,3,24.566247499999008,6.84
STAGE_MODEL_THRESHOLD,3,24.620963104996918,7.0
STAGE_MODEL_THRESHOLD,3,24.675418134997017,7.04
STAGE_MODEL_THRESHOLD,3,24.729455262997362,7.08
STAGE_MODEL_THRESHOLD,3,24.78387834199748,7.2
STAGE_MODEL_THRESHOLD,3,24.83789602399702,7.08
STAGE_MODEL_THRESHOLD,3,24.892089265998948,6.92
STAGE_MODEL_THRESHOLD,3,24.94638220199704,6.850944
STAGE_MODEL_THRESHOLD,3,25.00053453599685,6.61056
STAGE_MODEL_THRESHOLD,3,25.054878549999557,6.570496
STAGE_MODEL_THRESHOLD,3,25.109073614999943,6.450304
STAGE_MODEL_THRESHOLD,3,25.163229211997532,6.340224
STAGE_MODEL_THRESHOLD,3,25.217417304000264,6.300096
STAGE_MODEL_THRESHOLD,3,25.271566439998423,6.179712
STAGE_MODEL_THRESHOLD,3,25.32577404299809,6.139584
STAGE_MODEL_THRESHOLD,3,25.379927112997393,6.139584
STAGE_MODEL_THRESHOLD,3,25.434261147998768,6.0288
STAGE_MODEL_THRESHOLD,3,25.488448216998222,6.0288
STAGE_MODEL_THRESHOLD,3,25.542665638997278,5.988608
STAGE_MODEL_THRESHOLD,3,25.596803259999433,5.908224
STAGE_MODEL_THRESHOLD,3,25.65107726199858,5.948416
STAGE_MODEL_THRESHOLD,3,25.705260236998583,5.868032
STAGE_MODEL_THRESHOLD,3,25.759427315999346,5.868032
STAGE_MODEL_THRESHOLD,3,25.813669364997622,5.908224
STAGE_MODEL_THRESHOLD,3,25.86780263699984,5.787648
STAGE_MODEL_THRESHOLD,3,25.922083322999242,5.82784
STAGE_MODEL_THRESHOLD,3,25.97621390799759,5.82784
STAGE_MODEL_THRESHOLD,3,26.030386839996936,5.747456
STAGE_MODEL_THRESHOLD,3,26.08454429199992,5.82784
STAGE_MODEL_THRESHOLD,3,26.138756243999524,5.787648
STAGE_MODEL_THRESHOLD,3,26.192913887996838,5.787648
STAGE_MODEL_THRESHOLD,3,26.24727002399959,5.948416
STAGE_MODEL_THRESHOLD,3,26.301619859998027,5.868032
STAGE_MODEL_THRESHOLD,3,26.35580648099858,5.908224
STAGE_MODEL_THRESHOLD,3,26.411459599999944,5.908224
STAGE_MODEL_THRESHOLD,3,26.46582382899942,5.82784
STAGE_MODEL_THRESHOLD,3,26.520010929998534,5.868032
STAGE_MODEL_THRESHOLD,3,26.574216260996764,5.908224
STAGE_MODEL_THRESHOLD,3,26.628370642996742,5.898816
STAGE_MODEL_THRESHOLD,3,26.682962116999988,5.979072
STAGE_MODEL_THRESHOLD,3,26.73762920199806,5.938944
STAGE_MODEL_THRESHOLD,3,26.7930047009977,5.979072
STAGE_MODEL_THRESHOLD,3,26.84722480900018,6.059328
STAGE_MODEL_THRESHOLD,3,26.90140743200027,5.979072
STAGE_MODEL_THRESHOLD,3,26.956468719999975,6.0096
STAGE_MODEL_THRESHOLD,3,27.01065316599852,6.049664
STAGE_MODEL_THRESHOLD,3,27.06487532099709,6.0096
STAGE_MODEL_THRESHOLD,3,27.119741090999014,6.049664
STAGE_MODEL_THRESHOLD,3,27.173894927997026,6.0096
STAGE_MODEL_THRESHOLD,3,27.228179707999516,5.979072
STAGE_MODEL_THRESHOLD,3,27.282301881998137,5.979072
STAGE_MODEL_THRESHOLD,3,27.33690480599762,5.938944
STAGE_MODEL_THRESHOLD,3,27.391154211996763,5.938944
STAGE_MODEL_THRESHOLD,3,27.445390375996794,5.979072
STAGE_MODEL_THRESHOLD,3,27.499546228998952,5.858688
STAGE_MODEL_THRESHOLD,3,27.55376879999676,5.898816
STAGE_MODEL_THRESHOLD,3,27.607867784998234,5.868032
STAGE_MODEL_THRESHOLD,3,27.662413778998598,5.82784
STAGE_MODEL_THRESHOLD,3,27.717479928000103,5.868032
STAGE_MODEL_THRESHOLD,3,27.771703361999243,5.787648
STAGE_MODEL_THRESHOLD,3,27.82630072199754,5.787648
STAGE_MODEL_THRESHOLD,3,27.880932240997936,5.82784
STAGE_MODEL_THRESHOLD,3,27.9357176659978,5.747456
STAGE_MODEL_THRESHOLD,3,27.989965888998995,5.787648
STAGE_MODEL_THRESHOLD,3,28.04416383199714,5.82784
STAGE_MODEL_THRESHOLD,3,28.098992755996733,5.747456
STAGE_MODEL_THRESHOLD,3,28.153671194999333,5.787648
STAGE_MODEL_THRESHOLD,3,28.20815379600026,5.787648
STAGE_MODEL_THRESHOLD,3,28.262542683998618,5.747456
STAGE_MODEL_THRESHOLD,3,28.316900546997203,5.787648
STAGE_MODEL_THRESHOLD,3,28.37116786399929,5.747456
STAGE_MODEL_THRESHOLD,3,28.425397375998728,5.747456
STAGE_MODEL_THRESHOLD,3,28.479695332996926,5.82784
STAGE_MODEL_THRESHOLD,3,28.534206623997306,5.747456
STAGE_MODEL_THRESHOLD,3,28.5885170549991,5.787648
STAGE_MODEL_THRESHOLD,3,28.642793167997297,5.787648
STAGE_MODEL_THRESHOLD,3,28.6969829869995,5.747456
STAGE_MODEL_THRESHOLD,3,28.75118457699864,5.787648
STAGE_MODEL_THRESHOLD,3,28.805414631999156,5.747456
STAGE_MODEL_THRESHOLD,3,28.859607105998293,5.707264
STAGE_MODEL_THRESHOLD,3,28.913767756999732,5.787648
STAGE_MODEL_THRESHOLD,3,28.967972577000182,5.667072
STAGE_MODEL_THRESHOLD,3,29.02214365299733,5.747456
STAGE_MODEL_THRESHOLD,3,29.07633091399839,5.747456
STAGE_MODEL_THRESHOLD,3,29.130666740999004,5.707264
STAGE_MODEL_THRESHOLD,3,29.184821089998877,5.747456
STAGE_MODEL_THRESHOLD,3,29.23898282799928,5.707264
STAGE_MODEL_THRESHOLD,3,29.293160844998056,5.787648
STAGE_MODEL_THRESHOLD,3,29.347662987998774,5.868032
STAGE_MODEL_THRESHOLD,3,29.402195164999284,5.787648
STAGE_MODEL_THRESHOLD,3,29.456466766998346,5.82784
STAGE_MODEL_THRESHOLD,3,29.510699157999625,5.82784
STAGE_MODEL_THRESHOLD,3,29.565034471997933,5.747456
STAGE_MODEL_THRESHOLD,3,29.61947584599693,5.787648
STAGE_MODEL_THRESHOLD,3,29.673758354998427,5.747456
STAGE_MODEL_THRESHOLD,3,29.728024519998144,5.747456
STAGE_MODEL_THRESHOLD,3,29.78217717499865,5.787648
STAGE_MODEL_THRESHOLD,3,29.836383785997896,5.707264
STAGE_MODEL_THRESHOLD,3,29.890552783999738,5.707264
STAGE_MODEL_THRESHOLD,3,29.94472900999972,5.747456
STAGE_MODEL_THRESHOLD,3,29.9988988719997,5.667072
BASELINE_IDLE,4,0.0014784279992454685,3.594176
BASELINE_IDLE,4,0.056747451999399345,3.594176
BASELINE_IDLE,4,0.11094523599967943,3.594176
BASELINE_IDLE,4,0.1651539899976342,3.553792
BASELINE_IDLE,4,0.21934604799753288,3.553792
BASELINE_IDLE,4,0.27365040199947543,3.553792
BASELINE_IDLE,4,0.32780433599691605,3.553792
BASELINE_IDLE,4,0.38207101299849455,3.559424
BASELINE_IDLE,4,0.43628920199989807,3.559424
BASELINE_IDLE,4,0.49044492699977127,3.559424
BASELINE_IDLE,4,0.5447374149989628,3.559424
BASELINE_IDLE,4,0.5990338369992969,3.559424
BASELINE_IDLE,4,0.653280939997785,3.559424
BASELINE_IDLE,4,0.7075357189969509,3.559424
BASELINE_IDLE,4,0.7617631519970018,3.559424
BASELINE_IDLE,4,0.815942160999839,3.559424
BASELINE_IDLE,4,0.870171192997077,3.518976
BASELINE_IDLE,4,0.92441241099732,3.518976
BASELINE_IDLE,4,0.9786382120000781,3.518976
BASELINE_IDLE,4,1.0328198759998486,3.518976
BASELINE_IDLE,4,1.0869932229979895,3.518976
BASELINE_IDLE,4,1.1411390969988133,3.518976
BASELINE_IDLE,4,1.1953946119974717,3.518976
BASELINE_IDLE,4,1.2495738439974957,3.518976
BASELINE_IDLE,4,1.3037698049993196,3.518976
BASELINE_IDLE,4,1.3579251139999542,3.518976
BASELINE_IDLE,4,1.4121964599980856,3.518976
BASELINE_IDLE,4,1.4663898939979845,3.518976
BASELINE_IDLE,4,1.5205371749980259,3.518976
BASELINE_IDLE,4,1.574933322997822,3.518976
BASELINE_IDLE,4,1.6291100290000031,3.518976
BASELINE_IDLE,4,1.6833078449999448,3.559424
BASELINE_IDLE,4,1.7377762449978036,3.559424
BASELINE_IDLE,4,1.7920433059989591,3.559424
BASELINE_IDLE,4,1.8462053000002925,3.518976
BASELINE_IDLE,4,1.9016128459988977,3.518976
BASELINE_IDLE,4,1.9558021539996844,3.559424
BASELINE_IDLE,4,2.0100699180002266,3.559424
BASELINE_IDLE,4,2.065250057999947,3.559424
BASELINE_IDLE,4,2.1195280579995597,3.518976
BASELINE_IDLE,4,2.1746145809993322,3.518976
BASELINE_IDLE,4,2.231159573999321,3.518976
BASELINE_IDLE,4,2.2853259809999145,3.518976
BASELINE_IDLE,4,2.3394820260000415,3.559424
BASELINE_IDLE,4,2.394697283998539,3.674944
BASELINE_IDLE,4,2.449487986999884,3.755712
BASELINE_IDLE,4,2.504785572997207,3.715328
BASELINE_IDLE,4,2.5590462049985945,3.715328
BASELINE_IDLE,4,2.613631729996996,3.715328
BASELINE_IDLE,4,2.667914910998661,3.674944
BASELINE_IDLE,4,2.7221300620003603,3.674944
BASELINE_IDLE,4,2.7763612369999464,3.594176
BASELINE_IDLE,4,2.8305003619971103,3.553792
BASELINE_IDLE,4,2.8846619709984225,3.513408
BASELINE_IDLE,4,2.938826939000137,3.473024
BASELINE_IDLE,4,2.9930352459996357,3.43264
BASELINE_IDLE,4,3.047193336999044,3.392256
BASELINE_IDLE,4,3.1014045539996005,3.351872
BASELINE_IDLE,4,3.15556529999958,3.311488
BASELINE_IDLE,4,3.209794651997072,3.311488
BASELINE_IDLE,4,3.2640320629980124,3.271104
BASELINE_IDLE,4,3.318223353999201,3.271104
BASELINE_IDLE,4,3.3724880480003776,3.23072
BASELINE_IDLE,4,3.4266607239987934,3.23072
BASELINE_IDLE,4,3.4808018319999974,3.23072
BASELINE_IDLE,4,3.534978282998054,3.23072
BASELINE_IDLE,4,3.5891858209979546,3.190336
BASELINE_IDLE,4,3.643441879998136,3.190336
BASELINE_IDLE,4,3.6976732459988852,3.190336
BASELINE_IDLE,4,3.7518137150000257,3.190336
BASELINE_IDLE,4,3.806058898997435,3.190336
BASELINE_IDLE,4,3.8602619269986462,3.190336
BASELINE_IDLE,4,3.9144377060001716,3.149952
BASELINE_IDLE,4,3.9685664039971016,3.149952
BASELINE_IDLE,4,4.022727981999196,3.149952
BASELINE_IDLE,4,4.076907022998057,3.149952
BASELINE_IDLE,4,4.131058716997359,3.149952
BASELINE_IDLE,4,4.185202639997442,3.149952
BASELINE_IDLE,4,4.239366167999833,3.149952
BASELINE_IDLE,4,4.293561104997934,3.149952
BASELINE_IDLE,4,4.347683694999432,3.149952
BASELINE_IDLE,4,4.401818469999853,3.149952
BASELINE_IDLE,4,4.455960088998836,3.149952
BASELINE_IDLE,4,4.5101000139984535,3.149952
BASELINE_IDLE,4,4.564317467997171,3.149952
BASELINE_IDLE,4,4.618481731999054,3.149952
BASELINE_IDLE,4,4.6727779939974425,3.149952
BASELINE_IDLE,4,4.726951213997381,3.149952
BASELINE_IDLE,4,4.782424295997771,3.190336
BASELINE_IDLE,4,4.836636951997207,3.190336
BASELINE_IDLE,4,4.890791044999787,3.149952
BASELINE_IDLE,4,4.944984767000278,3.149952
BASELINE_IDLE,4,4.999743229996966,3.149952
BASELINE_IDLE,4,5.054492641000252,3.149952
BASELINE_IDLE,4,5.10991298099907,3.149952
BASELINE_IDLE,4,5.164064579999831,3.149952
BASELINE_IDLE,4,5.2186009459983325,3.149952
BASELINE_IDLE,4,5.274325229998794,3.149952
BASELINE_IDLE,4,5.330820839997614,3.149952
BASELINE_IDLE,4,5.385065512000438,3.149952
BASELINE_IDLE,4,5.43921256899921,3.149952
BASELINE_IDLE,4,5.493694913999207,3.351872
BASELINE_IDLE,4,5.5483449200000905,3.351872
BASELINE_IDLE,4,5.602554632998363,3.311488
BASELINE_IDLE,4,5.657420146999357,3.311488
BASELINE_IDLE,4,5.711623942999722,3.311488
BASELINE_IDLE,4,5.765806182997039,3.271104
BASELINE_IDLE,4,5.819963537996955,3.271104
BASELINE_IDLE,4,5.874111362998519,3.23072
BASELINE_IDLE,4,5.928286469999875,3.23072
BASELINE_IDLE,4,5.982428057999641,3.23072
BASELINE_IDLE,4,6.036579431998689,3.190336
BASELINE_IDLE,4,6.0907878349971725,3.190336
BASELINE_IDLE,4,6.145016993999889,3.190336
BASELINE_IDLE,4,6.199217304998456,3.190336
BASELINE_IDLE,4,6.253335159999551,3.190336
BASELINE_IDLE,4,6.30750837999949,3.190336
BASELINE_IDLE,4,6.361662600997079,3.190336
BASELINE_IDLE,4,6.415885491998779,3.149952
BASELINE_IDLE,4,6.469999925997399,3.149952
BASELINE_IDLE,4,6.524163038997358,3.149952
BASELINE_IDLE,4,6.578345213998546,3.149952
BASELINE_IDLE,4,6.63249857199844,3.149952
BASELINE_IDLE,4,6.686716568998236,3.149952
BASELINE_IDLE,4,6.740900343997055,3.149952
BASELINE_IDLE,4,6.795023795999441,3.149952
BASELINE_IDLE,4,6.8491402129984635,3.149952
BASELINE_IDLE,4,6.903251702999114,3.149952
BASELINE_IDLE,4,6.957354111000313,3.149952
BASELINE_IDLE,4,7.011518694998813,3.149952
BASELINE_IDLE,4,7.0657240910004475,3.149952
BASELINE_IDLE,4,7.1198607529986475,3.149952
BASELINE_IDLE,4,7.173986955996952,3.149952
BASELINE_IDLE,4,7.2281144709995715,3.149952
BASELINE_IDLE,4,7.282268659997499,3.149952
BASELINE_IDLE,4,7.336406537997391,3.149952
BASELINE_IDLE,4,7.39062076099799,3.149952
BASELINE_IDLE,4,7.444829034997383,3.149952
BASELINE_IDLE,4,7.498976060000132,3.149952
BASELINE_IDLE,4,7.553172340998572,3.149952
BASELINE_IDLE,4,7.607293969998864,3.149952
BASELINE_IDLE,4,7.6614076039986685,3.149952
BASELINE_IDLE,4,7.715595792000386,3.149952
BASELINE_IDLE,4,7.769730342999537,3.149952
BASELINE_IDLE,4,7.823878903996956,3.149952
BASELINE_IDLE,4,7.877992824996909,3.149952
BASELINE_IDLE,4,7.932103420000203,3.149952
BASELINE_IDLE,4,7.986245551997854,3.149952
BASELINE_IDLE,4,8.040392991999397,3.149952
BASELINE_IDLE,4,8.09463702499852,3.149952
BASELINE_IDLE,4,8.149058120998234,3.149952
BASELINE_IDLE,4,8.203186434999225,3.149952
BASELINE_IDLE,4,8.257307009000215,3.149952
BASELINE_IDLE,4,8.311416708998877,3.149952
BASELINE_IDLE,4,8.365657190999627,3.149952
BASELINE_IDLE,4,8.420219015999464,3.149952
BASELINE_IDLE,4,8.47512473399911,3.149952
BASELINE_IDLE,4,8.529776177998428,3.190336
BASELINE_IDLE,4,8.585375148999447,3.351872
BASELINE_IDLE,4,8.64103690399861,3.351872
BASELINE_IDLE,4,8.696456795998529,3.311488
BASELINE_IDLE,4,8.75082457499957,3.311488
BASELINE_IDLE,4,8.805100112000218,3.271104
BASELINE_IDLE,4,8.859301764998236,3.271104
BASELINE_IDLE,4,8.913633434000076,3.23072
BASELINE_IDLE,4,8.967849831999047,3.23072
BASELINE_IDLE,4,9.022484645000077,3.23072
BASELINE_IDLE,4,9.078482135999366,3.23072
BASELINE_IDLE,4,9.134075604997633,3.190336
BASELINE_IDLE,4,9.188740514997335,3.190336
BASELINE_IDLE,4,9.243055552000442,3.190336
BASELINE_IDLE,4,9.297224038000422,3.190336
BASELINE_IDLE,4,9.351377875998878,3.190336
BASELINE_IDLE,4,9.40560169499804,3.190336
BASELINE_IDLE,4,9.459777056999883,3.149952
BASELINE_IDLE,4,9.513886468997953,3.149952
BASELINE_IDLE,4,9.568022331997781,3.149952
BASELINE_IDLE,4,9.622160816998075,3.149952
BASELINE_IDLE,4,9.676271635999,3.149952
BASELINE_IDLE,4,9.730428576000122,3.149952
BASELINE_IDLE,4,9.78472288699777,3.149952
BASELINE_IDLE,4,9.838915104999614,3.149952
BASELINE_IDLE,4,9.893058931997075,3.149952
BASELINE_IDLE,4,9.947272419998626,3.149952
BASELINE_IDLE,4,10.001439403000404,3.149952
BASELINE_IDLE,4,10.055616779998672,3.149952
BASELINE_IDLE,4,10.109727566999936,3.149952
BASELINE_IDLE,4,10.163827383999887,3.149952
BASELINE_IDLE,4,10.217953618997853,3.149952
BASELINE_IDLE,4,10.2720922649969,3.149952
BASELINE_IDLE,4,10.326363451000361,3.149952
BASELINE_IDLE,4,10.380543995997868,3.149952
BASELINE_IDLE,4,10.434674516996893,3.149952
BASELINE_IDLE,4,10.488829952999367,3.149952
BASELINE_IDLE,4,10.542950974999258,3.149952
BASELINE_IDLE,4,10.597082263997436,3.149952
BASELINE_IDLE,4,10.651221740998153,3.149952
BASELINE_IDLE,4,10.705422594997799,3.149952
BASELINE_IDLE,4,10.759599684999557,3.149952
BASELINE_IDLE,4,10.813946513997507,3.149952
BASELINE_IDLE,4,10.86816367999927,3.149952
BASELINE_IDLE,4,10.922287867997511,3.149952
BASELINE_IDLE,4,10.976412183998036,3.149952
BASELINE_IDLE,4,11.030572354997275,3.149952
BASELINE_IDLE,4,11.08476137499747,3.149952
BASELINE_IDLE,4,11.138919017997978,3.149952
BASELINE_IDLE,4,11.193074167000304,3.149952
BASELINE_IDLE,4,11.247189816000173,3.149952
BASELINE_IDLE,4,11.301310709997779,3.149952
BASELINE_IDLE,4,11.3554815949974,3.149952
BASELINE_IDLE,4,11.40971072299726,3.149952
BASELINE_IDLE,4,11.463866382997367,3.149952
BASELINE_IDLE,4,11.517980944998271,3.149952
BASELINE_IDLE,4,11.572147031998611,3.149952
BASELINE_IDLE,4,11.626397652999003,3.271104
BASELINE_IDLE,4,11.680987368999922,3.392256
BASELINE_IDLE,4,11.736331522999535,3.351872
BASELINE_IDLE,4,11.790557707998232,3.351872
BASELINE_IDLE,4,11.84494326999993,3.311488
BASELINE_IDLE,4,11.89919436999844,3.311488
BASELINE_IDLE,4,11.953341650998482,3.271104
BASELINE_IDLE,4,12.007525329998316,3.271104
BASELINE_IDLE,4,12.061689753998508,3.23072
BASELINE_IDLE,4,12.115860510999482,3.23072
BASELINE_IDLE,4,12.170029220997094,3.23072
BASELINE_IDLE,4,12.22428575899903,3.23072
BASELINE_IDLE,4,12.27840745299909,3.190336
BASELINE_IDLE,4,12.333224638998217,3.190336
BASELINE_IDLE,4,12.38758550899729,3.190336
BASELINE_IDLE,4,12.441881258997455,3.271104
BASELINE_IDLE,4,12.496098776999133,3.351872
BASELINE_IDLE,4,12.550582752999617,3.43264
BASELINE_IDLE,4,12.605304851000255,3.473024
BASELINE_IDLE,4,12.66044373099794,3.473024
BASELINE_IDLE,4,12.71571073999803,3.473024
BASELINE_IDLE,4,12.770034220997331,3.43264
BASELINE_IDLE,4,12.824406540999917,3.392256
BASELINE_IDLE,4,12.878820759997325,3.351872
BASELINE_IDLE,4,12.933076850997168,3.351872
BASELINE_IDLE,4,12.987322321998363,3.311488
BASELINE_IDLE,4,13.041572559999622,3.311488
BASELINE_IDLE,4,13.095790748997388,3.271104
BASELINE_IDLE,4,13.150008298998728,3.271104
BASELINE_IDLE,4,13.204227831000026,3.23072
BASELINE_IDLE,4,13.258381604999158,3.23072
BASELINE_IDLE,4,13.312567842000135,3.23072
BASELINE_IDLE,4,13.36683442299909,3.23072
BASELINE_IDLE,4,13.42104298599952,3.23072
BASELINE_IDLE,4,13.475266451998323,3.190336
BASELINE_IDLE,4,13.529411621999316,3.190336
BASELINE_IDLE,4,13.583601505997649,3.190336
BASELINE_IDLE,4,13.63783188099842,3.190336
BASELINE_IDLE,4,13.691988916998525,3.190336
BASELINE_IDLE,4,13.746139075999963,3.190336
BASELINE_IDLE,4,13.800385794998874,3.190336
BASELINE_IDLE,4,13.854925935997016,3.190336
BASELINE_IDLE,4,13.90918148199853,3.149952
BASELINE_IDLE,4,13.963362153997878,3.149952
BASELINE_IDLE,4,14.017576409998583,3.149952
BASELINE_IDLE,4,14.071723434997693,3.149952
BASELINE_IDLE,4,14.125899628998013,3.149952
BASELINE_IDLE,4,14.180059606998839,3.149952
BASELINE_IDLE,4,14.234283361998678,3.149952
BASELINE_IDLE,4,14.288427731997217,3.149952
BASELINE_IDLE,4,14.342588829997112,3.149952
BASELINE_IDLE,4,14.39681594299691,3.149952
BASELINE_IDLE,4,14.450959065998177,3.149952
BASELINE_IDLE,4,14.505154610997124,3.149952
BASELINE_IDLE,4,14.559336177997466,3.149952
BASELINE_IDLE,4,14.613467530998605,3.149952
BASELINE_IDLE,4,14.667605088998243,3.149952
BASELINE_IDLE,4,14.721737464999023,3.271104
BASELINE_IDLE,4,14.776396201999887,3.351872
BASELINE_IDLE,4,14.832015609998052,3.351872
BASELINE_IDLE,4,14.886441536000348,3.311488
BASELINE_IDLE,4,14.94066931999987,3.311488
BASELINE_IDLE,4,14.995160236998345,3.271104
STAGE_MODEL_POLICY,4,0.0006302120018517599,3.271104
STAGE_MODEL_POLICY,4,0.055228468001587316,3.553792
STAGE_MODEL_POLICY,4,0.10949869500109344,3.8304
STAGE_MODEL_POLICY,4,0.16380586400191532,4.032
STAGE_MODEL_POLICY,4,0.21797140700073214,4.2336
STAGE_MODEL_POLICY,4,0.27219093999883626,4.35456
STAGE_MODEL_POLICY,4,0.3263991179992445,4.508672
STAGE_MODEL_POLICY,4,0.38056606900136103,4.669696
STAGE_MODEL_POLICY,4,0.43473394800093956,4.709952
STAGE_MODEL_POLICY,4,0.48887419200036675,4.870976
STAGE_MODEL_POLICY,4,0.543059629999334,4.991744
STAGE_MODEL_POLICY,4,0.5975102150005114,5.032
STAGE_MODEL_POLICY,4,0.6525940190003894,5.152768
STAGE_MODEL_POLICY,4,0.7069236409988662,5.23328
STAGE_MODEL_POLICY,4,0.7613166230003117,5.273536
STAGE_MODEL_POLICY,4,0.8154959519997647,5.385728
STAGE_MODEL_POLICY,4,0.8699031979995198,5.385728
STAGE_MODEL_POLICY,4,0.9241994930016517,5.42592
STAGE_MODEL_POLICY,4,0.9784719910021522,5.506304
STAGE_MODEL_POLICY,4,1.0327552359995025,5.474816
STAGE_MODEL_POLICY,4,1.0870897189997777,5.546496
STAGE_MODEL_POLICY,4,1.1412613710017467,5.546496
STAGE_MODEL_POLICY,4,1.1954798170008871,5.555328
STAGE_MODEL_POLICY,4,1.249659369001165,5.62688
STAGE_MODEL_POLICY,4,1.303837098999793,5.595584
STAGE_MODEL_POLICY,4,1.3580154359988228,5.62688
STAGE_MODEL_POLICY,4,1.412177812999289,5.667072
STAGE_MODEL_POLICY,4,1.4663919090016861,5.63584
STAGE_MODEL_POLICY,4,1.5206648550010868,5.667072
STAGE_MODEL_POLICY,4,1.574850740002148,5.667072
STAGE_MODEL_POLICY,4,1.629069601000083,5.676096
STAGE_MODEL_POLICY,4,1.6833431869999913,5.707264
STAGE_MODEL_POLICY,4,1.7377734940018854,5.707264
STAGE_MODEL_POLICY,4,1.7920527089991083,5.707264
STAGE_MODEL_POLICY,4,1.8462912720024178,5.787648
STAGE_MODEL_POLICY,4,1.9005651459992805,5.667072
STAGE_MODEL_POLICY,4,1.9549599829988438,5.747456
STAGE_MODEL_POLICY,4,2.0091493540021474,5.747456
STAGE_MODEL_POLICY,4,2.0635262159994454,5.707264
STAGE_MODEL_POLICY,4,2.11778384200079,5.747456
STAGE_MODEL_POLICY,4,2.171983257001557,5.747456
STAGE_MODEL_POLICY,4,2.2261533420023625,5.747456
STAGE_MODEL_POLICY,4,2.280297168999823,5.787648
STAGE_MODEL_POLICY,4,2.3344592260000354,5.716352
STAGE_MODEL_POLICY,4,2.3886330220011587,5.747456
STAGE_MODEL_POLICY,4,2.443046440999751,5.787648
STAGE_MODEL_POLICY,4,2.4974032810023346,5.716352
STAGE_MODEL_POLICY,4,2.551690971999051,5.787648
STAGE_MODEL_POLICY,4,2.6059160379991226,5.756608
STAGE_MODEL_POLICY,4,2.6601567120014806,5.756608
STAGE_MODEL_POLICY,4,2.714337768000405,5.82784
STAGE_MODEL_POLICY,4,2.7686581460002344,5.868032
STAGE_MODEL_POLICY,4,2.823185908000596,5.908224
STAGE_MODEL_POLICY,4,2.878006932001881,5.948416
STAGE_MODEL_POLICY,4,2.932214919001126,5.82784
STAGE_MODEL_POLICY,4,2.9867669890008983,5.868032
STAGE_MODEL_POLICY,4,3.0409653480019188,5.868032
STAGE_MODEL_POLICY,4,3.0951962350009126,5.82784
STAGE_MODEL_POLICY,4,3.1493171290021564,5.868032
STAGE_MODEL_POLICY,4,3.2034829610020097,5.787648
STAGE_MODEL_POLICY,4,3.257708826000453,5.82784
STAGE_MODEL_POLICY,4,3.3119233380020887,5.868032
STAGE_MODEL_POLICY,4,3.3661414950001927,5.747456
STAGE_MODEL_POLICY,4,3.42035466300149,5.82784
STAGE_MODEL_POLICY,4,3.474468936001358,5.787648
STAGE_MODEL_POLICY,4,3.5286589480019757,5.747456
STAGE_MODEL_POLICY,4,3.58295808800176,5.82784
STAGE_MODEL_POLICY,4,3.637227420000272,5.747456
STAGE_MODEL_POLICY,4,3.6923842760006664,5.747456
STAGE_MODEL_POLICY,4,3.746509712000261,5.82784
STAGE_MODEL_POLICY,4,3.8006505640005344,5.716352
STAGE_MODEL_POLICY,4,3.8548976029996993,5.747456
STAGE_MODEL_POLICY,4,3.9093919420010934,5.787648
STAGE_MODEL_POLICY,4,3.9638007239991566,5.707264
STAGE_MODEL_POLICY,4,4.017958047999855,5.787648
STAGE_MODEL_POLICY,4,4.072107119001885,5.747456
STAGE_MODEL_POLICY,4,4.126284976999159,5.747456
STAGE_MODEL_POLICY,4,4.1805083799990825,5.787648
STAGE_MODEL_POLICY,4,4.234912619998795,5.707264
STAGE_MODEL_POLICY,4,4.2891819840006065,5.747456
STAGE_MODEL_POLICY,4,4.34377745600068,5.787648
STAGE_MODEL_POLICY,4,4.398345327001152,5.707264
STAGE_MODEL_POLICY,4,4.453034639998805,5.747456
STAGE_MODEL_POLICY,4,4.507680935999815,5.747456
STAGE_MODEL_POLICY,4,4.561891001001641,5.716352
STAGE_MODEL_POLICY,4,4.616107399000612,5.747456
STAGE_MODEL_POLICY,4,4.670292453000002,5.716352
STAGE_MODEL_POLICY,4,4.724454638999305,5.707264
STAGE_MODEL_POLICY,4,4.778969799001061,5.787648
STAGE_MODEL_POLICY,4,4.833810749001714,5.676096
STAGE_MODEL_POLICY,4,4.888048800999968,5.747456
STAGE_MODEL_POLICY,4,4.942297821999091,5.747456
STAGE_MODEL_POLICY,4,4.996552761000203,5.716352
STAGE_MODEL_POLICY,4,5.050798649001081,5.747456
STAGE_MODEL_POLICY,4,5.105052309001621,5.716352
STAGE_MODEL_POLICY,4,5.159283355002117,5.716352
STAGE_MODEL_POLICY,4,5.213408471001458,5.747456
STAGE_MODEL_POLICY,4,5.267584281999007,5.676096
STAGE_MODEL_POLICY,4,5.321904756001459,5.707264
STAGE_MODEL_POLICY,4,5.376087347001885,5.747456
STAGE_MODEL_POLICY,4,5.430265940001846,5.676096
STAGE_MODEL_POLICY,4,5.484690490000503,5.707264
STAGE_MODEL_POLICY,4,5.53907909100235,5.707264
STAGE_MODEL_POLICY,4,5.593315607002296,5.667072
STAGE_MODEL_POLICY,4,5.647545854000782,5.747456
STAGE_MODEL_POLICY,4,5.7017847370007075,5.667072
STAGE_MODEL_POLICY,4,5.756003853999573,5.707264
STAGE_MODEL_POLICY,4,5.810167223000462,5.82784
STAGE_MODEL_POLICY,4,5.864832037001179,5.787648
STAGE_MODEL_POLICY,4,5.919268997000472,5.82784
STAGE_MODEL_POLICY,4,5.973467804000393,5.82784
STAGE_MODEL_POLICY,4,6.027685353001289,5.787648
STAGE_MODEL_POLICY,4,6.081852784001967,5.82784
STAGE_MODEL_POLICY,4,6.136071773002186,5.747456
STAGE_MODEL_POLICY,4,6.190293928000756,5.747456
STAGE_MODEL_POLICY,4,6.244435356002214,5.787648
STAGE_MODEL_POLICY,4,6.298629684999469,5.707264
STAGE_MODEL_POLICY,4,6.353010320999601,5.747456
STAGE_MODEL_POLICY,4,6.407685242000298,5.747456
STAGE_MODEL_POLICY,4,6.461862076001125,5.707264
STAGE_MODEL_POLICY,4,6.5171812510016025,5.787648
STAGE_MODEL_POLICY,4,6.571597741000005,5.747456
STAGE_MODEL_POLICY,4,6.625977065999905,5.747456
STAGE_MODEL_POLICY,4,6.680315994999546,5.787648
STAGE_MODEL_POLICY,4,6.735512957999163,5.707264
STAGE_MODEL_POLICY,4,6.789707608000754,5.747456
STAGE_MODEL_POLICY,4,6.8438807310012635,5.787648
STAGE_MODEL_POLICY,4,6.8987595819999115,5.707264
STAGE_MODEL_POLICY,4,6.953031888999249,5.747456
STAGE_MODEL_POLICY,4,7.007279086999915,5.747456
STAGE_MODEL_POLICY,4,7.061467276002077,5.707264
STAGE_MODEL_POLICY,4,7.115699762001896,5.787648
STAGE_MODEL_POLICY,4,7.169912674002262,5.707264
STAGE_MODEL_POLICY,4,7.224081799999112,5.747456
STAGE_MODEL_POLICY,4,7.278205540002091,5.787648
STAGE_MODEL_POLICY,4,7.3324483889991825,5.707264
STAGE_MODEL_POLICY,4,7.3870344269998895,5.747456
STAGE_MODEL_POLICY,4,7.4412591729997075,5.747456
STAGE_MODEL_POLICY,4,7.4954953689994,5.707264
STAGE_MODEL_POLICY,4,7.549705179000739,5.908224
STAGE_MODEL_POLICY,4,7.603898612000194,5.988608
STAGE_MODEL_POLICY,4,7.6579790470023,6.099456
STAGE_MODEL_POLICY,4,7.711976546001097,6.259968
STAGE_MODEL_POLICY,4,7.766006254001695,6.259968
STAGE_MODEL_POLICY,4,7.8198474800010445,6.380352
STAGE_MODEL_POLICY,4,7.873631071001,6.450304
STAGE_MODEL_POLICY,4,7.927445494002313,6.530432
STAGE_MODEL_POLICY,4,7.98132059099953,6.61056
STAGE_MODEL_POLICY,4,8.035241200999735,6.570496
STAGE_MODEL_POLICY,4,8.089080667999951,6.650624
STAGE_MODEL_POLICY,4,8.142894803000672,6.730752
STAGE_MODEL_POLICY,4,8.197053597999911,6.690688
STAGE_MODEL_POLICY,4,8.250878640999872,6.770816
STAGE_MODEL_POLICY,4,8.304700068001694,6.72
STAGE_MODEL_POLICY,4,8.358617223999318,6.76
STAGE_MODEL_POLICY,4,8.412704279002355,6.84
STAGE_MODEL_POLICY,4,8.466800737001904,6.72
STAGE_MODEL_POLICY,4,8.520957996999641,6.8
STAGE_MODEL_POLICY,4,8.574782783001865,6.84
STAGE_MODEL_POLICY,4,8.628791797000304,6.8
STAGE_MODEL_POLICY,4,8.682674122999742,6.88
STAGE_MODEL_POLICY,4,8.736484772001859,6.84
STAGE_MODEL_POLICY,4,8.790279941000335,6.84
STAGE_MODEL_POLICY,4,8.844103224000719,6.92
STAGE_MODEL_POLICY,4,8.898230450999108,6.92
STAGE_MODEL_POLICY,4,8.952406709002389,7.0
STAGE_MODEL_POLICY,4,9.006395189000614,7.0
STAGE_MODEL_POLICY,4,9.060600681001233,7.0
STAGE_MODEL_POLICY,4,9.114805372999399,7.08
STAGE_MODEL_POLICY,4,9.169127445999038,6.96
STAGE_MODEL_POLICY,4,9.223629174000962,6.88
STAGE_MODEL_POLICY,4,9.278097446000174,6.8
STAGE_MODEL_POLICY,4,9.332311989001028,6.570496
STAGE_MODEL_POLICY,4,9.387023660001432,6.530432
STAGE_MODEL_POLICY,4,9.441221507000591,6.450304
STAGE_MODEL_POLICY,4,9.495750132999092,6.340224
STAGE_MODEL_POLICY,4,9.550387217001116,6.300096
STAGE_MODEL_POLICY,4,9.604534050002258,6.21984
STAGE_MODEL_POLICY,4,9.658739030001016,6.139584
STAGE_MODEL_POLICY,4,9.713469603000704,6.139584
STAGE_MODEL_POLICY,4,9.767608951999136,6.0288
STAGE_MODEL_POLICY,4,9.821824039001513,6.0288
STAGE_MODEL_POLICY,4,9.875948451001022,6.0288
STAGE_MODEL_POLICY,4,9.930391199999576,5.908224
STAGE_MODEL_POLICY,4,9.98469533000025,5.948416
STAGE_MODEL_POLICY,4,10.038807813001767,5.908224
STAGE_MODEL_POLICY,4,10.092966832002276,5.868032
STAGE_MODEL_POLICY,4,10.147094091000326,5.908224
STAGE_MODEL_POLICY,4,10.201705138999387,5.82784
STAGE_MODEL_POLICY,4,10.25593842500166,5.82784
STAGE_MODEL_POLICY,4,10.310160421002365,5.868032
STAGE_MODEL_POLICY,4,10.364543039999262,5.787648
STAGE_MODEL_POLICY,4,10.419109087000834,5.82784
STAGE_MODEL_POLICY,4,10.47424269000112,5.787648
STAGE_MODEL_POLICY,4,10.528743554001267,5.747456
STAGE_MODEL_POLICY,4,10.583045478000713,5.787648
STAGE_MODEL_POLICY,4,10.637257877999218,5.747456
STAGE_MODEL_POLICY,4,10.691454414001782,5.747456
STAGE_MODEL_POLICY,4,10.745974596000451,5.787648
STAGE_MODEL_POLICY,4,10.800141100000474,5.707264
STAGE_MODEL_POLICY,4,10.854314575000899,5.747456
STAGE_MODEL_POLICY,4,10.908840771000541,5.747456
STAGE_MODEL_POLICY,4,10.963215969000885,5.707264
STAGE_MODEL_POLICY,4,11.017379177999828,5.747456
STAGE_MODEL_POLICY,4,11.071700484000758,5.707264
STAGE_MODEL_POLICY,4,11.126008005001495,5.707264
STAGE_MODEL_POLICY,4,11.180251046000194,5.787648
STAGE_MODEL_POLICY,4,11.234519034002005,5.667072
STAGE_MODEL_POLICY,4,11.288861993001774,5.747456
STAGE_MODEL_POLICY,4,11.343088050001825,5.747456
STAGE_MODEL_POLICY,4,11.39724985200155,5.707264
STAGE_MODEL_POLICY,4,11.451361790001101,5.747456
STAGE_MODEL_POLICY,4,11.505511565999768,5.707264
STAGE_MODEL_POLICY,4,11.559659998001734,5.707264
STAGE_MODEL_POLICY,4,11.613811244998942,5.747456
STAGE_MODEL_POLICY,4,11.668041651999374,5.667072
STAGE_MODEL_POLICY,4,11.722215352001513,5.707264
STAGE_MODEL_POLICY,4,11.77633582999988,5.747456
STAGE_MODEL_POLICY,4,11.830498719002208,5.667072
STAGE_MODEL_POLICY,4,11.884616767001717,5.747456
STAGE_MODEL_POLICY,4,11.938838730002317,5.82784
STAGE_MODEL_POLICY,4,11.993189972999971,5.82784
STAGE_MODEL_POLICY,4,12.04754284700175,5.868032
STAGE_MODEL_POLICY,4,12.102181530000962,5.787648
STAGE_MODEL_POLICY,4,12.156487355001445,5.82784
STAGE_MODEL_POLICY,4,12.210735864999151,5.868032
STAGE_MODEL_POLICY,4,12.264967200000683,5.787648
STAGE_MODEL_POLICY,4,12.319611768001778,5.82784
STAGE_MODEL_POLICY,4,12.37384783699963,5.787648
STAGE_MODEL_POLICY,4,12.428070504000061,5.747456
STAGE_MODEL_POLICY,4,12.482221878999553,5.82784
STAGE_MODEL_POLICY,4,12.536400791999768,5.747456
STAGE_MODEL_POLICY,4,12.590609417999076,5.787648
STAGE_MODEL_POLICY,4,12.644881756001269,5.868032
STAGE_MODEL_POLICY,4,12.699220045000402,5.868032
STAGE_MODEL_POLICY,4,12.753683936000016,6.0192
STAGE_MODEL_POLICY,4,12.808913970999129,6.099456
STAGE_MODEL_POLICY,4,12.86444353600018,6.179712
STAGE_MODEL_POLICY,4,12.918494896999619,6.340224
STAGE_MODEL_POLICY,4,12.972545970002102,6.370176
STAGE_MODEL_POLICY,4,13.026838649999263,6.330112
STAGE_MODEL_POLICY,4,13.080942528002197,6.41024
STAGE_MODEL_POLICY,4,13.135128702000657,6.370176
STAGE_MODEL_POLICY,4,13.189088908002304,6.490368
STAGE_MODEL_POLICY,4,13.243160674999672,6.570496
STAGE_MODEL_POLICY,4,13.297075080001378,6.570496
STAGE_MODEL_POLICY,4,13.351061993002077,6.650624
STAGE_MODEL_POLICY,4,13.405024566000066,6.650624
STAGE_MODEL_POLICY,4,13.458928736999951,6.68
STAGE_MODEL_POLICY,4,13.51281358900087,6.76
STAGE_MODEL_POLICY,4,13.566667129001871,6.68
STAGE_MODEL_POLICY,4,13.620521756001835,6.76
STAGE_MODEL_POLICY,4,13.674409326999012,6.8
STAGE_MODEL_POLICY,4,13.72839623999971,6.76
STAGE_MODEL_POLICY,4,13.782306967001205,6.84
STAGE_MODEL_POLICY,4,13.836194057999819,6.76
STAGE_MODEL_POLICY,4,13.890069602999574,6.8
STAGE_MODEL_POLICY,4,13.943938527001592,6.84
STAGE_MODEL_POLICY,4,13.997848998002155,6.76
STAGE_MODEL_POLICY,4,14.051795291001326,6.88
STAGE_MODEL_POLICY,4,14.105801107001753,6.88
STAGE_MODEL_POLICY,4,14.16000992499903,6.88
STAGE_MODEL_POLICY,4,14.214001188000111,6.96
STAGE_MODEL_POLICY,4,14.268037612000626,6.88
STAGE_MODEL_POLICY,4,14.322063577001245,6.92
STAGE_MODEL_POLICY,4,14.375951051999436,6.92
STAGE_MODEL_POLICY,4,14.429926163000346,6.88
STAGE_MODEL_POLICY,4,14.483835035000084,6.92
STAGE_MODEL_POLICY,4,14.537683649999963,6.88
STAGE_MODEL_POLICY,4,14.591532136000751,6.88
STAGE_MODEL_POLICY,4,14.64538666700173,6.96
STAGE_MODEL_POLICY,4,14.699343675001728,6.84
STAGE_MODEL_POLICY,4,14.753225168999052,6.92
STAGE_MODEL_POLICY,4,14.807161067001289,6.92
STAGE_MODEL_POLICY,4,14.861149420001311,6.88
STAGE_MODEL_POLICY,4,14.915131279001798,6.92
STAGE_MODEL_POLICY,4,14.969068457001413,6.92
STAGE_MODEL_POLICY,4,15.023348631999397,7.08
STAGE_MODEL_POLICY,4,15.077692774000752,7.16
STAGE_MODEL_POLICY,4,15.132084955999744,7.04
STAGE_MODEL_POLICY,4,15.186320353001065,7.08
STAGE_MODEL_POLICY,4,15.240266838001844,7.0
STAGE_MODEL_POLICY,4,15.294233217999135,6.96
STAGE_MODEL_POLICY,4,15.348189394000656,7.0
STAGE_MODEL_POLICY,4,15.402060717002314,6.92
STAGE_MODEL_POLICY,4,15.455952509000781,6.92
STAGE_MODEL_POLICY,4,15.50988924000194,6.92
STAGE_MODEL_POLICY,4,15.56376759900013,6.84
STAGE_MODEL_POLICY,4,15.618024169001728,6.88
STAGE_MODEL_POLICY,4,15.671926580002037,6.84
STAGE_MODEL_POLICY,4,15.725788211999316,6.84
STAGE_MODEL_POLICY,4,15.779676198999368,6.88
STAGE_MODEL_POLICY,4,15.833557309000753,6.76
STAGE_MODEL_POLICY,4,15.887611644000572,6.84
STAGE_MODEL_POLICY,4,15.941665947000729,6.84
STAGE_MODEL_POLICY,4,15.995619597000768,6.8
STAGE_MODEL_POLICY,4,16.049528501000168,6.84
STAGE_MODEL_POLICY,4,16.10345816300105,6.76
STAGE_MODEL_POLICY,4,16.157334987001377,6.8
STAGE_MODEL_POLICY,4,16.211351997000747,6.84
STAGE_MODEL_POLICY,4,16.265252488999977,6.76
STAGE_MODEL_POLICY,4,16.319241224999132,6.8
STAGE_MODEL_POLICY,4,16.373228873999324,6.8
STAGE_MODEL_POLICY,4,16.427227013002266,6.76
STAGE_MODEL_POLICY,4,16.48110789900238,6.8
STAGE_MODEL_POLICY,4,16.53498369999943,6.72
STAGE_MODEL_POLICY,4,16.589102515001287,6.8
STAGE_MODEL_POLICY,4,16.64320706500075,6.84
STAGE_MODEL_POLICY,4,16.69735191500149,6.76
STAGE_MODEL_POLICY,4,16.75161990400011,6.84
STAGE_MODEL_POLICY,4,16.80567024099946,6.76
STAGE_MODEL_POLICY,4,16.860182011001598,6.61056
STAGE_MODEL_POLICY,4,16.914466727001127,6.570496
STAGE_MODEL_POLICY,4,16.968732348999765,6.370176
STAGE_MODEL_POLICY,4,17.02334771599999,6.330112
STAGE_MODEL_POLICY,4,17.077681527000095,6.300096
STAGE_MODEL_POLICY,4,17.13287132700134,6.139584
STAGE_MODEL_POLICY,4,17.187124570002197,6.139584
STAGE_MODEL_POLICY,4,17.241342760000407,6.099456
STAGE_MODEL_POLICY,4,17.295533250999142,6.0192
STAGE_MODEL_POLICY,4,17.34978278500057,6.0192
STAGE_MODEL_POLICY,4,17.404555928002083,5.948416
STAGE_MODEL_POLICY,4,17.458749905999866,5.948416
STAGE_MODEL_POLICY,4,17.512931825000123,5.948416
STAGE_MODEL_POLICY,4,17.567148862999602,5.82784
STAGE_MODEL_POLICY,4,17.62142056200173,5.868032
STAGE_MODEL_POLICY,4,17.67565688600007,5.868032
STAGE_MODEL_POLICY,4,17.73023364799883,5.82784
STAGE_MODEL_POLICY,4,17.78451801200208,5.82784
STAGE_MODEL_POLICY,4,17.839033909000136,5.82784
STAGE_MODEL_POLICY,4,17.89468776400099,5.82784
STAGE_MODEL_POLICY,4,17.948850044998835,5.868032
STAGE_MODEL_POLICY,4,18.003061613999307,5.787648
STAGE_MODEL_POLICY,4,18.05739241899937,5.908224
STAGE_MODEL_POLICY,4,18.111642912001116,5.988608
STAGE_MODEL_POLICY,4,18.16618820200165,5.868032
STAGE_MODEL_POLICY,4,18.220395133001148,5.908224
STAGE_MODEL_POLICY,4,18.274578779000876,5.908224
STAGE_MODEL_POLICY,4,18.32876795899938,5.82784
STAGE_MODEL_POLICY,4,18.38303195000117,5.868032
STAGE_MODEL_POLICY,4,18.437181629000406,5.82784
STAGE_MODEL_POLICY,4,18.4913547210017,5.82784
STAGE_MODEL_POLICY,4,18.54549595700155,5.868032
STAGE_MODEL_POLICY,4,18.60024975000124,5.747456
STAGE_MODEL_POLICY,4,18.654609437002364,5.787648
STAGE_MODEL_POLICY,4,18.708839332000935,5.787648
STAGE_MODEL_POLICY,4,18.763798623000184,5.747456
STAGE_MODEL_POLICY,4,18.817965861999255,5.787648
STAGE_MODEL_POLICY,4,18.872224799000833,5.747456
STAGE_MODEL_POLICY,4,18.926413563000096,5.747456
STAGE_MODEL_POLICY,4,18.980626475000463,5.787648
STAGE_MODEL_POLICY,4,19.034787316999427,5.707264
STAGE_MODEL_POLICY,4,19.088943105001817,5.747456
STAGE_MODEL_POLICY,4,19.143072283000947,5.787648
STAGE_MODEL_POLICY,4,19.19844215199919,5.707264
STAGE_MODEL_POLICY,4,19.25276588899942,5.747456
STAGE_MODEL_POLICY,4,19.306962360999023,5.747456
STAGE_MODEL_POLICY,4,19.361237034001533,5.707264
STAGE_MODEL_POLICY,4,19.415393111001322,5.747456
STAGE_MODEL_POLICY,4,19.469553728999017,5.707264
STAGE_MODEL_POLICY,4,19.523742557001242,5.707264
STAGE_MODEL_POLICY,4,19.577890668999316,5.747456
STAGE_MODEL_POLICY,4,19.63205579699934,5.667072
STAGE_MODEL_POLICY,4,19.686284125000384,5.747456
STAGE_MODEL_POLICY,4,19.740444359998946,5.707264
STAGE_MODEL_POLICY,4,19.794612334000703,5.707264
STAGE_MODEL_POLICY,4,19.848841237999295,5.747456
STAGE_MODEL_POLICY,4,19.90302642000097,5.667072
STAGE_MODEL_POLICY,4,19.95717370100101,5.707264
STAGE_MODEL_POLICY,4,20.011302751001494,5.747456
STAGE_MODEL_POLICY,4,20.065482751000673,5.676096
STAGE_MODEL_POLICY,4,20.11968718800199,5.707264
STAGE_MODEL_POLICY,4,20.173849085000256,5.747456
STAGE_MODEL_POLICY,4,20.228197193002416,5.747456
STAGE_MODEL_POLICY,4,20.282506665000255,5.82784
STAGE_MODEL_POLICY,4,20.336702082000556,5.82784
STAGE_MODEL_POLICY,4,20.391686480001226,5.858688
STAGE_MODEL_POLICY,4,20.446987391998846,5.938944
STAGE_MODEL_POLICY,4,20.501174748002086,5.81856
STAGE_MODEL_POLICY,4,20.555357403001835,5.858688
STAGE_MODEL_POLICY,4,20.609490899001685,5.858688
STAGE_MODEL_POLICY,4,20.663931473001867,5.787648
STAGE_MODEL_POLICY,4,20.718516903001728,5.82784
STAGE_MODEL_POLICY,4,20.77289059800023,5.787648
STAGE_MODEL_POLICY,4,20.827686451000773,5.787648
STAGE_MODEL_POLICY,4,20.882983843999682,5.82784
STAGE_MODEL_POLICY,4,20.937182172001485,5.747456
STAGE_MODEL_POLICY,4,20.991423228999338,5.787648
STAGE_MODEL_POLICY,4,21.04577248900023,5.82784
STAGE_MODEL_POLICY,4,21.10044389199902,5.747456
STAGE_MODEL_POLICY,4,21.154947954000818,5.948416
STAGE_MODEL_POLICY,4,21.20935504099907,5.908224
STAGE_MODEL_POLICY,4,21.263809367999784,5.868032
STAGE_MODEL_POLICY,4,21.318212809001125,5.908224
STAGE_MODEL_POLICY,4,21.37248904900116,5.82784
STAGE_MODEL_POLICY,4,21.42666294100127,5.82784
STAGE_MODEL_POLICY,4,21.48080257699985,5.868032
STAGE_MODEL_POLICY,4,21.534957758001838,5.787648
STAGE_MODEL_POLICY,4,21.589183176001825,5.787648
STAGE_MODEL_POLICY,4,21.64343021500099,5.82784
STAGE_MODEL_POLICY,4,21.697684546001256,5.747456
STAGE_MODEL_POLICY,4,21.752561830002378,5.787648
STAGE_MODEL_POLICY,4,21.806752417000098,5.747456
STAGE_MODEL_POLICY,4,21.860927747999085,5.707264
STAGE_MODEL_POLICY,4,21.915089325000736,5.747456
STAGE_MODEL_POLICY,4,21.969228450001538,5.707264
STAGE_MODEL_POLICY,4,22.023404069001117,5.707264
STAGE_MODEL_POLICY,4,22.07750945099906,5.747456
STAGE_MODEL_POLICY,4,22.13173096600076,5.667072
STAGE_MODEL_POLICY,4,22.185923377001018,5.707264
STAGE_MODEL_POLICY,4,22.240081724001357,5.707264
STAGE_MODEL_POLICY,4,22.294258813999477,5.667072
STAGE_MODEL_POLICY,4,22.348490340002172,5.747456
STAGE_MODEL_POLICY,4,22.40265051100141,5.667072
STAGE_MODEL_POLICY,4,22.45687695200104,5.707264
STAGE_MODEL_POLICY,4,22.511097028000222,5.747456
STAGE_MODEL_POLICY,4,22.565273479001917,5.667072
STAGE_MODEL_POLICY,4,22.61943918199904,5.707264
STAGE_MODEL_POLICY,4,22.673550161001913,5.707264
STAGE_MODEL_POLICY,4,22.727766304000397,5.707264
STAGE_MODEL_POLICY,4,22.78194384100061,5.747456
STAGE_MODEL_POLICY,4,22.836123810000572,5.667072
STAGE_MODEL_POLICY,4,22.89029098500032,5.707264
STAGE_MODEL_POLICY,4,22.94443877700178,5.747456
STAGE_MODEL_POLICY,4,22.998600995000743,5.667072
STAGE_MODEL_POLICY,4,23.052967718002037,5.707264
STAGE_MODEL_POLICY,4,23.107141257001786,5.707264
STAGE_MODEL_POLICY,4,23.161330820999865,5.667072
STAGE_MODEL_POLICY,4,23.215479828999378,5.747456
STAGE_MODEL_POLICY,4,23.26966785699915,5.667072
STAGE_MODEL_POLICY,4,23.323910834002163,5.707264
STAGE_MODEL_POLICY,4,23.378078777001065,5.747456
STAGE_MODEL_POLICY,4,23.43233480300114,5.676096
STAGE_MODEL_POLICY,4,23.48652248000144,5.747456
STAGE_MODEL_POLICY,4,23.540662948002137,5.787648
STAGE_MODEL_POLICY,4,23.59483172199907,5.787648
STAGE_MODEL_POLICY,4,23.649171451001166,5.858688
STAGE_MODEL_POLICY,4,23.703905638001743,5.858688
STAGE_MODEL_POLICY,4,23.75826423699982,5.898816
STAGE_MODEL_POLICY,4,23.813039843000297,5.979072
STAGE_MODEL_POLICY,4,23.867685019002238,5.938944
STAGE_MODEL_POLICY,4,23.92188939100015,5.979072
STAGE_MODEL_POLICY,4,23.976418881000427,6.0096
STAGE_MODEL_POLICY,4,24.032068674001493,5.969536
STAGE_MODEL_POLICY,4,24.086544942001638,6.0096
STAGE_MODEL_POLICY,4,24.140746979999676,6.0096
STAGE_MODEL_POLICY,4,24.194955861999915,6.089728
STAGE_MODEL_POLICY,4,24.249347979999584,6.20992
STAGE_MODEL_POLICY,4,24.303807553002116,6.129792
STAGE_MODEL_POLICY,4,24.358092013000714,6.169856
STAGE_MODEL_POLICY,4,24.41236435099927,6.20992
STAGE_MODEL_POLICY,4,24.46665463300087,6.089728
STAGE_MODEL_POLICY,4,24.52091459300209,6.129792
STAGE_MODEL_POLICY,4,24.575086053999257,6.129792
STAGE_MODEL_POLICY,4,24.62928588399882,6.089728
STAGE_MODEL_POLICY,4,24.683514275999187,6.169856
STAGE_MODEL_POLICY,4,24.73767361499995,6.089728
STAGE_MODEL_POLICY,4,24.791874245001964,6.089728
STAGE_MODEL_POLICY,4,24.846280756999477,6.169856
STAGE_MODEL_POLICY,4,24.900498562001303,6.049664
STAGE_MODEL_POLICY,4,24.955160273999354,6.129792
STAGE_MODEL_POLICY,4,25.00933253400217,6.129792
STAGE_MODEL_POLICY,4,25.063496253998892,6.089728
STAGE_MODEL_POLICY,4,25.117706799999723,6.129792
STAGE_MODEL_POLICY,4,25.172004660998937,6.089728
STAGE_MODEL_POLICY,4,25.22619198599932,6.089728
STAGE_MODEL_POLICY,4,25.280340386001626,6.129792
STAGE_MODEL_POLICY,4,25.334539352999855,6.049664
STAGE_MODEL_POLICY,4,25.388713244999963,6.089728
STAGE_MODEL_POLICY,4,25.44288384199899,6.129792
STAGE_MODEL_POLICY,4,25.49703876700005,6.089728
STAGE_MODEL_POLICY,4,25.551215792998846,6.129792
STAGE_MODEL_POLICY,4,25.605394578000414,6.089728
STAGE_MODEL_POLICY,4,25.659621179001988,6.089728
STAGE_MODEL_POLICY,4,25.71380457000123,6.129792
STAGE_MODEL_POLICY,4,25.768000402000325,6.049664
STAGE_MODEL_POLICY,4,25.822304181001527,6.089728
STAGE_MODEL_POLICY,4,25.876469756000006,6.089728
STAGE_MODEL_POLICY,4,25.930644192001637,6.049664
STAGE_MODEL_POLICY,4,25.98480624900185,6.089728
STAGE_MODEL_POLICY,4,26.03892167400045,6.089728
STAGE_MODEL_POLICY,4,26.093122496000433,6.049664
STAGE_MODEL_POLICY,4,26.147245885000302,6.129792
STAGE_MODEL_POLICY,4,26.20140544700189,6.049664
STAGE_MODEL_POLICY,4,26.255577163999988,6.089728
STAGE_MODEL_POLICY,4,26.309815631000674,6.089728
STAGE_MODEL_POLICY,4,26.364051602999098,5.969536
STAGE_MODEL_POLICY,4,26.418287415999657,6.0096
STAGE_MODEL_POLICY,4,26.472452895999595,5.938944
STAGE_MODEL_POLICY,4,26.526595571001963,5.898816
STAGE_MODEL_POLICY,4,26.580729961999168,5.938944
STAGE_MODEL_POLICY,4,26.634841900999163,5.81856
STAGE_MODEL_POLICY,4,26.689020077999885,5.81856
STAGE_MODEL_POLICY,4,26.743144010000833,5.81856
STAGE_MODEL_POLICY,4,26.7973501100023,5.787648
STAGE_MODEL_POLICY,4,26.85177347699937,5.82784
STAGE_MODEL_POLICY,4,26.905916630999855,5.787648
STAGE_MODEL_POLICY,4,26.96007117300178,5.747456
STAGE_MODEL_POLICY,4,27.01417920899985,5.787648
STAGE_MODEL_POLICY,4,27.068311712999275,5.707264
STAGE_MODEL_POLICY,4,27.122478568002407,5.747456
STAGE_MODEL_POLICY,4,27.176615645999846,5.747456
STAGE_MODEL_POLICY,4,27.230814229002135,5.707264
STAGE_MODEL_POLICY,4,27.28551099499964,5.908224
STAGE_MODEL_POLICY,4,27.33996874500008,5.868032
STAGE_MODEL_POLICY,4,27.394214632000512,5.82784
STAGE_MODEL_POLICY,4,27.44840566700077,5.868032
STAGE_MODEL_POLICY,4,27.502755247001915,5.787648
STAGE_MODEL_POLICY,4,27.557065998000326,5.82784
STAGE_MODEL_POLICY,4,27.61121823600115,5.82784
STAGE_MODEL_POLICY,4,27.66542327999923,5.747456
STAGE_MODEL_POLICY,4,27.719627747999766,5.787648
STAGE_MODEL_POLICY,4,27.773756159000186,5.787648
STAGE_MODEL_POLICY,4,27.82838406299925,5.747456
STAGE_MODEL_POLICY,4,27.883516195000993,5.787648
STAGE_MODEL_POLICY,4,27.937692645002244,5.747456
STAGE_MODEL_POLICY,4,27.992385060999368,5.747456
STAGE_MODEL_POLICY,4,28.04751853700145,5.787648
STAGE_MODEL_POLICY,4,28.101681809999718,5.707264
STAGE_MODEL_POLICY,4,28.155865041000652,5.747456
STAGE_MODEL_POLICY,4,28.209981040999992,5.747456
STAGE_MODEL_POLICY,4,28.264113896999334,5.707264
STAGE_MODEL_POLICY,4,28.318835643000057,5.747456
STAGE_MODEL_POLICY,4,28.373000291001517,5.747456
STAGE_MODEL_POLICY,4,28.427772955001274,5.707264
STAGE_MODEL_POLICY,4,28.482172588999674,5.787648
STAGE_MODEL_POLICY,4,28.536430151001696,5.707264
STAGE_MODEL_POLICY,4,28.59068035599921,5.747456
STAGE_MODEL_POLICY,4,28.64487865100091,5.787648
STAGE_MODEL_POLICY,4,28.699086446002184,5.707264
STAGE_MODEL_POLICY,4,28.753351459999976,5.747456
STAGE_MODEL_POLICY,4,28.80748348400084,5.747456
STAGE_MODEL_POLICY,4,28.86174597200079,5.707264
STAGE_MODEL_POLICY,4,28.915882026001782,5.747456
STAGE_MODEL_POLICY,4,28.970009380998818,5.707264
STAGE_MODEL_POLICY,4,29.024179338000977,5.707264
STAGE_MODEL_POLICY,4,29.07832134199998,5.747456
STAGE_MODEL_POLICY,4,29.13249606500176,5.667072
STAGE_MODEL_POLICY,4,29.18675305099896,5.707264
STAGE_MODEL_POLICY,4,29.24089003300105,5.707264
STAGE_MODEL_POLICY,4,29.295081451000442,5.707264
STAGE_MODEL_POLICY,4,29.349279779002245,5.747456
STAGE_MODEL_POLICY,4,29.403420918999473,5.676096
STAGE_MODEL_POLICY,4,29.457584479001525,5.707264
STAGE_MODEL_POLICY,4,29.51178338200043,5.747456
STAGE_MODEL_POLICY,4,29.565937668001425,5.676096
STAGE_MODEL_POLICY,4,29.620276533001743,5.747456
STAGE_MODEL_POLICY,4,29.674450392001745,5.787648
STAGE_MODEL_POLICY,4,29.728672260000167,5.787648
STAGE_MODEL_POLICY,4,29.782822578999912,5.858688
STAGE_MODEL_POLICY,4,29.83697360199949,5.81856
STAGE_MODEL_POLICY,4,29.891150819999893,5.898816
STAGE_MODEL_POLICY,4,29.945330212001863,5.979072
STAGE_MODEL_POLICY,4,29.999611826002365,5.898816
STAGE_FULL_PIPELINE,4,0.00044947100104764104,5.698176
STAGE_FULL_PIPELINE,4,0.055203361000167206,5.698176
STAGE_FULL_PIPELINE,4,0.10931149300085963,5.738304
STAGE_FULL_PIPELINE,4,0.16345963800267782,5.778432
STAGE_FULL_PIPELINE,4,0.21760663100212696,5.858688
STAGE_FULL_PIPELINE,4,0.271852198002307,5.929472
STAGE_FULL_PIPELINE,4,0.3262268850012333,6.0096
STAGE_FULL_PIPELINE,4,0.3806631090010342,6.089728
STAGE_FULL_PIPELINE,4,0.43483329100126866,6.0096
STAGE_FULL_PIPELINE,4,0.489250645001448,6.089728
STAGE_FULL_PIPELINE,4,0.5434204740013229,6.089728
STAGE_FULL_PIPELINE,4,0.5976567020006769,6.049664
STAGE_FULL_PIPELINE,4,0.6518249330001709,6.129792
STAGE_FULL_PIPELINE,4,0.7059526070006541,6.049664
STAGE_FULL_PIPELINE,4,0.7600481059998856,6.089728
STAGE_FULL_PIPELINE,4,0.8153237500009709,6.129792
STAGE_FULL_PIPELINE,4,0.8694558390016027,6.0096
STAGE_FULL_PIPELINE,4,0.9236709580000024,6.0096
STAGE_FULL_PIPELINE,4,0.977756477001094,6.0096
STAGE_FULL_PIPELINE,4,1.032282929001667,5.938944
STAGE_FULL_PIPELINE,4,1.0868699250022473,5.979072
STAGE_FULL_PIPELINE,4,1.1424940670003707,5.938944
STAGE_FULL_PIPELINE,4,1.1966282350003894,5.898816
STAGE_FULL_PIPELINE,4,1.2507378070004052,5.938944
STAGE_FULL_PIPELINE,4,1.3049017190023733,5.858688
STAGE_FULL_PIPELINE,4,1.3591924800020934,5.858688
STAGE_FULL_PIPELINE,4,1.4134863760009466,5.858688
STAGE_FULL_PIPELINE,4,1.4697900819992356,5.787648
STAGE_FULL_PIPELINE,4,1.5240881350000564,5.82784
STAGE_FULL_PIPELINE,4,1.5783161750005092,5.82784
STAGE_FULL_PIPELINE,4,1.6329261690007115,5.747456
STAGE_FULL_PIPELINE,4,1.688243616001273,5.787648
STAGE_FULL_PIPELINE,4,1.742847117002384,5.787648
STAGE_FULL_PIPELINE,4,1.7970515529996192,5.747456
STAGE_FULL_PIPELINE,4,1.85157080800127,5.787648
STAGE_FULL_PIPELINE,4,1.9061358960025245,5.747456
STAGE_FULL_PIPELINE,4,1.9605547530009062,5.747456
STAGE_FULL_PIPELINE,4,2.0148807920013496,5.787648
STAGE_FULL_PIPELINE,4,2.0692288360005477,5.707264
STAGE_FULL_PIPELINE,4,2.1233813620019646,5.747456
STAGE_FULL_PIPELINE,4,2.177668956999696,5.747456
STAGE_FULL_PIPELINE,4,2.232587787999364,5.707264
STAGE_FULL_PIPELINE,4,2.2871396340015053,5.747456
STAGE_FULL_PIPELINE,4,2.3416408500015677,5.747456
STAGE_FULL_PIPELINE,4,2.3965036129993678,5.707264
STAGE_FULL_PIPELINE,4,2.450839248002012,5.747456
STAGE_FULL_PIPELINE,4,2.5056866580016504,5.707264
STAGE_FULL_PIPELINE,4,2.5598781730004703,5.707264
STAGE_FULL_PIPELINE,4,2.614101032002509,5.787648
STAGE_FULL_PIPELINE,4,2.6685337380004057,5.707264
STAGE_FULL_PIPELINE,4,2.72316071500245,5.747456
STAGE_FULL_PIPELINE,4,2.7776718140012235,5.747456
STAGE_FULL_PIPELINE,4,2.8322100350014807,5.707264
STAGE_FULL_PIPELINE,4,2.8870925000010175,5.747456
STAGE_FULL_PIPELINE,4,2.941602735001652,5.747456
STAGE_FULL_PIPELINE,4,2.9963235530012753,5.707264
STAGE_FULL_PIPELINE,4,3.050665808001213,5.787648
STAGE_FULL_PIPELINE,4,3.105000611001742,5.707264
STAGE_FULL_PIPELINE,4,3.1595349939998414,5.747456
STAGE_FULL_PIPELINE,4,3.21441288600181,5.787648
STAGE_FULL_PIPELINE,4,3.2688904970018484,5.707264
STAGE_FULL_PIPELINE,4,3.3236020080003073,5.82784
STAGE_FULL_PIPELINE,4,3.378079075999267,5.908224
STAGE_FULL_PIPELINE,4,3.432727354000235,5.868032
STAGE_FULL_PIPELINE,4,3.486958785000752,5.908224
STAGE_FULL_PIPELINE,4,3.541128294000373,5.868032
STAGE_FULL_PIPELINE,4,3.595366985002329,5.82784
STAGE_FULL_PIPELINE,4,3.6495808889994805,5.868032
STAGE_FULL_PIPELINE,4,3.7042482620017836,5.82784
STAGE_FULL_PIPELINE,4,3.7583857550016546,5.82784
STAGE_FULL_PIPELINE,4,3.8129539780020423,5.868032
STAGE_FULL_PIPELINE,4,3.86762342899965,5.787648
STAGE_FULL_PIPELINE,4,3.9222668140027963,5.82784
STAGE_FULL_PIPELINE,4,3.9764923590009857,5.82784
STAGE_FULL_PIPELINE,4,4.0306771579998895,5.787648
STAGE_FULL_PIPELINE,4,4.084895667001547,5.82784
STAGE_FULL_PIPELINE,4,4.139100871001574,5.787648
STAGE_FULL_PIPELINE,4,4.193329007001012,5.787648
STAGE_FULL_PIPELINE,4,4.2476344170027005,5.82784
STAGE_FULL_PIPELINE,4,4.302093764999881,5.747456
STAGE_FULL_PIPELINE,4,4.35757410700171,5.787648
STAGE_FULL_PIPELINE,4,4.4121761370006425,5.82784
STAGE_FULL_PIPELINE,4,4.46780913800103,5.747456
STAGE_FULL_PIPELINE,4,4.522130347999337,5.82784
STAGE_FULL_PIPELINE,4,4.5763779310000245,5.82784
STAGE_FULL_PIPELINE,4,4.630552558002819,5.787648
STAGE_FULL_PIPELINE,4,4.6846735479994095,5.82784
STAGE_FULL_PIPELINE,4,4.738775634999911,5.787648
STAGE_FULL_PIPELINE,4,4.792890196000371,5.787648
STAGE_FULL_PIPELINE,4,4.847000088000641,5.82784
STAGE_FULL_PIPELINE,4,4.901610081000399,5.756608
STAGE_FULL_PIPELINE,4,4.955759217002196,5.787648
STAGE_FULL_PIPELINE,4,5.009888459000649,5.787648
STAGE_FULL_PIPELINE,4,5.064000301001215,5.747456
STAGE_FULL_PIPELINE,4,5.118086812999536,5.787648
STAGE_FULL_PIPELINE,4,5.172397020000062,5.747456
STAGE_FULL_PIPELINE,4,5.226506912000332,5.747456
STAGE_FULL_PIPELINE,4,5.280687583999679,5.82784
STAGE_FULL_PIPELINE,4,5.334896274001949,5.707264
STAGE_FULL_PIPELINE,4,5.389025676002348,5.747456
STAGE_FULL_PIPELINE,4,5.443138286002068,5.747456
STAGE_FULL_PIPELINE,4,5.497304533000715,5.707264
STAGE_FULL_PIPELINE,4,5.551420245999907,5.787648
STAGE_FULL_PIPELINE,4,5.605680142001802,5.707264
STAGE_FULL_PIPELINE,4,5.659786100000929,5.747456
STAGE_FULL_PIPELINE,4,5.713924744999531,5.787648
STAGE_FULL_PIPELINE,4,5.768032588999631,5.716352
STAGE_FULL_PIPELINE,4,5.8222484120015,5.747456
STAGE_FULL_PIPELINE,4,5.876368217999698,5.747456
STAGE_FULL_PIPELINE,4,5.930449260002206,5.716352
STAGE_FULL_PIPELINE,4,5.984559407999768,5.747456
STAGE_FULL_PIPELINE,4,6.03869162400224,5.707264
STAGE_FULL_PIPELINE,4,6.092773977001343,5.747456
STAGE_FULL_PIPELINE,4,6.146900756000832,5.787648
STAGE_FULL_PIPELINE,4,6.201009432999854,5.707264
STAGE_FULL_PIPELINE,4,6.2552556400005415,5.747456
STAGE_FULL_PIPELINE,4,6.309430683002574,5.747456
STAGE_FULL_PIPELINE,4,6.36355477500183,5.707264
STAGE_FULL_PIPELINE,4,6.417984539002646,5.787648
STAGE_FULL_PIPELINE,4,6.472339874999307,5.707264
STAGE_FULL_PIPELINE,4,6.526508554001339,5.747456
STAGE_FULL_PIPELINE,4,6.580747276999318,5.787648
STAGE_FULL_PIPELINE,4,6.635128616002476,5.707264
STAGE_FULL_PIPELINE,4,6.689332285001001,5.747456
STAGE_FULL_PIPELINE,4,6.743501250999543,5.747456
STAGE_FULL_PIPELINE,4,6.7976322200011055,5.707264
STAGE_FULL_PIPELINE,4,6.851748380002391,5.747456
STAGE_FULL_PIPELINE,4,6.905950642001699,5.707264
STAGE_FULL_PIPELINE,4,6.960086728002352,5.707264
STAGE_FULL_PIPELINE,4,7.014306932000181,5.787648
STAGE_FULL_PIPELINE,4,7.068612662002124,5.707264
STAGE_FULL_PIPELINE,4,7.1228352329999325,5.747456
STAGE_FULL_PIPELINE,4,7.1769930370028305,5.747456
STAGE_FULL_PIPELINE,4,7.231172268999217,5.707264
STAGE_FULL_PIPELINE,4,7.285341235001397,5.747456
STAGE_FULL_PIPELINE,4,7.339497951001249,5.707264
STAGE_FULL_PIPELINE,4,7.39376478900158,5.747456
STAGE_FULL_PIPELINE,4,7.447876087000623,5.787648
STAGE_FULL_PIPELINE,4,7.5020378890003485,5.707264
STAGE_FULL_PIPELINE,4,7.556167163002101,5.747456
STAGE_FULL_PIPELINE,4,7.611367388999497,5.787648
STAGE_FULL_PIPELINE,4,7.6667909269999654,5.707264
STAGE_FULL_PIPELINE,4,7.721003775001009,5.787648
STAGE_FULL_PIPELINE,4,7.775153743001283,5.787648
STAGE_FULL_PIPELINE,4,7.829264497999247,5.747456
STAGE_FULL_PIPELINE,4,7.883405158001551,5.787648
STAGE_FULL_PIPELINE,4,7.937580137000623,5.747456
STAGE_FULL_PIPELINE,4,7.991855354001018,5.747456
STAGE_FULL_PIPELINE,4,8.046037273001275,5.82784
STAGE_FULL_PIPELINE,4,8.100235664001957,5.707264
STAGE_FULL_PIPELINE,4,8.154367177001404,5.787648
STAGE_FULL_PIPELINE,4,8.208489734002796,5.787648
STAGE_FULL_PIPELINE,4,8.262608741002623,5.747456
STAGE_FULL_PIPELINE,4,8.316723014999297,5.787648
STAGE_FULL_PIPELINE,4,8.370868664002046,5.747456
STAGE_FULL_PIPELINE,4,8.42498057100238,5.747456
STAGE_FULL_PIPELINE,4,8.479091166002036,5.787648
STAGE_FULL_PIPELINE,4,8.533332576000248,5.747456
STAGE_FULL_PIPELINE,4,8.587477937002404,5.82784
STAGE_FULL_PIPELINE,4,8.641621028000372,5.787648
STAGE_FULL_PIPELINE,4,8.695796006999444,5.787648
STAGE_FULL_PIPELINE,4,8.749894640001003,5.82784
STAGE_FULL_PIPELINE,4,8.804027113001212,5.747456
STAGE_FULL_PIPELINE,4,8.858132654000656,5.787648
STAGE_FULL_PIPELINE,4,8.91224219400101,5.82784
STAGE_FULL_PIPELINE,4,8.966387716001918,5.747456
STAGE_FULL_PIPELINE,4,9.020907289999741,5.787648
STAGE_FULL_PIPELINE,4,9.075068739999551,5.787648
STAGE_FULL_PIPELINE,4,9.129184836001514,5.747456
STAGE_FULL_PIPELINE,4,9.183306082002673,5.82784
STAGE_FULL_PIPELINE,4,9.237448501000472,5.747456
STAGE_FULL_PIPELINE,4,9.291618939001637,5.787648
STAGE_FULL_PIPELINE,4,9.346101540002564,5.82784
STAGE_FULL_PIPELINE,4,9.400241720002668,5.756608
STAGE_FULL_PIPELINE,4,9.454873271002725,5.787648
STAGE_FULL_PIPELINE,4,9.509372407999763,5.787648
STAGE_FULL_PIPELINE,4,9.563500786000077,5.747456
STAGE_FULL_PIPELINE,4,9.617727898999874,5.787648
STAGE_FULL_PIPELINE,4,9.671915351002099,5.747456
STAGE_FULL_PIPELINE,4,9.726094680001552,5.747456
STAGE_FULL_PIPELINE,4,9.780214359001548,5.787648
STAGE_FULL_PIPELINE,4,9.834349102002307,5.716352
STAGE_FULL_PIPELINE,4,9.888553090000642,5.787648
STAGE_FULL_PIPELINE,4,9.942686361999222,5.747456
STAGE_FULL_PIPELINE,4,9.996994266999536,5.747456
STAGE_FULL_PIPELINE,4,10.05132513600256,5.787648
STAGE_FULL_PIPELINE,4,10.105428822000249,5.747456
STAGE_FULL_PIPELINE,4,10.159573447999719,5.747456
STAGE_FULL_PIPELINE,4,10.21368337199965,5.787648
STAGE_FULL_PIPELINE,4,10.267873094999231,5.716352
STAGE_FULL_PIPELINE,4,10.322024278000754,5.747456
STAGE_FULL_PIPELINE,4,10.376143893001426,5.747456
STAGE_FULL_PIPELINE,4,10.430270512002608,5.716352
STAGE_FULL_PIPELINE,4,10.48440666299939,5.747456
STAGE_FULL_PIPELINE,4,10.538521575999766,5.716352
STAGE_FULL_PIPELINE,4,10.592697674001101,5.716352
STAGE_FULL_PIPELINE,4,10.64680321600099,5.787648
STAGE_FULL_PIPELINE,4,10.70091470600164,5.716352
STAGE_FULL_PIPELINE,4,10.755191107000428,5.747456
STAGE_FULL_PIPELINE,4,10.809318588999304,5.747456
STAGE_FULL_PIPELINE,4,10.863429760000145,5.716352
STAGE_FULL_PIPELINE,4,10.917568629000016,5.747456
STAGE_FULL_PIPELINE,4,10.971675193999545,5.716352
STAGE_FULL_PIPELINE,4,11.02579749600045,5.707264
STAGE_FULL_PIPELINE,4,11.0799247870018,5.787648
STAGE_FULL_PIPELINE,4,11.134013569000672,5.667072
STAGE_FULL_PIPELINE,4,11.188191138000548,5.747456
STAGE_FULL_PIPELINE,4,11.242320796001877,5.747456
STAGE_FULL_PIPELINE,4,11.296413735999522,5.707264
STAGE_FULL_PIPELINE,4,11.35049963900019,5.747456
STAGE_FULL_PIPELINE,4,11.40460953100046,5.667072
STAGE_FULL_PIPELINE,4,11.458713889001956,5.707264
STAGE_FULL_PIPELINE,4,11.512793908001186,5.747456
STAGE_FULL_PIPELINE,4,11.566922382000485,5.667072
STAGE_FULL_PIPELINE,4,11.621018105000985,5.747456
STAGE_FULL_PIPELINE,4,11.67514581100113,5.707264
STAGE_FULL_PIPELINE,4,11.729254359001061,5.707264
STAGE_FULL_PIPELINE,4,11.783416161000787,5.747456
STAGE_FULL_PIPELINE,4,11.837580297000386,5.667072
STAGE_FULL_PIPELINE,4,11.891722237000067,5.707264
STAGE_FULL_PIPELINE,4,11.945990609001456,5.747456
STAGE_FULL_PIPELINE,4,12.000161462001415,5.667072
STAGE_FULL_PIPELINE,4,12.054295724999974,5.747456
STAGE_FULL_PIPELINE,4,12.108898713999224,5.747456
STAGE_FULL_PIPELINE,4,12.164122895999753,5.707264
STAGE_FULL_PIPELINE,4,12.218272640002397,5.747456
STAGE_FULL_PIPELINE,4,12.272424654001952,5.707264
STAGE_FULL_PIPELINE,4,12.327653378000832,5.707264
STAGE_FULL_PIPELINE,4,12.381768611001462,5.787648
STAGE_FULL_PIPELINE,4,12.435890783999639,5.707264
STAGE_FULL_PIPELINE,4,12.490028758002154,5.747456
STAGE_FULL_PIPELINE,4,12.544137274002424,5.747456
STAGE_FULL_PIPELINE,4,12.598346572001901,5.707264
STAGE_FULL_PIPELINE,4,12.652532265001355,5.747456
STAGE_FULL_PIPELINE,4,12.706642797002132,5.707264
STAGE_FULL_PIPELINE,4,12.761025383999367,5.747456
STAGE_FULL_PIPELINE,4,12.815217441999266,5.787648
STAGE_FULL_PIPELINE,4,12.869376301001466,5.707264
STAGE_FULL_PIPELINE,4,12.923571686002106,5.747456
STAGE_FULL_PIPELINE,4,12.977658965002774,5.787648
STAGE_FULL_PIPELINE,4,13.03181651200066,5.747456
STAGE_FULL_PIPELINE,4,13.086949316002574,5.787648
STAGE_FULL_PIPELINE,4,13.14142561600238,5.787648
STAGE_FULL_PIPELINE,4,13.195667026000592,5.787648
STAGE_FULL_PIPELINE,4,13.249833337002201,5.82784
STAGE_FULL_PIPELINE,4,13.304016919999412,5.747456
STAGE_FULL_PIPELINE,4,13.358147664999706,5.787648
STAGE_FULL_PIPELINE,4,13.41227959400203,5.82784
STAGE_FULL_PIPELINE,4,13.466381809001177,5.747456
STAGE_FULL_PIPELINE,4,13.52054380300251,5.787648
STAGE_FULL_PIPELINE,4,13.574741746000655,5.787648
STAGE_FULL_PIPELINE,4,13.628867884999636,5.747456
STAGE_FULL_PIPELINE,4,13.682982031001302,5.787648
STAGE_FULL_PIPELINE,4,13.737116838001384,5.747456
STAGE_FULL_PIPELINE,4,13.791357575999427,5.787648
STAGE_FULL_PIPELINE,4,13.845592493002187,5.787648
STAGE_FULL_PIPELINE,4,13.899733409001783,5.747456
STAGE_FULL_PIPELINE,4,13.95412015400143,5.787648
STAGE_FULL_PIPELINE,4,14.008347491002496,5.787648
STAGE_FULL_PIPELINE,4,14.062485112001013,5.747456
STAGE_FULL_PIPELINE,4,14.116582369999378,5.82784
STAGE_FULL_PIPELINE,4,14.170693861000473,5.747456
STAGE_FULL_PIPELINE,4,14.224798827002815,5.787648
STAGE_FULL_PIPELINE,4,14.278937856000994,5.82784
STAGE_FULL_PIPELINE,4,14.333427589001076,5.747456
STAGE_FULL_PIPELINE,4,14.387572152001667,5.787648
STAGE_FULL_PIPELINE,4,14.442068666001433,5.787648
STAGE_FULL_PIPELINE,4,14.496174175001215,5.747456
STAGE_FULL_PIPELINE,4,14.550292702999286,5.787648
STAGE_FULL_PIPELINE,4,14.604881043000205,5.747456
STAGE_FULL_PIPELINE,4,14.659518989999924,5.747456
STAGE_FULL_PIPELINE,4,14.71374904500044,5.787648
STAGE_FULL_PIPELINE,4,14.768230335001135,5.707264
STAGE_FULL_PIPELINE,4,14.822578284001793,5.787648
STAGE_FULL_PIPELINE,4,14.876794330000848,5.787648
STAGE_FULL_PIPELINE,4,14.931004459001997,5.747456
STAGE_FULL_PIPELINE,4,14.985132390000217,5.787648
STAGE_FULL_PIPELINE,4,15.039273274000152,5.747456
STAGE_FULL_PIPELINE,4,15.09338607600148,5.747456
STAGE_FULL_PIPELINE,4,15.147484101002192,5.787648
STAGE_FULL_PIPELINE,4,15.20161868500145,5.707264
STAGE_FULL_PIPELINE,4,15.255843558999914,5.747456
STAGE_FULL_PIPELINE,4,15.309951979001198,5.747456
STAGE_FULL_PIPELINE,4,15.364051636002841,5.707264
STAGE_FULL_PIPELINE,4,15.418154778002645,5.747456
STAGE_FULL_PIPELINE,4,15.472263550000207,5.716352
STAGE_FULL_PIPELINE,4,15.526390298000479,5.716352
STAGE_FULL_PIPELINE,4,15.580550596001558,5.787648
STAGE_FULL_PIPELINE,4,15.634670019000623,5.676096
STAGE_FULL_PIPELINE,4,15.689282283001376,5.747456
STAGE_FULL_PIPELINE,4,15.743392333999509,5.747456
STAGE_FULL_PIPELINE,4,15.797500627002592,5.707264
STAGE_FULL_PIPELINE,4,15.851913055001205,5.747456
STAGE_FULL_PIPELINE,4,15.906045239000377,5.707264
STAGE_FULL_PIPELINE,4,15.960156826000457,5.707264
STAGE_FULL_PIPELINE,4,16.014299725000456,5.787648
STAGE_FULL_PIPELINE,4,16.06841370999973,5.667072
STAGE_FULL_PIPELINE,4,16.122699514002306,5.747456
STAGE_FULL_PIPELINE,4,16.17684138900222,5.747456
STAGE_FULL_PIPELINE,4,16.230982241002494,5.707264
STAGE_FULL_PIPELINE,4,16.28654596600245,5.747456
STAGE_FULL_PIPELINE,4,16.34068307599955,5.707264
STAGE_FULL_PIPELINE,4,16.395206839999446,5.707264
STAGE_FULL_PIPELINE,4,16.449324664001324,5.747456
STAGE_FULL_PIPELINE,4,16.50341223000214,5.667072
STAGE_FULL_PIPELINE,4,16.55762664500071,5.707264
STAGE_FULL_PIPELINE,4,16.611856157000148,5.747456
STAGE_FULL_PIPELINE,4,16.66605787500157,5.667072
STAGE_FULL_PIPELINE,4,16.720159386000887,5.707264
STAGE_FULL_PIPELINE,4,16.77428929999951,5.707264
STAGE_FULL_PIPELINE,4,16.828385470002104,5.707264
STAGE_FULL_PIPELINE,4,16.882561153001006,5.747456
STAGE_FULL_PIPELINE,4,16.936777327002346,5.667072
STAGE_FULL_PIPELINE,4,16.990956272002222,5.707264
STAGE_FULL_PIPELINE,4,17.045119288999558,5.747456
STAGE_FULL_PIPELINE,4,17.09930370300208,5.707264
STAGE_FULL_PIPELINE,4,17.15343575999941,5.747456
STAGE_FULL_PIPELINE,4,17.20755265600019,5.707264
STAGE_FULL_PIPELINE,4,17.261684712000715,5.707264
STAGE_FULL_PIPELINE,4,17.316790362001484,5.747456
STAGE_FULL_PIPELINE,4,17.370940969001822,5.707264
STAGE_FULL_PIPELINE,4,17.426010125000175,5.707264
STAGE_FULL_PIPELINE,4,17.48013424900273,5.787648
STAGE_FULL_PIPELINE,4,17.53431975100102,5.707264
STAGE_FULL_PIPELINE,4,17.589040951999777,5.787648
STAGE_FULL_PIPELINE,4,17.643363985000178,5.787648
STAGE_FULL_PIPELINE,4,17.697467064001103,5.747456
STAGE_FULL_PIPELINE,4,17.751604238001164,5.787648
STAGE_FULL_PIPELINE,4,17.805721934000758,5.747456
STAGE_FULL_PIPELINE,4,17.859816153002612,5.747456
STAGE_FULL_PIPELINE,4,17.91393621500174,5.82784
STAGE_FULL_PIPELINE,4,17.968068112000765,5.707264
STAGE_FULL_PIPELINE,4,18.022249487999943,5.787648
STAGE_FULL_PIPELINE,4,18.07636225800161,5.787648
STAGE_FULL_PIPELINE,4,18.130515455999557,5.747456
STAGE_FULL_PIPELINE,4,18.184651382001903,5.787648
STAGE_FULL_PIPELINE,4,18.23913468700266,5.747456
STAGE_FULL_PIPELINE,4,18.293881060002604,5.787648
STAGE_FULL_PIPELINE,4,18.34799913900133,5.82784
STAGE_FULL_PIPELINE,4,18.402534578002815,5.747456
STAGE_FULL_PIPELINE,4,18.45680618100232,5.787648
STAGE_FULL_PIPELINE,4,18.510943770001177,5.787648
STAGE_FULL_PIPELINE,4,18.56528001300103,5.747456
STAGE_FULL_PIPELINE,4,18.61955564500022,5.787648
STAGE_FULL_PIPELINE,4,18.673745657000836,5.747456
STAGE_FULL_PIPELINE,4,18.728049691002525,5.747456
STAGE_FULL_PIPELINE,4,18.782183667000936,5.82784
STAGE_FULL_PIPELINE,4,18.836312589002773,5.787648
STAGE_FULL_PIPELINE,4,18.890436521000083,5.82784
STAGE_FULL_PIPELINE,4,18.94460369599983,5.82784
STAGE_FULL_PIPELINE,4,18.998913423001795,5.787648
STAGE_FULL_PIPELINE,4,19.053182915002253,5.82784
STAGE_FULL_PIPELINE,4,19.10733736000111,5.787648
STAGE_FULL_PIPELINE,4,19.161460781000642,5.787648
STAGE_FULL_PIPELINE,4,19.21559379700193,5.82784
STAGE_FULL_PIPELINE,4,19.26976608900077,5.747456
STAGE_FULL_PIPELINE,4,19.32388931800233,5.787648
STAGE_FULL_PIPELINE,4,19.37804757000049,5.82784
STAGE_FULL_PIPELINE,4,19.43231267900046,5.747456
STAGE_FULL_PIPELINE,4,19.486513693002053,5.787648
STAGE_FULL_PIPELINE,4,19.540601900000183,5.747456
STAGE_FULL_PIPELINE,4,19.59470606600007,5.747456
STAGE_FULL_PIPELINE,4,19.64881525400051,5.787648
STAGE_FULL_PIPELINE,4,19.70294612699945,5.707264
STAGE_FULL_PIPELINE,4,19.757063023000228,5.747456
STAGE_FULL_PIPELINE,4,19.8111538200028,5.787648
STAGE_FULL_PIPELINE,4,19.86535816000105,5.716352
STAGE_FULL_PIPELINE,4,19.919497317001515,5.747456
STAGE_FULL_PIPELINE,4,19.973726636999345,5.747456
STAGE_FULL_PIPELINE,4,20.027865282001585,5.747456
STAGE_FULL_PIPELINE,4,20.081983298001433,5.787648
STAGE_FULL_PIPELINE,4,20.1360955880009,5.707264
STAGE_FULL_PIPELINE,4,20.190221631000895,5.747456
STAGE_FULL_PIPELINE,4,20.24434943400047,5.747456
STAGE_FULL_PIPELINE,4,20.29860536400156,5.707264
STAGE_FULL_PIPELINE,4,20.35275139800069,5.747456
STAGE_FULL_PIPELINE,4,20.406877345001703,5.707264
STAGE_FULL_PIPELINE,4,20.46100086200022,5.707264
STAGE_FULL_PIPELINE,4,20.515105411999684,5.747456
STAGE_FULL_PIPELINE,4,20.569187446002616,5.667072
STAGE_FULL_PIPELINE,4,20.62333869199938,5.747456
STAGE_FULL_PIPELINE,4,20.677455173001363,5.747456
STAGE_FULL_PIPELINE,4,20.73157757000081,5.707264
STAGE_FULL_PIPELINE,4,20.78566379300173,5.747456
STAGE_FULL_PIPELINE,4,20.839748545000475,5.707264
STAGE_FULL_PIPELINE,4,20.893848554002034,5.707264
STAGE_FULL_PIPELINE,4,20.94794805100173,5.747456
STAGE_FULL_PIPELINE,4,21.00213495999924,5.707264
STAGE_FULL_PIPELINE,4,21.0563077959996,5.747456
STAGE_FULL_PIPELINE,4,21.11040917900027,5.747456
STAGE_FULL_PIPELINE,4,21.164716123999824,5.707264
STAGE_FULL_PIPELINE,4,21.21905227100069,5.747456
STAGE_FULL_PIPELINE,4,21.273219637001603,5.707264
STAGE_FULL_PIPELINE,4,21.327372163999826,5.707264
STAGE_FULL_PIPELINE,4,21.381543816001795,5.747456
STAGE_FULL_PIPELINE,4,21.43566854800156,5.667072
STAGE_FULL_PIPELINE,4,21.489876310999534,5.707264
STAGE_FULL_PIPELINE,4,21.544584783001483,5.747456
STAGE_FULL_PIPELINE,4,21.59872768200148,5.667072
STAGE_FULL_PIPELINE,4,21.652818511000078,5.747456
STAGE_FULL_PIPELINE,4,21.706945706002443,5.707264
STAGE_FULL_PIPELINE,4,21.761122604002594,5.707264
STAGE_FULL_PIPELINE,4,21.815242570002738,5.747456
STAGE_FULL_PIPELINE,4,21.86935486100265,5.667072
STAGE_FULL_PIPELINE,4,21.923511705001147,5.747456
STAGE_FULL_PIPELINE,4,21.977637620002497,5.747456
STAGE_FULL_PIPELINE,4,22.031915716001095,5.707264
STAGE_FULL_PIPELINE,4,22.086059958000988,5.787648
STAGE_FULL_PIPELINE,4,22.1402016739994,5.747456
STAGE_FULL_PIPELINE,4,22.194303249001678,5.747456
STAGE_FULL_PIPELINE,4,22.24839145599981,5.787648
STAGE_FULL_PIPELINE,4,22.302506657000777,5.707264
STAGE_FULL_PIPELINE,4,22.35661993800022,5.747456
STAGE_FULL_PIPELINE,4,22.410717516002478,5.747456
STAGE_FULL_PIPELINE,4,22.464895246001106,5.707264
STAGE_FULL_PIPELINE,4,22.51901207800256,5.787648
STAGE_FULL_PIPELINE,4,22.57318174700049,5.747456
STAGE_FULL_PIPELINE,4,22.62730584000019,5.747456
STAGE_FULL_PIPELINE,4,22.68140981400211,5.787648
STAGE_FULL_PIPELINE,4,22.73551257300278,5.707264
STAGE_FULL_PIPELINE,4,22.789631324001675,5.747456
STAGE_FULL_PIPELINE,4,22.8437136140019,5.787648
STAGE_FULL_PIPELINE,4,22.897868986001413,5.707264
STAGE_FULL_PIPELINE,4,22.95200673600266,5.787648
STAGE_FULL_PIPELINE,4,23.006166203002067,5.747456
STAGE_FULL_PIPELINE,4,23.06031498700031,5.747456
STAGE_FULL_PIPELINE,4,23.114464538000902,5.82784
STAGE_FULL_PIPELINE,4,23.168692066999938,5.747456
STAGE_FULL_PIPELINE,4,23.222879264001676,5.787648
STAGE_FULL_PIPELINE,4,23.277010809000785,5.787648
STAGE_FULL_PIPELINE,4,23.331103589000122,5.747456
STAGE_FULL_PIPELINE,4,23.38519550500132,5.787648
STAGE_FULL_PIPELINE,4,23.439313201000914,5.747456
STAGE_FULL_PIPELINE,4,23.493395554000017,5.747456
STAGE_FULL_PIPELINE,4,23.547504485999525,5.82784
STAGE_FULL_PIPELINE,4,23.601629378001235,5.747456
STAGE_FULL_PIPELINE,4,23.655826969999907,5.787648
STAGE_FULL_PIPELINE,4,23.709937693001848,5.787648
STAGE_FULL_PIPELINE,4,23.764020750000782,5.747456
STAGE_FULL_PIPELINE,4,23.81811717600067,5.787648
STAGE_FULL_PIPELINE,4,23.87224184400111,5.747456
STAGE_FULL_PIPELINE,4,23.92634332400121,5.747456
STAGE_FULL_PIPELINE,4,23.98045516700222,5.82784
STAGE_FULL_PIPELINE,4,24.034721235999314,5.747456
STAGE_FULL_PIPELINE,4,24.08931581300203,5.787648
STAGE_FULL_PIPELINE,4,24.143455961002473,5.787648
STAGE_FULL_PIPELINE,4,24.197603434000484,5.747456
STAGE_FULL_PIPELINE,4,24.251754136999807,5.787648
STAGE_FULL_PIPELINE,4,24.30593439400036,5.747456
STAGE_FULL_PIPELINE,4,24.36114466300205,5.747456
STAGE_FULL_PIPELINE,4,24.415260087000206,5.82784
STAGE_FULL_PIPELINE,4,24.469974285002536,5.747456
STAGE_FULL_PIPELINE,4,24.524171716002456,5.747456
STAGE_FULL_PIPELINE,4,24.578359328999795,5.787648
STAGE_FULL_PIPELINE,4,24.632617242001288,5.716352
STAGE_FULL_PIPELINE,4,24.68723539200073,5.747456
STAGE_FULL_PIPELINE,4,24.74136434600223,5.747456
STAGE_FULL_PIPELINE,4,24.7964147590028,5.716352
STAGE_FULL_PIPELINE,4,24.85054662300172,5.787648
STAGE_FULL_PIPELINE,4,24.904750484001852,5.716352
STAGE_FULL_PIPELINE,4,24.96105658899978,5.716352
STAGE_FULL_PIPELINE,4,25.01531264699952,5.787648
STAGE_FULL_PIPELINE,4,25.069658899999922,5.707264
STAGE_FULL_PIPELINE,4,25.123801128000196,5.747456
STAGE_FULL_PIPELINE,4,25.177938813001674,5.787648
STAGE_FULL_PIPELINE,4,25.23207416399964,5.716352
STAGE_FULL_PIPELINE,4,25.286279496001953,5.747456
STAGE_FULL_PIPELINE,4,25.340386157000466,5.716352
STAGE_FULL_PIPELINE,4,25.394472028001474,5.716352
STAGE_FULL_PIPELINE,4,25.44856551200064,5.787648
STAGE_FULL_PIPELINE,4,25.50265451800078,5.676096
STAGE_FULL_PIPELINE,4,25.556771478000883,5.747456
STAGE_FULL_PIPELINE,4,25.61187351300032,5.787648
STAGE_FULL_PIPELINE,4,25.667446673000086,5.676096
STAGE_FULL_PIPELINE,4,25.721646886999224,5.747456
STAGE_FULL_PIPELINE,4,25.775789818002522,5.707264
STAGE_FULL_PIPELINE,4,25.829915382000763,5.707264
STAGE_FULL_PIPELINE,4,25.88400560300215,5.747456
STAGE_FULL_PIPELINE,4,25.93809761600278,5.667072
STAGE_FULL_PIPELINE,4,25.992217006001738,5.707264
STAGE_FULL_PIPELINE,4,26.046321109002747,5.787648
STAGE_FULL_PIPELINE,4,26.10062498300249,5.707264
STAGE_FULL_PIPELINE,4,26.154988540001796,5.747456
STAGE_FULL_PIPELINE,4,26.209091427001113,5.747456
STAGE_FULL_PIPELINE,4,26.263213025002187,5.707264
STAGE_FULL_PIPELINE,4,26.31733315100064,5.747456
STAGE_FULL_PIPELINE,4,26.371431177001796,5.707264
STAGE_FULL_PIPELINE,4,26.42551477700181,5.707264
STAGE_FULL_PIPELINE,4,26.479632505001064,5.747456
STAGE_FULL_PIPELINE,4,26.53377319699939,5.667072
STAGE_FULL_PIPELINE,4,26.58786584900008,5.747456
STAGE_FULL_PIPELINE,4,26.641984728001262,5.707264
STAGE_FULL_PIPELINE,4,26.69606385100269,5.707264
STAGE_FULL_PIPELINE,4,26.75014825100152,5.747456
STAGE_FULL_PIPELINE,4,26.804275894002785,5.667072
STAGE_FULL_PIPELINE,4,26.858360870002798,5.707264
STAGE_FULL_PIPELINE,4,26.91245835200243,5.747456
STAGE_FULL_PIPELINE,4,26.966653384999518,5.667072
STAGE_FULL_PIPELINE,4,27.020832329002587,5.747456
STAGE_FULL_PIPELINE,4,27.07497238200085,5.747456
STAGE_FULL_PIPELINE,4,27.129150847002165,5.707264
STAGE_FULL_PIPELINE,4,27.183247625001968,5.787648
STAGE_FULL_PIPELINE,4,27.237374404001457,5.707264
STAGE_FULL_PIPELINE,4,27.29148819799957,5.747456
STAGE_FULL_PIPELINE,4,27.34558836600263,5.787648
STAGE_FULL_PIPELINE,4,27.399679419002496,5.707264
STAGE_FULL_PIPELINE,4,27.45388887700028,5.747456
STAGE_FULL_PIPELINE,4,27.507995346000826,5.747456
STAGE_FULL_PIPELINE,4,27.562088638002024,5.707264
STAGE_FULL_PIPELINE,4,27.6162044470002,5.787648
STAGE_FULL_PIPELINE,4,27.67031657700136,5.707264
STAGE_FULL_PIPELINE,4,27.724403344000166,5.747456
STAGE_FULL_PIPELINE,4,27.778486336999777,5.787648
STAGE_FULL_PIPELINE,4,27.83266764899963,5.707264
STAGE_FULL_PIPELINE,4,27.886833384000056,5.747456
STAGE_FULL_PIPELINE,4,27.940955270001723,5.747456
STAGE_FULL_PIPELINE,4,27.995049681001547,5.747456
STAGE_FULL_PIPELINE,4,28.04917652400036,5.787648
STAGE_FULL_PIPELINE,4,28.10333586300112,5.707264
STAGE_FULL_PIPELINE,4,28.157544617002713,5.747456
STAGE_FULL_PIPELINE,4,28.211657547002687,5.787648
STAGE_FULL_PIPELINE,4,28.266177154000616,5.747456
STAGE_FULL_PIPELINE,4,28.320473064002726,5.787648
STAGE_FULL_PIPELINE,4,28.37459824400139,5.747456
STAGE_FULL_PIPELINE,4,28.428716291000455,5.747456
STAGE_FULL_PIPELINE,4,28.482809871002246,5.787648
STAGE_FULL_PIPELINE,4,28.536986513001466,5.716352
STAGE_FULL_PIPELINE,4,28.591177548001724,5.747456
STAGE_FULL_PIPELINE,4,28.64538201600226,5.787648
STAGE_FULL_PIPELINE,4,28.699605963000067,5.756608
STAGE_FULL_PIPELINE,4,28.753882011002133,5.787648
STAGE_FULL_PIPELINE,4,28.808424197999557,5.747456
STAGE_FULL_PIPELINE,4,28.862540295001963,5.756608
STAGE_FULL_PIPELINE,4,28.91706543500186,5.787648
STAGE_FULL_PIPELINE,4,28.971392785002536,5.756608
STAGE_FULL_PIPELINE,4,29.0255906650018,5.747456
STAGE_FULL_PIPELINE,4,29.079723585000465,5.82784
STAGE_FULL_PIPELINE,4,29.13397468599942,5.747456
STAGE_FULL_PIPELINE,4,29.188175636001688,5.787648
STAGE_FULL_PIPELINE,4,29.242311082001834,5.787648
STAGE_FULL_PIPELINE,4,29.29643395899984,5.747456
STAGE_FULL_PIPELINE,4,29.350519447001716,5.787648
STAGE_FULL_PIPELINE,4,29.40465131200108,5.747456
STAGE_FULL_PIPELINE,4,29.458750169000268,5.747456
STAGE_FULL_PIPELINE,4,29.512833290002163,5.787648
STAGE_FULL_PIPELINE,4,29.566961668002477,5.716352
STAGE_FULL_PIPELINE,4,29.621164313000918,5.747456
STAGE_FULL_PIPELINE,4,29.675268128001335,5.747456
STAGE_FULL_PIPELINE,4,29.72935953200067,5.716352
STAGE_FULL_PIPELINE,4,29.783487783002784,5.787648
STAGE_FULL_PIPELINE,4,29.83759527499933,5.716352
STAGE_FULL_PIPELINE,4,29.891760979000537,5.747456
STAGE_FULL_PIPELINE,4,29.945879410002817,5.787648
STAGE_FULL_PIPELINE,4,29.999987286999385,5.707264
STAGE_MODEL_THRESHOLD,4,0.0003508650006551761,5.515072
STAGE_MODEL_THRESHOLD,4,0.05459755199990468,5.555328
STAGE_MODEL_THRESHOLD,4,0.10861964699870441,5.586688
STAGE_MODEL_THRESHOLD,4,0.16278260000035516,5.555328
STAGE_MODEL_THRESHOLD,4,0.21694273899993277,5.586688
STAGE_MODEL_THRESHOLD,4,0.27107940100177075,5.546496
STAGE_MODEL_THRESHOLD,4,0.3251876930007711,5.586688
STAGE_MODEL_THRESHOLD,4,0.3793061879987363,5.667072
STAGE_MODEL_THRESHOLD,4,0.4334260590003396,5.595584
STAGE_MODEL_THRESHOLD,4,0.48761523899884196,5.667072
STAGE_MODEL_THRESHOLD,4,0.5417280090005079,5.667072
STAGE_MODEL_THRESHOLD,4,0.5959454309995635,5.62688
STAGE_MODEL_THRESHOLD,4,0.650046814000234,5.707264
STAGE_MODEL_THRESHOLD,4,0.7041316940012621,5.667072
STAGE_MODEL_THRESHOLD,4,0.7582377479993738,5.667072
STAGE_MODEL_THRESHOLD,4,0.8123225000017555,5.747456
STAGE_MODEL_THRESHOLD,4,0.8664433300000383,5.676096
STAGE_MODEL_THRESHOLD,4,0.9206628630017804,5.747456
STAGE_MODEL_THRESHOLD,4,0.974766612998792,5.747456
STAGE_MODEL_THRESHOLD,4,1.0288883069988515,5.716352
STAGE_MODEL_THRESHOLD,4,1.0830066099988471,5.747456
STAGE_MODEL_THRESHOLD,4,1.1370918419997906,5.707264
STAGE_MODEL_THRESHOLD,4,1.1912479499987967,5.747456
STAGE_MODEL_THRESHOLD,4,1.24541163899994,5.787648
STAGE_MODEL_THRESHOLD,4,1.2995162529987283,5.716352
STAGE_MODEL_THRESHOLD,4,1.3540605829984997,5.747456
STAGE_MODEL_THRESHOLD,4,1.4085628549983085,5.787648
STAGE_MODEL_THRESHOLD,4,1.463063590999809,5.716352
STAGE_MODEL_THRESHOLD,4,1.5171860519985785,5.787648
STAGE_MODEL_THRESHOLD,4,1.5718475069988926,5.756608
STAGE_MODEL_THRESHOLD,4,1.62713297099981,5.756608
STAGE_MODEL_THRESHOLD,4,1.6812970110004244,5.787648
STAGE_MODEL_THRESHOLD,4,1.7354395590009517,5.716352
STAGE_MODEL_THRESHOLD,4,1.7895459639985347,5.747456
STAGE_MODEL_THRESHOLD,4,1.844076989000314,5.787648
STAGE_MODEL_THRESHOLD,4,1.8981998980016215,5.716352
STAGE_MODEL_THRESHOLD,4,1.9523217189998832,5.747456
STAGE_MODEL_THRESHOLD,4,2.0064021209982457,5.756608
STAGE_MODEL_THRESHOLD,4,2.0604776619984477,5.716352
STAGE_MODEL_THRESHOLD,4,2.116035693001322,5.787648
STAGE_MODEL_THRESHOLD,4,2.1702601190008863,5.716352
STAGE_MODEL_THRESHOLD,4,2.2244912300011492,5.756608
STAGE_MODEL_THRESHOLD,4,2.2786597490012355,5.787648
STAGE_MODEL_THRESHOLD,4,2.3328107390007062,5.716352
STAGE_MODEL_THRESHOLD,4,2.387005868000415,5.756608
STAGE_MODEL_THRESHOLD,4,2.4411263469992264,5.756608
STAGE_MODEL_THRESHOLD,4,2.495265024001128,5.716352
STAGE_MODEL_THRESHOLD,4,2.5494700359995477,5.756608
STAGE_MODEL_THRESHOLD,4,2.60362825500124,5.716352
STAGE_MODEL_THRESHOLD,4,2.6577344680008537,5.716352
STAGE_MODEL_THRESHOLD,4,2.712128473998746,5.787648
STAGE_MODEL_THRESHOLD,4,2.7662863090008614,5.676096
STAGE_MODEL_THRESHOLD,4,2.8204126409982564,5.756608
STAGE_MODEL_THRESHOLD,4,2.8745445370004745,5.756608
STAGE_MODEL_THRESHOLD,4,2.92866853400119,5.716352
STAGE_MODEL_THRESHOLD,4,2.9827838620003604,5.756608
STAGE_MODEL_THRESHOLD,4,3.0368895960018563,5.676096
STAGE_MODEL_THRESHOLD,4,3.090989891999925,5.716352
STAGE_MODEL_THRESHOLD,4,3.145104868999624,5.747456
STAGE_MODEL_THRESHOLD,4,3.199614465000195,5.676096
STAGE_MODEL_THRESHOLD,4,3.253807067001617,5.707264
STAGE_MODEL_THRESHOLD,4,3.3079553710012988,5.747456
STAGE_MODEL_THRESHOLD,4,3.3620537489987328,5.676096
STAGE_MODEL_THRESHOLD,4,3.4161541409994243,5.747456
STAGE_MODEL_THRESHOLD,4,3.4702485199995863,5.716352
STAGE_MODEL_THRESHOLD,4,3.5254128919987124,5.716352
STAGE_MODEL_THRESHOLD,4,3.579666328001622,5.747456
STAGE_MODEL_THRESHOLD,4,3.6337579879982513,5.676096
STAGE_MODEL_THRESHOLD,4,3.68798711600175,5.707264
STAGE_MODEL_THRESHOLD,4,3.7420864529995015,5.747456
STAGE_MODEL_THRESHOLD,4,3.796181472000171,5.667072
STAGE_MODEL_THRESHOLD,4,3.850306812000781,5.747456
STAGE_MODEL_THRESHOLD,4,3.9043935789995885,5.667072
STAGE_MODEL_THRESHOLD,4,3.95848693500011,5.707264
STAGE_MODEL_THRESHOLD,4,4.012606549000338,5.747456
STAGE_MODEL_THRESHOLD,4,4.066679979001492,5.667072
STAGE_MODEL_THRESHOLD,4,4.120804136000515,5.707264
STAGE_MODEL_THRESHOLD,4,4.174905200001376,5.707264
STAGE_MODEL_THRESHOLD,4,4.229119871000876,5.667072
STAGE_MODEL_THRESHOLD,4,4.28326539200134,5.747456
STAGE_MODEL_THRESHOLD,4,4.337394250000216,5.707264
STAGE_MODEL_THRESHOLD,4,4.391492660000949,5.707264
STAGE_MODEL_THRESHOLD,4,4.445567209000728,5.747456
STAGE_MODEL_THRESHOLD,4,4.499700096999732,5.667072
STAGE_MODEL_THRESHOLD,4,4.553830458000448,5.707264
STAGE_MODEL_THRESHOLD,4,4.608002174998546,5.707264
STAGE_MODEL_THRESHOLD,4,4.662091436999617,5.707264
STAGE_MODEL_THRESHOLD,4,4.7161840250009845,5.747456
STAGE_MODEL_THRESHOLD,4,4.770321070998762,5.707264
STAGE_MODEL_THRESHOLD,4,4.824485142999038,5.707264
STAGE_MODEL_THRESHOLD,4,4.8786353659997985,5.787648
STAGE_MODEL_THRESHOLD,4,4.932732239998586,5.667072
STAGE_MODEL_THRESHOLD,4,4.986932390998845,5.747456
STAGE_MODEL_THRESHOLD,4,5.041040107000299,5.747456
STAGE_MODEL_THRESHOLD,4,5.095138453001709,5.707264
STAGE_MODEL_THRESHOLD,4,5.149311449000379,5.747456
STAGE_MODEL_THRESHOLD,4,5.203479871001036,5.707264
STAGE_MODEL_THRESHOLD,4,5.257672728999751,5.747456
STAGE_MODEL_THRESHOLD,4,5.311786394999217,5.787648
STAGE_MODEL_THRESHOLD,4,5.365934859000845,5.707264
STAGE_MODEL_THRESHOLD,4,5.420075711001118,5.787648
STAGE_MODEL_THRESHOLD,4,5.474187520998385,5.787648
STAGE_MODEL_THRESHOLD,4,5.528350601998682,5.747456
STAGE_MODEL_THRESHOLD,4,5.582470697001554,5.787648
STAGE_MODEL_THRESHOLD,4,5.636581835999095,5.747456
STAGE_MODEL_THRESHOLD,4,5.6906904479983496,5.747456
STAGE_MODEL_THRESHOLD,4,5.744775136001408,5.82784
STAGE_MODEL_THRESHOLD,4,5.798847445999854,5.716352
STAGE_MODEL_THRESHOLD,4,5.852973778000887,5.787648
STAGE_MODEL_THRESHOLD,4,5.907062559999758,5.787648
STAGE_MODEL_THRESHOLD,4,5.961175521999394,5.747456
STAGE_MODEL_THRESHOLD,4,6.0153702669995255,5.787648
STAGE_MODEL_THRESHOLD,4,6.069490745001531,5.756608
STAGE_MODEL_THRESHOLD,4,6.123596319001081,5.747456
STAGE_MODEL_THRESHOLD,4,6.177693639998324,5.82784
STAGE_MODEL_THRESHOLD,4,6.2319357540000055,5.716352
STAGE_MODEL_THRESHOLD,4,6.286064899999474,5.787648
STAGE_MODEL_THRESHOLD,4,6.340172680000251,5.787648
STAGE_MODEL_THRESHOLD,4,6.394329044000187,5.756608
STAGE_MODEL_THRESHOLD,4,6.4484245749990805,5.787648
STAGE_MODEL_THRESHOLD,4,6.502513964998798,5.787648
STAGE_MODEL_THRESHOLD,4,6.556827210999472,5.787648
STAGE_MODEL_THRESHOLD,4,6.611010792999878,5.82784
STAGE_MODEL_THRESHOLD,4,6.665168244999222,5.747456
STAGE_MODEL_THRESHOLD,4,6.719578465999803,5.787648
STAGE_MODEL_THRESHOLD,4,6.77388982499906,5.787648
STAGE_MODEL_THRESHOLD,4,6.8286567959985405,5.747456
STAGE_MODEL_THRESHOLD,4,6.882770749001793,5.787648
STAGE_MODEL_THRESHOLD,4,6.937300174999109,5.747456
STAGE_MODEL_THRESHOLD,4,6.991480975000741,5.747456
STAGE_MODEL_THRESHOLD,4,7.04558754000027,5.787648
STAGE_MODEL_THRESHOLD,4,7.099687868998444,5.707264
STAGE_MODEL_THRESHOLD,4,7.153827280999394,5.747456
STAGE_MODEL_THRESHOLD,4,7.208045310999296,5.787648
STAGE_MODEL_THRESHOLD,4,7.262240503998328,5.747456
STAGE_MODEL_THRESHOLD,4,7.316518887000711,5.787648
STAGE_MODEL_THRESHOLD,4,7.37066300099832,5.747456
STAGE_MODEL_THRESHOLD,4,7.4257159090011555,5.747456
STAGE_MODEL_THRESHOLD,4,7.479840577001596,5.787648
STAGE_MODEL_THRESHOLD,4,7.534004074001132,5.716352
STAGE_MODEL_THRESHOLD,4,7.588138368999353,5.747456
STAGE_MODEL_THRESHOLD,4,7.642239977001736,5.747456
STAGE_MODEL_THRESHOLD,4,7.696497698001622,5.716352
STAGE_MODEL_THRESHOLD,4,7.752691762998438,5.756608
STAGE_MODEL_THRESHOLD,4,7.807745407000766,5.756608
STAGE_MODEL_THRESHOLD,4,7.861944118001702,5.716352
STAGE_MODEL_THRESHOLD,4,7.916061397998419,5.747456
STAGE_MODEL_THRESHOLD,4,7.970210502000555,5.716352
STAGE_MODEL_THRESHOLD,4,8.024761675998889,5.716352
STAGE_MODEL_THRESHOLD,4,8.078899201998865,5.787648
STAGE_MODEL_THRESHOLD,4,8.13341935200151,5.676096
STAGE_MODEL_THRESHOLD,4,8.187681039999006,5.756608
STAGE_MODEL_THRESHOLD,4,8.2429010320011,5.747456
STAGE_MODEL_THRESHOLD,4,8.297046201998455,5.716352
STAGE_MODEL_THRESHOLD,4,8.3513303740001,5.747456
STAGE_MODEL_THRESHOLD,4,8.405455074000201,5.707264
STAGE_MODEL_THRESHOLD,4,8.459550220999517,5.707264
STAGE_MODEL_THRESHOLD,4,8.513668875999429,5.747456
STAGE_MODEL_THRESHOLD,4,8.568189187000826,5.667072
STAGE_MODEL_THRESHOLD,4,8.623242702000425,5.707264
STAGE_MODEL_THRESHOLD,4,8.677403607998713,5.747456
STAGE_MODEL_THRESHOLD,4,8.731588086000556,5.667072
STAGE_MODEL_THRESHOLD,4,8.785742148000281,5.707264
STAGE_MODEL_THRESHOLD,4,8.840423976998864,5.707264
STAGE_MODEL_THRESHOLD,4,8.894566172999475,5.707264
STAGE_MODEL_THRESHOLD,4,8.94865463500173,5.747456
STAGE_MODEL_THRESHOLD,4,9.002748758000962,5.667072
STAGE_MODEL_THRESHOLD,4,9.056848831001844,5.707264
STAGE_MODEL_THRESHOLD,4,9.110958818000654,5.747456
STAGE_MODEL_THRESHOLD,4,9.165057259000605,5.667072
STAGE_MODEL_THRESHOLD,4,9.219368554000539,5.707264
STAGE_MODEL_THRESHOLD,4,9.273898267998447,5.707264
STAGE_MODEL_THRESHOLD,4,9.328835904998414,5.707264
STAGE_MODEL_THRESHOLD,4,9.382996938998986,5.747456
STAGE_MODEL_THRESHOLD,4,9.437135552001564,5.707264
STAGE_MODEL_THRESHOLD,4,9.49126552999951,5.707264
STAGE_MODEL_THRESHOLD,4,9.545358725001279,5.787648
STAGE_MODEL_THRESHOLD,4,9.59945617500125,5.676096
STAGE_MODEL_THRESHOLD,4,9.653588550998393,5.747456
STAGE_MODEL_THRESHOLD,4,9.707678804999887,5.747456
STAGE_MODEL_THRESHOLD,4,9.76179624499855,5.707264
STAGE_MODEL_THRESHOLD,4,9.815903609000088,5.747456
STAGE_MODEL_THRESHOLD,4,9.869987178000883,5.707264
STAGE_MODEL_THRESHOLD,4,9.92407560799984,5.747456
STAGE_MODEL_THRESHOLD,4,9.978167877001397,5.787648
STAGE_MODEL_THRESHOLD,4,10.032299069000146,5.716352
STAGE_MODEL_THRESHOLD,4,10.086406785998406,5.747456
STAGE_MODEL_THRESHOLD,4,10.140582501000608,5.747456
STAGE_MODEL_THRESHOLD,4,10.194688393999968,5.747456
STAGE_MODEL_THRESHOLD,4,10.248847188999207,5.787648
STAGE_MODEL_THRESHOLD,4,10.302940161000151,5.707264
STAGE_MODEL_THRESHOLD,4,10.357112294001126,5.747456
STAGE_MODEL_THRESHOLD,4,10.411236066000129,5.82784
STAGE_MODEL_THRESHOLD,4,10.465338250000059,5.716352
STAGE_MODEL_THRESHOLD,4,10.519452427000942,5.787648
STAGE_MODEL_THRESHOLD,4,10.573526367999875,5.787648
STAGE_MODEL_THRESHOLD,4,10.627627145000588,5.747456
STAGE_MODEL_THRESHOLD,4,10.681695136998314,5.787648
STAGE_MODEL_THRESHOLD,4,10.735769237999193,5.756608
STAGE_MODEL_THRESHOLD,4,10.789879097999801,5.787648
STAGE_MODEL_THRESHOLD,4,10.843972485999984,5.787648
STAGE_MODEL_THRESHOLD,4,10.89808215299854,5.756608
STAGE_MODEL_THRESHOLD,4,10.952260523001314,5.787648
STAGE_MODEL_THRESHOLD,4,11.006370830000378,5.796864
STAGE_MODEL_THRESHOLD,4,11.060468758998468,5.756608
STAGE_MODEL_THRESHOLD,4,11.114583384998696,5.82784
STAGE_MODEL_THRESHOLD,4,11.168695099000615,5.756608
STAGE_MODEL_THRESHOLD,4,11.22286995000104,5.796864
STAGE_MODEL_THRESHOLD,4,11.27698604699981,5.82784
STAGE_MODEL_THRESHOLD,4,11.33108768600141,5.756608
STAGE_MODEL_THRESHOLD,4,11.385349470001529,5.787648
STAGE_MODEL_THRESHOLD,4,11.43944020300114,5.787648
STAGE_MODEL_THRESHOLD,4,11.493535061999864,5.756608
STAGE_MODEL_THRESHOLD,4,11.547721842998726,5.82784
STAGE_MODEL_THRESHOLD,4,11.601800806001847,5.756608
STAGE_MODEL_THRESHOLD,4,11.655911208999896,5.787648
STAGE_MODEL_THRESHOLD,4,11.709991708001326,5.787648
STAGE_MODEL_THRESHOLD,4,11.764072844998736,5.756608
STAGE_MODEL_THRESHOLD,4,11.818203686001652,5.787648
STAGE_MODEL_THRESHOLD,4,11.872309612001118,5.747456
STAGE_MODEL_THRESHOLD,4,11.926388895000855,5.756608
STAGE_MODEL_THRESHOLD,4,11.980502911999793,5.787648
STAGE_MODEL_THRESHOLD,4,12.034589007998875,5.716352
STAGE_MODEL_THRESHOLD,4,12.088664388000325,5.747456
STAGE_MODEL_THRESHOLD,4,12.142751155999576,5.787648
STAGE_MODEL_THRESHOLD,4,12.196868850998726,5.716352
STAGE_MODEL_THRESHOLD,4,12.25102803000118,5.747456
STAGE_MODEL_THRESHOLD,4,12.305148700001155,5.716352
STAGE_MODEL_THRESHOLD,4,12.359324383000057,5.707264
STAGE_MODEL_THRESHOLD,4,12.413502528001118,5.787648
STAGE_MODEL_THRESHOLD,4,12.46764210100082,5.716352
STAGE_MODEL_THRESHOLD,4,12.521874299000046,5.747456
STAGE_MODEL_THRESHOLD,4,12.576100293001218,5.747456
STAGE_MODEL_THRESHOLD,4,12.630216261000896,5.716352
STAGE_MODEL_THRESHOLD,4,12.684338082999602,5.747456
STAGE_MODEL_THRESHOLD,4,12.738439051001478,5.716352
STAGE_MODEL_THRESHOLD,4,12.79254568000033,5.716352
STAGE_MODEL_THRESHOLD,4,12.846637499998906,5.787648
STAGE_MODEL_THRESHOLD,4,12.90073786100038,5.676096
STAGE_MODEL_THRESHOLD,4,12.954996061998827,5.747456
STAGE_MODEL_THRESHOLD,4,13.009104929999012,5.747456
STAGE_MODEL_THRESHOLD,4,13.06333117900067,5.716352
STAGE_MODEL_THRESHOLD,4,13.117440878999332,5.747456
STAGE_MODEL_THRESHOLD,4,13.1715469640003,5.707264
STAGE_MODEL_THRESHOLD,4,13.225742733000516,5.707264
STAGE_MODEL_THRESHOLD,4,13.279931657001725,5.747456
STAGE_MODEL_THRESHOLD,4,13.334028403001867,5.676096
STAGE_MODEL_THRESHOLD,4,13.388154159001715,5.747456
STAGE_MODEL_THRESHOLD,4,13.442319829999178,5.747456
STAGE_MODEL_THRESHOLD,4,13.496428026999638,5.707264
STAGE_MODEL_THRESHOLD,4,13.55063674900157,5.747456
STAGE_MODEL_THRESHOLD,4,13.604722780000884,5.707264
STAGE_MODEL_THRESHOLD,4,13.658825987000455,5.707264
STAGE_MODEL_THRESHOLD,4,13.712933576000069,5.747456
STAGE_MODEL_THRESHOLD,4,13.76703518299837,5.667072
STAGE_MODEL_THRESHOLD,4,13.821147218000988,5.747456
STAGE_MODEL_THRESHOLD,4,13.875269326999842,5.747456
STAGE_MODEL_THRESHOLD,4,13.929369687000872,5.707264
STAGE_MODEL_THRESHOLD,4,13.983474845001183,5.747456
STAGE_MODEL_THRESHOLD,4,14.03756397899997,5.707264
STAGE_MODEL_THRESHOLD,4,14.0916585820014,5.707264
STAGE_MODEL_THRESHOLD,4,14.145746820999193,5.747456
STAGE_MODEL_THRESHOLD,4,14.199930402999598,5.667072
STAGE_MODEL_THRESHOLD,4,14.254063322998263,5.747456
STAGE_MODEL_THRESHOLD,4,14.308189815001242,5.747456
STAGE_MODEL_THRESHOLD,4,14.362334951998491,5.707264
STAGE_MODEL_THRESHOLD,4,14.416422198999499,5.747456
STAGE_MODEL_THRESHOLD,4,14.470584257000155,5.707264
STAGE_MODEL_THRESHOLD,4,14.524691334001545,5.747456
STAGE_MODEL_THRESHOLD,4,14.57880640700023,5.787648
STAGE_MODEL_THRESHOLD,4,14.632901681001385,5.707264
STAGE_MODEL_THRESHOLD,4,14.686995324998861,5.747456
STAGE_MODEL_THRESHOLD,4,14.741092903001118,5.747456
STAGE_MODEL_THRESHOLD,4,14.795210374999442,5.707264
STAGE_MODEL_THRESHOLD,4,14.84933405099946,5.787648
STAGE_MODEL_THRESHOLD,4,14.90342865400089,5.707264
STAGE_MODEL_THRESHOLD,4,14.957512542998302,5.747456
STAGE_MODEL_THRESHOLD,4,15.011614533999818,5.787648
STAGE_MODEL_THRESHOLD,4,15.06614411999908,5.707264
STAGE_MODEL_THRESHOLD,4,15.120353897000314,5.787648
STAGE_MODEL_THRESHOLD,4,15.174492447000375,5.747456
STAGE_MODEL_THRESHOLD,4,15.228698322000128,5.747456
STAGE_MODEL_THRESHOLD,4,15.282796922998386,5.787648
STAGE_MODEL_THRESHOLD,4,15.336893604999204,5.707264
STAGE_MODEL_THRESHOLD,4,15.391019360999053,5.747456
STAGE_MODEL_THRESHOLD,4,15.445128612998815,5.787648
STAGE_MODEL_THRESHOLD,4,15.499430504001793,5.707264
STAGE_MODEL_THRESHOLD,4,15.553681348999817,5.747456
STAGE_MODEL_THRESHOLD,4,15.607807136999327,5.747456
STAGE_MODEL_THRESHOLD,4,15.661917828001606,5.707264
STAGE_MODEL_THRESHOLD,4,15.716315223999118,5.787648
STAGE_MODEL_THRESHOLD,4,15.770431799999642,5.707264
STAGE_MODEL_THRESHOLD,4,15.824548119999235,5.707264
STAGE_MODEL_THRESHOLD,4,15.878653981999378,5.787648
STAGE_MODEL_THRESHOLD,4,15.932765919998928,5.676096
STAGE_MODEL_THRESHOLD,4,15.986989739001729,5.747456
STAGE_MODEL_THRESHOLD,4,16.04110493999906,5.747456
STAGE_MODEL_THRESHOLD,4,16.095252956001787,5.707264
STAGE_MODEL_THRESHOLD,4,16.149361791998672,5.747456
STAGE_MODEL_THRESHOLD,4,16.20357480000166,5.707264
STAGE_MODEL_THRESHOLD,4,16.257757966999634,5.707264
STAGE_MODEL_THRESHOLD,4,16.31195709399981,5.747456
STAGE_MODEL_THRESHOLD,4,16.366247150999698,5.676096
STAGE_MODEL_THRESHOLD,4,16.420396446999803,5.747456
STAGE_MODEL_THRESHOLD,4,16.47455255499881,5.747456
STAGE_MODEL_THRESHOLD,4,16.528940643998794,5.707264
STAGE_MODEL_THRESHOLD,4,16.583059395001328,5.747456
STAGE_MODEL_THRESHOLD,4,16.637197431999084,5.707264
STAGE_MODEL_THRESHOLD,4,16.69132034100039,5.707264
STAGE_MODEL_THRESHOLD,4,16.74548367800162,5.747456
STAGE_MODEL_THRESHOLD,4,16.79966371000046,5.676096
STAGE_MODEL_THRESHOLD,4,16.853793911999674,5.707264
STAGE_MODEL_THRESHOLD,4,16.907910871999775,5.707264
STAGE_MODEL_THRESHOLD,4,16.96199226599856,5.676096
STAGE_MODEL_THRESHOLD,4,17.016114182999445,5.747456
STAGE_MODEL_THRESHOLD,4,17.07024109000122,5.676096
STAGE_MODEL_THRESHOLD,4,17.124419810999825,5.716352
STAGE_MODEL_THRESHOLD,4,17.178571281998302,5.747456
STAGE_MODEL_THRESHOLD,4,17.232769065001776,5.676096
STAGE_MODEL_THRESHOLD,4,17.286872304001008,5.707264
STAGE_MODEL_THRESHOLD,4,17.34100826299982,5.716352
STAGE_MODEL_THRESHOLD,4,17.395116554998822,5.676096
STAGE_MODEL_THRESHOLD,4,17.44927023299897,5.747456
STAGE_MODEL_THRESHOLD,4,17.5033850180007,5.676096
STAGE_MODEL_THRESHOLD,4,17.55766445699919,5.716352
STAGE_MODEL_THRESHOLD,4,17.61181176899845,5.747456
STAGE_MODEL_THRESHOLD,4,17.66599320900059,5.676096
STAGE_MODEL_THRESHOLD,4,17.720540898000763,5.707264
STAGE_MODEL_THRESHOLD,4,17.7747247039988,5.707264
STAGE_MODEL_THRESHOLD,4,17.828834500000085,5.676096
STAGE_MODEL_THRESHOLD,4,17.882922322001832,5.747456
STAGE_MODEL_THRESHOLD,4,17.937143677998392,5.676096
STAGE_MODEL_THRESHOLD,4,17.991302344998985,5.716352
STAGE_MODEL_THRESHOLD,4,18.045426980999764,5.747456
STAGE_MODEL_THRESHOLD,4,18.099861222999607,5.676096
STAGE_MODEL_THRESHOLD,4,18.154038439999567,5.707264
STAGE_MODEL_THRESHOLD,4,18.208191958001407,5.707264
STAGE_MODEL_THRESHOLD,4,18.262379122999846,5.667072
STAGE_MODEL_THRESHOLD,4,18.316526564001833,5.707264
STAGE_MODEL_THRESHOLD,4,18.370671254000627,5.667072
STAGE_MODEL_THRESHOLD,4,18.424790868000855,5.667072
STAGE_MODEL_THRESHOLD,4,18.478937861000304,5.747456
STAGE_MODEL_THRESHOLD,4,18.533155378998345,5.667072
STAGE_MODEL_THRESHOLD,4,18.58737692700015,5.707264
STAGE_MODEL_THRESHOLD,4,18.641724875000364,5.707264
STAGE_MODEL_THRESHOLD,4,18.6958734990003,5.667072
STAGE_MODEL_THRESHOLD,4,18.750050460999773,5.707264
STAGE_MODEL_THRESHOLD,4,18.804151237000042,5.667072
STAGE_MODEL_THRESHOLD,4,18.85826253599953,5.667072
STAGE_MODEL_THRESHOLD,4,18.912351893999585,5.707264
STAGE_MODEL_THRESHOLD,4,18.966447967999557,5.62688
STAGE_MODEL_THRESHOLD,4,19.020688226999482,5.707264
STAGE_MODEL_THRESHOLD,4,19.074760569001228,5.707264
STAGE_MODEL_THRESHOLD,4,19.128874874000758,5.667072
STAGE_MODEL_THRESHOLD,4,19.182988540000224,5.707264
STAGE_MODEL_THRESHOLD,4,19.237164734000544,5.667072
STAGE_MODEL_THRESHOLD,4,19.291295031998743,5.707264
STAGE_MODEL_THRESHOLD,4,19.34539558400138,5.747456
STAGE_MODEL_THRESHOLD,4,19.399611854001705,5.667072
STAGE_MODEL_THRESHOLD,4,19.453730893001193,5.707264
STAGE_MODEL_THRESHOLD,4,19.507828598998458,5.707264
STAGE_MODEL_THRESHOLD,4,19.56197287300165,5.667072
STAGE_MODEL_THRESHOLD,4,19.61628915699839,5.747456
STAGE_MODEL_THRESHOLD,4,19.670451119000063,5.667072
STAGE_MODEL_THRESHOLD,4,19.724651941000047,5.707264
STAGE_MODEL_THRESHOLD,4,19.77874174599856,5.787648
STAGE_MODEL_THRESHOLD,4,19.83305774299879,5.667072
STAGE_MODEL_THRESHOLD,4,19.8873386209998,5.747456
STAGE_MODEL_THRESHOLD,4,19.941431241000828,5.747456
STAGE_MODEL_THRESHOLD,4,19.995565056000487,5.707264
STAGE_MODEL_THRESHOLD,4,20.049679489999107,5.747456
STAGE_MODEL_THRESHOLD,4,20.103783623999334,5.707264
STAGE_MODEL_THRESHOLD,4,20.157923899998423,5.707264
STAGE_MODEL_THRESHOLD,4,20.21209657700092,5.787648
STAGE_MODEL_THRESHOLD,4,20.266339648998837,5.676096
STAGE_MODEL_THRESHOLD,4,20.320448645001306,5.747456
STAGE_MODEL_THRESHOLD,4,20.374569124000118,5.747456
STAGE_MODEL_THRESHOLD,4,20.428681381999922,5.707264
STAGE_MODEL_THRESHOLD,4,20.48276408699894,5.747456
STAGE_MODEL_THRESHOLD,4,20.536876761001622,5.707264
STAGE_MODEL_THRESHOLD,4,20.59117327900094,5.707264
STAGE_MODEL_THRESHOLD,4,20.64537122299953,5.787648
STAGE_MODEL_THRESHOLD,4,20.699587940998754,5.676096
STAGE_MODEL_THRESHOLD,4,20.753870545999234,5.747456
STAGE_MODEL_THRESHOLD,4,20.8079899689983,5.747456
STAGE_MODEL_THRESHOLD,4,20.86209589400096,5.707264
STAGE_MODEL_THRESHOLD,4,20.916183716999512,5.747456
STAGE_MODEL_THRESHOLD,4,20.97030550600175,5.667072
STAGE_MODEL_THRESHOLD,4,21.024403851999523,5.707264
STAGE_MODEL_THRESHOLD,4,21.078492026001186,5.747456
STAGE_MODEL_THRESHOLD,4,21.132625073998497,5.676096
STAGE_MODEL_THRESHOLD,4,21.18671420800092,5.707264
STAGE_MODEL_THRESHOLD,4,21.240903803998663,5.707264
STAGE_MODEL_THRESHOLD,4,21.295068995001202,5.716352
STAGE_MODEL_THRESHOLD,4,21.349155570998846,5.747456
STAGE_MODEL_THRESHOLD,4,21.403275729000597,5.676096
STAGE_MODEL_THRESHOLD,4,21.457590702000743,5.716352
STAGE_MODEL_THRESHOLD,4,21.51178602299842,5.747456
STAGE_MODEL_THRESHOLD,4,21.565987005000352,5.676096
STAGE_MODEL_THRESHOLD,4,21.620264268000028,5.707264
STAGE_MODEL_THRESHOLD,4,21.674412125001254,5.747456
STAGE_MODEL_THRESHOLD,4,21.72865465400173,5.707264
STAGE_MODEL_THRESHOLD,4,21.782819846001075,5.747456
STAGE_MODEL_THRESHOLD,4,21.836951134999254,5.716352
STAGE_MODEL_THRESHOLD,4,21.892013830001815,5.716352
STAGE_MODEL_THRESHOLD,4,21.946500557001855,5.787648
STAGE_MODEL_THRESHOLD,4,22.0008516400012,5.707264
STAGE_MODEL_THRESHOLD,4,22.055063719999453,5.747456
STAGE_MODEL_THRESHOLD,4,22.10934584500137,5.787648
STAGE_MODEL_THRESHOLD,4,22.165173533998313,5.707264
STAGE_MODEL_THRESHOLD,4,22.219396297001367,5.747456
STAGE_MODEL_THRESHOLD,4,22.273527745001047,5.707264
STAGE_MODEL_THRESHOLD,4,22.327702021000732,5.707264
STAGE_MODEL_THRESHOLD,4,22.381828831999883,5.747456
STAGE_MODEL_THRESHOLD,4,22.43600451399834,5.676096
STAGE_MODEL_THRESHOLD,4,22.49018374699881,5.707264
STAGE_MODEL_THRESHOLD,4,22.54429661299946,5.747456
STAGE_MODEL_THRESHOLD,4,22.598428702000092,5.667072
STAGE_MODEL_THRESHOLD,4,22.652806042999146,5.747456
STAGE_MODEL_THRESHOLD,4,22.70695869699921,5.707264
STAGE_MODEL_THRESHOLD,4,22.761107513000752,5.707264
STAGE_MODEL_THRESHOLD,4,22.815245454999967,5.747456
STAGE_MODEL_THRESHOLD,4,22.869360783999582,5.667072
STAGE_MODEL_THRESHOLD,4,22.923493607999262,5.707264
STAGE_MODEL_THRESHOLD,4,22.977682148000895,5.707264
STAGE_MODEL_THRESHOLD,4,23.031815803999052,5.667072
STAGE_MODEL_THRESHOLD,4,23.086012820000178,5.707264
STAGE_MODEL_THRESHOLD,4,23.140126516998862,5.667072
STAGE_MODEL_THRESHOLD,4,23.194419133000338,5.667072
STAGE_MODEL_THRESHOLD,4,23.24868779299868,5.707264
STAGE_MODEL_THRESHOLD,4,23.302813325000898,5.667072
STAGE_MODEL_THRESHOLD,4,23.3569375449988,5.667072
STAGE_MODEL_THRESHOLD,4,23.41106099800163,5.707264
STAGE_MODEL_THRESHOLD,4,23.465203161998943,5.62688
STAGE_MODEL_THRESHOLD,4,23.519838518001052,5.707264
STAGE_MODEL_THRESHOLD,4,23.574123586000496,5.707264
STAGE_MODEL_THRESHOLD,4,23.62824834999992,5.667072
STAGE_MODEL_THRESHOLD,4,23.6823787430003,5.707264
STAGE_MODEL_THRESHOLD,4,23.736478912000166,5.667072
STAGE_MODEL_THRESHOLD,4,23.790638090998982,5.667072
STAGE_MODEL_THRESHOLD,4,23.84473240599982,5.747456
STAGE_MODEL_THRESHOLD,4,23.8988218279992,5.667072
STAGE_MODEL_THRESHOLD,4,23.952982637998502,5.707264
STAGE_MODEL_THRESHOLD,4,24.00709019400165,5.707264
STAGE_MODEL_THRESHOLD,4,24.06132044200058,5.667072
STAGE_MODEL_THRESHOLD,4,24.115427007000108,5.707264
STAGE_MODEL_THRESHOLD,4,24.169520202998683,5.667072
STAGE_MODEL_THRESHOLD,4,24.22370714399949,5.707264
STAGE_MODEL_THRESHOLD,4,24.277788121999038,5.747456
STAGE_MODEL_THRESHOLD,4,24.331925168000453,5.667072
STAGE_MODEL_THRESHOLD,4,24.386189158001798,5.707264
STAGE_MODEL_THRESHOLD,4,24.44030352700065,5.707264
STAGE_MODEL_THRESHOLD,4,24.494419144000858,5.707264
STAGE_MODEL_THRESHOLD,4,24.54860957100027,5.747456
STAGE_MODEL_THRESHOLD,4,24.602705614001025,5.667072
STAGE_MODEL_THRESHOLD,4,24.656805015001737,5.707264
STAGE_MODEL_THRESHOLD,4,24.710927156000253,5.747456
STAGE_MODEL_THRESHOLD,4,24.765065897001477,5.667072
STAGE_MODEL_THRESHOLD,4,24.81932611299999,5.747456
STAGE_MODEL_THRESHOLD,4,24.87341457599905,5.747456
STAGE_MODEL_THRESHOLD,4,24.92749619299866,5.707264
STAGE_MODEL_THRESHOLD,4,24.981587949998357,5.747456
STAGE_MODEL_THRESHOLD,4,25.035680090000824,5.676096
STAGE_MODEL_THRESHOLD,4,25.089784735999274,5.707264
STAGE_MODEL_THRESHOLD,4,25.143920182999864,5.747456
STAGE_MODEL_THRESHOLD,4,25.198362644001463,5.676096
STAGE_MODEL_THRESHOLD,4,25.253644174001238,5.747456
STAGE_MODEL_THRESHOLD,4,25.307744662000914,5.747456
STAGE_MODEL_THRESHOLD,4,25.36330768300104,5.707264
STAGE_MODEL_THRESHOLD,4,25.417439706998266,5.747456
STAGE_MODEL_THRESHOLD,4,25.471543169998768,5.707264
STAGE_MODEL_THRESHOLD,4,25.52567062000162,5.707264
STAGE_MODEL_THRESHOLD,4,25.57983901099942,5.747456
STAGE_MODEL_THRESHOLD,4,25.633954084001743,5.676096
STAGE_MODEL_THRESHOLD,4,25.68808613999863,5.747456
STAGE_MODEL_THRESHOLD,4,25.742720793001354,5.747456
STAGE_MODEL_THRESHOLD,4,25.797011361999466,5.707264
STAGE_MODEL_THRESHOLD,4,25.851250853000238,5.747456
STAGE_MODEL_THRESHOLD,4,25.90536256699852,5.707264
STAGE_MODEL_THRESHOLD,4,25.95948883500023,5.707264
STAGE_MODEL_THRESHOLD,4,26.01362460100063,5.747456
STAGE_MODEL_THRESHOLD,4,26.06834016799985,5.676096
STAGE_MODEL_THRESHOLD,4,26.123463910000282,5.707264
STAGE_MODEL_THRESHOLD,4,26.178524039001786,5.747456
STAGE_MODEL_THRESHOLD,4,26.233221040998615,5.667072
STAGE_MODEL_THRESHOLD,4,26.288801843998954,5.747456
STAGE_MODEL_THRESHOLD,4,26.34317095499864,5.747456
STAGE_MODEL_THRESHOLD,4,26.39751152700046,5.707264
STAGE_MODEL_THRESHOLD,4,26.452187874998344,5.747456
STAGE_MODEL_THRESHOLD,4,26.50794944899826,5.747456
STAGE_MODEL_THRESHOLD,4,26.563689875001728,5.707264
STAGE_MODEL_THRESHOLD,4,26.61954491999859,5.747456
STAGE_MODEL_THRESHOLD,4,26.67528781999863,5.747456
STAGE_MODEL_THRESHOLD,4,26.730368043001363,5.707264
STAGE_MODEL_THRESHOLD,4,26.784844152000005,5.787648
STAGE_MODEL_THRESHOLD,4,26.841027946000395,5.747456
STAGE_MODEL_THRESHOLD,4,26.897176403999765,5.747456
STAGE_MODEL_THRESHOLD,4,26.95320136599912,5.787648
STAGE_MODEL_THRESHOLD,4,27.009254306998628,5.787648
STAGE_MODEL_THRESHOLD,4,27.065199372998904,5.747456
STAGE_MODEL_THRESHOLD,4,27.121035311000014,5.787648
STAGE_MODEL_THRESHOLD,4,27.176230826000392,5.787648
STAGE_MODEL_THRESHOLD,4,27.231444221000856,5.747456
STAGE_MODEL_THRESHOLD,4,27.28641982100089,5.787648
STAGE_MODEL_THRESHOLD,4,27.341475648998312,5.747456
STAGE_MODEL_THRESHOLD,4,27.396211284001765,5.747456
STAGE_MODEL_THRESHOLD,4,27.450638260001142,5.787648
STAGE_MODEL_THRESHOLD,4,27.50539414100058,5.747456
STAGE_MODEL_THRESHOLD,4,27.55995666200033,5.747456
STAGE_MODEL_THRESHOLD,4,27.61444907799887,5.787648
STAGE_MODEL_THRESHOLD,4,27.668786720001663,5.707264
STAGE_MODEL_THRESHOLD,4,27.723817537000286,5.747456
STAGE_MODEL_THRESHOLD,4,27.77884647999963,5.787648
STAGE_MODEL_THRESHOLD,4,27.833784972001013,5.707264
STAGE_MODEL_THRESHOLD,4,27.888832190001267,5.747456
STAGE_MODEL_THRESHOLD,4,27.943800657001702,5.787648
STAGE_MODEL_THRESHOLD,4,27.998761235998245,5.707264
STAGE_MODEL_THRESHOLD,4,28.053656165000575,5.787648
STAGE_MODEL_THRESHOLD,4,28.108427633000247,5.747456
STAGE_MODEL_THRESHOLD,4,28.163030761999835,5.707264
STAGE_MODEL_THRESHOLD,4,28.217710706001526,5.787648
STAGE_MODEL_THRESHOLD,4,28.272283501999482,5.747456
STAGE_MODEL_THRESHOLD,4,28.326763955999922,5.747456
STAGE_MODEL_THRESHOLD,4,28.38125322199994,5.787648
STAGE_MODEL_THRESHOLD,4,28.435637894999672,5.707264
STAGE_MODEL_THRESHOLD,4,28.490018046999467,5.747456
STAGE_MODEL_THRESHOLD,4,28.54477994899935,5.787648
STAGE_MODEL_THRESHOLD,4,28.599519904000772,5.707264
STAGE_MODEL_THRESHOLD,4,28.653923378999025,5.787648
STAGE_MODEL_THRESHOLD,4,28.708134177999455,5.747456
STAGE_MODEL_THRESHOLD,4,28.763226040999143,5.707264
STAGE_MODEL_THRESHOLD,4,28.818144881999615,5.787648
STAGE_MODEL_THRESHOLD,4,28.87304786900131,5.747456
STAGE_MODEL_THRESHOLD,4,28.928802374000952,5.707264
STAGE_MODEL_THRESHOLD,4,28.984494214000733,5.787648
STAGE_MODEL_THRESHOLD,4,29.03956468799879,5.747456
STAGE_MODEL_THRESHOLD,4,29.094340046998695,5.707264
STAGE_MODEL_THRESHOLD,4,29.14857687300173,5.787648
STAGE_MODEL_THRESHOLD,4,29.203423925999232,5.707264
STAGE_MODEL_THRESHOLD,4,29.258169993001502,5.747456
STAGE_MODEL_THRESHOLD,4,29.312994477000757,5.787648
STAGE_MODEL_THRESHOLD,4,29.36775818100068,5.707264
STAGE_MODEL_THRESHOLD,4,29.42254340799991,5.747456
STAGE_MODEL_THRESHOLD,4,29.476928741001757,5.787648
STAGE_MODEL_THRESHOLD,4,29.531266976999177,5.707264
STAGE_MODEL_THRESHOLD,4,29.586148324000533,5.747456
STAGE_MODEL_THRESHOLD,4,29.640945961000398,5.747456
STAGE_MODEL_THRESHOLD,4,29.695702642999095,5.707264
STAGE_MODEL_THRESHOLD,4,29.750456973000837,5.787648
STAGE_MODEL_THRESHOLD,4,29.804909651000344,5.747456
STAGE_MODEL_THRESHOLD,4,29.859385748000932,5.747456
STAGE_MODEL_THRESHOLD,4,29.91404510099892,5.787648
STAGE_MODEL_THRESHOLD,4,29.968649682999967,5.707264
STAGE_MODEL_INFER,4,0.0005354009990696795,5.595584
STAGE_MODEL_INFER,4,0.05515299699982279,5.667072
STAGE_MODEL_INFER,4,0.10958293400108232,5.667072
STAGE_MODEL_INFER,4,0.1640930079993268,5.62688
STAGE_MODEL_INFER,4,0.21863119399858988,5.707264
STAGE_MODEL_INFER,4,0.2730577109978185,5.707264
STAGE_MODEL_INFER,4,0.327474390000134,5.667072
STAGE_MODEL_INFER,4,0.3819195399992168,5.747456
STAGE_MODEL_INFER,4,0.43627005699818255,5.667072
STAGE_MODEL_INFER,4,0.49061311399782426,5.707264
STAGE_MODEL_INFER,4,0.5448883489989385,5.787648
STAGE_MODEL_INFER,4,0.5991696099990804,5.707264
STAGE_MODEL_INFER,4,0.6535776230011834,5.747456
STAGE_MODEL_INFER,4,0.708774557999277,5.747456
STAGE_MODEL_INFER,4,0.7634566650012857,5.707264
STAGE_MODEL_INFER,4,0.8183402530012245,5.787648
STAGE_MODEL_INFER,4,0.872933655999077,5.747456
STAGE_MODEL_INFER,4,0.9286252870006138,5.747456
STAGE_MODEL_INFER,4,0.9830144389998168,5.787648
STAGE_MODEL_INFER,4,1.037429197000165,5.747456
STAGE_MODEL_INFER,4,1.0928400039992994,5.747456
STAGE_MODEL_INFER,4,1.1473622109988355,5.787648
STAGE_MODEL_INFER,4,1.2019898859980458,5.707264
STAGE_MODEL_INFER,4,1.2568963619996794,5.747456
STAGE_MODEL_INFER,4,1.3125433919994975,5.787648
STAGE_MODEL_INFER,4,1.3672413690001122,5.707264
STAGE_MODEL_INFER,4,1.4224006759977783,5.747456
STAGE_MODEL_INFER,4,1.4769219730005716,5.787648
STAGE_MODEL_INFER,4,1.5323763320011494,5.747456
STAGE_MODEL_INFER,4,1.5870562700001756,5.787648
STAGE_MODEL_INFER,4,1.64285069700054,5.787648
STAGE_MODEL_INFER,4,1.6972634369994921,5.747456
STAGE_MODEL_INFER,4,1.7529630879980687,5.787648
STAGE_MODEL_INFER,4,1.8080812810003408,5.787648
STAGE_MODEL_INFER,4,1.8630075180008134,5.747456
STAGE_MODEL_INFER,4,1.9173989689988957,5.787648
STAGE_MODEL_INFER,4,1.9716971079978975,5.747456
STAGE_MODEL_INFER,4,2.026783940000314,5.787648
STAGE_MODEL_INFER,4,2.081110628998431,5.82784
STAGE_MODEL_INFER,4,2.136835485998745,5.747456
STAGE_MODEL_INFER,4,2.1912968209981045,5.787648
STAGE_MODEL_INFER,4,2.245900197998708,5.82784
STAGE_MODEL_INFER,4,2.3004772999993293,5.747456
STAGE_MODEL_INFER,4,2.3551659539989487,5.787648
STAGE_MODEL_INFER,4,2.4097178209995036,5.787648
STAGE_MODEL_INFER,4,2.464010547999351,5.747456
STAGE_MODEL_INFER,4,2.5186543089985207,5.82784
STAGE_MODEL_INFER,4,2.573266962001071,5.787648
STAGE_MODEL_INFER,4,2.6278986889992666,5.747456
STAGE_MODEL_INFER,4,2.682523798997863,5.82784
STAGE_MODEL_INFER,4,2.737087731999054,5.747456
STAGE_MODEL_INFER,4,2.7927005199999257,5.787648
STAGE_MODEL_INFER,4,2.8477196429994365,5.82784
STAGE_MODEL_INFER,4,2.902649660998577,5.747456
STAGE_MODEL_INFER,4,2.9572500539979956,5.787648
STAGE_MODEL_INFER,4,3.013258119997772,5.82784
STAGE_MODEL_INFER,4,3.0684480359996087,5.747456
STAGE_MODEL_INFER,4,3.123648297998443,5.787648
STAGE_MODEL_INFER,4,3.1798023269984697,5.82784
STAGE_MODEL_INFER,4,3.234067083998525,5.756608
STAGE_MODEL_INFER,4,3.2886591759997827,5.787648
STAGE_MODEL_INFER,4,3.3431797070006724,5.787648
STAGE_MODEL_INFER,4,3.399526852997951,5.747456
STAGE_MODEL_INFER,4,3.4540907090013206,5.787648
STAGE_MODEL_INFER,4,3.5083414129985613,5.787648
STAGE_MODEL_INFER,4,3.562930590000178,5.747456
STAGE_MODEL_INFER,4,3.6184066370005894,5.787648
STAGE_MODEL_INFER,4,3.6731053570001677,5.747456
STAGE_MODEL_INFER,4,3.7288779119990068,5.747456
STAGE_MODEL_INFER,4,3.7834598359986558,5.787648
STAGE_MODEL_INFER,4,3.8391725510009564,5.747456
STAGE_MODEL_INFER,4,3.8941389930005244,5.747456
STAGE_MODEL_INFER,4,3.9493681710009696,5.787648
STAGE_MODEL_INFER,4,4.004341705000115,5.747456
STAGE_MODEL_INFER,4,4.05924322699866,5.747456
STAGE_MODEL_INFER,4,4.11489420900034,5.787648
STAGE_MODEL_INFER,4,4.169848814999568,5.747456
STAGE_MODEL_INFER,4,4.224193788999401,5.787648
STAGE_MODEL_INFER,4,4.278564854001161,5.82784
STAGE_MODEL_INFER,4,4.3342273140006,5.707264
STAGE_MODEL_INFER,4,4.388632131998747,5.787648
STAGE_MODEL_INFER,4,4.444089289998374,5.787648
STAGE_MODEL_INFER,4,4.498660321998614,5.747456
STAGE_MODEL_INFER,4,4.553206524000416,5.787648
STAGE_MODEL_INFER,4,4.607486868000706,5.787648
STAGE_MODEL_INFER,4,4.662033263997728,5.747456
STAGE_MODEL_INFER,4,4.716531518999545,5.787648
STAGE_MODEL_INFER,4,4.771048170998256,5.747456
STAGE_MODEL_INFER,4,4.825548559998424,5.747456
STAGE_MODEL_INFER,4,4.88064568000118,5.82784
STAGE_MODEL_INFER,4,4.935172256999067,5.747456
STAGE_MODEL_INFER,4,4.990129482001066,5.787648
STAGE_MODEL_INFER,4,5.0445371589994465,5.82784
STAGE_MODEL_INFER,4,5.099748131000524,5.747456
STAGE_MODEL_INFER,4,5.155704428998433,5.787648
STAGE_MODEL_INFER,4,5.210455981999985,5.82784
STAGE_MODEL_INFER,4,5.265107928000361,5.747456
STAGE_MODEL_INFER,4,5.319370807999803,5.787648
STAGE_MODEL_INFER,4,5.373640081998019,5.747456
STAGE_MODEL_INFER,4,5.4279509099978895,5.747456
STAGE_MODEL_INFER,4,5.482275266000215,5.787648
STAGE_MODEL_INFER,4,5.536768292000488,5.707264
STAGE_MODEL_INFER,4,5.59096172199861,5.747456
STAGE_MODEL_INFER,4,5.64518120899811,5.787648
STAGE_MODEL_INFER,4,5.69940017800036,5.707264
STAGE_MODEL_INFER,4,5.753679073000967,5.747456
STAGE_MODEL_INFER,4,5.80791580100049,5.747456
STAGE_MODEL_INFER,4,5.862174387999403,5.707264
STAGE_MODEL_INFER,4,5.916372466999746,5.747456
STAGE_MODEL_INFER,4,5.970620592997875,5.707264
STAGE_MODEL_INFER,4,6.025037986000825,5.707264
STAGE_MODEL_INFER,4,6.0794840329981525,5.787648
STAGE_MODEL_INFER,4,6.13429891800115,5.676096
STAGE_MODEL_INFER,4,6.188530215000355,5.747456
STAGE_MODEL_INFER,4,6.242810658997769,5.747456
STAGE_MODEL_INFER,4,6.297092007000174,5.707264
STAGE_MODEL_INFER,4,6.351298213998234,5.747456
STAGE_MODEL_INFER,4,6.406256222999218,5.707264
STAGE_MODEL_INFER,4,6.461204782997811,5.707264
STAGE_MODEL_INFER,4,6.515990321000572,5.747456
STAGE_MODEL_INFER,4,6.570878154998354,5.707264
STAGE_MODEL_INFER,4,6.626352126000711,5.707264
STAGE_MODEL_INFER,4,6.680606802998227,5.747456
STAGE_MODEL_INFER,4,6.7347488650011655,5.667072
STAGE_MODEL_INFER,4,6.789068589998351,5.707264
STAGE_MODEL_INFER,4,6.843201621999469,5.747456
STAGE_MODEL_INFER,4,6.897411052999814,5.667072
STAGE_MODEL_INFER,4,6.951555178999115,5.747456
STAGE_MODEL_INFER,4,7.005891447999602,5.707264
STAGE_MODEL_INFER,4,7.060145732000819,5.707264
STAGE_MODEL_INFER,4,7.114340494998032,5.747456
STAGE_MODEL_INFER,4,7.168530651000765,5.667072
STAGE_MODEL_INFER,4,7.222728602999268,5.747456
STAGE_MODEL_INFER,4,7.276921336000669,5.747456
STAGE_MODEL_INFER,4,7.331055499998911,5.707264
STAGE_MODEL_INFER,4,7.385330738998164,5.747456
STAGE_MODEL_INFER,4,7.439601791000314,5.707264
STAGE_MODEL_INFER,4,7.493846552999457,5.707264
STAGE_MODEL_INFER,4,7.548041090998595,5.747456
STAGE_MODEL_INFER,4,7.602252798998961,5.667072
STAGE_MODEL_INFER,4,7.656410288000188,5.707264
STAGE_MODEL_INFER,4,7.710613684997952,5.747456
STAGE_MODEL_INFER,4,7.765055514999403,5.667072
STAGE_MODEL_INFER,4,7.819368060998386,5.747456
STAGE_MODEL_INFER,4,7.873606895998819,5.707264
STAGE_MODEL_INFER,4,7.927764674001082,5.707264
STAGE_MODEL_INFER,4,7.982137851999141,5.747456
STAGE_MODEL_INFER,4,8.036361738999403,5.707264
STAGE_MODEL_INFER,4,8.091111949997867,5.707264
STAGE_MODEL_INFER,4,8.146459203999257,5.747456
STAGE_MODEL_INFER,4,8.200725831000454,5.667072
STAGE_MODEL_INFER,4,8.254978586999641,5.747456
STAGE_MODEL_INFER,4,8.3092744079986,5.747456
STAGE_MODEL_INFER,4,8.363414314000693,5.707264
STAGE_MODEL_INFER,4,8.418190114000026,5.747456
STAGE_MODEL_INFER,4,8.474003537998215,5.707264
STAGE_MODEL_INFER,4,8.528230349998921,5.707264
STAGE_MODEL_INFER,4,8.582665059999272,5.747456
STAGE_MODEL_INFER,4,8.637321831000008,5.707264
STAGE_MODEL_INFER,4,8.692156725999666,5.707264
STAGE_MODEL_INFER,4,8.747911342998123,5.747456
STAGE_MODEL_INFER,4,8.80227166899931,5.676096
STAGE_MODEL_INFER,4,8.856628678000561,5.707264
STAGE_MODEL_INFER,4,8.911204046999046,5.747456
STAGE_MODEL_INFER,4,8.965481103998172,5.667072
STAGE_MODEL_INFER,4,9.020133691999945,5.747456
STAGE_MODEL_INFER,4,9.074476269001025,5.747456
STAGE_MODEL_INFER,4,9.129033688997879,5.707264
STAGE_MODEL_INFER,4,9.184544129999267,5.747456
STAGE_MODEL_INFER,4,9.238858631000767,5.707264
STAGE_MODEL_INFER,4,9.293141547997948,5.707264
STAGE_MODEL_INFER,4,9.348116782999568,5.747456
STAGE_MODEL_INFER,4,9.403411900999345,5.676096
STAGE_MODEL_INFER,4,9.45767130799868,5.707264
STAGE_MODEL_INFER,4,9.512337626998487,5.747456
STAGE_MODEL_INFER,4,9.567137129000912,5.676096
STAGE_MODEL_INFER,4,9.621819240997866,5.707264
STAGE_MODEL_INFER,4,9.675964600999578,5.747456
STAGE_MODEL_INFER,4,9.73015823699825,5.676096
STAGE_MODEL_INFER,4,9.784312891999434,5.747456
STAGE_MODEL_INFER,4,9.838563422999869,5.716352
STAGE_MODEL_INFER,4,9.892743229000189,5.716352
STAGE_MODEL_INFER,4,9.946880483999848,5.747456
STAGE_MODEL_INFER,4,10.001129117001256,5.676096
STAGE_MODEL_INFER,4,10.055312322998361,5.707264
STAGE_MODEL_INFER,4,10.109514888998092,5.747456
STAGE_MODEL_INFER,4,10.163698814998497,5.676096
STAGE_MODEL_INFER,4,10.217955890999292,5.747456
STAGE_MODEL_INFER,4,10.272141198998725,5.716352
STAGE_MODEL_INFER,4,10.326341484000295,5.716352
STAGE_MODEL_INFER,4,10.3804619980001,5.747456
STAGE_MODEL_INFER,4,10.434629340001266,5.676096
STAGE_MODEL_INFER,4,10.488833225001144,5.707264
STAGE_MODEL_INFER,4,10.543045657999755,5.707264
STAGE_MODEL_INFER,4,10.597203454999544,5.676096
STAGE_MODEL_INFER,4,10.651352188000601,5.747456
STAGE_MODEL_INFER,4,10.705563881998387,5.707264
STAGE_MODEL_INFER,4,10.759713675997773,5.707264
STAGE_MODEL_INFER,4,10.813871632999508,5.747456
STAGE_MODEL_INFER,4,10.867992178998975,5.676096
STAGE_MODEL_INFER,4,10.922229038998921,5.707264
STAGE_MODEL_INFER,4,10.976432249000936,5.707264
STAGE_MODEL_INFER,4,11.03062565000073,5.667072
STAGE_MODEL_INFER,4,11.084804580998025,5.747456
STAGE_MODEL_INFER,4,11.138992570999108,5.707264
STAGE_MODEL_INFER,4,11.193202818998543,5.707264
STAGE_MODEL_INFER,4,11.247325250998983,5.747456
STAGE_MODEL_INFER,4,11.301482855000359,5.676096
STAGE_MODEL_INFER,4,11.355615404998389,5.707264
STAGE_MODEL_INFER,4,11.409771692000504,5.747456
STAGE_MODEL_INFER,4,11.46394535500076,5.667072
STAGE_MODEL_INFER,4,11.518206160999398,5.747456
STAGE_MODEL_INFER,4,11.572411045999615,5.707264
STAGE_MODEL_INFER,4,11.626592001000972,5.707264
STAGE_MODEL_INFER,4,11.680725064998114,5.747456
STAGE_MODEL_INFER,4,11.734882700999151,5.667072
STAGE_MODEL_INFER,4,11.789042681000865,5.707264
STAGE_MODEL_INFER,4,11.843205519999174,5.707264
STAGE_MODEL_INFER,4,11.897346581998136,5.667072
STAGE_MODEL_INFER,4,11.951458511000965,5.707264
STAGE_MODEL_INFER,4,12.005720279998059,5.707264
STAGE_MODEL_INFER,4,12.059950200000458,5.707264
STAGE_MODEL_INFER,4,12.114181403998373,5.747456
STAGE_MODEL_INFER,4,12.168367213998863,5.667072
STAGE_MODEL_INFER,4,12.22257344099853,5.707264
STAGE_MODEL_INFER,4,12.276754114998766,5.747456
STAGE_MODEL_INFER,4,12.330916007998894,5.667072
STAGE_MODEL_INFER,4,12.38522396999906,5.707264
STAGE_MODEL_INFER,4,12.439354113997979,5.707264
STAGE_MODEL_INFER,4,12.493584419000399,5.707264
STAGE_MODEL_INFER,4,12.548069783999381,5.747456
STAGE_MODEL_INFER,4,12.60222082600012,5.667072
STAGE_MODEL_INFER,4,12.656404966000991,5.707264
STAGE_MODEL_INFER,4,12.7105661530004,5.747456
STAGE_MODEL_INFER,4,12.76516378299857,5.667072
STAGE_MODEL_INFER,4,12.819785747000424,5.707264
STAGE_MODEL_INFER,4,12.874436828999023,5.707264
STAGE_MODEL_INFER,4,12.928828164000151,5.667072
STAGE_MODEL_INFER,4,12.98310935200061,5.747456
STAGE_MODEL_INFER,4,13.037321170999348,5.667072
STAGE_MODEL_INFER,4,13.09152197399817,5.707264
STAGE_MODEL_INFER,4,13.145899069000734,5.747456
STAGE_MODEL_INFER,4,13.20027481699799,5.667072
STAGE_MODEL_INFER,4,13.254499268998188,5.707264
STAGE_MODEL_INFER,4,13.308628032998968,5.707264
STAGE_MODEL_INFER,4,13.362792511998123,5.676096
STAGE_MODEL_INFER,4,13.416950797000027,5.747456
STAGE_MODEL_INFER,4,13.47113520199855,5.667072
STAGE_MODEL_INFER,4,13.525367739999638,5.707264
STAGE_MODEL_INFER,4,13.579475102000288,5.747456
STAGE_MODEL_INFER,4,13.6336661489986,5.676096
STAGE_MODEL_INFER,4,13.687871379999706,5.707264
STAGE_MODEL_INFER,4,13.7420211940007,5.707264
STAGE_MODEL_INFER,4,13.796226648999436,5.667072
STAGE_MODEL_INFER,4,13.850363788998948,5.747456
STAGE_MODEL_INFER,4,13.904529678999097,5.667072
STAGE_MODEL_INFER,4,13.958666079997784,5.707264
STAGE_MODEL_INFER,4,14.012885044998256,5.747456
STAGE_MODEL_INFER,4,14.067028958001174,5.667072
STAGE_MODEL_INFER,4,14.121263998000359,5.707264
STAGE_MODEL_INFER,4,14.175525275000837,5.707264
STAGE_MODEL_INFER,4,14.229769616998965,5.667072
STAGE_MODEL_INFER,4,14.28389819899894,5.747456
STAGE_MODEL_INFER,4,14.338057541997841,5.716352
STAGE_MODEL_INFER,4,14.392158988001029,5.707264
STAGE_MODEL_INFER,4,14.446345338001265,5.747456
STAGE_MODEL_INFER,4,14.500513308001246,5.676096
STAGE_MODEL_INFER,4,14.555206414999702,5.707264
STAGE_MODEL_INFER,4,14.609442385000875,5.747456
STAGE_MODEL_INFER,4,14.663648589998047,5.676096
STAGE_MODEL_INFER,4,14.717913330998272,5.747456
STAGE_MODEL_INFER,4,14.77209490200039,5.707264
STAGE_MODEL_INFER,4,14.826599214000453,5.707264
STAGE_MODEL_INFER,4,14.880855422998138,5.747456
STAGE_MODEL_INFER,4,14.935077858001023,5.667072
STAGE_MODEL_INFER,4,14.989257696001005,5.707264
STAGE_MODEL_INFER,4,15.04343139699995,5.747456
STAGE_MODEL_INFER,4,15.097595876999549,5.707264
STAGE_MODEL_INFER,4,15.151937156999338,5.747456
STAGE_MODEL_INFER,4,15.206178397998883,5.707264
STAGE_MODEL_INFER,4,15.26038189999963,5.707264
STAGE_MODEL_INFER,4,15.31452884099781,5.747456
STAGE_MODEL_INFER,4,15.368643108999095,5.667072
STAGE_MODEL_INFER,4,15.422832279000431,5.707264
STAGE_MODEL_INFER,4,15.477042578000692,5.747456
STAGE_MODEL_INFER,4,15.53118454899959,5.707264
STAGE_MODEL_INFER,4,15.58591886800059,5.747456
STAGE_MODEL_INFER,4,15.64046224699996,5.707264
STAGE_MODEL_INFER,4,15.695196084998315,5.707264
STAGE_MODEL_INFER,4,15.749994723999407,5.747456
STAGE_MODEL_INFER,4,15.804386408999562,5.716352
STAGE_MODEL_INFER,4,15.858998019000865,5.707264
STAGE_MODEL_INFER,4,15.9136166520002,5.747456
STAGE_MODEL_INFER,4,15.968225280998013,5.676096
STAGE_MODEL_INFER,4,16.022853733000375,5.707264
STAGE_MODEL_INFER,4,16.0772264010011,5.747456
STAGE_MODEL_INFER,4,16.131484892997833,5.667072
STAGE_MODEL_INFER,4,16.18590410300021,5.747456
STAGE_MODEL_INFER,4,16.240247601999727,5.707264
STAGE_MODEL_INFER,4,16.294627000999753,5.707264
STAGE_MODEL_INFER,4,16.348813115000667,5.747456
STAGE_MODEL_INFER,4,16.402994420997857,5.707264
STAGE_MODEL_INFER,4,16.457113607000792,5.707264
STAGE_MODEL_INFER,4,16.511229812000238,5.747456
STAGE_MODEL_INFER,4,16.5658651929989,5.676096
STAGE_MODEL_INFER,4,16.62015221299953,5.747456
STAGE_MODEL_INFER,4,16.674312491999444,5.707264
STAGE_MODEL_INFER,4,16.728443345000414,5.707264
STAGE_MODEL_INFER,4,16.782561440999416,5.747456
STAGE_MODEL_INFER,4,16.836680594999052,5.676096
STAGE_MODEL_INFER,4,16.890812986999663,5.707264
STAGE_MODEL_INFER,4,16.944930153000314,5.747456
STAGE_MODEL_INFER,4,16.99906905199896,5.676096
STAGE_MODEL_INFER,4,17.053187560999504,5.707264
STAGE_MODEL_INFER,4,17.10728302699863,5.707264
STAGE_MODEL_INFER,4,17.16181257700009,5.707264
STAGE_MODEL_INFER,4,17.216192603998934,5.747456
STAGE_MODEL_INFER,4,17.270371130998683,5.716352
STAGE_MODEL_INFER,4,17.32453276999877,5.707264
STAGE_MODEL_INFER,4,17.378691013000207,5.747456
STAGE_MODEL_INFER,4,17.43309955999939,5.667072
STAGE_MODEL_INFER,4,17.487773087999813,5.747456
STAGE_MODEL_INFER,4,17.54215080799986,5.747456
STAGE_MODEL_INFER,4,17.596404705000168,5.707264
STAGE_MODEL_INFER,4,17.650626204998844,5.747456
STAGE_MODEL_INFER,4,17.704799893999734,5.707264
STAGE_MODEL_INFER,4,17.758979221998743,5.707264
STAGE_MODEL_INFER,4,17.813136790999124,5.747456
STAGE_MODEL_INFER,4,17.867312466998555,5.676096
STAGE_MODEL_INFER,4,17.921551976000046,5.707264
STAGE_MODEL_INFER,4,17.975758125998254,5.747456
STAGE_MODEL_INFER,4,18.029923252997833,5.716352
STAGE_MODEL_INFER,4,18.084091132997855,5.747456
STAGE_MODEL_INFER,4,18.138265004999994,5.716352
STAGE_MODEL_INFER,4,18.192471105998266,5.707264
STAGE_MODEL_INFER,4,18.24680295500002,5.747456
STAGE_MODEL_INFER,4,18.301059642999462,5.676096
STAGE_MODEL_INFER,4,18.355269235999003,5.747456
STAGE_MODEL_INFER,4,18.40944756099998,5.747456
STAGE_MODEL_INFER,4,18.463604581000254,5.707264
STAGE_MODEL_INFER,4,18.518170687999373,5.747456
STAGE_MODEL_INFER,4,18.572642668001208,5.707264
STAGE_MODEL_INFER,4,18.626873181998235,5.707264
STAGE_MODEL_INFER,4,18.681129198001145,5.747456
STAGE_MODEL_INFER,4,18.73574384099993,5.676096
STAGE_MODEL_INFER,4,18.789990598001168,5.707264
STAGE_MODEL_INFER,4,18.844788207999954,5.747456
STAGE_MODEL_INFER,4,18.899049188999925,5.667072
STAGE_MODEL_INFER,4,18.954404955999053,5.747456
STAGE_MODEL_INFER,4,19.009194139998726,5.747456
STAGE_MODEL_INFER,4,19.063733800998307,5.667072
STAGE_MODEL_INFER,4,19.11806478300059,5.747456
STAGE_MODEL_INFER,4,19.172472414000367,5.707264
STAGE_MODEL_INFER,4,19.226815215999522,5.707264
STAGE_MODEL_INFER,4,19.281201642999804,5.747456
STAGE_MODEL_INFER,4,19.33538790899911,5.667072
STAGE_MODEL_INFER,4,19.38953817299989,5.707264
STAGE_MODEL_INFER,4,19.443718513997737,5.747456
STAGE_MODEL_INFER,4,19.497867080001015,5.667072
STAGE_MODEL_INFER,4,19.552033199001016,5.747456
STAGE_MODEL_INFER,4,19.60617657599869,5.707264
STAGE_MODEL_INFER,4,19.660370818997762,5.707264
STAGE_MODEL_INFER,4,19.714520826000808,5.747456
STAGE_MODEL_INFER,4,19.768696778999583,5.676096
STAGE_MODEL_INFER,4,19.822857516999647,5.707264
STAGE_MODEL_INFER,4,19.87700745999973,5.747456
STAGE_MODEL_INFER,4,19.93112944099994,5.676096
STAGE_MODEL_INFER,4,19.98526090299856,5.747456
STAGE_MODEL_INFER,4,20.039424304999557,5.707264
STAGE_MODEL_INFER,4,20.09353540599841,5.707264
STAGE_MODEL_INFER,4,20.147662358998787,5.747456
STAGE_MODEL_INFER,4,20.201783579999756,5.676096
STAGE_MODEL_INFER,4,20.255908899998758,5.707264
STAGE_MODEL_INFER,4,20.310283758000878,5.747456
STAGE_MODEL_INFER,4,20.364519340000697,5.667072
STAGE_MODEL_INFER,4,20.418693946998246,5.747456
STAGE_MODEL_INFER,4,20.4728386099996,5.707264
STAGE_MODEL_INFER,4,20.526998132998415,5.707264
STAGE_MODEL_INFER,4,20.582058773998142,5.747456
STAGE_MODEL_INFER,4,20.636325708001095,5.676096
STAGE_MODEL_INFER,4,20.69084935399951,5.707264
STAGE_MODEL_INFER,4,20.74539637899943,5.747456
STAGE_MODEL_INFER,4,20.799970848998782,5.676096
STAGE_MODEL_INFER,4,20.854552460998093,5.707264
STAGE_MODEL_INFER,4,20.908873805998155,5.707264
STAGE_MODEL_INFER,4,20.963054528998327,5.676096
STAGE_MODEL_INFER,4,21.017209760000696,5.747456
STAGE_MODEL_INFER,4,21.07135489799839,5.676096
STAGE_MODEL_INFER,4,21.125520682999195,5.716352
STAGE_MODEL_INFER,4,21.179695145998267,5.747456
STAGE_MODEL_INFER,4,21.23383444999854,5.676096
STAGE_MODEL_INFER,4,21.289795587999834,5.707264
STAGE_MODEL_INFER,4,21.343983402999584,5.747456
STAGE_MODEL_INFER,4,21.398118737000914,5.676096
STAGE_MODEL_INFER,4,21.452302390000114,5.707264
STAGE_MODEL_INFER,4,21.506479669998953,5.707264
STAGE_MODEL_INFER,4,21.561753085999953,5.716352
STAGE_MODEL_INFER,4,21.616495324000425,5.747456
STAGE_MODEL_INFER,4,21.671480592998705,5.716352
STAGE_MODEL_INFER,4,21.726099747000262,5.707264
STAGE_MODEL_INFER,4,21.780291084000055,5.747456
STAGE_MODEL_INFER,4,21.835905927000567,5.676096
STAGE_MODEL_INFER,4,21.890075266997883,5.707264
STAGE_MODEL_INFER,4,21.94421726099972,5.747456
STAGE_MODEL_INFER,4,21.998442796000745,5.667072
STAGE_MODEL_INFER,4,22.05302842400124,5.707264
STAGE_MODEL_INFER,4,22.107533228998363,5.707264
STAGE_MODEL_INFER,4,22.161680774999695,5.667072
STAGE_MODEL_INFER,4,22.2157875970006,5.747456
STAGE_MODEL_INFER,4,22.26989970199793,5.667072
STAGE_MODEL_INFER,4,22.32421856200017,5.707264
STAGE_MODEL_INFER,4,22.378433147998294,5.747456
STAGE_MODEL_INFER,4,22.432704496997758,5.667072
STAGE_MODEL_INFER,4,22.487027199000295,5.747456
STAGE_MODEL_INFER,4,22.541172598997946,5.707264
STAGE_MODEL_INFER,4,22.595309899999847,5.707264
STAGE_MODEL_INFER,4,22.649419604000286,5.747456
STAGE_MODEL_INFER,4,22.70353907200115,5.667072
STAGE_MODEL_INFER,4,22.75770012800058,5.707264
STAGE_MODEL_INFER,4,22.81183371500083,5.747456
STAGE_MODEL_INFER,4,22.866870166999433,5.676096
STAGE_MODEL_INFER,4,22.921133224997902,5.707264
STAGE_MODEL_INFER,4,22.975696041998162,5.747456
STAGE_MODEL_INFER,4,23.030809945998044,5.676096
STAGE_MODEL_INFER,4,23.085194085000694,5.747456
STAGE_MODEL_INFER,4,23.139534975998686,5.716352
STAGE_MODEL_INFER,4,23.193838062001305,5.716352
STAGE_MODEL_INFER,4,23.248587259000487,5.747456
STAGE_MODEL_INFER,4,23.3029033419989,5.667072
STAGE_MODEL_INFER,4,23.35724737000055,5.707264
STAGE_MODEL_INFER,4,23.411408997999388,5.747456
STAGE_MODEL_INFER,4,23.465613968997786,5.707264
STAGE_MODEL_INFER,4,23.519645149001008,5.908224
STAGE_MODEL_INFER,4,23.573591307998868,6.0288
STAGE_MODEL_INFER,4,23.627481190000253,6.099456
STAGE_MODEL_INFER,4,23.681337875997997,6.259968
STAGE_MODEL_INFER,4,23.735323183998844,6.259968
STAGE_MODEL_INFER,4,23.78936179199809,6.340224
STAGE_MODEL_INFER,4,23.843318385999737,6.41024
STAGE_MODEL_INFER,4,23.89732062799885,6.370176
STAGE_MODEL_INFER,4,23.951309362000757,6.490368
STAGE_MODEL_INFER,4,24.005336604997865,6.490368
STAGE_MODEL_INFER,4,24.059315794998838,6.490368
STAGE_MODEL_INFER,4,24.113317692997953,6.570496
STAGE_MODEL_INFER,4,24.16728895900087,6.530432
STAGE_MODEL_INFER,4,24.22137045999989,6.56
STAGE_MODEL_INFER,4,24.27537344599841,6.6
STAGE_MODEL_INFER,4,24.32934471199769,6.6
STAGE_MODEL_INFER,4,24.383345968999492,6.68
STAGE_MODEL_INFER,4,24.437416043998383,6.6
STAGE_MODEL_INFER,4,24.491504746998544,6.68
STAGE_MODEL_INFER,4,24.545461769001122,6.76
STAGE_MODEL_INFER,4,24.59951023800022,6.68
STAGE_MODEL_INFER,4,24.653466843999922,6.76
STAGE_MODEL_INFER,4,24.70742885999789,6.72
STAGE_MODEL_INFER,4,24.76132167399919,6.72
STAGE_MODEL_INFER,4,24.815264549000858,6.76
STAGE_MODEL_INFER,4,24.869206366998696,6.68
STAGE_MODEL_INFER,4,24.923153083000216,6.72
STAGE_MODEL_INFER,4,24.97714281699882,6.76
STAGE_MODEL_INFER,4,25.031327308999607,6.68
STAGE_MODEL_INFER,4,25.08528093700079,6.72
STAGE_MODEL_INFER,4,25.13922605100015,6.72
STAGE_MODEL_INFER,4,25.19317990199852,6.72
STAGE_MODEL_INFER,4,25.247307859997818,6.76
STAGE_MODEL_INFER,4,25.30158262599798,6.72
STAGE_MODEL_INFER,4,25.35560515999896,6.76
STAGE_MODEL_INFER,4,25.409653329999855,6.76
STAGE_MODEL_INFER,4,25.463622224000574,6.68
STAGE_MODEL_INFER,4,25.517602990999876,6.76
STAGE_MODEL_INFER,4,25.57165961099963,6.68
STAGE_MODEL_INFER,4,25.62568396899951,6.72
STAGE_MODEL_INFER,4,25.679707750998205,6.76
STAGE_MODEL_INFER,4,25.73392253899874,6.68
STAGE_MODEL_INFER,4,25.787911179999355,6.76
STAGE_MODEL_INFER,4,25.841829154000152,6.8
STAGE_MODEL_INFER,4,25.89582105899899,6.76
STAGE_MODEL_INFER,4,25.949870829001156,6.8
STAGE_MODEL_INFER,4,26.00388328199915,6.72
STAGE_MODEL_INFER,4,26.057998823998787,6.76
STAGE_MODEL_INFER,4,26.112223084997822,6.8
STAGE_MODEL_INFER,4,26.166306887000246,6.72
STAGE_MODEL_INFER,4,26.220461126999,6.76
STAGE_MODEL_INFER,4,26.274481915999786,6.76
STAGE_MODEL_INFER,4,26.32849704199907,6.72
STAGE_MODEL_INFER,4,26.382580395998957,6.8
STAGE_MODEL_INFER,4,26.43654127699847,6.72
STAGE_MODEL_INFER,4,26.490566962998855,6.76
STAGE_MODEL_INFER,4,26.545039977998385,6.84
STAGE_MODEL_INFER,4,26.599837945999752,6.72
STAGE_MODEL_INFER,4,26.654439674999594,6.8
STAGE_MODEL_INFER,4,26.708373001998552,6.8
STAGE_MODEL_INFER,4,26.762219378000736,6.76
STAGE_MODEL_INFER,4,26.816201892997924,6.84
STAGE_MODEL_INFER,4,26.870172950999404,6.76
STAGE_MODEL_INFER,4,26.92402886399941,6.76
STAGE_MODEL_INFER,4,26.977985425000952,6.84
STAGE_MODEL_INFER,4,27.03197056999852,6.72
STAGE_MODEL_INFER,4,27.086005336997914,6.76
STAGE_MODEL_INFER,4,27.139965287999075,6.76
STAGE_MODEL_INFER,4,27.193983766999736,6.76
STAGE_MODEL_INFER,4,27.24794134900003,6.8
STAGE_MODEL_INFER,4,27.301912062001065,6.72
STAGE_MODEL_INFER,4,27.356013574000826,6.76
STAGE_MODEL_INFER,4,27.409945743998833,6.8
STAGE_MODEL_INFER,4,27.46386193899889,6.72
STAGE_MODEL_INFER,4,27.517820262000896,6.8
STAGE_MODEL_INFER,4,27.57170815900099,6.8
STAGE_MODEL_INFER,4,27.62606464700002,6.76
STAGE_MODEL_INFER,4,27.68044242399992,6.72
STAGE_MODEL_INFER,4,27.73461660400062,6.64
STAGE_MODEL_INFER,4,27.78852159500093,6.68
STAGE_MODEL_INFER,4,27.84251196200057,6.68
STAGE_MODEL_INFER,4,27.89636819899897,6.64
STAGE_MODEL_INFER,4,27.95030433699867,6.68
STAGE_MODEL_INFER,4,28.0041308990003,6.56
STAGE_MODEL_INFER,4,28.058527158998913,6.450304
STAGE_MODEL_INFER,4,28.112799301998166,6.41024
STAGE_MODEL_INFER,4,28.16711345300064,6.249984
STAGE_MODEL_INFER,4,28.22180743699937,6.249984
STAGE_MODEL_INFER,4,28.276003619997937,6.179712
STAGE_MODEL_INFER,4,28.330294729999878,6.099456
STAGE_MODEL_INFER,4,28.384519635001197,6.099456
STAGE_MODEL_INFER,4,28.438726729000336,6.0192
STAGE_MODEL_INFER,4,28.492981094001152,5.979072
STAGE_MODEL_INFER,4,28.547206383998855,5.979072
STAGE_MODEL_INFER,4,28.60148902199944,5.908224
STAGE_MODEL_INFER,4,28.655772365000303,5.908224
STAGE_MODEL_INFER,4,28.709955518999777,5.908224
STAGE_MODEL_INFER,4,28.764199935998477,5.82784
STAGE_MODEL_INFER,4,28.818553590997908,5.868032
STAGE_MODEL_INFER,4,28.8728453420008,5.82784
STAGE_MODEL_INFER,4,28.928497765999055,5.787648
STAGE_MODEL_INFER,4,28.983404644000984,5.82784
STAGE_MODEL_INFER,4,29.038722278000932,5.787648
STAGE_MODEL_INFER,4,29.09339727599945,5.747456
STAGE_MODEL_INFER,4,29.14807965399814,5.787648
STAGE_MODEL_INFER,4,29.202760909000062,5.707264
STAGE_MODEL_INFER,4,29.257895210001152,5.747456
STAGE_MODEL_INFER,4,29.312542774998292,5.787648
STAGE_MODEL_INFER,4,29.36721940999996,5.707264
STAGE_MODEL_INFER,4,29.421872974999133,5.747456
STAGE_MODEL_INFER,4,29.476527086000715,5.787648
STAGE_MODEL_INFER,4,29.53122184899985,5.707264
STAGE_MODEL_INFER,4,29.585862162999547,5.747456
STAGE_MODEL_INFER,4,29.640518904998316,5.747456
STAGE_MODEL_INFER,4,29.695166790999792,5.707264
STAGE_MODEL_INFER,4,29.749818078998942,5.747456
STAGE_MODEL_INFER,4,29.80513298799997,5.707264
STAGE_MODEL_INFER,4,29.85982864899779,5.707264
STAGE_MODEL_INFER,4,29.914466139998694,5.747456
STAGE_MODEL_INFER,4,29.969117138,5.667072
