time_s,VDD_IN_w,VDD_CPU_GPU_CV_w,VDD_SOC_w
0.001085980999050662,3.23584,0.484608,1.092096
0.055522167996969074,3.23584,0.484608,1.092096
0.11058697899716208,3.23584,0.484608,1.092096
0.16524313900299603,3.23584,0.484608,1.092096
0.219914114997664,3.23584,0.484608,1.092096
0.27461997300270014,3.23584,0.484608,1.092096
0.3293200379994232,3.23584,0.484608,1.092096
0.38486998200096423,3.23584,0.484608,1.092096
0.4426941959973192,3.23072,0.484608,1.092096
0.4968894800040289,3.190336,0.484608,1.092096
0.5519841479981551,3.190336,0.484608,1.092096
0.6062456409999868,3.195392,0.484608,1.051648
0.6608160070027225,3.195392,0.484608,1.051648
0.715346723998664,3.195392,0.484608,1.051648
0.7703156600036891,3.195392,0.484608,1.051648
0.825949671001581,3.149952,0.484608,1.051648
0.8809367520007072,3.149952,0.484608,1.051648
0.937514019999071,3.154944,0.484608,1.051648
0.9917742649995489,3.149952,0.484608,1.051648
1.0459890700003598,3.149952,0.484608,1.051648
1.1014111699987552,3.149952,0.484608,1.051648
1.1559358710001106,3.149952,0.484608,1.051648
1.2118479690034292,3.149952,0.484608,1.051648
1.2668336420028936,3.149952,0.484608,1.051648
1.3218797329973313,3.149952,0.484608,1.051648
1.3768851819986594,3.149952,0.484608,1.051648
1.4318693189998157,3.154944,0.484608,1.051648
1.4888508540025214,3.149952,0.484608,1.051648
1.5434475889996975,3.149952,0.484608,1.051648
1.600515174002794,3.149952,0.484608,1.051648
1.6547790030017495,3.154944,0.484608,1.051648
1.7093790020007873,3.149952,0.484608,1.051648
1.7641667499992764,3.149952,0.484608,1.051648
1.8191598789999261,3.149952,0.484608,1.051648
1.874163952001254,3.109568,0.484608,1.051648
1.9299031819973607,3.109568,0.484608,1.051648
1.9876577609975357,3.109568,0.484608,1.051648
2.0419007899981807,3.149952,0.484608,1.051648
2.097421933998703,3.109568,0.484608,1.051648
2.1552947890013456,3.109568,0.484608,1.051648
2.2094601200005854,3.149952,0.484608,1.051648
2.2648834999999963,3.149952,0.484608,1.051648
2.3194344419971458,3.149952,0.484608,1.051648
2.3751649350015214,3.149952,0.484608,1.051648
2.4301368149972404,3.149952,0.484608,1.051648
2.4858624120024615,3.109568,0.484608,1.051648
2.54087912599789,3.109568,0.484608,1.051648
2.599198329000501,3.149952,0.484608,1.051648
2.6545049710039166,3.154944,0.484608,1.051648
2.7087121270014904,3.149952,0.484608,1.051648
2.7628954100000556,3.154944,0.484608,1.051648
2.817094726000505,3.149952,0.484608,1.051648
2.8712592250012676,3.149952,0.484608,1.051648
2.9258026460011024,3.149952,0.484608,1.051648
2.982771765004145,3.149952,0.484608,1.051648
3.036969095999666,3.154944,0.484608,1.051648
3.091587814997183,3.154944,0.484608,1.051648
3.146146213002794,3.149952,0.484608,1.051648
3.2012953140001628,3.149952,0.484608,1.051648
3.257181268003478,3.149952,0.484608,1.051648
3.312588904002041,3.154944,0.484608,1.051648
3.3685395950014936,3.149952,0.484608,1.051648
3.4235557330030133,3.149952,0.484608,1.051648
3.478550717998587,3.149952,0.484608,1.051648
3.533518055002787,3.114496,0.484608,1.051648
3.5889160910010105,3.149952,0.484608,1.051648
3.645846008002991,3.149952,0.484608,1.051648
3.7000782530012657,3.149952,0.484608,1.051648
3.754684523999458,3.154944,0.484608,1.051648
3.808852159003436,3.149952,0.484608,1.051648
3.8634177569983876,3.149952,0.484608,1.051648
3.919214619003469,3.149952,0.484608,1.051648
3.9773187129976577,3.149952,0.484608,1.051648
4.031500427998253,3.149952,0.484608,1.051648
4.085732737003127,3.149952,0.484608,1.051648
4.141150581002876,3.109568,0.484608,1.051648
4.199905604000378,3.109568,0.484608,1.051648
4.2552193500014255,3.109568,0.484608,1.051648
4.309964439999021,3.109568,0.484608,1.051648
4.367454853003437,3.109568,0.484608,1.051648
4.4217318989976775,3.109568,0.484608,1.051648
4.476577663997887,3.109568,0.484608,1.051648
4.531141469997237,3.109568,0.484608,1.051648
4.585925024999597,3.109568,0.484608,1.051648
4.642598231999727,3.149952,0.484608,1.051648
4.696881645999383,3.149952,0.484608,1.051648
4.751861174998339,3.109568,0.484608,1.051648
4.806438421001076,3.109568,0.484608,1.051648
4.863105515003554,3.109568,0.484608,1.051648
4.917336960003013,3.109568,0.484608,1.051648
4.971663734999311,3.109568,0.484608,1.051648
5.026465050999832,3.149952,0.484608,1.051648
5.081707819001167,3.149952,0.484608,1.051648
5.136932187000639,3.109568,0.484608,1.051648
5.192252813001687,3.109568,0.484608,1.051648
5.246856523001043,3.109568,0.484608,1.051648
5.301711952997721,3.109568,0.484608,1.051648
5.359176828998898,3.109568,0.484608,1.051648
5.413402001002396,3.109568,0.484608,1.051648
5.467727303999709,3.109568,0.484608,1.051648
5.522248900997511,3.109568,0.484608,1.051648
5.577421586996934,3.109568,0.484608,1.051648
5.633595995997894,3.149952,0.484608,1.051648
5.687876306001272,3.149952,0.484608,1.051648
5.742120199000055,3.149952,0.484608,1.051648
5.796662275999552,3.149952,0.484608,1.051648
5.853761222002504,3.149952,0.484608,1.051648
5.907957818002615,3.149952,0.484608,1.051648
5.962256785001955,3.149952,0.484608,1.051648
6.016498598000908,3.149952,0.484608,1.051648
6.071119492997241,3.149952,0.484608,1.051648
6.12588362400129,3.149952,0.484608,1.051648
6.180633866999415,3.149952,0.484608,1.051648
6.235426990002452,3.149952,0.484608,1.051648
6.290569691998826,3.149952,0.484608,1.051648
6.345320446002006,3.149952,0.484608,1.051648
6.400240230002964,3.149952,0.484608,1.051648
6.4545463000031305,3.149952,0.484608,1.051648
6.510121268998773,3.149952,0.484608,1.051648
6.564925528997264,3.149952,0.484608,1.051648
6.621622031998413,3.149952,0.484608,1.051648
6.675863301003119,3.149952,0.484608,1.051648
6.7301233550024335,3.149952,0.484608,1.051648
6.7846685359982075,3.149952,0.484608,1.051648
6.839469307997206,3.149952,0.484608,1.051648
6.895314492001489,3.149952,0.484608,1.051648
6.949577970000973,3.149952,0.484608,1.051648
7.0049256370039075,3.149952,0.484608,1.051648
7.060261495003942,3.149952,0.484608,1.051648
7.1152142389983055,3.149952,0.484608,1.051648
7.16984630299703,3.149952,0.484608,1.051648
7.224610978002602,3.154944,0.484608,1.051648
7.27946083900315,3.149952,0.484608,1.051648
7.334858715003065,3.149952,0.484608,1.051648
7.390758013003506,3.149952,0.484608,1.051648
7.445160534000024,3.149952,0.484608,1.051648
7.499558543997409,3.149952,0.484608,1.051648
7.553738178998174,3.149952,0.484608,1.051648
7.608539271001064,3.149952,0.484608,1.051648
7.664236898999661,3.109568,0.484608,1.051648
7.720127972999762,3.149952,0.484608,1.051648
7.774434523002128,3.149952,0.484608,1.051648
7.829215518999263,3.149952,0.484608,1.051648
7.883414866999374,3.149952,0.484608,1.051648
7.937623814999824,3.109568,0.484608,1.051648
7.991777561001072,3.109568,0.484608,1.051648
8.04599092600256,3.109568,0.484608,1.051648
8.10020096199878,3.109568,0.484608,1.051648
8.154716222001298,3.109568,0.484608,1.051648
8.209443840001768,3.109568,0.484608,1.051648
8.263814072997775,3.109568,0.484608,1.051648
8.318523002002621,3.109568,0.484608,1.051648
8.373263613000745,3.109568,0.484608,1.051648
8.427624404997914,3.109568,0.484608,1.051648
8.482851492000918,3.109568,0.484608,1.051648
8.537709226002335,3.109568,0.484608,1.051648
8.592865847997018,3.109568,0.484608,1.051648
8.648224427000969,3.109568,0.484608,1.051648
8.703200244002801,3.109568,0.484608,1.051648
8.757823443003872,3.109568,0.484608,1.051648
8.812007717999222,3.109568,0.484608,1.051648
8.866198233998148,3.109568,0.484608,1.051648
8.92037575699942,3.109568,0.484608,1.051648
8.977086085003975,3.109568,0.484608,1.051648
9.031980906998797,3.109568,0.484608,1.051648
9.086187679000432,3.114496,0.484608,1.051648
9.140706012003648,3.109568,0.484608,1.051648
9.196303028998955,3.109568,0.484608,1.051648
9.251318526999967,3.109568,0.484608,1.051648
9.305759640999895,3.109568,0.484608,1.051648
9.360179474999313,3.114496,0.484608,1.051648
9.414482025997131,3.114496,0.484608,1.051648
9.468831810001575,3.114496,0.484608,1.051648
9.523103608000383,3.114496,0.484608,1.051648
9.577305771003012,3.109568,0.484608,1.051648
9.631449662003433,3.109568,0.484608,1.051648
9.68559121600265,3.109568,0.484608,1.051648
9.743018171000585,3.154944,0.484608,1.051648
9.798646485003701,3.154944,0.484608,1.051648
9.853471930000524,3.149952,0.484608,1.051648
9.90766756600351,3.149952,0.484608,1.051648
9.961916738997388,3.149952,0.484608,1.051648
10.020064320997335,3.149952,0.484608,1.051648
10.075206893998256,3.149952,0.484608,1.051648
10.131740256998455,3.149952,0.484608,1.051648
10.18591742800345,3.149952,0.484608,1.051648
10.243507523999142,3.149952,0.484608,1.051648
10.29775432900351,3.149952,0.484608,1.051648
10.355148355003621,3.149952,0.484608,1.051648
10.409357142998488,3.149952,0.484608,1.051648
10.463719630999549,3.149952,0.484608,1.051648
10.51883535500383,3.149952,0.484608,1.051648
10.57408743599808,3.149952,0.484608,1.051648
10.628855791001115,3.154944,0.484608,1.051648
10.684239651003736,3.149952,0.484608,1.051648
10.739182953999261,3.149952,0.484608,1.051648
10.793785161004052,3.149952,0.484608,1.051648
10.850493953003024,3.149952,0.484608,1.051648
10.904705332999583,3.149952,0.484608,1.051648
10.959063021000475,3.149952,0.484608,1.051648
11.01358068099944,3.154944,0.484608,1.051648
11.068380780998268,3.149952,0.484608,1.051648
11.123116975999437,3.149952,0.484608,1.051648
11.177494023999316,3.149952,0.484608,1.051648
11.232908764999593,3.149952,0.484608,1.051648
11.288248816003033,3.154944,0.484608,1.051648
11.34672530300304,3.149952,0.484608,1.051648
11.401899076998234,3.154944,0.484608,1.051648
11.45622079599707,3.154944,0.484608,1.051648
11.510785274003865,3.154944,0.484608,1.051648
11.565556669003854,3.149952,0.484608,1.051648
11.620927695999853,3.149952,0.484608,1.051648
11.67623161800293,3.114496,0.484608,1.051648
11.731191945997125,3.114496,0.484608,1.051648
11.78576986400003,3.154944,0.484608,1.051648
11.840545323997503,3.154944,0.484608,1.051648
11.896375402997364,3.154944,0.484608,1.051648
11.950644705000741,3.154944,0.484608,1.051648
12.005225343003985,3.109568,0.484608,1.051648
12.05996067399974,3.114496,0.484608,1.051648
12.11473942900193,3.109568,0.484608,1.051648
12.170738729000732,3.109568,0.484608,1.051648
12.225332392001292,3.109568,0.484608,1.051648
12.280124140001135,3.114496,0.484608,1.051648
12.335555808997015,3.109568,0.484608,1.051648
12.391227291998803,3.109568,0.484608,1.051648
12.445915005002462,3.109568,0.484608,1.051648
12.500243221002165,3.114496,0.484608,1.051648
12.554780017002486,3.109568,0.484608,1.051648
12.610046754001814,3.109568,0.484608,1.051648
12.664791556999262,3.109568,0.484608,1.051648
12.71952186300041,3.109568,0.484608,1.051648
12.774181895001675,3.109568,0.484608,1.051648
12.82869661100267,3.109568,0.484608,1.051648
12.88313030199788,3.109568,0.484608,1.051648
12.93762306500139,3.109568,0.484608,1.051648
12.991901198998676,3.109568,0.484608,1.051648
13.04610246700031,3.109568,0.484608,1.051648
13.10031189500296,3.109568,0.484608,1.051648
13.154454474002705,3.109568,0.484608,1.051648
13.208574299002066,3.149952,0.484608,1.051648
13.262796527997125,3.195392,0.524992,1.051648
13.31705395699828,3.195392,0.484608,1.051648
13.37159139400319,3.190336,0.484608,1.051648
13.42573137999716,3.190336,0.484608,1.051648
13.479908808003529,3.149952,0.484608,1.051648
13.5340515459975,3.149952,0.484608,1.051648
13.588200300997414,3.149952,0.484608,1.051648
13.642355615003908,3.149952,0.484608,1.051648
13.696502097998746,3.154944,0.484608,1.051648
13.750725158002751,3.149952,0.484608,1.051648
13.804857303999597,3.149952,0.484608,1.051648
13.859062347997678,3.149952,0.484608,1.051648
13.913779950002208,3.149952,0.484608,1.051648
13.968015427002683,3.149952,0.484608,1.051648
14.022159924999869,3.149952,0.484608,1.051648
14.076372649004043,3.149952,0.484608,1.051648
14.130537051998544,3.149952,0.484608,1.051648
14.184691471004044,3.149952,0.484608,1.051648
14.238860482000746,3.149952,0.484608,1.051648
14.29307019800035,3.109568,0.484608,1.051648
14.34762878800393,3.109568,0.484608,1.051648
14.401849736001168,3.109568,0.484608,1.051648
14.455975994002074,3.109568,0.484608,1.051648
14.51013252499979,3.109568,0.484608,1.051648
14.5670516579994,3.109568,0.484608,1.051648
14.621188156001153,3.109568,0.484608,1.051648
14.6753371349987,3.114496,0.484608,1.051648
14.729454656000598,3.114496,0.484608,1.051648
14.783599378999497,3.109568,0.484608,1.051648
14.837733829001081,3.109568,0.484608,1.051648
14.891995097998006,3.109568,0.484608,1.051648
14.946257103998505,3.109568,0.484608,1.051648
15.000459460003185,3.109568,0.484608,1.051648
0.0008933680001064204,3.114496,0.484608,1.051648
0.05561618600040674,3.513408,0.686528,1.130752
0.10986958300054539,4.4352,1.247936,1.29024
0.1641915579966735,4.870976,1.489472,1.368704
0.21835762499540579,5.43456,1.80864,1.449216
0.2725650369975483,5.707264,1.929216,1.527296
0.3268470749972039,6.068992,2.126784,1.567488
0.38100037399999565,6.43072,2.367552,1.647872
0.43518925800162833,6.540864,2.40768,1.685376
0.4893544610022218,6.861888,2.60416,1.725504
0.5435356640009559,7.0224,2.684288,1.765632
0.5977539559971774,7.142784,2.724352,1.80576
0.6519865209993441,7.41184,2.92,1.842944
0.706173997001315,7.41184,2.92,1.842944
0.7604009930000757,7.572096,3.0,1.883008
0.8145890129962936,7.732352,3.12,1.923072
0.8691069609994884,7.692288,3.08,1.923072
0.9234346649973304,7.892608,3.2,1.963136
0.9776735650011688,7.932672,3.24,1.963136
1.032028948997322,7.932672,3.2,1.963136
1.0862745709964656,8.132992,3.32,2.0032
1.1406728360016132,8.092928,3.32,2.0032
1.1949756739995792,8.132992,3.32,2.0032
1.249243567996018,8.24,3.39456,2.0
1.3037637250017724,8.173056,3.32,2.0032
1.3580357460014056,8.28,3.354624,2.0
1.4122615269952803,8.32,3.434496,2.04
1.4665436930008582,8.253184,3.354624,2.0
1.522640308001428,8.36,3.434496,2.04
1.577629788997001,8.36,3.434496,2.04
1.6321636739958194,8.333312,3.354624,2.04
1.6870656649989542,8.44,3.434496,2.04
1.741595421997772,8.36,3.434496,2.04
1.796456643001875,8.36,3.39456,2.04
1.8506182939963765,8.44,3.474432,2.04
1.9050482719976571,8.36,3.434496,2.04
1.9592926449986408,8.4,3.434496,2.04
2.013504568996723,8.44,3.514368,2.04
2.0676621239981614,8.32,3.434496,2.04
2.122346572999959,8.48,3.474432,2.04
2.1766848690022016,8.4,3.514368,2.04
2.231032988995139,8.36,3.434496,2.04
2.2868590360012604,8.52,3.514368,2.08
2.3410739690007176,8.4,3.474432,2.04
2.3952466920018196,8.44,3.474432,2.04
2.4504938120007864,8.52,3.554304,2.08
2.505299896001816,8.4,3.474432,2.04
2.55951412399736,8.48,3.474432,2.04
2.614112650997413,8.48,3.554304,2.08
2.6690407860005507,8.4,3.434496,2.04
2.7234641399991233,8.48,3.514368,2.08
2.778849119997176,8.48,3.514368,2.08
2.8330439560013474,8.4,3.434496,2.04
2.8875759529983043,8.52,3.514368,2.08
2.9419810339968535,8.44,3.474432,2.08
2.9961705259993323,8.44,3.434496,2.04
3.050785564999387,8.52,3.514368,2.08
3.1056106249961886,8.4,3.474432,2.04
3.160312898995471,8.44,3.474432,2.04
3.214680411001609,8.52,3.514368,2.08
3.269651779999549,8.4,3.434496,2.04
3.3249108039963176,8.48,3.474432,2.04
3.379288876996725,8.48,3.514368,2.08
3.4343172709995997,8.36,3.434496,2.04
3.4890854339973885,8.48,3.514368,2.08
3.5436295909967157,8.44,3.514368,2.08
3.598010672001692,8.4,3.474432,2.04
3.6534140840012697,8.52,3.554304,2.08
3.7079735699953744,8.44,3.514368,2.08
3.7639003559961566,8.4,3.474432,2.04
3.8180710949964123,8.52,3.554304,2.08
3.872556722999434,8.4,3.474432,2.04
3.926774439001747,8.48,3.514368,2.04
3.981080990000919,8.52,3.554304,2.08
4.035259024996776,8.4,3.474432,2.04
4.09153343700018,8.48,3.514368,2.08
4.146529190002184,8.52,3.554304,2.08
4.201332170996466,8.4,3.434496,2.04
4.256163822996314,8.52,3.514368,2.08
4.310980371999904,8.48,3.514368,2.08
4.365323307996732,8.44,3.434496,2.04
4.419992523995461,8.56,3.514368,2.08
4.474480967997806,8.44,3.474432,2.08
4.529015588996117,8.44,3.474432,2.04
4.584923782997066,8.52,3.554304,2.08
4.6393343359959545,8.44,3.474432,2.08
4.693572436997783,8.48,3.474432,2.08
4.7479021239996655,8.52,3.554304,2.08
4.802456617995631,8.4,3.474432,2.04
4.858256104998873,8.48,3.514368,2.08
4.9124904299969785,8.52,3.554304,2.08
4.966702641999291,8.4,3.474432,2.04
5.021425332000945,8.52,3.554304,2.08
5.075935023996863,8.48,3.554304,2.08
5.130461260996526,8.44,3.474432,2.04
5.18500769000093,8.56,3.554304,2.08
5.239566951000597,8.44,3.514368,2.08
5.294072482996853,8.48,3.474432,2.08
5.3483898189952015,8.56,3.554304,2.08
5.403135868997197,8.44,3.474432,2.04
5.457692347001284,8.52,3.514368,2.08
5.512184662002255,8.52,3.514368,2.08
5.56805416700081,8.4,3.434496,2.04
5.622720503997698,8.52,3.514368,2.08
5.6773926640016725,8.48,3.514368,2.08
5.732143002998782,8.44,3.434496,2.04
5.787111746998562,8.56,3.514368,2.08
5.841431194996403,8.48,3.514368,2.08
5.89622431799944,8.44,3.474432,2.04
5.950604919002217,8.56,3.554304,2.08
6.005659937996825,8.44,3.474432,2.04
6.060169117998157,8.48,3.514368,2.04
6.115011426998535,8.52,3.554304,2.08
6.169752934001735,8.4,3.474432,2.04
6.2242572819959605,8.52,3.514368,2.08
6.279087590999552,8.52,3.554304,2.08
6.333601314996486,8.4,3.474432,2.04
6.388459176996548,8.52,3.514368,2.08
6.444232615001965,8.48,3.554304,2.08
6.4990550840011565,8.44,3.474432,2.04
6.553677003001212,8.56,3.554304,2.08
6.608182054995268,8.48,3.514368,2.08
6.663005260001228,8.48,3.474432,2.04
6.717504135995114,8.56,3.554304,2.08
6.772261321995757,8.44,3.474432,2.04
6.827396119995683,8.48,3.474432,2.04
6.881590122997295,8.56,3.554304,2.08
6.935834367999632,8.4,3.474432,2.04
6.990047188999597,8.52,3.514368,2.08
7.045745008996164,8.52,3.554304,2.08
7.099919651998789,8.4,3.434496,2.04
7.154197849995398,8.52,3.514368,2.08
7.208565362001536,8.48,3.514368,2.08
7.262802983001166,8.44,3.474432,2.04
7.318307613997604,8.56,3.554304,2.08
7.372581780000473,8.44,3.514368,2.08
7.426863529995899,8.48,3.514368,2.08
7.481596427998738,8.52,3.554304,2.08
7.536311757998192,8.4,3.474432,2.04
7.590834538998024,8.52,3.514368,2.08
7.645695856001112,8.52,3.554304,2.08
7.7002591179989395,8.44,3.474432,2.04
7.754906509995635,8.56,3.514368,2.08
7.810510823997902,8.48,3.554304,2.08
7.864701211001375,8.44,3.474432,2.04
7.9189763690010295,8.56,3.554304,2.08
7.97320598999795,8.48,3.514368,2.08
8.027558173998841,8.48,3.474432,2.04
8.083140374998038,8.56,3.554304,2.08
8.137523407996923,8.44,3.474432,2.04
8.192076685001666,8.52,3.474432,2.08
8.246945394996146,8.56,3.554304,2.08
8.302555276997737,8.4,3.474432,2.04
8.356838403000438,8.52,3.514368,2.08
8.411091800000577,8.48,3.514368,2.08
8.466894871002296,8.4,3.434496,2.04
8.521814879000885,8.52,3.514368,2.08
8.57768332699925,8.48,3.514368,2.08
8.631879506996484,8.4,3.474432,2.04
8.686175593997177,8.56,3.554304,2.08
8.7409856459999,8.44,3.514368,2.08
8.796156732001691,8.44,3.474432,2.04
8.85080831599771,8.52,3.554304,2.08
8.905471739999484,8.4,3.514368,2.04
8.960139420996711,8.48,3.514368,2.08
9.01479106899933,8.52,3.554304,2.08
9.069634626001061,8.4,3.474432,2.08
9.125233307997405,8.52,3.514368,2.08
9.179410862998338,8.52,3.554304,2.08
9.233668259999831,8.44,3.474432,2.04
9.288197857000341,8.56,3.514368,2.08
9.342851681001775,8.48,3.514368,2.08
9.397425791001297,8.44,3.474432,2.04
9.452005692997773,8.56,3.554304,2.08
9.506981958002143,8.44,3.514368,2.08
9.561706248001428,8.48,3.474432,2.04
9.617037466996408,8.56,3.554304,2.08
9.673052926998935,8.44,3.474432,2.08
9.72755618699739,8.44,3.474432,2.04
9.78241104100016,8.52,3.554304,2.08
9.837712433996785,8.4,3.474432,2.04
9.892145708996395,8.48,3.514368,2.08
9.946318367998174,8.52,3.554304,2.08
10.000897054000234,8.4,3.474432,2.04
10.055464283999754,8.52,3.514368,2.08
10.11124399399705,8.48,3.554304,2.08
10.165416300995275,8.44,3.474432,2.04
10.21956758399756,8.56,3.554304,2.08
10.274380388000282,8.44,3.514368,2.08
10.32887497599586,8.44,3.514368,2.04
10.383459261996904,8.56,3.554304,2.08
10.438326083996799,8.44,3.474432,2.04
10.492829855997115,8.48,3.514368,2.08
10.547659972995461,8.56,3.554304,2.08
10.602742671995657,8.4,3.474432,2.04
10.656917219996103,8.52,3.514368,2.08
10.711459072997968,8.52,3.514368,2.08
10.766280869000184,8.44,3.434496,2.04
10.821367728996847,8.56,3.514368,2.08
10.87565520699718,8.48,3.514368,2.08
10.929931965001742,8.44,3.474432,2.04
10.98414388999663,8.52,3.554304,2.08
11.038940084996284,8.44,3.474432,2.08
11.094254662995809,8.48,3.474432,2.08
11.148431483001332,8.52,3.554304,2.08
11.202948662998097,8.4,3.474432,2.04
11.257244622000144,8.48,3.514368,2.08
11.312752420999459,8.52,3.554304,2.08
11.366929304000223,8.4,3.474432,2.04
11.421543254997232,8.52,3.554304,2.08
11.47568964099628,8.48,3.514368,2.08
11.529812059001415,8.44,3.474432,2.04
11.58413467399805,8.56,3.554304,2.08
11.63895848699758,8.44,3.474432,2.08
11.693523285000992,8.48,3.514368,2.08
11.748019569000462,8.56,3.554304,2.08
11.803665899002226,8.44,3.474432,2.04
11.857821534002142,8.52,3.514368,2.08
11.912039697999717,8.52,3.514368,2.08
11.966425995000463,8.44,3.434496,2.04
12.020809508001548,8.56,3.514368,2.08
12.075441347995366,8.48,3.514368,2.08
12.129785211000126,8.44,3.474432,2.04
12.185022443001799,8.56,3.554304,2.08
12.239392388000851,8.44,3.514368,2.08
12.295159713998146,8.48,3.474432,2.04
12.349327028998232,8.52,3.554304,2.08
12.403586986001756,8.4,3.474432,2.04
12.458293035997485,8.48,3.514368,2.08
12.512785191996954,8.52,3.554304,2.08
12.567640396999195,8.4,3.474432,2.04
12.622172201998183,8.52,3.514368,2.08
12.676987245999044,8.48,3.514368,2.08
12.731949239001551,8.44,3.474432,2.04
12.786423826000828,8.56,3.554304,2.08
12.841537981999863,8.44,3.514368,2.08
12.895753906996106,8.44,3.474432,2.08
12.950107562995981,8.56,3.554304,2.08
13.004457826995349,8.4,3.474432,2.08
13.058992575999582,8.48,3.514368,2.08
13.113765187001263,8.56,3.554304,2.08
13.168331105000107,8.44,3.474432,2.04
13.222873853999772,8.52,3.514368,2.08
13.277386394001951,8.52,3.514368,2.08
13.332438020996051,8.44,3.434496,2.04
13.386690906001604,8.56,3.514368,2.08
13.441594464995433,8.44,3.514368,2.08
13.496088701002009,8.44,3.474432,2.04
13.550949058997503,8.52,3.554304,2.08
13.60568778099696,8.4,3.474432,2.08
13.660189600996091,8.48,3.474432,2.08
13.714822239999194,8.52,3.554304,2.08
13.769120662997011,8.4,3.474432,2.04
13.824722352997924,8.48,3.514368,2.08
13.878921891999198,8.48,3.554304,2.08
13.933162713001366,8.4,3.474432,2.04
13.987339948995213,8.52,3.554304,2.08
14.042271379999875,8.48,3.514368,2.08
14.096777359998669,8.44,3.474432,2.04
14.152057952996984,8.56,3.554304,2.08
14.206249748996925,8.44,3.514368,2.08
14.260483337995538,8.48,3.514368,2.08
14.31500848599535,8.56,3.554304,2.08
14.369167128999834,8.44,3.474432,2.04
14.423463599996467,8.52,3.514368,2.08
14.477621985999576,8.52,3.514368,2.08
14.532086236999021,8.44,3.434496,2.04
14.587181609000254,8.56,3.514368,2.08
14.641701285996533,8.48,3.514368,2.08
14.69620371399651,8.44,3.474432,2.04
14.75105271099892,8.56,3.554304,2.08
14.806666528995265,8.44,3.474432,2.08
14.86088082200149,8.48,3.474432,2.08
14.915090025999234,8.52,3.554304,2.08
14.969497539001168,8.4,3.474432,2.04
15.023813626001356,8.48,3.514368,2.08
15.079544631000317,8.52,3.554304,2.08
15.133721514997887,8.4,3.474432,2.04
15.18802339299873,8.52,3.554304,2.08
15.242745826995815,8.48,3.554304,2.08
15.297115836001467,8.44,3.474432,2.04
15.35142705799808,8.56,3.554304,2.08
15.40609323499666,8.44,3.514368,2.08
15.460900439000397,8.48,3.474432,2.08
15.515716187997896,8.56,3.554304,2.08
15.57023618400126,8.44,3.474432,2.08
15.6247618769994,8.52,3.514368,2.08
15.679636442997435,8.52,3.554304,2.08
15.734140822998597,8.4,3.434496,2.04
15.789467944996431,8.52,3.514368,2.08
15.84425322899915,8.48,3.514368,2.08
15.898473025001294,8.44,3.434496,2.04
15.952720214001602,8.56,3.514368,2.08
16.007133264000004,8.44,3.474432,2.08
16.0616530039988,8.44,3.474432,2.08
16.115959682996618,8.52,3.554304,2.08
16.170159895002143,8.4,3.474432,2.04
16.224648338997213,8.48,3.514368,2.08
16.28024593200098,8.52,3.554304,2.08
16.33463363700139,8.4,3.474432,2.04
16.390429443999892,8.52,3.514368,2.08
16.444798557000468,8.52,3.554304,2.08
16.500631964001514,8.4,3.474432,2.04
16.55510184799641,8.52,3.554304,2.08
16.60931038000126,8.44,3.554304,2.08
16.663750245999836,8.44,3.474432,2.04
16.71814307099703,8.56,3.554304,2.08
16.77241707700159,8.44,3.474432,2.08
16.82663508100086,8.48,3.474432,2.08
16.88088979099848,8.52,3.554304,2.08
16.935070961997553,8.4,3.434496,2.04
16.9893317199967,8.52,3.514368,2.08
17.043511546995433,8.48,3.514368,2.08
17.09770135799772,8.44,3.434496,2.04
17.151969603997713,8.56,3.514368,2.08
17.20619912899565,8.44,3.474432,2.08
17.260491054999875,8.48,3.474432,2.08
17.314673378998123,8.52,3.554304,2.08
17.36889157499536,8.4,3.434496,2.04
17.423114124001586,8.52,3.514368,2.08
17.47726294199674,8.48,3.514368,2.08
17.531553715998598,8.4,3.474432,2.04
17.585874794996926,8.52,3.554304,2.08
17.640219683002215,8.44,3.514368,2.08
17.69444780000049,8.48,3.474432,2.08
17.748622858998715,8.52,3.554304,2.08
17.80281471899798,8.4,3.474432,2.04
17.857068211997102,8.52,3.514368,2.08
17.911272648001614,8.48,3.554304,2.08
17.96551062099752,8.44,3.474432,2.04
18.020052505999047,8.56,3.514368,2.08
18.07422247700015,8.48,3.474432,2.08
18.128444257999945,8.48,3.474432,2.08
18.182656821998535,8.56,3.514368,2.08
18.236873705995094,8.44,3.434496,2.04
18.291233762000047,8.52,3.514368,2.08
18.34547010299866,8.52,3.514368,2.08
18.399688844001503,8.4,3.434496,2.04
18.454416013999435,8.52,3.514368,2.08
18.508628449999378,8.44,3.514368,2.08
18.562843733998307,8.44,3.474432,2.04
18.61717399799818,8.52,3.554304,2.08
18.67142221100221,8.4,3.474432,2.04
18.725881054000638,8.48,3.474432,2.08
18.78006379299768,8.52,3.554304,2.08
18.834229667998443,8.4,3.474432,2.04
18.888595356002043,8.52,3.514368,2.08
18.942956756996864,8.48,3.514368,2.08
18.997581491996243,8.44,3.474432,2.04
19.05173399100022,8.56,3.554304,2.08
19.10607964600058,8.4,3.474432,2.08
19.160288658000354,8.48,3.514368,2.08
19.214443461001792,8.52,3.554304,2.08
19.268672058002267,8.4,3.474432,2.08
19.32300337700144,8.52,3.514368,2.08
19.37715536399628,8.48,3.514368,2.08
19.431382039998425,8.44,3.474432,2.04
19.48555860399938,8.56,3.514368,2.08
19.53981270499935,8.44,3.474432,2.08
19.59398168399639,8.48,3.474432,2.08
19.648201160001918,8.52,3.554304,2.08
19.702378715999657,8.4,3.434496,2.04
19.756583151996892,8.52,3.514368,2.08
19.81074013000034,8.48,3.514368,2.08
19.86504892099765,8.4,3.434496,2.04
19.919238476999453,8.52,3.554304,2.08
19.973414079999202,8.4,3.514368,2.08
20.027670741001202,8.44,3.474432,2.08
20.081970252002066,8.52,3.554304,2.08
20.13622579300136,8.4,3.474432,2.04
20.190540375995624,8.48,3.514368,2.08
20.244724619995395,8.48,3.554304,2.08
20.298912542995822,8.4,3.474432,2.04
20.35342729200056,8.56,3.554304,2.08
20.40767953699833,8.44,3.514368,2.08
20.461927110001852,8.48,3.474432,2.08
20.516160890998435,8.56,3.554304,2.08
20.570339726000384,8.44,3.474432,2.04
20.624534274000325,8.52,3.514368,2.08
20.678698644995166,8.52,3.514368,2.08
20.732869703999313,8.44,3.434496,2.04
20.78710588499962,8.56,3.514368,2.08
20.841245135001373,8.44,3.474432,2.08
20.895557862000715,8.44,3.474432,2.04
20.94977144999575,8.52,3.514368,2.08
21.003950509999413,8.4,3.434496,2.04
21.058122497001023,8.48,3.514368,2.08
21.112324852998427,8.48,3.514368,2.08
21.166581033998227,8.4,3.434496,2.04
21.22094169799675,8.52,3.514368,2.08
21.275183607001964,8.44,3.514368,2.08
21.329393963002076,8.44,3.474432,2.04
21.383764707999944,8.52,3.554304,2.08
21.437992248997034,8.4,3.474432,2.08
21.492191179997462,8.48,3.514368,2.08
21.546336990999407,8.52,3.554304,2.08
21.600496977996954,8.4,3.434496,2.04
21.654712325995206,8.52,3.514368,2.08
21.70888108100189,8.44,3.514368,2.08
21.763050283996563,8.44,3.474432,2.08
21.817219839002064,8.56,3.514368,2.08
21.871442388001014,8.4,3.474432,2.08
21.925609639001777,8.48,3.474432,2.08
21.97973916099727,8.52,3.514368,2.08
22.03389501899801,8.4,3.434496,2.04
22.08803186899604,8.52,3.514368,2.08
22.142195280001033,8.44,3.474432,2.08
22.19645491799747,8.44,3.474432,2.04
22.25060133599618,8.52,3.514368,2.08
22.304862190001586,8.4,3.474432,2.08
22.359109634999186,8.48,3.474432,2.08
22.41349625199655,8.52,3.554304,2.08
22.467734448997362,8.4,3.434496,2.04
22.52227153399872,8.52,3.514368,2.08
22.576435841001512,8.48,3.514368,2.08
22.630768919996626,8.44,3.474432,2.04
22.684963052000967,8.56,3.554304,2.08
22.73920867299603,8.4,3.474432,2.08
22.793412309001724,8.48,3.514368,2.08
22.847635209000146,8.52,3.554304,2.08
22.90188054299506,8.4,3.474432,2.04
22.956221558000834,8.52,3.514368,2.08
23.010375304998888,8.48,3.514368,2.08
23.064555227996607,8.44,3.474432,2.04
23.118704303000413,8.56,3.554304,2.08
23.17290003499511,8.44,3.474432,2.08
23.227067829997395,8.48,3.474432,2.08
23.281287498000893,8.52,3.554304,2.08
23.335562783999194,8.4,3.434496,2.04
23.389925431998563,8.52,3.514368,2.08
23.444141963998845,8.48,3.514368,2.08
23.49835753699881,8.4,3.434496,2.04
23.552623190000304,8.52,3.514368,2.08
23.60682282599737,8.4,3.474432,2.08
23.66100822199951,8.44,3.474432,2.08
23.715260530996602,8.52,3.554304,2.08
23.769490024002152,8.4,3.474432,2.04
23.82368901999871,8.48,3.514368,2.08
23.878252376998716,8.48,3.554304,2.08
23.932427499996265,8.4,3.474432,2.04
23.986597440001788,8.56,3.554304,2.08
24.040884469999583,8.44,3.514368,2.08
24.095098058001895,8.44,3.474432,2.08
24.14944227399974,8.52,3.554304,2.08
24.203747480998572,8.4,3.474432,2.08
24.25793591600086,8.52,3.514368,2.08
24.312116158995195,8.52,3.514368,2.08
24.36631192299683,8.44,3.434496,2.04
24.420819822997146,8.56,3.514368,2.08
24.475113797998347,8.48,3.514368,2.08
24.529336633997445,8.44,3.474432,2.08
24.583535726000264,8.56,3.554304,2.08
24.637714528995275,8.4,3.474432,2.08
24.69191538100131,8.48,3.514368,2.08
24.74609757700091,8.52,3.554304,2.08
24.8003252769995,8.4,3.434496,2.04
24.854869691000204,8.52,3.514368,2.08
24.909038286001305,8.44,3.514368,2.08
24.963225984996825,8.44,3.474432,2.04
25.017381683996064,8.52,3.554304,2.08
25.07263027600129,8.4,3.514368,2.08
25.12686031300109,8.48,3.514368,2.08
25.181098957997165,8.52,3.554304,2.08
25.235347139001533,8.4,3.474432,2.04
25.28955023099843,8.52,3.514368,2.08
25.34374304999801,8.48,3.514368,2.08
25.398578191001434,8.44,3.474432,2.04
25.452826020999055,8.56,3.554304,2.08
25.507194716999948,8.48,3.514368,2.08
25.5614050410004,8.48,3.474432,2.08
25.615542275001644,8.56,3.554304,2.08
25.669738422999217,8.44,3.474432,2.04
25.72395777199563,8.52,3.514368,2.08
25.77813558300113,8.48,3.514368,2.08
25.832316594001895,8.44,3.434496,2.04
25.88671421899926,8.56,3.514368,2.08
25.940896446998522,8.44,3.474432,2.08
25.995346169002005,8.44,3.474432,2.08
26.04953482899873,8.56,3.554304,2.08
26.10375753799599,8.4,3.474432,2.04
26.157964566002192,8.52,3.514368,2.08
26.212330221998855,8.52,3.554304,2.08
26.266493664996233,8.4,3.474432,2.04
26.320657716001733,8.56,3.554304,2.08
26.37481165400095,8.48,3.514368,2.08
26.42901346599683,8.48,3.514368,2.08
26.48325726299663,8.56,3.554304,2.08
26.53752294900187,8.44,3.474432,2.08
26.591747546000988,8.52,3.514368,2.08
26.645949933998054,8.52,3.554304,2.08
26.700154817997827,8.44,3.434496,2.04
26.754344148997916,8.56,3.514368,2.08
26.80850160800037,8.48,3.514368,2.08
26.8627479009956,8.48,3.474432,2.08
26.91689655999653,8.56,3.554304,2.08
26.971079971001018,8.44,3.474432,2.04
27.02525701400009,8.52,3.474432,2.08
27.079396649001865,8.52,3.514368,2.08
27.13358889200026,8.4,3.434496,2.04
27.188054967002245,8.52,3.514368,2.08
27.24225373900117,8.44,3.514368,2.08
27.29641186999652,8.44,3.474432,2.08
27.350568560999818,8.56,3.554304,2.08
27.404758051998215,8.4,3.474432,2.08
27.45897634499852,8.48,3.514368,2.08
27.513301776001754,8.52,3.554304,2.08
27.567545380996307,8.4,3.474432,2.04
27.621890844995505,8.56,3.514368,2.08
27.676064047998807,8.48,3.514368,2.08
27.730247202998726,8.44,3.474432,2.08
27.784446710997145,8.56,3.554304,2.08
27.83874353399733,8.44,3.474432,2.08
27.89297923399863,8.52,3.514368,2.08
27.947162677999586,8.52,3.554304,2.08
28.001392555001075,8.44,3.434496,2.08
28.05570201700175,8.56,3.514368,2.08
28.109882964999997,8.52,3.514368,2.08
28.164172363001853,8.44,3.434496,2.08
28.218361310995533,8.56,3.514368,2.08
28.272925596000277,8.44,3.474432,2.08
28.327162993002275,8.48,3.474432,2.08
28.38137197299511,8.52,3.554304,2.08
28.435631162996287,8.4,3.434496,2.08
28.489851278995047,8.52,3.514368,2.08
28.544203878998815,8.48,3.514368,2.08
28.598909192995052,8.44,3.474432,2.04
28.653186431001814,8.56,3.554304,2.08
28.707344786002068,8.44,3.514368,2.08
28.761530532996403,8.48,3.514368,2.08
28.81570636000106,8.56,3.554304,2.08
28.86998167799902,8.4,3.474432,2.08
28.924209730997973,8.52,3.514368,2.08
28.97841195899673,8.52,3.554304,2.08
29.032867921996512,8.44,3.474432,2.04
29.087300268001854,8.56,3.514368,2.08
29.141519199998584,8.48,3.514368,2.08
29.195736627996666,8.48,3.474432,2.08
29.250005226000212,8.56,3.554304,2.08
29.304263040001388,8.44,3.474432,2.08
29.358513428996957,8.52,3.474432,2.08
29.412694088001444,8.52,3.514368,2.08
29.466914940996503,8.4,3.434496,2.04
29.52132418200199,8.56,3.514368,2.08
29.57567060599831,8.48,3.514368,2.08
29.62991555500048,8.44,3.474432,2.08
29.68412863100093,8.56,3.554304,2.08
29.738333706998674,8.4,3.474432,2.08
29.792543167997792,8.48,3.514368,2.08
29.846836470002017,8.52,3.554304,2.08
29.901135052001337,8.4,3.474432,2.04
29.955421186998137,8.52,3.514368,2.08
0.0003338009992148727,8.28,3.39456,2.04
0.05452316499577137,8.44,3.474432,2.08
0.10909916299715405,8.4,3.474432,2.04
0.16343112199683674,8.4,3.434496,2.04
0.21779488999891328,8.48,3.514368,2.08
0.27199404599377885,8.36,3.434496,2.04
0.32619806599541334,8.44,3.474432,2.04
0.38029648299561813,8.48,3.514368,2.08
0.4344813029965735,8.36,3.434496,2.04
0.48862365699460497,8.52,3.514368,2.08
0.542977280994819,8.44,3.514368,2.08
0.5972752239977126,8.4,3.434496,2.04
0.6515320769976825,8.52,3.514368,2.08
0.7059193659952143,8.4,3.474432,2.04
0.7601754839997739,8.44,3.474432,2.08
0.814447664997715,8.52,3.554304,2.08
0.868711622999399,8.36,3.474432,2.04
0.9230318059999263,8.52,3.514368,2.08
0.9771807529978105,8.48,3.514368,2.08
1.0313263709977036,8.44,3.474432,2.04
1.085622937993321,8.56,3.554304,2.08
1.1399340639982256,8.44,3.514368,2.08
1.1941203879978275,8.48,3.514368,2.08
1.2483390959969256,8.56,3.554304,2.08
1.3025135479983874,8.44,3.474432,2.04
1.3566759659952368,8.56,3.514368,2.08
1.4108213289946434,8.52,3.514368,2.08
1.4649682909948751,8.44,3.474432,2.04
1.5191461029971833,8.56,3.554304,2.08
1.573485165994498,8.44,3.474432,2.08
1.6276624649981386,8.48,3.474432,2.08
1.6818479569992633,8.56,3.554304,2.08
1.7359886790000019,8.4,3.474432,2.04
1.7901361859985627,8.52,3.514368,2.08
1.8443752469975152,8.48,3.514368,2.08
1.8985606739952345,8.44,3.474432,2.04
1.9527161169971805,8.56,3.554304,2.08
2.0072328169990215,8.44,3.514368,2.08
2.061536871995486,8.48,3.514368,2.08
2.115686522993201,8.56,3.554304,2.08
2.169864621995657,8.4,3.474432,2.08
2.224154211995483,8.52,3.514368,2.08
2.2783501999947475,8.52,3.554304,2.08
2.332530666993989,8.44,3.474432,2.04
2.386707038000168,8.56,3.554304,2.08
2.4411066159955226,8.48,3.514368,2.08
2.49673477000033,8.48,3.474432,2.08
2.5508895729944925,8.56,3.554304,2.08
2.6052302039970527,8.44,3.474432,2.08
2.6593908949944307,8.52,3.514368,2.08
2.714399192998826,8.56,3.554304,2.08
2.76970503499615,8.44,3.474432,2.08
2.8238798059974215,8.52,3.514368,2.08
2.8780525289985235,8.52,3.514368,2.08
2.93243373799487,8.44,3.434496,2.04
2.988606194994645,8.56,3.554304,2.08
3.042793605993211,8.48,3.514368,2.08
3.0969078639973304,8.44,3.474432,2.04
3.151072970998939,8.56,3.554304,2.08
3.2051989089959534,8.44,3.474432,2.08
3.259364335994178,8.48,3.514368,2.08
3.313460256998951,8.52,3.554304,2.08
3.3676235399980214,8.4,3.474432,2.04
3.4218496719986433,8.52,3.554304,2.08
3.4759976909990655,8.48,3.514368,2.08
3.5301318849960808,8.44,3.474432,2.04
3.5849262249976164,8.56,3.554304,2.08
3.639220902994566,8.44,3.474432,2.08
3.6933821059938055,8.48,3.474432,2.08
3.7495175059957546,8.56,3.554304,2.08
3.803797399996256,8.44,3.474432,2.08
3.8584156069991877,8.52,3.514368,2.08
3.912630603997968,8.52,3.554304,2.08
3.9674443999974756,8.4,3.434496,2.08
4.022944934993575,8.56,3.514368,2.08
4.077186555994558,8.48,3.514368,2.08
4.131374318996677,8.44,3.474432,2.08
4.185580642995774,8.56,3.554304,2.08
4.239819063994219,8.44,3.474432,2.08
4.294029580996721,8.48,3.474432,2.08
4.348195551996469,8.52,3.554304,2.08
4.402406355999119,8.4,3.474432,2.08
4.456670760999259,8.52,3.514368,2.08
4.510916893996182,8.48,3.554304,2.08
4.565163699997356,8.44,3.474432,2.08
4.6193896400000085,8.56,3.554304,2.08
4.673756896998384,8.44,3.514368,2.08
4.727974996996636,8.48,3.514368,2.08
4.7822072739945725,8.56,3.554304,2.08
4.836499391996767,8.44,3.474432,2.08
4.891459719998238,8.52,3.514368,2.08
4.946359055000357,8.56,3.554304,2.08
5.002269904995046,8.44,3.474432,2.08
5.056784909997077,8.56,3.514368,2.08
5.1109873299938045,8.56,3.554304,2.08
5.168676338995283,8.44,3.434496,2.08
5.222925320995273,8.56,3.514368,2.08
5.2771450849977555,8.52,3.514368,2.08
5.33142318699538,8.44,3.474432,2.08
5.3856844889960485,8.56,3.554304,2.08
5.439947645994835,8.44,3.474432,2.08
5.494116944995767,8.48,3.474432,2.08
5.5482699559943285,8.52,3.554304,2.08
5.602493655998842,8.4,3.474432,2.04
5.657008564994612,8.52,3.514368,2.08
5.711386828996183,8.48,3.554304,2.08
5.765621473998181,8.44,3.474432,2.04
5.819818709998799,8.56,3.554304,2.08
5.87407236299623,8.44,3.514368,2.08
5.928269214993634,8.48,3.514368,2.08
5.983060290993308,8.56,3.554304,2.08
6.037283030993422,8.44,3.474432,2.08
6.091557452993584,8.52,3.514368,2.08
6.145733473000291,8.56,3.554304,2.08
6.200470946998394,8.44,3.434496,2.08
6.255361768999137,8.56,3.514368,2.08
6.309937190999335,8.48,3.514368,2.08
6.364327807998052,8.44,3.474432,2.08
6.419327657997201,8.56,3.514368,2.08
6.473920967997401,8.44,3.474432,2.08
6.528538791993924,8.44,3.474432,2.08
6.583759030996589,8.52,3.554304,2.08
6.638114222994773,8.4,3.474432,2.08
6.692407620997983,8.48,3.514368,2.08
6.746584120999614,8.52,3.554304,2.08
6.800791500994819,8.4,3.474432,2.04
6.8551671729946975,8.52,3.554304,2.08
6.90934232899599,8.48,3.514368,2.08
6.963523403996078,8.44,3.474432,2.08
7.0178951079942635,8.56,3.554304,2.08
7.072032182994008,8.44,3.474432,2.08
7.126250986999366,8.52,3.514368,2.08
7.180582593995496,8.52,3.554304,2.08
7.235118814998714,8.4,3.474432,2.08
7.289518232995761,8.56,3.514368,2.08
7.343673450995993,8.52,3.514368,2.08
7.398043907996907,8.44,3.474432,2.04
7.453379701997619,8.56,3.514368,2.08
7.508040438995522,8.48,3.474432,2.08
7.56234468499315,8.48,3.474432,2.08
7.617695967994223,8.56,3.554304,2.08
7.672116313995502,8.44,3.474432,2.08
7.726520530995913,8.48,3.474432,2.08
7.780755143998249,8.52,3.554304,2.08
7.835077886993531,8.4,3.434496,2.08
7.889327252996736,8.52,3.514368,2.08
7.943461158996797,8.44,3.474432,2.08
7.997855423993315,8.4,3.434496,2.08
8.052009202998306,8.52,3.514368,2.08
8.10653028699744,8.4,3.434496,2.08
8.16121342399856,8.44,3.434496,2.08
8.215430627999012,8.48,3.474432,2.08
8.26963717599574,8.36,3.39456,2.08
8.324065458000405,8.44,3.434496,2.08
8.378438058993197,8.44,3.474432,2.08
8.432822755996312,8.36,3.39456,2.08
8.487078744998144,8.48,3.434496,2.08
8.541260013000283,8.4,3.39456,2.08
8.59580212199944,8.4,3.39456,2.08
8.64997634899919,8.48,3.434496,2.08
8.704540282997186,8.32,3.354624,2.08
8.758772270994086,8.44,3.39456,2.08
8.812940641997557,8.4,3.434496,2.08
8.86718021499837,8.32,3.354624,2.08
8.921370378993743,8.44,3.39456,2.08
8.977040933998069,8.36,3.39456,2.08
9.031253626999387,8.36,3.354624,2.08
9.085489711993432,8.44,3.434496,2.08
9.140856291000091,8.36,3.39456,2.08
9.195131608998054,8.36,3.39456,2.08
9.249290155996277,8.44,3.434496,2.08
9.303918218996841,8.32,3.354624,2.08
9.358317539998097,8.4,3.39456,2.08
9.4129377309946,8.4,3.434496,2.08
9.467797672994493,8.28,3.354624,2.04
9.522232962997805,8.44,3.434496,2.08
9.576485208999657,8.36,3.434496,2.08
9.632385465993138,8.32,3.354624,2.04
9.686575853993418,8.48,3.434496,2.08
9.740855587995611,8.36,3.39456,2.08
9.795168507000199,8.4,3.354624,2.08
9.849364014997263,8.44,3.434496,2.08
9.903581090999069,8.32,3.354624,2.08
9.957787414998165,8.4,3.39456,2.08
10.01289984399773,8.44,3.434496,2.08
10.068632768998214,8.32,3.354624,2.08
10.123215038998751,8.44,3.39456,2.08
10.177427666996664,8.4,3.39456,2.08
10.23161936699762,8.32,3.354624,2.08
10.286014559998875,8.44,3.434496,2.08
10.340526779997163,8.32,3.39456,2.08
10.39510700199753,8.36,3.354624,2.08
10.450045025994768,8.44,3.434496,2.08
10.504599743995641,8.28,3.354624,2.08
10.559195165995334,8.36,3.39456,2.08
10.613779547995364,8.4,3.434496,2.08
10.66957225099759,8.28,3.354624,2.08
10.723882321995916,8.4,3.39456,2.08
10.778455087995098,8.4,3.434496,2.08
10.83268547699845,8.32,3.354624,2.08
10.887134366996179,8.48,3.434496,2.08
10.941353939997498,8.36,3.39456,2.08
10.995762860999093,8.4,3.354624,2.08
11.049960608994297,8.48,3.434496,2.08
11.104132211999968,8.32,3.354624,2.08
11.158396521997929,8.44,3.39456,2.08
11.212562588996661,8.4,3.39456,2.08
11.266809073997138,8.32,3.314688,2.08
11.32116522599972,8.44,3.39456,2.08
11.375355709998985,8.36,3.39456,2.08
11.42953780899552,8.36,3.354624,2.08
11.48373805299343,8.44,3.434496,2.08
11.537908535996394,8.32,3.354624,2.08
11.592110699995828,8.4,3.39456,2.08
11.64628204699693,8.4,3.434496,2.08
11.700528276000114,8.28,3.354624,2.04
11.754828106997593,8.44,3.434496,2.08
11.809226243996818,8.36,3.39456,2.08
11.863487033995625,8.32,3.354624,2.08
11.917655276993173,8.44,3.434496,2.08
11.971880576995318,8.32,3.354624,2.08
12.026269945999957,8.4,3.39456,2.08
12.080477261995838,8.44,3.434496,2.08
12.134661889998824,8.32,3.354624,2.08
12.189292672999727,8.44,3.39456,2.08
12.243508789993939,8.4,3.39456,2.08
12.297827116999542,8.36,3.354624,2.08
12.352698418995715,8.48,3.434496,2.08
12.407314289994247,8.36,3.354624,2.08
12.461540965996392,8.36,3.354624,2.08
12.515816059996723,8.44,3.434496,2.08
12.570016815996496,8.28,3.354624,2.08
12.624284710000211,8.4,3.39456,2.08
12.678494361993216,8.4,3.39456,2.08
12.732692749996204,8.32,3.354624,2.04
12.786960643999919,8.44,3.434496,2.08
12.841424574995472,8.32,3.39456,2.08
12.895669972000178,8.36,3.39456,2.08
12.949911848998454,8.44,3.434496,2.08
13.005089046993817,8.32,3.39456,2.08
13.059316843995475,8.4,3.39456,2.08
13.114734943999792,8.44,3.434496,2.08
13.16938441599632,8.32,3.354624,2.08
13.224809172999812,8.44,3.39456,2.08
13.279022024995356,8.4,3.434496,2.08
13.333741034999548,8.32,3.354624,2.04
13.388555247998738,8.48,3.39456,2.08
13.442759171994112,8.4,3.39456,2.08
13.496933495000121,8.36,3.354624,2.08
13.551134154993633,8.44,3.434496,2.08
13.605296829999133,8.32,3.354624,2.08
13.65952443399874,8.4,3.39456,2.08
13.713658403998124,8.4,3.434496,2.08
13.767907385998114,8.28,3.314688,2.04
13.822084364997863,8.44,3.39456,2.08
13.876408675998391,8.36,3.39456,2.08
13.93059560799884,8.32,3.354624,2.08
13.985069554997608,8.44,3.434496,2.08
14.039301639997575,8.32,3.39456,2.08
14.093521563998365,8.36,3.39456,2.08
14.147948629994062,8.44,3.434496,2.08
14.202597621995665,8.32,3.354624,2.08
14.256905676993483,8.4,3.434496,2.08
14.311146050000389,8.4,3.434496,2.08
14.365467352996347,8.32,3.354624,2.08
14.41976321599941,8.48,3.434496,2.08
14.474020580993965,8.36,3.39456,2.08
14.528280282000196,8.4,3.354624,2.08
14.582449133995397,8.44,3.434496,2.08
14.63661824099836,8.32,3.354624,2.08
14.690999992999423,8.44,3.39456,2.08
14.745156236000184,8.4,3.39456,2.08
14.799310110996885,8.32,3.354624,2.08
14.853586388999247,8.44,3.434496,2.08
14.90790532399842,8.36,3.39456,2.08
14.962120223994134,8.36,3.354624,2.08
15.016529657994397,8.44,3.434496,2.08
15.07078183900012,8.32,3.354624,2.08
15.124996066995664,8.4,3.39456,2.08
15.179171285999473,8.4,3.434496,2.08
15.233394954993855,8.32,3.354624,2.08
15.287632831998053,8.44,3.434496,2.08
15.342023192999477,8.36,3.39456,2.08
15.396215468994342,8.36,3.39456,2.08
15.45033798199438,8.44,3.434496,2.08
15.504538065993984,8.32,3.354624,2.08
15.558717669999169,8.4,3.39456,2.08
15.61284971999703,8.44,3.434496,2.08
15.667039946994919,8.32,3.354624,2.04
15.721179549997032,8.48,3.39456,2.08
15.775316943996586,8.36,3.39456,2.08
15.829479042993626,8.36,3.354624,2.08
15.883732471993426,8.44,3.434496,2.08
15.938030413999513,8.32,3.354624,2.08
15.99224505899474,8.4,3.39456,2.08
16.046519768999133,8.4,3.434496,2.08
16.100680011993973,8.32,3.314688,2.08
16.155079908996413,8.44,3.39456,2.08
16.209323801995197,8.36,3.39456,2.08
16.26369556999998,8.36,3.354624,2.08
16.317860516996006,8.44,3.434496,2.08
16.372604935997515,8.32,3.39456,2.08
16.426912126997195,8.36,3.39456,2.08
16.481139826995786,8.44,3.434496,2.08
16.53537392799626,8.28,3.354624,2.08
16.589582939996035,8.44,3.434496,2.08
16.643872786997235,8.4,3.434496,2.08
16.6984812649971,8.36,3.354624,2.08
16.752695429997402,8.48,3.434496,2.08
16.806884888996137,8.36,3.39456,2.08
16.861160814994946,8.4,3.354624,2.08
16.915345282999624,8.44,3.434496,2.08
16.96968645799643,8.32,3.354624,2.08
17.023911406999105,8.44,3.39456,2.08
17.078090241993777,8.44,3.39456,2.08
17.132263220999448,8.36,3.354624,2.08
17.18647863399383,8.48,3.434496,2.08
17.240644796998822,8.36,3.39456,2.08
17.294875665997097,8.36,3.354624,2.08
17.34909107799467,8.44,3.434496,2.08
17.40348924699356,8.32,3.354624,2.08
17.457683762993838,8.4,3.39456,2.08
17.511889894994965,8.4,3.434496,2.08
17.56607823399827,8.32,3.354624,2.04
17.620271661995503,8.44,3.434496,2.08
17.674480001995107,8.36,3.39456,2.08
17.72871013499389,8.36,3.39456,2.08
17.782930154993664,8.44,3.434496,2.08
17.83714847999363,8.32,3.354624,2.08
17.891422709995823,8.4,3.39456,2.08
17.945997555994836,8.44,3.434496,2.08
18.000354347997927,8.36,3.354624,2.08
18.054623393996735,8.48,3.434496,2.08
18.108800628993777,8.4,3.39456,2.08
18.163030120995245,8.36,3.354624,2.08
18.217198332997214,8.48,3.434496,2.08
18.271366703993408,8.32,3.354624,2.08
18.325713702994108,8.4,3.39456,2.08
18.380014237998694,8.4,3.434496,2.08
18.434300531996996,8.32,3.354624,2.08
18.48854468100035,8.44,3.39456,2.08
18.542767293998622,8.36,3.39456,2.08
18.59700693099876,8.36,3.354624,2.08
18.651197445993603,8.44,3.434496,2.08
18.705458107993763,8.32,3.354624,2.08
18.75964827199641,8.4,3.39456,2.08
18.813870755999233,8.4,3.434496,2.08
18.86808927200036,8.32,3.354624,2.08
18.92237876699801,8.44,3.434496,2.08
18.976560673996573,8.36,3.39456,2.08
19.030754325998714,8.36,3.39456,2.08
19.084946505994594,8.48,3.434496,2.08
19.139177405995724,8.36,3.354624,2.08
19.193501941997965,8.44,3.39456,2.08
19.247856621994288,8.48,3.434496,2.08
19.3021810289938,8.32,3.354624,2.08
19.35638408899831,8.44,3.39456,2.08
19.41057556499436,8.4,3.39456,2.08
19.464757759997156,8.36,3.354624,2.08
19.519066518994805,8.48,3.434496,2.08
19.573431182994682,8.36,3.354624,2.08
19.627599745996122,8.36,3.354624,2.08
19.68176347699773,8.44,3.434496,2.08
19.735936263998155,8.32,3.354624,2.08
19.790118875993358,8.4,3.39456,2.08
19.844344527999056,8.4,3.434496,2.08
19.89860387799854,8.32,3.354624,2.08
19.95276767299947,8.44,3.434496,2.08
20.007072590997268,8.36,3.39456,2.08
20.061413062998326,8.4,3.39456,2.08
20.115607066996745,8.44,3.434496,2.08
20.16986295999959,8.32,3.354624,2.08
20.22424125699763,8.44,3.39456,2.08
20.278453788996558,8.4,3.434496,2.08
20.33260820799478,8.36,3.354624,2.08
20.386816803998954,8.48,3.434496,2.08
20.44115061899356,8.36,3.39456,2.08
20.495773691000068,8.4,3.354624,2.08
20.549978190996626,8.48,3.434496,2.08
20.604584845998033,8.32,3.354624,2.08
20.66030714599765,8.4,3.354624,2.08
20.714504381998267,8.44,3.434496,2.08
20.769880145999196,8.32,3.354624,2.08
20.824097990000155,8.4,3.39456,2.08
20.879289972996048,8.4,3.434496,2.08
20.93351607299701,8.32,3.354624,2.08
20.987781182993785,8.44,3.434496,2.08
21.04198933099542,8.36,3.39456,2.08
21.096307050000178,8.36,3.39456,2.08
21.15055638299964,8.44,3.434496,2.08
21.204754162994504,8.32,3.39456,2.08
21.258953990996815,8.4,3.39456,2.08
21.313561093993485,8.44,3.434496,2.08
21.367797178994806,8.32,3.354624,2.08
21.422036623996974,8.44,3.434496,2.08
21.476302469993243,8.4,3.39456,2.08
21.531355695995444,8.36,3.354624,2.08
21.58561539799848,8.48,3.434496,2.08
21.63994614099647,8.36,3.354624,2.08
21.694148112997937,8.4,3.354624,2.08
21.748278498998843,8.44,3.434496,2.08
21.802498967997963,8.32,3.314688,2.08
21.856730635998247,8.44,3.39456,2.08
21.910910239996156,8.4,3.39456,2.08
21.9651157959961,8.32,3.354624,2.08
22.019309031995363,8.48,3.434496,2.08
22.073566588995163,8.36,3.354624,2.08
22.12773713599745,8.4,3.39456,2.08
22.181938595997053,8.44,3.434496,2.08
22.236147767995135,8.32,3.354624,2.08
22.290289386997756,8.44,3.434496,2.08
22.34451641499618,8.4,3.434496,2.08
22.398757651993947,8.32,3.354624,2.08
22.45301024899527,8.44,3.434496,2.08
22.507250877999468,8.36,3.39456,2.08
22.56146267499571,8.4,3.39456,2.08
22.6155644199971,8.44,3.434496,2.08
22.66977727199992,8.32,3.354624,2.08
22.72393460299645,8.44,3.39456,2.08
22.778138590998424,8.4,3.39456,2.08
22.832345490998705,8.36,3.354624,2.08
22.886604359999183,8.48,3.434496,2.08
22.941011457995046,8.36,3.39456,2.08
22.995308279998426,8.36,3.354624,2.08
23.049876693999977,8.44,3.434496,2.08
23.104272558994126,8.32,3.354624,2.08
23.158527300998685,8.4,3.39456,2.08
23.21273013699829,8.4,3.434496,2.08
23.266946316995018,8.32,3.354624,2.08
23.321244963997742,8.44,3.39456,2.08
23.375648796994938,8.36,3.39456,2.08
23.42985396899894,8.36,3.354624,2.08
23.484023331999197,8.44,3.434496,2.08
23.53821423199406,8.32,3.354624,2.08
23.592670002995874,8.4,3.39456,2.08
23.646803908995935,8.4,3.434496,2.08
23.7009803119945,8.32,3.354624,2.08
23.755254125993815,8.44,3.434496,2.08
23.809530787999392,8.36,3.39456,2.08
23.863779800994962,8.36,3.354624,2.08
23.917970572998456,8.44,3.434496,2.08
23.972140863996174,8.32,3.354624,2.08
24.026758750995214,8.4,3.39456,2.08
24.081040852994192,8.44,3.434496,2.08
24.135957435995806,8.32,3.354624,2.08
24.190650556993205,8.44,3.39456,2.08
24.24486571399757,8.4,3.39456,2.08
24.29903882099461,8.32,3.354624,2.08
24.353235992995906,8.44,3.434496,2.08
24.407380394994107,8.36,3.39456,2.08
24.461634431994753,8.36,3.354624,2.08
24.51590005399339,8.44,3.434496,2.08
24.57009914599621,8.32,3.354624,2.08
24.624246139996103,8.4,3.39456,2.08
24.678402158999234,8.4,3.434496,2.08
24.73292500399839,8.32,3.354624,2.08
24.787181984997005,8.44,3.434496,2.08
24.841671741000027,8.36,3.39456,2.08
24.895928465994075,8.36,3.39456,2.08
24.95007338099822,8.44,3.434496,2.08
25.00449692699476,8.32,3.354624,2.08
25.058693713996036,8.44,3.39456,2.08
25.112867877993267,8.44,3.434496,2.08
25.167177915995126,8.32,3.075072,2.0
25.267469417995017,8.4,3.354624,2.08
25.32175241599907,8.6,3.468864,2.12
25.376045301993145,8.48,3.434496,2.08
25.430314059995,8.48,3.39456,2.08
25.484523807994265,8.52,3.474432,2.12
25.53874008499406,8.4,3.39456,2.08
25.593179342999065,8.44,3.39456,2.08
25.647596904993406,8.48,3.474432,2.08
25.70178818799468,8.36,3.354624,2.08
25.755962928000372,8.48,3.434496,2.08
25.81008956900041,8.4,3.434496,2.08
25.86431726999581,8.36,3.39456,2.08
25.918486600996403,8.48,3.474432,2.08
25.972647611997672,8.36,3.39456,2.08
26.027001363996533,8.4,3.39456,2.08
26.08118736799952,8.44,3.434496,2.08
26.13531896999484,8.36,3.354624,2.08
26.189680625997426,8.48,3.434496,2.08
26.24387178199686,8.4,3.39456,2.08
26.298014455998782,8.36,3.354624,2.08
26.35213568999461,8.48,3.434496,2.08
26.40629308399366,8.36,3.354624,2.08
26.460436334993574,8.4,3.354624,2.08
26.514667843999632,8.44,3.434496,2.08
26.56880366999394,8.32,3.354624,2.08
26.623176365996187,8.44,3.39456,2.08
26.677289567996922,8.36,3.39456,2.08
26.73142548999749,8.36,3.354624,2.08
26.785551203996874,8.44,3.434496,2.08
26.839743895994616,8.32,3.354624,2.08
26.89430312499462,8.36,3.39456,2.08
26.94852359399374,8.44,3.434496,2.08
27.002781470997434,8.32,3.354624,2.08
27.057013683996047,8.44,3.39456,2.08
27.111199046994443,8.4,3.434496,2.08
27.16566108999541,8.36,3.354624,2.08
27.219998777996807,8.48,3.434496,2.08
27.27424542299559,8.36,3.39456,2.08
27.328492483997252,8.4,3.39456,2.08
27.382664406999538,8.48,3.434496,2.08
27.436865290997957,8.32,3.354624,2.08
27.491052382996713,8.44,3.39456,2.08
27.54524497899547,8.4,3.434496,2.08
27.599462246995245,8.36,3.354624,2.08
27.653872896000394,8.48,3.39456,2.08
27.708064723999996,8.36,3.39456,2.08
27.762356297993392,8.36,3.354624,2.08
27.816523741996207,8.44,3.434496,2.08
27.87077480299922,8.32,3.354624,2.08
27.92494768599863,8.4,3.39456,2.08
27.979218267995748,8.4,3.434496,2.08
28.033386926996172,8.32,3.354624,2.08
28.08763549199648,8.44,3.434496,2.08
28.142060125996068,8.4,3.434496,2.08
28.196417909995944,8.4,3.39456,2.08
28.250569352996536,8.48,3.474432,2.08
28.3047374999951,8.32,3.39456,2.08
28.358908206995693,8.44,3.434496,2.08
28.413173860993993,8.44,3.434496,2.08
28.467334998997103,8.32,3.354624,2.08
28.52161620499828,8.48,3.434496,2.08
28.57576335999329,8.4,3.39456,2.08
28.629916754995065,8.4,3.354624,2.08
28.684291370998835,8.48,3.434496,2.08
28.738496830999793,8.36,3.354624,2.08
28.792680466998718,8.44,3.39456,2.08
28.8468760379983,8.44,3.434496,2.08
28.901107834994036,8.32,3.354624,2.08
28.955519380993792,8.44,3.39456,2.08
29.010082417997182,8.4,3.39456,2.08
29.064267237998138,8.36,3.354624,2.08
29.11855471599847,8.48,3.434496,2.08
29.172743600000103,8.36,3.354624,2.08
29.227124520999496,8.4,3.39456,2.08
29.281353500999103,8.44,3.434496,2.08
29.335642931997427,8.32,3.354624,2.08
29.389896296997904,8.44,3.434496,2.08
29.444031130995427,8.36,3.434496,2.08
29.49821258999873,8.36,3.354624,2.08
29.552577958995244,8.48,3.434496,2.08
29.60674476199347,8.36,3.39456,2.08
29.660968685995613,8.4,3.39456,2.08
29.715307430000394,8.44,3.434496,2.08
29.769527321994246,8.32,3.354624,2.08
29.82388056199852,8.44,3.39456,2.08
29.878066277997277,8.4,3.39456,2.08
29.93222981699364,8.36,3.354624,2.08
29.986580848999438,8.48,3.434496,2.08
0.00043690700113074854,7.932672,3.12,2.0032
0.05469923300552182,8.12,3.19488,2.04
0.1099198560041259,8.092928,3.234816,2.04
0.1642806490053772,8.092928,3.19488,2.043264
0.2188609990043915,8.24,3.274752,2.04
0.27311695600656094,8.16,3.234816,2.04
0.32734100900415797,8.2,3.274752,2.04
0.38153194000187796,8.28,3.314688,2.04
0.43577141700370703,8.16,3.274752,2.04
0.4899901260068873,8.28,3.314688,2.04
0.5441434240055969,8.28,3.354624,2.04
0.5983293960016454,8.2,3.314688,2.04
0.6528605290004634,8.36,3.39456,2.08
0.7073917900052038,8.28,3.354624,2.04
0.7616243220036267,8.28,3.354624,2.04
0.8158747120032785,8.36,3.39456,2.08
0.8700049060062156,8.24,3.354624,2.04
0.9241834210042725,8.36,3.354624,2.08
0.9785482130027958,8.36,3.39456,2.08
1.0331607879998046,8.28,3.314688,2.04
1.08835523500602,8.4,3.39456,2.08
1.1427659160035546,8.36,3.39456,2.08
1.1970402740043937,8.32,3.354624,2.04
1.2513865700020688,8.44,3.434496,2.08
1.3059242950039334,8.32,3.354624,2.08
1.3601634520018706,8.36,3.354624,2.08
1.4143362070026342,8.44,3.434496,2.08
1.468509891004942,8.28,3.354624,2.08
1.5227681520045735,8.4,3.39456,2.08
1.5769156260066666,8.36,3.39456,2.08
1.6311005740062683,8.32,3.354624,2.04
1.685291538000456,8.44,3.434496,2.08
1.7396601700020256,8.32,3.39456,2.08
1.7938549740065355,8.36,3.39456,2.08
1.8480898430061643,8.4,3.434496,2.08
1.9022654780055746,8.28,3.354624,2.08
1.95650617100182,8.4,3.39456,2.08
2.010660590000043,8.36,3.434496,2.08
2.064880642006756,8.32,3.354624,2.08
2.1191176230058772,8.44,3.434496,2.08
2.173281738003425,8.36,3.39456,2.08
2.2274609890009742,8.4,3.39456,2.08
2.2818202130001737,8.44,3.434496,2.08
2.33609245900152,8.32,3.354624,2.08
2.3902974390002782,8.44,3.39456,2.08
2.444510995002929,8.4,3.434496,2.08
2.4986932550018537,8.32,3.354624,2.08
2.5529211160028353,8.44,3.434496,2.08
2.607146864000242,8.36,3.39456,2.08
2.661352932002046,8.36,3.354624,2.08
2.7155425200035097,8.44,3.434496,2.08
2.772459317005996,8.32,3.354624,2.08
2.8267847480019554,8.36,3.354624,2.08
2.8818260070038377,8.44,3.434496,2.08
2.936003786002402,8.32,3.354624,2.08
2.9916733500067494,8.36,3.39456,2.08
3.0469118610053556,8.4,3.434496,2.08
3.1011310820031213,8.28,3.354624,2.08
3.1554265600061626,8.44,3.434496,2.08
3.2097749360036687,8.4,3.434496,2.08
3.265401170006953,8.32,3.354624,2.08
3.319753354000568,8.44,3.434496,2.08
3.375057724006183,8.4,3.434496,2.08
3.429937250002695,8.36,3.354624,2.08
3.4844607030026964,8.48,3.434496,2.08
3.539201569001307,8.36,3.39456,2.08
3.5939676850030082,8.4,3.39456,2.08
3.648479617004341,8.44,3.434496,2.08
3.7032380200034822,8.32,3.354624,2.08
3.7585533340024995,8.4,3.39456,2.08
3.8127349850037717,8.4,3.434496,2.08
3.8669747820022167,8.32,3.354624,2.08
3.9212338120050845,8.44,3.434496,2.08
3.975765520001005,8.36,3.434496,2.08
4.030608790002589,8.32,3.354624,2.08
4.085172402999888,8.44,3.434496,2.08
4.140012632000435,8.36,3.39456,2.08
4.194541397002467,8.36,3.39456,2.08
4.2503158600011375,8.44,3.474432,2.08
4.304543080004805,8.32,3.39456,2.08
4.359342444004142,8.4,3.39456,2.08
4.413705509003194,8.44,3.474432,2.08
4.468058173006284,8.32,3.354624,2.08
4.522579833006603,8.44,3.434496,2.08
4.577100182003051,8.4,3.434496,2.08
4.63193173900072,8.32,3.354624,2.08
4.686933092001709,8.48,3.39456,2.08
4.742802085005678,8.4,3.39456,2.08
4.796952087002865,8.36,3.354624,2.08
4.851208013002179,8.48,3.434496,2.08
4.906469501001993,8.36,3.39456,2.08
4.961272225002176,8.36,3.354624,2.08
5.017076961004932,8.44,3.434496,2.08
5.0712717000060366,8.32,3.39456,2.08
5.125847025999974,8.4,3.39456,2.08
5.180569396005012,8.44,3.434496,2.08
5.235663136001676,8.32,3.354624,2.08
5.290444707999995,8.44,3.434496,2.08
5.344704505005211,8.4,3.434496,2.08
5.39930933600408,8.32,3.354624,2.08
5.453932823002106,8.44,3.434496,2.08
5.508653081000375,8.36,3.434496,2.08
5.5631678300051135,8.36,3.39456,2.08
5.61803234800027,8.48,3.434496,2.08
5.672551032002957,8.36,3.39456,2.08
5.727065684004629,8.4,3.39456,2.08
5.782186145006563,8.44,3.434496,2.08
5.8370333180064335,8.32,3.39456,2.08
5.892769348000002,8.4,3.39456,2.08
5.946957015003136,8.44,3.434496,2.08
6.00120551600412,8.32,3.354624,2.08
6.055590629002836,8.44,3.39456,2.08
6.1106773290011915,8.4,3.434496,2.08
6.164887013001135,8.32,3.354624,2.08
6.219211069001176,8.44,3.434496,2.08
6.274935834000644,8.36,3.39456,2.08
6.329265841006418,8.36,3.39456,2.08
6.383794766006758,8.44,3.434496,2.08
6.438552977000654,8.32,3.39456,2.08
6.493062893001479,8.4,3.39456,2.08
6.5484071360042435,8.44,3.474432,2.08
6.603179267003725,8.32,3.39456,2.08
6.657780929999717,8.4,3.434496,2.08
6.712582790001761,8.44,3.434496,2.08
6.767086914005631,8.32,3.354624,2.08
6.8216204150012345,8.44,3.434496,2.08
6.876585223006259,8.4,3.434496,2.08
6.931100964000507,8.36,3.354624,2.08
6.985840838002332,8.48,3.434496,2.08
7.040699436001887,8.36,3.39456,2.08
7.095202664000681,8.36,3.354624,2.08
7.1500237560030655,8.44,3.434496,2.08
7.204750830002013,8.32,3.354624,2.08
7.259456752006372,8.4,3.39456,2.08
7.313769575004699,8.44,3.434496,2.08
7.368461960002605,8.32,3.354624,2.08
7.422834529003012,8.44,3.39456,2.08
7.477370302003692,8.4,3.434496,2.08
7.531887098004518,8.32,3.354624,2.08
7.587227885000175,8.44,3.434496,2.08
7.641649255005177,8.36,3.434496,2.08
7.697261952002009,8.32,3.354624,2.08
7.75145608400635,8.44,3.474432,2.08
7.805642024002736,8.32,3.39456,2.08
7.86006608200114,8.4,3.39456,2.08
7.914575262002472,8.44,3.434496,2.08
7.969105179006874,8.32,3.354624,2.08
8.02394185600133,8.44,3.39456,2.08
8.078547359000368,8.4,3.434496,2.08
8.133279105000838,8.32,3.354624,2.08
8.187927073005994,8.44,3.39456,2.08
8.242742084999918,8.4,3.39456,2.08
8.297062588004337,8.36,3.354624,2.08
8.351829024002654,8.48,3.434496,2.08
8.406621539004846,8.36,3.39456,2.08
8.461137056001462,8.36,3.354624,2.08
8.5159721010059,8.44,3.434496,2.08
8.571264982005232,8.32,3.354624,2.08
8.625457674002973,8.4,3.39456,2.08
8.679679230001057,8.4,3.434496,2.08
8.73406642300688,8.28,3.354624,2.08
8.78846776100545,8.44,3.434496,2.08
8.843228532001376,8.4,3.434496,2.08
8.898065113004122,8.32,3.354624,2.04
8.95259538100072,8.44,3.434496,2.08
9.007334232002904,8.36,3.39456,2.08
9.061849236000853,8.36,3.39456,2.08
9.116683257001569,8.44,3.434496,2.08
9.171172661001037,8.32,3.39456,2.08
9.225996250002936,8.4,3.39456,2.08
9.280514902005962,8.44,3.434496,2.08
9.33528012100578,8.32,3.354624,2.08
9.38956174300256,8.44,3.39456,2.08
9.443789892000495,8.4,3.39456,2.08
9.49819036500412,8.32,3.354624,2.08
9.552693913006806,8.48,3.434496,2.08
9.606950863002567,8.36,3.39456,2.08
9.66114819500217,8.36,3.354624,2.08
9.715296949005278,8.44,3.434496,2.08
9.769650605005154,8.32,3.354624,2.08
9.823889090002922,8.4,3.39456,2.08
9.878065493001486,8.4,3.434496,2.08
9.932226536002418,8.32,3.354624,2.08
9.98650214200461,8.44,3.434496,2.08
10.04087359100231,8.36,3.39456,2.08
10.095164365004166,8.36,3.39456,2.08
10.149366369005293,8.44,3.434496,2.08
10.203580181005236,8.32,3.354624,2.08
10.257792809999955,8.4,3.39456,2.08
10.311943868000526,8.44,3.434496,2.08
10.366142512000806,8.32,3.354624,2.08
10.420456359002856,8.48,3.434496,2.08
10.474697596000624,8.4,3.39456,2.08
10.529075125006784,8.36,3.354624,2.08
10.583275369004696,8.44,3.434496,2.08
10.637437659002899,8.32,3.354624,2.08
10.691617775002669,8.4,3.39456,2.08
10.745787425999879,8.4,3.434496,2.08
10.800169851005194,8.32,3.354624,2.08
10.8545032500042,8.44,3.39456,2.08
10.909283094006241,8.36,3.434496,2.08
10.965139318002912,8.32,3.354624,2.08
11.019426476006629,8.44,3.434496,2.08
11.07365836900135,8.36,3.39456,2.08
11.12791144700168,8.36,3.39456,2.08
11.182677146003698,8.44,3.434496,2.08
11.237209559003531,8.32,3.39456,2.08
11.291561551006453,8.4,3.39456,2.08
11.346134188002907,8.44,3.434496,2.08
11.40096542500396,8.32,3.354624,2.08
11.455652562006435,8.44,3.39456,2.08
11.510007562006649,8.4,3.434496,2.08
11.564281024002412,8.36,3.354624,2.08
11.618499509000685,8.48,3.434496,2.08
11.672945903002983,8.36,3.39456,2.08
11.727249382005539,8.4,3.354624,2.08
11.781518908006547,8.44,3.434496,2.08
11.835825235000812,8.32,3.354624,2.08
11.89015601000574,8.4,3.39456,2.08
11.944617381006537,8.4,3.434496,2.08
11.998887515001115,8.32,3.354624,2.08
12.053558523002721,8.44,3.434496,2.08
12.107791567999811,8.36,3.39456,2.08
12.162168169001234,8.36,3.354624,2.08
12.216574210004183,8.44,3.434496,2.08
12.271073982003145,8.32,3.39456,2.08
12.325959653004247,8.4,3.39456,2.08
12.380514114003745,8.44,3.434496,2.08
12.434879258005822,8.32,3.354624,2.08
12.490822749001381,8.44,3.39456,2.08
12.544991792005021,8.4,3.434496,2.08
12.599170372006483,8.32,3.354624,2.08
12.653976232002606,8.44,3.39456,2.08
12.709681508000358,8.4,3.39456,2.08
12.763872888004698,8.36,3.354624,2.08
12.81847157500306,8.48,3.434496,2.08
12.873294267003075,8.36,3.354624,2.08
12.927837048002402,8.36,3.354624,2.08
12.983517844004382,8.44,3.434496,2.08
13.037730824005848,8.32,3.354624,2.08
13.09255537300487,8.36,3.39456,2.08
13.146733376001066,8.4,3.434496,2.08
13.200980918001733,8.28,3.354624,2.08
13.255201706000662,8.4,3.39456,2.08
13.310075632005464,8.36,3.434496,2.08
13.364231011000811,8.32,3.354624,2.08
13.418369397004426,8.44,3.434496,2.08
13.472687788002077,8.36,3.39456,2.08
13.527090790004877,8.36,3.39456,2.08
13.581267257002764,8.44,3.434496,2.08
13.63551854200341,8.32,3.354624,2.08
13.6898474930058,8.44,3.39456,2.08
13.745006451004883,8.44,3.434496,2.08
13.79928596100217,8.36,3.354624,2.08
13.853491901005327,8.48,3.39456,2.08
13.907630896006594,8.36,3.39456,2.08
13.961833540000953,8.36,3.354624,2.08
14.015948117004882,8.44,3.434496,2.08
14.070115911999892,8.32,3.354624,2.08
14.124270331005391,8.4,3.39456,2.08
14.178519536006206,8.4,3.39456,2.08
14.232669027005613,8.32,3.354624,2.08
14.2868441180035,8.44,3.434496,2.08
14.340972776000854,8.36,3.39456,2.08
14.395158651001111,8.36,3.39456,2.08
14.449561653003911,8.44,3.434496,2.08
14.503821994003374,8.32,3.39456,2.08
14.558675664004113,8.4,3.39456,2.08
14.612993191003625,8.44,3.434496,2.08
14.667188955005258,8.32,3.354624,2.08
14.721346733000246,8.44,3.434496,2.08
14.775475999005721,8.4,3.39456,2.08
14.829687828001624,8.36,3.354624,2.08
14.883861767004419,8.48,3.434496,2.08
14.93804361000366,8.36,3.354624,2.08
14.992222701999708,8.4,3.39456,2.08
15.046398113001487,8.44,3.434496,2.08
15.100544562999858,8.32,3.354624,2.08
15.154993838004884,8.44,3.39456,2.08
15.20946058499976,8.4,3.39456,2.08
15.263668029001565,8.36,3.354624,2.08
15.317919346001872,8.44,3.434496,2.08
15.372676853003213,8.36,3.39456,2.08
15.42721441800677,8.36,3.354624,2.08
15.48175835100119,8.44,3.434496,2.08
15.536697207004181,8.32,3.354624,2.08
15.591607774003933,8.4,3.39456,2.08
15.645778097001312,8.4,3.434496,2.08
15.70003027900384,8.32,3.354624,2.08
15.754956142001902,8.44,3.434496,2.08
15.809274885003106,8.4,3.434496,2.08
15.863604764999764,8.36,3.354624,2.08
15.917790960003913,8.48,3.434496,2.08
15.97220343400113,8.36,3.39456,2.08
16.026412094004627,8.4,3.39456,2.08
16.08064654700138,8.44,3.434496,2.08
16.134942345001036,8.32,3.354624,2.08
16.189243104003253,8.44,3.39456,2.08
16.243384114000946,8.4,3.39456,2.08
16.297529253002722,8.36,3.354624,2.08
16.351670263000415,8.44,3.434496,2.08
16.40606385600404,8.32,3.39456,2.08
16.46051204300602,8.36,3.354624,2.08
16.514636445004726,8.44,3.434496,2.08
16.56878503900225,8.32,3.354624,2.08
16.622999363004055,8.44,3.39456,2.08
16.677183799001796,8.4,3.434496,2.08
16.7312886159998,8.32,3.354624,2.08
16.785442170999886,8.44,3.434496,2.08
16.839790451005683,8.32,3.39456,2.08
16.894128906002152,8.36,3.39456,2.08
16.94848224200541,8.44,3.434496,2.08
17.00339828200231,8.32,3.354624,2.08
17.057602110005973,8.4,3.39456,2.08
17.111924117001763,8.44,3.434496,2.08
17.166106600001513,8.32,3.354624,2.08
17.220238746005634,8.48,3.39456,2.08
17.274378253001487,8.36,3.39456,2.08
17.328515327004425,8.36,3.354624,2.08
17.38266968100652,8.44,3.434496,2.08
17.4367779230015,8.32,3.354624,2.08
17.490922165001393,8.4,3.39456,2.08
17.54502743100602,8.4,3.39456,2.08
17.59928674800176,8.32,3.354624,2.08
17.653669844999968,8.44,3.434496,2.08
17.708026989006612,8.36,3.39456,2.08
17.762258530005056,8.36,3.354624,2.08
17.81666469900665,8.44,3.434496,2.08
17.87080327800504,8.32,3.39456,2.08
17.924960928001383,8.4,3.39456,2.08
17.979283416003454,8.4,3.434496,2.08
18.033448394002335,8.32,3.354624,2.08
18.087717536000127,8.44,3.434496,2.08
18.14212658600445,8.4,3.39456,2.08
18.196716696002113,8.36,3.354624,2.08
18.251301750002312,8.48,3.434496,2.08
18.305846676004876,8.36,3.354624,2.08
18.36041829000169,8.4,3.354624,2.08
18.415221014001872,8.44,3.434496,2.08
18.46966984000028,8.32,3.354624,2.08
18.5240423130017,8.4,3.39456,2.08
18.578227932004665,8.4,3.39456,2.08
18.632467313000234,8.32,3.354624,2.08
18.686795625006198,8.44,3.434496,2.08
18.7409482830044,8.36,3.39456,2.08
18.795120526003302,8.36,3.354624,2.08
18.850021109006775,8.44,3.434496,2.08
18.904573267005617,8.32,3.39456,2.08
18.959138384001562,8.36,3.39456,2.08
19.01377940800012,8.4,3.434496,2.08
19.067999077000422,8.28,3.354624,2.08
19.122938444001193,8.4,3.434496,2.08
19.177399751002667,8.4,3.434496,2.08
19.231766368000535,8.32,3.354624,2.08
19.28609727100411,8.48,3.434496,2.08
19.34029357899999,8.36,3.39456,2.08
19.394519936002325,8.36,3.354624,2.08
19.448729492003622,8.44,3.434496,2.08
19.503102508002485,8.32,3.354624,2.08
19.55830370700278,8.4,3.39456,2.08
19.612506383004074,8.44,3.434496,2.08
19.668273677001707,8.32,3.354624,2.08
19.722665510002116,8.44,3.39456,2.08
19.776886715000728,8.4,3.39456,2.08
19.83114920000662,8.32,3.354624,2.08
19.885392326003057,8.44,3.434496,2.08
19.93960044200503,8.36,3.39456,2.08
19.993980594001187,8.36,3.39456,2.08
20.048111364005308,8.44,3.434496,2.08
20.102532062002865,8.32,3.354624,2.08
20.156767443004355,8.4,3.39456,2.08
20.21093306200055,8.4,3.434496,2.08
20.265106489001482,8.32,3.354624,2.08
20.319274764005968,8.48,3.434496,2.08
20.373439999006223,8.36,3.39456,2.08
20.427613011001085,8.4,3.354624,2.08
20.481869448005455,8.48,3.434496,2.08
20.53604604300199,8.32,3.354624,2.08
20.5902663520028,8.44,3.39456,2.08
20.644577063001634,8.44,3.39456,2.08
20.698863581004844,8.36,3.354624,2.08
20.753040432005946,8.48,3.39456,2.08
20.807233956002165,8.36,3.39456,2.08
20.861935845001426,8.36,3.354624,2.08
20.916674312000396,8.48,3.434496,2.08
20.972889906006458,8.36,3.39456,2.08
21.027120583006763,8.4,3.354624,2.08
21.08127765700192,8.44,3.434496,2.08
21.135521166004764,8.32,3.354624,2.08
21.189684801000112,8.44,3.39456,2.08
21.244250943003863,8.4,3.434496,2.08
21.29861359100323,8.32,3.354624,2.08
21.352972751999914,8.44,3.434496,2.08
21.407112674001837,8.36,3.39456,2.08
21.461248788000375,8.36,3.39456,2.08
21.51535251700261,8.44,3.434496,2.08
21.569523064004898,8.32,3.354624,2.08
21.624008755999967,8.44,3.39456,2.08
21.67846964700584,8.44,3.434496,2.08
21.733975782000925,8.32,3.354624,2.08
21.788169658000697,8.44,3.39456,2.08
21.842730583004595,8.4,3.39456,2.08
21.897958567002206,8.32,3.354624,2.08
21.952541509002913,8.44,3.39456,2.08
22.007861975005653,8.36,3.39456,2.08
22.062089772000036,8.36,3.354624,2.08
22.11745235100534,8.44,3.434496,2.08
22.171845880002365,8.32,3.39456,2.08
22.226519353003823,8.36,3.39456,2.08
22.281305117001466,8.44,3.434496,2.08
22.33586597800604,8.32,3.354624,2.08
22.390584508000757,8.4,3.39456,2.08
22.44485688200075,8.4,3.434496,2.08
22.49911917600548,8.32,3.354624,2.08
22.553263322006387,8.44,3.434496,2.08
22.607443757005967,8.36,3.39456,2.08
22.661594304001483,8.36,3.354624,2.08
22.715854966001643,8.48,3.434496,2.08
22.770227374006936,8.32,3.354624,2.08
22.824489060003543,8.44,3.39456,2.08
22.87864728600107,8.44,3.434496,2.08
22.93277876000502,8.32,3.354624,2.08
22.98698121200141,8.48,3.39456,2.08
23.041125007002847,8.36,3.39456,2.08
23.09529017800378,8.36,3.354624,2.08
23.14948302999983,8.44,3.434496,2.08
23.203849069999706,8.32,3.354624,2.08
23.25798947200383,8.4,3.39456,2.08
23.31213729900628,8.4,3.434496,2.08
23.366526668003644,8.32,3.354624,2.08
23.420936581002024,8.44,3.434496,2.08
23.47510504800448,8.36,3.39456,2.08
23.529246507001517,8.36,3.39456,2.08
23.58336482800223,8.44,3.434496,2.08
23.637538192000648,8.32,3.39456,2.08
23.69167417800054,8.4,3.39456,2.08
23.746096028000466,8.44,3.434496,2.08
23.800334352999926,8.32,3.354624,2.08
23.854790571000194,8.44,3.434496,2.08
23.9089263660062,8.4,3.39456,2.08
23.963324247000855,8.36,3.354624,2.08
24.01811308300239,8.48,3.434496,2.08
24.07288057400001,8.36,3.39456,2.08
24.12711713900353,8.4,3.354624,2.08
24.181344071002968,8.44,3.434496,2.08
24.235740608004562,8.32,3.354624,2.08
24.289854866001406,8.4,3.39456,2.08
24.34398592400248,8.4,3.39456,2.08
24.39840092600207,8.32,3.354624,2.08
24.452814199001295,8.44,3.434496,2.08
24.50702526000532,8.36,3.39456,2.08
24.56123750400002,8.36,3.39456,2.08
24.615465397000662,8.44,3.434496,2.08
24.669635688005656,8.32,3.354624,2.08
24.723843292005768,8.4,3.39456,2.08
24.77812907400221,8.4,3.434496,2.08
24.83232339800452,8.32,3.354624,2.08
24.886581531005504,8.48,3.434496,2.08
24.940700333005225,8.36,3.39456,2.08
24.994880128004297,8.36,3.39456,2.08
25.049044499006413,8.44,3.434496,2.08
25.103201894002268,8.32,3.354624,2.08
25.15737116100354,8.44,3.39456,2.08
25.211522508005146,8.4,3.434496,2.08
25.265673534006055,8.32,3.354624,2.08
25.319985013004043,8.44,3.39456,2.08
25.374437360005686,8.36,3.39456,2.08
25.428694149006333,8.36,3.354624,2.08
25.482887097001367,8.44,3.434496,2.08
25.537315571004,8.32,3.354624,2.08
25.591730285006633,8.4,3.39456,2.08
25.646678837001673,8.44,3.434496,2.08
25.70186653100245,8.28,3.354624,2.08
25.756119737001427,8.4,3.39456,2.08
25.811841014001402,8.4,3.434496,2.08
25.86604023300606,8.32,3.354624,2.08
25.9202131810016,8.44,3.434496,2.08
25.97512259600626,8.36,3.39456,2.08
26.02929867900093,8.36,3.354624,2.08
26.08351377100189,8.48,3.434496,2.08
26.137741440004902,8.36,3.39456,2.08
26.19369657900097,8.4,3.39456,2.08
26.247950552002294,8.48,3.434496,2.08
26.302592376006942,8.32,3.354624,2.08
26.357240088000253,8.44,3.39456,2.08
26.41203103600128,8.44,3.434496,2.08
26.46662828300032,8.32,3.354624,2.08
26.52136943700316,8.44,3.39456,2.08
26.575776503006637,8.4,3.39456,2.08
26.631796572000894,8.32,3.354624,2.08
26.68614936400263,8.44,3.434496,2.08
26.740355912006635,8.36,3.39456,2.08
26.79457980400184,8.36,3.39456,2.08
26.84889825900609,8.44,3.434496,2.08
26.903210090000357,8.32,3.354624,2.08
26.95785034599976,8.4,3.39456,2.08
27.01322819000052,8.4,3.434496,2.08
27.0674670590015,8.32,3.354624,2.08
27.122192629001802,8.44,3.434496,2.08
27.176605102002213,8.4,3.434496,2.08
27.232076580003195,8.32,3.354624,2.08
27.28642838000087,8.48,3.434496,2.08
27.341100061006728,8.4,3.39456,2.08
27.3957423009997,8.36,3.354624,2.08
27.450705413000833,8.48,3.434496,2.08
27.505356229004974,8.36,3.354624,2.08
27.560005061000993,8.4,3.354624,2.08
27.61457389100542,8.44,3.434496,2.08
27.668991997001285,8.32,3.354624,2.08
27.725086532002024,8.4,3.39456,2.08
27.779287736004335,8.4,3.434496,2.08
27.833500748005463,8.32,3.354624,2.08
27.888402227006736,8.44,3.434496,2.08
27.942583942000056,8.36,3.39456,2.08
27.996787642005074,8.32,3.354624,2.08
28.050960013002623,8.44,3.434496,2.08
28.10517251400597,8.32,3.39456,2.08
28.159409527004755,8.4,3.39456,2.08
28.213591562001966,8.44,3.434496,2.08
28.267847934999736,8.32,3.354624,2.08
28.322091157002433,8.44,3.39456,2.08
28.37624055100605,8.4,3.39456,2.08
28.430489532001957,8.36,3.354624,2.08
28.48561616900406,8.48,3.434496,2.08
28.539853054004197,8.36,3.354624,2.08
28.595047213006183,8.36,3.354624,2.08
28.64999506100139,8.44,3.434496,2.08
28.704636821006716,8.32,3.354624,2.08
28.76011265100533,8.36,3.354624,2.08
28.81431817500561,8.44,3.434496,2.08
28.86951745400438,8.32,3.354624,2.08
28.92375987500418,8.4,3.39456,2.08
28.977954935005982,8.4,3.434496,2.08
29.032336815005692,8.32,3.354624,2.08
29.08780246900278,8.44,3.434496,2.08
29.142024250002578,8.36,3.39456,2.08
29.19628660800663,8.32,3.354624,2.08
29.25210468700243,8.44,3.434496,2.08
29.306330404004257,8.36,3.39456,2.08
29.360558232001495,8.4,3.39456,2.08
29.41521116000513,8.44,3.434496,2.08
29.469636978006747,8.32,3.354624,2.08
29.524642364005558,8.4,3.39456,2.08
29.579028661006305,8.44,3.434496,2.08
29.633990941001684,8.32,3.354624,2.08
29.6884790969998,8.44,3.39456,2.08
29.743072375000338,8.4,3.39456,2.08
29.79835562500375,8.32,3.354624,2.08
29.852708417005488,8.44,3.434496,2.08
29.90767357700679,8.36,3.39456,2.08
29.96209933100181,8.36,3.354624,2.08
0.0004050670031574555,8.132992,3.234816,2.043264
0.054786660002719145,8.28,3.314688,2.04
0.10896991100162268,8.24,3.314688,2.04
0.1637350660021184,8.24,3.274752,2.04
0.21836709800118115,8.36,3.354624,2.08
0.2741549360071076,8.28,3.314688,2.08
0.3284236620020238,8.32,3.314688,2.04
0.3830163010061369,8.4,3.39456,2.08
0.43745575100183487,8.28,3.314688,2.08
0.4920768700030749,8.36,3.354624,2.08
0.5464631030044984,8.4,3.39456,2.08
0.6010627180003212,8.28,3.314688,2.04
0.6555329210023046,8.4,3.354624,2.08
0.7105171860021073,8.36,3.39456,2.08
0.7663358100035111,8.28,3.314688,2.08
0.8206886980042327,8.4,3.39456,2.08
0.8748877250036458,8.36,3.39456,2.08
0.9299169840014656,8.32,3.354624,2.08
0.9842067980061984,8.44,3.434496,2.08
1.038620744002401,8.32,3.39456,2.08
1.0928730530067696,8.36,3.39456,2.08
1.1470830890029902,8.44,3.434496,2.08
1.2025237190027838,8.32,3.354624,2.08
1.2569389440031955,8.4,3.39456,2.08
1.3121824800036848,8.4,3.434496,2.08
1.3664461500011384,8.32,3.354624,2.08
1.4209948830030044,8.44,3.39456,2.08
1.4759406190059963,8.4,3.39456,2.08
1.5304213190029259,8.36,3.354624,2.08
1.5850189490010962,8.48,3.434496,2.08
1.6397989850011072,8.36,3.39456,2.08
1.6946049730031518,8.36,3.354624,2.08
1.7504026040041936,8.44,3.434496,2.08
1.8048895760002779,8.32,3.354624,2.08
1.859110364006483,8.36,3.39456,2.08
1.9133092000047327,8.44,3.434496,2.08
1.9677274340065196,8.28,3.354624,2.08
2.0222076210047817,8.44,3.39456,2.08
2.0764823950012214,8.4,3.434496,2.08
2.1307920500039472,8.32,3.354624,2.08
2.185216012003366,8.44,3.434496,2.08
2.2396248370059766,8.32,3.39456,2.08
2.294224548000784,8.36,3.39456,2.08
2.349149996000051,8.44,3.434496,2.08
2.4037600430019666,8.32,3.354624,2.08
2.4581605800049147,8.4,3.39456,2.08
2.513047626001935,8.44,3.434496,2.08
2.5676584410030046,8.32,3.354624,2.08
2.622329706005985,8.44,3.39456,2.08
2.677169551003317,8.4,3.39456,2.08
2.7317406210058834,8.32,3.354624,2.08
2.7861712070007343,8.44,3.39456,2.08
2.8404133720032405,8.36,3.39456,2.08
2.8946039520014892,8.36,3.354624,2.08
2.9488507570058573,8.44,3.434496,2.08
3.0031011780010886,8.32,3.354624,2.08
3.057405233004829,8.4,3.39456,2.08
3.111588996005594,8.4,3.434496,2.08
3.1658674180071102,8.32,3.354624,2.08
3.2201688810018823,8.44,3.434496,2.08
3.2743998780060792,8.36,3.39456,2.08
3.3285831610046444,8.36,3.39456,2.08
3.382801678002579,8.44,3.434496,2.08
3.436996321004699,8.32,3.354624,2.08
3.491204406003817,8.4,3.39456,2.08
3.5453688080015127,8.44,3.434496,2.08
3.599567964003654,8.32,3.354624,2.08
3.6538419060016167,8.48,3.434496,2.08
3.7080689030044596,8.4,3.39456,2.08
3.7622881550050806,8.36,3.354624,2.08
3.816514576006739,8.48,3.434496,2.08
3.870741093000106,8.32,3.354624,2.08
3.9249190960035776,8.4,3.39456,2.08
3.9791765570043935,8.44,3.434496,2.08
4.033382753004844,8.32,3.354624,2.08
4.087737945003028,8.44,3.39456,2.08
4.14190692500415,8.36,3.39456,2.08
4.196139553001558,8.36,3.354624,2.08
4.250286452006549,8.44,3.434496,2.08
4.304513800001587,8.32,3.354624,2.08
4.358730749001552,8.4,3.39456,2.08
4.413033044002077,8.44,3.434496,2.08
4.467452749006043,8.32,3.354624,2.08
4.521783397001855,8.44,3.434496,2.08
4.57594844000414,8.4,3.434496,2.08
4.630161228000361,8.36,3.354624,2.08
4.6843569920019945,8.48,3.434496,2.08
4.738992191007128,8.36,3.39456,2.08
4.793270389003737,8.4,3.39456,2.08
4.847462729005201,8.44,3.434496,2.08
4.901687198005675,8.32,3.354624,2.08
4.955906546005281,8.44,3.39456,2.08
5.0102074010064825,8.4,3.39456,2.08
5.064510431002418,8.36,3.354624,2.08
5.118790070002433,8.48,3.434496,2.08
5.17319009500352,8.36,3.39456,2.08
5.227596808006638,8.36,3.354624,2.08
5.281980769002985,8.44,3.434496,2.08
5.336238231000607,8.32,3.354624,2.08
5.39045732300292,8.4,3.39456,2.08
5.4446635830026935,8.4,3.434496,2.08
5.498912116003339,8.32,3.354624,2.08
5.5533537110022735,8.44,3.434496,2.08
5.607638277004298,8.36,3.39456,2.08
5.661834649006778,8.36,3.39456,2.08
5.7159922040009405,8.44,3.434496,2.08
5.77013363000151,8.32,3.354624,2.08
5.824291825003456,8.44,3.39456,2.08
5.878440483000304,8.44,3.434496,2.08
5.932834012004605,8.32,3.354624,2.08
5.987159540003631,8.48,3.434496,2.08
6.041448682000919,8.4,3.39456,2.08
6.095708127002581,8.36,3.354624,2.08
6.149908883002354,8.48,3.434496,2.08
6.204094087006524,8.32,3.354624,2.08
6.258261178001703,8.4,3.39456,2.08
6.312418477005849,8.44,3.434496,2.08
6.366580896006781,8.32,3.354624,2.08
6.420847925000999,8.44,3.434496,2.08
6.475023400002101,8.36,3.39456,2.08
6.529393345001154,8.36,3.354624,2.08
6.5835429320068215,8.44,3.434496,2.08
6.637721767001494,8.32,3.39456,2.08
6.692093855002895,8.4,3.39456,2.08
6.746236818005855,8.44,3.434496,2.08
6.800701389001915,8.32,3.354624,2.08
6.854994723005802,8.44,3.434496,2.08
6.909159126000304,8.4,3.39456,2.08
6.963306633006141,8.36,3.354624,2.08
7.017466684003011,8.48,3.434496,2.08
7.07162574200629,8.36,3.354624,2.08
7.125870819007105,8.4,3.39456,2.08
7.1801222970025265,8.44,3.434496,2.08
7.2344969770056196,8.32,3.354624,2.08
7.288702372999978,8.44,3.39456,2.08
7.342842712001584,8.4,3.39456,2.08
7.397021131000656,8.36,3.354624,2.08
7.451182814002095,8.44,3.434496,2.08
7.505586999002844,8.36,3.39456,2.08
7.559839341003681,8.36,3.39456,2.08
7.614003616006812,8.44,3.434496,2.08
7.668352088003303,8.32,3.354624,2.08
7.723191261000466,8.4,3.39456,2.08
7.777569141006097,8.4,3.434496,2.08
7.832331832003547,8.32,3.354624,2.08
7.887349250006082,8.44,3.434496,2.08
7.943316870005219,8.4,3.434496,2.08
7.997548667000956,8.36,3.354624,2.08
8.051805136004987,8.48,3.434496,2.08
8.106183049007086,8.36,3.39456,2.08
8.160843881007168,8.4,3.39456,2.08
8.215163296001265,8.48,3.434496,2.08
8.269946276006522,8.32,3.354624,2.08
8.324509570004011,8.4,3.39456,2.08
8.37905494300503,8.44,3.434496,2.08
8.43363884500286,8.32,3.354624,2.08
8.488912622000498,8.44,3.39456,2.08
8.543697042005078,8.4,3.39456,2.08
8.59802868100087,8.32,3.354624,2.08
8.652367745002266,8.44,3.434496,2.08
8.706545428001846,8.36,3.39456,2.08
8.760724839004979,8.36,3.39456,2.08
8.814893178001512,8.44,3.434496,2.08
8.869170416000998,8.32,3.354624,2.08
8.923550889005128,8.4,3.39456,2.08
8.977703068005212,8.4,3.434496,2.08
9.031884367002931,8.32,3.354624,2.08
9.087672462002956,8.44,3.434496,2.08
9.14239630400698,8.4,3.434496,2.08
9.197554206002678,8.36,3.354624,2.08
9.251789426001778,8.48,3.434496,2.08
9.306571286004328,8.36,3.39456,2.08
9.360939438003697,8.4,3.354624,2.08
9.415864982001949,8.44,3.434496,2.08
9.470421395002631,8.32,3.354624,2.08
9.525008146003529,8.4,3.39456,2.08
9.579931577005482,8.4,3.434496,2.08
9.634978788002627,8.28,3.354624,2.08
9.68937666900456,8.4,3.39456,2.08
9.74376031000429,8.36,3.39456,2.08
9.798353236001276,8.32,3.354624,2.08
9.852925938001135,8.44,3.434496,2.08
9.90708253300545,8.32,3.39456,2.08
9.961263257006067,8.36,3.39456,2.08
10.015771573001985,8.44,3.434496,2.08
10.070120588999998,8.32,3.354624,2.08
10.124490821006475,8.4,3.39456,2.08
10.180162433003716,8.44,3.434496,2.08
10.235039207000227,8.32,3.354624,2.08
10.289263003003725,8.44,3.39456,2.08
10.343444623002142,8.4,3.39456,2.08
10.397596193004574,8.36,3.354624,2.08
10.4517949650035,8.48,3.434496,2.08
10.505918375005422,8.36,3.354624,2.08
10.560083802003646,8.4,3.354624,2.08
10.61441614600335,8.44,3.434496,2.08
10.668574404000537,8.32,3.354624,2.08
10.72274639200623,8.4,3.39456,2.08
10.776897002004262,8.4,3.39456,2.08
10.831113311003719,8.32,3.354624,2.08
10.885367763999966,8.44,3.434496,2.08
10.93970884400187,8.32,3.39456,2.08
10.993900863002636,8.36,3.39456,2.08
11.048041106005257,8.44,3.434496,2.08
11.102284391003195,8.32,3.354624,2.08
11.156542940007057,8.4,3.434496,2.08
11.210897460005071,8.4,3.434496,2.08
11.265217163003399,8.32,3.354624,2.08
11.31954464300361,8.48,3.434496,2.08
11.373749847,8.36,3.39456,2.08
11.427947435004171,8.4,3.354624,2.08
11.482113598001888,8.48,3.434496,2.08
11.536244528004318,8.32,3.354624,2.08
11.590488997004286,8.44,3.39456,2.08
11.644808796001598,8.4,3.39456,2.08
11.69900590400357,8.32,3.354624,2.08
11.75317033900501,8.44,3.39456,2.08
11.807403352002439,8.36,3.39456,2.08
11.861520905004,8.36,3.354624,2.08
11.915685436004424,8.44,3.434496,2.08
11.97001509200345,8.32,3.354624,2.08
12.024158726002497,8.4,3.39456,2.08
12.078339065003092,8.4,3.434496,2.08
12.132519245002186,8.32,3.354624,2.08
12.186871813006292,8.44,3.434496,2.08
12.241072313001496,8.36,3.39456,2.08
12.29526321200683,8.36,3.39456,2.08
12.349628453004698,8.44,3.434496,2.08
12.405548935006664,8.36,3.39456,2.08
12.460927835003531,8.4,3.39456,2.08
12.515616860000591,8.48,3.434496,2.08
12.571499325000332,8.36,3.354624,2.08
12.625873366007,8.4,3.39456,2.08
12.680236078005692,8.44,3.434496,2.08
12.734438146006141,8.32,3.354624,2.08
12.788750777006499,8.44,3.39456,2.08
12.842922060001001,8.36,3.39456,2.08
12.897107935001259,8.36,3.354624,2.08
12.951254258005065,8.44,3.434496,2.08
13.005491015006555,8.32,3.354624,2.08
13.059736860006524,8.36,3.354624,2.08
13.113986257005308,8.44,3.434496,2.08
13.168280616002448,8.32,3.354624,2.08
13.222718978002376,8.4,3.39456,2.08
13.27695218300505,8.4,3.434496,2.08
13.331193900005019,8.32,3.354624,2.08
13.38544166500651,8.44,3.434496,2.08
13.439696118002757,8.32,3.39456,2.08
13.493879082001513,8.36,3.39456,2.08
13.548009116006142,8.44,3.434496,2.08
13.602209872005915,8.32,3.354624,2.08
13.656403748005687,8.44,3.39456,2.08
13.710577655001543,8.4,3.39456,2.08
13.764749066001968,8.32,3.354624,2.08
13.81901731200196,8.48,3.434496,2.08
13.873228052005288,8.36,3.354624,2.08
13.927434600002016,8.36,3.354624,2.08
13.981579706000048,8.44,3.434496,2.08
14.035831056004099,8.32,3.354624,2.08
14.090117478001048,8.4,3.39456,2.08
14.144375675001356,8.4,3.39456,2.08
14.198654065003211,8.32,3.354624,2.08
14.253064459000598,8.44,3.434496,2.08
14.307293216006656,8.36,3.39456,2.08
14.361467923001328,8.36,3.39456,2.08
14.415705064006033,8.44,3.434496,2.08
14.469906620004622,8.32,3.354624,2.08
14.524186610004108,8.4,3.39456,2.08
14.578392966002866,8.4,3.434496,2.08
14.632635131005372,8.32,3.354624,2.08
14.687065429003269,8.44,3.434496,2.08
14.741329963006137,8.36,3.39456,2.08
14.795580096004414,8.36,3.354624,2.08
14.84980370100675,8.48,3.434496,2.08
14.904123692002031,8.32,3.354624,2.08
14.958528389004641,8.4,3.39456,2.08
15.01267535200168,8.4,3.434496,2.08
15.066860331004136,8.32,3.354624,2.08
15.121082688005117,8.44,3.39456,2.08
15.175267635000637,8.36,3.39456,2.08
15.2294362620014,8.36,3.354624,2.08
15.283622202005063,8.44,3.434496,2.08
15.337825870003144,8.32,3.354624,2.08
15.391987233000691,8.4,3.39456,2.08
15.446326872006466,8.4,3.434496,2.08
15.500517676002346,8.32,3.354624,2.08
15.554915557004279,8.44,3.434496,2.08
15.609070584003348,8.36,3.434496,2.08
15.66325918000075,8.32,3.354624,2.08
15.717599043004157,8.44,3.434496,2.08
15.771801079004945,8.36,3.39456,2.08
15.826032300006773,8.4,3.39456,2.08
15.880203807006183,8.44,3.434496,2.08
15.93460012000287,8.32,3.354624,2.08
15.988880654003879,8.44,3.39456,2.08
16.043045281003288,8.4,3.39456,2.08
16.09723438900255,8.36,3.354624,2.08
16.151855636002438,8.48,3.434496,2.08
16.206104457000038,8.36,3.39456,2.08
16.26032547000068,8.4,3.354624,2.08
16.31448766500398,8.44,3.434496,2.08
16.36930565300281,8.32,3.354624,2.08
16.42350701700343,8.4,3.39456,2.08
16.47774073400069,8.4,3.434496,2.08
16.53194584200537,8.32,3.354624,2.08
16.586225480001303,8.44,3.434496,2.08
16.64040236400615,8.36,3.39456,2.08
16.69460968000203,8.36,3.39456,2.08
16.749001257005148,8.44,3.434496,2.08
16.80323999800021,8.32,3.354624,2.08
16.857434770005057,8.4,3.39456,2.08
16.911611077004636,8.4,3.434496,2.08
16.96584789800545,8.32,3.354624,2.08
17.02015105600003,8.48,3.434496,2.08
17.07438483700389,8.4,3.39456,2.08
17.12876617400616,8.36,3.354624,2.08
17.18288926400419,8.48,3.434496,2.08
17.237074659002246,8.32,3.354624,2.08
17.291271255002357,8.44,3.39456,2.08
17.34542087400041,8.4,3.434496,2.08
17.399605949001852,8.32,3.354624,2.08
17.453745712002274,8.44,3.39456,2.08
17.507883778001997,8.36,3.39456,2.08
17.562019860000873,8.36,3.354624,2.08
17.61613907800347,8.44,3.434496,2.08
17.670285560001503,8.32,3.39456,2.08
17.724524589000794,8.4,3.39456,2.08
17.779019305002294,8.44,3.434496,2.08
17.833274366006663,8.32,3.354624,2.08
17.88756776500668,8.44,3.434496,2.08
17.941927501000464,8.4,3.39456,2.08
17.996351623005467,8.36,3.354624,2.08
18.05048421700485,8.48,3.434496,2.08
18.104685485006485,8.36,3.354624,2.08
18.158887745004904,8.4,3.39456,2.08
18.2131041810062,8.44,3.434496,2.08
18.267305865003436,8.36,3.354624,2.08
18.321686530005536,8.48,3.39456,2.08
18.375838069005113,8.4,3.39456,2.08
18.430684090002615,8.36,3.354624,2.08
18.485309305004193,8.48,3.434496,2.08
18.539698290005617,8.36,3.39456,2.08
18.59431096100161,8.4,3.354624,2.08
18.648963026003912,8.44,3.434496,2.08
18.70492050100438,8.36,3.39456,2.08
18.759190538999974,8.4,3.39456,2.08
18.813429120004002,8.44,3.434496,2.08
18.86764488400513,8.32,3.354624,2.08
18.921882409005775,8.44,3.434496,2.08
18.976090141004534,8.4,3.39456,2.08
19.030335026000103,8.36,3.354624,2.08
19.08454896600597,8.48,3.434496,2.08
19.139243976002035,8.36,3.39456,2.08
19.194290258004912,8.4,3.354624,2.08
19.248862864005787,8.48,3.434496,2.08
19.303670197004976,8.36,3.354624,2.08
19.358591740005068,8.44,3.39456,2.08
19.41280260800704,8.44,3.434496,2.08
19.467042085001594,8.32,3.354624,2.08
19.521905163004703,8.44,3.39456,2.08
19.576477417002025,8.4,3.39456,2.08
19.632261127000675,8.32,3.354624,2.08
19.68657923000137,8.44,3.434496,2.08
19.740789107003366,8.36,3.39456,2.08
19.795059208001476,8.36,3.39456,2.08
19.849230012005137,8.44,3.434496,2.08
19.903828506001446,8.32,3.39456,2.08
19.958247508002387,8.4,3.39456,2.08
20.013132890002453,8.44,3.434496,2.08
20.06775199399999,8.32,3.354624,2.08
20.12214225900243,8.44,3.39456,2.08
20.17650177100586,8.4,3.39456,2.08
20.230903684001532,8.36,3.354624,2.08
20.28641289100051,8.48,3.434496,2.08
20.340669585006253,8.36,3.39456,2.08
20.395089483004995,8.36,3.354624,2.08
20.450528672001383,8.48,3.434496,2.08
20.504680851001467,8.36,3.354624,2.08
20.558808325004065,8.4,3.39456,2.08
20.61292955800309,8.4,3.434496,2.08
20.667069257004187,8.32,3.354624,2.08
20.721583333004673,8.44,3.39456,2.08
20.77584527500585,8.36,3.39456,2.08
20.830029070006276,8.36,3.354624,2.08
20.884169056000246,8.44,3.434496,2.08
20.938411029004783,8.32,3.39456,2.08
20.992610345005232,8.4,3.39456,2.08
21.046888159005903,8.44,3.434496,2.08
21.101108436007053,8.32,3.354624,2.08
21.155287047004094,8.44,3.434496,2.08
21.20957439700578,8.4,3.434496,2.08
21.263886132001062,8.36,3.354624,2.08
21.318189131001418,8.48,3.434496,2.08
21.37236393400235,8.36,3.39456,2.08
21.426565650006523,8.4,3.39456,2.08
21.48073091700644,8.48,3.434496,2.08
21.53489388000162,8.32,3.354624,2.08
21.58905111500644,8.44,3.39456,2.08
21.643166397007008,8.4,3.39456,2.08
21.697293935001653,8.36,3.354624,2.08
21.751430145006452,8.48,3.434496,2.08
21.8056850780049,8.36,3.354624,2.08
21.859816136005975,8.4,3.39456,2.08
21.91393797800265,8.44,3.434496,2.08
21.968085196000175,8.32,3.354624,2.08
22.022241727005166,8.44,3.39456,2.08
22.07639269000356,8.4,3.434496,2.08
22.13056061300449,8.36,3.354624,2.08
22.18478229700122,8.48,3.434496,2.08
22.238918284005194,8.36,3.39456,2.08
22.29308764700545,8.4,3.39456,2.08
22.347219793002296,8.44,3.434496,2.08
22.401471430006495,8.36,3.354624,2.08
22.455772893001267,8.48,3.434496,2.08
22.51008110800467,8.44,3.434496,2.08
22.564234118006425,8.36,3.354624,2.08
22.61838482500025,8.48,3.434496,2.08
22.672554923999996,8.36,3.39456,2.08
22.726730623006006,8.4,3.39456,2.08
22.780943155004934,8.44,3.434496,2.08
22.83513229500386,8.32,3.354624,2.08
22.88950819200545,8.44,3.39456,2.08
22.943832823002595,8.4,3.434496,2.08
22.997984682006063,8.36,3.354624,2.08
23.052131356002064,8.48,3.434496,2.08
23.10634001600556,8.36,3.39456,2.08
23.160724809000385,8.4,3.39456,2.08
23.214857595005014,8.44,3.434496,2.08
23.26904327900411,8.32,3.39456,2.08
23.323220738006057,8.44,3.434496,2.08
23.377350644004764,8.4,3.434496,2.08
23.431558664000477,8.36,3.39456,2.08
23.48574550000194,8.48,3.434496,2.08
23.54014331700455,8.36,3.39456,2.08
23.5943262159999,8.4,3.39456,2.08
23.64845186599996,8.48,3.434496,2.08
23.702660847004154,8.36,3.354624,2.08
23.756838114000857,8.44,3.39456,2.08
23.811059638006554,8.44,3.434496,2.08
23.865250954004296,8.36,3.354624,2.08
23.91949919900071,8.48,3.434496,2.08
23.973849655005324,8.36,3.39456,2.08
24.028014698000334,8.4,3.39456,2.08
24.082144988002256,8.44,3.434496,2.08
24.136307791006402,8.32,3.354624,2.08
24.190520867006853,8.44,3.39456,2.08
24.244647125000483,8.4,3.434496,2.08
24.29880122400209,8.32,3.354624,2.08
24.35300879600254,8.48,3.434496,2.08
24.40725121700234,8.36,3.434496,2.08
24.461514279006224,8.4,3.39456,2.08
24.515791133002494,8.48,3.474432,2.08
24.56997400000546,8.36,3.39456,2.08
24.624133987003006,8.44,3.39456,2.08
24.67828303000715,8.44,3.434496,2.08
24.73244973700639,8.36,3.354624,2.08
24.786789216006582,8.48,3.434496,2.08
24.84107061400573,8.4,3.39456,2.08
24.895250762005162,8.36,3.354624,2.08
24.949650179005403,8.48,3.434496,2.08
25.00380536600278,8.32,3.354624,2.08
25.057957896002335,8.4,3.39456,2.08
25.112120059005974,8.44,3.434496,2.08
25.16648731600435,8.32,3.354624,2.08
25.220765898004174,8.44,3.434496,2.08
25.27500963100465,8.4,3.434496,2.08
25.329195314006938,8.36,3.39456,2.08
25.38333030900685,8.44,3.474432,2.08
25.437488855000993,8.32,3.39456,2.08
25.491673579002963,8.4,3.39456,2.08
25.545817949001503,8.44,3.434496,2.08
25.599991376002436,8.32,3.354624,2.08
25.654155267002352,8.48,3.434496,2.08
25.70831371800159,8.4,3.39456,2.08
25.762480105004215,8.4,3.354624,2.08
25.816689021005004,8.48,3.434496,2.08
25.870924146001926,8.36,3.354624,2.08
25.925115270001697,8.4,3.39456,2.08
25.979265913003474,8.44,3.434496,2.08
26.033433484000852,8.32,3.354624,2.08
26.087625215004664,8.44,3.39456,2.08
26.14177509000001,8.36,3.39456,2.08
26.196020455005055,8.36,3.354624,2.08
26.2501754180048,8.44,3.434496,2.08
26.304385614006605,8.32,3.354624,2.08
26.358598402002826,8.4,3.39456,2.08
26.41274811700714,8.4,3.434496,2.08
26.46706327600259,8.32,3.354624,2.08
26.521623497006658,8.44,3.434496,2.08
26.57584108600713,8.4,3.434496,2.08
26.630099539004732,8.36,3.354624,2.08
26.684375593002187,8.48,3.434496,2.08
26.7386119340008,8.36,3.39456,2.08
26.79283387500618,8.4,3.39456,2.08
26.84705143100291,8.44,3.434496,2.08
26.901380990006146,8.32,3.354624,2.08
26.955582322007103,8.44,3.39456,2.08
27.00973789300042,8.4,3.39456,2.08
27.063898872002028,8.36,3.354624,2.08
27.11804810600006,8.48,3.434496,2.08
27.1722033890037,8.36,3.354624,2.08
27.226379696003278,8.4,3.39456,2.08
27.280506114002492,8.44,3.434496,2.08
27.334649173004436,8.32,3.354624,2.08
27.3888004870023,8.44,3.39456,2.08
27.44295826600137,8.4,3.434496,2.08
27.497135917001287,8.36,3.354624,2.08
27.551529511001718,8.48,3.434496,2.08
27.60574857100437,8.36,3.39456,2.08
27.659952175003127,8.4,3.39456,2.08
27.714120514006936,8.44,3.434496,2.08
27.768278901006852,8.32,3.354624,2.08
27.82252609000716,8.44,3.39456,2.08
27.876684029004537,8.4,3.434496,2.08
27.93090609700448,8.36,3.354624,2.08
27.985099749006622,8.48,3.434496,2.08
28.03930924100132,8.36,3.39456,2.08
28.093513773004815,8.44,3.39456,2.08
28.147843237005873,8.48,3.434496,2.08
28.202091418002965,8.36,3.354624,2.08
28.256253997002204,8.44,3.39456,2.08
28.31041628800449,8.4,3.434496,2.08
28.364582931004406,8.36,3.354624,2.08
28.41880618300638,8.48,3.434496,2.08
28.473089886007074,8.36,3.39456,2.08
28.52727979300107,8.4,3.39456,2.08
28.581548199006647,8.44,3.434496,2.08
28.63574885900016,8.32,3.354624,2.08
28.690174453004147,8.44,3.39456,2.08
28.74440669800242,8.4,3.434496,2.08
28.798683200002415,8.32,3.354624,2.08
28.853022263007006,8.48,3.434496,2.08
28.90720356300153,8.36,3.39456,2.08
28.961410271003842,8.4,3.354624,2.08
29.015549169002043,8.48,3.434496,2.08
29.06974915700266,8.32,3.354624,2.08
29.12389573600376,8.44,3.39456,2.08
29.178075211006217,8.4,3.39456,2.08
29.232267839004635,8.32,3.314688,2.08
29.2867887310058,8.44,3.39456,2.08
29.340925453005184,8.36,3.39456,2.08
29.395100065004954,8.36,3.354624,2.08
29.449323797001853,8.44,3.434496,2.08
29.50355757800571,8.32,3.354624,2.08
29.55775196600007,8.4,3.39456,2.08
29.612018291001732,8.4,3.434496,2.08
29.666204615001334,8.32,3.354624,2.08
29.720438492004178,8.44,3.434496,2.08
29.774607727005787,8.36,3.39456,2.08
29.82877859400469,8.36,3.354624,2.08
29.88293000500562,8.44,3.434496,2.08
29.937333998001122,8.32,3.354624,2.08
29.99151232100121,8.4,3.39456,2.08
0.00120265699661104,3.195392,0.484608,1.092096
0.0555091439964599,3.190336,0.484608,1.092096
0.1106899579972378,3.190336,0.484608,1.092096
0.16487615399819333,3.190336,0.484608,1.092096
0.21902980400045635,3.190336,0.484608,1.051648
0.27320828800293384,3.190336,0.484608,1.051648
0.32739854700048454,3.149952,0.484608,1.051648
0.3815587900026003,3.149952,0.484608,1.051648
0.4357382969974424,3.149952,0.484608,1.051648
0.4898616749997018,3.154944,0.484608,1.051648
0.5440831040032208,3.149952,0.484608,1.051648
0.5983406610030215,3.149952,0.484608,1.051648
0.652641931999824,3.149952,0.484608,1.051648
0.7068916490025003,3.154944,0.484608,1.051648
0.7611412059995928,3.154944,0.484608,1.051648
0.8152967450005235,3.154944,0.484608,1.051648
0.8694647320007789,3.149952,0.484608,1.051648
0.9236253589988337,3.154944,0.484608,1.051648
0.9778241629974218,3.154944,0.484608,1.051648
1.0319826460035983,3.149952,0.484608,1.051648
1.0862350829993375,3.154944,0.484608,1.051648
1.140442718999111,3.149952,0.484608,1.051648
1.1945840179978404,3.149952,0.484608,1.051648
1.2487447719977354,3.154944,0.484608,1.051648
1.3029245040015667,3.154944,0.484608,1.051648
1.3571380919966032,3.154944,0.484608,1.051648
1.411307358997874,3.154944,0.484608,1.051648
1.4655161789996782,3.154944,0.484608,1.051648
1.5196635899992543,3.154944,0.484608,1.051648
1.5741987869987497,3.154944,0.484608,1.051648
1.6283805659986683,3.154944,0.484608,1.051648
1.6827564310005982,3.154944,0.484608,1.051648
1.7371706330013694,3.154944,0.484608,1.051648
1.7914199020015076,3.154944,0.484608,1.051648
1.8455777449999005,3.154944,0.484608,1.051648
1.8997453479969408,3.154944,0.484608,1.051648
1.953938038997876,3.154944,0.484608,1.051648
2.008121642997139,3.154944,0.484608,1.051648
2.062293149996549,3.154944,0.484608,1.051648
2.1165607560033095,3.154944,0.484608,1.051648
2.1743361679982627,3.154944,0.484608,1.051648
2.23008461399877,3.149952,0.484608,1.051648
2.2854718649978167,3.154944,0.484608,1.051648
2.340183130996593,3.154944,0.484608,1.051648
2.39487717999873,3.154944,0.484608,1.051648
2.449595837999368,3.154944,0.484608,1.051648
2.5042992000016966,3.154944,0.484608,1.051648
2.5603697019978426,3.149952,0.484608,1.051648
2.614897571002075,3.154944,0.484608,1.051648
2.669674438002403,3.154944,0.484608,1.051648
2.724062079003488,3.154944,0.484608,1.051648
2.7792917269980535,3.149952,0.484608,1.051648
2.8345167340012267,3.149952,0.484608,1.051648
2.8894594619996496,3.154944,0.484608,1.051648
2.944623796000087,3.154944,0.484608,1.051648
2.9999094450031407,3.154944,0.484608,1.051648
3.0548617739987094,3.154944,0.484608,1.051648
3.109428490999562,3.149952,0.484608,1.051648
3.1646237059976556,3.149952,0.484608,1.051648
3.2195637460026774,3.149952,0.484608,1.051648
3.274332004999451,3.154944,0.484608,1.051648
3.3290672400034964,3.154944,0.484608,1.051648
3.3838317550034844,3.154944,0.484608,1.051648
3.4392335029988317,3.154944,0.484608,1.051648
3.4945314720025635,3.154944,0.484608,1.051648
3.549403222001274,3.154944,0.484608,1.051648
3.6046074609985226,3.149952,0.484608,1.051648
3.659940375997394,3.149952,0.484608,1.051648
3.7152399129990954,3.154944,0.484608,1.051648
3.770277524003177,3.154944,0.484608,1.051648
3.8248925630032318,3.154944,0.484608,1.051648
3.8796158929981175,3.149952,0.484608,1.051648
3.934335382997233,3.154944,0.484608,1.051648
3.9890536890015937,3.154944,0.484608,1.051648
4.0438032599995495,3.154944,0.484608,1.051648
4.099241169002198,3.154944,0.484608,1.051648
4.1545411859988235,3.149952,0.484608,1.051648
4.209347559000889,3.154944,0.484608,1.051648
4.264272334003181,3.154944,0.484608,1.051648
4.319996970996726,3.154944,0.484608,1.051648
4.3752987810003106,3.154944,0.484608,1.051648
4.430210307997186,3.154944,0.484608,1.051648
4.485814332998416,3.154944,0.484608,1.051648
4.540631073999975,3.149952,0.484608,1.051648
4.595952340001531,3.154944,0.484608,1.051648
4.651264774001902,3.154944,0.484608,1.051648
4.705646558999433,3.154944,0.484608,1.051648
4.760200668002653,3.149952,0.484608,1.051648
4.814978207999957,3.154944,0.484608,1.051648
4.87066338799923,3.154944,0.484608,1.051648
4.9254289910022635,3.154944,0.484608,1.051648
4.980211137997685,3.154944,0.484608,1.051648
5.034961381003086,3.154944,0.484608,1.051648
5.0897460889973445,3.154944,0.484608,1.051648
5.144528331999027,3.149952,0.484608,1.051648
5.1996496569990995,3.149952,0.484608,1.051648
5.254975499003194,3.154944,0.484608,1.051648
5.309831920996658,3.154944,0.484608,1.051648
5.364631220996671,3.149952,0.484608,1.051648
5.420001865000813,3.149952,0.484608,1.051648
5.47484503799933,3.149952,0.484608,1.051648
5.529627985000843,3.149952,0.484608,1.051648
5.584402997003053,3.149952,0.484608,1.051648
5.63919432900002,3.154944,0.484608,1.051648
5.694584204997227,3.154944,0.484608,1.051648
5.749494547999348,3.149952,0.484608,1.051648
5.804265175000182,3.154944,0.484608,1.051648
5.859100508001575,3.149952,0.484608,1.051648
5.913518549998116,3.149952,0.484608,1.051648
5.968294329002674,3.149952,0.484608,1.051648
6.023100382000848,3.149952,0.484608,1.051648
6.078578483997262,3.149952,0.484608,1.051648
6.133051438999246,3.154944,0.484608,1.051648
6.187842867002473,3.154944,0.484608,1.051648
6.242922623001505,3.154944,0.484608,1.051648
6.29740316200332,3.149952,0.484608,1.051648
6.354923015001987,3.149952,0.484608,1.051648
6.40912693899736,3.149952,0.484608,1.051648
6.463372721002088,3.154944,0.484608,1.051648
6.518571806998807,3.149952,0.484608,1.051648
6.573831952002365,3.154944,0.484608,1.051648
6.628624755998317,3.149952,0.484608,1.051648
6.686708592002105,3.149952,0.484608,1.051648
6.740956230001757,3.154944,0.484608,1.051648
6.795242428001075,3.154944,0.484608,1.051648
6.849427950997779,3.154944,0.484608,1.051648
6.90497895199951,3.154944,0.484608,1.051648
6.9591759640024975,3.154944,0.484608,1.051648
7.014375017999555,3.154944,0.484608,1.051648
7.068571229996451,3.149952,0.484608,1.051648
7.126717179999105,3.154944,0.484608,1.051648
7.183762396998645,3.154944,0.484608,1.051648
7.239582907997828,3.149952,0.484608,1.051648
7.294293086000835,3.149952,0.484608,1.051648
7.3488339789983,3.154944,0.484608,1.051648
7.403618878997804,3.154944,0.484608,1.051648
7.458425026998157,3.154944,0.484608,1.051648
7.513801462999254,3.154944,0.484608,1.051648
7.569172586001514,3.154944,0.484608,1.051648
7.623834730999079,3.149952,0.484608,1.051648
7.680642277002335,3.149952,0.484608,1.051648
7.734825336003269,3.154944,0.484608,1.051648
7.789133199003118,3.149952,0.484608,1.051648
7.844895693000581,3.154944,0.484608,1.051648
7.899510476003343,3.154944,0.484608,1.051648
7.9539331260020845,3.149952,0.484608,1.051648
8.008191579996492,3.154944,0.484608,1.051648
8.062446800999169,3.149952,0.484608,1.051648
8.116973358002724,3.149952,0.484608,1.051648
8.174222068002564,3.154944,0.484608,1.051648
8.228451688999485,3.154944,0.484608,1.051648
8.28317959499691,3.154944,0.484608,1.051648
8.337789577999501,3.154944,0.484608,1.051648
8.392611950002902,3.154944,0.484608,1.051648
8.44783686199662,3.149952,0.484608,1.051648
8.503283826998086,3.154944,0.484608,1.051648
8.55960547200084,3.154944,0.484608,1.051648
8.614187166996999,3.154944,0.484608,1.051648
8.669898651001859,3.154944,0.484608,1.051648
8.725170507997973,3.154944,0.484608,1.051648
8.77947379500256,3.154944,0.484608,1.051648
8.835066747997189,3.154944,0.484608,1.051648
8.890338732999226,3.149952,0.484608,1.051648
8.94452969700069,3.149952,0.484608,1.051648
8.99885359199834,3.154944,0.484608,1.051648
9.053824768998311,3.154944,0.484608,1.051648
9.108657222001057,3.154944,0.484608,1.051648
9.164013784997223,3.154944,0.484608,1.051648
9.219374220003374,3.154944,0.484608,1.051648
9.27441919100238,3.154944,0.484608,1.051648
9.33156063399656,3.149952,0.484608,1.051648
9.386102518998086,3.154944,0.484608,1.051648
9.44179144300142,3.154944,0.484608,1.051648
9.496549046001746,3.149952,0.484608,1.051648
9.55193521000183,3.149952,0.484608,1.051648
9.606879282000591,3.154944,0.484608,1.051648
9.6638609119982,3.154944,0.484608,1.051648
9.718063908003387,3.154944,0.484608,1.051648
9.772284216996923,3.154944,0.484608,1.051648
9.82646186799684,3.154944,0.484608,1.051648
9.880744706002588,3.154944,0.484608,1.051648
9.934915669997281,3.154944,0.484608,1.051648
9.989051240001572,3.154944,0.484608,1.051648
10.043561924001551,3.154944,0.484608,1.051648
10.097967260997393,3.149952,0.484608,1.051648
10.153797149003367,3.154944,0.484608,1.051648
10.209661854001752,3.154944,0.484608,1.051648
10.26383921699744,3.154944,0.484608,1.051648
10.318852443000651,3.149952,0.484608,1.051648
10.373577660997398,3.149952,0.484608,1.051648
10.428303679000237,3.149952,0.484608,1.051648
10.483056033997855,3.154944,0.484608,1.051648
10.53780979700241,3.149952,0.484608,1.051648
10.592550599001697,3.149952,0.484608,1.051648
10.649837743003445,3.149952,0.484608,1.051648
10.70702453100239,3.149952,0.484608,1.051648
10.761428844001784,3.154944,0.484608,1.051648
10.816650203996687,3.149952,0.484608,1.051648
10.871913611998025,3.154944,0.484608,1.051648
10.92722063799738,3.149952,0.484608,1.051648
10.98222541600262,3.149952,0.484608,1.051648
11.037345363998611,3.149952,0.484608,1.051648
11.092630437997286,3.149952,0.484608,1.051648
11.147554221002792,3.154944,0.484608,1.051648
11.202100265996705,3.154944,0.484608,1.051648
11.25695729599829,3.154944,0.484608,1.051648
11.311647153001104,3.149952,0.484608,1.051648
11.36828647099901,3.154944,0.484608,1.051648
11.42250383499777,3.154944,0.484608,1.051648
11.477404065997689,3.154944,0.484608,1.051648
11.532602352999675,3.154944,0.484608,1.051648
11.587934242998017,3.154944,0.484608,1.051648
11.643245557002956,3.154944,0.484608,1.051648
11.698420866996457,3.149952,0.484608,1.051648
11.753424941001867,3.154944,0.484608,1.051648
11.808687837001344,3.149952,0.484608,1.051648
11.863606883998727,3.154944,0.484608,1.051648
11.917812344996491,3.154944,0.484608,1.051648
11.97256562700204,3.154944,0.484608,1.051648
12.02791841400176,3.154944,0.484608,1.051648
12.083336515002884,3.154944,0.484608,1.051648
12.13821936900058,3.154944,0.484608,1.051648
12.193762272996537,3.154944,0.484608,1.051648
12.248185627002385,3.154944,0.484608,1.051648
12.302681014996779,3.154944,0.484608,1.051648
12.357803108003282,3.149952,0.484608,1.051648
12.412984882001183,3.149952,0.484608,1.051648
12.467737685001339,3.154944,0.484608,1.051648
12.52250501600065,3.154944,0.484608,1.051648
12.577291036002862,3.149952,0.484608,1.051648
12.63263575900055,3.154944,0.484608,1.051648
12.687947136997536,3.154944,0.484608,1.051648
12.742919497999537,3.149952,0.484608,1.051648
12.79754871300247,3.154944,0.484608,1.051648
12.852296172000933,3.154944,0.484608,1.051648
12.90706135900109,3.154944,0.484608,1.051648
12.961831057997188,3.154944,0.484608,1.051648
13.016636150001432,3.154944,0.484608,1.051648
13.071944328003156,3.154944,0.484608,1.051648
13.12728348300152,3.154944,0.484608,1.051648
13.181675091997022,3.154944,0.484608,1.051648
13.235849894997955,3.154944,0.484608,1.051648
13.290921298001194,3.154944,0.484608,1.051648
13.345483311997668,3.154944,0.484608,1.051648
13.400262932002079,3.154944,0.484608,1.051648
13.45507701599854,3.154944,0.484608,1.051648
13.510563727002591,3.154944,0.484608,1.051648
13.565800639000372,3.154944,0.484608,1.051648
13.62099086100352,3.154944,0.484608,1.051648
13.675800400997105,3.149952,0.484608,1.051648
13.73093459100346,3.154944,0.484608,1.051648
13.78609898799914,3.154944,0.484608,1.051648
13.84145206300309,3.154944,0.484608,1.051648
13.895848088999628,3.154944,0.484608,1.051648
13.951264108996838,3.154944,0.484608,1.051648
14.006592127996555,3.154944,0.484608,1.051648
14.061077626996848,3.154944,0.484608,1.051648
14.11562988100195,3.154944,0.484608,1.051648
14.170422076997056,3.154944,0.484608,1.051648
14.225436742002785,3.154944,0.484608,1.051648
14.28025636300299,3.154944,0.484608,1.051648
14.335028781999426,3.154944,0.484608,1.051648
14.389846354999463,3.154944,0.484608,1.051648
14.445420875999844,3.154944,0.484608,1.051648
14.50068825299968,3.149952,0.484608,1.051648
14.55603636700107,3.149952,0.484608,1.051648
14.610806994998711,3.149952,0.484608,1.051648
14.6655807260031,3.149952,0.484608,1.051648
14.720034641002712,3.149952,0.484608,1.051648
14.775359906998347,3.154944,0.484608,1.051648
14.830168519001745,3.154944,0.484608,1.051648
14.885523162003665,3.154944,0.484608,1.051648
14.940586117998464,3.154944,0.484608,1.051648
14.995959704996494,3.154944,0.484608,1.051648
0.0010872940038098022,3.154944,0.484608,1.051648
0.05601030900288606,3.43264,0.686528,1.090368
0.11103543900389923,4.39488,1.20768,1.29024
0.16523165100079495,4.911232,1.489472,1.368704
0.2195694990004995,5.474816,1.80864,1.489472
0.2737506060002488,5.747456,1.969408,1.527296
0.32798326700140024,6.109184,2.126784,1.60768
0.3821611420062254,6.470912,2.367552,1.645248
0.43635204200109,6.580992,2.40768,1.685376
0.4905333730057464,6.902016,2.564096,1.765632
0.5447109610031475,7.062528,2.724352,1.80576
0.5989474620000692,7.182912,2.724352,1.80576
0.6532706210055039,7.451904,2.92,1.842944
0.7075526590051595,7.451904,2.92,1.883008
0.7617790800068178,7.61216,3.0,1.883008
0.8160316450012033,7.772416,3.12,1.923072
0.8702330730011454,7.732352,3.08,1.923072
0.9245219910008018,7.932672,3.2,1.963136
0.9787061390015879,7.972736,3.28,1.963136
1.0329230870047468,7.972736,3.2,1.963136
1.0872957840037998,8.173056,3.32,2.0032
1.1415255000028992,8.092928,3.28,2.0032
1.1957463850048953,8.132992,3.28,2.0032
1.2499353650055127,8.24,3.354624,2.04
1.30416092100495,8.132992,3.28,2.0032
1.3584368470037589,8.24,3.314688,2.04
1.4126439390020096,8.24,3.354624,2.04
1.4671503990030033,8.173056,3.28,2.04
1.5214453340013279,8.32,3.354624,2.04
1.5756085210014135,8.24,3.354624,2.04
1.629812156999833,8.28,3.314688,2.04
1.6840248170046834,8.36,3.39456,2.08
1.7381898280000314,8.24,3.314688,2.04
1.7923236380011076,8.32,3.354624,2.04
1.846496489000856,8.32,3.354624,2.08
1.9006640610023169,8.24,3.274752,2.04
1.955074774006789,8.4,3.354624,2.08
2.009219273000781,8.32,3.354624,2.08
2.0634212770019076,8.28,3.314688,2.04
2.1175843670062022,8.4,3.39456,2.08
2.1720186980019207,8.28,3.314688,2.04
2.2264869490027195,8.32,3.354624,2.08
2.280656248003652,8.36,3.39456,2.08
2.3348290030044154,8.24,3.314688,2.04
2.3891457940044347,8.36,3.39456,2.08
2.4433235739998054,8.32,3.39456,2.08
2.4975280740036396,8.28,3.314688,2.08
2.5519810280020465,8.4,3.39456,2.08
2.6063766700026463,8.28,3.354624,2.08
2.660578577000706,8.36,3.354624,2.08
2.7148301510023884,8.4,3.39456,2.08
2.7692320960049983,8.28,3.314688,2.04
2.8234449160008808,8.4,3.354624,2.08
2.877621032006573,8.36,3.354624,2.08
2.9318910380025045,8.32,3.314688,2.08
2.986292695000884,8.44,3.39456,2.08
3.040533644001698,8.32,3.354624,2.08
3.094818498000677,8.36,3.354624,2.08
3.1490007900065393,8.4,3.39456,2.08
3.203182953002397,8.28,3.314688,2.08
3.257404158001009,8.36,3.354624,2.08
3.3116605630057165,8.36,3.39456,2.08
3.365980490001675,8.28,3.314688,2.08
3.4202955210057553,8.4,3.39456,2.08
3.4746078320022207,8.32,3.354624,2.08
3.5288392130023567,8.32,3.354624,2.08
3.5831065950042102,8.4,3.39456,2.08
3.637329431003309,8.24,3.314688,2.08
3.6915937410012702,8.36,3.354624,2.08
3.745787873005611,8.36,3.39456,2.08
3.7999862600045162,8.28,3.314688,2.08
3.8543232760057435,8.4,3.39456,2.08
3.9085179840039928,8.32,3.354624,2.08
3.9628222310057026,8.32,3.354624,2.08
4.017241136003577,8.44,3.39456,2.08
4.071497190001537,8.28,3.314688,2.08
4.125809437005955,8.36,3.354624,2.08
4.1800412660013535,8.4,3.39456,2.08
4.234261413999775,8.28,3.314688,2.08
4.28859164500318,8.4,3.354624,2.08
4.342818290002469,8.32,3.354624,2.08
4.396991845002049,8.32,3.314688,2.08
4.451347549002094,8.4,3.39456,2.08
4.505740247004724,8.28,3.314688,2.08
4.559876745006477,8.36,3.354624,2.08
4.613999067005352,8.36,3.39456,2.08
4.6681498370016925,8.24,3.314688,2.08
4.7223847700006445,8.4,3.39456,2.08
4.7766986490023555,8.32,3.354624,2.08
4.8308792440002435,8.28,3.314688,2.08
4.8850479680040735,8.4,3.39456,2.08
4.939244851004332,8.28,3.354624,2.08
4.993385190005938,8.36,3.354624,2.08
5.04753765600617,8.4,3.39456,2.08
5.101902353002515,8.28,3.314688,2.08
5.156272009000531,8.4,3.39456,2.08
5.210497182000836,8.36,3.354624,2.08
5.264756435004529,8.32,3.314688,2.08
5.318913990005967,8.44,3.39456,2.08
5.373116602000664,8.32,3.354624,2.08
5.427276461006841,8.36,3.354624,2.08
5.481456384004559,8.4,3.39456,2.08
5.535674005004694,8.28,3.314688,2.08
5.58987188100582,8.4,3.354624,2.08
5.644057020006585,8.36,3.354624,2.08
5.698306225000124,8.28,3.314688,2.08
5.752507877004973,8.4,3.39456,2.08
5.806735002006462,8.28,3.354624,2.08
5.860946446002345,8.32,3.354624,2.08
5.915168547006033,8.4,3.39456,2.08
5.969501306004531,8.28,3.314688,2.08
6.023779248003848,8.36,3.39456,2.08
6.0780715590008185,8.36,3.39456,2.08
6.13232921200688,8.28,3.314688,2.08
6.186522480005806,8.44,3.39456,2.08
6.2407227880030405,8.32,3.354624,2.08
6.294986426000833,8.36,3.354624,2.08
6.34922324600484,8.4,3.39456,2.08
6.403679656999884,8.28,3.314688,2.08
6.457910974000697,8.4,3.354624,2.08
6.512066513001628,8.36,3.39456,2.08
6.566282245003094,8.28,3.314688,2.08
6.620533594003064,8.44,3.39456,2.08
6.674881042003108,8.32,3.354624,2.08
6.7293696780034225,8.32,3.314688,2.08
6.783561218006071,8.4,3.39456,2.08
6.8377659100005985,8.28,3.314688,2.08
6.891961290006293,8.36,3.354624,2.08
6.946139773004688,8.36,3.39456,2.08
7.000374962000933,8.28,3.314688,2.08
7.054680873006873,8.4,3.39456,2.08
7.109066529999836,8.32,3.39456,2.08
7.163302806002321,8.32,3.354624,2.08
7.217467017006129,8.4,3.39456,2.08
7.271762528005638,8.28,3.354624,2.08
7.326223131000006,8.36,3.354624,2.08
7.380414543004008,8.4,3.39456,2.08
7.434572417005256,8.28,3.314688,2.08
7.488951546001772,8.4,3.39456,2.08
7.543104045005748,8.36,3.354624,2.08
7.597316609004338,8.32,3.314688,2.08
7.651520821003942,8.44,3.39456,2.08
7.705824364005821,8.32,3.314688,2.08
7.760061473003589,8.36,3.354624,2.08
7.814264628999808,8.4,3.39456,2.08
7.868507306004176,8.28,3.314688,2.08
7.922798144005355,8.4,3.354624,2.08
7.976975475001382,8.32,3.354624,2.08
8.031149447000644,8.28,3.314688,2.08
8.085387932005688,8.4,3.39456,2.08
8.13971480300097,8.28,3.354624,2.08
8.193934663002437,8.32,3.354624,2.08
8.248132763001195,8.36,3.39456,2.08
8.302310639002826,8.24,3.314688,2.08
8.356512963000569,8.36,3.39456,2.08
8.410684342001332,8.32,3.39456,2.08
8.464881610001612,8.28,3.314688,2.08
8.519066429005761,8.4,3.39456,2.08
8.573477687001287,8.32,3.354624,2.08
8.627672043003258,8.36,3.354624,2.08
8.68179647600482,8.4,3.39456,2.08
8.735980112003745,8.28,3.314688,2.08
8.790207973004726,8.4,3.354624,2.08
8.8443996720016,8.36,3.354624,2.08
8.898558379005408,8.32,3.314688,2.08
8.952861602003395,8.44,3.39456,2.08
9.007054294001136,8.32,3.354624,2.08
9.061296235006012,8.36,3.314688,2.08
9.115677699002845,8.4,3.39456,2.08
9.170015483003226,8.28,3.314688,2.08
9.22435899500124,8.4,3.354624,2.08
9.278904656006489,8.36,3.39456,2.08
9.333938235002279,8.28,3.314688,2.08
9.38852517700434,8.4,3.39456,2.08
9.442686380003579,8.32,3.354624,2.08
9.49689328000386,8.32,3.354624,2.08
9.551074163005978,8.4,3.39456,2.08
9.605505005005398,8.28,3.354624,2.08
9.659730466002657,8.36,3.354624,2.08
9.713990680000279,8.4,3.39456,2.08
9.76858536600048,8.28,3.314688,2.04
9.822830987002817,8.4,3.39456,2.08
9.876999038002396,8.36,3.354624,2.08
9.931195410004875,8.32,3.314688,2.08
9.985410535002302,8.44,3.39456,2.08
10.039738526000292,8.32,3.354624,2.08
10.093973555005505,8.36,3.354624,2.08
10.148194919005618,8.44,3.39456,2.08
10.202395195003191,8.28,3.314688,2.08
10.256636848003836,8.4,3.354624,2.08
10.310832484006824,8.36,3.39456,2.08
10.365029848006088,8.32,3.314688,2.08
10.419213835004484,8.44,3.39456,2.08
10.473428608005634,8.32,3.354624,2.08
10.527678997001203,8.36,3.354624,2.08
10.581852744006028,8.4,3.39456,2.08
10.6360535000058,8.28,3.314688,2.08
10.690343795002264,8.4,3.39456,2.08
10.744506213006389,8.36,3.39456,2.08
10.798707993002608,8.32,3.314688,2.08
10.852963951001584,8.44,3.39456,2.08
10.907150850005564,8.32,3.354624,2.08
10.961356375002651,8.36,3.354624,2.08
11.015661581004679,8.44,3.39456,2.08
11.069925347001117,8.32,3.314688,2.08
11.124303868004063,8.4,3.354624,2.08
11.178561713000818,8.4,3.39456,2.08
11.232778790006705,8.32,3.314688,2.08
11.287125629001821,8.44,3.39456,2.08
11.3413211050065,8.36,3.354624,2.08
11.395563494006637,8.36,3.314688,2.08
11.449863325004117,8.44,3.39456,2.08
11.504069041002367,8.28,3.314688,2.08
11.558304166006565,8.36,3.354624,2.08
11.612477241003944,8.36,3.39456,2.08
11.666852466005366,8.28,3.314688,2.08
11.721147880001809,8.4,3.39456,2.08
11.776140818001295,8.32,3.39456,2.08
11.830333253004937,8.32,3.354624,2.08
11.884563065999828,8.4,3.39456,2.08
11.938754606002476,8.28,3.354624,2.08
11.992982306001068,8.36,3.354624,2.08
12.047147061006399,8.4,3.39456,2.08
12.101389770003152,8.28,3.314688,2.08
12.155632831003459,8.44,3.39456,2.08
12.209924022004998,8.36,3.354624,2.08
12.264123274006124,8.32,3.314688,2.08
12.318338046003191,8.44,3.39456,2.08
12.372518482006853,8.32,3.314688,2.08
12.426702853001188,8.36,3.354624,2.08
12.480917625005532,8.4,3.39456,2.08
12.535115853002935,8.28,3.314688,2.08
12.589315809003892,8.4,3.354624,2.08
12.643498485005694,8.36,3.354624,2.08
12.697777451001457,8.32,3.314688,2.08
12.75198054300563,8.4,3.39456,2.08
12.806186291003542,8.28,3.354624,2.08
12.860354566000751,8.36,3.354624,2.08
12.914534681003715,8.4,3.39456,2.08
12.968727277002472,8.28,3.314688,2.08
13.02309059700201,8.4,3.39456,2.08
13.077240568003617,8.36,3.39456,2.08
13.131417675002012,8.32,3.314688,2.08
13.185593086003792,8.44,3.39456,2.08
13.239947575006227,8.32,3.354624,2.08
13.294208940002136,8.36,3.354624,2.08
13.348434081002779,8.4,3.39456,2.08
13.402673686003254,8.28,3.314688,2.08
13.456867978005903,8.4,3.354624,2.08
13.511048221000237,8.36,3.39456,2.08
13.565415477001807,8.32,3.314688,2.08
13.619592297000054,8.44,3.39456,2.08
13.673793437003042,8.32,3.354624,2.08
13.728080307002529,8.36,3.314688,2.08
13.782223717003944,8.4,3.39456,2.08
13.836422649001179,8.28,3.314688,2.08
13.890586060006171,8.4,3.354624,2.08
13.944765215004736,8.36,3.39456,2.08
13.999251035005727,8.28,3.314688,2.08
14.053628756002581,8.4,3.39456,2.08
14.108108495005581,8.32,3.354624,2.08
14.16232189200673,8.32,3.354624,2.08
14.21650754300208,8.4,3.39456,2.08
14.270805550004297,8.28,3.354624,2.08
14.325057763002405,8.4,3.354624,2.08
14.379237366003508,8.36,3.39456,2.08
14.43341063400294,8.28,3.314688,2.08
14.487615198006097,8.44,3.39456,2.08
14.541793009004323,8.32,3.354624,2.08
14.595972451999842,8.36,3.314688,2.08
14.65026597900578,8.4,3.39456,2.08
14.704524912005581,8.28,3.314688,2.08
14.758734053000808,8.36,3.354624,2.08
14.812873847004084,8.36,3.39456,2.08
14.867070987005718,8.28,3.314688,2.08
14.921263710006315,8.4,3.354624,2.08
14.975524340006814,8.32,3.354624,2.08
15.029748425004072,8.32,3.314688,2.08
15.083989534003194,8.4,3.39456,2.08
15.138182321003114,8.28,3.314688,2.08
15.192451879003784,8.36,3.354624,2.08
15.246605082000315,8.36,3.39456,2.08
15.300836655005696,8.28,3.314688,2.08
15.355059555004118,8.4,3.39456,2.08
15.4092910640029,8.36,3.354624,2.08
15.463485644002503,8.32,3.314688,2.08
15.51763203000155,8.4,3.39456,2.08
15.571801297002821,8.32,3.314688,2.08
15.626200939004775,8.36,3.354624,2.08
15.680459424002038,8.4,3.39456,2.08
15.734875354006363,8.28,3.314688,2.08
15.78912363100244,8.4,3.354624,2.08
15.843294306003372,8.36,3.354624,2.08
15.897474998004327,8.32,3.314688,2.08
15.951643305001198,8.4,3.39456,2.08
16.005924511002377,8.28,3.314688,2.08
16.06018091599981,8.36,3.354624,2.08
16.114365512003133,8.4,3.39456,2.08
16.168559132005612,8.28,3.314688,2.08
16.222773328001495,8.4,3.39456,2.08
16.276952387001074,8.36,3.39456,2.08
16.331341788005375,8.32,3.354624,2.08
16.385572369006695,8.4,3.39456,2.08
16.439865223001107,8.28,3.354624,2.08
16.494057243005955,8.36,3.354624,2.08
16.548216270006378,8.4,3.39456,2.08
16.60243952300516,8.28,3.314688,2.08
16.65664520700375,8.4,3.354624,2.08
16.710811146003834,8.36,3.39456,2.08
16.76518880200456,8.32,3.314688,2.08
16.819649437005864,8.44,3.39456,2.08
16.874150905001443,8.32,3.354624,2.08
16.928401359000418,8.36,3.354624,2.08
16.982583618002536,8.4,3.39456,2.08
17.03674654900533,8.28,3.314688,2.08
17.090908072001184,8.4,3.354624,2.08
17.14509861999977,8.36,3.39456,2.08
17.199293295001553,8.28,3.314688,2.08
17.253675848005514,8.44,3.39456,2.08
17.30799052700604,8.32,3.354624,2.08
17.362232052000763,8.32,3.354624,2.08
17.416481770000246,8.4,3.39456,2.08
17.47068156500609,8.28,3.354624,2.08
17.5248699050062,8.36,3.354624,2.08
17.57910003800498,8.36,3.39456,2.08
17.633300378001877,8.28,3.314688,2.08
17.68762596900342,8.4,3.39456,2.08
17.741835045002517,8.32,3.354624,2.08
17.796009432000574,8.32,3.354624,2.08
17.85020849200373,8.4,3.39456,2.08
17.904416353005217,8.28,3.314688,2.08
17.958625172999746,8.36,3.354624,2.08
18.012867370001914,8.4,3.39456,2.08
18.067252003005706,8.28,3.314688,2.08
18.121660892000364,8.4,3.39456,2.08
18.175831503001973,8.32,3.354624,2.08
18.230030627004453,8.32,3.314688,2.08
18.284180214002845,8.4,3.39456,2.08
18.338337577006314,8.28,3.314688,2.08
18.392554493002535,8.36,3.354624,2.08
18.446801969999797,8.36,3.39456,2.08
18.50103123900044,8.28,3.314688,2.08
18.555279324005824,8.4,3.39456,2.08
18.609441679000156,8.32,3.39456,2.08
18.663609602001088,8.32,3.354624,2.08
18.717799702004413,8.4,3.39456,2.08
18.771987913001794,8.28,3.354624,2.08
18.826191197003936,8.36,3.354624,2.08
18.880364753000322,8.4,3.39456,2.08
18.934556899999734,8.28,3.314688,2.08
18.988830234004126,8.4,3.39456,2.08
19.042991213005735,8.36,3.354624,2.08
19.097461224002473,8.32,3.314688,2.08
19.151652508000552,8.44,3.39456,2.08
19.206038485004683,8.32,3.354624,2.08
19.260305099000107,8.36,3.354624,2.08
19.314484798000194,8.4,3.39456,2.08
19.368807893006306,8.28,3.314688,2.08
19.423075083002914,8.4,3.354624,2.08
19.477252254000632,8.36,3.354624,2.08
19.531440402002772,8.32,3.314688,2.08
19.585606309003197,8.4,3.39456,2.08
19.639892315004545,8.32,3.354624,2.08
19.694130320000113,8.36,3.354624,2.08
19.748318756006483,8.4,3.39456,2.08
19.802530423999997,8.28,3.314688,2.08
19.856777677006903,8.4,3.39456,2.08
19.911200327005645,8.36,3.39456,2.08
19.96539881100034,8.32,3.314688,2.08
20.019596495003498,8.44,3.39456,2.08
20.073806947002595,8.32,3.354624,2.08
20.128088921002927,8.36,3.354624,2.08
20.182256428000983,8.4,3.39456,2.08
20.236477857004502,8.28,3.314688,2.08
20.290645844004757,8.4,3.354624,2.08
20.344840040001145,8.36,3.39456,2.08
20.39913763000368,8.32,3.314688,2.08
20.453372403004323,8.44,3.39456,2.08
20.507605416001752,8.32,3.354624,2.08
20.56179183600034,8.36,3.314688,2.08
20.61595435000345,8.4,3.39456,2.08
20.670199555999716,8.28,3.314688,2.08
20.724399096005072,8.36,3.354624,2.08
20.77852884200547,8.36,3.39456,2.08
20.83271516500099,8.28,3.314688,2.08
20.886959698000283,8.4,3.39456,2.08
20.94137447600224,8.32,3.354624,2.08
20.99560163300339,8.32,3.354624,2.08
21.04997423300665,8.4,3.39456,2.08
21.104169549005746,8.28,3.314688,2.08
21.158346464006172,8.36,3.354624,2.08
21.212479090005218,8.36,3.39456,2.08
21.26666579800076,8.28,3.314688,2.08
21.320941756006505,8.44,3.39456,2.08
21.37515995200374,8.32,3.354624,2.08
21.429473159005283,8.36,3.314688,2.08
21.483635962002154,8.4,3.39456,2.08
21.53786417500669,8.28,3.314688,2.08
21.592048099002568,8.36,3.354624,2.08
21.646213014006207,8.36,3.39456,2.08
21.700436778002768,8.28,3.314688,2.08
21.754997320000257,8.4,3.39456,2.08
21.809196892005275,8.32,3.354624,2.08
21.863399184003356,8.32,3.314688,2.08
21.917567043004965,8.4,3.39456,2.08
21.971825624001212,8.28,3.354624,2.08
22.02609819000645,8.36,3.354624,2.08
22.080281506001484,8.36,3.39456,2.08
22.13457573600317,8.28,3.314688,2.08
22.18889822300116,8.4,3.39456,2.08
22.243270088001736,8.36,3.39456,2.08
22.297437243003515,8.32,3.314688,2.08
22.351588910001738,8.44,3.39456,2.08
22.405774849001318,8.32,3.354624,2.08
22.460177626002405,8.36,3.354624,2.08
22.514368558004207,8.4,3.39456,2.08
22.568610051006544,8.28,3.314688,2.08
22.622882393006876,8.4,3.354624,2.08
22.677053100000194,8.36,3.354624,2.08
22.73124182400352,8.32,3.314688,2.08
22.785526198000298,8.44,3.39456,2.08
22.83992801500426,8.32,3.354624,2.08
22.894169700004568,8.36,3.354624,2.08
22.948437178005406,8.4,3.39456,2.08
23.002874773002986,8.28,3.314688,2.08
23.0570901530009,8.4,3.39456,2.08
23.111337630005437,8.36,3.39456,2.08
23.165497393005353,8.28,3.314688,2.08
23.219655652006622,8.44,3.39456,2.08
23.2739034490005,8.32,3.354624,2.08
23.328083340005833,8.36,3.354624,2.08
23.382205950001662,8.4,3.39456,2.08
23.436418771001627,8.32,3.314688,2.08
23.490604230006284,8.4,3.354624,2.08
23.54482437900151,8.36,3.39456,2.08
23.59898590100056,8.32,3.314688,2.08
23.653176257001178,8.44,3.39456,2.08
23.707369397001457,8.32,3.354624,2.08
23.7615544720029,8.36,3.354624,2.08
23.81576495700574,8.4,3.39456,2.08
23.869967825005006,8.28,3.314688,2.08
23.924210086006497,8.4,3.354624,2.08
23.978467099004774,8.36,3.39456,2.08
24.032678991003195,8.28,3.314688,2.08
24.08685056300601,8.4,3.39456,2.08
24.141005365003366,8.32,3.354624,2.08
24.195165000004636,8.32,3.354624,2.08
24.249337723005738,8.4,3.39456,2.08
24.303499278001254,8.28,3.354624,2.08
24.357725219000713,8.36,3.39456,2.08
24.411969208005758,8.36,3.39456,2.08
24.46618986800604,8.28,3.314688,2.08
24.520546821004245,8.44,3.39456,2.08
24.574760377006896,8.32,3.354624,2.08
24.628956141001254,8.36,3.354624,2.08
24.6832037780041,8.4,3.39456,2.08
24.73741976600286,8.28,3.314688,2.08
24.79161978600314,8.36,3.354624,2.08
24.845811230006802,8.36,3.39456,2.08
24.900008497999806,8.28,3.314688,2.08
24.954285448002338,8.4,3.39456,2.08
25.008479196003464,8.32,3.354624,2.08
25.062643887002196,8.32,3.314688,2.08
25.11680441700446,8.4,3.39456,2.08
25.171221147000324,8.28,3.314688,2.08
25.225595956006146,8.36,3.354624,2.08
25.27981223200186,8.36,3.39456,2.08
25.334178081000573,8.28,3.314688,2.08
25.38850063200516,8.4,3.39456,2.08
25.44263485800184,8.32,3.354624,2.08
25.49681737300125,8.32,3.354624,2.08
25.55103198600409,8.44,3.39456,2.08
25.60521101300401,8.32,3.354624,2.08
25.659584190005262,8.36,3.354624,2.08
25.71384414700151,8.4,3.39456,2.08
25.768074024003,8.28,3.314688,2.08
25.82244601700222,8.4,3.354624,2.08
25.876603603006515,8.36,3.354624,2.08
25.930824936003773,8.32,3.314688,2.08
25.985091582006135,8.44,3.39456,2.08
26.039306738006417,8.32,3.314688,2.08
26.093489861006674,8.36,3.354624,2.08
26.14769970600173,8.4,3.39456,2.08
26.202127252006903,8.28,3.314688,2.08
26.25639876200148,8.4,3.354624,2.08
26.311224142002175,8.36,3.39456,2.08
26.36595524900622,8.28,3.314688,2.08
26.420528591006587,8.4,3.39456,2.08
26.47475907500484,8.32,3.354624,2.08
26.528977208006836,8.32,3.354624,2.08
26.58317073100625,8.4,3.39456,2.08
26.63737430400215,8.28,3.354624,2.08
26.691587668006832,8.4,3.354624,2.08
26.745763527003874,8.4,3.39456,2.08
26.799939002004976,8.32,3.314688,2.08
26.854248657000426,8.44,3.39456,2.08
26.90844557300443,8.36,3.354624,2.08
26.962626649001322,8.36,3.314688,2.08
27.01681937200192,8.44,3.39456,2.08
27.07109408200631,8.32,3.314688,2.08
27.12561404700682,8.36,3.354624,2.08
27.17985416400188,8.4,3.39456,2.08
27.234246317006182,8.28,3.314688,2.08
27.288516611006344,8.4,3.39456,2.08
27.34269077400677,8.36,3.354624,2.08
27.39684695300093,8.32,3.314688,2.08
27.45102594800119,8.4,3.39456,2.08
27.505210800001805,8.28,3.354624,2.08
27.559461413002282,8.36,3.354624,2.08
27.613625688005413,8.4,3.39456,2.08
27.667819404006877,8.28,3.314688,2.08
27.72217293200083,8.4,3.39456,2.08
27.776310294000723,8.36,3.39456,2.08
27.830491561006056,8.32,3.354624,2.08
27.88462674800394,8.44,3.39456,2.08
27.938866737000353,8.32,3.354624,2.08
27.993037380001624,8.36,3.354624,2.08
28.047528383001918,8.4,3.39456,2.08
28.10193624900421,8.28,3.314688,2.08
28.1562746730051,8.4,3.354624,2.08
28.210488005002844,8.36,3.354624,2.08
28.264666872004454,8.32,3.314688,2.08
28.318865676003043,8.44,3.39456,2.08
28.37307020800654,8.32,3.354624,2.08
28.42746613700001,8.36,3.354624,2.08
28.481609932001447,8.4,3.39456,2.08
28.535825888000545,8.28,3.314688,2.08
28.590107158001047,8.4,3.39456,2.08
28.64431585100101,8.36,3.39456,2.08
28.69856787200115,8.32,3.314688,2.08
28.752879543004383,8.4,3.39456,2.08
28.807298769002955,8.32,3.354624,2.08
28.86150595700019,8.36,3.354624,2.08
28.915651703006006,8.4,3.39456,2.08
28.96983895500307,8.28,3.314688,2.08
29.02402099000028,8.4,3.39456,2.08
29.078155472001527,8.36,3.39456,2.08
29.13231382700178,8.32,3.314688,2.08
29.18648303000373,8.44,3.39456,2.08
29.24073911600135,8.32,3.354624,2.08
29.29508234000241,8.36,3.354624,2.08
29.349257207002665,8.4,3.39456,2.08
29.40348442800314,8.28,3.314688,2.08
29.457663551002042,8.4,3.354624,2.08
29.511828562004666,8.36,3.354624,2.08
29.566035269999702,8.32,3.314688,2.08
29.620481921003375,8.44,3.39456,2.08
29.674630899004114,8.32,3.354624,2.08
29.728860072005773,8.36,3.354624,2.08
29.783032475002983,8.4,3.39456,2.08
29.83739253100066,8.28,3.354624,2.08
29.89173031500104,8.36,3.354624,2.08
29.946075331004977,8.4,3.39456,2.08
30.00037122500362,8.28,3.314688,2.08
0.00060244800260989,7.772416,3.0,2.0032
0.054890823004825506,7.932672,3.12,2.0032
0.11003963600524003,7.932672,3.12,2.0032
0.16430973800015636,7.972736,3.12,2.0032
0.2184980780002661,8.092928,3.19488,2.043264
0.27296111300529446,8.0128,3.2,2.043264
0.32717124500049977,8.12,3.234816,2.043264
0.38134742400143296,8.2,3.314688,2.04
0.435537748002389,8.092928,3.24,2.043264
0.4897248390043387,8.24,3.314688,2.04
0.5438743620034074,8.24,3.314688,2.04
0.59810724700219,8.2,3.274752,2.04
0.6523244830023032,8.36,3.354624,2.08
0.7066145860007964,8.24,3.314688,2.04
0.760823150005308,8.32,3.314688,2.04
0.8150143370003207,8.36,3.39456,2.08
0.8692189330031397,8.24,3.274752,2.04
0.9234746670044842,8.36,3.354624,2.08
0.9778119390030042,8.32,3.354624,2.08
1.032129466002516,8.32,3.314688,2.04
1.0863338700000895,8.44,3.39456,2.08
1.1405251210017013,8.32,3.354624,2.08
1.1947420060023433,8.36,3.354624,2.08
1.2489336740036379,8.4,3.39456,2.08
1.3031903670052998,8.28,3.314688,2.08
1.3574980700068409,8.4,3.39456,2.08
1.4117335790069774,8.36,3.39456,2.08
1.4659520310015068,8.32,3.354624,2.08
1.520144499001617,8.44,3.434496,2.08
1.5743474629998673,8.32,3.39456,2.08
1.6287306560043362,8.36,3.39456,2.08
1.683006358005514,8.44,3.434496,2.08
1.737198441005603,8.32,3.354624,2.08
1.791407838005398,8.44,3.39456,2.08
1.8456053290065029,8.4,3.434496,2.08
1.8997868210062734,8.36,3.354624,2.08
1.9540498510032194,8.48,3.434496,2.08
2.0083818420025636,8.36,3.39456,2.08
2.0629448480030987,8.4,3.354624,2.08
2.1171371870004805,8.44,3.434496,2.08
2.1713267430022825,8.32,3.354624,2.08
2.2255314030044246,8.4,3.39456,2.08
2.2797137270026724,8.4,3.434496,2.08
2.3343675830037682,8.32,3.354624,2.08
2.389455883007031,8.44,3.39456,2.08
2.444401139000547,8.4,3.434496,2.08
2.5000302530024783,8.32,3.354624,2.08
2.554286755002977,8.44,3.434496,2.08
2.609240651006985,8.36,3.434496,2.08
2.6636128350000945,8.36,3.39456,2.08
2.7179122180023114,8.44,3.434496,2.08
2.773733018002531,8.36,3.39456,2.08
2.8279864150026697,8.4,3.39456,2.08
2.882249637004861,8.48,3.434496,2.08
2.936514682005509,8.32,3.354624,2.08
2.990732015001413,8.44,3.39456,2.08
3.04502643700107,8.44,3.39456,2.08
3.0994629750057356,8.36,3.354624,2.08
3.153633298999921,8.48,3.434496,2.08
3.207844135002233,8.36,3.39456,2.08
3.2620228420055355,8.4,3.354624,2.08
3.3162388950004242,8.44,3.434496,2.08
3.3704099540045718,8.32,3.354624,2.08
3.4246141020048526,8.4,3.39456,2.08
3.478806474005978,8.4,3.434496,2.08
3.5329969890008215,8.32,3.354624,2.08
3.5872287540041725,8.48,3.434496,2.08
3.6417913760014926,8.36,3.39456,2.08
3.6960070760032977,8.36,3.39456,2.08
3.7502043760032393,8.44,3.474432,2.08
3.8043521700019483,8.32,3.39456,2.08
3.858518653003557,8.44,3.434496,2.08
3.9127063210034976,8.44,3.434496,2.08
3.9669460220029578,8.36,3.354624,2.08
4.021231388003798,8.48,3.434496,2.08
4.075617013004376,8.4,3.39456,2.08
4.129805353004485,8.4,3.39456,2.08
4.183985980002035,8.48,3.434496,2.08
4.238434583006892,8.36,3.354624,2.08
4.292654187003791,8.44,3.39456,2.08
4.346947362006176,8.44,3.434496,2.08
4.401096436005901,8.32,3.354624,2.08
4.455359434003185,8.48,3.434496,2.08
4.509710850004922,8.4,3.39456,2.08
4.563930230004189,8.36,3.354624,2.08
4.618105225999898,8.48,3.434496,2.08
4.672420769005839,8.36,3.39456,2.08
4.726660150001408,8.4,3.39456,2.08
4.7808240090016625,8.44,3.474432,2.08
4.835287076006352,8.32,3.354624,2.08
4.889670717006084,8.44,3.434496,2.08
4.94411288700212,8.4,3.434496,2.08
4.99834119600564,8.36,3.39456,2.08
5.0526205460046185,8.48,3.474432,2.08
5.107034780005051,8.4,3.39456,2.08
5.161227247001079,8.44,3.39456,2.08
5.21560381600284,8.48,3.434496,2.08
5.269792252001935,8.36,3.354624,2.08
5.3239722390062525,8.48,3.39456,2.08
5.378124866001599,8.4,3.434496,2.08
5.4323633830063045,8.36,3.354624,2.08
5.486676270003954,8.48,3.434496,2.08
5.541215179000574,8.36,3.39456,2.08
5.5954305910054245,8.4,3.39456,2.08
5.649626835001982,8.44,3.434496,2.08
5.704024876002222,8.32,3.354624,2.08
5.7582360960004735,8.44,3.434496,2.08
5.812416532004136,8.4,3.434496,2.08
5.866614184000355,8.32,3.354624,2.08
5.9207954830053495,8.44,3.434496,2.08
5.975299415003974,8.36,3.434496,2.08
6.02946967400203,8.4,3.39456,2.08
6.083695775007072,8.48,3.434496,2.08
6.137865458003944,8.36,3.39456,2.08
6.192065894007101,8.44,3.39456,2.08
6.246276474004844,8.44,3.434496,2.08
6.300454094001907,8.36,3.354624,2.08
6.35469481900509,8.48,3.434496,2.08
6.409259200001543,8.4,3.39456,2.08
6.4634581960053765,8.4,3.354624,2.08
6.517676361007034,8.48,3.434496,2.08
6.571857020004245,8.32,3.354624,2.08
6.626117842002714,8.4,3.39456,2.08
6.680294469006185,8.44,3.434496,2.08
6.7346317730043666,8.32,3.354624,2.08
6.789019990006636,8.44,3.434496,2.08
6.84327162700356,8.36,3.39456,2.08
6.8974683830019785,8.36,3.354624,2.08
6.951648178001051,8.44,3.434496,2.08
7.0059218000023975,8.32,3.39456,2.08
7.060197822000191,8.4,3.39456,2.08
7.11439192200487,8.44,3.434496,2.08
7.168580838006164,8.32,3.354624,2.08
7.222786330006784,8.44,3.434496,2.08
7.276955693007039,8.4,3.434496,2.08
7.331121376002557,8.36,3.354624,2.08
7.385608411001158,8.48,3.434496,2.08
7.439783983005327,8.36,3.354624,2.08
7.493971426003554,8.4,3.39456,2.08
7.548120213003131,8.44,3.434496,2.08
7.602312585004256,8.32,3.354624,2.08
7.656609151003067,8.44,3.39456,2.08
7.710792659003346,8.36,3.39456,2.08
7.765000039005827,8.36,3.354624,2.08
7.819252764005796,8.44,3.434496,2.08
7.873739352005941,8.32,3.39456,2.08
7.927995085003204,8.36,3.39456,2.08
7.98227123500692,8.44,3.434496,2.08
8.03645205500652,8.32,3.354624,2.08
8.090720652005984,8.44,3.434496,2.08
8.144910944000003,8.4,3.434496,2.08
8.199117012001807,8.32,3.354624,2.08
8.253493261006952,8.44,3.434496,2.08
8.307741122000152,8.36,3.39456,2.08
8.361935446002462,8.4,3.39456,2.08
8.416129258002911,8.44,3.434496,2.08
8.47030438100046,8.32,3.354624,2.08
8.524509617003787,8.44,3.39456,2.08
8.578674212003534,8.4,3.434496,2.08
8.632962458003021,8.36,3.354624,2.08
8.68741512500128,8.48,3.434496,2.08
8.741598024003906,8.36,3.39456,2.08
8.795955361005326,8.36,3.354624,2.08
8.850251863004814,8.44,3.434496,2.08
8.904551086001447,8.32,3.354624,2.08
8.95907937100128,8.4,3.39456,2.08
9.013322752005479,8.4,3.434496,2.08
9.067666648006707,8.32,3.354624,2.08
9.122126034002576,8.44,3.434496,2.08
9.176352807000512,8.36,3.39456,2.08
9.230863587006752,8.36,3.354624,2.08
9.2851385210015,8.44,3.434496,2.08
9.339520466004615,8.32,3.39456,2.08
9.39383050500328,8.4,3.39456,2.08
9.448117951003951,8.44,3.434496,2.08
9.502670301000762,8.32,3.354624,2.08
9.55701419700199,8.44,3.39456,2.08
9.611246569002105,8.4,3.434496,2.08
9.665503711003112,8.36,3.354624,2.08
9.719760692001728,8.48,3.434496,2.08
9.774061291005637,8.36,3.39456,2.08
9.828292000005604,8.4,3.39456,2.08
9.882465299000614,8.44,3.434496,2.08
9.936740937002469,8.36,3.354624,2.08
9.991091649004375,8.44,3.434496,2.08
10.045297653006855,8.44,3.434496,2.08
10.099563371004479,8.36,3.354624,2.08
10.15382476800005,8.48,3.434496,2.08
10.208111415005988,8.36,3.39456,2.08
10.262312523002038,8.4,3.39456,2.08
10.316468989003624,8.48,3.434496,2.08
10.370649649004918,8.32,3.354624,2.08
10.42482208400179,8.44,3.39456,2.08
10.478996311001538,8.4,3.434496,2.08
10.533152682000946,8.36,3.354624,2.08
10.587351774003764,8.48,3.434496,2.08
10.641588051003055,8.4,3.39456,2.08
10.695784871000797,8.4,3.354624,2.08
10.750089277004008,8.48,3.434496,2.08
10.804325554003299,8.36,3.354624,2.08
10.858549799006141,8.44,3.39456,2.08
10.912720506006735,8.44,3.39456,2.08
10.96694491100061,8.32,3.354624,2.08
11.021272198006045,8.48,3.39456,2.08
11.075564764003502,8.36,3.39456,2.08
11.129951125003572,8.36,3.354624,2.08
11.18424778800545,8.48,3.434496,2.08
11.238724263006588,8.32,3.354624,2.08
11.293270885005768,8.4,3.39456,2.08
11.34743080699991,8.44,3.434496,2.08
11.401876178002567,8.32,3.354624,2.08
11.45606890199997,8.48,3.434496,2.08
11.510281626004144,8.4,3.434496,2.08
11.564453165003215,8.36,3.39456,2.08
11.618661281005188,8.48,3.434496,2.08
11.672938999006874,8.36,3.39456,2.08
11.727138411006308,8.44,3.39456,2.08
11.781287774007069,8.44,3.434496,2.08
11.83553435500653,8.36,3.354624,2.08
11.889755784002773,8.48,3.434496,2.08
11.943953595000494,8.4,3.39456,2.08
11.998126703001617,8.4,3.354624,2.08
12.052310818005935,8.48,3.434496,2.08
12.10667669900431,8.36,3.39456,2.08
12.160938640001405,8.4,3.39456,2.08
12.215104451002844,8.48,3.434496,2.08
12.269361305006896,8.36,3.354624,2.08
12.32358650900278,8.44,3.39456,2.08
12.377792289000354,8.4,3.434496,2.08
12.431964917006553,8.36,3.354624,2.08
12.486100838999846,8.48,3.434496,2.08
12.540321147003851,8.36,3.39456,2.08
12.594510031005484,8.4,3.39456,2.08
12.648746756000037,8.44,3.434496,2.08
12.702939960006915,8.32,3.354624,2.08
12.757132587001252,8.44,3.434496,2.08
12.811283454000659,8.4,3.434496,2.08
12.865608341002371,8.36,3.354624,2.08
12.920192340003268,8.48,3.434496,2.08
12.97454074700363,8.36,3.39456,2.08
13.028831362003984,8.4,3.39456,2.08
13.083078103001753,8.48,3.434496,2.08
13.137342669004283,8.36,3.354624,2.08
13.191620675002923,8.44,3.39456,2.08
13.245946298004128,8.44,3.434496,2.08
13.300337427004706,8.32,3.354624,2.08
13.3548425110057,8.48,3.434496,2.08
13.409235848004755,8.36,3.39456,2.08
13.463868648002972,8.36,3.354624,2.08
13.518473095005902,8.44,3.434496,2.08
13.57340561500314,8.32,3.39456,2.08
13.627688005006348,8.4,3.39456,2.08
13.681945465999888,8.44,3.434496,2.08
13.736152590005076,8.32,3.354624,2.08
13.790428036001686,8.44,3.434496,2.08
13.844600344003993,8.4,3.434496,2.08
13.899003601000004,8.36,3.354624,2.08
13.953408938003122,8.48,3.434496,2.08
14.007655264002096,8.4,3.39456,2.08
14.061863540002378,8.4,3.39456,2.08
14.116033383004833,8.48,3.434496,2.08
14.17090663700219,8.36,3.354624,2.08
14.225217124003393,8.44,3.39456,2.08
14.279379735002294,8.44,3.434496,2.08
14.333604203005962,8.32,3.354624,2.08
14.387788927000656,8.48,3.434496,2.08
14.442081877001328,8.36,3.39456,2.08
14.496298858000955,8.36,3.354624,2.08
14.550429660004738,8.44,3.434496,2.08
14.604644464001467,8.32,3.354624,2.08
14.65891891800129,8.4,3.39456,2.08
14.713092697005777,8.4,3.434496,2.08
14.767290509000304,8.32,3.354624,2.08
14.821464256005129,8.44,3.434496,2.08
14.87610124800267,8.36,3.434496,2.08
14.930487481004093,8.36,3.39456,2.08
14.984692173005897,8.48,3.434496,2.08
15.039071782004612,8.36,3.39456,2.08
15.093315931000689,8.44,3.39456,2.08
15.147614770001383,8.44,3.434496,2.08
15.201877863000846,8.32,3.354624,2.08
15.256232511004782,8.48,3.434496,2.08
15.310424754999985,8.4,3.39456,2.08
15.364893006000784,8.36,3.354624,2.08
15.419091106006817,8.48,3.434496,2.08
15.473410969003453,8.36,3.354624,2.08
15.52761044500221,8.4,3.39456,2.08
15.581782368004497,8.44,3.434496,2.08
15.635950772004435,8.32,3.354624,2.08
15.690170056004717,8.44,3.39456,2.08
15.744543009001063,8.4,3.434496,2.08
15.79869563500688,8.32,3.354624,2.08
15.85293780000211,8.44,3.434496,2.08
15.907166621000215,8.36,3.39456,2.08
15.961438515005284,8.4,3.39456,2.08
16.015605638000125,8.44,3.474432,2.08
16.06983474700246,8.32,3.354624,2.08
16.124158546001127,8.44,3.434496,2.08
16.1783707900031,8.44,3.434496,2.08
16.232587995000358,8.36,3.354624,2.08
16.286748526006704,8.48,3.434496,2.08
16.340953730003093,8.36,3.39456,2.08
16.3954198690044,8.4,3.39456,2.08
16.449593712000933,8.48,3.434496,2.08
16.50377782700525,8.32,3.354624,2.08
16.55800629600708,8.44,3.39456,2.08
16.612215724002453,8.4,3.434496,2.08
16.666442945002927,8.32,3.354624,2.08
16.720681878003234,8.48,3.434496,2.08
16.774870314002328,8.36,3.39456,2.08
16.82929184400564,8.36,3.39456,2.08
16.883442742000625,8.44,3.434496,2.08
16.937674827000592,8.32,3.39456,2.08
16.992218472005334,8.44,3.434496,2.08
17.046466397005133,8.44,3.434496,2.08
17.100682354001037,8.32,3.354624,2.08
17.155080971002462,8.48,3.434496,2.08
17.20968279400404,8.4,3.434496,2.08
17.264278120004747,8.36,3.354624,2.08
17.318847750000714,8.48,3.434496,2.08
17.37409736700647,8.36,3.39456,2.08
17.428938684002787,8.4,3.354624,2.08
17.483739712006354,8.48,3.434496,2.08
17.53953830300452,8.36,3.354624,2.08
17.593975641000725,8.4,3.39456,2.08
17.64829697600362,8.44,3.434496,2.08
17.70310184500704,8.32,3.354624,2.08
17.757778549006616,8.4,3.39456,2.08
17.81237013200007,8.4,3.434496,2.08
17.867846346001897,8.32,3.354624,2.08
17.922098368006118,8.44,3.434496,2.08
17.976604604002205,8.36,3.39456,2.08
18.03077697500703,8.36,3.39456,2.08
18.084976099002233,8.48,3.434496,2.08
18.139374620004673,8.36,3.39456,2.08
18.19435142900329,8.4,3.39456,2.08
18.24872198200319,8.44,3.434496,2.08
18.30418949200248,8.32,3.354624,2.08
18.3584128720031,8.44,3.39456,2.08
18.41265049300273,8.44,3.434496,2.08
18.467606149002677,8.32,3.354624,2.08
18.52207894500316,8.48,3.39456,2.08
18.576312822006003,8.4,3.39456,2.08
18.630530474001716,8.36,3.354624,2.08
18.684709085006034,8.44,3.434496,2.08
18.73892715400143,8.32,3.354624,2.08
18.793122790004418,8.4,3.39456,2.08
18.847263480005495,8.4,3.434496,2.08
18.901443083006598,8.32,3.354624,2.08
18.955627871000615,8.44,3.434496,2.08
19.009827155001403,8.4,3.39456,2.08
19.063986790002673,8.36,3.354624,2.08
19.118197434007016,8.44,3.434496,2.08
19.172374477006088,8.32,3.39456,2.08
19.226617762004025,8.4,3.39456,2.08
19.281389094001497,8.44,3.434496,2.08
19.33659006900416,8.32,3.354624,2.08
19.392505399002403,8.4,3.39456,2.08
19.446699370004353,8.44,3.434496,2.08
19.500923327002965,8.32,3.354624,2.08
19.55632510700525,8.44,3.39456,2.08
19.610526791002485,8.4,3.39456,2.08
19.66477209200093,8.36,3.354624,2.08
19.71899185700022,8.48,3.434496,2.08
19.773611696000444,8.36,3.39456,2.08
19.828413684001134,8.36,3.354624,2.08
19.88368381300097,8.44,3.434496,2.08
19.937959931005025,8.32,3.354624,2.08
19.992205136004486,8.4,3.39456,2.08
20.047467745003814,8.44,3.434496,2.08
20.101763575003133,8.32,3.354624,2.08
20.156190801004414,8.44,3.434496,2.08
20.210381061006046,8.4,3.434496,2.08
20.26459666500159,8.36,3.39456,2.08
20.318818254003418,8.48,3.434496,2.08
20.373031298004207,8.32,3.39456,2.08
20.427236822004488,8.4,3.39456,2.08
20.481407081002544,8.44,3.434496,2.08
20.536810397999943,8.32,3.354624,2.08
20.59102795400395,8.44,3.39456,2.08
20.645226278000337,8.44,3.434496,2.08
20.699427770006878,8.36,3.354624,2.08
20.754424804006703,8.48,3.434496,2.08
20.808999586006394,8.4,3.39456,2.08
20.863616129005095,8.36,3.354624,2.08
20.919598885004234,8.48,3.434496,2.08
20.974060960004863,8.36,3.39456,2.08
21.02831979700568,8.4,3.354624,2.08
21.08264369200333,8.48,3.434496,2.08
21.136835424003948,8.32,3.354624,2.08
21.191031988004397,8.44,3.39456,2.08
21.24516973400023,8.4,3.434496,2.08
21.299345978004567,8.36,3.354624,2.08
21.35394418400392,8.48,3.434496,2.08
21.408223918006115,8.36,3.39456,2.08
21.46330837800633,8.36,3.39456,2.08
21.51776421300019,8.44,3.434496,2.08
21.573037318004936,8.36,3.39456,2.08
21.627321852000023,8.4,3.39456,2.08
21.681918843001768,8.44,3.434496,2.08
21.737454931004322,8.32,3.354624,2.08
21.792225942001096,8.44,3.39456,2.08
21.848128920006275,8.44,3.434496,2.08
21.902413806004915,8.32,3.354624,2.08
21.956803079003294,8.44,3.39456,2.08
22.011022523001884,8.4,3.39456,2.08
22.06541170100536,8.36,3.354624,2.08
22.119946033002634,8.48,3.434496,2.08
22.17423687200062,8.36,3.39456,2.08
22.22845638000581,8.4,3.39456,2.08
22.28264491200389,8.48,3.434496,2.08
22.336831108004844,8.32,3.354624,2.08
22.39099365400034,8.44,3.39456,2.08
22.445179818001634,8.32,3.354624,2.08
22.49942246300634,8.36,3.354624,2.08
22.55385420100356,8.48,3.434496,2.08
22.608253043006698,8.4,3.39456,2.08
22.662522632002947,8.4,3.39456,2.08
22.716897281003185,8.48,3.434496,2.08
22.77151574400341,8.36,3.39456,2.08
22.82764314400265,8.44,3.39456,2.08
22.881870237004478,8.48,3.434496,2.08
22.93611893000343,8.36,3.354624,2.08
22.992050197004573,8.44,3.39456,2.08
23.046318602006068,8.44,3.434496,2.08
23.10065981000662,8.36,3.354624,2.08
23.155061756006035,8.48,3.434496,2.08
23.209345426002983,8.4,3.39456,2.08
23.263571110001067,8.36,3.354624,2.08
23.317709593000473,8.48,3.434496,2.08
23.37203416000557,8.32,3.354624,2.08
23.426285413006553,8.4,3.39456,2.08
23.48078368100687,8.44,3.434496,2.08
23.536169429004076,8.32,3.354624,2.08
23.590355017004185,8.44,3.434496,2.08
23.644944583000324,8.4,3.434496,2.08
23.699524517003738,8.36,3.354624,2.08
23.75441588400281,8.44,3.434496,2.08
23.808942377007043,8.36,3.39456,2.08
23.86311270000442,8.36,3.354624,2.08
23.917256782006007,8.44,3.434496,2.08
23.97139923299983,8.32,3.354624,2.08
24.025553651001246,8.44,3.39456,2.08
24.079690981001477,8.44,3.434496,2.08
24.13397225200606,8.36,3.354624,2.08
24.18813073400088,8.44,3.39456,2.08
24.24288168100611,8.36,3.39456,2.08
24.29717600800359,8.36,3.354624,2.08
24.351434493000852,8.44,3.434496,2.08
24.405777941006818,8.32,3.354624,2.08
24.460091020002437,8.4,3.39456,2.08
24.514332929000375,8.44,3.434496,2.08
24.568609591005952,8.32,3.354624,2.08
24.622996560006868,8.44,3.434496,2.08
24.67721462800546,8.4,3.434496,2.08
24.731378679003683,8.36,3.354624,2.08
24.785569995001424,8.48,3.434496,2.08
24.839722366006754,8.36,3.39456,2.08
24.894339357000717,8.4,3.39456,2.08
24.94858712200221,8.44,3.434496,2.08
25.00393126900599,8.36,3.354624,2.08
25.058559140001307,8.44,3.39456,2.08
25.11273452000023,8.44,3.434496,2.08
25.167142321006395,8.36,3.354624,2.08
25.22152193000511,8.48,3.434496,2.08
25.275713342001836,8.36,3.39456,2.08
25.329902193007,8.36,3.354624,2.08
25.384079877003387,8.44,3.434496,2.08
25.438247896003304,8.32,3.354624,2.08
25.492402603005758,8.4,3.39456,2.08
25.546573406005336,8.4,3.434496,2.08
25.600710192004044,8.32,3.354624,2.08
25.654938437000965,8.44,3.434496,2.08
25.709129208000377,8.36,3.39456,2.08
25.763273259006382,8.36,3.39456,2.08
25.817980140003783,8.44,3.434496,2.08
25.87232534800569,8.32,3.39456,2.08
25.926526200004446,8.4,3.39456,2.08
25.980902737006545,8.44,3.434496,2.08
26.03511990900006,8.32,3.354624,2.08
26.08963081800175,8.48,3.39456,2.08
26.143794677002006,8.4,3.39456,2.08
26.198028777005675,8.36,3.354624,2.08
26.252291647004313,8.48,3.434496,2.08
26.30654136400699,8.36,3.39456,2.08
26.360744456003886,8.4,3.39456,2.08
26.41498198100453,8.44,3.434496,2.08
26.469330581006943,8.32,3.354624,2.08
26.52511227600189,8.4,3.39456,2.08
26.57970376200683,8.4,3.434496,2.08
26.63406199500605,8.32,3.354624,2.08
26.688262846000725,8.44,3.434496,2.08
26.742396337001992,8.36,3.39456,2.08
26.796519266004907,8.36,3.39456,2.08
26.850735990999965,8.44,3.434496,2.08
26.904911754005298,8.32,3.39456,2.08
26.959076093000476,8.4,3.39456,2.08
27.013245520000055,8.44,3.434496,2.08
27.06753338300041,8.32,3.354624,2.08
27.121685273006733,8.48,3.434496,2.08
27.1758059950007,8.4,3.39456,2.08
27.230008127000474,8.4,3.354624,2.08
27.28412820900121,8.48,3.434496,2.08
27.338264067002456,8.36,3.354624,2.08
27.392609883005207,8.4,3.39456,2.08
27.446742605003237,8.44,3.434496,2.08
27.500886495006853,8.32,3.354624,2.08
27.55504897799983,8.44,3.434496,2.08
27.609168100003444,8.36,3.39456,2.08
27.66354271700402,8.36,3.354624,2.08
27.717658830006258,8.44,3.434496,2.08
27.771787072000734,8.32,3.39456,2.08
27.825949811005557,8.4,3.39456,2.08
27.880108742006996,8.4,3.434496,2.08
27.934301850000338,8.32,3.354624,2.08
27.988557711003523,8.44,3.434496,2.08
28.04277453200484,8.4,3.434496,2.08
28.09725414300192,8.36,3.39456,2.08
28.151407506004034,8.48,3.434496,2.08
28.205592934005836,8.36,3.39456,2.08
28.259799674000533,8.44,3.39456,2.08
28.31419883500348,8.48,3.434496,2.08
28.368312549006077,8.36,3.354624,2.08
28.422603899001842,8.48,3.434496,2.08
28.476699980004923,8.4,3.39456,2.08
28.53087952000351,8.36,3.354624,2.08
28.5849821610027,8.48,3.434496,2.08
28.639139620005153,8.36,3.354624,2.08
28.693361112003913,8.4,3.39456,2.08
28.747513611000613,8.44,3.434496,2.08
28.801627996006573,8.32,3.354624,2.08
28.856304317007016,8.44,3.434496,2.08
28.912349123005697,8.4,3.434496,2.08
28.966597464001097,8.32,3.354624,2.08
29.0208277250058,8.48,3.434496,2.08
29.075037761002022,8.36,3.39456,2.08
29.12917966700479,8.4,3.39456,2.08
29.183597773000656,8.48,3.434496,2.08
29.23789456400118,8.36,3.39456,2.08
29.292070743002114,8.44,3.39456,2.08
29.346279019002395,8.44,3.434496,2.08
29.400481055003183,8.36,3.354624,2.08
29.454914650006685,8.48,3.434496,2.08
29.509083469005418,8.4,3.39456,2.08
29.56325107200246,8.4,3.354624,2.08
29.61739992200455,8.48,3.434496,2.08
29.671649320000142,8.32,3.354624,2.08
29.72601088000374,8.4,3.39456,2.08
29.780176243002643,8.44,3.434496,2.08
29.83433738200256,8.32,3.354624,2.08
29.88889033900341,8.44,3.434496,2.08
29.943719912000233,8.4,3.434496,2.08
29.99829335000686,8.36,3.354624,2.08
0.0003821219943347387,7.852544,3.08,2.0032
0.054649951998726465,8.0,3.154944,2.0032
0.10878667399811093,8.0128,3.2,2.0032
0.16300256699469173,8.052864,3.16,2.0032
0.2173511029977817,8.2,3.274752,2.04
0.27156881900009466,8.08,3.234816,2.04
0.3257582789956359,8.2,3.234816,2.04
0.3799530189935467,8.24,3.314688,2.04
0.434097004996147,8.16,3.234816,2.04
0.4882662399977562,8.28,3.314688,2.04
0.5424161789997015,8.24,3.314688,2.04
0.5966337989957538,8.24,3.274752,2.04
0.6508599640001194,8.36,3.354624,2.08
0.7050859359951573,8.24,3.314688,2.04
0.7592673959952663,8.32,3.354624,2.04
0.813415669996175,8.36,3.39456,2.08
0.8675886179989902,8.24,3.314688,2.04
0.9218254709994653,8.36,3.39456,2.08
0.9760505469967029,8.32,3.39456,2.08
1.030222181994759,8.32,3.354624,2.08
1.084366969000257,8.44,3.434496,2.08
1.1385521079937462,8.32,3.354624,2.08
1.1927323839991004,8.36,3.39456,2.08
1.2478931980003836,8.44,3.434496,2.08
1.3022282929960056,8.32,3.354624,2.08
1.3579790429939749,8.4,3.39456,2.08
1.4123370829984196,8.44,3.434496,2.08
1.4670838059973903,8.32,3.354624,2.08
1.5216158029943472,8.44,3.39456,2.08
1.5763080279939459,8.4,3.39456,2.08
1.630867544998182,8.36,3.354624,2.08
1.6857889609964332,8.48,3.434496,2.08
1.740299580997089,8.36,3.39456,2.08
1.7950625279991073,8.36,3.354624,2.08
1.849896676998469,8.44,3.434496,2.08
1.904405761997623,8.32,3.39456,2.08
1.9589434869994875,8.4,3.39456,2.08
2.0137800039956346,8.44,3.434496,2.08
2.0681048589976854,8.32,3.354624,2.08
2.1227793879952515,8.44,3.434496,2.08
2.1772649189952062,8.4,3.434496,2.08
2.2318075410003075,8.32,3.354624,2.08
2.28697318599734,8.48,3.434496,2.08
2.341804006995517,8.4,3.434496,2.08
2.396301570996002,8.36,3.39456,2.08
2.450877536997723,8.48,3.434496,2.08
2.5055920989980223,8.36,3.39456,2.08
2.5602529639945715,8.4,3.39456,2.08
2.6145628099984606,8.48,3.434496,2.08
2.669361182997818,8.36,3.354624,2.08
2.724236005000421,8.44,3.39456,2.08
2.7800966769937077,8.48,3.434496,2.08
2.8347054759942694,8.32,3.354624,2.08
2.8908542209974257,8.44,3.39456,2.08
2.945782388000225,8.44,3.434496,2.08
3.000278640000033,8.32,3.354624,2.08
3.0552520569981425,8.44,3.434496,2.08
3.1095042699962505,8.4,3.434496,2.08
3.1652348919960787,8.36,3.39456,2.08
3.2198041689989623,8.48,3.434496,2.08
3.2757420919951983,8.4,3.434496,2.08
3.329925503996492,8.4,3.39456,2.08
3.384297719996539,8.48,3.474432,2.08
3.438659472994914,8.4,3.39456,2.08
3.493396722995385,8.44,3.39456,2.08
3.5479290719958954,8.48,3.434496,2.08
3.6024843649938703,8.36,3.354624,2.08
3.6569965859962394,8.44,3.39456,2.08
3.7118195019938867,8.44,3.434496,2.08
3.7663208749945625,8.36,3.354624,2.08
3.822353903997282,8.44,3.39456,2.08
3.8765739559967187,8.4,3.434496,2.08
3.930798296998546,8.36,3.354624,2.08
3.985065582994139,8.48,3.434496,2.08
4.040334942998015,8.36,3.39456,2.08
4.094513650998124,8.4,3.39456,2.08
4.1487715279945405,8.48,3.474432,2.08
4.203133312999853,8.36,3.39456,2.08
4.257677085995965,8.44,3.434496,2.08
4.313299191999249,8.44,3.474432,2.08
4.367513963996316,8.32,3.39456,2.08
4.421735712996451,8.48,3.434496,2.08
4.4759030919958604,8.44,3.434496,2.08
4.530659670999739,8.4,3.39456,2.08
4.58484961099748,8.52,3.434496,2.08
4.639518506999593,8.4,3.39456,2.08
4.693964005993621,8.4,3.39456,2.08
4.748306718000094,8.48,3.434496,2.08
4.8036763689960935,8.36,3.354624,2.08
4.85821796599339,8.44,3.39456,2.08
4.912913966996712,8.44,3.434496,2.08
4.967716627994378,8.32,3.354624,2.08
5.023062085994752,8.44,3.39456,2.08
5.077245657994354,8.44,3.434496,2.08
5.1315004309944925,8.36,3.354624,2.08
5.185927816994081,8.48,3.434496,2.08
5.240440869994927,8.36,3.39456,2.08
5.294953953998629,8.36,3.39456,2.08
5.350594268995337,8.48,3.474432,2.08
5.404779471995425,8.36,3.39456,2.08
5.45895721999841,8.4,3.39456,2.08
5.513760807996732,8.44,3.474432,2.08
5.56791490699834,8.32,3.354624,2.08
5.622177007993741,8.48,3.434496,2.08
5.677097911997407,8.44,3.434496,2.08
5.731606899993494,8.36,3.354624,2.08
5.78627992499969,8.48,3.434496,2.08
5.841812396000023,8.4,3.39456,2.08
5.8963871779997135,8.36,3.354624,2.08
5.950908966995485,8.48,3.434496,2.08
6.006526208999276,8.36,3.39456,2.08
6.061113471994759,8.4,3.39456,2.08
6.115384340999299,8.44,3.434496,2.08
6.169732844995451,8.32,3.354624,2.08
6.224258953996468,8.4,3.39456,2.08
6.279003692994593,8.44,3.434496,2.08
6.333918163996714,8.32,3.354624,2.08
6.388789689997793,8.44,3.434496,2.08
6.442985101995873,8.4,3.434496,2.08
6.4975888449989725,8.36,3.39456,2.08
6.552345231997606,8.48,3.434496,2.08
6.608430837994092,8.4,3.434496,2.08
6.662934577994747,8.36,3.354624,2.08
6.717796247998194,8.48,3.434496,2.08
6.772295667993603,8.36,3.39456,2.08
6.827412096994522,8.4,3.354624,2.08
6.881821497998317,8.44,3.434496,2.08
6.936345526999503,8.32,3.354624,2.08
6.991088921997289,8.4,3.39456,2.08
7.045911069995782,8.4,3.434496,2.08
7.100221012995462,8.32,3.354624,2.08
7.154949206997117,8.44,3.39456,2.08
7.209864671000105,8.4,3.39456,2.08
7.264421947998926,8.32,3.354624,2.08
7.3189854659940465,8.44,3.434496,2.08
7.373834783000348,8.36,3.39456,2.08
7.428347163993749,8.36,3.39456,2.08
7.482853879999311,8.44,3.434496,2.08
7.537795583994011,8.32,3.39456,2.08
7.59214018399507,8.4,3.39456,2.08
7.64697497299494,8.44,3.434496,2.08
7.7018355219988734,8.32,3.354624,2.08
7.756413696995878,8.44,3.39456,2.08
7.810927452999749,8.44,3.434496,2.08
7.865793122997275,8.36,3.354624,2.08
7.920353121000517,8.48,3.434496,2.08
7.974916861996462,8.4,3.39456,2.08
8.029789827996865,8.36,3.354624,2.08
8.084127387999615,8.48,3.434496,2.08
8.138782139998511,8.36,3.39456,2.08
8.193272663993412,8.4,3.39456,2.08
8.24780318899866,8.44,3.434496,2.08
8.302510133995384,8.32,3.354624,2.08
8.357025810997584,8.44,3.39456,2.08
8.41153691100044,8.44,3.434496,2.08
8.466456566995475,8.32,3.354624,2.08
8.521125270999619,8.44,3.434496,2.08
8.575675731997762,8.4,3.434496,2.08
8.63046962399676,8.36,3.39456,2.08
8.68498914099473,8.48,3.434496,2.08
8.73982460199477,8.4,3.39456,2.08
8.795116042994778,8.4,3.39456,2.08
8.84948333200009,8.48,3.434496,2.08
8.904001887996856,8.36,3.354624,2.08
8.958318518998567,8.44,3.39456,2.08
9.013175740998122,8.48,3.434496,2.08
9.067486995998479,8.32,3.354624,2.08
9.121838123995985,8.48,3.434496,2.08
9.176543917994422,8.4,3.434496,2.08
9.231067529995926,8.36,3.354624,2.08
9.285902350995457,8.48,3.434496,2.08
9.34040762699442,8.36,3.39456,2.08
9.394909991999157,8.4,3.39456,2.08
9.449781933995837,8.48,3.434496,2.08
9.504294922000554,8.32,3.39456,2.08
9.558870983993984,8.4,3.39456,2.08
9.613582313999359,8.44,3.474432,2.08
9.668423950999568,8.32,3.39456,2.08
9.722929514995485,8.44,3.434496,2.08
9.777594603998295,8.44,3.434496,2.08
9.832109671995568,8.36,3.354624,2.08
9.886982957999862,8.48,3.434496,2.08
9.941887892993691,8.4,3.39456,2.08
9.996391376997053,8.36,3.354624,2.08
10.050902893999591,8.48,3.434496,2.08
10.105888822996349,8.36,3.39456,2.08
10.160442579996015,8.4,3.354624,2.08
10.214955088995339,8.44,3.434496,2.08
10.269864215995767,8.32,3.354624,2.08
10.324397491996933,8.4,3.39456,2.08
10.378926448996936,8.44,3.434496,2.08
10.433597617993655,8.32,3.354624,2.08
10.488237425997795,8.44,3.434496,2.08
10.54238877199532,8.4,3.434496,2.08
10.596583319995261,8.36,3.39456,2.08
10.650709001994983,8.48,3.434496,2.08
10.704875324998284,8.32,3.39456,2.08
10.759038191994478,8.4,3.39456,2.08
10.813223683995602,8.44,3.434496,2.08
10.867378581999219,8.32,3.354624,2.08
10.921760974997596,8.44,3.434496,2.08
10.97600006799621,8.4,3.39456,2.08
11.03015029499511,8.36,3.354624,2.08
11.084305577998748,8.48,3.434496,2.08
11.13846098799695,8.36,3.39456,2.08
11.192631502999575,8.4,3.39456,2.08
11.246757056993374,8.44,3.434496,2.08
11.300899187997857,8.32,3.354624,2.08
11.355157161000534,8.44,3.39456,2.08
11.409281114996702,8.4,3.39456,2.08
11.463446989997465,8.36,3.354624,2.08
11.517681762998109,8.48,3.434496,2.08
11.571840501994302,8.36,3.39456,2.08
11.626021288997435,8.4,3.39456,2.08
11.680197980997036,8.44,3.474432,2.08
11.734380623995094,8.32,3.354624,2.08
11.78858809999656,8.44,3.434496,2.08
11.842731510994781,8.4,3.434496,2.08
11.896954090996587,8.36,3.39456,2.08
11.951133246999234,8.48,3.434496,2.08
12.005292113994074,8.36,3.39456,2.08
12.059478500996192,8.4,3.39456,2.08
12.113655703993572,8.48,3.434496,2.08
12.167841803995543,8.36,3.354624,2.08
12.222180035998463,8.44,3.39456,2.08
12.276357046997873,8.4,3.39456,2.08
12.330516937996435,8.36,3.354624,2.08
12.384699228998215,8.48,3.434496,2.08
12.438859279995086,8.36,3.39456,2.08
12.493145125998126,8.4,3.39456,2.08
12.547322938000434,8.44,3.434496,2.08
12.601516782000544,8.32,3.354624,2.08
12.655684416997246,8.44,3.434496,2.08
12.709844979995978,8.4,3.434496,2.08
12.764006053999765,8.36,3.354624,2.08
12.81813832899934,8.44,3.434496,2.08
12.872335083993676,8.36,3.39456,2.08
12.926642498998262,8.4,3.39456,2.08
12.98103842799901,8.48,3.474432,2.08
13.035204367995902,8.36,3.354624,2.08
13.08941235599923,8.48,3.434496,2.08
13.143552021996584,8.44,3.434496,2.08
13.197824683993531,8.36,3.354624,2.08
13.252050625000265,8.48,3.434496,2.08
13.306171569995058,8.4,3.39456,2.08
13.360319972998695,8.4,3.39456,2.08
13.41445346299588,8.48,3.434496,2.08
13.468574088998139,8.32,3.354624,2.08
13.522760955995182,8.44,3.39456,2.08
13.57695566399343,8.4,3.434496,2.08
13.631153443995572,8.36,3.354624,2.08
13.685366487996362,8.48,3.434496,2.08
13.73949815499509,8.36,3.39456,2.08
13.79370662299334,8.4,3.39456,2.08
13.84784833699814,8.44,3.474432,2.08
13.902027011994505,8.32,3.354624,2.08
13.956167478994757,8.44,3.434496,2.08
14.01035697000043,8.4,3.434496,2.08
14.064773027996125,8.36,3.354624,2.08
14.118955447993358,8.48,3.434496,2.08
14.173218476993497,8.36,3.39456,2.08
14.22752003599453,8.4,3.39456,2.08
14.281752568997035,8.48,3.434496,2.08
14.335916140000336,8.36,3.354624,2.08
14.39007193499856,8.44,3.39456,2.08
14.444278226997994,8.44,3.434496,2.08
14.498444197997742,8.36,3.354624,2.08
14.552770012996916,8.48,3.434496,2.08
14.607025555000291,8.36,3.39456,2.08
14.66161326499423,8.36,3.39456,2.08
14.716440821997821,8.48,3.434496,2.08
14.771360988997913,8.36,3.39456,2.08
14.825746581998828,8.4,3.39456,2.08
14.879877351995674,8.44,3.434496,2.08
14.934019130996603,8.32,3.354624,2.08
14.988245806998748,8.44,3.434496,2.08
15.042432002999703,8.4,3.434496,2.08
15.096591349996743,8.36,3.39456,2.08
15.15074900000036,8.48,3.434496,2.08
15.2049161229952,8.36,3.39456,2.08
15.259085966994462,8.4,3.39456,2.08
15.313246112993511,8.44,3.434496,2.08
15.367425268996158,8.32,3.354624,2.08
15.421561222996388,8.44,3.39456,2.08
15.47606118699332,8.4,3.39456,2.08
15.530183060996933,8.36,3.354624,2.08
15.584391976997722,8.48,3.434496,2.08
15.638797538995277,8.36,3.39456,2.08
15.693085752995103,8.4,3.39456,2.08
15.747254187997896,8.44,3.434496,2.08
15.801639172997966,8.32,3.354624,2.08
15.856589740993513,8.4,3.39456,2.08
15.9120207379965,8.4,3.434496,2.08
15.966192724998109,8.32,3.354624,2.08
16.020845045997703,8.44,3.434496,2.08
16.075003047997598,8.36,3.434496,2.08
16.129787499994563,8.36,3.39456,2.08
16.184260230998916,8.48,3.434496,2.08
16.24014010499377,8.36,3.39456,2.08
16.294374812998285,8.4,3.39456,2.08
16.34898857299413,8.48,3.434496,2.08
16.40375248000055,8.36,3.39456,2.08
16.45916529999522,8.4,3.39456,2.08
16.513311974995304,8.44,3.434496,2.08
16.56778137799847,8.32,3.354624,2.08
16.622313278996444,8.44,3.39456,2.08
16.676475537999067,8.4,3.39456,2.08
16.730814345995896,8.36,3.354624,2.08
16.785818706994178,8.48,3.434496,2.08
16.840336527995532,8.36,3.39456,2.08
16.896034603996668,8.36,3.354624,2.08
16.95018467099726,8.44,3.434496,2.08
17.00440318699839,8.32,3.39456,2.08
17.058619334995456,8.4,3.39456,2.08
17.112966494998545,8.44,3.474432,2.08
17.167863237998972,8.32,3.354624,2.08
17.222407458997623,8.44,3.434496,2.08
17.276944191995426,8.4,3.434496,2.08
17.331852006995177,8.32,3.354624,2.08
17.386396611997043,8.48,3.434496,2.08
17.440936705999775,8.4,3.39456,2.08
17.496683486999245,8.36,3.354624,2.08
17.550875666995125,8.48,3.434496,2.08
17.605692375997023,8.36,3.39456,2.08
17.660051471997576,8.4,3.39456,2.08
17.714212706996477,8.44,3.434496,2.08
17.76857637899957,8.32,3.354624,2.08
17.82403636899835,8.44,3.39456,2.08
17.878410537996388,8.44,3.434496,2.08
17.9332915039995,8.32,3.354624,2.08
17.987590373995772,8.44,3.434496,2.08
18.0419306219992,8.36,3.434496,2.08
18.096151890997135,8.36,3.39456,2.08
18.150354886995046,8.44,3.434496,2.08
18.204584890998376,8.32,3.39456,2.08
18.258751533998293,8.4,3.39456,2.08
18.312941729993327,8.44,3.434496,2.08
18.367101300995273,8.32,3.354624,2.08
18.421404011998675,8.44,3.434496,2.08
18.475615263996588,8.4,3.39456,2.08
18.529803123994498,8.36,3.354624,2.08
18.58403872899362,8.48,3.434496,2.08
18.638245340996946,8.36,3.354624,2.08
18.692634485996678,8.4,3.39456,2.08
18.746954508998897,8.44,3.434496,2.08
18.8017991539964,8.32,3.354624,2.08
18.857569903993863,8.44,3.39456,2.08
18.911970185996324,8.4,3.434496,2.08
18.96619225399627,8.32,3.354624,2.08
19.022108160999778,8.44,3.39456,2.08
19.076328404997184,8.4,3.434496,2.08
19.130785871995613,8.36,3.354624,2.08
19.185334317000525,8.48,3.434496,2.08
19.24123431899352,8.36,3.434496,2.08
19.29642239799432,8.36,3.39456,2.08
19.350924345999374,8.44,3.434496,2.08
19.40578166299383,8.36,3.39456,2.08
19.460280538994994,8.4,3.39456,2.08
19.514568817998224,8.44,3.434496,2.08
19.568722468000487,8.32,3.354624,2.08
19.62323673699575,8.44,3.39456,2.08
19.679028512000514,8.44,3.434496,2.08
19.73320203500043,8.36,3.354624,2.08
19.787393701997644,8.48,3.434496,2.08
19.841735357993457,8.4,3.39456,2.08
19.896437279996462,8.36,3.354624,2.08
19.9509220109976,8.48,3.434496,2.08
20.00577728099597,8.36,3.39456,2.08
20.060102135998022,8.36,3.39456,2.08
20.114925788999244,8.44,3.434496,2.08
20.16977692999353,8.32,3.354624,2.08
20.2242836469959,8.4,3.39456,2.08
20.279022144997725,8.4,3.434496,2.08
20.333928903994092,8.32,3.354624,2.08
20.388409955994575,8.44,3.434496,2.08
20.44291235199489,8.36,3.434496,2.08
20.497785349994956,8.32,3.354624,2.08
20.552299489994766,8.48,3.434496,2.08
20.607089637996978,8.36,3.39456,2.08
20.661715492999065,8.4,3.354624,2.08
20.71723186899908,8.48,3.434496,2.08
20.771474257999216,8.36,3.39456,2.08
20.826557533997402,8.4,3.39456,2.08
20.880769521994807,8.48,3.434496,2.08
20.935122121998575,8.32,3.354624,2.08
20.98971764099406,8.44,3.39456,2.08
21.044545805998496,8.4,3.434496,2.08
21.0988585649975,8.32,3.354624,2.08
21.1537940279959,8.44,3.434496,2.08
21.208296551994863,8.4,3.39456,2.08
21.26358197799709,8.36,3.354624,2.08
21.317769292996672,8.44,3.434496,2.08
21.372347338998225,8.36,3.39456,2.08
21.42670928399457,8.4,3.39456,2.08
21.481235903993365,8.44,3.474432,2.08
21.535786301996268,8.32,3.354624,2.08
21.5904035489948,8.44,3.434496,2.08
21.644927162000386,8.44,3.434496,2.08
21.69998989299347,8.32,3.354624,2.08
21.756583384994883,8.44,3.39456,2.08
21.810995570995146,8.44,3.434496,2.08
21.865295080999203,8.36,3.354624,2.08
21.919673697993858,8.48,3.434496,2.08
21.975670950996573,8.4,3.434496,2.08
22.030989400998806,8.36,3.354624,2.08
22.085410386993317,8.48,3.434496,2.08
22.1397191129945,8.36,3.39456,2.08
22.19454596599826,8.36,3.354624,2.08
22.248707360995468,8.44,3.434496,2.08
22.302833267000096,8.32,3.354624,2.08
22.356998053997813,8.4,3.39456,2.08
22.41118565799843,8.4,3.434496,2.08
22.46530647599866,8.32,3.354624,2.08
22.519441309996182,8.44,3.434496,2.08
22.573651697995956,8.36,3.39456,2.08
22.627859973996237,8.36,3.39456,2.08
22.68198322399985,8.44,3.434496,2.08
22.736273197995615,8.32,3.354624,2.08
22.79058506099682,8.44,3.39456,2.08
22.84485791499901,8.44,3.434496,2.08
22.899173521997,8.36,3.354624,2.08
22.953624236994074,8.48,3.434496,2.08
23.007800895997207,8.4,3.39456,2.08
23.061951954994584,8.36,3.354624,2.08
23.116135334996216,8.48,3.434496,2.08
23.170438684996043,8.36,3.39456,2.08
23.226019445995917,8.4,3.39456,2.08
23.280379182993784,8.44,3.434496,2.08
23.334914635997848,8.32,3.354624,2.08
23.38958484399336,8.44,3.39456,2.08
23.445066467000288,8.4,3.434496,2.08
23.499373497994384,8.32,3.354624,2.08
23.55372331399849,8.44,3.434496,2.08
23.607960005996574,8.36,3.434496,2.08
23.662141114000406,8.36,3.39456,2.08
23.71633226999984,8.48,3.474432,2.08
23.77096801299922,8.36,3.39456,2.08
23.825167168994085,8.4,3.39456,2.08
23.879372244999104,8.44,3.434496,2.08
23.933758349994605,8.36,3.354624,2.08
23.988084197997523,8.48,3.434496,2.08
24.043739777000155,8.44,3.434496,2.08
24.097957876998407,8.36,3.354624,2.08
24.152106951994938,8.48,3.434496,2.08
24.20631983599742,8.36,3.39456,2.08
24.260489838998183,8.4,3.39456,2.08
24.314634817994374,8.44,3.434496,2.08
24.369182814996748,8.32,3.354624,2.08
24.423351697994804,8.4,3.39456,2.08
24.47810245299479,8.4,3.434496,2.08
24.532335177995265,8.32,3.354624,2.08
24.58747458299331,8.44,3.434496,2.08
24.641866799996933,8.4,3.434496,2.08
24.696735445999366,8.36,3.39456,2.08
24.750923785999476,8.48,3.474432,2.08
24.805145117999928,8.36,3.39456,2.08
24.859338193993608,8.4,3.39456,2.08
24.913484196993522,8.48,3.474432,2.08
24.969113598999684,8.36,3.354624,2.08
25.02327582599537,8.44,3.39456,2.08
25.078540226997575,8.44,3.434496,2.08
25.132726613999694,8.36,3.354624,2.08
25.186872936996224,8.48,3.434496,2.08
25.241078972998366,8.4,3.39456,2.08
25.295673370994336,8.36,3.354624,2.08
25.349829005994252,8.44,3.434496,2.08
25.404040866000287,8.32,3.354624,2.08
25.45819870899868,8.4,3.39456,2.08
25.512353319994872,8.44,3.434496,2.08
25.566499193999334,8.32,3.354624,2.08
25.62184775700007,8.44,3.434496,2.08
25.676029376998486,8.4,3.434496,2.08
25.73062521499378,8.36,3.39456,2.08
25.784809106997272,8.48,3.474432,2.08
25.839522548994864,8.36,3.39456,2.08
25.893738152997685,8.4,3.39456,2.08
25.948075041000266,8.48,3.434496,2.08
26.002410327993857,8.36,3.354624,2.08
26.056567338993773,8.44,3.39456,2.08
26.110709148997557,8.44,3.434496,2.08
26.16483575899474,8.36,3.354624,2.08
26.219277418000274,8.48,3.434496,2.08
26.273505726996518,8.36,3.39456,2.08
26.327729842996632,8.4,3.354624,2.08
26.381906917995366,8.48,3.434496,2.08
26.436106745997677,8.32,3.354624,2.08
26.4903660639975,8.44,3.39456,2.08
26.544665478999377,8.44,3.434496,2.08
26.598887834996276,8.32,3.354624,2.08
26.653034253999067,8.48,3.434496,2.08
26.707172607995744,8.36,3.39456,2.08
26.761374931993487,8.4,3.39456,2.08
26.81555725499493,8.48,3.474432,2.08
26.869907518994296,8.32,3.39456,2.08
26.924144083997817,8.44,3.434496,2.08
26.97833591199742,8.44,3.434496,2.08
27.032486714997503,8.36,3.354624,2.08
27.086676141996577,8.48,3.434496,2.08
27.140836640995985,8.4,3.39456,2.08
27.1949918600003,8.4,3.39456,2.08
27.24910970199562,8.48,3.434496,2.08
27.30345612599922,8.36,3.354624,2.08
27.35760535999725,8.44,3.39456,2.08
27.411736226000357,8.44,3.434496,2.08
27.465848467996693,8.32,3.354624,2.08
27.520313134999014,8.48,3.434496,2.08
27.5745069149998,8.36,3.39456,2.08
27.62869646999752,8.36,3.354624,2.08
27.682830280995404,8.44,3.434496,2.08
27.73705817299924,8.32,3.39456,2.08
27.791201807995094,8.4,3.39456,2.08
27.845298784995975,8.44,3.434496,2.08
27.89951973300049,8.32,3.354624,2.08
27.95369754499552,8.48,3.434496,2.08
28.00792447699496,8.4,3.434496,2.08
28.06205534399487,8.4,3.39456,2.08
28.116187521998654,8.48,3.434496,2.08
28.170409973994538,8.36,3.39456,2.08
28.224765005994414,8.44,3.39456,2.08
28.27892048099602,8.44,3.434496,2.08
28.33304977899388,8.36,3.354624,2.08
28.387467788998038,8.48,3.434496,2.08
28.441699233997497,8.4,3.39456,2.08
28.49586994099809,8.36,3.354624,2.08
28.550045607997163,8.48,3.434496,2.08
28.604325021995464,8.32,3.39456,2.08
28.6585678909978,8.4,3.39456,2.08
28.712724613993487,8.44,3.434496,2.08
28.766945530995145,8.32,3.354624,2.08
28.82112241399591,8.44,3.434496,2.08
28.87541779699677,8.4,3.434496,2.08
28.929660633999447,8.36,3.39456,2.08
28.98380509999697,8.48,3.474432,2.08
29.038098466997326,8.36,3.39456,2.08
29.09238840899343,8.4,3.39456,2.08
29.14658983699337,8.44,3.474432,2.08
29.20073401499394,8.32,3.354624,2.08
29.254910546995234,8.48,3.434496,2.08
29.309232041996438,8.4,3.434496,2.08
29.363515519995417,8.36,3.354624,2.08
29.417798741997103,8.48,3.434496,2.08
29.472066827998788,8.4,3.39456,2.08
29.526231678995828,8.44,3.39456,2.08
29.58051454899396,8.48,3.434496,2.08
29.634653447996243,8.32,3.354624,2.08
29.68883660299616,8.44,3.39456,2.08
29.74297847699927,8.4,3.39456,2.08
29.797140639995632,8.36,3.354624,2.08
29.85135720499966,8.48,3.434496,2.08
29.90583876799792,8.36,3.39456,2.08
29.960141734998615,8.4,3.39456,2.08
0.0007513479940826073,8.16,3.274752,2.04
0.055108396998548415,8.32,3.354624,2.08
0.11063833999651251,8.28,3.354624,2.08
0.16484434399899328,8.24,3.314688,2.04
0.21915934299613582,8.36,3.39456,2.08
0.27336358799948357,8.28,3.354624,2.08
0.3275484069963568,8.32,3.354624,2.08
0.3817087139977957,8.4,3.434496,2.08
0.436827767000068,8.28,3.354624,2.08
0.4910836279959767,8.36,3.39456,2.08
0.5454192039978807,8.4,3.434496,2.08
0.5996840890002204,8.28,3.354624,2.08
0.6540005930000916,8.44,3.434496,2.08
0.7081478429972776,8.36,3.39456,2.08
0.7623085979939788,8.36,3.354624,2.08
0.8164604249977856,8.48,3.434496,2.08
0.8709915569997975,8.36,3.354624,2.08
0.9252441869975883,8.44,3.39456,2.08
0.9794045259986888,8.44,3.434496,2.08
1.0357220429941663,8.32,3.354624,2.08
1.0901559249978163,8.44,3.39456,2.08
1.144378154000151,8.4,3.434496,2.08
1.1986042539938353,8.36,3.354624,2.08
1.253066808996664,8.48,3.434496,2.08
1.3072482049974496,8.36,3.39456,2.08
1.3614792649968877,8.4,3.39456,2.08
1.4156065469942405,8.44,3.434496,2.08
1.4697533500002464,8.32,3.354624,2.08
1.5239154809969477,8.4,3.434496,2.08
1.5781084609989193,8.4,3.434496,2.08
1.6322633589952602,8.32,3.354624,2.08
1.6864258739951765,8.48,3.434496,2.08
1.7407541219945415,8.36,3.39456,2.08
1.794897243999003,8.4,3.39456,2.08
1.8490177739950013,8.48,3.434496,2.08
1.9031861449984717,8.36,3.354624,2.08
1.9573584199970355,8.44,3.39456,2.08
2.0114873019992956,8.44,3.434496,2.08
2.0656332729995484,8.36,3.354624,2.08
2.1197930999987875,8.48,3.434496,2.08
2.1738925089957775,8.36,3.39456,2.08
2.2281201139994664,8.4,3.39456,2.08
2.2822369309942587,8.44,3.434496,2.08
2.3364887930001714,8.32,3.354624,2.08
2.39085348899971,8.44,3.39456,2.08
2.4449960669953725,8.4,3.434496,2.08
2.4991548379985034,8.32,3.354624,2.08
2.5533872109954245,8.48,3.434496,2.08
2.607854565998423,8.36,3.434496,2.08
2.6620230650005396,8.36,3.39456,2.08
2.7161391469999216,8.48,3.474432,2.08
2.7702972459956072,8.32,3.39456,2.08
2.8244651689965394,8.44,3.39456,2.08
2.8786818929947913,8.44,3.434496,2.08
2.932832120000967,8.36,3.354624,2.08
2.9873251399985747,8.48,3.434496,2.08
3.0415225999968243,8.4,3.39456,2.08
3.0957846050005173,8.4,3.39456,2.08
3.149964912998257,8.48,3.434496,2.08
3.204379049995623,8.36,3.354624,2.08
3.2585485739982687,8.44,3.39456,2.08
3.3126968479991774,8.44,3.434496,2.08
3.3668801639942103,8.32,3.354624,2.08
3.4215018269969733,8.48,3.434496,2.08
3.475665845995536,8.4,3.434496,2.08
3.5298590499951388,8.36,3.39456,2.08
3.5840695339938975,8.48,3.434496,2.08
3.6382664819975616,8.32,3.39456,2.08
3.692544231998909,8.4,3.39456,2.08
3.74675250799919,8.44,3.474432,2.08
3.8009619359945646,8.32,3.354624,2.08
3.8552633029976278,8.44,3.434496,2.08
3.909526556999481,8.4,3.434496,2.08
3.963812242996937,8.36,3.39456,2.08
4.018078888999298,8.48,3.434496,2.08
4.072361598999123,8.36,3.39456,2.08
4.126557778996357,8.44,3.39456,2.08
4.180697284995404,8.48,3.434496,2.08
4.234864951999043,8.32,3.354624,2.08
4.2890520119981375,8.44,3.434496,2.08
4.343213022999407,8.4,3.434496,2.08
4.397388785997464,8.36,3.354624,2.08
4.451575556995522,8.48,3.434496,2.08
4.505736855993746,8.36,3.39456,2.08
4.559959884994896,8.4,3.39456,2.08
4.61411596799735,8.44,3.434496,2.08
4.6682512819970725,8.32,3.354624,2.08
4.722438213000714,8.44,3.434496,2.08
4.776583895996737,8.4,3.434496,2.08
4.830743562997668,8.36,3.39456,2.08
4.885071713993966,8.48,3.474432,2.08
4.939317623000534,8.36,3.39456,2.08
4.993549995997455,8.4,3.39456,2.08
5.047795104997931,8.48,3.434496,2.08
5.102002870000433,8.36,3.354624,2.08
5.156212009998853,8.48,3.39456,2.08
5.2103706209964,8.44,3.434496,2.08
5.264545391997672,8.36,3.354624,2.08
5.318684641999425,8.48,3.434496,2.08
5.373118395997153,8.36,3.39456,2.08
5.427406258997507,8.4,3.39456,2.08
5.48172448999685,8.44,3.434496,2.08
5.535942301998148,8.32,3.354624,2.08
5.590085329000431,8.44,3.39456,2.08
5.644265732000349,8.4,3.434496,2.08
5.6985257220003405,8.32,3.354624,2.08
5.752659947997017,8.48,3.434496,2.08
5.806797277997248,8.36,3.39456,2.08
5.8609444969988544,8.4,3.39456,2.08
5.915108323999448,8.44,3.474432,2.08
5.9692786789964885,8.32,3.354624,2.08
6.023488490995078,8.44,3.434496,2.08
6.077659133996349,8.44,3.434496,2.08
6.131868817996292,8.36,3.354624,2.08
6.186092263000319,8.48,3.434496,2.08
6.240580290999787,8.4,3.39456,2.08
6.294867288997921,8.4,3.39456,2.08
6.349072396995325,8.48,3.434496,2.08
6.40328688199952,8.32,3.354624,2.08
6.457526550999319,8.44,3.39456,2.08
6.511908750995644,8.44,3.434496,2.08
6.566103458993894,8.32,3.354624,2.08
6.620258293994993,8.48,3.434496,2.08
6.674423017000663,8.36,3.39456,2.08
6.728590011996857,8.36,3.39456,2.08
6.782772526996268,8.48,3.474432,2.08
6.836943682996207,8.32,3.39456,2.08
6.891186328000913,8.44,3.434496,2.08
6.945499182998901,8.44,3.434496,2.08
6.999723010994785,8.36,3.354624,2.08
7.053968440995959,8.48,3.434496,2.08
7.108133835994522,8.4,3.39456,2.08
7.1623376319985255,8.4,3.39456,2.08
7.2165154429967515,8.48,3.434496,2.08
7.270639652997488,8.36,3.354624,2.08
7.324794903994189,8.44,3.39456,2.08
7.3788957849974395,8.44,3.434496,2.08
7.4330614040009095,8.32,3.354624,2.08
7.487202926000464,8.48,3.434496,2.08
7.5413458889961476,8.36,3.39456,2.08
7.59548277099384,8.36,3.354624,2.08
7.649598244999652,8.44,3.434496,2.08
7.703707765998843,8.32,3.354624,2.08
7.757869352994021,8.4,3.39456,2.08
7.812618347998068,8.4,3.434496,2.08
7.866899041997385,8.32,3.354624,2.08
7.92176243999711,8.44,3.434496,2.08
7.975890490000893,8.36,3.434496,2.08
8.030145967000863,8.36,3.39456,2.08
8.084455845993944,8.48,3.434496,2.08
8.138746044998697,8.36,3.39456,2.08
8.193158453999786,8.4,3.39456,2.08
8.247761396996793,8.48,3.434496,2.08
8.302016522000486,8.32,3.354624,2.08
8.35614921299566,8.44,3.39456,2.08
8.410293358996569,8.4,3.39456,2.08
8.464414400994428,8.36,3.354624,2.08
8.51855224299652,8.48,3.434496,2.08
8.572703557998466,8.36,3.354624,2.08
8.626937946995895,8.4,3.39456,2.08
8.681084525000188,8.44,3.434496,2.08
8.735224831994856,8.32,3.354624,2.08
8.789415602994268,8.44,3.39456,2.08
8.843556421998073,8.4,3.434496,2.08
8.897702775997459,8.32,3.354624,2.08
8.951922348998778,8.44,3.434496,2.08
9.006120831996668,8.32,3.39456,2.08
9.06030392399407,8.4,3.39456,2.08
9.114535208995221,8.44,3.434496,2.08
9.1687032599948,8.32,3.354624,2.04
9.222887982999964,8.44,3.434496,2.08
9.277014752995456,8.4,3.434496,2.04
9.331168275995879,8.32,3.354624,2.04
9.385285381998983,8.44,3.434496,2.04
9.439398614995298,8.32,3.354624,2.04
9.49356916299439,8.36,3.39456,2.04
9.547705692995805,8.4,3.434496,2.04
9.601893904000462,8.28,3.354624,2.04
9.656026882999868,8.36,3.39456,2.04
9.71012270799838,8.32,3.39456,2.04
9.764249701998779,8.28,3.354624,2.0
9.818361942998308,8.4,3.434496,2.04
9.872597643996414,8.32,3.39456,2.04
9.926906306995079,8.36,3.39456,2.0
9.981061557999055,8.4,3.474432,2.04
10.035302154996316,8.28,3.39456,2.0
10.089453501997923,8.4,3.434496,2.04
10.143732659998932,8.36,3.434496,2.04
10.19789424699411,8.32,3.39456,2.0
10.252049784998235,8.44,3.434496,2.04
10.306407505995594,8.32,3.39456,2.0
10.360630245995708,8.36,3.39456,2.0
10.414815833995817,8.4,3.434496,2.04
10.468994284994551,8.28,3.354624,2.0
10.523169439999037,8.4,3.39456,2.0
10.577375251996273,8.36,3.434496,2.0
10.631546631993842,8.28,3.354624,2.0
10.68593872099882,8.4,3.434496,2.04
10.740404731994204,8.28,3.39456,2.0
10.794558094996319,8.32,3.39456,2.0
10.848701696995704,8.4,3.434496,2.04
10.90282088299864,8.24,3.354624,2.0
10.956984741998895,8.36,3.39456,2.0
11.011212377998163,8.32,3.434496,2.0
11.065394829995057,8.28,3.354624,2.0
11.119761445996119,8.4,3.434496,2.04
11.174054140996304,8.28,3.39456,2.0
11.228261584998108,8.32,3.39456,2.0
11.282426115998533,8.4,3.434496,2.04
11.336654136997822,8.28,3.354624,2.0
11.390823723995709,8.36,3.39456,2.0
11.444946045994584,8.36,3.434496,2.0
11.499116913000762,8.28,3.354624,2.0
11.553264930997102,8.4,3.434496,2.04
11.6080624709939,8.32,3.39456,2.0
11.662241114994686,8.32,3.354624,2.0
11.71656494600029,8.4,3.434496,2.04
11.7709539629941,8.28,3.354624,2.0
11.825153470999794,8.32,3.39456,2.0
11.879379859994515,8.36,3.434496,2.0
11.93359514400072,8.24,3.354624,2.0
11.987742330995388,8.36,3.434496,2.0
12.042010769000626,8.32,3.39456,2.0
12.096196419995977,8.28,3.354624,2.0
12.15034543100046,8.4,3.434496,2.04
12.204982901996118,8.28,3.39456,2.0
12.259221994994732,8.32,3.39456,2.0
12.31435352799599,8.4,3.474432,2.04
12.36872644899995,8.28,3.354624,2.0
12.423285646997101,8.36,3.39456,2.0
12.477648998996301,8.36,3.434496,2.0
12.532615087999147,8.28,3.354624,2.0
12.587833598998259,8.4,3.434496,2.0
12.642203191993758,8.32,3.39456,2.0
12.696589904997381,8.28,3.354624,2.0
12.75081302900071,8.4,3.434496,2.04
12.804996504994051,8.28,3.354624,2.0
12.85920314899704,8.32,3.39456,2.0
12.913347743000486,8.36,3.434496,2.04
12.967814169998746,8.24,3.354624,2.0
13.022044430996175,8.36,3.434496,2.0
13.076146335995873,8.32,3.434496,2.0
13.130308754996804,8.28,3.39456,2.0
13.184470821994182,8.4,3.474432,2.04
13.238675353997678,8.28,3.39456,2.0
13.292875693994574,8.32,3.39456,2.0
13.347020960994996,8.4,3.474432,2.04
13.401166482995905,8.28,3.354624,2.0
13.455392071999086,8.4,3.434496,2.0
13.509534713994071,8.36,3.434496,2.0
13.563786575999984,8.32,3.354624,2.0
13.618076293998456,8.44,3.434496,2.04
13.672596514996258,8.32,3.39456,2.0
13.726783893995162,8.36,3.39456,2.0
13.780967753998993,8.4,3.434496,2.04
13.83516466999572,8.28,3.354624,2.0
13.889336304993776,8.4,3.434496,2.0
13.943466179000097,8.36,3.434496,2.0
13.997752985000261,8.28,3.354624,2.0
14.051983022000059,8.4,3.434496,2.04
14.106624781998107,8.28,3.39456,2.0
14.160830465996696,8.32,3.39456,2.0
14.215026325997314,8.4,3.474432,2.04
14.269278250998468,8.28,3.39456,2.0
14.32391594699584,8.36,3.434496,2.0
14.378064380995056,8.36,3.434496,2.0
14.432211119994463,8.28,3.354624,2.0
14.486393667000812,8.44,3.434496,2.04
14.540532469996833,8.32,3.39456,2.0
14.595419003999268,8.32,3.39456,2.0
14.649575054994784,8.44,3.434496,2.04
14.703936934995,8.28,3.354624,2.0
14.758093305994407,8.36,3.39456,2.0
14.812667703998159,8.36,3.434496,2.04
14.86706392099586,8.28,3.354624,2.0
14.922122907999437,8.4,3.434496,2.0
14.976442003993725,8.32,3.39456,2.0
15.030685544996231,8.28,3.354624,2.0
15.084831866995955,8.4,3.434496,2.04
15.138965548998385,8.28,3.39456,2.0
15.193349989996932,8.32,3.39456,2.0
15.24787798699981,8.4,3.474432,2.04
15.302210682995792,8.28,3.39456,2.0
15.356550257994968,8.36,3.434496,2.0
15.410706436996406,8.36,3.434496,2.0
15.466331231000368,8.28,3.354624,2.0
15.520515666998108,8.4,3.434496,2.04
15.57500356699893,8.32,3.434496,2.0
15.630918768998527,8.32,3.354624,2.0
15.685100388000137,8.44,3.434496,2.04
15.739256950997515,8.32,3.39456,2.0
15.793841972998052,8.32,3.354624,2.0
15.850311270995007,8.4,3.434496,2.04
15.905293807998532,8.28,3.354624,2.0
15.959803723999357,8.32,3.39456,2.0
16.01462830499804,8.4,3.434496,2.04
16.068992009000794,8.28,3.354624,2.0
16.12369725899771,8.36,3.434496,2.0
16.17810377999558,8.36,3.434496,2.04
16.23400650199619,8.28,3.354624,2.0
16.28874909699516,8.4,3.434496,2.0
16.343061630999728,8.36,3.474432,2.0
16.399367435995373,8.28,3.39456,2.0
16.453971434995765,8.4,3.434496,2.0
16.509244219996617,8.32,3.434496,2.0
16.563420815000427,8.32,3.39456,2.0
16.618981767998775,8.44,3.434496,2.04
16.674100659998658,8.32,3.39456,2.0
16.728454348995,8.36,3.39456,2.0
16.78319681499852,8.44,3.434496,2.04
16.838525761995697,8.32,3.39456,2.0
16.89278127099533,8.36,3.39456,2.0
16.94695220200083,8.4,3.434496,2.04
17.0026824710003,8.28,3.354624,2.0
17.05684511399886,8.36,3.434496,2.0
17.111115151994454,8.36,3.434496,2.0
17.166019990996574,8.28,3.354624,2.0
17.220672758994624,8.4,3.434496,2.04
17.27517406699917,8.32,3.434496,2.0
17.330319136999606,8.28,3.39456,2.0
17.38468738499796,8.4,3.474432,2.04
17.4388764289979,8.28,3.39456,2.0
17.493062784000358,8.32,3.39456,2.0
17.547209491000103,8.4,3.474432,2.04
17.601464295999904,8.28,3.354624,2.0
17.65570771000057,8.4,3.434496,2.0
17.709866319994035,8.36,3.434496,2.0
17.76402083499852,8.32,3.354624,2.0
17.818124979996355,8.44,3.434496,2.04
17.87227536700084,8.32,3.39456,2.0
17.926390552995144,8.36,3.39456,2.0
17.98054317900096,8.4,3.434496,2.04
18.034752959996695,8.24,3.354624,2.0
18.088986643997487,8.4,3.39456,2.0
18.143141287000617,8.32,3.434496,2.0
18.19730021799478,8.28,3.354624,2.0
18.251441291999072,8.4,3.434496,2.04
18.30572601899621,8.28,3.39456,2.0
18.360120059995097,8.32,3.39456,2.0
18.414299566997215,8.36,3.474432,2.04
18.468513155996334,8.28,3.39456,2.0
18.522868571999425,8.36,3.434496,2.0
18.577101905000745,8.36,3.434496,2.0
18.63131219699426,8.28,3.354624,2.0
18.68549016799807,8.4,3.434496,2.04
18.739664107000863,8.32,3.39456,2.0
18.793859134995728,8.36,3.39456,2.0
18.848062290999223,8.4,3.434496,2.04
18.902267558994936,8.28,3.354624,2.0
18.956561501996475,8.4,3.39456,2.0
19.01074779299961,8.36,3.434496,2.0
19.06491126799665,8.28,3.354624,2.0
19.119061238998256,8.4,3.434496,2.04
19.17336142199929,8.32,3.39456,2.0
19.227844745000766,8.32,3.39456,2.0
19.282008219997806,8.4,3.434496,2.04
19.336360051995143,8.28,3.354624,2.0
19.390668234998884,8.36,3.434496,2.0
19.44484054199711,8.36,3.434496,2.04
19.499584256998787,8.28,3.354624,2.0
19.55397842599632,8.4,3.434496,2.04
19.608164589997614,8.32,3.434496,2.0
19.66232848099753,8.32,3.39456,2.0
19.716495123997447,8.4,3.434496,2.04
19.77076679399761,8.28,3.39456,2.0
19.825274821996572,8.36,3.39456,2.0
19.879609885996615,8.4,3.434496,2.04
19.934160762997635,8.28,3.354624,2.0
19.99018425599934,8.4,3.39456,2.0
20.04448159099411,8.36,3.434496,2.0
20.09927020199393,8.28,3.354624,2.0
20.153895449999254,8.4,3.434496,2.04
20.208448343000782,8.32,3.39456,2.0
20.262945394999406,8.32,3.354624,2.0
20.317463663996023,8.4,3.434496,2.04
20.373244973998226,8.28,3.39456,2.0
20.427415521000512,8.32,3.39456,2.0
20.481557396000426,8.4,3.474432,2.04
20.535913643994718,8.28,3.39456,2.0
20.590409447999264,8.36,3.434496,2.0
20.64461893999396,8.36,3.434496,2.0
20.698781230996246,8.28,3.39456,2.0
20.753029763996892,8.4,3.434496,2.04
20.80720226399717,8.32,3.39456,2.0
20.861362922994886,8.32,3.39456,2.0
20.915562557995145,8.4,3.434496,2.04
20.969853620998038,8.28,3.354624,2.0
21.024075752997305,8.36,3.39456,2.0
21.07825900500029,8.36,3.434496,2.0
21.132430799996655,8.28,3.354624,2.0
21.186605922994204,8.4,3.434496,2.04
21.24074830999598,8.32,3.39456,2.0
21.294930216994544,8.32,3.39456,2.0
21.349194334994536,8.4,3.434496,2.04
21.403559574995597,8.28,3.354624,2.0
21.457751050998922,8.36,3.39456,2.0
21.511921053999686,8.36,3.434496,2.0
21.566064400998584,8.28,3.354624,2.0
21.620273988999543,8.4,3.434496,2.04
21.674381845994503,8.32,3.434496,2.0
21.728538760995434,8.32,3.39456,2.0
21.782659163000062,8.4,3.474432,2.04
21.83701118699537,8.28,3.39456,2.0
21.891197671000555,8.36,3.39456,2.0
21.945330552996893,8.36,3.434496,2.04
21.999465674998646,8.28,3.354624,2.0
22.053819618995476,8.44,3.434496,2.04
22.107979189997423,8.32,3.39456,2.0
22.162115687999176,8.32,3.354624,2.0
22.21624738600076,8.4,3.434496,2.04
22.270389261000673,8.28,3.354624,2.0
22.3245601919989,8.36,3.39456,2.0
22.378689873999974,8.36,3.434496,2.0
22.43293952699605,8.28,3.354624,2.0
22.487117594995652,8.4,3.434496,2.04
22.541303117999632,8.32,3.39456,2.0
22.595550562997232,8.32,3.39456,2.0
22.649698613997316,8.4,3.434496,2.04
22.7038449679967,8.28,3.39456,2.0
22.75799586699577,8.36,3.434496,2.0
22.812155597996025,8.36,3.434496,2.0
22.86641149099887,8.28,3.354624,2.0
22.92058197499864,8.4,3.434496,2.04
22.974736200994812,8.32,3.39456,2.0
23.028977374000533,8.32,3.39456,2.0
23.083143856994866,8.4,3.434496,2.04
23.137355365994154,8.28,3.354624,2.0
23.191531672993733,8.36,3.39456,2.0
23.245712427997205,8.36,3.434496,2.0
23.299883167994267,8.28,3.354624,2.0
23.354054098999768,8.4,3.434496,2.04
23.408200420999492,8.32,3.39456,2.0
23.46242946599523,8.32,3.354624,2.0
23.516676014995028,8.4,3.434496,2.04
23.570897763995163,8.28,3.39456,2.0
23.62507247099711,8.36,3.39456,2.0
23.67921722599567,8.36,3.434496,2.04
23.73337973999878,8.28,3.354624,2.0
23.787913880994893,8.4,3.434496,2.04
23.84210471699771,8.32,3.434496,2.0
23.8964573810008,8.32,3.39456,2.0
23.950565718994767,8.4,3.474432,2.04
24.00468243999785,8.28,3.39456,2.0
24.05881257099827,8.36,3.39456,2.0
24.11293645999831,8.4,3.434496,2.04
24.167043677996844,8.28,3.354624,2.0
24.2212070569949,8.44,3.434496,2.04
24.27530560199375,8.36,3.39456,2.0
24.329411571998207,8.32,3.354624,2.0
24.3835312049996,8.4,3.434496,2.04
24.43764040699898,8.28,3.354624,2.0
24.4918481709974,8.36,3.39456,2.0
24.54601074999664,8.36,3.434496,2.04
24.60020369799895,8.28,3.354624,2.0
24.65450163999776,8.4,3.434496,2.04
24.708799102998455,8.32,3.39456,2.0
24.76293217700004,8.32,3.39456,2.0
24.817028609999397,8.4,3.434496,2.04
24.871357049996732,8.28,3.39456,2.0
24.92554410899902,8.36,3.39456,2.0
24.979686719998426,8.36,3.434496,2.04
25.033845681995444,8.28,3.354624,2.0
25.087971588000073,8.4,3.434496,2.04
25.14207288599573,8.32,3.39456,2.0
25.196227271997486,8.32,3.354624,2.0
25.250314616998367,8.44,3.434496,2.04
25.30441085899656,8.28,3.354624,2.0
25.35854313299933,8.36,3.39456,2.0
25.41295461399568,8.36,3.434496,2.04
25.46708557599777,8.28,3.354624,2.0
25.521339070000977,8.4,3.434496,2.04
25.575543314000242,8.32,3.39456,2.0
25.629673475996242,8.32,3.354624,2.0
25.683802870000363,8.4,3.434496,2.04
25.738022922996606,8.28,3.354624,2.0
25.792294111997762,8.36,3.39456,2.0
25.846455218998017,8.36,3.434496,2.04
25.900614373997087,8.28,3.354624,2.0
25.95520762099477,8.4,3.434496,2.04
26.00944044199423,8.36,3.434496,2.0
26.063778256997466,8.32,3.39456,2.0
26.118198346994177,8.44,3.474432,2.04
26.172460608999245,8.32,3.39456,2.0
26.226610290999815,8.36,3.39456,2.0
26.280782982998062,8.4,3.434496,2.04
26.334935640996264,8.28,3.354624,2.0
26.389194543000485,8.4,3.434496,2.04
26.443328672998177,8.36,3.434496,2.0
26.49756770199747,8.32,3.354624,2.0
26.551897004996135,8.44,3.434496,2.04
26.606067680993874,8.32,3.39456,2.0
26.660469433998514,8.36,3.39456,2.0
26.715054231994145,8.4,3.434496,2.04
26.769202826995752,8.28,3.354624,2.0
26.823370141995838,8.36,3.434496,2.0
26.87772101399605,8.36,3.434496,2.0
26.931890472995292,8.28,3.354624,2.0
26.986393476996454,8.4,3.474432,2.04
27.04060856999422,8.32,3.39456,2.0
27.094809805996192,8.32,3.39456,2.0
27.1489320949986,8.4,3.434496,2.04
27.203117170996848,8.28,3.354624,2.0
27.257275653995748,8.4,3.39456,2.0
27.311449208995327,8.36,3.434496,2.0
27.36562215599406,8.28,3.354624,2.0
27.419806527999754,8.44,3.434496,2.04
27.47393067399389,8.32,3.39456,2.0
27.5281208699962,8.32,3.39456,2.0
27.582367322997015,8.4,3.434496,2.04
27.636568014997465,8.28,3.354624,2.0
27.690688704999047,8.36,3.39456,2.0
27.744838770995557,8.36,3.434496,2.04
27.799012550000043,8.28,3.354624,2.0
27.8532010179988,8.4,3.434496,2.04
27.90743524699792,8.32,3.39456,2.0
27.961686179995013,8.32,3.39456,2.0
28.016989301999274,8.4,3.434496,2.04
28.07184828399477,8.28,3.39456,2.0
28.127196910994826,8.36,3.39456,2.0
28.181336960995395,8.4,3.434496,2.04
28.236477613994794,8.28,3.354624,2.0
28.290645568995387,8.4,3.39456,2.0
28.344774578996294,8.4,3.434496,2.0
28.398910502000945,8.28,3.354624,2.0
28.45385639799497,8.44,3.434496,2.04
28.508001151996723,8.36,3.39456,2.0
28.562897350995627,8.32,3.354624,2.0
28.61717276499985,8.44,3.434496,2.04
28.672621489997255,8.32,3.39456,2.0
28.728307949997543,8.32,3.39456,2.0
28.78260477299773,8.4,3.434496,2.04
28.83854995999718,8.32,3.39456,2.0
28.894111008994514,8.32,3.39456,2.0
28.94841736699891,8.4,3.474432,2.04
29.002927636000095,8.28,3.39456,2.0
29.05812476999563,8.36,3.434496,2.0
29.112387639994267,8.4,3.474432,2.04
29.168293209993863,8.28,3.354624,2.0
29.22258936099388,8.4,3.434496,2.0
29.277002217997506,8.36,3.434496,2.0
29.331179069995414,8.32,3.354624,2.0
29.385352432997024,8.44,3.434496,2.04
29.439518020000833,8.32,3.39456,2.0
29.493672086995502,8.36,3.39456,2.0
29.54786228199373,8.4,3.434496,2.04
29.602163936993747,8.28,3.354624,2.0
29.656375188998936,8.4,3.39456,2.0
29.71061495399772,8.36,3.434496,2.04
29.764793789996475,8.28,3.354624,2.0
29.81900692999625,8.4,3.434496,2.04
29.873166468998534,8.28,3.39456,2.0
29.927354968000145,8.32,3.39456,2.0
29.981497898996167,8.4,3.434496,2.04
0.00136390799889341,3.195392,0.484608,1.092096
0.05580486300459597,3.195392,0.484608,1.092096
0.109874703004607,3.190336,0.484608,1.092096
0.1640037770048366,3.190336,0.484608,1.092096
0.2181579719981528,3.190336,0.484608,1.092096
0.2722863419985515,3.190336,0.484608,1.051648
0.3264060720030102,3.190336,0.484608,1.051648
0.38053700199816376,3.190336,0.484608,1.051648
0.4346419470020919,3.190336,0.484608,1.051648
0.4892175929999212,3.190336,0.484608,1.051648
0.5434339979983633,3.190336,0.484608,1.051648
0.5975683840006241,3.190336,0.484608,1.051648
0.6519532090023858,3.190336,0.484608,1.051648
0.7061474689980969,3.190336,0.484608,1.051648
0.7603144320019055,3.190336,0.484608,1.051648
0.8144252330021118,3.190336,0.484608,1.051648
0.8685444510047091,3.190336,0.484608,1.051648
0.9226484050013823,3.149952,0.484608,1.051648
0.9768063110022922,3.149952,0.484608,1.051648
1.030950202002714,3.190336,0.484608,1.051648
1.086105544003658,3.190336,0.484608,1.051648
1.140541601998848,3.190336,0.484608,1.051648
1.1951662409992423,3.190336,0.484608,1.051648
1.2496825260022888,3.190336,0.484608,1.051648
1.3045707880010013,3.149952,0.484608,1.051648
1.3601819180039456,3.149952,0.484608,1.051648
1.4150737970048795,3.149952,0.484608,1.051648
1.4724144770007115,3.149952,0.484608,1.051648
1.5265930250025121,3.149952,0.484608,1.051648
1.5818901620004908,3.149952,0.484608,1.051648
1.6360555569990538,3.149952,0.484608,1.051648
1.6903207630020916,3.149952,0.484608,1.051648
1.7445069270033855,3.149952,0.484608,1.051648
1.7987400670026545,3.149952,0.484608,1.051648
1.856033962998481,3.149952,0.484608,1.051648
1.910208926004998,3.149952,0.484608,1.051648
1.9675124540008255,3.149952,0.484608,1.051648
2.0216865530019277,3.149952,0.484608,1.051648
2.0766538250027224,3.190336,0.484608,1.051648
2.1308457810009713,3.149952,0.484608,1.051648
2.1861762960033957,3.149952,0.484608,1.051648
2.240295032999711,3.149952,0.484608,1.051648
2.2944038510031532,3.149952,0.484608,1.051648
2.348526909001521,3.149952,0.484608,1.051648
2.4026336780007114,3.149952,0.484608,1.051648
2.4567682560009416,3.149952,0.484608,1.051648
2.5108982590027153,3.149952,0.484608,1.051648
2.5650970300048357,3.149952,0.484608,1.051648
2.6192683780027437,3.149952,0.484608,1.051648
2.6733861550019355,3.149952,0.484608,1.051648
2.7276526729983743,3.149952,0.484608,1.051648
2.781797171999642,3.149952,0.484608,1.051648
2.836010504004662,3.149952,0.484608,1.051648
2.89019433100475,3.149952,0.484608,1.051648
2.9443362380043254,3.149952,0.484608,1.051648
2.9985268500022357,3.149952,0.484608,1.051648
3.052661652000097,3.149952,0.484608,1.051648
3.1068258630039054,3.149952,0.484608,1.051648
3.1610334670040174,3.149952,0.484608,1.051648
3.215202669998689,3.149952,0.484608,1.051648
3.269356417004019,3.154944,0.484608,1.051648
3.3235116040013963,3.154944,0.484608,1.051648
3.377626213004987,3.149952,0.484608,1.051648
3.4317591590006487,3.149952,0.484608,1.051648
3.4858905369983404,3.149952,0.484608,1.051648
3.540130205998139,3.149952,0.484608,1.051648
3.5942595369997434,3.154944,0.484608,1.051648
3.648380482001812,3.154944,0.484608,1.051648
3.7025622939981986,3.154944,0.484608,1.051648
3.7570312489988282,3.149952,0.484608,1.051648
3.8112080360006075,3.149952,0.484608,1.051648
3.8653215900048963,3.149952,0.484608,1.051648
3.919469480999396,3.149952,0.484608,1.051648
3.9735893699980807,3.149952,0.484608,1.051648
4.027815023000585,3.149952,0.484608,1.051648
4.081983522002702,3.149952,0.484608,1.051648
4.13615266099805,3.154944,0.484608,1.051648
4.190688690003299,3.149952,0.484608,1.051648
4.244846788998984,3.149952,0.484608,1.051648
4.299039864999941,3.149952,0.484608,1.051648
4.353173962997971,3.149952,0.484608,1.051648
4.40729321300023,3.149952,0.484608,1.051648
4.4614209110004595,3.149952,0.484608,1.051648
4.5156264350007405,3.149952,0.484608,1.051648
4.56980430999829,3.149952,0.484608,1.051648
4.623912328002916,3.149952,0.484608,1.051648
4.678020441002445,3.149952,0.484608,1.051648
4.732394194004883,3.149952,0.484608,1.051648
4.786636903001636,3.149952,0.484608,1.051648
4.840873596003803,3.149952,0.484608,1.051648
4.89515704200312,3.149952,0.484608,1.051648
4.949269955999625,3.149952,0.484608,1.051648
5.003389974001038,3.149952,0.484608,1.051648
5.057540712004993,3.154944,0.484608,1.051648
5.111661306000315,3.154944,0.484608,1.051648
5.165800811999361,3.154944,0.484608,1.051648
5.220329257004778,3.149952,0.484608,1.051648
5.274480603999109,3.149952,0.484608,1.051648
5.328628174000187,3.149952,0.484608,1.051648
5.382855554998969,3.149952,0.484608,1.051648
5.436986613000045,3.149952,0.484608,1.051648
5.491136935997929,3.149952,0.484608,1.051648
5.545819593004126,3.149952,0.484608,1.051648
5.599940027001139,3.154944,0.484608,1.051648
5.65408647699951,3.149952,0.484608,1.051648
5.708225023001432,3.149952,0.484608,1.051648
5.762520566000603,3.149952,0.484608,1.051648
5.816674248999334,3.149952,0.484608,1.051648
5.870881373004522,3.149952,0.484608,1.051648
5.925015599001199,3.149952,0.484608,1.051648
5.979139521004981,3.154944,0.484608,1.051648
6.03326005100098,3.154944,0.484608,1.051648
6.087817936000647,3.149952,0.484608,1.051648
6.141942337999353,3.149952,0.484608,1.051648
6.196077268999943,3.149952,0.484608,1.051648
6.250251144003414,3.149952,0.484608,1.051648
6.304383258000598,3.149952,0.484608,1.051648
6.358529260003706,3.149952,0.484608,1.051648
6.412645950003935,3.149952,0.484608,1.051648
6.4668619389995,3.149952,0.484608,1.051648
6.52109098299843,3.149952,0.484608,1.051648
6.5752984909995575,3.149952,0.484608,1.051648
6.629473263004911,3.149952,0.484608,1.051648
6.683590560001903,3.149952,0.484608,1.051648
6.7377322430038475,3.154944,0.484608,1.051648
6.794027422998624,3.149952,0.484608,1.051648
6.848291572998278,3.149952,0.484608,1.051648
6.905219090003811,3.149952,0.484608,1.051648
6.962215762003325,3.149952,0.484608,1.051648
7.0164947919984115,3.149952,0.484608,1.051648
7.070811039004184,3.149952,0.484608,1.051648
7.125872778000485,3.149952,0.484608,1.051648
7.18069787100103,3.149952,0.484608,1.051648
7.236674610998307,3.149952,0.484608,1.051648
7.292044934001751,3.149952,0.484608,1.051648
7.347366232002969,3.149952,0.484608,1.051648
7.402320544999384,3.149952,0.484608,1.051648
7.457464814004197,3.149952,0.484608,1.051648
7.512400949999574,3.149952,0.484608,1.051648
7.56721433000348,3.149952,0.484608,1.051648
7.622660143999383,3.149952,0.484608,1.051648
7.677082089998294,3.149952,0.484608,1.051648
7.734037448004528,3.149952,0.484608,1.051648
7.788262909001787,3.149952,0.484608,1.051648
7.842500464998011,3.149952,0.484608,1.051648
7.896691556998121,3.149952,0.484608,1.051648
7.951860339002451,3.149952,0.484608,1.051648
8.007017408999673,3.149952,0.484608,1.051648
8.061861414003943,3.149952,0.484608,1.051648
8.116678955004318,3.149952,0.484608,1.051648
8.17205884699797,3.149952,0.484608,1.051648
8.228247496001131,3.149952,0.484608,1.051648
8.282898344004934,3.149952,0.484608,1.051648
8.337569513001654,3.149952,0.484608,1.051648
8.392789400000765,3.149952,0.484608,1.051648
8.44814570699964,3.149952,0.484608,1.051648
8.50261139900249,3.149952,0.484608,1.051648
8.557066945002589,3.149952,0.484608,1.051648
8.611608350998722,3.149952,0.484608,1.051648
8.666388705998543,3.149952,0.484608,1.051648
8.721189158000925,3.149952,0.484608,1.051648
8.775978985999245,3.149952,0.484608,1.051648
8.833588154004246,3.149952,0.484608,1.051648
8.887815214999137,3.149952,0.484608,1.051648
8.941982497999561,3.149952,0.484608,1.051648
8.998024391003128,3.149952,0.484608,1.051648
9.05290203000186,3.149952,0.484608,1.051648
9.107060959999217,3.149952,0.484608,1.051648
9.161190833998262,3.149952,0.484608,1.051648
9.215304260003904,3.149952,0.484608,1.051648
9.269438549999904,3.149952,0.484608,1.051648
9.32394974699855,3.149952,0.484608,1.051648
9.378084932999627,3.149952,0.484608,1.051648
9.432218743000703,3.149952,0.484608,1.051648
9.486337768998055,3.149952,0.484608,1.051648
9.540569502001745,3.149952,0.484608,1.051648
9.594795313998475,3.149952,0.484608,1.051648
9.648912164004287,3.149952,0.484608,1.051648
9.703023350004514,3.149952,0.484608,1.051648
9.757122151000658,3.149952,0.484608,1.051648
9.8113175949984,3.149952,0.484608,1.051648
9.865680659000645,3.149952,0.484608,1.051648
9.91982762200496,3.149952,0.484608,1.051648
9.973958264003159,3.149952,0.484608,1.051648
10.028131787003076,3.149952,0.484608,1.051648
10.082274525004323,3.149952,0.484608,1.051648
10.136406063000322,3.149952,0.484608,1.051648
10.19054073800362,3.149952,0.484608,1.051648
10.24465710700315,3.149952,0.484608,1.051648
10.298817702001543,3.149952,0.484608,1.051648
10.352923768004985,3.149952,0.484608,1.051648
10.40702554499876,3.149952,0.484608,1.051648
10.461183004001214,3.149952,0.484608,1.051648
10.515371182998933,3.149952,0.484608,1.051648
10.569564131001243,3.149952,0.484608,1.051648
10.623678485004348,3.149952,0.484608,1.051648
10.677789318004216,3.149952,0.484608,1.051648
10.731894424003258,3.149952,0.484608,1.051648
10.786019753999426,3.149952,0.484608,1.051648
10.840242238002247,3.149952,0.484608,1.051648
10.894702937002876,3.149952,0.484608,1.051648
10.948991247998492,3.149952,0.484608,1.051648
11.00314595400414,3.149952,0.484608,1.051648
11.057685984000273,3.149952,0.484608,1.051648
11.111824466002872,3.149952,0.484608,1.051648
11.166351407002367,3.149952,0.484608,1.051648
11.220459839998512,3.149952,0.484608,1.051648
11.274589138003648,3.149952,0.484608,1.051648
11.32971251100389,3.149952,0.484608,1.051648
11.383872594000422,3.149952,0.484608,1.051648
11.438001795999298,3.149952,0.484608,1.051648
11.492174135004461,3.149952,0.484608,1.051648
11.546796503003861,3.149952,0.484608,1.051648
11.600923561003583,3.149952,0.484608,1.051648
11.655040826000914,3.149952,0.484608,1.051648
11.709177996999642,3.149952,0.484608,1.051648
11.763294429998496,3.149952,0.484608,1.051648
11.817447248999088,3.149952,0.484608,1.051648
11.87159040300321,3.149952,0.484608,1.051648
11.925880474002042,3.149952,0.484608,1.051648
11.98003597999923,3.149952,0.484608,1.051648
12.034218272005091,3.149952,0.484608,1.051648
12.088749341004586,3.149952,0.484608,1.051648
12.142864399000246,3.149952,0.484608,1.051648
12.196976639999775,3.149952,0.484608,1.051648
12.25107780899998,3.149952,0.484608,1.051648
12.305198851005116,3.149952,0.484608,1.051648
12.360282351000933,3.149952,0.484608,1.051648
12.414408896998793,3.149952,0.484608,1.051648
12.468548723001732,3.149952,0.484608,1.051648
12.522736519000318,3.149952,0.484608,1.051648
12.576950235001277,3.149952,0.484608,1.051648
12.631078349004383,3.149952,0.484608,1.051648
12.685196639002243,3.149952,0.484608,1.051648
12.739316081002471,3.149952,0.484608,1.051648
12.79345926699898,3.149952,0.484608,1.051648
12.847565365002083,3.149952,0.484608,1.051648
12.901687495002989,3.149952,0.484608,1.051648
12.955924444002449,3.149952,0.484608,1.051648
13.010095663004904,3.154944,0.484608,1.051648
13.064238753002428,3.154944,0.484608,1.051648
13.118441717000678,3.149952,0.484608,1.051648
13.173027636003098,3.149952,0.484608,1.051648
13.227168678000453,3.154944,0.484608,1.051648
13.281686369999079,3.149952,0.484608,1.051648
13.335803348003537,3.149952,0.484608,1.051648
13.390324785003031,3.149952,0.484608,1.051648
13.444486339998548,3.149952,0.484608,1.051648
13.4986159580003,3.149952,0.484608,1.051648
13.552856203001284,3.154944,0.484608,1.051648
13.606979005002358,3.149952,0.484608,1.051648
13.661144240002614,3.149952,0.484608,1.051648
13.716473537999263,3.154944,0.484608,1.051648
13.77058085200406,3.149952,0.484608,1.051648
13.824690852998174,3.149952,0.484608,1.051648
13.87886463200266,3.154944,0.484608,1.051648
13.933006762999867,3.149952,0.484608,1.051648
13.987357730999065,3.149952,0.484608,1.051648
14.041845439001918,3.149952,0.484608,1.051648
14.096162006004306,3.149952,0.484608,1.051648
14.150338249004562,3.149952,0.484608,1.051648
14.204478075000225,3.149952,0.484608,1.051648
14.258623790003185,3.149952,0.484608,1.051648
14.31277014400257,3.149952,0.484608,1.051648
14.366926419002993,3.149952,0.484608,1.051648
14.421082437998848,3.149952,0.484608,1.051648
14.47529925800336,3.149952,0.484608,1.051648
14.529512207001972,3.149952,0.484608,1.051648
14.583673218003241,3.149952,0.484608,1.051648
14.63783032399806,3.149952,0.484608,1.051648
14.691976391004573,3.149952,0.484608,1.051648
14.746151994004322,3.149952,0.484608,1.051648
14.800295853005082,3.149952,0.484608,1.051648
14.854499713001132,3.149952,0.484608,1.051648
14.908696277001582,3.149952,0.484608,1.051648
14.962964329999522,3.149952,0.484608,1.051648
0.000880375002452638,3.149952,0.484608,1.051648
0.055522230999486055,3.594176,0.72576,1.130752
0.11046438299672445,4.47552,1.247936,1.29024
0.1647295889997622,4.870976,1.449216,1.368704
0.21887885600153822,5.43456,1.728256,1.489472
0.27305020300264005,5.667072,1.889024,1.527296
0.32721041399781825,6.0288,2.046528,1.60768
0.3813964169967221,6.350336,2.247168,1.647872
0.43552475499745924,6.460608,2.327424,1.685376
0.48975271199742565,6.82176,2.483968,1.765632
0.5439577560027828,6.982272,2.60416,1.80576
0.5999001590025728,7.062528,2.644224,1.80576
0.6541470919983112,7.331712,2.76,1.842944
0.7082999749982264,7.371776,2.84,1.883008
0.7624806020030519,7.491968,2.88,1.883008
0.8166288770007668,7.692288,3.0,1.923072
0.8708500499997172,7.652224,2.96,1.923072
0.9262241489996086,7.772416,3.04,1.963136
0.9805596610021894,7.892608,3.12,2.0032
1.0348882920006872,7.852544,3.08,1.963136
1.0893233259994304,8.0,3.16,2.0032
1.1441111379972426,8.0128,3.2,2.0032
1.1982955100029358,8.0128,3.16,2.0032
1.2532807989991852,8.16,3.234816,2.04
1.307511507999152,8.08,3.234816,2.04
1.3617075919974013,8.12,3.234816,2.04
1.4158386819981388,8.24,3.314688,2.04
1.469996172003448,8.12,3.234816,2.04
1.5241505590020097,8.24,3.274752,2.04
1.5782845610010554,8.24,3.314688,2.04
1.632441731999279,8.2,3.234816,2.04
1.6865962790034246,8.32,3.314688,2.08
1.7407270490002702,8.24,3.314688,2.04
1.7950936970009934,8.28,3.274752,2.04
1.8492323719983688,8.36,3.354624,2.08
1.9034128389976104,8.24,3.274752,2.04
1.9575792260002345,8.32,3.314688,2.08
2.011981139999989,8.32,3.354624,2.08
2.066262218002521,8.24,3.314688,2.04
2.120501470999443,8.4,3.39456,2.08
2.1748945520012057,8.28,3.354624,2.08
2.2290509230006137,8.32,3.314688,2.08
2.2831976610032143,8.4,3.39456,2.08
2.337340847996529,8.28,3.314688,2.08
2.3915163229976315,8.36,3.354624,2.08
2.445701367003494,8.36,3.39456,2.08
2.4999391800010926,8.28,3.314688,2.08
2.5541146230025333,8.44,3.39456,2.08
2.6082891699988977,8.36,3.354624,2.08
2.662430789001519,8.36,3.314688,2.08
2.7165702630009037,8.44,3.39456,2.08
2.7707324899965897,8.28,3.314688,2.08
2.824873787998513,8.4,3.354624,2.08
2.8790135189992725,8.4,3.39456,2.08
2.9331709449979826,8.28,3.314688,2.08
2.9874405989976367,8.44,3.39456,2.08
3.0417484619974857,8.36,3.354624,2.08
3.095947394001996,8.32,3.314688,2.08
3.1501339739988907,8.4,3.39456,2.08
3.204255591997935,8.28,3.314688,2.08
3.2584019459973206,8.36,3.354624,2.08
3.3126048460035236,8.36,3.39456,2.08
3.366780768999888,8.28,3.314688,2.08
3.420914611997432,8.4,3.39456,2.08
3.475046118001046,8.32,3.354624,2.08
3.5292281529982574,8.32,3.354624,2.08
3.583369195999694,8.44,3.39456,2.08
3.6375113260000944,8.28,3.314688,2.08
3.6916414560037083,8.4,3.354624,2.08
3.745785346996854,8.4,3.39456,2.08
3.7999518619981245,8.28,3.314688,2.08
3.8542049390016473,8.44,3.39456,2.08
3.9083624299964868,8.32,3.354624,2.08
3.962706869999238,8.32,3.314688,2.08
4.016959435000899,8.44,3.39456,2.08
4.071219712997845,8.32,3.314688,2.08
4.125490261998493,8.36,3.354624,2.08
4.1797357559989905,8.4,3.39456,2.08
4.233947136002826,8.28,3.314688,2.08
4.288152467997861,8.4,3.39456,2.08
4.342929944003117,8.36,3.39456,2.08
4.397187884998857,8.32,3.354624,2.08
4.45182638100232,8.4,3.39456,2.08
4.507485287998861,8.32,3.354624,2.08
4.561665084002016,8.32,3.354624,2.08
4.616964941000333,8.4,3.39456,2.08
4.671129119997204,8.28,3.354624,2.08
4.72530289900169,8.4,3.354624,2.08
4.779482534999261,8.4,3.39456,2.08
4.8336846029997105,8.32,3.314688,2.08
4.887942608002049,8.44,3.39456,2.08
4.942549967003288,8.36,3.354624,2.08
4.996735938999336,8.32,3.314688,2.08
5.05193233799946,8.44,3.39456,2.08
5.106211015998269,8.32,3.354624,2.08
5.160396443003265,8.36,3.354624,2.08
5.2146003989983,8.4,3.39456,2.08
5.268825699997251,8.28,3.314688,2.08
5.323001302997,8.4,3.354624,2.08
5.3771743469988,8.36,3.354624,2.08
5.431367965997197,8.32,3.314688,2.08
5.485677940996538,8.44,3.39456,2.08
5.539948459001607,8.32,3.354624,2.08
5.5941283510037465,8.36,3.354624,2.08
5.648272944999917,8.4,3.39456,2.08
5.702405443000316,8.28,3.314688,2.08
5.756549045996508,8.4,3.39456,2.08
5.810649990999082,8.36,3.39456,2.08
5.864800729999843,8.32,3.314688,2.08
5.918924587997026,8.44,3.39456,2.08
5.973071134001657,8.32,3.354624,2.08
6.027320626999426,8.36,3.354624,2.08
6.081486565999512,8.44,3.39456,2.08
6.135833854001248,8.32,3.314688,2.08
6.190140245002112,8.4,3.354624,2.08
6.244277543002681,8.36,3.39456,2.08
6.298427674002596,8.32,3.314688,2.08
6.3528288189991144,8.44,3.39456,2.08
6.407040104000771,8.32,3.354624,2.08
6.46124559600139,8.36,3.354624,2.08
6.5158405379988835,8.44,3.39456,2.08
6.570152656997379,8.28,3.314688,2.08
6.624762992003525,8.4,3.354624,2.08
6.679009029998269,8.4,3.39456,2.08
6.733843979003723,8.28,3.314688,2.08
6.788137600997288,8.4,3.39456,2.08
6.842239955003606,8.32,3.39456,2.08
6.896391301001131,8.32,3.354624,2.08
6.950696316001995,8.4,3.39456,2.08
7.005780551997304,8.32,3.354624,2.08
7.060326213002554,8.36,3.354624,2.08
7.1145871310000075,8.4,3.39456,2.08
7.168890225002542,8.28,3.314688,2.08
7.223237544996664,8.4,3.39456,2.08
7.277418076999311,8.36,3.39456,2.08
7.331561774997681,8.32,3.314688,2.08
7.385807364000357,8.44,3.39456,2.08
7.439944279001793,8.32,3.354624,2.08
7.49421722900297,8.36,3.354624,2.08
7.548420929000713,8.4,3.39456,2.08
7.602622612997948,8.28,3.314688,2.08
7.656771782996657,8.4,3.354624,2.08
7.710944890000974,8.36,3.39456,2.08
7.765810144002899,8.28,3.314688,2.08
7.820167129000765,8.44,3.39456,2.08
7.874430798001413,8.32,3.354624,2.08
7.9286187539983075,8.32,3.354624,2.08
7.982758420002938,8.4,3.39456,2.08
8.036921031001839,8.28,3.314688,2.08
8.091090201996849,8.36,3.354624,2.08
8.145495732002018,8.4,3.39456,2.08
8.200070610000694,8.28,3.314688,2.08
8.254739442003483,8.4,3.39456,2.08
8.309073930002342,8.36,3.354624,2.08
8.363295326998923,8.32,3.314688,2.08
8.417531443999906,8.44,3.39456,2.08
8.471731047000503,8.32,3.314688,2.08
8.525974237003538,8.36,3.354624,2.08
8.58018036899739,8.4,3.39456,2.08
8.634791376003704,8.28,3.314688,2.08
8.689026277002995,8.4,3.354624,2.08
8.743175479001366,8.36,3.354624,2.08
8.797350250999443,8.32,3.314688,2.08
8.851674017998448,8.44,3.39456,2.08
8.906033018000016,8.28,3.354624,2.08
8.960261870997783,8.36,3.354624,2.08
9.014430882001761,8.4,3.39456,2.08
9.06863634200272,8.28,3.314688,2.08
9.122869035003532,8.4,3.39456,2.08
9.177098719999776,8.36,3.39456,2.08
9.231316691999382,8.32,3.314688,2.08
9.285529095999664,8.44,3.39456,2.08
9.339845119997335,8.32,3.354624,2.08
9.394035154997255,8.36,3.354624,2.08
9.448169157003576,8.4,3.39456,2.08
9.50240226599999,8.28,3.314688,2.08
9.556629710998095,8.4,3.354624,2.08
9.610823586997867,8.36,3.39456,2.08
9.664980565998121,8.32,3.314688,2.08
9.719261131998792,8.44,3.39456,2.08
9.773728391002805,8.32,3.354624,2.08
9.828019644999586,8.36,3.314688,2.08
9.882267763001437,8.4,3.39456,2.08
9.9365354640031,8.28,3.314688,2.08
9.99072421999881,8.4,3.39456,2.08
10.04488475099788,8.36,3.39456,2.08
10.099057186002028,8.32,3.354624,2.08
10.153297431003011,8.44,3.434496,2.08
10.207556524997926,8.36,3.39456,2.08
10.261860131999128,8.36,3.354624,2.08
10.31611016899842,8.44,3.434496,2.08
10.370253515000513,8.32,3.354624,2.08
10.42440143800195,8.4,3.39456,2.08
10.478553936998651,8.4,3.434496,2.08
10.532837095001014,8.32,3.354624,2.08
10.587078876000305,8.48,3.39456,2.08
10.641551927001274,8.36,3.39456,2.08
10.695816940999066,8.36,3.354624,2.08
10.750078595003288,8.44,3.434496,2.08
10.80433480800275,8.32,3.354624,2.08
10.858692080000765,8.4,3.39456,2.08
10.912909701000899,8.4,3.434496,2.08
10.96708789600234,8.32,3.354624,2.08
11.021429232001537,8.44,3.434496,2.08
11.075631172003341,8.36,3.39456,2.08
11.1298351919977,8.36,3.354624,2.08
11.184027051996964,8.44,3.434496,2.08
11.238395972002763,8.32,3.39456,2.08
11.292596152001352,8.4,3.39456,2.08
11.34683217300335,8.4,3.434496,2.08
11.401116162996914,8.32,3.354624,2.08
11.455378329002997,8.44,3.434496,2.08
11.509609966000426,8.4,3.434496,2.08
11.563780960997974,8.36,3.354624,2.08
11.61793707600009,8.48,3.434496,2.08
11.67214967199834,8.36,3.39456,2.08
11.726297403001809,8.4,3.39456,2.08
11.780449101002887,8.44,3.434496,2.08
11.834690050003701,8.32,3.354624,2.08
11.888889909998397,8.44,3.39456,2.08
11.943091433997324,8.36,3.39456,2.08
11.997326655000506,8.36,3.354624,2.08
12.051544563997595,8.44,3.434496,2.08
12.10579495300044,8.32,3.39456,2.08
12.159960092001711,8.36,3.39456,2.08
12.214156784000807,8.44,3.434496,2.08
12.268492807001167,8.28,3.354624,2.08
12.322805502000847,8.44,3.434496,2.08
12.376970194003661,8.36,3.434496,2.08
12.431170308998844,8.32,3.354624,2.08
12.485340601000644,8.44,3.434496,2.08
12.539898133996758,8.36,3.39456,2.08
12.594153227997595,8.36,3.39456,2.08
12.648331839001912,8.44,3.434496,2.08
12.702521587001684,8.32,3.354624,2.08
12.75672743099858,8.44,3.39456,2.08
12.810864696999488,8.4,3.39456,2.08
12.86508522999793,8.32,3.354624,2.08
12.919299553999736,8.48,3.434496,2.08
12.973476821003715,8.36,3.354624,2.08
13.027688330003002,8.36,3.354624,2.08
13.081848061003257,8.44,3.434496,2.08
13.136066225000832,8.32,3.354624,2.08
13.19025363700348,8.4,3.39456,2.08
13.244484825001564,8.4,3.434496,2.08
13.29888971499895,8.32,3.354624,2.08
13.353381070999603,8.44,3.434496,2.08
13.407619363999402,8.36,3.39456,2.08
13.461791223002365,8.36,3.39456,2.08
13.516030860002502,8.44,3.434496,2.08
13.570434180997836,8.32,3.354624,2.08
13.625026276000426,8.4,3.39456,2.08
13.679569441002968,8.44,3.434496,2.08
13.734128254996904,8.32,3.354624,2.08
13.788617243000772,8.44,3.39456,2.08
13.84279675000289,8.4,3.39456,2.08
13.896969248999085,8.36,3.354624,2.08
13.951120532001369,8.48,3.434496,2.08
14.005370824997954,8.32,3.354624,2.08
14.05973565000022,8.4,3.39456,2.08
14.113888403997407,8.44,3.434496,2.08
14.168010246001359,8.32,3.354624,2.08
14.222174201000598,8.44,3.39456,2.08
14.276333900001191,8.36,3.39456,2.08
14.33070947699889,8.32,3.354624,2.08
14.384917880997818,8.44,3.434496,2.08
14.439116588997422,8.32,3.39456,2.08
14.493292927996663,8.36,3.39456,2.08
14.54746446700301,8.4,3.434496,2.08
14.601644839000073,8.28,3.354624,2.08
14.655801337998128,8.4,3.434496,2.08
14.710025966000103,8.36,3.434496,2.08
14.76424480300193,8.32,3.354624,2.08
14.818503608003084,8.44,3.434496,2.08
14.872675019003509,8.32,3.39456,2.08
14.926827902003424,8.4,3.39456,2.08
14.98097873700317,8.44,3.434496,2.08
15.035225318002631,8.32,3.354624,2.08
15.089425978003419,8.44,3.39456,2.08
15.143591084997752,8.4,3.39456,2.08
15.197754175998853,8.36,3.354624,2.08
15.251936562999617,8.44,3.434496,2.08
15.306124358998204,8.32,3.354624,2.08
15.360500672002672,8.36,3.354624,2.08
15.414914009998029,8.44,3.434496,2.08
15.469354196000495,8.32,3.354624,2.08
15.52452025799721,8.4,3.39456,2.08
15.578743671001575,8.4,3.434496,2.08
15.634105194003496,8.32,3.354624,2.08
15.688567812998372,8.44,3.434496,2.08
15.742668917999254,8.44,3.434496,2.08
15.797570012997312,8.48,3.434496,2.08
15.852043159997265,8.64,3.508736,2.08
15.906540244002827,8.706048,3.628352,2.076672
15.960928428998159,8.865792,3.708096,2.076672
16.015446313998837,8.865792,3.747968,2.116608
16.069699359002698,8.706048,3.628352,2.076672
16.12385828999686,8.745984,3.628352,2.076672
16.1779953639998,8.68,3.628352,2.076672
16.232160951003607,8.6,3.514368,2.08
16.28663486699952,8.68,3.548608,2.08
16.340786724998907,8.56,3.514368,2.08
16.394907159003196,8.56,3.474432,2.08
16.44905648999702,8.6,3.514368,2.08
16.503187515998434,8.44,3.434496,2.08
16.55729377300304,8.52,3.474432,2.08
16.611435391998384,8.48,3.474432,2.08
16.66554510500282,8.4,3.39456,2.08
16.719666434997634,8.52,3.434496,2.08
16.773811446000764,8.4,3.39456,2.08
16.828170669999963,8.4,3.39456,2.08
16.882602439996845,8.48,3.434496,2.08
16.93675609100319,8.32,3.354624,2.08
16.99086282800272,8.44,3.434496,2.08
17.045172195001214,8.4,3.434496,2.08
17.099276116998226,8.32,3.354624,2.08
17.153416102999472,8.44,3.434496,2.08
17.20767740500014,8.36,3.39456,2.08
17.263128209997376,8.36,3.354624,2.08
17.317419017002976,8.44,3.434496,2.08
17.371726079996733,8.32,3.354624,2.08
17.42591793899919,8.4,3.39456,2.08
17.480135783996957,8.44,3.434496,2.08
17.534300250998058,8.32,3.314688,2.08
17.588780981997843,8.44,3.39456,2.08
17.642907624001964,8.36,3.39456,2.08
17.697021562002192,8.36,3.314688,2.08
17.751234190000105,8.44,3.39456,2.08
17.805354495998472,8.32,3.354624,2.08
17.859511315000418,8.36,3.354624,2.08
17.913686245999997,8.52,3.474432,2.08
17.9678707139974,8.48,3.474432,2.08
18.022309300002235,8.56,3.514368,2.08
18.076585290000367,8.48,3.514368,2.08
18.130847744003404,8.44,3.434496,2.08
18.18524268100009,8.52,3.514368,2.08
18.23956542400265,8.4,3.434496,2.08
18.293825285996718,8.44,3.434496,2.08
18.34801618599886,8.48,3.474432,2.08
18.402183757003513,8.36,3.39456,2.08
18.456339582997316,8.48,3.434496,2.08
18.51101507199928,8.48,3.474432,2.08
18.565499196003657,8.4,3.39456,2.08
18.619990840001265,8.52,3.434496,2.08
18.674256461003097,8.4,3.39456,2.08
18.728438528996776,8.4,3.39456,2.08
18.782622835999064,8.48,3.434496,2.08
18.836950379998598,8.36,3.354624,2.08
18.891162464002264,8.44,3.39456,2.08
18.945276017999277,8.44,3.39456,2.08
18.999396004001028,8.48,3.434496,2.08
19.054069284000434,8.6,3.514368,2.08
19.108508031000383,8.52,3.514368,2.08
19.162658000997908,8.48,3.474432,2.08
19.216815011997824,8.52,3.514368,2.08
19.270931990002282,8.4,3.434496,2.08
19.325049639999634,8.48,3.434496,2.08
19.379187865997665,8.48,3.474432,2.08
19.433505392997176,8.36,3.39456,2.08
19.487691397000162,8.52,3.474432,2.08
19.541914073000953,8.4,3.434496,2.08
19.5960602999985,8.4,3.39456,2.08
19.650230558996554,8.48,3.434496,2.08
19.704410161997657,8.36,3.354624,2.08
19.758530724000593,8.44,3.39456,2.08
19.81271743200341,8.44,3.434496,2.08
19.867041903002246,8.32,3.314688,2.08
19.921295268002723,8.44,3.39456,2.08
19.975434391002636,8.36,3.39456,2.08
20.029590122001537,8.36,3.354624,2.08
20.0837089869965,8.44,3.39456,2.08
20.137840012997913,8.32,3.354624,2.08
20.19193267099763,8.4,3.354624,2.08
20.24603012800071,8.4,3.39456,2.08
20.30015209800331,8.28,3.314688,2.08
20.354271827003686,8.4,3.39456,2.08
20.408396516999346,8.32,3.39456,2.08
20.46258885700081,8.32,3.354624,2.08
20.516791693000414,8.44,3.434496,2.08
20.570942464000836,8.28,3.354624,2.08
20.625043920997996,8.4,3.354624,2.08
20.680575496997335,8.4,3.434496,2.08
20.734970721998252,8.28,3.314688,2.08
20.789614018001885,8.4,3.39456,2.08
20.843931353003427,8.4,3.39456,2.08
20.898285777002457,8.4,3.314688,2.08
20.952555238996865,8.56,3.38912,2.08
21.008379015001992,8.466432,3.349248,2.076672
21.062511609001376,8.466432,3.349248,2.08
21.116632491000928,8.546304,3.38912,2.076672
21.17096326599858,8.4,3.354624,2.08
21.22548422300315,8.48,3.354624,2.08
21.280327747997944,8.48,3.39456,2.08
21.334843584998453,8.36,3.314688,2.08
21.389394366000488,8.48,3.39456,2.08
21.444078335000086,8.44,3.39456,2.08
21.498811297999055,8.36,3.354624,2.08
21.552969684002164,8.48,3.434496,2.08
21.607717079001304,8.36,3.39456,2.08
21.662273012996593,8.36,3.354624,2.08
21.716784208998433,8.48,3.434496,2.08
21.77170405600191,8.36,3.354624,2.08
21.826841638001497,8.44,3.39456,2.08
21.88134329800232,8.48,3.434496,2.08
21.936588338001457,8.36,3.354624,2.08
21.9907998780036,8.44,3.39456,2.08
22.04598232400167,8.56,3.514368,2.08
22.100365197002247,8.52,3.514368,2.08
22.155110159998003,8.64,3.548608,2.08
22.209338756998477,8.52,3.514368,2.08
22.263719902002777,8.48,3.434496,2.08
22.318336925003678,8.56,3.514368,2.08
22.37286376999691,8.44,3.434496,2.08
22.427236850002373,8.48,3.434496,2.08
22.48179342399817,8.52,3.474432,2.08
22.536119527001574,8.4,3.39456,2.08
22.590270202003012,8.48,3.434496,2.08
22.644390476001718,8.44,3.434496,2.08
22.698508348999894,8.36,3.39456,2.08
22.752979256998515,8.48,3.434496,2.08
22.80710061800346,8.36,3.39456,2.08
22.86121452399675,8.4,3.39456,2.08
22.91531780600053,8.48,3.434496,2.08
22.96944707199873,8.36,3.354624,2.08
23.02356376100215,8.44,3.39456,2.08
23.077669826998317,8.4,3.39456,2.08
23.131779443996493,8.36,3.314688,2.08
23.18593626299844,8.48,3.39456,2.08
23.240062841003237,8.36,3.354624,2.08
23.294176458999573,8.4,3.354624,2.08
23.34856000400032,8.44,3.39456,2.08
23.402757431998907,8.32,3.314688,2.08
23.4568747930025,8.44,3.39456,2.08
23.511095198002295,8.4,3.39456,2.08
23.565227951999987,8.32,3.354624,2.08
23.619365026002924,8.44,3.434496,2.08
23.67377900399879,8.36,3.39456,2.08
23.727994064000086,8.36,3.354624,2.08
23.78215635500237,8.44,3.434496,2.08
23.83637839199946,8.32,3.354624,2.08
23.890516489998845,8.4,3.39456,2.08
23.944624283998564,8.4,3.39456,2.08
23.99880603099882,8.32,3.354624,2.08
24.0529453449999,8.48,3.39456,2.08
24.107073715000297,8.36,3.354624,2.08
24.161183365002216,8.4,3.354624,2.08
24.215306871003122,8.44,3.39456,2.08
24.269439593001152,8.32,3.314688,2.08
24.323563227000705,8.44,3.39456,2.08
24.377667692002433,8.4,3.39456,2.08
24.431773725998937,8.32,3.314688,2.08
24.485973490001925,8.44,3.39456,2.08
24.540620626001328,8.36,3.354624,2.08
24.594892647997767,8.36,3.354624,2.08
24.64907516299718,8.44,3.434496,2.08
24.704875417999574,8.32,3.354624,2.08
24.759652861997893,8.36,3.354624,2.08
24.814214266996714,8.4,3.434496,2.08
24.868842203002714,8.32,3.354624,2.08
24.923226099999738,8.4,3.39456,2.08
24.9778102900018,8.4,3.39456,2.08
25.032296206001774,8.32,3.354624,2.08
25.08663517399691,8.48,3.434496,2.08
25.140995326000848,8.52,3.514368,2.08
25.19539291899855,8.56,3.514368,2.08
25.249761616003525,8.6,3.554304,2.08
25.303964835999068,8.44,3.474432,2.08
25.358118101998116,8.52,3.474432,2.08
25.412286282000423,8.52,3.474432,2.08
25.46642902000167,8.4,3.39456,2.08
25.520679344997916,8.52,3.474432,2.08
25.575016937000328,8.44,3.434496,2.08
25.629208124999423,8.44,3.39456,2.08
25.683432689002075,8.52,3.474432,2.08
25.73760259700066,8.36,3.39456,2.08
25.791758070998185,8.44,3.434496,2.08
25.84595713100134,8.44,3.434496,2.08
25.90016691100027,8.36,3.354624,2.08
25.954362962998857,8.48,3.434496,2.08
26.008598439999332,8.4,3.434496,2.08
26.062967072997708,8.4,3.39456,2.08
26.117174805003742,8.48,3.434496,2.08
26.17143495500204,8.36,3.39456,2.08
26.225611358000606,8.44,3.39456,2.08
26.279766384999675,8.44,3.434496,2.08
26.3339474280001,8.32,3.354624,2.08
26.388198360997194,8.48,3.39456,2.08
26.442431310002576,8.4,3.39456,2.08
26.496844104003685,8.36,3.354624,2.08
26.55099945099937,8.48,3.434496,2.08
26.605195727002865,8.36,3.354624,2.08
26.659406083002978,8.4,3.354624,2.08
26.713592341999174,8.44,3.434496,2.08
26.76779469900066,8.32,3.314688,2.08
26.821962365997024,8.44,3.39456,2.08
26.87613336100185,8.36,3.39456,2.08
26.93030665999686,8.36,3.354624,2.08
26.98458204200142,8.44,3.434496,2.08
27.039004307996947,8.32,3.354624,2.08
27.09316583100008,8.36,3.39456,2.08
27.14733327399881,8.4,3.434496,2.08
27.20150161300262,8.28,3.354624,2.08
27.255667680001352,8.44,3.39456,2.08
27.309830835001776,8.36,3.39456,2.08
27.36400470999797,8.36,3.354624,2.08
27.41820447400096,8.44,3.39456,2.08
27.472387437999714,8.32,3.354624,2.08
27.526614146998327,8.4,3.354624,2.08
27.58078856600332,8.44,3.39456,2.08
27.635196846997133,8.32,3.314688,2.08
27.689424260002852,8.44,3.39456,2.08
27.743569974998536,8.4,3.39456,2.08
27.797700041002827,8.32,3.314688,2.08
27.851976350997575,8.44,3.39456,2.08
27.90616283399868,8.32,3.354624,2.08
27.960277860001952,8.36,3.354624,2.08
28.014387734001502,8.4,3.39456,2.08
28.06852224800241,8.28,3.314688,2.08
28.122822527002427,8.4,3.39456,2.08
28.17696200100181,8.44,3.474432,2.08
28.231088578999334,8.52,3.514368,2.08
28.285415705999185,8.6,3.554304,2.08
28.339713105000556,8.48,3.474432,2.08
28.39386851600284,8.52,3.474432,2.08
28.448042039002758,8.52,3.514368,2.08
28.502274316000694,8.4,3.434496,2.08
28.556779783997627,8.52,3.474432,2.08
28.61100210800214,8.48,3.474432,2.08
28.6652444020001,8.4,3.39456,2.08
28.719753869998385,8.52,3.474432,2.08
28.773956194003404,8.4,3.39456,2.08
28.828159445998608,8.4,3.39456,2.08
28.882427755997924,8.48,3.434496,2.08
28.93658057400171,8.36,3.354624,2.08
28.99077460999979,8.44,3.39456,2.08
29.045001222999417,8.4,3.434496,2.08
29.099169530003564,8.32,3.354624,2.08
29.15337780599657,8.44,3.434496,2.08
29.207561570001417,8.36,3.39456,2.08
29.261865817003127,8.36,3.354624,2.08
29.316056203999324,8.44,3.434496,2.08
29.37023846399825,8.32,3.354624,2.08
29.424398483002733,8.4,3.39456,2.08
29.47855194099975,8.4,3.434496,2.08
29.532802203000756,8.32,3.354624,2.08
29.58697271800338,8.44,3.39456,2.08
29.641120287997182,8.36,3.39456,2.08
29.69535931700375,8.36,3.354624,2.08
29.74955082499946,8.44,3.434496,2.08
29.803704571997514,8.32,3.354624,2.08
29.857890960003715,8.4,3.39456,2.08
29.912261160003254,8.4,3.39456,2.08
29.966424315003678,8.32,3.314688,2.08
0.00038154699723236263,8.092928,3.19488,2.043264
0.05482214899529936,8.24,3.274752,2.04
0.10898335199453868,8.2,3.274752,2.04
0.1631968119982048,8.2,3.274752,2.04
0.21735737499693641,8.32,3.354624,2.08
0.2715039219983737,8.2,3.274752,2.04
0.32564102800097317,8.28,3.314688,2.04
0.37979064699902665,8.32,3.354624,2.08
0.4339324569955352,8.24,3.274752,2.04
0.4881508459948236,8.36,3.354624,2.08
0.5422723669980769,8.32,3.354624,2.08
0.5964230419995147,8.32,3.314688,2.04
0.6507380729963188,8.4,3.39456,2.08
0.7049122679964057,8.28,3.314688,2.08
0.759064990998013,8.36,3.354624,2.08
0.8132246259992826,8.4,3.39456,2.08
0.8673564519995125,8.28,3.314688,2.08
0.9215078630004427,8.4,3.354624,2.08
0.9756511449959362,8.36,3.354624,2.08
1.029890334000811,8.32,3.314688,2.08
1.084159539997927,8.44,3.39456,2.08
1.1385290369944414,8.32,3.354624,2.08
1.1926909440007876,8.36,3.354624,2.08
1.2473421120012063,8.6,3.554304,2.08
1.3020837459989707,8.48,3.474432,2.08
1.356324054999277,8.56,3.514368,2.08
1.410503658997186,8.52,3.514368,2.08
1.4651299940014724,8.44,3.434496,2.08
1.5195925809966866,8.56,3.474432,2.08
1.5742426610013354,8.44,3.434496,2.08
1.6288046749978093,8.44,3.39456,2.08
1.683360384995467,8.52,3.474432,2.08
1.737702039994474,8.4,3.39456,2.08
1.7918724919945817,8.48,3.39456,2.08
1.8462449319995358,8.48,3.434496,2.08
1.9008045779992244,8.36,3.354624,2.08
1.9553978240001015,8.44,3.39456,2.08
2.0099481259967433,8.44,3.434496,2.08
2.0653125289973104,8.36,3.354624,2.08
2.1198913429980166,8.48,3.434496,2.08
2.1740924830010044,8.36,3.39456,2.08
2.228336504995241,8.36,3.354624,2.08
2.2825223479958368,8.44,3.434496,2.08
2.3366814389955834,8.32,3.354624,2.08
2.390835985999729,8.4,3.39456,2.08
2.4449592039964045,8.4,3.434496,2.08
2.4991918640007498,8.32,3.314688,2.08
2.5534930389985675,8.44,3.39456,2.08
2.607620513001166,8.36,3.39456,2.08
2.6617376189969946,8.36,3.354624,2.08
2.715887461999955,8.44,3.39456,2.08
2.77003125599731,8.32,3.314688,2.08
2.824177034999593,8.4,3.354624,2.08
2.8783149410010083,8.4,3.39456,2.08
2.9324365590000525,8.32,3.314688,2.08
2.98680349499773,8.44,3.39456,2.08
3.040977466000186,8.36,3.354624,2.08
3.09513719700044,8.36,3.314688,2.08
3.149487460999808,8.44,3.39456,2.08
3.2036441519958316,8.28,3.354624,2.08
3.2577714979997836,8.36,3.39456,2.08
3.3120044469978893,8.36,3.39456,2.08
3.366276820997882,8.28,3.314688,2.08
3.4208060019955155,8.4,3.39456,2.08
3.475052711000899,8.36,3.39456,2.08
3.529229273997771,8.36,3.354624,2.08
3.5834233419955126,8.44,3.39456,2.08
3.6375975369955995,8.32,3.354624,2.08
3.6918083419950563,8.4,3.354624,2.08
3.746082507997926,8.44,3.39456,2.08
3.8003288010004326,8.32,3.314688,2.08
3.8548259169983794,8.44,3.39456,2.08
3.9091258119951817,8.36,3.354624,2.08
3.963281894000829,8.32,3.314688,2.08
4.017428792998544,8.44,3.39456,2.08
4.071613132000493,8.32,3.354624,2.08
4.1257525109977,8.36,3.354624,2.08
4.179878416995052,8.4,3.39456,2.08
4.234010786996805,8.28,3.314688,2.08
4.288179605995538,8.44,3.434496,2.08
4.342248357999779,8.52,3.514368,2.08
4.396758595001302,8.48,3.474432,2.08
4.450992951999069,8.56,3.554304,2.08
4.505235564996838,8.44,3.474432,2.08
4.559411263995571,8.48,3.474432,2.08
4.613531825998507,8.48,3.514368,2.08
4.6676730920007685,8.36,3.39456,2.08
4.72185666400037,8.48,3.474432,2.08
4.776227791997371,8.44,3.434496,2.08
4.830428868001036,8.4,3.39456,2.08
4.884644088997447,8.52,3.434496,2.08
4.93900865699834,8.36,3.39456,2.08
4.9932488379999995,8.4,3.39456,2.08
5.047419288996025,8.44,3.434496,2.08
5.101538058996084,8.32,3.354624,2.08
5.155675228998007,8.44,3.39456,2.08
5.209799406999082,8.4,3.39456,2.08
5.264051396996365,8.32,3.354624,2.08
5.318215927996789,8.44,3.434496,2.08
5.372339753994311,8.32,3.354624,2.08
5.426465243996063,8.36,3.354624,2.08
5.4807322089982335,8.4,3.434496,2.08
5.534915044998343,8.28,3.354624,2.08
5.5891163769993,8.4,3.39456,2.08
5.643227082997328,8.36,3.39456,2.08
5.697366748994682,8.32,3.314688,2.08
5.7515580330000375,8.44,3.39456,2.08
5.805818725995778,8.32,3.354624,2.08
5.859978840999247,8.36,3.354624,2.08
5.9142148940009065,8.44,3.39456,2.08
5.96835923299659,8.32,3.314688,2.08
6.022529011999723,8.4,3.354624,2.08
6.07664883799589,8.36,3.354624,2.08
6.1308528579975246,8.32,3.314688,2.08
6.185063662000175,8.44,3.39456,2.08
6.239244960997894,8.32,3.354624,2.08
6.293576588999713,8.36,3.354624,2.08
6.347856672000489,8.4,3.39456,2.08
6.4020002399993245,8.28,3.314688,2.08
6.45619866099878,8.4,3.354624,2.08
6.510419325000839,8.36,3.39456,2.08
6.5645558850010275,8.32,3.314688,2.08
6.61869938900054,8.44,3.39456,2.08
6.672874928000965,8.32,3.354624,2.08
6.727025057996798,8.36,3.354624,2.08
6.781246808997821,8.4,3.39456,2.08
6.835521173001325,8.28,3.314688,2.08
6.889769486995647,8.4,3.39456,2.08
6.943918336000934,8.4,3.39456,2.08
6.998057071999938,8.32,3.314688,2.08
7.052204704996257,8.44,3.39456,2.08
7.106432536995271,8.36,3.354624,2.08
7.16057488899969,8.36,3.354624,2.08
7.214696470997296,8.44,3.39456,2.08
7.26885700099956,8.32,3.314688,2.08
7.323003129000426,8.4,3.354624,2.08
7.37713917200017,8.52,3.514368,2.08
7.431394232000457,8.48,3.474432,2.08
7.486222783998528,8.6,3.514368,2.08
7.540904474000854,8.48,3.474432,2.08
7.595210674997361,8.48,3.434496,2.08
7.649807781999698,8.52,3.514368,2.08
7.705559071000607,8.4,3.434496,2.08
7.7597938740000245,8.44,3.434496,2.08
7.814491341996472,8.52,3.474432,2.08
7.86889172699739,8.4,3.39456,2.08
7.923716309996962,8.48,3.434496,2.08
7.977893187999143,8.48,3.434496,2.08
8.032180283000343,8.4,3.354624,2.08
8.086555930996838,8.52,3.434496,2.08
8.141080838999187,8.4,3.39456,2.08
8.195264181995299,8.4,3.354624,2.08
8.249441667998326,8.48,3.434496,2.08
8.303679382996052,8.36,3.354624,2.08
8.357818716998736,8.44,3.39456,2.08
8.411926430999301,8.4,3.39456,2.08
8.466058915000758,8.32,3.354624,2.08
8.520277038995118,8.44,3.39456,2.08
8.574378833000083,8.36,3.39456,2.08
8.62851358899934,8.36,3.354624,2.08
8.68261563899432,8.44,3.434496,2.08
8.736751803000516,8.32,3.354624,2.08
8.79086937399552,8.4,3.39456,2.08
8.84501033899869,8.4,3.434496,2.08
8.899187179995351,8.32,3.314688,2.08
8.953385077998973,8.48,3.39456,2.08
9.007536156001152,8.36,3.39456,2.08
9.061678528996708,8.36,3.354624,2.08
9.115812644995458,8.44,3.39456,2.08
9.169948969996767,8.32,3.314688,2.08
9.224055211998348,8.4,3.354624,2.08
9.278176046995213,8.4,3.39456,2.08
9.332377879996784,8.32,3.314688,2.08
9.386630080996838,8.44,3.39456,2.08
9.44259408099606,8.36,3.39456,2.08
9.497117121994961,8.32,3.314688,2.08
9.551709352999751,8.44,3.39456,2.08
9.60624545099563,8.32,3.354624,2.08
9.66060748599557,8.36,3.354624,2.08
9.716011788994365,8.44,3.434496,2.08
9.771145411999896,8.32,3.354624,2.08
9.825345352001023,8.4,3.39456,2.08
9.87968258500041,8.4,3.434496,2.08
9.933903135999572,8.32,3.354624,2.08
9.988126949996513,8.44,3.39456,2.08
10.04234769300092,8.4,3.39456,2.08
10.09649911699671,8.36,3.354624,2.08
10.151239904997055,8.48,3.39456,2.08
10.205508651997661,8.36,3.354624,2.08
10.25964535499952,8.4,3.354624,2.08
10.313750598994375,8.44,3.39456,2.08
10.36795799099491,8.32,3.314688,2.08
10.422144228999969,8.48,3.434496,2.08
10.476198967000528,8.56,3.554304,2.08
10.530724914999155,8.48,3.474432,2.08
10.585224684000423,8.6,3.514368,2.08
10.639482736994978,8.44,3.474432,2.08
10.693634218994703,8.48,3.474432,2.08
10.747777477001364,8.52,3.514368,2.08
10.802033896994544,8.4,3.39456,2.08
10.856210565994843,8.48,3.474432,2.08
10.91034054299962,8.48,3.434496,2.08
10.964519771994674,8.4,3.39456,2.08
11.018805858999258,8.52,3.434496,2.08
11.072998528994503,8.4,3.39456,2.08
11.127180254996347,8.4,3.39456,2.08
11.181307767998078,8.48,3.434496,2.08
11.235459089999495,8.32,3.354624,2.08
11.289598764000402,8.44,3.39456,2.08
11.343733057998179,8.4,3.39456,2.08
11.397873494999658,8.36,3.314688,2.08
11.452162007997686,8.44,3.39456,2.08
11.506576611995115,8.36,3.354624,2.08
11.560747130999516,8.36,3.354624,2.08
11.614858028995513,8.4,3.39456,2.08
11.669001153000863,8.28,3.314688,2.08
11.723402891999285,8.4,3.39456,2.08
11.777571426995564,8.4,3.39456,2.08
11.831719575995521,8.32,3.314688,2.08
11.88606895799603,8.44,3.39456,2.08
11.940263639000477,8.36,3.354624,2.08
11.99440228399908,8.36,3.354624,2.08
12.048559841001406,8.44,3.39456,2.08
12.102695285000664,8.32,3.314688,2.08
12.156851818996074,8.44,3.354624,2.08
12.21097071699478,8.4,3.39456,2.08
12.265111697000975,8.32,3.314688,2.08
12.319379599997774,8.44,3.39456,2.08
12.373714991997986,8.36,3.354624,2.08
12.427881376999721,8.36,3.354624,2.08
12.482080629000848,8.44,3.39456,2.08
12.536229539997294,8.28,3.314688,2.08
12.590365425996424,8.4,3.354624,2.08
12.644516961998306,8.36,3.39456,2.08
12.69865512099932,8.28,3.314688,2.08
12.752949548994366,8.44,3.39456,2.08
12.807707025996933,8.32,3.354624,2.08
12.861914149994846,8.32,3.354624,2.08
12.916026161998161,8.44,3.39456,2.08
12.970214404995204,8.32,3.354624,2.08
13.024384661999648,8.4,3.354624,2.08
13.078565928997705,8.4,3.39456,2.08
13.132819968996046,8.32,3.314688,2.08
13.187030165994656,8.44,3.39456,2.08
13.241195942995546,8.36,3.354624,2.08
13.295456576001015,8.32,3.314688,2.08
13.349594635001267,8.44,3.39456,2.08
13.403921763994731,8.32,3.314688,2.08
13.45806833399547,8.36,3.354624,2.08
13.512288605998037,8.56,3.554304,2.08
13.566566258996318,8.48,3.474432,2.08
13.621244395995745,8.6,3.514368,2.08
13.675453787000151,8.52,3.514368,2.08
13.730174326999986,8.44,3.434496,2.08
13.784715394998784,8.56,3.514368,2.08
13.84073867299594,8.44,3.434496,2.08
13.8949515839995,8.44,3.434496,2.08
13.949142381999991,8.52,3.474432,2.08
14.003705947994604,8.4,3.39456,2.08
14.058185955000226,8.48,3.434496,2.08
14.112334284996905,8.48,3.434496,2.08
14.166539963996911,8.36,3.354624,2.08
14.22085937999509,8.48,3.434496,2.08
14.275049121999473,8.4,3.39456,2.08
14.3293501359949,8.36,3.354624,2.08
14.383520637995389,8.48,3.434496,2.08
14.437700645001314,8.32,3.354624,2.08
14.49187988400081,8.4,3.354624,2.08
14.546093077995465,8.4,3.39456,2.08
14.600280412996653,8.28,3.314688,2.08
14.654538122995291,8.44,3.39456,2.08
14.708675661997404,8.36,3.39456,2.08
14.762860406000982,8.32,3.354624,2.08
14.817031708000286,8.44,3.434496,2.08
14.871254854995641,8.32,3.354624,2.08
14.925436429999536,8.36,3.354624,2.08
14.979618644996663,8.4,3.39456,2.08
15.033953769998334,8.32,3.314688,2.08
15.088267357001314,8.44,3.39456,2.08
15.142423489996872,8.36,3.354624,2.08
15.196598407994315,8.36,3.314688,2.08
15.250782798997534,8.44,3.39456,2.08
15.304979319997074,8.32,3.314688,2.08
15.359182268999575,8.36,3.354624,2.08
15.413327322996338,8.4,3.39456,2.08
15.467561505000049,8.28,3.314688,2.08
15.522089888996561,8.4,3.354624,2.08
15.576299364998704,8.36,3.39456,2.08
15.630469541996717,8.32,3.314688,2.08
15.68475742499868,8.4,3.39456,2.08
15.738921776995994,8.28,3.354624,2.08
15.793081872994662,8.36,3.354624,2.08
15.847267058998113,8.4,3.39456,2.08
15.90146098099649,8.28,3.314688,2.08
15.955656215999625,8.4,3.39456,2.08
16.00983759399969,8.36,3.39456,2.08
16.064050558001327,8.32,3.314688,2.08
16.11827491499571,8.44,3.39456,2.08
16.17246080499899,8.32,3.354624,2.08
16.226619140994444,8.36,3.354624,2.08
16.28080192700145,8.4,3.39456,2.08
16.33499130299606,8.28,3.314688,2.08
16.389182179998897,8.4,3.354624,2.08
16.443435013999988,8.4,3.354624,2.08
16.497592447994975,8.32,3.314688,2.08
16.55184086599911,8.48,3.434496,2.08
16.60609062799631,8.52,3.514368,2.08
16.660536566996598,8.52,3.474432,2.08
16.71483586999966,8.56,3.514368,2.08
16.768998968000233,8.44,3.434496,2.08
16.823141745000612,8.52,3.474432,2.08
16.877260358996864,8.48,3.474432,2.08
16.931399967994366,8.4,3.39456,2.08
16.985632607997104,8.52,3.474432,2.08
17.039903844000946,8.4,3.434496,2.08
17.09405737400084,8.44,3.39456,2.08
17.148192725995614,8.48,3.434496,2.08
17.202325325997663,8.36,3.354624,2.08
17.256461381999543,8.44,3.39456,2.08
17.310659779999696,8.44,3.39456,2.08
17.364879741995537,8.36,3.354624,2.08
17.41906075699808,8.48,3.39456,2.08
17.473315602001094,8.36,3.354624,2.08
17.527800739000668,8.36,3.354624,2.08
17.58192785999563,8.44,3.434496,2.08
17.636237525999604,8.32,3.354624,2.08
17.690365927999665,8.4,3.39456,2.08
17.744512443998246,8.36,3.39456,2.08
17.7987750329994,8.32,3.354624,2.08
17.85298430599505,8.44,3.434496,2.08
17.90724199899705,8.32,3.354624,2.08
17.961380449996796,8.36,3.354624,2.08
18.015511315999902,8.44,3.434496,2.08
18.069699275998573,8.32,3.354624,2.08
18.12392903,8.4,3.39456,2.08
18.178074297997227,8.4,3.39456,2.08
18.23218896999606,8.32,3.314688,2.08
18.28637206499843,8.44,3.39456,2.08
18.34067728000082,8.36,3.354624,2.08
18.394877522994648,8.36,3.354624,2.08
18.44900659099949,8.44,3.39456,2.08
18.503303385994514,8.32,3.314688,2.08
18.557482475000143,8.4,3.354624,2.08
18.611621625001135,8.4,3.39456,2.08
18.665825388001394,8.32,3.314688,2.08
18.72018753199518,8.44,3.39456,2.08
18.774329626001418,8.36,3.39456,2.08
18.828553902996646,8.36,3.354624,2.08
18.88280608599598,8.44,3.434496,2.08
18.93693934699695,8.32,3.354624,2.08
18.991060446998745,8.4,3.39456,2.08
19.045189610995294,8.4,3.39456,2.08
19.09940467099659,8.32,3.314688,2.08
19.15357537499949,8.44,3.39456,2.08
19.207800995995058,8.36,3.354624,2.08
19.26192734399956,8.36,3.354624,2.08
19.31606687799649,8.44,3.39456,2.08
19.370288076999714,8.32,3.314688,2.08
19.424420755996834,8.4,3.354624,2.08
19.478620576999674,8.4,3.39456,2.08
19.53285925000091,8.32,3.314688,2.08
19.587040284997784,8.44,3.39456,2.08
19.641239881995716,8.44,3.434496,2.08
19.695619174999592,8.52,3.474432,2.08
19.74998035399767,8.6,3.514368,2.08
19.804239573000814,8.44,3.434496,2.08
19.8584362900001,8.48,3.474432,2.08
19.912638158995833,8.52,3.474432,2.08
19.9668821439991,8.4,3.39456,2.08
20.021140977994946,8.52,3.474432,2.08
20.07541658199625,8.44,3.434496,2.08
20.129819652996957,8.4,3.39456,2.08
20.184054516998003,8.52,3.474432,2.08
20.238210591000097,8.4,3.39456,2.08
20.29239121000137,8.44,3.39456,2.08
20.346540751997964,8.44,3.434496,2.08
20.400764248995984,8.32,3.354624,2.08
20.45498918699741,8.44,3.39456,2.08
20.50922814200021,8.4,3.39456,2.08
20.56340817999444,8.36,3.354624,2.08
20.617559607999283,8.44,3.434496,2.08
20.67171740399499,8.32,3.354624,2.08
20.725900897996326,8.4,3.39456,2.08
20.780058085998462,8.4,3.434496,2.08
20.834204200997192,8.28,3.354624,2.08
20.888373101995967,8.4,3.39456,2.08
20.942509647997213,8.36,3.39456,2.08
20.996650802997465,8.36,3.354624,2.08
21.050819415999285,8.44,3.434496,2.08
21.10499058899586,8.32,3.354624,2.08
21.159281228996406,8.4,3.354624,2.08
21.21345448200009,8.44,3.434496,2.08
21.267624950996833,8.32,3.314688,2.08
21.321822909994808,8.44,3.39456,2.08
21.375957081996603,8.36,3.39456,2.08
21.430167293998238,8.32,3.314688,2.08
21.48434355000063,8.44,3.39456,2.08
21.538520189998962,8.32,3.354624,2.08
21.59270415899664,8.36,3.354624,2.08
21.646836954998435,8.4,3.39456,2.08
21.70100120999996,8.28,3.314688,2.08
21.755219197999395,8.4,3.39456,2.08
21.80945917200006,8.36,3.39456,2.08
21.863661445997423,8.32,3.354624,2.08
21.91781078799977,8.44,3.434496,2.08
21.97208097199473,8.32,3.354624,2.08
22.02622589800012,8.36,3.354624,2.08
22.08040013799473,8.4,3.434496,2.08
22.13453782999568,8.32,3.314688,2.08
22.18891925599746,8.44,3.39456,2.08
22.243107673995837,8.4,3.39456,2.08
22.297330109999166,8.32,3.314688,2.08
22.35150792999775,8.44,3.39456,2.08
22.40564805000031,8.32,3.354624,2.08
22.45980663500086,8.36,3.354624,2.08
22.514037419001397,8.44,3.39456,2.08
22.56821008499537,8.28,3.314688,2.08
22.622456901997793,8.4,3.39456,2.08
22.676595356999314,8.4,3.39456,2.08
22.731048623994866,8.48,3.474432,2.08
22.785822270001518,8.64,3.554304,2.08
22.840237357995647,8.52,3.508736,2.08
22.894499599999108,8.56,3.468864,2.08
22.9487112459974,8.6,3.508736,2.08
23.00295598199591,8.48,3.434496,2.08
23.0582173829971,8.52,3.474432,2.08
23.112384640997334,8.52,3.474432,2.08
23.16653064899583,8.44,3.39456,2.08
23.22111906400096,8.52,3.434496,2.08
23.275344534995384,8.48,3.434496,2.08
23.329622616998677,8.44,3.39456,2.08
23.383881301000656,8.52,3.434496,2.08
23.438219351999578,8.4,3.39456,2.08
23.492525656998623,8.44,3.39456,2.08
23.546811255997454,8.48,3.434496,2.08
23.601150907001283,8.32,3.354624,2.08
23.655505023998558,8.44,3.39456,2.08
23.71017305499845,8.4,3.39456,2.08
23.764377847001015,8.32,3.354624,2.08
23.818928269000025,8.44,3.434496,2.08
23.87314461400092,8.36,3.39456,2.08
23.92734284499602,8.36,3.354624,2.08
23.981477901994367,8.44,3.434496,2.08
24.03560751999612,8.32,3.354624,2.08
24.08975912299502,8.44,3.39456,2.08
24.143902853000327,8.4,3.39456,2.08
24.198052184001426,8.36,3.354624,2.08
24.252317077000043,8.48,3.39456,2.08
24.306447429997206,8.36,3.354624,2.08
24.360564721995615,8.36,3.354624,2.08
24.414664538999205,8.44,3.39456,2.08
24.468810567996115,8.32,3.314688,2.08
24.523015578000923,8.4,3.39456,2.08
24.577140262001194,8.36,3.39456,2.08
24.631261488997552,8.32,3.314688,2.08
24.685404605996155,8.44,3.434496,2.08
24.739544169999135,8.32,3.354624,2.08
24.793751804994827,8.36,3.354624,2.08
24.84798360199784,8.4,3.434496,2.08
24.902149151996127,8.28,3.354624,2.08
24.956268394998915,8.4,3.39456,2.08
25.01066090999666,8.4,3.39456,2.08
25.064852158997383,8.32,3.314688,2.08
25.118975817997125,8.44,3.39456,2.08
25.173091252996528,8.36,3.354624,2.08
25.22723152099934,8.4,3.354624,2.08
25.281405552996148,8.44,3.39456,2.08
25.335541435000778,8.32,3.314688,2.08
25.38964851199853,8.4,3.39456,2.08
25.44376032499713,8.4,3.39456,2.08
25.497972977995232,8.32,3.314688,2.08
25.55215967699769,8.44,3.39456,2.08
25.60659900600149,8.36,3.354624,2.08
25.660879921997548,8.36,3.354624,2.08
25.71510076800041,8.44,3.434496,2.08
25.769261512999947,8.36,3.39456,2.08
25.82331607300148,8.56,3.514368,2.08
25.877767498997855,8.52,3.554304,2.08
25.93199042500055,8.44,3.434496,2.08
25.98617795699829,8.56,3.514368,2.08
26.040325964997464,8.48,3.474432,2.08
26.094656707995455,8.48,3.434496,2.08
26.148803563999536,8.52,3.474432,2.08
26.20315018099791,8.4,3.39456,2.08
26.258519830997102,8.48,3.434496,2.08
26.312821708001138,8.48,3.474432,2.08
26.368565657001454,8.36,3.39456,2.08
26.42297310599679,8.48,3.434496,2.08
26.477220221000607,8.44,3.434496,2.08
26.53149930699874,8.36,3.354624,2.08
26.58562221899774,8.48,3.434496,2.08
26.63979511999787,8.36,3.39456,2.08
26.693901837999874,8.4,3.39456,2.08
26.74801063799532,8.44,3.434496,2.08
26.80215892799606,8.32,3.354624,2.08
26.856302770000184,8.44,3.39456,2.08
26.910386126997764,8.4,3.434496,2.08
26.964510480000172,8.32,3.354624,2.08
27.01887635699677,8.48,3.434496,2.08
27.073251386995253,8.36,3.39456,2.08
27.127506886994524,8.4,3.354624,2.08
27.181689516000915,8.44,3.434496,2.08
27.235905205001472,8.32,3.354624,2.08
27.290292972000316,8.44,3.39456,2.08
27.344707427000685,8.4,3.39456,2.08
27.398987306994968,8.32,3.314688,2.08
27.453215406996605,8.44,3.39456,2.08
27.507471222001186,8.36,3.354624,2.08
27.561629780000658,8.36,3.354624,2.08
27.6157591509982,8.44,3.39456,2.08
27.66988135399879,8.32,3.354624,2.08
27.724013605999062,8.4,3.39456,2.08
27.778180964000057,8.36,3.39456,2.08
27.832312191996607,8.28,3.354624,2.08
27.886992874999123,8.44,3.39456,2.08
27.94140502299706,8.36,3.39456,2.08
27.99562790699565,8.36,3.354624,2.08
28.049866631998157,8.44,3.434496,2.08
28.104186962998938,8.32,3.354624,2.08
28.158406294998713,8.4,3.354624,2.08
28.212535697995918,8.4,3.39456,2.08
28.26669873699575,8.32,3.314688,2.08
28.321063359995605,8.44,3.39456,2.08
28.375299806997646,8.36,3.39456,2.08
28.429588386999967,8.36,3.314688,2.08
28.483773790001578,8.44,3.39456,2.08
28.53793643899553,8.32,3.354624,2.08
28.592060876995674,8.36,3.354624,2.08
28.646218372996373,8.4,3.39456,2.08
28.700369628997578,8.28,3.314688,2.08
28.754559032000543,8.4,3.39456,2.08
28.80867982199561,8.36,3.39456,2.08
28.863178467996477,8.48,3.474432,2.08
28.917521227995167,8.6,3.554304,2.08
28.971845586995187,8.48,3.474432,2.08
29.026571709000564,8.48,3.474432,2.08
29.080740757999592,8.52,3.514368,2.08
29.134888301996398,8.4,3.39456,2.08
29.189010338996013,8.52,3.474432,2.08
29.24312012000155,8.44,3.434496,2.08
29.297355542999867,8.4,3.39456,2.08
29.35168985099881,8.52,3.474432,2.08
29.40586935999454,8.4,3.39456,2.08
29.4600554619974,8.44,3.39456,2.08
29.51417586200114,8.48,3.434496,2.08
29.56829034099792,8.32,3.354624,2.08
29.62241438899946,8.44,3.39456,2.08
29.676519203996577,8.4,3.434496,2.08
29.730653588994755,8.32,3.354624,2.08
29.785045596996497,8.44,3.434496,2.08
29.83917748499516,8.36,3.39456,2.08
29.893325791999814,8.36,3.39456,2.08
29.94751166900096,8.44,3.434496,2.08
30.00209633299528,8.28,3.314688,2.08
0.0003914900007657707,7.772416,3.0,2.0032
0.05468572899553692,7.972736,3.12,2.0032
0.1090383729970199,7.932672,3.12,2.0032
0.16328671899827896,7.972736,3.12,2.0032
0.21750210400205106,8.132992,3.19488,2.043264
0.2716949250025209,8.052864,3.2,2.043264
0.3259832699986873,8.12,3.19488,2.043264
0.38016559000243433,8.2,3.274752,2.04
0.4344568149972474,8.08,3.234816,2.04
0.48883015899627935,8.24,3.274752,2.04
0.5432379389967537,8.2,3.314688,2.04
0.5975494539961801,8.16,3.274752,2.04
0.6520555449969834,8.32,3.354624,2.08
0.7062838849960826,8.24,3.314688,2.04
0.7604467470009695,8.28,3.314688,2.04
0.814675374997023,8.36,3.354624,2.08
0.8688061389984796,8.24,3.274752,2.04
0.9229422470016289,8.36,3.354624,2.08
0.9770419350024895,8.32,3.354624,2.08
1.03117641100107,8.28,3.314688,2.08
1.0853767489970778,8.4,3.39456,2.08
1.1395828789973166,8.28,3.354624,2.08
1.193712873995537,8.32,3.314688,2.08
1.2478135549972649,8.4,3.39456,2.08
1.3020216329969116,8.28,3.314688,2.08
1.3563610490018618,8.4,3.354624,2.08
1.4105192979986896,8.36,3.39456,2.08
1.4647162050023326,8.32,3.314688,2.08
1.5188601810004911,8.44,3.39456,2.08
1.5729938829972525,8.32,3.354624,2.08
1.6271150399988983,8.36,3.354624,2.08
1.6812640400021337,8.4,3.434496,2.08
1.7353854850007338,8.28,3.314688,2.08
1.7895300679956563,8.4,3.39456,2.08
1.8437069099963992,8.48,3.474432,2.08
1.8977690230021835,8.52,3.474432,2.08
1.9525529890015605,8.64,3.554304,2.08
2.0069099419997656,8.48,3.474432,2.08
2.061062109998602,8.48,3.434496,2.08
2.1152218950010138,8.56,3.514368,2.08
2.1693611980008427,8.4,3.39456,2.08
2.2235549690012704,8.48,3.434496,2.08
2.2776953270004014,8.44,3.434496,2.08
2.3318420489958953,8.4,3.39456,2.08
2.386190835997695,8.52,3.434496,2.08
2.440423453997937,8.4,3.434496,2.08
2.4946583429991733,8.4,3.39456,2.08
2.548770631001389,8.44,3.474432,2.08
2.602884293999523,8.32,3.354624,2.08
2.6570252230012557,8.44,3.434496,2.08
2.711142567000934,8.4,3.434496,2.08
2.7652820570001495,8.32,3.354624,2.08
2.8194863839962636,8.48,3.434496,2.08
2.873616143995605,8.36,3.39456,2.08
2.9277522420015885,8.4,3.354624,2.08
2.9818668969965074,8.44,3.434496,2.08
3.0366472089954186,8.32,3.354624,2.08
3.090990235999925,8.4,3.354624,2.08
3.145532032001938,8.4,3.39456,2.08
3.199706405001052,8.32,3.314688,2.08
3.2545529950002674,8.48,3.39456,2.08
3.3087836560007418,8.4,3.39456,2.08
3.3631313820005744,8.36,3.354624,2.08
3.417396124001243,8.48,3.434496,2.08
3.4715832290021353,8.36,3.354624,2.08
3.526078390998009,8.4,3.39456,2.08
3.5802021299969056,8.44,3.434496,2.08
3.6345571849960834,8.32,3.354624,2.08
3.6887440970022,8.44,3.39456,2.08
3.7429273609959637,8.4,3.39456,2.08
3.7970635169986053,8.36,3.354624,2.08
3.8513442289986415,8.48,3.39456,2.08
3.905560647996026,8.36,3.354624,2.08
3.959707076995983,8.4,3.354624,2.08
4.013861378000001,8.44,3.39456,2.08
4.067983260996698,8.32,3.314688,2.08
4.1221119280016865,8.44,3.39456,2.08
4.176222930000222,8.36,3.39456,2.08
4.230341324000619,8.36,3.314688,2.08
4.284442049996869,8.44,3.39456,2.08
4.338613660002011,8.32,3.354624,2.08
4.392951011999685,8.4,3.354624,2.08
4.447161664997111,8.4,3.434496,2.08
4.5015113379995455,8.28,3.354624,2.08
4.555744295998011,8.4,3.39456,2.08
4.609956485001021,8.36,3.39456,2.08
4.6641350720019545,8.32,3.354624,2.08
4.718335771998682,8.44,3.434496,2.08
4.772506292996695,8.32,3.354624,2.08
4.826663469000778,8.4,3.354624,2.08
4.8807910109972,8.44,3.434496,2.08
4.934896854996623,8.48,3.474432,2.08
4.989326055001584,8.6,3.514368,2.08
5.0437051379994955,8.56,3.514368,2.08
5.097999158002494,8.48,3.434496,2.08
5.152226965001319,8.6,3.514368,2.08
5.206385772995418,8.48,3.434496,2.08
5.260645390000718,8.48,3.434496,2.08
5.314817858001334,8.52,3.474432,2.08
5.368998231002479,8.4,3.39456,2.08
5.423400127001514,8.48,3.434496,2.08
5.477657723000448,8.44,3.474432,2.08
5.531825582998863,8.36,3.39456,2.08
5.586184530999162,8.48,3.474432,2.08
5.64032054800191,8.4,3.434496,2.08
5.69445496499975,8.4,3.39456,2.08
5.748586661997251,8.48,3.434496,2.08
5.8027362799984985,8.36,3.354624,2.08
5.8569217740005115,8.44,3.39456,2.08
5.911076224998396,8.44,3.434496,2.08
5.965403073998459,8.36,3.354624,2.08
6.019879375999153,8.48,3.434496,2.08
6.07399737599917,8.4,3.39456,2.08
6.128334306995384,8.4,3.354624,2.08
6.182437392999418,8.44,3.434496,2.08
6.236743153000134,8.32,3.354624,2.08
6.29087554999569,8.4,3.39456,2.08
6.344982759997947,8.4,3.39456,2.08
6.399160246997781,8.32,3.354624,2.08
6.453550296995672,8.44,3.434496,2.08
6.507704901996476,8.36,3.39456,2.08
6.561864372000855,8.36,3.354624,2.08
6.616004928000621,8.44,3.434496,2.08
6.67020158500236,8.32,3.354624,2.08
6.724365695998131,8.4,3.39456,2.08
6.778514732999611,8.44,3.434496,2.08
6.83274787299888,8.32,3.354624,2.08
6.887188710999908,8.48,3.434496,2.08
6.9413814959989395,8.4,3.39456,2.08
6.995629965000262,8.36,3.354624,2.08
7.049768921002396,8.48,3.434496,2.08
7.104073556001822,8.36,3.39456,2.08
7.15890063400002,8.4,3.39456,2.08
7.214735287001531,8.44,3.434496,2.08
7.268904837001173,8.32,3.39456,2.08
7.324189516999468,8.4,3.434496,2.08
7.378352597996127,8.44,3.434496,2.08
7.4325905660007265,8.32,3.39456,2.08
7.487010853001266,8.48,3.474432,2.08
7.541787586000282,8.4,3.434496,2.08
7.595992110000225,8.4,3.39456,2.08
7.650771148000786,8.48,3.474432,2.08
7.704979991998698,8.36,3.39456,2.08
7.759851709997747,8.4,3.39456,2.08
7.815764603998105,8.48,3.474432,2.08
7.86995901499904,8.36,3.39456,2.08
7.9241340329972445,8.44,3.434496,2.08
7.978364736001822,8.56,3.554304,2.08
8.03261467199627,8.52,3.514368,2.08
8.087148024998896,8.64,3.554304,2.08
8.142008668997732,8.52,3.554304,2.08
8.19646911900054,8.48,3.474432,2.08
8.25155064700084,8.6,3.514368,2.08
8.306160257001466,8.44,3.474432,2.08
8.360772683001414,8.48,3.474432,2.08
8.41537304299709,8.52,3.514368,2.08
8.469748552997771,8.4,3.434496,2.08
8.524752723998972,8.48,3.474432,2.08
8.579044034995604,8.48,3.514368,2.08
8.635033505997853,8.4,3.39456,2.08
8.689396278998174,8.48,3.474432,2.08
8.74360553400038,8.48,3.474432,2.08
8.797867881999991,8.4,3.39456,2.08
8.852166744996794,8.52,3.474432,2.08
8.906327101001807,8.4,3.39456,2.08
8.960678641000413,8.44,3.39456,2.08
9.014826163001999,8.48,3.474432,2.08
9.068991287000244,8.36,3.39456,2.08
9.123151642001176,8.44,3.434496,2.08
9.177525776001858,8.44,3.434496,2.08
9.231680593999045,8.36,3.354624,2.08
9.28586594099761,8.48,3.434496,2.08
9.340004496996698,8.36,3.39456,2.08
9.394170255996869,8.4,3.39456,2.08
9.44833492700127,8.48,3.474432,2.08
9.504144088998146,8.36,3.39456,2.08
9.558452099001443,8.44,3.434496,2.08
9.61262934700062,8.44,3.474432,2.08
9.66676998299954,8.36,3.39456,2.08
9.720924700995965,8.48,3.434496,2.08
9.775060152998776,8.4,3.434496,2.08
9.829277147997345,8.4,3.39456,2.08
9.883419833000517,8.48,3.434496,2.08
9.937606424995465,8.36,3.39456,2.08
9.992028813001525,8.44,3.39456,2.08
10.046188202999474,8.44,3.434496,2.08
10.100354921996768,8.32,3.354624,2.08
10.154875783002353,8.48,3.434496,2.08
10.209030947997235,8.44,3.434496,2.08
10.263154590997146,8.4,3.39456,2.08
10.317268020000483,8.48,3.434496,2.08
10.371387688996037,8.36,3.39456,2.08
10.425582916999701,8.44,3.434496,2.08
10.479717882997647,8.44,3.474432,2.08
10.53404140999919,8.36,3.39456,2.08
10.588223836995894,8.48,3.434496,2.08
10.64235358699807,8.4,3.434496,2.08
10.696512939997774,8.4,3.39456,2.08
10.750758379996114,8.48,3.474432,2.08
10.805123861995526,8.36,3.39456,2.08
10.85939752899867,8.44,3.39456,2.08
10.913566065995838,8.44,3.434496,2.08
10.967780879997008,8.32,3.354624,2.08
11.02214892199845,8.48,3.434496,2.08
11.076433276997705,8.6,3.59424,2.08
11.130686942000466,8.52,3.514368,2.08
11.185108172998298,8.64,3.59424,2.08
11.239373103002436,8.48,3.514368,2.08
11.29356525500043,8.52,3.514368,2.08
11.34777347099589,8.56,3.554304,2.08
11.401959123999404,8.44,3.474432,2.08
11.456203246998484,8.52,3.514368,2.08
11.510344000998884,8.52,3.514368,2.08
11.564727495002444,8.44,3.434496,2.08
11.619398053997429,8.56,3.514368,2.08
11.673622271002387,8.44,3.474432,2.08
11.727847927999392,8.48,3.434496,2.08
11.78198157800216,8.52,3.474432,2.08
11.836127451999346,8.4,3.39456,2.08
11.890267053997377,8.48,3.434496,2.08
11.944425568995939,8.48,3.474432,2.08
11.998596789999283,8.4,3.39456,2.08
12.05281828599982,8.52,3.474432,2.08
12.10695238399785,8.4,3.434496,2.08
12.161138388997642,8.4,3.39456,2.08
12.215840951001155,8.48,3.474432,2.08
12.269999112999358,8.32,3.39456,2.04
12.32412773300166,8.4,3.434496,2.04
12.378274657996371,8.4,3.474432,2.04
12.433433509002498,8.32,3.39456,2.04
12.487785796001845,8.44,3.474432,2.04
12.541976180000347,8.36,3.434496,2.04
12.5961861830001,8.36,3.39456,2.04
12.650365399000293,8.44,3.474432,2.04
12.7047627130014,8.32,3.39456,2.04
12.75937108600192,8.4,3.39456,2.04
12.81374094200146,8.44,3.474432,2.04
12.868398630002048,8.32,3.39456,2.0
12.92355978499836,8.4,3.434496,2.04
12.977856771001825,8.4,3.434496,2.04
13.033118318999186,8.28,3.354624,2.0
13.087374757000362,8.4,3.434496,2.04
13.141492495997227,8.32,3.39456,2.0
13.195633757000905,8.32,3.39456,2.0
13.249778154000524,8.4,3.474432,2.04
13.304032699001255,8.28,3.39456,2.0
13.358154273002583,8.36,3.434496,2.0
13.412294697001926,8.36,3.474432,2.04
13.466414893999172,8.28,3.354624,2.0
13.520617754998966,8.4,3.434496,2.04
13.574759554001503,8.32,3.434496,2.0
13.629043189997901,8.32,3.39456,2.0
13.683245699001418,8.44,3.434496,2.04
13.737423468999623,8.32,3.39456,2.0
13.791583990001527,8.4,3.39456,2.0
13.845700892001332,8.4,3.434496,2.04
13.899841154998285,8.28,3.354624,2.0
13.954073745997448,8.4,3.434496,2.04
14.008247259997006,8.32,3.39456,2.0
14.062654905996169,8.32,3.39456,2.0
14.116858214998501,8.52,3.554304,2.04
14.17143038699578,8.44,3.514368,2.0
14.225936312999693,8.48,3.514368,2.0
14.280208010000933,8.52,3.554304,2.04
14.336210089000815,8.4,3.474432,2.0
14.391686203998688,8.44,3.514368,2.04
14.446018991002347,8.48,3.554304,2.04
14.502034288001596,8.36,3.434496,2.0
14.556426023002132,8.44,3.474432,2.04
14.610632334995898,8.44,3.474432,2.04
14.665038214996457,8.36,3.39456,2.0
14.719469026000297,8.48,3.474432,2.04
14.773768177998136,8.4,3.434496,2.0
14.828337623999687,8.4,3.434496,2.0
14.8825319030002,8.44,3.474432,2.04
14.936725412997475,8.32,3.39456,2.0
14.99095425500127,8.4,3.434496,2.0
15.045242845997564,8.4,3.474432,2.04
15.099617171996215,8.32,3.354624,2.0
15.153752756996255,8.44,3.434496,2.04
15.207855476000987,8.32,3.434496,2.0
15.261995510001725,8.32,3.39456,2.0
15.316093615001591,8.4,3.474432,2.04
15.370242252996832,8.28,3.39456,2.0
15.42446606500016,8.36,3.434496,2.0
15.478632591999485,8.36,3.474432,2.0
15.53277370899741,8.28,3.39456,2.0
15.586913193998043,8.4,3.474432,2.04
15.641031685001508,8.36,3.434496,2.0
15.695423671000754,8.36,3.39456,2.0
15.749663100999896,8.44,3.474432,2.04
15.80378491999727,8.32,3.39456,2.0
15.857958328000677,8.4,3.39456,2.0
15.912093876002473,8.4,3.434496,2.04
15.96622993699566,8.28,3.354624,2.0
16.020388366996485,8.44,3.434496,2.04
16.07450532200164,8.32,3.39456,2.0
16.128715116996318,8.32,3.39456,2.0
16.18282711199572,8.4,3.434496,2.04
16.23697526899923,8.28,3.354624,2.0
16.2911077739991,8.36,3.39456,2.0
16.345571600999392,8.4,3.434496,2.04
16.399804784996377,8.28,3.354624,2.0
16.454181884997524,8.4,3.434496,2.04
16.508323795998876,8.36,3.434496,2.0
16.562471213001118,8.36,3.39456,2.0
16.616610339995532,8.44,3.434496,2.04
16.670995025000593,8.32,3.39456,2.0
16.72528978099581,8.4,3.39456,2.0
16.77949102599814,8.4,3.434496,2.0
16.833721201997832,8.28,3.354624,2.0
16.887936400002218,8.4,3.434496,2.0
16.94213425199996,8.36,3.39456,2.0
16.996485686002416,8.32,3.354624,2.0
17.05069393899612,8.4,3.434496,2.04
17.10495618099958,8.28,3.39456,2.0
17.159398085997964,8.36,3.39456,2.0
17.213904573000036,8.6,3.59424,2.04
17.268095383995387,8.44,3.514368,2.0
17.322371925998596,8.52,3.554304,2.04
17.37659614400036,8.48,3.514368,2.04
17.430798214998504,8.4,3.474432,2.0
17.48495769099827,8.48,3.514368,2.04
17.539090124999348,8.36,3.474432,2.0
17.593257889995584,8.4,3.434496,2.0
17.647376371001883,8.44,3.474432,2.04
17.701623310000286,8.32,3.39456,2.0
17.755810820999613,8.44,3.434496,2.0
17.80997112899786,8.4,3.434496,2.0
17.864161167999555,8.32,3.39456,2.0
17.91835415099922,8.44,3.474432,2.04
17.972572384001978,8.32,3.39456,2.0
18.02673073999904,8.36,3.39456,2.0
18.080849956997554,8.4,3.474432,2.04
18.1350049199973,8.28,3.39456,2.0
18.189139178000914,8.4,3.434496,2.0
18.243278973000997,8.36,3.434496,2.0
18.297490193996055,8.28,3.39456,2.0
18.351646208000602,8.4,3.474432,2.04
18.405785164999543,8.32,3.434496,2.0
18.45996345399908,8.36,3.39456,2.0
18.5140769369973,8.4,3.474432,2.04
18.568405637997785,8.28,3.354624,2.0
18.622550740001316,8.4,3.434496,2.0
18.676683329002117,8.36,3.434496,2.0
18.73081908599852,8.32,3.39456,2.0
18.78493586499826,8.44,3.434496,2.04
18.839072645998385,8.32,3.39456,2.0
18.893213586998172,8.36,3.39456,2.0
18.947327775000304,8.4,3.434496,2.04
19.001659515997744,8.28,3.354624,2.0
19.055785735996324,8.36,3.434496,2.0
19.109932886000024,8.32,3.434496,2.0
19.16413040799671,8.28,3.354624,2.0
19.218299703999946,8.4,3.434496,2.04
19.272429666998505,8.28,3.39456,2.0
19.32656717899954,8.32,3.39456,2.0
19.380693234001228,8.4,3.434496,2.04
19.43492224199872,8.24,3.354624,2.0
19.489108718000352,8.4,3.434496,2.0
19.54325851899921,8.36,3.434496,2.0
19.597406558998046,8.32,3.354624,2.0
19.65156381700217,8.44,3.434496,2.04
19.705705168998975,8.32,3.39456,2.0
19.75997238799755,8.36,3.39456,2.0
19.814144334995945,8.4,3.434496,2.04
19.868335387000116,8.28,3.354624,2.0
19.922483875998296,8.4,3.39456,2.0
19.97665425499872,8.36,3.434496,2.0
20.030798806998064,8.32,3.354624,2.0
20.08490028399683,8.4,3.434496,2.04
20.139000384995597,8.32,3.39456,2.0
20.19333061699581,8.32,3.39456,2.0
20.247464993000904,8.52,3.554304,2.04
20.301750737002294,8.44,3.514368,2.0
20.356458980000752,8.52,3.554304,2.04
20.41064737099805,8.48,3.554304,2.04
20.464798574997985,8.4,3.474432,2.0
20.518941073998576,8.52,3.554304,2.04
20.57307025999762,8.4,3.474432,2.0
20.62725964299898,8.44,3.474432,2.0
20.68138482899667,8.48,3.514368,2.04
20.73557561999769,8.36,3.434496,2.0
20.789951578997716,8.44,3.474432,2.0
20.844098877998476,8.4,3.474432,2.04
20.89837249199627,8.36,3.39456,2.0
20.95281978500134,8.48,3.474432,2.04
21.00693364199833,8.36,3.434496,2.0
21.061133201998018,8.36,3.39456,2.0
21.115278133001993,8.44,3.474432,2.04
21.169409559995984,8.28,3.39456,2.0
21.22354025000095,8.4,3.434496,2.0
21.277658008999424,8.36,3.474432,2.0
21.331755507002526,8.28,3.39456,2.0
21.38605039799586,8.44,3.474432,2.04
21.440238944000157,8.32,3.434496,2.0
21.494390879001003,8.36,3.39456,2.0
21.548567391997494,8.44,3.434496,2.04
21.602687036000134,8.28,3.354624,2.0
21.656830841995543,8.4,3.39456,2.0
21.710958454998035,8.4,3.434496,2.04
21.76534813699982,8.32,3.354624,2.0
21.81972284299991,8.44,3.434496,2.04
21.87417861099675,8.36,3.39456,2.0
21.928411832996062,8.36,3.39456,2.0
21.98257992899744,8.44,3.434496,2.04
22.036738520000654,8.28,3.354624,2.0
22.09085985999991,8.36,3.39456,2.0
22.144941901002312,8.36,3.434496,2.04
22.19903690299543,8.28,3.354624,2.0
22.25347807900107,8.4,3.434496,2.04
22.307594006000727,8.32,3.434496,2.0
22.361707691998163,8.32,3.39456,2.0
22.41598263999913,8.4,3.474432,2.04
22.470112647999485,8.32,3.39456,2.0
22.52423219099728,8.4,3.434496,2.0
22.578344884997932,8.4,3.434496,2.0
22.63248967799882,8.32,3.354624,2.0
22.686733456001093,8.44,3.434496,2.04
22.740964976001123,8.36,3.39456,2.0
22.795071526001266,8.36,3.39456,2.0
22.84947205199569,8.44,3.434496,2.04
22.9036192450003,8.32,3.39456,2.0
22.957993882002484,8.36,3.39456,2.0
23.01209694299905,8.36,3.434496,2.04
23.06621616600023,8.28,3.354624,2.0
23.120327388998703,8.4,3.434496,2.04
23.17443797099986,8.32,3.39456,2.0
23.22857348300022,8.32,3.39456,2.0
23.282753860999946,8.4,3.474432,2.04
23.337000225001248,8.44,3.514368,2.0
23.391288801001792,8.52,3.554304,2.04
23.44589132299734,8.52,3.59424,2.04
23.500150872998347,8.4,3.474432,2.0
23.554289195999445,8.52,3.554304,2.04
23.60841919900122,8.44,3.514368,2.0
23.662656986998627,8.4,3.474432,2.0
23.71680878299958,8.48,3.514368,2.04
23.771041610001703,8.36,3.434496,2.0
23.82519391900132,8.44,3.474432,2.0
23.87953680299688,8.44,3.514368,2.04
23.93383229200117,8.32,3.39456,2.0
23.988186921000306,8.44,3.474432,2.04
24.042504331999226,8.36,3.474432,2.0
24.096632221997424,8.32,3.39456,2.0
24.15072414199676,8.44,3.474432,2.04
24.20486524899752,8.32,3.434496,2.0
24.25898635500198,8.36,3.434496,2.0
24.31329559999722,8.4,3.474432,2.04
24.36739013800252,8.28,3.39456,2.0
24.42157530899567,8.4,3.434496,2.04
24.475677463997272,8.36,3.434496,2.0
24.529768610002066,8.32,3.39456,2.0
24.584015225002076,8.44,3.434496,2.04
24.6381068519986,8.32,3.39456,2.0
24.692219887998363,8.36,3.39456,2.0
24.74645075800072,8.4,3.434496,2.04
24.80066415500187,8.28,3.354624,2.0
24.854789671997423,8.4,3.434496,2.04
24.908948696000152,8.36,3.434496,2.0
24.96312404100172,8.32,3.39456,2.0
25.01743632600119,8.4,3.434496,2.04
25.07154747399909,8.28,3.39456,2.0
25.125649436995445,8.36,3.39456,2.0
25.179728645998694,8.36,3.474432,2.04
25.233815120001964,8.28,3.39456,2.0
25.28807002100075,8.4,3.434496,2.04
25.34237148399552,8.32,3.434496,2.0
25.39654983299988,8.32,3.39456,2.0
25.450724725000327,8.4,3.474432,2.04
25.504942148996633,8.28,3.39456,2.0
25.55905361099576,8.36,3.39456,2.0
25.613167154995608,8.4,3.434496,2.04
25.66731455599802,8.28,3.354624,2.0
25.72144038899569,8.4,3.434496,2.04
25.775539914000547,8.36,3.39456,2.0
25.82968056399841,8.32,3.354624,2.0
25.88382786999864,8.4,3.434496,2.04
25.93803101999947,8.28,3.39456,2.0
25.99215624399949,8.36,3.39456,2.0
26.046456554999168,8.4,3.434496,2.04
26.100749473000178,8.28,3.354624,2.0
26.15487456900155,8.4,3.434496,2.04
26.20898753599613,8.32,3.434496,2.0
26.26309381399915,8.32,3.39456,2.0
26.317347235999478,8.4,3.474432,2.04
26.37168431199825,8.36,3.474432,2.0
26.42588377699576,8.52,3.554304,2.04
26.480350817000726,8.56,3.59424,2.04
26.534526247996837,8.4,3.474432,2.0
26.588718480001262,8.52,3.514368,2.04
26.642853523997474,8.44,3.514368,2.04
26.696986647999438,8.4,3.434496,2.0
26.75114124499669,8.52,3.514368,2.04
26.80529017799563,8.36,3.434496,2.0
26.859445158996095,8.4,3.434496,2.0
26.91375000900007,8.44,3.474432,2.04
26.967943522002315,8.32,3.39456,2.0
27.022282486999757,8.44,3.434496,2.04
27.076384184001654,8.36,3.434496,2.04
27.130482039996423,8.32,3.39456,2.0
27.184719012999267,8.44,3.474432,2.04
27.238812133000465,8.32,3.39456,2.0
27.292910529999062,8.36,3.39456,2.0
27.347006461997807,8.4,3.474432,2.04
27.401141148002353,8.28,3.354624,2.0
27.455443945000297,8.4,3.434496,2.0
27.509808666996832,8.36,3.434496,2.0
27.563958330996684,8.32,3.354624,2.0
27.61806162299763,8.44,3.434496,2.04
27.67217397099739,8.32,3.39456,2.0
27.726348372998473,8.36,3.39456,2.0
27.780437936002272,8.4,3.434496,2.04
27.834567790996516,8.28,3.354624,2.0
27.888978147995658,8.4,3.39456,2.0
27.943295601995487,8.36,3.434496,2.0
27.99750770299579,8.28,3.354624,2.0
28.051755230997514,8.4,3.434496,2.04
28.10625574000005,8.32,3.39456,2.0
28.160411004995694,8.32,3.39456,2.0
28.214745355995547,8.4,3.474432,2.04
28.268953070997668,8.28,3.39456,2.0
28.323086056996544,8.4,3.434496,2.0
28.377249220997328,8.36,3.434496,2.0
28.431817826000042,8.28,3.354624,2.0
28.486106792995997,8.44,3.434496,2.04
28.54030877599871,8.32,3.39456,2.0
28.594455009995727,8.36,3.39456,2.0
28.648718694996205,8.48,3.434496,2.04
28.70294749599998,8.32,3.354624,2.0
28.75715341600153,8.4,3.39456,2.0
28.811418635996233,8.4,3.434496,2.04
28.865597256997717,8.32,3.354624,2.0
28.9197640689963,8.44,3.434496,2.04
28.974093295000785,8.36,3.39456,2.0
29.02824484199664,8.36,3.39456,2.0
29.08240483800182,8.44,3.474432,2.04
29.136617669995758,8.28,3.39456,2.0
29.190781154000433,8.36,3.434496,2.0
29.24489176899806,8.36,3.434496,2.04
29.299032912000257,8.28,3.354624,2.0
29.35325060300238,8.4,3.434496,2.04
29.40739536000183,8.32,3.39456,2.0
29.461742150000646,8.48,3.514368,2.0
29.51604541699635,8.56,3.59424,2.04
29.570462773001054,8.44,3.514368,2.0
29.62465508600144,8.48,3.514368,2.04
29.678786338001373,8.48,3.514368,2.04
29.732943383998645,8.36,3.434496,2.0
29.7870632760023,8.48,3.474432,2.04
29.84118579099595,8.4,3.434496,2.0
29.895587913997588,8.36,3.39456,2.0
29.949723646001075,8.44,3.474432,2.04
0.0002861030006897636,8.24,3.354624,2.0
0.05440733900468331,8.4,3.434496,2.0
0.10930521500267787,8.32,3.39456,2.0
0.16355775700503727,8.32,3.354624,2.0
0.2177465180066065,8.4,3.434496,2.04
0.27199352200113935,8.28,3.354624,2.0
0.3261689650025801,8.36,3.354624,2.0
0.3803465510063688,8.36,3.39456,2.0
0.4346190260039293,8.28,3.314688,2.0
0.4888513700061594,8.4,3.39456,2.04
0.5430378540040692,8.32,3.39456,2.0
0.5971887500054436,8.28,3.314688,2.0
0.651364449004177,8.4,3.39456,2.04
0.7055854000063846,8.24,3.354624,2.0
0.7597947009999189,8.32,3.354624,2.0
0.8139455980053754,8.36,3.39456,2.04
0.8681241450030939,8.24,3.314688,2.0
0.9223270780057646,8.4,3.39456,2.04
0.9765588780064718,8.32,3.39456,2.04
1.030957571005274,8.32,3.354624,2.0
1.0852361260040198,8.44,3.434496,2.04
1.1394645649997983,8.32,3.39456,2.0
1.1936435920069925,8.36,3.39456,2.0
1.247841309006617,8.4,3.434496,2.04
1.3019730640007765,8.28,3.354624,2.0
1.356208154000342,8.4,3.39456,2.0
1.410417099003098,8.36,3.39456,2.0
1.4646490209997864,8.32,3.354624,2.0
1.5188130020032986,8.4,3.434496,2.04
1.5730081850051647,8.28,3.354624,2.0
1.627346037006646,8.32,3.39456,2.0
1.6815954640042037,8.4,3.434496,2.04
1.735848029005865,8.28,3.354624,2.0
1.790005769005802,8.36,3.39456,2.0
1.844131442005164,8.32,3.434496,2.0
1.8983345300002838,8.28,3.354624,2.0
1.9525014230021043,8.4,3.434496,2.04
2.006635770005232,8.32,3.39456,2.0
2.0608181839997997,8.36,3.39456,2.0
2.1149544500003685,8.4,3.434496,2.04
2.1691250240037334,8.28,3.354624,2.0
2.2232733870041557,8.4,3.434496,2.0
2.27738340900396,8.36,3.39456,2.0
2.3315352240024367,8.32,3.354624,2.0
2.3857329940001364,8.44,3.434496,2.04
2.440307404001942,8.32,3.39456,2.0
2.494559131002461,8.4,3.434496,2.0
2.5487752390035894,8.6,3.59424,2.04
2.6030186460047844,8.44,3.474432,2.0
2.65750623200438,8.52,3.514368,2.04
2.711812268003996,8.48,3.514368,2.04
2.766133440003614,8.4,3.434496,2.0
2.8206217309998465,8.52,3.514368,2.04
2.8748585770008503,8.4,3.474432,2.04
2.9290705880048336,8.4,3.434496,2.0
2.9833774880025885,8.48,3.514368,2.04
3.037667106000299,8.36,3.434496,2.0
3.0919152810020023,8.44,3.474432,2.04
3.146568385003775,8.44,3.474432,2.04
3.200869844004046,8.36,3.39456,2.0
3.2557557030013413,8.44,3.434496,2.04
3.3115219510000315,8.4,3.434496,2.04
3.3657153960011783,8.32,3.39456,2.0
3.4204749040000024,8.44,3.434496,2.04
3.4758029710064875,8.36,3.434496,2.0
3.530168302000675,8.32,3.39456,2.0
3.5844239920043037,8.44,3.474432,2.04
3.639232368004741,8.32,3.39456,2.0
3.6937534250027966,8.36,3.39456,2.0
3.748013307005749,8.4,3.474432,2.04
3.8025691820002976,8.28,3.39456,2.0
3.857173573000182,8.36,3.434496,2.0
3.9132200360036222,8.36,3.474432,2.04
3.9675637330001337,8.28,3.354624,2.0
4.021939914004179,8.4,3.434496,2.04
4.076186931000848,8.36,3.434496,2.0
4.130402298003901,8.32,3.39456,2.0
4.18457241300348,8.44,3.434496,2.04
4.238940273004118,8.32,3.39456,2.0
4.293510545001482,8.36,3.39456,2.0
4.348954169006902,8.4,3.434496,2.04
4.403181820001919,8.28,3.354624,2.0
4.459464905005007,8.4,3.39456,2.0
4.513738703004492,8.4,3.434496,2.04
4.568436729001405,8.28,3.354624,2.0
4.623185127005854,8.4,3.434496,2.04
4.677894098000252,8.36,3.434496,2.04
4.732510389003437,8.32,3.354624,2.0
4.787161115003983,8.44,3.434496,2.04
4.841373276001832,8.32,3.39456,2.0
4.8954976230015745,8.32,3.39456,2.0
4.949613712000428,8.4,3.474432,2.04
5.003788591006014,8.28,3.354624,2.0
5.057974158000434,8.4,3.434496,2.0
5.112314011006674,8.4,3.434496,2.04
5.166536733006069,8.32,3.354624,2.0
5.220695482006704,8.44,3.434496,2.04
5.275146478001261,8.36,3.39456,2.0
5.329342057004396,8.36,3.354624,2.0
5.385065602000395,8.44,3.434496,2.04
5.439418218003993,8.32,3.39456,2.0
5.493626215000404,8.36,3.39456,2.0
5.54781203300081,8.4,3.474432,2.04
5.602217134000966,8.44,3.514368,2.0
5.656532275002974,8.56,3.554304,2.04
5.7107077880064026,8.48,3.554304,2.04
5.765884217005805,8.4,3.474432,2.0
5.820481941002072,8.52,3.514368,2.04
5.874608555001032,8.4,3.474432,2.0
5.928768515004776,8.44,3.474432,2.0
5.983140621006896,8.48,3.514368,2.04
6.037377003005531,8.36,3.434496,2.0
6.091630603004887,8.48,3.474432,2.0
6.145993044003262,8.44,3.474432,2.04
6.20022641900141,8.36,3.39456,2.0
6.2546183340018615,8.48,3.474432,2.04
6.309189203006099,8.4,3.434496,2.0
6.363373960004537,8.36,3.39456,2.0
6.417798674003279,8.44,3.474432,2.04
6.4725412690022495,8.32,3.39456,2.0
6.528433111001505,8.36,3.39456,2.0
6.582630765005888,8.44,3.474432,2.04
6.637216196002555,8.28,3.39456,2.0
6.691588873000001,8.4,3.434496,2.0
6.746163198004069,8.4,3.434496,2.04
6.8007793510041665,8.28,3.354624,2.0
6.855311593004444,8.4,3.434496,2.04
6.909477341003367,8.32,3.434496,2.0
6.9636664830031805,8.32,3.39456,2.0
7.017807812000683,8.44,3.434496,2.04
7.071961143003136,8.32,3.39456,2.0
7.126109449003707,8.4,3.39456,2.0
7.18048001400166,8.4,3.434496,2.04
7.234700934001012,8.28,3.354624,2.0
7.288939709003898,8.4,3.434496,2.04
7.343092170005548,8.36,3.39456,2.0
7.39722546300618,8.32,3.354624,2.0
7.451436713003204,8.44,3.434496,2.04
7.505623290002404,8.28,3.39456,2.0
7.559785384000861,8.36,3.39456,2.0
7.6138776170046185,8.4,3.434496,2.04
7.6680044120003,8.28,3.354624,2.0
7.722134184004972,8.4,3.434496,2.04
7.776238610000291,8.32,3.434496,2.0
7.830374974000733,8.32,3.39456,2.0
7.884547981004289,8.4,3.474432,2.04
7.938680057006422,8.28,3.39456,2.0
7.992813926000963,8.36,3.39456,2.0
8.04699605400674,8.4,3.434496,2.04
8.10117229300522,8.28,3.354624,2.0
8.155359510004928,8.44,3.434496,2.04
8.209716308003408,8.36,3.39456,2.0
8.264075730003242,8.32,3.354624,2.0
8.318414698005654,8.44,3.434496,2.04
8.372642233000079,8.32,3.39456,2.0
8.426867816000595,8.36,3.39456,2.0
8.480994542005647,8.4,3.434496,2.04
8.535167032001482,8.28,3.354624,2.0
8.58936515700043,8.4,3.434496,2.04
8.64384093600529,8.44,3.514368,2.04
8.698591234002379,8.48,3.514368,2.0
8.753080102003878,8.56,3.554304,2.04
8.807577259001846,8.44,3.514368,2.04
8.861748886003625,8.44,3.474432,2.0
8.915872380006476,8.52,3.514368,2.04
8.969999171000381,8.36,3.434496,2.0
9.024194191006245,8.48,3.474432,2.04
9.078318453000975,8.44,3.474432,2.04
9.132508129005146,8.36,3.39456,2.0
9.186652361000597,8.48,3.474432,2.04
9.241029636003077,8.4,3.434496,2.0
9.29520589900494,8.4,3.434496,2.0
9.349360079002508,8.44,3.474432,2.04
9.403506770002423,8.32,3.39456,2.0
9.457705849003105,8.4,3.434496,2.0
9.511851324001327,8.4,3.434496,2.04
9.566020898004354,8.32,3.354624,2.0
9.620230154003366,8.44,3.434496,2.04
9.674394191002648,8.32,3.39456,2.0
9.72863141700509,8.32,3.39456,2.0
9.782756667002104,8.4,3.474432,2.04
9.83690025400574,8.28,3.39456,2.0
9.891035648004618,8.4,3.434496,2.0
9.94519315600337,8.36,3.434496,2.0
9.999335079002776,8.32,3.354624,2.0
10.053817286003323,8.44,3.434496,2.04
10.107955880004738,8.36,3.39456,2.0
10.162115469000128,8.36,3.39456,2.0
10.216386490006698,8.44,3.434496,2.04
10.270601729003829,8.28,3.354624,2.0
10.324755008005013,8.4,3.39456,2.0
10.378877116003423,8.36,3.434496,2.04
10.433124931005295,8.28,3.354624,2.0
10.487245503005397,8.44,3.434496,2.04
10.541355962006492,8.32,3.39456,2.0
10.595487383005093,8.36,3.39456,2.0
10.649841766004101,8.44,3.474432,2.04
10.704060779004067,8.32,3.39456,2.0
10.758224938006606,8.4,3.434496,2.0
10.812380329000007,8.4,3.434496,2.04
10.86654218500189,8.32,3.354624,2.0
10.920674566004891,8.44,3.434496,2.04
10.97482813300303,8.36,3.39456,2.0
11.028957538001123,8.36,3.39456,2.0
11.083093375003955,8.44,3.434496,2.04
11.137241117001395,8.32,3.354624,2.0
11.19142883099994,8.4,3.39456,2.0
11.245658276005997,8.4,3.434496,2.0
11.299856514000567,8.32,3.354624,2.0
11.354033854004228,8.44,3.434496,2.04
11.40829504100111,8.36,3.39456,2.0
11.46253680200607,8.36,3.39456,2.0
11.516653976999805,8.44,3.434496,2.04
11.57080059400323,8.28,3.354624,2.0
11.624937066000712,8.4,3.39456,2.0
11.67905171300663,8.36,3.474432,2.04
11.73331443600182,8.44,3.514368,2.0
11.788205658005609,8.56,3.554304,2.04
11.842477438003698,8.48,3.514368,2.04
11.897148802003358,8.44,3.474432,2.0
11.952403478004271,8.52,3.554304,2.04
12.006588755000848,8.4,3.474432,2.0
12.061136685006204,8.44,3.474432,2.0
12.116029667005932,8.48,3.514368,2.04
12.170594239003549,8.36,3.434496,2.0
12.224963882006705,8.44,3.434496,2.0
12.280950680004025,8.44,3.474432,2.04
12.335174611005641,8.32,3.39456,2.0
12.389325223004562,8.44,3.474432,2.04
12.443767572003708,8.4,3.434496,2.04
12.498484567004198,8.32,3.39456,2.0
12.553332293005951,8.44,3.474432,2.04
12.607753328004037,8.32,3.434496,2.0
12.662711238001066,8.36,3.39456,2.0
12.71728380600689,8.44,3.474432,2.04
12.771770798004582,8.32,3.39456,2.0
12.82612046700524,8.36,3.434496,2.0
12.880332845001249,8.4,3.474432,2.04
12.934530725004151,8.28,3.354624,2.0
12.988712348000263,8.44,3.434496,2.04
13.042895380000118,8.36,3.39456,2.0
13.097179379001318,8.36,3.354624,2.0
13.151331976005167,8.44,3.434496,2.04
13.205456091003725,8.32,3.39456,2.0
13.259637361006753,8.36,3.39456,2.0
13.313879752000503,8.4,3.434496,2.04
13.368027256001369,8.28,3.354624,2.0
13.422490689001279,8.4,3.434496,2.04
13.47662587200466,8.36,3.434496,2.0
13.530766815005336,8.32,3.39456,2.0
13.584893036000722,8.4,3.434496,2.04
13.639139236001938,8.28,3.39456,2.0
13.693266802001745,8.36,3.39456,2.0
13.747461317005218,8.4,3.474432,2.04
13.80159723500401,8.28,3.354624,2.0
13.855778918004944,8.4,3.434496,2.04
13.909959064003488,8.36,3.434496,2.0
13.964119400006894,8.32,3.39456,2.0
14.018219284000224,8.44,3.434496,2.04
14.072413607005728,8.32,3.39456,2.0
14.126548758002173,8.4,3.39456,2.0
14.180749226004991,8.4,3.434496,2.04
14.234934108004381,8.28,3.354624,2.0
14.289053638000041,8.44,3.434496,2.04
14.3432945520035,8.36,3.39456,2.0
14.397463396002422,8.32,3.354624,2.0
14.451681621001626,8.44,3.434496,2.04
14.505823743005749,8.32,3.39456,2.0
14.559949864000373,8.36,3.39456,2.0
14.614334117002727,8.4,3.434496,2.04
14.66864604500006,8.28,3.354624,2.0
14.722980534999806,8.4,3.434496,2.0
14.778512627002783,8.48,3.554304,2.04
14.832909810000274,8.48,3.514368,2.0
14.88750643300591,8.56,3.554304,2.04
14.941808568000852,8.48,3.514368,2.04
14.99610750300053,8.48,3.474432,2.0
15.050334208004642,8.52,3.554304,2.04
15.104590836002899,8.4,3.434496,2.0
15.158862888005388,8.48,3.474432,2.04
15.213152927004558,8.48,3.514368,2.04
15.267460725001001,8.36,3.39456,2.0
15.321856526999909,8.48,3.474432,2.04
15.376119678003306,8.4,3.434496,2.04
15.430311431002337,8.36,3.434496,2.0
15.484507921006298,8.48,3.474432,2.04
15.538669463006954,8.32,3.434496,2.0
15.592845087005117,8.4,3.434496,2.0
15.64701709500514,8.4,3.474432,2.04
15.701180014002603,8.32,3.39456,2.0
15.755353206004656,8.44,3.474432,2.04
15.809482458003913,8.36,3.434496,2.04
15.863641728006769,8.36,3.39456,2.0
15.917785766003362,8.44,3.474432,2.04
15.97205365300033,8.32,3.39456,2.0
16.026231517003907,8.4,3.39456,2.0
16.08037427400268,8.44,3.434496,2.04
16.134546378001687,8.32,3.354624,2.0
16.188670478004497,8.44,3.434496,2.04
16.242826964000415,8.36,3.39456,2.0
16.29694552300498,8.32,3.39456,2.0
16.351117846003035,8.44,3.434496,2.04
16.4054242600032,8.32,3.39456,2.0
16.45962032800162,8.36,3.434496,2.0
16.51379866800562,8.4,3.474432,2.04
16.567943276000733,8.28,3.354624,2.0
16.62206554700242,8.4,3.434496,2.04
16.676198378001573,8.36,3.434496,2.0
16.730335242005822,8.32,3.39456,2.0
16.78455281600327,8.44,3.474432,2.04
16.83891709100135,8.32,3.39456,2.0
16.89308688500023,8.36,3.39456,2.0
16.9474628090029,8.4,3.474432,2.04
17.00175722100539,8.32,3.354624,2.0
17.05602145600278,8.44,3.434496,2.04
17.110134829003073,8.36,3.434496,2.0
17.164295951006352,8.32,3.354624,2.0
17.21839348400681,8.44,3.434496,2.04
17.27255018800497,8.32,3.39456,2.0
17.326683494000463,8.36,3.39456,2.0
17.380825217005622,8.4,3.434496,2.04
17.43514375500672,8.28,3.354624,2.0
17.489324842004862,8.4,3.434496,2.04
17.54346282100596,8.36,3.434496,2.0
17.597596703002637,8.32,3.39456,2.0
17.651770077005494,8.44,3.474432,2.04
17.70590322400676,8.28,3.39456,2.0
17.760129530004633,8.36,3.39456,2.0
17.81428555900493,8.44,3.474432,2.04
17.868725290005386,8.48,3.514368,2.0
17.92336961500405,8.56,3.554304,2.04
17.977630004003004,8.52,3.554304,2.04
18.031943869005772,8.44,3.474432,2.0
18.086665320006432,8.56,3.554304,2.04
18.14191484500043,8.44,3.474432,2.04
18.196246311999857,8.44,3.434496,2.0
18.25054049600294,8.52,3.514368,2.04
18.30527163900115,8.36,3.434496,2.0
18.36017569100659,8.44,3.434496,2.0
18.415956071003166,8.48,3.514368,2.04
18.470163491001585,8.36,3.434496,2.0
18.52434271600214,8.44,3.474432,2.04
18.57850117199996,8.44,3.514368,2.04
18.634436828004254,8.32,3.39456,2.0
18.68861736600229,8.44,3.474432,2.04
18.74309828000696,8.36,3.474432,2.04
18.7978206540065,8.36,3.39456,2.0
18.852780263005116,8.48,3.474432,2.04
18.907341631005693,8.36,3.434496,2.0
18.96282777900342,8.36,3.39456,2.0
19.017148936000012,8.48,3.474432,2.04
19.071439083003497,8.32,3.39456,2.0
19.125743246004276,8.4,3.434496,2.0
19.179988237003272,8.4,3.434496,2.04
19.234251534006034,8.28,3.354624,2.0
19.290300956003193,8.4,3.434496,2.04
19.34452056400187,8.36,3.434496,2.04
19.398694056006207,8.32,3.39456,2.0
19.45351000100345,8.44,3.474432,2.04
19.508044034002523,8.32,3.434496,2.0
19.562298749006004,8.36,3.39456,2.0
19.616648255003383,8.4,3.474432,2.04
19.670803378001438,8.28,3.39456,2.0
19.725038731005043,8.4,3.434496,2.04
19.77918511700409,8.4,3.434496,2.04
19.833346256004006,8.32,3.354624,2.0
19.888885907006625,8.44,3.434496,2.04
19.94314062200283,8.36,3.434496,2.0
19.99729593700613,8.36,3.39456,2.0
20.051520057000744,8.44,3.434496,2.04
20.106425801001024,8.32,3.39456,2.0
20.16084001600393,8.36,3.39456,2.0
20.215660793001007,8.4,3.434496,2.04
20.271284642003593,8.28,3.39456,2.0
20.325441200002388,8.4,3.39456,2.0
20.380717720006942,8.4,3.474432,2.04
20.434948140005872,8.28,3.354624,2.0
20.489190465006686,8.4,3.434496,2.04
20.543386834004195,8.36,3.434496,2.0
20.59756041800574,8.32,3.39456,2.0
20.651700590002292,8.44,3.474432,2.04
20.7064940640048,8.32,3.39456,2.0
20.76067231900379,8.36,3.39456,2.0
20.81580841300456,8.44,3.474432,2.04
20.871902856000816,8.32,3.39456,2.0
20.92618880000373,8.52,3.554304,2.04
20.980577057001938,8.56,3.554304,2.04
21.0351531050037,8.44,3.474432,2.0
21.090079101006268,8.52,3.514368,2.04
21.14424218800559,8.48,3.514368,2.04
21.19838248800079,8.4,3.434496,2.0
21.252534822000598,8.52,3.514368,2.04
21.306674926003325,8.4,3.434496,2.0
21.3608019730018,8.4,3.434496,2.0
21.414985632000025,8.48,3.514368,2.04
21.469180620006227,8.32,3.434496,2.0
21.523579337001138,8.44,3.474432,2.04
21.57838752700627,8.4,3.474432,2.04
21.63298997200036,8.32,3.39456,2.0
21.688618356005463,8.44,3.474432,2.04
21.74281664100272,8.4,3.434496,2.04
21.796968457005278,8.36,3.39456,2.0
21.851123538006505,8.48,3.474432,2.04
21.905317662000016,8.32,3.39456,2.0
21.959490921006363,8.4,3.434496,2.0
22.01367342800222,8.44,3.474432,2.04
22.067965032001666,8.32,3.354624,2.0
22.122274557004857,8.44,3.434496,2.04
22.176492107006197,8.36,3.434496,2.0
22.230907625002146,8.32,3.39456,2.0
22.28526774400234,8.44,3.434496,2.04
22.339478569003404,8.32,3.39456,2.0
22.393661455003894,8.36,3.39456,2.0
22.44791525900655,8.4,3.474432,2.04
22.503625277000538,8.28,3.39456,2.0
22.557856199004163,8.36,3.434496,2.0
22.612427693005884,8.36,3.474432,2.04
22.666620724005043,8.28,3.39456,2.0
22.72256330500386,8.4,3.434496,2.04
22.77694582300319,8.36,3.434496,2.0
22.831164553004783,8.32,3.39456,2.0
22.88531962900015,8.44,3.434496,2.04
22.939479569002287,8.32,3.39456,2.0
22.99366495200229,8.36,3.39456,2.0
23.047824988003413,8.4,3.434496,2.04
23.102020323000033,8.28,3.354624,2.0
23.15623169200262,8.4,3.434496,2.04
23.210384400001203,8.36,3.434496,2.0
23.26452731400059,8.32,3.354624,2.0
23.31866471900139,8.4,3.434496,2.04
23.372808046005957,8.28,3.39456,2.0
23.427011249004863,8.36,3.39456,2.0
23.481190066006093,8.4,3.474432,2.04
23.535469051006658,8.28,3.39456,2.0
23.589710209002078,8.4,3.434496,2.04
23.643880258001445,8.36,3.434496,2.04
23.698044482000114,8.32,3.39456,2.0
23.752305129004526,8.44,3.474432,2.04
23.806646520002687,8.32,3.39456,2.0
23.86143757800164,8.36,3.39456,2.0
23.91600842700427,8.44,3.434496,2.04
23.971448082003917,8.36,3.434496,2.0
24.025693657000375,8.56,3.554304,2.04
24.080157073003647,8.56,3.554304,2.04
24.13443778600049,8.4,3.474432,2.0
24.189197227002296,8.52,3.514368,2.04
24.24377022000408,8.48,3.514368,2.04
24.29874733700126,8.4,3.434496,2.0
24.353118261002237,8.52,3.514368,2.04
24.407282352003676,8.36,3.474432,2.0
24.46151342500525,8.4,3.434496,2.0
24.515664907004975,8.48,3.514368,2.04
24.570039991005615,8.32,3.434496,2.0
24.624483624000277,8.44,3.474432,2.04
24.6786681970043,8.4,3.474432,2.04
24.733104886006913,8.32,3.39456,2.0
24.787742296000943,8.48,3.474432,2.04
24.841946198001096,8.36,3.434496,2.0
24.89609835200099,8.36,3.39456,2.0
24.950220328006253,8.44,3.474432,2.04
25.0043868510038,8.32,3.39456,2.0
25.05858931300463,8.4,3.39456,2.0
25.112772766005946,8.4,3.434496,2.04
25.166953402003855,8.28,3.354624,2.0
25.221168666001176,8.4,3.434496,2.04
25.275390391005203,8.32,3.39456,2.0
25.32954756500112,8.32,3.39456,2.0
25.3836845130063,8.4,3.434496,2.04
25.437895867005864,8.28,3.39456,2.0
25.492053073001443,8.36,3.434496,2.0
25.54620330200123,8.36,3.434496,2.04
25.60043862600287,8.28,3.354624,2.0
25.65457208600128,8.4,3.434496,2.04
25.70872330700513,8.36,3.434496,2.0
25.762968232003914,8.32,3.39456,2.0
25.8171320620022,8.44,3.434496,2.04
25.87126664200332,8.32,3.354624,2.0
25.925442409003153,8.4,3.39456,2.0
25.979582749001565,8.4,3.434496,2.04
26.033731442003045,8.32,3.354624,2.0
26.0878914000059,8.44,3.434496,2.04
26.14200492300006,8.32,3.39456,2.0
26.196152496006107,8.32,3.39456,2.0
26.250261985005636,8.4,3.434496,2.04
26.304460470004415,8.28,3.354624,2.0
26.358598565006105,8.36,3.39456,2.0
26.412822011006938,8.36,3.434496,2.04
26.466963947001204,8.28,3.354624,2.0
26.521178304006753,8.4,3.434496,2.04
26.575299470001482,8.32,3.434496,2.0
26.62959850700281,8.32,3.39456,2.0
26.68387136500678,8.44,3.474432,2.04
26.73805084000196,8.28,3.39456,2.0
26.792224106000504,8.36,3.39456,2.0
26.846367866004584,8.4,3.434496,2.04
26.90051921000122,8.28,3.354624,2.0
26.954694172003656,8.4,3.434496,2.04
27.00883153200266,8.36,3.39456,2.0
27.0632506740003,8.52,3.514368,2.0
27.117628468004114,8.6,3.59424,2.04
27.172176901003695,8.44,3.514368,2.04
27.22650784400321,8.52,3.514368,2.04
27.28065044899995,8.52,3.554304,2.04
27.334792348003248,8.4,3.434496,2.0
27.389010189006513,8.52,3.514368,2.04
27.443238399006077,8.4,3.514368,2.04
27.497373225000047,8.4,3.434496,2.0
27.551586009001767,8.48,3.514368,2.04
27.60574538200308,8.36,3.434496,2.0
27.65994776500156,8.44,3.434496,2.0
27.714095969000482,8.44,3.474432,2.04
27.76827038200281,8.32,3.39456,2.0
27.822432891000062,8.44,3.434496,2.04
27.876615081004275,8.4,3.434496,2.04
27.931008488005318,8.36,3.39456,2.0
27.98532966500352,8.44,3.474432,2.04
28.039602967000974,8.32,3.39456,2.0
28.093826664000517,8.4,3.39456,2.0
28.147952242004976,8.44,3.474432,2.04
28.20213558400428,8.28,3.354624,2.0
28.256331439006317,8.44,3.434496,2.04
28.310566012005438,8.36,3.434496,2.0
28.364733348003938,8.32,3.39456,2.0
28.41903912700218,8.44,3.474432,2.04
28.473220641004445,8.32,3.434496,2.0
28.527363175002392,8.36,3.434496,2.0
28.58151338900643,8.4,3.474432,2.04
28.63565230700624,8.32,3.39456,2.0
28.689884641004028,8.44,3.434496,2.04
28.744028519002313,8.4,3.434496,2.0
28.798159628000576,8.32,3.39456,2.0
28.85235464600555,8.44,3.434496,2.04
28.906539456002065,8.32,3.39456,2.0
28.960698247006803,8.36,3.39456,2.0
29.01484475000325,8.44,3.434496,2.04
29.06900088500697,8.28,3.354624,2.0
29.1232242890037,8.4,3.434496,2.04
29.177611035003792,8.36,3.434496,2.04
29.23192737500358,8.32,3.354624,2.0
29.286254881000787,8.44,3.434496,2.04
29.340527021005983,8.32,3.39456,2.0
29.39468094300537,8.36,3.39456,2.0
29.448882741002308,8.4,3.474432,2.04
29.503057081004954,8.28,3.39456,2.0
29.557214140004362,8.4,3.434496,2.0
29.61135353300051,8.36,3.434496,2.0
29.665501565999875,8.32,3.354624,2.0
29.719835503005015,8.44,3.434496,2.04
29.773945998000272,8.36,3.39456,2.0
29.828128274006303,8.36,3.39456,2.0
29.882239857004606,8.44,3.434496,2.04
29.936412789000315,8.28,3.354624,2.0
29.990542485000333,8.4,3.39456,2.04
0.0011437389985076152,3.23072,0.484608,1.092096
0.05693192200124031,3.190336,0.484608,1.092096
0.11113889099942753,3.23072,0.484608,1.092096
0.16605061900190776,3.351872,0.565376,1.090368
0.22171459899982437,3.392256,0.565376,1.090368
0.2774823910003761,3.351872,0.565376,1.090368
0.33230233100039186,3.351872,0.565376,1.090368
0.3874223279999569,3.311488,0.565376,1.090368
0.44332225900143385,3.311488,0.524992,1.090368
0.4980039799993392,3.271104,0.524992,1.090368
0.5559725249986514,3.271104,0.524992,1.090368
0.6102105949976249,3.271104,0.524992,1.090368
0.6644910679970053,3.23072,0.524992,1.090368
0.7215924069969333,3.23072,0.524992,1.090368
0.7759429340003408,3.23072,0.524992,1.090368
0.830128583998885,3.23072,0.524992,1.090368
0.8843170819964143,3.23072,0.524992,1.090368
0.9387282530005905,3.23072,0.524992,1.051648
0.9930043099957402,3.23072,0.524992,1.051648
1.0472289390017977,3.190336,0.484608,1.051648
1.1013734340012888,3.190336,0.484608,1.051648
1.1555785730015486,3.190336,0.484608,1.051648
1.209715994002181,3.190336,0.484608,1.051648
1.2638780529960059,3.190336,0.484608,1.051648
1.318005645996891,3.190336,0.484608,1.051648
1.3721593200025382,3.190336,0.484608,1.051648
1.4262912650010549,3.190336,0.484608,1.051648
1.4804780619961093,3.149952,0.484608,1.051648
1.534600501996465,3.149952,0.484608,1.051648
1.5887505279970355,3.149952,0.484608,1.051648
1.6428743439973914,3.149952,0.484608,1.051648
1.697059669000737,3.149952,0.484608,1.051648
1.754392860995722,3.149952,0.484608,1.051648
1.8085889389985823,3.149952,0.484608,1.051648
1.8640574390010443,3.149952,0.484608,1.051648
1.91824337199796,3.149952,0.484608,1.051648
1.9724792929991963,3.149952,0.484608,1.051648
2.02664483999979,3.149952,0.484608,1.051648
2.0821570549960597,3.149952,0.484608,1.051648
2.1363215780002065,3.149952,0.484608,1.051648
2.1940122399973916,3.149952,0.484608,1.051648
2.2525245299984817,3.149952,0.484608,1.051648
2.3066962500015507,3.149952,0.484608,1.051648
2.3611289489999763,3.149952,0.484608,1.051648
2.415358528996876,3.149952,0.484608,1.051648
2.4714844199988875,3.149952,0.484608,1.051648
2.5257005910025327,3.149952,0.484608,1.051648
2.5807766700017964,3.149952,0.484608,1.051648
2.6349421810009517,3.190336,0.484608,1.051648
2.690319276000082,3.190336,0.484608,1.051648
2.744588378998742,3.190336,0.484608,1.051648
2.801689036001335,3.190336,0.484608,1.051648
2.855907222998212,3.190336,0.484608,1.051648
2.910934722996899,3.190336,0.484608,1.051648
2.965183567997883,3.190336,0.484608,1.051648
3.02098402500269,3.149952,0.484608,1.051648
3.0770148689989583,3.149952,0.484608,1.051648
3.132274450996192,3.149952,0.484608,1.051648
3.1868226480000885,3.149952,0.484608,1.051648
3.2415887789975386,3.311488,0.565376,1.090368
3.2961949599994114,3.392256,0.60576,1.090368
3.3514726189969224,3.351872,0.565376,1.090368
3.405756565996853,3.351872,0.565376,1.090368
3.4610634109994862,3.311488,0.565376,1.090368
3.5161432620006963,3.311488,0.565376,1.090368
3.572058379999362,3.271104,0.565376,1.090368
3.627063375999569,3.271104,0.524992,1.090368
3.682056179997744,3.271104,0.524992,1.090368
3.737932734999049,3.271104,0.524992,1.090368
3.7960794219980016,3.271104,0.524992,1.090368
3.8503779629972996,3.23072,0.524992,1.090368
3.9045679830014706,3.23072,0.524992,1.090368
3.9596278320022975,3.23072,0.524992,1.090368
4.014227995998226,3.23072,0.524992,1.049984
4.069669411997893,3.23072,0.524992,1.049984
4.124731374002295,3.190336,0.524992,1.051648
4.179757555997639,3.190336,0.524992,1.051648
4.2347741030025645,3.190336,0.524992,1.051648
4.292543507996015,3.190336,0.524992,1.051648
4.346756981001818,3.190336,0.524992,1.051648
4.400973621995945,3.190336,0.524992,1.051648
4.455540563001705,3.190336,0.484608,1.051648
4.511320593002893,3.190336,0.484608,1.051648
4.5663274729959085,3.190336,0.484608,1.051648
4.621365300001344,3.190336,0.484608,1.051648
4.676699853996979,3.190336,0.484608,1.051648
4.731794965999143,3.190336,0.484608,1.051648
4.786486940996838,3.190336,0.484608,1.051648
4.84451431799971,3.190336,0.484608,1.051648
4.898750927997753,3.190336,0.484608,1.051648
4.952951631996257,3.190336,0.484608,1.051648
5.007199539999419,3.190336,0.484608,1.051648
5.061572961996717,3.190336,0.484608,1.051648
5.115783522996935,3.190336,0.484608,1.051648
5.1699590729986085,3.190336,0.484608,1.051648
5.22413708500244,3.190336,0.484608,1.051648
5.27834952899866,3.190336,0.484608,1.051648
5.332532786997035,3.149952,0.484608,1.051648
5.386813621000329,3.149952,0.484608,1.051648
5.440975245001027,3.149952,0.484608,1.051648
5.4951814169980935,3.149952,0.484608,1.051648
5.549327615997754,3.149952,0.484608,1.051648
5.603503161000845,3.149952,0.484608,1.051648
5.657631214002322,3.149952,0.484608,1.051648
5.711826120998012,3.149952,0.484608,1.051648
5.766059110996139,3.149952,0.484608,1.051648
5.820228992000921,3.149952,0.484608,1.051648
5.874638027999026,3.149952,0.484608,1.051648
5.928792514998349,3.149952,0.484608,1.051648
5.982997503000661,3.149952,0.484608,1.051648
6.037201369996183,3.149952,0.484608,1.051648
6.0914723149981,3.149952,0.484608,1.051648
6.145640884002205,3.149952,0.484608,1.051648
6.199836462998064,3.149952,0.484608,1.051648
6.253987650001363,3.149952,0.484608,1.051648
6.308200184997986,3.271104,0.524992,1.090368
6.362593534999178,3.392256,0.60576,1.090368
6.417784837001818,3.392256,0.60576,1.090368
6.475015276002523,3.351872,0.565376,1.090368
6.52923168399866,3.311488,0.565376,1.090368
6.583392886997899,3.311488,0.565376,1.090368
6.637542985998152,3.311488,0.565376,1.090368
6.692722382002103,3.271104,0.565376,1.090368
6.7473154600011185,3.271104,0.524992,1.090368
6.803054133000842,3.271104,0.524992,1.090368
6.860690716996032,3.271104,0.524992,1.090368
6.9151033320013084,3.23072,0.524992,1.090368
6.97148659999948,3.23072,0.524992,1.090368
7.025694880001538,3.23072,0.524992,1.049984
7.079907414998161,3.23072,0.524992,1.049984
7.1340709869982675,3.23072,0.524992,1.049984
7.189222893000988,3.190336,0.524992,1.051648
7.243394429999171,3.190336,0.524992,1.051648
7.299719864997314,3.190336,0.524992,1.051648
7.357367484000861,3.190336,0.524992,1.051648
7.411765470002138,3.190336,0.524992,1.051648
7.468037043996446,3.190336,0.524992,1.051648
7.5222680079968995,3.190336,0.524992,1.051648
7.576427542997408,3.190336,0.524992,1.051648
7.63056957200024,3.190336,0.484608,1.051648
7.684712018002756,3.190336,0.484608,1.051648
7.738843197999813,3.190336,0.484608,1.051648
7.793952920001175,3.190336,0.484608,1.051648
7.848135592001199,3.190336,0.524992,1.051648
7.903780332999304,3.190336,0.484608,1.051648
7.957987998997851,3.190336,0.484608,1.051648
8.012134028998844,3.190336,0.484608,1.051648
8.069468440000492,3.190336,0.484608,1.051648
8.123645671999839,3.190336,0.484608,1.051648
8.177878427995893,3.190336,0.484608,1.051648
8.232042632997036,3.190336,0.524992,1.051648
8.286612370997318,3.190336,0.524992,1.051648
8.340794622999965,3.190336,0.524992,1.051648
8.395429358999536,3.190336,0.524992,1.051648
8.449592632998247,3.190336,0.524992,1.051648
8.505052105996583,3.190336,0.484608,1.051648
8.559251510996546,3.190336,0.484608,1.051648
8.613400895999803,3.190336,0.484608,1.051648
8.667581451998558,3.190336,0.484608,1.051648
8.72171374699974,3.190336,0.484608,1.051648
8.775891710996802,3.190336,0.484608,1.051648
8.830082027001481,3.190336,0.484608,1.051648
8.884330651999335,3.190336,0.484608,1.051648
8.938767163999728,3.190336,0.524992,1.051648
8.992945031001,3.190336,0.524992,1.051648
9.04720060100226,3.190336,0.524992,1.051648
9.102710605999164,3.190336,0.524992,1.051648
9.16063049800141,3.190336,0.484608,1.051648
9.214813132995914,3.190336,0.484608,1.051648
9.271518107998418,3.190336,0.484608,1.051648
9.325713733000157,3.190336,0.484608,1.051648
9.380051831998571,3.271104,0.524992,1.051648
9.43512022899813,3.392256,0.60576,1.090368
9.48955055999977,3.392256,0.60576,1.090368
9.543879762997676,3.351872,0.565376,1.090368
9.598095995999756,3.351872,0.565376,1.090368
9.652320743000018,3.311488,0.565376,1.090368
9.706541104998905,3.311488,0.565376,1.090368
9.7612009259974,3.271104,0.524992,1.090368
9.815355394996004,3.271104,0.524992,1.090368
9.869535338002606,3.271104,0.524992,1.049984
9.923672716999135,3.271104,0.524992,1.049984
9.978004575998057,3.23072,0.524992,1.049984
10.032244395995804,3.23072,0.524992,1.049984
10.086606432996632,3.23072,0.524992,1.051648
10.140751140999782,3.23072,0.524992,1.051648
10.19490477799991,3.190336,0.524992,1.051648
10.249141424996196,3.190336,0.524992,1.051648
10.303658094002458,3.190336,0.484608,1.051648
10.357814383001823,3.190336,0.484608,1.051648
10.412325994999264,3.190336,0.484608,1.051648
10.466479563001485,3.190336,0.484608,1.051648
10.521003688998462,3.190336,0.484608,1.051648
10.575146183997276,3.190336,0.484608,1.051648
10.629260356996383,3.190336,0.484608,1.051648
10.683365760996821,3.149952,0.484608,1.051648
10.737482621996605,3.149952,0.484608,1.051648
10.791607131999626,3.149952,0.484608,1.051648
10.845782174001215,3.149952,0.484608,1.051648
10.899912987995776,3.149952,0.484608,1.051648
10.954043994999665,3.149952,0.484608,1.051648
11.008347270995728,3.149952,0.484608,1.051648
11.062525321001885,3.149952,0.484608,1.051648
11.116649766001501,3.149952,0.484608,1.051648
11.170778244995745,3.149952,0.484608,1.051648
11.224888415999885,3.149952,0.484608,1.051648
11.27899711200007,3.149952,0.484608,1.051648
11.333153043000493,3.149952,0.484608,1.051648
11.387310639001953,3.149952,0.484608,1.051648
11.441431655999622,3.149952,0.484608,1.051648
11.495543935998285,3.149952,0.484608,1.051648
11.549649751999823,3.149952,0.484608,1.051648
11.603830932996061,3.149952,0.484608,1.051648
11.658047541997803,3.149952,0.484608,1.051648
11.712312538002152,3.149952,0.484608,1.051648
11.766465845998027,3.149952,0.484608,1.051648
11.820599694998236,3.149952,0.484608,1.051648
11.874708871000621,3.149952,0.484608,1.051648
11.928860098996665,3.149952,0.484608,1.051648
11.98298681199958,3.149952,0.484608,1.051648
12.037197787998593,3.149952,0.484608,1.051648
12.091413820002344,3.149952,0.484608,1.051648
12.145545941995806,3.149952,0.484608,1.051648
12.199727316001372,3.149952,0.484608,1.051648
12.253866282000672,3.149952,0.484608,1.051648
12.308459396001126,3.149952,0.484608,1.051648
12.362774886998523,3.149952,0.484608,1.051648
12.416920028997993,3.149952,0.484608,1.051648
12.471558746998198,3.190336,0.524992,1.049984
12.525777942995774,3.392256,0.60576,1.090368
12.580041205997986,3.351872,0.60576,1.090368
12.634305077997851,3.351872,0.565376,1.090368
12.688536690999172,3.311488,0.565376,1.090368
12.742735244995856,3.311488,0.565376,1.090368
12.796908741001971,3.271104,0.565376,1.090368
12.851069948999793,3.271104,0.524992,1.090368
12.905268982998678,3.271104,0.524992,1.090368
12.959445136002614,3.23072,0.524992,1.090368
13.01395475499885,3.23072,0.524992,1.090368
13.0682578929991,3.23072,0.524992,1.049984
13.122503555998264,3.23072,0.524992,1.049984
13.176657817995874,3.23072,0.524992,1.049984
13.23078471700137,3.190336,0.524992,1.049984
13.284905469001387,3.190336,0.524992,1.049984
13.339032365001913,3.190336,0.524992,1.049984
13.393245795996336,3.190336,0.484608,1.051648
13.447399445998599,3.190336,0.484608,1.051648
13.501582921999216,3.190336,0.484608,1.051648
13.555751838001015,3.190336,0.484608,1.051648
13.609875661997648,3.190336,0.484608,1.051648
13.663992732996121,3.190336,0.484608,1.051648
13.718229653997696,3.149952,0.484608,1.051648
13.772832875001768,3.149952,0.484608,1.051648
13.82695577100094,3.149952,0.484608,1.051648
13.881112973998825,3.149952,0.484608,1.051648
13.935224155997275,3.149952,0.484608,1.051648
13.989337514998624,3.149952,0.484608,1.051648
14.04361466300179,3.149952,0.484608,1.051648
14.097788154998852,3.149952,0.484608,1.051648
14.151967919002345,3.149952,0.484608,1.051648
14.206084926998301,3.149952,0.484608,1.051648
14.26019098499819,3.149952,0.484608,1.051648
14.31430648300011,3.149952,0.484608,1.051648
14.368468993001443,3.149952,0.484608,1.051648
14.422590827998647,3.190336,0.484608,1.051648
14.47681299100077,3.190336,0.484608,1.051648
14.530936522998672,3.190336,0.484608,1.051648
14.5850575259974,3.190336,0.484608,1.051648
14.63919209800224,3.190336,0.484608,1.051648
14.693310028000269,3.190336,0.484608,1.051648
14.747419157996774,3.190336,0.484608,1.051648
14.801538785002776,3.190336,0.484608,1.051648
14.855650667996088,3.190336,0.484608,1.051648
14.909828538999136,3.149952,0.484608,1.051648
14.963950534001924,3.149952,0.484608,1.051648
0.0008752049980103038,3.190336,0.484608,1.051648
0.05546923699876061,3.43264,0.646144,1.090368
0.10957567900186405,4.31424,1.167424,1.24992
0.16405238999868743,4.911232,1.487104,1.368704
0.21818958399671828,5.394304,1.768448,1.489472
0.27234088799741585,5.62688,1.889024,1.527296
0.32670571399648907,6.068992,2.126784,1.60768
0.38083989699953236,6.340224,2.287296,1.647872
0.4350331899986486,6.500736,2.363776,1.685376
0.49099497299903305,6.861888,2.524032,1.765632
0.5451578310021432,7.102656,2.764416,1.80576
0.5994139440008439,7.291648,2.84,1.80288
0.6538576550010475,7.532032,2.96,1.883008
0.7080910790027701,7.491968,2.96,1.883008
0.7623122450022493,7.652224,3.04,1.923072
0.8165155219976441,7.772416,3.12,1.923072
0.8707020930014551,7.732352,3.08,1.923072
0.9249337240034947,7.972736,3.154944,1.963136
0.9790723559999606,7.972736,3.19488,1.963136
1.033220365003217,8.0,3.154944,1.963136
1.0873797980020754,8.16,3.274752,2.0
1.1415179499963415,8.04,3.234816,2.0
1.1957076570033678,8.16,3.234816,2.0
1.2498099290023674,8.2,3.314688,2.04
1.3039691660014796,8.12,3.234816,2.0
1.3581560849997913,8.28,3.314688,2.04
1.412286231003236,8.24,3.314688,2.04
1.4664120250017731,8.2,3.274752,2.04
1.520727467002871,8.32,3.354624,2.04
1.5748446520010475,8.24,3.314688,2.04
1.6289794710028218,8.28,3.354624,2.04
1.6831821349987877,8.36,3.39456,2.08
1.737329306997708,8.24,3.314688,2.04
1.7914987210024265,8.36,3.39456,2.08
1.8456456679996336,8.32,3.39456,2.08
1.899776391001069,8.28,3.354624,2.04
1.95388365600229,8.4,3.434496,2.08
2.0083778309999616,8.32,3.354624,2.08
2.0625220259971684,8.36,3.39456,2.08
2.116693584001041,8.4,3.434496,2.08
2.1708163380026235,8.32,3.354624,2.04
2.2250710029984475,8.44,3.39456,2.08
2.279211993998615,8.4,3.39456,2.08
2.333374201996776,8.36,3.354624,2.08
2.3875490840000566,8.44,3.434496,2.08
2.4417148439970333,8.32,3.354624,2.08
2.49582655300037,8.4,3.354624,2.08
2.5501382130023558,8.4,3.434496,2.08
2.6042644179979106,8.28,3.354624,2.08
2.658450085000368,8.44,3.39456,2.08
2.7125799389978056,8.36,3.39456,2.08
2.7667072960030055,8.32,3.354624,2.08
2.8208074840003974,8.44,3.434496,2.08
2.8749230009998428,8.32,3.39456,2.08
2.929033492997405,8.36,3.39456,2.08
2.983138928997505,8.44,3.434496,2.08
3.0375888400012627,8.32,3.354624,2.08
3.091741128002468,8.44,3.434496,2.08
3.1458914629984065,8.4,3.39456,2.08
3.200064646996907,8.36,3.354624,2.08
3.2541895039976225,8.48,3.434496,2.08
3.308526057997369,8.36,3.354624,2.08
3.3628291040004115,8.4,3.39456,2.08
3.416961002003518,8.44,3.434496,2.08
3.471103748001042,8.32,3.354624,2.08
3.5253952100028982,8.44,3.39456,2.08
3.5796210350017645,8.4,3.39456,2.08
3.634022938000271,8.56,3.514368,2.08
3.6884966540019377,8.64,3.548608,2.08
3.7428816269966774,8.52,3.514368,2.08
3.797111516003497,8.56,3.474432,2.08
3.851337660998979,8.6,3.554304,2.08
3.9055285709982854,8.44,3.474432,2.08
3.959714072996576,8.56,3.514368,2.08
4.013962363998871,8.52,3.514368,2.08
4.0683430490025785,8.44,3.434496,2.08
4.122639950997836,8.56,3.514368,2.08
4.177026204997674,8.44,3.474432,2.08
4.231331071998284,8.44,3.434496,2.08
4.285668037002324,8.52,3.474432,2.08
4.339839868996933,8.4,3.39456,2.08
4.394043927000894,8.48,3.434496,2.08
4.448243920996902,8.48,3.434496,2.08
4.502418762000161,8.36,3.354624,2.08
4.556721836001088,8.48,3.434496,2.08
4.610866369999712,8.4,3.39456,2.08
4.665034425001068,8.4,3.39456,2.08
4.719165773996792,8.48,3.434496,2.08
4.7733195570035605,8.32,3.354624,2.08
4.827502302003268,8.44,3.39456,2.08
4.881657332000032,8.44,3.434496,2.08
4.935819051999715,8.32,3.354624,2.08
4.989983970997855,8.44,3.434496,2.08
5.044168508000439,8.4,3.434496,2.08
5.0984088580007665,8.4,3.39456,2.08
5.152596626998275,8.48,3.474432,2.08
5.2070262049965095,8.36,3.39456,2.08
5.261462948998087,8.44,3.434496,2.08
5.315599829998973,8.44,3.474432,2.08
5.369793899000797,8.36,3.354624,2.08
5.424028515997634,8.48,3.434496,2.08
5.478141138002684,8.4,3.39456,2.08
5.532281986997987,8.4,3.354624,2.08
5.586393265999504,8.48,3.434496,2.08
5.6407655570001225,8.32,3.354624,2.08
5.694962538997061,8.4,3.39456,2.08
5.7491961310006445,8.4,3.434496,2.08
5.803352501003246,8.32,3.354624,2.08
5.857582028998877,8.48,3.434496,2.08
5.911733854998602,8.4,3.39456,2.08
5.965839532997052,8.36,3.354624,2.08
6.019977789997938,8.48,3.434496,2.08
6.0741245600002,8.36,3.39456,2.08
6.128258047996496,8.4,3.39456,2.08
6.182433364003373,8.44,3.434496,2.08
6.236585792998085,8.32,3.354624,2.08
6.290739919000771,8.48,3.434496,2.08
6.3449757150010555,8.4,3.39456,2.08
6.399162962996343,8.4,3.354624,2.08
6.453328864998184,8.48,3.434496,2.08
6.5074599490035325,8.36,3.354624,2.08
6.561585240000568,8.44,3.39456,2.08
6.615709954996419,8.44,3.434496,2.08
6.669911541001056,8.4,3.39456,2.08
6.724214542002301,8.64,3.554304,2.08
6.778725942996971,8.56,3.514368,2.08
6.832972044001508,8.48,3.474432,2.08
6.88713746600115,8.6,3.514368,2.08
6.941308968998783,8.44,3.474432,2.08
6.9954674469991005,8.52,3.474432,2.08
7.049732717001461,8.52,3.514368,2.08
7.103964640999038,8.4,3.434496,2.08
7.158158544996695,8.52,3.474432,2.08
7.212582289001148,8.48,3.474432,2.08
7.266756636003265,8.44,3.434496,2.08
7.320908836998569,8.52,3.474432,2.08
7.375100336998003,8.4,3.434496,2.08
7.429228248001891,8.48,3.434496,2.08
7.483371456000896,8.48,3.474432,2.08
7.537489285998163,8.36,3.354624,2.08
7.59163969400106,8.48,3.434496,2.08
7.645759765000548,8.44,3.434496,2.08
7.699902492997353,8.4,3.354624,2.08
7.754073543001141,8.48,3.434496,2.08
7.808456514001591,8.36,3.39456,2.08
7.8627572059995146,8.4,3.39456,2.08
7.916899390002072,8.44,3.434496,2.08
7.971099882997805,8.32,3.354624,2.08
8.025465124002949,8.44,3.434496,2.08
8.079833789997792,8.4,3.434496,2.08
8.13407018900034,8.36,3.354624,2.08
8.18828380299965,8.48,3.434496,2.08
8.242744982999284,8.36,3.39456,2.08
8.296997347002616,8.4,3.39456,2.08
8.35135266299767,8.48,3.474432,2.08
8.405543134002073,8.36,3.39456,2.08
8.4597177320029,8.44,3.434496,2.08
8.513866312001483,8.44,3.434496,2.08
8.568045615000301,8.36,3.354624,2.08
8.622193267001421,8.48,3.434496,2.08
8.676350455003558,8.4,3.39456,2.08
8.73049650699977,8.4,3.39456,2.08
8.78464668700326,8.48,3.434496,2.08
8.838804835999326,8.32,3.354624,2.08
8.892970312997932,8.44,3.39456,2.08
8.947100876001059,8.4,3.434496,2.08
9.001309364000917,8.36,3.354624,2.08
9.05562112500047,8.48,3.434496,2.08
9.109752775999368,8.36,3.39456,2.08
9.163988466003502,8.4,3.39456,2.08
9.218088847999752,8.48,3.434496,2.08
9.272245072002988,8.32,3.354624,2.08
9.326429234002717,8.44,3.434496,2.08
9.38082538099843,8.44,3.434496,2.08
9.434960002996377,8.36,3.354624,2.08
9.489159431002918,8.48,3.434496,2.08
9.543424782998045,8.4,3.39456,2.08
9.597550701000728,8.4,3.39456,2.08
9.651649927996914,8.48,3.434496,2.08
9.706020056997659,8.36,3.354624,2.08
9.760255551002047,8.6,3.554304,2.08
9.814753145998111,8.6,3.554304,2.08
9.869157357003132,8.52,3.474432,2.08
9.923439286998473,8.6,3.514368,2.08
9.977840074003325,8.52,3.474432,2.08
10.032048462002422,8.52,3.434496,2.08
10.086199885998212,8.56,3.514368,2.08
10.140346221000073,8.44,3.434496,2.08
10.194611124999938,8.52,3.474432,2.08
10.248828789000981,8.52,3.514368,2.08
10.303179520000413,8.4,3.39456,2.08
10.3574721019977,8.52,3.474432,2.08
10.411646562999522,8.44,3.474432,2.08
10.466036593003082,8.44,3.434496,2.08
10.520252624999557,8.52,3.474432,2.08
10.574722725003085,8.4,3.39456,2.08
10.628891168998962,8.44,3.434496,2.08
10.683041276002768,8.48,3.474432,2.08
10.737292671001342,8.36,3.354624,2.08
10.791553570998076,8.48,3.434496,2.08
10.845726271996682,8.4,3.434496,2.08
10.899991427999339,8.4,3.354624,2.08
10.954150878998917,8.48,3.434496,2.08
11.008325404000061,8.36,3.39456,2.08
11.062506426002074,8.4,3.39456,2.08
11.11667739800032,8.44,3.434496,2.08
11.170827472997189,8.32,3.354624,2.08
11.225044557999354,8.44,3.434496,2.08
11.27920515799633,8.4,3.434496,2.08
11.33353879400238,8.36,3.39456,2.08
11.387787015999493,8.48,3.474432,2.08
11.442065736999211,8.36,3.39456,2.08
11.49623305699788,8.4,3.39456,2.08
11.550405144997058,8.44,3.434496,2.08
11.604754047002643,8.32,3.354624,2.08
11.658929976001673,8.44,3.434496,2.08
11.713067181000952,8.4,3.434496,2.08
11.767220419998921,8.36,3.354624,2.08
11.82143001499935,8.48,3.434496,2.08
11.875612247997196,8.36,3.39456,2.08
11.929825106999488,8.4,3.39456,2.08
11.984009325002262,8.48,3.434496,2.08
12.03833054399729,8.36,3.354624,2.08
12.092513449002581,8.48,3.39456,2.08
12.146678304998204,8.44,3.434496,2.08
12.20083365499886,8.36,3.354624,2.08
12.255013451002014,8.48,3.434496,2.08
12.309434098002384,8.36,3.39456,2.08
12.363739439999335,8.4,3.39456,2.08
12.417867743999523,8.48,3.474432,2.08
12.472045524998975,8.32,3.354624,2.08
12.526203558998532,8.44,3.434496,2.08
12.580329750999226,8.4,3.434496,2.08
12.634452550999413,8.36,3.354624,2.08
12.688738755998202,8.48,3.434496,2.08
12.742959898998379,8.36,3.39456,2.08
12.797119342001679,8.48,3.434496,2.08
12.851382569002453,8.68,3.58848,2.08
12.905836306003039,8.52,3.514368,2.08
12.960050312998646,8.6,3.514368,2.08
13.014228253996407,8.56,3.554304,2.08
13.06840168099734,8.48,3.434496,2.08
13.12270295900089,8.6,3.514368,2.08
13.17685849800182,8.48,3.474432,2.08
13.230979277002916,8.48,3.434496,2.08
13.285242596000899,8.52,3.514368,2.08
13.339477431996784,8.4,3.434496,2.08
13.393834645001334,8.48,3.474432,2.08
13.448084331001155,8.48,3.474432,2.08
13.502388004002569,8.4,3.39456,2.08
13.557604708003055,8.52,3.474432,2.08
13.61182338299841,8.44,3.434496,2.08
13.666245786000218,8.4,3.39456,2.08
13.720447530999081,8.52,3.474432,2.08
13.774700032998226,8.4,3.39456,2.08
13.829064286997891,8.44,3.39456,2.08
13.883212972003093,8.48,3.434496,2.08
13.937379290997342,8.36,3.354624,2.08
13.99155284200242,8.48,3.434496,2.08
14.04591216800327,8.4,3.434496,2.08
14.100185278999561,8.4,3.354624,2.08
14.154287657001987,8.48,3.434496,2.08
14.208433107996825,8.36,3.39456,2.08
14.262579005000589,8.4,3.39456,2.08
14.316734022002493,8.44,3.434496,2.08
14.370915154002432,8.32,3.354624,2.08
14.42514803299855,8.44,3.434496,2.08
14.479357967000396,8.4,3.434496,2.08
14.533532474000822,8.36,3.39456,2.08
14.587706085003447,8.48,3.474432,2.08
14.641858830000274,8.36,3.39456,2.08
14.696070940000936,8.4,3.39456,2.08
14.750263720001385,8.48,3.434496,2.08
14.804431217999081,8.32,3.354624,2.08
14.858572154997091,8.44,3.39456,2.08
14.912697441999626,8.4,3.39456,2.08
14.966858220002905,8.36,3.354624,2.08
15.021011284996348,8.48,3.434496,2.08
15.075584286998492,8.36,3.354624,2.08
15.12979476399778,8.4,3.39456,2.08
15.184028987998317,8.44,3.434496,2.08
15.23844126900076,8.32,3.354624,2.08
15.292725667997729,8.44,3.39456,2.08
15.346950573999493,8.4,3.434496,2.08
15.401334533002228,8.36,3.354624,2.08
15.455490793996432,8.48,3.434496,2.08
15.509686386001704,8.36,3.39456,2.08
15.563816052999755,8.4,3.39456,2.08
15.617983803000243,8.44,3.434496,2.08
15.672114109998802,8.32,3.354624,2.08
15.726265281999076,8.44,3.39456,2.08
15.780403493998165,8.4,3.434496,2.08
15.834540488998755,8.36,3.354624,2.08
15.888613351999084,8.6,3.554304,2.08
15.94312765700306,8.52,3.514368,2.08
15.997609318998002,8.56,3.474432,2.08
16.05180113499955,8.6,3.514368,2.08
16.106073852999543,8.44,3.434496,2.08
16.16019651100214,8.52,3.474432,2.08
16.214321503000974,8.48,3.474432,2.08
16.268478047997633,8.4,3.39456,2.08
16.322634016003576,8.52,3.474432,2.08
16.376865671001724,8.44,3.434496,2.08
16.43105655399995,8.44,3.434496,2.08
16.48520186499809,8.48,3.474432,2.08
16.539378091998515,8.36,3.39456,2.08
16.59353473199735,8.44,3.434496,2.08
16.647654922002403,8.44,3.474432,2.08
16.70192574700195,8.36,3.39456,2.08
16.7560939410032,8.48,3.434496,2.08
16.81023224400269,8.4,3.39456,2.08
16.864369075003196,8.4,3.39456,2.08
16.918516275,8.48,3.434496,2.08
16.97268651599734,8.36,3.354624,2.08
17.026844020998396,8.44,3.39456,2.08
17.081010005997086,8.44,3.434496,2.08
17.13525337399915,8.36,3.354624,2.08
17.18941970999731,8.48,3.434496,2.08
17.24355682500027,8.36,3.39456,2.08
17.29772738199972,8.4,3.354624,2.08
17.351937653998903,8.44,3.434496,2.08
17.406104754998523,8.32,3.354624,2.08
17.46040047400311,8.44,3.39456,2.08
17.514559255003405,8.4,3.434496,2.08
17.568719091003004,8.32,3.354624,2.08
17.622885008000594,8.48,3.434496,2.08
17.677451659001235,8.36,3.39456,2.08
17.731678156997077,8.36,3.39456,2.08
17.785842985998897,8.48,3.434496,2.08
17.840041096998903,8.36,3.354624,2.08
17.894300364998344,8.48,3.39456,2.08
17.948500011996657,8.48,3.434496,2.08
18.00271390099806,8.36,3.354624,2.08
18.056891371001257,8.52,3.434496,2.08
18.11103306199948,8.4,3.39456,2.08
18.1652250929983,8.4,3.354624,2.08
18.21938259000308,8.48,3.434496,2.08
18.273522164003225,8.36,3.354624,2.08
18.327678699999524,8.44,3.39456,2.08
18.38186711000162,8.44,3.434496,2.08
18.43605232000118,8.36,3.354624,2.08
18.490261947001272,8.48,3.434496,2.08
18.544448788998125,8.36,3.39456,2.08
18.598654800996883,8.36,3.39456,2.08
18.65284346700355,8.48,3.434496,2.08
18.707087561000662,8.32,3.39456,2.08
18.761236031998124,8.44,3.39456,2.08
18.815397976002714,8.44,3.434496,2.08
18.86960641999758,8.36,3.354624,2.08
18.923886869000853,8.52,3.474432,2.08
18.978062861999206,8.56,3.554304,2.08
19.03227431399864,8.56,3.514368,2.08
19.08653991400206,8.64,3.548608,2.08
19.141027195997594,8.48,3.474432,2.08
19.195369633001974,8.52,3.474432,2.08
19.249574872002995,8.56,3.514368,2.08
19.30374753200158,8.4,3.434496,2.08
19.358142769997357,8.52,3.474432,2.08
19.412339848000556,8.48,3.474432,2.08
19.466524221003056,8.44,3.434496,2.08
19.520722260000184,8.52,3.474432,2.08
19.574948299996322,8.4,3.434496,2.08
19.629176420996373,8.44,3.434496,2.08
19.683339224997326,8.48,3.474432,2.08
19.737489738996373,8.36,3.39456,2.08
19.79169536200061,8.48,3.434496,2.08
19.845827124001516,8.44,3.434496,2.08
19.900048012001207,8.4,3.39456,2.08
19.954206399001123,8.52,3.474432,2.08
20.008421398997598,8.4,3.39456,2.08
20.062711988000956,8.44,3.39456,2.08
20.116855526997824,8.48,3.434496,2.08
20.171050748998823,8.36,3.354624,2.08
20.225379194002016,8.48,3.39456,2.08
20.2798391039978,8.44,3.39456,2.08
20.334071573000983,8.36,3.354624,2.08
20.38827959199989,8.48,3.434496,2.08
20.442413780998322,8.36,3.39456,2.08
20.49658650100173,8.4,3.39456,2.08
20.550863773001765,8.48,3.434496,2.08
20.605031275998044,8.32,3.354624,2.08
20.659225374001835,8.44,3.434496,2.08
20.713360171001113,8.4,3.434496,2.08
20.767553500998474,8.36,3.39456,2.08
20.821744685999874,8.48,3.434496,2.08
20.87609607599734,8.36,3.39456,2.08
20.930252475001907,8.4,3.39456,2.08
20.98438938400068,8.48,3.434496,2.08
21.038747013997636,8.36,3.354624,2.08
21.092890676001844,8.48,3.39456,2.08
21.147023457000614,8.44,3.434496,2.08
21.201145708000695,8.36,3.354624,2.08
21.25534617000085,8.48,3.434496,2.08
21.30946064100135,8.36,3.39456,2.08
21.363603466001223,8.4,3.39456,2.08
21.417747922998387,8.44,3.434496,2.08
21.471870394998405,8.32,3.354624,2.08
21.526056936003442,8.44,3.39456,2.08
21.5804109449964,8.4,3.434496,2.08
21.63473487200099,8.32,3.354624,2.08
21.6893826969972,8.48,3.434496,2.08
21.743566933000693,8.36,3.39456,2.08
21.797912173999066,8.36,3.39456,2.08
21.852055638999445,8.48,3.434496,2.08
21.9062442919967,8.32,3.354624,2.08
21.96037754900317,8.44,3.39456,2.08
22.014565657002095,8.56,3.514368,2.08
22.06884391699714,8.52,3.474432,2.08
22.123487324999587,8.6,3.514368,2.08
22.177667208998173,8.52,3.514368,2.08
22.231850354000926,8.52,3.434496,2.08
22.286031545998412,8.56,3.514368,2.08
22.34039079899958,8.44,3.434496,2.08
22.394567349998397,8.48,3.434496,2.08
22.44871334000345,8.48,3.474432,2.08
22.502826750001987,8.4,3.39456,2.08
22.556951298000058,8.52,3.474432,2.08
22.61131528700207,8.44,3.434496,2.08
22.66546335699968,8.4,3.434496,2.08
22.71957887899771,8.48,3.474432,2.08
22.77371894800308,8.36,3.39456,2.08
22.827850599998783,8.44,3.434496,2.08
22.882031535998976,8.44,3.474432,2.08
22.936155987001257,8.36,3.39456,2.08
22.990277525997953,8.48,3.434496,2.08
23.044430779998947,8.4,3.434496,2.08
23.098543551001057,8.4,3.39456,2.08
23.15268339499744,8.48,3.434496,2.08
23.206785187001515,8.36,3.354624,2.08
23.2609617670023,8.44,3.39456,2.08
23.31509270999959,8.44,3.434496,2.08
23.369232165998255,8.36,3.354624,2.08
23.42337773500185,8.48,3.434496,2.08
23.477666033999412,8.36,3.39456,2.08
23.531769487999554,8.36,3.354624,2.08
23.585884813997836,8.44,3.434496,2.08
23.640231869998388,8.32,3.354624,2.08
23.69439628800319,8.4,3.39456,2.08
23.748510846999125,8.4,3.434496,2.08
23.802652063001005,8.32,3.354624,2.08
23.856781886002864,8.44,3.434496,2.08
23.910966146002465,8.36,3.39456,2.08
23.96508012800041,8.36,3.39456,2.08
24.019186589997844,8.52,3.434496,2.08
24.073353663996386,8.36,3.39456,2.08
24.127480991002813,8.48,3.39456,2.08
24.181592574001115,8.44,3.434496,2.08
24.23570651999762,8.36,3.354624,2.08
24.29003843400278,8.48,3.434496,2.08
24.344656162997126,8.4,3.39456,2.08
24.398818688001484,8.4,3.354624,2.08
24.452961083996342,8.48,3.434496,2.08
24.5071121209985,8.36,3.354624,2.08
24.56126095000218,8.4,3.39456,2.08
24.615523867003503,8.44,3.434496,2.08
24.66968776899739,8.32,3.354624,2.08
24.72405680600059,8.44,3.434496,2.08
24.778307754000707,8.36,3.434496,2.08
24.83248544899834,8.36,3.39456,2.08
24.886669352003082,8.48,3.434496,2.08
24.940937965999183,8.32,3.39456,2.08
24.995118860999355,8.4,3.39456,2.08
25.04948530600086,8.48,3.474432,2.08
25.10399777800194,8.52,3.514368,2.08
25.158313660002023,8.64,3.548608,2.08
25.212591935996898,8.56,3.554304,2.08
25.26680188500177,8.48,3.474432,2.08
25.321071133999794,8.6,3.554304,2.08
25.375464776996523,8.48,3.474432,2.08
25.42960131199652,8.48,3.474432,2.08
25.48374648799654,8.52,3.514368,2.08
25.537888655999268,8.4,3.39456,2.08
25.59206359399832,8.52,3.474432,2.08
25.646406737003417,8.44,3.474432,2.08
25.700620014002197,8.4,3.39456,2.08
25.754841100002523,8.52,3.474432,2.08
25.809150448003493,8.4,3.434496,2.08
25.863303783997253,8.44,3.434496,2.08
25.917437919000804,8.48,3.474432,2.08
25.971574135000992,8.36,3.39456,2.08
26.025751408997166,8.48,3.434496,2.08
26.080125337997742,8.44,3.434496,2.08
26.134273426003347,8.4,3.39456,2.08
26.188420682003198,8.52,3.474432,2.08
26.242587134998757,8.4,3.39456,2.08
26.29675736399804,8.44,3.39456,2.08
26.350924936996307,8.48,3.434496,2.08
26.40508194999711,8.36,3.354624,2.08
26.45926206799777,8.44,3.434496,2.08
26.51344541800063,8.4,3.434496,2.08
26.56760921500245,8.36,3.354624,2.08
26.62184181700286,8.48,3.434496,2.08
26.67611038999894,8.36,3.39456,2.08
26.730302221003512,8.4,3.39456,2.08
26.7845056369988,8.44,3.474432,2.08
26.838679963002505,8.32,3.39456,2.08
26.89282046200242,8.44,3.434496,2.08
26.946966016999795,8.4,3.434496,2.08
27.00111221300176,8.36,3.39456,2.08
27.055449783001677,8.48,3.474432,2.08
27.109662094997475,8.36,3.39456,2.08
27.163811170998088,8.4,3.39456,2.08
27.21803016999911,8.48,3.434496,2.08
27.272189162002178,8.36,3.354624,2.08
27.326375227996323,8.44,3.434496,2.08
27.380586223996943,8.44,3.434496,2.08
27.43472678300168,8.36,3.354624,2.08
27.488883630998316,8.48,3.434496,2.08
27.543033597998146,8.36,3.39456,2.08
27.597158443997614,8.4,3.39456,2.08
27.65130469900032,8.48,3.434496,2.08
27.705534480002825,8.32,3.354624,2.08
27.759767814000952,8.44,3.434496,2.08
27.813917141000275,8.4,3.434496,2.08
27.868056580002303,8.36,3.39456,2.08
27.922233268996933,8.48,3.474432,2.08
27.976384357003553,8.36,3.434496,2.08
28.030554005999875,8.4,3.39456,2.08
28.084911029000068,8.48,3.474432,2.08
28.13914721099718,8.44,3.474432,2.08
28.193687927996507,8.64,3.554304,2.08
28.24816687600105,8.6,3.554304,2.08
28.30234698500135,8.48,3.474432,2.08
28.356588059003116,8.6,3.554304,2.08
28.41079313099908,8.48,3.474432,2.08
28.46497615199769,8.48,3.474432,2.08
28.519095265000942,8.56,3.514368,2.08
28.573210793001635,8.4,3.434496,2.08
28.627370324997173,8.48,3.474432,2.08
28.681539842000348,8.48,3.474432,2.08
28.73580043700349,8.4,3.39456,2.08
28.79024370299885,8.52,3.474432,2.08
28.844485193003493,8.4,3.434496,2.08
28.89867698300077,8.4,3.434496,2.08
28.952807424997445,8.48,3.474432,2.08
29.00700635099929,8.36,3.39456,2.08
29.061185373000626,8.44,3.434496,2.08
29.11532909500238,8.48,3.474432,2.08
29.169464113001595,8.36,3.39456,2.08
29.223598359996686,8.52,3.434496,2.08
29.27774476599734,8.4,3.434496,2.08
29.331891556998016,8.4,3.39456,2.08
29.38607262200094,8.48,3.434496,2.08
29.44021112399787,8.36,3.39456,2.08
29.494356666000385,8.44,3.39456,2.08
29.548507328996493,8.44,3.434496,2.08
29.602673128996685,8.36,3.354624,2.08
29.65681140599918,8.48,3.434496,2.08
29.7109534600022,8.4,3.39456,2.08
29.76513094099937,8.4,3.39456,2.08
29.819306406003307,8.48,3.474432,2.08
29.873477102002653,8.36,3.39456,2.08
29.9276249809991,8.44,3.434496,2.08
29.98182860799716,8.44,3.474432,2.08
0.0003270329980296083,8.04,3.19488,2.0
0.054510210000444204,8.2,3.274752,2.04
0.10872590199869592,8.2,3.274752,2.04
0.1631334470002912,8.2,3.274752,2.04
0.21737576000305125,8.32,3.354624,2.08
0.2715371399972355,8.24,3.314688,2.04
0.3257691480030189,8.32,3.314688,2.04
0.37994729699858,8.36,3.39456,2.08
0.43408624199946644,8.28,3.314688,2.04
0.4882616390023031,8.4,3.354624,2.08
0.5424097689974587,8.36,3.354624,2.08
0.5965616109970142,8.32,3.314688,2.04
0.6507497119964682,8.44,3.39456,2.08
0.7049018429970602,8.32,3.354624,2.08
0.7591217230001348,8.36,3.354624,2.08
0.8132574039991596,8.44,3.434496,2.08
0.8674666270017042,8.32,3.354624,2.08
0.9216163890014286,8.44,3.39456,2.08
0.9758015780025744,8.4,3.39456,2.08
1.0301575959965703,8.36,3.354624,2.08
1.0843506579985842,8.48,3.434496,2.08
1.1385922350018518,8.36,3.434496,2.08
1.1935892580004293,8.56,3.514368,2.08
1.2479887950030388,8.6,3.554304,2.08
1.3024107340024784,8.48,3.474432,2.08
1.3566381619966705,8.56,3.514368,2.08
1.4107897439971566,8.52,3.514368,2.08
1.4649233730015112,8.44,3.434496,2.08
1.5191491369987489,8.56,3.514368,2.08
1.5733103840029798,8.44,3.434496,2.08
1.627440108000883,8.48,3.434496,2.08
1.6815646800023387,8.52,3.474432,2.08
1.735707526000624,8.4,3.39456,2.08
1.7898973830015166,8.48,3.434496,2.08
1.844045924000966,8.48,3.474432,2.08
1.8981767689983826,8.4,3.39456,2.08
1.9523620499967365,8.52,3.474432,2.08
2.0064784290007083,8.4,3.434496,2.08
2.0606039609992877,8.4,3.434496,2.08
2.114725492996513,8.48,3.474432,2.08
2.168861072001164,8.36,3.39456,2.08
2.222960453997075,8.44,3.434496,2.08
2.2770935020016623,8.44,3.434496,2.08
2.331302685000992,8.36,3.39456,2.08
2.3854486619966337,8.48,3.474432,2.08
2.4395825100000366,8.4,3.39456,2.08
2.4937186949973693,8.4,3.39456,2.08
2.547826973001065,8.48,3.434496,2.08
2.601956534002966,8.36,3.354624,2.08
2.65614296199783,8.44,3.39456,2.08
2.710354800001369,8.44,3.434496,2.08
2.7645384130009916,8.36,3.354624,2.08
2.818823121000605,8.48,3.434496,2.08
2.8729965559978154,8.36,3.39456,2.08
2.927123332003248,8.4,3.39456,2.08
2.9812579799981904,8.44,3.434496,2.08
3.0355781789985485,8.32,3.39456,2.08
3.0897171800024807,8.44,3.434496,2.08
3.1438254579989007,8.4,3.434496,2.08
3.19793635699898,8.36,3.39456,2.08
3.2521278689964674,8.48,3.474432,2.08
3.3063598969965824,8.36,3.39456,2.08
3.3605053259962006,8.4,3.39456,2.08
3.414622017000511,8.48,3.434496,2.08
3.468759092997061,8.36,3.354624,2.08
3.5228726159984944,8.44,3.434496,2.08
3.577359927003272,8.44,3.434496,2.08
3.631568304997927,8.36,3.354624,2.08
3.6857174140022835,8.48,3.434496,2.08
3.739852922000864,8.36,3.39456,2.08
3.7941391299973475,8.4,3.39456,2.08
3.8482851029984886,8.48,3.434496,2.08
3.902414370997576,8.32,3.354624,2.08
3.956551254996157,8.44,3.434496,2.08
4.0107006519974675,8.4,3.434496,2.08
4.064846048997424,8.32,3.354624,2.08
4.119112191001477,8.48,3.474432,2.08
4.1732564979974995,8.36,3.434496,2.08
4.227418980000948,8.44,3.474432,2.08
4.281521682001767,8.6,3.59424,2.08
4.336028798003099,8.48,3.514368,2.08
4.390234482998494,8.56,3.514368,2.08
4.444429511000635,8.52,3.514368,2.08
4.498577944003046,8.44,3.434496,2.08
4.552721544998349,8.56,3.514368,2.08
4.607199058998958,8.44,3.434496,2.08
4.661418057003175,8.44,3.434496,2.08
4.715624541997386,8.52,3.474432,2.08
4.769757294001465,8.4,3.39456,2.08
4.823901823001506,8.48,3.434496,2.08
4.878036847003386,8.48,3.474432,2.08
4.932172765998985,8.4,3.39456,2.08
4.98635140999977,8.52,3.474432,2.08
5.040462495999236,8.4,3.434496,2.08
5.0945978079980705,8.4,3.39456,2.08
5.148711421999906,8.48,3.474432,2.08
5.202910446001624,8.36,3.39456,2.08
5.257129215999157,8.44,3.434496,2.08
5.3112627000009525,8.44,3.474432,2.08
5.365361556003336,8.36,3.39456,2.08
5.419511296997371,8.48,3.434496,2.08
5.473607273997914,8.4,3.39456,2.08
5.52774453299935,8.4,3.39456,2.08
5.581838430000062,8.48,3.434496,2.08
5.635960232997604,8.36,3.354624,2.08
5.69007633900037,8.44,3.39456,2.08
5.7441903650033055,8.44,3.434496,2.08
5.79833316100121,8.36,3.354624,2.08
5.852673731998948,8.48,3.434496,2.08
5.907162729999982,8.4,3.39456,2.08
5.961369115000707,8.4,3.39456,2.08
6.015565068002616,8.48,3.434496,2.08
6.069911175000016,8.36,3.39456,2.08
6.124425103997055,8.4,3.39456,2.08
6.180218005996721,8.44,3.474432,2.08
6.2346113129970036,8.32,3.39456,2.08
6.288921765997657,8.44,3.434496,2.08
6.343319200997939,8.4,3.434496,2.08
6.397870567998325,8.36,3.354624,2.08
6.452391436003381,8.48,3.434496,2.08
6.507080957999278,8.4,3.39456,2.08
6.561604866001289,8.4,3.39456,2.08
6.616410171998723,8.48,3.434496,2.08
6.671302877002745,8.36,3.354624,2.08
6.72579993600084,8.4,3.39456,2.08
6.781495805000304,8.48,3.434496,2.08
6.8356876890029525,8.36,3.354624,2.08
6.889927447999071,8.44,3.39456,2.08
6.944077792999451,8.44,3.434496,2.08
6.998253963000025,8.36,3.354624,2.08
7.05253071700281,8.48,3.434496,2.08
7.107111013996473,8.36,3.39456,2.08
7.161270477998187,8.4,3.39456,2.08
7.216097892996913,8.48,3.474432,2.08
7.270253002003301,8.36,3.39456,2.08
7.325153703000979,8.6,3.554304,2.08
7.379434292997757,8.6,3.59424,2.08
7.433713507001812,8.48,3.474432,2.08
7.488869906999753,8.56,3.514368,2.08
7.543057401999249,8.52,3.514368,2.08
7.597208605999185,8.48,3.434496,2.08
7.651404805998027,8.56,3.514368,2.08
7.705945927998982,8.44,3.434496,2.08
7.76033350200305,8.48,3.434496,2.08
7.815167669999937,8.52,3.474432,2.08
7.870292291998339,8.4,3.434496,2.08
7.924521198001457,8.48,3.434496,2.08
7.978751160000684,8.48,3.474432,2.08
8.03317160000006,8.36,3.39456,2.08
8.08744329399633,8.48,3.474432,2.08
8.141572959997575,8.4,3.434496,2.08
8.195896429999266,8.4,3.39456,2.08
8.250100753997685,8.48,3.474432,2.08
8.304923588002566,8.36,3.434496,2.08
8.359289845000603,8.44,3.434496,2.08
8.41411319100007,8.48,3.474432,2.08
8.469904322999355,8.36,3.39456,2.08
8.52402822500153,8.44,3.434496,2.08
8.579633487002866,8.48,3.474432,2.08
8.63376519799931,8.36,3.354624,2.08
8.688113916003203,8.48,3.434496,2.08
8.7423126720023,8.44,3.434496,2.08
8.796472192996589,8.4,3.39456,2.08
8.850687364996702,8.48,3.434496,2.08
8.90558377400157,8.36,3.39456,2.08
8.959871560000465,8.4,3.39456,2.08
9.014636214000348,8.48,3.434496,2.08
9.070484278003278,8.36,3.39456,2.08
9.124614004998875,8.44,3.39456,2.08
9.180252514997846,8.44,3.474432,2.08
9.234427103998314,8.32,3.39456,2.08
9.28855733799719,8.44,3.434496,2.08
9.342674098996213,8.4,3.434496,2.08
9.396776139001304,8.36,3.39456,2.08
9.450899429000856,8.48,3.474432,2.08
9.5057403719984,8.36,3.39456,2.08
9.560004184997524,8.44,3.39456,2.08
9.614162708996446,8.48,3.434496,2.08
9.668375604996982,8.36,3.354624,2.08
9.72250116700161,8.48,3.39456,2.08
9.776616743998602,8.4,3.39456,2.08
9.830782211996848,8.36,3.354624,2.08
9.884977346999221,8.48,3.434496,2.08
9.939209220996418,8.36,3.39456,2.08
9.993430310001713,8.4,3.39456,2.08
10.047680137002317,8.44,3.434496,2.08
10.101835717003269,8.32,3.354624,2.08
10.156113129996811,8.44,3.434496,2.08
10.210340678997454,8.4,3.434496,2.08
10.264512608002406,8.36,3.39456,2.08
10.318700442003319,8.48,3.474432,2.08
10.372927607000747,8.48,3.514368,2.08
10.427201751997927,8.56,3.514368,2.08
10.481699336996826,8.6,3.554304,2.08
10.53586176099634,8.48,3.474432,2.08
10.591048647002026,8.56,3.514368,2.08
10.645201469997119,8.56,3.514368,2.08
10.699327795999125,8.44,3.434496,2.08
10.75344295299874,8.56,3.514368,2.08
10.807580863001931,8.48,3.474432,2.08
10.861800380000204,8.44,3.434496,2.08
10.916385907999938,8.52,3.514368,2.08
10.970607631999883,8.4,3.434496,2.08
11.024849966997863,8.48,3.434496,2.08
11.07896617899678,8.48,3.474432,2.08
11.133089625000139,8.36,3.39456,2.08
11.187454844999593,8.48,3.474432,2.08
11.241688278001675,8.4,3.434496,2.08
11.295832616997359,8.4,3.39456,2.08
11.350050241002464,8.48,3.474432,2.08
11.404321052999876,8.36,3.39456,2.08
11.458589945003041,8.44,3.434496,2.08
11.512729643996863,8.48,3.474432,2.08
11.566882334998809,8.36,3.39456,2.08
11.6210554759964,8.52,3.434496,2.08
11.675174083997263,8.44,3.434496,2.08
11.729317366996838,8.4,3.39456,2.08
11.783428743001423,8.48,3.434496,2.08
11.8375765699966,8.36,3.39456,2.08
11.891819315998873,8.44,3.39456,2.08
11.945969542997773,8.44,3.474432,2.08
12.00015836500097,8.36,3.354624,2.08
12.054374197003199,8.48,3.434496,2.08
12.108528744000068,8.4,3.434496,2.08
12.1626875150032,8.4,3.39456,2.08
12.21685700299713,8.48,3.474432,2.08
12.271064125998237,8.36,3.39456,2.08
12.325279217999196,8.44,3.434496,2.08
12.379444865997357,8.44,3.474432,2.08
12.433663190000516,8.36,3.354624,2.08
12.487887946001138,8.48,3.434496,2.08
12.542034455997054,8.4,3.434496,2.08
12.596162469999399,8.4,3.39456,2.08
12.650330997996207,8.52,3.434496,2.08
12.704520102997776,8.36,3.39456,2.08
12.758679990998644,8.44,3.39456,2.08
12.812809955998091,8.48,3.434496,2.08
12.867009718996997,8.36,3.354624,2.08
12.922512170996924,8.44,3.434496,2.08
12.976655514001322,8.44,3.434496,2.08
13.030880974001775,8.36,3.354624,2.08
13.085075296003197,8.48,3.434496,2.08
13.139774135997868,8.36,3.39456,2.08
13.194470028996875,8.4,3.39456,2.08
13.24950175399863,8.48,3.474432,2.08
13.303789006000443,8.32,3.39456,2.08
13.358302196000295,8.4,3.39456,2.08
13.413041098996473,8.48,3.514368,2.08
13.467385796000599,8.52,3.514368,2.08
13.521907818998443,8.6,3.554304,2.08
13.577815994001867,8.56,3.554304,2.08
13.63195782800176,8.44,3.474432,2.08
13.687289319001138,8.6,3.514368,2.08
13.741429392997816,8.48,3.474432,2.08
13.795565305998025,8.48,3.434496,2.08
13.84982369300269,8.56,3.514368,2.08
13.903992984996876,8.4,3.434496,2.08
13.958221064996906,8.48,3.434496,2.08
14.012592708997545,8.48,3.474432,2.08
14.066908763998072,8.36,3.39456,2.08
14.121111722000933,8.52,3.474432,2.08
14.175278483999136,8.44,3.434496,2.08
14.229404951998731,8.4,3.39456,2.08
14.283538269002747,8.48,3.474432,2.08
14.337680898999679,8.36,3.39456,2.08
14.391845418002049,8.44,3.434496,2.08
14.44595396600198,8.44,3.474432,2.08
14.500090194997028,8.36,3.39456,2.08
14.554211511000176,8.48,3.434496,2.08
14.608352700997784,8.4,3.434496,2.08
14.662524389001192,8.4,3.39456,2.08
14.716653320996556,8.48,3.434496,2.08
14.770801008002309,8.36,3.354624,2.08
14.824951606002287,8.44,3.39456,2.08
14.879162496996287,8.44,3.434496,2.08
14.933340456998849,8.32,3.354624,2.08
14.987471469998127,8.48,3.434496,2.08
15.041616563998105,8.4,3.39456,2.08
15.095884226997441,8.36,3.354624,2.08
15.150013703998411,8.48,3.434496,2.08
15.204166121999151,8.32,3.39456,2.08
15.258376208999834,8.4,3.39456,2.08
15.312496591999661,8.44,3.474432,2.08
15.366630448996148,8.32,3.354624,2.08
15.42076363399974,8.48,3.434496,2.08
15.474882738002634,8.36,3.434496,2.08
15.52904661300272,8.36,3.39456,2.08
15.583176597996498,8.48,3.434496,2.08
15.637448897003196,8.36,3.39456,2.08
15.691620356003114,8.44,3.39456,2.08
15.745754500996554,8.44,3.434496,2.08
15.799905544001376,8.36,3.354624,2.08
15.8541597930016,8.48,3.434496,2.08
15.908381465000275,8.4,3.39456,2.08
15.962515257997438,8.36,3.354624,2.08
16.016863274999196,8.48,3.434496,2.08
16.07097447400156,8.36,3.39456,2.08
16.125257685998804,8.4,3.39456,2.08
16.17944501600141,8.44,3.434496,2.08
16.2335998310009,8.32,3.354624,2.08
16.28774737999629,8.44,3.434496,2.08
16.341897842001345,8.4,3.434496,2.08
16.39600804499787,8.36,3.39456,2.08
16.45013591300085,8.48,3.474432,2.08
16.50429360799899,8.48,3.474432,2.08
16.558720410001115,8.6,3.554304,2.08
16.613189775998762,8.6,3.554304,2.08
16.66756559899659,8.48,3.474432,2.08
16.721759200001543,8.6,3.514368,2.08
16.7758892119964,8.52,3.514368,2.08
16.83003135400213,8.48,3.434496,2.08
16.884177302999888,8.56,3.514368,2.08
16.938483200996416,8.44,3.434496,2.08
16.992711204002262,8.48,3.434496,2.08
17.046866882999893,8.48,3.474432,2.08
17.10101571300038,8.36,3.39456,2.08
17.15547304500069,8.48,3.434496,2.08
17.209665426002175,8.44,3.474432,2.08
17.26379421800084,8.4,3.39456,2.08
17.31799875899742,8.48,3.474432,2.08
17.372405556001468,8.4,3.434496,2.08
17.426644148996274,8.4,3.434496,2.08
17.480778796998493,8.48,3.474432,2.08
17.534896996003226,8.36,3.39456,2.08
17.589316274003068,8.48,3.434496,2.08
17.643456650999724,8.44,3.434496,2.08
17.697566689996165,8.4,3.354624,2.08
17.751703866000753,8.52,3.434496,2.08
17.805807281001762,8.4,3.39456,2.08
17.859958378001465,8.44,3.39456,2.08
17.914072257000953,8.48,3.434496,2.08
17.968185304001963,8.32,3.354624,2.08
18.022491326002637,8.44,3.434496,2.08
18.076615220998065,8.4,3.434496,2.08
18.1308695589978,8.36,3.354624,2.08
18.1850807219962,8.48,3.434496,2.08
18.239540830996702,8.36,3.39456,2.08
18.293687475998013,8.4,3.39456,2.08
18.34778230899974,8.44,3.474432,2.08
18.401907416999165,8.32,3.39456,2.08
18.455997482000384,8.44,3.434496,2.08
18.510072122000565,8.4,3.434496,2.08
18.5641638829984,8.36,3.354624,2.08
18.61853985700145,8.48,3.434496,2.08
18.67283579299692,8.36,3.39456,2.08
18.727003847998276,8.4,3.39456,2.08
18.78147064500081,8.48,3.434496,2.08
18.835817209001107,8.36,3.354624,2.08
18.8900368839968,8.44,3.39456,2.08
18.944162760002655,8.44,3.434496,2.08
18.998472457002208,8.36,3.354624,2.08
19.052717125996423,8.48,3.434496,2.08
19.106901501996617,8.36,3.39456,2.08
19.16119106899714,8.4,3.39456,2.08
19.215326316996652,8.48,3.434496,2.08
19.269498911999108,8.32,3.39456,2.08
19.323676754996995,8.44,3.434496,2.08
19.37779257800139,8.44,3.434496,2.08
19.431933202002256,8.36,3.39456,2.08
19.486078595000436,8.48,3.474432,2.08
19.54048131899617,8.44,3.434496,2.08
19.594926254998427,8.56,3.554304,2.08
19.649287023996294,8.64,3.59424,2.08
19.703476324000803,8.52,3.514368,2.08
19.758920214000682,8.56,3.514368,2.08
19.81330277700181,8.56,3.554304,2.08
19.867649881001853,8.44,3.434496,2.08
19.92185105400131,8.56,3.474432,2.08
19.976068228002987,8.52,3.474432,2.08
20.030679607996717,8.44,3.434496,2.08
20.085059354001714,8.56,3.474432,2.08
20.139382328001375,8.44,3.434496,2.08
20.195118939998792,8.44,3.434496,2.08
20.249290922998625,8.52,3.474432,2.08
20.30358141099714,8.4,3.434496,2.08
20.35775300899695,8.48,3.434496,2.08
20.412520172998484,8.48,3.474432,2.08
20.46687031300098,8.36,3.39456,2.08
20.52153167600045,8.48,3.474432,2.08
20.5756903779984,8.44,3.434496,2.08
20.629823540999496,8.4,3.39456,2.08
20.683989220000512,8.52,3.474432,2.08
20.738430502002302,8.4,3.39456,2.08
20.792614070000127,8.44,3.39456,2.08
20.846753730002092,8.48,3.434496,2.08
20.900856587999442,8.36,3.354624,2.08
20.955006233001768,8.48,3.434496,2.08
21.009109218997764,8.4,3.39456,2.08
21.0632195329963,8.36,3.354624,2.08
21.11736681000184,8.48,3.434496,2.08
21.171480769997288,8.36,3.39456,2.08
21.225809848001518,8.4,3.39456,2.08
21.279953632998513,8.44,3.434496,2.08
21.33413431599911,8.32,3.354624,2.08
21.38827061199845,8.44,3.434496,2.08
21.442465184001776,8.4,3.434496,2.08
21.496566724999866,8.36,3.39456,2.08
21.550663210000494,8.48,3.474432,2.08
21.604765839998436,8.36,3.39456,2.08
21.659469633996196,8.4,3.39456,2.08
21.713561062002555,8.48,3.434496,2.08
21.76768538900069,8.36,3.354624,2.08
21.821820596996986,8.48,3.434496,2.08
21.876002527998935,8.4,3.434496,2.08
21.930101860998548,8.36,3.354624,2.08
21.984222571998544,8.48,3.434496,2.08
22.038538496999536,8.36,3.39456,2.08
22.092650726997817,8.4,3.39456,2.08
22.146804336996865,8.44,3.434496,2.08
22.200924051001493,8.32,3.354624,2.08
22.25529520800046,8.44,3.434496,2.08
22.309494736997294,8.4,3.434496,2.08
22.363674872001866,8.36,3.39456,2.08
22.417780472998857,8.48,3.474432,2.08
22.471887098996376,8.36,3.39456,2.08
22.525986715998442,8.4,3.434496,2.08
22.580082268003025,8.44,3.474432,2.08
22.634204863003106,8.44,3.474432,2.08
22.68927933699888,8.6,3.554304,2.08
22.743795688998944,8.56,3.554304,2.08
22.797991473002185,8.48,3.474432,2.08
22.85212894900178,8.6,3.514368,2.08
22.90661636999721,8.48,3.474432,2.08
22.960792856996704,8.48,3.434496,2.08
23.01512090700271,8.52,3.514368,2.08
23.06927294399793,8.4,3.39456,2.08
23.12342846899992,8.48,3.474432,2.08
23.177548277002643,8.48,3.474432,2.08
23.23179785299726,8.4,3.39456,2.08
23.2861128739969,8.52,3.474432,2.08
23.340327407997393,8.4,3.434496,2.08
23.394488464997266,8.44,3.434496,2.08
23.448597005997726,8.48,3.474432,2.08
23.502749359002337,8.36,3.39456,2.08
23.556959508001455,8.44,3.434496,2.08
23.611113653001667,8.44,3.474432,2.08
23.665211601997726,8.36,3.39456,2.08
23.719359889997577,8.48,3.434496,2.08
23.77364034800121,8.4,3.39456,2.08
23.82776767500036,8.4,3.39456,2.08
23.881908987001225,8.48,3.434496,2.08
23.93605430000025,8.36,3.354624,2.08
23.990197692000947,8.44,3.39456,2.08
24.044331354998576,8.44,3.434496,2.08
24.098456537998572,8.36,3.354624,2.08
24.152704512998753,8.48,3.434496,2.08
24.206898784999794,8.36,3.39456,2.08
24.26106422200246,8.4,3.39456,2.08
24.315422025996668,8.44,3.474432,2.08
24.369754612001998,8.32,3.39456,2.08
24.42390116799652,8.44,3.434496,2.08
24.478063533999375,8.4,3.434496,2.08
24.53217399099958,8.32,3.354624,2.08
24.586304001997632,8.48,3.434496,2.08
24.640429692997714,8.36,3.39456,2.08
24.694620508002117,8.4,3.39456,2.08
24.748775448999368,8.48,3.434496,2.08
24.802909780002665,8.36,3.354624,2.08
24.85771254500287,8.44,3.39456,2.08
24.911891679999826,8.44,3.434496,2.08
24.966310288000386,8.36,3.354624,2.08
25.02068601299834,8.48,3.434496,2.08
25.074894429999404,8.4,3.39456,2.08
25.12910361499962,8.36,3.354624,2.08
25.183332317996246,8.48,3.434496,2.08
25.237551516001986,8.32,3.354624,2.08
25.291722549998667,8.4,3.39456,2.08
25.345966485001554,8.44,3.434496,2.08
25.400137486998574,8.32,3.354624,2.08
25.454379438000615,8.44,3.434496,2.08
25.508760151002207,8.4,3.434496,2.08
25.562929264997365,8.36,3.39456,2.08
25.617088170001807,8.48,3.434496,2.08
25.67144158500014,8.4,3.39456,2.08
25.725853021001967,8.6,3.554304,2.08
25.78016211299837,8.6,3.59424,2.08
25.834454019997793,8.48,3.474432,2.08
25.888727844998357,8.6,3.514368,2.08
25.942959460000566,8.52,3.514368,2.08
25.997189057998185,8.48,3.434496,2.08
26.051382940997428,8.56,3.514368,2.08
26.105549175001215,8.44,3.434496,2.08
26.159756881999783,8.48,3.434496,2.08
26.214026800000283,8.52,3.474432,2.08
26.268294155997864,8.36,3.39456,2.08
26.32255607299885,8.48,3.474432,2.08
26.376896843001305,8.44,3.474432,2.08
26.431092131002515,8.4,3.39456,2.08
26.48534860699874,8.52,3.474432,2.08
26.539455247999285,8.4,3.434496,2.08
26.593844436996733,8.44,3.434496,2.08
26.648098865000065,8.48,3.474432,2.08
26.70225248600036,8.36,3.39456,2.08
26.756426555999496,8.48,3.434496,2.08
26.81054865400074,8.44,3.434496,2.08
26.86476138299622,8.36,3.354624,2.08
26.918884505001188,8.48,3.434496,2.08
26.973023532002117,8.4,3.39456,2.08
27.02716425499966,8.4,3.39456,2.08
27.081282480998198,8.48,3.434496,2.08
27.13541385999997,8.32,3.354624,2.08
27.189537427002506,8.44,3.39456,2.08
27.243698819998826,8.4,3.434496,2.08
27.297847923997324,8.36,3.354624,2.08
27.35231058699719,8.48,3.434496,2.08
27.406477452001127,8.36,3.39456,2.08
27.460646205996454,8.4,3.39456,2.08
27.514770763998968,8.44,3.474432,2.08
27.568904154002666,8.32,3.39456,2.08
27.62310427000193,8.44,3.434496,2.08
27.677253693997045,8.44,3.434496,2.08
27.731470195001748,8.36,3.354624,2.08
27.78570340100123,8.48,3.434496,2.08
27.839849529002095,8.4,3.39456,2.08
27.893997993000085,8.4,3.39456,2.08
27.94810421400325,8.48,3.434496,2.08
28.002431346998492,8.32,3.354624,2.08
28.056564641003206,8.44,3.39456,2.08
28.11070472100255,8.4,3.434496,2.08
28.16483702199912,8.36,3.354624,2.08
28.21905335899646,8.48,3.434496,2.08
28.273205562996736,8.36,3.39456,2.08
28.327667133999057,8.4,3.39456,2.08
28.381954035998206,8.44,3.434496,2.08
28.436174053000286,8.32,3.354624,2.08
28.490396501998475,8.44,3.434496,2.08
28.544570404003025,8.4,3.434496,2.08
28.598746226001822,8.36,3.354624,2.08
28.652937632999965,8.48,3.434496,2.08
28.707167603002745,8.4,3.39456,2.08
28.76134441600152,8.48,3.474432,2.08
28.816231459000846,8.68,3.58848,2.12
28.870972251002968,8.52,3.514368,2.08
28.925370520999422,8.56,3.514368,2.08
28.979584073000296,8.6,3.554304,2.08
29.033958630003326,8.44,3.434496,2.08
29.08830979299819,8.56,3.514368,2.08
29.14245540399861,8.48,3.474432,2.08
29.19659665999643,8.44,3.434496,2.08
29.250778622001235,8.52,3.514368,2.08
29.305215802996827,8.4,3.434496,2.08
29.359448392999184,8.48,3.434496,2.08
29.41365938099625,8.48,3.514368,2.08
29.467887266997423,8.36,3.39456,2.08
29.52221010300127,8.48,3.474432,2.08
29.57639363299677,8.44,3.474432,2.08
29.630551274000027,8.4,3.39456,2.08
29.684721842997533,8.52,3.474432,2.08
29.73912314899644,8.4,3.434496,2.08
29.793415872001788,8.44,3.39456,2.08
29.84764398099651,8.48,3.474432,2.08
29.90189884499705,8.36,3.354624,2.08
29.956183854999836,8.48,3.434496,2.08
0.0003344569995533675,8.24,3.274752,2.04
0.054480927996337414,8.36,3.354624,2.08
0.10862186399754137,8.32,3.354624,2.08
0.16282657699775882,8.28,3.314688,2.04
0.21708585300075356,8.4,3.39456,2.08
0.27154415100085316,8.28,3.354624,2.08
0.325781729996379,8.36,3.39456,2.08
0.37993504599580774,8.4,3.434496,2.08
0.43417351999960374,8.28,3.354624,2.08
0.4885163540020585,8.4,3.434496,2.08
0.5426856389967725,8.36,3.434496,2.08
0.5968981589976465,8.32,3.354624,2.08
0.6511602829996264,8.44,3.434496,2.08
0.7053649629961001,8.36,3.39456,2.08
0.7595224709948525,8.4,3.39456,2.08
0.8136785070018959,8.44,3.434496,2.08
0.8678444959950866,8.32,3.354624,2.08
0.9220078930011368,8.44,3.39456,2.08
0.9761641529985354,8.4,3.39456,2.08
1.0303239329950884,8.36,3.354624,2.08
1.0844690239973716,8.48,3.434496,2.08
1.138621284000692,8.32,3.354624,2.08
1.1927907889985363,8.4,3.39456,2.08
1.2469385000003967,8.44,3.434496,2.08
1.3011676259993692,8.32,3.354624,2.08
1.3553508280019742,8.44,3.434496,2.08
1.4095164609971107,8.4,3.434496,2.08
1.4638160549948225,8.36,3.39456,2.08
1.5182194980006898,8.48,3.434496,2.08
1.5730101039953297,8.36,3.39456,2.08
1.6271942659950582,8.4,3.39456,2.08
1.6813205360012944,8.48,3.434496,2.08
1.7355229719978524,8.36,3.354624,2.08
1.7896806040007505,8.48,3.434496,2.08
1.8445030209986726,8.64,3.59424,2.08
1.898874621001596,8.56,3.474432,2.08
1.9538676430020132,8.68,3.554304,2.08
2.008341617998667,8.56,3.514368,2.08
2.06256235899491,8.52,3.434496,2.08
2.1167385209992062,8.6,3.514368,2.08
2.170924535996164,8.44,3.434496,2.08
2.22535040799994,8.52,3.434496,2.08
2.2795385339995846,8.52,3.474432,2.08
2.3337777359993197,8.4,3.354624,2.08
2.3879312999997637,8.52,3.434496,2.08
2.4420874880015617,8.44,3.434496,2.08
2.496321569997235,8.4,3.39456,2.08
2.5505190729963942,8.52,3.474432,2.08
2.604776740001398,8.4,3.39456,2.08
2.6590439439969487,8.44,3.434496,2.08
2.7132575450013974,8.48,3.474432,2.08
2.767423332996259,8.36,3.354624,2.08
2.8217937769950368,8.48,3.434496,2.08
2.8762302420000196,8.44,3.434496,2.08
2.932144735001202,8.36,3.354624,2.08
2.9864020829991205,8.52,3.434496,2.08
3.0406239709991496,8.4,3.39456,2.08
3.0965176960016834,8.4,3.354624,2.08
3.1506830989965238,8.48,3.434496,2.08
3.205152681999607,8.36,3.39456,2.08
3.2593989209999563,8.4,3.39456,2.08
3.313546272001986,8.44,3.434496,2.08
3.3677046000011615,8.32,3.354624,2.04
3.421910578996176,8.44,3.434496,2.08
3.476083595996897,8.4,3.434496,2.04
3.5302773189978325,8.36,3.39456,2.04
3.584472641996399,8.48,3.474432,2.04
3.6391595210006926,8.36,3.434496,2.04
3.6935654190019704,8.4,3.39456,2.04
3.7477339879987994,8.44,3.474432,2.04
3.8018846349950763,8.32,3.354624,2.04
3.856074549999903,8.44,3.434496,2.04
3.910220716999902,8.4,3.434496,2.04
3.9644902529980754,8.32,3.354624,2.0
4.019412636997004,8.44,3.434496,2.04
4.073869482999726,8.32,3.39456,2.04
4.128037347996724,8.36,3.39456,2.0
4.182178743001714,8.4,3.434496,2.04
4.23632925900165,8.28,3.354624,2.0
4.290534113999456,8.36,3.434496,2.04
4.344654098997125,8.36,3.434496,2.04
4.398791526000423,8.28,3.354624,2.0
4.452917142996739,8.4,3.434496,2.04
4.507257047996973,8.32,3.39456,2.0
4.5614663519954775,8.32,3.39456,2.0
4.615620963995752,8.4,3.474432,2.04
4.669843515999673,8.28,3.354624,2.0
4.72395383699768,8.4,3.39456,2.0
4.77812179299508,8.4,3.434496,2.04
4.832426527995267,8.32,3.354624,2.0
4.886747871998523,8.56,3.554304,2.04
4.941257421996852,8.52,3.554304,2.04
4.995796413997596,8.48,3.514368,2.0
5.050057337000908,8.56,3.554304,2.04
5.1042281100017135,8.4,3.434496,2.0
5.158350845995301,8.48,3.474432,2.04
5.212574642995605,8.48,3.474432,2.04
5.266744866996305,8.36,3.39456,2.0
5.321185895998497,8.44,3.474432,2.04
5.3753278629956185,8.36,3.434496,2.04
5.429486406996148,8.32,3.39456,2.0
5.483613108001009,8.44,3.474432,2.04
5.5379841799949645,8.28,3.39456,2.0
5.59221172099933,8.36,3.434496,2.0
5.64641794799536,8.36,3.434496,2.04
5.700561706995359,8.28,3.354624,2.0
5.755007471998397,8.4,3.434496,2.04
5.809216196001216,8.32,3.39456,2.0
5.863404309995531,8.32,3.354624,2.0
5.917518818001554,8.4,3.434496,2.04
5.971846590997302,8.28,3.354624,2.0
6.026121527000214,8.36,3.39456,2.0
6.080282246999559,8.36,3.434496,2.04
6.134436694999749,8.24,3.314688,2.0
6.188615811995987,8.4,3.39456,2.04
6.242829843999061,8.32,3.39456,2.0
6.297038275995874,8.28,3.354624,2.0
6.351198158998159,8.4,3.434496,2.04
6.405412510997849,8.28,3.354624,2.0
6.4595631470001535,8.32,3.39456,2.0
6.513752216997091,8.36,3.434496,2.04
6.56795549600065,8.24,3.354624,2.0
6.622300352995808,8.36,3.39456,2.0
6.67668985400087,8.32,3.39456,2.0
6.730956626000989,8.28,3.354624,2.0
6.785142207998433,8.4,3.434496,2.04
6.8393498709992855,8.28,3.354624,2.0
6.8935311649984214,8.32,3.354624,2.0
6.947688009000558,8.4,3.39456,2.04
7.002146441998775,8.28,3.314688,2.0
7.056295893999049,8.4,3.39456,2.0
7.1104200949994265,8.36,3.39456,2.0
7.16453510899737,8.28,3.314688,2.0
7.218783251999412,8.4,3.39456,2.04
7.27292149799905,8.28,3.354624,2.0
7.3271118119955645,8.32,3.354624,2.0
7.381247337994864,8.36,3.434496,2.04
7.435449908996816,8.24,3.354624,2.0
7.489566969998123,8.36,3.39456,2.04
7.5436870389967225,8.32,3.39456,2.04
7.598003377999703,8.28,3.354624,2.0
7.652201789001992,8.4,3.434496,2.04
7.706417449000583,8.28,3.354624,2.0
7.760536622001382,8.32,3.354624,2.0
7.81463582500146,8.4,3.434496,2.04
7.8688112259987975,8.28,3.314688,2.0
7.922973474996979,8.4,3.39456,2.04
7.977274933000444,8.52,3.554304,2.04
8.03157818299951,8.44,3.474432,2.0
8.085821556996962,8.56,3.554304,2.04
8.139956922997953,8.44,3.474432,2.0
8.194116510996537,8.44,3.434496,2.0
8.24828979599988,8.48,3.514368,2.04
8.302521420999255,8.36,3.39456,2.0
8.356878558995959,8.44,3.434496,2.04
8.411004895999213,8.4,3.474432,2.04
8.465354481995746,8.32,3.39456,2.0
8.519643358995381,8.44,3.474432,2.04
8.573780897997494,8.32,3.434496,2.0
8.628162326000165,8.36,3.39456,2.0
8.682310297001095,8.4,3.474432,2.04
8.736480636995111,8.28,3.354624,2.0
8.790671875998669,8.4,3.39456,2.0
8.844846471998608,8.36,3.434496,2.04
8.899316770999576,8.28,3.354624,2.0
8.953952329997264,8.4,3.434496,2.04
9.008169553999323,8.32,3.39456,2.0
9.062822745996527,8.32,3.354624,2.0
9.116998558994965,8.4,3.434496,2.04
9.171239718001743,8.28,3.354624,2.0
9.225429512000119,8.36,3.39456,2.0
9.279569477999758,8.36,3.434496,2.04
9.333792427001754,8.24,3.314688,2.0
9.388042992999544,8.36,3.39456,2.04
9.442196880998381,8.32,3.39456,2.0
9.496356944997387,8.28,3.354624,2.0
9.550527280996903,8.36,3.434496,2.04
9.604726835998008,8.24,3.354624,2.0
9.659091746994818,8.32,3.39456,2.0
9.713329639998847,8.36,3.434496,2.04
9.767740889998095,8.24,3.354624,2.0
9.821969566997723,8.36,3.39456,2.04
9.876147679999121,8.32,3.39456,2.0
9.930339842998364,8.28,3.354624,2.0
9.984480833001726,8.4,3.39456,2.04
10.038626656001725,8.28,3.354624,2.0
10.093125432998932,8.32,3.354624,2.0
10.147245171996474,8.36,3.39456,2.04
10.201489398001286,8.24,3.314688,2.0
10.25593495099747,8.36,3.39456,2.04
10.310147398995468,8.32,3.39456,2.0
10.364269951998722,8.28,3.354624,2.0
10.418379575996369,8.4,3.434496,2.04
10.472511441999814,8.24,3.354624,2.0
10.526641226999345,8.32,3.354624,2.0
10.580804391000129,8.36,3.434496,2.04
10.635181394995016,8.24,3.354624,2.0
10.689678791000915,8.36,3.39456,2.04
10.743936361999658,8.32,3.39456,2.0
10.798148873996979,8.28,3.354624,2.0
10.852285603999917,8.4,3.434496,2.04
10.907383780999226,8.32,3.39456,2.0
10.961558946000878,8.32,3.354624,2.0
11.015934092996758,8.52,3.514368,2.04
11.070159374001378,8.44,3.514368,2.0
11.124636160995578,8.52,3.514368,2.04
11.17888009500166,8.48,3.514368,2.04
11.233362990999012,8.36,3.434496,2.0
11.287618349000695,8.48,3.474432,2.04
11.342253031994915,8.4,3.474432,2.04
11.396446498001751,8.36,3.39456,2.0
11.451030744996388,8.44,3.474432,2.04
11.505802621999464,8.32,3.434496,2.0
11.560042427001463,8.36,3.434496,2.0
11.615280993995839,8.44,3.474432,2.04
11.671208731000661,8.32,3.39456,2.0
11.725503739995474,8.36,3.39456,2.0
11.780106325000816,8.4,3.474432,2.04
11.834953182995378,8.28,3.354624,2.0
11.889330630001496,8.4,3.39456,2.04
11.943554530997062,8.36,3.39456,2.0
11.997714298995561,8.32,3.354624,2.0
12.051896564000344,8.4,3.434496,2.04
12.10601840900199,8.28,3.354624,2.0
12.160166014000424,8.32,3.354624,2.0
12.21435041899531,8.36,3.434496,2.04
12.268484772997908,8.24,3.314688,2.0
12.322723614997813,8.36,3.39456,2.04
12.376855921000242,8.32,3.39456,2.0
12.430986977997236,8.28,3.354624,2.0
12.485130581000703,8.4,3.434496,2.04
12.539273383001273,8.24,3.354624,2.0
12.593435738999688,8.32,3.354624,2.0
12.647558987999219,8.36,3.434496,2.04
12.701844680996146,8.24,3.354624,2.0
12.75602883099782,8.36,3.39456,2.0
12.810193010998773,8.32,3.39456,2.0
12.864346342001227,8.28,3.314688,2.0
12.918570303001616,8.4,3.39456,2.04
12.97282485699543,8.28,3.354624,2.0
13.026960971001245,8.32,3.354624,2.0
13.081101661999128,8.36,3.39456,2.04
13.135324885995942,8.24,3.314688,2.0
13.189507335999224,8.36,3.39456,2.0
13.243640693995985,8.32,3.39456,2.0
13.297809605996008,8.28,3.314688,2.0
13.352002264000475,8.4,3.39456,2.04
13.406174600997474,8.28,3.354624,2.0
13.460298133999459,8.32,3.354624,2.0
13.514416931000596,8.36,3.434496,2.04
13.568556145000912,8.24,3.354624,2.0
13.622794918999716,8.36,3.39456,2.04
13.676948918000562,8.32,3.39456,2.04
13.731205741001759,8.28,3.354624,2.0
13.785425536996627,8.4,3.434496,2.04
13.839564782996604,8.28,3.354624,2.0
13.893894731001637,8.32,3.354624,2.0
13.94800901599956,8.4,3.39456,2.04
14.00234449999698,8.28,3.314688,2.0
14.05647312200017,8.4,3.39456,2.04
14.110668884000916,8.48,3.514368,2.04
14.165205469995271,8.44,3.434496,2.0
14.219639836999704,8.52,3.514368,2.04
14.273849324999901,8.4,3.474432,2.04
14.328081629995722,8.4,3.434496,2.0
14.382311342997127,8.48,3.474432,2.04
14.436531678999017,8.32,3.39456,2.0
14.49071274799644,8.4,3.434496,2.04
14.544875608000439,8.4,3.474432,2.04
14.599131178998505,8.32,3.354624,2.0
14.653338937998342,8.44,3.434496,2.04
14.707537481001054,8.32,3.39456,2.0
14.761713973995938,8.36,3.39456,2.0
14.815874177998921,8.4,3.434496,2.04
14.87008334499842,8.28,3.354624,2.0
14.924231259996304,8.4,3.39456,2.0
14.978381414999603,8.36,3.434496,2.04
15.032527889998164,8.28,3.354624,2.0
15.0867983729986,8.4,3.39456,2.04
15.140956784998707,8.32,3.39456,2.0
15.195147002996237,8.32,3.354624,2.0
15.249366758995166,8.4,3.434496,2.04
15.303609973001585,8.28,3.354624,2.0
15.357758427999215,8.36,3.39456,2.0
15.411938020995876,8.36,3.39456,2.04
15.466119757998968,8.24,3.314688,2.0
15.520603277996997,8.4,3.39456,2.04
15.574857371997496,8.28,3.39456,2.0
15.62918395199813,8.28,3.354624,2.0
15.683631308995245,8.4,3.434496,2.04
15.737930878996849,8.28,3.354624,2.0
15.792256946995622,8.36,3.39456,2.0
15.846538083998894,8.36,3.434496,2.04
15.900836244996754,8.24,3.314688,2.0
15.955610313998477,8.36,3.39456,2.0
16.00984514299489,8.32,3.39456,2.0
16.064106694000657,8.28,3.314688,2.0
16.118285231998016,8.4,3.39456,2.04
16.17246254999918,8.28,3.354624,2.0
16.226621625995904,8.32,3.354624,2.0
16.280812352000794,8.36,3.39456,2.04
16.335987885999202,8.24,3.314688,2.0
16.39020565399551,8.32,3.39456,2.0
16.445011944000726,8.32,3.39456,2.04
16.49922468799923,8.24,3.314688,2.0
16.554415359001723,8.36,3.39456,2.04
16.608678058000805,8.28,3.39456,2.0
16.66357222700026,8.28,3.354624,2.0
16.71773559099529,8.4,3.39456,2.04
16.772515799995745,8.28,3.354624,2.0
16.82685738500004,8.32,3.354624,2.0
16.8810372309963,8.4,3.39456,2.04
16.936724161998427,8.24,3.354624,2.0
16.99110392500006,8.36,3.354624,2.0
17.046449454996036,8.36,3.39456,2.04
17.10062565199769,8.24,3.314688,2.0
17.156143034000706,8.48,3.514368,2.04
17.21044006699958,8.52,3.554304,2.04
17.265071557994816,8.4,3.474432,2.0
17.319269703999453,8.52,3.514368,2.04
17.373472490995482,8.4,3.474432,2.0
17.427613674000895,8.4,3.434496,2.0
17.481772328996158,8.44,3.514368,2.04
17.53592269699584,8.32,3.39456,2.0
17.590090056997724,8.4,3.434496,2.04
17.64428241099813,8.36,3.474432,2.04
17.69844557900069,8.32,3.39456,2.0
17.752596297999844,8.44,3.474432,2.04
17.806770698996843,8.32,3.39456,2.0
17.86120646299969,8.36,3.39456,2.0
17.915488935999747,8.44,3.434496,2.04
17.969690378995438,8.28,3.354624,2.0
18.024052376997133,8.36,3.39456,2.0
18.078223001997685,8.36,3.39456,2.04
18.132442654001352,8.28,3.314688,2.0
18.18666668699734,8.4,3.39456,2.04
18.240859452998848,8.32,3.354624,2.0
18.295239720995596,8.32,3.354624,2.0
18.3494265670015,8.4,3.434496,2.04
18.403597603995877,8.24,3.354624,2.0
18.457762079997337,8.32,3.39456,2.0
18.512017731001833,8.32,3.39456,2.04
18.566189502998895,8.24,3.314688,2.0
18.620360155997332,8.36,3.39456,2.04
18.674587036999583,8.28,3.39456,2.0
18.728739095997298,8.28,3.354624,2.0
18.78287368200108,8.4,3.434496,2.04
18.83729622499959,8.28,3.354624,2.0
18.891742674000852,8.36,3.354624,2.0
18.9458959170006,8.36,3.39456,2.04
19.000243702997977,8.28,3.314688,2.0
19.05436161599937,8.4,3.39456,2.04
19.108453317996464,8.32,3.354624,2.0
19.162559420001344,8.28,3.354624,2.0
19.21666187200026,8.4,3.39456,2.04
19.270835880997765,8.24,3.354624,2.0
19.32507616699877,8.32,3.354624,2.0
19.37922355000046,8.36,3.39456,2.04
19.43334862699703,8.24,3.314688,2.0
19.487600977998227,8.36,3.39456,2.04
19.541710373996466,8.28,3.39456,2.0
19.59585670100205,8.28,3.354624,2.0
19.649972626000817,8.36,3.434496,2.04
19.704280211997684,8.24,3.354624,2.0
19.758395753000514,8.32,3.39456,2.0
19.812506397996913,8.36,3.39456,2.04
19.866676662000827,8.28,3.314688,2.0
19.92105721400003,8.4,3.39456,2.04
19.97538688199711,8.32,3.39456,2.0
20.029873681996833,8.28,3.354624,2.0
20.084005767996132,8.4,3.39456,2.04
20.138175328000216,8.28,3.354624,2.0
20.192351605001022,8.36,3.354624,2.0
20.24725763099559,8.56,3.554304,2.04
20.301738923000812,8.44,3.474432,2.0
20.355984516994795,8.52,3.514368,2.04
20.410221853999246,8.44,3.514368,2.04
20.464390802997514,8.4,3.434496,2.0
20.51857674499479,8.48,3.514368,2.04
20.57273702100065,8.36,3.434496,2.0
20.62715465999645,8.4,3.434496,2.0
20.68235830699996,8.44,3.474432,2.04
20.736558137999964,8.32,3.39456,2.0
20.79163582399633,8.4,3.434496,2.0
20.846001138997963,8.4,3.474432,2.04
20.901284824998584,8.32,3.354624,2.0
20.95555397299904,8.4,3.434496,2.04
21.00974045899784,8.36,3.39456,2.04
21.063997701996414,8.32,3.354624,2.0
21.118266017001588,8.4,3.434496,2.04
21.172439411995583,8.28,3.354624,2.0
21.226716204000695,8.32,3.354624,2.0
21.280889756999386,8.4,3.434496,2.04
21.335334753995994,8.24,3.354624,2.0
21.3898384109998,8.36,3.39456,2.0
21.444815445996937,8.32,3.434496,2.04
21.499031241997727,8.24,3.354624,2.0
21.553932975999487,8.36,3.434496,2.04
21.608160932999454,8.32,3.39456,2.0
21.66354846199829,8.28,3.354624,2.0
21.71783767099987,8.4,3.434496,2.04
21.772249544999795,8.28,3.354624,2.0
21.826421657999163,8.32,3.354624,2.0
21.880551207999815,8.4,3.434496,2.04
21.93486704299721,8.28,3.314688,2.0
21.98902331499994,8.36,3.39456,2.04
22.043183843001316,8.32,3.39456,2.0
22.09731339300197,8.28,3.314688,2.0
22.15152614800172,8.4,3.39456,2.04
22.20563354800106,8.28,3.354624,2.0
22.259766677998414,8.32,3.354624,2.0
22.313936098995327,8.36,3.39456,2.04
22.36950754099962,8.24,3.314688,2.0
22.42362131000118,8.36,3.39456,2.04
22.47773440599849,8.32,3.39456,2.04
22.531846446996497,8.28,3.314688,2.0
22.585955032001948,8.4,3.39456,2.04
22.640080320998095,8.28,3.354624,2.0
22.69429819299694,8.32,3.354624,2.0
22.748396857001353,8.36,3.39456,2.04
22.80253910800093,8.24,3.314688,2.0
22.85664404399722,8.36,3.39456,2.0
22.910777974000666,8.36,3.39456,2.0
22.964970148997963,8.28,3.314688,2.0
23.01915765099693,8.4,3.39456,2.04
23.07352135799738,8.28,3.354624,2.0
23.12763570199604,8.32,3.354624,2.0
23.18172821799817,8.36,3.39456,2.04
23.235910147996037,8.24,3.314688,2.0
23.29030482899543,8.52,3.514368,2.04
23.34457066899631,8.52,3.554304,2.04
23.39900080899679,8.4,3.434496,2.0
23.453476807997504,8.52,3.514368,2.04
23.507617197996296,8.4,3.474432,2.04
23.561725810999633,8.4,3.434496,2.0
23.61585551299504,8.48,3.514368,2.04
23.669980222999584,8.32,3.39456,2.0
23.72432523599855,8.4,3.434496,2.0
23.77845007400174,8.4,3.474432,2.04
23.83271303299989,8.32,3.354624,2.0
23.8869890499991,8.44,3.434496,2.04
23.941119424001954,8.36,3.39456,2.0
23.99551688900101,8.36,3.354624,2.0
24.05013385899656,8.44,3.434496,2.04
24.104569982999237,8.28,3.354624,2.0
24.15872186100023,8.36,3.39456,2.0
24.212834949001262,8.36,3.434496,2.04
24.26699607399496,8.28,3.354624,2.0
24.321182831998158,8.4,3.39456,2.04
24.375314641998557,8.32,3.39456,2.04
24.429655715997797,8.28,3.354624,2.0
24.483750562998466,8.4,3.434496,2.04
24.53790995899908,8.24,3.354624,2.0
24.592013030996895,8.32,3.39456,2.0
24.64621643099963,8.36,3.434496,2.04
24.70042959100101,8.24,3.314688,2.0
24.75458604299638,8.4,3.39456,2.04
24.808684058996732,8.32,3.39456,2.0
24.862820092996117,8.32,3.354624,2.0
24.91692044500087,8.4,3.39456,2.04
24.971150822995696,8.28,3.354624,2.0
25.02548018300149,8.32,3.354624,2.0
25.080420499994943,8.36,3.39456,2.04
25.134583607999957,8.24,3.314688,2.0
25.188735447998624,8.36,3.39456,2.04
25.242966908997914,8.32,3.39456,2.0
25.297167648997856,8.28,3.314688,2.0
25.3517363189967,8.4,3.39456,2.04
25.405982500997197,8.28,3.354624,2.0
25.460331923000922,8.28,3.354624,2.0
25.514642014000856,8.36,3.434496,2.04
25.5688332169957,8.24,3.354624,2.0
25.62303353999596,8.36,3.39456,2.0
25.677236391995393,8.32,3.39456,2.0
25.731367717999092,8.28,3.354624,2.0
25.785604363998573,8.4,3.39456,2.04
25.83972423299565,8.28,3.354624,2.0
25.89387866499601,8.32,3.354624,2.0
25.947998630996153,8.36,3.39456,2.04
26.002184264994867,8.24,3.314688,2.0
26.05643345599674,8.36,3.39456,2.0
26.110800638998626,8.32,3.39456,2.04
26.164923162999912,8.28,3.314688,2.0
26.21902888299519,8.4,3.39456,2.04
26.273466564001865,8.28,3.354624,2.0
26.327748104995408,8.32,3.39456,2.0
26.382191001997853,8.56,3.554304,2.04
26.436597512001754,8.4,3.474432,2.0
26.49088423699868,8.48,3.514368,2.04
26.545029064996925,8.44,3.514368,2.04
26.599216071001138,8.36,3.434496,2.0
26.653608499997063,8.48,3.474432,2.04
26.707794706999266,8.4,3.434496,2.0
26.76204114099528,8.4,3.39456,2.0
26.81623022799613,8.48,3.474432,2.04
26.87047509400145,8.32,3.39456,2.0
26.924644052000076,8.4,3.39456,2.0
26.978849810999236,8.4,3.434496,2.04
27.03357327199774,8.32,3.354624,2.0
27.08800560799864,8.44,3.434496,2.04
27.142234920996998,8.36,3.39456,2.0
27.196432420998462,8.32,3.354624,2.0
27.25059967800189,8.4,3.434496,2.04
27.304972901998553,8.28,3.354624,2.0
27.35954885999672,8.32,3.39456,2.0
27.41410369699588,8.36,3.434496,2.04
27.469017727999017,8.24,3.354624,2.0
27.523391335998895,8.36,3.39456,2.0
27.5791525320019,8.36,3.434496,2.04
27.633675077995576,8.24,3.354624,2.0
27.688328290001664,8.4,3.39456,2.04
27.742509659998177,8.32,3.39456,2.0
27.79671141599829,8.32,3.354624,2.0
27.850861359998817,8.4,3.39456,2.04
27.90639338699839,8.28,3.354624,2.0
27.960726127996168,8.32,3.354624,2.0
28.015210143996228,8.4,3.39456,2.04
28.0695268519994,8.28,3.354624,2.0
28.123837478997302,8.36,3.354624,2.0
28.178128742001718,8.32,3.39456,2.04
28.232378977001645,8.28,3.314688,2.0
28.28704101799667,8.4,3.39456,2.04
28.341326392001065,8.28,3.39456,2.0
28.395525838997855,8.28,3.354624,2.0
28.449648768997577,8.36,3.434496,2.04
28.50378542800172,8.24,3.354624,2.0
28.55790870999772,8.32,3.39456,2.0
28.612050073999853,8.36,3.39456,2.04
28.666236272001697,8.24,3.314688,2.0
28.720378947997233,8.4,3.39456,2.04
28.774513365999155,8.32,3.354624,2.0
28.828645224995853,8.32,3.354624,2.0
28.88277269899845,8.4,3.39456,2.04
28.936923310997372,8.28,3.354624,2.0
28.991251343999465,8.36,3.354624,2.0
29.045418500994856,8.36,3.39456,2.04
29.09976083899528,8.28,3.314688,2.0
29.153943067998625,8.4,3.39456,2.04
29.208151503997215,8.28,3.354624,2.0
29.26232150600117,8.28,3.354624,2.0
29.316537783000967,8.36,3.434496,2.04
29.370775725001295,8.24,3.354624,2.0
29.42500745900179,8.48,3.514368,2.04
29.47971125899494,8.52,3.554304,2.04
29.534228101001645,8.4,3.474432,2.0
29.58860982999613,8.52,3.514368,2.04
29.643016201000137,8.44,3.474432,2.04
29.69729309000104,8.4,3.434496,2.0
29.751595517001988,8.48,3.474432,2.04
29.805774863001716,8.36,3.434496,2.0
29.861511472998245,8.4,3.39456,2.0
29.915715940995142,8.44,3.474432,2.04
29.970127879998472,8.32,3.39456,2.0
0.000318614998832345,8.052864,3.19488,1.96
0.05503518399927998,8.2,3.274752,2.0
0.10926845399808371,8.16,3.274752,2.0
0.16343406699888874,8.16,3.274752,2.0
0.21767094900133088,8.28,3.354624,2.0
0.2718235700012883,8.16,3.274752,2.0
0.3259915189992171,8.24,3.314688,2.0
0.3801387950006756,8.28,3.39456,2.0
0.43424056399817346,8.16,3.314688,2.0
0.48842585899546975,8.28,3.354624,2.0
0.5427348419980262,8.24,3.354624,2.0
0.5968832700018538,8.24,3.314688,2.0
0.6512015350017464,8.36,3.39456,2.04
0.7053913420022582,8.24,3.354624,2.0
0.7595449860018562,8.28,3.354624,2.0
0.8136491549958009,8.36,3.39456,2.0
0.8678103839993128,8.24,3.314688,2.0
0.9220626599999378,8.36,3.354624,2.0
0.9762528829960502,8.32,3.354624,2.0
1.0304655079962686,8.24,3.314688,2.0
1.0846901010008878,8.36,3.39456,2.04
1.1390957299954607,8.28,3.354624,2.0
1.1933077099965885,8.28,3.354624,2.0
1.247432165000646,8.36,3.39456,2.04
1.3015999179988285,8.24,3.314688,2.0
1.3557888259965694,8.32,3.39456,2.0
1.4099512030006736,8.32,3.39456,2.0
1.4641043949959567,8.24,3.354624,2.0
1.5182492669991916,8.36,3.434496,2.04
1.5724037399995723,8.24,3.354624,2.0
1.6265827259994694,8.32,3.354624,2.0
1.680733806999342,8.36,3.39456,2.04
1.7348784229980083,8.24,3.354624,2.0
1.7890239670014125,8.36,3.39456,2.0
1.8431748549992335,8.32,3.39456,2.0
1.8973761469969759,8.28,3.354624,2.0
1.9515647340012947,8.4,3.434496,2.04
2.00568995699723,8.28,3.354624,2.0
2.059809803002281,8.32,3.354624,2.0
2.113903534998826,8.36,3.434496,2.04
2.1680744850018527,8.24,3.354624,2.0
2.2222231939958874,8.36,3.39456,2.0
2.276351964996138,8.32,3.434496,2.0
2.3304761909967056,8.28,3.354624,2.0
2.384605601997464,8.4,3.434496,2.04
2.43880423399969,8.32,3.434496,2.0
2.493123130996537,8.52,3.554304,2.04
2.547606487001758,8.56,3.59424,2.04
2.6018756839985144,8.4,3.474432,2.0
2.6561556340020616,8.52,3.514368,2.04
2.710330839996459,8.48,3.514368,2.04
2.7645318079958088,8.4,3.434496,2.0
2.818830286996672,8.52,3.514368,2.04
2.8730944599956274,8.4,3.434496,2.0
2.9272918439964997,8.4,3.434496,2.0
2.98146650599665,8.44,3.474432,2.04
3.0358249900018563,8.32,3.39456,2.0
3.090260343000409,8.4,3.434496,2.04
3.1444157369987806,8.4,3.434496,2.04
3.1987070760005736,8.32,3.354624,2.0
3.252898439001001,8.44,3.434496,2.04
3.307573197998863,8.36,3.434496,2.0
3.3617398549977224,8.36,3.39456,2.0
3.4158427009970183,8.44,3.474432,2.04
3.469984397001099,8.28,3.39456,2.0
3.524109067999234,8.4,3.39456,2.0
3.5783127199974842,8.4,3.434496,2.04
3.6324259339962737,8.32,3.354624,2.0
3.686626802002138,8.44,3.434496,2.04
3.740737583997543,8.36,3.39456,2.0
3.794867054995848,8.36,3.39456,2.0
3.848965227996814,8.44,3.434496,2.04
3.9030953389956267,8.28,3.354624,2.0
3.9574537230000715,8.4,3.39456,2.0
4.011555992001377,8.36,3.434496,2.04
4.065666805996443,8.28,3.354624,2.0
4.119821909996972,8.4,3.434496,2.04
4.174128318001749,8.32,3.39456,2.0
4.228271451000182,8.32,3.39456,2.0
4.282417206995888,8.4,3.434496,2.04
4.336553266999545,8.28,3.39456,2.0
4.3907203689959715,8.36,3.434496,2.0
4.444847083999775,8.36,3.434496,2.04
4.498969574997318,8.28,3.354624,2.0
4.553409881002153,8.44,3.434496,2.04
4.607616248998966,8.36,3.39456,2.0
4.661971301000449,8.32,3.39456,2.0
4.716152291999606,8.44,3.434496,2.04
4.770320673997048,8.28,3.354624,2.0
4.824509024998406,8.36,3.39456,2.0
4.878710306002176,8.4,3.434496,2.04
4.932886465001502,8.28,3.354624,2.0
4.987263789997087,8.4,3.434496,2.04
5.041404169998714,8.32,3.39456,2.0
5.095594890000939,8.32,3.354624,2.0
5.149744066999119,8.4,3.434496,2.04
5.20408010599931,8.28,3.39456,2.0
5.2582418269958,8.36,3.39456,2.0
5.312431614998786,8.36,3.434496,2.04
5.3665749360006885,8.28,3.354624,2.0
5.420710703998338,8.4,3.434496,2.04
5.474846535995312,8.32,3.434496,2.0
5.529024707000644,8.44,3.514368,2.0
5.583481554000173,8.6,3.59424,2.04
5.637929919997987,8.44,3.514368,2.04
5.692194625000411,8.48,3.514368,2.04
5.74636959599593,8.52,3.554304,2.04
5.800737764002406,8.36,3.434496,2.0
5.855060969995975,8.48,3.514368,2.04
5.909208354001748,8.4,3.474432,2.04
5.963556360999064,8.36,3.434496,2.0
6.017684448997898,8.48,3.474432,2.04
6.071835641996586,8.36,3.434496,2.0
6.125973360998614,8.4,3.434496,2.0
6.180112388996349,8.44,3.474432,2.04
6.234294812995358,8.28,3.39456,2.0
6.288575835002121,8.44,3.474432,2.04
6.342728623996663,8.36,3.474432,2.04
6.396886661997996,8.32,3.39456,2.0
6.451024761998269,8.44,3.474432,2.04
6.505212370000663,8.32,3.39456,2.0
6.559372423995228,8.36,3.434496,2.0
6.613493019001908,8.4,3.474432,2.04
6.667827614000998,8.28,3.354624,2.0
6.72204827999667,8.4,3.434496,2.04
6.776171498997428,8.36,3.434496,2.0
6.8302920299975085,8.32,3.354624,2.0
6.884446099000343,8.44,3.434496,2.04
6.938596713000152,8.28,3.39456,2.0
6.99275401399791,8.36,3.39456,2.0
7.0468700010023895,8.4,3.434496,2.04
7.101089643001615,8.28,3.354624,2.0
7.1552954889994,8.4,3.434496,2.0
7.209423025000433,8.32,3.434496,2.0
7.263619844998175,8.32,3.39456,2.0
7.31775650200143,8.4,3.474432,2.04
7.371910599002149,8.28,3.39456,2.0
7.4260511600004975,8.36,3.39456,2.0
7.4801754639993305,8.4,3.474432,2.04
7.534307832000195,8.28,3.354624,2.0
7.588568720995681,8.4,3.434496,2.0
7.642723523000313,8.36,3.434496,2.0
7.696882131996972,8.32,3.354624,2.0
7.751019493000058,8.44,3.434496,2.04
7.805443881996325,8.32,3.39456,2.0
7.859784713000408,8.36,3.39456,2.0
7.913956796001003,8.4,3.434496,2.04
7.968504616997961,8.28,3.354624,2.0
8.022675579995848,8.4,3.39456,2.0
8.076818893001473,8.36,3.434496,2.0
8.13093532199855,8.28,3.354624,2.0
8.185115881999081,8.4,3.434496,2.04
8.239516392997757,8.32,3.39456,2.0
8.2938298270019,8.32,3.39456,2.0
8.348026674997527,8.4,3.474432,2.04
8.402252038002189,8.28,3.39456,2.0
8.45643022999866,8.4,3.434496,2.0
8.511166188996867,8.4,3.434496,2.04
8.566608790999453,8.32,3.39456,2.0
8.620798054995248,8.56,3.554304,2.04
8.674912625996512,8.52,3.514368,2.04
8.72938597400207,8.52,3.474432,2.0
8.78352323499712,8.6,3.508736,2.04
8.837684592996084,8.44,3.434496,2.0
8.89180732499517,8.48,3.434496,2.04
8.945945034000033,8.48,3.474432,2.04
9.000296261001495,8.36,3.39456,2.0
9.054845614999067,8.48,3.434496,2.04
9.109151655997266,8.4,3.434496,2.04
9.164862240999355,8.36,3.354624,2.0
9.219278780998138,8.48,3.434496,2.04
9.273576881998451,8.36,3.39456,2.0
9.327935146000527,8.36,3.39456,2.0
9.382112758001313,8.44,3.434496,2.04
9.43629926599533,8.28,3.354624,2.0
9.4904802059973,8.4,3.39456,2.0
9.544646456997725,8.36,3.434496,2.04
9.598810276002041,8.28,3.354624,2.0
9.653690113002085,8.44,3.434496,2.04
9.707891343001393,8.36,3.39456,2.0
9.763074017995677,8.32,3.354624,2.0
9.817349204000493,8.44,3.434496,2.04
9.871712749001745,8.32,3.39456,2.0
9.925957309998921,8.36,3.39456,2.0
9.980158282996854,8.4,3.434496,2.04
10.03439109899773,8.28,3.354624,2.0
10.088758548001351,8.4,3.39456,2.0
10.142951069996343,8.36,3.434496,2.0
10.19722628499585,8.28,3.354624,2.0
10.251460440995288,8.4,3.434496,2.04
10.305692260997603,8.32,3.39456,2.0
10.360091292001016,8.36,3.39456,2.0
10.414692673999525,8.4,3.474432,2.04
10.468925549997948,8.28,3.39456,2.0
10.523074259996065,8.4,3.434496,2.0
10.57723077799892,8.36,3.434496,2.0
10.631383328000084,8.32,3.354624,2.0
10.685586121995584,8.44,3.434496,2.04
10.73980075599684,8.32,3.39456,2.0
10.794216620997759,8.36,3.39456,2.0
10.848389300997951,8.4,3.434496,2.04
10.902597982996667,8.28,3.354624,2.0
10.956777958999737,8.36,3.39456,2.0
11.010920683998847,8.36,3.434496,2.04
11.0651992589992,8.28,3.354624,2.0
11.119383906996518,8.4,3.434496,2.04
11.173588936995657,8.32,3.39456,2.0
11.22778369399748,8.32,3.39456,2.0
11.282030870999733,8.4,3.434496,2.04
11.336274592002155,8.28,3.39456,2.0
11.39055527599703,8.36,3.434496,2.04
11.444732880001538,8.36,3.434496,2.04
11.498869712995656,8.28,3.354624,2.0
11.552986417002103,8.44,3.434496,2.04
11.607171445000859,8.32,3.39456,2.0
11.66135071300232,8.48,3.474432,2.0
11.715764301996387,8.6,3.59424,2.04
11.770238470999175,8.44,3.514368,2.0
11.824441324999498,8.52,3.514368,2.04
11.87858919899736,8.48,3.554304,2.04
11.93275364999863,8.4,3.434496,2.0
11.986919349998061,8.52,3.514368,2.04
12.041069303995755,8.4,3.474432,2.0
12.095324640999024,8.4,3.434496,2.0
12.149470783995639,8.48,3.514368,2.04
12.203615485996124,8.32,3.434496,2.0
12.25774060299591,8.4,3.474432,2.0
12.311919931002194,8.4,3.474432,2.04
12.366135614996892,8.32,3.39456,2.0
12.420276475997525,8.44,3.474432,2.04
12.474699790000159,8.36,3.474432,2.0
12.528987829995458,8.36,3.39456,2.0
12.583240795996971,8.44,3.474432,2.04
12.637580679998791,8.32,3.39456,2.0
12.691806666996854,8.4,3.39456,2.0
12.745954858000914,8.4,3.474432,2.04
12.800098118997994,8.32,3.354624,2.0
12.854234756996448,8.44,3.434496,2.04
12.90834035199805,8.36,3.434496,2.0
12.962696844995662,8.32,3.354624,2.0
13.016802120000648,8.4,3.434496,2.04
13.071135892001621,8.28,3.39456,2.0
13.125244622002356,8.36,3.39456,2.0
13.179390567995142,8.4,3.434496,2.04
13.233504735995666,8.28,3.354624,2.0
13.287740672996733,8.4,3.434496,2.04
13.341847928000789,8.32,3.434496,2.0
13.39603259699652,8.32,3.39456,2.0
13.450158125997405,8.4,3.474432,2.04
13.504417008996825,8.28,3.39456,2.0
13.55854413799534,8.36,3.39456,2.0
13.61267229099758,8.4,3.434496,2.04
13.666808987996774,8.28,3.354624,2.0
13.721595012000762,8.4,3.434496,2.04
13.775803266995354,8.36,3.434496,2.04
13.830132586001127,8.32,3.354624,2.0
13.88437639499898,8.4,3.434496,2.04
13.938584777999495,8.28,3.39456,2.0
13.992935026995838,8.32,3.39456,2.0
14.047150193997368,8.4,3.434496,2.04
14.101525660000334,8.24,3.354624,2.0
14.155675668000185,8.36,3.434496,2.04
14.209793383997749,8.32,3.434496,2.0
14.263924765997217,8.28,3.354624,2.0
14.318148697995639,8.4,3.434496,2.04
14.372293679996801,8.28,3.39456,2.0
14.426455367996823,8.36,3.39456,2.0
14.480582684998808,8.4,3.474432,2.04
14.534787063996191,8.28,3.354624,2.0
14.588949582997884,8.4,3.434496,2.04
14.643076676999044,8.36,3.434496,2.0
14.697216474996821,8.32,3.39456,2.0
14.751662438000494,8.6,3.59424,2.04
14.806123474998458,8.48,3.514368,2.04
14.860449333995348,8.48,3.514368,2.0
14.914637679998123,8.52,3.554304,2.04
14.968830858000729,8.4,3.434496,2.0
15.022999905995675,8.48,3.474432,2.04
15.077443565998692,8.44,3.474432,2.04
15.131603107998671,8.36,3.434496,2.0
15.18581996300054,8.48,3.474432,2.04
15.240056916998583,8.36,3.434496,2.0
15.294262732000789,8.4,3.434496,2.0
15.348421663002227,8.44,3.474432,2.04
15.402577394997934,8.32,3.39456,2.0
15.456749478995334,8.4,3.434496,2.04
15.510919995998847,8.4,3.474432,2.04
15.565352002995496,8.32,3.39456,2.0
15.61949006899522,8.44,3.474432,2.04
15.673731087001215,8.36,3.434496,2.0
15.727866688997892,8.36,3.39456,2.0
15.782090009000967,8.44,3.474432,2.04
15.836252301000059,8.28,3.354624,2.0
15.890649424996809,8.4,3.39456,2.0
15.944873193999229,8.36,3.434496,2.04
15.999076735999552,8.28,3.354624,2.0
16.05343680200167,8.4,3.434496,2.04
16.10769007699855,8.32,3.39456,2.0
16.161850060998404,8.32,3.39456,2.0
16.216021725995233,8.4,3.474432,2.04
16.270227824999893,8.28,3.39456,2.0
16.3244121309981,8.36,3.434496,2.0
16.378585042999475,8.36,3.434496,2.04
16.432934033000492,8.28,3.354624,2.0
16.48735576299805,8.4,3.434496,2.04
16.541508994996548,8.32,3.434496,2.0
16.595759320996876,8.32,3.39456,2.0
16.649910312997235,8.4,3.434496,2.04
16.704069336999964,8.28,3.354624,2.0
16.758238729002187,8.36,3.39456,2.0
16.812385432000156,8.36,3.434496,2.04
16.866548040001362,8.28,3.354624,2.0
16.920751707999443,8.4,3.434496,2.04
16.974890505996882,8.32,3.39456,2.0
17.029064155001834,8.32,3.39456,2.0
17.08321188199625,8.4,3.434496,2.04
17.137406267000188,8.28,3.39456,2.0
17.19154570200044,8.36,3.39456,2.0
17.245693808996293,8.36,3.474432,2.04
17.299915905998205,8.28,3.354624,2.0
17.35419259799528,8.4,3.434496,2.04
17.408334977000777,8.32,3.434496,2.0
17.462521262998052,8.32,3.39456,2.0
17.516723262000596,8.44,3.434496,2.04
17.570909452995693,8.32,3.39456,2.0
17.625091705995146,8.36,3.39456,2.0
17.67931847499858,8.4,3.434496,2.04
17.73349733700161,8.28,3.354624,2.0
17.787767629000882,8.48,3.514368,2.04
17.84182977800083,8.52,3.554304,2.04
17.896325205998437,8.48,3.474432,2.0
17.950511139999435,8.56,3.554304,2.04
18.00499219899939,8.4,3.474432,2.0
18.05924882600084,8.44,3.474432,2.0
18.113429191995237,8.48,3.514368,2.04
18.16763672399975,8.36,3.434496,2.0
18.22179605999554,8.44,3.474432,2.04
18.275998535995313,8.4,3.474432,2.04
18.33022709299985,8.36,3.434496,2.0
18.384475107995968,8.48,3.474432,2.04
18.438717265999003,8.36,3.434496,2.0
18.492937470997276,8.4,3.434496,2.0
18.547414877997653,8.44,3.474432,2.04
18.601760530997126,8.32,3.39456,2.0
18.65606874199875,8.44,3.434496,2.0
18.710184684001433,8.4,3.434496,2.0
18.764326803000586,8.32,3.39456,2.0
18.81860061200132,8.44,3.434496,2.04
18.87273741899844,8.32,3.39456,2.0
18.926863729000615,8.36,3.39456,2.0
18.98119715700159,8.4,3.474432,2.04
19.035530298002413,8.28,3.354624,2.0
19.08965545600222,8.4,3.434496,2.0
19.14378109199606,8.36,3.434496,2.0
19.197956074000103,8.28,3.354624,2.0
19.252094220995787,8.4,3.474432,2.04
19.306295893002243,8.28,3.39456,2.0
19.360419671000273,8.32,3.39456,2.0
19.41452680799557,8.4,3.434496,2.04
19.46869362900179,8.28,3.354624,2.0
19.522814238996943,8.4,3.434496,2.04
19.577062058000593,8.36,3.434496,2.04
19.631219759001397,8.32,3.354624,2.0
19.68537093100167,8.44,3.434496,2.04
19.739676193996274,8.32,3.39456,2.0
19.793835463002324,8.32,3.39456,2.0
19.847976906996337,8.4,3.434496,2.04
19.902341182001692,8.28,3.354624,2.0
19.956616235002002,8.36,3.39456,2.0
20.010801648997585,8.36,3.434496,2.04
20.06555465600104,8.28,3.354624,2.0
20.12151315400115,8.4,3.434496,2.04
20.175697061000392,8.32,3.434496,2.0
20.229931370995473,8.28,3.39456,2.0
20.284619922000275,8.4,3.474432,2.04
20.33881605300121,8.28,3.39456,2.0
20.39307167699735,8.36,3.39456,2.0
20.447232958002132,8.4,3.434496,2.04
20.501396640000166,8.28,3.354624,2.0
20.555603492000955,8.4,3.434496,2.0
20.609749379997083,8.36,3.434496,2.0
20.663947399996687,8.32,3.354624,2.0
20.718088519999583,8.44,3.434496,2.04
20.772207141999388,8.28,3.39456,2.0
20.826331812000717,8.36,3.39456,2.0
20.88063470299676,8.56,3.59424,2.04
20.935037121998903,8.44,3.474432,2.0
20.98952015300165,8.52,3.514368,2.04
21.043722716996854,8.48,3.514368,2.04
21.09785542100144,8.4,3.434496,2.0
21.152003385999706,8.52,3.514368,2.04
21.206139861998963,8.36,3.474432,2.0
21.260514786001295,8.4,3.434496,2.0
21.31480368800112,8.48,3.514368,2.04
21.369069389002107,8.32,3.434496,2.0
21.42333041800157,8.44,3.474432,2.04
21.477495214996452,8.4,3.474432,2.04
21.53166222100117,8.36,3.39456,2.0
21.586119679996045,8.48,3.474432,2.04
21.640264219997334,8.36,3.434496,2.0
21.694420792999153,8.36,3.39456,2.0
21.748535314996843,8.44,3.474432,2.04
21.802718193997862,8.32,3.39456,2.0
21.856997080001747,8.4,3.434496,2.04
21.911128562998783,8.4,3.434496,2.04
21.96549878299993,8.28,3.354624,2.0
22.019634331001726,8.44,3.434496,2.04
22.073746100999415,8.32,3.434496,2.0
22.127986423001857,8.32,3.39456,2.0
22.1821007489998,8.4,3.474432,2.04
22.23622841999895,8.28,3.39456,2.0
22.290445697995892,8.36,3.434496,2.0
22.34455471199908,8.36,3.434496,2.04
22.398724819002382,8.28,3.354624,2.0
22.45285165799578,8.44,3.434496,2.04
22.507004450999375,8.32,3.39456,2.0
22.56113113000174,8.36,3.39456,2.0
22.61528907599859,8.44,3.434496,2.04
22.66943377199641,8.28,3.354624,2.0
22.723576452997804,8.36,3.39456,2.0
22.77772582200123,8.36,3.434496,2.0
22.831843412001035,8.28,3.354624,2.0
22.886001038001268,8.4,3.434496,2.04
22.940108099995996,8.32,3.39456,2.0
22.994230106996838,8.32,3.39456,2.0
23.048351505996834,8.4,3.434496,2.04
23.10270140099601,8.24,3.354624,2.0
23.15706377299648,8.36,3.434496,2.0
23.211418048995256,8.36,3.434496,2.04
23.265588567999657,8.28,3.354624,2.0
23.31985726900166,8.4,3.434496,2.04
23.374279805997503,8.32,3.39456,2.0
23.42841825800133,8.32,3.39456,2.0
23.482540644996334,8.4,3.434496,2.04
23.536700315002236,8.28,3.354624,2.0
23.590913205000106,8.36,3.39456,2.0
23.645081003000087,8.36,3.434496,2.04
23.69923491300142,8.28,3.354624,2.0
23.753416471998207,8.4,3.434496,2.04
23.807525131000148,8.32,3.39456,2.0
23.86165929499839,8.32,3.354624,2.0
23.91578955500154,8.48,3.514368,2.04
23.970063057000516,8.48,3.514368,2.0
24.024606817998574,8.52,3.554304,2.04
24.079545198001142,8.52,3.554304,2.04
24.13476004399854,8.4,3.474432,2.0
24.188944511995942,8.52,3.514368,2.04
24.24309688199719,8.44,3.514368,2.04
24.297264356995584,8.4,3.434496,2.0
24.351645126997028,8.52,3.514368,2.04
24.405777366999246,8.4,3.474432,2.0
24.46092538999801,8.4,3.434496,2.0
24.515138531998673,8.48,3.474432,2.04
24.569534438996925,8.32,3.39456,2.0
24.623834306999925,8.44,3.434496,2.0
24.678162625001278,8.44,3.474432,2.04
24.732343028998002,8.32,3.39456,2.0
24.786683379999886,8.44,3.434496,2.04
24.84117929400236,8.36,3.434496,2.0
24.895327534999524,8.36,3.39456,2.0
24.949495009997918,8.44,3.434496,2.04
25.00368270999752,8.28,3.39456,2.0
25.05783700000029,8.36,3.39456,2.0
25.111995801999,8.36,3.434496,2.04
25.166161800996633,8.28,3.354624,2.0
25.220337239996297,8.4,3.434496,2.04
25.27462568000192,8.32,3.434496,2.0
25.328782942000544,8.32,3.39456,2.0
25.382951790001243,8.4,3.474432,2.04
25.437094394997985,8.28,3.39456,2.0
25.491282891998708,8.36,3.39456,2.0
25.545392726999125,8.4,3.434496,2.04
25.599546436998935,8.28,3.354624,2.0
25.653694642998744,8.44,3.434496,2.04
25.708062927995343,8.36,3.39456,2.0
25.76225350399909,8.32,3.39456,2.0
25.816403502001776,8.4,3.434496,2.04
25.870572604995687,8.28,3.354624,2.0
25.92482760299754,8.36,3.39456,2.0
25.979180110996822,8.4,3.434496,2.04
26.033991946998867,8.28,3.354624,2.0
26.088247647996468,8.4,3.434496,2.04
26.142585688998224,8.32,3.434496,2.0
26.196751907998987,8.32,3.39456,2.0
26.25089166199905,8.4,3.474432,2.04
26.305076985998312,8.28,3.39456,2.0
26.35923830899992,8.36,3.39456,2.0
26.41337191799539,8.4,3.434496,2.04
26.46751343199867,8.28,3.354624,2.0
26.52163958500023,8.4,3.434496,2.04
26.57580990000133,8.36,3.434496,2.0
26.630000152996217,8.32,3.354624,2.0
26.684156195995456,8.44,3.434496,2.04
26.738464217,8.32,3.39456,2.0
26.79260889899888,8.36,3.39456,2.0
26.846771949996764,8.4,3.434496,2.04
26.90091864799615,8.28,3.354624,2.0
26.95509017999575,8.4,3.434496,2.04
27.009381367999595,8.52,3.554304,2.04
27.063723567000125,8.48,3.514368,2.0
27.11828456600051,8.56,3.554304,2.04
27.17372015000001,8.44,3.514368,2.04
27.227998725997168,8.44,3.474432,2.0
27.282194702995184,8.52,3.514368,2.04
27.336377655999968,8.36,3.434496,2.0
27.390587554997182,8.44,3.474432,2.04
27.44493442300154,8.44,3.474432,2.04
27.499058907997096,8.36,3.39456,2.0
27.553399983997224,8.48,3.474432,2.04
27.607578775998263,8.36,3.434496,2.0
27.66173516699928,8.36,3.39456,2.0
27.71585798799788,8.44,3.474432,2.04
27.77004590100114,8.32,3.39456,2.0
27.82421371700184,8.4,3.434496,2.0
27.878338937996887,8.4,3.434496,2.04
27.932453597997664,8.32,3.354624,2.0
27.986778031998256,8.44,3.434496,2.04
28.040887060000387,8.36,3.434496,2.0
28.095001943998795,8.32,3.39456,2.0
28.14912495399767,8.44,3.474432,2.04
28.203528047000873,8.28,3.39456,2.0
28.257659568000236,8.36,3.434496,2.0
28.311835956999857,8.4,3.474432,2.04
28.365981846996874,8.28,3.354624,2.0
28.420091670996044,8.44,3.434496,2.04
28.47420082300232,8.32,3.39456,2.0
28.528312183996604,8.36,3.39456,2.0
28.582415958997444,8.44,3.434496,2.04
28.636601245001657,8.28,3.354624,2.0
28.69075289600005,8.4,3.39456,2.0
28.744886016997043,8.4,3.434496,2.04
28.799119113995403,8.28,3.354624,2.0
28.853556096997636,8.44,3.434496,2.04
28.907754790998297,8.32,3.39456,2.0
28.962086646999524,8.32,3.39456,2.0
29.01619010199647,8.4,3.434496,2.04
29.070364442995924,8.28,3.39456,2.0
29.12450594799884,8.36,3.434496,2.0
29.178634618001524,8.36,3.434496,2.04
29.232751958996232,8.28,3.354624,2.0
29.286952440997993,8.4,3.434496,2.04
29.341065141998115,8.36,3.39456,2.0
29.395196723999106,8.32,3.39456,2.0
29.449367540997628,8.44,3.434496,2.04
29.503505874999973,8.32,3.354624,2.0
29.557621487998404,8.4,3.39456,2.0
29.611730892000196,8.4,3.434496,2.04
29.665858697997464,8.28,3.354624,2.0
29.720000551998965,8.44,3.434496,2.04
29.77440696999838,8.32,3.39456,2.0
29.828719780001848,8.32,3.39456,2.0
29.8830303499999,8.4,3.434496,2.04
29.937393756998063,8.28,3.39456,2.0
29.991668483999092,8.36,3.39456,2.0
0.0011221579989069141,3.23072,0.484608,1.092096
0.05654501900426112,3.271104,0.524992,1.092096
0.1110725500038825,3.43264,0.60576,1.130752
0.1657099440053571,3.43264,0.565376,1.130752
0.2204226079993532,3.392256,0.565376,1.090368
0.27507453200087184,3.351872,0.565376,1.090368
0.33024665099947015,3.351872,0.565376,1.090368
0.3844347030026256,3.311488,0.565376,1.090368
0.4386352350047673,3.311488,0.524992,1.090368
0.49285125599999446,3.311488,0.524992,1.090368
0.5481588090042351,3.311488,0.565376,1.090368
0.6063823090007645,3.311488,0.565376,1.090368
0.6613536780059803,3.311488,0.524992,1.090368
0.71556425900053,3.271104,0.524992,1.090368
0.7698497250021319,3.271104,0.524992,1.090368
0.8244663500008755,3.271104,0.524992,1.090368
0.8789219079990289,3.271104,0.524992,1.090368
0.9331839810038218,3.23072,0.524992,1.090368
0.9873813439990045,3.23072,0.524992,1.092096
1.0416304239988676,3.23072,0.524992,1.051648
1.0958163290051743,3.23072,0.524992,1.051648
1.1499984239999321,3.190336,0.484608,1.051648
1.2041707590033184,3.190336,0.484608,1.051648
1.258407546003582,3.190336,0.484608,1.051648
1.3130272710041027,3.190336,0.484608,1.051648
1.3671864530042512,3.190336,0.484608,1.051648
1.421316897001816,3.190336,0.484608,1.051648
1.47546807800245,3.190336,0.484608,1.051648
1.5295914170055767,3.190336,0.484608,1.051648
1.5837233970014495,3.190336,0.484608,1.051648
1.637834159002523,3.190336,0.484608,1.051648
1.6919608899988816,3.190336,0.484608,1.051648
1.746090502005245,3.190336,0.484608,1.051648
1.8002616209996631,3.190336,0.484608,1.051648
1.8544423720013583,3.190336,0.484608,1.051648
1.9086091700010002,3.190336,0.484608,1.051648
1.9628108190008788,3.149952,0.484608,1.051648
2.0169608799988055,3.149952,0.484608,1.051648
2.071114012003818,3.149952,0.484608,1.051648
2.1252809670040733,3.149952,0.484608,1.051648
2.1796990750008263,3.190336,0.484608,1.051648
2.2340315130059025,3.190336,0.484608,1.051648
2.288213732004806,3.190336,0.484608,1.051648
2.3423885279989918,3.190336,0.484608,1.051648
2.3965684750000946,3.149952,0.484608,1.051648
2.450785225002619,3.149952,0.484608,1.051648
2.5051607380009955,3.149952,0.484608,1.051648
2.559461974000442,3.149952,0.484608,1.051648
2.6136291850052658,3.149952,0.484608,1.051648
2.667831342005229,3.149952,0.484608,1.051648
2.721963254000002,3.149952,0.484608,1.051648
2.776146370000788,3.149952,0.484608,1.051648
2.830314188002376,3.149952,0.484608,1.051648
2.884692421001091,3.149952,0.484608,1.051648
2.9388615200005006,3.149952,0.484608,1.051648
2.9929974010010483,3.149952,0.484608,1.051648
3.047144706004474,3.149952,0.484608,1.051648
3.101679427003546,3.149952,0.484608,1.051648
3.155829289004032,3.271104,0.565376,1.090368
3.2101151919996482,3.392256,0.60576,1.090368
3.265518261003308,3.351872,0.565376,1.090368
3.3201879350017407,3.351872,0.565376,1.090368
3.374408105002658,3.311488,0.565376,1.090368
3.4285682080007973,3.311488,0.565376,1.090368
3.4828001230052905,3.271104,0.524992,1.090368
3.53738617500494,3.271104,0.524992,1.090368
3.5920514649988036,3.271104,0.524992,1.090368
3.646209295002336,3.23072,0.524992,1.090368
3.7003338750000694,3.23072,0.524992,1.090368
3.7544605350049096,3.23072,0.524992,1.090368
3.8085831310017966,3.23072,0.524992,1.049984
3.8628061179988435,3.23072,0.524992,1.049984
3.9172286390021327,3.23072,0.524992,1.049984
3.9714360409998335,3.190336,0.524992,1.049984
4.025600462999137,3.190336,0.524992,1.049984
4.080594638006005,3.190336,0.484608,1.049984
4.1348092690022895,3.190336,0.484608,1.051648
4.188972791998822,3.190336,0.484608,1.051648
4.24315020400536,3.190336,0.484608,1.051648
4.297301149999839,3.190336,0.484608,1.051648
4.3518366670032265,3.190336,0.484608,1.051648
4.405956507005612,3.190336,0.484608,1.051648
4.46011190200079,3.190336,0.484608,1.051648
4.514237759001844,3.190336,0.484608,1.051648
4.568350270004885,3.190336,0.484608,1.051648
4.622481887003232,3.190336,0.484608,1.051648
4.6766515230046934,3.190336,0.484608,1.051648
4.730801349003741,3.190336,0.484608,1.051648
4.7849475590046495,3.190336,0.484608,1.051648
4.839084904000629,3.149952,0.484608,1.051648
4.893615077002323,3.190336,0.484608,1.051648
4.947990487002244,3.149952,0.484608,1.051648
5.002183452001191,3.149952,0.484608,1.051648
5.0565240110008745,3.149952,0.484608,1.051648
5.110658153003897,3.149952,0.484608,1.051648
5.164808551999158,3.149952,0.484608,1.051648
5.218926628003828,3.149952,0.484608,1.051648
5.273051521005982,3.149952,0.484608,1.051648
5.327175070000521,3.149952,0.484608,1.051648
5.3817360250031925,3.149952,0.484608,1.051648
5.436139465004089,3.190336,0.484608,1.051648
5.490430321005988,3.190336,0.484608,1.051648
5.544566543001565,3.190336,0.484608,1.051648
5.598732783000742,3.149952,0.484608,1.051648
5.652869484001712,3.149952,0.484608,1.051648
5.706990313003189,3.149952,0.484608,1.051648
5.761114278000605,3.149952,0.484608,1.051648
5.815236738002568,3.149952,0.484608,1.051648
5.86938585700409,3.149952,0.484608,1.051648
5.9235625290020835,3.149952,0.484608,1.051648
5.977938447998895,3.149952,0.484608,1.051648
6.032123857003171,3.149952,0.484608,1.051648
6.086264748999383,3.149952,0.484608,1.051648
6.14042211999913,3.149952,0.484608,1.051648
6.194576387999405,3.149952,0.484608,1.051648
6.249061590002384,3.311488,0.565376,1.090368
6.305235741005163,3.392256,0.565376,1.090368
6.360341049999988,3.351872,0.565376,1.090368
6.4175203900013,3.311488,0.565376,1.090368
6.471782441003597,3.311488,0.565376,1.090368
6.525954885000829,3.311488,0.565376,1.090368
6.580120929000259,3.311488,0.524992,1.090368
6.634279261001211,3.311488,0.524992,1.090368
6.688448793000134,3.311488,0.524992,1.090368
6.742640599004517,3.271104,0.524992,1.090368
6.796989728005428,3.271104,0.524992,1.090368
6.85122822500125,3.271104,0.524992,1.049984
6.905510469005094,3.23072,0.524992,1.051648
6.960537341001327,3.23072,0.524992,1.051648
7.016277606002404,3.23072,0.524992,1.051648
7.071282811004494,3.23072,0.524992,1.051648
7.129324767003709,3.23072,0.524992,1.051648
7.18359062300442,3.23072,0.524992,1.051648
7.237837724998826,3.23072,0.524992,1.051648
7.292377711004519,3.190336,0.524992,1.051648
7.348011021000275,3.190336,0.524992,1.051648
7.403109446000599,3.190336,0.524992,1.051648
7.4589293930039275,3.190336,0.484608,1.051648
7.515920331999951,3.190336,0.484608,1.051648
7.570135560003109,3.190336,0.484608,1.051648
7.625145019002957,3.190336,0.484608,1.051648
7.679738769002142,3.190336,0.484608,1.051648
7.734757188001822,3.190336,0.484608,1.051648
7.789769847004209,3.190336,0.484608,1.051648
7.845580065004469,3.190336,0.484608,1.051648
7.900599092004995,3.190336,0.484608,1.051648
7.955244142001902,3.190336,0.484608,1.051648
8.00995518000127,3.190336,0.484608,1.051648
8.0641587909995,3.190336,0.484608,1.051648
8.119213562000368,3.190336,0.484608,1.051648
8.173460660000273,3.190336,0.484608,1.051648
8.228417120000813,3.149952,0.484608,1.051648
8.283075831001042,3.149952,0.484608,1.051648
8.338563559002068,3.149952,0.484608,1.051648
8.393135000005714,3.149952,0.484608,1.051648
8.449704017999466,3.149952,0.484608,1.051648
8.504265602001396,3.149952,0.484608,1.051648
8.559600872002193,3.149952,0.484608,1.051648
8.614430411005742,3.149952,0.484608,1.051648
8.67026241900021,3.149952,0.484608,1.051648
8.724912201003463,3.149952,0.484608,1.051648
8.779945050002425,3.149952,0.484608,1.051648
8.835653945003287,3.149952,0.484608,1.051648
8.890699882002082,3.149952,0.484608,1.051648
8.94571052199899,3.149952,0.484608,1.051648
9.001265006001631,3.149952,0.484608,1.051648
9.055873985998915,3.149952,0.484608,1.051648
9.112599619998946,3.149952,0.484608,1.051648
9.166904223005986,3.149952,0.484608,1.051648
9.221293344002333,3.149952,0.484608,1.051648
9.275468658001046,3.190336,0.484608,1.051648
9.32964883599925,3.311488,0.565376,1.090368
9.384525991001283,3.392256,0.60576,1.090368
9.439892459005932,3.392256,0.60576,1.090368
9.494503131005331,3.351872,0.565376,1.090368
9.549182768001629,3.311488,0.565376,1.090368
9.603454727999633,3.311488,0.565376,1.090368
9.657624986000883,3.271104,0.565376,1.090368
9.711887442004809,3.271104,0.524992,1.090368
9.766081317000499,3.271104,0.524992,1.090368
9.82025483900361,3.23072,0.524992,1.090368
9.874382982001407,3.23072,0.524992,1.090368
9.928521398003795,3.23072,0.524992,1.049984
9.982777645003807,3.23072,0.524992,1.049984
10.036932094000804,3.23072,0.524992,1.049984
10.091330045004725,3.190336,0.524992,1.051648
10.145529326000542,3.190336,0.524992,1.051648
10.199668474000646,3.190336,0.524992,1.051648
10.253886475002219,3.190336,0.484608,1.051648
10.308075867003936,3.190336,0.484608,1.051648
10.362228391000826,3.190336,0.484608,1.051648
10.416360786999576,3.190336,0.484608,1.051648
10.470517696005118,3.190336,0.484608,1.051648
10.524739537999267,3.190336,0.484608,1.051648
10.578861021000193,3.190336,0.484608,1.051648
10.63298192700313,3.149952,0.484608,1.051648
10.687186488001316,3.149952,0.484608,1.051648
10.741313635000552,3.149952,0.484608,1.051648
10.795474320999347,3.149952,0.484608,1.051648
10.84960975600552,3.149952,0.484608,1.051648
10.903728327000863,3.149952,0.484608,1.051648
10.957874259001983,3.149952,0.484608,1.051648
11.012156713004515,3.149952,0.484608,1.051648
11.066583017003722,3.149952,0.484608,1.051648
11.12079727100354,3.149952,0.484608,1.051648
11.174989090999588,3.149952,0.484608,1.051648
11.22918996700173,3.149952,0.484608,1.051648
11.283318134999718,3.149952,0.484608,1.051648
11.337854779005283,3.149952,0.484608,1.051648
11.392053127005056,3.149952,0.484608,1.051648
11.446180879000167,3.149952,0.484608,1.051648
11.500350074005837,3.149952,0.484608,1.051648
11.554535653005587,3.149952,0.484608,1.051648
11.608688015003281,3.149952,0.484608,1.051648
11.662811189999047,3.149952,0.484608,1.051648
11.716941374004818,3.149952,0.484608,1.051648
11.77106611700583,3.149952,0.484608,1.051648
11.825189389004663,3.149952,0.484608,1.051648
11.879424572005519,3.149952,0.484608,1.051648
11.93353513799957,3.149952,0.484608,1.051648
11.987650857001427,3.149952,0.484608,1.051648
12.041805587003182,3.149952,0.484608,1.051648
12.096231916999386,3.149952,0.484608,1.051648
12.150412692004465,3.149952,0.484608,1.051648
12.204660000999866,3.149952,0.484608,1.051648
12.259293991999584,3.149952,0.484608,1.051648
12.313457358002779,3.149952,0.484608,1.051648
12.367627541003458,3.149952,0.484608,1.051648
12.421922533001634,3.311488,0.565376,1.090368
12.476901251000527,3.392256,0.565376,1.090368
12.53270943499956,3.351872,0.565376,1.090368
12.586896515000262,3.351872,0.565376,1.090368
12.641038024004956,3.311488,0.565376,1.090368
12.695181677001528,3.311488,0.565376,1.090368
12.749307505000615,3.271104,0.524992,1.090368
12.803480153001146,3.271104,0.524992,1.090368
12.857652256003348,3.23072,0.524992,1.090368
12.911821767003858,3.23072,0.524992,1.090368
12.96596641200449,3.23072,0.524992,1.049984
13.020130994998908,3.23072,0.524992,1.049984
13.07431682600145,3.23072,0.524992,1.049984
13.128809140005615,3.190336,0.524992,1.049984
13.18299416800437,3.190336,0.524992,1.049984
13.237215967004886,3.190336,0.484608,1.049984
13.29137814600108,3.190336,0.484608,1.051648
13.345539077003195,3.190336,0.484608,1.049984
13.399665766002727,3.190336,0.484608,1.051648
13.454171839999617,3.190336,0.484608,1.051648
13.508314146005432,3.190336,0.484608,1.051648
13.562930372005212,3.149952,0.484608,1.051648
13.617057700001169,3.149952,0.484608,1.051648
13.671189509004762,3.149952,0.484608,1.051648
13.725423437004793,3.149952,0.484608,1.051648
13.779618994005432,3.149952,0.484608,1.051648
13.83374974700564,3.149952,0.484608,1.049984
13.887859378999565,3.149952,0.484608,1.049984
13.941969682004128,3.149952,0.484608,1.051648
13.996110963002138,3.149952,0.484608,1.051648
14.05026965399884,3.149952,0.484608,1.051648
14.104455448003137,3.149952,0.484608,1.051648
14.158856008005387,3.149952,0.484608,1.051648
14.21302963999915,3.149952,0.484608,1.051648
14.267217033004272,3.149952,0.484608,1.051648
14.32134477400541,3.149952,0.484608,1.051648
14.37548154000251,3.149952,0.484608,1.051648
14.42960118400515,3.149952,0.484608,1.051648
14.483717725001043,3.149952,0.484608,1.051648
14.537827224005014,3.149952,0.484608,1.051648
14.592389523000747,3.149952,0.484608,1.051648
14.64657141200587,3.149952,0.484608,1.051648
14.700733618999948,3.149952,0.484608,1.051648
14.754863057001785,3.149952,0.484608,1.051648
14.808988750002754,3.149952,0.484608,1.051648
14.863132332000532,3.149952,0.484608,1.051648
14.917243592004525,3.149952,0.484608,1.051648
14.97139885499928,3.149952,0.484608,1.051648
0.0008421699967584573,3.149952,0.484608,1.049984
0.05616503099736292,3.63456,0.76608,1.130752
0.11074409499997273,4.47552,1.247936,1.29024
0.16509879200020805,4.870976,1.449216,1.368704
0.21935060300165787,5.43456,1.768448,1.489472
0.2736318230017787,5.667072,1.889024,1.527296
0.3278403660006006,6.0288,2.086656,1.60768
0.38199530499696266,6.390528,2.287296,1.685376
0.43620503199781524,6.540864,2.363776,1.685376
0.4902865909971297,7.0224,2.644224,1.765632
0.5447771370018017,7.131392,2.764416,1.80288
0.5992326409977977,7.21152,2.76,1.80288
0.6535716569997021,7.491968,2.92,1.883008
0.7077498299986473,7.491968,2.92,1.883008
0.7619173139974009,7.61216,2.96,1.923072
0.8161030400005984,7.772416,3.08,1.923072
0.87023593000049,7.732352,3.04,1.923072
0.9244068059997517,7.892608,3.12,1.963136
0.9785231829955592,7.932672,3.16,1.963136
1.032767087999673,7.892608,3.12,1.963136
1.086920071997156,8.08,3.19488,2.0
1.1411311400006525,8.04,3.19488,2.0
1.19555851000041,8.08,3.19488,2.0
1.249750632996438,8.16,3.274752,2.04
1.303899263999483,8.08,3.234816,2.0
1.358063289000711,8.2,3.274752,2.04
1.4122236969997175,8.24,3.314688,2.04
1.466374856994662,8.16,3.234816,2.04
1.5206423439958598,8.32,3.314688,2.04
1.5748447709993343,8.24,3.314688,2.04
1.629003002999525,8.28,3.274752,2.04
1.683173427998554,8.36,3.354624,2.08
1.7375925419983105,8.24,3.274752,2.04
1.7917913529963698,8.32,3.314688,2.04
1.8460317029966973,8.36,3.354624,2.08
1.9001807819950045,8.28,3.274752,2.04
1.9544010989993694,8.4,3.354624,2.08
2.0085336010015453,8.32,3.354624,2.08
2.062741467001615,8.32,3.314688,2.04
2.116881262001698,8.4,3.39456,2.08
2.1714418859992293,8.28,3.314688,2.08
2.2257744949965854,8.36,3.354624,2.08
2.2799778139960836,8.4,3.39456,2.08
2.334151563998603,8.28,3.314688,2.08
2.388546481000958,8.4,3.39456,2.08
2.442726342997048,8.36,3.354624,2.08
2.496919261997391,8.32,3.314688,2.08
2.5510641770015354,8.44,3.39456,2.08
2.605249415995786,8.32,3.314688,2.08
2.659450815001037,8.4,3.354624,2.08
2.713620276997972,8.4,3.39456,2.08
2.7677702169967233,8.28,3.314688,2.08
2.8219546869950136,8.44,3.354624,2.08
2.8761443100011093,8.36,3.354624,2.08
2.9303869279974606,8.32,3.314688,2.08
2.9845390769987716,8.44,3.39456,2.08
3.038734426998417,8.32,3.314688,2.08
3.0928636259995983,8.36,3.354624,2.08
3.1470407969973166,8.4,3.39456,2.08
3.202790363000531,8.28,3.314688,2.08
3.25706462800008,8.4,3.354624,2.08
3.311352813994745,8.36,3.39456,2.08
3.366182892001234,8.32,3.314688,2.08
3.4206412019993877,8.4,3.39456,2.08
3.476319274996058,8.36,3.39456,2.08
3.530740493995836,8.48,3.474432,2.08
3.5853968009978416,8.6,3.554304,2.08
3.6398764240002492,8.48,3.474432,2.08
3.694094108999707,8.52,3.474432,2.08
3.748463037001784,8.56,3.514368,2.08
3.804489484995429,8.44,3.434496,2.08
3.858818953995069,8.48,3.434496,2.08
3.9131464710008004,8.48,3.474432,2.08
3.9674407369966502,8.36,3.354624,2.08
4.021959274999972,8.48,3.434496,2.08
4.076166619997821,8.4,3.39456,2.08
4.130337962997146,8.36,3.354624,2.08
4.184746825994807,8.48,3.434496,2.08
4.23911277300067,8.36,3.39456,2.08
4.293369881997933,8.4,3.39456,2.08
4.347506821999559,8.44,3.434496,2.08
4.401639153998985,8.32,3.354624,2.08
4.456058641000709,8.44,3.39456,2.08
4.510241183998005,8.36,3.39456,2.08
4.564416718996654,8.32,3.354624,2.08
4.618578044995957,8.44,3.434496,2.08
4.672744138995768,8.32,3.354624,2.08
4.726904312999977,8.4,3.354624,2.08
4.781065734998265,8.44,3.39456,2.08
4.835231764998753,8.32,3.314688,2.08
4.889416131998587,8.44,3.39456,2.08
4.943559120998543,8.36,3.354624,2.08
4.997703036999155,8.32,3.314688,2.08
5.051861193998775,8.44,3.39456,2.08
5.106156828995154,8.32,3.354624,2.08
5.160338793000847,8.36,3.354624,2.08
5.214566391994595,8.4,3.39456,2.08
5.268822280995664,8.28,3.314688,2.08
5.323027382000873,8.4,3.39456,2.08
5.377292198994837,8.36,3.39456,2.08
5.431551064000814,8.28,3.314688,2.08
5.485891630996775,8.4,3.39456,2.08
5.540318794999621,8.32,3.354624,2.08
5.594496983001591,8.32,3.354624,2.08
5.648659392994887,8.4,3.39456,2.08
5.702878702999442,8.28,3.314688,2.08
5.757047801998851,8.4,3.39456,2.08
5.8112085799948545,8.36,3.39456,2.08
5.865491062999354,8.32,3.314688,2.08
5.919717701995978,8.44,3.39456,2.08
5.973879855999257,8.32,3.354624,2.08
6.02811359900079,8.36,3.354624,2.08
6.082252836997213,8.4,3.39456,2.08
6.136446413998783,8.28,3.314688,2.08
6.190656792001391,8.4,3.354624,2.08
6.244904996994592,8.36,3.39456,2.08
6.299206805000722,8.32,3.314688,2.08
6.353470563000883,8.44,3.39456,2.08
6.407664427999407,8.32,3.354624,2.08
6.4618271549989,8.32,3.354624,2.08
6.515961591998348,8.4,3.434496,2.08
6.570186018994718,8.32,3.39456,2.08
6.624306182995497,8.56,3.514368,2.08
6.678755426000862,8.56,3.554304,2.08
6.733097108997754,8.44,3.434496,2.08
6.787358690999099,8.56,3.514368,2.08
6.84171944699483,8.44,3.474432,2.08
6.895813272996747,8.44,3.434496,2.08
6.949916315999872,8.52,3.474432,2.08
7.004062913998496,8.36,3.39456,2.08
7.058203205997415,8.44,3.39456,2.08
7.1123936110016075,8.44,3.434496,2.08
7.166607121995185,8.36,3.354624,2.08
7.220823001000099,8.48,3.434496,2.08
7.274957018998975,8.36,3.39456,2.08
7.329337677001604,8.36,3.354624,2.08
7.383486063001328,8.44,3.434496,2.08
7.437635793998197,8.32,3.354624,2.08
7.491789684994728,8.4,3.39456,2.08
7.545912982001028,8.4,3.434496,2.08
7.600066840001091,8.28,3.354624,2.08
7.654210139000497,8.44,3.39456,2.08
7.7083254030003445,8.36,3.39456,2.08
7.762719277998258,8.36,3.354624,2.08
7.816822764994868,8.44,3.39456,2.08
7.870978927996475,8.32,3.354624,2.08
7.925166326000181,8.4,3.354624,2.08
7.979295990997343,8.4,3.39456,2.08
8.033462169994891,8.32,3.314688,2.08
8.087681917997543,8.44,3.39456,2.08
8.141905185999349,8.36,3.354624,2.08
8.196334227999614,8.36,3.314688,2.08
8.250504340998305,8.44,3.39456,2.08
8.304736025995226,8.32,3.314688,2.08
8.359032546999515,8.36,3.354624,2.08
8.413389135996113,8.4,3.39456,2.08
8.467638677997456,8.28,3.314688,2.08
8.52208912900096,8.4,3.39456,2.08
8.57622589499806,8.36,3.39456,2.08
8.630357700996683,8.32,3.354624,2.08
8.684524389995204,8.4,3.39456,2.08
8.738864658000239,8.32,3.354624,2.08
8.7931119269997,8.36,3.354624,2.08
8.847282391994668,8.4,3.39456,2.08
8.901465593000466,8.28,3.314688,2.08
8.955647738999687,8.44,3.39456,2.08
9.009817786994972,8.36,3.39456,2.08
9.06397628099512,8.32,3.314688,2.08
9.118365412999992,8.44,3.39456,2.08
9.17295343799924,8.32,3.354624,2.08
9.227180094996584,8.36,3.354624,2.08
9.281320825997682,8.4,3.39456,2.08
9.335481109999819,8.28,3.314688,2.08
9.38984851299756,8.4,3.354624,2.08
9.444082273999811,8.36,3.39456,2.08
9.498322660001577,8.32,3.314688,2.08
9.552618729001551,8.44,3.39456,2.08
9.606801126996288,8.32,3.354624,2.08
9.661146544000076,8.48,3.474432,2.08
9.715661700996861,8.6,3.554304,2.08
9.770142679000855,8.44,3.474432,2.08
9.824420602999453,8.52,3.474432,2.08
9.878675485997519,8.52,3.514368,2.08
9.932875932994648,8.4,3.39456,2.08
9.987187747996359,8.56,3.474432,2.08
10.041480103995127,8.44,3.434496,2.08
10.095652994001284,8.44,3.39456,2.08
10.149829980000504,8.48,3.434496,2.08
10.204055993999646,8.36,3.39456,2.08
10.258242323994637,8.44,3.39456,2.08
10.31240164499468,8.44,3.434496,2.08
10.36704842299514,8.32,3.354624,2.08
10.421856619999744,8.44,3.39456,2.08
10.477908485001535,8.4,3.434496,2.08
10.532945464998193,8.32,3.354624,2.08
10.587578129998292,8.44,3.434496,2.08
10.641930072000832,8.36,3.39456,2.08
10.696946730997297,8.32,3.354624,2.08
10.751355572996545,8.44,3.434496,2.08
10.806228030000057,8.32,3.39456,2.08
10.860623430999112,8.36,3.354624,2.08
10.915591639000922,8.44,3.434496,2.08
10.970146089995978,8.32,3.354624,2.08
11.024735999999393,8.4,3.39456,2.08
11.07968417200027,8.4,3.39456,2.08
11.134072048000235,8.32,3.314688,2.08
11.188982168998336,8.44,3.39456,2.08
11.243422848994669,8.4,3.39456,2.08
11.299459797999589,8.32,3.314688,2.08
11.353715345998353,8.44,3.39456,2.08
11.408532083994942,8.36,3.354624,2.08
11.462763661998906,8.36,3.354624,2.08
11.517417092996766,8.44,3.39456,2.08
11.572277961997315,8.32,3.354624,2.08
11.626856668000983,8.36,3.354624,2.08
11.681899053000961,8.4,3.434496,2.08
11.736768178001512,8.28,3.354624,2.08
11.791364676995727,8.36,3.39456,2.08
11.845727399995667,8.4,3.39456,2.08
11.900312666999525,8.28,3.314688,2.08
11.95483607299684,8.44,3.39456,2.08
12.009899994998705,8.36,3.39456,2.08
12.06475593399955,8.32,3.314688,2.08
12.119559418999415,8.44,3.39456,2.08
12.174150058999658,8.36,3.354624,2.08
12.228716183999495,8.36,3.354624,2.08
12.283476914999483,8.44,3.39456,2.08
12.338071106001735,8.32,3.354624,2.08
12.392808379001508,8.36,3.354624,2.08
12.44774150599551,8.44,3.39456,2.08
12.501994585996727,8.32,3.314688,2.08
12.55676328499976,8.4,3.39456,2.08
12.611705179995624,8.4,3.39456,2.08
12.666291818997706,8.32,3.314688,2.08
12.720830293998006,8.56,3.514368,2.08
12.77506490900123,8.52,3.554304,2.08
12.829588183994929,8.52,3.474432,2.08
12.88417363899498,8.56,3.554304,2.08
12.938552711995726,8.44,3.474432,2.08
12.992966186997364,8.48,3.474432,2.08
13.04732180100109,8.52,3.514368,2.08
13.102220458000374,8.4,3.39456,2.08
13.157809689000715,8.48,3.434496,2.08
13.212007273999916,8.48,3.474432,2.08
13.266695035999874,8.36,3.354624,2.08
13.321908209996764,8.48,3.434496,2.08
13.377302323999174,8.44,3.434496,2.08
13.431503556996176,8.36,3.354624,2.08
13.486703194001166,8.48,3.434496,2.08
13.54095259099995,8.4,3.39456,2.08
13.595214916000259,8.4,3.354624,2.08
13.64945103199716,8.44,3.434496,2.08
13.703668554000615,8.32,3.354624,2.08
13.757895452996308,8.4,3.39456,2.08
13.812039338998147,8.4,3.434496,2.08
13.866202170000179,8.32,3.354624,2.08
13.920489584997995,8.44,3.434496,2.08
13.974646206996113,8.36,3.39456,2.08
14.028842991996498,8.36,3.354624,2.08
14.082973370001127,8.44,3.434496,2.08
14.139066470997932,8.32,3.354624,2.08
14.194023623997055,8.36,3.354624,2.08
14.248745464996318,8.44,3.434496,2.08
14.304221341000812,8.32,3.354624,2.08
14.358406314000604,8.4,3.354624,2.08
14.412564500998997,8.4,3.434496,2.08
14.468276168998273,8.32,3.314688,2.08
14.522507768997457,8.44,3.39456,2.08
14.576666531997034,8.36,3.39456,2.08
14.63138456500019,8.32,3.354624,2.08
14.686131527996622,8.44,3.39456,2.08
14.741928385999927,8.36,3.39456,2.08
14.796165105995897,8.36,3.354624,2.08
14.850682869000593,8.44,3.434496,2.08
14.905635669994808,8.32,3.354624,2.08
14.960055730996828,8.36,3.39456,2.08
15.014767330998438,8.44,3.434496,2.08
15.069631546997698,8.32,3.354624,2.08
15.124198525998509,8.4,3.39456,2.08
15.178760064998642,8.4,3.39456,2.08
15.233674811999663,8.32,3.314688,2.08
15.289246818996617,8.44,3.39456,2.08
15.34386608999921,8.4,3.39456,2.08
15.398061843996402,8.36,3.314688,2.08
15.452880967997771,8.48,3.39456,2.08
15.508186653001758,8.36,3.354624,2.08
15.562377958995057,8.36,3.354624,2.08
15.616549294994911,8.44,3.39456,2.08
15.670700309994572,8.32,3.354624,2.08
15.725658259994816,8.4,3.354624,2.08
15.780010760994628,8.52,3.514368,2.08
15.834319802001119,8.48,3.474432,2.08
15.889008485995873,8.6,3.554304,2.08
15.943225969000196,8.52,3.514368,2.08
15.997458461999486,8.48,3.474432,2.08
16.051618019999296,8.56,3.514368,2.08
16.105800361998263,8.44,3.434496,2.08
16.159950989997014,8.48,3.434496,2.08
16.214212920996943,8.52,3.474432,2.08
16.268371100995864,8.4,3.39456,2.08
16.322608743001183,8.48,3.434496,2.08
16.37677018699469,8.44,3.434496,2.08
16.430942544000573,8.4,3.354624,2.08
16.485160279997217,8.52,3.434496,2.08
16.539368416000798,8.4,3.39456,2.08
16.593584392001503,8.44,3.39456,2.08
16.64773258799687,8.48,3.434496,2.08
16.70187153400184,8.36,3.354624,2.08
16.756041490996722,8.44,3.39456,2.08
16.810272668000835,8.4,3.39456,2.08
16.86441270299838,8.36,3.354624,2.08
16.91856995499984,8.48,3.434496,2.08
16.973005594001734,8.36,3.39456,2.08
17.027151581998623,8.36,3.39456,2.08
17.081284572996083,8.44,3.434496,2.08
17.135476256000402,8.32,3.354624,2.08
17.189711237995652,8.44,3.39456,2.08
17.24385190999601,8.4,3.39456,2.08
17.297987844998715,8.36,3.354624,2.08
17.352143493000767,8.48,3.434496,2.08
17.40632416799781,8.36,3.354624,2.08
17.460485960997175,8.4,3.354624,2.08
17.51461143099732,8.44,3.434496,2.08
17.568819082996924,8.32,3.314688,2.08
17.622951209996245,8.44,3.39456,2.08
17.67713034899498,8.4,3.39456,2.08
17.731321455998113,8.32,3.314688,2.08
17.78549041700171,8.44,3.39456,2.08
17.83966430700093,8.32,3.354624,2.08
17.89388706399768,8.36,3.354624,2.08
17.948091739999654,8.4,3.39456,2.08
18.002296799997566,8.28,3.314688,2.08
18.05652659599582,8.4,3.39456,2.08
18.110697537995293,8.36,3.39456,2.08
18.164884737001557,8.32,3.314688,2.08
18.219267117994605,8.44,3.39456,2.08
18.273682364000706,8.32,3.354624,2.08
18.328037606996077,8.36,3.354624,2.08
18.38219754099555,8.44,3.39456,2.08
18.436791198997525,8.32,3.314688,2.08
18.491388185997494,8.4,3.354624,2.08
18.54576115799864,8.4,3.39456,2.08
18.60013624199928,8.28,3.314688,2.08
18.654612933001772,8.44,3.39456,2.08
18.708809252995707,8.36,3.354624,2.08
18.762965570000233,8.32,3.314688,2.08
18.817148960995837,8.44,3.39456,2.08
18.87147850600013,8.44,3.474432,2.08
18.9259755499952,8.56,3.514368,2.08
18.980359018001764,8.56,3.514368,2.08
19.03649636499904,8.4,3.434496,2.08
19.090994589998445,8.52,3.474432,2.08
19.145263391001208,8.48,3.474432,2.08
19.19954256100027,8.4,3.39456,2.08
19.254037266000523,8.52,3.474432,2.08
19.308252590999473,8.4,3.434496,2.08
19.362885000999086,8.4,3.39456,2.08
19.41705312400154,8.48,3.434496,2.08
19.47135459999845,8.36,3.39456,2.08
19.525653163000243,8.44,3.39456,2.08
19.57986247199733,8.44,3.434496,2.08
19.634197389998008,8.32,3.354624,2.08
19.688695678996737,8.44,3.39456,2.08
19.742868889996316,8.4,3.39456,2.08
19.797088535997318,8.36,3.354624,2.08
19.851226448998204,8.48,3.39456,2.08
19.905483312999422,8.32,3.354624,2.08
19.959640107001178,8.4,3.354624,2.08
20.013807078001264,8.4,3.434496,2.08
20.067955068996525,8.28,3.354624,2.08
20.122152502000972,8.4,3.39456,2.08
20.17631367699505,8.36,3.39456,2.08
20.2305311109958,8.32,3.354624,2.08
20.284669660999498,8.44,3.434496,2.08
20.338843220000854,8.32,3.354624,2.08
20.392964583996218,8.4,3.354624,2.08
20.44714601599844,8.4,3.39456,2.08
20.50131999199948,8.32,3.314688,2.08
20.555557075997058,8.44,3.39456,2.08
20.609725898997567,8.36,3.354624,2.08
20.663902114996745,8.36,3.314688,2.08
20.718102907994762,8.44,3.39456,2.08
20.772270771994954,8.32,3.354624,2.08
20.826420009994763,8.36,3.354624,2.08
20.88055587100098,8.4,3.39456,2.08
20.934900609994656,8.28,3.314688,2.08
20.989236995999818,8.4,3.39456,2.08
21.04342153199832,8.36,3.39456,2.08
21.09782511999947,8.32,3.314688,2.08
21.1519979079967,8.44,3.39456,2.08
21.206420728995,8.32,3.354624,2.08
21.26055953100149,8.36,3.354624,2.08
21.314717117995315,8.4,3.39456,2.08
21.36903100299969,8.28,3.314688,2.08
21.423199182994722,8.4,3.39456,2.08
21.4773272320017,8.36,3.39456,2.08
21.531687296999735,8.32,3.314688,2.08
21.585947098996257,8.44,3.39456,2.08
21.640250391996233,8.36,3.354624,2.08
21.694424683999387,8.36,3.354624,2.08
21.74857843099744,8.44,3.39456,2.08
21.802928510995116,8.32,3.314688,2.08
21.8572024899986,8.4,3.354624,2.08
21.911375119001605,8.44,3.434496,2.08
21.965467260997684,8.52,3.474432,2.08
22.019909059999918,8.6,3.554304,2.08
22.074174139001116,8.48,3.474432,2.08
22.128415248997044,8.48,3.474432,2.08
22.182709641994734,8.52,3.514368,2.08
22.236957918998087,8.4,3.434496,2.08
22.291150482000376,8.48,3.434496,2.08
22.345383973995922,8.48,3.474432,2.08
22.39958636099618,8.4,3.39456,2.08
22.453881329995056,8.52,3.434496,2.08
22.508339797997905,8.4,3.434496,2.08
22.562539945000026,8.44,3.39456,2.08
22.617013422001037,8.56,3.434496,2.08
22.67143585500162,8.4,3.39456,2.08
22.72567488400091,8.48,3.39456,2.08
22.779905944997154,8.48,3.434496,2.08
22.83410189999995,8.36,3.314688,2.08
22.88834070500161,8.48,3.39456,2.08
22.94251697800064,8.4,3.39456,2.08
22.996704067998508,8.36,3.354624,2.08
23.0508533300017,8.44,3.39456,2.08
23.105256173999805,8.32,3.354624,2.08
23.159431100000802,8.4,3.354624,2.08
23.21364599599474,8.4,3.434496,2.08
23.267830969998613,8.32,3.354624,2.08
23.322122575998947,8.44,3.39456,2.08
23.376255962997675,8.36,3.39456,2.08
23.430404965998605,8.36,3.354624,2.08
23.484554577997187,8.44,3.39456,2.08
23.538812580998638,8.36,3.354624,2.08
23.593217921996256,8.4,3.354624,2.08
23.647378766996553,8.44,3.39456,2.08
23.70161011199525,8.32,3.314688,2.08
23.755903350000153,8.44,3.39456,2.08
23.810138344000734,8.4,3.39456,2.08
23.86431288500171,8.36,3.314688,2.08
23.918557575001614,8.44,3.39456,2.08
23.97274747800111,8.32,3.354624,2.08
24.026908674997685,8.36,3.354624,2.08
24.08106282800145,8.4,3.39456,2.08
24.13522453299811,8.28,3.314688,2.08
24.18950919099734,8.4,3.39456,2.08
24.243684176995885,8.36,3.39456,2.08
24.29784469799779,8.32,3.354624,2.08
24.351987201996963,8.44,3.39456,2.08
24.40614388299582,8.32,3.354624,2.08
24.460335190000478,8.36,3.354624,2.08
24.51450508799462,8.4,3.39456,2.08
24.568767343997024,8.32,3.314688,2.08
24.62290987999586,8.44,3.39456,2.08
24.67705638500047,8.4,3.39456,2.08
24.731243659996835,8.36,3.314688,2.08
24.78546780099714,8.44,3.39456,2.08
24.839630465998198,8.32,3.354624,2.08
24.893797931996232,8.36,3.354624,2.08
24.947921362996567,8.44,3.39456,2.08
25.00218793899694,8.48,3.474432,2.08
25.05658316300105,8.6,3.514368,2.08
25.110968624001544,8.56,3.514368,2.08
25.165259101995616,8.48,3.434496,2.08
25.21970459899603,8.56,3.514368,2.08
25.273884829999588,8.44,3.474432,2.08
25.328046787995845,8.44,3.434496,2.08
25.382157990999985,8.52,3.474432,2.08
25.436275273998035,8.4,3.39456,2.08
25.490405773998646,8.48,3.434496,2.08
25.54451022399735,8.44,3.434496,2.08
25.598646803999145,8.4,3.354624,2.08
25.652802778000478,8.52,3.434496,2.08
25.706979105001665,8.4,3.39456,2.08
25.761308625995298,8.44,3.39456,2.08
25.815487064995978,8.48,3.434496,2.08
25.869674240995664,8.36,3.354624,2.08
25.92380944499746,8.44,3.39456,2.08
25.977932103996864,8.4,3.39456,2.08
26.032148881997273,8.32,3.354624,2.08
26.08629777999886,8.48,3.39456,2.08
26.140507256997807,8.36,3.354624,2.08
26.19476195400057,8.36,3.354624,2.08
26.248951718996977,8.44,3.434496,2.08
26.30307239099784,8.32,3.354624,2.08
26.357178245001705,8.4,3.39456,2.08
26.411290149000706,8.4,3.39456,2.08
26.465450823001447,8.32,3.354624,2.08
26.519792854000116,8.44,3.39456,2.08
26.57390674099588,8.36,3.354624,2.08
26.628059030997974,8.36,3.354624,2.08
26.68216862999543,8.44,3.39456,2.08
26.73632101599651,8.32,3.354624,2.08
26.79066128699924,8.44,3.39456,2.08
26.844817001001502,8.4,3.39456,2.08
26.898932808995596,8.32,3.314688,2.08
26.95324910999625,8.44,3.39456,2.08
27.00769165899692,8.36,3.354624,2.08
27.06193790600082,8.36,3.354624,2.08
27.116162708996853,8.44,3.39456,2.08
27.170418171001074,8.28,3.314688,2.08
27.224652958997467,8.4,3.354624,2.08
27.278830014998675,8.4,3.39456,2.08
27.3330200959972,8.28,3.314688,2.08
27.38737581999885,8.44,3.39456,2.08
27.44158897500165,8.36,3.39456,2.08
27.49579329699918,8.36,3.354624,2.08
27.550097305997042,8.44,3.39456,2.08
27.604212758000358,8.32,3.354624,2.08
27.658333810999466,8.4,3.354624,2.08
27.71245790299872,8.4,3.39456,2.08
27.766600204995484,8.32,3.314688,2.08
27.820954937997158,8.44,3.39456,2.08
27.87517228499928,8.36,3.354624,2.08
27.929370429999835,8.36,3.354624,2.08
27.983479513997736,8.44,3.39456,2.08
28.03760530299769,8.36,3.354624,2.08
28.09204429300007,8.56,3.514368,2.08
28.14651627800049,8.56,3.554304,2.08
28.20084697299899,8.44,3.434496,2.08
28.2553570079981,8.56,3.514368,2.08
28.309536813001614,8.48,3.474432,2.08
28.363717353997345,8.44,3.434496,2.08
28.41786669299472,8.52,3.514368,2.08
28.47206361999997,8.4,3.434496,2.08
28.52627161899727,8.44,3.434496,2.08
28.580477409996092,8.48,3.474432,2.08
28.63463906999823,8.36,3.39456,2.08
28.68903530499665,8.48,3.434496,2.08
28.743154145995504,8.44,3.434496,2.08
28.79764322000119,8.4,3.354624,2.08
28.852002845000243,8.48,3.434496,2.08
28.906177753997326,8.36,3.39456,2.08
28.960342549995403,8.4,3.39456,2.08
29.014491729001747,8.44,3.434496,2.08
29.06863680999959,8.32,3.354624,2.08
29.122812226996757,8.44,3.39456,2.08
29.17696655499458,8.4,3.39456,2.08
29.231217177999497,8.36,3.354624,2.08
29.28561923399684,8.44,3.434496,2.08
29.34001617100148,8.32,3.39456,2.08
29.39414963300078,8.36,3.39456,2.08
29.44825890300126,8.44,3.434496,2.08
29.50256949699542,8.32,3.354624,2.08
29.556723632995272,8.4,3.39456,2.08
29.610847366995586,8.4,3.39456,2.08
29.66515789800178,8.32,3.354624,2.08
29.719348163998802,8.48,3.434496,2.08
29.773496379995777,8.36,3.354624,2.08
29.827852385998995,8.4,3.354624,2.08
29.882104415999493,8.44,3.434496,2.08
29.936277849999897,8.32,3.314688,2.08
29.990416144995834,8.4,3.39456,2.08
0.0003156689999741502,7.892608,3.04,2.0032
0.05473308399814414,8.052864,3.154944,2.043264
0.10928436299582245,8.0128,3.154944,2.043264
0.1634988519945182,8.052864,3.154944,2.043264
0.2176454639993608,8.16,3.234816,2.04
0.27203660399391083,8.092928,3.19488,2.043264
0.3261912169982679,8.16,3.234816,2.04
0.38030720299866516,8.2,3.314688,2.04
0.43446146399946883,8.12,3.234816,2.04
0.488602635996358,8.28,3.314688,2.08
0.5429413569945609,8.24,3.314688,2.08
0.5970786249963567,8.24,3.314688,2.04
0.6512809849955374,8.36,3.39456,2.08
0.7054320129973348,8.24,3.314688,2.08
0.7595755849979469,8.32,3.354624,2.08
0.8140164249998634,8.36,3.39456,2.08
0.8681938559966511,8.28,3.314688,2.08
0.9225123189971782,8.4,3.39456,2.08
0.9766443069966044,8.36,3.39456,2.08
1.0308024369951454,8.36,3.354624,2.08
1.0852000710001448,8.6,3.548608,2.08
1.1399950429986347,8.52,3.514368,2.08
1.1944364230002975,8.52,3.474432,2.08
1.248646939995524,8.6,3.548608,2.08
1.3027988619942334,8.44,3.434496,2.08
1.3571652929967968,8.52,3.514368,2.08
1.4113056619971758,8.48,3.514368,2.08
1.4654665759953787,8.44,3.434496,2.08
1.5197081349979271,8.52,3.514368,2.08
1.573899866998545,8.4,3.434496,2.08
1.6280671489948872,8.44,3.434496,2.08
1.6823167409966118,8.52,3.474432,2.08
1.7365111929975683,8.4,3.39456,2.08
1.790763696997601,8.48,3.434496,2.08
1.84510359900014,8.48,3.474432,2.08
1.8993897369946353,8.4,3.39456,2.08
1.95381908499985,8.52,3.474432,2.08
2.0081880430007004,8.44,3.434496,2.08
2.0625691289969836,8.44,3.39456,2.08
2.1172157999972114,8.52,3.474432,2.08
2.1714545389986597,8.36,3.39456,2.08
2.2256310029988526,8.44,3.434496,2.08
2.2801535699982196,8.48,3.474432,2.08
2.3349518029936007,8.36,3.354624,2.08
2.389137259000563,8.48,3.434496,2.08
2.4442608889949042,8.44,3.474432,2.08
2.5005587419946096,8.36,3.39456,2.08
2.554760166996857,8.48,3.434496,2.08
2.610074017997249,8.4,3.434496,2.08
2.6642271210002946,8.4,3.39456,2.08
2.7191819719955674,8.52,3.474432,2.08
2.77334502699523,8.4,3.39456,2.08
2.8277574419989833,8.44,3.39456,2.08
2.8821656009968137,8.48,3.474432,2.08
2.9363537449971773,8.36,3.354624,2.08
2.990635719994316,8.48,3.434496,2.08
3.0456564279957092,8.48,3.434496,2.08
3.099949215997185,8.36,3.354624,2.08
3.1545760739973048,8.48,3.434496,2.08
3.208767063995765,8.4,3.434496,2.08
3.2629042569969897,8.4,3.39456,2.08
3.317081581997627,8.48,3.474432,2.08
3.371254906000104,8.36,3.39456,2.08
3.4261020669946447,8.4,3.434496,2.08
3.4803766459954204,8.44,3.474432,2.08
3.5346618490002584,8.32,3.39456,2.08
3.589255264996609,8.44,3.434496,2.08
3.6434571989957476,8.4,3.434496,2.08
3.697638300000108,8.36,3.39456,2.08
3.7518372899940005,8.48,3.434496,2.08
3.8060332069944707,8.36,3.39456,2.08
3.8602259889958077,8.44,3.39456,2.08
3.914462613000069,8.48,3.434496,2.08
3.9686317129962845,8.36,3.354624,2.08
4.022786793000705,8.48,3.434496,2.08
4.077002452999295,8.4,3.434496,2.08
4.1312193289995776,8.44,3.434496,2.08
4.18542074799916,8.68,3.58848,2.08
4.240293442999246,8.52,3.514368,2.08
4.294561489994521,8.56,3.514368,2.08
4.348721657996066,8.6,3.554304,2.08
4.402867360993696,8.44,3.434496,2.08
4.457133871997939,8.56,3.514368,2.08
4.51125669299654,8.48,3.514368,2.08
4.565418396996392,8.44,3.434496,2.08
4.6201949899987085,8.56,3.514368,2.08
4.674680875999911,8.44,3.474432,2.08
4.728896534994419,8.44,3.434496,2.08
4.783037437999155,8.52,3.474432,2.08
4.837204773997655,8.4,3.39456,2.08
4.891367726995668,8.48,3.434496,2.08
4.945747460995335,8.48,3.474432,2.08
4.999948078999296,8.4,3.39456,2.08
5.054314400993462,8.52,3.474432,2.08
5.108561034998274,8.44,3.434496,2.08
5.162693389997003,8.44,3.39456,2.08
5.216830288998608,8.52,3.474432,2.08
5.271253383994917,8.36,3.39456,2.08
5.32541137199587,8.44,3.434496,2.08
5.379556783998851,8.44,3.434496,2.08
5.433707251999294,8.36,3.354624,2.08
5.488054692999867,8.48,3.434496,2.08
5.542230570994434,8.4,3.434496,2.08
5.596382798998093,8.4,3.39456,2.08
5.650553235995176,8.48,3.474432,2.08
5.704692630999489,8.36,3.39456,2.08
5.75885116399877,8.44,3.434496,2.08
5.813007487995492,8.44,3.434496,2.08
5.867356912996911,8.36,3.354624,2.08
5.922526488997391,8.48,3.434496,2.08
5.976715967997734,8.44,3.434496,2.08
6.0309217959948,8.4,3.39456,2.08
6.085139306000201,8.52,3.434496,2.08
6.139299306996691,8.4,3.39456,2.08
6.193457867993857,8.44,3.39456,2.08
6.248239287000615,8.48,3.434496,2.08
6.302411992997804,8.36,3.354624,2.08
6.3570690829947125,8.44,3.39456,2.08
6.4127192629966885,8.44,3.434496,2.08
6.466899841994746,8.36,3.354624,2.08
6.522223215994018,8.48,3.434496,2.08
6.576395762996981,8.4,3.434496,2.08
6.630621463998978,8.4,3.39456,2.08
6.684757495997474,8.48,3.474432,2.08
6.739336788996297,8.36,3.39456,2.08
6.793505462999747,8.44,3.39456,2.08
6.847643638997397,8.48,3.474432,2.08
6.902039847998822,8.36,3.354624,2.08
6.956994717998896,8.48,3.434496,2.08
7.0112146899991785,8.44,3.434496,2.08
7.065434083997388,8.4,3.354624,2.08
7.120713163996697,8.52,3.434496,2.08
7.175210399997013,8.4,3.434496,2.08
7.229693523993774,8.56,3.514368,2.08
7.284011419993476,8.64,3.548608,2.12
7.3384200429936755,8.48,3.474432,2.08
7.392660589997831,8.52,3.474432,2.08
7.4468123959959485,8.56,3.514368,2.08
7.500973801994405,8.44,3.434496,2.08
7.555217613997229,8.56,3.474432,2.08
7.609387563999917,8.48,3.474432,2.08
7.66353860199888,8.44,3.434496,2.08
7.717693959995813,8.52,3.514368,2.08
7.771874118996493,8.4,3.434496,2.08
7.826131915993756,8.48,3.434496,2.08
7.880282056998112,8.48,3.474432,2.08
7.934480361996975,8.4,3.39456,2.08
7.9888726949939155,8.52,3.434496,2.08
8.043027536994487,8.44,3.434496,2.08
8.09723809499701,8.4,3.39456,2.08
8.15139533799811,8.52,3.434496,2.08
8.205573765997542,8.36,3.39456,2.08
8.259755649996805,8.44,3.39456,2.08
8.313904123999237,8.44,3.434496,2.08
8.368050005999976,8.32,3.354624,2.08
8.422302102997492,8.48,3.434496,2.08
8.476529686995491,8.4,3.39456,2.08
8.53071336299763,8.36,3.354624,2.08
8.5848721739967,8.48,3.434496,2.08
8.639038024994079,8.32,3.39456,2.08
8.693193378996511,8.4,3.39456,2.08
8.747344925999641,8.44,3.434496,2.08
8.801476663000358,8.32,3.354624,2.08
8.85577080999792,8.44,3.434496,2.08
8.909896883000329,8.4,3.39456,2.08
8.964052652998362,8.36,3.354624,2.08
9.018241735997435,8.48,3.434496,2.08
9.072609356997418,8.36,3.39456,2.08
9.126891820997116,8.4,3.39456,2.08
9.181130665994715,8.44,3.434496,2.08
9.235356678000244,8.32,3.354624,2.08
9.289599458999874,8.44,3.39456,2.08
9.343764217999706,8.4,3.39456,2.08
9.397933618995012,8.36,3.354624,2.08
9.452121324000473,8.52,3.434496,2.08
9.506400330996257,8.36,3.39456,2.08
9.560547617998964,8.44,3.39456,2.08
9.61466779899638,8.44,3.434496,2.08
9.668829135000124,8.32,3.354624,2.08
9.723014631999831,8.44,3.434496,2.08
9.777219137999055,8.4,3.434496,2.08
9.831556549994275,8.36,3.39456,2.08
9.88579696299712,8.48,3.434496,2.08
9.939974234999681,8.36,3.39456,2.08
9.994120752999152,8.44,3.39456,2.08
10.048282213996572,8.48,3.434496,2.08
10.102460314999917,8.36,3.354624,2.08
10.15669906099356,8.48,3.39456,2.08
10.210870121998596,8.44,3.39456,2.08
10.265030173999548,8.44,3.434496,2.08
10.31999587899918,8.68,3.58848,2.08
10.374500337995414,8.56,3.514368,2.08
10.428735499997856,8.56,3.474432,2.08
10.482922945993778,8.6,3.514368,2.08
10.537191484996583,8.44,3.434496,2.08
10.591345392997027,8.52,3.474432,2.08
10.64551926999411,8.52,3.474432,2.08
10.699768608996237,8.4,3.39456,2.08
10.75406614199892,8.52,3.474432,2.08
10.808217073994456,8.44,3.434496,2.08
10.862381029997778,8.44,3.434496,2.08
10.916562171994883,8.52,3.474432,2.08
10.970714607996342,8.4,3.39456,2.08
11.024886145998607,8.52,3.434496,2.08
11.079264001993579,8.48,3.434496,2.08
11.13345298099739,8.4,3.354624,2.08
11.187713483996049,8.52,3.434496,2.08
11.241883229995437,8.4,3.39456,2.08
11.296023693997995,8.4,3.39456,2.08
11.350176829997508,8.48,3.434496,2.08
11.404336718995182,8.36,3.354624,2.08
11.458527233997302,8.44,3.39456,2.08
11.512659761996474,8.44,3.434496,2.08
11.566816897997342,8.36,3.354624,2.08
11.62110044399742,8.48,3.434496,2.08
11.675240074997419,8.4,3.434496,2.08
11.729380410994054,8.4,3.39456,2.08
11.78364081899781,8.48,3.474432,2.08
11.837947148997046,8.32,3.39456,2.08
11.892154913999548,8.44,3.434496,2.08
11.946339955997246,8.44,3.434496,2.08
12.000540934997844,8.36,3.354624,2.08
12.054869855994184,8.48,3.434496,2.08
12.109131379998871,8.4,3.39456,2.08
12.163374471994757,8.4,3.39456,2.08
12.21754158999829,8.48,3.434496,2.08
12.271783272997709,8.36,3.354624,2.08
12.325964951996866,8.44,3.39456,2.08
12.380193867000344,8.44,3.434496,2.08
12.434465407997777,8.32,3.354624,2.08
12.488777751997986,8.48,3.434496,2.08
12.542939333994582,8.4,3.39456,2.08
12.597083057997224,8.36,3.39456,2.08
12.651234046999889,8.48,3.474432,2.08
12.705408173998876,8.36,3.39456,2.08
12.759570779999194,8.4,3.434496,2.08
12.813716264994582,8.44,3.474432,2.08
12.867873527000484,8.32,3.354624,2.08
12.922069510997972,8.48,3.434496,2.08
12.976221555996744,8.4,3.434496,2.08
13.030348221000168,8.4,3.354624,2.08
13.084685330999491,8.48,3.434496,2.08
13.139034153995453,8.36,3.39456,2.08
13.193305339998915,8.44,3.39456,2.08
13.247734647993639,8.48,3.434496,2.08
13.30299991499487,8.36,3.354624,2.08
13.35709694599791,8.56,3.514368,2.08
13.41145754599711,8.56,3.554304,2.08
13.465896422996593,8.48,3.474432,2.08
13.52058491599746,8.56,3.514368,2.08
13.575854982998862,8.48,3.474432,2.08
13.63029030799953,8.44,3.434496,2.08
13.68487200999516,8.56,3.514368,2.08
13.739909358999284,8.4,3.434496,2.08
13.794557080997038,8.44,3.434496,2.08
13.848909743996046,8.52,3.474432,2.08
13.903316522999376,8.4,3.39456,2.08
13.957659073996183,8.48,3.434496,2.08
14.011932977999095,8.48,3.434496,2.08
14.066270276998694,8.4,3.39456,2.08
14.120732063995092,8.52,3.434496,2.08
14.175212860995089,8.44,3.434496,2.08
14.229413670997019,8.44,3.39456,2.08
14.28353319499729,8.52,3.434496,2.08
14.337677777999488,8.36,3.354624,2.08
14.391850713996973,8.44,3.39456,2.08
14.445982654993713,8.44,3.434496,2.08
14.500108547996206,8.36,3.354624,2.08
14.554410644996096,8.48,3.434496,2.08
14.608544858994719,8.4,3.39456,2.08
14.662828585998795,8.4,3.39456,2.08
14.717128090996994,8.48,3.474432,2.08
14.771324995999748,8.32,3.39456,2.08
14.826104051993752,8.4,3.434496,2.08
14.880676182998286,8.44,3.474432,2.08
14.93645524099702,8.32,3.354624,2.08
14.990635920999921,8.44,3.434496,2.08
15.045444575996953,8.44,3.434496,2.08
15.099604483999428,8.36,3.354624,2.08
15.154528857994592,8.48,3.434496,2.08
15.208694237997406,8.4,3.39456,2.08
15.263066703999357,8.4,3.39456,2.08
15.317215732000477,8.48,3.434496,2.08
15.371360598997853,8.36,3.354624,2.08
15.42550165799912,8.44,3.39456,2.08
15.48007560899714,8.48,3.434496,2.08
15.534406119993946,8.36,3.354624,2.08
15.588782106999133,8.48,3.434496,2.08
15.642940286998055,8.4,3.434496,2.08
15.69713613299973,8.4,3.39456,2.08
15.751274343994737,8.48,3.474432,2.08
15.80543537199992,8.36,3.39456,2.08
15.85958167899662,8.44,3.434496,2.08
15.914017508999677,8.44,3.474432,2.08
15.968903096996655,8.36,3.354624,2.08
16.023256966996996,8.48,3.434496,2.08
16.077607572995475,8.44,3.434496,2.08
16.131771317996026,8.4,3.354624,2.08
16.186091072995623,8.52,3.434496,2.08
16.240600184995856,8.4,3.39456,2.08
16.294880097993882,8.4,3.39456,2.08
16.349153833994933,8.48,3.434496,2.08
16.403400016999512,8.36,3.354624,2.08
16.457727772998624,8.44,3.434496,2.08
16.511893821996637,8.44,3.434496,2.08
16.56603766199987,8.36,3.354624,2.08
16.6205480849967,8.48,3.434496,2.08
16.675041067996062,8.4,3.39456,2.08
16.729343957995297,8.4,3.39456,2.08
16.78377722499863,8.48,3.434496,2.08
16.83980906099896,8.36,3.39456,2.08
16.89408692500001,8.4,3.39456,2.08
16.94834158899903,8.44,3.434496,2.08
17.002623515996675,8.32,3.354624,2.08
17.056884801000706,8.44,3.39456,2.08
17.1111856399948,8.44,3.434496,2.08
17.165860550994694,8.36,3.354624,2.08
17.220124043000396,8.52,3.434496,2.08
17.274640159994306,8.4,3.39456,2.08
17.328878210995754,8.4,3.39456,2.08
17.383009214994672,8.48,3.434496,2.08
17.43736052099848,8.32,3.354624,2.08
17.491468514999724,8.44,3.39456,2.08
17.54561030399782,8.4,3.434496,2.08
17.599772413996106,8.36,3.354624,2.08
17.653928314997756,8.48,3.434496,2.08
17.70806373499363,8.36,3.39456,2.08
17.762202162994072,8.4,3.39456,2.08
17.81630622100056,8.44,3.474432,2.08
17.87065698299557,8.32,3.39456,2.08
17.924762994000048,8.44,3.434496,2.08
17.979176736000227,8.44,3.434496,2.08
18.03348381199612,8.36,3.354624,2.08
18.087781575995905,8.48,3.434496,2.08
18.141909631995077,8.4,3.39456,2.08
18.196078266999393,8.4,3.39456,2.08
18.250421345997893,8.48,3.434496,2.08
18.30463523099752,8.36,3.354624,2.08
18.35879916200065,8.44,3.39456,2.08
18.41292907499883,8.44,3.434496,2.08
18.467081132999738,8.36,3.354624,2.08
18.521225254000456,8.48,3.434496,2.08
18.575367391000327,8.4,3.39456,2.08
18.629494935994444,8.4,3.39456,2.08
18.683652945997892,8.48,3.434496,2.08
18.73780929199711,8.32,3.39456,2.08
18.79196967099415,8.44,3.434496,2.08
18.84611004799808,8.44,3.434496,2.08
18.900245368997275,8.32,3.354624,2.08
18.95442350799567,8.48,3.434496,2.08
19.00857169200026,8.4,3.39456,2.08
19.062712289996853,8.4,3.39456,2.08
19.116868312994484,8.48,3.434496,2.08
19.171003854993614,8.36,3.354624,2.08
19.22521229699487,8.44,3.39456,2.08
19.279557900998043,8.44,3.434496,2.08
19.333807433999027,8.36,3.354624,2.08
19.387960480999027,8.48,3.434496,2.08
19.442083734000335,8.4,3.39456,2.08
19.496203177994175,8.4,3.354624,2.08
19.550341407993983,8.48,3.434496,2.08
19.60448984699906,8.32,3.354624,2.08
19.65861732399935,8.44,3.39456,2.08
19.713019698996504,8.44,3.434496,2.08
19.767349396999634,8.32,3.354624,2.08
19.821584528996027,8.48,3.434496,2.08
19.87578404299711,8.4,3.434496,2.08
19.92991728099878,8.4,3.39456,2.08
19.984244066996325,8.48,3.474432,2.08
20.03843477699411,8.36,3.39456,2.08
20.092619918999844,8.44,3.39456,2.08
20.146748383995146,8.44,3.434496,2.08
20.20093253399682,8.36,3.354624,2.08
20.255253652998363,8.48,3.434496,2.08
20.309750782995252,8.44,3.39456,2.08
20.363951412997267,8.4,3.354624,2.08
20.418106056997203,8.48,3.434496,2.08
20.472275230000378,8.36,3.39456,2.08
20.526574618997984,8.4,3.39456,2.08
20.58080878799956,8.44,3.434496,2.08
20.635032107995357,8.32,3.354624,2.08
20.689320616998884,8.44,3.434496,2.08
20.74344879399723,8.4,3.434496,2.08
20.797618158998375,8.36,3.39456,2.08
20.851784067999688,8.48,3.474432,2.08
20.905971928994404,8.36,3.39456,2.08
20.960100138996495,8.4,3.39456,2.08
21.01421669899719,8.44,3.434496,2.08
21.068360330995347,8.36,3.354624,2.08
21.122501275000104,8.48,3.434496,2.08
21.176628777000587,8.4,3.39456,2.08
21.23081292399729,8.4,3.354624,2.08
21.285151543997927,8.48,3.434496,2.08
21.339323017993593,8.36,3.354624,2.08
21.393472281997674,8.44,3.39456,2.08
21.447588519993587,8.44,3.434496,2.08
21.50177116199484,8.32,3.354624,2.08
21.555904808999912,8.44,3.434496,2.08
21.610055609999108,8.4,3.39456,2.08
21.664188552997075,8.36,3.354624,2.08
21.71838828399632,8.48,3.434496,2.08
21.772552397000254,8.36,3.39456,2.08
21.82677904299635,8.4,3.39456,2.08
21.880895889000385,8.44,3.434496,2.08
21.935036224000214,8.32,3.354624,2.08
21.98918683199736,8.48,3.434496,2.08
22.043302682999638,8.4,3.39456,2.08
22.09742221399938,8.4,3.354624,2.08
22.151617941999575,8.48,3.434496,2.08
22.205786373000592,8.36,3.354624,2.08
22.259925168997142,8.44,3.39456,2.08
22.314244648994645,8.48,3.434496,2.08
22.36842706400057,8.32,3.354624,2.08
22.42255481999746,8.48,3.434496,2.08
22.476647244999185,8.4,3.39456,2.08
22.53074466199905,8.36,3.354624,2.08
22.584852224994393,8.48,3.434496,2.08
22.639049744997465,8.36,3.39456,2.08
22.693197085995052,8.4,3.39456,2.08
22.74729040699458,8.44,3.434496,2.08
22.801407217993983,8.32,3.354624,2.08
22.85586504299863,8.44,3.434496,2.08
22.909975516995473,8.4,3.434496,2.08
22.964129130996298,8.36,3.39456,2.08
23.01850816499791,8.48,3.434496,2.08
23.072656206997635,8.36,3.39456,2.08
23.12677138199797,8.44,3.39456,2.08
23.180957090000447,8.48,3.434496,2.08
23.235105355997803,8.36,3.354624,2.08
23.28927557499992,8.48,3.434496,2.08
23.34357274699869,8.4,3.39456,2.08
23.39773125299689,8.4,3.354624,2.08
23.451879742999154,8.48,3.434496,2.08
23.506003654998494,8.36,3.39456,2.08
23.560123694995127,8.4,3.39456,2.08
23.61423128599563,8.44,3.434496,2.08
23.668337436996808,8.32,3.354624,2.08
23.72251498499827,8.44,3.434496,2.08
23.776636272996257,8.4,3.434496,2.08
23.830799930998182,8.36,3.39456,2.08
23.88490960299532,8.48,3.434496,2.08
23.939277370998752,8.36,3.39456,2.08
23.993553675994917,8.4,3.39456,2.08
24.047802777997276,8.48,3.434496,2.08
24.10196822499711,8.36,3.354624,2.08
24.156119399995077,8.48,3.434496,2.08
24.210251756994694,8.4,3.39456,2.08
24.264444534994254,8.4,3.354624,2.08
24.318584828994062,8.48,3.434496,2.08
24.372784134997346,8.36,3.39456,2.08
24.426945453997178,8.4,3.39456,2.08
24.481733053995413,8.48,3.434496,2.08
24.5376265829982,8.36,3.354624,2.08
24.591817279993847,8.44,3.39456,2.08
24.646939365993603,8.44,3.434496,2.08
24.701133647999086,8.32,3.354624,2.08
24.755295990995364,8.48,3.434496,2.08
24.809423771999718,8.4,3.434496,2.08
24.863569187000394,8.36,3.39456,2.08
24.91770259999612,8.48,3.474432,2.08
24.97242494799866,8.36,3.39456,2.08
25.026728002994787,8.44,3.39456,2.08
25.080947434995323,8.44,3.434496,2.08
25.135108590999153,8.36,3.354624,2.08
25.18930350899609,8.48,3.434496,2.08
25.243410837996635,8.4,3.39456,2.08
25.297535863996018,8.4,3.354624,2.08
25.35173491099704,8.48,3.434496,2.08
25.40608695899573,8.36,3.354624,2.08
25.46030629499728,8.4,3.39456,2.08
25.514519486998324,8.44,3.434496,2.08
25.568699235998793,8.32,3.354624,2.08
25.62289722699643,8.44,3.434496,2.08
25.67702910099615,8.4,3.434496,2.08
25.731194129999494,8.36,3.354624,2.08
25.7853307080004,8.52,3.434496,2.08
25.839719272000366,8.4,3.39456,2.08
25.89396664100059,8.44,3.39456,2.08
25.948165047993825,8.48,3.474432,2.08
26.00230978599575,8.36,3.354624,2.08
26.05662704599672,8.48,3.434496,2.08
26.110779814000125,8.44,3.434496,2.08
26.164934118998644,8.4,3.354624,2.08
26.219112617000064,8.52,3.434496,2.08
26.2732522649967,8.4,3.39456,2.08
26.32736439099972,8.44,3.39456,2.08
26.381501253999886,8.48,3.434496,2.08
26.435860979996505,8.36,3.354624,2.08
26.490021460995195,8.44,3.434496,2.08
26.54415848499775,8.4,3.434496,2.08
26.598274354997557,8.36,3.354624,2.04
26.65239470499364,8.44,3.434496,2.08
26.706529168994166,8.32,3.39456,2.04
26.760642541994457,8.36,3.39456,2.04
26.814747532000183,8.4,3.474432,2.04
26.869079191994388,8.28,3.39456,2.04
26.923208310996415,8.4,3.434496,2.04
26.97731128399755,8.36,3.434496,2.04
27.031439376994967,8.32,3.39456,2.04
27.085716981993755,8.44,3.434496,2.04
27.139871187995595,8.32,3.39456,2.04
27.194014992994198,8.36,3.39456,2.04
27.248147180995147,8.4,3.434496,2.04
27.302276679998613,8.28,3.354624,2.0
27.356431301996054,8.4,3.39456,2.04
27.410557601993787,8.36,3.434496,2.04
27.464904747997934,8.32,3.354624,2.0
27.519045543995162,8.44,3.434496,2.04
27.57319248499698,8.32,3.39456,2.0
27.627300000000105,8.36,3.39456,2.0
27.681395896994218,8.4,3.434496,2.04
27.73552725299669,8.28,3.354624,2.0
27.789713588994346,8.4,3.434496,2.04
27.843850736993772,8.32,3.434496,2.0
27.898191322994535,8.28,3.39456,2.0
27.952404251998814,8.4,3.474432,2.04
28.006709185996442,8.32,3.39456,2.0
28.06088530999841,8.36,3.39456,2.0
28.114993876995868,8.4,3.434496,2.04
28.169188977997692,8.28,3.354624,2.0
28.223313994996715,8.4,3.434496,2.0
28.277441154998087,8.36,3.434496,2.0
28.331562458995904,8.32,3.354624,2.0
28.385732598995673,8.44,3.434496,2.04
28.439944692996505,8.32,3.39456,2.0
28.494319933997758,8.36,3.39456,2.0
28.548507865998545,8.4,3.434496,2.04
28.602630801993655,8.28,3.354624,2.0
28.65675562699471,8.4,3.434496,2.04
28.71088102700014,8.36,3.434496,2.0
28.765004187996965,8.28,3.354624,2.0
28.81917547899502,8.4,3.474432,2.04
28.873293358999945,8.28,3.39456,2.0
28.927428775998123,8.32,3.39456,2.0
28.981535487000656,8.4,3.474432,2.04
29.035649075995025,8.28,3.354624,2.0
29.089871696000046,8.4,3.434496,2.04
29.144060904996877,8.36,3.434496,2.0
29.198192990996176,8.32,3.354624,2.0
29.252370263995545,8.44,3.434496,2.04
29.306512685994676,8.32,3.39456,2.0
29.360621473999345,8.36,3.39456,2.0
29.414723157999106,8.4,3.434496,2.04
29.468897422993905,8.28,3.354624,2.0
29.52328219699848,8.4,3.434496,2.04
29.577427434996935,8.36,3.434496,2.0
29.631556256994372,8.32,3.354624,2.0
29.685726200994395,8.4,3.434496,2.04
29.73987159999524,8.28,3.39456,2.0
29.794055304999347,8.36,3.39456,2.0
29.848195614998986,8.4,3.474432,2.04
29.902312403995893,8.24,3.354624,2.0
29.956474635997438,8.4,3.434496,2.0
30.01078897199477,8.2,3.314688,2.0
0.00032395699963672087,7.652224,3.0,1.923072
0.05448432900448097,7.852544,3.08,1.923072
0.1100908430016716,7.892608,3.16,1.963136
0.16427854599896818,7.892608,3.12,1.963136
0.2188741139980266,8.04,3.19488,1.96
0.2730684089983697,8.0128,3.19488,1.96
0.3278631580033107,8.04,3.19488,1.96
0.3820424439982162,8.16,3.274752,2.0
0.43645240100158844,8.04,3.234816,1.96
0.49083041900303215,8.16,3.274752,2.0
0.5450050330036902,8.2,3.314688,2.0
0.5993833710017498,8.12,3.274752,2.0
0.6541922340038582,8.28,3.354624,2.0
0.708413186002872,8.2,3.314688,2.0
0.7625299080027617,8.2,3.314688,2.0
0.8166737030041986,8.32,3.39456,2.0
0.8707770480032195,8.2,3.314688,2.0
0.9248937049997039,8.28,3.354624,2.0
0.9790145520018996,8.28,3.39456,2.0
1.0331394950044341,8.2,3.314688,2.0
1.0873767970042536,8.36,3.39456,2.0
1.141558896000788,8.28,3.39456,2.0
1.195692446999601,8.28,3.354624,2.0
1.2497879810034647,8.36,3.39456,2.04
1.303949694003677,8.24,3.354624,2.0
1.3580767809980898,8.32,3.354624,2.0
1.4121942359997774,8.36,3.39456,2.0
1.466505591000896,8.24,3.314688,2.0
1.520684073002485,8.4,3.39456,2.04
1.5748019120001118,8.32,3.39456,2.0
1.6289673700011917,8.28,3.354624,2.0
1.6830747109997901,8.4,3.434496,2.04
1.7372781560043222,8.28,3.354624,2.0
1.7914052109990735,8.32,3.39456,2.0
1.8455186010032776,8.36,3.434496,2.0
1.8996798660009517,8.28,3.354624,2.0
1.9538358170029824,8.4,3.434496,2.0
2.0079770459997235,8.32,3.434496,2.0
2.0621640059980564,8.32,3.39456,2.0
2.11637532000168,8.4,3.434496,2.04
2.170506820002629,8.28,3.354624,2.0
2.2246591220027767,8.36,3.39456,2.0
2.2788038389990106,8.4,3.434496,2.0
2.3329798220001976,8.28,3.354624,2.0
2.3872096330014756,8.4,3.434496,2.0
2.4413592140044784,8.32,3.39456,2.0
2.49570720900374,8.32,3.354624,2.0
2.549865111002873,8.4,3.434496,2.04
2.6040290290038683,8.28,3.354624,2.0
2.6582140370010165,8.36,3.39456,2.0
2.7123440650029806,8.36,3.434496,2.04
2.766472620998684,8.28,3.354624,2.0
2.82128358999762,8.36,3.434496,2.0
2.8760418180027045,8.32,3.434496,2.0
2.930907572997967,8.28,3.354624,2.0
2.986625252997328,8.4,3.434496,2.04
3.0407731029990828,8.32,3.39456,2.0
3.0949873580029816,8.32,3.39456,2.0
3.1491569060017355,8.4,3.434496,2.04
3.2035411550023127,8.28,3.354624,2.0
3.2580634300029487,8.36,3.39456,2.0
3.3123926679982105,8.4,3.434496,2.04
3.367768085001444,8.28,3.354624,2.0
3.422232595999958,8.4,3.39456,2.0
3.4773952960022143,8.36,3.434496,2.04
3.5319726779998746,8.28,3.354624,2.0
3.5862573370031896,8.4,3.434496,2.04
3.640770170997712,8.32,3.39456,2.0
3.69495466400258,8.32,3.39456,2.0
3.7490818400037824,8.4,3.434496,2.04
3.8032031929978984,8.28,3.354624,2.0
3.85735097900033,8.36,3.39456,2.0
3.911541583998769,8.36,3.434496,2.0
3.965689784003189,8.28,3.354624,2.0
4.020342752002762,8.4,3.434496,2.04
4.074722197998199,8.32,3.434496,2.0
4.128915872002835,8.32,3.39456,2.0
4.183462049004447,8.44,3.434496,2.04
4.237626376998378,8.32,3.354624,2.0
4.291769328003284,8.36,3.39456,2.0
4.345895605998521,8.4,3.434496,2.04
4.400045501002751,8.28,3.354624,2.0
4.454254023999965,8.4,3.39456,2.04
4.508827723002469,8.36,3.39456,2.0
4.563053783000214,8.32,3.354624,2.0
4.6176230650016805,8.44,3.434496,2.04
4.67209775000083,8.32,3.39456,2.0
4.726300032001745,8.36,3.39456,2.0
4.7804265020022285,8.4,3.434496,2.04
4.834674260004249,8.28,3.354624,2.0
4.888809242002026,8.4,3.434496,2.0
4.94293343800382,8.32,3.434496,2.0
4.9970505599994794,8.28,3.354624,2.0
5.051243047004391,8.4,3.434496,2.04
5.105449998998665,8.32,3.39456,2.0
5.159571408999909,8.36,3.39456,2.0
5.2136893319984665,8.4,3.434496,2.04
5.267817974003265,8.28,3.354624,2.0
5.322039742997731,8.4,3.39456,2.0
5.376142592001997,8.36,3.39456,2.0
5.430296133003139,8.32,3.354624,2.0
5.484567377003259,8.44,3.434496,2.04
5.538734390000172,8.32,3.39456,2.0
5.593079815000237,8.36,3.39456,2.0
5.64723886000138,8.4,3.434496,2.04
5.701365966000594,8.28,3.354624,2.0
5.7555465170007665,8.4,3.39456,2.0
5.809708410000894,8.36,3.434496,2.0
5.863819963000424,8.32,3.354624,2.0
5.917962207000528,8.4,3.434496,2.04
5.972066365000501,8.28,3.39456,2.0
6.026212702003249,8.36,3.39456,2.0
6.080384929002321,8.4,3.434496,2.04
6.134515072000795,8.28,3.354624,2.0
6.188661856998806,8.4,3.434496,2.0
6.242758462998609,8.36,3.39456,2.0
6.296866973003489,8.32,3.354624,2.0
6.350960251002107,8.44,3.434496,2.04
6.405071065004449,8.28,3.354624,2.0
6.459211834000598,8.36,3.39456,2.0
6.5133544909986085,8.4,3.434496,2.04
6.567497691001336,8.28,3.354624,2.0
6.621976337999513,8.4,3.39456,2.0
6.676177590001316,8.32,3.39456,2.0
6.730313398002181,8.32,3.354624,2.0
6.784463479001715,8.4,3.434496,2.04
6.838601048002602,8.28,3.39456,2.0
6.892721527001413,8.36,3.39456,2.0
6.9470263039984275,8.4,3.434496,2.04
7.001163581000583,8.28,3.354624,2.0
7.05536262300302,8.4,3.434496,2.0
7.109554335002031,8.36,3.434496,2.0
7.163704381004209,8.32,3.354624,2.0
7.2179519060009625,8.44,3.434496,2.04
7.272068092999689,8.32,3.39456,2.0
7.32618728899979,8.36,3.39456,2.0
7.380277044001559,8.4,3.434496,2.04
7.434377261997724,8.28,3.354624,2.0
7.488543085004494,8.4,3.39456,2.04
7.542691531001765,8.36,3.39456,2.0
7.597031862002041,8.28,3.354624,2.0
7.651265785003488,8.4,3.434496,2.04
7.705459898003028,8.28,3.39456,2.0
7.759651259002567,8.32,3.39456,2.0
7.813794744004554,8.4,3.434496,2.04
7.867981305003923,8.28,3.354624,2.0
7.922372998000355,8.36,3.434496,2.0
7.976549186001648,8.36,3.434496,2.0
8.030805859998509,8.28,3.39456,2.0
8.085045380998054,8.4,3.434496,2.04
8.139396525002667,8.32,3.39456,2.0
8.195173616004467,8.32,3.39456,2.0
8.249420305000967,8.4,3.434496,2.04
8.303861503001826,8.28,3.39456,2.0
8.359831150999526,8.36,3.39456,2.0
8.414065582997864,8.4,3.434496,2.04
8.468635748999077,8.28,3.354624,2.0
8.523293473001104,8.36,3.39456,2.0
8.578243982999993,8.36,3.434496,2.04
8.634049877000507,8.28,3.354624,2.0
8.68838012299966,8.4,3.434496,2.0
8.742563320003683,8.32,3.39456,2.0
8.797478341002716,8.28,3.354624,2.0
8.852229926000291,8.4,3.434496,2.04
8.907999208997353,8.32,3.434496,2.0
8.96222749500157,8.32,3.39456,2.0
9.01642905799963,8.4,3.434496,2.04
9.072325961999013,8.28,3.39456,2.0
9.126528772998427,8.36,3.39456,2.0
9.180699709999317,8.4,3.434496,2.04
9.234855638998852,8.28,3.354624,2.0
9.289055986002495,8.4,3.39456,2.0
9.343201513001986,8.36,3.434496,2.0
9.39738681900053,8.32,3.354624,2.0
9.451568509000936,8.44,3.434496,2.04
9.50617307399807,8.32,3.39456,2.0
9.56036049300019,8.32,3.354624,2.0
9.615145837000455,8.4,3.434496,2.04
9.669379819002643,8.28,3.354624,2.0
9.72359095000138,8.36,3.39456,2.0
9.777765343998908,8.36,3.434496,2.04
9.832916311999725,8.28,3.354624,2.0
9.88875375600037,8.4,3.434496,2.0
9.943328974004544,8.36,3.434496,2.0
9.998654861999967,8.28,3.354624,2.0
10.052869318999,8.4,3.434496,2.04
10.108189479004068,8.32,3.434496,2.0
10.162389887002064,8.32,3.39456,2.0
10.216608631999406,8.44,3.434496,2.04
10.270762829000887,8.28,3.39456,2.0
10.324917441997968,8.4,3.39456,2.0
10.379061879000801,8.4,3.434496,2.04
10.433841491998464,8.28,3.354624,2.0
10.48840707600175,8.4,3.39456,2.0
10.542555095998978,8.36,3.39456,2.0
10.596714637998957,8.32,3.354624,2.0
10.650874307000777,8.44,3.434496,2.04
10.705092508003872,8.28,3.39456,2.0
10.75927384300303,8.36,3.39456,2.0
10.813473002999672,8.4,3.434496,2.04
10.867675779001729,8.28,3.354624,2.0
10.921870586003934,8.4,3.434496,2.0
10.976054894003028,8.32,3.434496,2.0
11.031312999002694,8.28,3.354624,2.0
11.086168934001762,8.4,3.434496,2.04
11.142033126001479,8.36,3.434496,2.0
11.196226234002097,8.32,3.354624,2.0
11.252039222999883,8.44,3.434496,2.04
11.30622055400454,8.32,3.39456,2.0
11.361385053001868,8.36,3.39456,2.0
11.415585041999293,8.44,3.434496,2.04
11.469739812004264,8.28,3.354624,2.0
11.523912406999443,8.36,3.39456,2.0
11.578060681000352,8.36,3.434496,2.04
11.63221698700363,8.28,3.354624,2.0
11.686894190999737,8.4,3.434496,2.04
11.741171048000979,8.32,3.39456,2.0
11.795402846997604,8.32,3.39456,2.0
11.849545233002573,8.4,3.434496,2.04
11.904153280003811,8.28,3.39456,2.0
11.958328049004194,8.36,3.39456,2.0
12.012924476002809,8.36,3.474432,2.04
12.06711018900387,8.28,3.354624,2.0
12.122086545001366,8.4,3.434496,2.04
12.176264865003759,8.36,3.434496,2.0
12.230456818004313,8.32,3.354624,2.0
12.286202119001246,8.44,3.434496,2.04
12.340372791004484,8.32,3.39456,2.0
12.394598858998506,8.32,3.39456,2.0
12.448825981999107,8.4,3.434496,2.04
12.504213820000587,8.28,3.39456,2.0
12.558413933998963,8.36,3.39456,2.0
12.612542458999087,8.36,3.434496,2.04
12.666747693998332,8.28,3.354624,2.0
12.720944671003963,8.4,3.434496,2.04
12.775085100998695,8.32,3.39456,2.0
12.829265054002462,8.32,3.39456,2.0
12.883423309001955,8.4,3.474432,2.04
12.937591612004326,8.28,3.39456,2.0
12.991875696003262,8.36,3.39456,2.0
13.04604361300153,8.36,3.474432,2.04
13.100194536003983,8.28,3.354624,2.0
13.154356373001065,8.4,3.434496,2.04
13.208489055003156,8.36,3.39456,2.0
13.26266503700026,8.32,3.354624,2.0
13.31681627999933,8.4,3.434496,2.04
13.370985317000304,8.28,3.354624,2.0
13.425099022002541,8.36,3.39456,2.0
13.47920795900427,8.36,3.434496,2.04
13.533343873998092,8.28,3.314688,2.0
13.58749194900156,8.4,3.39456,2.04
13.64161109500128,8.32,3.39456,2.0
13.695770338999864,8.32,3.354624,2.0
13.75007778500003,8.4,3.434496,2.04
13.804306858000928,8.28,3.354624,2.0
13.858502872004465,8.36,3.39456,2.0
13.912846608000109,8.36,3.434496,2.04
13.966989079999621,8.28,3.354624,2.0
14.021457717004523,8.4,3.434496,2.0
14.075708804004535,8.36,3.434496,2.0
14.12999461399886,8.32,3.39456,2.0
14.184552824001003,8.44,3.434496,2.04
14.238992243001121,8.32,3.39456,2.0
14.293564247003815,8.36,3.39456,2.0
14.348074743000325,8.4,3.434496,2.04
14.402643897999951,8.28,3.354624,2.0
14.457545586999913,8.36,3.39456,2.0
14.512056881998433,8.36,3.434496,2.04
14.566921800003911,8.28,3.354624,2.0
14.621595475000504,8.4,3.39456,2.0
14.676123507000739,8.36,3.39456,2.0
14.730466760003765,8.28,3.354624,2.0
14.78613941000367,8.4,3.434496,2.04
14.840366656004335,8.32,3.39456,2.0
14.894692499001394,8.32,3.39456,2.0
14.948827576998156,8.4,3.434496,2.04
15.003054084001633,8.28,3.39456,2.0
15.05729905499902,8.36,3.39456,2.0
15.111954901003628,8.36,3.434496,2.04
15.166620124000474,8.28,3.354624,2.0
15.220968813999207,8.4,3.434496,2.04
15.27511758699984,8.36,3.434496,2.0
15.330147697000939,8.32,3.354624,2.0
15.384681711002486,8.44,3.434496,2.04
15.439548289999948,8.32,3.39456,2.0
15.494111106003402,8.32,3.354624,2.0
15.548639072003425,8.4,3.434496,2.04
15.603523539997695,8.28,3.354624,2.0
15.658082132002164,8.36,3.39456,2.0
15.713802493999538,8.4,3.434496,2.04
15.768225396997877,8.28,3.354624,2.0
15.822612937001395,8.36,3.434496,2.0
15.876757199002896,8.32,3.434496,2.0
15.93092821299797,8.28,3.354624,2.0
15.98516284499783,8.4,3.434496,2.04
16.039411076999386,8.28,3.39456,2.0
16.094038918003207,8.32,3.39456,2.0
16.14875812500395,8.4,3.434496,2.04
16.203770631000225,8.28,3.39456,2.0
16.258294336999825,8.36,3.39456,2.0
16.314214452999295,8.4,3.434496,2.04
16.368457629003387,8.28,3.354624,2.0
16.422699909002404,8.4,3.39456,2.0
16.477282883002772,8.36,3.434496,2.0
16.531993322001654,8.28,3.354624,2.0
16.586987841998052,8.4,3.434496,2.04
16.64163312400342,8.32,3.39456,2.0
16.69620086500072,8.28,3.354624,2.0
16.750733339998988,8.4,3.434496,2.04
16.806539016004535,8.32,3.39456,2.0
16.861230766000517,8.32,3.39456,2.0
16.9160391300029,8.4,3.434496,2.04
16.97021109900379,8.28,3.39456,2.0
17.02442191800219,8.36,3.434496,2.0
17.078672611998627,8.36,3.474432,2.04
17.134065235004527,8.28,3.354624,2.0
17.18868811200082,8.4,3.434496,2.0
17.243798125004105,8.36,3.434496,2.0
17.29913624800247,8.28,3.354624,2.0
17.35373298000195,8.4,3.434496,2.0
17.40939003600215,8.36,3.39456,2.0
17.463563605000672,8.32,3.354624,2.0
17.518882655000198,8.4,3.434496,2.04
17.57304815899988,8.32,3.39456,2.0
17.628049653001653,8.32,3.39456,2.0
17.682234327003243,8.4,3.434496,2.04
17.73643308100145,8.28,3.354624,2.0
17.790716513001826,8.36,3.434496,2.0
17.844904994999524,8.36,3.434496,2.04
17.899109030004183,8.28,3.354624,2.0
17.9535030909974,8.4,3.434496,2.04
18.007639502997336,8.32,3.434496,2.0
18.061782475000655,8.32,3.39456,2.0
18.11595517599926,8.4,3.474432,2.04
18.170071107000695,8.28,3.39456,2.0
18.22419807800179,8.36,3.39456,2.0
18.27831618399796,8.36,3.434496,2.04
18.332438099001592,8.28,3.354624,2.0
18.386614353003097,8.44,3.434496,2.04
18.440728651003155,8.32,3.39456,2.0
18.494881767997867,8.32,3.354624,2.0
18.54900572999759,8.4,3.434496,2.04
18.603110716001538,8.28,3.354624,2.0
18.657231862001936,8.36,3.39456,2.0
18.711342480004532,8.36,3.434496,2.04
18.765455945998838,8.28,3.354624,2.0
18.819603399002517,8.4,3.434496,2.04
18.874164893000852,8.32,3.39456,2.0
18.928355643998657,8.32,3.39456,2.0
18.98254987999826,8.4,3.474432,2.04
19.03678651899827,8.28,3.39456,2.0
19.091625180000847,8.36,3.434496,2.0
19.145797878998565,8.4,3.474432,2.04
19.200022805001936,8.28,3.354624,2.0
19.254790038001374,8.4,3.434496,2.0
19.308944750999217,8.36,3.39456,2.0
19.363093384999956,8.32,3.354624,2.0
19.41723139300302,8.4,3.434496,2.04
19.47134837700287,8.28,3.354624,2.0
19.525486384998658,8.36,3.39456,2.0
19.57958000700455,8.36,3.434496,2.04
19.6336821090008,8.24,3.354624,2.0
19.68793817400001,8.36,3.39456,2.04
19.74204763599846,8.32,3.39456,2.0
19.796166091997293,8.28,3.354624,2.0
19.850706782002817,8.4,3.434496,2.04
19.90550934500061,8.28,3.39456,2.0
19.959690426003363,8.32,3.39456,2.0
20.013820015003148,8.36,3.474432,2.04
20.068020840997633,8.28,3.354624,2.0
20.12237262000417,8.4,3.434496,2.04
20.17647455900442,8.36,3.434496,2.04
20.230609780999657,8.32,3.354624,2.0
20.284710600004473,8.44,3.434496,2.04
20.33901424799842,8.32,3.39456,2.0
20.393143676999898,8.36,3.39456,2.0
20.447277555002074,8.4,3.434496,2.04
20.50146061900159,8.28,3.354624,2.0
20.555594432000362,8.4,3.39456,2.04
20.609930594997422,8.36,3.434496,2.04
20.664043319004122,8.28,3.354624,2.0
20.7181459620042,8.4,3.434496,2.04
20.77224969300005,8.28,3.39456,2.0
20.826352208998287,8.36,3.39456,2.0
20.880476454003656,8.4,3.474432,2.04
20.934804677999637,8.28,3.39456,2.0
20.98897884300095,8.4,3.434496,2.04
21.04310906900355,8.36,3.434496,2.04
21.097295234998455,8.32,3.39456,2.0
21.1514009800012,8.44,3.434496,2.04
21.20551485299802,8.32,3.39456,2.0
21.259654359004344,8.36,3.39456,2.0
21.313775977003388,8.4,3.434496,2.04
21.367909722997865,8.28,3.354624,2.0
21.4220240440045,8.4,3.39456,2.0
21.476113051998254,8.36,3.39456,2.0
21.530241774002207,8.32,3.354624,2.0
21.58435593500326,8.4,3.434496,2.04
21.63892590100295,8.32,3.39456,2.0
21.6931459250045,8.32,3.39456,2.0
21.7473556440018,8.4,3.434496,2.04
21.8015153439992,8.28,3.354624,2.0
21.85568243599846,8.36,3.434496,2.0
21.909859706000134,8.36,3.434496,2.0
21.96412155299913,8.28,3.39456,2.0
22.018360743000812,8.4,3.474432,2.04
22.072765896002238,8.32,3.39456,2.0
22.127044480999757,8.36,3.39456,2.0
22.18120849799743,8.4,3.434496,2.04
22.235795997999958,8.28,3.354624,2.0
22.290403083003184,8.4,3.39456,2.0
22.344580606004456,8.4,3.434496,2.0
22.39872622200346,8.28,3.354624,2.0
22.452829722999013,8.44,3.434496,2.04
22.506917607002833,8.32,3.39456,2.0
22.561025205002807,8.32,3.39456,2.0
22.61511875400174,8.4,3.434496,2.04
22.66923035200307,8.28,3.354624,2.0
22.72334287800186,8.36,3.39456,2.0
22.777438026998425,8.36,3.434496,2.04
22.831526807000046,8.28,3.354624,2.0
22.885635908998665,8.4,3.434496,2.04
22.939766611001687,8.32,3.39456,2.0
22.994110412997543,8.32,3.39456,2.0
23.048272507003276,8.4,3.474432,2.04
23.102454858002602,8.28,3.39456,2.0
23.15659893499833,8.4,3.434496,2.0
23.210689696999907,8.36,3.434496,2.0
23.264800716002355,8.32,3.354624,2.0
23.31891688700125,8.44,3.434496,2.04
23.373151562002022,8.32,3.39456,2.0
23.42733480899915,8.36,3.39456,2.0
23.48143904400058,8.4,3.434496,2.04
23.535549710999476,8.28,3.354624,2.0
23.58968453900161,8.36,3.39456,2.0
23.643795397998474,8.36,3.434496,2.0
23.697945842999616,8.28,3.354624,2.0
23.75208172800194,8.4,3.434496,2.04
23.806181066000136,8.28,3.39456,2.0
23.86030136499903,8.32,3.39456,2.0
23.914444321999326,8.36,3.434496,2.04
23.968589100004465,8.28,3.39456,2.0
24.022922563002794,8.36,3.434496,2.0
24.077136049003457,8.36,3.434496,2.04
24.131328957999358,8.28,3.39456,2.0
24.185458790998382,8.44,3.434496,2.04
24.239551054000913,8.32,3.39456,2.0
24.293683734998922,8.36,3.39456,2.0
24.347774141999253,8.4,3.434496,2.04
24.40191168700403,8.28,3.354624,2.0
24.456029360000684,8.4,3.39456,2.0
24.510146200002055,8.36,3.434496,2.0
24.56425734399818,8.32,3.354624,2.0
24.61840013800247,8.4,3.434496,2.04
24.672819236999203,8.32,3.39456,2.0
24.72715212299954,8.32,3.39456,2.0
24.781515091002802,8.4,3.434496,2.04
24.836083223999594,8.28,3.354624,2.0
24.89064786900417,8.36,3.39456,2.0
24.946087126998464,8.36,3.434496,2.04
25.00120383600006,8.24,3.39456,2.0
25.055567440998857,8.4,3.434496,2.0
25.109777211997425,8.36,3.434496,2.0
25.16473304700048,8.28,3.354624,2.0
25.219776470999932,8.4,3.434496,2.04
25.27513364200422,8.36,3.434496,2.0
25.329537090001395,8.32,3.354624,2.0
25.384135877997323,8.4,3.434496,2.04
25.438694215001306,8.32,3.39456,2.0
25.492917363000743,8.36,3.39456,2.0
25.547029271998326,8.4,3.434496,2.04
25.60113084399927,8.28,3.354624,2.0
25.655324742998346,8.4,3.39456,2.0
25.7094396600005,8.32,3.39456,2.0
25.763539696003136,8.28,3.354624,2.0
25.817618706998473,8.4,3.434496,2.04
25.871741688999464,8.28,3.39456,2.0
25.925908384997456,8.32,3.39456,2.0
25.980043971998384,8.36,3.474432,2.04
26.03437083600147,8.24,3.354624,2.0
26.08891483300249,8.4,3.434496,2.04
26.14323097599845,8.36,3.434496,2.0
26.197465802004444,8.32,3.354624,2.0
26.251620782997634,8.44,3.434496,2.04
26.306397499000013,8.32,3.39456,2.0
26.36058492900338,8.36,3.39456,2.0
26.41569725100271,8.4,3.434496,2.04
26.47006683699874,8.28,3.354624,2.0
26.524912006003433,8.36,3.39456,2.0
26.579143982999085,8.36,3.434496,2.04
26.633295635998365,8.28,3.354624,2.0
26.68741774999944,8.4,3.434496,2.04
26.741509942999983,8.32,3.39456,2.0
26.795626168997842,8.32,3.354624,2.0
26.84972876300162,8.4,3.434496,2.04
26.90383497199946,8.24,3.39456,2.0
26.958005376000074,8.36,3.39456,2.0
27.012158081997768,8.36,3.434496,2.04
27.066470252997533,8.28,3.354624,2.0
27.120696723999572,8.4,3.434496,2.04
27.17482593999739,8.32,3.434496,2.0
27.228939155000262,8.32,3.39456,2.0
27.283054642000934,8.4,3.434496,2.04
27.33718360200146,8.28,3.354624,2.0
27.391358965003747,8.36,3.39456,2.0
27.44550168600108,8.36,3.434496,2.0
27.499682202003896,8.28,3.354624,2.0
27.5538115140007,8.4,3.434496,2.04
27.607937690001563,8.32,3.39456,2.0
27.662089115001436,8.32,3.354624,2.0
27.716181048999715,8.4,3.434496,2.04
27.770288792002248,8.28,3.354624,2.0
27.824444441997912,8.36,3.39456,2.0
27.87861241200153,8.36,3.434496,2.04
27.93279027099925,8.28,3.354624,2.0
27.98698288000014,8.4,3.434496,2.04
28.04113363000215,8.32,3.434496,2.0
28.09547952900175,8.32,3.39456,2.0
28.14964612100448,8.4,3.474432,2.04
28.203794471002766,8.28,3.39456,2.0
28.257960583003296,8.36,3.39456,2.0
28.312102469004458,8.4,3.434496,2.04
28.366243426004075,8.28,3.354624,2.0
28.420767449002597,8.4,3.434496,2.04
28.475359283002035,8.36,3.39456,2.0
28.529939917003503,8.32,3.354624,2.0
28.584338874999958,8.4,3.434496,2.04
28.63870320699789,8.32,3.39456,2.0
28.69289399200352,8.32,3.39456,2.0
28.747085993003566,8.4,3.434496,2.04
28.801279817998875,8.28,3.354624,2.0
28.855457227000443,8.36,3.434496,2.0
28.90969015799783,8.32,3.434496,2.0
28.963872236003226,8.28,3.354624,2.0
29.018172689000494,8.4,3.474432,2.04
29.07243816400296,8.28,3.39456,2.0
29.126783068000805,8.32,3.39456,2.0
29.180929046997335,8.4,3.474432,2.04
29.235137622003094,8.28,3.354624,2.0
29.28946431700024,8.4,3.434496,2.0
29.34357243800332,8.36,3.434496,2.0
29.39770836900425,8.32,3.354624,2.0
29.451978868004517,8.44,3.434496,2.04
29.506095308999647,8.32,3.39456,2.0
29.560218471000553,8.36,3.39456,2.0
29.61433708899858,8.4,3.434496,2.04
29.668661670999427,8.28,3.354624,2.0
29.7229745730001,8.36,3.39456,2.0
29.777099942999484,8.36,3.434496,2.0
29.831296932999976,8.28,3.354624,2.0
29.88550259600015,8.4,3.434496,2.04
29.93968361699808,8.28,3.39456,2.0
29.993829113001993,8.32,3.39456,2.0
0.0005758129991590977,7.772416,3.08,1.923072
0.054889448001631536,7.972736,3.2,1.963136
0.10912512600043556,7.972736,3.2,1.963136
0.16329689599660924,7.972736,3.2,1.963136
0.21756527999968966,8.12,3.274752,2.0
0.27195690300140996,8.04,3.234816,1.96
0.32619069299835246,8.12,3.274752,2.0
0.3803744640026707,8.16,3.314688,2.0
0.43455116199766053,8.08,3.274752,2.0
0.48873845300113317,8.24,3.354624,2.0
0.5431363809984759,8.2,3.354624,2.0
0.5973005030027707,8.16,3.314688,2.0
0.6515003059976152,8.28,3.39456,2.0
0.7057185750018107,8.2,3.354624,2.0
0.7598998500034213,8.24,3.354624,2.0
0.8140223049995257,8.32,3.434496,2.0
0.8681645370015758,8.2,3.314688,2.0
0.9223261270017247,8.32,3.39456,2.0
0.9765269519994035,8.28,3.39456,2.0
1.0307407700020121,8.24,3.354624,2.0
1.0848954800021602,8.4,3.434496,2.04
1.1392732759995852,8.28,3.354624,2.0
1.1934468030012795,8.32,3.354624,2.0
1.2476287780009443,8.36,3.434496,2.04
1.3017694390000543,8.24,3.354624,2.0
1.3560170510027092,8.36,3.39456,2.0
1.4101355989987496,8.32,3.39456,2.0
1.464557908999268,8.28,3.354624,2.0
1.5188988070003688,8.4,3.434496,2.04
1.5731810130018857,8.28,3.39456,2.0
1.6274372010011575,8.32,3.39456,2.0
1.6816362980025588,8.36,3.434496,2.04
1.7358610919982311,8.24,3.354624,2.0
1.7900870710000163,8.36,3.39456,2.0
1.844302425000933,8.36,3.434496,2.0
1.8986678979999851,8.28,3.354624,2.0
1.9529129470029147,8.4,3.434496,2.04
2.0070864070003154,8.32,3.39456,2.0
2.0613773459990625,8.32,3.39456,2.0
2.1155971140033216,8.4,3.434496,2.04
2.1698619070011773,8.28,3.354624,2.0
2.224066121998476,8.36,3.39456,2.0
2.2782576309982687,8.36,3.434496,2.04
2.3324283070032834,8.28,3.354624,2.0
2.3865961030023755,8.4,3.434496,2.04
2.440798844996607,8.32,3.39456,2.0
2.494992177998938,8.32,3.39456,2.0
2.5492278820020147,8.4,3.434496,2.04
2.603579433001869,8.28,3.39456,2.0
2.657739964997745,8.36,3.434496,2.0
2.7119034720017225,8.36,3.434496,2.04
2.7660504989980836,8.28,3.354624,2.0
2.820626672000799,8.4,3.434496,2.04
2.8748177329980535,8.32,3.39456,2.0
2.929034328997659,8.32,3.39456,2.0
2.983429624000564,8.4,3.434496,2.04
3.037921246002952,8.28,3.39456,2.0
3.092115471998113,8.36,3.39456,2.0
3.147821409998869,8.4,3.434496,2.04
3.2020325010016677,8.28,3.354624,2.0
3.256403027000488,8.4,3.39456,2.04
3.3105942129986943,8.36,3.434496,2.04
3.3648567959971842,8.28,3.354624,2.0
3.4191716380009893,8.4,3.434496,2.04
3.473567604996788,8.32,3.39456,2.0
3.527782313001808,8.32,3.39456,2.0
3.5819369529999676,8.4,3.474432,2.04
3.6361149229996954,8.28,3.39456,2.0
3.6903536960016936,8.36,3.434496,2.0
3.7445657159987604,8.36,3.434496,2.0
3.798791624001751,8.28,3.354624,2.0
3.853087648996734,8.44,3.434496,2.04
3.9072529440018116,8.32,3.39456,2.0
3.9616671490002773,8.32,3.39456,2.0
4.015879229998973,8.4,3.434496,2.04
4.0701380649989005,8.28,3.354624,2.0
4.1244071740002255,8.36,3.39456,2.0
4.178629494999768,8.36,3.434496,2.04
4.23282221500267,8.28,3.354624,2.0
4.2871106840029825,8.4,3.434496,2.04
4.341692996000347,8.32,3.39456,2.0
4.395955544001481,8.32,3.39456,2.0
4.450515263000852,8.4,3.434496,2.04
4.505240528000286,8.28,3.39456,2.0
4.55964804499672,8.32,3.39456,2.0
4.613817530997039,8.4,3.474432,2.04
4.668417348002549,8.24,3.39456,2.0
4.722720058001869,8.36,3.434496,2.0
4.776876326999627,8.36,3.434496,2.0
4.831038101001468,8.28,3.354624,2.0
4.885905101997196,8.44,3.434496,2.04
4.941931373003172,8.36,3.434496,2.0
4.996112152999558,8.32,3.39456,2.0
5.050314950996835,8.44,3.434496,2.04
5.104728384998452,8.32,3.39456,2.0
5.159093752001354,8.36,3.39456,2.0
5.21486800799903,8.4,3.434496,2.04
5.269093911003438,8.28,3.354624,2.0
5.323825412997394,8.36,3.39456,2.0
5.378245952000725,8.36,3.434496,2.04
5.432832453996525,8.28,3.354624,2.0
5.487416939002287,8.4,3.434496,2.04
5.54195566099952,8.32,3.434496,2.0
5.596328068997536,8.32,3.39456,2.0
5.65117096999893,8.4,3.474432,2.04
5.705684731001384,8.28,3.39456,2.0
5.759939755000232,8.36,3.39456,2.0
5.814147577002586,8.4,3.434496,2.04
5.868541042000288,8.28,3.354624,2.0
5.923902693000855,8.4,3.39456,2.0
5.978736694996769,8.4,3.434496,2.04
6.033213490001799,8.28,3.354624,2.0
6.087665548002406,8.44,3.434496,2.04
6.142021120002028,8.36,3.39456,2.0
6.196209066001757,8.32,3.354624,2.0
6.250495512998896,8.44,3.434496,2.04
6.3046856349974405,8.28,3.39456,2.0
6.359068343997933,8.36,3.39456,2.0
6.413337414996931,8.4,3.434496,2.04
6.46749111799727,8.28,3.354624,2.0
6.521615058998577,8.4,3.434496,2.04
6.575721014996816,8.32,3.434496,2.0
6.62988214300276,8.32,3.39456,2.0
6.683982467002352,8.4,3.434496,2.04
6.7381542829971295,8.28,3.39456,2.0
6.7922719519992825,8.36,3.39456,2.0
6.846393109000928,8.4,3.434496,2.04
6.900517497000692,8.28,3.354624,2.0
6.954979567999544,8.4,3.434496,2.0
7.009100627001317,8.36,3.39456,2.0
7.0633315480008605,8.32,3.354624,2.0
7.117527522997989,8.4,3.434496,2.04
7.171747754997341,8.28,3.354624,2.0
7.225937010000052,8.36,3.39456,2.0
7.280269249000412,8.4,3.434496,2.04
7.334412197000347,8.28,3.354624,2.0
7.388604202998977,8.4,3.434496,2.0
7.442764047998935,8.32,3.434496,2.0
7.496888529996795,8.28,3.39456,2.0
7.551023382002313,8.4,3.474432,2.04
7.60513733499829,8.28,3.39456,2.0
7.659259353997186,8.36,3.39456,2.0
7.713582313001098,8.4,3.474432,2.04
7.767691114000627,8.28,3.354624,2.0
7.82184548600344,8.4,3.434496,2.04
7.875931854003284,8.36,3.39456,2.0
7.930039468003088,8.32,3.354624,2.0
7.984209711001313,8.44,3.434496,2.04
8.038408626998716,8.28,3.39456,2.0
8.092572948997258,8.36,3.39456,2.0
8.14668616400013,8.4,3.434496,2.04
8.200790449998749,8.28,3.354624,2.0
8.254948052002874,8.4,3.434496,2.04
8.309305121998477,8.32,3.434496,2.0
8.363528519999818,8.28,3.354624,2.0
8.417658343001676,8.4,3.434496,2.04
8.472453520997078,8.28,3.39456,2.0
8.526578609002172,8.32,3.39456,2.0
8.580755698996654,8.36,3.474432,2.04
8.634906100996886,8.24,3.39456,2.0
8.689044532999105,8.36,3.434496,2.04
8.743470567002078,8.36,3.434496,2.04
8.797571622002579,8.32,3.354624,2.0
8.851682788001199,8.44,3.434496,2.04
8.906125526002143,8.32,3.39456,2.0
8.960251474003599,8.36,3.39456,2.0
9.01437281499966,8.4,3.434496,2.04
9.068799453998508,8.28,3.354624,2.0
9.1229179150032,8.4,3.39456,2.04
9.177015829998709,8.36,3.434496,2.04
9.231197109998902,8.28,3.354624,2.0
9.285364533003303,8.4,3.434496,2.04
9.339683805999812,8.32,3.39456,2.0
9.393907521000074,8.32,3.39456,2.0
9.448033501997998,8.4,3.434496,2.04
9.502337156998692,8.28,3.39456,2.0
9.556466594003723,8.36,3.434496,2.0
9.610562428999401,8.36,3.434496,2.04
9.664716860002954,8.28,3.39456,2.0
9.719100745001924,8.4,3.434496,2.04
9.773564985996927,8.32,3.39456,2.0
9.827681174996542,8.36,3.39456,2.0
9.881798674003221,8.4,3.434496,2.04
9.935921964002773,8.28,3.354624,2.0
9.990356248999888,8.4,3.39456,2.0
10.04457848900347,8.36,3.434496,2.0
10.098679984999762,8.28,3.354624,2.0
10.152870479003468,8.4,3.434496,2.04
10.206966311001452,8.32,3.39456,2.0
10.261142723997182,8.32,3.39456,2.0
10.315466826003103,8.4,3.434496,2.04
10.36966503199801,8.28,3.354624,2.0
10.4239105059969,8.36,3.39456,2.0
10.478296148001391,8.36,3.434496,2.0
10.532661276003637,8.28,3.354624,2.0
10.58691779000219,8.4,3.434496,2.04
10.641040280002926,8.32,3.434496,2.0
10.695168721998925,8.32,3.39456,2.0
10.74927981899964,8.4,3.434496,2.04
10.80359992099693,8.28,3.354624,2.0
10.857751436000399,8.36,3.39456,2.0
10.912065199998324,8.4,3.434496,2.04
10.966219335998176,8.28,3.354624,2.0
11.020350336002593,8.4,3.434496,2.04
11.074714021000545,8.32,3.39456,2.0
11.12884018800105,8.32,3.354624,2.0
11.182933680996939,8.4,3.434496,2.04
11.237036327001988,8.28,3.354624,2.0
11.29118860699964,8.36,3.39456,2.0
11.34552589100349,8.36,3.434496,2.04
11.399866280000424,8.28,3.354624,2.0
11.45423982200009,8.4,3.434496,2.04
11.508368485003302,8.32,3.434496,2.0
11.562518910002836,8.32,3.39456,2.0
11.61662325100042,8.4,3.474432,2.04
11.670834864002245,8.28,3.39456,2.0
11.725094191002427,8.36,3.39456,2.0
11.779224614001578,8.36,3.434496,2.04
11.833374782996543,8.28,3.354624,2.0
11.887570872997458,8.4,3.434496,2.04
11.941675276000751,8.32,3.39456,2.0
11.995842625998193,8.32,3.354624,2.0
12.050029209996865,8.4,3.434496,2.04
12.104206385003636,8.28,3.354624,2.0
12.158365638999385,8.36,3.39456,2.0
12.212522652996995,8.36,3.434496,2.04
12.266653553997457,8.24,3.354624,2.0
12.320933071001491,8.4,3.434496,2.04
12.375256464001723,8.32,3.39456,2.0
12.42943917500088,8.32,3.39456,2.0
12.483582203996775,8.4,3.434496,2.04
12.537733265999123,8.28,3.39456,2.0
12.591883943998255,8.32,3.39456,2.0
12.646042173997557,8.36,3.434496,2.04
12.70018200299819,8.28,3.354624,2.0
12.7543800429994,8.4,3.434496,2.04
12.808510559996648,8.32,3.39456,2.0
12.86290768499748,8.32,3.354624,2.0
12.917088504997082,8.4,3.434496,2.04
12.971233035998011,8.28,3.354624,2.0
13.02537170999858,8.36,3.39456,2.0
13.079525296998327,8.36,3.434496,2.04
13.13365437000175,8.24,3.354624,2.0
13.187780275002297,8.4,3.39456,2.04
13.241898692001996,8.32,3.39456,2.0
13.296032630001719,8.28,3.354624,2.0
13.350194888997066,8.4,3.434496,2.04
13.404538920003688,8.28,3.354624,2.0
13.45871193199855,8.32,3.39456,2.0
13.51284628600115,8.36,3.434496,2.04
13.566984671997488,8.24,3.354624,2.0
13.621119793002435,8.4,3.434496,2.04
13.675246402002813,8.32,3.39456,2.0
13.729366387000482,8.32,3.354624,2.0
13.783510918001411,8.4,3.434496,2.04
13.837668216998281,8.28,3.354624,2.0
13.891830442997161,8.36,3.39456,2.0
13.945959160999337,8.36,3.434496,2.04
14.000109576998511,8.28,3.354624,2.0
14.054247608000878,8.4,3.39456,2.04
14.10837613500189,8.32,3.39456,2.0
14.162535319002927,8.28,3.354624,2.0
14.216645731998142,8.4,3.434496,2.04
14.270801045000553,8.28,3.354624,2.0
14.324926435001544,8.32,3.39456,2.0
14.37905537700135,8.36,3.434496,2.04
14.433385867996549,8.24,3.354624,2.0
14.487706246996822,8.4,3.434496,2.04
14.541999647997727,8.32,3.39456,2.0
14.596242325002095,8.28,3.39456,2.0
14.6504192709981,8.4,3.434496,2.04
14.706624437996652,8.32,3.39456,2.0
14.761904717001016,8.32,3.39456,2.0
14.816107423997892,8.4,3.434496,2.04
14.870500639000966,8.28,3.39456,2.0
14.926285360998008,8.36,3.39456,2.0
14.980863864999264,8.4,3.434496,2.04
15.035139118001098,8.28,3.354624,2.0
15.089866303002054,8.36,3.39456,2.0
15.144821150002826,8.36,3.434496,2.04
15.199390308996954,8.28,3.354624,2.0
15.254381573999126,8.4,3.39456,2.04
15.31033882000338,8.36,3.434496,2.04
15.364593751000939,8.32,3.354624,2.0
15.420521362997533,8.44,3.434496,2.04
15.475918636999268,8.36,3.434496,2.04
15.530085147001955,8.32,3.39456,2.0
15.58432714999799,8.44,3.474432,2.04
15.639270059997216,8.32,3.39456,2.0
15.693894679003279,8.36,3.39456,2.0
15.748651016998338,8.4,3.474432,2.04
15.80320484800177,8.28,3.39456,2.0
15.858336313998734,8.4,3.39456,2.0
15.913640043996566,8.4,3.434496,2.04
15.967847993997566,8.28,3.354624,2.0
16.022046375001082,8.4,3.434496,2.04
16.07624811599817,8.36,3.434496,2.0
16.13057066500187,8.32,3.354624,2.0
16.185225490000448,8.44,3.434496,2.04
16.240096777000872,8.32,3.39456,2.0
16.294412670002203,8.32,3.39456,2.0
16.349454782997782,8.4,3.434496,2.04
16.404067654002574,8.28,3.39456,2.0
16.45916244300315,8.36,3.39456,2.0
16.513943035999546,8.4,3.474432,2.04
16.56818516399653,8.28,3.39456,2.0
16.622526337996533,8.4,3.434496,2.0
16.67738319199998,8.36,3.434496,2.04
16.73190549699939,8.28,3.354624,2.0
16.78803839899774,8.4,3.434496,2.04
16.842815408002934,8.36,3.434496,2.0
16.896987610001815,8.32,3.354624,2.0
16.952549369001645,8.44,3.434496,2.04
17.006740194003214,8.32,3.39456,2.0
17.060975663000136,8.36,3.39456,2.0
17.116782461002003,8.44,3.434496,2.04
17.17094957399968,8.32,3.39456,2.0
17.226570760001778,8.36,3.39456,2.0
17.281335286003014,8.4,3.434496,2.04
17.336152518000745,8.28,3.39456,2.0
17.390917971999443,8.36,3.434496,2.04
17.445270055999572,8.4,3.434496,2.04
17.499821160003194,8.28,3.354624,2.0
17.55531619500107,8.4,3.434496,2.04
17.610550860998046,8.36,3.434496,2.04
17.665278968001076,8.32,3.39456,2.0
17.71981426399725,8.44,3.434496,2.04
17.77451587300311,8.36,3.434496,2.0
17.82935662700038,8.36,3.39456,2.0
17.88387339199835,8.44,3.434496,2.04
17.938672220996523,8.32,3.39456,2.0
17.99374399500084,8.36,3.39456,2.0
18.047924033002346,8.4,3.434496,2.04
18.102142666000873,8.28,3.354624,2.0
18.156479769000725,8.4,3.39456,2.0
18.210998485003074,8.36,3.434496,2.04
18.266341027003364,8.28,3.354624,2.0
18.320569771996816,8.4,3.434496,2.04
18.37509754399798,8.32,3.39456,2.0
18.429525790001207,8.32,3.354624,2.0
18.485142429002735,8.44,3.474432,2.04
18.539333444001386,8.32,3.39456,2.0
18.593917092002812,8.36,3.39456,2.0
18.648657325000386,8.4,3.474432,2.04
18.703182056000514,8.28,3.39456,2.0
18.757809481998265,8.4,3.434496,2.0
18.812648537001223,8.4,3.434496,2.04
18.867462759000773,8.28,3.354624,2.0
18.921981726998638,8.4,3.39456,2.0
18.978012150000723,8.4,3.434496,2.0
19.032218202999502,8.32,3.354624,2.0
19.08647453100275,8.44,3.434496,2.04
19.141327119999914,8.36,3.39456,2.0
19.1956624930026,8.32,3.39456,2.0
19.250510313999257,8.4,3.434496,2.04
19.305352246003167,8.28,3.39456,2.0
19.359674209998047,8.36,3.39456,2.0
19.414000942997518,8.4,3.434496,2.04
19.470258098997874,8.28,3.39456,2.0
19.524471224998706,8.36,3.434496,2.0
19.57907090200024,8.36,3.474432,2.04
19.633496617003402,8.28,3.354624,2.0
19.68804128299962,8.4,3.434496,2.04
19.742545018001692,8.36,3.434496,2.0
19.79738941499818,8.32,3.39456,2.0
19.851910782999767,8.44,3.434496,2.04
19.907685124002455,8.36,3.39456,2.0
19.961967946001096,8.36,3.39456,2.0
20.016223792001256,8.44,3.434496,2.04
20.070520374996704,8.28,3.39456,2.0
20.12535875300091,8.36,3.39456,2.0
20.179863988996658,8.4,3.434496,2.04
20.234518482997373,8.28,3.354624,2.0
20.28898477400071,8.4,3.434496,2.04
20.343160358002933,8.36,3.434496,2.0
20.39734362300078,8.32,3.354624,2.0
20.451556776999496,8.44,3.474432,2.04
20.505770315998234,8.32,3.39456,2.0
20.560033905996534,8.36,3.39456,2.0
20.614222707001318,8.4,3.474432,2.04
20.66839611499745,8.28,3.39456,2.0
20.72260430899769,8.4,3.434496,2.04
20.77671371299948,8.36,3.434496,2.0
20.83092936399771,8.32,3.354624,2.0
20.885138293000637,8.44,3.434496,2.04
20.93936338200001,8.32,3.39456,2.0
20.993616535997717,8.36,3.39456,2.0
21.047959488001652,8.44,3.434496,2.04
21.10238282899809,8.28,3.354624,2.0
21.157041703998402,8.4,3.39456,2.0
21.211246439001116,8.36,3.434496,2.04
21.265479239998967,8.32,3.354624,2.0
21.319988570001442,8.44,3.434496,2.04
21.374340226997447,8.32,3.434496,2.0
21.42934395500197,8.32,3.39456,2.0
21.48368901899812,8.4,3.474432,2.04
21.538338518003002,8.32,3.39456,2.0
21.593744448000507,8.36,3.39456,2.0
21.64792102100182,8.4,3.474432,2.04
21.702139613000327,8.28,3.39456,2.0
21.756306522001978,8.4,3.434496,2.04
21.8106695710012,8.36,3.434496,2.04
21.865442118003557,8.32,3.354624,2.0
21.92013443200267,8.44,3.434496,2.04
21.97531391299708,8.36,3.39456,2.0
22.029586873999506,8.32,3.354624,2.0
22.08385845799785,8.44,3.434496,2.04
22.13843473399902,8.28,3.39456,2.0
22.192997983998794,8.36,3.39456,2.0
22.247966283997812,8.4,3.434496,2.04
22.304063133000454,8.28,3.354624,2.0
22.35844013199676,8.36,3.39456,2.0
22.412644449002983,8.36,3.434496,2.04
22.466789881000295,8.28,3.354624,2.0
22.521202946998528,8.4,3.434496,2.04
22.576088296998932,8.36,3.434496,2.0
22.631331238000712,8.28,3.39456,2.0
22.685672715000692,8.4,3.434496,2.04
22.74046337100299,8.32,3.39456,2.0
22.794791248001275,8.32,3.39456,2.0
22.849307327000133,8.4,3.434496,2.04
22.904043355003523,8.32,3.39456,2.0
22.959419325001363,8.36,3.39456,2.0
23.013579411002866,8.4,3.434496,2.04
23.068455285996606,8.28,3.354624,2.0
23.12327333400026,8.36,3.39456,2.0
23.17807672500203,8.36,3.434496,2.0
23.232439735998923,8.28,3.354624,2.0
23.286981830002333,8.4,3.434496,2.04
23.34115225399728,8.32,3.39456,2.0
23.395291795000958,8.32,3.39456,2.0
23.44945898700098,8.4,3.434496,2.04
23.503593727997213,8.28,3.39456,2.0
23.55775797500246,8.36,3.434496,2.0
23.61190657300176,8.36,3.434496,2.04
23.666132231999654,8.28,3.354624,2.0
23.720366339002794,8.4,3.434496,2.04
23.774527130000934,8.32,3.39456,2.0
23.828776214002573,8.32,3.39456,2.0
23.883026385999983,8.44,3.434496,2.04
23.937534331998904,8.28,3.354624,2.0
23.991882811002142,8.36,3.39456,2.0
24.046654805002618,8.4,3.434496,2.04
24.101178206998156,8.28,3.354624,2.0
24.1560717129978,8.4,3.39456,2.0
24.210581961997377,8.36,3.434496,2.0
24.265437545000168,8.28,3.354624,2.0
24.319971668002836,8.4,3.434496,2.04
24.374473053998372,8.32,3.39456,2.0
24.429359645997465,8.32,3.39456,2.0
24.483871431999432,8.4,3.434496,2.04
24.538311468997563,8.28,3.39456,2.0
24.592512356000952,8.36,3.39456,2.0
24.64686662799795,8.4,3.474432,2.04
24.701092444003734,8.28,3.354624,2.0
24.75524862400198,8.4,3.434496,2.0
24.809370593000494,8.36,3.434496,2.0
24.863512787997024,8.32,3.354624,2.0
24.917637316000764,8.44,3.434496,2.04
24.97179842100013,8.32,3.39456,2.0
25.026082381999004,8.36,3.39456,2.0
25.08022057299968,8.4,3.434496,2.04
25.13453676000063,8.28,3.354624,2.0
25.18927553299727,8.4,3.434496,2.0
25.243786995997652,8.36,3.434496,2.0
25.298306074997527,8.28,3.354624,2.0
25.352640502998838,8.4,3.434496,2.04
25.40717385499738,8.32,3.39456,2.0
25.46201900300366,8.32,3.39456,2.0
25.516367960000935,8.4,3.474432,2.04
25.571124526002677,8.28,3.39456,2.0
25.625335042001097,8.36,3.39456,2.0
25.68167189799715,8.4,3.474432,2.04
25.73587950199726,8.28,3.39456,2.0
25.79001574099675,8.4,3.434496,2.0
25.844148237003537,8.36,3.434496,2.04
25.898402338003507,8.32,3.354624,2.0
25.952553679999255,8.44,3.434496,2.04
26.006767170001694,8.32,3.39456,2.0
26.060968434998358,8.36,3.39456,2.0
26.115093886997784,8.4,3.434496,2.04
26.169428248002077,8.28,3.354624,2.0
26.22353289899911,8.4,3.434496,2.0
26.277643374000036,8.36,3.434496,2.0
26.331753081998613,8.28,3.354624,2.0
26.385923209003522,8.44,3.434496,2.04
26.440126298002724,8.32,3.39456,2.0
26.494281127997965,8.32,3.39456,2.0
26.54842322100012,8.4,3.474432,2.04
26.60257827500027,8.28,3.39456,2.0
26.656801268996787,8.4,3.434496,2.0
26.711015398999734,8.36,3.434496,2.0
26.7651963419994,8.32,3.354624,2.0
26.819582194999384,8.44,3.434496,2.04
26.873962575002224,8.36,3.39456,2.0
26.9281134979974,8.36,3.39456,2.0
26.982253795998986,8.44,3.434496,2.04
27.036490355996648,8.28,3.354624,2.0
27.090613628999563,8.4,3.39456,2.0
27.144744678997085,8.36,3.434496,2.04
27.19907298900216,8.28,3.354624,2.0
27.253236520999053,8.44,3.434496,2.04
27.307372146999114,8.32,3.39456,2.0
27.361586626000644,8.32,3.39456,2.0
27.415714763003052,8.4,3.474432,2.04
27.46985499800212,8.28,3.39456,2.0
27.523986271000467,8.36,3.434496,2.0
27.578090344002703,8.36,3.434496,2.04
27.63226248400315,8.28,3.39456,2.0
27.686487970997405,8.44,3.474432,2.04
27.74075752600038,8.36,3.434496,2.0
27.794929442003195,8.36,3.39456,2.0
27.849073005003447,8.44,3.474432,2.04
27.903206037000928,8.32,3.354624,2.0
27.957350716998917,8.4,3.434496,2.0
28.011596843003645,8.4,3.434496,2.0
28.06579528599832,8.28,3.354624,2.0
28.119962718999886,8.44,3.434496,2.04
28.174104006997368,8.32,3.39456,2.0
28.22821786900022,8.32,3.39456,2.0
28.2823438589985,8.4,3.434496,2.04
28.336483674996998,8.28,3.39456,2.0
28.39073677700071,8.36,3.434496,2.0
28.444854191002378,8.36,3.434496,2.04
28.498979989999498,8.28,3.39456,2.0
28.553099675998965,8.4,3.474432,2.04
28.60723971600237,8.32,3.434496,2.0
28.66133162400365,8.32,3.39456,2.0
28.715453327000432,8.44,3.474432,2.04
28.76961909599777,8.32,3.39456,2.0
28.82375046300149,8.4,3.434496,2.0
28.877924328000518,8.4,3.434496,2.0
28.932372287999897,8.32,3.354624,2.0
28.986645420998684,8.44,3.434496,2.04
29.04097570900194,8.32,3.39456,2.0
29.095137187003274,8.32,3.39456,2.0
29.14927834399714,8.4,3.434496,2.04
29.203397835000942,8.28,3.354624,2.0
29.257525647000875,8.36,3.434496,2.0
29.311661011997785,8.36,3.434496,2.0
29.365930015999766,8.28,3.354624,2.0
29.420305460000236,8.4,3.434496,2.04
29.47452953299944,8.32,3.434496,2.0
29.52864307299751,8.32,3.39456,2.0
29.58277402100066,8.4,3.474432,2.04
29.636890472000232,8.28,3.39456,2.0
29.69109227300214,8.4,3.434496,2.0
29.74545072299952,8.4,3.434496,2.04
29.799701422001817,8.32,3.354624,2.0
29.85388578200218,8.44,3.434496,2.04
29.908049017998565,8.36,3.39456,2.0
29.962192156002857,8.36,3.39456,2.0
