stage,repeat,time_s,power_w
BASELINE_IDLE,0,0.0013359699987631757,3.23072
BASELINE_IDLE,0,0.05622551099804696,3.23072
BASELINE_IDLE,0,0.11176851400159649,3.190336
BASELINE_IDLE,0,0.16604465099953813,3.190336
BASELINE_IDLE,0,0.22148545299933176,3.190336
BASELINE_IDLE,0,0.2760278300011123,3.190336
BASELINE_IDLE,0,0.3304687380004907,3.190336
BASELINE_IDLE,0,0.3846642509997764,3.190336
BASELINE_IDLE,0,0.438793325000006,3.149952
BASELINE_IDLE,0,0.49297529400064377,3.149952
BASELINE_IDLE,0,0.5471320010001364,3.149952
BASELINE_IDLE,0,0.6012986329988053,3.149952
BASELINE_IDLE,0,0.655441699000221,3.149952
BASELINE_IDLE,0,0.7096259099998861,3.149952
BASELINE_IDLE,0,0.7637643329981074,3.149952
BASELINE_IDLE,0,0.817951233999338,3.149952
BASELINE_IDLE,0,0.8720712459980859,3.149952
BASELINE_IDLE,0,0.9262540800009447,3.149952
BASELINE_IDLE,0,0.980453211999702,3.149952
BASELINE_IDLE,0,1.0346522469990305,3.149952
BASELINE_IDLE,0,1.0888155180000467,3.149952
BASELINE_IDLE,0,1.1429825169980177,3.149952
BASELINE_IDLE,0,1.1971560919992044,3.149952
BASELINE_IDLE,0,1.2513367749997997,3.149952
BASELINE_IDLE,0,1.3054654910010868,3.149952
BASELINE_IDLE,0,1.3596279560006224,3.149952
BASELINE_IDLE,0,1.4137941029985086,3.149952
BASELINE_IDLE,0,1.4679640590002236,3.149952
BASELINE_IDLE,0,1.5221289569999499,3.149952
BASELINE_IDLE,0,1.578156242001569,3.351872
BASELINE_IDLE,0,1.6328519839989895,3.351872
BASELINE_IDLE,0,1.6876046869983838,3.311488
BASELINE_IDLE,0,1.7444186469983833,3.311488
BASELINE_IDLE,0,1.8001574410009198,3.271104
BASELINE_IDLE,0,1.8554609679995338,3.271104
BASELINE_IDLE,0,1.9096845880012552,3.23072
BASELINE_IDLE,0,1.9640145439989283,3.23072
BASELINE_IDLE,0,2.018466460998752,3.23072
BASELINE_IDLE,0,2.0726751609981875,3.23072
BASELINE_IDLE,0,2.1269137039998895,3.23072
BASELINE_IDLE,0,2.1816229879987077,3.23072
BASELINE_IDLE,0,2.2367026669999177,3.190336
BASELINE_IDLE,0,2.29175586600104,3.190336
BASELINE_IDLE,0,2.3467993310005113,3.190336
BASELINE_IDLE,0,2.40145315799964,3.190336
BASELINE_IDLE,0,2.455675657998654,3.190336
BASELINE_IDLE,0,2.5099519819996203,3.149952
BASELINE_IDLE,0,2.564202593999653,3.149952
BASELINE_IDLE,0,2.6183904169993184,3.149952
BASELINE_IDLE,0,2.6725926809995144,3.149952
BASELINE_IDLE,0,2.7267578030005097,3.149952
BASELINE_IDLE,0,2.7809194030014623,3.149952
BASELINE_IDLE,0,2.8350902239981224,3.149952
BASELINE_IDLE,0,2.88927695899838,3.149952
BASELINE_IDLE,0,2.9434474919980858,3.149952
BASELINE_IDLE,0,2.99764802700156,3.149952
BASELINE_IDLE,0,3.052139357998385,3.149952
BASELINE_IDLE,0,3.1066746479991707,3.149952
BASELINE_IDLE,0,3.1609050929982914,3.149952
BASELINE_IDLE,0,3.2160310420003952,3.149952
BASELINE_IDLE,0,3.271597088998533,3.149952
BASELINE_IDLE,0,3.3275510759995086,3.149952
BASELINE_IDLE,0,3.3835407970000233,3.149952
BASELINE_IDLE,0,3.439503749999858,3.149952
BASELINE_IDLE,0,3.4950855179995415,3.149952
BASELINE_IDLE,0,3.5533498900003906,3.149952
BASELINE_IDLE,0,3.607589523999195,3.149952
BASELINE_IDLE,0,3.661777320998226,3.149952
BASELINE_IDLE,0,3.716017082999315,3.149952
BASELINE_IDLE,0,3.7711029759993835,3.149952
BASELINE_IDLE,0,3.8257319279982767,3.149952
BASELINE_IDLE,0,3.8805463329990744,3.149952
BASELINE_IDLE,0,3.9361882650009647,3.149952
BASELINE_IDLE,0,3.9913198159993044,3.149952
BASELINE_IDLE,0,4.0457148700006655,3.149952
BASELINE_IDLE,0,4.099957802998688,3.149952
BASELINE_IDLE,0,4.154128570000466,3.149952
BASELINE_IDLE,0,4.208337667998421,3.149952
BASELINE_IDLE,0,4.26260929899945,3.149952
BASELINE_IDLE,0,4.316817884999182,3.149952
BASELINE_IDLE,0,4.372675212998729,3.149952
BASELINE_IDLE,0,4.426867916998162,3.149952
BASELINE_IDLE,0,4.481504433999362,3.149952
BASELINE_IDLE,0,4.536229066001397,3.149952
BASELINE_IDLE,0,4.5912808979992406,3.149952
BASELINE_IDLE,0,4.64574765100042,3.271104
BASELINE_IDLE,0,4.7001777430014045,3.351872
BASELINE_IDLE,0,4.755656417000864,3.311488
BASELINE_IDLE,0,4.811403695999616,3.311488
BASELINE_IDLE,0,4.865584008999576,3.271104
BASELINE_IDLE,0,4.919780396001443,3.271104
BASELINE_IDLE,0,4.973973708998528,3.271104
BASELINE_IDLE,0,5.028150756999821,3.23072
BASELINE_IDLE,0,5.082376185000612,3.23072
BASELINE_IDLE,0,5.1366520019983,3.23072
BASELINE_IDLE,0,5.191347669999232,3.23072
BASELINE_IDLE,0,5.246410143998219,3.190336
BASELINE_IDLE,0,5.301080068998999,3.190336
BASELINE_IDLE,0,5.356998433999252,3.190336
BASELINE_IDLE,0,5.412486181001441,3.190336
BASELINE_IDLE,0,5.467123030000948,3.190336
BASELINE_IDLE,0,5.5222114399985,3.190336
BASELINE_IDLE,0,5.5793675189997884,3.149952
BASELINE_IDLE,0,5.634139071000391,3.149952
BASELINE_IDLE,0,5.6883461979996355,3.149952
BASELINE_IDLE,0,5.742491402001178,3.149952
BASELINE_IDLE,0,5.796627159001218,3.149952
BASELINE_IDLE,0,5.850767976000498,3.149952
BASELINE_IDLE,0,5.904931813998701,3.149952
BASELINE_IDLE,0,5.959157223998773,3.149952
BASELINE_IDLE,0,6.013355129998672,3.149952
BASELINE_IDLE,0,6.067540964999353,3.149952
BASELINE_IDLE,0,6.12200000500161,3.149952
BASELINE_IDLE,0,6.1766017810005,3.149952
BASELINE_IDLE,0,6.232419301999471,3.149952
BASELINE_IDLE,0,6.2881274790015595,3.149952
BASELINE_IDLE,0,6.346453720998397,3.149952
BASELINE_IDLE,0,6.402962906999164,3.149952
BASELINE_IDLE,0,6.457171141999424,3.149952
BASELINE_IDLE,0,6.5113665370008675,3.149952
BASELINE_IDLE,0,6.56559359899984,3.149952
BASELINE_IDLE,0,6.619835517998581,3.149952
BASELINE_IDLE,0,6.675081602999853,3.149952
BASELINE_IDLE,0,6.731156777001161,3.149952
BASELINE_IDLE,0,6.78577869199944,3.149952
BASELINE_IDLE,0,6.84310576200005,3.149952
BASELINE_IDLE,0,6.898319859999901,3.149952
BASELINE_IDLE,0,6.952838034998422,3.149952
BASELINE_IDLE,0,7.007014507998974,3.149952
BASELINE_IDLE,0,7.061244771000929,3.149952
BASELINE_IDLE,0,7.115648455001065,3.149952
BASELINE_IDLE,0,7.169875187999423,3.149952
BASELINE_IDLE,0,7.224068717001501,3.149952
BASELINE_IDLE,0,7.278339314998448,3.149952
BASELINE_IDLE,0,7.3325343819997215,3.149952
BASELINE_IDLE,0,7.3866985509994265,3.149952
BASELINE_IDLE,0,7.4408602219991735,3.149952
BASELINE_IDLE,0,7.4950782129999425,3.149952
BASELINE_IDLE,0,7.549298894999083,3.149952
BASELINE_IDLE,0,7.603451664999739,3.149952
BASELINE_IDLE,0,7.65761080700031,3.149952
BASELINE_IDLE,0,7.711781507001433,3.23072
BASELINE_IDLE,0,7.766449550999823,3.392256
BASELINE_IDLE,0,7.822032683998259,3.351872
BASELINE_IDLE,0,7.876309941999352,3.311488
BASELINE_IDLE,0,7.93184046800161,3.311488
BASELINE_IDLE,0,7.987394815998414,3.271104
BASELINE_IDLE,0,8.042608135001501,3.271104
BASELINE_IDLE,0,8.097885842998949,3.271104
BASELINE_IDLE,0,8.152538403999642,3.23072
BASELINE_IDLE,0,8.206862980998267,3.23072
BASELINE_IDLE,0,8.261150832000567,3.23072
BASELINE_IDLE,0,8.315819638999528,3.23072
BASELINE_IDLE,0,8.370827521001047,3.190336
BASELINE_IDLE,0,8.425435363998986,3.190336
BASELINE_IDLE,0,8.47967909399813,3.190336
BASELINE_IDLE,0,8.533895544998813,3.190336
BASELINE_IDLE,0,8.588208050001413,3.190336
BASELINE_IDLE,0,8.642394018999767,3.190336
BASELINE_IDLE,0,8.696590938001464,3.149952
BASELINE_IDLE,0,8.750760930000979,3.149952
BASELINE_IDLE,0,8.804916640998272,3.149952
BASELINE_IDLE,0,8.859085320000304,3.149952
BASELINE_IDLE,0,8.913270199998806,3.149952
BASELINE_IDLE,0,8.96743625399904,3.149952
BASELINE_IDLE,0,9.02159145299811,3.149952
BASELINE_IDLE,0,9.075747004000732,3.149952
BASELINE_IDLE,0,9.129925263001496,3.149952
BASELINE_IDLE,0,9.184229827998934,3.149952
BASELINE_IDLE,0,9.238417558000947,3.149952
BASELINE_IDLE,0,9.292590141998517,3.149952
BASELINE_IDLE,0,9.346711113998026,3.149952
BASELINE_IDLE,0,9.400840570000582,3.149952
BASELINE_IDLE,0,9.454996536998806,3.149952
BASELINE_IDLE,0,9.50921801399818,3.149952
BASELINE_IDLE,0,9.563446887001191,3.149952
BASELINE_IDLE,0,9.617585307998525,3.149952
BASELINE_IDLE,0,9.672717964000185,3.149952
BASELINE_IDLE,0,9.727915039999061,3.149952
BASELINE_IDLE,0,9.782081028999528,3.149952
BASELINE_IDLE,0,9.83729356999902,3.190336
BASELINE_IDLE,0,9.891501791000337,3.149952
BASELINE_IDLE,0,9.945752052000898,3.149952
BASELINE_IDLE,0,10.000389223001548,3.149952
BASELINE_IDLE,0,10.055004845999065,3.149952
BASELINE_IDLE,0,10.109277768999164,3.149952
BASELINE_IDLE,0,10.163462972999696,3.149952
BASELINE_IDLE,0,10.217764819000877,3.149952
BASELINE_IDLE,0,10.271966672000417,3.149952
BASELINE_IDLE,0,10.326149379001436,3.149952
BASELINE_IDLE,0,10.380330388001312,3.149952
BASELINE_IDLE,0,10.434492699001567,3.149952
BASELINE_IDLE,0,10.488708384000347,3.149952
BASELINE_IDLE,0,10.542899734999082,3.149952
BASELINE_IDLE,0,10.597064031000627,3.149952
BASELINE_IDLE,0,10.651257655998052,3.149952
BASELINE_IDLE,0,10.705410072998347,3.149952
BASELINE_IDLE,0,10.759574784999131,3.149952
BASELINE_IDLE,0,10.814202929999738,3.149952
BASELINE_IDLE,0,10.868810263000341,3.149952
BASELINE_IDLE,0,10.923036833999504,3.149952
BASELINE_IDLE,0,10.977689537001424,3.149952
BASELINE_IDLE,0,11.032789631000924,3.149952
BASELINE_IDLE,0,11.090525661998981,3.149952
BASELINE_IDLE,0,11.145905483001115,3.149952
BASELINE_IDLE,0,11.200187197999185,3.149952
BASELINE_IDLE,0,11.254647444999136,3.149952
BASELINE_IDLE,0,11.309682068000257,3.149952
BASELINE_IDLE,0,11.364372527001251,3.149952
BASELINE_IDLE,0,11.420308974000363,3.149952
BASELINE_IDLE,0,11.476099290001002,3.149952
BASELINE_IDLE,0,11.532006952998927,3.149952
BASELINE_IDLE,0,11.587188507000974,3.149952
BASELINE_IDLE,0,11.642784216001019,3.149952
BASELINE_IDLE,0,11.697917359000712,3.109568
BASELINE_IDLE,0,11.75303292299941,3.109568
BASELINE_IDLE,0,11.811294821000047,3.109568
BASELINE_IDLE,0,11.865485090998845,3.109568
BASELINE_IDLE,0,11.919746730000043,3.109568
BASELINE_IDLE,0,11.974820895000448,3.109568
BASELINE_IDLE,0,12.03082525300124,3.109568
BASELINE_IDLE,0,12.086793750000652,3.109568
BASELINE_IDLE,0,12.142349814999761,3.109568
BASELINE_IDLE,0,12.200399594999908,3.149952
BASELINE_IDLE,0,12.254864817001362,3.149952
BASELINE_IDLE,0,12.30918618099895,3.149952
BASELINE_IDLE,0,12.364459540000098,3.149952
BASELINE_IDLE,0,12.419067658000131,3.149952
BASELINE_IDLE,0,12.473829176000436,3.149952
BASELINE_IDLE,0,12.528449140998418,3.149952
BASELINE_IDLE,0,12.582641535998846,3.109568
BASELINE_IDLE,0,12.63679752600001,3.109568
BASELINE_IDLE,0,12.690945927999564,3.109568
BASELINE_IDLE,0,12.745534899000631,3.109568
BASELINE_IDLE,0,12.801243161000457,3.109568
BASELINE_IDLE,0,12.85682603999885,3.109568
BASELINE_IDLE,0,12.911443859000428,3.109568
BASELINE_IDLE,0,12.966116397998121,3.109568
BASELINE_IDLE,0,13.020354835000035,3.109568
BASELINE_IDLE,0,13.074572941000952,3.109568
BASELINE_IDLE,0,13.129154851998464,3.109568
BASELINE_IDLE,0,13.184573745998932,3.109568
BASELINE_IDLE,0,13.23981506799828,3.109568
BASELINE_IDLE,0,13.29576229200029,3.109568
BASELINE_IDLE,0,13.349981532999664,3.109568
BASELINE_IDLE,0,13.40476333100014,3.109568
BASELINE_IDLE,0,13.459270670999103,3.109568
BASELINE_IDLE,0,13.514043279999896,3.109568
BASELINE_IDLE,0,13.56858222200026,3.109568
BASELINE_IDLE,0,13.62415573099861,3.109568
BASELINE_IDLE,0,13.680122006000602,3.109568
BASELINE_IDLE,0,13.736134676000802,3.109568
BASELINE_IDLE,0,13.792121473998122,3.109568
BASELINE_IDLE,0,13.847982954001054,3.109568
BASELINE_IDLE,0,13.90218186399943,3.109568
BASELINE_IDLE,0,13.956860787999176,3.109568
BASELINE_IDLE,0,14.011948710998695,3.109568
BASELINE_IDLE,0,14.066563632000907,3.109568
BASELINE_IDLE,0,14.121694010998908,3.109568
BASELINE_IDLE,0,14.176838654999301,3.109568
BASELINE_IDLE,0,14.231579391998821,3.109568
BASELINE_IDLE,0,14.286324163000245,3.109568
BASELINE_IDLE,0,14.34093673100142,3.109568
BASELINE_IDLE,0,14.395177603000775,3.109568
BASELINE_IDLE,0,14.449340254999697,3.109568
BASELINE_IDLE,0,14.504399891000503,3.109568
BASELINE_IDLE,0,14.558600420001312,3.109568
BASELINE_IDLE,0,14.612768226001208,3.109568
BASELINE_IDLE,0,14.666921560998162,3.109568
BASELINE_IDLE,0,14.7210768799996,3.109568
BASELINE_IDLE,0,14.775266714997997,3.109568
BASELINE_IDLE,0,14.82941902499806,3.109568
BASELINE_IDLE,0,14.883599894998042,3.109568
BASELINE_IDLE,0,14.93782418200135,3.109568
BASELINE_IDLE,0,14.991989746999025,3.109568
STAGE_MODEL_POLICY,0,0.0010969369977829047,3.109568
STAGE_MODEL_POLICY,0,0.05562654699679115,3.271104
STAGE_MODEL_POLICY,0,0.10984269300024607,3.351872
STAGE_MODEL_POLICY,0,0.16509967599995434,3.392256
STAGE_MODEL_POLICY,0,0.2197828659991501,3.513408
STAGE_MODEL_POLICY,0,0.2747096799976134,3.6288
STAGE_MODEL_POLICY,0,0.32909855999969295,3.70944
STAGE_MODEL_POLICY,0,0.3833052259979013,3.79008
STAGE_MODEL_POLICY,0,0.43759427499753656,3.79008
STAGE_MODEL_POLICY,0,0.49187278999670525,3.87072
STAGE_MODEL_POLICY,0,0.5460719000002427,3.95136
STAGE_MODEL_POLICY,0,0.600318236000021,3.95136
STAGE_MODEL_POLICY,0,0.6544653809978627,4.07232
STAGE_MODEL_POLICY,0,0.7086227719992166,4.07232
STAGE_MODEL_POLICY,0,0.7629436459974386,4.11264
STAGE_MODEL_POLICY,0,0.8170984759999556,4.19328
STAGE_MODEL_POLICY,0,0.8713024849967042,4.15296
STAGE_MODEL_POLICY,0,0.925949717999174,4.15296
STAGE_MODEL_POLICY,0,0.9802901549992384,4.19328
STAGE_MODEL_POLICY,0,1.034559095998702,4.19328
STAGE_MODEL_POLICY,0,1.0889646609975898,4.2336
STAGE_MODEL_POLICY,0,1.1431408079988614,4.27392
STAGE_MODEL_POLICY,0,1.1973410319988034,4.27392
STAGE_MODEL_POLICY,0,1.251684471997578,4.31424
STAGE_MODEL_POLICY,0,1.3060115509979369,4.31424
STAGE_MODEL_POLICY,0,1.3604067639971618,4.27392
STAGE_MODEL_POLICY,0,1.4146137440002349,4.27392
STAGE_MODEL_POLICY,0,1.4688754419985344,4.31424
STAGE_MODEL_POLICY,0,1.5231840460000967,4.35456
STAGE_MODEL_POLICY,0,1.5773664039988944,4.31424
STAGE_MODEL_POLICY,0,1.6317520119991968,4.27392
STAGE_MODEL_POLICY,0,1.6859969969991653,4.27392
STAGE_MODEL_POLICY,0,1.7401610409979185,4.27392
STAGE_MODEL_POLICY,0,1.7943832929995551,4.27392
STAGE_MODEL_POLICY,0,1.8485380519996397,4.31424
STAGE_MODEL_POLICY,0,1.9027670599971316,4.2336
STAGE_MODEL_POLICY,0,1.9570285979971231,4.2336
STAGE_MODEL_POLICY,0,2.0112094830001297,4.27392
STAGE_MODEL_POLICY,0,2.0654074499980197,4.27392
STAGE_MODEL_POLICY,0,2.1197051649978675,4.27392
STAGE_MODEL_POLICY,0,2.174005760996806,4.2336
STAGE_MODEL_POLICY,0,2.22844550699665,4.19328
STAGE_MODEL_POLICY,0,2.282592833998933,4.27392
STAGE_MODEL_POLICY,0,2.3369353099988075,4.31424
STAGE_MODEL_POLICY,0,2.3911029039991263,4.27392
STAGE_MODEL_POLICY,0,2.4453711949972785,4.27392
STAGE_MODEL_POLICY,0,2.499895883996942,4.19328
STAGE_MODEL_POLICY,0,2.554956454998319,4.2336
STAGE_MODEL_POLICY,0,2.609191446998011,4.27392
STAGE_MODEL_POLICY,0,2.6633634279969556,4.2336
STAGE_MODEL_POLICY,0,2.7175333269988187,4.2336
STAGE_MODEL_POLICY,0,2.771749171999545,4.2336
STAGE_MODEL_POLICY,0,2.825891247997788,4.2336
STAGE_MODEL_POLICY,0,2.8800619159992493,4.27392
STAGE_MODEL_POLICY,0,2.9344970199999807,4.19328
STAGE_MODEL_POLICY,0,2.9895263419966795,4.19328
STAGE_MODEL_POLICY,0,3.043913129997236,4.27392
STAGE_MODEL_POLICY,0,3.09807966599692,4.2336
STAGE_MODEL_POLICY,0,3.1522711449979397,4.2336
STAGE_MODEL_POLICY,0,3.206447094999021,4.19328
STAGE_MODEL_POLICY,0,3.262701958999969,4.19328
STAGE_MODEL_POLICY,0,3.317288345999259,4.27392
STAGE_MODEL_POLICY,0,3.371485715997551,4.2336
STAGE_MODEL_POLICY,0,3.4257762579982227,4.2336
STAGE_MODEL_POLICY,0,3.4800063189977664,4.2336
STAGE_MODEL_POLICY,0,3.5344698849985434,4.2336
STAGE_MODEL_POLICY,0,3.5893056899985822,4.27392
STAGE_MODEL_POLICY,0,3.6445597109996015,4.2336
STAGE_MODEL_POLICY,0,3.699765416997252,4.19328
STAGE_MODEL_POLICY,0,3.75453020599889,4.2336
STAGE_MODEL_POLICY,0,3.808735708997119,4.2336
STAGE_MODEL_POLICY,0,3.863111481998203,4.19328
STAGE_MODEL_POLICY,0,3.917287784999644,4.19328
STAGE_MODEL_POLICY,0,3.9716074949974427,4.2336
STAGE_MODEL_POLICY,0,4.025847288998193,4.2336
STAGE_MODEL_POLICY,0,4.080090987998119,4.27392
STAGE_MODEL_POLICY,0,4.1347015499995905,4.19328
STAGE_MODEL_POLICY,0,4.189035927000077,4.19328
STAGE_MODEL_POLICY,0,4.243295317999582,4.27392
STAGE_MODEL_POLICY,0,4.29751372699684,4.2336
STAGE_MODEL_POLICY,0,4.351867345998471,4.2336
STAGE_MODEL_POLICY,0,4.406088316998648,4.19328
STAGE_MODEL_POLICY,0,4.46052883199809,4.2336
STAGE_MODEL_POLICY,0,4.5147768249989895,4.27392
STAGE_MODEL_POLICY,0,4.5690366009985155,4.19328
STAGE_MODEL_POLICY,0,4.623311264000222,4.19328
STAGE_MODEL_POLICY,0,4.677521828998579,4.2336
STAGE_MODEL_POLICY,0,4.731723075998161,4.2336
STAGE_MODEL_POLICY,0,4.785892336996767,4.2336
STAGE_MODEL_POLICY,0,4.840058620997297,4.19328
STAGE_MODEL_POLICY,0,4.894391877998714,4.15296
STAGE_MODEL_POLICY,0,4.948604555000202,4.2336
STAGE_MODEL_POLICY,0,5.002761585998087,4.2336
STAGE_MODEL_POLICY,0,5.05707121299929,4.2336
STAGE_MODEL_POLICY,0,5.111273937996884,4.27392
STAGE_MODEL_POLICY,0,5.165456588998495,4.27392
STAGE_MODEL_POLICY,0,5.220522894000169,4.27392
STAGE_MODEL_POLICY,0,5.274842899998475,4.35456
STAGE_MODEL_POLICY,0,5.329056511996896,4.31424
STAGE_MODEL_POLICY,0,5.383650684998429,4.31424
STAGE_MODEL_POLICY,0,5.438069465999433,4.27392
STAGE_MODEL_POLICY,0,5.492330847999256,4.2336
STAGE_MODEL_POLICY,0,5.5465482369982055,4.19328
STAGE_MODEL_POLICY,0,5.600741901998845,4.15296
STAGE_MODEL_POLICY,0,5.654995823999343,4.15296
STAGE_MODEL_POLICY,0,5.709161248996679,4.15296
STAGE_MODEL_POLICY,0,5.763366310999118,4.07232
STAGE_MODEL_POLICY,0,5.817529846997786,4.11264
STAGE_MODEL_POLICY,0,5.87171211399982,4.07232
STAGE_MODEL_POLICY,0,5.925919641998917,4.032
STAGE_MODEL_POLICY,0,5.980091149998771,4.07232
STAGE_MODEL_POLICY,0,6.0343721589997585,4.032
STAGE_MODEL_POLICY,0,6.088653019996855,4.032
STAGE_MODEL_POLICY,0,6.142824856997322,4.032
STAGE_MODEL_POLICY,0,6.197051443999953,3.99168
STAGE_MODEL_POLICY,0,6.2512196299976495,3.99168
STAGE_MODEL_POLICY,0,6.30541861799793,3.99168
STAGE_MODEL_POLICY,0,6.359682505997625,3.99168
STAGE_MODEL_POLICY,0,6.413924140997551,3.99168
STAGE_MODEL_POLICY,0,6.468149510998046,3.99168
STAGE_MODEL_POLICY,0,6.522486046997074,3.99168
STAGE_MODEL_POLICY,0,6.576695759998984,4.032
STAGE_MODEL_POLICY,0,6.631019007996656,3.99168
STAGE_MODEL_POLICY,0,6.685226896999666,3.99168
STAGE_MODEL_POLICY,0,6.739461295997899,3.99168
STAGE_MODEL_POLICY,0,6.793776859998616,3.95136
STAGE_MODEL_POLICY,0,6.847941876996629,3.99168
STAGE_MODEL_POLICY,0,6.902145347998157,3.95136
STAGE_MODEL_POLICY,0,6.956377825998061,3.95136
STAGE_MODEL_POLICY,0,7.010564326999884,3.99168
STAGE_MODEL_POLICY,0,7.064838798996789,3.95136
STAGE_MODEL_POLICY,0,7.119045321996964,3.95136
STAGE_MODEL_POLICY,0,7.173214544996881,3.99168
STAGE_MODEL_POLICY,0,7.227500823999435,3.95136
STAGE_MODEL_POLICY,0,7.281711188999907,3.99168
STAGE_MODEL_POLICY,0,7.335930710996763,3.95136
STAGE_MODEL_POLICY,0,7.390127403999941,3.95136
STAGE_MODEL_POLICY,0,7.444521901998087,3.99168
STAGE_MODEL_POLICY,0,7.498895844997605,3.95136
STAGE_MODEL_POLICY,0,7.553670167999371,3.95136
STAGE_MODEL_POLICY,0,7.6078990069981955,3.99168
STAGE_MODEL_POLICY,0,7.662183011998422,3.95136
STAGE_MODEL_POLICY,0,7.716375222997158,3.99168
STAGE_MODEL_POLICY,0,7.770568298998114,3.95136
STAGE_MODEL_POLICY,0,7.824744885998371,3.95136
STAGE_MODEL_POLICY,0,7.87887844099896,3.99168
STAGE_MODEL_POLICY,0,7.933057267997356,3.95136
STAGE_MODEL_POLICY,0,7.987384977997863,3.99168
STAGE_MODEL_POLICY,0,8.041581702997064,3.99168
STAGE_MODEL_POLICY,0,8.095769212999585,3.95136
STAGE_MODEL_POLICY,0,8.149908352999773,3.99168
STAGE_MODEL_POLICY,0,8.204114856998785,3.95136
STAGE_MODEL_POLICY,0,8.258403902997088,3.95136
STAGE_MODEL_POLICY,0,8.312554377000197,3.99168
STAGE_MODEL_POLICY,0,8.367334411999764,3.95136
STAGE_MODEL_POLICY,0,8.421607480999228,3.95136
STAGE_MODEL_POLICY,0,8.47588589699808,3.99168
STAGE_MODEL_POLICY,0,8.53025133600022,3.95136
STAGE_MODEL_POLICY,0,8.584490466997522,3.99168
STAGE_MODEL_POLICY,0,8.638779960998363,3.99168
STAGE_MODEL_POLICY,0,8.693314324998937,3.95136
STAGE_MODEL_POLICY,0,8.748058082997886,3.99168
STAGE_MODEL_POLICY,0,8.802822588997515,3.95136
STAGE_MODEL_POLICY,0,8.85730453999713,3.95136
STAGE_MODEL_POLICY,0,8.911552571997163,3.99168
STAGE_MODEL_POLICY,0,8.965757410998776,3.95136
STAGE_MODEL_POLICY,0,9.019928760997573,3.95136
STAGE_MODEL_POLICY,0,9.074138313997537,3.99168
STAGE_MODEL_POLICY,0,9.128357289999258,3.95136
STAGE_MODEL_POLICY,0,9.18260965999798,3.95136
STAGE_MODEL_POLICY,0,9.236829851997754,3.95136
STAGE_MODEL_POLICY,0,9.291053117998672,3.95136
STAGE_MODEL_POLICY,0,9.345226436998928,3.99168
STAGE_MODEL_POLICY,0,9.399417685999651,3.95136
STAGE_MODEL_POLICY,0,9.45387756099808,3.99168
STAGE_MODEL_POLICY,0,9.508349089999683,3.99168
STAGE_MODEL_POLICY,0,9.562643594999827,3.95136
STAGE_MODEL_POLICY,0,9.61680967799839,3.99168
STAGE_MODEL_POLICY,0,9.671040435998293,3.95136
STAGE_MODEL_POLICY,0,9.725236839996796,3.95136
STAGE_MODEL_POLICY,0,9.779416530000162,3.99168
STAGE_MODEL_POLICY,0,9.833670820997213,3.95136
STAGE_MODEL_POLICY,0,9.88788012799705,3.95136
STAGE_MODEL_POLICY,0,9.942049572997348,3.99168
STAGE_MODEL_POLICY,0,9.996265762998519,3.95136
STAGE_MODEL_POLICY,0,10.050509679997049,3.99168
STAGE_MODEL_POLICY,0,10.104760482998245,3.95136
STAGE_MODEL_POLICY,0,10.159014567998383,3.95136
STAGE_MODEL_POLICY,0,10.213193028997921,3.99168
STAGE_MODEL_POLICY,0,10.26742255699719,3.95136
STAGE_MODEL_POLICY,0,10.321673056998407,3.95136
STAGE_MODEL_POLICY,0,10.375850748998346,3.99168
STAGE_MODEL_POLICY,0,10.43006958299884,3.95136
STAGE_MODEL_POLICY,0,10.484288289997494,3.95136
STAGE_MODEL_POLICY,0,10.538690711997333,3.95136
STAGE_MODEL_POLICY,0,10.592964743998891,3.95136
STAGE_MODEL_POLICY,0,10.64715188199989,3.99168
STAGE_MODEL_POLICY,0,10.701386628999899,3.95136
STAGE_MODEL_POLICY,0,10.755624096997053,3.95136
STAGE_MODEL_POLICY,0,10.809814147996804,3.99168
STAGE_MODEL_POLICY,0,10.86406487199929,3.95136
STAGE_MODEL_POLICY,0,10.918238849997579,3.95136
STAGE_MODEL_POLICY,0,10.972442348000186,3.95136
STAGE_MODEL_POLICY,0,11.027085316996818,3.95136
STAGE_MODEL_POLICY,0,11.081400495997514,3.95136
STAGE_MODEL_POLICY,0,11.135596138999972,3.95136
STAGE_MODEL_POLICY,0,11.189871504997427,3.95136
STAGE_MODEL_POLICY,0,11.244029399997089,3.99168
STAGE_MODEL_POLICY,0,11.29817957799969,3.95136
STAGE_MODEL_POLICY,0,11.352335359999415,3.95136
STAGE_MODEL_POLICY,0,11.406486209998548,3.99168
STAGE_MODEL_POLICY,0,11.460754244999407,3.95136
STAGE_MODEL_POLICY,0,11.515062812999531,3.99168
STAGE_MODEL_POLICY,0,11.56924981100019,3.95136
STAGE_MODEL_POLICY,0,11.62342041699958,3.95136
STAGE_MODEL_POLICY,0,11.67768832299771,3.99168
STAGE_MODEL_POLICY,0,11.732471580999118,3.95136
STAGE_MODEL_POLICY,0,11.787257847998262,3.95136
STAGE_MODEL_POLICY,0,11.842036334997829,3.99168
STAGE_MODEL_POLICY,0,11.897085625998443,3.95136
STAGE_MODEL_POLICY,0,11.952130144996772,3.95136
STAGE_MODEL_POLICY,0,12.007192883000243,3.99168
STAGE_MODEL_POLICY,0,12.061645394998777,3.95136
STAGE_MODEL_POLICY,0,12.115883900998597,3.99168
STAGE_MODEL_POLICY,0,12.17008625899689,3.95136
STAGE_MODEL_POLICY,0,12.224362801000098,3.95136
STAGE_MODEL_POLICY,0,12.278592725997441,3.99168
STAGE_MODEL_POLICY,0,12.332784262998757,3.95136
STAGE_MODEL_POLICY,0,12.387491405999754,3.95136
STAGE_MODEL_POLICY,0,12.441751330999978,3.99168
STAGE_MODEL_POLICY,0,12.496016443998087,3.95136
STAGE_MODEL_POLICY,0,12.550378855998133,3.99168
STAGE_MODEL_POLICY,0,12.604584223998245,3.95136
STAGE_MODEL_POLICY,0,12.658856731999549,3.95136
STAGE_MODEL_POLICY,0,12.713084896997316,3.99168
STAGE_MODEL_POLICY,0,12.76726692399825,3.95136
STAGE_MODEL_POLICY,0,12.82151593099843,3.95136
STAGE_MODEL_POLICY,0,12.875699398999132,3.99168
STAGE_MODEL_POLICY,0,12.929964576000202,3.95136
STAGE_MODEL_POLICY,0,12.984107156997197,3.99168
STAGE_MODEL_POLICY,0,13.038302408000163,3.95136
STAGE_MODEL_POLICY,0,13.092482883999764,3.95136
STAGE_MODEL_POLICY,0,13.146649952999724,3.99168
STAGE_MODEL_POLICY,0,13.200873211997532,3.95136
STAGE_MODEL_POLICY,0,13.255144080998434,3.95136
STAGE_MODEL_POLICY,0,13.309280925997882,3.99168
STAGE_MODEL_POLICY,0,13.363488432998565,3.95136
STAGE_MODEL_POLICY,0,13.417661584997404,3.95136
STAGE_MODEL_POLICY,0,13.471869891996903,3.95136
STAGE_MODEL_POLICY,0,13.526149597997573,3.95136
STAGE_MODEL_POLICY,0,13.581238636998023,3.99168
STAGE_MODEL_POLICY,0,13.636330428998917,3.95136
STAGE_MODEL_POLICY,0,13.690549045997614,3.95136
STAGE_MODEL_POLICY,0,13.745014771997376,3.99168
STAGE_MODEL_POLICY,0,13.799760008998419,3.95136
STAGE_MODEL_POLICY,0,13.854493591999926,3.95136
STAGE_MODEL_POLICY,0,13.909200311998575,3.99168
STAGE_MODEL_POLICY,0,13.963688706997345,3.95136
STAGE_MODEL_POLICY,0,14.017873640998005,3.95136
STAGE_MODEL_POLICY,0,14.07206018999932,3.95136
STAGE_MODEL_POLICY,0,14.12624137399689,3.95136
STAGE_MODEL_POLICY,0,14.180449644998589,4.032
STAGE_MODEL_POLICY,0,14.234846465998999,3.99168
STAGE_MODEL_POLICY,0,14.289066999997885,3.99168
STAGE_MODEL_POLICY,0,14.343235090000235,4.032
STAGE_MODEL_POLICY,0,14.397405099996831,3.99168
STAGE_MODEL_POLICY,0,14.451669176996802,3.99168
STAGE_MODEL_POLICY,0,14.5064559679995,3.99168
STAGE_MODEL_POLICY,0,14.561160762998043,3.99168
STAGE_MODEL_POLICY,0,14.615512726999441,3.99168
STAGE_MODEL_POLICY,0,14.669786377999117,3.99168
STAGE_MODEL_POLICY,0,14.724038416999974,3.99168
STAGE_MODEL_POLICY,0,14.778233143999387,3.99168
STAGE_MODEL_POLICY,0,14.832447562999732,3.95136
STAGE_MODEL_POLICY,0,14.887191930996778,3.95136
STAGE_MODEL_POLICY,0,14.943027766999876,3.99168
STAGE_MODEL_POLICY,0,14.997259058000054,3.95136
STAGE_MODEL_POLICY,0,15.052407611998206,3.99168
STAGE_MODEL_POLICY,0,15.106579898998461,3.99168
STAGE_MODEL_POLICY,0,15.160838211999362,3.95136
STAGE_MODEL_POLICY,0,15.21501468799761,3.99168
STAGE_MODEL_POLICY,0,15.26917089699782,3.95136
STAGE_MODEL_POLICY,0,15.324036095997144,3.95136
STAGE_MODEL_POLICY,0,15.378831463996903,3.99168
STAGE_MODEL_POLICY,0,15.43305788699945,3.95136
STAGE_MODEL_POLICY,0,15.48730144000001,3.95136
STAGE_MODEL_POLICY,0,15.541506218996801,3.99168
STAGE_MODEL_POLICY,0,15.596368407997943,3.95136
STAGE_MODEL_POLICY,0,15.65105911199862,3.99168
STAGE_MODEL_POLICY,0,15.705657734997658,3.99168
STAGE_MODEL_POLICY,0,15.759961415998987,3.95136
STAGE_MODEL_POLICY,0,15.814134882999497,3.99168
STAGE_MODEL_POLICY,0,15.869294862997776,3.95136
STAGE_MODEL_POLICY,0,15.923737242999778,3.95136
STAGE_MODEL_POLICY,0,15.977935938997689,3.99168
STAGE_MODEL_POLICY,0,16.03213857299852,3.95136
STAGE_MODEL_POLICY,0,16.086435718996654,3.95136
STAGE_MODEL_POLICY,0,16.14060323099693,3.99168
STAGE_MODEL_POLICY,0,16.194885843997326,3.95136
STAGE_MODEL_POLICY,0,16.24903340899982,3.99168
STAGE_MODEL_POLICY,0,16.303244463997544,3.95136
STAGE_MODEL_POLICY,0,16.357425390997378,3.95136
STAGE_MODEL_POLICY,0,16.411603787997592,3.99168
STAGE_MODEL_POLICY,0,16.465850477998174,3.95136
STAGE_MODEL_POLICY,0,16.520443561999855,3.99168
STAGE_MODEL_POLICY,0,16.574623656997574,3.99168
STAGE_MODEL_POLICY,0,16.628928745998564,3.95136
STAGE_MODEL_POLICY,0,16.683364400996652,3.99168
STAGE_MODEL_POLICY,0,16.737584580998373,3.99168
STAGE_MODEL_POLICY,0,16.794248278998566,3.95136
STAGE_MODEL_POLICY,0,16.848447103999206,3.99168
STAGE_MODEL_POLICY,0,16.903608459997486,3.95136
STAGE_MODEL_POLICY,0,16.960541550997732,3.95136
STAGE_MODEL_POLICY,0,17.015339480996772,3.95136
STAGE_MODEL_POLICY,0,17.069522473997495,3.95136
STAGE_MODEL_POLICY,0,17.123710286999994,3.95136
STAGE_MODEL_POLICY,0,17.177908984998794,3.99168
STAGE_MODEL_POLICY,0,17.23208972199791,3.95136
STAGE_MODEL_POLICY,0,17.287780386999657,3.95136
STAGE_MODEL_POLICY,0,17.342554240996833,3.99168
STAGE_MODEL_POLICY,0,17.397617594997428,3.95136
STAGE_MODEL_POLICY,0,17.453508206999686,3.95136
STAGE_MODEL_POLICY,0,17.50816417399983,3.99168
STAGE_MODEL_POLICY,0,17.56265938299839,3.95136
STAGE_MODEL_POLICY,0,17.619031627997174,3.95136
STAGE_MODEL_POLICY,0,17.673307103999832,3.95136
STAGE_MODEL_POLICY,0,17.727494980998017,3.95136
STAGE_MODEL_POLICY,0,17.781695759997092,3.95136
STAGE_MODEL_POLICY,0,17.83615981699768,3.95136
STAGE_MODEL_POLICY,0,17.8907228379976,3.95136
STAGE_MODEL_POLICY,0,17.945429360999697,3.99168
STAGE_MODEL_POLICY,0,17.999875006997172,3.95136
STAGE_MODEL_POLICY,0,18.054154868998012,3.95136
STAGE_MODEL_POLICY,0,18.108343621999666,3.99168
STAGE_MODEL_POLICY,0,18.16252529099802,3.95136
STAGE_MODEL_POLICY,0,18.21668496499842,3.95136
STAGE_MODEL_POLICY,0,18.270867051000096,3.95136
STAGE_MODEL_POLICY,0,18.32504807999794,3.95136
STAGE_MODEL_POLICY,0,18.37921175599695,3.99168
STAGE_MODEL_POLICY,0,18.433395602998644,3.95136
STAGE_MODEL_POLICY,0,18.487957987999835,3.95136
STAGE_MODEL_POLICY,0,18.542183199999272,3.99168
STAGE_MODEL_POLICY,0,18.59638766599892,3.95136
STAGE_MODEL_POLICY,0,18.652707436998753,3.99168
STAGE_MODEL_POLICY,0,18.70722698299869,3.99168
STAGE_MODEL_POLICY,0,18.761683038999763,3.95136
STAGE_MODEL_POLICY,0,18.815913630998693,3.99168
STAGE_MODEL_POLICY,0,18.871017552999547,3.95136
STAGE_MODEL_POLICY,0,18.925248080999154,3.95136
STAGE_MODEL_POLICY,0,18.979387231000146,3.99168
STAGE_MODEL_POLICY,0,19.03358337299869,3.95136
STAGE_MODEL_POLICY,0,19.08842863099926,3.95136
STAGE_MODEL_POLICY,0,19.143215492997115,3.99168
STAGE_MODEL_POLICY,0,19.19740504499714,3.95136
STAGE_MODEL_POLICY,0,19.25156245099788,3.95136
STAGE_MODEL_POLICY,0,19.305710316999466,3.99168
STAGE_MODEL_POLICY,0,19.36052455299796,3.95136
STAGE_MODEL_POLICY,0,19.41467885399834,3.99168
STAGE_MODEL_POLICY,0,19.468880347998493,3.95136
STAGE_MODEL_POLICY,0,19.5237265379983,3.95136
STAGE_MODEL_POLICY,0,19.577888779000205,3.99168
STAGE_MODEL_POLICY,0,19.63242091400025,3.95136
STAGE_MODEL_POLICY,0,19.68686660199819,3.95136
STAGE_MODEL_POLICY,0,19.741599962999317,3.99168
STAGE_MODEL_POLICY,0,19.7963348939993,3.95136
STAGE_MODEL_POLICY,0,19.85078208699997,3.95136
STAGE_MODEL_POLICY,0,19.905011275997822,3.95136
STAGE_MODEL_POLICY,0,19.959201146997657,3.95136
STAGE_MODEL_POLICY,0,20.01335160599774,3.99168
STAGE_MODEL_POLICY,0,20.067545692996646,3.95136
STAGE_MODEL_POLICY,0,20.121829286999855,3.95136
STAGE_MODEL_POLICY,0,20.176008824997552,3.99168
STAGE_MODEL_POLICY,0,20.23037550299705,3.95136
STAGE_MODEL_POLICY,0,20.28517338599704,3.95136
STAGE_MODEL_POLICY,0,20.33993950799777,3.99168
STAGE_MODEL_POLICY,0,20.396411625999463,3.95136
STAGE_MODEL_POLICY,0,20.45083100299962,3.95136
STAGE_MODEL_POLICY,0,20.50510624099843,3.95136
STAGE_MODEL_POLICY,0,20.55939511699762,3.95136
STAGE_MODEL_POLICY,0,20.613564281997242,3.95136
STAGE_MODEL_POLICY,0,20.667784737997863,3.95136
STAGE_MODEL_POLICY,0,20.721956847999536,3.95136
STAGE_MODEL_POLICY,0,20.776167313997576,3.99168
STAGE_MODEL_POLICY,0,20.83035085499796,3.95136
STAGE_MODEL_POLICY,0,20.884530392999295,3.99168
STAGE_MODEL_POLICY,0,20.938766216997465,3.99168
STAGE_MODEL_POLICY,0,20.992954784000176,3.95136
STAGE_MODEL_POLICY,0,21.04708251899865,3.99168
STAGE_MODEL_POLICY,0,21.101225672999135,3.95136
STAGE_MODEL_POLICY,0,21.155492370999127,3.95136
STAGE_MODEL_POLICY,0,21.20970899399981,3.99168
STAGE_MODEL_POLICY,0,21.263878776997444,3.95136
STAGE_MODEL_POLICY,0,21.3183127639968,3.95136
STAGE_MODEL_POLICY,0,21.37274607799918,3.95136
STAGE_MODEL_POLICY,0,21.42702154899962,3.95136
STAGE_MODEL_POLICY,0,21.481266154998593,3.99168
STAGE_MODEL_POLICY,0,21.535541081997508,3.95136
STAGE_MODEL_POLICY,0,21.58979718199771,3.95136
STAGE_MODEL_POLICY,0,21.64404543799901,3.99168
STAGE_MODEL_POLICY,0,21.698235871997895,3.95136
STAGE_MODEL_POLICY,0,21.75248326399742,3.99168
STAGE_MODEL_POLICY,0,21.806694315997447,3.99168
STAGE_MODEL_POLICY,0,21.86092352199921,3.95136
STAGE_MODEL_POLICY,0,21.91509042299731,3.99168
STAGE_MODEL_POLICY,0,21.96926507199896,3.95136
STAGE_MODEL_POLICY,0,22.02342739499727,3.95136
STAGE_MODEL_POLICY,0,22.07764258899988,3.99168
STAGE_MODEL_POLICY,0,22.131925658999535,3.95136
STAGE_MODEL_POLICY,0,22.1861359229988,3.95136
STAGE_MODEL_POLICY,0,22.24029796799732,3.99168
STAGE_MODEL_POLICY,0,22.2944594699984,3.95136
STAGE_MODEL_POLICY,0,22.348582710998016,3.99168
STAGE_MODEL_POLICY,0,22.402726506999898,3.95136
STAGE_MODEL_POLICY,0,22.457001540999045,3.95136
STAGE_MODEL_POLICY,0,22.511221600998397,3.99168
STAGE_MODEL_POLICY,0,22.56539731799785,3.95136
STAGE_MODEL_POLICY,0,22.62017725899932,3.95136
STAGE_MODEL_POLICY,0,22.675204755996674,3.99168
STAGE_MODEL_POLICY,0,22.73024224099936,3.95136
STAGE_MODEL_POLICY,0,22.78537462499662,3.99168
STAGE_MODEL_POLICY,0,22.839572273998783,3.99168
STAGE_MODEL_POLICY,0,22.89379963399915,3.95136
STAGE_MODEL_POLICY,0,22.94804210700022,3.99168
STAGE_MODEL_POLICY,0,23.002505463999114,3.95136
STAGE_MODEL_POLICY,0,23.057214519998524,3.95136
STAGE_MODEL_POLICY,0,23.11165887199968,3.99168
STAGE_MODEL_POLICY,0,23.165874974998587,3.95136
STAGE_MODEL_POLICY,0,23.220152806999977,3.95136
STAGE_MODEL_POLICY,0,23.274352644999453,3.99168
STAGE_MODEL_POLICY,0,23.328556005999417,3.95136
STAGE_MODEL_POLICY,0,23.382719632998487,3.95136
STAGE_MODEL_POLICY,0,23.43691466999735,3.95136
STAGE_MODEL_POLICY,0,23.49120713299999,3.95136
STAGE_MODEL_POLICY,0,23.545480290998967,3.99168
STAGE_MODEL_POLICY,0,23.599686212997767,3.95136
STAGE_MODEL_POLICY,0,23.65385265799705,3.95136
STAGE_MODEL_POLICY,0,23.708009785998,3.99168
STAGE_MODEL_POLICY,0,23.762189773999125,3.95136
STAGE_MODEL_POLICY,0,23.8163903809982,3.99168
STAGE_MODEL_POLICY,0,23.870593708998058,3.95136
STAGE_MODEL_POLICY,0,23.924778947999584,3.95136
STAGE_MODEL_POLICY,0,23.978914720999455,3.99168
STAGE_MODEL_POLICY,0,24.033094644997618,3.95136
STAGE_MODEL_POLICY,0,24.087264679998043,3.95136
STAGE_MODEL_POLICY,0,24.14139963499838,3.99168
STAGE_MODEL_POLICY,0,24.195552999997744,3.95136
STAGE_MODEL_POLICY,0,24.249706300997786,3.99168
STAGE_MODEL_POLICY,0,24.304483482999785,3.95136
STAGE_MODEL_POLICY,0,24.359328475999064,3.95136
STAGE_MODEL_POLICY,0,24.413486515997647,3.99168
STAGE_MODEL_POLICY,0,24.467729687999963,3.95136
STAGE_MODEL_POLICY,0,24.52198726699862,3.95136
STAGE_MODEL_POLICY,0,24.57704225999987,3.99168
STAGE_MODEL_POLICY,0,24.631993101997068,3.95136
STAGE_MODEL_POLICY,0,24.686819365997508,3.95136
STAGE_MODEL_POLICY,0,24.741622161000123,3.99168
STAGE_MODEL_POLICY,0,24.796091565000097,3.95136
STAGE_MODEL_POLICY,0,24.850672066997504,3.95136
STAGE_MODEL_POLICY,0,24.905002868999873,3.95136
STAGE_MODEL_POLICY,0,24.95926275399688,3.95136
STAGE_MODEL_POLICY,0,25.013479383997037,3.99168
STAGE_MODEL_POLICY,0,25.067689284998778,3.95136
STAGE_MODEL_POLICY,0,25.121948832998896,3.95136
STAGE_MODEL_POLICY,0,25.17620322699804,3.99168
STAGE_MODEL_POLICY,0,25.230467706998752,3.95136
STAGE_MODEL_POLICY,0,25.28464919799808,3.99168
STAGE_MODEL_POLICY,0,25.338847754999733,3.95136
STAGE_MODEL_POLICY,0,25.393078391996823,3.95136
STAGE_MODEL_POLICY,0,25.44724509200023,3.99168
STAGE_MODEL_POLICY,0,25.50149314599912,3.95136
STAGE_MODEL_POLICY,0,25.555837699997937,3.95136
STAGE_MODEL_POLICY,0,25.60999063199779,3.99168
STAGE_MODEL_POLICY,0,25.66415477099872,3.95136
STAGE_MODEL_POLICY,0,25.718409356999473,3.95136
STAGE_MODEL_POLICY,0,25.772630260998994,3.95136
STAGE_MODEL_POLICY,0,25.827046243997756,3.95136
STAGE_MODEL_POLICY,0,25.881428193999454,3.99168
STAGE_MODEL_POLICY,0,25.93569308899896,3.95136
STAGE_MODEL_POLICY,0,25.990173266000056,3.95136
STAGE_MODEL_POLICY,0,26.04438069099706,3.99168
STAGE_MODEL_POLICY,0,26.098584785999265,3.95136
STAGE_MODEL_POLICY,0,26.15368613999817,3.95136
STAGE_MODEL_POLICY,0,26.20795005999753,3.99168
STAGE_MODEL_POLICY,0,26.262255697998626,3.95136
STAGE_MODEL_POLICY,0,26.317030127996986,3.95136
STAGE_MODEL_POLICY,0,26.371812752997357,3.95136
STAGE_MODEL_POLICY,0,26.4260229169995,3.95136
STAGE_MODEL_POLICY,0,26.480299291997653,3.99168
STAGE_MODEL_POLICY,0,26.53488757499872,3.95136
STAGE_MODEL_POLICY,0,26.58954254999844,3.95136
STAGE_MODEL_POLICY,0,26.64399469699856,3.99168
STAGE_MODEL_POLICY,0,26.69822247099728,3.95136
STAGE_MODEL_POLICY,0,26.75241954000012,3.99168
STAGE_MODEL_POLICY,0,26.806595317997562,3.99168
STAGE_MODEL_POLICY,0,26.86080535399742,3.95136
STAGE_MODEL_POLICY,0,26.91512210200017,3.99168
STAGE_MODEL_POLICY,0,26.969312799999898,3.95136
STAGE_MODEL_POLICY,0,27.023511277999205,3.95136
STAGE_MODEL_POLICY,0,27.077717262996885,3.99168
STAGE_MODEL_POLICY,0,27.131978576999245,3.95136
STAGE_MODEL_POLICY,0,27.186353934997896,3.95136
STAGE_MODEL_POLICY,0,27.240578685999935,3.99168
STAGE_MODEL_POLICY,0,27.294857864999358,3.95136
STAGE_MODEL_POLICY,0,27.349067055998603,3.99168
STAGE_MODEL_POLICY,0,27.403260397997656,3.95136
STAGE_MODEL_POLICY,0,27.457478841999546,3.95136
STAGE_MODEL_POLICY,0,27.511721585997293,3.99168
STAGE_MODEL_POLICY,0,27.565972622996924,3.95136
STAGE_MODEL_POLICY,0,27.62014521799938,3.95136
STAGE_MODEL_POLICY,0,27.674322232000122,3.99168
STAGE_MODEL_POLICY,0,27.728555978999793,3.95136
STAGE_MODEL_POLICY,0,27.782742693998443,3.95136
STAGE_MODEL_POLICY,0,27.836918940000032,3.95136
STAGE_MODEL_POLICY,0,27.891212077996897,3.95136
STAGE_MODEL_POLICY,0,27.945608054997138,3.99168
STAGE_MODEL_POLICY,0,27.99981766199926,3.95136
STAGE_MODEL_POLICY,0,28.05534809099845,3.95136
STAGE_MODEL_POLICY,0,28.11086851899745,3.99168
STAGE_MODEL_POLICY,0,28.166324431997054,3.95136
STAGE_MODEL_POLICY,0,28.221167127998342,3.95136
STAGE_MODEL_POLICY,0,28.276037069997983,3.99168
STAGE_MODEL_POLICY,0,28.330812625998078,3.95136
STAGE_MODEL_POLICY,0,28.38552706199698,3.95136
STAGE_MODEL_POLICY,0,28.43996672999856,3.95136
STAGE_MODEL_POLICY,0,28.49428844799695,3.95136
STAGE_MODEL_POLICY,0,28.54858717800016,3.99168
STAGE_MODEL_POLICY,0,28.603077752999525,3.95136
STAGE_MODEL_POLICY,0,28.657328809997125,3.95136
STAGE_MODEL_POLICY,0,28.711504594997677,3.99168
STAGE_MODEL_POLICY,0,28.76571287799743,3.95136
STAGE_MODEL_POLICY,0,28.81994750999729,3.99168
STAGE_MODEL_POLICY,0,28.87415031799901,3.99168
STAGE_MODEL_POLICY,0,28.928426923997904,3.95136
STAGE_MODEL_POLICY,0,28.982628994999686,3.99168
STAGE_MODEL_POLICY,0,29.036830361998,3.95136
STAGE_MODEL_POLICY,0,29.091122597998037,3.95136
STAGE_MODEL_POLICY,0,29.145306377999077,3.99168
STAGE_MODEL_POLICY,0,29.19959305899829,3.95136
STAGE_MODEL_POLICY,0,29.253833892998955,3.95136
STAGE_MODEL_POLICY,0,29.308001823999803,3.99168
STAGE_MODEL_POLICY,0,29.362229626000044,3.95136
STAGE_MODEL_POLICY,0,29.416382765997696,3.95136
STAGE_MODEL_POLICY,0,29.470566832998884,3.95136
STAGE_MODEL_POLICY,0,29.52482005699858,3.95136
STAGE_MODEL_POLICY,0,29.579008286997123,3.99168
STAGE_MODEL_POLICY,0,29.633181084998796,3.95136
STAGE_MODEL_POLICY,0,29.687454926999635,3.95136
STAGE_MODEL_POLICY,0,29.741603872997075,3.99168
STAGE_MODEL_POLICY,0,29.796563770996727,3.95136
STAGE_MODEL_POLICY,0,29.850784753998596,3.95136
STAGE_MODEL_POLICY,0,29.90503083799922,3.95136
STAGE_MODEL_POLICY,0,29.959442159997707,3.95136
STAGE_FULL_PIPELINE,0,0.0005641669995384291,3.91104
STAGE_FULL_PIPELINE,0,0.05517436700029066,3.95136
STAGE_FULL_PIPELINE,0,0.10931309000079636,3.99168
STAGE_FULL_PIPELINE,0,0.164106266998715,3.95136
STAGE_FULL_PIPELINE,0,0.21873119700103416,3.95136
STAGE_FULL_PIPELINE,0,0.27343190999818034,3.95136
STAGE_FULL_PIPELINE,0,0.3278742479997163,3.95136
STAGE_FULL_PIPELINE,0,0.3821119019994512,3.95136
STAGE_FULL_PIPELINE,0,0.4363205180015939,3.95136
STAGE_FULL_PIPELINE,0,0.4906301139999414,3.95136
STAGE_FULL_PIPELINE,0,0.5449262959991756,3.99168
STAGE_FULL_PIPELINE,0,0.5991367040005571,3.95136
STAGE_FULL_PIPELINE,0,0.6533189379988471,3.95136
STAGE_FULL_PIPELINE,0,0.7075007550010923,3.95136
STAGE_FULL_PIPELINE,0,0.7616900329994678,3.95136
STAGE_FULL_PIPELINE,0,0.815849630998855,3.99168
STAGE_FULL_PIPELINE,0,0.8701037739992898,3.95136
STAGE_FULL_PIPELINE,0,0.9244426660006866,3.95136
STAGE_FULL_PIPELINE,0,0.9786491039994871,3.99168
STAGE_FULL_PIPELINE,0,1.032886534998397,3.95136
STAGE_FULL_PIPELINE,0,1.0872221589997935,3.99168
STAGE_FULL_PIPELINE,0,1.1414132220015745,3.99168
STAGE_FULL_PIPELINE,0,1.195612865001749,3.95136
STAGE_FULL_PIPELINE,0,1.2497694459998456,3.99168
STAGE_FULL_PIPELINE,0,1.3044660839987046,3.95136
STAGE_FULL_PIPELINE,0,1.358705459999328,3.95136
STAGE_FULL_PIPELINE,0,1.4128949539990572,3.99168
STAGE_FULL_PIPELINE,0,1.4671744789993681,3.95136
STAGE_FULL_PIPELINE,0,1.52203539599941,3.95136
STAGE_FULL_PIPELINE,0,1.577471364998928,3.99168
STAGE_FULL_PIPELINE,0,1.6335239120016922,3.95136
STAGE_FULL_PIPELINE,0,1.6877794569991238,3.99168
STAGE_FULL_PIPELINE,0,1.7419741689991497,3.99168
STAGE_FULL_PIPELINE,0,1.7983112809997692,3.95136
STAGE_FULL_PIPELINE,0,1.852694443998189,3.99168
STAGE_FULL_PIPELINE,0,1.906937118001224,3.99168
STAGE_FULL_PIPELINE,0,1.961685144000512,3.95136
STAGE_FULL_PIPELINE,0,2.0161278580017097,3.99168
STAGE_FULL_PIPELINE,0,2.0703245350014186,3.95136
STAGE_FULL_PIPELINE,0,2.1245766149986594,3.95136
STAGE_FULL_PIPELINE,0,2.1788169130013557,3.99168
STAGE_FULL_PIPELINE,0,2.2331511480006156,3.95136
STAGE_FULL_PIPELINE,0,2.2874368140001025,3.99168
STAGE_FULL_PIPELINE,0,2.3416343690005306,3.99168
STAGE_FULL_PIPELINE,0,2.395841466001002,3.95136
STAGE_FULL_PIPELINE,0,2.4500898320002307,3.99168
STAGE_FULL_PIPELINE,0,2.504370694998215,3.95136
STAGE_FULL_PIPELINE,0,2.558582595000189,3.95136
STAGE_FULL_PIPELINE,0,2.612795101998927,3.99168
STAGE_FULL_PIPELINE,0,2.6670190719996754,3.95136
STAGE_FULL_PIPELINE,0,2.7212847269984195,3.95136
STAGE_FULL_PIPELINE,0,2.7754510660015512,3.99168
STAGE_FULL_PIPELINE,0,2.8297318010008894,3.95136
STAGE_FULL_PIPELINE,0,2.88391270899956,3.95136
STAGE_FULL_PIPELINE,0,2.938197734001733,3.95136
STAGE_FULL_PIPELINE,0,2.9924117459995614,3.99168
STAGE_FULL_PIPELINE,0,3.0467901949996303,3.99168
STAGE_FULL_PIPELINE,0,3.101005193999299,3.95136
STAGE_FULL_PIPELINE,0,3.1552759670012165,3.99168
STAGE_FULL_PIPELINE,0,3.2094457269995473,3.99168
STAGE_FULL_PIPELINE,0,3.2636744619994715,3.95136
STAGE_FULL_PIPELINE,0,3.3183392319988343,3.99168
STAGE_FULL_PIPELINE,0,3.373315331999038,3.99168
STAGE_FULL_PIPELINE,0,3.4276334889982536,3.95136
STAGE_FULL_PIPELINE,0,3.482110961998842,3.99168
STAGE_FULL_PIPELINE,0,3.53671374699843,3.95136
STAGE_FULL_PIPELINE,0,3.591612014999555,3.95136
STAGE_FULL_PIPELINE,0,3.646212944000581,3.99168
STAGE_FULL_PIPELINE,0,3.7009335510010715,3.95136
STAGE_FULL_PIPELINE,0,3.755660273000103,3.95136
STAGE_FULL_PIPELINE,0,3.8103284370008623,3.99168
STAGE_FULL_PIPELINE,0,3.8651048169995192,3.95136
STAGE_FULL_PIPELINE,0,3.9195148940016225,3.99168
STAGE_FULL_PIPELINE,0,3.9737436610012082,3.99168
STAGE_FULL_PIPELINE,0,4.028111283998442,3.99168
STAGE_FULL_PIPELINE,0,4.082373994999216,3.99168
STAGE_FULL_PIPELINE,0,4.136639512998954,3.95136
STAGE_FULL_PIPELINE,0,4.190893601000425,3.95136
STAGE_FULL_PIPELINE,0,4.245100721000199,3.99168
STAGE_FULL_PIPELINE,0,4.299323496001307,3.95136
STAGE_FULL_PIPELINE,0,4.3535664420014655,3.95136
STAGE_FULL_PIPELINE,0,4.4077582899990375,3.99168
STAGE_FULL_PIPELINE,0,4.462064532999648,3.95136
STAGE_FULL_PIPELINE,0,4.516319548998581,3.99168
STAGE_FULL_PIPELINE,0,4.570540116001212,3.95136
STAGE_FULL_PIPELINE,0,4.624761227001727,3.95136
STAGE_FULL_PIPELINE,0,4.678921088998322,3.99168
STAGE_FULL_PIPELINE,0,4.733136757000466,3.95136
STAGE_FULL_PIPELINE,0,4.787339425998653,3.95136
STAGE_FULL_PIPELINE,0,4.841535531999398,3.99168
STAGE_FULL_PIPELINE,0,4.895783697000297,3.95136
STAGE_FULL_PIPELINE,0,4.950885554000706,3.95136
STAGE_FULL_PIPELINE,0,5.005173644000024,3.95136
STAGE_FULL_PIPELINE,0,5.059662594001566,3.95136
STAGE_FULL_PIPELINE,0,5.113949238999339,3.99168
STAGE_FULL_PIPELINE,0,5.168681908999133,3.95136
STAGE_FULL_PIPELINE,0,5.227837742000702,3.95136
STAGE_FULL_PIPELINE,0,5.282005157001549,3.99168
STAGE_FULL_PIPELINE,0,5.3366968459995405,3.95136
STAGE_FULL_PIPELINE,0,5.391432205000456,3.99168
STAGE_FULL_PIPELINE,0,5.445657890999428,3.99168
STAGE_FULL_PIPELINE,0,5.50018901599833,3.95136
STAGE_FULL_PIPELINE,0,5.555661941998551,3.95136
STAGE_FULL_PIPELINE,0,5.611274172999401,3.99168
STAGE_FULL_PIPELINE,0,5.6655264330001955,3.95136
STAGE_FULL_PIPELINE,0,5.7201726579987735,3.95136
STAGE_FULL_PIPELINE,0,5.774628608000057,3.99168
STAGE_FULL_PIPELINE,0,5.829396016000828,3.95136
STAGE_FULL_PIPELINE,0,5.883823406998999,3.95136
STAGE_FULL_PIPELINE,0,5.938093564000155,3.95136
STAGE_FULL_PIPELINE,0,5.9923205630002485,3.95136
STAGE_FULL_PIPELINE,0,6.046597920001659,3.99168
STAGE_FULL_PIPELINE,0,6.100874670999474,3.95136
STAGE_FULL_PIPELINE,0,6.155183086000761,3.99168
STAGE_FULL_PIPELINE,0,6.2094391220016405,3.99168
STAGE_FULL_PIPELINE,0,6.263749074998486,3.95136
STAGE_FULL_PIPELINE,0,6.317922316000477,3.99168
STAGE_FULL_PIPELINE,0,6.372150816998328,3.95136
STAGE_FULL_PIPELINE,0,6.426371282999753,3.95136
STAGE_FULL_PIPELINE,0,6.480639549998159,3.99168
STAGE_FULL_PIPELINE,0,6.53495267100152,3.95136
STAGE_FULL_PIPELINE,0,6.589270595999551,3.95136
STAGE_FULL_PIPELINE,0,6.643536749001214,3.99168
STAGE_FULL_PIPELINE,0,6.697737012000289,3.95136
STAGE_FULL_PIPELINE,0,6.751900999999634,3.99168
STAGE_FULL_PIPELINE,0,6.806191102001321,3.99168
STAGE_FULL_PIPELINE,0,6.86044905900053,3.95136
STAGE_FULL_PIPELINE,0,6.914693056998658,3.99168
STAGE_FULL_PIPELINE,0,6.969486779998988,3.95136
STAGE_FULL_PIPELINE,0,7.024384462001763,3.99168
STAGE_FULL_PIPELINE,0,7.078658819998964,3.99168
STAGE_FULL_PIPELINE,0,7.133117584999127,3.95136
STAGE_FULL_PIPELINE,0,7.18744213500031,3.99168
STAGE_FULL_PIPELINE,0,7.242225707999751,3.99168
STAGE_FULL_PIPELINE,0,7.296722028000659,3.95136
STAGE_FULL_PIPELINE,0,7.351165392999974,3.99168
STAGE_FULL_PIPELINE,0,7.405408973001613,3.95136
STAGE_FULL_PIPELINE,0,7.459695424000529,3.95136
STAGE_FULL_PIPELINE,0,7.513976113001263,3.99168
STAGE_FULL_PIPELINE,0,7.568192063001334,3.95136
STAGE_FULL_PIPELINE,0,7.622536047998437,3.99168
STAGE_FULL_PIPELINE,0,7.67677329000071,3.99168
STAGE_FULL_PIPELINE,0,7.730994875000761,3.95136
STAGE_FULL_PIPELINE,0,7.785188382000342,3.95136
STAGE_FULL_PIPELINE,0,7.839416466998955,3.95136
STAGE_FULL_PIPELINE,0,7.89363923700148,3.95136
STAGE_FULL_PIPELINE,0,7.947839530999772,3.95136
STAGE_FULL_PIPELINE,0,8.002045909001026,3.95136
STAGE_FULL_PIPELINE,0,8.056384570001683,3.95136
STAGE_FULL_PIPELINE,0,8.110604202000104,3.99168
STAGE_FULL_PIPELINE,0,8.164895776000776,3.95136
STAGE_FULL_PIPELINE,0,8.219152675999794,3.99168
STAGE_FULL_PIPELINE,0,8.27334730399889,3.99168
STAGE_FULL_PIPELINE,0,8.32753149400014,3.95136
STAGE_FULL_PIPELINE,0,8.381672974999674,3.99168
STAGE_FULL_PIPELINE,0,8.43586856299953,3.95136
STAGE_FULL_PIPELINE,0,8.490158503998828,3.95136
STAGE_FULL_PIPELINE,0,8.544883869999467,3.99168
STAGE_FULL_PIPELINE,0,8.59990500600179,3.95136
STAGE_FULL_PIPELINE,0,8.65499232000002,3.95136
STAGE_FULL_PIPELINE,0,8.709454317999189,3.99168
STAGE_FULL_PIPELINE,0,8.765911813999992,3.95136
STAGE_FULL_PIPELINE,0,8.820181424998736,3.95136
STAGE_FULL_PIPELINE,0,8.874369777000538,3.99168
STAGE_FULL_PIPELINE,0,8.928921742000966,3.95136
STAGE_FULL_PIPELINE,0,8.983604013999866,3.99168
STAGE_FULL_PIPELINE,0,9.038063546999183,3.95136
STAGE_FULL_PIPELINE,0,9.092500479000591,3.99168
STAGE_FULL_PIPELINE,0,9.146946854001726,3.99168
STAGE_FULL_PIPELINE,0,9.201430401000835,3.95136
STAGE_FULL_PIPELINE,0,9.25576113200077,3.99168
STAGE_FULL_PIPELINE,0,9.309943082000245,3.99168
STAGE_FULL_PIPELINE,0,9.364155993000168,3.95136
STAGE_FULL_PIPELINE,0,9.418335638001736,3.99168
STAGE_FULL_PIPELINE,0,9.472600736000459,3.95136
STAGE_FULL_PIPELINE,0,9.526938767001411,3.95136
STAGE_FULL_PIPELINE,0,9.581137206001586,3.99168
STAGE_FULL_PIPELINE,0,9.6353700940017,3.95136
STAGE_FULL_PIPELINE,0,9.689585534000798,3.99168
STAGE_FULL_PIPELINE,0,9.743748467000842,3.99168
STAGE_FULL_PIPELINE,0,9.797994833999837,3.95136
STAGE_FULL_PIPELINE,0,9.852149026999541,3.99168
STAGE_FULL_PIPELINE,0,9.906325086001743,3.99168
STAGE_FULL_PIPELINE,0,9.960490484001639,3.95136
STAGE_FULL_PIPELINE,0,10.014658475000033,3.99168
STAGE_FULL_PIPELINE,0,10.068823378998786,3.95136
STAGE_FULL_PIPELINE,0,10.122972867000499,3.99168
STAGE_FULL_PIPELINE,0,10.177175790999172,3.99168
STAGE_FULL_PIPELINE,0,10.231425907000812,3.95136
STAGE_FULL_PIPELINE,0,10.285589546001574,3.99168
STAGE_FULL_PIPELINE,0,10.339949991001049,3.99168
STAGE_FULL_PIPELINE,0,10.395514994001132,3.99168
STAGE_FULL_PIPELINE,0,10.449704566999571,3.99168
STAGE_FULL_PIPELINE,0,10.504266043000825,3.99168
STAGE_FULL_PIPELINE,0,10.558985970001231,3.99168
STAGE_FULL_PIPELINE,0,10.613444449998497,3.99168
STAGE_FULL_PIPELINE,0,10.667821447001188,3.99168
STAGE_FULL_PIPELINE,0,10.722438056000101,3.99168
STAGE_FULL_PIPELINE,0,10.776744072998554,4.032
STAGE_FULL_PIPELINE,0,10.831500338001206,3.99168
STAGE_FULL_PIPELINE,0,10.886236433001613,4.07232
STAGE_FULL_PIPELINE,0,10.941052570000465,4.2336
STAGE_FULL_PIPELINE,0,10.995830446001492,4.2336
STAGE_FULL_PIPELINE,0,11.05042361699816,4.2336
STAGE_FULL_PIPELINE,0,11.10477986999831,4.19328
STAGE_FULL_PIPELINE,0,11.15897770599986,4.15296
STAGE_FULL_PIPELINE,0,11.213312477000727,4.15296
STAGE_FULL_PIPELINE,0,11.26754319400061,4.11264
STAGE_FULL_PIPELINE,0,11.321857282000565,4.11264
STAGE_FULL_PIPELINE,0,11.3761252660006,4.15296
STAGE_FULL_PIPELINE,0,11.43034810699828,4.15296
STAGE_FULL_PIPELINE,0,11.485497794001276,4.2336
STAGE_FULL_PIPELINE,0,11.540777053000056,4.27392
STAGE_FULL_PIPELINE,0,11.595417869000812,4.19328
STAGE_FULL_PIPELINE,0,11.649710538000363,4.19328
STAGE_FULL_PIPELINE,0,11.703991233000124,4.15296
STAGE_FULL_PIPELINE,0,11.758223806999013,4.11264
STAGE_FULL_PIPELINE,0,11.812410021000687,4.11264
STAGE_FULL_PIPELINE,0,11.866608721000375,4.07232
STAGE_FULL_PIPELINE,0,11.920925211001304,4.07232
STAGE_FULL_PIPELINE,0,11.975093494998873,4.07232
STAGE_FULL_PIPELINE,0,12.029409311999189,4.07232
STAGE_FULL_PIPELINE,0,12.083652078999876,4.07232
STAGE_FULL_PIPELINE,0,12.137903098999232,4.032
STAGE_FULL_PIPELINE,0,12.192176370001107,4.032
STAGE_FULL_PIPELINE,0,12.246474454001145,4.07232
STAGE_FULL_PIPELINE,0,12.300742409999657,4.032
STAGE_FULL_PIPELINE,0,12.355092295998475,4.032
STAGE_FULL_PIPELINE,0,12.409303454998735,4.032
STAGE_FULL_PIPELINE,0,12.463559948999318,3.99168
STAGE_FULL_PIPELINE,0,12.51780456599954,3.99168
STAGE_FULL_PIPELINE,0,12.572052159001032,3.99168
STAGE_FULL_PIPELINE,0,12.62624846199833,3.99168
STAGE_FULL_PIPELINE,0,12.680455298999732,3.99168
STAGE_FULL_PIPELINE,0,12.734650385998975,3.95136
STAGE_FULL_PIPELINE,0,12.78885277199879,3.99168
STAGE_FULL_PIPELINE,0,12.843015713999193,3.99168
STAGE_FULL_PIPELINE,0,12.897606365000684,3.95136
STAGE_FULL_PIPELINE,0,12.951827288998174,3.99168
STAGE_FULL_PIPELINE,0,13.006024104000971,3.99168
STAGE_FULL_PIPELINE,0,13.06030594600088,3.99168
STAGE_FULL_PIPELINE,0,13.114541441998881,3.99168
STAGE_FULL_PIPELINE,0,13.16876970299927,3.95136
STAGE_FULL_PIPELINE,0,13.222953716998745,3.99168
STAGE_FULL_PIPELINE,0,13.277323842001351,3.99168
STAGE_FULL_PIPELINE,0,13.331520374998945,3.95136
STAGE_FULL_PIPELINE,0,13.385685115001252,3.99168
STAGE_FULL_PIPELINE,0,13.439839833001315,3.99168
STAGE_FULL_PIPELINE,0,13.494013761999668,3.99168
STAGE_FULL_PIPELINE,0,13.548165406999033,3.99168
STAGE_FULL_PIPELINE,0,13.602424274999066,3.95136
STAGE_FULL_PIPELINE,0,13.656679750001786,3.99168
STAGE_FULL_PIPELINE,0,13.710944509999536,3.99168
STAGE_FULL_PIPELINE,0,13.765177637000306,3.95136
STAGE_FULL_PIPELINE,0,13.819437369998923,3.99168
STAGE_FULL_PIPELINE,0,13.873767122000572,3.99168
STAGE_FULL_PIPELINE,0,13.928000025000074,3.95136
STAGE_FULL_PIPELINE,0,13.982195084998239,3.99168
STAGE_FULL_PIPELINE,0,14.036526567000692,3.95136
STAGE_FULL_PIPELINE,0,14.090712189001351,3.99168
STAGE_FULL_PIPELINE,0,14.144908407000912,3.99168
STAGE_FULL_PIPELINE,0,14.19914832699942,3.95136
STAGE_FULL_PIPELINE,0,14.25339128899941,3.99168
STAGE_FULL_PIPELINE,0,14.307738368999708,3.99168
STAGE_FULL_PIPELINE,0,14.362025258000358,3.95136
STAGE_FULL_PIPELINE,0,14.416218146001484,3.99168
STAGE_FULL_PIPELINE,0,14.470417565000389,3.95136
STAGE_FULL_PIPELINE,0,14.524681274000613,3.95136
STAGE_FULL_PIPELINE,0,14.578858698001568,3.99168
STAGE_FULL_PIPELINE,0,14.633071596999798,3.95136
STAGE_FULL_PIPELINE,0,14.687259009999252,3.95136
STAGE_FULL_PIPELINE,0,14.74149387199941,3.99168
STAGE_FULL_PIPELINE,0,14.795694379998167,3.95136
STAGE_FULL_PIPELINE,0,14.849896233001346,3.99168
STAGE_FULL_PIPELINE,0,14.904170122001233,3.95136
STAGE_FULL_PIPELINE,0,14.95838801499849,3.95136
STAGE_FULL_PIPELINE,0,15.012589803998708,3.99168
STAGE_FULL_PIPELINE,0,15.066921951998665,3.95136
STAGE_FULL_PIPELINE,0,15.121184930998425,3.99168
STAGE_FULL_PIPELINE,0,15.175403214001562,3.99168
STAGE_FULL_PIPELINE,0,15.229675318001682,3.95136
STAGE_FULL_PIPELINE,0,15.283855310000945,3.99168
STAGE_FULL_PIPELINE,0,15.338240142998984,3.95136
STAGE_FULL_PIPELINE,0,15.392458299000282,3.95136
STAGE_FULL_PIPELINE,0,15.446631599999819,3.99168
STAGE_FULL_PIPELINE,0,15.500827312000183,3.95136
STAGE_FULL_PIPELINE,0,15.555005158999847,3.95136
STAGE_FULL_PIPELINE,0,15.609199815000466,3.99168
STAGE_FULL_PIPELINE,0,15.663415505001467,3.95136
STAGE_FULL_PIPELINE,0,15.717579552998359,3.99168
STAGE_FULL_PIPELINE,0,15.771814774001541,3.95136
STAGE_FULL_PIPELINE,0,15.826000176999514,3.95136
STAGE_FULL_PIPELINE,0,15.88017264500013,3.99168
STAGE_FULL_PIPELINE,0,15.934351195999625,3.95136
STAGE_FULL_PIPELINE,0,15.988676094999391,4.032
STAGE_FULL_PIPELINE,0,16.04291419600122,3.99168
STAGE_FULL_PIPELINE,0,16.09719110899823,4.032
STAGE_FULL_PIPELINE,0,16.15147564200015,4.032
STAGE_FULL_PIPELINE,0,16.205673890999606,4.032
STAGE_FULL_PIPELINE,0,16.259883057999104,3.99168
STAGE_FULL_PIPELINE,0,16.316921998000907,4.032
STAGE_FULL_PIPELINE,0,16.37138319799851,3.99168
STAGE_FULL_PIPELINE,0,16.425730579998344,3.99168
STAGE_FULL_PIPELINE,0,16.479988379000133,4.032
STAGE_FULL_PIPELINE,0,16.53433803399821,3.99168
STAGE_FULL_PIPELINE,0,16.589132557000994,3.99168
STAGE_FULL_PIPELINE,0,16.645457243001147,3.99168
STAGE_FULL_PIPELINE,0,16.70045644700076,3.95136
STAGE_FULL_PIPELINE,0,16.75718870199853,3.99168
STAGE_FULL_PIPELINE,0,16.811418134999258,3.99168
STAGE_FULL_PIPELINE,0,16.865690406000795,3.95136
STAGE_FULL_PIPELINE,0,16.919886349998706,3.99168
STAGE_FULL_PIPELINE,0,16.976224130001356,3.99168
STAGE_FULL_PIPELINE,0,17.03046079900014,3.95136
STAGE_FULL_PIPELINE,0,17.084695367000677,3.99168
STAGE_FULL_PIPELINE,0,17.138883185998566,3.99168
STAGE_FULL_PIPELINE,0,17.19419811300031,3.99168
STAGE_FULL_PIPELINE,0,17.249008875998697,3.99168
STAGE_FULL_PIPELINE,0,17.303757559999212,3.95136
STAGE_FULL_PIPELINE,0,17.3582107000002,3.99168
STAGE_FULL_PIPELINE,0,17.412441870001203,3.99168
STAGE_FULL_PIPELINE,0,17.46684371900119,3.95136
STAGE_FULL_PIPELINE,0,17.522159126001497,3.95136
STAGE_FULL_PIPELINE,0,17.57680449200052,3.99168
STAGE_FULL_PIPELINE,0,17.631496219000837,3.95136
STAGE_FULL_PIPELINE,0,17.686153623999417,3.95136
STAGE_FULL_PIPELINE,0,17.740580477999174,3.95136
STAGE_FULL_PIPELINE,0,17.794851765000203,3.95136
STAGE_FULL_PIPELINE,0,17.84903302100065,3.99168
STAGE_FULL_PIPELINE,0,17.903228781000507,3.95136
STAGE_FULL_PIPELINE,0,17.9574623519984,3.95136
STAGE_FULL_PIPELINE,0,18.01168993600004,3.99168
STAGE_FULL_PIPELINE,0,18.065985321998596,3.95136
STAGE_FULL_PIPELINE,0,18.120249316998525,3.99168
STAGE_FULL_PIPELINE,0,18.174440859998867,3.99168
STAGE_FULL_PIPELINE,0,18.228705688001355,3.95136
STAGE_FULL_PIPELINE,0,18.282886248998693,3.99168
STAGE_FULL_PIPELINE,0,18.337091109999164,3.95136
STAGE_FULL_PIPELINE,0,18.391323088999343,3.95136
STAGE_FULL_PIPELINE,0,18.44549692700093,3.99168
STAGE_FULL_PIPELINE,0,18.499689206000767,3.95136
STAGE_FULL_PIPELINE,0,18.553885647001152,3.99168
STAGE_FULL_PIPELINE,0,18.60808016699957,3.99168
STAGE_FULL_PIPELINE,0,18.662261559999024,3.95136
STAGE_FULL_PIPELINE,0,18.716398545999255,3.99168
STAGE_FULL_PIPELINE,0,18.770560730001307,3.95136
STAGE_FULL_PIPELINE,0,18.82475063899983,3.95136
STAGE_FULL_PIPELINE,0,18.878903474000253,3.99168
STAGE_FULL_PIPELINE,0,18.933169806998194,3.95136
STAGE_FULL_PIPELINE,0,18.989045156999055,3.95136
STAGE_FULL_PIPELINE,0,19.043455948001792,3.99168
STAGE_FULL_PIPELINE,0,19.0988374869994,3.95136
STAGE_FULL_PIPELINE,0,19.153560318998643,3.95136
STAGE_FULL_PIPELINE,0,19.209644072998344,3.99168
STAGE_FULL_PIPELINE,0,19.265013668999018,3.95136
STAGE_FULL_PIPELINE,0,19.31993244199839,3.99168
STAGE_FULL_PIPELINE,0,19.374947936001263,3.99168
STAGE_FULL_PIPELINE,0,19.429555382001126,3.95136
STAGE_FULL_PIPELINE,0,19.484108142998593,3.99168
STAGE_FULL_PIPELINE,0,19.539335361998383,3.99168
STAGE_FULL_PIPELINE,0,19.5944944820003,3.95136
STAGE_FULL_PIPELINE,0,19.648900544001663,3.99168
STAGE_FULL_PIPELINE,0,19.70356055999946,3.95136
STAGE_FULL_PIPELINE,0,19.75999351700011,3.95136
STAGE_FULL_PIPELINE,0,19.814215293001325,3.99168
STAGE_FULL_PIPELINE,0,19.868438989000424,3.95136
STAGE_FULL_PIPELINE,0,19.92290613899968,3.95136
STAGE_FULL_PIPELINE,0,19.978993125998386,3.99168
STAGE_FULL_PIPELINE,0,20.033226523999474,3.95136
STAGE_FULL_PIPELINE,0,20.087521696001204,3.99168
STAGE_FULL_PIPELINE,0,20.142194369000208,3.99168
STAGE_FULL_PIPELINE,0,20.197103418999177,3.95136
STAGE_FULL_PIPELINE,0,20.25133365700094,3.99168
STAGE_FULL_PIPELINE,0,20.305554097998538,3.95136
STAGE_FULL_PIPELINE,0,20.359759523998946,3.95136
STAGE_FULL_PIPELINE,0,20.413992066998617,3.99168
STAGE_FULL_PIPELINE,0,20.468199957998877,3.95136
STAGE_FULL_PIPELINE,0,20.522487280999485,3.95136
STAGE_FULL_PIPELINE,0,20.57664263300103,3.99168
STAGE_FULL_PIPELINE,0,20.630833170998812,3.95136
STAGE_FULL_PIPELINE,0,20.684973890998663,3.99168
STAGE_FULL_PIPELINE,0,20.739163116999407,3.95136
STAGE_FULL_PIPELINE,0,20.793358104998333,3.95136
STAGE_FULL_PIPELINE,0,20.847491622000234,3.99168
STAGE_FULL_PIPELINE,0,20.90169595900079,3.95136
STAGE_FULL_PIPELINE,0,20.955952961998264,3.95136
STAGE_FULL_PIPELINE,0,21.010182785001234,3.99168
STAGE_FULL_PIPELINE,0,21.06451069600007,3.95136
STAGE_FULL_PIPELINE,0,21.119171629001357,3.99168
STAGE_FULL_PIPELINE,0,21.174220184999285,4.032
STAGE_FULL_PIPELINE,0,21.228648264001095,3.99168
STAGE_FULL_PIPELINE,0,21.283117482998932,3.99168
STAGE_FULL_PIPELINE,0,21.33758510199914,3.99168
STAGE_FULL_PIPELINE,0,21.391997555998387,3.99168
STAGE_FULL_PIPELINE,0,21.44643402300062,3.99168
STAGE_FULL_PIPELINE,0,21.500706022001395,3.95136
STAGE_FULL_PIPELINE,0,21.55496367700107,3.99168
STAGE_FULL_PIPELINE,0,21.609166392001498,3.99168
STAGE_FULL_PIPELINE,0,21.663486798999656,3.95136
STAGE_FULL_PIPELINE,0,21.718469817998994,3.99168
STAGE_FULL_PIPELINE,0,21.774255358999653,3.99168
STAGE_FULL_PIPELINE,0,21.82860131599955,3.95136
STAGE_FULL_PIPELINE,0,21.883635400001367,3.99168
STAGE_FULL_PIPELINE,0,21.937843013998645,3.95136
STAGE_FULL_PIPELINE,0,21.99329932999899,3.95136
STAGE_FULL_PIPELINE,0,22.047548275000736,3.99168
STAGE_FULL_PIPELINE,0,22.101818364000792,3.95136
STAGE_FULL_PIPELINE,0,22.156545550999,3.95136
STAGE_FULL_PIPELINE,0,22.21113186599905,3.99168
STAGE_FULL_PIPELINE,0,22.26741325599869,3.95136
STAGE_FULL_PIPELINE,0,22.321617134999542,3.99168
STAGE_FULL_PIPELINE,0,22.375786213000538,3.99168
STAGE_FULL_PIPELINE,0,22.430019323001034,3.95136
STAGE_FULL_PIPELINE,0,22.484385300998838,3.99168
STAGE_FULL_PIPELINE,0,22.538629937000223,3.95136
STAGE_FULL_PIPELINE,0,22.592828757999087,3.95136
STAGE_FULL_PIPELINE,0,22.6473872509996,3.99168
STAGE_FULL_PIPELINE,0,22.702454867998313,3.95136
STAGE_FULL_PIPELINE,0,22.758445773000858,3.95136
STAGE_FULL_PIPELINE,0,22.812681636998605,3.99168
STAGE_FULL_PIPELINE,0,22.866942216998723,3.95136
STAGE_FULL_PIPELINE,0,22.921194153001125,3.95136
STAGE_FULL_PIPELINE,0,22.975386603000516,3.99168
STAGE_FULL_PIPELINE,0,23.029618304000905,3.95136
STAGE_FULL_PIPELINE,0,23.083858442998462,3.99168
STAGE_FULL_PIPELINE,0,23.138093837998895,3.95136
STAGE_FULL_PIPELINE,0,23.192788797001413,3.95136
STAGE_FULL_PIPELINE,0,23.247239535001427,3.99168
STAGE_FULL_PIPELINE,0,23.30256950599869,3.95136
STAGE_FULL_PIPELINE,0,23.358897362999414,3.95136
STAGE_FULL_PIPELINE,0,23.413093826999102,3.99168
STAGE_FULL_PIPELINE,0,23.467332648000593,3.95136
STAGE_FULL_PIPELINE,0,23.52271816799839,3.95136
STAGE_FULL_PIPELINE,0,23.577355145000183,3.99168
STAGE_FULL_PIPELINE,0,23.632035120001092,3.95136
STAGE_FULL_PIPELINE,0,23.6867064500002,3.95136
STAGE_FULL_PIPELINE,0,23.741411941999104,3.99168
STAGE_FULL_PIPELINE,0,23.795866394000768,3.95136
STAGE_FULL_PIPELINE,0,23.850041790999967,3.99168
STAGE_FULL_PIPELINE,0,23.90423527800158,3.95136
STAGE_FULL_PIPELINE,0,23.95843420700112,3.95136
STAGE_FULL_PIPELINE,0,24.01267891899988,3.99168
STAGE_FULL_PIPELINE,0,24.06696005699996,3.95136
STAGE_FULL_PIPELINE,0,24.121262508000655,3.99168
STAGE_FULL_PIPELINE,0,24.175451461000193,3.99168
STAGE_FULL_PIPELINE,0,24.229631449001317,3.95136
STAGE_FULL_PIPELINE,0,24.283802537000156,3.99168
STAGE_FULL_PIPELINE,0,24.338130216998252,3.95136
STAGE_FULL_PIPELINE,0,24.392311389998213,3.95136
STAGE_FULL_PIPELINE,0,24.446457409001596,3.99168
STAGE_FULL_PIPELINE,0,24.500622637999186,3.95136
STAGE_FULL_PIPELINE,0,24.554837939998833,3.99168
STAGE_FULL_PIPELINE,0,24.608989241998643,3.99168
STAGE_FULL_PIPELINE,0,24.664129207998485,3.95136
STAGE_FULL_PIPELINE,0,24.71886554500088,3.99168
STAGE_FULL_PIPELINE,0,24.775052061999304,3.99168
STAGE_FULL_PIPELINE,0,24.829373625998414,3.95136
STAGE_FULL_PIPELINE,0,24.88415520199851,3.99168
STAGE_FULL_PIPELINE,0,24.938405754000996,3.95136
STAGE_FULL_PIPELINE,0,24.992657426999358,3.95136
STAGE_FULL_PIPELINE,0,25.04692776400043,3.99168
STAGE_FULL_PIPELINE,0,25.10119148800004,3.95136
STAGE_FULL_PIPELINE,0,25.155518540999765,3.95136
STAGE_FULL_PIPELINE,0,25.210193034999975,3.95136
STAGE_FULL_PIPELINE,0,25.337234957001783,4.032
STAGE_FULL_PIPELINE,0,25.39151043200036,4.032
STAGE_FULL_PIPELINE,0,25.445667381998646,4.07232
STAGE_FULL_PIPELINE,0,25.499829871001566,4.032
STAGE_FULL_PIPELINE,0,25.554153273998963,4.032
STAGE_FULL_PIPELINE,0,25.608297096998285,4.032
STAGE_FULL_PIPELINE,0,25.663402211001085,3.99168
STAGE_FULL_PIPELINE,0,25.718282698999246,3.99168
STAGE_FULL_PIPELINE,0,25.77279996099969,3.99168
STAGE_FULL_PIPELINE,0,25.827581484998518,3.99168
STAGE_FULL_PIPELINE,0,25.882274644998688,3.99168
STAGE_FULL_PIPELINE,0,25.937094845998217,3.95136
STAGE_FULL_PIPELINE,0,25.993463964998227,3.99168
STAGE_FULL_PIPELINE,0,26.047728777000884,3.99168
STAGE_FULL_PIPELINE,0,26.10199232300147,3.95136
STAGE_FULL_PIPELINE,0,26.156982769000024,3.99168
STAGE_FULL_PIPELINE,0,26.211523320998822,3.99168
STAGE_FULL_PIPELINE,0,26.266005154000595,3.95136
STAGE_FULL_PIPELINE,0,26.3211872819993,3.99168
STAGE_FULL_PIPELINE,0,26.37586806499894,3.99168
STAGE_FULL_PIPELINE,0,26.43062459900102,3.95136
STAGE_FULL_PIPELINE,0,26.485819019999326,3.95136
STAGE_FULL_PIPELINE,0,26.542135870000493,3.99168
STAGE_FULL_PIPELINE,0,26.59705744800158,3.95136
STAGE_FULL_PIPELINE,0,26.651487608000025,3.99168
STAGE_FULL_PIPELINE,0,26.705709404999652,3.95136
STAGE_FULL_PIPELINE,0,26.759936548998667,3.95136
STAGE_FULL_PIPELINE,0,26.814131996998185,3.99168
STAGE_FULL_PIPELINE,0,26.868323635000706,3.95136
STAGE_FULL_PIPELINE,0,26.922577959998307,3.99168
STAGE_FULL_PIPELINE,0,26.97677827499865,3.99168
STAGE_FULL_PIPELINE,0,27.032063301998278,3.95136
STAGE_FULL_PIPELINE,0,27.086669825999707,3.99168
STAGE_FULL_PIPELINE,0,27.141540417000215,3.99168
STAGE_FULL_PIPELINE,0,27.196501646001707,3.95136
STAGE_FULL_PIPELINE,0,27.25136567300069,3.99168
STAGE_FULL_PIPELINE,0,27.30653382300079,3.95136
STAGE_FULL_PIPELINE,0,27.36158303299817,3.95136
STAGE_FULL_PIPELINE,0,27.41716906000147,3.99168
STAGE_FULL_PIPELINE,0,27.4714360149992,3.95136
STAGE_FULL_PIPELINE,0,27.526313616999687,3.95136
STAGE_FULL_PIPELINE,0,27.58071753799959,3.99168
STAGE_FULL_PIPELINE,0,27.63492798399966,3.95136
STAGE_FULL_PIPELINE,0,27.68915152399859,3.99168
STAGE_FULL_PIPELINE,0,27.743293999999878,3.99168
STAGE_FULL_PIPELINE,0,27.797467210999457,3.95136
STAGE_FULL_PIPELINE,0,27.851599505000195,3.99168
STAGE_FULL_PIPELINE,0,27.905757893000555,3.95136
STAGE_FULL_PIPELINE,0,27.9599534830013,3.95136
STAGE_FULL_PIPELINE,0,28.014167900000757,3.99168
STAGE_FULL_PIPELINE,0,28.06841537999935,3.95136
STAGE_FULL_PIPELINE,0,28.12317905099917,3.95136
STAGE_FULL_PIPELINE,0,28.177920886999345,3.99168
STAGE_FULL_PIPELINE,0,28.23292794599911,3.95136
STAGE_FULL_PIPELINE,0,28.287953221999487,3.99168
STAGE_FULL_PIPELINE,0,28.343033951001416,3.99168
STAGE_FULL_PIPELINE,0,28.398444447000657,3.95136
STAGE_FULL_PIPELINE,0,28.45294295900021,3.99168
STAGE_FULL_PIPELINE,0,28.507649320999917,3.99168
STAGE_FULL_PIPELINE,0,28.564094904999365,3.95136
STAGE_FULL_PIPELINE,0,28.618482545000006,3.99168
STAGE_FULL_PIPELINE,0,28.6728087449992,3.95136
STAGE_FULL_PIPELINE,0,28.727022440001747,3.95136
STAGE_FULL_PIPELINE,0,28.781469469999138,3.99168
STAGE_FULL_PIPELINE,0,28.837810392000392,3.95136
STAGE_FULL_PIPELINE,0,28.89207771400106,3.95136
STAGE_FULL_PIPELINE,0,28.946283084998868,3.99168
STAGE_FULL_PIPELINE,0,29.001325265999185,3.95136
STAGE_FULL_PIPELINE,0,29.055682037000224,3.99168
STAGE_FULL_PIPELINE,0,29.10992769999939,3.99168
STAGE_FULL_PIPELINE,0,29.164144035999925,3.95136
STAGE_FULL_PIPELINE,0,29.21891265299928,3.99168
STAGE_FULL_PIPELINE,0,29.273927859998366,3.99168
STAGE_FULL_PIPELINE,0,29.328924433000793,3.95136
STAGE_FULL_PIPELINE,0,29.383412202998443,3.99168
STAGE_FULL_PIPELINE,0,29.438335778999317,3.95136
STAGE_FULL_PIPELINE,0,29.493107086000236,3.95136
STAGE_FULL_PIPELINE,0,29.547553906999383,3.95136
STAGE_FULL_PIPELINE,0,29.602003034000518,3.95136
STAGE_FULL_PIPELINE,0,29.656517152998276,3.95136
STAGE_FULL_PIPELINE,0,29.71076937899852,3.99168
STAGE_FULL_PIPELINE,0,29.76558550900154,3.95136
STAGE_FULL_PIPELINE,0,29.820120183001563,3.95136
STAGE_FULL_PIPELINE,0,29.87495299299917,3.99168
STAGE_FULL_PIPELINE,0,29.929702239998733,3.95136
STAGE_FULL_PIPELINE,0,29.983942716000456,3.99168
STAGE_MODEL_THRESHOLD,0,0.0005092829997010995,3.91104
STAGE_MODEL_THRESHOLD,0,0.05493076399943675,3.95136
STAGE_MODEL_THRESHOLD,0,0.10918989000128931,3.95136
STAGE_MODEL_THRESHOLD,0,0.16347414800111437,3.91104
STAGE_MODEL_THRESHOLD,0,0.21774675300184754,3.95136
STAGE_MODEL_THRESHOLD,0,0.27200033999906736,3.95136
STAGE_MODEL_THRESHOLD,0,0.32625370300229406,3.95136
STAGE_MODEL_THRESHOLD,0,0.38044511499902,3.95136
STAGE_MODEL_THRESHOLD,0,0.43463774300107616,3.95136
STAGE_MODEL_THRESHOLD,0,0.48896186199999647,3.95136
STAGE_MODEL_THRESHOLD,0,0.5431454930003383,3.95136
STAGE_MODEL_THRESHOLD,0,0.5973488790004922,3.95136
STAGE_MODEL_THRESHOLD,0,0.6517734330009262,3.95136
STAGE_MODEL_THRESHOLD,0,0.7062104100004944,3.99168
STAGE_MODEL_THRESHOLD,0,0.7612795800014283,3.95136
STAGE_MODEL_THRESHOLD,0,0.8175725399996736,3.95136
STAGE_MODEL_THRESHOLD,0,0.8718288170020969,3.95136
STAGE_MODEL_THRESHOLD,0,0.9265146239995374,3.95136
STAGE_MODEL_THRESHOLD,0,0.9808661810020567,3.95136
STAGE_MODEL_THRESHOLD,0,1.0350670920015546,3.95136
STAGE_MODEL_THRESHOLD,0,1.0893338220012083,3.95136
STAGE_MODEL_THRESHOLD,0,1.1435868820008182,3.99168
STAGE_MODEL_THRESHOLD,0,1.1978131760006363,3.95136
STAGE_MODEL_THRESHOLD,0,1.252450238000165,3.95136
STAGE_MODEL_THRESHOLD,0,1.306637377001607,3.99168
STAGE_MODEL_THRESHOLD,0,1.3616170460009016,3.95136
STAGE_MODEL_THRESHOLD,0,1.416032556000573,3.95136
STAGE_MODEL_THRESHOLD,0,1.4707452729999204,3.95136
STAGE_MODEL_THRESHOLD,0,1.527191416000278,3.95136
STAGE_MODEL_THRESHOLD,0,1.5814124589996936,3.95136
STAGE_MODEL_THRESHOLD,0,1.6364488930012158,3.95136
STAGE_MODEL_THRESHOLD,0,1.6907756219989096,3.95136
STAGE_MODEL_THRESHOLD,0,1.745205059,3.99168
STAGE_MODEL_THRESHOLD,0,1.7994820989988511,3.95136
STAGE_MODEL_THRESHOLD,0,1.8539598810020834,3.95136
STAGE_MODEL_THRESHOLD,0,1.9090693120015203,3.99168
STAGE_MODEL_THRESHOLD,0,1.9657352780013753,3.95136
STAGE_MODEL_THRESHOLD,0,2.0199912780008162,3.95136
STAGE_MODEL_THRESHOLD,0,2.074278708001657,3.99168
STAGE_MODEL_THRESHOLD,0,2.1293016800009354,3.95136
STAGE_MODEL_THRESHOLD,0,2.183473884000705,3.95136
STAGE_MODEL_THRESHOLD,0,2.2379874130019743,3.95136
STAGE_MODEL_THRESHOLD,0,2.293334837999282,3.95136
STAGE_MODEL_THRESHOLD,0,2.348609746000875,3.95136
STAGE_MODEL_THRESHOLD,0,2.4035266159989988,3.95136
STAGE_MODEL_THRESHOLD,0,2.4586761169994134,3.95136
STAGE_MODEL_THRESHOLD,0,2.5135229990009975,3.95136
STAGE_MODEL_THRESHOLD,0,2.567716333000135,3.95136
STAGE_MODEL_THRESHOLD,0,2.622018746998947,3.95136
STAGE_MODEL_THRESHOLD,0,2.6764819790005276,3.99168
STAGE_MODEL_THRESHOLD,0,2.7307172540022293,3.95136
STAGE_MODEL_THRESHOLD,0,2.7849054660000547,3.95136
STAGE_MODEL_THRESHOLD,0,2.839909965001425,3.99168
STAGE_MODEL_THRESHOLD,0,2.894973468999524,3.95136
STAGE_MODEL_THRESHOLD,0,2.9496181050017185,3.95136
STAGE_MODEL_THRESHOLD,0,3.004346526999143,3.95136
STAGE_MODEL_THRESHOLD,0,3.059080441002152,3.95136
STAGE_MODEL_THRESHOLD,0,3.113753108998935,3.95136
STAGE_MODEL_THRESHOLD,0,3.168222633001278,3.95136
STAGE_MODEL_THRESHOLD,0,3.2224427510009264,3.95136
STAGE_MODEL_THRESHOLD,0,3.2766068400014774,3.99168
STAGE_MODEL_THRESHOLD,0,3.3307916760022636,3.95136
STAGE_MODEL_THRESHOLD,0,3.38567452999996,3.95136
STAGE_MODEL_THRESHOLD,0,3.4400652940021246,3.99168
STAGE_MODEL_THRESHOLD,0,3.49506046100214,3.95136
STAGE_MODEL_THRESHOLD,0,3.5500296960017295,3.95136
STAGE_MODEL_THRESHOLD,0,3.6050312020015554,3.95136
STAGE_MODEL_THRESHOLD,0,3.6592691850019037,3.95136
STAGE_MODEL_THRESHOLD,0,3.7144889139999577,3.95136
STAGE_MODEL_THRESHOLD,0,3.768716811999184,3.95136
STAGE_MODEL_THRESHOLD,0,3.8235608620016137,3.95136
STAGE_MODEL_THRESHOLD,0,3.878688961001899,3.95136
STAGE_MODEL_THRESHOLD,0,3.9337245970018557,3.95136
STAGE_MODEL_THRESHOLD,0,3.9881641540014243,3.95136
STAGE_MODEL_THRESHOLD,0,4.042374433000077,3.99168
STAGE_MODEL_THRESHOLD,0,4.096807796999201,3.95136
STAGE_MODEL_THRESHOLD,0,4.151084762001119,3.99168
STAGE_MODEL_THRESHOLD,0,4.2053254839993315,3.99168
STAGE_MODEL_THRESHOLD,0,4.259595725001418,3.95136
STAGE_MODEL_THRESHOLD,0,4.314428524001414,3.99168
STAGE_MODEL_THRESHOLD,0,4.369162359998882,3.95136
STAGE_MODEL_THRESHOLD,0,4.423626171999786,3.95136
STAGE_MODEL_THRESHOLD,0,4.478037636999943,3.95136
STAGE_MODEL_THRESHOLD,0,4.533133769000415,3.91104
STAGE_MODEL_THRESHOLD,0,4.587859698000102,3.95136
STAGE_MODEL_THRESHOLD,0,4.642592285999854,3.95136
STAGE_MODEL_THRESHOLD,0,4.696846711001854,3.95136
STAGE_MODEL_THRESHOLD,0,4.751308312999754,3.95136
STAGE_MODEL_THRESHOLD,0,4.8064923620004265,3.99168
STAGE_MODEL_THRESHOLD,0,4.861669784000696,3.95136
STAGE_MODEL_THRESHOLD,0,4.915867124000215,3.99168
STAGE_MODEL_THRESHOLD,0,4.970133875998727,3.95136
STAGE_MODEL_THRESHOLD,0,5.024650540999573,3.95136
STAGE_MODEL_THRESHOLD,0,5.079090807001194,3.99168
STAGE_MODEL_THRESHOLD,0,5.133338175000972,3.95136
STAGE_MODEL_THRESHOLD,0,5.187618616000691,3.95136
STAGE_MODEL_THRESHOLD,0,5.241806466001435,3.99168
STAGE_MODEL_THRESHOLD,0,5.295992555002158,3.95136
STAGE_MODEL_THRESHOLD,0,5.350153702998796,3.95136
STAGE_MODEL_THRESHOLD,0,5.404329483000765,3.95136
STAGE_MODEL_THRESHOLD,0,5.458551846000773,3.95136
STAGE_MODEL_THRESHOLD,0,5.512730475002172,3.95136
STAGE_MODEL_THRESHOLD,0,5.566941409000719,3.95136
STAGE_MODEL_THRESHOLD,0,5.621192203001556,3.95136
STAGE_MODEL_THRESHOLD,0,5.675401920001605,3.99168
STAGE_MODEL_THRESHOLD,0,5.729634816001635,3.95136
STAGE_MODEL_THRESHOLD,0,5.783822794001026,3.95136
STAGE_MODEL_THRESHOLD,0,5.838019992999762,3.95136
STAGE_MODEL_THRESHOLD,0,5.892213766001078,3.95136
STAGE_MODEL_THRESHOLD,0,5.94638483900053,3.95136
STAGE_MODEL_THRESHOLD,0,6.000633200001175,3.95136
STAGE_MODEL_THRESHOLD,0,6.054849051000929,3.95136
STAGE_MODEL_THRESHOLD,0,6.109005927999533,3.99168
STAGE_MODEL_THRESHOLD,0,6.163243901999522,3.95136
STAGE_MODEL_THRESHOLD,0,6.217392007001763,3.95136
STAGE_MODEL_THRESHOLD,0,6.271575201000815,3.95136
STAGE_MODEL_THRESHOLD,0,6.325808917001268,3.95136
STAGE_MODEL_THRESHOLD,0,6.380551532001846,3.95136
STAGE_MODEL_THRESHOLD,0,6.435417921002227,3.95136
STAGE_MODEL_THRESHOLD,0,6.490182305999042,3.95136
STAGE_MODEL_THRESHOLD,0,6.545186908999312,3.99168
STAGE_MODEL_THRESHOLD,0,6.600259258000733,3.95136
STAGE_MODEL_THRESHOLD,0,6.654910434001067,3.95136
STAGE_MODEL_THRESHOLD,0,6.709350559001905,3.99168
STAGE_MODEL_THRESHOLD,0,6.763790556000458,3.95136
STAGE_MODEL_THRESHOLD,0,6.818088751999312,3.95136
STAGE_MODEL_THRESHOLD,0,6.872300826002174,3.95136
STAGE_MODEL_THRESHOLD,0,6.926516420000553,3.95136
STAGE_MODEL_THRESHOLD,0,6.980747510999208,3.95136
STAGE_MODEL_THRESHOLD,0,7.034970814002008,3.95136
STAGE_MODEL_THRESHOLD,0,7.089269702999445,3.95136
STAGE_MODEL_THRESHOLD,0,7.143438701001287,3.99168
STAGE_MODEL_THRESHOLD,0,7.197655275998841,3.95136
STAGE_MODEL_THRESHOLD,0,7.251837593001255,3.95136
STAGE_MODEL_THRESHOLD,0,7.306009313000686,3.95136
STAGE_MODEL_THRESHOLD,0,7.36022636800044,3.95136
STAGE_MODEL_THRESHOLD,0,7.414382817001751,3.95136
STAGE_MODEL_THRESHOLD,0,7.468560844001331,3.95136
STAGE_MODEL_THRESHOLD,0,7.522753951001505,3.95136
STAGE_MODEL_THRESHOLD,0,7.576903578999918,3.95136
STAGE_MODEL_THRESHOLD,0,7.631066335001378,3.91104
STAGE_MODEL_THRESHOLD,0,7.6852101370022865,3.95136
STAGE_MODEL_THRESHOLD,0,7.739360981999198,3.95136
STAGE_MODEL_THRESHOLD,0,7.79374432899931,3.95136
STAGE_MODEL_THRESHOLD,0,7.847941118001472,3.99168
STAGE_MODEL_THRESHOLD,0,7.902118632999191,3.95136
STAGE_MODEL_THRESHOLD,0,7.956325539002137,3.95136
STAGE_MODEL_THRESHOLD,0,8.011367777999112,3.99168
STAGE_MODEL_THRESHOLD,0,8.065554692999285,3.95136
STAGE_MODEL_THRESHOLD,0,8.120327698001347,3.95136
STAGE_MODEL_THRESHOLD,0,8.175112036002247,3.99168
STAGE_MODEL_THRESHOLD,0,8.229885393000586,3.95136
STAGE_MODEL_THRESHOLD,0,8.285079795001366,3.95136
STAGE_MODEL_THRESHOLD,0,8.339428359999147,3.95136
STAGE_MODEL_THRESHOLD,0,8.39366602100199,3.95136
STAGE_MODEL_THRESHOLD,0,8.447871314001532,3.95136
STAGE_MODEL_THRESHOLD,0,8.502087204000418,3.91104
STAGE_MODEL_THRESHOLD,0,8.55632675400193,3.95136
STAGE_MODEL_THRESHOLD,0,8.610494939999626,3.95136
STAGE_MODEL_THRESHOLD,0,8.664696006999293,3.95136
STAGE_MODEL_THRESHOLD,0,8.71896530000231,3.95136
STAGE_MODEL_THRESHOLD,0,8.773154073001933,3.99168
STAGE_MODEL_THRESHOLD,0,8.827762770000845,3.95136
STAGE_MODEL_THRESHOLD,0,8.88203910700031,3.95136
STAGE_MODEL_THRESHOLD,0,8.936297642001591,3.95136
STAGE_MODEL_THRESHOLD,0,8.99058316800074,3.95136
STAGE_MODEL_THRESHOLD,0,9.044751440000255,3.95136
STAGE_MODEL_THRESHOLD,0,9.098992899002042,3.91104
STAGE_MODEL_THRESHOLD,0,9.153246140998817,3.95136
STAGE_MODEL_THRESHOLD,0,9.207420493999962,3.99168
STAGE_MODEL_THRESHOLD,0,9.261637845000223,3.95136
STAGE_MODEL_THRESHOLD,0,9.315772562000348,3.95136
STAGE_MODEL_THRESHOLD,0,9.369934589001787,3.95136
STAGE_MODEL_THRESHOLD,0,9.424090181000793,3.95136
STAGE_MODEL_THRESHOLD,0,9.47824212300111,3.99168
STAGE_MODEL_THRESHOLD,0,9.532394288999058,3.95136
STAGE_MODEL_THRESHOLD,0,9.586528846000874,3.95136
STAGE_MODEL_THRESHOLD,0,9.640721383999335,3.99168
STAGE_MODEL_THRESHOLD,0,9.69491546000063,3.95136
STAGE_MODEL_THRESHOLD,0,9.749050881000585,3.95136
STAGE_MODEL_THRESHOLD,0,9.8031971240016,3.95136
STAGE_MODEL_THRESHOLD,0,9.857605164001143,3.95136
STAGE_MODEL_THRESHOLD,0,9.91179696600011,3.95136
STAGE_MODEL_THRESHOLD,0,9.966023857999971,3.91104
STAGE_MODEL_THRESHOLD,0,10.020811188998778,3.95136
STAGE_MODEL_THRESHOLD,0,10.075289909000276,3.99168
STAGE_MODEL_THRESHOLD,0,10.130082804000267,3.95136
STAGE_MODEL_THRESHOLD,0,10.184788135000417,3.95136
STAGE_MODEL_THRESHOLD,0,10.239513795000676,3.95136
STAGE_MODEL_THRESHOLD,0,10.29425251900102,3.95136
STAGE_MODEL_THRESHOLD,0,10.348662084001262,3.95136
STAGE_MODEL_THRESHOLD,0,10.402863735002029,3.95136
STAGE_MODEL_THRESHOLD,0,10.457058632000553,3.95136
STAGE_MODEL_THRESHOLD,0,10.511228683000809,3.95136
STAGE_MODEL_THRESHOLD,0,10.565396044999943,3.91104
STAGE_MODEL_THRESHOLD,0,10.619942768000328,3.95136
STAGE_MODEL_THRESHOLD,0,10.67430315599995,3.95136
STAGE_MODEL_THRESHOLD,0,10.7285509430003,3.95136
STAGE_MODEL_THRESHOLD,0,10.782723234999139,3.95136
STAGE_MODEL_THRESHOLD,0,10.83703175700066,3.95136
STAGE_MODEL_THRESHOLD,0,10.891476347002026,3.95136
STAGE_MODEL_THRESHOLD,0,10.947308744998736,3.99168
STAGE_MODEL_THRESHOLD,0,11.001553969999804,3.95136
STAGE_MODEL_THRESHOLD,0,11.055822812999395,3.95136
STAGE_MODEL_THRESHOLD,0,11.110190585000964,3.99168
STAGE_MODEL_THRESHOLD,0,11.165392252001766,3.95136
STAGE_MODEL_THRESHOLD,0,11.22042336800223,3.95136
STAGE_MODEL_THRESHOLD,0,11.275114312000369,3.99168
STAGE_MODEL_THRESHOLD,0,11.330761100001837,3.95136
STAGE_MODEL_THRESHOLD,0,11.38544653700228,3.95136
STAGE_MODEL_THRESHOLD,0,11.439748388002045,3.99168
STAGE_MODEL_THRESHOLD,0,11.494028339999204,3.95136
STAGE_MODEL_THRESHOLD,0,11.54824919100065,3.99168
STAGE_MODEL_THRESHOLD,0,11.602424609998707,3.95136
STAGE_MODEL_THRESHOLD,0,11.656674306999776,3.95136
STAGE_MODEL_THRESHOLD,0,11.710821135002334,3.99168
STAGE_MODEL_THRESHOLD,0,11.764965754999139,3.95136
STAGE_MODEL_THRESHOLD,0,11.821019373001036,3.95136
STAGE_MODEL_THRESHOLD,0,11.875425885002187,3.99168
STAGE_MODEL_THRESHOLD,0,11.929888233000383,3.95136
STAGE_MODEL_THRESHOLD,0,11.984091410002293,3.95136
STAGE_MODEL_THRESHOLD,0,12.038340523999068,3.95136
STAGE_MODEL_THRESHOLD,0,12.092651008999383,3.95136
STAGE_MODEL_THRESHOLD,0,12.147085140000854,3.95136
STAGE_MODEL_THRESHOLD,0,12.201581798999541,3.95136
STAGE_MODEL_THRESHOLD,0,12.256303692000074,3.95136
STAGE_MODEL_THRESHOLD,0,12.311530448001577,3.95136
STAGE_MODEL_THRESHOLD,0,12.367153948998748,3.95136
STAGE_MODEL_THRESHOLD,0,12.42212899399965,3.95136
STAGE_MODEL_THRESHOLD,0,12.476531109001371,3.99168
STAGE_MODEL_THRESHOLD,0,12.530738598001335,3.95136
STAGE_MODEL_THRESHOLD,0,12.585006692999741,3.95136
STAGE_MODEL_THRESHOLD,0,12.639238865998777,3.95136
STAGE_MODEL_THRESHOLD,0,12.693991975000245,3.95136
STAGE_MODEL_THRESHOLD,0,12.748250880998967,3.95136
STAGE_MODEL_THRESHOLD,0,12.80245052600003,3.95136
STAGE_MODEL_THRESHOLD,0,12.856650298999739,3.95136
STAGE_MODEL_THRESHOLD,0,12.91103547700186,3.95136
STAGE_MODEL_THRESHOLD,0,12.965318811999168,3.95136
STAGE_MODEL_THRESHOLD,0,13.019539297001756,3.95136
STAGE_MODEL_THRESHOLD,0,13.073703457001102,3.99168
STAGE_MODEL_THRESHOLD,0,13.127965747000417,3.95136
STAGE_MODEL_THRESHOLD,0,13.182118957000057,3.95136
STAGE_MODEL_THRESHOLD,0,13.236297717001435,3.95136
STAGE_MODEL_THRESHOLD,0,13.290497383000911,3.95136
STAGE_MODEL_THRESHOLD,0,13.344650946000911,3.99168
STAGE_MODEL_THRESHOLD,0,13.398822726001526,3.95136
STAGE_MODEL_THRESHOLD,0,13.453323568999622,3.95136
STAGE_MODEL_THRESHOLD,0,13.507572123999125,3.99168
STAGE_MODEL_THRESHOLD,0,13.561755270002323,3.95136
STAGE_MODEL_THRESHOLD,0,13.615931052001542,3.95136
STAGE_MODEL_THRESHOLD,0,13.670377499001916,3.95136
STAGE_MODEL_THRESHOLD,0,13.72771753699999,3.91104
STAGE_MODEL_THRESHOLD,0,13.782744981999713,3.95136
STAGE_MODEL_THRESHOLD,0,13.83779893600149,3.95136
STAGE_MODEL_THRESHOLD,0,13.892928769000719,3.95136
STAGE_MODEL_THRESHOLD,0,13.947269722000783,3.95136
STAGE_MODEL_THRESHOLD,0,14.001505567001004,3.95136
STAGE_MODEL_THRESHOLD,0,14.05645596999966,3.95136
STAGE_MODEL_THRESHOLD,0,14.11098318400036,4.032
STAGE_MODEL_THRESHOLD,0,14.166434801001742,3.99168
STAGE_MODEL_THRESHOLD,0,14.220657732999825,3.99168
STAGE_MODEL_THRESHOLD,0,14.27486225499888,3.99168
STAGE_MODEL_THRESHOLD,0,14.32975845600231,3.95136
STAGE_MODEL_THRESHOLD,0,14.386257066002145,3.99168
STAGE_MODEL_THRESHOLD,0,14.440455922002002,3.99168
STAGE_MODEL_THRESHOLD,0,14.494650903001457,3.95136
STAGE_MODEL_THRESHOLD,0,14.549121447998914,3.95136
STAGE_MODEL_THRESHOLD,0,14.603645171999233,3.95136
STAGE_MODEL_THRESHOLD,0,14.658419487001083,3.95136
STAGE_MODEL_THRESHOLD,0,14.714805784002237,3.95136
STAGE_MODEL_THRESHOLD,0,14.769042130999878,3.95136
STAGE_MODEL_THRESHOLD,0,14.82324089100075,3.95136
STAGE_MODEL_THRESHOLD,0,14.877429373002087,3.95136
STAGE_MODEL_THRESHOLD,0,14.931678814002225,3.95136
STAGE_MODEL_THRESHOLD,0,14.986124802999257,3.95136
STAGE_MODEL_THRESHOLD,0,15.040334600998904,3.99168
STAGE_MODEL_THRESHOLD,0,15.095532256000297,3.95136
STAGE_MODEL_THRESHOLD,0,15.150767177001399,3.95136
STAGE_MODEL_THRESHOLD,0,15.205742671001644,3.95136
STAGE_MODEL_THRESHOLD,0,15.260289309000655,3.95136
STAGE_MODEL_THRESHOLD,0,15.315804948000732,3.95136
STAGE_MODEL_THRESHOLD,0,15.370616807998886,3.95136
STAGE_MODEL_THRESHOLD,0,15.426680212000065,3.95136
STAGE_MODEL_THRESHOLD,0,15.481200308000552,3.95136
STAGE_MODEL_THRESHOLD,0,15.537630073999026,3.95136
STAGE_MODEL_THRESHOLD,0,15.591851107001276,3.95136
STAGE_MODEL_THRESHOLD,0,15.646361022001656,3.95136
STAGE_MODEL_THRESHOLD,0,15.703206452999439,3.95136
STAGE_MODEL_THRESHOLD,0,15.758111128001474,3.95136
STAGE_MODEL_THRESHOLD,0,15.81304961099886,3.95136
STAGE_MODEL_THRESHOLD,0,15.867571949002013,3.91104
STAGE_MODEL_THRESHOLD,0,15.922193760001392,3.95136
STAGE_MODEL_THRESHOLD,0,15.97929093499988,3.95136
STAGE_MODEL_THRESHOLD,0,16.033576986999833,3.91104
STAGE_MODEL_THRESHOLD,0,16.087899086000107,3.95136
STAGE_MODEL_THRESHOLD,0,16.142383154001436,3.95136
STAGE_MODEL_THRESHOLD,0,16.19713244400191,3.95136
STAGE_MODEL_THRESHOLD,0,16.251906900000904,3.95136
STAGE_MODEL_THRESHOLD,0,16.306425257000228,3.95136
STAGE_MODEL_THRESHOLD,0,16.361272293001093,3.95136
STAGE_MODEL_THRESHOLD,0,16.41828528699989,3.95136
STAGE_MODEL_THRESHOLD,0,16.47301043799962,3.95136
STAGE_MODEL_THRESHOLD,0,16.528197165000165,3.91104
STAGE_MODEL_THRESHOLD,0,16.582596293999813,3.95136
STAGE_MODEL_THRESHOLD,0,16.63695002500026,3.95136
STAGE_MODEL_THRESHOLD,0,16.69116429299902,3.95136
STAGE_MODEL_THRESHOLD,0,16.745346032999805,3.95136
STAGE_MODEL_THRESHOLD,0,16.799538274000952,3.91104
STAGE_MODEL_THRESHOLD,0,16.853803064001113,3.95136
STAGE_MODEL_THRESHOLD,0,16.90797103600198,3.95136
STAGE_MODEL_THRESHOLD,0,16.962459491001937,3.95136
STAGE_MODEL_THRESHOLD,0,17.01694256400151,3.95136
STAGE_MODEL_THRESHOLD,0,17.071283862998825,3.95136
STAGE_MODEL_THRESHOLD,0,17.125619784001174,3.95136
STAGE_MODEL_THRESHOLD,0,17.179823798000143,3.99168
STAGE_MODEL_THRESHOLD,0,17.2342967149998,3.95136
STAGE_MODEL_THRESHOLD,0,17.28879137200056,3.95136
STAGE_MODEL_THRESHOLD,0,17.34354318199985,3.99168
STAGE_MODEL_THRESHOLD,0,17.39866359500229,3.91104
STAGE_MODEL_THRESHOLD,0,17.455275512002117,3.95136
STAGE_MODEL_THRESHOLD,0,17.50952357999995,3.95136
STAGE_MODEL_THRESHOLD,0,17.564365965001343,3.91104
STAGE_MODEL_THRESHOLD,0,17.619522780001716,3.95136
STAGE_MODEL_THRESHOLD,0,17.674662754001474,3.99168
STAGE_MODEL_THRESHOLD,0,17.730620452999574,3.95136
STAGE_MODEL_THRESHOLD,0,17.78490249099923,3.95136
STAGE_MODEL_THRESHOLD,0,17.839533696002036,3.95136
STAGE_MODEL_THRESHOLD,0,17.894716316000995,3.95136
STAGE_MODEL_THRESHOLD,0,17.949721919001604,3.95136
STAGE_MODEL_THRESHOLD,0,18.005418589000328,3.95136
STAGE_MODEL_THRESHOLD,0,18.05983137200019,3.95136
STAGE_MODEL_THRESHOLD,0,18.115461183999287,3.95136
STAGE_MODEL_THRESHOLD,0,18.16968679999991,3.95136
STAGE_MODEL_THRESHOLD,0,18.224434792002285,3.95136
STAGE_MODEL_THRESHOLD,0,18.27920954900037,3.95136
STAGE_MODEL_THRESHOLD,0,18.333980592000444,3.91104
STAGE_MODEL_THRESHOLD,0,18.388507159001165,3.95136
STAGE_MODEL_THRESHOLD,0,18.44271474999914,3.95136
STAGE_MODEL_THRESHOLD,0,18.49695211600192,3.95136
STAGE_MODEL_THRESHOLD,0,18.55112007000207,3.95136
STAGE_MODEL_THRESHOLD,0,18.60533015799956,3.95136
STAGE_MODEL_THRESHOLD,0,18.659621695001988,3.95136
STAGE_MODEL_THRESHOLD,0,18.71378869000182,3.95136
STAGE_MODEL_THRESHOLD,0,18.767968234002183,3.91104
STAGE_MODEL_THRESHOLD,0,18.822207329001685,3.95136
STAGE_MODEL_THRESHOLD,0,18.876374579002004,3.95136
STAGE_MODEL_THRESHOLD,0,18.930574646001332,3.91104
STAGE_MODEL_THRESHOLD,0,18.984906523000973,3.95136
STAGE_MODEL_THRESHOLD,0,19.039081611001166,3.95136
STAGE_MODEL_THRESHOLD,0,19.093451003001974,3.95136
STAGE_MODEL_THRESHOLD,0,19.14764078400185,3.95136
STAGE_MODEL_THRESHOLD,0,19.201828772002045,3.95136
STAGE_MODEL_THRESHOLD,0,19.255988937999064,3.95136
STAGE_MODEL_THRESHOLD,0,19.31012736499906,3.99168
STAGE_MODEL_THRESHOLD,0,19.3643067410012,3.95136
STAGE_MODEL_THRESHOLD,0,19.41843911700198,3.95136
STAGE_MODEL_THRESHOLD,0,19.473215498001082,3.99168
STAGE_MODEL_THRESHOLD,0,19.52803145100188,3.95136
STAGE_MODEL_THRESHOLD,0,19.583091110998794,3.95136
STAGE_MODEL_THRESHOLD,0,19.638141519000783,3.95136
STAGE_MODEL_THRESHOLD,0,19.69323745300062,3.95136
STAGE_MODEL_THRESHOLD,0,19.748290550000092,3.95136
STAGE_MODEL_THRESHOLD,0,19.802759320002224,3.95136
STAGE_MODEL_THRESHOLD,0,19.857491775001108,3.95136
STAGE_MODEL_THRESHOLD,0,19.912205148000794,3.95136
STAGE_MODEL_THRESHOLD,0,19.966918584999803,3.91104
STAGE_MODEL_THRESHOLD,0,20.021390617999714,3.95136
STAGE_MODEL_THRESHOLD,0,20.075732596000307,3.99168
STAGE_MODEL_THRESHOLD,0,20.129977692002285,3.95136
STAGE_MODEL_THRESHOLD,0,20.184225381999568,3.95136
STAGE_MODEL_THRESHOLD,0,20.23840852700232,3.95136
STAGE_MODEL_THRESHOLD,0,20.292604831000062,3.95136
STAGE_MODEL_THRESHOLD,0,20.34704224899906,3.95136
STAGE_MODEL_THRESHOLD,0,20.401500381001824,3.91104
STAGE_MODEL_THRESHOLD,0,20.455937606999214,3.95136
STAGE_MODEL_THRESHOLD,0,20.51266523600134,3.95136
STAGE_MODEL_THRESHOLD,0,20.56695777999994,3.91104
STAGE_MODEL_THRESHOLD,0,20.621769243000017,3.95136
STAGE_MODEL_THRESHOLD,0,20.676249594002,3.95136
STAGE_MODEL_THRESHOLD,0,20.73271968500194,3.91104
STAGE_MODEL_THRESHOLD,0,20.78753799900005,3.95136
STAGE_MODEL_THRESHOLD,0,20.841749605999212,3.99168
STAGE_MODEL_THRESHOLD,0,20.895942133000062,3.95136
STAGE_MODEL_THRESHOLD,0,20.950083464998897,3.95136
STAGE_MODEL_THRESHOLD,0,21.004286523999326,3.95136
STAGE_MODEL_THRESHOLD,0,21.058504398999503,3.95136
STAGE_MODEL_THRESHOLD,0,21.112849794000795,3.95136
STAGE_MODEL_THRESHOLD,0,21.16710596000121,3.91104
STAGE_MODEL_THRESHOLD,0,21.22149121500115,3.95136
STAGE_MODEL_THRESHOLD,0,21.275671407001937,3.95136
STAGE_MODEL_THRESHOLD,0,21.32984167399991,3.91104
STAGE_MODEL_THRESHOLD,0,21.38397326500126,3.95136
STAGE_MODEL_THRESHOLD,0,21.438128900001175,3.95136
STAGE_MODEL_THRESHOLD,0,21.492966478999733,3.95136
STAGE_MODEL_THRESHOLD,0,21.547739482000907,3.95136
STAGE_MODEL_THRESHOLD,0,21.602564446999168,3.95136
STAGE_MODEL_THRESHOLD,0,21.657399241001258,3.95136
STAGE_MODEL_THRESHOLD,0,21.712463750998722,3.99168
STAGE_MODEL_THRESHOLD,0,21.76771539499896,3.95136
STAGE_MODEL_THRESHOLD,0,21.822321882002143,3.95136
STAGE_MODEL_THRESHOLD,0,21.877071545000945,3.95136
STAGE_MODEL_THRESHOLD,0,21.93184525200195,3.91104
STAGE_MODEL_THRESHOLD,0,21.986657601999468,3.95136
STAGE_MODEL_THRESHOLD,0,22.041373771000508,3.95136
STAGE_MODEL_THRESHOLD,0,22.095779092000157,3.95136
STAGE_MODEL_THRESHOLD,0,22.150134084000456,3.95136
STAGE_MODEL_THRESHOLD,0,22.204332997000165,3.95136
STAGE_MODEL_THRESHOLD,0,22.258567609002057,3.95136
STAGE_MODEL_THRESHOLD,0,22.31274945699988,3.99168
STAGE_MODEL_THRESHOLD,0,22.366971454001032,3.95136
STAGE_MODEL_THRESHOLD,0,22.42121253300138,3.95136
STAGE_MODEL_THRESHOLD,0,22.47538746600185,3.99168
STAGE_MODEL_THRESHOLD,0,22.52963779700076,3.95136
STAGE_MODEL_THRESHOLD,0,22.583813915000064,3.95136
STAGE_MODEL_THRESHOLD,0,22.638076381001156,3.95136
STAGE_MODEL_THRESHOLD,0,22.692305421001947,3.95136
STAGE_MODEL_THRESHOLD,0,22.74645845499981,3.95136
STAGE_MODEL_THRESHOLD,0,22.800637070002267,3.91104
STAGE_MODEL_THRESHOLD,0,22.854989821000345,3.95136
STAGE_MODEL_THRESHOLD,0,22.909126270998968,3.99168
STAGE_MODEL_THRESHOLD,0,22.96327450299941,3.95136
STAGE_MODEL_THRESHOLD,0,23.01745061800102,3.95136
STAGE_MODEL_THRESHOLD,0,23.071618981000938,3.95136
STAGE_MODEL_THRESHOLD,0,23.125824129001558,3.95136
STAGE_MODEL_THRESHOLD,0,23.180236807002075,3.99168
STAGE_MODEL_THRESHOLD,0,23.23443526399933,3.95136
STAGE_MODEL_THRESHOLD,0,23.28947094400064,3.95136
STAGE_MODEL_THRESHOLD,0,23.344261604001076,3.99168
STAGE_MODEL_THRESHOLD,0,23.399046917002124,3.95136
STAGE_MODEL_THRESHOLD,0,23.45415722600228,3.95136
STAGE_MODEL_THRESHOLD,0,23.508337082999788,3.99168
STAGE_MODEL_THRESHOLD,0,23.562507814000128,3.95136
STAGE_MODEL_THRESHOLD,0,23.61667457600197,3.95136
STAGE_MODEL_THRESHOLD,0,23.67086855100206,3.95136
STAGE_MODEL_THRESHOLD,0,23.725114519998897,3.95136
STAGE_MODEL_THRESHOLD,0,23.779330010002013,3.99168
STAGE_MODEL_THRESHOLD,0,23.833613663002325,3.95136
STAGE_MODEL_THRESHOLD,0,23.88880804600194,3.95136
STAGE_MODEL_THRESHOLD,0,23.943041785001697,3.99168
STAGE_MODEL_THRESHOLD,0,23.99813198799893,3.95136
STAGE_MODEL_THRESHOLD,0,24.052790862999245,3.95136
STAGE_MODEL_THRESHOLD,0,24.107039162001456,3.99168
STAGE_MODEL_THRESHOLD,0,24.161249010001484,3.95136
STAGE_MODEL_THRESHOLD,0,24.215768614001718,3.95136
STAGE_MODEL_THRESHOLD,0,24.270004587000585,3.95136
STAGE_MODEL_THRESHOLD,0,24.324215812001057,3.95136
STAGE_MODEL_THRESHOLD,0,24.378368542998942,3.95136
STAGE_MODEL_THRESHOLD,0,24.432563055001083,3.95136
STAGE_MODEL_THRESHOLD,0,24.486789999002212,3.95136
STAGE_MODEL_THRESHOLD,0,24.540947661000246,3.99168
STAGE_MODEL_THRESHOLD,0,24.595126837000862,3.95136
STAGE_MODEL_THRESHOLD,0,24.64933274700161,3.95136
STAGE_MODEL_THRESHOLD,0,24.703510579001886,3.95136
STAGE_MODEL_THRESHOLD,0,24.75767333100157,3.95136
STAGE_MODEL_THRESHOLD,0,24.811789660001523,3.99168
STAGE_MODEL_THRESHOLD,0,24.8659331380004,3.95136
STAGE_MODEL_THRESHOLD,0,24.920723502000328,3.95136
STAGE_MODEL_THRESHOLD,0,24.97549747499943,3.95136
STAGE_MODEL_THRESHOLD,0,25.029715578999458,3.95136
STAGE_MODEL_THRESHOLD,0,25.083888313001808,3.95136
STAGE_MODEL_THRESHOLD,0,25.138153157000488,3.95136
STAGE_MODEL_THRESHOLD,0,25.192621879999933,3.95136
STAGE_MODEL_THRESHOLD,0,25.246905390002212,3.95136
STAGE_MODEL_THRESHOLD,0,25.30148040700078,3.95136
STAGE_MODEL_THRESHOLD,0,25.35588973999984,3.95136
STAGE_MODEL_THRESHOLD,0,25.410091033001663,3.99168
STAGE_MODEL_THRESHOLD,0,25.464297544000146,3.95136
STAGE_MODEL_THRESHOLD,0,25.518532068999775,3.95136
STAGE_MODEL_THRESHOLD,0,25.572702017001575,3.95136
STAGE_MODEL_THRESHOLD,0,25.62692034200154,3.95136
STAGE_MODEL_THRESHOLD,0,25.68120878300033,3.95136
STAGE_MODEL_THRESHOLD,0,25.73540130300171,3.95136
STAGE_MODEL_THRESHOLD,0,25.789648890000535,3.95136
STAGE_MODEL_THRESHOLD,0,25.84382473000005,3.95136
STAGE_MODEL_THRESHOLD,0,25.898028456002066,3.91104
STAGE_MODEL_THRESHOLD,0,25.952261668000574,3.95136
STAGE_MODEL_THRESHOLD,0,26.006493023000075,3.95136
STAGE_MODEL_THRESHOLD,0,26.06071399800203,3.95136
STAGE_MODEL_THRESHOLD,0,26.114929403000133,3.95136
STAGE_MODEL_THRESHOLD,0,26.169101970001066,3.95136
STAGE_MODEL_THRESHOLD,0,26.223476078001113,3.95136
STAGE_MODEL_THRESHOLD,0,26.277670383999066,3.99168
STAGE_MODEL_THRESHOLD,0,26.331853773001058,3.95136
STAGE_MODEL_THRESHOLD,0,26.38628086799872,3.95136
STAGE_MODEL_THRESHOLD,0,26.44056661200011,3.99168
STAGE_MODEL_THRESHOLD,0,26.495778774999053,3.95136
STAGE_MODEL_THRESHOLD,0,26.55081036699994,3.95136
STAGE_MODEL_THRESHOLD,0,26.60503054199944,3.95136
STAGE_MODEL_THRESHOLD,0,26.659325537999393,3.95136
STAGE_MODEL_THRESHOLD,0,26.714361676000408,3.95136
STAGE_MODEL_THRESHOLD,0,26.769582322998758,3.95136
STAGE_MODEL_THRESHOLD,0,26.824987959000282,3.95136
STAGE_MODEL_THRESHOLD,0,26.880166633000044,3.99168
STAGE_MODEL_THRESHOLD,0,26.93478236699957,3.95136
STAGE_MODEL_THRESHOLD,0,26.989287389998935,3.95136
STAGE_MODEL_THRESHOLD,0,27.043998623001244,3.99168
STAGE_MODEL_THRESHOLD,0,27.098735114999727,3.95136
STAGE_MODEL_THRESHOLD,0,27.153473080001277,3.95136
STAGE_MODEL_THRESHOLD,0,27.207748220000212,3.99168
STAGE_MODEL_THRESHOLD,0,27.262019358000543,3.95136
STAGE_MODEL_THRESHOLD,0,27.316223165998963,3.95136
STAGE_MODEL_THRESHOLD,0,27.37049420800031,3.95136
STAGE_MODEL_THRESHOLD,0,27.424758719000238,3.95136
STAGE_MODEL_THRESHOLD,0,27.478977382001176,3.95136
STAGE_MODEL_THRESHOLD,0,27.533186440999998,3.91104
STAGE_MODEL_THRESHOLD,0,27.5873480520022,3.95136
STAGE_MODEL_THRESHOLD,0,27.641604590000497,3.99168
STAGE_MODEL_THRESHOLD,0,27.695807470001455,3.95136
STAGE_MODEL_THRESHOLD,0,27.750037947000237,3.95136
STAGE_MODEL_THRESHOLD,0,27.804305532001308,3.95136
STAGE_MODEL_THRESHOLD,0,27.85853335200227,3.95136
STAGE_MODEL_THRESHOLD,0,27.912770040002215,3.95136
STAGE_MODEL_THRESHOLD,0,27.967020431999117,3.91104
STAGE_MODEL_THRESHOLD,0,28.02128721400004,3.95136
STAGE_MODEL_THRESHOLD,0,28.07554108900149,3.95136
STAGE_MODEL_THRESHOLD,0,28.129831013000512,3.91104
STAGE_MODEL_THRESHOLD,0,28.184178888001043,3.95136
STAGE_MODEL_THRESHOLD,0,28.23838784400141,3.95136
STAGE_MODEL_THRESHOLD,0,28.29266941199967,3.95136
STAGE_MODEL_THRESHOLD,0,28.34686540199982,3.95136
STAGE_MODEL_THRESHOLD,0,28.401125008000236,3.95136
STAGE_MODEL_THRESHOLD,0,28.455401134000567,3.95136
STAGE_MODEL_THRESHOLD,0,28.509644026999013,3.99168
STAGE_MODEL_THRESHOLD,0,28.563885382998706,3.95136
STAGE_MODEL_THRESHOLD,0,28.618246575999365,3.95136
STAGE_MODEL_THRESHOLD,0,28.672476215000643,3.95136
STAGE_MODEL_THRESHOLD,0,28.726753204999113,3.95136
STAGE_MODEL_THRESHOLD,0,28.781006920002255,3.95136
STAGE_MODEL_THRESHOLD,0,28.835203901999193,3.91104
STAGE_MODEL_THRESHOLD,0,28.88939653000125,3.95136
STAGE_MODEL_THRESHOLD,0,28.943659880998894,3.95136
STAGE_MODEL_THRESHOLD,0,28.997925730000134,3.91104
STAGE_MODEL_THRESHOLD,0,29.052245072001824,3.95136
STAGE_MODEL_THRESHOLD,0,29.106436541998846,3.95136
STAGE_MODEL_THRESHOLD,0,29.16068010100207,3.95136
STAGE_MODEL_THRESHOLD,0,29.214978343999974,3.95136
STAGE_MODEL_THRESHOLD,0,29.269204614000046,3.95136
STAGE_MODEL_THRESHOLD,0,29.323527189000743,3.95136
STAGE_MODEL_THRESHOLD,0,29.377782755000226,3.99168
STAGE_MODEL_THRESHOLD,0,29.43199119199926,3.95136
STAGE_MODEL_THRESHOLD,0,29.486243108000053,3.95136
STAGE_MODEL_THRESHOLD,0,29.540478023001924,3.99168
STAGE_MODEL_THRESHOLD,0,29.59474396099904,3.95136
STAGE_MODEL_THRESHOLD,0,29.64899475600032,3.95136
STAGE_MODEL_THRESHOLD,0,29.703218721999292,3.95136
STAGE_MODEL_THRESHOLD,0,29.757485075999284,3.95136
STAGE_MODEL_THRESHOLD,0,29.81166169000062,3.95136
STAGE_MODEL_THRESHOLD,0,29.865870927998913,3.91104
STAGE_MODEL_THRESHOLD,0,29.920158958000684,3.95136
STAGE_MODEL_THRESHOLD,0,29.974373222001304,3.99168
STAGE_MODEL_INFER,0,0.00045129900172469206,3.87072
STAGE_MODEL_INFER,0,0.05480815700138919,3.91104
STAGE_MODEL_INFER,0,0.10891362500115065,3.95136
STAGE_MODEL_INFER,0,0.1636572060015169,3.91104
STAGE_MODEL_INFER,0,0.21840232300019125,3.91104
STAGE_MODEL_INFER,0,0.2731454240019957,3.95136
STAGE_MODEL_INFER,0,0.3276591610010655,3.91104
STAGE_MODEL_INFER,0,0.3818503040020005,3.95136
STAGE_MODEL_INFER,0,0.43625986000188277,3.91104
STAGE_MODEL_INFER,0,0.4905397200018342,3.95136
STAGE_MODEL_INFER,0,0.5447033290001855,3.95136
STAGE_MODEL_INFER,0,0.5989233500004048,3.91104
STAGE_MODEL_INFER,0,0.6530909610009985,3.95136
STAGE_MODEL_INFER,0,0.7072618060010427,3.95136
STAGE_MODEL_INFER,0,0.7615725610012305,3.95136
STAGE_MODEL_INFER,0,0.8157876840014069,3.95136
STAGE_MODEL_INFER,0,0.869983245000185,3.95136
STAGE_MODEL_INFER,0,0.9242431900020165,3.95136
STAGE_MODEL_INFER,0,0.9784381099998427,3.95136
STAGE_MODEL_INFER,0,1.0326214670021727,3.91104
STAGE_MODEL_INFER,0,1.086918033000984,3.95136
STAGE_MODEL_INFER,0,1.1410960430002888,3.95136
STAGE_MODEL_INFER,0,1.1952874359994894,3.95136
STAGE_MODEL_INFER,0,1.2494811340002343,3.95136
STAGE_MODEL_INFER,0,1.30379694200019,3.95136
STAGE_MODEL_INFER,0,1.3579947059988626,3.95136
STAGE_MODEL_INFER,0,1.412159237999731,3.99168
STAGE_MODEL_INFER,0,1.4662944750016322,3.95136
STAGE_MODEL_INFER,0,1.5204274380012066,3.95136
STAGE_MODEL_INFER,0,1.5745757059994503,3.99168
STAGE_MODEL_INFER,0,1.628839742999844,3.95136
STAGE_MODEL_INFER,0,1.683600895001291,3.95136
STAGE_MODEL_INFER,0,1.7386499349995574,3.95136
STAGE_MODEL_INFER,0,1.7937739260014496,3.95136
STAGE_MODEL_INFER,0,1.8490018080010486,3.95136
STAGE_MODEL_INFER,0,1.9034822749999876,3.95136
STAGE_MODEL_INFER,0,1.9580059629988682,3.95136
STAGE_MODEL_INFER,0,2.0127491490020475,3.99168
STAGE_MODEL_INFER,0,2.0671909660013625,3.95136
STAGE_MODEL_INFER,0,2.121690509000473,3.95136
STAGE_MODEL_INFER,0,2.175897776000056,3.99168
STAGE_MODEL_INFER,0,2.2300949259988556,3.95136
STAGE_MODEL_INFER,0,2.2842879140007426,3.95136
STAGE_MODEL_INFER,0,2.3385441659993376,3.95136
STAGE_MODEL_INFER,0,2.392964917002246,3.95136
STAGE_MODEL_INFER,0,2.4472776129987324,3.95136
STAGE_MODEL_INFER,0,2.5015960090022418,3.95136
STAGE_MODEL_INFER,0,2.5558526450004138,3.95136
STAGE_MODEL_INFER,0,2.610027190999972,3.99168
STAGE_MODEL_INFER,0,2.6642467210003815,3.95136
STAGE_MODEL_INFER,0,2.718460167001467,3.95136
STAGE_MODEL_INFER,0,2.7727000590020907,3.99168
STAGE_MODEL_INFER,0,2.826972831000603,3.95136
STAGE_MODEL_INFER,0,2.8811433119990397,3.95136
STAGE_MODEL_INFER,0,2.9353127680005855,3.95136
STAGE_MODEL_INFER,0,2.9895399800007,3.95136
STAGE_MODEL_INFER,0,3.0436826969998947,3.95136
STAGE_MODEL_INFER,0,3.097979252001096,3.91104
STAGE_MODEL_INFER,0,3.152290374000586,3.95136
STAGE_MODEL_INFER,0,3.206460880999657,3.95136
STAGE_MODEL_INFER,0,3.260655112000677,3.91104
STAGE_MODEL_INFER,0,3.3148478389994125,3.95136
STAGE_MODEL_INFER,0,3.369220046999544,3.95136
STAGE_MODEL_INFER,0,3.423458525001479,3.95136
STAGE_MODEL_INFER,0,3.477717493002274,3.95136
STAGE_MODEL_INFER,0,3.531923377999192,3.91104
STAGE_MODEL_INFER,0,3.586226240000542,3.95136
STAGE_MODEL_INFER,0,3.6404151240021747,3.95136
STAGE_MODEL_INFER,0,3.6946620540002186,3.95136
STAGE_MODEL_INFER,0,3.748852123000688,3.95136
STAGE_MODEL_INFER,0,3.803108529999008,3.95136
STAGE_MODEL_INFER,0,3.8572948210021423,3.95136
STAGE_MODEL_INFER,0,3.9114647839996906,3.95136
STAGE_MODEL_INFER,0,3.9656371800010675,3.91104
STAGE_MODEL_INFER,0,4.019843636000587,3.95136
STAGE_MODEL_INFER,0,4.0740920979988005,3.95136
STAGE_MODEL_INFER,0,4.128295671998785,3.91104
STAGE_MODEL_INFER,0,4.182481701998768,3.95136
STAGE_MODEL_INFER,0,4.236656302000483,3.95136
STAGE_MODEL_INFER,0,4.290885873000661,3.95136
STAGE_MODEL_INFER,0,4.345061562002229,3.95136
STAGE_MODEL_INFER,0,4.39946795799915,3.95136
STAGE_MODEL_INFER,0,4.45381115499913,3.95136
STAGE_MODEL_INFER,0,4.508098932001303,3.99168
STAGE_MODEL_INFER,0,4.562318930999027,3.95136
STAGE_MODEL_INFER,0,4.61648392600182,3.95136
STAGE_MODEL_INFER,0,4.670670308001718,3.95136
STAGE_MODEL_INFER,0,4.724908748001326,3.95136
STAGE_MODEL_INFER,0,4.779127305999282,3.95136
STAGE_MODEL_INFER,0,4.833340741999564,3.91104
STAGE_MODEL_INFER,0,4.88756829599879,3.95136
STAGE_MODEL_INFER,0,4.941742703998898,3.95136
STAGE_MODEL_INFER,0,4.9959310369995364,3.95136
STAGE_MODEL_INFER,0,5.0501436660015315,3.95136
STAGE_MODEL_INFER,0,5.104402624001523,3.95136
STAGE_MODEL_INFER,0,5.158597325000301,3.95136
STAGE_MODEL_INFER,0,5.212769453999499,3.95136
STAGE_MODEL_INFER,0,5.266974432001007,3.91104
STAGE_MODEL_INFER,0,5.321205758998985,3.95136
STAGE_MODEL_INFER,0,5.375473649000924,3.99168
STAGE_MODEL_INFER,0,5.429877703001694,3.95136
STAGE_MODEL_INFER,0,5.48411636200035,3.95136
STAGE_MODEL_INFER,0,5.538325022000208,3.95136
STAGE_MODEL_INFER,0,5.592540757999814,3.95136
STAGE_MODEL_INFER,0,5.646669185000064,3.95136
STAGE_MODEL_INFER,0,5.700892509001278,3.91104
STAGE_MODEL_INFER,0,5.755103890001919,3.95136
STAGE_MODEL_INFER,0,5.809282455000357,3.99168
STAGE_MODEL_INFER,0,5.863439665001351,3.95136
STAGE_MODEL_INFER,0,5.917662027000915,3.95136
STAGE_MODEL_INFER,0,5.971815075001359,3.95136
STAGE_MODEL_INFER,0,6.026099224000063,3.95136
STAGE_MODEL_INFER,0,6.080359456998849,3.95136
STAGE_MODEL_INFER,0,6.1345591800018155,3.95136
STAGE_MODEL_INFER,0,6.188753426999028,3.95136
STAGE_MODEL_INFER,0,6.242943289002142,3.95136
STAGE_MODEL_INFER,0,6.297111538999161,3.91104
STAGE_MODEL_INFER,0,6.351315071002318,3.95136
STAGE_MODEL_INFER,0,6.405514090001816,3.95136
STAGE_MODEL_INFER,0,6.4599158330020146,3.95136
STAGE_MODEL_INFER,0,6.514130731000478,3.95136
STAGE_MODEL_INFER,0,6.568320497000968,3.95136
STAGE_MODEL_INFER,0,6.622654302998853,3.95136
STAGE_MODEL_INFER,0,6.676868975999241,3.99168
STAGE_MODEL_INFER,0,6.731043118001253,3.95136
STAGE_MODEL_INFER,0,6.7852620180019585,3.95136
STAGE_MODEL_INFER,0,6.839412596000329,3.95136
STAGE_MODEL_INFER,0,6.893618497000716,3.95136
STAGE_MODEL_INFER,0,6.94775783699879,3.95136
STAGE_MODEL_INFER,0,7.001960085999599,3.91104
STAGE_MODEL_INFER,0,7.056128235999495,3.95136
STAGE_MODEL_INFER,0,7.11041442900023,3.95136
STAGE_MODEL_INFER,0,7.164684261999355,3.91104
STAGE_MODEL_INFER,0,7.218938311001693,3.95136
STAGE_MODEL_INFER,0,7.273102682000172,3.95136
STAGE_MODEL_INFER,0,7.327332239001407,3.95136
STAGE_MODEL_INFER,0,7.381515788001707,3.95136
STAGE_MODEL_INFER,0,7.435698985002091,3.95136
STAGE_MODEL_INFER,0,7.490128321998782,3.95136
STAGE_MODEL_INFER,0,7.544338604999211,3.95136
STAGE_MODEL_INFER,0,7.598523307002324,3.91104
STAGE_MODEL_INFER,0,7.6528391470019415,3.95136
STAGE_MODEL_INFER,0,7.706997404002323,3.95136
STAGE_MODEL_INFER,0,7.7611903340002755,3.91104
STAGE_MODEL_INFER,0,7.815329316999851,3.95136
STAGE_MODEL_INFER,0,7.8695200700021815,3.91104
STAGE_MODEL_INFER,0,7.923698913000408,3.95136
STAGE_MODEL_INFER,0,7.977859826001804,3.95136
STAGE_MODEL_INFER,0,8.032022080002207,3.91104
STAGE_MODEL_INFER,0,8.086406686001283,3.95136
STAGE_MODEL_INFER,0,8.140564616998745,3.95136
STAGE_MODEL_INFER,0,8.195312701998773,3.95136
STAGE_MODEL_INFER,0,8.249590661998809,3.95136
STAGE_MODEL_INFER,0,8.303759351001645,3.95136
STAGE_MODEL_INFER,0,8.357948561999365,3.95136
STAGE_MODEL_INFER,0,8.412105086001247,3.95136
STAGE_MODEL_INFER,0,8.466898601000139,3.95136
STAGE_MODEL_INFER,0,8.521193880998908,3.95136
STAGE_MODEL_INFER,0,8.575363787000242,3.99168
STAGE_MODEL_INFER,0,8.629609635001543,3.95136
STAGE_MODEL_INFER,0,8.684040888001618,3.95136
STAGE_MODEL_INFER,0,8.738815130000148,3.95136
STAGE_MODEL_INFER,0,8.793594173999736,3.95136
STAGE_MODEL_INFER,0,8.848303229999146,3.95136
STAGE_MODEL_INFER,0,8.903034409999236,3.95136
STAGE_MODEL_INFER,0,8.957520091000333,3.95136
STAGE_MODEL_INFER,0,9.011718711000867,3.99168
STAGE_MODEL_INFER,0,9.065923509999266,3.95136
STAGE_MODEL_INFER,0,9.120230248001462,3.95136
STAGE_MODEL_INFER,0,9.174446027998783,3.99168
STAGE_MODEL_INFER,0,9.228645768998831,3.95136
STAGE_MODEL_INFER,0,9.282827195998834,3.95136
STAGE_MODEL_INFER,0,9.337008622998837,3.95136
STAGE_MODEL_INFER,0,9.3912100919988,3.95136
STAGE_MODEL_INFER,0,9.4453784239995,3.95136
STAGE_MODEL_INFER,0,9.499724574001448,3.91104
STAGE_MODEL_INFER,0,9.553994076999516,3.95136
STAGE_MODEL_INFER,0,9.608166187001189,3.99168
STAGE_MODEL_INFER,0,9.662337465000746,3.95136
STAGE_MODEL_INFER,0,9.716492255000048,3.95136
STAGE_MODEL_INFER,0,9.770630748000258,3.95136
STAGE_MODEL_INFER,0,9.824816594002186,3.95136
STAGE_MODEL_INFER,0,9.878958033001254,3.95136
STAGE_MODEL_INFER,0,9.93311346200062,3.91104
STAGE_MODEL_INFER,0,9.98734777899881,3.95136
STAGE_MODEL_INFER,0,10.042108148001716,3.95136
STAGE_MODEL_INFER,0,10.096929732000717,3.95136
STAGE_MODEL_INFER,0,10.15192356300031,3.95136
STAGE_MODEL_INFER,0,10.20623535499908,3.95136
STAGE_MODEL_INFER,0,10.260465314000612,3.95136
STAGE_MODEL_INFER,0,10.314614400002029,3.95136
STAGE_MODEL_INFER,0,10.368850122002186,3.95136
STAGE_MODEL_INFER,0,10.423056101000839,3.95136
STAGE_MODEL_INFER,0,10.477217384999676,3.99168
STAGE_MODEL_INFER,0,10.53155056399919,3.95136
STAGE_MODEL_INFER,0,10.585760608999408,3.95136
STAGE_MODEL_INFER,0,10.6399753600017,3.99168
STAGE_MODEL_INFER,0,10.694194050000078,3.95136
STAGE_MODEL_INFER,0,10.748320820999652,3.95136
STAGE_MODEL_INFER,0,10.802524367001752,3.95136
STAGE_MODEL_INFER,0,10.856942548001825,3.95136
STAGE_MODEL_INFER,0,10.911140139000054,3.95136
STAGE_MODEL_INFER,0,10.96537547600019,3.91104
STAGE_MODEL_INFER,0,11.01958654199916,3.95136
STAGE_MODEL_INFER,0,11.073774684002274,3.95136
STAGE_MODEL_INFER,0,11.127993689002324,3.95136
STAGE_MODEL_INFER,0,11.182212758001697,3.95136
STAGE_MODEL_INFER,0,11.236427376999927,3.95136
STAGE_MODEL_INFER,0,11.290616510999826,3.95136
STAGE_MODEL_INFER,0,11.344765369001834,3.99168
STAGE_MODEL_INFER,0,11.398944290001964,3.95136
STAGE_MODEL_INFER,0,11.453170531000069,3.95136
STAGE_MODEL_INFER,0,11.50798670000222,3.99168
STAGE_MODEL_INFER,0,11.562386532001256,3.95136
STAGE_MODEL_INFER,0,11.61667795700123,3.95136
STAGE_MODEL_INFER,0,11.670891263998783,3.95136
STAGE_MODEL_INFER,0,11.72574172199893,3.95136
STAGE_MODEL_INFER,0,11.780494754999381,3.95136
STAGE_MODEL_INFER,0,11.835270007999497,3.95136
STAGE_MODEL_INFER,0,11.89032530500117,3.95136
STAGE_MODEL_INFER,0,11.945363794002333,3.99168
STAGE_MODEL_INFER,0,11.999903790001554,3.95136
STAGE_MODEL_INFER,0,12.054620257000352,3.95136
STAGE_MODEL_INFER,0,12.109309414001473,3.99168
STAGE_MODEL_INFER,0,12.163789538000856,3.95136
STAGE_MODEL_INFER,0,12.218339392999042,3.95136
STAGE_MODEL_INFER,0,12.272792880001361,3.99168
STAGE_MODEL_INFER,0,12.327029361000314,3.95136
STAGE_MODEL_INFER,0,12.381217402999027,3.95136
STAGE_MODEL_INFER,0,12.43540992600174,3.95136
STAGE_MODEL_INFER,0,12.489698851000867,3.95136
STAGE_MODEL_INFER,0,12.54388874900178,3.95136
STAGE_MODEL_INFER,0,12.598347518000082,3.95136
STAGE_MODEL_INFER,0,12.652665129000525,3.95136
STAGE_MODEL_INFER,0,12.706914640999457,3.99168
STAGE_MODEL_INFER,0,12.761125093998999,3.95136
STAGE_MODEL_INFER,0,12.815356164999685,3.95136
STAGE_MODEL_INFER,0,12.86958851700183,3.95136
STAGE_MODEL_INFER,0,12.923816930000612,3.95136
STAGE_MODEL_INFER,0,12.977985985999112,3.99168
STAGE_MODEL_INFER,0,13.032157951001864,3.95136
STAGE_MODEL_INFER,0,13.08654711300187,3.95136
STAGE_MODEL_INFER,0,13.140759931000503,3.95136
STAGE_MODEL_INFER,0,13.19495411599928,3.95136
STAGE_MODEL_INFER,0,13.24911532400074,3.95136
STAGE_MODEL_INFER,0,13.303285975998733,3.95136
STAGE_MODEL_INFER,0,13.357507567001448,3.95136
STAGE_MODEL_INFER,0,13.411647643999459,3.95136
STAGE_MODEL_INFER,0,13.465841412002192,3.91104
STAGE_MODEL_INFER,0,13.520110002002184,3.95136
STAGE_MODEL_INFER,0,13.574303706001956,3.99168
STAGE_MODEL_INFER,0,13.628729654999916,3.95136
STAGE_MODEL_INFER,0,13.682957425000495,3.95136
STAGE_MODEL_INFER,0,13.737132655998721,3.95136
STAGE_MODEL_INFER,0,13.79132437500084,3.95136
STAGE_MODEL_INFER,0,13.845494707002217,3.95136
STAGE_MODEL_INFER,0,13.899669458001881,3.91104
STAGE_MODEL_INFER,0,13.953906384002039,3.95136
STAGE_MODEL_INFER,0,14.008085423000011,3.95136
STAGE_MODEL_INFER,0,14.062328396001249,3.91104
STAGE_MODEL_INFER,0,14.116610813001898,3.95136
STAGE_MODEL_INFER,0,14.170795707999787,3.95136
STAGE_MODEL_INFER,0,14.224999718000618,3.95136
STAGE_MODEL_INFER,0,14.279139534999558,3.95136
STAGE_MODEL_INFER,0,14.333321133999561,3.91104
STAGE_MODEL_INFER,0,14.38755780000065,3.95136
STAGE_MODEL_INFER,0,14.441723357998853,3.95136
STAGE_MODEL_INFER,0,14.495892694001668,3.95136
STAGE_MODEL_INFER,0,14.550060973000654,3.95136
STAGE_MODEL_INFER,0,14.604289347000304,3.95136
STAGE_MODEL_INFER,0,14.659066924999934,3.95136
STAGE_MODEL_INFER,0,14.713390098000673,3.95136
STAGE_MODEL_INFER,0,14.7675809809989,3.91104
STAGE_MODEL_INFER,0,14.82180327199967,3.95136
STAGE_MODEL_INFER,0,14.875965948001976,3.95136
STAGE_MODEL_INFER,0,14.930152732998977,3.91104
STAGE_MODEL_INFER,0,14.984311471002002,3.95136
STAGE_MODEL_INFER,0,15.038480964001792,3.95136
STAGE_MODEL_INFER,0,15.09265180100192,3.95136
STAGE_MODEL_INFER,0,15.146836693002115,3.95136
STAGE_MODEL_INFER,0,15.201676986001985,3.95136
STAGE_MODEL_INFER,0,15.256477802999143,3.95136
STAGE_MODEL_INFER,0,15.311264118001418,3.95136
STAGE_MODEL_INFER,0,15.366326506002224,3.91104
STAGE_MODEL_INFER,0,15.42060136299915,3.95136
STAGE_MODEL_INFER,0,15.474852177001594,3.95136
STAGE_MODEL_INFER,0,15.529459681001754,3.91104
STAGE_MODEL_INFER,0,15.58382143000199,3.95136
STAGE_MODEL_INFER,0,15.638666172999365,3.95136
STAGE_MODEL_INFER,0,15.693169976999343,3.95136
STAGE_MODEL_INFER,0,15.747378369000216,3.95136
STAGE_MODEL_INFER,0,15.801598031001049,3.95136
STAGE_MODEL_INFER,0,15.855800084002112,3.95136
STAGE_MODEL_INFER,0,15.909966406001331,3.99168
STAGE_MODEL_INFER,0,15.964165961999242,3.95136
STAGE_MODEL_INFER,0,16.018419236999762,3.95136
STAGE_MODEL_INFER,0,16.07260867199875,3.95136
STAGE_MODEL_INFER,0,16.12701988200206,3.95136
STAGE_MODEL_INFER,0,16.18122446000052,3.95136
STAGE_MODEL_INFER,0,16.23546031799924,3.95136
STAGE_MODEL_INFER,0,16.289714298000035,3.95136
STAGE_MODEL_INFER,0,16.343856572999357,3.95136
STAGE_MODEL_INFER,0,16.398005731000012,3.91104
STAGE_MODEL_INFER,0,16.45220448300097,3.95136
STAGE_MODEL_INFER,0,16.506403714000044,3.95136
STAGE_MODEL_INFER,0,16.561108832000173,3.95136
STAGE_MODEL_INFER,0,16.61536223499934,3.95136
STAGE_MODEL_INFER,0,16.66969811099989,3.95136
STAGE_MODEL_INFER,0,16.72390637100034,3.95136
STAGE_MODEL_INFER,0,16.778078101000574,3.99168
STAGE_MODEL_INFER,0,16.832264943001064,3.95136
STAGE_MODEL_INFER,0,16.886511270000483,3.95136
STAGE_MODEL_INFER,0,16.940667247999954,3.95136
STAGE_MODEL_INFER,0,16.994863020001503,3.91104
STAGE_MODEL_INFER,0,17.04902504599886,3.95136
STAGE_MODEL_INFER,0,17.10328465600105,3.95136
STAGE_MODEL_INFER,0,17.157498067001143,3.95136
STAGE_MODEL_INFER,0,17.211616710999806,3.95136
STAGE_MODEL_INFER,0,17.26578702900224,3.91104
STAGE_MODEL_INFER,0,17.31995116699909,3.95136
STAGE_MODEL_INFER,0,17.37412923300144,3.95136
STAGE_MODEL_INFER,0,17.42829612499918,3.95136
STAGE_MODEL_INFER,0,17.482463305001147,3.95136
STAGE_MODEL_INFER,0,17.536637752000388,3.95136
STAGE_MODEL_INFER,0,17.59085567800139,3.95136
STAGE_MODEL_INFER,0,17.64500790600141,3.95136
STAGE_MODEL_INFER,0,17.699358154000947,3.91104
STAGE_MODEL_INFER,0,17.753650997001387,3.95136
STAGE_MODEL_INFER,0,17.807832616999804,3.95136
STAGE_MODEL_INFER,0,17.86204983800053,3.91104
STAGE_MODEL_INFER,0,17.916233762000047,3.95136
STAGE_MODEL_INFER,0,17.97044067400202,3.95136
STAGE_MODEL_INFER,0,18.02465193700118,3.95136
STAGE_MODEL_INFER,0,18.07891785100219,3.95136
STAGE_MODEL_INFER,0,18.133118581001327,3.91104
STAGE_MODEL_INFER,0,18.187428933000774,3.95136
STAGE_MODEL_INFER,0,18.241596653999295,3.95136
STAGE_MODEL_INFER,0,18.29577279500154,3.95136
STAGE_MODEL_INFER,0,18.34994855200057,3.95136
STAGE_MODEL_INFER,0,18.404089827999996,3.95136
STAGE_MODEL_INFER,0,18.458312712002225,3.95136
STAGE_MODEL_INFER,0,18.512506237999332,3.95136
STAGE_MODEL_INFER,0,18.56667520799965,3.91104
STAGE_MODEL_INFER,0,18.62090372700186,3.95136
STAGE_MODEL_INFER,0,18.675055920000887,3.95136
STAGE_MODEL_INFER,0,18.729364127000736,3.91104
STAGE_MODEL_INFER,0,18.783542157001648,3.95136
STAGE_MODEL_INFER,0,18.8377353950018,3.95136
STAGE_MODEL_INFER,0,18.891929497000092,3.95136
STAGE_MODEL_INFER,0,18.946082171001763,3.95136
STAGE_MODEL_INFER,0,19.000339407000865,3.91104
STAGE_MODEL_INFER,0,19.054650715999742,3.95136
STAGE_MODEL_INFER,0,19.108936829001323,3.95136
STAGE_MODEL_INFER,0,19.163228960998822,3.95136
STAGE_MODEL_INFER,0,19.21744121300071,3.95136
STAGE_MODEL_INFER,0,19.271611748001305,3.95136
STAGE_MODEL_INFER,0,19.325826753,3.91104
STAGE_MODEL_INFER,0,19.379985538002074,3.95136
STAGE_MODEL_INFER,0,19.434198494000157,3.91104
STAGE_MODEL_INFER,0,19.488623684999766,3.95136
STAGE_MODEL_INFER,0,19.542768670999067,3.95136
STAGE_MODEL_INFER,0,19.596969205002097,3.91104
STAGE_MODEL_INFER,0,19.65113378499882,3.95136
STAGE_MODEL_INFER,0,19.70531840699914,3.95136
STAGE_MODEL_INFER,0,19.75972016200103,3.95136
STAGE_MODEL_INFER,0,19.813926331000403,3.95136
STAGE_MODEL_INFER,0,19.86810800800231,3.95136
STAGE_MODEL_INFER,0,19.922304988001997,3.95136
STAGE_MODEL_INFER,0,19.976464220999333,3.95136
STAGE_MODEL_INFER,0,20.030659501000628,3.91104
STAGE_MODEL_INFER,0,20.084952910001448,3.95136
STAGE_MODEL_INFER,0,20.139117327002168,3.95136
STAGE_MODEL_INFER,0,20.193354803999682,3.91104
STAGE_MODEL_INFER,0,20.24752674499905,3.95136
STAGE_MODEL_INFER,0,20.301720071998716,3.91104
STAGE_MODEL_INFER,0,20.355903857998783,3.95136
STAGE_MODEL_INFER,0,20.41004775300098,3.95136
STAGE_MODEL_INFER,0,20.46424434599976,3.91104
STAGE_MODEL_INFER,0,20.51845896300074,3.95136
STAGE_MODEL_INFER,0,20.572628918998817,3.95136
STAGE_MODEL_INFER,0,20.626817764001316,3.95136
STAGE_MODEL_INFER,0,20.680989672000578,3.95136
STAGE_MODEL_INFER,0,20.735171954002,3.95136
STAGE_MODEL_INFER,0,20.789569127002324,3.95136
STAGE_MODEL_INFER,0,20.843759637002222,3.95136
STAGE_MODEL_INFER,0,20.89796320900132,3.91104
STAGE_MODEL_INFER,0,20.952173184999992,3.95136
STAGE_MODEL_INFER,0,21.006346115998895,3.95136
STAGE_MODEL_INFER,0,21.060550934002094,3.91104
STAGE_MODEL_INFER,0,21.114780563999375,3.95136
STAGE_MODEL_INFER,0,21.1689672600005,3.91104
STAGE_MODEL_INFER,0,21.223174991999258,3.95136
STAGE_MODEL_INFER,0,21.277336811999703,3.95136
STAGE_MODEL_INFER,0,21.33152651799901,3.91104
STAGE_MODEL_INFER,0,21.386236901998927,3.95136
STAGE_MODEL_INFER,0,21.440521791999345,3.95136
STAGE_MODEL_INFER,0,21.494895430001634,3.95136
STAGE_MODEL_INFER,0,21.549061925001297,3.95136
STAGE_MODEL_INFER,0,21.603266774000076,3.95136
STAGE_MODEL_INFER,0,21.657710399998905,3.95136
STAGE_MODEL_INFER,0,21.71189114200024,3.95136
STAGE_MODEL_INFER,0,21.766082065001683,3.95136
STAGE_MODEL_INFER,0,21.8205238010014,3.95136
STAGE_MODEL_INFER,0,21.874727786998847,3.99168
STAGE_MODEL_INFER,0,21.92893356499917,3.95136
STAGE_MODEL_INFER,0,21.983115907001775,3.95136
STAGE_MODEL_INFER,0,22.037311437001335,3.95136
STAGE_MODEL_INFER,0,22.09161610999945,3.95136
STAGE_MODEL_INFER,0,22.145777991001523,3.95136
STAGE_MODEL_INFER,0,22.20001088400022,3.95136
STAGE_MODEL_INFER,0,22.25423574100205,3.95136
STAGE_MODEL_INFER,0,22.30840079200061,3.95136
STAGE_MODEL_INFER,0,22.36256011200021,3.95136
STAGE_MODEL_INFER,0,22.416717223000887,3.95136
STAGE_MODEL_INFER,0,22.470885090999218,3.95136
STAGE_MODEL_INFER,0,22.525082733998715,3.95136
STAGE_MODEL_INFER,0,22.579261232000135,3.95136
STAGE_MODEL_INFER,0,22.63343310200071,3.91104
STAGE_MODEL_INFER,0,22.688141624999844,3.95136
STAGE_MODEL_INFER,0,22.74230245000217,3.95136
STAGE_MODEL_INFER,0,22.79647179099993,3.95136
STAGE_MODEL_INFER,0,22.850874048999685,3.95136
STAGE_MODEL_INFER,0,22.90507950400206,3.95136
STAGE_MODEL_INFER,0,22.95929180999883,3.95136
STAGE_MODEL_INFER,0,23.01347382699896,3.95136
STAGE_MODEL_INFER,0,23.06767412499903,3.95136
STAGE_MODEL_INFER,0,23.122492589001922,3.95136
STAGE_MODEL_INFER,0,23.17667246000201,3.95136
STAGE_MODEL_INFER,0,23.2308654260014,3.95136
STAGE_MODEL_INFER,0,23.285081155001535,3.95136
STAGE_MODEL_INFER,0,23.339237943000626,3.95136
STAGE_MODEL_INFER,0,23.39431368700025,3.95136
STAGE_MODEL_INFER,0,23.44853143400178,3.95136
STAGE_MODEL_INFER,0,23.502786158998788,3.95136
STAGE_MODEL_INFER,0,23.557936372999393,3.95136
STAGE_MODEL_INFER,0,23.61238297000091,3.95136
STAGE_MODEL_INFER,0,23.6671230259999,3.95136
STAGE_MODEL_INFER,0,23.721908961000736,3.95136
STAGE_MODEL_INFER,0,23.77639634699881,3.99168
STAGE_MODEL_INFER,0,23.83114994599964,3.95136
STAGE_MODEL_INFER,0,23.885677574999136,3.95136
STAGE_MODEL_INFER,0,23.93989653799872,3.99168
STAGE_MODEL_INFER,0,23.994262293999782,3.95136
STAGE_MODEL_INFER,0,24.048435021999467,3.95136
STAGE_MODEL_INFER,0,24.102651004999643,3.95136
STAGE_MODEL_INFER,0,24.156852195999818,3.95136
STAGE_MODEL_INFER,0,24.21102021900151,3.95136
STAGE_MODEL_INFER,0,24.265192819999356,3.91104
STAGE_MODEL_INFER,0,24.31947830900026,3.95136
STAGE_MODEL_INFER,0,24.373629875000915,3.99168
STAGE_MODEL_INFER,0,24.42782821700166,3.95136
STAGE_MODEL_INFER,0,24.482076791999134,3.95136
STAGE_MODEL_INFER,0,24.536279584001022,3.95136
STAGE_MODEL_INFER,0,24.5904581399991,3.95136
STAGE_MODEL_INFER,0,24.644676939999044,3.99168
STAGE_MODEL_INFER,0,24.698866029000783,3.95136
STAGE_MODEL_INFER,0,24.75305438199939,3.95136
STAGE_MODEL_INFER,0,24.807445940001344,3.99168
STAGE_MODEL_INFER,0,24.8617851529998,3.95136
STAGE_MODEL_INFER,0,24.916065007000725,3.95136
STAGE_MODEL_INFER,0,24.970308171999932,3.95136
STAGE_MODEL_INFER,0,25.024587575000623,3.95136
STAGE_MODEL_INFER,0,25.078779415001918,3.95136
STAGE_MODEL_INFER,0,25.133040730001085,3.91104
STAGE_MODEL_INFER,0,25.189344827998866,3.95136
STAGE_MODEL_INFER,0,25.243636078001146,3.99168
STAGE_MODEL_INFER,0,25.297843252999883,3.95136
STAGE_MODEL_INFER,0,25.352155249001953,3.95136
STAGE_MODEL_INFER,0,25.40662783800144,3.95136
STAGE_MODEL_INFER,0,25.460922193000442,3.95136
STAGE_MODEL_INFER,0,25.515171053000813,3.95136
STAGE_MODEL_INFER,0,25.569655167000747,3.95136
STAGE_MODEL_INFER,0,25.627034941000602,3.91104
STAGE_MODEL_INFER,0,25.681725206999545,3.95136
STAGE_MODEL_INFER,0,25.736176057002012,3.95136
STAGE_MODEL_INFER,0,25.79094751500088,3.95136
STAGE_MODEL_INFER,0,25.845388503999857,3.95136
STAGE_MODEL_INFER,0,25.899685420001333,3.91104
STAGE_MODEL_INFER,0,25.95398268899953,3.95136
STAGE_MODEL_INFER,0,26.00818156999958,3.99168
STAGE_MODEL_INFER,0,26.06237881800189,3.95136
STAGE_MODEL_INFER,0,26.11656674900223,3.95136
STAGE_MODEL_INFER,0,26.17077353700006,3.95136
STAGE_MODEL_INFER,0,26.224963101001777,3.95136
STAGE_MODEL_INFER,0,26.2791335840011,3.95136
STAGE_MODEL_INFER,0,26.33334972100056,3.91104
STAGE_MODEL_INFER,0,26.387598674999026,3.95136
STAGE_MODEL_INFER,0,26.441773254999134,3.95136
STAGE_MODEL_INFER,0,26.496048238001094,3.91104
STAGE_MODEL_INFER,0,26.550229381999088,3.95136
STAGE_MODEL_INFER,0,26.604441133000364,3.95136
STAGE_MODEL_INFER,0,26.658874339002068,3.95136
STAGE_MODEL_INFER,0,26.713210183999763,3.95136
STAGE_MODEL_INFER,0,26.76747697099927,3.95136
STAGE_MODEL_INFER,0,26.82333905300038,3.95136
STAGE_MODEL_INFER,0,26.87764108900228,3.99168
STAGE_MODEL_INFER,0,26.9320470820021,3.95136
STAGE_MODEL_INFER,0,26.9863409210011,3.95136
STAGE_MODEL_INFER,0,27.041992622998805,3.99168
STAGE_MODEL_INFER,0,27.096851320002315,3.95136
STAGE_MODEL_INFER,0,27.151869137000176,3.95136
STAGE_MODEL_INFER,0,27.20610877099898,3.95136
STAGE_MODEL_INFER,0,27.260360027001298,3.95136
STAGE_MODEL_INFER,0,27.314635776001523,3.95136
STAGE_MODEL_INFER,0,27.369141111001227,3.95136
STAGE_MODEL_INFER,0,27.42365025700201,3.95136
STAGE_MODEL_INFER,0,27.47804677000022,3.95136
STAGE_MODEL_INFER,0,27.532852735999768,3.91104
STAGE_MODEL_INFER,0,27.588093897000363,3.95136
STAGE_MODEL_INFER,0,27.6428116269999,3.95136
STAGE_MODEL_INFER,0,27.697304860001168,3.95136
STAGE_MODEL_INFER,0,27.75152999200145,3.95136
STAGE_MODEL_INFER,0,27.805722177999996,3.95136
STAGE_MODEL_INFER,0,27.859939977999602,3.95136
STAGE_MODEL_INFER,0,27.914138759999332,3.95136
STAGE_MODEL_INFER,0,27.96848100599891,3.95136
STAGE_MODEL_INFER,0,28.02269969900226,3.95136
STAGE_MODEL_INFER,0,28.076889386000403,3.95136
STAGE_MODEL_INFER,0,28.13112639300016,3.91104
STAGE_MODEL_INFER,0,28.18540742100231,3.95136
STAGE_MODEL_INFER,0,28.239578986998822,3.95136
STAGE_MODEL_INFER,0,28.293745302002208,3.95136
STAGE_MODEL_INFER,0,28.347880114000873,3.95136
STAGE_MODEL_INFER,0,28.402051295001,3.95136
STAGE_MODEL_INFER,0,28.456257663001452,3.95136
STAGE_MODEL_INFER,0,28.510499600000912,3.95136
STAGE_MODEL_INFER,0,28.564664090001315,3.95136
STAGE_MODEL_INFER,0,28.61890612299976,3.95136
STAGE_MODEL_INFER,0,28.673103526001796,3.95136
STAGE_MODEL_INFER,0,28.72731082199971,3.95136
STAGE_MODEL_INFER,0,28.782126326001162,3.95136
STAGE_MODEL_INFER,0,28.836975254998833,3.95136
STAGE_MODEL_INFER,0,28.891844579000463,3.95136
STAGE_MODEL_INFER,0,28.947125917002268,3.95136
STAGE_MODEL_INFER,0,29.001375408999593,3.91104
STAGE_MODEL_INFER,0,29.055653680999967,3.95136
STAGE_MODEL_INFER,0,29.10988911700042,3.99168
STAGE_MODEL_INFER,0,29.164086069002224,3.95136
STAGE_MODEL_INFER,0,29.21903184400071,3.95136
STAGE_MODEL_INFER,0,29.273401746999298,3.95136
STAGE_MODEL_INFER,0,29.327641953001148,3.95136
STAGE_MODEL_INFER,0,29.38182340899948,3.95136
STAGE_MODEL_INFER,0,29.436044726000546,3.95136
STAGE_MODEL_INFER,0,29.490369390001433,3.95136
STAGE_MODEL_INFER,0,29.544557985998836,3.95136
STAGE_MODEL_INFER,0,29.598755737999454,3.91104
STAGE_MODEL_INFER,0,29.652998984998703,3.95136
STAGE_MODEL_INFER,0,29.70718879800188,3.95136
STAGE_MODEL_INFER,0,29.761500656000862,3.95136
STAGE_MODEL_INFER,0,29.81564586999957,3.95136
STAGE_MODEL_INFER,0,29.86986670600163,3.95136
STAGE_MODEL_INFER,0,29.924043200000597,3.95136
STAGE_MODEL_INFER,0,29.97848315400188,3.99168
BASELINE_IDLE,1,0.0012113590018998366,3.109568
BASELINE_IDLE,1,0.05556719800006249,3.109568
BASELINE_IDLE,1,0.10967552100191824,3.109568
BASELINE_IDLE,1,0.16388607100088848,3.109568
BASELINE_IDLE,1,0.21803908800211502,3.109568
BASELINE_IDLE,1,0.2725992209998367,3.109568
BASELINE_IDLE,1,0.3286708310006361,3.109568
BASELINE_IDLE,1,0.3846993160004786,3.109568
BASELINE_IDLE,1,0.4406200670018734,3.109568
BASELINE_IDLE,1,0.496709382001427,3.109568
BASELINE_IDLE,1,0.5527459030017781,3.109568
BASELINE_IDLE,1,0.6087889230002475,3.109568
BASELINE_IDLE,1,0.6660034090018598,3.109568
BASELINE_IDLE,1,0.7202154959995823,3.109568
BASELINE_IDLE,1,0.7766988010007481,3.109568
BASELINE_IDLE,1,0.8308657449997554,3.109568
BASELINE_IDLE,1,0.885070595999423,3.109568
BASELINE_IDLE,1,0.9432710799992492,3.109568
BASELINE_IDLE,1,0.997846483001922,3.109568
BASELINE_IDLE,1,1.0522655509994365,3.109568
BASELINE_IDLE,1,1.1065036010004405,3.109568
BASELINE_IDLE,1,1.1606995180009108,3.109568
BASELINE_IDLE,1,1.2148674199997913,3.109568
BASELINE_IDLE,1,1.2694244459999027,3.109568
BASELINE_IDLE,1,1.3253607219994592,3.109568
BASELINE_IDLE,1,1.3813683299995319,3.109568
BASELINE_IDLE,1,1.4372863890021108,3.109568
BASELINE_IDLE,1,1.4922948090024875,3.109568
BASELINE_IDLE,1,1.5474239610011864,3.109568
BASELINE_IDLE,1,1.604581137002242,3.109568
BASELINE_IDLE,1,1.6587890600021638,3.109568
BASELINE_IDLE,1,1.713003065000521,3.109568
BASELINE_IDLE,1,1.7671734969990212,3.109568
BASELINE_IDLE,1,1.8240836370023317,3.109568
BASELINE_IDLE,1,1.8783057430009649,3.114496
BASELINE_IDLE,1,1.9325600890006172,3.109568
BASELINE_IDLE,1,1.9867381379990547,3.109568
BASELINE_IDLE,1,2.040927009002189,3.109568
BASELINE_IDLE,1,2.0961627409997163,3.114496
BASELINE_IDLE,1,2.150435814000957,3.109568
BASELINE_IDLE,1,2.2046319850014697,3.114496
BASELINE_IDLE,1,2.2588128839997808,3.114496
BASELINE_IDLE,1,2.312954274999356,3.109568
BASELINE_IDLE,1,2.367142729999614,3.114496
BASELINE_IDLE,1,2.4212992649991065,3.114496
BASELINE_IDLE,1,2.4755106110023917,3.114496
BASELINE_IDLE,1,2.529637850999279,3.109568
BASELINE_IDLE,1,2.583848460999434,3.109568
BASELINE_IDLE,1,2.6420508619994507,3.114496
BASELINE_IDLE,1,2.6962428070000897,3.114496
BASELINE_IDLE,1,2.7504314860016166,3.109568
BASELINE_IDLE,1,2.806109454999387,3.109568
BASELINE_IDLE,1,2.863025900001958,3.109568
BASELINE_IDLE,1,2.918045362999692,3.109568
BASELINE_IDLE,1,2.975048410000454,3.109568
BASELINE_IDLE,1,3.0293348000013793,3.114496
BASELINE_IDLE,1,3.0836929060023976,3.109568
BASELINE_IDLE,1,3.137897847002023,3.109568
BASELINE_IDLE,1,3.1920573900024465,3.109568
BASELINE_IDLE,1,3.2462029090020224,3.109568
BASELINE_IDLE,1,3.300349165001535,3.109568
BASELINE_IDLE,1,3.3545020800011116,3.109568
BASELINE_IDLE,1,3.40875386100015,3.109568
BASELINE_IDLE,1,3.462914620002266,3.114496
BASELINE_IDLE,1,3.5171052500008955,3.109568
BASELINE_IDLE,1,3.5712711310006853,3.109568
BASELINE_IDLE,1,3.6254948980022164,3.109568
BASELINE_IDLE,1,3.6796664460016473,3.109568
BASELINE_IDLE,1,3.7338235230017744,3.109568
BASELINE_IDLE,1,3.787970002998918,3.109568
BASELINE_IDLE,1,3.842136876999575,3.109568
BASELINE_IDLE,1,3.8962807960015198,3.109568
BASELINE_IDLE,1,3.950467230999493,3.114496
BASELINE_IDLE,1,4.004700761001004,3.109568
BASELINE_IDLE,1,4.0589682909994735,3.114496
BASELINE_IDLE,1,4.113374323002063,3.109568
BASELINE_IDLE,1,4.167542380000668,3.109568
BASELINE_IDLE,1,4.221731182999065,3.109568
BASELINE_IDLE,1,4.275900649001414,3.109568
BASELINE_IDLE,1,4.330048119001731,3.109568
BASELINE_IDLE,1,4.384196326001984,3.109568
BASELINE_IDLE,1,4.4383881069989,3.109568
BASELINE_IDLE,1,4.492629000000306,3.109568
BASELINE_IDLE,1,4.546792607001407,3.109568
BASELINE_IDLE,1,4.600946800001111,3.109568
BASELINE_IDLE,1,4.655109446001006,3.109568
BASELINE_IDLE,1,4.7092505780019565,3.109568
BASELINE_IDLE,1,4.763412070999038,3.109568
BASELINE_IDLE,1,4.817556723999587,3.114496
BASELINE_IDLE,1,4.8717172569995455,3.109568
BASELINE_IDLE,1,4.9258654639997985,3.109568
BASELINE_IDLE,1,4.980095759001415,3.109568
BASELINE_IDLE,1,5.034262597000634,3.109568
BASELINE_IDLE,1,5.088729874001729,3.109568
BASELINE_IDLE,1,5.143022726999334,3.109568
BASELINE_IDLE,1,5.197184827000456,3.109568
BASELINE_IDLE,1,5.251337899000646,3.114496
BASELINE_IDLE,1,5.3055037449994416,3.109568
BASELINE_IDLE,1,5.3596666129997175,3.109568
BASELINE_IDLE,1,5.413930491999054,3.109568
BASELINE_IDLE,1,5.468243259001611,3.109568
BASELINE_IDLE,1,5.522427675001381,3.114496
BASELINE_IDLE,1,5.57656986100119,3.109568
BASELINE_IDLE,1,5.63073717899897,3.114496
BASELINE_IDLE,1,5.684901680000621,3.114496
BASELINE_IDLE,1,5.739121024998894,3.109568
BASELINE_IDLE,1,5.793258313002298,3.109568
BASELINE_IDLE,1,5.84743030500249,3.109568
BASELINE_IDLE,1,5.901568553999823,3.109568
BASELINE_IDLE,1,5.955754312999488,3.109568
BASELINE_IDLE,1,6.009918652001943,3.109568
BASELINE_IDLE,1,6.064079182000569,3.114496
BASELINE_IDLE,1,6.118313443999796,3.109568
BASELINE_IDLE,1,6.172579818001395,3.109568
BASELINE_IDLE,1,6.226742013001058,3.114496
BASELINE_IDLE,1,6.280923865000659,3.114496
BASELINE_IDLE,1,6.335096496000915,3.109568
BASELINE_IDLE,1,6.389231093002309,3.109568
BASELINE_IDLE,1,6.443410480002058,3.109568
BASELINE_IDLE,1,6.497565662000852,3.114496
BASELINE_IDLE,1,6.551833477002219,3.109568
BASELINE_IDLE,1,6.60793683600059,3.109568
BASELINE_IDLE,1,6.665165493999666,3.114496
BASELINE_IDLE,1,6.719371933999355,3.114496
BASELINE_IDLE,1,6.7735705630002485,3.109568
BASELINE_IDLE,1,6.827739544001815,3.109568
BASELINE_IDLE,1,6.881885602000693,3.109568
BASELINE_IDLE,1,6.936032525001792,3.109568
BASELINE_IDLE,1,6.9901787740018335,3.109568
BASELINE_IDLE,1,7.044303571001365,3.114496
BASELINE_IDLE,1,7.100307102002262,3.114496
BASELINE_IDLE,1,7.154589259000204,3.109568
BASELINE_IDLE,1,7.210568680999131,3.109568
BASELINE_IDLE,1,7.264748739002243,3.114496
BASELINE_IDLE,1,7.318983319000836,3.109568
BASELINE_IDLE,1,7.373760028000106,3.114496
BASELINE_IDLE,1,7.427952475001803,3.114496
BASELINE_IDLE,1,7.482148797000264,3.109568
BASELINE_IDLE,1,7.536299144001532,3.109568
BASELINE_IDLE,1,7.590469819999271,3.109568
BASELINE_IDLE,1,7.644615973000327,3.109568
BASELINE_IDLE,1,7.698774388001766,3.109568
BASELINE_IDLE,1,7.753891905998898,3.114496
BASELINE_IDLE,1,7.808076350000192,3.114496
BASELINE_IDLE,1,7.862244465999538,3.114496
BASELINE_IDLE,1,7.91646492700238,3.109568
BASELINE_IDLE,1,7.971686433000286,3.109568
BASELINE_IDLE,1,8.025887684001646,3.109568
BASELINE_IDLE,1,8.08025180000186,3.114496
BASELINE_IDLE,1,8.134507253002084,3.109568
BASELINE_IDLE,1,8.18871324200154,3.114496
BASELINE_IDLE,1,8.2433344150013,3.114496
BASELINE_IDLE,1,8.297508163999737,3.109568
BASELINE_IDLE,1,8.351642244000686,3.109568
BASELINE_IDLE,1,8.405803187000856,3.109568
BASELINE_IDLE,1,8.459986699999718,3.109568
BASELINE_IDLE,1,8.515502145000937,3.109568
BASELINE_IDLE,1,8.569814555001358,3.109568
BASELINE_IDLE,1,8.626309562001552,3.114496
BASELINE_IDLE,1,8.680907330999617,3.109568
BASELINE_IDLE,1,8.736847436000971,3.114496
BASELINE_IDLE,1,8.791315827998915,3.109568
BASELINE_IDLE,1,8.845514421002008,3.109568
BASELINE_IDLE,1,8.899665021999681,3.109568
BASELINE_IDLE,1,8.953823787000147,3.109568
BASELINE_IDLE,1,9.007955208999192,3.109568
BASELINE_IDLE,1,9.06213010799911,3.109568
BASELINE_IDLE,1,9.116448823999235,3.109568
BASELINE_IDLE,1,9.17059859100118,3.109568
BASELINE_IDLE,1,9.224790363001375,3.109568
BASELINE_IDLE,1,9.279170262001571,3.109568
BASELINE_IDLE,1,9.333386366000923,3.114496
BASELINE_IDLE,1,9.3876613800021,3.109568
BASELINE_IDLE,1,9.441834198001743,3.109568
BASELINE_IDLE,1,9.495996322999417,3.109568
BASELINE_IDLE,1,9.550194211002236,3.109568
BASELINE_IDLE,1,9.60434356100086,3.109568
BASELINE_IDLE,1,9.658485741001641,3.109568
BASELINE_IDLE,1,9.712651100002404,3.109568
BASELINE_IDLE,1,9.766827375999128,3.109568
BASELINE_IDLE,1,9.820978264000587,3.109568
BASELINE_IDLE,1,9.875135009999212,3.109568
BASELINE_IDLE,1,9.929281127002469,3.109568
BASELINE_IDLE,1,9.983438257000671,3.109568
BASELINE_IDLE,1,10.037586197002383,3.109568
BASELINE_IDLE,1,10.091774733999046,3.109568
BASELINE_IDLE,1,10.146029544001067,3.109568
BASELINE_IDLE,1,10.200230279002426,3.109568
BASELINE_IDLE,1,10.254564521001157,3.109568
BASELINE_IDLE,1,10.308736218001286,3.109568
BASELINE_IDLE,1,10.362901350999891,3.114496
BASELINE_IDLE,1,10.418508933998964,3.109568
BASELINE_IDLE,1,10.472692572999222,3.109568
BASELINE_IDLE,1,10.526832029001525,3.109568
BASELINE_IDLE,1,10.581375816000218,3.109568
BASELINE_IDLE,1,10.637350398999843,3.109568
BASELINE_IDLE,1,10.693389398002182,3.109568
BASELINE_IDLE,1,10.749356873999204,3.109568
BASELINE_IDLE,1,10.805382971000654,3.109568
BASELINE_IDLE,1,10.861359603000892,3.109568
BASELINE_IDLE,1,10.917369404000056,3.109568
BASELINE_IDLE,1,10.975312778999069,3.109568
BASELINE_IDLE,1,11.030747249998967,3.114496
BASELINE_IDLE,1,11.085369250999065,3.154944
BASELINE_IDLE,1,11.139627004999056,3.154944
BASELINE_IDLE,1,11.194317839999712,3.154944
BASELINE_IDLE,1,11.24920301200109,3.154944
BASELINE_IDLE,1,11.306029348001175,3.149952
BASELINE_IDLE,1,11.360244585001055,3.154944
BASELINE_IDLE,1,11.414572421999765,3.149952
BASELINE_IDLE,1,11.469334556000831,3.149952
BASELINE_IDLE,1,11.525362636999489,3.149952
BASELINE_IDLE,1,11.58135108100032,3.149952
BASELINE_IDLE,1,11.637341126999672,3.149952
BASELINE_IDLE,1,11.694592154999555,3.149952
BASELINE_IDLE,1,11.748816420000367,3.154944
BASELINE_IDLE,1,11.80397369700222,3.149952
BASELINE_IDLE,1,11.858162808999623,3.154944
BASELINE_IDLE,1,11.913056208999478,3.154944
BASELINE_IDLE,1,11.967313674002071,3.149952
BASELINE_IDLE,1,12.021505602002435,3.149952
BASELINE_IDLE,1,12.075835966999875,3.149952
BASELINE_IDLE,1,12.130114338000567,3.109568
BASELINE_IDLE,1,12.184259937999741,3.109568
BASELINE_IDLE,1,12.238423787999636,3.114496
BASELINE_IDLE,1,12.292578000000503,3.149952
BASELINE_IDLE,1,12.34700883199912,3.149952
BASELINE_IDLE,1,12.401166342002398,3.154944
BASELINE_IDLE,1,12.455380521001644,3.109568
BASELINE_IDLE,1,12.509494425001321,3.109568
BASELINE_IDLE,1,12.563632725999923,3.109568
BASELINE_IDLE,1,12.617803491000814,3.114496
BASELINE_IDLE,1,12.673003380001319,3.114496
BASELINE_IDLE,1,12.728649411001243,3.109568
BASELINE_IDLE,1,12.784257311999681,3.109568
BASELINE_IDLE,1,12.839884614000766,3.109568
BASELINE_IDLE,1,12.895479036000324,3.114496
BASELINE_IDLE,1,12.949684858002001,3.109568
BASELINE_IDLE,1,13.004901072999928,3.114496
BASELINE_IDLE,1,13.060509515999001,3.109568
BASELINE_IDLE,1,13.116314602000784,3.114496
BASELINE_IDLE,1,13.173365655002272,3.109568
BASELINE_IDLE,1,13.227867497000261,3.109568
BASELINE_IDLE,1,13.282058110002254,3.109568
BASELINE_IDLE,1,13.336263707002217,3.109568
BASELINE_IDLE,1,13.390520529999776,3.109568
BASELINE_IDLE,1,13.445651646001352,3.114496
BASELINE_IDLE,1,13.500357622000593,3.109568
BASELINE_IDLE,1,13.555536314001074,3.109568
BASELINE_IDLE,1,13.610646715998882,3.109568
BASELINE_IDLE,1,13.666447095001786,3.109568
BASELINE_IDLE,1,13.722396797998954,3.109568
BASELINE_IDLE,1,13.77797031099908,3.114496
BASELINE_IDLE,1,13.836330180001823,3.109568
BASELINE_IDLE,1,13.890552681001282,3.114496
BASELINE_IDLE,1,13.948092523001833,3.109568
BASELINE_IDLE,1,14.002269913002237,3.109568
BASELINE_IDLE,1,14.056579881002108,3.114496
BASELINE_IDLE,1,14.110847972002375,3.109568
BASELINE_IDLE,1,14.165414803999738,3.114496
BASELINE_IDLE,1,14.220938692000345,3.114496
BASELINE_IDLE,1,14.275591583998903,3.109568
BASELINE_IDLE,1,14.330764415000885,3.109568
BASELINE_IDLE,1,14.386730508002074,3.109568
BASELINE_IDLE,1,14.441235678001249,3.109568
BASELINE_IDLE,1,14.495536489001097,3.109568
BASELINE_IDLE,1,14.549733505002223,3.109568
BASELINE_IDLE,1,14.60393669900077,3.109568
BASELINE_IDLE,1,14.658111624001322,3.109568
BASELINE_IDLE,1,14.71225648499967,3.109568
BASELINE_IDLE,1,14.766422125001554,3.109568
BASELINE_IDLE,1,14.820576174999587,3.109568
BASELINE_IDLE,1,14.87470822999967,3.109568
BASELINE_IDLE,1,14.928845886999625,3.109568
BASELINE_IDLE,1,14.98298011800216,3.109568
STAGE_MODEL_INFER,1,0.0009100870011025108,3.109568
STAGE_MODEL_INFER,1,0.055453418997785775,3.23072
STAGE_MODEL_INFER,1,0.10949528299897793,3.43264
STAGE_MODEL_INFER,1,0.16368541399788228,3.513408
STAGE_MODEL_INFER,1,0.21784227999887662,3.594176
STAGE_MODEL_INFER,1,0.27208043499922496,3.715328
STAGE_MODEL_INFER,1,0.3262558700007503,3.796096
STAGE_MODEL_INFER,1,0.3807361619983567,3.87072
STAGE_MODEL_INFER,1,0.43494963199918857,3.917248
STAGE_MODEL_INFER,1,0.4893154989986215,3.95136
STAGE_MODEL_INFER,1,0.5435091510007624,4.032
STAGE_MODEL_INFER,1,0.5976604139978008,4.032
STAGE_MODEL_INFER,1,0.6518254759976116,4.07232
STAGE_MODEL_INFER,1,0.7060595650000323,4.15296
STAGE_MODEL_INFER,1,0.7601880969996273,4.15296
STAGE_MODEL_INFER,1,0.8143684629976633,4.15296
STAGE_MODEL_INFER,1,0.8701350299998012,4.11264
STAGE_MODEL_INFER,1,0.9277392209987738,4.11264
STAGE_MODEL_INFER,1,0.9831307200001902,4.19328
STAGE_MODEL_INFER,1,1.0373661839985289,4.19328
STAGE_MODEL_INFER,1,1.0921675309982675,4.15296
STAGE_MODEL_INFER,1,1.1482735949975904,4.15296
STAGE_MODEL_INFER,1,1.2037235229981889,4.19328
STAGE_MODEL_INFER,1,1.2583420269984344,4.19328
STAGE_MODEL_INFER,1,1.313107547997788,4.19328
STAGE_MODEL_INFER,1,1.3714744559983956,4.15296
STAGE_MODEL_INFER,1,1.4258807570004137,4.19328
STAGE_MODEL_INFER,1,1.4800521569995908,4.2336
STAGE_MODEL_INFER,1,1.5342630650011415,4.19328
STAGE_MODEL_INFER,1,1.5910296519978147,4.19328
STAGE_MODEL_INFER,1,1.6454984490010247,4.2336
STAGE_MODEL_INFER,1,1.7013588859990705,4.2336
STAGE_MODEL_INFER,1,1.7559798229995067,4.27392
STAGE_MODEL_INFER,1,1.8107085259980522,4.31424
STAGE_MODEL_INFER,1,1.8649302550002176,4.27392
STAGE_MODEL_INFER,1,1.920740682999167,4.31424
STAGE_MODEL_INFER,1,1.9749248560001433,4.31424
STAGE_MODEL_INFER,1,2.0293758189982327,4.27392
STAGE_MODEL_INFER,1,2.0840265929982706,4.35456
STAGE_MODEL_INFER,1,2.138993302000017,4.35456
STAGE_MODEL_INFER,1,2.194133985998633,4.31424
STAGE_MODEL_INFER,1,2.250538117998076,4.27392
STAGE_MODEL_INFER,1,2.304765672997746,4.2336
STAGE_MODEL_INFER,1,2.359087195000029,4.19328
STAGE_MODEL_INFER,1,2.414491146999353,4.19328
STAGE_MODEL_INFER,1,2.4694836279995798,4.15296
STAGE_MODEL_INFER,1,2.5241482659985195,4.15296
STAGE_MODEL_INFER,1,2.5789858540010755,4.2336
STAGE_MODEL_INFER,1,2.6336030759994173,4.2336
STAGE_MODEL_INFER,1,2.688479852000455,4.27392
STAGE_MODEL_INFER,1,2.7438901099994837,4.2336
STAGE_MODEL_INFER,1,2.803486527998757,4.15296
STAGE_MODEL_INFER,1,2.857922762999806,4.19328
STAGE_MODEL_INFER,1,2.912082475999341,4.2336
STAGE_MODEL_INFER,1,2.966258579999703,4.19328
STAGE_MODEL_INFER,1,3.020569983000314,4.19328
STAGE_MODEL_INFER,1,3.074914330998581,4.2336
STAGE_MODEL_INFER,1,3.129094501000509,4.2336
STAGE_MODEL_INFER,1,3.183278928998334,4.2336
STAGE_MODEL_INFER,1,3.2375479439979244,4.19328
STAGE_MODEL_INFER,1,3.291752765999263,4.19328
STAGE_MODEL_INFER,1,3.34597058700092,4.2336
STAGE_MODEL_INFER,1,3.400140416000795,4.2336
STAGE_MODEL_INFER,1,3.457340816999931,4.2336
STAGE_MODEL_INFER,1,3.511950386000535,4.19328
STAGE_MODEL_INFER,1,3.5681422829984513,4.19328
STAGE_MODEL_INFER,1,3.6227495140010433,4.2336
STAGE_MODEL_INFER,1,3.678094554998097,4.2336
STAGE_MODEL_INFER,1,3.7334669060001033,4.15296
STAGE_MODEL_INFER,1,3.7884751060009876,4.19328
STAGE_MODEL_INFER,1,3.8434823460011103,4.27392
STAGE_MODEL_INFER,1,3.8982931030004693,4.19328
STAGE_MODEL_INFER,1,3.956561653998506,4.19328
STAGE_MODEL_INFER,1,4.010876641998038,4.2336
STAGE_MODEL_INFER,1,4.065109381001093,4.2336
STAGE_MODEL_INFER,1,4.119416428999102,4.2336
STAGE_MODEL_INFER,1,4.175970714000869,4.19328
STAGE_MODEL_INFER,1,4.232408652998856,4.15296
STAGE_MODEL_INFER,1,4.288300270000036,4.2336
STAGE_MODEL_INFER,1,4.342495453998708,4.2336
STAGE_MODEL_INFER,1,4.397270512999967,4.19328
STAGE_MODEL_INFER,1,4.454055600999709,4.19328
STAGE_MODEL_INFER,1,4.508298648997879,4.2336
STAGE_MODEL_INFER,1,4.562705554999411,4.2336
STAGE_MODEL_INFER,1,4.617560237998987,4.2336
STAGE_MODEL_INFER,1,4.674001346000296,4.19328
STAGE_MODEL_INFER,1,4.729339789999358,4.19328
STAGE_MODEL_INFER,1,4.785199615998863,4.2336
STAGE_MODEL_INFER,1,4.839482267998392,4.19328
STAGE_MODEL_INFER,1,4.893854500998714,4.19328
STAGE_MODEL_INFER,1,4.948257691998151,4.2336
STAGE_MODEL_INFER,1,5.003538985998603,4.2336
STAGE_MODEL_INFER,1,5.058181496999168,4.2336
STAGE_MODEL_INFER,1,5.11288435899769,4.19328
STAGE_MODEL_INFER,1,5.1675604859992745,4.15296
STAGE_MODEL_INFER,1,5.222552772000199,4.2336
STAGE_MODEL_INFER,1,5.277663966000546,4.2336
STAGE_MODEL_INFER,1,5.334360592998564,4.19328
STAGE_MODEL_INFER,1,5.389682451997942,4.19328
STAGE_MODEL_INFER,1,5.446714573998179,4.2336
STAGE_MODEL_INFER,1,5.500926630000322,4.2336
STAGE_MODEL_INFER,1,5.555251797999517,4.2336
STAGE_MODEL_INFER,1,5.609518920999108,4.19328
STAGE_MODEL_INFER,1,5.663848667998536,4.15296
STAGE_MODEL_INFER,1,5.718051662999642,4.2336
STAGE_MODEL_INFER,1,5.772171511998749,4.27392
STAGE_MODEL_INFER,1,5.826354945998901,4.2336
STAGE_MODEL_INFER,1,5.880493652999576,4.2336
STAGE_MODEL_INFER,1,5.934707788001106,4.15296
STAGE_MODEL_INFER,1,5.989025399998354,4.19328
STAGE_MODEL_INFER,1,6.04316605799977,4.27392
STAGE_MODEL_INFER,1,6.097350739000831,4.19328
STAGE_MODEL_INFER,1,6.151618020998285,4.19328
STAGE_MODEL_INFER,1,6.205831900999328,4.2336
STAGE_MODEL_INFER,1,6.260007393000706,4.2336
STAGE_MODEL_INFER,1,6.314147219000006,4.2336
STAGE_MODEL_INFER,1,6.369475063998834,4.19328
STAGE_MODEL_INFER,1,6.423995624998497,4.19328
STAGE_MODEL_INFER,1,6.478544679997867,4.19328
STAGE_MODEL_INFER,1,6.532716939000238,4.2336
STAGE_MODEL_INFER,1,6.586958960000629,4.27392
STAGE_MODEL_INFER,1,6.6412095300001965,4.2336
STAGE_MODEL_INFER,1,6.695521506000659,4.19328
STAGE_MODEL_INFER,1,6.749701864999224,4.19328
STAGE_MODEL_INFER,1,6.803984546997526,4.2336
STAGE_MODEL_INFER,1,6.858152195000002,4.2336
STAGE_MODEL_INFER,1,6.912281072000042,4.2336
STAGE_MODEL_INFER,1,6.9665934949989605,4.19328
STAGE_MODEL_INFER,1,7.020862121000391,4.2336
STAGE_MODEL_INFER,1,7.075080705999426,4.27392
STAGE_MODEL_INFER,1,7.12926714599962,4.2336
STAGE_MODEL_INFER,1,7.183509423000942,4.31424
STAGE_MODEL_INFER,1,7.2376789589980035,4.27392
STAGE_MODEL_INFER,1,7.291934778000723,4.31424
STAGE_MODEL_INFER,1,7.34606691999943,4.31424
STAGE_MODEL_INFER,1,7.400304201997642,4.27392
STAGE_MODEL_INFER,1,7.4546835709988954,4.27392
STAGE_MODEL_INFER,1,7.508934011999372,4.27392
STAGE_MODEL_INFER,1,7.563077038998017,4.31424
STAGE_MODEL_INFER,1,7.617246254998463,4.35456
STAGE_MODEL_INFER,1,7.671391906998906,4.35456
STAGE_MODEL_INFER,1,7.725549244998547,4.35456
STAGE_MODEL_INFER,1,7.779677319998882,4.31424
STAGE_MODEL_INFER,1,7.833947962997627,4.27392
STAGE_MODEL_INFER,1,7.8882779630002915,4.27392
STAGE_MODEL_INFER,1,7.942483196999092,4.31424
STAGE_MODEL_INFER,1,7.996649786000489,4.27392
STAGE_MODEL_INFER,1,8.050840387997596,4.27392
STAGE_MODEL_INFER,1,8.1052614729997,4.19328
STAGE_MODEL_INFER,1,8.159525102997577,4.19328
STAGE_MODEL_INFER,1,8.21369146899815,4.27392
STAGE_MODEL_INFER,1,8.267832733999967,4.27392
STAGE_MODEL_INFER,1,8.32207475299947,4.27392
STAGE_MODEL_INFER,1,8.376340079998045,4.2336
STAGE_MODEL_INFER,1,8.430705553000735,4.19328
STAGE_MODEL_INFER,1,8.484921767998458,4.2336
STAGE_MODEL_INFER,1,8.539120597000874,4.31424
STAGE_MODEL_INFER,1,8.593391751001036,4.27392
STAGE_MODEL_INFER,1,8.647588563999307,4.27392
STAGE_MODEL_INFER,1,8.701816591998067,4.19328
STAGE_MODEL_INFER,1,8.7560487189985,4.19328
STAGE_MODEL_INFER,1,8.810220398998354,4.2336
STAGE_MODEL_INFER,1,8.864353180000762,4.2336
STAGE_MODEL_INFER,1,8.918540291000681,4.2336
STAGE_MODEL_INFER,1,8.972721095000452,4.19328
STAGE_MODEL_INFER,1,9.026994072999514,4.19328
STAGE_MODEL_INFER,1,9.081187107000005,4.27392
STAGE_MODEL_INFER,1,9.135371016000136,4.27392
STAGE_MODEL_INFER,1,9.189545097000519,4.27392
STAGE_MODEL_INFER,1,9.243735025000205,4.2336
STAGE_MODEL_INFER,1,9.298097038998094,4.19328
STAGE_MODEL_INFER,1,9.352271887997631,4.2336
STAGE_MODEL_INFER,1,9.406418786998984,4.31424
STAGE_MODEL_INFER,1,9.46058889699998,4.27392
STAGE_MODEL_INFER,1,9.514775976000237,4.27392
STAGE_MODEL_INFER,1,9.569076584000868,4.31424
STAGE_MODEL_INFER,1,9.623285466001107,4.35456
STAGE_MODEL_INFER,1,9.677477539000392,4.35456
STAGE_MODEL_INFER,1,9.73160929399819,4.35456
STAGE_MODEL_INFER,1,9.785825539998768,4.31424
STAGE_MODEL_INFER,1,9.840013451001141,4.35456
STAGE_MODEL_INFER,1,9.894167521997588,4.35456
STAGE_MODEL_INFER,1,9.948279585998534,4.35456
STAGE_MODEL_INFER,1,10.002653733998159,4.35456
STAGE_MODEL_INFER,1,10.056794996999088,4.35456
STAGE_MODEL_INFER,1,10.111065955999948,4.31424
STAGE_MODEL_INFER,1,10.165366018998611,4.27392
STAGE_MODEL_INFER,1,10.219642997999472,4.27392
STAGE_MODEL_INFER,1,10.273811826999008,4.31424
STAGE_MODEL_INFER,1,10.328011198998865,4.31424
STAGE_MODEL_INFER,1,10.382178298998042,4.27392
STAGE_MODEL_INFER,1,10.436524879998615,4.2336
STAGE_MODEL_INFER,1,10.490824109998357,4.27392
STAGE_MODEL_INFER,1,10.54498560799766,4.31424
STAGE_MODEL_INFER,1,10.599194488000649,4.2336
STAGE_MODEL_INFER,1,10.653385823999997,4.2336
STAGE_MODEL_INFER,1,10.7076222709984,4.27392
STAGE_MODEL_INFER,1,10.761785016999056,4.27392
STAGE_MODEL_INFER,1,10.81594792299802,4.27392
STAGE_MODEL_INFER,1,10.87037806599983,4.19328
STAGE_MODEL_INFER,1,10.92466858699845,4.19328
STAGE_MODEL_INFER,1,10.978845642999659,4.2336
STAGE_MODEL_INFER,1,11.03302791799797,4.2336
STAGE_MODEL_INFER,1,11.087404113997763,4.2336
STAGE_MODEL_INFER,1,11.141733309999836,4.19328
STAGE_MODEL_INFER,1,11.196099419998063,4.19328
STAGE_MODEL_INFER,1,11.250248910000664,4.2336
STAGE_MODEL_INFER,1,11.304380919998948,4.19328
STAGE_MODEL_INFER,1,11.358611986997857,4.19328
STAGE_MODEL_INFER,1,11.412748894999822,4.2336
STAGE_MODEL_INFER,1,11.466931521998049,4.2336
STAGE_MODEL_INFER,1,11.521102878999955,4.2336
STAGE_MODEL_INFER,1,11.5753739339998,4.19328
STAGE_MODEL_INFER,1,11.629864619000728,4.19328
STAGE_MODEL_INFER,1,11.684012667999923,4.2336
STAGE_MODEL_INFER,1,11.738247801000398,4.2336
STAGE_MODEL_INFER,1,11.792523658998107,4.19328
STAGE_MODEL_INFER,1,11.846689476999018,4.19328
STAGE_MODEL_INFER,1,11.900906520997523,4.15296
STAGE_MODEL_INFER,1,11.95516704200054,4.2336
STAGE_MODEL_INFER,1,12.009324214999651,4.31424
STAGE_MODEL_INFER,1,12.063483404999715,4.2336
STAGE_MODEL_INFER,1,12.117846152999846,4.2336
STAGE_MODEL_INFER,1,12.172041169000295,4.15296
STAGE_MODEL_INFER,1,12.226292564999312,4.19328
STAGE_MODEL_INFER,1,12.280418362999626,4.2336
STAGE_MODEL_INFER,1,12.334594905998529,4.19328
STAGE_MODEL_INFER,1,12.388952978999441,4.19328
STAGE_MODEL_INFER,1,12.443128368999169,4.19328
STAGE_MODEL_INFER,1,12.497304143998917,4.19328
STAGE_MODEL_INFER,1,12.551573436998297,4.2336
STAGE_MODEL_INFER,1,12.605774280000333,4.19328
STAGE_MODEL_INFER,1,12.660366454998439,4.19328
STAGE_MODEL_INFER,1,12.714656238000316,4.2336
STAGE_MODEL_INFER,1,12.768825160997949,4.2336
STAGE_MODEL_INFER,1,12.823029494000366,4.2336
STAGE_MODEL_INFER,1,12.87718452199988,4.19328
STAGE_MODEL_INFER,1,12.93154989499817,4.19328
STAGE_MODEL_INFER,1,12.985770170998876,4.27392
STAGE_MODEL_INFER,1,13.039958558998478,4.19328
STAGE_MODEL_INFER,1,13.094235085998662,4.19328
STAGE_MODEL_INFER,1,13.14836997599923,4.19328
STAGE_MODEL_INFER,1,13.20253422300084,4.19328
STAGE_MODEL_INFER,1,13.256671994000499,4.2336
STAGE_MODEL_INFER,1,13.310845814998174,4.19328
STAGE_MODEL_INFER,1,13.365093527998397,4.15296
STAGE_MODEL_INFER,1,13.419335990998661,4.2336
STAGE_MODEL_INFER,1,13.47346556499906,4.2336
STAGE_MODEL_INFER,1,13.527770971999416,4.19328
STAGE_MODEL_INFER,1,13.582023520000803,4.19328
STAGE_MODEL_INFER,1,13.636246357000346,4.2336
STAGE_MODEL_INFER,1,13.690636893999908,4.27392
STAGE_MODEL_INFER,1,13.744906601998082,4.2336
STAGE_MODEL_INFER,1,13.799186235999514,4.27392
STAGE_MODEL_INFER,1,13.85333357899799,4.31424
STAGE_MODEL_INFER,1,13.907523375997698,4.27392
STAGE_MODEL_INFER,1,13.962074983999628,4.2336
STAGE_MODEL_INFER,1,14.01636908799992,4.2336
STAGE_MODEL_INFER,1,14.07065553999928,4.27392
STAGE_MODEL_INFER,1,14.124860831998376,4.27392
STAGE_MODEL_INFER,1,14.17903061800098,4.27392
STAGE_MODEL_INFER,1,14.233327251000446,4.19328
STAGE_MODEL_INFER,1,14.287638482997863,4.19328
STAGE_MODEL_INFER,1,14.341813904000446,4.2336
STAGE_MODEL_INFER,1,14.395983209000406,4.2336
STAGE_MODEL_INFER,1,14.450130903998797,4.2336
STAGE_MODEL_INFER,1,14.504474344998016,4.19328
STAGE_MODEL_INFER,1,14.558729932999995,4.2336
STAGE_MODEL_INFER,1,14.612846539999737,4.31424
STAGE_MODEL_INFER,1,14.667454624999664,4.27392
STAGE_MODEL_INFER,1,14.721987087999878,4.27392
STAGE_MODEL_INFER,1,14.776226604997646,4.2336
STAGE_MODEL_INFER,1,14.83054369599995,4.19328
STAGE_MODEL_INFER,1,14.884685148001154,4.27392
STAGE_MODEL_INFER,1,14.938833354000963,4.27392
STAGE_MODEL_INFER,1,14.993084300000191,4.2336
STAGE_MODEL_INFER,1,15.047312097998656,4.2336
STAGE_MODEL_INFER,1,15.101680317999126,4.19328
STAGE_MODEL_INFER,1,15.155839537001157,4.2336
STAGE_MODEL_INFER,1,15.210007048997795,4.2336
STAGE_MODEL_INFER,1,15.26436755299801,4.19328
STAGE_MODEL_INFER,1,15.31861962000039,4.19328
STAGE_MODEL_INFER,1,15.37279904100069,4.2336
STAGE_MODEL_INFER,1,15.426955668001028,4.2336
STAGE_MODEL_INFER,1,15.481114214999252,4.2336
STAGE_MODEL_INFER,1,15.535378702999878,4.15296
STAGE_MODEL_INFER,1,15.589567729999544,4.19328
STAGE_MODEL_INFER,1,15.643717984999967,4.27392
STAGE_MODEL_INFER,1,15.69806990899815,4.2336
STAGE_MODEL_INFER,1,15.752343297001062,4.2336
STAGE_MODEL_INFER,1,15.80659206600103,4.2336
STAGE_MODEL_INFER,1,15.860717187999398,4.2336
STAGE_MODEL_INFER,1,15.91486593800073,4.2336
STAGE_MODEL_INFER,1,15.969030791999103,4.19328
STAGE_MODEL_INFER,1,16.023257629,4.19328
STAGE_MODEL_INFER,1,16.07741060400076,4.2336
STAGE_MODEL_INFER,1,16.13159101799829,4.2336
STAGE_MODEL_INFER,1,16.185741688001144,4.2336
STAGE_MODEL_INFER,1,16.23995206899781,4.15296
STAGE_MODEL_INFER,1,16.294263140000112,4.19328
STAGE_MODEL_INFER,1,16.34840506999899,4.2336
STAGE_MODEL_INFER,1,16.402981265000562,4.19328
STAGE_MODEL_INFER,1,16.457550800998433,4.19328
STAGE_MODEL_INFER,1,16.511814392000815,4.2336
STAGE_MODEL_INFER,1,16.566009756999847,4.2336
STAGE_MODEL_INFER,1,16.620299408998108,4.2336
STAGE_MODEL_INFER,1,16.67457215700051,4.19328
STAGE_MODEL_INFER,1,16.729090819000703,4.19328
STAGE_MODEL_INFER,1,16.783263772998907,4.2336
STAGE_MODEL_INFER,1,16.83745462400111,4.2336
STAGE_MODEL_INFER,1,16.89178695299779,4.19328
STAGE_MODEL_INFER,1,16.946016670000972,4.19328
STAGE_MODEL_INFER,1,17.000252854999417,4.19328
STAGE_MODEL_INFER,1,17.054512794999027,4.2336
STAGE_MODEL_INFER,1,17.108706173999963,4.2336
STAGE_MODEL_INFER,1,17.16305726399878,4.19328
STAGE_MODEL_INFER,1,17.217226022999967,4.2336
STAGE_MODEL_INFER,1,17.271368849000282,4.27392
STAGE_MODEL_INFER,1,17.32574257399756,4.2336
STAGE_MODEL_INFER,1,17.380122159000166,4.2336
STAGE_MODEL_INFER,1,17.434354245000577,4.15296
STAGE_MODEL_INFER,1,17.488664131000405,4.19328
STAGE_MODEL_INFER,1,17.5428065720007,4.27392
STAGE_MODEL_INFER,1,17.596932396998454,4.27392
STAGE_MODEL_INFER,1,17.65110173299763,4.27392
STAGE_MODEL_INFER,1,17.705494474997977,4.2336
STAGE_MODEL_INFER,1,17.759919042000547,4.19328
STAGE_MODEL_INFER,1,17.814119400998607,4.27392
STAGE_MODEL_INFER,1,17.868320847999712,4.2336
STAGE_MODEL_INFER,1,17.922684487999504,4.2336
STAGE_MODEL_INFER,1,17.976913851998688,4.19328
STAGE_MODEL_INFER,1,18.031348438998975,4.19328
STAGE_MODEL_INFER,1,18.085641900001065,4.2336
STAGE_MODEL_INFER,1,18.139811490000284,4.31424
STAGE_MODEL_INFER,1,18.194512899000983,4.27392
STAGE_MODEL_INFER,1,18.248741142000654,4.2336
STAGE_MODEL_INFER,1,18.30300338699817,4.19328
STAGE_MODEL_INFER,1,18.357282984998164,4.2336
STAGE_MODEL_INFER,1,18.411438936000195,4.27392
STAGE_MODEL_INFER,1,18.465684725000756,4.2336
STAGE_MODEL_INFER,1,18.519872371998645,4.2336
STAGE_MODEL_INFER,1,18.574208157999237,4.2336
STAGE_MODEL_INFER,1,18.628414918999624,4.2336
STAGE_MODEL_INFER,1,18.682542601000023,4.2336
STAGE_MODEL_INFER,1,18.73673908499768,4.19328
STAGE_MODEL_INFER,1,18.791167972998664,4.19328
STAGE_MODEL_INFER,1,18.84535097800108,4.2336
STAGE_MODEL_INFER,1,18.899501742998837,4.2336
STAGE_MODEL_INFER,1,18.953740007000306,4.2336
STAGE_MODEL_INFER,1,19.00790994899944,4.19328
STAGE_MODEL_INFER,1,19.064114893000806,4.19328
STAGE_MODEL_INFER,1,19.118727167999168,4.27392
STAGE_MODEL_INFER,1,19.17334731899973,4.2336
STAGE_MODEL_INFER,1,19.229649943998083,4.19328
STAGE_MODEL_INFER,1,19.285323645999597,4.2336
STAGE_MODEL_INFER,1,19.339919400998042,4.27392
STAGE_MODEL_INFER,1,19.39413041899752,4.2336
STAGE_MODEL_INFER,1,19.44838171399897,4.19328
STAGE_MODEL_INFER,1,19.50394406399937,4.19328
STAGE_MODEL_INFER,1,19.55854801500027,4.2336
STAGE_MODEL_INFER,1,19.6136204559989,4.27392
STAGE_MODEL_INFER,1,19.668560800000705,4.2336
STAGE_MODEL_INFER,1,19.72315027899822,4.27392
STAGE_MODEL_INFER,1,19.778294147999986,4.27392
STAGE_MODEL_INFER,1,19.833288982998056,4.2336
STAGE_MODEL_INFER,1,19.888334371000383,4.2336
STAGE_MODEL_INFER,1,19.943174758998794,4.27392
STAGE_MODEL_INFER,1,19.9975715340006,4.27392
STAGE_MODEL_INFER,1,20.05176110100001,4.31424
STAGE_MODEL_INFER,1,20.105936292999104,4.35456
STAGE_MODEL_INFER,1,20.160133255998517,4.31424
STAGE_MODEL_INFER,1,20.21428978199765,4.35456
STAGE_MODEL_INFER,1,20.268443778997607,4.31424
STAGE_MODEL_INFER,1,20.322677079999266,4.27392
STAGE_MODEL_INFER,1,20.376891715997772,4.2336
STAGE_MODEL_INFER,1,20.431237264998344,4.2336
STAGE_MODEL_INFER,1,20.485394335999445,4.31424
STAGE_MODEL_INFER,1,20.539538311997603,4.35456
STAGE_MODEL_INFER,1,20.593706619998557,4.31424
STAGE_MODEL_INFER,1,20.647976484000537,4.27392
STAGE_MODEL_INFER,1,20.702182539000205,4.2336
STAGE_MODEL_INFER,1,20.756469338000898,4.2336
STAGE_MODEL_INFER,1,20.810742658999516,4.31424
STAGE_MODEL_INFER,1,20.864890445998753,4.31424
STAGE_MODEL_INFER,1,20.91908952099766,4.31424
STAGE_MODEL_INFER,1,20.97329099700073,4.2336
STAGE_MODEL_INFER,1,21.027568351997616,4.2336
STAGE_MODEL_INFER,1,21.081720746999054,4.27392
STAGE_MODEL_INFER,1,21.135836581001058,4.27392
STAGE_MODEL_INFER,1,21.190449047000584,4.27392
STAGE_MODEL_INFER,1,21.245710061000864,4.27392
STAGE_MODEL_INFER,1,21.30153964800047,4.19328
STAGE_MODEL_INFER,1,21.35742756699983,4.19328
STAGE_MODEL_INFER,1,21.41172185799951,4.27392
STAGE_MODEL_INFER,1,21.465986470000644,4.2336
STAGE_MODEL_INFER,1,21.520302627999627,4.2336
STAGE_MODEL_INFER,1,21.575145577000512,4.19328
STAGE_MODEL_INFER,1,21.630252401999314,4.2336
STAGE_MODEL_INFER,1,21.684865635997994,4.27392
STAGE_MODEL_INFER,1,21.739704742998583,4.2336
STAGE_MODEL_INFER,1,21.794578491997527,4.19328
STAGE_MODEL_INFER,1,21.84888626099928,4.19328
STAGE_MODEL_INFER,1,21.903169377997983,4.2336
STAGE_MODEL_INFER,1,21.9573743439978,4.27392
STAGE_MODEL_INFER,1,22.011549982998986,4.2336
STAGE_MODEL_INFER,1,22.065877793000254,4.19328
STAGE_MODEL_INFER,1,22.120104498000728,4.2336
STAGE_MODEL_INFER,1,22.174257341001066,4.27392
STAGE_MODEL_INFER,1,22.228531205000763,4.2336
STAGE_MODEL_INFER,1,22.282737386998633,4.2336
STAGE_MODEL_INFER,1,22.336955127000692,4.19328
STAGE_MODEL_INFER,1,22.39122822200079,4.2336
STAGE_MODEL_INFER,1,22.4454896319985,4.2336
STAGE_MODEL_INFER,1,22.499775437998323,4.19328
STAGE_MODEL_INFER,1,22.55409684500046,4.19328
STAGE_MODEL_INFER,1,22.60835924699859,4.2336
STAGE_MODEL_INFER,1,22.662508505000005,4.2336
STAGE_MODEL_INFER,1,22.716690770997957,4.2336
STAGE_MODEL_INFER,1,22.77093108199915,4.19328
STAGE_MODEL_INFER,1,22.825202095998975,4.2336
STAGE_MODEL_INFER,1,22.87936652999997,4.27392
STAGE_MODEL_INFER,1,22.933582539997587,4.19328
STAGE_MODEL_INFER,1,22.98779125099827,4.19328
STAGE_MODEL_INFER,1,23.041963527000917,4.2336
STAGE_MODEL_INFER,1,23.096543687999656,4.2336
STAGE_MODEL_INFER,1,23.151359613999375,4.2336
STAGE_MODEL_INFER,1,23.20702799799983,4.19328
STAGE_MODEL_INFER,1,23.26430864500071,4.15296
STAGE_MODEL_INFER,1,23.319841378001,4.2336
STAGE_MODEL_INFER,1,23.37467789099901,4.2336
STAGE_MODEL_INFER,1,23.431929882997792,4.19328
STAGE_MODEL_INFER,1,23.487817897999776,4.19328
STAGE_MODEL_INFER,1,23.543469121999806,4.2336
STAGE_MODEL_INFER,1,23.598117669000203,4.2336
STAGE_MODEL_INFER,1,23.652694499000063,4.2336
STAGE_MODEL_INFER,1,23.708241255000758,4.19328
STAGE_MODEL_INFER,1,23.763344204999157,4.19328
STAGE_MODEL_INFER,1,23.817936788000225,4.2336
STAGE_MODEL_INFER,1,23.872555975998694,4.31424
STAGE_MODEL_INFER,1,23.92708823999783,4.27392
STAGE_MODEL_INFER,1,23.981705313999555,4.2336
STAGE_MODEL_INFER,1,24.035989773998153,4.19328
STAGE_MODEL_INFER,1,24.090173798998876,4.27392
STAGE_MODEL_INFER,1,24.144345147000422,4.27392
STAGE_MODEL_INFER,1,24.198657236000145,4.19328
STAGE_MODEL_INFER,1,24.252999517000717,4.19328
STAGE_MODEL_INFER,1,24.307176114998583,4.2336
STAGE_MODEL_INFER,1,24.361359147998883,4.2336
STAGE_MODEL_INFER,1,24.41556539299927,4.2336
STAGE_MODEL_INFER,1,24.470014095000806,4.19328
STAGE_MODEL_INFER,1,24.524279953999212,4.19328
STAGE_MODEL_INFER,1,24.578427608998027,4.27392
STAGE_MODEL_INFER,1,24.63267950899899,4.2336
STAGE_MODEL_INFER,1,24.68698990199846,4.19328
STAGE_MODEL_INFER,1,24.741155965999496,4.2336
STAGE_MODEL_INFER,1,24.795316877000005,4.2336
STAGE_MODEL_INFER,1,24.849463122998714,4.2336
STAGE_MODEL_INFER,1,24.904012098999374,4.19328
STAGE_MODEL_INFER,1,24.958483499998692,4.19328
STAGE_MODEL_INFER,1,25.012698836999334,4.2336
STAGE_MODEL_INFER,1,25.066844058997958,4.2336
STAGE_MODEL_INFER,1,25.121128901999327,4.2336
STAGE_MODEL_INFER,1,25.17529333299899,4.19328
STAGE_MODEL_INFER,1,25.23155378899901,4.19328
STAGE_MODEL_INFER,1,25.286294443998486,4.27392
STAGE_MODEL_INFER,1,25.340910717000952,4.2336
STAGE_MODEL_INFER,1,25.395335502998932,4.27392
STAGE_MODEL_INFER,1,25.449554713999532,4.31424
STAGE_MODEL_INFER,1,25.50550682299945,4.27392
STAGE_MODEL_INFER,1,25.56026585499785,4.2336
STAGE_MODEL_INFER,1,25.616747669999313,4.2336
STAGE_MODEL_INFER,1,25.671653239998705,4.27392
STAGE_MODEL_INFER,1,25.726454052997724,4.2336
STAGE_MODEL_INFER,1,25.782640807999996,4.2336
STAGE_MODEL_INFER,1,25.837529409000126,4.19328
STAGE_MODEL_INFER,1,25.891890065999178,4.19328
STAGE_MODEL_INFER,1,25.946167609999975,4.27392
STAGE_MODEL_INFER,1,26.000349457000993,4.2336
STAGE_MODEL_INFER,1,26.055270842000027,4.2336
STAGE_MODEL_INFER,1,26.10951012700025,4.19328
STAGE_MODEL_INFER,1,26.163885542999196,4.2336
STAGE_MODEL_INFER,1,26.2180474759989,4.27392
STAGE_MODEL_INFER,1,26.27223553499789,4.19328
STAGE_MODEL_INFER,1,26.32647840500067,4.19328
STAGE_MODEL_INFER,1,26.380803875999845,4.19328
STAGE_MODEL_INFER,1,26.43511609199777,4.19328
STAGE_MODEL_INFER,1,26.489299988999846,4.27392
STAGE_MODEL_INFER,1,26.5434385189983,4.27392
STAGE_MODEL_INFER,1,26.597743467998953,4.2336
STAGE_MODEL_INFER,1,26.652016304000426,4.2336
STAGE_MODEL_INFER,1,26.706197608000366,4.2336
STAGE_MODEL_INFER,1,26.76034209199861,4.2336
STAGE_MODEL_INFER,1,26.814460355999472,4.27392
STAGE_MODEL_INFER,1,26.86869893599942,4.19328
STAGE_MODEL_INFER,1,26.92303772499872,4.19328
STAGE_MODEL_INFER,1,26.9773698229983,4.2336
STAGE_MODEL_INFER,1,27.031511585999397,4.2336
STAGE_MODEL_INFER,1,27.085717124999064,4.2336
STAGE_MODEL_INFER,1,27.14137660599954,4.19328
STAGE_MODEL_INFER,1,27.19802208499823,4.19328
STAGE_MODEL_INFER,1,27.25265638199926,4.2336
STAGE_MODEL_INFER,1,27.30727671999921,4.2336
STAGE_MODEL_INFER,1,27.364793066997663,4.19328
STAGE_MODEL_INFER,1,27.419044612001017,4.19328
STAGE_MODEL_INFER,1,27.47461009499966,4.27392
STAGE_MODEL_INFER,1,27.52876335199835,4.27392
STAGE_MODEL_INFER,1,27.58297055499861,4.27392
STAGE_MODEL_INFER,1,27.638199678000092,4.19328
STAGE_MODEL_INFER,1,27.695280895000906,4.19328
STAGE_MODEL_INFER,1,27.751789920999727,4.2336
STAGE_MODEL_INFER,1,27.806721486998867,4.2336
STAGE_MODEL_INFER,1,27.86338515099851,4.19328
STAGE_MODEL_INFER,1,27.918287262000376,4.19328
STAGE_MODEL_INFER,1,27.972722931001044,4.2336
STAGE_MODEL_INFER,1,28.027017472999432,4.27392
STAGE_MODEL_INFER,1,28.081177644999116,4.31424
STAGE_MODEL_INFER,1,28.13535926699842,4.2336
STAGE_MODEL_INFER,1,28.18968576199768,4.2336
STAGE_MODEL_INFER,1,28.243857106997893,4.19328
STAGE_MODEL_INFER,1,28.298203130998445,4.2336
STAGE_MODEL_INFER,1,28.35242262799875,4.27392
STAGE_MODEL_INFER,1,28.40660476300036,4.2336
STAGE_MODEL_INFER,1,28.461012097999628,4.27392
STAGE_MODEL_INFER,1,28.515139101000386,4.31424
STAGE_MODEL_INFER,1,28.56954332999885,4.31424
STAGE_MODEL_INFER,1,28.623796347997995,4.31424
STAGE_MODEL_INFER,1,28.677988726998592,4.31424
STAGE_MODEL_INFER,1,28.73236683199866,4.27392
STAGE_MODEL_INFER,1,28.786549446998833,4.2336
STAGE_MODEL_INFER,1,28.840750213999854,4.27392
STAGE_MODEL_INFER,1,28.894941792997997,4.27392
STAGE_MODEL_INFER,1,28.949095464999118,4.31424
STAGE_MODEL_INFER,1,29.003464091998467,4.27392
STAGE_MODEL_INFER,1,29.057761516000028,4.2336
STAGE_MODEL_INFER,1,29.111943457999587,4.2336
STAGE_MODEL_INFER,1,29.166242129998864,4.2336
STAGE_MODEL_INFER,1,29.22046409199902,4.27392
STAGE_MODEL_INFER,1,29.274610911998025,4.2336
STAGE_MODEL_INFER,1,29.32886431299994,4.19328
STAGE_MODEL_INFER,1,29.383014975999686,4.19328
STAGE_MODEL_INFER,1,29.437795296998956,4.15296
STAGE_MODEL_INFER,1,29.492968293998274,4.11264
STAGE_MODEL_INFER,1,29.54775005600095,4.11264
STAGE_MODEL_INFER,1,29.602818617000594,4.07232
STAGE_MODEL_INFER,1,29.65792594999948,4.07232
STAGE_MODEL_INFER,1,29.71240893799768,4.07232
STAGE_MODEL_INFER,1,29.76715356099885,4.032
STAGE_MODEL_INFER,1,29.821972973997617,4.032
STAGE_MODEL_INFER,1,29.87667824899836,4.032
STAGE_MODEL_INFER,1,29.931142252000427,3.99168
STAGE_MODEL_INFER,1,29.985379548998026,3.99168
STAGE_FULL_PIPELINE,1,0.0004453110013855621,3.91104
STAGE_FULL_PIPELINE,1,0.05475720500180614,3.95136
STAGE_FULL_PIPELINE,1,0.10891567900034715,3.95136
STAGE_FULL_PIPELINE,1,0.16364179599986528,3.91104
STAGE_FULL_PIPELINE,1,0.21785175200056983,3.95136
STAGE_FULL_PIPELINE,1,0.2720492850021401,3.91104
STAGE_FULL_PIPELINE,1,0.32625978400028544,3.91104
STAGE_FULL_PIPELINE,1,0.3804480010003317,3.95136
STAGE_FULL_PIPELINE,1,0.43473998099943856,3.91104
STAGE_FULL_PIPELINE,1,0.48893261600096594,3.95136
STAGE_FULL_PIPELINE,1,0.543213070002821,3.95136
STAGE_FULL_PIPELINE,1,0.5976346830029797,3.95136
STAGE_FULL_PIPELINE,1,0.6518131030024961,3.95136
STAGE_FULL_PIPELINE,1,0.7059774990011647,3.95136
STAGE_FULL_PIPELINE,1,0.7601366130002134,3.95136
STAGE_FULL_PIPELINE,1,0.8142860900006781,3.95136
STAGE_FULL_PIPELINE,1,0.8685282540027401,3.91104
STAGE_FULL_PIPELINE,1,0.9227450600010343,3.95136
STAGE_FULL_PIPELINE,1,0.9768940880021546,3.99168
STAGE_FULL_PIPELINE,1,1.0311082050029654,3.95136
STAGE_FULL_PIPELINE,1,1.0852800930006197,3.99168
STAGE_FULL_PIPELINE,1,1.1395041030009452,3.99168
STAGE_FULL_PIPELINE,1,1.1943657110023196,3.95136
STAGE_FULL_PIPELINE,1,1.2494075700014946,3.99168
STAGE_FULL_PIPELINE,1,1.304551656001422,3.95136
STAGE_FULL_PIPELINE,1,1.358778355002869,3.95136
STAGE_FULL_PIPELINE,1,1.4130347009995603,3.99168
STAGE_FULL_PIPELINE,1,1.467576213999564,3.95136
STAGE_FULL_PIPELINE,1,1.522369788002834,3.95136
STAGE_FULL_PIPELINE,1,1.576814773001388,3.99168
STAGE_FULL_PIPELINE,1,1.631069038001442,3.95136
STAGE_FULL_PIPELINE,1,1.6852499220003665,3.95136
STAGE_FULL_PIPELINE,1,1.7394404110018513,3.95136
STAGE_FULL_PIPELINE,1,1.7936860000008892,3.95136
STAGE_FULL_PIPELINE,1,1.8478860300019733,3.95136
STAGE_FULL_PIPELINE,1,1.9020917900015775,3.91104
STAGE_FULL_PIPELINE,1,1.956476167000801,3.95136
STAGE_FULL_PIPELINE,1,2.0106591639996623,3.99168
STAGE_FULL_PIPELINE,1,2.0650577890010027,3.95136
STAGE_FULL_PIPELINE,1,2.11924184199961,3.99168
STAGE_FULL_PIPELINE,1,2.173416259000078,3.99168
STAGE_FULL_PIPELINE,1,2.227796955001395,3.95136
STAGE_FULL_PIPELINE,1,2.2820651460024237,3.99168
STAGE_FULL_PIPELINE,1,2.3362810550024733,3.95136
STAGE_FULL_PIPELINE,1,2.390504969000176,3.95136
STAGE_FULL_PIPELINE,1,2.4446909110010893,3.95136
STAGE_FULL_PIPELINE,1,2.498891741000989,3.91104
STAGE_FULL_PIPELINE,1,2.5530604580017098,3.95136
STAGE_FULL_PIPELINE,1,2.6072304250010347,3.95136
STAGE_FULL_PIPELINE,1,2.6614151499998115,3.95136
STAGE_FULL_PIPELINE,1,2.7155746160024137,3.95136
STAGE_FULL_PIPELINE,1,2.769788508001511,3.91104
STAGE_FULL_PIPELINE,1,2.8240977759996895,3.95136
STAGE_FULL_PIPELINE,1,2.87829044099999,3.95136
STAGE_FULL_PIPELINE,1,2.9324991470020905,3.91104
STAGE_FULL_PIPELINE,1,2.986671065002156,3.95136
STAGE_FULL_PIPELINE,1,3.0409098980017006,3.99168
STAGE_FULL_PIPELINE,1,3.095324050002091,3.95136
STAGE_FULL_PIPELINE,1,3.1495556459994987,3.95136
STAGE_FULL_PIPELINE,1,3.203772356002446,3.95136
STAGE_FULL_PIPELINE,1,3.2579578170007153,3.95136
STAGE_FULL_PIPELINE,1,3.3121286150017113,3.95136
STAGE_FULL_PIPELINE,1,3.3663183030002983,3.91104
STAGE_FULL_PIPELINE,1,3.4205981160012016,3.95136
STAGE_FULL_PIPELINE,1,3.474756204002915,3.95136
STAGE_FULL_PIPELINE,1,3.5289692309997918,3.95136
STAGE_FULL_PIPELINE,1,3.5831889500004763,3.95136
STAGE_FULL_PIPELINE,1,3.6373687449995487,3.95136
STAGE_FULL_PIPELINE,1,3.6915597770021122,3.95136
STAGE_FULL_PIPELINE,1,3.745754363000742,3.95136
STAGE_FULL_PIPELINE,1,3.799977476002823,3.91104
STAGE_FULL_PIPELINE,1,3.854168027999549,3.95136
STAGE_FULL_PIPELINE,1,3.9083213129997603,3.95136
STAGE_FULL_PIPELINE,1,3.962521502002346,3.91104
STAGE_FULL_PIPELINE,1,4.016694732999895,3.95136
STAGE_FULL_PIPELINE,1,4.070998749000864,3.95136
STAGE_FULL_PIPELINE,1,4.125420456002757,3.95136
STAGE_FULL_PIPELINE,1,4.179651091999403,3.95136
STAGE_FULL_PIPELINE,1,4.2338723150023725,3.91104
STAGE_FULL_PIPELINE,1,4.2880414800019935,3.95136
STAGE_FULL_PIPELINE,1,4.342260942001303,3.99168
STAGE_FULL_PIPELINE,1,4.396638115002133,3.95136
STAGE_FULL_PIPELINE,1,4.450871824999922,3.95136
STAGE_FULL_PIPELINE,1,4.505095385000459,3.95136
STAGE_FULL_PIPELINE,1,4.559497530000954,3.95136
STAGE_FULL_PIPELINE,1,4.613790341001732,3.95136
STAGE_FULL_PIPELINE,1,4.668128135002917,3.91104
STAGE_FULL_PIPELINE,1,4.724547321002319,3.95136
STAGE_FULL_PIPELINE,1,4.780306208002003,3.95136
STAGE_FULL_PIPELINE,1,4.8345653700016555,3.91104
STAGE_FULL_PIPELINE,1,4.890069795001182,3.95136
STAGE_FULL_PIPELINE,1,4.944286951002141,3.95136
STAGE_FULL_PIPELINE,1,4.998570253002981,3.95136
STAGE_FULL_PIPELINE,1,5.053149990999373,3.95136
STAGE_FULL_PIPELINE,1,5.109545868999703,3.99168
STAGE_FULL_PIPELINE,1,5.163862467001309,3.95136
STAGE_FULL_PIPELINE,1,5.218022891000146,3.95136
STAGE_FULL_PIPELINE,1,5.273623107001185,3.95136
STAGE_FULL_PIPELINE,1,5.327856656000222,3.95136
STAGE_FULL_PIPELINE,1,5.382656088000658,3.95136
STAGE_FULL_PIPELINE,1,5.437160428002244,3.95136
STAGE_FULL_PIPELINE,1,5.491642133001733,3.95136
STAGE_FULL_PIPELINE,1,5.546918347001338,3.95136
STAGE_FULL_PIPELINE,1,5.6020213550000335,3.91104
STAGE_FULL_PIPELINE,1,5.656540774001769,3.95136
STAGE_FULL_PIPELINE,1,5.712048080000386,3.95136
STAGE_FULL_PIPELINE,1,5.766557735001697,3.91104
STAGE_FULL_PIPELINE,1,5.821696824001265,3.95136
STAGE_FULL_PIPELINE,1,5.875895764002053,3.95136
STAGE_FULL_PIPELINE,1,5.930938292000064,3.95136
STAGE_FULL_PIPELINE,1,5.98597185700055,3.95136
STAGE_FULL_PIPELINE,1,6.04074580300221,3.99168
STAGE_FULL_PIPELINE,1,6.095193058001314,3.95136
STAGE_FULL_PIPELINE,1,6.150950024999474,3.95136
STAGE_FULL_PIPELINE,1,6.205192377001367,3.95136
STAGE_FULL_PIPELINE,1,6.259779062002053,3.95136
STAGE_FULL_PIPELINE,1,6.314017093001894,3.99168
STAGE_FULL_PIPELINE,1,6.368213983001624,3.95136
STAGE_FULL_PIPELINE,1,6.422389933999511,3.95136
STAGE_FULL_PIPELINE,1,6.476574530002836,3.99168
STAGE_FULL_PIPELINE,1,6.531334454000898,3.95136
STAGE_FULL_PIPELINE,1,6.585788592001336,3.95136
STAGE_FULL_PIPELINE,1,6.641454185002658,3.99168
STAGE_FULL_PIPELINE,1,6.695839169002284,3.95136
STAGE_FULL_PIPELINE,1,6.7510263140029565,3.95136
STAGE_FULL_PIPELINE,1,6.807486095000058,3.99168
STAGE_FULL_PIPELINE,1,6.861805511001876,3.95136
STAGE_FULL_PIPELINE,1,6.91658829300286,3.95136
STAGE_FULL_PIPELINE,1,6.971854710001935,3.95136
STAGE_FULL_PIPELINE,1,7.026274174000719,3.95136
STAGE_FULL_PIPELINE,1,7.082201369001268,3.95136
STAGE_FULL_PIPELINE,1,7.136472919999505,3.95136
STAGE_FULL_PIPELINE,1,7.190754364000895,3.95136
STAGE_FULL_PIPELINE,1,7.246011528000963,3.99168
STAGE_FULL_PIPELINE,1,7.300268383001821,3.95136
STAGE_FULL_PIPELINE,1,7.355391528002656,3.95136
STAGE_FULL_PIPELINE,1,7.409863019001932,3.99168
STAGE_FULL_PIPELINE,1,7.464604469001642,3.95136
STAGE_FULL_PIPELINE,1,7.519327862002683,3.95136
STAGE_FULL_PIPELINE,1,7.573819010001898,3.95136
STAGE_FULL_PIPELINE,1,7.628685611001856,3.95136
STAGE_FULL_PIPELINE,1,7.683143911002844,3.95136
STAGE_FULL_PIPELINE,1,7.737881199002004,3.95136
STAGE_FULL_PIPELINE,1,7.792425846000697,3.95136
STAGE_FULL_PIPELINE,1,7.848900610999408,3.95136
STAGE_FULL_PIPELINE,1,7.903255787001399,3.91104
STAGE_FULL_PIPELINE,1,7.957513282999571,3.95136
STAGE_FULL_PIPELINE,1,8.011804075002146,3.95136
STAGE_FULL_PIPELINE,1,8.06630277899967,3.91104
STAGE_FULL_PIPELINE,1,8.122039862002566,3.95136
STAGE_FULL_PIPELINE,1,8.178690938999353,3.99168
STAGE_FULL_PIPELINE,1,8.232935404001182,3.95136
STAGE_FULL_PIPELINE,1,8.287394696002593,3.95136
STAGE_FULL_PIPELINE,1,8.341679533001297,3.99168
STAGE_FULL_PIPELINE,1,8.395948202,3.95136
STAGE_FULL_PIPELINE,1,8.450094923002325,3.95136
STAGE_FULL_PIPELINE,1,8.50429837500269,3.95136
STAGE_FULL_PIPELINE,1,8.558573447000526,3.95136
STAGE_FULL_PIPELINE,1,8.61276502200053,3.95136
STAGE_FULL_PIPELINE,1,8.666994119001174,3.91104
STAGE_FULL_PIPELINE,1,8.721797583999432,3.95136
STAGE_FULL_PIPELINE,1,8.776501734002522,3.95136
STAGE_FULL_PIPELINE,1,8.831362027001887,3.91104
STAGE_FULL_PIPELINE,1,8.887853792002716,3.95136
STAGE_FULL_PIPELINE,1,8.942084137001075,3.95136
STAGE_FULL_PIPELINE,1,8.996639221000805,3.95136
STAGE_FULL_PIPELINE,1,9.050879427999462,3.95136
STAGE_FULL_PIPELINE,1,9.10519759300223,3.95136
STAGE_FULL_PIPELINE,1,9.159445290999429,3.95136
STAGE_FULL_PIPELINE,1,9.213842151999415,3.95136
STAGE_FULL_PIPELINE,1,9.2680595310012,3.95136
STAGE_FULL_PIPELINE,1,9.322379137000098,3.95136
STAGE_FULL_PIPELINE,1,9.376543082002172,3.95136
STAGE_FULL_PIPELINE,1,9.430757419002475,3.95136
STAGE_FULL_PIPELINE,1,9.484915504999663,3.95136
STAGE_FULL_PIPELINE,1,9.539104870000301,3.95136
STAGE_FULL_PIPELINE,1,9.593278963002376,3.95136
STAGE_FULL_PIPELINE,1,9.647463910001534,3.95136
STAGE_FULL_PIPELINE,1,9.701754862002417,3.91104
STAGE_FULL_PIPELINE,1,9.756001952002407,3.95136
STAGE_FULL_PIPELINE,1,9.810218178001378,3.95136
STAGE_FULL_PIPELINE,1,9.864547741002752,3.91104
STAGE_FULL_PIPELINE,1,9.918687834000593,3.95136
STAGE_FULL_PIPELINE,1,9.972889587999816,3.95136
STAGE_FULL_PIPELINE,1,10.027172248002898,3.95136
STAGE_FULL_PIPELINE,1,10.081409316000645,3.95136
STAGE_FULL_PIPELINE,1,10.135603515002003,3.91104
STAGE_FULL_PIPELINE,1,10.189880220001214,3.95136
STAGE_FULL_PIPELINE,1,10.24424096599978,3.95136
STAGE_FULL_PIPELINE,1,10.298551063002378,3.95136
STAGE_FULL_PIPELINE,1,10.352773148002598,3.95136
STAGE_FULL_PIPELINE,1,10.406992288000765,3.95136
STAGE_FULL_PIPELINE,1,10.461200797999481,3.95136
STAGE_FULL_PIPELINE,1,10.51536669500274,3.95136
STAGE_FULL_PIPELINE,1,10.569544789999782,3.95136
STAGE_FULL_PIPELINE,1,10.623793640999793,3.95136
STAGE_FULL_PIPELINE,1,10.678030933002447,3.99168
STAGE_FULL_PIPELINE,1,10.732231535999745,3.95136
STAGE_FULL_PIPELINE,1,10.786412384000869,3.95136
STAGE_FULL_PIPELINE,1,10.840580874002626,3.95136
STAGE_FULL_PIPELINE,1,10.894775521002884,3.95136
STAGE_FULL_PIPELINE,1,10.948950445999799,3.95136
STAGE_FULL_PIPELINE,1,11.00316324600135,3.91104
STAGE_FULL_PIPELINE,1,11.057537183001841,3.95136
STAGE_FULL_PIPELINE,1,11.111813695002638,3.95136
STAGE_FULL_PIPELINE,1,11.166024702000868,3.91104
STAGE_FULL_PIPELINE,1,11.220298203999846,3.95136
STAGE_FULL_PIPELINE,1,11.274683826999535,3.95136
STAGE_FULL_PIPELINE,1,11.328931908999948,3.95136
STAGE_FULL_PIPELINE,1,11.383090858002106,3.95136
STAGE_FULL_PIPELINE,1,11.437285569001688,3.95136
STAGE_FULL_PIPELINE,1,11.491450377001456,3.95136
STAGE_FULL_PIPELINE,1,11.545610798999405,3.95136
STAGE_FULL_PIPELINE,1,11.599847707002482,3.91104
STAGE_FULL_PIPELINE,1,11.654214088001027,3.95136
STAGE_FULL_PIPELINE,1,11.70841517000008,3.95136
STAGE_FULL_PIPELINE,1,11.762593232000654,3.91104
STAGE_FULL_PIPELINE,1,11.816758136999852,3.95136
STAGE_FULL_PIPELINE,1,11.870915645002242,3.91104
STAGE_FULL_PIPELINE,1,11.925121241001762,3.95136
STAGE_FULL_PIPELINE,1,11.979285568002524,3.95136
STAGE_FULL_PIPELINE,1,12.033485658001155,3.91104
STAGE_FULL_PIPELINE,1,12.087805295002909,3.95136
STAGE_FULL_PIPELINE,1,12.141974713002128,3.99168
STAGE_FULL_PIPELINE,1,12.196151527001348,3.95136
STAGE_FULL_PIPELINE,1,12.250330838000082,3.99168
STAGE_FULL_PIPELINE,1,12.304761186001997,3.95136
STAGE_FULL_PIPELINE,1,12.35897491400101,3.95136
STAGE_FULL_PIPELINE,1,12.41317202600112,3.99168
STAGE_FULL_PIPELINE,1,12.467375956999604,3.95136
STAGE_FULL_PIPELINE,1,12.521693065002182,3.95136
STAGE_FULL_PIPELINE,1,12.575888928000495,3.95136
STAGE_FULL_PIPELINE,1,12.630070192000858,3.95136
STAGE_FULL_PIPELINE,1,12.684241819002636,3.95136
STAGE_FULL_PIPELINE,1,12.738429679000546,3.95136
STAGE_FULL_PIPELINE,1,12.792617666000297,3.95136
STAGE_FULL_PIPELINE,1,12.846778279999853,3.95136
STAGE_FULL_PIPELINE,1,12.900962937001168,3.91104
STAGE_FULL_PIPELINE,1,12.955216204001772,3.95136
STAGE_FULL_PIPELINE,1,13.009400285001902,3.99168
STAGE_FULL_PIPELINE,1,13.063748769000085,3.95136
STAGE_FULL_PIPELINE,1,13.118013049999718,3.95136
STAGE_FULL_PIPELINE,1,13.172206991999701,3.95136
STAGE_FULL_PIPELINE,1,13.226401702002477,3.95136
STAGE_FULL_PIPELINE,1,13.280573265001294,3.95136
STAGE_FULL_PIPELINE,1,13.334915537001507,3.95136
STAGE_FULL_PIPELINE,1,13.38919838700167,3.95136
STAGE_FULL_PIPELINE,1,13.443371551002201,3.99168
STAGE_FULL_PIPELINE,1,13.497585150002124,3.95136
STAGE_FULL_PIPELINE,1,13.551829645999533,3.95136
STAGE_FULL_PIPELINE,1,13.606032840001717,3.95136
STAGE_FULL_PIPELINE,1,13.660223836999648,3.95136
STAGE_FULL_PIPELINE,1,13.71441557000071,3.95136
STAGE_FULL_PIPELINE,1,13.768577111000923,3.91104
STAGE_FULL_PIPELINE,1,13.82282077399941,3.95136
STAGE_FULL_PIPELINE,1,13.876992912999413,3.99168
STAGE_FULL_PIPELINE,1,13.93139220500234,3.95136
STAGE_FULL_PIPELINE,1,13.985592806002387,3.95136
STAGE_FULL_PIPELINE,1,14.03988538900012,3.95136
STAGE_FULL_PIPELINE,1,14.094163181001932,3.95136
STAGE_FULL_PIPELINE,1,14.148348893999355,3.95136
STAGE_FULL_PIPELINE,1,14.20253966600285,3.91104
STAGE_FULL_PIPELINE,1,14.256866698000522,3.95136
STAGE_FULL_PIPELINE,1,14.311052156001097,3.95136
STAGE_FULL_PIPELINE,1,14.365441875001125,3.95136
STAGE_FULL_PIPELINE,1,14.419721139001922,3.95136
STAGE_FULL_PIPELINE,1,14.473904452002898,3.95136
STAGE_FULL_PIPELINE,1,14.528120771999966,3.95136
STAGE_FULL_PIPELINE,1,14.582319869001367,3.95136
STAGE_FULL_PIPELINE,1,14.63655917700089,3.95136
STAGE_FULL_PIPELINE,1,14.6907507169999,3.95136
STAGE_FULL_PIPELINE,1,14.744973472999845,3.95136
STAGE_FULL_PIPELINE,1,14.799174362000485,3.91104
STAGE_FULL_PIPELINE,1,14.853390842999943,3.95136
STAGE_FULL_PIPELINE,1,14.907545661000768,3.95136
STAGE_FULL_PIPELINE,1,14.961819930002093,3.91104
STAGE_FULL_PIPELINE,1,15.015971130000253,3.95136
STAGE_FULL_PIPELINE,1,15.07017717400231,3.91104
STAGE_FULL_PIPELINE,1,15.124489158002689,3.95136
STAGE_FULL_PIPELINE,1,15.17865457300286,3.95136
STAGE_FULL_PIPELINE,1,15.232861289001448,3.91104
STAGE_FULL_PIPELINE,1,15.287052124000184,3.95136
STAGE_FULL_PIPELINE,1,15.34192224400249,3.99168
STAGE_FULL_PIPELINE,1,15.396384383002442,3.95136
STAGE_FULL_PIPELINE,1,15.45060400100192,3.95136
STAGE_FULL_PIPELINE,1,15.504806906999875,3.95136
STAGE_FULL_PIPELINE,1,15.558981062000385,3.95136
STAGE_FULL_PIPELINE,1,15.613173691002885,3.95136
STAGE_FULL_PIPELINE,1,15.667311156001233,3.91104
STAGE_FULL_PIPELINE,1,15.721539963000396,3.95136
STAGE_FULL_PIPELINE,1,15.77570941200247,3.95136
STAGE_FULL_PIPELINE,1,15.830101179999474,3.91104
STAGE_FULL_PIPELINE,1,15.884260768001695,3.95136
STAGE_FULL_PIPELINE,1,15.938519061000989,3.95136
STAGE_FULL_PIPELINE,1,15.992802390999714,3.95136
STAGE_FULL_PIPELINE,1,16.047050887002115,3.99168
STAGE_FULL_PIPELINE,1,16.1013111329994,3.95136
STAGE_FULL_PIPELINE,1,16.155513302001054,3.95136
STAGE_FULL_PIPELINE,1,16.209665526002937,3.99168
STAGE_FULL_PIPELINE,1,16.263919753000664,3.95136
STAGE_FULL_PIPELINE,1,16.318069767999987,3.95136
STAGE_FULL_PIPELINE,1,16.372548588002246,3.95136
STAGE_FULL_PIPELINE,1,16.426813347999996,3.95136
STAGE_FULL_PIPELINE,1,16.48098295700038,3.95136
STAGE_FULL_PIPELINE,1,16.53518112399979,3.95136
STAGE_FULL_PIPELINE,1,16.589531559002353,3.95136
STAGE_FULL_PIPELINE,1,16.643679205000808,3.95136
STAGE_FULL_PIPELINE,1,16.69786075600132,3.95136
STAGE_FULL_PIPELINE,1,16.75198964000083,3.95136
STAGE_FULL_PIPELINE,1,16.80614846000026,3.95136
STAGE_FULL_PIPELINE,1,16.86035792900293,3.95136
STAGE_FULL_PIPELINE,1,16.914613724002265,3.95136
STAGE_FULL_PIPELINE,1,16.968875411002955,3.95136
STAGE_FULL_PIPELINE,1,17.024041934000707,3.95136
STAGE_FULL_PIPELINE,1,17.0793083460012,3.99168
STAGE_FULL_PIPELINE,1,17.13424099199983,3.95136
STAGE_FULL_PIPELINE,1,17.1884809080002,3.95136
STAGE_FULL_PIPELINE,1,17.243343695001386,3.95136
STAGE_FULL_PIPELINE,1,17.297597602002497,3.91104
STAGE_FULL_PIPELINE,1,17.352050296001835,3.95136
STAGE_FULL_PIPELINE,1,17.40797268499955,3.95136
STAGE_FULL_PIPELINE,1,17.46275155799958,3.95136
STAGE_FULL_PIPELINE,1,17.517015453002386,3.95136
STAGE_FULL_PIPELINE,1,17.571290779000265,3.95136
STAGE_FULL_PIPELINE,1,17.625499895002577,3.95136
STAGE_FULL_PIPELINE,1,17.67965772200114,3.95136
STAGE_FULL_PIPELINE,1,17.73386815000049,3.91104
STAGE_FULL_PIPELINE,1,17.788045027002227,3.95136
STAGE_FULL_PIPELINE,1,17.842235317002633,3.95136
STAGE_FULL_PIPELINE,1,17.896493194002687,3.91104
STAGE_FULL_PIPELINE,1,17.95069814800081,3.95136
STAGE_FULL_PIPELINE,1,18.004884691999905,3.95136
STAGE_FULL_PIPELINE,1,18.059096690001752,3.95136
STAGE_FULL_PIPELINE,1,18.113264249001077,3.95136
STAGE_FULL_PIPELINE,1,18.167407764001837,3.91104
STAGE_FULL_PIPELINE,1,18.22165363500244,3.95136
STAGE_FULL_PIPELINE,1,18.275811141000304,3.99168
STAGE_FULL_PIPELINE,1,18.33000837900181,3.95136
STAGE_FULL_PIPELINE,1,18.384149044999504,3.95136
STAGE_FULL_PIPELINE,1,18.438514527002553,3.95136
STAGE_FULL_PIPELINE,1,18.4927374100007,3.95136
STAGE_FULL_PIPELINE,1,18.54698699400251,3.99168
STAGE_FULL_PIPELINE,1,18.60122441200292,3.95136
STAGE_FULL_PIPELINE,1,18.655383903002075,3.95136
STAGE_FULL_PIPELINE,1,18.70953974400254,3.95136
STAGE_FULL_PIPELINE,1,18.764328958000988,3.91104
STAGE_FULL_PIPELINE,1,18.819382400000904,3.95136
STAGE_FULL_PIPELINE,1,18.874193513001956,3.95136
STAGE_FULL_PIPELINE,1,18.928540586002782,3.91104
STAGE_FULL_PIPELINE,1,18.98330726000131,3.95136
STAGE_FULL_PIPELINE,1,19.039024746001814,3.95136
STAGE_FULL_PIPELINE,1,19.09342621399992,3.95136
STAGE_FULL_PIPELINE,1,19.14972062800007,3.95136
STAGE_FULL_PIPELINE,1,19.20397331800268,3.95136
STAGE_FULL_PIPELINE,1,19.258197961000405,3.95136
STAGE_FULL_PIPELINE,1,19.312620880002214,3.95136
STAGE_FULL_PIPELINE,1,19.367364535002707,3.91104
STAGE_FULL_PIPELINE,1,19.421817035999993,3.95136
STAGE_FULL_PIPELINE,1,19.477029661000415,3.95136
STAGE_FULL_PIPELINE,1,19.531870132999757,3.91104
STAGE_FULL_PIPELINE,1,19.588263092002308,3.95136
STAGE_FULL_PIPELINE,1,19.64251226000124,3.95136
STAGE_FULL_PIPELINE,1,19.69672569800241,3.91104
STAGE_FULL_PIPELINE,1,19.751178935002827,3.95136
STAGE_FULL_PIPELINE,1,19.80566050700145,3.95136
STAGE_FULL_PIPELINE,1,19.860153445002652,3.95136
STAGE_FULL_PIPELINE,1,19.916511122002703,3.95136
STAGE_FULL_PIPELINE,1,19.97076352300064,3.95136
STAGE_FULL_PIPELINE,1,20.02503206000256,3.95136
STAGE_FULL_PIPELINE,1,20.07991248700273,3.99168
STAGE_FULL_PIPELINE,1,20.134640518001106,3.95136
STAGE_FULL_PIPELINE,1,20.18923168100082,3.95136
STAGE_FULL_PIPELINE,1,20.245205518000148,3.95136
STAGE_FULL_PIPELINE,1,20.29943781300244,3.91104
STAGE_FULL_PIPELINE,1,20.354110681000748,3.95136
STAGE_FULL_PIPELINE,1,20.408439152000938,3.95136
STAGE_FULL_PIPELINE,1,20.46347277500172,3.95136
STAGE_FULL_PIPELINE,1,20.517929437999555,3.95136
STAGE_FULL_PIPELINE,1,20.573110624001856,3.95136
STAGE_FULL_PIPELINE,1,20.627309206000064,3.95136
STAGE_FULL_PIPELINE,1,20.681594616002258,3.95136
STAGE_FULL_PIPELINE,1,20.736862244000804,3.95136
STAGE_FULL_PIPELINE,1,20.79137096500199,3.95136
STAGE_FULL_PIPELINE,1,20.846102966002945,3.95136
STAGE_FULL_PIPELINE,1,20.901836331002414,3.91104
STAGE_FULL_PIPELINE,1,20.95615049100161,3.95136
STAGE_FULL_PIPELINE,1,21.010401579002064,3.99168
STAGE_FULL_PIPELINE,1,21.06483256499996,3.95136
STAGE_FULL_PIPELINE,1,21.119270243001665,3.95136
STAGE_FULL_PIPELINE,1,21.173724504002166,3.95136
STAGE_FULL_PIPELINE,1,21.22852040900034,3.95136
STAGE_FULL_PIPELINE,1,21.284979001000465,3.95136
STAGE_FULL_PIPELINE,1,21.339239117001853,3.95136
STAGE_FULL_PIPELINE,1,21.394030283001484,3.95136
STAGE_FULL_PIPELINE,1,21.44823187500151,3.95136
STAGE_FULL_PIPELINE,1,21.502687737000088,3.95136
STAGE_FULL_PIPELINE,1,21.55937735599946,3.95136
STAGE_FULL_PIPELINE,1,21.613594123002258,3.99168
STAGE_FULL_PIPELINE,1,21.66783832800138,3.95136
STAGE_FULL_PIPELINE,1,21.722927082999377,3.95136
STAGE_FULL_PIPELINE,1,21.777992434002954,3.95136
STAGE_FULL_PIPELINE,1,21.832731350001268,3.91104
STAGE_FULL_PIPELINE,1,21.887776083000062,3.95136
STAGE_FULL_PIPELINE,1,21.942933864000224,3.95136
STAGE_FULL_PIPELINE,1,21.9979460680006,3.95136
STAGE_FULL_PIPELINE,1,22.052218703000108,3.95136
STAGE_FULL_PIPELINE,1,22.106696880000527,3.95136
STAGE_FULL_PIPELINE,1,22.16150354199999,3.95136
STAGE_FULL_PIPELINE,1,22.217916575002164,3.95136
STAGE_FULL_PIPELINE,1,22.272154984002555,3.95136
STAGE_FULL_PIPELINE,1,22.326433318001364,3.95136
STAGE_FULL_PIPELINE,1,22.381304588001512,3.95136
STAGE_FULL_PIPELINE,1,22.43571498700112,3.95136
STAGE_FULL_PIPELINE,1,22.49063466500229,3.95136
STAGE_FULL_PIPELINE,1,22.546335726001416,3.99168
STAGE_FULL_PIPELINE,1,22.60060989700287,3.95136
STAGE_FULL_PIPELINE,1,22.65509044400096,3.95136
STAGE_FULL_PIPELINE,1,22.709256177000498,3.99168
STAGE_FULL_PIPELINE,1,22.76343724600156,3.95136
STAGE_FULL_PIPELINE,1,22.817566385001555,3.95136
STAGE_FULL_PIPELINE,1,22.871761733000312,3.95136
STAGE_FULL_PIPELINE,1,22.92592929100283,3.95136
STAGE_FULL_PIPELINE,1,22.980090830002155,3.95136
STAGE_FULL_PIPELINE,1,23.034246862000145,3.95136
STAGE_FULL_PIPELINE,1,23.088594862001628,3.95136
STAGE_FULL_PIPELINE,1,23.142851264001365,3.99168
STAGE_FULL_PIPELINE,1,23.197056057000736,3.95136
STAGE_FULL_PIPELINE,1,23.251242536000063,3.95136
STAGE_FULL_PIPELINE,1,23.305446336002205,3.95136
STAGE_FULL_PIPELINE,1,23.359757422000257,3.95136
STAGE_FULL_PIPELINE,1,23.41392312300013,3.95136
STAGE_FULL_PIPELINE,1,23.468119815002865,3.91104
STAGE_FULL_PIPELINE,1,23.522389887999452,3.95136
STAGE_FULL_PIPELINE,1,23.57675424899935,3.95136
STAGE_FULL_PIPELINE,1,23.63098894400173,3.95136
STAGE_FULL_PIPELINE,1,23.685176704002515,3.95136
STAGE_FULL_PIPELINE,1,23.739364272001694,3.95136
STAGE_FULL_PIPELINE,1,23.793527379999432,3.95136
STAGE_FULL_PIPELINE,1,23.84768434000216,3.95136
STAGE_FULL_PIPELINE,1,23.90185926200138,3.95136
STAGE_FULL_PIPELINE,1,23.956094533001306,3.95136
STAGE_FULL_PIPELINE,1,24.01033492699935,3.99168
STAGE_FULL_PIPELINE,1,24.064606345000357,3.95136
STAGE_FULL_PIPELINE,1,24.118813762001082,3.95136
STAGE_FULL_PIPELINE,1,24.173001713999838,3.95136
STAGE_FULL_PIPELINE,1,24.227239195002767,3.95136
STAGE_FULL_PIPELINE,1,24.281395642999996,3.95136
STAGE_FULL_PIPELINE,1,24.335545047000778,3.95136
STAGE_FULL_PIPELINE,1,24.38974164300089,3.95136
STAGE_FULL_PIPELINE,1,24.443882084000506,3.99168
STAGE_FULL_PIPELINE,1,24.498061007001525,3.95136
STAGE_FULL_PIPELINE,1,24.552218382999854,3.95136
STAGE_FULL_PIPELINE,1,24.606673253001645,3.95136
STAGE_FULL_PIPELINE,1,24.661084388000745,3.95136
STAGE_FULL_PIPELINE,1,24.71538948700254,3.99168
STAGE_FULL_PIPELINE,1,24.769602091000706,3.95136
STAGE_FULL_PIPELINE,1,24.823819337001623,3.95136
STAGE_FULL_PIPELINE,1,24.87798356500207,3.99168
STAGE_FULL_PIPELINE,1,24.93218822900235,3.95136
STAGE_FULL_PIPELINE,1,24.986337665002793,3.95136
STAGE_FULL_PIPELINE,1,25.04090283000187,3.95136
STAGE_FULL_PIPELINE,1,25.09543252000003,3.95136
STAGE_FULL_PIPELINE,1,25.149903396999434,3.95136
STAGE_FULL_PIPELINE,1,25.204355193000083,3.95136
STAGE_FULL_PIPELINE,1,25.259753861002537,3.95136
STAGE_FULL_PIPELINE,1,25.314640658001736,3.95136
STAGE_FULL_PIPELINE,1,25.369125846002134,3.95136
STAGE_FULL_PIPELINE,1,25.423389644001873,3.95136
STAGE_FULL_PIPELINE,1,25.47904440899947,3.99168
STAGE_FULL_PIPELINE,1,25.533325334999972,3.95136
STAGE_FULL_PIPELINE,1,25.58916960300121,3.95136
STAGE_FULL_PIPELINE,1,25.64341716800118,3.99168
STAGE_FULL_PIPELINE,1,25.697697742001765,3.95136
STAGE_FULL_PIPELINE,1,25.751865587000793,3.95136
STAGE_FULL_PIPELINE,1,25.80664996500127,3.95136
STAGE_FULL_PIPELINE,1,25.861473306002154,3.95136
STAGE_FULL_PIPELINE,1,25.916196309000952,3.95136
STAGE_FULL_PIPELINE,1,25.970727343999897,3.99168
STAGE_FULL_PIPELINE,1,26.025356668000313,3.99168
STAGE_FULL_PIPELINE,1,26.079596806001064,3.99168
STAGE_FULL_PIPELINE,1,26.133820167000522,3.95136
STAGE_FULL_PIPELINE,1,26.188058543000807,3.99168
STAGE_FULL_PIPELINE,1,26.242466317002254,3.99168
STAGE_FULL_PIPELINE,1,26.296792321001703,3.95136
STAGE_FULL_PIPELINE,1,26.351032554000994,3.99168
STAGE_FULL_PIPELINE,1,26.405237154001952,3.95136
STAGE_FULL_PIPELINE,1,26.459486480001942,3.95136
STAGE_FULL_PIPELINE,1,26.513674527999683,3.95136
STAGE_FULL_PIPELINE,1,26.567887900000642,3.95136
STAGE_FULL_PIPELINE,1,26.622346258001926,3.95136
STAGE_FULL_PIPELINE,1,26.67669906000083,3.99168
STAGE_FULL_PIPELINE,1,26.731042129002162,3.95136
STAGE_FULL_PIPELINE,1,26.78523145700092,3.95136
STAGE_FULL_PIPELINE,1,26.83940240800075,3.95136
STAGE_FULL_PIPELINE,1,26.893615204000525,3.95136
STAGE_FULL_PIPELINE,1,26.94777706199966,3.99168
STAGE_FULL_PIPELINE,1,27.00200753000172,3.95136
STAGE_FULL_PIPELINE,1,27.056224904001283,3.95136
STAGE_FULL_PIPELINE,1,27.11050339600115,3.99168
STAGE_FULL_PIPELINE,1,27.16478819600161,3.95136
STAGE_FULL_PIPELINE,1,27.219056219000777,3.95136
STAGE_FULL_PIPELINE,1,27.273368713002128,3.95136
STAGE_FULL_PIPELINE,1,27.327695549000055,3.95136
STAGE_FULL_PIPELINE,1,27.38189400200281,3.95136
STAGE_FULL_PIPELINE,1,27.4365850840004,3.91104
STAGE_FULL_PIPELINE,1,27.491064541001833,3.95136
STAGE_FULL_PIPELINE,1,27.547694225002488,3.95136
STAGE_FULL_PIPELINE,1,27.601930200002244,3.95136
STAGE_FULL_PIPELINE,1,27.656253803001164,3.95136
STAGE_FULL_PIPELINE,1,27.710717540001497,3.99168
STAGE_FULL_PIPELINE,1,27.76496571300231,3.95136
STAGE_FULL_PIPELINE,1,27.81918126200253,3.95136
STAGE_FULL_PIPELINE,1,27.873382308000146,3.95136
STAGE_FULL_PIPELINE,1,27.927599618000386,3.95136
STAGE_FULL_PIPELINE,1,27.98189728700163,3.95136
STAGE_FULL_PIPELINE,1,28.036113220001425,3.95136
STAGE_FULL_PIPELINE,1,28.09032188600031,3.95136
STAGE_FULL_PIPELINE,1,28.144613504002336,3.95136
STAGE_FULL_PIPELINE,1,28.19879598099942,3.95136
STAGE_FULL_PIPELINE,1,28.253012170000147,3.95136
STAGE_FULL_PIPELINE,1,28.30722784700265,3.95136
STAGE_FULL_PIPELINE,1,28.361458539002342,3.95136
STAGE_FULL_PIPELINE,1,28.4156561910022,3.95136
STAGE_FULL_PIPELINE,1,28.469865496001148,3.95136
STAGE_FULL_PIPELINE,1,28.52411197300171,3.95136
STAGE_FULL_PIPELINE,1,28.578358481001487,3.99168
STAGE_FULL_PIPELINE,1,28.632570252000733,3.95136
STAGE_FULL_PIPELINE,1,28.687015035000513,3.95136
STAGE_FULL_PIPELINE,1,28.74122366800293,3.99168
STAGE_FULL_PIPELINE,1,28.79542701900209,3.95136
STAGE_FULL_PIPELINE,1,28.84959729700131,3.95136
STAGE_FULL_PIPELINE,1,28.903773946,3.95136
STAGE_FULL_PIPELINE,1,28.95798104200003,3.95136
STAGE_FULL_PIPELINE,1,29.01215045600111,3.99168
STAGE_FULL_PIPELINE,1,29.066439161000744,3.95136
STAGE_FULL_PIPELINE,1,29.12074502700125,3.95136
STAGE_FULL_PIPELINE,1,29.174918922999495,3.99168
STAGE_FULL_PIPELINE,1,29.229194469000504,3.95136
STAGE_FULL_PIPELINE,1,29.283339166002406,3.99168
STAGE_FULL_PIPELINE,1,29.337546038001165,3.95136
STAGE_FULL_PIPELINE,1,29.391706327001884,3.95136
STAGE_FULL_PIPELINE,1,29.445895142001973,3.99168
STAGE_FULL_PIPELINE,1,29.50003788700269,3.95136
STAGE_FULL_PIPELINE,1,29.55437829800212,3.95136
STAGE_FULL_PIPELINE,1,29.608555491002335,3.99168
STAGE_FULL_PIPELINE,1,29.662763388001622,3.95136
STAGE_FULL_PIPELINE,1,29.717184223001823,3.95136
STAGE_FULL_PIPELINE,1,29.771351395000238,3.95136
STAGE_FULL_PIPELINE,1,29.825548983000772,3.95136
STAGE_FULL_PIPELINE,1,29.879751853000926,3.95136
STAGE_FULL_PIPELINE,1,29.933914255001582,3.95136
STAGE_FULL_PIPELINE,1,29.98817411300115,3.95136
STAGE_MODEL_POLICY,1,0.0005126729993207846,3.87072
STAGE_MODEL_POLICY,1,0.05489784199744463,3.91104
STAGE_MODEL_POLICY,1,0.10918795500037959,3.95136
STAGE_MODEL_POLICY,1,0.1634170789984637,3.91104
STAGE_MODEL_POLICY,1,0.21761700299975928,3.95136
STAGE_MODEL_POLICY,1,0.27179563699974096,3.95136
STAGE_MODEL_POLICY,1,0.32600884799830965,3.95136
STAGE_MODEL_POLICY,1,0.3801955179987999,3.95136
STAGE_MODEL_POLICY,1,0.43437386399818934,3.91104
STAGE_MODEL_POLICY,1,0.4888911630005168,3.95136
STAGE_MODEL_POLICY,1,0.5430847799980256,3.95136
STAGE_MODEL_POLICY,1,0.5973712439990777,3.91104
STAGE_MODEL_POLICY,1,0.6522512849987834,3.95136
STAGE_MODEL_POLICY,1,0.7071653259990853,3.95136
STAGE_MODEL_POLICY,1,0.7623442679978325,3.95136
STAGE_MODEL_POLICY,1,0.8165381100006925,3.95136
STAGE_MODEL_POLICY,1,0.8707026880001649,3.95136
STAGE_MODEL_POLICY,1,0.9249301140007447,3.95136
STAGE_MODEL_POLICY,1,0.979086400999222,3.95136
STAGE_MODEL_POLICY,1,1.0332960259984247,3.95136
STAGE_MODEL_POLICY,1,1.0876027239974064,3.95136
STAGE_MODEL_POLICY,1,1.14176426099948,3.99168
STAGE_MODEL_POLICY,1,1.195951730998786,3.95136
STAGE_MODEL_POLICY,1,1.2501183269996545,3.95136
STAGE_MODEL_POLICY,1,1.3042807599995285,3.95136
STAGE_MODEL_POLICY,1,1.3584420410006715,3.95136
STAGE_MODEL_POLICY,1,1.412608252998325,3.95136
STAGE_MODEL_POLICY,1,1.4667697259974375,3.91104
STAGE_MODEL_POLICY,1,1.5209477839998726,3.95136
STAGE_MODEL_POLICY,1,1.5750740709991078,3.95136
STAGE_MODEL_POLICY,1,1.6292912520002574,3.91104
STAGE_MODEL_POLICY,1,1.6835269699986384,3.95136
STAGE_MODEL_POLICY,1,1.7379170059975877,3.95136
STAGE_MODEL_POLICY,1,1.7921380289990338,3.95136
STAGE_MODEL_POLICY,1,1.8463420189982571,3.95136
STAGE_MODEL_POLICY,1,1.900538964997395,3.95136
STAGE_MODEL_POLICY,1,1.9547976709982322,3.95136
STAGE_MODEL_POLICY,1,2.0089614169992274,3.99168
STAGE_MODEL_POLICY,1,2.063285658998211,3.95136
STAGE_MODEL_POLICY,1,2.117494131998683,3.95136
STAGE_MODEL_POLICY,1,2.17167186900042,3.95136
STAGE_MODEL_POLICY,1,2.2258436509982857,3.95136
STAGE_MODEL_POLICY,1,2.2800103109984775,3.95136
STAGE_MODEL_POLICY,1,2.3341858069979935,3.91104
STAGE_MODEL_POLICY,1,2.388447681998514,3.95136
STAGE_MODEL_POLICY,1,2.4426040959988313,3.95136
STAGE_MODEL_POLICY,1,2.4968043720000423,3.91104
STAGE_MODEL_POLICY,1,2.550966229999176,3.95136
STAGE_MODEL_POLICY,1,2.6051223879985628,3.95136
STAGE_MODEL_POLICY,1,2.659344626998063,3.95136
STAGE_MODEL_POLICY,1,2.7137010779988486,3.95136
STAGE_MODEL_POLICY,1,2.767937755997991,3.95136
STAGE_MODEL_POLICY,1,2.822167518999777,3.95136
STAGE_MODEL_POLICY,1,2.8763323219973245,3.95136
STAGE_MODEL_POLICY,1,2.930496803997812,3.91104
STAGE_MODEL_POLICY,1,2.984807278997323,3.95136
STAGE_MODEL_POLICY,1,3.0390103089994227,3.95136
STAGE_MODEL_POLICY,1,3.0933213919997797,3.91104
STAGE_MODEL_POLICY,1,3.147507196998049,3.95136
STAGE_MODEL_POLICY,1,3.20167763399877,3.91104
STAGE_MODEL_POLICY,1,3.2559592309989966,3.95136
STAGE_MODEL_POLICY,1,3.310103928000899,3.95136
STAGE_MODEL_POLICY,1,3.3642938949997188,3.91104
STAGE_MODEL_POLICY,1,3.4189197909981885,3.95136
STAGE_MODEL_POLICY,1,3.4731845159985824,3.95136
STAGE_MODEL_POLICY,1,3.5274733480000577,3.95136
STAGE_MODEL_POLICY,1,3.581655022997438,3.95136
STAGE_MODEL_POLICY,1,3.6358236349988147,3.91104
STAGE_MODEL_POLICY,1,3.6899912230001064,3.95136
STAGE_MODEL_POLICY,1,3.744216248000157,3.95136
STAGE_MODEL_POLICY,1,3.798407590998977,3.91104
STAGE_MODEL_POLICY,1,3.8526298949982447,3.95136
STAGE_MODEL_POLICY,1,3.9069023989977723,3.95136
STAGE_MODEL_POLICY,1,3.961715812998591,3.95136
STAGE_MODEL_POLICY,1,4.015867456997512,3.95136
STAGE_MODEL_POLICY,1,4.070009623999795,3.95136
STAGE_MODEL_POLICY,1,4.1242012869988685,3.95136
STAGE_MODEL_POLICY,1,4.17833730699931,3.95136
STAGE_MODEL_POLICY,1,4.233131671997398,3.95136
STAGE_MODEL_POLICY,1,4.287988755997503,3.95136
STAGE_MODEL_POLICY,1,4.342173504999664,3.99168
STAGE_MODEL_POLICY,1,4.39643246599735,3.95136
STAGE_MODEL_POLICY,1,4.450852339999983,3.95136
STAGE_MODEL_POLICY,1,4.505599768999673,3.95136
STAGE_MODEL_POLICY,1,4.560348670998792,3.95136
STAGE_MODEL_POLICY,1,4.615075386998797,3.95136
STAGE_MODEL_POLICY,1,4.669811129999289,3.95136
STAGE_MODEL_POLICY,1,4.724293818999286,3.95136
STAGE_MODEL_POLICY,1,4.7786709840002,3.95136
STAGE_MODEL_POLICY,1,4.832946720998734,3.91104
STAGE_MODEL_POLICY,1,4.887322092999966,3.95136
STAGE_MODEL_POLICY,1,4.9416050979998545,3.99168
STAGE_MODEL_POLICY,1,4.995803997000621,3.95136
STAGE_MODEL_POLICY,1,5.049988201000815,3.95136
STAGE_MODEL_POLICY,1,5.10420618200078,3.95136
STAGE_MODEL_POLICY,1,5.158403895999072,3.95136
STAGE_MODEL_POLICY,1,5.212569818999327,3.95136
STAGE_MODEL_POLICY,1,5.266736477999075,3.91104
STAGE_MODEL_POLICY,1,5.321215485000721,3.95136
STAGE_MODEL_POLICY,1,5.375414480000472,3.95136
STAGE_MODEL_POLICY,1,5.42962836299921,3.91104
STAGE_MODEL_POLICY,1,5.483805650997965,3.95136
STAGE_MODEL_POLICY,1,5.537979961998644,3.95136
STAGE_MODEL_POLICY,1,5.592210940998484,3.95136
STAGE_MODEL_POLICY,1,5.646355253000365,3.95136
STAGE_MODEL_POLICY,1,5.700551302998065,3.91104
STAGE_MODEL_POLICY,1,5.7548191959976975,3.95136
STAGE_MODEL_POLICY,1,5.809201578998909,3.99168
STAGE_MODEL_POLICY,1,5.8634713610008475,3.95136
STAGE_MODEL_POLICY,1,5.917667090998293,3.95136
STAGE_MODEL_POLICY,1,5.971848764998867,3.95136
STAGE_MODEL_POLICY,1,6.02680208899983,3.95136
STAGE_MODEL_POLICY,1,6.081461697998748,3.95136
STAGE_MODEL_POLICY,1,6.136176054998941,3.95136
STAGE_MODEL_POLICY,1,6.190906804000406,3.95136
STAGE_MODEL_POLICY,1,6.245603679999476,3.95136
STAGE_MODEL_POLICY,1,6.300047788998199,3.91104
STAGE_MODEL_POLICY,1,6.354336076998152,3.95136
STAGE_MODEL_POLICY,1,6.408630480000284,3.99168
STAGE_MODEL_POLICY,1,6.462952800000494,3.95136
STAGE_MODEL_POLICY,1,6.517134251000243,3.95136
STAGE_MODEL_POLICY,1,6.571336958997563,3.95136
STAGE_MODEL_POLICY,1,6.625566849997995,3.95136
STAGE_MODEL_POLICY,1,6.679762035000749,3.95136
STAGE_MODEL_POLICY,1,6.733979150998493,3.95136
STAGE_MODEL_POLICY,1,6.788311300999339,3.95136
STAGE_MODEL_POLICY,1,6.842643577998388,3.99168
STAGE_MODEL_POLICY,1,6.8968953029980185,3.95136
STAGE_MODEL_POLICY,1,6.951187368998944,3.95136
STAGE_MODEL_POLICY,1,7.005370098999265,3.95136
STAGE_MODEL_POLICY,1,7.059599124997476,3.95136
STAGE_MODEL_POLICY,1,7.113752048997412,3.95136
STAGE_MODEL_POLICY,1,7.167922582000756,3.95136
STAGE_MODEL_POLICY,1,7.222129003999726,3.95136
STAGE_MODEL_POLICY,1,7.276279622998118,3.99168
STAGE_MODEL_POLICY,1,7.330451884998183,3.95136
STAGE_MODEL_POLICY,1,7.384769819000212,3.95136
STAGE_MODEL_POLICY,1,7.438955782999983,3.95136
STAGE_MODEL_POLICY,1,7.493211830998916,3.95136
STAGE_MODEL_POLICY,1,7.54796566299774,3.95136
STAGE_MODEL_POLICY,1,7.603114252000523,3.95136
STAGE_MODEL_POLICY,1,7.658240590997593,3.95136
STAGE_MODEL_POLICY,1,7.713300879997405,3.95136
STAGE_MODEL_POLICY,1,7.768393537997326,3.91104
STAGE_MODEL_POLICY,1,7.822616607998498,3.95136
STAGE_MODEL_POLICY,1,7.877103874998284,3.99168
STAGE_MODEL_POLICY,1,7.931698010997934,3.95136
STAGE_MODEL_POLICY,1,7.986573184000008,3.95136
STAGE_MODEL_POLICY,1,8.041289684999356,3.99168
STAGE_MODEL_POLICY,1,8.095767026999965,3.95136
STAGE_MODEL_POLICY,1,8.149984654999571,3.95136
STAGE_MODEL_POLICY,1,8.204220243998861,3.95136
STAGE_MODEL_POLICY,1,8.25842266499967,3.95136
STAGE_MODEL_POLICY,1,8.312621402998047,3.95136
STAGE_MODEL_POLICY,1,8.366896052000811,3.91104
STAGE_MODEL_POLICY,1,8.42136334099996,3.95136
STAGE_MODEL_POLICY,1,8.475576677999925,3.95136
STAGE_MODEL_POLICY,1,8.529865669999708,3.95136
STAGE_MODEL_POLICY,1,8.584039307999774,3.95136
STAGE_MODEL_POLICY,1,8.638227160998213,3.95136
STAGE_MODEL_POLICY,1,8.692423851000058,3.95136
STAGE_MODEL_POLICY,1,8.74656195100033,3.95136
STAGE_MODEL_POLICY,1,8.800779578999936,3.95136
STAGE_MODEL_POLICY,1,8.85733536800035,3.95136
STAGE_MODEL_POLICY,1,8.911557221999828,3.99168
STAGE_MODEL_POLICY,1,8.966391030000523,3.95136
STAGE_MODEL_POLICY,1,9.0209356689993,3.95136
STAGE_MODEL_POLICY,1,9.075615959998686,3.95136
STAGE_MODEL_POLICY,1,9.130368479000026,3.91104
STAGE_MODEL_POLICY,1,9.187124624000717,3.95136
STAGE_MODEL_POLICY,1,9.24133677699865,3.95136
STAGE_MODEL_POLICY,1,9.296185439998226,3.91104
STAGE_MODEL_POLICY,1,9.350420996997855,3.95136
STAGE_MODEL_POLICY,1,9.404645668997546,3.95136
STAGE_MODEL_POLICY,1,9.4589698460004,3.95136
STAGE_MODEL_POLICY,1,9.513305324999237,3.95136
STAGE_MODEL_POLICY,1,9.567583430998639,3.91104
STAGE_MODEL_POLICY,1,9.621813320998626,3.95136
STAGE_MODEL_POLICY,1,9.675987471000553,3.95136
STAGE_MODEL_POLICY,1,9.73014244300066,3.91104
STAGE_MODEL_POLICY,1,9.784303467000427,3.95136
STAGE_MODEL_POLICY,1,9.838467564000894,3.95136
STAGE_MODEL_POLICY,1,9.893142059998354,3.95136
STAGE_MODEL_POLICY,1,9.947467805999622,3.95136
STAGE_MODEL_POLICY,1,10.002682155998627,3.95136
STAGE_MODEL_POLICY,1,10.056924467997305,3.95136
STAGE_MODEL_POLICY,1,10.111199115999625,3.95136
STAGE_MODEL_POLICY,1,10.165404706000118,3.91104
STAGE_MODEL_POLICY,1,10.21961231199748,3.95136
STAGE_MODEL_POLICY,1,10.273818798999855,3.95136
STAGE_MODEL_POLICY,1,10.328041740998742,3.95136
STAGE_MODEL_POLICY,1,10.382292728998436,3.95136
STAGE_MODEL_POLICY,1,10.436500207997597,3.95136
STAGE_MODEL_POLICY,1,10.490687613000773,3.95136
STAGE_MODEL_POLICY,1,10.544907961997524,3.95136
STAGE_MODEL_POLICY,1,10.599075292000634,3.91104
STAGE_MODEL_POLICY,1,10.653342704998067,3.95136
STAGE_MODEL_POLICY,1,10.707499566000479,3.95136
STAGE_MODEL_POLICY,1,10.761684089000482,3.91104
STAGE_MODEL_POLICY,1,10.815855966000527,3.95136
STAGE_MODEL_POLICY,1,10.870029347999662,3.95136
STAGE_MODEL_POLICY,1,10.924495547998959,3.95136
STAGE_MODEL_POLICY,1,10.978926657997363,3.95136
STAGE_MODEL_POLICY,1,11.033161830000608,3.95136
STAGE_MODEL_POLICY,1,11.087498909000715,3.95136
STAGE_MODEL_POLICY,1,11.142308128997684,3.99168
STAGE_MODEL_POLICY,1,11.197398127998895,3.95136
STAGE_MODEL_POLICY,1,11.252706860999751,3.95136
STAGE_MODEL_POLICY,1,11.30691430799925,3.99168
STAGE_MODEL_POLICY,1,11.361140643999533,3.95136
STAGE_MODEL_POLICY,1,11.415316554997844,3.95136
STAGE_MODEL_POLICY,1,11.469613294000737,3.95136
STAGE_MODEL_POLICY,1,11.523809277998225,3.95136
STAGE_MODEL_POLICY,1,11.57798486899992,3.95136
STAGE_MODEL_POLICY,1,11.632190682998043,3.91104
STAGE_MODEL_POLICY,1,11.686936157999298,3.95136
STAGE_MODEL_POLICY,1,11.741151640999306,3.95136
STAGE_MODEL_POLICY,1,11.795347945997491,3.95136
STAGE_MODEL_POLICY,1,11.849610586999916,3.95136
STAGE_MODEL_POLICY,1,11.903825012999732,3.95136
STAGE_MODEL_POLICY,1,11.958191899000667,3.95136
STAGE_MODEL_POLICY,1,12.012360317999992,3.99168
STAGE_MODEL_POLICY,1,12.066613035000046,3.95136
STAGE_MODEL_POLICY,1,12.120962729000894,3.95136
STAGE_MODEL_POLICY,1,12.17514011199819,3.99168
STAGE_MODEL_POLICY,1,12.229308658999798,3.95136
STAGE_MODEL_POLICY,1,12.283459341000707,3.95136
STAGE_MODEL_POLICY,1,12.33765926399792,3.95136
STAGE_MODEL_POLICY,1,12.391943515998719,3.95136
STAGE_MODEL_POLICY,1,12.446086642998125,3.95136
STAGE_MODEL_POLICY,1,12.500267579998763,3.91104
STAGE_MODEL_POLICY,1,12.554515045998414,3.95136
STAGE_MODEL_POLICY,1,12.60872623799878,3.99168
STAGE_MODEL_POLICY,1,12.662959937999403,3.95136
STAGE_MODEL_POLICY,1,12.71709576399735,3.95136
STAGE_MODEL_POLICY,1,12.77188644600028,3.95136
STAGE_MODEL_POLICY,1,12.826264024999546,3.95136
STAGE_MODEL_POLICY,1,12.880501790998096,3.95136
STAGE_MODEL_POLICY,1,12.934701936999772,3.95136
STAGE_MODEL_POLICY,1,12.9891500800004,3.95136
STAGE_MODEL_POLICY,1,13.044214722998731,3.95136
STAGE_MODEL_POLICY,1,13.098852335999254,3.91104
STAGE_MODEL_POLICY,1,13.153609272998438,3.95136
STAGE_MODEL_POLICY,1,13.208320042998821,3.95136
STAGE_MODEL_POLICY,1,13.263083958998322,3.91104
STAGE_MODEL_POLICY,1,13.31757727600052,3.95136
STAGE_MODEL_POLICY,1,13.371900587997516,3.95136
STAGE_MODEL_POLICY,1,13.426848405000783,3.95136
STAGE_MODEL_POLICY,1,13.481255341997894,3.95136
STAGE_MODEL_POLICY,1,13.535602922998805,3.95136
STAGE_MODEL_POLICY,1,13.58982676099913,3.95136
STAGE_MODEL_POLICY,1,13.644008562998351,3.95136
STAGE_MODEL_POLICY,1,13.69824469499872,3.95136
STAGE_MODEL_POLICY,1,13.752476953999576,3.95136
STAGE_MODEL_POLICY,1,13.806641209997906,3.95136
STAGE_MODEL_POLICY,1,13.860976336000022,3.95136
STAGE_MODEL_POLICY,1,13.915149012998882,3.95136
STAGE_MODEL_POLICY,1,13.969509463997383,3.95136
STAGE_MODEL_POLICY,1,14.023899944997538,3.95136
STAGE_MODEL_POLICY,1,14.078144241997506,3.95136
STAGE_MODEL_POLICY,1,14.132392124000035,3.91104
STAGE_MODEL_POLICY,1,14.186591469999257,3.95136
STAGE_MODEL_POLICY,1,14.240809833998355,3.95136
STAGE_MODEL_POLICY,1,14.295003768998868,3.95136
STAGE_MODEL_POLICY,1,14.349159540997789,3.95136
STAGE_MODEL_POLICY,1,14.403328215998044,3.95136
STAGE_MODEL_POLICY,1,14.457547859998158,3.95136
STAGE_MODEL_POLICY,1,14.511694379998517,3.95136
STAGE_MODEL_POLICY,1,14.565888250999706,3.91104
STAGE_MODEL_POLICY,1,14.621366475999821,3.95136
STAGE_MODEL_POLICY,1,14.676425964000373,3.95136
STAGE_MODEL_POLICY,1,14.73166166900046,3.91104
STAGE_MODEL_POLICY,1,14.786912452000252,3.95136
STAGE_MODEL_POLICY,1,14.84112457199808,3.95136
STAGE_MODEL_POLICY,1,14.895388782999362,3.91104
STAGE_MODEL_POLICY,1,14.949599142000807,3.95136
STAGE_MODEL_POLICY,1,15.004013284000393,3.95136
STAGE_MODEL_POLICY,1,15.05829094100045,3.95136
STAGE_MODEL_POLICY,1,15.112698550998175,3.95136
STAGE_MODEL_POLICY,1,15.166930329000024,3.91104
STAGE_MODEL_POLICY,1,15.221198445000482,3.95136
STAGE_MODEL_POLICY,1,15.275405475000298,3.95136
STAGE_MODEL_POLICY,1,15.329608021998865,3.91104
STAGE_MODEL_POLICY,1,15.383876266998413,3.95136
STAGE_MODEL_POLICY,1,15.438058707997698,3.95136
STAGE_MODEL_POLICY,1,15.492282674000307,3.91104
STAGE_MODEL_POLICY,1,15.546444625997538,3.95136
STAGE_MODEL_POLICY,1,15.600633565998578,3.91104
STAGE_MODEL_POLICY,1,15.65486515199882,3.95136
STAGE_MODEL_POLICY,1,15.709012343999348,3.95136
STAGE_MODEL_POLICY,1,15.763166228000046,3.91104
STAGE_MODEL_POLICY,1,15.817304038999282,3.95136
STAGE_MODEL_POLICY,1,15.871471015998395,3.95136
STAGE_MODEL_POLICY,1,15.925710637999146,3.95136
STAGE_MODEL_POLICY,1,15.979893335999805,3.95136
STAGE_MODEL_POLICY,1,16.03432889800024,3.95136
STAGE_MODEL_POLICY,1,16.088551280998217,3.95136
STAGE_MODEL_POLICY,1,16.142720825999277,3.99168
STAGE_MODEL_POLICY,1,16.196906395998667,3.95136
STAGE_MODEL_POLICY,1,16.251083424998797,3.95136
STAGE_MODEL_POLICY,1,16.30525156300064,3.95136
STAGE_MODEL_POLICY,1,16.359582916000363,3.95136
STAGE_MODEL_POLICY,1,16.413817644999654,3.95136
STAGE_MODEL_POLICY,1,16.467963137998595,3.91104
STAGE_MODEL_POLICY,1,16.522134602000733,3.95136
STAGE_MODEL_POLICY,1,16.576751795997552,3.95136
STAGE_MODEL_POLICY,1,16.631833620998805,3.91104
STAGE_MODEL_POLICY,1,16.686158799999248,3.95136
STAGE_MODEL_POLICY,1,16.740377185000398,3.95136
STAGE_MODEL_POLICY,1,16.794597137999517,3.91104
STAGE_MODEL_POLICY,1,16.85038635899764,3.95136
STAGE_MODEL_POLICY,1,16.904899282999395,3.95136
STAGE_MODEL_POLICY,1,16.95908152300035,3.91104
STAGE_MODEL_POLICY,1,17.013122173997544,3.95136
STAGE_MODEL_POLICY,1,17.067378009000095,3.91104
STAGE_MODEL_POLICY,1,17.121498476000852,3.95136
STAGE_MODEL_POLICY,1,17.175538908999442,3.95136
STAGE_MODEL_POLICY,1,17.22955588399782,3.91104
STAGE_MODEL_POLICY,1,17.283609997000895,3.95136
STAGE_MODEL_POLICY,1,17.337634554998658,3.95136
STAGE_MODEL_POLICY,1,17.39173577099791,3.91104
STAGE_MODEL_POLICY,1,17.445746524997958,3.95136
STAGE_MODEL_POLICY,1,17.49981775299966,3.91104
STAGE_MODEL_POLICY,1,17.553948896998918,3.91104
STAGE_MODEL_POLICY,1,17.607948417000443,3.95136
STAGE_MODEL_POLICY,1,17.66197356200064,3.91104
STAGE_MODEL_POLICY,1,17.71596432399747,3.95136
STAGE_MODEL_POLICY,1,17.769928623998567,3.91104
STAGE_MODEL_POLICY,1,17.823918938000133,3.91104
STAGE_MODEL_POLICY,1,17.877953175000584,3.95136
STAGE_MODEL_POLICY,1,17.932050437997532,3.91104
STAGE_MODEL_POLICY,1,17.98616628599848,3.91104
STAGE_MODEL_POLICY,1,18.040255716998217,3.95136
STAGE_MODEL_POLICY,1,18.094431855999574,3.91104
STAGE_MODEL_POLICY,1,18.148457485000108,3.95136
STAGE_MODEL_POLICY,1,18.20255300699864,3.91104
STAGE_MODEL_POLICY,1,18.25658923299852,3.91104
STAGE_MODEL_POLICY,1,18.310606937000557,3.95136
STAGE_MODEL_POLICY,1,18.364647700000205,3.91104
STAGE_MODEL_POLICY,1,18.418856035998033,3.95136
STAGE_MODEL_POLICY,1,18.47293014599927,3.95136
STAGE_MODEL_POLICY,1,18.52704481299952,3.91104
STAGE_MODEL_POLICY,1,18.581077277998702,3.95136
STAGE_MODEL_POLICY,1,18.635100917999807,3.91104
STAGE_MODEL_POLICY,1,18.689127975998417,3.91104
STAGE_MODEL_POLICY,1,18.74312174899751,3.95136
STAGE_MODEL_POLICY,1,18.797136313998635,3.91104
STAGE_MODEL_POLICY,1,18.851201188997948,3.91104
STAGE_MODEL_POLICY,1,18.90533637000044,3.95136
STAGE_MODEL_POLICY,1,18.95943131400054,3.91104
STAGE_MODEL_POLICY,1,19.01349581499744,3.95136
STAGE_MODEL_POLICY,1,19.06756852000035,3.91104
STAGE_MODEL_POLICY,1,19.121797305000655,3.91104
STAGE_MODEL_POLICY,1,19.175926029998664,3.95136
STAGE_MODEL_POLICY,1,19.23025546899953,3.91104
STAGE_MODEL_POLICY,1,19.284335690997978,3.91104
STAGE_MODEL_POLICY,1,19.33841981200021,3.91104
STAGE_MODEL_POLICY,1,19.392650530997344,3.91104
STAGE_MODEL_POLICY,1,19.446701401997416,3.95136
STAGE_MODEL_POLICY,1,19.500802085000032,3.91104
STAGE_MODEL_POLICY,1,19.554929343998083,3.91104
STAGE_MODEL_POLICY,1,19.60896386999957,3.95136
STAGE_MODEL_POLICY,1,19.66303230199992,3.91104
STAGE_MODEL_POLICY,1,19.717051638999692,3.95136
STAGE_MODEL_POLICY,1,19.771114580998983,3.91104
STAGE_MODEL_POLICY,1,19.825169307998294,3.91104
STAGE_MODEL_POLICY,1,19.879278357999283,3.95136
STAGE_MODEL_POLICY,1,19.933421044999704,3.91104
STAGE_MODEL_POLICY,1,19.98756795599911,3.91104
STAGE_MODEL_POLICY,1,20.04163000799963,3.95136
STAGE_MODEL_POLICY,1,20.095788777998678,3.91104
STAGE_MODEL_POLICY,1,20.150047488998098,3.95136
STAGE_MODEL_POLICY,1,20.20420938800089,3.95136
STAGE_MODEL_POLICY,1,20.258317499999976,3.95136
STAGE_MODEL_POLICY,1,20.312377955997363,3.95136
STAGE_MODEL_POLICY,1,20.3664698270004,3.91104
STAGE_MODEL_POLICY,1,20.420817120997526,3.95136
STAGE_MODEL_POLICY,1,20.47484522299783,3.95136
STAGE_MODEL_POLICY,1,20.528918976997375,3.91104
STAGE_MODEL_POLICY,1,20.58295170999918,3.95136
STAGE_MODEL_POLICY,1,20.637014919997455,3.95136
STAGE_MODEL_POLICY,1,20.691071182998712,3.95136
STAGE_MODEL_POLICY,1,20.745122533997346,3.95136
STAGE_MODEL_POLICY,1,20.799191187998076,3.91104
STAGE_MODEL_POLICY,1,20.853365408998798,3.95136
STAGE_MODEL_POLICY,1,20.90753972300081,3.95136
STAGE_MODEL_POLICY,1,20.9617173000006,3.91104
STAGE_MODEL_POLICY,1,21.015784021998115,3.95136
STAGE_MODEL_POLICY,1,21.069887861998723,3.91104
STAGE_MODEL_POLICY,1,21.124039772999822,3.95136
STAGE_MODEL_POLICY,1,21.178281201999198,3.95136
STAGE_MODEL_POLICY,1,21.23237641399828,3.91104
STAGE_MODEL_POLICY,1,21.286509623998427,3.95136
STAGE_MODEL_POLICY,1,21.340602106000006,3.95136
STAGE_MODEL_POLICY,1,21.394760981998843,3.91104
STAGE_MODEL_POLICY,1,21.44885929999873,3.95136
STAGE_MODEL_POLICY,1,21.50293631399836,3.91104
STAGE_MODEL_POLICY,1,21.55701401799888,3.95136
STAGE_MODEL_POLICY,1,21.611087892997602,3.95136
STAGE_MODEL_POLICY,1,21.66517563799789,3.91104
STAGE_MODEL_POLICY,1,21.719331281998166,3.95136
STAGE_MODEL_POLICY,1,21.77339954099807,3.95136
STAGE_MODEL_POLICY,1,21.82752425199942,3.91104
STAGE_MODEL_POLICY,1,21.881609272000787,3.95136
STAGE_MODEL_POLICY,1,21.935755686998164,3.91104
STAGE_MODEL_POLICY,1,21.989918740997382,3.95136
STAGE_MODEL_POLICY,1,22.043988505000016,3.95136
STAGE_MODEL_POLICY,1,22.098047544997826,3.91104
STAGE_MODEL_POLICY,1,22.15223013099967,3.95136
STAGE_MODEL_POLICY,1,22.20645332300046,3.95136
STAGE_MODEL_POLICY,1,22.260820223000337,3.91104
STAGE_MODEL_POLICY,1,22.31496320899896,3.95136
STAGE_MODEL_POLICY,1,22.369610039997497,3.95136
STAGE_MODEL_POLICY,1,22.424979501000053,3.91104
STAGE_MODEL_POLICY,1,22.4806962319999,3.95136
STAGE_MODEL_POLICY,1,22.53481201300019,3.91104
STAGE_MODEL_POLICY,1,22.589018880000367,3.95136
STAGE_MODEL_POLICY,1,22.643181398998422,3.95136
STAGE_MODEL_POLICY,1,22.697306394999032,3.91104
STAGE_MODEL_POLICY,1,22.75152392599921,3.95136
STAGE_MODEL_POLICY,1,22.805625519999012,3.95136
STAGE_MODEL_POLICY,1,22.859792077000748,3.91104
STAGE_MODEL_POLICY,1,22.91392320799787,3.95136
STAGE_MODEL_POLICY,1,22.96808453400081,3.91104
STAGE_MODEL_POLICY,1,23.022323114000756,3.91104
STAGE_MODEL_POLICY,1,23.076432022997324,3.95136
STAGE_MODEL_POLICY,1,23.13057702199876,3.91104
STAGE_MODEL_POLICY,1,23.18561575000058,3.95136
STAGE_MODEL_POLICY,1,23.240170499997475,3.95136
STAGE_MODEL_POLICY,1,23.294443845999922,3.91104
STAGE_MODEL_POLICY,1,23.34856356599994,3.95136
STAGE_MODEL_POLICY,1,23.402748468997743,3.91104
STAGE_MODEL_POLICY,1,23.45688728999812,3.95136
STAGE_MODEL_POLICY,1,23.510973884000123,3.95136
STAGE_MODEL_POLICY,1,23.565173978997336,3.91104
STAGE_MODEL_POLICY,1,23.619383277000452,3.95136
STAGE_MODEL_POLICY,1,23.673499090000405,3.95136
STAGE_MODEL_POLICY,1,23.727571310999338,3.91104
STAGE_MODEL_POLICY,1,23.781631427998946,3.95136
STAGE_MODEL_POLICY,1,23.835706229998323,3.91104
STAGE_MODEL_POLICY,1,23.889809270000114,3.91104
STAGE_MODEL_POLICY,1,23.943936624000344,3.95136
STAGE_MODEL_POLICY,1,23.998030506998475,3.91104
STAGE_MODEL_POLICY,1,24.052153029999317,3.95136
STAGE_MODEL_POLICY,1,24.10626955299813,3.95136
STAGE_MODEL_POLICY,1,24.160389675998886,3.95136
STAGE_MODEL_POLICY,1,24.21479007999733,3.95136
STAGE_MODEL_POLICY,1,24.26899126200078,3.95136
STAGE_MODEL_POLICY,1,24.32319070700032,3.95136
STAGE_MODEL_POLICY,1,24.377273853999213,3.95136
STAGE_MODEL_POLICY,1,24.431409606997477,3.91104
STAGE_MODEL_POLICY,1,24.485545961000753,3.95136
STAGE_MODEL_POLICY,1,24.539652412000578,3.95136
STAGE_MODEL_POLICY,1,24.59386928800086,3.91104
STAGE_MODEL_POLICY,1,24.64836423399902,3.95136
STAGE_MODEL_POLICY,1,24.702620076997846,3.91104
STAGE_MODEL_POLICY,1,24.756808059999457,3.95136
STAGE_MODEL_POLICY,1,24.810899036998308,3.95136
STAGE_MODEL_POLICY,1,24.865079003000574,3.91104
STAGE_MODEL_POLICY,1,24.919202965000295,3.95136
STAGE_MODEL_POLICY,1,24.97335090299748,3.95136
STAGE_MODEL_POLICY,1,25.027475846000016,3.91104
STAGE_MODEL_POLICY,1,25.08159481199982,3.95136
STAGE_MODEL_POLICY,1,25.135729654997704,3.91104
STAGE_MODEL_POLICY,1,25.189836538000236,3.95136
STAGE_MODEL_POLICY,1,25.244022176000726,3.95136
STAGE_MODEL_POLICY,1,25.29821293799978,3.91104
STAGE_MODEL_POLICY,1,25.352370616998087,3.95136
STAGE_MODEL_POLICY,1,25.406537909999315,3.95136
STAGE_MODEL_POLICY,1,25.460657381998317,3.91104
STAGE_MODEL_POLICY,1,25.514730359998794,3.95136
STAGE_MODEL_POLICY,1,25.568865076998918,3.91104
STAGE_MODEL_POLICY,1,25.622986319998745,3.95136
STAGE_MODEL_POLICY,1,25.67709168500005,3.95136
STAGE_MODEL_POLICY,1,25.731215774998418,3.91104
STAGE_MODEL_POLICY,1,25.785396446997765,3.95136
STAGE_MODEL_POLICY,1,25.839523870999983,3.95136
STAGE_MODEL_POLICY,1,25.893671874000574,3.91104
STAGE_MODEL_POLICY,1,25.947847781000746,3.95136
STAGE_MODEL_POLICY,1,26.00196205300017,3.91104
STAGE_MODEL_POLICY,1,26.056089374000294,3.95136
STAGE_MODEL_POLICY,1,26.11021501600044,3.95136
STAGE_MODEL_POLICY,1,26.16431199499857,3.91104
STAGE_MODEL_POLICY,1,26.218489864997537,3.95136
STAGE_MODEL_POLICY,1,26.27281745199798,3.95136
STAGE_MODEL_POLICY,1,26.32700701000067,3.95136
STAGE_MODEL_POLICY,1,26.381180192998727,3.95136
STAGE_MODEL_POLICY,1,26.435282808997727,3.91104
STAGE_MODEL_POLICY,1,26.489382891999412,3.95136
STAGE_MODEL_POLICY,1,26.54352718899827,3.95136
STAGE_MODEL_POLICY,1,26.597629013998812,3.91104
STAGE_MODEL_POLICY,1,26.651721145997726,3.95136
STAGE_MODEL_POLICY,1,26.705757597999764,3.95136
STAGE_MODEL_POLICY,1,26.75982391800062,3.95136
STAGE_MODEL_POLICY,1,26.813916606999555,3.95136
STAGE_MODEL_POLICY,1,26.868098446997465,3.91104
STAGE_MODEL_POLICY,1,26.922263132000808,3.95136
STAGE_MODEL_POLICY,1,26.97700113099927,3.95136
STAGE_MODEL_POLICY,1,27.031162740000582,3.95136
STAGE_MODEL_POLICY,1,27.0852795719984,3.95136
STAGE_MODEL_POLICY,1,27.139402333999897,3.95136
STAGE_MODEL_POLICY,1,27.193571935000364,3.95136
STAGE_MODEL_POLICY,1,27.247673100999236,3.95136
STAGE_MODEL_POLICY,1,27.301937107000413,3.95136
STAGE_MODEL_POLICY,1,27.35611244699976,3.95136
STAGE_MODEL_POLICY,1,27.41033884299759,3.95136
STAGE_MODEL_POLICY,1,27.464494870000635,3.91104
STAGE_MODEL_POLICY,1,27.518708612999035,3.95136
STAGE_MODEL_POLICY,1,27.57286381599988,3.95136
STAGE_MODEL_POLICY,1,27.62699345999863,3.95136
STAGE_MODEL_POLICY,1,27.68110268199962,3.95136
STAGE_MODEL_POLICY,1,27.735204197000712,3.91104
STAGE_MODEL_POLICY,1,27.789344970999082,3.95136
STAGE_MODEL_POLICY,1,27.843433762998757,3.95136
STAGE_MODEL_POLICY,1,27.897577086998353,3.91104
STAGE_MODEL_POLICY,1,27.951781775998825,3.95136
STAGE_MODEL_POLICY,1,28.006014020000293,3.95136
STAGE_MODEL_POLICY,1,28.060178232997714,3.95136
STAGE_MODEL_POLICY,1,28.114280319998215,3.95136
STAGE_MODEL_POLICY,1,28.168406691998825,3.95136
STAGE_MODEL_POLICY,1,28.222585539999272,3.95136
STAGE_MODEL_POLICY,1,28.27668038900083,3.99168
STAGE_MODEL_POLICY,1,28.33094349000021,3.95136
STAGE_MODEL_POLICY,1,28.385233287997835,3.95136
STAGE_MODEL_POLICY,1,28.43959549899955,3.95136
STAGE_MODEL_POLICY,1,28.493750981997437,3.95136
STAGE_MODEL_POLICY,1,28.54812776399922,3.95136
STAGE_MODEL_POLICY,1,28.602380324999103,3.95136
STAGE_MODEL_POLICY,1,28.656588538000506,3.95136
STAGE_MODEL_POLICY,1,28.710754084000655,3.95136
STAGE_MODEL_POLICY,1,28.76494318600089,3.91104
STAGE_MODEL_POLICY,1,28.819223432998115,3.95136
STAGE_MODEL_POLICY,1,28.873393011999724,3.95136
STAGE_MODEL_POLICY,1,28.927556108999852,3.91104
STAGE_MODEL_POLICY,1,28.983386875999713,3.95136
STAGE_MODEL_POLICY,1,29.037567036997643,3.95136
STAGE_MODEL_POLICY,1,29.091700519998994,3.91104
STAGE_MODEL_POLICY,1,29.146380063000834,3.95136
STAGE_MODEL_POLICY,1,29.20107584300058,3.91104
STAGE_MODEL_POLICY,1,29.255267951997666,3.95136
STAGE_MODEL_POLICY,1,29.309371724000812,3.95136
STAGE_MODEL_POLICY,1,29.364187265997316,3.91104
STAGE_MODEL_POLICY,1,29.418382138999732,3.95136
STAGE_MODEL_POLICY,1,29.47274589799781,3.95136
STAGE_MODEL_POLICY,1,29.527542692998395,3.91104
STAGE_MODEL_POLICY,1,29.58169711499795,3.95136
STAGE_MODEL_POLICY,1,29.635952139000437,3.91104
STAGE_MODEL_POLICY,1,29.690417357000115,3.91104
STAGE_MODEL_POLICY,1,29.744846097000845,3.95136
STAGE_MODEL_POLICY,1,29.799277409998467,3.91104
STAGE_MODEL_POLICY,1,29.854657517000305,3.95136
STAGE_MODEL_POLICY,1,29.90883938999832,3.95136
STAGE_MODEL_POLICY,1,29.96309313399979,3.91104
STAGE_MODEL_THRESHOLD,1,0.0009136570006376132,3.87072
STAGE_MODEL_THRESHOLD,1,0.055146062000858365,3.91104
STAGE_MODEL_THRESHOLD,1,0.10977229800118948,3.95136
STAGE_MODEL_THRESHOLD,1,0.1639054830011446,3.91104
STAGE_MODEL_THRESHOLD,1,0.21804035400055,3.91104
STAGE_MODEL_THRESHOLD,1,0.272145172002638,3.95136
STAGE_MODEL_THRESHOLD,1,0.3262974690005649,3.91104
STAGE_MODEL_THRESHOLD,1,0.38050065000061295,3.95136
STAGE_MODEL_THRESHOLD,1,0.43466035700112116,3.91104
STAGE_MODEL_THRESHOLD,1,0.4888649679996888,3.95136
STAGE_MODEL_THRESHOLD,1,0.5429659070032358,3.95136
STAGE_MODEL_THRESHOLD,1,0.5971020169999974,3.91104
STAGE_MODEL_THRESHOLD,1,0.6513577020014054,3.95136
STAGE_MODEL_THRESHOLD,1,0.7057438990013907,3.95136
STAGE_MODEL_THRESHOLD,1,0.7599611680016096,3.91104
STAGE_MODEL_THRESHOLD,1,0.8140959960001055,3.95136
STAGE_MODEL_THRESHOLD,1,0.8682357110010344,3.91104
STAGE_MODEL_THRESHOLD,1,0.9224126920016715,3.95136
STAGE_MODEL_THRESHOLD,1,0.9765666010025598,3.95136
STAGE_MODEL_THRESHOLD,1,1.0307221640032367,3.91104
STAGE_MODEL_THRESHOLD,1,1.0848321550001856,3.95136
STAGE_MODEL_THRESHOLD,1,1.138966746002552,3.95136
STAGE_MODEL_THRESHOLD,1,1.1931886310012487,3.91104
STAGE_MODEL_THRESHOLD,1,1.247346167001524,3.95136
STAGE_MODEL_THRESHOLD,1,1.3015108319996216,3.91104
STAGE_MODEL_THRESHOLD,1,1.3557896190031897,3.95136
STAGE_MODEL_THRESHOLD,1,1.410031331000937,3.95136
STAGE_MODEL_THRESHOLD,1,1.4641932590020588,3.91104
STAGE_MODEL_THRESHOLD,1,1.518298508002772,3.95136
STAGE_MODEL_THRESHOLD,1,1.57240385300247,3.95136
STAGE_MODEL_THRESHOLD,1,1.6267025619999913,3.95136
STAGE_MODEL_THRESHOLD,1,1.6809094580021338,3.95136
STAGE_MODEL_THRESHOLD,1,1.7350674720000825,3.91104
STAGE_MODEL_THRESHOLD,1,1.7893243050020828,3.95136
STAGE_MODEL_THRESHOLD,1,1.8434816410008352,3.95136
STAGE_MODEL_THRESHOLD,1,1.8977273130003596,3.91104
STAGE_MODEL_THRESHOLD,1,1.9518663390008442,3.95136
STAGE_MODEL_THRESHOLD,1,2.006028228002833,3.95136
STAGE_MODEL_THRESHOLD,1,2.0602024420004454,3.91104
STAGE_MODEL_THRESHOLD,1,2.1143723880013567,3.95136
STAGE_MODEL_THRESHOLD,1,2.168618283001706,3.91104
STAGE_MODEL_THRESHOLD,1,2.222886469000514,3.95136
STAGE_MODEL_THRESHOLD,1,2.2771102630031237,3.95136
STAGE_MODEL_THRESHOLD,1,2.3313888940028846,3.91104
STAGE_MODEL_THRESHOLD,1,2.3856227840005886,3.95136
STAGE_MODEL_THRESHOLD,1,2.4398064550005074,3.95136
STAGE_MODEL_THRESHOLD,1,2.494017799002904,3.95136
STAGE_MODEL_THRESHOLD,1,2.54815832100212,3.95136
STAGE_MODEL_THRESHOLD,1,2.602393994002341,3.91104
STAGE_MODEL_THRESHOLD,1,2.6565693219999957,3.95136
STAGE_MODEL_THRESHOLD,1,2.7107039210022776,3.95136
STAGE_MODEL_THRESHOLD,1,2.764850079001917,3.91104
STAGE_MODEL_THRESHOLD,1,2.8189795640028024,3.95136
STAGE_MODEL_THRESHOLD,1,2.8731223470022087,3.95136
STAGE_MODEL_THRESHOLD,1,2.927316237000923,3.95136
STAGE_MODEL_THRESHOLD,1,2.98147801000232,3.95136
STAGE_MODEL_THRESHOLD,1,3.035726894002437,3.91104
STAGE_MODEL_THRESHOLD,1,3.089949109002191,3.95136
STAGE_MODEL_THRESHOLD,1,3.1440736670010665,3.95136
STAGE_MODEL_THRESHOLD,1,3.198243151000497,3.91104
STAGE_MODEL_THRESHOLD,1,3.2523967680026544,3.95136
STAGE_MODEL_THRESHOLD,1,3.306613725002535,3.95136
STAGE_MODEL_THRESHOLD,1,3.360884880003141,3.95136
STAGE_MODEL_THRESHOLD,1,3.4151707230012107,3.95136
STAGE_MODEL_THRESHOLD,1,3.4696044360025553,3.95136
STAGE_MODEL_THRESHOLD,1,3.5240703930030577,3.95136
STAGE_MODEL_THRESHOLD,1,3.5782008140013204,3.99168
STAGE_MODEL_THRESHOLD,1,3.632343311001023,3.95136
STAGE_MODEL_THRESHOLD,1,3.686522927000624,3.95136
STAGE_MODEL_THRESHOLD,1,3.7406536670023343,3.99168
STAGE_MODEL_THRESHOLD,1,3.795032436002657,3.95136
STAGE_MODEL_THRESHOLD,1,3.849301378002565,3.95136
STAGE_MODEL_THRESHOLD,1,3.9034736060020805,3.95136
STAGE_MODEL_THRESHOLD,1,3.9576625050031,3.95136
STAGE_MODEL_THRESHOLD,1,4.011810665000667,3.95136
STAGE_MODEL_THRESHOLD,1,4.066018500001519,3.91104
STAGE_MODEL_THRESHOLD,1,4.120644529000856,3.95136
STAGE_MODEL_THRESHOLD,1,4.174877386001754,3.95136
STAGE_MODEL_THRESHOLD,1,4.229065138002625,3.95136
STAGE_MODEL_THRESHOLD,1,4.2832157210032165,3.95136
STAGE_MODEL_THRESHOLD,1,4.337380777000362,3.95136
STAGE_MODEL_THRESHOLD,1,4.391633653001918,3.95136
STAGE_MODEL_THRESHOLD,1,4.445963194000797,3.95136
STAGE_MODEL_THRESHOLD,1,4.5001424020010745,3.95136
STAGE_MODEL_THRESHOLD,1,4.554321962001268,3.95136
STAGE_MODEL_THRESHOLD,1,4.608465118002641,3.95136
STAGE_MODEL_THRESHOLD,1,4.662631512001099,3.95136
STAGE_MODEL_THRESHOLD,1,4.716751333002321,3.95136
STAGE_MODEL_THRESHOLD,1,4.770884862002276,3.95136
STAGE_MODEL_THRESHOLD,1,4.825056914000015,3.95136
STAGE_MODEL_THRESHOLD,1,4.879213885000354,3.95136
STAGE_MODEL_THRESHOLD,1,4.933352838001156,3.91104
STAGE_MODEL_THRESHOLD,1,4.987455021000642,3.95136
STAGE_MODEL_THRESHOLD,1,5.041582079000364,3.95136
STAGE_MODEL_THRESHOLD,1,5.09568789700279,3.91104
STAGE_MODEL_THRESHOLD,1,5.149784787001408,3.95136
STAGE_MODEL_THRESHOLD,1,5.203932796001027,3.95136
STAGE_MODEL_THRESHOLD,1,5.258072483000433,3.95136
STAGE_MODEL_THRESHOLD,1,5.312182032001147,3.95136
STAGE_MODEL_THRESHOLD,1,5.366404092001176,3.91104
STAGE_MODEL_THRESHOLD,1,5.420610843000759,3.95136
STAGE_MODEL_THRESHOLD,1,5.474934568999743,3.95136
STAGE_MODEL_THRESHOLD,1,5.529421382001601,3.95136
STAGE_MODEL_THRESHOLD,1,5.583602877002704,3.95136
STAGE_MODEL_THRESHOLD,1,5.637804239002435,3.95136
STAGE_MODEL_THRESHOLD,1,5.692026267002802,3.95136
STAGE_MODEL_THRESHOLD,1,5.746169971000199,3.95136
STAGE_MODEL_THRESHOLD,1,5.800390293003147,3.91104
STAGE_MODEL_THRESHOLD,1,5.85462921600265,3.95136
STAGE_MODEL_THRESHOLD,1,5.908811927001807,3.95136
STAGE_MODEL_THRESHOLD,1,5.963012822001474,3.95136
STAGE_MODEL_THRESHOLD,1,6.017161207000754,3.95136
STAGE_MODEL_THRESHOLD,1,6.071391610999854,3.95136
STAGE_MODEL_THRESHOLD,1,6.125631619001069,3.95136
STAGE_MODEL_THRESHOLD,1,6.179820263001602,3.95136
STAGE_MODEL_THRESHOLD,1,6.234089940000558,3.91104
STAGE_MODEL_THRESHOLD,1,6.288362838000467,3.95136
STAGE_MODEL_THRESHOLD,1,6.3425086380011635,3.95136
STAGE_MODEL_THRESHOLD,1,6.396699452001485,3.91104
STAGE_MODEL_THRESHOLD,1,6.450853866001125,3.95136
STAGE_MODEL_THRESHOLD,1,6.505226650002442,3.95136
STAGE_MODEL_THRESHOLD,1,6.559450546999869,3.95136
STAGE_MODEL_THRESHOLD,1,6.6135760890028905,3.95136
STAGE_MODEL_THRESHOLD,1,6.667699239002104,3.91104
STAGE_MODEL_THRESHOLD,1,6.7218833540027845,3.95136
STAGE_MODEL_THRESHOLD,1,6.775991382000939,3.95136
STAGE_MODEL_THRESHOLD,1,6.830229713003064,3.91104
STAGE_MODEL_THRESHOLD,1,6.8844334189998335,3.95136
STAGE_MODEL_THRESHOLD,1,6.938662495002063,3.95136
STAGE_MODEL_THRESHOLD,1,6.992817629001365,3.95136
STAGE_MODEL_THRESHOLD,1,7.046944841000368,3.95136
STAGE_MODEL_THRESHOLD,1,7.101140377002594,3.91104
STAGE_MODEL_THRESHOLD,1,7.155349890002981,3.95136
STAGE_MODEL_THRESHOLD,1,7.2094810270027665,3.95136
STAGE_MODEL_THRESHOLD,1,7.263644619000843,3.91104
STAGE_MODEL_THRESHOLD,1,7.317770809000649,3.95136
STAGE_MODEL_THRESHOLD,1,7.372010639002838,3.95136
STAGE_MODEL_THRESHOLD,1,7.426226057003078,3.95136
STAGE_MODEL_THRESHOLD,1,7.480442017000314,3.95136
STAGE_MODEL_THRESHOLD,1,7.534808571002941,3.91104
STAGE_MODEL_THRESHOLD,1,7.589001968000957,3.95136
STAGE_MODEL_THRESHOLD,1,7.643159752002248,3.99168
STAGE_MODEL_THRESHOLD,1,7.697348937002971,3.95136
STAGE_MODEL_THRESHOLD,1,7.751484989003075,3.95136
STAGE_MODEL_THRESHOLD,1,7.805642590003117,3.95136
STAGE_MODEL_THRESHOLD,1,7.859823876002338,3.95136
STAGE_MODEL_THRESHOLD,1,7.914009727002849,3.95136
STAGE_MODEL_THRESHOLD,1,7.9682248500030255,3.91104
STAGE_MODEL_THRESHOLD,1,8.022418202002882,3.95136
STAGE_MODEL_THRESHOLD,1,8.076524888001586,3.95136
STAGE_MODEL_THRESHOLD,1,8.130659569000272,3.91104
STAGE_MODEL_THRESHOLD,1,8.18478339700232,3.95136
STAGE_MODEL_THRESHOLD,1,8.238901415003056,3.95136
STAGE_MODEL_THRESHOLD,1,8.293038937001256,3.95136
STAGE_MODEL_THRESHOLD,1,8.347151719000976,3.95136
STAGE_MODEL_THRESHOLD,1,8.401358798000729,3.91104
STAGE_MODEL_THRESHOLD,1,8.455518920000031,3.95136
STAGE_MODEL_THRESHOLD,1,8.509719487003167,3.99168
STAGE_MODEL_THRESHOLD,1,8.56394367500252,3.95136
STAGE_MODEL_THRESHOLD,1,8.618085378002434,3.95136
STAGE_MODEL_THRESHOLD,1,8.672237552000297,3.95136
STAGE_MODEL_THRESHOLD,1,8.726394864999747,3.95136
STAGE_MODEL_THRESHOLD,1,8.780539282000973,3.95136
STAGE_MODEL_THRESHOLD,1,8.834773538001173,3.91104
STAGE_MODEL_THRESHOLD,1,8.889005805001943,3.95136
STAGE_MODEL_THRESHOLD,1,8.94321942500028,3.99168
STAGE_MODEL_THRESHOLD,1,8.99740105300225,3.95136
STAGE_MODEL_THRESHOLD,1,9.051551390002714,3.95136
STAGE_MODEL_THRESHOLD,1,9.105713285000093,3.95136
STAGE_MODEL_THRESHOLD,1,9.159921605001728,3.95136
STAGE_MODEL_THRESHOLD,1,9.214067152002826,3.95136
STAGE_MODEL_THRESHOLD,1,9.268240094999783,3.91104
STAGE_MODEL_THRESHOLD,1,9.322392092002701,3.95136
STAGE_MODEL_THRESHOLD,1,9.376651659000345,3.95136
STAGE_MODEL_THRESHOLD,1,9.4308206420028,3.91104
STAGE_MODEL_THRESHOLD,1,9.484966317002545,3.95136
STAGE_MODEL_THRESHOLD,1,9.539070995000657,3.95136
STAGE_MODEL_THRESHOLD,1,9.593337171001622,3.95136
STAGE_MODEL_THRESHOLD,1,9.647703444999934,3.95136
STAGE_MODEL_THRESHOLD,1,9.701947653000389,3.91104
STAGE_MODEL_THRESHOLD,1,9.756169735002914,3.95136
STAGE_MODEL_THRESHOLD,1,9.81032939600118,3.95136
STAGE_MODEL_THRESHOLD,1,9.864512059000845,3.91104
STAGE_MODEL_THRESHOLD,1,9.918738283002313,3.95136
STAGE_MODEL_THRESHOLD,1,9.972924044002866,3.95136
STAGE_MODEL_THRESHOLD,1,10.027142124003149,3.95136
STAGE_MODEL_THRESHOLD,1,10.081323031001375,3.95136
STAGE_MODEL_THRESHOLD,1,10.135553439002251,3.91104
STAGE_MODEL_THRESHOLD,1,10.190490207001858,3.95136
STAGE_MODEL_THRESHOLD,1,10.244670730000507,3.95136
STAGE_MODEL_THRESHOLD,1,10.298810184001923,3.91104
STAGE_MODEL_THRESHOLD,1,10.35305981700003,3.95136
STAGE_MODEL_THRESHOLD,1,10.407327494001947,3.95136
STAGE_MODEL_THRESHOLD,1,10.461686955000914,3.91104
STAGE_MODEL_THRESHOLD,1,10.515845890000492,3.95136
STAGE_MODEL_THRESHOLD,1,10.570042063001893,3.95136
STAGE_MODEL_THRESHOLD,1,10.624377092000941,3.95136
STAGE_MODEL_THRESHOLD,1,10.67855809500179,3.95136
STAGE_MODEL_THRESHOLD,1,10.732734563000122,3.91104
STAGE_MODEL_THRESHOLD,1,10.786979597000027,3.95136
STAGE_MODEL_THRESHOLD,1,10.841117465002753,3.95136
STAGE_MODEL_THRESHOLD,1,10.895358830999612,3.91104
STAGE_MODEL_THRESHOLD,1,10.949526985001285,3.95136
STAGE_MODEL_THRESHOLD,1,11.003725803002453,3.95136
STAGE_MODEL_THRESHOLD,1,11.057962249000411,3.95136
STAGE_MODEL_THRESHOLD,1,11.1121246540024,3.95136
STAGE_MODEL_THRESHOLD,1,11.166309194002679,3.91104
STAGE_MODEL_THRESHOLD,1,11.22063076500126,3.95136
STAGE_MODEL_THRESHOLD,1,11.274823515002936,3.95136
STAGE_MODEL_THRESHOLD,1,11.329019618002349,3.91104
STAGE_MODEL_THRESHOLD,1,11.383165475999704,3.95136
STAGE_MODEL_THRESHOLD,1,11.437368128001253,3.91104
STAGE_MODEL_THRESHOLD,1,11.49153858200225,3.95136
STAGE_MODEL_THRESHOLD,1,11.545704947002378,3.95136
STAGE_MODEL_THRESHOLD,1,11.600115637000272,3.91104
STAGE_MODEL_THRESHOLD,1,11.654326465002669,3.95136
STAGE_MODEL_THRESHOLD,1,11.70846120799979,3.95136
STAGE_MODEL_THRESHOLD,1,11.763548812003137,3.95136
STAGE_MODEL_THRESHOLD,1,11.817680421001569,3.95136
STAGE_MODEL_THRESHOLD,1,11.871889779002231,3.95136
STAGE_MODEL_THRESHOLD,1,11.92617903700011,3.95136
STAGE_MODEL_THRESHOLD,1,11.98172704800163,3.95136
STAGE_MODEL_THRESHOLD,1,12.03588100900015,3.91104
STAGE_MODEL_THRESHOLD,1,12.090013758002897,3.95136
STAGE_MODEL_THRESHOLD,1,12.14629278600114,3.95136
STAGE_MODEL_THRESHOLD,1,12.20048601000235,3.91104
STAGE_MODEL_THRESHOLD,1,12.255076403002022,3.95136
STAGE_MODEL_THRESHOLD,1,12.309312724002666,3.95136
STAGE_MODEL_THRESHOLD,1,12.363517801000853,3.91104
STAGE_MODEL_THRESHOLD,1,12.417611030003172,3.95136
STAGE_MODEL_THRESHOLD,1,12.471754737001902,3.95136
STAGE_MODEL_THRESHOLD,1,12.52592019900112,3.95136
STAGE_MODEL_THRESHOLD,1,12.58005004000006,3.95136
STAGE_MODEL_THRESHOLD,1,12.63419336300285,3.91104
STAGE_MODEL_THRESHOLD,1,12.688337261002744,3.95136
STAGE_MODEL_THRESHOLD,1,12.742444036000961,3.99168
STAGE_MODEL_THRESHOLD,1,12.796534421002434,3.95136
STAGE_MODEL_THRESHOLD,1,12.850659714000358,3.95136
STAGE_MODEL_THRESHOLD,1,12.904864215000998,3.95136
STAGE_MODEL_THRESHOLD,1,12.959051686000748,3.95136
STAGE_MODEL_THRESHOLD,1,13.013145091001206,3.95136
STAGE_MODEL_THRESHOLD,1,13.06729818200256,3.91104
STAGE_MODEL_THRESHOLD,1,13.12179865300277,3.95136
STAGE_MODEL_THRESHOLD,1,13.17600379400028,3.95136
STAGE_MODEL_THRESHOLD,1,13.230187559001934,3.91104
STAGE_MODEL_THRESHOLD,1,13.28430329800176,3.95136
STAGE_MODEL_THRESHOLD,1,13.338458977003029,3.95136
STAGE_MODEL_THRESHOLD,1,13.392643828003202,3.95136
STAGE_MODEL_THRESHOLD,1,13.446905364002305,3.95136
STAGE_MODEL_THRESHOLD,1,13.501480219001678,3.91104
STAGE_MODEL_THRESHOLD,1,13.555844671001978,3.95136
STAGE_MODEL_THRESHOLD,1,13.61000575000071,3.99168
STAGE_MODEL_THRESHOLD,1,13.664143344001786,3.95136
STAGE_MODEL_THRESHOLD,1,13.71824930600269,3.95136
STAGE_MODEL_THRESHOLD,1,13.772385686999769,3.95136
STAGE_MODEL_THRESHOLD,1,13.826524596002855,3.95136
STAGE_MODEL_THRESHOLD,1,13.880641872001434,3.95136
STAGE_MODEL_THRESHOLD,1,13.934768000002805,3.91104
STAGE_MODEL_THRESHOLD,1,13.989007858002878,3.95136
STAGE_MODEL_THRESHOLD,1,14.043131780999829,3.95136
STAGE_MODEL_THRESHOLD,1,14.097280245001457,3.95136
STAGE_MODEL_THRESHOLD,1,14.151391737002996,3.95136
STAGE_MODEL_THRESHOLD,1,14.205500225001742,3.95136
STAGE_MODEL_THRESHOLD,1,14.25964271400153,3.95136
STAGE_MODEL_THRESHOLD,1,14.313790060001338,3.95136
STAGE_MODEL_THRESHOLD,1,14.367983998003183,3.95136
STAGE_MODEL_THRESHOLD,1,14.422242551001546,3.95136
STAGE_MODEL_THRESHOLD,1,14.476360626002133,3.99168
STAGE_MODEL_THRESHOLD,1,14.530470711000817,3.95136
STAGE_MODEL_THRESHOLD,1,14.58457824099969,3.95136
STAGE_MODEL_THRESHOLD,1,14.638737537999987,3.95136
STAGE_MODEL_THRESHOLD,1,14.693047188000492,3.95136
STAGE_MODEL_THRESHOLD,1,14.747191370999644,3.95136
STAGE_MODEL_THRESHOLD,1,14.801344814000913,3.95136
STAGE_MODEL_THRESHOLD,1,14.855576134003059,3.95136
STAGE_MODEL_THRESHOLD,1,14.909753954001644,3.95136
STAGE_MODEL_THRESHOLD,1,14.963959387001523,3.95136
STAGE_MODEL_THRESHOLD,1,15.018119821001164,3.95136
STAGE_MODEL_THRESHOLD,1,15.072254272003192,3.95136
STAGE_MODEL_THRESHOLD,1,15.126445419002266,3.95136
STAGE_MODEL_THRESHOLD,1,15.180548134001583,3.95136
STAGE_MODEL_THRESHOLD,1,15.234694378003041,3.91104
STAGE_MODEL_THRESHOLD,1,15.288825953000924,3.95136
STAGE_MODEL_THRESHOLD,1,15.342928733000008,3.95136
STAGE_MODEL_THRESHOLD,1,15.397148195999762,3.95136
STAGE_MODEL_THRESHOLD,1,15.451304858001095,3.95136
STAGE_MODEL_THRESHOLD,1,15.505428379001387,3.95136
STAGE_MODEL_THRESHOLD,1,15.559580248002021,3.95136
STAGE_MODEL_THRESHOLD,1,15.613679832000344,3.95136
STAGE_MODEL_THRESHOLD,1,15.667850013000134,3.95136
STAGE_MODEL_THRESHOLD,1,15.72219632300039,3.95136
STAGE_MODEL_THRESHOLD,1,15.776329464002629,3.99168
STAGE_MODEL_THRESHOLD,1,15.830524717002845,3.95136
STAGE_MODEL_THRESHOLD,1,15.884970549999707,3.95136
STAGE_MODEL_THRESHOLD,1,15.939148986002692,3.95136
STAGE_MODEL_THRESHOLD,1,15.993343914000434,3.95136
STAGE_MODEL_THRESHOLD,1,16.047467502001382,3.95136
STAGE_MODEL_THRESHOLD,1,16.101604482002585,3.91104
STAGE_MODEL_THRESHOLD,1,16.155778411000938,3.95136
STAGE_MODEL_THRESHOLD,1,16.209971836000477,3.95136
STAGE_MODEL_THRESHOLD,1,16.264102009001363,3.91104
STAGE_MODEL_THRESHOLD,1,16.318246468003053,3.95136
STAGE_MODEL_THRESHOLD,1,16.372457921002933,3.95136
STAGE_MODEL_THRESHOLD,1,16.42666441900292,3.91104
STAGE_MODEL_THRESHOLD,1,16.48077976100103,3.95136
STAGE_MODEL_THRESHOLD,1,16.534922942002595,3.91104
STAGE_MODEL_THRESHOLD,1,16.589084661001834,3.95136
STAGE_MODEL_THRESHOLD,1,16.643196966000687,3.95136
STAGE_MODEL_THRESHOLD,1,16.69737150200308,3.95136
STAGE_MODEL_THRESHOLD,1,16.751657331002207,3.95136
STAGE_MODEL_THRESHOLD,1,16.805823245002102,3.95136
STAGE_MODEL_THRESHOLD,1,16.860259026001586,3.95136
STAGE_MODEL_THRESHOLD,1,16.914442059001885,3.99168
STAGE_MODEL_THRESHOLD,1,16.96862956699988,3.95136
STAGE_MODEL_THRESHOLD,1,17.02281339900219,3.95136
STAGE_MODEL_THRESHOLD,1,17.076945032000367,3.99168
STAGE_MODEL_THRESHOLD,1,17.131089035003242,3.95136
STAGE_MODEL_THRESHOLD,1,17.185264301002462,3.95136
STAGE_MODEL_THRESHOLD,1,17.239431319001596,3.95136
STAGE_MODEL_THRESHOLD,1,17.293604059002973,3.95136
STAGE_MODEL_THRESHOLD,1,17.347743012000137,3.95136
STAGE_MODEL_THRESHOLD,1,17.40205329800301,3.95136
STAGE_MODEL_THRESHOLD,1,17.4562355320013,3.95136
STAGE_MODEL_THRESHOLD,1,17.51042323100046,3.95136
STAGE_MODEL_THRESHOLD,1,17.56460939700264,3.91104
STAGE_MODEL_THRESHOLD,1,17.61880240300161,3.95136
STAGE_MODEL_THRESHOLD,1,17.672916583000188,3.95136
STAGE_MODEL_THRESHOLD,1,17.727070335000462,3.95136
STAGE_MODEL_THRESHOLD,1,17.781417254002008,3.95136
STAGE_MODEL_THRESHOLD,1,17.83567028700054,3.91104
STAGE_MODEL_THRESHOLD,1,17.8900418000012,3.95136
STAGE_MODEL_THRESHOLD,1,17.944257182,3.95136
STAGE_MODEL_THRESHOLD,1,17.998394405,3.91104
STAGE_MODEL_THRESHOLD,1,18.054079749002995,3.95136
STAGE_MODEL_THRESHOLD,1,18.108268535001116,3.95136
STAGE_MODEL_THRESHOLD,1,18.16258522300268,3.91104
STAGE_MODEL_THRESHOLD,1,18.216762692001794,3.95136
STAGE_MODEL_THRESHOLD,1,18.27098210300028,3.95136
STAGE_MODEL_THRESHOLD,1,18.325169610001467,3.95136
STAGE_MODEL_THRESHOLD,1,18.380240155001957,3.95136
STAGE_MODEL_THRESHOLD,1,18.434437732001243,3.91104
STAGE_MODEL_THRESHOLD,1,18.488654777000193,3.95136
STAGE_MODEL_THRESHOLD,1,18.542827867000597,3.99168
STAGE_MODEL_THRESHOLD,1,18.596996129999752,3.95136
STAGE_MODEL_THRESHOLD,1,18.651201603002846,3.95136
STAGE_MODEL_THRESHOLD,1,18.705346145001386,3.95136
STAGE_MODEL_THRESHOLD,1,18.759546152003168,3.95136
STAGE_MODEL_THRESHOLD,1,18.813859666002827,3.99168
STAGE_MODEL_THRESHOLD,1,18.868030208002892,3.95136
STAGE_MODEL_THRESHOLD,1,18.922220827000274,3.95136
STAGE_MODEL_THRESHOLD,1,18.976381938002305,3.99168
STAGE_MODEL_THRESHOLD,1,19.03051526800118,3.95136
STAGE_MODEL_THRESHOLD,1,19.08465224199972,3.95136
STAGE_MODEL_THRESHOLD,1,19.138800085002003,3.95136
STAGE_MODEL_THRESHOLD,1,19.193004099000973,3.95136
STAGE_MODEL_THRESHOLD,1,19.247116585000185,3.95136
STAGE_MODEL_THRESHOLD,1,19.301270055002533,3.91104
STAGE_MODEL_THRESHOLD,1,19.355482957002096,3.95136
STAGE_MODEL_THRESHOLD,1,19.409707335002167,3.95136
STAGE_MODEL_THRESHOLD,1,19.463850512001954,3.91104
STAGE_MODEL_THRESHOLD,1,19.51798195500305,3.95136
STAGE_MODEL_THRESHOLD,1,19.572118641000998,3.95136
STAGE_MODEL_THRESHOLD,1,19.626262361001864,3.91104
STAGE_MODEL_THRESHOLD,1,19.680366086002323,3.95136
STAGE_MODEL_THRESHOLD,1,19.734488482001325,3.91104
STAGE_MODEL_THRESHOLD,1,19.78872670400233,3.95136
STAGE_MODEL_THRESHOLD,1,19.843006325001625,3.95136
STAGE_MODEL_THRESHOLD,1,19.897247672000958,3.91104
STAGE_MODEL_THRESHOLD,1,19.95138060300087,3.95136
STAGE_MODEL_THRESHOLD,1,20.00550093900165,3.95136
STAGE_MODEL_THRESHOLD,1,20.05970734100265,3.91104
STAGE_MODEL_THRESHOLD,1,20.113836308002647,3.95136
STAGE_MODEL_THRESHOLD,1,20.16800856500049,3.91104
STAGE_MODEL_THRESHOLD,1,20.2222152860013,3.95136
STAGE_MODEL_THRESHOLD,1,20.276391762999992,3.95136
STAGE_MODEL_THRESHOLD,1,20.3306028650004,3.91104
STAGE_MODEL_THRESHOLD,1,20.384840983002505,3.95136
STAGE_MODEL_THRESHOLD,1,20.4389895480017,3.95136
STAGE_MODEL_THRESHOLD,1,20.49324416300078,3.95136
STAGE_MODEL_THRESHOLD,1,20.54749222400278,3.95136
STAGE_MODEL_THRESHOLD,1,20.601634875001764,3.91104
STAGE_MODEL_THRESHOLD,1,20.655856336001307,3.95136
STAGE_MODEL_THRESHOLD,1,20.710005157001433,3.99168
STAGE_MODEL_THRESHOLD,1,20.764163027000905,3.95136
STAGE_MODEL_THRESHOLD,1,20.818620162001025,3.95136
STAGE_MODEL_THRESHOLD,1,20.872861022002326,3.99168
STAGE_MODEL_THRESHOLD,1,20.927302703999885,3.95136
STAGE_MODEL_THRESHOLD,1,20.98150302200156,3.99168
STAGE_MODEL_THRESHOLD,1,21.035687961000804,3.95136
STAGE_MODEL_THRESHOLD,1,21.089963544000057,3.95136
STAGE_MODEL_THRESHOLD,1,21.144106982002995,3.99168
STAGE_MODEL_THRESHOLD,1,21.1982449850002,3.95136
STAGE_MODEL_THRESHOLD,1,21.252488563000952,3.95136
STAGE_MODEL_THRESHOLD,1,21.306674333001865,3.99168
STAGE_MODEL_THRESHOLD,1,21.360863429003075,3.95136
STAGE_MODEL_THRESHOLD,1,21.415813609000907,3.95136
STAGE_MODEL_THRESHOLD,1,21.470016677001695,3.95136
STAGE_MODEL_THRESHOLD,1,21.524171562003175,3.95136
STAGE_MODEL_THRESHOLD,1,21.57828353900186,3.95136
STAGE_MODEL_THRESHOLD,1,21.63240878400029,3.95136
STAGE_MODEL_THRESHOLD,1,21.686618726002052,3.95136
STAGE_MODEL_THRESHOLD,1,21.74076628900002,3.95136
STAGE_MODEL_THRESHOLD,1,21.79498023999986,3.95136
STAGE_MODEL_THRESHOLD,1,21.849257720001333,3.95136
STAGE_MODEL_THRESHOLD,1,21.903430325000954,3.95136
STAGE_MODEL_THRESHOLD,1,21.957626142000663,3.95136
STAGE_MODEL_THRESHOLD,1,22.011763829999836,3.95136
STAGE_MODEL_THRESHOLD,1,22.065934196001763,3.91104
STAGE_MODEL_THRESHOLD,1,22.120374426001945,3.95136
STAGE_MODEL_THRESHOLD,1,22.17545100800271,3.95136
STAGE_MODEL_THRESHOLD,1,22.22964925600172,3.91104
STAGE_MODEL_THRESHOLD,1,22.283954234000703,3.95136
STAGE_MODEL_THRESHOLD,1,22.338458220001485,3.95136
STAGE_MODEL_THRESHOLD,1,22.393405019000056,3.91104
STAGE_MODEL_THRESHOLD,1,22.447949323999637,3.95136
STAGE_MODEL_THRESHOLD,1,22.503855225000734,3.91104
STAGE_MODEL_THRESHOLD,1,22.55814293700314,3.91104
STAGE_MODEL_THRESHOLD,1,22.612349017999804,3.95136
STAGE_MODEL_THRESHOLD,1,22.666492590000416,3.91104
STAGE_MODEL_THRESHOLD,1,22.720687160002853,3.91104
STAGE_MODEL_THRESHOLD,1,22.775472840003204,3.95136
STAGE_MODEL_THRESHOLD,1,22.829682722000143,3.91104
STAGE_MODEL_THRESHOLD,1,22.883929255000112,3.95136
STAGE_MODEL_THRESHOLD,1,22.938153245002468,3.95136
STAGE_MODEL_THRESHOLD,1,22.99248966200321,3.91104
STAGE_MODEL_THRESHOLD,1,23.04679512599978,3.95136
STAGE_MODEL_THRESHOLD,1,23.100945860001957,3.91104
STAGE_MODEL_THRESHOLD,1,23.15522584000064,3.95136
STAGE_MODEL_THRESHOLD,1,23.20937286499975,3.95136
STAGE_MODEL_THRESHOLD,1,23.263499043001502,3.91104
STAGE_MODEL_THRESHOLD,1,23.317633438000485,3.95136
STAGE_MODEL_THRESHOLD,1,23.371823566001694,3.95136
STAGE_MODEL_THRESHOLD,1,23.426002119002078,3.91104
STAGE_MODEL_THRESHOLD,1,23.480153685002733,3.95136
STAGE_MODEL_THRESHOLD,1,23.534450740000466,3.91104
STAGE_MODEL_THRESHOLD,1,23.588676713003224,3.95136
STAGE_MODEL_THRESHOLD,1,23.642815616000007,3.95136
STAGE_MODEL_THRESHOLD,1,23.696977702002187,3.91104
STAGE_MODEL_THRESHOLD,1,23.751190468999994,3.95136
STAGE_MODEL_THRESHOLD,1,23.8053523210001,3.95136
STAGE_MODEL_THRESHOLD,1,23.85957596300068,3.95136
STAGE_MODEL_THRESHOLD,1,23.91391395300161,3.95136
STAGE_MODEL_THRESHOLD,1,23.96810558600191,3.95136
STAGE_MODEL_THRESHOLD,1,24.02241665100155,3.95136
STAGE_MODEL_THRESHOLD,1,24.07658702000117,3.99168
STAGE_MODEL_THRESHOLD,1,24.130732958001317,3.95136
STAGE_MODEL_THRESHOLD,1,24.184863004000363,3.95136
STAGE_MODEL_THRESHOLD,1,24.23899110000275,3.95136
STAGE_MODEL_THRESHOLD,1,24.293258933001198,3.95136
STAGE_MODEL_THRESHOLD,1,24.347417886001494,3.99168
STAGE_MODEL_THRESHOLD,1,24.401631455002644,3.95136
STAGE_MODEL_THRESHOLD,1,24.455780047999724,3.95136
STAGE_MODEL_THRESHOLD,1,24.509927328999765,3.99168
STAGE_MODEL_THRESHOLD,1,24.564055233000545,3.95136
STAGE_MODEL_THRESHOLD,1,24.618175941999652,3.95136
STAGE_MODEL_THRESHOLD,1,24.672303046001616,3.99168
STAGE_MODEL_THRESHOLD,1,24.726435075001064,3.95136
STAGE_MODEL_THRESHOLD,1,24.78059575500083,3.99168
STAGE_MODEL_THRESHOLD,1,24.834728813002585,3.95136
STAGE_MODEL_THRESHOLD,1,24.888947436000308,3.95136
STAGE_MODEL_THRESHOLD,1,24.943229055999836,3.99168
STAGE_MODEL_THRESHOLD,1,24.99740435000058,3.95136
STAGE_MODEL_THRESHOLD,1,25.05157241699999,3.99168
STAGE_MODEL_THRESHOLD,1,25.10571410200282,3.99168
STAGE_MODEL_THRESHOLD,1,25.15990669600069,3.95136
STAGE_MODEL_THRESHOLD,1,25.214034120002907,3.99168
STAGE_MODEL_THRESHOLD,1,25.268183192001743,3.95136
STAGE_MODEL_THRESHOLD,1,25.322391104000417,3.95136
STAGE_MODEL_THRESHOLD,1,25.37663655600045,3.99168
STAGE_MODEL_THRESHOLD,1,25.430814856001234,3.95136
STAGE_MODEL_THRESHOLD,1,25.484954207000555,3.95136
STAGE_MODEL_THRESHOLD,1,25.53910171300231,3.95136
STAGE_MODEL_THRESHOLD,1,25.593292036999628,3.95136
STAGE_MODEL_THRESHOLD,1,25.647412649002945,3.95136
STAGE_MODEL_THRESHOLD,1,25.70153179100089,3.91104
STAGE_MODEL_THRESHOLD,1,25.755750350002927,3.95136
STAGE_MODEL_THRESHOLD,1,25.809875291000935,3.95136
STAGE_MODEL_THRESHOLD,1,25.864054515001044,3.95136
STAGE_MODEL_THRESHOLD,1,25.918781432003016,3.99168
STAGE_MODEL_THRESHOLD,1,25.973418906000006,3.99168
STAGE_MODEL_THRESHOLD,1,26.027715587002604,3.95136
STAGE_MODEL_THRESHOLD,1,26.081930178999755,3.99168
STAGE_MODEL_THRESHOLD,1,26.136129422000522,3.95136
STAGE_MODEL_THRESHOLD,1,26.190336979001586,3.95136
STAGE_MODEL_THRESHOLD,1,26.24449065200315,3.99168
STAGE_MODEL_THRESHOLD,1,26.298725551001553,3.95136
STAGE_MODEL_THRESHOLD,1,26.352955205002218,3.95136
STAGE_MODEL_THRESHOLD,1,26.40712755400091,3.95136
STAGE_MODEL_THRESHOLD,1,26.461344033003115,3.95136
STAGE_MODEL_THRESHOLD,1,26.515524344002188,3.95136
STAGE_MODEL_THRESHOLD,1,26.569756492001034,3.95136
STAGE_MODEL_THRESHOLD,1,26.62410804800311,3.95136
STAGE_MODEL_THRESHOLD,1,26.67828794399975,3.95136
STAGE_MODEL_THRESHOLD,1,26.732574775000103,3.91104
STAGE_MODEL_THRESHOLD,1,26.786771331000637,3.95136
STAGE_MODEL_THRESHOLD,1,26.840958969001804,3.95136
STAGE_MODEL_THRESHOLD,1,26.895209330999933,3.91104
STAGE_MODEL_THRESHOLD,1,26.9494560810017,3.95136
STAGE_MODEL_THRESHOLD,1,27.003987795000285,3.95136
STAGE_MODEL_THRESHOLD,1,27.058171290002065,3.95136
STAGE_MODEL_THRESHOLD,1,27.112511866002023,3.95136
STAGE_MODEL_THRESHOLD,1,27.166796478002652,3.91104
STAGE_MODEL_THRESHOLD,1,27.22110200500174,3.95136
STAGE_MODEL_THRESHOLD,1,27.275259788002586,3.95136
STAGE_MODEL_THRESHOLD,1,27.329473055000562,3.91104
STAGE_MODEL_THRESHOLD,1,27.383703367002454,3.95136
STAGE_MODEL_THRESHOLD,1,27.437934735000454,3.95136
STAGE_MODEL_THRESHOLD,1,27.492161145000864,3.91104
STAGE_MODEL_THRESHOLD,1,27.546408086000156,3.95136
STAGE_MODEL_THRESHOLD,1,27.600653237001097,3.91104
STAGE_MODEL_THRESHOLD,1,27.654955725000036,3.91104
STAGE_MODEL_THRESHOLD,1,27.709234326001024,3.95136
STAGE_MODEL_THRESHOLD,1,27.76343934200122,3.91104
STAGE_MODEL_THRESHOLD,1,27.81763523799964,3.95136
STAGE_MODEL_THRESHOLD,1,27.87180459299998,3.95136
STAGE_MODEL_THRESHOLD,1,27.926041937000264,3.91104
STAGE_MODEL_THRESHOLD,1,27.980388683001365,3.95136
STAGE_MODEL_THRESHOLD,1,28.03479046600114,3.91104
STAGE_MODEL_THRESHOLD,1,28.089132831002644,3.95136
STAGE_MODEL_THRESHOLD,1,28.143384725000942,3.95136
STAGE_MODEL_THRESHOLD,1,28.197551777000626,3.91104
STAGE_MODEL_THRESHOLD,1,28.25171422400308,3.95136
STAGE_MODEL_THRESHOLD,1,28.305867492999823,3.95136
STAGE_MODEL_THRESHOLD,1,28.360024952002277,3.91104
STAGE_MODEL_THRESHOLD,1,28.414215957000124,3.95136
STAGE_MODEL_THRESHOLD,1,28.468463598001108,3.91104
STAGE_MODEL_THRESHOLD,1,28.522638581001956,3.91104
STAGE_MODEL_THRESHOLD,1,28.576785358000052,3.95136
STAGE_MODEL_THRESHOLD,1,28.630998046002787,3.91104
STAGE_MODEL_THRESHOLD,1,28.685237532001338,3.91104
STAGE_MODEL_THRESHOLD,1,28.739373148000595,3.95136
STAGE_MODEL_THRESHOLD,1,28.793613508001727,3.91104
STAGE_MODEL_THRESHOLD,1,28.8477796570005,3.91104
STAGE_MODEL_THRESHOLD,1,28.90205153200077,3.91104
STAGE_MODEL_THRESHOLD,1,28.956404828000814,3.91104
STAGE_MODEL_THRESHOLD,1,29.010828929000127,3.95136
STAGE_MODEL_THRESHOLD,1,29.065050881999923,3.91104
STAGE_MODEL_THRESHOLD,1,29.11922345900166,3.91104
STAGE_MODEL_THRESHOLD,1,29.173424401000375,3.95136
STAGE_MODEL_THRESHOLD,1,29.227697076003096,3.91104
STAGE_MODEL_THRESHOLD,1,29.2819000970012,3.95136
STAGE_MODEL_THRESHOLD,1,29.336090550001245,3.91104
STAGE_MODEL_THRESHOLD,1,29.390265461002855,3.91104
STAGE_MODEL_THRESHOLD,1,29.44441357300093,3.95136
STAGE_MODEL_THRESHOLD,1,29.49861950400009,3.91104
STAGE_MODEL_THRESHOLD,1,29.552896432000125,3.91104
STAGE_MODEL_THRESHOLD,1,29.60706190900237,3.95136
STAGE_MODEL_THRESHOLD,1,29.661484762000327,3.91104
STAGE_MODEL_THRESHOLD,1,29.715678893000586,3.91104
STAGE_MODEL_THRESHOLD,1,29.76985540300302,3.91104
STAGE_MODEL_THRESHOLD,1,29.82404339900313,3.91104
STAGE_MODEL_THRESHOLD,1,29.878213741001673,3.95136
STAGE_MODEL_THRESHOLD,1,29.93236051400163,3.91104
STAGE_MODEL_THRESHOLD,1,29.986618611001177,3.95136
BASELINE_IDLE,2,0.0009196039973176084,3.109568
BASELINE_IDLE,2,0.055243204998987494,3.109568
BASELINE_IDLE,2,0.1095649519993458,3.109568
BASELINE_IDLE,2,0.16372592699917732,3.109568
BASELINE_IDLE,2,0.21793583299950114,3.109568
BASELINE_IDLE,2,0.27208750099816825,3.109568
BASELINE_IDLE,2,0.3262511939974502,3.109568
BASELINE_IDLE,2,0.3804197799981921,3.109568
BASELINE_IDLE,2,0.4345801460003713,3.109568
BASELINE_IDLE,2,0.4887762369980919,3.109568
BASELINE_IDLE,2,0.542931038999086,3.109568
BASELINE_IDLE,2,0.5971057969982212,3.109568
BASELINE_IDLE,2,0.6512231479973707,3.109568
BASELINE_IDLE,2,0.7053700510005001,3.109568
BASELINE_IDLE,2,0.7594924759978312,3.109568
BASELINE_IDLE,2,0.8136058849995607,3.109568
BASELINE_IDLE,2,0.8677514669980155,3.109568
BASELINE_IDLE,2,0.9218844169990916,3.109568
BASELINE_IDLE,2,0.9759923239980708,3.109568
BASELINE_IDLE,2,1.0301459019974573,3.109568
BASELINE_IDLE,2,1.084634109000035,3.109568
BASELINE_IDLE,2,1.1393478520003555,3.109568
BASELINE_IDLE,2,1.1935515139994095,3.109568
BASELINE_IDLE,2,1.247681297998497,3.109568
BASELINE_IDLE,2,1.3018584139972518,3.109568
BASELINE_IDLE,2,1.3560529930000484,3.109568
BASELINE_IDLE,2,1.4102081709970662,3.109568
BASELINE_IDLE,2,1.4643501709979319,3.109568
BASELINE_IDLE,2,1.5185094099979324,3.109568
BASELINE_IDLE,2,1.5727020379999885,3.109568
BASELINE_IDLE,2,1.6268483239982743,3.109568
BASELINE_IDLE,2,1.6809894609978073,3.109568
BASELINE_IDLE,2,1.7351638589971117,3.109568
BASELINE_IDLE,2,1.7893104449976818,3.109568
BASELINE_IDLE,2,1.8434928999995464,3.109568
BASELINE_IDLE,2,1.8976896819985996,3.109568
BASELINE_IDLE,2,1.9518560180003988,3.109568
BASELINE_IDLE,2,2.0059888679970754,3.109568
BASELINE_IDLE,2,2.0601150009970297,3.109568
BASELINE_IDLE,2,2.114511257997947,3.109568
BASELINE_IDLE,2,2.1686864839975897,3.109568
BASELINE_IDLE,2,2.222853650997422,3.109568
BASELINE_IDLE,2,2.2769906590001483,3.109568
BASELINE_IDLE,2,2.3311386999994284,3.109568
BASELINE_IDLE,2,2.3852613479975844,3.109568
BASELINE_IDLE,2,2.439435678999871,3.109568
BASELINE_IDLE,2,2.493586630997015,3.109568
BASELINE_IDLE,2,2.54773889399803,3.109568
BASELINE_IDLE,2,2.6019430960004684,3.109568
BASELINE_IDLE,2,2.656078184998478,3.109568
BASELINE_IDLE,2,2.710204734998115,3.109568
BASELINE_IDLE,2,2.7643155769983423,3.109568
BASELINE_IDLE,2,2.818522858997312,3.109568
BASELINE_IDLE,2,2.872680376000062,3.109568
BASELINE_IDLE,2,2.9268384690003586,3.109568
BASELINE_IDLE,2,2.9809712959977333,3.109568
BASELINE_IDLE,2,3.03511972999695,3.109568
BASELINE_IDLE,2,3.08933555099793,3.109568
BASELINE_IDLE,2,3.1436869779972767,3.109568
BASELINE_IDLE,2,3.197896915000456,3.109568
BASELINE_IDLE,2,3.252141903998563,3.109568
BASELINE_IDLE,2,3.3063385679997737,3.109568
BASELINE_IDLE,2,3.36052317499707,3.109568
BASELINE_IDLE,2,3.41465142800007,3.109568
BASELINE_IDLE,2,3.468794648997573,3.109568
BASELINE_IDLE,2,3.522929809998459,3.109568
BASELINE_IDLE,2,3.5771492139974725,3.109568
BASELINE_IDLE,2,3.6313122639985522,3.109568
BASELINE_IDLE,2,3.6854504639995866,3.109568
BASELINE_IDLE,2,3.7396400599973276,3.109568
BASELINE_IDLE,2,3.7938149359979434,3.109568
BASELINE_IDLE,2,3.848018887998478,3.109568
BASELINE_IDLE,2,3.9022109739998996,3.109568
BASELINE_IDLE,2,3.956448859997181,3.109568
BASELINE_IDLE,2,4.010588686000119,3.109568
BASELINE_IDLE,2,4.064952231998177,3.109568
BASELINE_IDLE,2,4.1191633159978664,3.109568
BASELINE_IDLE,2,4.173451381997438,3.109568
BASELINE_IDLE,2,4.227736697997898,3.109568
BASELINE_IDLE,2,4.281895937998343,3.109568
BASELINE_IDLE,2,4.336047886998131,3.109568
BASELINE_IDLE,2,4.390182179999101,3.109568
BASELINE_IDLE,2,4.4443083499973,3.109568
BASELINE_IDLE,2,4.498536320999847,3.109568
BASELINE_IDLE,2,4.552718172999448,3.109568
BASELINE_IDLE,2,4.606926410997403,3.109568
BASELINE_IDLE,2,4.6611459699997795,3.109568
BASELINE_IDLE,2,4.7152594109975325,3.109568
BASELINE_IDLE,2,4.769407129999308,3.109568
BASELINE_IDLE,2,4.823541699999623,3.109568
BASELINE_IDLE,2,4.8776936039976135,3.109568
BASELINE_IDLE,2,4.93186690499715,3.109568
BASELINE_IDLE,2,4.985993831000087,3.109568
BASELINE_IDLE,2,5.04014093799924,3.109568
BASELINE_IDLE,2,5.094355208999332,3.109568
BASELINE_IDLE,2,5.148517507997894,3.109568
BASELINE_IDLE,2,5.2028597419994185,3.109568
BASELINE_IDLE,2,5.257045452999591,3.109568
BASELINE_IDLE,2,5.31126791099814,3.109568
BASELINE_IDLE,2,5.365427875000023,3.109568
BASELINE_IDLE,2,5.419584576997295,3.109568
BASELINE_IDLE,2,5.473710766997101,3.109568
BASELINE_IDLE,2,5.527881797999726,3.109568
BASELINE_IDLE,2,5.582063734000258,3.109568
BASELINE_IDLE,2,5.636202524998225,3.109568
BASELINE_IDLE,2,5.690321870999469,3.109568
BASELINE_IDLE,2,5.744455992997246,3.109568
BASELINE_IDLE,2,5.798600361998979,3.109568
BASELINE_IDLE,2,5.852789063999808,3.109568
BASELINE_IDLE,2,5.906933629998093,3.109568
BASELINE_IDLE,2,5.961133846998564,3.109568
BASELINE_IDLE,2,6.015264084999217,3.109568
BASELINE_IDLE,2,6.06954323500031,3.109568
BASELINE_IDLE,2,6.123691638997116,3.109568
BASELINE_IDLE,2,6.177872569998726,3.109568
BASELINE_IDLE,2,6.232208361998346,3.109568
BASELINE_IDLE,2,6.286378066997713,3.109568
BASELINE_IDLE,2,6.340524135997839,3.109568
BASELINE_IDLE,2,6.394694864997291,3.109568
BASELINE_IDLE,2,6.4488666799989005,3.109568
BASELINE_IDLE,2,6.503014060999703,3.109568
BASELINE_IDLE,2,6.5572623159969226,3.109568
BASELINE_IDLE,2,6.6113786729983985,3.109568
BASELINE_IDLE,2,6.665530562997446,3.109568
BASELINE_IDLE,2,6.719665533997613,3.109568
BASELINE_IDLE,2,6.773812144998374,3.109568
BASELINE_IDLE,2,6.827963286999875,3.109568
BASELINE_IDLE,2,6.88235395099764,3.109568
BASELINE_IDLE,2,6.9365942619988346,3.109568
BASELINE_IDLE,2,6.99077588399814,3.109568
BASELINE_IDLE,2,7.044928338000318,3.109568
BASELINE_IDLE,2,7.099129053996876,3.109568
BASELINE_IDLE,2,7.153274822998355,3.109568
BASELINE_IDLE,2,7.208265490000485,3.109568
BASELINE_IDLE,2,7.263533290999476,3.109568
BASELINE_IDLE,2,7.3177648069977295,3.109568
BASELINE_IDLE,2,7.372133818000293,3.109568
BASELINE_IDLE,2,7.42628390399841,3.109568
BASELINE_IDLE,2,7.480434502998833,3.109568
BASELINE_IDLE,2,7.535654776998854,3.109568
BASELINE_IDLE,2,7.589815769999404,3.109568
BASELINE_IDLE,2,7.6441798559972085,3.109568
BASELINE_IDLE,2,7.698337393998372,3.109568
BASELINE_IDLE,2,7.752510581998649,3.109568
BASELINE_IDLE,2,7.806644958000106,3.109568
BASELINE_IDLE,2,7.860806744000001,3.109568
BASELINE_IDLE,2,7.914990981997107,3.109568
BASELINE_IDLE,2,7.969163801997638,3.109568
BASELINE_IDLE,2,8.023272815000382,3.109568
BASELINE_IDLE,2,8.077410261998011,3.109568
BASELINE_IDLE,2,8.131572143000085,3.109568
BASELINE_IDLE,2,8.185696315998939,3.109568
BASELINE_IDLE,2,8.239878091997525,3.109568
BASELINE_IDLE,2,8.294274730000325,3.109568
BASELINE_IDLE,2,8.348663212997053,3.109568
BASELINE_IDLE,2,8.40281735499957,3.109568
BASELINE_IDLE,2,8.456927614999586,3.109568
BASELINE_IDLE,2,8.51140197299901,3.109568
BASELINE_IDLE,2,8.567338731998461,3.109568
BASELINE_IDLE,2,8.622337103999598,3.109568
BASELINE_IDLE,2,8.67736969699763,3.109568
BASELINE_IDLE,2,8.733083692997752,3.109568
BASELINE_IDLE,2,8.78799675099799,3.109568
BASELINE_IDLE,2,8.84221108699785,3.109568
BASELINE_IDLE,2,8.896353588999773,3.109568
BASELINE_IDLE,2,8.95051281799897,3.109568
BASELINE_IDLE,2,9.004615851998096,3.109568
BASELINE_IDLE,2,9.058750997999596,3.109568
BASELINE_IDLE,2,9.11289794500044,3.109568
BASELINE_IDLE,2,9.167015371996968,3.109568
BASELINE_IDLE,2,9.221180837997963,3.109568
BASELINE_IDLE,2,9.275306291998277,3.109568
BASELINE_IDLE,2,9.329659052000352,3.109568
BASELINE_IDLE,2,9.38385522200042,3.109568
BASELINE_IDLE,2,9.43800271299915,3.109568
BASELINE_IDLE,2,9.492122857998766,3.109568
BASELINE_IDLE,2,9.546316628999193,3.109568
BASELINE_IDLE,2,9.600505635000445,3.109568
BASELINE_IDLE,2,9.654643018999195,3.109568
BASELINE_IDLE,2,9.70876530699752,3.109568
BASELINE_IDLE,2,9.762877949997346,3.109568
BASELINE_IDLE,2,9.817014899999776,3.109568
BASELINE_IDLE,2,9.871232895999128,3.109568
BASELINE_IDLE,2,9.925397639999574,3.109568
BASELINE_IDLE,2,9.979586563000339,3.109568
BASELINE_IDLE,2,10.033734067998012,3.109568
BASELINE_IDLE,2,10.087901753999176,3.109568
BASELINE_IDLE,2,10.142045292999683,3.109568
BASELINE_IDLE,2,10.19637340799818,3.109568
BASELINE_IDLE,2,10.25052686199706,3.109568
BASELINE_IDLE,2,10.305707974999677,3.109568
BASELINE_IDLE,2,10.359896066998772,3.109568
BASELINE_IDLE,2,10.414043315999152,3.109568
BASELINE_IDLE,2,10.468184998997458,3.109568
BASELINE_IDLE,2,10.52238677999776,3.109568
BASELINE_IDLE,2,10.576582099998632,3.109568
BASELINE_IDLE,2,10.630702386999474,3.109568
BASELINE_IDLE,2,10.684826639997482,3.109568
BASELINE_IDLE,2,10.738960039998346,3.109568
BASELINE_IDLE,2,10.79310346299826,3.109568
BASELINE_IDLE,2,10.847246453999105,3.109568
BASELINE_IDLE,2,10.9013654579976,3.109568
BASELINE_IDLE,2,10.955580059999193,3.109568
BASELINE_IDLE,2,11.009727016997203,3.109568
BASELINE_IDLE,2,11.063849922000372,3.109568
BASELINE_IDLE,2,11.117965631998231,3.109568
BASELINE_IDLE,2,11.172093399000005,3.109568
BASELINE_IDLE,2,11.226234726997063,3.109568
BASELINE_IDLE,2,11.280372280998563,3.109568
BASELINE_IDLE,2,11.334703206997801,3.109568
BASELINE_IDLE,2,11.388868201996956,3.109568
BASELINE_IDLE,2,11.443008602996997,3.109568
BASELINE_IDLE,2,11.49722106199988,3.109568
BASELINE_IDLE,2,11.551656125997397,3.109568
BASELINE_IDLE,2,11.606035251999856,3.109568
BASELINE_IDLE,2,11.66018422399793,3.109568
BASELINE_IDLE,2,11.714297597998666,3.109568
BASELINE_IDLE,2,11.771240218997264,3.109568
BASELINE_IDLE,2,11.825415365998197,3.109568
BASELINE_IDLE,2,11.879590480999468,3.109568
BASELINE_IDLE,2,11.933809796999412,3.109568
BASELINE_IDLE,2,11.988785780999024,3.109568
BASELINE_IDLE,2,12.043601045999822,3.109568
BASELINE_IDLE,2,12.099354965997918,3.109568
BASELINE_IDLE,2,12.154988018999575,3.109568
BASELINE_IDLE,2,12.209169146997738,3.109568
BASELINE_IDLE,2,12.264362969999638,3.109568
BASELINE_IDLE,2,12.318585995999456,3.109568
BASELINE_IDLE,2,12.375385105999158,3.109568
BASELINE_IDLE,2,12.4295623959988,3.109568
BASELINE_IDLE,2,12.483674502997019,3.109568
BASELINE_IDLE,2,12.537828956999874,3.109568
BASELINE_IDLE,2,12.593057705998945,3.109568
BASELINE_IDLE,2,12.648239631998877,3.109568
BASELINE_IDLE,2,12.70405684599973,3.109568
BASELINE_IDLE,2,12.760040655997727,3.109568
BASELINE_IDLE,2,12.816041394999047,3.109568
BASELINE_IDLE,2,12.874946691998048,3.109568
BASELINE_IDLE,2,12.929214814997977,3.109568
BASELINE_IDLE,2,12.984266503997787,3.109568
BASELINE_IDLE,2,13.038431766999565,3.109568
BASELINE_IDLE,2,13.093567092997546,3.109568
BASELINE_IDLE,2,13.148685402997216,3.109568
BASELINE_IDLE,2,13.202918471997691,3.109568
BASELINE_IDLE,2,13.25704356300048,3.109568
BASELINE_IDLE,2,13.311173996000434,3.109568
BASELINE_IDLE,2,13.368553547999909,3.109568
BASELINE_IDLE,2,13.423035768999398,3.109568
BASELINE_IDLE,2,13.478270179999527,3.109568
BASELINE_IDLE,2,13.532487991997186,3.109568
BASELINE_IDLE,2,13.587618679997831,3.109568
BASELINE_IDLE,2,13.643263889000082,3.109568
BASELINE_IDLE,2,13.697418244999426,3.109568
BASELINE_IDLE,2,13.751562663997902,3.109568
BASELINE_IDLE,2,13.805669479999779,3.109568
BASELINE_IDLE,2,13.859813142000348,3.109568
BASELINE_IDLE,2,13.915138278996892,3.109568
BASELINE_IDLE,2,13.969350864997978,3.109568
BASELINE_IDLE,2,14.02347731899863,3.109568
BASELINE_IDLE,2,14.077791356998205,3.109568
BASELINE_IDLE,2,14.133003527997062,3.109568
BASELINE_IDLE,2,14.187197851999372,3.109568
BASELINE_IDLE,2,14.242239870000049,3.109568
BASELINE_IDLE,2,14.297806419999688,3.109568
BASELINE_IDLE,2,14.352035285999591,3.109568
BASELINE_IDLE,2,14.408952953999687,3.109568
BASELINE_IDLE,2,14.463173694999568,3.109568
BASELINE_IDLE,2,14.517326471999695,3.109568
BASELINE_IDLE,2,14.57229351999922,3.109568
BASELINE_IDLE,2,14.626455379999243,3.109568
BASELINE_IDLE,2,14.68056046899801,3.109568
BASELINE_IDLE,2,14.735633415999473,3.109568
BASELINE_IDLE,2,14.791300802000478,3.109568
BASELINE_IDLE,2,14.8454641419994,3.109568
BASELINE_IDLE,2,14.8996756489978,3.109568
BASELINE_IDLE,2,14.956666219997715,3.109568
STAGE_MODEL_INFER,2,0.0011519889994815458,3.109568
STAGE_MODEL_INFER,2,0.05580080900108442,3.23072
STAGE_MODEL_INFER,2,0.11101602900089347,3.351872
STAGE_MODEL_INFER,2,0.1653997690009419,3.43264
STAGE_MODEL_INFER,2,0.21957769300206564,3.594176
STAGE_MODEL_INFER,2,0.273740488999465,3.674944
STAGE_MODEL_INFER,2,0.3282712899999751,3.715328
STAGE_MODEL_INFER,2,0.38244774299892015,3.79008
STAGE_MODEL_INFER,2,0.43688627099982114,3.8304
STAGE_MODEL_INFER,2,0.49111683999944944,3.87072
STAGE_MODEL_INFER,2,0.5452978989997064,3.95136
STAGE_MODEL_INFER,2,0.599680775001616,3.95136
STAGE_MODEL_INFER,2,0.6568722359988897,3.95136
STAGE_MODEL_INFER,2,0.7111507170011464,4.032
STAGE_MODEL_INFER,2,0.7657165429991437,4.032
STAGE_MODEL_INFER,2,0.8203218660019047,4.07232
STAGE_MODEL_INFER,2,0.8746662650009966,4.032
STAGE_MODEL_INFER,2,0.9291248150002502,4.11264
STAGE_MODEL_INFER,2,0.9832342939989758,4.15296
STAGE_MODEL_INFER,2,1.0373610759997973,4.15296
STAGE_MODEL_INFER,2,1.0915957069992146,4.15296
STAGE_MODEL_INFER,2,1.1458209029988211,4.15296
STAGE_MODEL_INFER,2,1.2000922200022615,4.11264
STAGE_MODEL_INFER,2,1.2543082680022053,4.15296
STAGE_MODEL_INFER,2,1.3084780690005573,4.19328
STAGE_MODEL_INFER,2,1.362801423001656,4.15296
STAGE_MODEL_INFER,2,1.4170061170007102,4.15296
STAGE_MODEL_INFER,2,1.4716681150021031,4.2336
STAGE_MODEL_INFER,2,1.5260168640015763,4.19328
STAGE_MODEL_INFER,2,1.5802332970015414,4.19328
STAGE_MODEL_INFER,2,1.6344628110018675,4.15296
STAGE_MODEL_INFER,2,1.6886606289990596,4.15296
STAGE_MODEL_INFER,2,1.7427605560005759,4.2336
STAGE_MODEL_INFER,2,1.7968860820001282,4.19328
STAGE_MODEL_INFER,2,1.8510029409990238,4.19328
STAGE_MODEL_INFER,2,1.9052374999992026,4.19328
STAGE_MODEL_INFER,2,1.9593690389992844,4.19328
STAGE_MODEL_INFER,2,2.0134898319993226,4.2336
STAGE_MODEL_INFER,2,2.067684730998735,4.15296
STAGE_MODEL_INFER,2,2.1221481659995334,4.19328
STAGE_MODEL_INFER,2,2.1763548349990742,4.2336
STAGE_MODEL_INFER,2,2.2305281449989707,4.2336
STAGE_MODEL_INFER,2,2.2846597810021194,4.2336
STAGE_MODEL_INFER,2,2.3390244180009176,4.27392
STAGE_MODEL_INFER,2,2.3931867249993957,4.27392
STAGE_MODEL_INFER,2,2.4473570289992495,4.27392
STAGE_MODEL_INFER,2,2.501812308000808,4.19328
STAGE_MODEL_INFER,2,2.5560654809996777,4.19328
STAGE_MODEL_INFER,2,2.610237799999595,4.27392
STAGE_MODEL_INFER,2,2.6643422490014927,4.27392
STAGE_MODEL_INFER,2,2.718453223002143,4.27392
STAGE_MODEL_INFER,2,2.772636772999249,4.19328
STAGE_MODEL_INFER,2,2.8269017650018213,4.19328
STAGE_MODEL_INFER,2,2.8810460189997684,4.2336
STAGE_MODEL_INFER,2,2.935169610998855,4.2336
STAGE_MODEL_INFER,2,2.9893969900003867,4.2336
STAGE_MODEL_INFER,2,3.043558227000176,4.19328
STAGE_MODEL_INFER,2,3.0978520050011866,4.19328
STAGE_MODEL_INFER,2,3.1519699039999978,4.27392
STAGE_MODEL_INFER,2,3.206080126001325,4.19328
STAGE_MODEL_INFER,2,3.26031857199996,4.19328
STAGE_MODEL_INFER,2,3.3144751389991143,4.19328
STAGE_MODEL_INFER,2,3.3686660890016356,4.2336
STAGE_MODEL_INFER,2,3.422794383001019,4.2336
STAGE_MODEL_INFER,2,3.477225147002173,4.19328
STAGE_MODEL_INFER,2,3.5318816530016193,4.19328
STAGE_MODEL_INFER,2,3.5862450280001212,4.2336
STAGE_MODEL_INFER,2,3.640375655999378,4.2336
STAGE_MODEL_INFER,2,3.6946783259991207,4.19328
STAGE_MODEL_INFER,2,3.7488989699995727,4.19328
STAGE_MODEL_INFER,2,3.803724138000689,4.2336
STAGE_MODEL_INFER,2,3.857961603000149,4.2336
STAGE_MODEL_INFER,2,3.9122147080015566,4.2336
STAGE_MODEL_INFER,2,3.9664723870009766,4.15296
STAGE_MODEL_INFER,2,4.020690981000371,4.19328
STAGE_MODEL_INFER,2,4.074834221999481,4.2336
STAGE_MODEL_INFER,2,4.128974743998697,4.19328
STAGE_MODEL_INFER,2,4.183120575002249,4.19328
STAGE_MODEL_INFER,2,4.237430515000597,4.19328
STAGE_MODEL_INFER,2,4.291595857001084,4.2336
STAGE_MODEL_INFER,2,4.345814259999315,4.2336
STAGE_MODEL_INFER,2,4.4000835480001115,4.19328
STAGE_MODEL_INFER,2,4.454270222999185,4.19328
STAGE_MODEL_INFER,2,4.5085566230009135,4.27392
STAGE_MODEL_INFER,2,4.562711890001083,4.2336
STAGE_MODEL_INFER,2,4.616911773999163,4.2336
STAGE_MODEL_INFER,2,4.671156242999132,4.19328
STAGE_MODEL_INFER,2,4.725375508998695,4.19328
STAGE_MODEL_INFER,2,4.779479475000699,4.27392
STAGE_MODEL_INFER,2,4.833629053999175,4.19328
STAGE_MODEL_INFER,2,4.887856192999607,4.19328
STAGE_MODEL_INFER,2,4.942047831002128,4.19328
STAGE_MODEL_INFER,2,4.996203167000203,4.19328
STAGE_MODEL_INFER,2,5.050317978999374,4.2336
STAGE_MODEL_INFER,2,5.1047227250019205,4.19328
STAGE_MODEL_INFER,2,5.159021859999484,4.15296
STAGE_MODEL_INFER,2,5.213240460001543,4.2336
STAGE_MODEL_INFER,2,5.267396563001967,4.19328
STAGE_MODEL_INFER,2,5.321740891002264,4.19328
STAGE_MODEL_INFER,2,5.375975130998995,4.15296
STAGE_MODEL_INFER,2,5.430289779000304,4.19328
STAGE_MODEL_INFER,2,5.484499711001263,4.2336
STAGE_MODEL_INFER,2,5.538798845998826,4.2336
STAGE_MODEL_INFER,2,5.593091585000366,4.2336
STAGE_MODEL_INFER,2,5.647251974001847,4.31424
STAGE_MODEL_INFER,2,5.701416969001002,4.2336
STAGE_MODEL_INFER,2,5.755702492999262,4.2336
STAGE_MODEL_INFER,2,5.809888406001846,4.2336
STAGE_MODEL_INFER,2,5.864026919000025,4.2336
STAGE_MODEL_INFER,2,5.918148769000254,4.27392
STAGE_MODEL_INFER,2,5.972328029001801,4.2336
STAGE_MODEL_INFER,2,6.026844591000554,4.15296
STAGE_MODEL_INFER,2,6.081621630000882,4.15296
STAGE_MODEL_INFER,2,6.135850336999283,4.11264
STAGE_MODEL_INFER,2,6.1900219220005965,4.11264
STAGE_MODEL_INFER,2,6.244143546999112,4.11264
STAGE_MODEL_INFER,2,6.2983069110014185,4.032
STAGE_MODEL_INFER,2,6.352596579999954,4.032
STAGE_MODEL_INFER,2,6.406730294998852,4.032
STAGE_MODEL_INFER,2,6.460894363000989,3.99168
STAGE_MODEL_INFER,2,6.515008824000688,4.032
STAGE_MODEL_INFER,2,6.569192434999422,3.99168
STAGE_MODEL_INFER,2,6.623336417000246,3.99168
STAGE_MODEL_INFER,2,6.677447040001425,3.99168
STAGE_MODEL_INFER,2,6.731601129002229,3.95136
STAGE_MODEL_INFER,2,6.785743412001466,3.99168
STAGE_MODEL_INFER,2,6.839864010999008,3.99168
STAGE_MODEL_INFER,2,6.894011603999388,3.95136
STAGE_MODEL_INFER,2,6.948133546000463,3.99168
STAGE_MODEL_INFER,2,7.00228504000188,3.95136
STAGE_MODEL_INFER,2,7.056510353999329,3.95136
STAGE_MODEL_INFER,2,7.110652094001125,3.99168
STAGE_MODEL_INFER,2,7.16481184100121,3.95136
STAGE_MODEL_INFER,2,7.218980063000345,3.95136
STAGE_MODEL_INFER,2,7.273120395999285,3.95136
STAGE_MODEL_INFER,2,7.327485894998972,3.95136
STAGE_MODEL_INFER,2,7.38167010899997,3.95136
STAGE_MODEL_INFER,2,7.435937673999433,3.91104
STAGE_MODEL_INFER,2,7.490135705000284,3.95136
STAGE_MODEL_INFER,2,7.5443267000009655,3.95136
STAGE_MODEL_INFER,2,7.598716027001501,3.91104
STAGE_MODEL_INFER,2,7.652948793001997,3.95136
STAGE_MODEL_INFER,2,7.70719860600002,3.95136
STAGE_MODEL_INFER,2,7.761371414999303,3.91104
STAGE_MODEL_INFER,2,7.81556073899992,3.95136
STAGE_MODEL_INFER,2,7.869708197002183,3.91104
STAGE_MODEL_INFER,2,7.92386864099899,3.95136
STAGE_MODEL_INFER,2,7.978018849000364,3.95136
STAGE_MODEL_INFER,2,8.032218409000052,3.91104
STAGE_MODEL_INFER,2,8.086436583002069,3.95136
STAGE_MODEL_INFER,2,8.14057457400122,3.95136
STAGE_MODEL_INFER,2,8.1947522570008,3.91104
STAGE_MODEL_INFER,2,8.248907711000356,3.95136
STAGE_MODEL_INFER,2,8.303054305000842,3.91104
STAGE_MODEL_INFER,2,8.35719367099955,3.95136
STAGE_MODEL_INFER,2,8.411340265000035,3.95136
STAGE_MODEL_INFER,2,8.46551055999953,3.91104
STAGE_MODEL_INFER,2,8.519720034000784,3.95136
STAGE_MODEL_INFER,2,8.573981515000924,3.95136
STAGE_MODEL_INFER,2,8.628431476001424,3.91104
STAGE_MODEL_INFER,2,8.682632283002022,3.95136
STAGE_MODEL_INFER,2,8.736860021999746,3.91104
STAGE_MODEL_INFER,2,8.791059474999201,3.95136
STAGE_MODEL_INFER,2,8.84557566500007,3.95136
STAGE_MODEL_INFER,2,8.899895826001739,3.91104
STAGE_MODEL_INFER,2,8.95417693499985,3.95136
STAGE_MODEL_INFER,2,9.008321919998707,3.99168
STAGE_MODEL_INFER,2,9.062480497999786,3.95136
STAGE_MODEL_INFER,2,9.116633190998982,3.95136
STAGE_MODEL_INFER,2,9.17077177900137,3.95136
STAGE_MODEL_INFER,2,9.224931861001096,3.95136
STAGE_MODEL_INFER,2,9.279066355000396,3.95136
STAGE_MODEL_INFER,2,9.333270734001417,3.91104
STAGE_MODEL_INFER,2,9.387545509998745,3.95136
STAGE_MODEL_INFER,2,9.441751935999491,3.99168
STAGE_MODEL_INFER,2,9.49590811500093,3.95136
STAGE_MODEL_INFER,2,9.550030551999953,3.95136
STAGE_MODEL_INFER,2,9.604192520000652,3.95136
STAGE_MODEL_INFER,2,9.658383818001312,3.95136
STAGE_MODEL_INFER,2,9.712514345999807,3.99168
STAGE_MODEL_INFER,2,9.766671592999046,3.95136
STAGE_MODEL_INFER,2,9.821064408999518,3.95136
STAGE_MODEL_INFER,2,9.875352637001924,3.99168
STAGE_MODEL_INFER,2,9.929758438000135,3.95136
STAGE_MODEL_INFER,2,9.983909743001277,3.95136
STAGE_MODEL_INFER,2,10.038098277000245,3.95136
STAGE_MODEL_INFER,2,10.092280830998789,3.95136
STAGE_MODEL_INFER,2,10.146403861999715,3.99168
STAGE_MODEL_INFER,2,10.20054832200185,3.95136
STAGE_MODEL_INFER,2,10.254683379000198,3.95136
STAGE_MODEL_INFER,2,10.308821891001571,3.99168
STAGE_MODEL_INFER,2,10.36306706799951,3.95136
STAGE_MODEL_INFER,2,10.41720849000194,3.99168
STAGE_MODEL_INFER,2,10.47137917800137,3.95136
STAGE_MODEL_INFER,2,10.525681350998639,3.95136
STAGE_MODEL_INFER,2,10.579856388001645,3.99168
STAGE_MODEL_INFER,2,10.634024324001075,3.95136
STAGE_MODEL_INFER,2,10.68836858800205,3.95136
STAGE_MODEL_INFER,2,10.74253771200165,3.99168
STAGE_MODEL_INFER,2,10.796673584998643,3.95136
STAGE_MODEL_INFER,2,10.850799767002172,3.99168
STAGE_MODEL_INFER,2,10.90496263499881,3.99168
STAGE_MODEL_INFER,2,10.959114309000142,3.95136
STAGE_MODEL_INFER,2,11.013233263001894,3.99168
STAGE_MODEL_INFER,2,11.067371567001828,3.95136
STAGE_MODEL_INFER,2,11.121603327999765,3.95136
STAGE_MODEL_INFER,2,11.175733316998958,3.99168
STAGE_MODEL_INFER,2,11.229881440001918,3.95136
STAGE_MODEL_INFER,2,11.284009252998658,3.99168
STAGE_MODEL_INFER,2,11.338229213000886,3.95136
STAGE_MODEL_INFER,2,11.392367773001752,3.95136
STAGE_MODEL_INFER,2,11.446471917999588,3.99168
STAGE_MODEL_INFER,2,11.500635201999103,3.95136
STAGE_MODEL_INFER,2,11.554906399000174,3.95136
STAGE_MODEL_INFER,2,11.609043008000299,3.99168
STAGE_MODEL_INFER,2,11.663305250000121,3.95136
STAGE_MODEL_INFER,2,11.71762042499904,3.99168
STAGE_MODEL_INFER,2,11.7719155900013,3.99168
STAGE_MODEL_INFER,2,11.826114134000818,3.95136
STAGE_MODEL_INFER,2,11.880288723001286,3.99168
STAGE_MODEL_INFER,2,11.934472395001649,3.95136
STAGE_MODEL_INFER,2,11.988732828998764,3.95136
STAGE_MODEL_INFER,2,12.042897309998807,3.99168
STAGE_MODEL_INFER,2,12.097034670001449,3.95136
STAGE_MODEL_INFER,2,12.151157315998717,3.99168
STAGE_MODEL_INFER,2,12.205314282000472,3.95136
STAGE_MODEL_INFER,2,12.259462707999774,3.95136
STAGE_MODEL_INFER,2,12.313663938999525,3.99168
STAGE_MODEL_INFER,2,12.367901247998816,3.95136
STAGE_MODEL_INFER,2,12.422066561000975,3.95136
STAGE_MODEL_INFER,2,12.476215531001799,3.99168
STAGE_MODEL_INFER,2,12.530362613000761,3.95136
STAGE_MODEL_INFER,2,12.584500228000252,3.95136
STAGE_MODEL_INFER,2,12.638652747999004,3.95136
STAGE_MODEL_INFER,2,12.692835589001334,3.95136
STAGE_MODEL_INFER,2,12.747023486001126,3.99168
STAGE_MODEL_INFER,2,12.801183950999985,3.95136
STAGE_MODEL_INFER,2,12.855359256001975,3.99168
STAGE_MODEL_INFER,2,12.909496915999625,3.99168
STAGE_MODEL_INFER,2,12.963694770001894,3.95136
STAGE_MODEL_INFER,2,13.017836012000771,3.99168
STAGE_MODEL_INFER,2,13.071996443999524,3.99168
STAGE_MODEL_INFER,2,13.126228264998645,3.95136
STAGE_MODEL_INFER,2,13.180365125001117,3.99168
STAGE_MODEL_INFER,2,13.234540813999047,3.95136
STAGE_MODEL_INFER,2,13.288916787001654,3.95136
STAGE_MODEL_INFER,2,13.343115472001955,3.99168
STAGE_MODEL_INFER,2,13.397301299999526,3.95136
STAGE_MODEL_INFER,2,13.45181352399959,3.95136
STAGE_MODEL_INFER,2,13.506112031001976,3.95136
STAGE_MODEL_INFER,2,13.560446232000686,3.95136
STAGE_MODEL_INFER,2,13.614594031001616,3.95136
STAGE_MODEL_INFER,2,13.668762011999206,3.95136
STAGE_MODEL_INFER,2,13.722981071001414,3.95136
STAGE_MODEL_INFER,2,13.777104924000014,3.99168
STAGE_MODEL_INFER,2,13.83128446200135,3.95136
STAGE_MODEL_INFER,2,13.885497551000299,3.95136
STAGE_MODEL_INFER,2,13.939642835000996,3.95136
STAGE_MODEL_INFER,2,13.993839996001043,3.95136
STAGE_MODEL_INFER,2,14.047965417001251,3.95136
STAGE_MODEL_INFER,2,14.102084377998835,3.95136
STAGE_MODEL_INFER,2,14.156247988001269,3.95136
STAGE_MODEL_INFER,2,14.210377151001012,3.99168
STAGE_MODEL_INFER,2,14.264520100001391,3.95136
STAGE_MODEL_INFER,2,14.318683710000187,3.95136
STAGE_MODEL_INFER,2,14.372936428000685,3.95136
STAGE_MODEL_INFER,2,14.427161095001793,3.95136
STAGE_MODEL_INFER,2,14.481293488999654,3.95136
STAGE_MODEL_INFER,2,14.53543567000088,3.95136
STAGE_MODEL_INFER,2,14.589652245002071,3.95136
STAGE_MODEL_INFER,2,14.643796953001583,3.95136
STAGE_MODEL_INFER,2,14.697966960000485,3.95136
STAGE_MODEL_INFER,2,14.752210694001405,3.95136
STAGE_MODEL_INFER,2,14.806369516001723,3.95136
STAGE_MODEL_INFER,2,14.860562114001368,3.95136
STAGE_MODEL_INFER,2,14.91469454899925,3.95136
STAGE_MODEL_INFER,2,14.968840706002084,3.91104
STAGE_MODEL_INFER,2,15.023004070000752,3.95136
STAGE_MODEL_INFER,2,15.077134043000115,3.95136
STAGE_MODEL_INFER,2,15.131317268998828,3.91104
STAGE_MODEL_INFER,2,15.185488661001727,3.95136
STAGE_MODEL_INFER,2,15.239627781000308,3.95136
STAGE_MODEL_INFER,2,15.293893590001971,3.95136
STAGE_MODEL_INFER,2,15.34809306399984,3.95136
STAGE_MODEL_INFER,2,15.402246065001236,3.91104
STAGE_MODEL_INFER,2,15.456412915998953,3.95136
STAGE_MODEL_INFER,2,15.510648340001353,3.95136
STAGE_MODEL_INFER,2,15.56480645800184,3.91104
STAGE_MODEL_INFER,2,15.618956836999132,3.95136
STAGE_MODEL_INFER,2,15.673074848000397,3.95136
STAGE_MODEL_INFER,2,15.727306306001992,3.95136
STAGE_MODEL_INFER,2,15.781521363001957,3.95136
STAGE_MODEL_INFER,2,15.835699671999464,3.91104
STAGE_MODEL_INFER,2,15.889944316000765,3.95136
STAGE_MODEL_INFER,2,15.944061088001035,3.95136
STAGE_MODEL_INFER,2,15.99824825700125,3.91104
STAGE_MODEL_INFER,2,16.052392631001567,3.95136
STAGE_MODEL_INFER,2,16.10655104699981,3.95136
STAGE_MODEL_INFER,2,16.160715155001526,3.91104
STAGE_MODEL_INFER,2,16.214873154000088,3.95136
STAGE_MODEL_INFER,2,16.26902504499958,3.91104
STAGE_MODEL_INFER,2,16.323213173000113,3.95136
STAGE_MODEL_INFER,2,16.377446335001878,3.95136
STAGE_MODEL_INFER,2,16.43163874899983,3.91104
STAGE_MODEL_INFER,2,16.485793166000803,3.95136
STAGE_MODEL_INFER,2,16.53993840399926,3.95136
STAGE_MODEL_INFER,2,16.594110572001227,3.91104
STAGE_MODEL_INFER,2,16.64828277199922,3.95136
STAGE_MODEL_INFER,2,16.70253531599883,3.91104
STAGE_MODEL_INFER,2,16.756695717002003,3.95136
STAGE_MODEL_INFER,2,16.810887371000717,3.95136
STAGE_MODEL_INFER,2,16.86505871600093,3.91104
STAGE_MODEL_INFER,2,16.919208439001522,3.95136
STAGE_MODEL_INFER,2,16.973329984000884,3.95136
STAGE_MODEL_INFER,2,17.027469407999888,3.95136
STAGE_MODEL_INFER,2,17.08161845900031,3.95136
STAGE_MODEL_INFER,2,17.135750814999483,3.91104
STAGE_MODEL_INFER,2,17.18990795799982,3.95136
STAGE_MODEL_INFER,2,17.24406139200073,3.95136
STAGE_MODEL_INFER,2,17.29823008099993,3.91104
STAGE_MODEL_INFER,2,17.35245496599964,3.95136
STAGE_MODEL_INFER,2,17.406577311001456,3.95136
STAGE_MODEL_INFER,2,17.46071116999883,3.91104
STAGE_MODEL_INFER,2,17.514831148000667,3.95136
STAGE_MODEL_INFER,2,17.568964144000347,3.91104
STAGE_MODEL_INFER,2,17.623114377998718,3.95136
STAGE_MODEL_INFER,2,17.67724958100007,3.95136
STAGE_MODEL_INFER,2,17.73139962300047,3.91104
STAGE_MODEL_INFER,2,17.78557743499914,3.95136
STAGE_MODEL_INFER,2,17.83976855199944,3.95136
STAGE_MODEL_INFER,2,17.893935649000923,3.91104
STAGE_MODEL_INFER,2,17.94810319300086,3.95136
STAGE_MODEL_INFER,2,18.00228701800006,3.91104
STAGE_MODEL_INFER,2,18.05645984000148,3.95136
STAGE_MODEL_INFER,2,18.110613024000486,3.95136
STAGE_MODEL_INFER,2,18.164750758998707,3.91104
STAGE_MODEL_INFER,2,18.218907909002155,3.95136
STAGE_MODEL_INFER,2,18.273035665999487,3.95136
STAGE_MODEL_INFER,2,18.327439315999072,3.91104
STAGE_MODEL_INFER,2,18.38171727000008,3.95136
STAGE_MODEL_INFER,2,18.435888109001098,3.91104
STAGE_MODEL_INFER,2,18.490128353001637,3.91104
STAGE_MODEL_INFER,2,18.54433018399868,3.95136
STAGE_MODEL_INFER,2,18.59854893499869,3.91104
STAGE_MODEL_INFER,2,18.652796919999673,3.95136
STAGE_MODEL_INFER,2,18.70701071300209,3.95136
STAGE_MODEL_INFER,2,18.76116821799951,3.91104
STAGE_MODEL_INFER,2,18.81539695399988,3.95136
STAGE_MODEL_INFER,2,18.86983089899877,3.91104
STAGE_MODEL_INFER,2,18.92405339800098,3.95136
STAGE_MODEL_INFER,2,18.978255330999673,3.95136
STAGE_MODEL_INFER,2,19.032414917001006,3.91104
STAGE_MODEL_INFER,2,19.087201869999262,3.95136
STAGE_MODEL_INFER,2,19.141576644000452,3.95136
STAGE_MODEL_INFER,2,19.195839731000888,3.91104
STAGE_MODEL_INFER,2,19.249989081999956,3.95136
STAGE_MODEL_INFER,2,19.30418135600121,3.91104
STAGE_MODEL_INFER,2,19.35845947499911,3.91104
STAGE_MODEL_INFER,2,19.412666078002076,3.95136
STAGE_MODEL_INFER,2,19.466848085001402,3.91104
STAGE_MODEL_INFER,2,19.521367268000176,3.91104
STAGE_MODEL_INFER,2,19.57562245400186,3.95136
STAGE_MODEL_INFER,2,19.629942856001435,3.91104
STAGE_MODEL_INFER,2,19.684123072001967,3.95136
STAGE_MODEL_INFER,2,19.738290367000445,3.91104
STAGE_MODEL_INFER,2,19.79244675999871,3.91104
STAGE_MODEL_INFER,2,19.84661482700176,3.95136
STAGE_MODEL_INFER,2,19.90082690499912,3.91104
STAGE_MODEL_INFER,2,19.95530486500138,3.95136
STAGE_MODEL_INFER,2,20.00952157899883,3.95136
STAGE_MODEL_INFER,2,20.063708740999573,3.91104
STAGE_MODEL_INFER,2,20.11795264200191,3.95136
STAGE_MODEL_INFER,2,20.17213318300128,3.95136
STAGE_MODEL_INFER,2,20.226375325000845,3.91104
STAGE_MODEL_INFER,2,20.280519308002113,3.95136
STAGE_MODEL_INFER,2,20.33471555399956,3.91104
STAGE_MODEL_INFER,2,20.388897757999075,3.91104
STAGE_MODEL_INFER,2,20.443024948999664,3.95136
STAGE_MODEL_INFER,2,20.497319161000632,3.91104
STAGE_MODEL_INFER,2,20.55157089899876,3.95136
STAGE_MODEL_INFER,2,20.605743795000308,3.95136
STAGE_MODEL_INFER,2,20.659920242000226,3.91104
STAGE_MODEL_INFER,2,20.714073053000902,3.95136
STAGE_MODEL_INFER,2,20.768250846998853,3.91104
STAGE_MODEL_INFER,2,20.822501405000367,3.91104
STAGE_MODEL_INFER,2,20.876744830999087,3.95136
STAGE_MODEL_INFER,2,20.931156620001275,3.91104
STAGE_MODEL_INFER,2,20.985442840999895,3.95136
STAGE_MODEL_INFER,2,21.039648302001297,3.95136
STAGE_MODEL_INFER,2,21.093893741999636,3.91104
STAGE_MODEL_INFER,2,21.148040832002152,3.95136
STAGE_MODEL_INFER,2,21.20221977899928,3.91104
STAGE_MODEL_INFER,2,21.256413213999622,3.95136
STAGE_MODEL_INFER,2,21.310554738000064,3.95136
STAGE_MODEL_INFER,2,21.364725497001928,3.91104
STAGE_MODEL_INFER,2,21.418894048001675,3.95136
STAGE_MODEL_INFER,2,21.473018813001545,3.95136
STAGE_MODEL_INFER,2,21.527190691002033,3.91104
STAGE_MODEL_INFER,2,21.581423978001112,3.95136
STAGE_MODEL_INFER,2,21.635612679001497,3.91104
STAGE_MODEL_INFER,2,21.689790825999808,3.95136
STAGE_MODEL_INFER,2,21.744211412002187,3.95136
STAGE_MODEL_INFER,2,21.798645530001522,3.91104
STAGE_MODEL_INFER,2,21.853361779001716,3.95136
STAGE_MODEL_INFER,2,21.907646628002112,3.95136
STAGE_MODEL_INFER,2,21.962015403001715,3.95136
STAGE_MODEL_INFER,2,22.016246135000983,3.95136
STAGE_MODEL_INFER,2,22.070442036001623,3.95136
STAGE_MODEL_INFER,2,22.124685562001105,3.95136
STAGE_MODEL_INFER,2,22.178900494000118,3.95136
STAGE_MODEL_INFER,2,22.233109348999278,3.91104
STAGE_MODEL_INFER,2,22.287328534999688,3.95136
STAGE_MODEL_INFER,2,22.341486854998948,3.95136
STAGE_MODEL_INFER,2,22.395742311000504,3.91104
STAGE_MODEL_INFER,2,22.449874181002087,3.95136
STAGE_MODEL_INFER,2,22.504067682999448,3.95136
STAGE_MODEL_INFER,2,22.55887073700069,3.95136
STAGE_MODEL_INFER,2,22.61303772500105,3.95136
STAGE_MODEL_INFER,2,22.66718472299908,3.91104
STAGE_MODEL_INFER,2,22.721338884999568,3.95136
STAGE_MODEL_INFER,2,22.77550197399978,3.95136
STAGE_MODEL_INFER,2,22.82967366700177,3.91104
STAGE_MODEL_INFER,2,22.883868836001056,3.95136
STAGE_MODEL_INFER,2,22.93833279899991,3.95136
STAGE_MODEL_INFER,2,22.992631596000138,3.95136
STAGE_MODEL_INFER,2,23.046845828001096,3.95136
STAGE_MODEL_INFER,2,23.101081777000218,3.91104
STAGE_MODEL_INFER,2,23.155355466999026,3.95136
STAGE_MODEL_INFER,2,23.209498950000125,3.99168
STAGE_MODEL_INFER,2,23.263678799001354,3.95136
STAGE_MODEL_INFER,2,23.317845405999833,3.95136
STAGE_MODEL_INFER,2,23.372042686001805,3.95136
STAGE_MODEL_INFER,2,23.426240510001662,3.95136
STAGE_MODEL_INFER,2,23.480422373999318,3.95136
STAGE_MODEL_INFER,2,23.534713879002084,3.95136
STAGE_MODEL_INFER,2,23.58901587500077,3.95136
STAGE_MODEL_INFER,2,23.643170169001678,3.99168
STAGE_MODEL_INFER,2,23.697333322001214,3.95136
STAGE_MODEL_INFER,2,23.751501337999798,3.95136
STAGE_MODEL_INFER,2,23.805680294000922,3.95136
STAGE_MODEL_INFER,2,23.85987498599934,3.95136
STAGE_MODEL_INFER,2,23.91403587199966,3.99168
STAGE_MODEL_INFER,2,23.96851598899957,3.95136
STAGE_MODEL_INFER,2,24.02277513000081,3.95136
STAGE_MODEL_INFER,2,24.076997936001135,3.99168
STAGE_MODEL_INFER,2,24.13125221500013,3.95136
STAGE_MODEL_INFER,2,24.18551199400099,3.95136
STAGE_MODEL_INFER,2,24.239705280000635,3.99168
STAGE_MODEL_INFER,2,24.293894055001147,3.95136
STAGE_MODEL_INFER,2,24.34812994299864,3.99168
STAGE_MODEL_INFER,2,24.402403124000557,3.95136
STAGE_MODEL_INFER,2,24.456609553999442,3.95136
STAGE_MODEL_INFER,2,24.510780707001686,3.99168
STAGE_MODEL_INFER,2,24.565019729001506,3.95136
STAGE_MODEL_INFER,2,24.61924000900035,3.95136
STAGE_MODEL_INFER,2,24.67342891199951,3.99168
STAGE_MODEL_INFER,2,24.727638509000826,3.95136
STAGE_MODEL_INFER,2,24.78180080400125,3.99168
STAGE_MODEL_INFER,2,24.835988718001317,3.95136
STAGE_MODEL_INFER,2,24.890272649001417,3.95136
STAGE_MODEL_INFER,2,24.94453457399868,3.99168
STAGE_MODEL_INFER,2,25.000391157002014,3.95136
STAGE_MODEL_INFER,2,25.05493431799914,3.99168
STAGE_MODEL_INFER,2,25.109588239000004,3.99168
STAGE_MODEL_INFER,2,25.163767038000515,3.95136
STAGE_MODEL_INFER,2,25.217910175000725,3.99168
STAGE_MODEL_INFER,2,25.272070423001423,3.99168
STAGE_MODEL_INFER,2,25.326250052999967,3.95136
STAGE_MODEL_INFER,2,25.38040045100206,3.99168
STAGE_MODEL_INFER,2,25.434529514001042,3.95136
STAGE_MODEL_INFER,2,25.48883362700144,3.95136
STAGE_MODEL_INFER,2,25.543050838001363,3.99168
STAGE_MODEL_INFER,2,25.59866063300069,3.95136
STAGE_MODEL_INFER,2,25.65290464699865,3.95136
STAGE_MODEL_INFER,2,25.70708005599954,3.99168
STAGE_MODEL_INFER,2,25.761330436998833,3.95136
STAGE_MODEL_INFER,2,25.8154724240012,3.99168
STAGE_MODEL_INFER,2,25.869705437999073,3.95136
STAGE_MODEL_INFER,2,25.923965415000566,3.95136
STAGE_MODEL_INFER,2,25.97812860799968,3.99168
STAGE_MODEL_INFER,2,26.03229906100023,3.95136
STAGE_MODEL_INFER,2,26.086558269998932,3.99168
STAGE_MODEL_INFER,2,26.14074327599883,3.99168
STAGE_MODEL_INFER,2,26.19625030899988,3.95136
STAGE_MODEL_INFER,2,26.25041004800005,3.99168
STAGE_MODEL_INFER,2,26.305266653998842,3.95136
STAGE_MODEL_INFER,2,26.359517930999573,3.95136
STAGE_MODEL_INFER,2,26.41439475000152,3.99168
STAGE_MODEL_INFER,2,26.468567218998942,3.95136
STAGE_MODEL_INFER,2,26.522767960999772,3.95136
STAGE_MODEL_INFER,2,26.577028321000398,3.99168
STAGE_MODEL_INFER,2,26.631665517001238,3.95136
STAGE_MODEL_INFER,2,26.685894468999322,3.95136
STAGE_MODEL_INFER,2,26.74050169700058,3.99168
STAGE_MODEL_INFER,2,26.79478835000191,3.95136
STAGE_MODEL_INFER,2,26.84900998000012,3.95136
STAGE_MODEL_INFER,2,26.905220630000258,3.95136
STAGE_MODEL_INFER,2,26.95973392200176,3.95136
STAGE_MODEL_INFER,2,27.01430715099923,3.99168
STAGE_MODEL_INFER,2,27.069297516001825,3.95136
STAGE_MODEL_INFER,2,27.123592005998944,3.95136
STAGE_MODEL_INFER,2,27.178131205000682,3.99168
STAGE_MODEL_INFER,2,27.233217394001258,3.95136
STAGE_MODEL_INFER,2,27.288122616999317,3.95136
STAGE_MODEL_INFER,2,27.34341791800034,3.99168
STAGE_MODEL_INFER,2,27.397633406999375,3.95136
STAGE_MODEL_INFER,2,27.451790621002147,3.95136
STAGE_MODEL_INFER,2,27.50598231299955,3.95136
STAGE_MODEL_INFER,2,27.560212003001652,3.95136
STAGE_MODEL_INFER,2,27.614381307001167,3.95136
STAGE_MODEL_INFER,2,27.66855243399914,3.95136
STAGE_MODEL_INFER,2,27.72273050199874,3.95136
STAGE_MODEL_INFER,2,27.77691931699883,3.99168
STAGE_MODEL_INFER,2,27.831103560001793,3.95136
STAGE_MODEL_INFER,2,27.885327973999665,3.95136
STAGE_MODEL_INFER,2,27.939571898001304,3.95136
STAGE_MODEL_INFER,2,27.99384112199914,3.95136
STAGE_MODEL_INFER,2,28.04803156900016,3.99168
STAGE_MODEL_INFER,2,28.102266154000972,3.95136
STAGE_MODEL_INFER,2,28.15648404300009,3.95136
STAGE_MODEL_INFER,2,28.21065370100041,3.99168
STAGE_MODEL_INFER,2,28.26481529800003,3.95136
STAGE_MODEL_INFER,2,28.319053017999977,3.95136
STAGE_MODEL_INFER,2,28.373235021001165,3.95136
STAGE_MODEL_INFER,2,28.42738456100051,3.95136
STAGE_MODEL_INFER,2,28.481561479002266,3.95136
STAGE_MODEL_INFER,2,28.53579085000092,3.95136
STAGE_MODEL_INFER,2,28.59007318699878,3.95136
STAGE_MODEL_INFER,2,28.644234625000536,3.95136
STAGE_MODEL_INFER,2,28.698865172002115,3.91104
STAGE_MODEL_INFER,2,28.753097134998825,3.95136
STAGE_MODEL_INFER,2,28.80772096600049,3.95136
STAGE_MODEL_INFER,2,28.86190137200174,3.95136
STAGE_MODEL_INFER,2,28.916102855000645,3.95136
STAGE_MODEL_INFER,2,28.97030478600209,3.95136
STAGE_MODEL_INFER,2,29.02448468000148,3.95136
STAGE_MODEL_INFER,2,29.078675672000827,3.95136
STAGE_MODEL_INFER,2,29.132829019999917,3.91104
STAGE_MODEL_INFER,2,29.18732328400074,3.95136
STAGE_MODEL_INFER,2,29.24163773500186,3.95136
STAGE_MODEL_INFER,2,29.296552109000913,3.91104
STAGE_MODEL_INFER,2,29.352356277999206,3.95136
STAGE_MODEL_INFER,2,29.406784880000487,3.95136
STAGE_MODEL_INFER,2,29.46219353500055,3.91104
STAGE_MODEL_INFER,2,29.51642303599874,3.95136
STAGE_MODEL_INFER,2,29.570637600001646,3.91104
STAGE_MODEL_INFER,2,29.625079923000158,3.95136
STAGE_MODEL_INFER,2,29.67966249500023,3.95136
STAGE_MODEL_INFER,2,29.734227508000913,3.91104
STAGE_MODEL_INFER,2,29.789618221999262,3.95136
STAGE_MODEL_INFER,2,29.843858022999484,3.95136
STAGE_MODEL_INFER,2,29.898107164000976,3.91104
STAGE_MODEL_INFER,2,29.952341943000647,3.95136
STAGE_MODEL_THRESHOLD,2,0.0007143619986891281,3.91104
STAGE_MODEL_THRESHOLD,2,0.05509799499850487,3.91104
STAGE_MODEL_THRESHOLD,2,0.10934131499743671,3.95136
STAGE_MODEL_THRESHOLD,2,0.16360468799757655,3.91104
STAGE_MODEL_THRESHOLD,2,0.21781023499715957,3.95136
STAGE_MODEL_THRESHOLD,2,0.2719874109970988,3.95136
STAGE_MODEL_THRESHOLD,2,0.32619884299856494,3.91104
STAGE_MODEL_THRESHOLD,2,0.3803934509996907,3.95136
STAGE_MODEL_THRESHOLD,2,0.4345701799975359,3.91104
STAGE_MODEL_THRESHOLD,2,0.4888255890000437,3.91104
STAGE_MODEL_THRESHOLD,2,0.5431397529973765,3.95136
STAGE_MODEL_THRESHOLD,2,0.5973624750004092,3.91104
STAGE_MODEL_THRESHOLD,2,0.6515400989992486,3.95136
STAGE_MODEL_THRESHOLD,2,0.7057581509980082,3.95136
STAGE_MODEL_THRESHOLD,2,0.7599996809985896,3.91104
STAGE_MODEL_THRESHOLD,2,0.8141604189986538,3.95136
STAGE_MODEL_THRESHOLD,2,0.8684212339976511,3.91104
STAGE_MODEL_THRESHOLD,2,0.9226375929974893,3.91104
STAGE_MODEL_THRESHOLD,2,0.9768149619994801,3.95136
STAGE_MODEL_THRESHOLD,2,1.0310020229990187,3.91104
STAGE_MODEL_THRESHOLD,2,1.085150254999462,3.95136
STAGE_MODEL_THRESHOLD,2,1.139512683999783,3.95136
STAGE_MODEL_THRESHOLD,2,1.1937665279983776,3.91104
STAGE_MODEL_THRESHOLD,2,1.2479680449978332,3.95136
STAGE_MODEL_THRESHOLD,2,1.3022333389999403,3.91104
STAGE_MODEL_THRESHOLD,2,1.3564761799971166,3.95136
STAGE_MODEL_THRESHOLD,2,1.4106201260001399,3.95136
STAGE_MODEL_THRESHOLD,2,1.4647836149997602,3.91104
STAGE_MODEL_THRESHOLD,2,1.5190104639987112,3.95136
STAGE_MODEL_THRESHOLD,2,1.5732467159978114,3.95136
STAGE_MODEL_THRESHOLD,2,1.627424884998618,3.95136
STAGE_MODEL_THRESHOLD,2,1.6815789379979833,3.95136
STAGE_MODEL_THRESHOLD,2,1.7358018220002123,3.91104
STAGE_MODEL_THRESHOLD,2,1.7900008769975102,3.95136
STAGE_MODEL_THRESHOLD,2,1.8441304640000453,3.95136
STAGE_MODEL_THRESHOLD,2,1.8983609599999909,3.91104
STAGE_MODEL_THRESHOLD,2,1.9527109159971587,3.95136
STAGE_MODEL_THRESHOLD,2,2.00689196500025,3.95136
STAGE_MODEL_THRESHOLD,2,2.061106020999432,3.95136
STAGE_MODEL_THRESHOLD,2,2.115250032999029,3.95136
STAGE_MODEL_THRESHOLD,2,2.1696526349987835,3.95136
STAGE_MODEL_THRESHOLD,2,2.2238991869999154,3.95136
STAGE_MODEL_THRESHOLD,2,2.2781053429971507,3.99168
STAGE_MODEL_THRESHOLD,2,2.332253895998292,3.95136
STAGE_MODEL_THRESHOLD,2,2.386581335998926,3.95136
STAGE_MODEL_THRESHOLD,2,2.4407575229997747,3.99168
STAGE_MODEL_THRESHOLD,2,2.494984597000439,3.95136
STAGE_MODEL_THRESHOLD,2,2.5491979489997902,3.95136
STAGE_MODEL_THRESHOLD,2,2.6033991479998804,3.95136
STAGE_MODEL_THRESHOLD,2,2.657584450997092,3.95136
STAGE_MODEL_THRESHOLD,2,2.7118583169976773,3.99168
STAGE_MODEL_THRESHOLD,2,2.7660460189981677,3.95136
STAGE_MODEL_THRESHOLD,2,2.8202510890005215,3.95136
STAGE_MODEL_THRESHOLD,2,2.874505797997699,3.99168
STAGE_MODEL_THRESHOLD,2,2.9287929389975034,3.95136
STAGE_MODEL_THRESHOLD,2,2.9829438909982855,3.95136
STAGE_MODEL_THRESHOLD,2,3.037104310998984,3.95136
STAGE_MODEL_THRESHOLD,2,3.0912702009991335,3.95136
STAGE_MODEL_THRESHOLD,2,3.145488927999395,3.99168
STAGE_MODEL_THRESHOLD,2,3.199910336999892,3.95136
STAGE_MODEL_THRESHOLD,2,3.2543323539975972,3.95136
STAGE_MODEL_THRESHOLD,2,3.308568607997586,3.99168
STAGE_MODEL_THRESHOLD,2,3.362852901998849,3.95136
STAGE_MODEL_THRESHOLD,2,3.4170328010004596,3.99168
STAGE_MODEL_THRESHOLD,2,3.4712059179983044,3.95136
STAGE_MODEL_THRESHOLD,2,3.5253995379971457,3.95136
STAGE_MODEL_THRESHOLD,2,3.579582283000491,3.99168
STAGE_MODEL_THRESHOLD,2,3.6337746549979784,3.95136
STAGE_MODEL_THRESHOLD,2,3.6880431809986476,3.95136
STAGE_MODEL_THRESHOLD,2,3.74218492199725,3.99168
STAGE_MODEL_THRESHOLD,2,3.79639750899878,3.95136
STAGE_MODEL_THRESHOLD,2,3.850561576000473,3.99168
STAGE_MODEL_THRESHOLD,2,3.9047289049995015,3.95136
STAGE_MODEL_THRESHOLD,2,3.9588869269973657,3.95136
STAGE_MODEL_THRESHOLD,2,4.013034809999226,3.99168
STAGE_MODEL_THRESHOLD,2,4.0672059139978955,3.95136
STAGE_MODEL_THRESHOLD,2,4.121341418998782,3.95136
STAGE_MODEL_THRESHOLD,2,4.175514409998868,3.99168
STAGE_MODEL_THRESHOLD,2,4.229911479997099,3.95136
STAGE_MODEL_THRESHOLD,2,4.284106635997887,3.99168
STAGE_MODEL_THRESHOLD,2,4.338344073999906,3.95136
STAGE_MODEL_THRESHOLD,2,4.392511914997158,3.95136
STAGE_MODEL_THRESHOLD,2,4.446643901999778,3.99168
STAGE_MODEL_THRESHOLD,2,4.500804770999821,3.95136
STAGE_MODEL_THRESHOLD,2,4.554968741998891,3.95136
STAGE_MODEL_THRESHOLD,2,4.609102455997345,3.99168
STAGE_MODEL_THRESHOLD,2,4.663290030999633,3.95136
STAGE_MODEL_THRESHOLD,2,4.717439640997327,3.95136
STAGE_MODEL_THRESHOLD,2,4.7716138799987675,3.95136
STAGE_MODEL_THRESHOLD,2,4.825788565998664,3.95136
STAGE_MODEL_THRESHOLD,2,4.879939423997712,3.99168
STAGE_MODEL_THRESHOLD,2,4.934119739999005,3.95136
STAGE_MODEL_THRESHOLD,2,4.98838126299961,3.95136
STAGE_MODEL_THRESHOLD,2,5.042521215000306,3.99168
STAGE_MODEL_THRESHOLD,2,5.096724046998133,3.95136
STAGE_MODEL_THRESHOLD,2,5.150863454997307,3.95136
STAGE_MODEL_THRESHOLD,2,5.20503900499898,3.95136
STAGE_MODEL_THRESHOLD,2,5.259381158997712,3.95136
STAGE_MODEL_THRESHOLD,2,5.313725616997544,3.99168
STAGE_MODEL_THRESHOLD,2,5.367913224999938,3.95136
STAGE_MODEL_THRESHOLD,2,5.422184022998408,3.95136
STAGE_MODEL_THRESHOLD,2,5.476451590999204,3.99168
STAGE_MODEL_THRESHOLD,2,5.530767582000408,3.95136
STAGE_MODEL_THRESHOLD,2,5.584950296997704,3.95136
STAGE_MODEL_THRESHOLD,2,5.6391488749977725,3.95136
STAGE_MODEL_THRESHOLD,2,5.693345629999385,3.95136
STAGE_MODEL_THRESHOLD,2,5.747505987998011,3.95136
STAGE_MODEL_THRESHOLD,2,5.801718511997024,3.95136
STAGE_MODEL_THRESHOLD,2,5.855902601997514,3.95136
STAGE_MODEL_THRESHOLD,2,5.9101502769990475,3.99168
STAGE_MODEL_THRESHOLD,2,5.964403324996965,3.95136
STAGE_MODEL_THRESHOLD,2,6.018654260999028,3.95136
STAGE_MODEL_THRESHOLD,2,6.072816698997485,3.95136
STAGE_MODEL_THRESHOLD,2,6.127040352999757,3.95136
STAGE_MODEL_THRESHOLD,2,6.181190187999164,3.95136
STAGE_MODEL_THRESHOLD,2,6.235406294999848,3.95136
STAGE_MODEL_THRESHOLD,2,6.289642070998525,3.95136
STAGE_MODEL_THRESHOLD,2,6.343804508000176,3.99168
STAGE_MODEL_THRESHOLD,2,6.397994834998826,3.95136
STAGE_MODEL_THRESHOLD,2,6.452208574999531,3.95136
STAGE_MODEL_THRESHOLD,2,6.506390745998942,3.95136
STAGE_MODEL_THRESHOLD,2,6.560632374999841,3.95136
STAGE_MODEL_THRESHOLD,2,6.614813650998258,3.95136
STAGE_MODEL_THRESHOLD,2,6.669025887000316,3.95136
STAGE_MODEL_THRESHOLD,2,6.723241864998272,3.95136
STAGE_MODEL_THRESHOLD,2,6.777439645000413,3.95136
STAGE_MODEL_THRESHOLD,2,6.83167043299909,3.91104
STAGE_MODEL_THRESHOLD,2,6.8861027829989325,3.95136
STAGE_MODEL_THRESHOLD,2,6.940393987999414,3.95136
STAGE_MODEL_THRESHOLD,2,6.995131561998278,3.91104
STAGE_MODEL_THRESHOLD,2,7.049322816998028,3.95136
STAGE_MODEL_THRESHOLD,2,7.1034927389991935,3.95136
STAGE_MODEL_THRESHOLD,2,7.157683610999811,3.95136
STAGE_MODEL_THRESHOLD,2,7.211851932999707,3.95136
STAGE_MODEL_THRESHOLD,2,7.266290776999085,3.91104
STAGE_MODEL_THRESHOLD,2,7.320659638997313,3.95136
STAGE_MODEL_THRESHOLD,2,7.374918379999144,3.95136
STAGE_MODEL_THRESHOLD,2,7.429117822997796,3.95136
STAGE_MODEL_THRESHOLD,2,7.483262637997541,3.95136
STAGE_MODEL_THRESHOLD,2,7.537438540999574,3.95136
STAGE_MODEL_THRESHOLD,2,7.591612939999322,3.95136
STAGE_MODEL_THRESHOLD,2,7.645762009000464,3.95136
STAGE_MODEL_THRESHOLD,2,7.699915842000337,3.91104
STAGE_MODEL_THRESHOLD,2,7.754109240999242,3.95136
STAGE_MODEL_THRESHOLD,2,7.808303791000071,3.99168
STAGE_MODEL_THRESHOLD,2,7.863046354999824,3.95136
STAGE_MODEL_THRESHOLD,2,7.917504420998739,3.99168
STAGE_MODEL_THRESHOLD,2,7.971844177998719,3.99168
STAGE_MODEL_THRESHOLD,2,8.027435980999144,3.95136
STAGE_MODEL_THRESHOLD,2,8.081722356997489,3.99168
STAGE_MODEL_THRESHOLD,2,8.136032432998036,3.95136
STAGE_MODEL_THRESHOLD,2,8.19037877899973,3.95136
STAGE_MODEL_THRESHOLD,2,8.244659525997122,3.99168
STAGE_MODEL_THRESHOLD,2,8.299048474997107,3.95136
STAGE_MODEL_THRESHOLD,2,8.353546360998735,3.95136
STAGE_MODEL_THRESHOLD,2,8.40781396300008,3.99168
STAGE_MODEL_THRESHOLD,2,8.462044334999518,3.95136
STAGE_MODEL_THRESHOLD,2,8.51621393700043,3.95136
STAGE_MODEL_THRESHOLD,2,8.570678336000128,3.95136
STAGE_MODEL_THRESHOLD,2,8.624996791997546,3.95136
STAGE_MODEL_THRESHOLD,2,8.679260778997559,3.95136
STAGE_MODEL_THRESHOLD,2,8.733570375999989,3.91104
STAGE_MODEL_THRESHOLD,2,8.788398944998335,3.95136
STAGE_MODEL_THRESHOLD,2,8.842588346000412,3.95136
STAGE_MODEL_THRESHOLD,2,8.89683403899835,3.91104
STAGE_MODEL_THRESHOLD,2,8.950969162997353,3.95136
STAGE_MODEL_THRESHOLD,2,9.005793093998363,3.95136
STAGE_MODEL_THRESHOLD,2,9.06009850099872,3.91104
STAGE_MODEL_THRESHOLD,2,9.114305972998409,3.95136
STAGE_MODEL_THRESHOLD,2,9.16858502499963,3.91104
STAGE_MODEL_THRESHOLD,2,9.22282547299983,3.91104
STAGE_MODEL_THRESHOLD,2,9.277046281997173,3.95136
STAGE_MODEL_THRESHOLD,2,9.331327124997188,3.91104
STAGE_MODEL_THRESHOLD,2,9.385775659997307,3.95136
STAGE_MODEL_THRESHOLD,2,9.440130355000292,3.95136
STAGE_MODEL_THRESHOLD,2,9.49435922399789,3.91104
STAGE_MODEL_THRESHOLD,2,9.54860600399843,3.95136
STAGE_MODEL_THRESHOLD,2,9.60282454299886,3.91104
STAGE_MODEL_THRESHOLD,2,9.657110951000504,3.91104
STAGE_MODEL_THRESHOLD,2,9.711284424000041,3.95136
STAGE_MODEL_THRESHOLD,2,9.765457097997569,3.91104
STAGE_MODEL_THRESHOLD,2,9.819699304000096,3.91104
STAGE_MODEL_THRESHOLD,2,9.873924431998603,3.95136
STAGE_MODEL_THRESHOLD,2,9.928116327999305,3.91104
STAGE_MODEL_THRESHOLD,2,9.982269202999305,3.95136
STAGE_MODEL_THRESHOLD,2,10.036452399999689,3.91104
STAGE_MODEL_THRESHOLD,2,10.090648069999588,3.91104
STAGE_MODEL_THRESHOLD,2,10.144788759997027,3.95136
STAGE_MODEL_THRESHOLD,2,10.198962328999187,3.91104
STAGE_MODEL_THRESHOLD,2,10.253258748998633,3.91104
STAGE_MODEL_THRESHOLD,2,10.307418116997724,3.95136
STAGE_MODEL_THRESHOLD,2,10.361773706998065,3.91104
STAGE_MODEL_THRESHOLD,2,10.415936178000265,3.95136
STAGE_MODEL_THRESHOLD,2,10.470140547997289,3.91104
STAGE_MODEL_THRESHOLD,2,10.524437382999167,3.91104
STAGE_MODEL_THRESHOLD,2,10.578714932998992,3.95136
STAGE_MODEL_THRESHOLD,2,10.632904430000053,3.91104
STAGE_MODEL_THRESHOLD,2,10.687231457999587,3.91104
STAGE_MODEL_THRESHOLD,2,10.741394312997727,3.95136
STAGE_MODEL_THRESHOLD,2,10.795630155000254,3.91104
STAGE_MODEL_THRESHOLD,2,10.84980634800013,3.95136
STAGE_MODEL_THRESHOLD,2,10.90410148799856,3.91104
STAGE_MODEL_THRESHOLD,2,10.958312958999159,3.91104
STAGE_MODEL_THRESHOLD,2,11.012534823999886,3.95136
STAGE_MODEL_THRESHOLD,2,11.066748021999956,3.91104
STAGE_MODEL_THRESHOLD,2,11.121058450997225,3.91104
STAGE_MODEL_THRESHOLD,2,11.175197093998577,3.95136
STAGE_MODEL_THRESHOLD,2,11.229404630998033,3.91104
STAGE_MODEL_THRESHOLD,2,11.283560416999535,3.95136
STAGE_MODEL_THRESHOLD,2,11.337822741999844,3.91104
STAGE_MODEL_THRESHOLD,2,11.392117786999734,3.91104
STAGE_MODEL_THRESHOLD,2,11.44625751700005,3.95136
STAGE_MODEL_THRESHOLD,2,11.500461663999886,3.91104
STAGE_MODEL_THRESHOLD,2,11.554791250997368,3.95136
STAGE_MODEL_THRESHOLD,2,11.608947676999378,3.95136
STAGE_MODEL_THRESHOLD,2,11.663134007998451,3.91104
STAGE_MODEL_THRESHOLD,2,11.717274473998259,3.95136
STAGE_MODEL_THRESHOLD,2,11.771474206998391,3.91104
STAGE_MODEL_THRESHOLD,2,11.825729111998953,3.91104
STAGE_MODEL_THRESHOLD,2,11.879898748000414,3.95136
STAGE_MODEL_THRESHOLD,2,11.934127521999471,3.91104
STAGE_MODEL_THRESHOLD,2,11.988426244999573,3.91104
STAGE_MODEL_THRESHOLD,2,12.042625946000044,3.95136
STAGE_MODEL_THRESHOLD,2,12.096803737997107,3.91104
STAGE_MODEL_THRESHOLD,2,12.150973564999731,3.95136
STAGE_MODEL_THRESHOLD,2,12.205135525000514,3.91104
STAGE_MODEL_THRESHOLD,2,12.259319169999799,3.91104
STAGE_MODEL_THRESHOLD,2,12.31347729099798,3.95136
STAGE_MODEL_THRESHOLD,2,12.367770128999837,3.91104
STAGE_MODEL_THRESHOLD,2,12.422161381997284,3.91104
STAGE_MODEL_THRESHOLD,2,12.476362553999934,3.95136
STAGE_MODEL_THRESHOLD,2,12.530627341999207,3.91104
STAGE_MODEL_THRESHOLD,2,12.584816807997413,3.95136
STAGE_MODEL_THRESHOLD,2,12.639013438998518,3.95136
STAGE_MODEL_THRESHOLD,2,12.693209332999686,3.91104
STAGE_MODEL_THRESHOLD,2,12.747372379999433,3.95136
STAGE_MODEL_THRESHOLD,2,12.801567507998698,3.91104
STAGE_MODEL_THRESHOLD,2,12.855873682998208,3.91104
STAGE_MODEL_THRESHOLD,2,12.91011531500044,3.95136
STAGE_MODEL_THRESHOLD,2,12.96429863999947,3.91104
STAGE_MODEL_THRESHOLD,2,13.018613003998325,3.95136
STAGE_MODEL_THRESHOLD,2,13.072781520997523,3.95136
STAGE_MODEL_THRESHOLD,2,13.1269718179974,3.91104
STAGE_MODEL_THRESHOLD,2,13.181132595000236,3.95136
STAGE_MODEL_THRESHOLD,2,13.235291355998925,3.91104
STAGE_MODEL_THRESHOLD,2,13.289499148999312,3.91104
STAGE_MODEL_THRESHOLD,2,13.343778681999538,3.95136
STAGE_MODEL_THRESHOLD,2,13.397969426998316,3.91104
STAGE_MODEL_THRESHOLD,2,13.452260026999284,3.95136
STAGE_MODEL_THRESHOLD,2,13.506705012998282,3.95136
STAGE_MODEL_THRESHOLD,2,13.560920289997739,3.91104
STAGE_MODEL_THRESHOLD,2,13.615079404000426,3.95136
STAGE_MODEL_THRESHOLD,2,13.669790944997658,3.91104
STAGE_MODEL_THRESHOLD,2,13.724020933997963,3.91104
STAGE_MODEL_THRESHOLD,2,13.778223001998413,3.95136
STAGE_MODEL_THRESHOLD,2,13.83334083599766,3.91104
STAGE_MODEL_THRESHOLD,2,13.888362589997996,3.95136
STAGE_MODEL_THRESHOLD,2,13.942786083000101,3.95136
STAGE_MODEL_THRESHOLD,2,13.99697698899763,3.91104
STAGE_MODEL_THRESHOLD,2,14.051159578997613,3.95136
STAGE_MODEL_THRESHOLD,2,14.105549136998889,3.95136
STAGE_MODEL_THRESHOLD,2,14.159819873999368,3.91104
STAGE_MODEL_THRESHOLD,2,14.21457935899889,3.95136
STAGE_MODEL_THRESHOLD,2,14.268814530998498,3.91104
STAGE_MODEL_THRESHOLD,2,14.32306774099925,3.95136
STAGE_MODEL_THRESHOLD,2,14.377476745998138,3.95136
STAGE_MODEL_THRESHOLD,2,14.43198010299966,3.91104
STAGE_MODEL_THRESHOLD,2,14.486403499999142,3.95136
STAGE_MODEL_THRESHOLD,2,14.540652040999703,3.95136
STAGE_MODEL_THRESHOLD,2,14.59485036699698,3.95136
STAGE_MODEL_THRESHOLD,2,14.64902499299933,3.95136
STAGE_MODEL_THRESHOLD,2,14.703231857998617,3.95136
STAGE_MODEL_THRESHOLD,2,14.757448606997059,3.95136
STAGE_MODEL_THRESHOLD,2,14.812919063999288,3.95136
STAGE_MODEL_THRESHOLD,2,14.867180270997778,3.91104
STAGE_MODEL_THRESHOLD,2,14.92146303499976,3.95136
STAGE_MODEL_THRESHOLD,2,14.975599760000478,3.95136
STAGE_MODEL_THRESHOLD,2,15.029789289998007,3.95136
STAGE_MODEL_THRESHOLD,2,15.08572466699843,3.95136
STAGE_MODEL_THRESHOLD,2,15.140033625997603,3.95136
STAGE_MODEL_THRESHOLD,2,15.194307977999415,3.95136
STAGE_MODEL_THRESHOLD,2,15.248477837998507,3.95136
STAGE_MODEL_THRESHOLD,2,15.302648657998361,3.91104
STAGE_MODEL_THRESHOLD,2,15.356907305998902,3.95136
STAGE_MODEL_THRESHOLD,2,15.4111167939991,3.95136
STAGE_MODEL_THRESHOLD,2,15.465339075999509,3.95136
STAGE_MODEL_THRESHOLD,2,15.51978038499874,3.95136
STAGE_MODEL_THRESHOLD,2,15.573977526997623,3.99168
STAGE_MODEL_THRESHOLD,2,15.628153080997436,3.95136
STAGE_MODEL_THRESHOLD,2,15.682342771000549,3.95136
STAGE_MODEL_THRESHOLD,2,15.736534316998586,3.95136
STAGE_MODEL_THRESHOLD,2,15.790701074998651,3.95136
STAGE_MODEL_THRESHOLD,2,15.844821552000212,3.95136
STAGE_MODEL_THRESHOLD,2,15.89899755299848,3.95136
STAGE_MODEL_THRESHOLD,2,15.953248300997075,3.95136
STAGE_MODEL_THRESHOLD,2,16.007373927997833,3.99168
STAGE_MODEL_THRESHOLD,2,16.062349464998988,3.95136
STAGE_MODEL_THRESHOLD,2,16.116525209999963,3.95136
STAGE_MODEL_THRESHOLD,2,16.170682501000556,3.95136
STAGE_MODEL_THRESHOLD,2,16.224865730997408,3.95136
STAGE_MODEL_THRESHOLD,2,16.279025867999735,3.99168
STAGE_MODEL_THRESHOLD,2,16.333186964999186,3.95136
STAGE_MODEL_THRESHOLD,2,16.387348189997283,3.95136
STAGE_MODEL_THRESHOLD,2,16.441499819000455,3.99168
STAGE_MODEL_THRESHOLD,2,16.495893471997988,3.95136
STAGE_MODEL_THRESHOLD,2,16.550053352999385,3.99168
STAGE_MODEL_THRESHOLD,2,16.60426223399918,3.95136
STAGE_MODEL_THRESHOLD,2,16.658466316999693,3.95136
STAGE_MODEL_THRESHOLD,2,16.712640399997326,3.99168
STAGE_MODEL_THRESHOLD,2,16.76684016499712,3.95136
STAGE_MODEL_THRESHOLD,2,16.821135178997793,3.95136
STAGE_MODEL_THRESHOLD,2,16.875282362998405,3.99168
STAGE_MODEL_THRESHOLD,2,16.92963907399826,3.95136
STAGE_MODEL_THRESHOLD,2,16.983836408999196,3.99168
STAGE_MODEL_THRESHOLD,2,17.038006460999895,3.95136
STAGE_MODEL_THRESHOLD,2,17.09219474499696,3.95136
STAGE_MODEL_THRESHOLD,2,17.146358464000514,3.99168
STAGE_MODEL_THRESHOLD,2,17.200517290999414,3.95136
STAGE_MODEL_THRESHOLD,2,17.254818412999157,3.95136
STAGE_MODEL_THRESHOLD,2,17.30902575899745,3.99168
STAGE_MODEL_THRESHOLD,2,17.363203839999187,3.95136
STAGE_MODEL_THRESHOLD,2,17.417375490997074,3.99168
STAGE_MODEL_THRESHOLD,2,17.471551268998155,3.99168
STAGE_MODEL_THRESHOLD,2,17.525866880998365,3.95136
STAGE_MODEL_THRESHOLD,2,17.580035013997986,3.99168
STAGE_MODEL_THRESHOLD,2,17.63444878500013,3.95136
STAGE_MODEL_THRESHOLD,2,17.688664157998574,3.95136
STAGE_MODEL_THRESHOLD,2,17.74281620399779,3.99168
STAGE_MODEL_THRESHOLD,2,17.797023229999468,3.95136
STAGE_MODEL_THRESHOLD,2,17.851165903997753,3.99168
STAGE_MODEL_THRESHOLD,2,17.905334486000356,3.95136
STAGE_MODEL_THRESHOLD,2,17.95960093800022,3.95136
STAGE_MODEL_THRESHOLD,2,18.013762802998826,3.99168
STAGE_MODEL_THRESHOLD,2,18.06791513599819,3.95136
STAGE_MODEL_THRESHOLD,2,18.122094623999146,3.95136
STAGE_MODEL_THRESHOLD,2,18.17622981399836,3.99168
STAGE_MODEL_THRESHOLD,2,18.230410228999972,3.95136
STAGE_MODEL_THRESHOLD,2,18.28461386499839,3.99168
STAGE_MODEL_THRESHOLD,2,18.338770547998138,3.95136
STAGE_MODEL_THRESHOLD,2,18.392988321000303,3.95136
STAGE_MODEL_THRESHOLD,2,18.447116346997063,3.99168
STAGE_MODEL_THRESHOLD,2,18.501272901998163,3.95136
STAGE_MODEL_THRESHOLD,2,18.55563856899971,3.95136
STAGE_MODEL_THRESHOLD,2,18.609816297997895,3.99168
STAGE_MODEL_THRESHOLD,2,18.663974835999397,3.95136
STAGE_MODEL_THRESHOLD,2,18.718112937000114,3.95136
STAGE_MODEL_THRESHOLD,2,18.772256793999986,3.95136
STAGE_MODEL_THRESHOLD,2,18.82644437399722,3.95136
STAGE_MODEL_THRESHOLD,2,18.880609276999166,3.99168
STAGE_MODEL_THRESHOLD,2,18.93480917099805,3.95136
STAGE_MODEL_THRESHOLD,2,18.98908601799849,3.95136
STAGE_MODEL_THRESHOLD,2,19.043204992998653,3.99168
STAGE_MODEL_THRESHOLD,2,19.097344852998503,3.95136
STAGE_MODEL_THRESHOLD,2,19.151480266998988,3.95136
STAGE_MODEL_THRESHOLD,2,19.20561235399873,3.95136
STAGE_MODEL_THRESHOLD,2,19.25976104199799,3.95136
STAGE_MODEL_THRESHOLD,2,19.3138995579975,3.99168
STAGE_MODEL_THRESHOLD,2,19.368086433998542,3.95136
STAGE_MODEL_THRESHOLD,2,19.422400478997588,3.95136
STAGE_MODEL_THRESHOLD,2,19.476547119000315,3.99168
STAGE_MODEL_THRESHOLD,2,19.530768633998377,3.95136
STAGE_MODEL_THRESHOLD,2,19.585164365998935,3.99168
STAGE_MODEL_THRESHOLD,2,19.639315611999336,3.99168
STAGE_MODEL_THRESHOLD,2,19.69357880199823,3.95136
STAGE_MODEL_THRESHOLD,2,19.747781350997684,3.99168
STAGE_MODEL_THRESHOLD,2,19.80195057200035,3.95136
STAGE_MODEL_THRESHOLD,2,19.856109238997306,3.95136
STAGE_MODEL_THRESHOLD,2,19.91025626299961,3.99168
STAGE_MODEL_THRESHOLD,2,19.96444118799991,3.95136
STAGE_MODEL_THRESHOLD,2,20.018648757999472,3.95136
STAGE_MODEL_THRESHOLD,2,20.072802626997145,3.95136
STAGE_MODEL_THRESHOLD,2,20.127181886997278,3.95136
STAGE_MODEL_THRESHOLD,2,20.181470633000572,3.99168
STAGE_MODEL_THRESHOLD,2,20.235678171000473,3.95136
STAGE_MODEL_THRESHOLD,2,20.290153989997634,3.95136
STAGE_MODEL_THRESHOLD,2,20.34444593399894,3.99168
STAGE_MODEL_THRESHOLD,2,20.39863952700034,3.95136
STAGE_MODEL_THRESHOLD,2,20.452789045997633,3.95136
STAGE_MODEL_THRESHOLD,2,20.506969430000026,3.99168
STAGE_MODEL_THRESHOLD,2,20.56115470700024,3.95136
STAGE_MODEL_THRESHOLD,2,20.61546571299914,3.95136
STAGE_MODEL_THRESHOLD,2,20.669664455999737,3.95136
STAGE_MODEL_THRESHOLD,2,20.723795136000263,3.95136
STAGE_MODEL_THRESHOLD,2,20.777917020997847,3.99168
STAGE_MODEL_THRESHOLD,2,20.832079813997552,3.95136
STAGE_MODEL_THRESHOLD,2,20.88624925899785,3.95136
STAGE_MODEL_THRESHOLD,2,20.94041895999908,3.99168
STAGE_MODEL_THRESHOLD,2,20.994579960999545,3.95136
STAGE_MODEL_THRESHOLD,2,21.048743041999842,3.95136
STAGE_MODEL_THRESHOLD,2,21.102909575998638,3.95136
STAGE_MODEL_THRESHOLD,2,21.157109725998453,3.95136
STAGE_MODEL_THRESHOLD,2,21.211243636997096,3.95136
STAGE_MODEL_THRESHOLD,2,21.265407260998472,3.95136
STAGE_MODEL_THRESHOLD,2,21.31954584199775,3.95136
STAGE_MODEL_THRESHOLD,2,21.373714678997203,3.95136
STAGE_MODEL_THRESHOLD,2,21.427869539998937,3.95136
STAGE_MODEL_THRESHOLD,2,21.48200572099813,3.95136
STAGE_MODEL_THRESHOLD,2,21.536175965997245,3.95136
STAGE_MODEL_THRESHOLD,2,21.590366424999957,3.95136
STAGE_MODEL_THRESHOLD,2,21.64470599299966,3.95136
STAGE_MODEL_THRESHOLD,2,21.698880331998225,3.95136
STAGE_MODEL_THRESHOLD,2,21.753116175998002,3.95136
STAGE_MODEL_THRESHOLD,2,21.807251078000263,3.95136
STAGE_MODEL_THRESHOLD,2,21.86142845499853,3.95136
STAGE_MODEL_THRESHOLD,2,21.91556869899796,3.95136
STAGE_MODEL_THRESHOLD,2,21.96976155700031,3.91104
STAGE_MODEL_THRESHOLD,2,22.023919039998873,3.95136
STAGE_MODEL_THRESHOLD,2,22.078050071999314,3.95136
STAGE_MODEL_THRESHOLD,2,22.132210849998955,3.91104
STAGE_MODEL_THRESHOLD,2,22.18644541499816,3.95136
STAGE_MODEL_THRESHOLD,2,22.24061962599808,3.95136
STAGE_MODEL_THRESHOLD,2,22.295009121000476,3.95136
STAGE_MODEL_THRESHOLD,2,22.34915339500003,3.95136
STAGE_MODEL_THRESHOLD,2,22.40332770099849,3.95136
STAGE_MODEL_THRESHOLD,2,22.457481633999123,3.95136
STAGE_MODEL_THRESHOLD,2,22.51165027999741,3.95136
STAGE_MODEL_THRESHOLD,2,22.56583011999828,3.91104
STAGE_MODEL_THRESHOLD,2,22.6201691440001,3.95136
STAGE_MODEL_THRESHOLD,2,22.674414263998187,3.99168
STAGE_MODEL_THRESHOLD,2,22.728676143000484,3.95136
STAGE_MODEL_THRESHOLD,2,22.78281629099729,3.95136
STAGE_MODEL_THRESHOLD,2,22.837027122997824,3.91104
STAGE_MODEL_THRESHOLD,2,22.891221419999056,3.95136
STAGE_MODEL_THRESHOLD,2,22.94539454400001,3.95136
STAGE_MODEL_THRESHOLD,2,22.999564628997177,3.91104
STAGE_MODEL_THRESHOLD,2,23.05379890599943,3.95136
STAGE_MODEL_THRESHOLD,2,23.10797330800051,3.95136
STAGE_MODEL_THRESHOLD,2,23.16217787200003,3.91104
STAGE_MODEL_THRESHOLD,2,23.21632895899893,3.95136
STAGE_MODEL_THRESHOLD,2,23.270496965000348,3.91104
STAGE_MODEL_THRESHOLD,2,23.324714449998282,3.91104
STAGE_MODEL_THRESHOLD,2,23.37885833999826,3.95136
STAGE_MODEL_THRESHOLD,2,23.43303475799985,3.91104
STAGE_MODEL_THRESHOLD,2,23.487283554997703,3.91104
STAGE_MODEL_THRESHOLD,2,23.54145501599851,3.95136
STAGE_MODEL_THRESHOLD,2,23.59561371399832,3.91104
STAGE_MODEL_THRESHOLD,2,23.64982611400046,3.95136
STAGE_MODEL_THRESHOLD,2,23.70400400300059,3.91104
STAGE_MODEL_THRESHOLD,2,23.75817268099854,3.91104
STAGE_MODEL_THRESHOLD,2,23.81227182499788,3.95136
STAGE_MODEL_THRESHOLD,2,23.866468840999005,3.91104
STAGE_MODEL_THRESHOLD,2,23.920789954998327,3.91104
STAGE_MODEL_THRESHOLD,2,23.974935316000483,3.95136
STAGE_MODEL_THRESHOLD,2,24.02911285299706,3.91104
STAGE_MODEL_THRESHOLD,2,24.083281274997717,3.95136
STAGE_MODEL_THRESHOLD,2,24.13744979299736,3.91104
STAGE_MODEL_THRESHOLD,2,24.19166075300018,3.91104
STAGE_MODEL_THRESHOLD,2,24.245810464999522,3.95136
STAGE_MODEL_THRESHOLD,2,24.29997095499857,3.91104
STAGE_MODEL_THRESHOLD,2,24.354220744000486,3.91104
STAGE_MODEL_THRESHOLD,2,24.408399336000002,3.95136
STAGE_MODEL_THRESHOLD,2,24.46286025199879,3.91104
STAGE_MODEL_THRESHOLD,2,24.517071021000447,3.95136
STAGE_MODEL_THRESHOLD,2,24.571326502999,3.91104
STAGE_MODEL_THRESHOLD,2,24.625590716997976,3.91104
STAGE_MODEL_THRESHOLD,2,24.67998564899972,3.95136
STAGE_MODEL_THRESHOLD,2,24.734223891999136,3.91104
STAGE_MODEL_THRESHOLD,2,24.78847262599811,3.91104
STAGE_MODEL_THRESHOLD,2,24.84264923599767,3.95136
STAGE_MODEL_THRESHOLD,2,24.896965231997456,3.91104
STAGE_MODEL_THRESHOLD,2,24.95115940100004,3.95136
STAGE_MODEL_THRESHOLD,2,25.005317875999026,3.95136
STAGE_MODEL_THRESHOLD,2,25.059566449999693,3.91104
STAGE_MODEL_THRESHOLD,2,25.113745425998786,3.95136
STAGE_MODEL_THRESHOLD,2,25.167916406997392,3.91104
STAGE_MODEL_THRESHOLD,2,25.222067237999,3.91104
STAGE_MODEL_THRESHOLD,2,25.27622059499845,3.95136
STAGE_MODEL_THRESHOLD,2,25.33044281399998,3.91104
STAGE_MODEL_THRESHOLD,2,25.384662985998148,3.95136
STAGE_MODEL_THRESHOLD,2,25.43883278299836,3.95136
STAGE_MODEL_THRESHOLD,2,25.493050140998093,3.91104
STAGE_MODEL_THRESHOLD,2,25.54728237099698,3.95136
STAGE_MODEL_THRESHOLD,2,25.601480345998425,3.91104
STAGE_MODEL_THRESHOLD,2,25.655684173998452,3.95136
STAGE_MODEL_THRESHOLD,2,25.710025852997205,3.95136
STAGE_MODEL_THRESHOLD,2,25.764271100997576,3.91104
STAGE_MODEL_THRESHOLD,2,25.818506944997353,3.95136
STAGE_MODEL_THRESHOLD,2,25.872728172998904,3.95136
STAGE_MODEL_THRESHOLD,2,25.927041705999727,3.91104
STAGE_MODEL_THRESHOLD,2,25.981228422999266,3.95136
STAGE_MODEL_THRESHOLD,2,26.03539604499747,3.91104
STAGE_MODEL_THRESHOLD,2,26.08958762399925,3.91104
STAGE_MODEL_THRESHOLD,2,26.143773157000396,3.95136
STAGE_MODEL_THRESHOLD,2,26.19796463899911,3.91104
STAGE_MODEL_THRESHOLD,2,26.252657278997503,3.95136
STAGE_MODEL_THRESHOLD,2,26.306916567998996,3.95136
STAGE_MODEL_THRESHOLD,2,26.36110270899735,3.91104
STAGE_MODEL_THRESHOLD,2,26.415218644997367,3.95136
STAGE_MODEL_THRESHOLD,2,26.469354634999036,3.91104
STAGE_MODEL_THRESHOLD,2,26.523504601998866,3.91104
STAGE_MODEL_THRESHOLD,2,26.577681724000286,3.95136
STAGE_MODEL_THRESHOLD,2,26.631826381999417,3.91104
STAGE_MODEL_THRESHOLD,2,26.686054710000462,3.95136
STAGE_MODEL_THRESHOLD,2,26.74025610699755,3.95136
STAGE_MODEL_THRESHOLD,2,26.794467291998444,3.91104
STAGE_MODEL_THRESHOLD,2,26.848645021000266,3.95136
STAGE_MODEL_THRESHOLD,2,26.90285671699894,3.91104
STAGE_MODEL_THRESHOLD,2,26.95702897799856,3.95136
STAGE_MODEL_THRESHOLD,2,27.011140755999804,3.95136
STAGE_MODEL_THRESHOLD,2,27.065300414000376,3.91104
STAGE_MODEL_THRESHOLD,2,27.11950811299903,3.95136
STAGE_MODEL_THRESHOLD,2,27.173687824997614,3.95136
STAGE_MODEL_THRESHOLD,2,27.228132044998347,3.91104
STAGE_MODEL_THRESHOLD,2,27.282348794997233,3.95136
STAGE_MODEL_THRESHOLD,2,27.336538997999014,3.91104
STAGE_MODEL_THRESHOLD,2,27.39085620900005,3.95136
STAGE_MODEL_THRESHOLD,2,27.44503742499728,3.95136
STAGE_MODEL_THRESHOLD,2,27.499241669000185,3.91104
STAGE_MODEL_THRESHOLD,2,27.55398935300036,3.95136
STAGE_MODEL_THRESHOLD,2,27.60817888499878,3.95136
STAGE_MODEL_THRESHOLD,2,27.662447352999152,3.91104
STAGE_MODEL_THRESHOLD,2,27.716609601997334,3.95136
STAGE_MODEL_THRESHOLD,2,27.77093999099816,3.95136
STAGE_MODEL_THRESHOLD,2,27.825111643000128,3.95136
STAGE_MODEL_THRESHOLD,2,27.879289403997973,3.95136
STAGE_MODEL_THRESHOLD,2,27.93345101399973,3.91104
STAGE_MODEL_THRESHOLD,2,27.987636546997237,3.95136
STAGE_MODEL_THRESHOLD,2,28.041782836000493,3.95136
STAGE_MODEL_THRESHOLD,2,28.09595909500058,3.95136
STAGE_MODEL_THRESHOLD,2,28.150096395998844,3.95136
STAGE_MODEL_THRESHOLD,2,28.204286854997918,3.95136
STAGE_MODEL_THRESHOLD,2,28.25847974499993,3.95136
STAGE_MODEL_THRESHOLD,2,28.312619380998512,3.95136
STAGE_MODEL_THRESHOLD,2,28.366787642997224,3.91104
STAGE_MODEL_THRESHOLD,2,28.420981204999407,3.95136
STAGE_MODEL_THRESHOLD,2,28.475376137997955,3.99168
STAGE_MODEL_THRESHOLD,2,28.529662388998986,3.95136
STAGE_MODEL_THRESHOLD,2,28.583866121000028,3.95136
STAGE_MODEL_THRESHOLD,2,28.63803659000041,3.95136
STAGE_MODEL_THRESHOLD,2,28.692363045000093,3.95136
STAGE_MODEL_THRESHOLD,2,28.746604230997036,3.99168
STAGE_MODEL_THRESHOLD,2,28.801016721998167,3.95136
STAGE_MODEL_THRESHOLD,2,28.85532024499844,3.95136
STAGE_MODEL_THRESHOLD,2,28.90946595800051,3.99168
STAGE_MODEL_THRESHOLD,2,28.963677814997936,3.95136
STAGE_MODEL_THRESHOLD,2,29.017864051998913,3.95136
STAGE_MODEL_THRESHOLD,2,29.072108787997422,3.95136
STAGE_MODEL_THRESHOLD,2,29.126310792998993,3.95136
STAGE_MODEL_THRESHOLD,2,29.180556936000357,3.95136
STAGE_MODEL_THRESHOLD,2,29.2348043589991,3.95136
STAGE_MODEL_THRESHOLD,2,29.28907720799907,3.95136
STAGE_MODEL_THRESHOLD,2,29.343249948000448,3.99168
STAGE_MODEL_THRESHOLD,2,29.397440311000537,3.95136
STAGE_MODEL_THRESHOLD,2,29.451595747999818,3.95136
STAGE_MODEL_THRESHOLD,2,29.505813744999614,3.95136
STAGE_MODEL_THRESHOLD,2,29.560038266998163,3.95136
STAGE_MODEL_THRESHOLD,2,29.61419034499704,3.95136
STAGE_MODEL_THRESHOLD,2,29.668381507999584,3.95136
STAGE_MODEL_THRESHOLD,2,29.72254986599728,3.95136
STAGE_MODEL_THRESHOLD,2,29.776705142998253,3.99168
STAGE_MODEL_THRESHOLD,2,29.83114200699856,3.95136
STAGE_MODEL_THRESHOLD,2,29.885407595997094,3.95136
STAGE_MODEL_THRESHOLD,2,29.9395632880005,3.95136
STAGE_MODEL_THRESHOLD,2,29.993773226000485,3.95136
STAGE_MODEL_POLICY,2,0.0007144900009734556,3.87072
STAGE_MODEL_POLICY,2,0.054973203001281945,3.87072
STAGE_MODEL_POLICY,2,0.10991979599930346,3.91104
STAGE_MODEL_POLICY,2,0.16411003100074595,3.87072
STAGE_MODEL_POLICY,2,0.21833631199842785,3.91104
STAGE_MODEL_POLICY,2,0.2724963229993591,3.91104
STAGE_MODEL_POLICY,2,0.32703105700056767,3.91104
STAGE_MODEL_POLICY,2,0.38166305599952466,3.91104
STAGE_MODEL_POLICY,2,0.43635930999880657,3.91104
STAGE_MODEL_POLICY,2,0.49077966999902856,3.91104
STAGE_MODEL_POLICY,2,0.5449258310000005,3.95136
STAGE_MODEL_POLICY,2,0.5991089339986502,3.91104
STAGE_MODEL_POLICY,2,0.6533179430007294,3.91104
STAGE_MODEL_POLICY,2,0.7075291920009477,3.95136
STAGE_MODEL_POLICY,2,0.7617676269983349,3.91104
STAGE_MODEL_POLICY,2,0.8159645470004762,3.95136
STAGE_MODEL_POLICY,2,0.8702195500009111,3.91104
STAGE_MODEL_POLICY,2,0.924434796001151,3.91104
STAGE_MODEL_POLICY,2,0.9786084639999899,3.95136
STAGE_MODEL_POLICY,2,1.0327771099982783,3.91104
STAGE_MODEL_POLICY,2,1.0870568999998795,3.95136
STAGE_MODEL_POLICY,2,1.1411937859993486,3.95136
STAGE_MODEL_POLICY,2,1.1953705880005145,3.91104
STAGE_MODEL_POLICY,2,1.2495395859987184,3.95136
STAGE_MODEL_POLICY,2,1.3038010169984773,3.91104
STAGE_MODEL_POLICY,2,1.3579663050004456,3.91104
STAGE_MODEL_POLICY,2,1.4121289379982045,3.95136
STAGE_MODEL_POLICY,2,1.4663097060001746,3.91104
STAGE_MODEL_POLICY,2,1.5205285029987863,3.95136
STAGE_MODEL_POLICY,2,1.5746630860012374,3.95136
STAGE_MODEL_POLICY,2,1.6288138210002217,3.91104
STAGE_MODEL_POLICY,2,1.6829280300007667,3.95136
STAGE_MODEL_POLICY,2,1.7370988190014032,3.91104
STAGE_MODEL_POLICY,2,1.79127923499982,3.95136
STAGE_MODEL_POLICY,2,1.8454446510004345,3.95136
STAGE_MODEL_POLICY,2,1.8996317509991059,3.91104
STAGE_MODEL_POLICY,2,1.9538871379991178,3.95136
STAGE_MODEL_POLICY,2,2.0080219769988616,3.95136
STAGE_MODEL_POLICY,2,2.0621914229996037,3.91104
STAGE_MODEL_POLICY,2,2.11634014199808,3.95136
STAGE_MODEL_POLICY,2,2.1705414759999258,3.91104
STAGE_MODEL_POLICY,2,2.224716710999928,3.95136
STAGE_MODEL_POLICY,2,2.278857435001555,3.95136
STAGE_MODEL_POLICY,2,2.333137417001126,3.91104
STAGE_MODEL_POLICY,2,2.387338494998403,3.95136
STAGE_MODEL_POLICY,2,2.44147614800022,3.95136
STAGE_MODEL_POLICY,2,2.4959947950010246,3.91104
STAGE_MODEL_POLICY,2,2.5501935700012837,3.95136
STAGE_MODEL_POLICY,2,2.604459735001001,3.95136
STAGE_MODEL_POLICY,2,2.658699801999319,3.91104
STAGE_MODEL_POLICY,2,2.7128829040011624,3.95136
STAGE_MODEL_POLICY,2,2.7670820630009985,3.91104
STAGE_MODEL_POLICY,2,2.82165885699942,3.95136
STAGE_MODEL_POLICY,2,2.8759011939982884,3.95136
STAGE_MODEL_POLICY,2,2.930097794000176,3.91104
STAGE_MODEL_POLICY,2,2.9842162569984794,3.95136
STAGE_MODEL_POLICY,2,3.038354870001058,3.95136
STAGE_MODEL_POLICY,2,3.0925244440004462,3.91104
STAGE_MODEL_POLICY,2,3.1466554129983706,3.95136
STAGE_MODEL_POLICY,2,3.2007974160005688,3.91104
STAGE_MODEL_POLICY,2,3.2550372590012557,3.95136
STAGE_MODEL_POLICY,2,3.3092461400010507,3.95136
STAGE_MODEL_POLICY,2,3.3634489129981375,3.91104
STAGE_MODEL_POLICY,2,3.417562418999296,3.95136
STAGE_MODEL_POLICY,2,3.471742802998051,3.95136
STAGE_MODEL_POLICY,2,3.52597068400064,3.91104
STAGE_MODEL_POLICY,2,3.580111950999708,3.95136
STAGE_MODEL_POLICY,2,3.634277943001507,3.91104
STAGE_MODEL_POLICY,2,3.688478348998615,3.91104
STAGE_MODEL_POLICY,2,3.7426250860007713,3.95136
STAGE_MODEL_POLICY,2,3.796822964999592,3.91104
STAGE_MODEL_POLICY,2,3.85106747700047,3.95136
STAGE_MODEL_POLICY,2,3.9052499719982734,3.95136
STAGE_MODEL_POLICY,2,3.959436976998404,3.91104
STAGE_MODEL_POLICY,2,4.013579236001533,3.95136
STAGE_MODEL_POLICY,2,4.067764930001431,3.91104
STAGE_MODEL_POLICY,2,4.121989931998542,3.95136
STAGE_MODEL_POLICY,2,4.176184869000281,3.95136
STAGE_MODEL_POLICY,2,4.230318747999263,3.91104
STAGE_MODEL_POLICY,2,4.284497245000239,3.95136
STAGE_MODEL_POLICY,2,4.338718120998237,3.95136
STAGE_MODEL_POLICY,2,4.392866553000204,3.91104
STAGE_MODEL_POLICY,2,4.4469993130005605,3.95136
STAGE_MODEL_POLICY,2,4.501172372998553,3.91104
STAGE_MODEL_POLICY,2,4.555332159001409,3.95136
STAGE_MODEL_POLICY,2,4.609463895998488,3.95136
STAGE_MODEL_POLICY,2,4.663607402999332,3.91104
STAGE_MODEL_POLICY,2,4.717735876998631,3.95136
STAGE_MODEL_POLICY,2,4.771871034998185,3.95136
STAGE_MODEL_POLICY,2,4.82610291400124,3.95136
STAGE_MODEL_POLICY,2,4.880373044998123,3.95136
STAGE_MODEL_POLICY,2,4.934557266999036,3.91104
STAGE_MODEL_POLICY,2,4.989056499998696,3.95136
STAGE_MODEL_POLICY,2,5.043235444998572,3.95136
STAGE_MODEL_POLICY,2,5.097405849999632,3.91104
STAGE_MODEL_POLICY,2,5.151655607998691,3.95136
STAGE_MODEL_POLICY,2,5.205841077000514,3.95136
STAGE_MODEL_POLICY,2,5.260038604999863,3.95136
STAGE_MODEL_POLICY,2,5.314269364000211,3.95136
STAGE_MODEL_POLICY,2,5.368461710000702,3.91104
STAGE_MODEL_POLICY,2,5.422640911001508,3.95136
STAGE_MODEL_POLICY,2,5.476801144999627,3.95136
STAGE_MODEL_POLICY,2,5.530973020999227,3.91104
STAGE_MODEL_POLICY,2,5.585217277999618,3.95136
STAGE_MODEL_POLICY,2,5.63936174400078,3.95136
STAGE_MODEL_POLICY,2,5.693545294001524,3.95136
STAGE_MODEL_POLICY,2,5.747667723000632,3.95136
STAGE_MODEL_POLICY,2,5.801833843001077,3.95136
STAGE_MODEL_POLICY,2,5.856059131998336,3.95136
STAGE_MODEL_POLICY,2,5.910354659001314,3.99168
STAGE_MODEL_POLICY,2,5.964548796000599,3.95136
STAGE_MODEL_POLICY,2,6.018747666999843,3.95136
STAGE_MODEL_POLICY,2,6.072879436000221,3.99168
STAGE_MODEL_POLICY,2,6.127150142998289,3.95136
STAGE_MODEL_POLICY,2,6.18127461900076,3.95136
STAGE_MODEL_POLICY,2,6.235420524000801,3.95136
STAGE_MODEL_POLICY,2,6.289659214999119,3.95136
STAGE_MODEL_POLICY,2,6.344471475000319,3.99168
STAGE_MODEL_POLICY,2,6.398665004999202,3.95136
STAGE_MODEL_POLICY,2,6.452914602999954,3.95136
STAGE_MODEL_POLICY,2,6.507050816999254,3.99168
STAGE_MODEL_POLICY,2,6.561234239998157,3.95136
STAGE_MODEL_POLICY,2,6.615365527999529,3.95136
STAGE_MODEL_POLICY,2,6.669535005999933,3.95136
STAGE_MODEL_POLICY,2,6.723708801000612,3.95136
STAGE_MODEL_POLICY,2,6.777855123000336,3.99168
STAGE_MODEL_POLICY,2,6.832044877999579,3.95136
STAGE_MODEL_POLICY,2,6.88640187800047,3.95136
STAGE_MODEL_POLICY,2,6.940716370998416,3.99168
STAGE_MODEL_POLICY,2,6.995216210998478,3.95136
STAGE_MODEL_POLICY,2,7.049455894000857,3.99168
STAGE_MODEL_POLICY,2,7.103668069998093,3.95136
STAGE_MODEL_POLICY,2,7.157895758999075,3.95136
STAGE_MODEL_POLICY,2,7.21206312600043,3.99168
STAGE_MODEL_POLICY,2,7.266272774999379,3.95136
STAGE_MODEL_POLICY,2,7.320544409998547,3.95136
STAGE_MODEL_POLICY,2,7.374749932998384,3.99168
STAGE_MODEL_POLICY,2,7.428932491999149,3.95136
STAGE_MODEL_POLICY,2,7.483117322000908,3.95136
STAGE_MODEL_POLICY,2,7.537956416999805,3.95136
STAGE_MODEL_POLICY,2,7.593839246001153,3.95136
STAGE_MODEL_POLICY,2,7.648010513999907,3.99168
STAGE_MODEL_POLICY,2,7.7021681900005206,3.95136
STAGE_MODEL_POLICY,2,7.756340994001221,3.95136
STAGE_MODEL_POLICY,2,7.811183606998384,3.99168
STAGE_MODEL_POLICY,2,7.865942964999704,3.95136
STAGE_MODEL_POLICY,2,7.920699188998697,3.95136
STAGE_MODEL_POLICY,2,7.974988254998607,3.99168
STAGE_MODEL_POLICY,2,8.029209803000413,3.95136
STAGE_MODEL_POLICY,2,8.083423194999341,3.99168
STAGE_MODEL_POLICY,2,8.137683346998529,3.95136
STAGE_MODEL_POLICY,2,8.192655143000593,3.95136
STAGE_MODEL_POLICY,2,8.248506530999293,3.99168
STAGE_MODEL_POLICY,2,8.302682821999042,3.95136
STAGE_MODEL_POLICY,2,8.356880252998963,3.95136
STAGE_MODEL_POLICY,2,8.413187924998056,3.99168
STAGE_MODEL_POLICY,2,8.46741478200056,3.95136
STAGE_MODEL_POLICY,2,8.52181313699839,3.95136
STAGE_MODEL_POLICY,2,8.576588584001001,3.99168
STAGE_MODEL_POLICY,2,8.631645458001003,3.95136
STAGE_MODEL_POLICY,2,8.686710455000139,3.95136
STAGE_MODEL_POLICY,2,8.741066144000797,3.99168
STAGE_MODEL_POLICY,2,8.795321977999265,3.95136
STAGE_MODEL_POLICY,2,8.849548706999485,3.95136
STAGE_MODEL_POLICY,2,8.903997692999837,3.99168
STAGE_MODEL_POLICY,2,8.959782203000941,3.95136
STAGE_MODEL_POLICY,2,9.013946691000456,3.99168
STAGE_MODEL_POLICY,2,9.068419344999711,3.95136
STAGE_MODEL_POLICY,2,9.12278322199927,3.95136
STAGE_MODEL_POLICY,2,9.176925864998339,3.99168
STAGE_MODEL_POLICY,2,9.231087121999735,3.95136
STAGE_MODEL_POLICY,2,9.2853124760004,3.95136
STAGE_MODEL_POLICY,2,9.33954093200009,3.99168
STAGE_MODEL_POLICY,2,9.39374108300035,3.95136
STAGE_MODEL_POLICY,2,9.447877233000327,3.99168
STAGE_MODEL_POLICY,2,9.502036507998127,3.95136
STAGE_MODEL_POLICY,2,9.55618826600039,3.95136
STAGE_MODEL_POLICY,2,9.61031293400083,3.99168
STAGE_MODEL_POLICY,2,9.664517625998997,3.95136
STAGE_MODEL_POLICY,2,9.71864590900077,3.95136
STAGE_MODEL_POLICY,2,9.772765458998038,3.95136
STAGE_MODEL_POLICY,2,9.826928572001634,3.95136
STAGE_MODEL_POLICY,2,9.88106558599975,3.99168
STAGE_MODEL_POLICY,2,9.935247729001276,3.95136
STAGE_MODEL_POLICY,2,9.989641446998576,3.95136
STAGE_MODEL_POLICY,2,10.04382851599803,3.99168
STAGE_MODEL_POLICY,2,10.098009698998794,3.95136
STAGE_MODEL_POLICY,2,10.152213943998504,3.95136
STAGE_MODEL_POLICY,2,10.206410671999038,3.99168
STAGE_MODEL_POLICY,2,10.260836724999535,3.95136
STAGE_MODEL_POLICY,2,10.31512396800099,3.99168
STAGE_MODEL_POLICY,2,10.369461457001307,3.95136
STAGE_MODEL_POLICY,2,10.423838767001143,3.95136
STAGE_MODEL_POLICY,2,10.478122683998663,3.99168
STAGE_MODEL_POLICY,2,10.532466249998834,3.95136
STAGE_MODEL_POLICY,2,10.587246142000367,3.95136
STAGE_MODEL_POLICY,2,10.641419970001152,3.99168
STAGE_MODEL_POLICY,2,10.69590832799804,3.95136
STAGE_MODEL_POLICY,2,10.75024984799893,3.95136
STAGE_MODEL_POLICY,2,10.80451393399926,3.95136
STAGE_MODEL_POLICY,2,10.858718594001402,3.95136
STAGE_MODEL_POLICY,2,10.913407812000514,3.95136
STAGE_MODEL_POLICY,2,10.967629807000776,3.95136
STAGE_MODEL_POLICY,2,11.022116085998277,3.95136
STAGE_MODEL_POLICY,2,11.076303187001031,3.99168
STAGE_MODEL_POLICY,2,11.130499052000232,3.95136
STAGE_MODEL_POLICY,2,11.184622919998219,3.95136
STAGE_MODEL_POLICY,2,11.238812163999683,3.95136
STAGE_MODEL_POLICY,2,11.293055269001343,3.95136
STAGE_MODEL_POLICY,2,11.347863178998523,3.95136
STAGE_MODEL_POLICY,2,11.402057923998655,3.95136
STAGE_MODEL_POLICY,2,11.456289931000356,3.95136
STAGE_MODEL_POLICY,2,11.510531883999647,3.95136
STAGE_MODEL_POLICY,2,11.564704431999417,3.95136
STAGE_MODEL_POLICY,2,11.618901575999189,3.95136
STAGE_MODEL_POLICY,2,11.673031777001597,3.95136
STAGE_MODEL_POLICY,2,11.727201703000901,3.95136
STAGE_MODEL_POLICY,2,11.781321892998676,3.95136
STAGE_MODEL_POLICY,2,11.835505316001218,3.95136
STAGE_MODEL_POLICY,2,11.889734508000402,3.95136
STAGE_MODEL_POLICY,2,11.943884731001162,3.95136
STAGE_MODEL_POLICY,2,11.998077012998692,3.95136
STAGE_MODEL_POLICY,2,12.052446486999543,3.95136
STAGE_MODEL_POLICY,2,12.106611775001511,3.95136
STAGE_MODEL_POLICY,2,12.160821647998091,3.95136
STAGE_MODEL_POLICY,2,12.214979739001137,3.95136
STAGE_MODEL_POLICY,2,12.26920790800068,3.91104
STAGE_MODEL_POLICY,2,12.323464670000249,3.95136
STAGE_MODEL_POLICY,2,12.377618826998514,3.95136
STAGE_MODEL_POLICY,2,12.43184616399958,3.91104
STAGE_MODEL_POLICY,2,12.486048072998528,3.95136
STAGE_MODEL_POLICY,2,12.540184894998674,3.95136
STAGE_MODEL_POLICY,2,12.594470154999726,3.91104
STAGE_MODEL_POLICY,2,12.648601508000866,3.95136
STAGE_MODEL_POLICY,2,12.702755473001162,3.91104
STAGE_MODEL_POLICY,2,12.75692335200074,3.95136
STAGE_MODEL_POLICY,2,12.811095868000848,3.95136
STAGE_MODEL_POLICY,2,12.865314984999713,3.91104
STAGE_MODEL_POLICY,2,12.919554219999554,3.95136
STAGE_MODEL_POLICY,2,12.973698237998178,3.95136
STAGE_MODEL_POLICY,2,13.02788633000091,3.91104
STAGE_MODEL_POLICY,2,13.082228425999347,3.95136
STAGE_MODEL_POLICY,2,13.13645000500037,3.91104
STAGE_MODEL_POLICY,2,13.190621369998553,3.95136
STAGE_MODEL_POLICY,2,13.244752339000115,3.95136
STAGE_MODEL_POLICY,2,13.298932147001324,3.91104
STAGE_MODEL_POLICY,2,13.353157565001311,3.95136
STAGE_MODEL_POLICY,2,13.40731396100091,3.95136
STAGE_MODEL_POLICY,2,13.461478833000001,3.91104
STAGE_MODEL_POLICY,2,13.515630048001185,3.95136
STAGE_MODEL_POLICY,2,13.569826872000704,3.91104
STAGE_MODEL_POLICY,2,13.624016339999798,3.91104
STAGE_MODEL_POLICY,2,13.67821389999881,3.95136
STAGE_MODEL_POLICY,2,13.732427194998309,3.91104
STAGE_MODEL_POLICY,2,13.786651430000347,3.95136
STAGE_MODEL_POLICY,2,13.84086072699938,3.95136
STAGE_MODEL_POLICY,2,13.895114035000006,3.91104
STAGE_MODEL_POLICY,2,13.949241517999326,3.95136
STAGE_MODEL_POLICY,2,14.00338150600146,3.91104
STAGE_MODEL_POLICY,2,14.057613256998593,3.95136
STAGE_MODEL_POLICY,2,14.111952185998234,3.95136
STAGE_MODEL_POLICY,2,14.166205045999959,3.91104
STAGE_MODEL_POLICY,2,14.220603336998465,3.95136
STAGE_MODEL_POLICY,2,14.27479795399995,3.95136
STAGE_MODEL_POLICY,2,14.3293220380001,3.91104
STAGE_MODEL_POLICY,2,14.383511698000802,3.95136
STAGE_MODEL_POLICY,2,14.437676410001586,3.91104
STAGE_MODEL_POLICY,2,14.49184972600051,3.91104
STAGE_MODEL_POLICY,2,14.545976888999576,3.95136
STAGE_MODEL_POLICY,2,14.600121355000738,3.91104
STAGE_MODEL_POLICY,2,14.654880361998949,3.91104
STAGE_MODEL_POLICY,2,14.709006820998184,3.95136
STAGE_MODEL_POLICY,2,14.763151030998415,3.91104
STAGE_MODEL_POLICY,2,14.817269365998072,3.95136
STAGE_MODEL_POLICY,2,14.871495455998229,3.95136
STAGE_MODEL_POLICY,2,14.925858851998782,3.91104
STAGE_MODEL_POLICY,2,14.980165061999287,3.95136
STAGE_MODEL_POLICY,2,15.03440391299955,3.91104
STAGE_MODEL_POLICY,2,15.0887502939986,3.95136
STAGE_MODEL_POLICY,2,15.14303193899832,3.95136
STAGE_MODEL_POLICY,2,15.19724107699949,3.91104
STAGE_MODEL_POLICY,2,15.251421941000444,3.95136
STAGE_MODEL_POLICY,2,15.305571108998265,3.95136
STAGE_MODEL_POLICY,2,15.360267331001523,3.91104
STAGE_MODEL_POLICY,2,15.41449124599967,3.95136
STAGE_MODEL_POLICY,2,15.469327653998334,3.95136
STAGE_MODEL_POLICY,2,15.523722426998575,3.95136
STAGE_MODEL_POLICY,2,15.578624273999594,3.95136
STAGE_MODEL_POLICY,2,15.632825767999748,3.91104
STAGE_MODEL_POLICY,2,15.687160475001292,3.95136
STAGE_MODEL_POLICY,2,15.741321221001272,3.95136
STAGE_MODEL_POLICY,2,15.795522937998612,3.91104
STAGE_MODEL_POLICY,2,15.849684611999692,3.95136
STAGE_MODEL_POLICY,2,15.903834355998697,3.91104
STAGE_MODEL_POLICY,2,15.957998747999227,3.91104
STAGE_MODEL_POLICY,2,16.01262841100106,3.95136
STAGE_MODEL_POLICY,2,16.06844506500056,3.91104
STAGE_MODEL_POLICY,2,16.12285160800093,3.95136
STAGE_MODEL_POLICY,2,16.17704293099814,3.95136
STAGE_MODEL_POLICY,2,16.231185510001524,3.91104
STAGE_MODEL_POLICY,2,16.286116495000897,3.95136
STAGE_MODEL_POLICY,2,16.340305066998553,3.95136
STAGE_MODEL_POLICY,2,16.394477743000607,3.91104
STAGE_MODEL_POLICY,2,16.44863756199993,3.95136
STAGE_MODEL_POLICY,2,16.5028519769985,3.91104
STAGE_MODEL_POLICY,2,16.55701790400053,3.95136
STAGE_MODEL_POLICY,2,16.61118619899935,3.95136
STAGE_MODEL_POLICY,2,16.66535593200024,3.91104
STAGE_MODEL_POLICY,2,16.721781689000636,3.95136
STAGE_MODEL_POLICY,2,16.776575910000247,3.95136
STAGE_MODEL_POLICY,2,16.830821957999433,3.91104
STAGE_MODEL_POLICY,2,16.8857383579998,3.95136
STAGE_MODEL_POLICY,2,16.9400773189991,3.95136
STAGE_MODEL_POLICY,2,16.994568362999416,3.91104
STAGE_MODEL_POLICY,2,17.048766498999612,3.95136
STAGE_MODEL_POLICY,2,17.103003207001166,3.95136
STAGE_MODEL_POLICY,2,17.158415902998968,3.95136
STAGE_MODEL_POLICY,2,17.212679541000398,3.95136
STAGE_MODEL_POLICY,2,17.266931474001467,3.91104
STAGE_MODEL_POLICY,2,17.321252875000937,3.95136
STAGE_MODEL_POLICY,2,17.375462845000584,3.95136
STAGE_MODEL_POLICY,2,17.42968413700146,3.91104
STAGE_MODEL_POLICY,2,17.48390760300026,3.95136
STAGE_MODEL_POLICY,2,17.538097038999695,3.95136
STAGE_MODEL_POLICY,2,17.592350315000658,3.91104
STAGE_MODEL_POLICY,2,17.646510357000807,3.95136
STAGE_MODEL_POLICY,2,17.700718567000877,3.91104
STAGE_MODEL_POLICY,2,17.754962087998138,3.95136
STAGE_MODEL_POLICY,2,17.809137226999155,3.95136
STAGE_MODEL_POLICY,2,17.863337280999986,3.91104
STAGE_MODEL_POLICY,2,17.91747838900119,3.95136
STAGE_MODEL_POLICY,2,17.971679275000497,3.95136
STAGE_MODEL_POLICY,2,18.0259242989996,3.91104
STAGE_MODEL_POLICY,2,18.080068317998666,3.95136
STAGE_MODEL_POLICY,2,18.134268980000343,3.91104
STAGE_MODEL_POLICY,2,18.18872484199892,3.95136
STAGE_MODEL_POLICY,2,18.242925023998396,3.95136
STAGE_MODEL_POLICY,2,18.29717833199902,3.91104
STAGE_MODEL_POLICY,2,18.351441458999034,3.95136
STAGE_MODEL_POLICY,2,18.40563271800056,3.95136
STAGE_MODEL_POLICY,2,18.45994369300024,3.95136
STAGE_MODEL_POLICY,2,18.51416511199932,3.95136
STAGE_MODEL_POLICY,2,18.56839366499844,3.91104
STAGE_MODEL_POLICY,2,18.622643293998408,3.95136
STAGE_MODEL_POLICY,2,18.676869799000997,3.95136
STAGE_MODEL_POLICY,2,18.73109729600037,3.91104
STAGE_MODEL_POLICY,2,18.785295751000376,3.95136
STAGE_MODEL_POLICY,2,18.839519697998185,3.95136
STAGE_MODEL_POLICY,2,18.89378989299803,3.95136
STAGE_MODEL_POLICY,2,18.947952525999426,3.95136
STAGE_MODEL_POLICY,2,19.00213767600144,3.91104
STAGE_MODEL_POLICY,2,19.056376110998826,3.95136
STAGE_MODEL_POLICY,2,19.110508679001214,3.95136
STAGE_MODEL_POLICY,2,19.164748586001224,3.95136
STAGE_MODEL_POLICY,2,19.21923240199976,3.95136
STAGE_MODEL_POLICY,2,19.27345686099943,3.99168
STAGE_MODEL_POLICY,2,19.32801727900005,3.95136
STAGE_MODEL_POLICY,2,19.382254242998897,3.95136
STAGE_MODEL_POLICY,2,19.43645244200161,3.95136
STAGE_MODEL_POLICY,2,19.49063727199973,3.95136
STAGE_MODEL_POLICY,2,19.54478087499956,3.99168
STAGE_MODEL_POLICY,2,19.598955278001085,3.95136
STAGE_MODEL_POLICY,2,19.653179095999803,3.95136
STAGE_MODEL_POLICY,2,19.707322058999125,3.99168
STAGE_MODEL_POLICY,2,19.761505641999975,3.95136
STAGE_MODEL_POLICY,2,19.81564655799957,3.99168
STAGE_MODEL_POLICY,2,19.86989925799935,3.95136
STAGE_MODEL_POLICY,2,19.924095058999228,3.95136
STAGE_MODEL_POLICY,2,19.97824614500132,3.99168
STAGE_MODEL_POLICY,2,20.035118334999424,3.95136
STAGE_MODEL_POLICY,2,20.090346322998812,3.95136
STAGE_MODEL_POLICY,2,20.14514652499929,3.99168
STAGE_MODEL_POLICY,2,20.199797138000577,3.95136
STAGE_MODEL_POLICY,2,20.254647811001632,3.99168
STAGE_MODEL_POLICY,2,20.30880219300161,3.99168
STAGE_MODEL_POLICY,2,20.36321666799995,3.95136
STAGE_MODEL_POLICY,2,20.417894243000774,3.99168
STAGE_MODEL_POLICY,2,20.472531903000345,3.99168
STAGE_MODEL_POLICY,2,20.52673835400128,3.95136
STAGE_MODEL_POLICY,2,20.581363795998186,3.99168
STAGE_MODEL_POLICY,2,20.63553669600151,3.95136
STAGE_MODEL_POLICY,2,20.68970451000132,3.95136
STAGE_MODEL_POLICY,2,20.744123718999617,3.99168
STAGE_MODEL_POLICY,2,20.798498629999813,3.95136
STAGE_MODEL_POLICY,2,20.853190853998967,3.99168
STAGE_MODEL_POLICY,2,20.90776815999925,3.99168
STAGE_MODEL_POLICY,2,20.962655103001453,3.95136
STAGE_MODEL_POLICY,2,21.017229146000318,3.99168
STAGE_MODEL_POLICY,2,21.0718560589994,3.99168
STAGE_MODEL_POLICY,2,21.126437777998945,3.95136
STAGE_MODEL_POLICY,2,21.18117215700113,3.99168
STAGE_MODEL_POLICY,2,21.23681520199898,3.95136
STAGE_MODEL_POLICY,2,21.29116545299985,3.95136
STAGE_MODEL_POLICY,2,21.345862251000653,3.99168
STAGE_MODEL_POLICY,2,21.400473747999058,3.95136
STAGE_MODEL_POLICY,2,21.455097078000108,3.95136
STAGE_MODEL_POLICY,2,21.510333702000935,3.99168
STAGE_MODEL_POLICY,2,21.56515536599909,3.95136
STAGE_MODEL_POLICY,2,21.619804635000037,3.99168
STAGE_MODEL_POLICY,2,21.674663943998894,3.99168
STAGE_MODEL_POLICY,2,21.729242721001356,3.95136
STAGE_MODEL_POLICY,2,21.783809119999205,3.99168
STAGE_MODEL_POLICY,2,21.838145233999967,3.95136
STAGE_MODEL_POLICY,2,21.892747711000993,3.95136
STAGE_MODEL_POLICY,2,21.94732943100098,3.99168
STAGE_MODEL_POLICY,2,22.001901363000798,3.95136
STAGE_MODEL_POLICY,2,22.056509117999667,3.95136
STAGE_MODEL_POLICY,2,22.111090293001325,3.99168
STAGE_MODEL_POLICY,2,22.165849747998436,3.95136
STAGE_MODEL_POLICY,2,22.220483281998895,3.95136
STAGE_MODEL_POLICY,2,22.274650904000737,3.99168
STAGE_MODEL_POLICY,2,22.328840980000678,3.95136
STAGE_MODEL_POLICY,2,22.38299145899873,3.99168
STAGE_MODEL_POLICY,2,22.437162504000298,3.95136
STAGE_MODEL_POLICY,2,22.49136815499878,3.95136
STAGE_MODEL_POLICY,2,22.545552602001408,3.99168
STAGE_MODEL_POLICY,2,22.599922843000968,3.95136
STAGE_MODEL_POLICY,2,22.65450839999903,3.95136
STAGE_MODEL_POLICY,2,22.709453234001558,3.99168
STAGE_MODEL_POLICY,2,22.763801566001348,3.95136
STAGE_MODEL_POLICY,2,22.818360417000804,3.95136
STAGE_MODEL_POLICY,2,22.873170183000184,3.99168
STAGE_MODEL_POLICY,2,22.927802148999035,3.95136
STAGE_MODEL_POLICY,2,22.981991488999483,3.95136
STAGE_MODEL_POLICY,2,23.036578581999493,3.95136
STAGE_MODEL_POLICY,2,23.091171015999862,3.95136
STAGE_MODEL_POLICY,2,23.14638099700096,3.95136
STAGE_MODEL_POLICY,2,23.20140000199899,3.95136
STAGE_MODEL_POLICY,2,23.25573752299897,3.95136
STAGE_MODEL_POLICY,2,23.311305341998377,3.99168
STAGE_MODEL_POLICY,2,23.36549727199963,3.95136
STAGE_MODEL_POLICY,2,23.419790495998313,3.95136
STAGE_MODEL_POLICY,2,23.47398613599944,3.99168
STAGE_MODEL_POLICY,2,23.52856532900114,3.95136
STAGE_MODEL_POLICY,2,23.582989015998464,3.95136
STAGE_MODEL_POLICY,2,23.637338882999757,3.95136
STAGE_MODEL_POLICY,2,23.691898021999805,3.95136
STAGE_MODEL_POLICY,2,23.746467682998627,3.95136
STAGE_MODEL_POLICY,2,23.80140880700128,3.95136
STAGE_MODEL_POLICY,2,23.85601537799812,3.95136
STAGE_MODEL_POLICY,2,23.91056735299935,3.95136
STAGE_MODEL_POLICY,2,23.964897421999922,3.91104
STAGE_MODEL_POLICY,2,24.02004142000078,3.95136
STAGE_MODEL_POLICY,2,24.07459435399869,3.99168
STAGE_MODEL_POLICY,2,24.129179815998214,3.95136
STAGE_MODEL_POLICY,2,24.18375801699949,3.95136
STAGE_MODEL_POLICY,2,24.238631239000824,3.95136
STAGE_MODEL_POLICY,2,24.29320844799804,3.95136
STAGE_MODEL_POLICY,2,24.348568243000045,3.95136
STAGE_MODEL_POLICY,2,24.402757135001593,3.95136
STAGE_MODEL_POLICY,2,24.456955334000668,3.95136
STAGE_MODEL_POLICY,2,24.511401408999518,3.95136
STAGE_MODEL_POLICY,2,24.56596688100035,3.91104
STAGE_MODEL_POLICY,2,24.62064720700073,3.95136
STAGE_MODEL_POLICY,2,24.675218148000567,3.95136
STAGE_MODEL_POLICY,2,24.73210968800049,3.91104
STAGE_MODEL_POLICY,2,24.786453574000916,3.95136
STAGE_MODEL_POLICY,2,24.84083878399906,3.95136
STAGE_MODEL_POLICY,2,24.8951613370009,3.95136
STAGE_MODEL_POLICY,2,24.949301805001596,3.95136
STAGE_MODEL_POLICY,2,25.003506241999276,3.91104
STAGE_MODEL_POLICY,2,25.05770834299983,3.95136
STAGE_MODEL_POLICY,2,25.111847691998264,3.95136
STAGE_MODEL_POLICY,2,25.166048705999856,3.91104
STAGE_MODEL_POLICY,2,25.22043880899946,3.95136
STAGE_MODEL_POLICY,2,25.27461059000052,3.95136
STAGE_MODEL_POLICY,2,25.32884000500053,3.95136
STAGE_MODEL_POLICY,2,25.38316783600021,3.95136
STAGE_MODEL_POLICY,2,25.43740777399944,3.95136
STAGE_MODEL_POLICY,2,25.491659387000254,3.95136
STAGE_MODEL_POLICY,2,25.545821667998098,3.95136
STAGE_MODEL_POLICY,2,25.59999040999901,3.91104
STAGE_MODEL_POLICY,2,25.65421349299868,3.95136
STAGE_MODEL_POLICY,2,25.70836873799999,3.95136
STAGE_MODEL_POLICY,2,25.762561595998704,3.91104
STAGE_MODEL_POLICY,2,25.81671287499921,3.95136
STAGE_MODEL_POLICY,2,25.870902406000823,3.95136
STAGE_MODEL_POLICY,2,25.925156802000856,3.95136
STAGE_MODEL_POLICY,2,25.97933331600143,3.95136
STAGE_MODEL_POLICY,2,26.033540215001267,3.91104
STAGE_MODEL_POLICY,2,26.087764896998124,3.95136
STAGE_MODEL_POLICY,2,26.14192103700043,3.95136
STAGE_MODEL_POLICY,2,26.196104716000264,3.91104
STAGE_MODEL_POLICY,2,26.25024969399965,3.95136
STAGE_MODEL_POLICY,2,26.304456304998894,3.91104
STAGE_MODEL_POLICY,2,26.35876075499982,3.95136
STAGE_MODEL_POLICY,2,26.413175133999175,3.95136
STAGE_MODEL_POLICY,2,26.4674222370013,3.91104
STAGE_MODEL_POLICY,2,26.521711367000535,3.95136
STAGE_MODEL_POLICY,2,26.57588353200117,3.95136
STAGE_MODEL_POLICY,2,26.630119567998918,3.91104
STAGE_MODEL_POLICY,2,26.684273086000758,3.95136
STAGE_MODEL_POLICY,2,26.738485133999347,3.95136
STAGE_MODEL_POLICY,2,26.792820384998777,3.91104
STAGE_MODEL_POLICY,2,26.84699974600153,3.95136
STAGE_MODEL_POLICY,2,26.9012006640005,3.91104
STAGE_MODEL_POLICY,2,26.955541160001303,3.91104
STAGE_MODEL_POLICY,2,27.009687288998975,3.95136
STAGE_MODEL_POLICY,2,27.063899273998686,3.91104
STAGE_MODEL_POLICY,2,27.11809337899831,3.91104
STAGE_MODEL_POLICY,2,27.17227516999992,3.95136
STAGE_MODEL_POLICY,2,27.2265287980008,3.91104
STAGE_MODEL_POLICY,2,27.280683435001265,3.95136
STAGE_MODEL_POLICY,2,27.334985230998427,3.91104
STAGE_MODEL_POLICY,2,27.389416081998206,3.91104
STAGE_MODEL_POLICY,2,27.443634143000963,3.95136
STAGE_MODEL_POLICY,2,27.497872674000973,3.91104
STAGE_MODEL_POLICY,2,27.552098187999945,3.91104
STAGE_MODEL_POLICY,2,27.606274125999335,3.95136
STAGE_MODEL_POLICY,2,27.660524906998035,3.91104
STAGE_MODEL_POLICY,2,27.714716517999477,3.95136
STAGE_MODEL_POLICY,2,27.769212360999518,3.91104
STAGE_MODEL_POLICY,2,27.823418364001554,3.95136
STAGE_MODEL_POLICY,2,27.87758022900016,3.95136
STAGE_MODEL_POLICY,2,27.931784346001223,3.91104
STAGE_MODEL_POLICY,2,27.98601075500119,3.95136
STAGE_MODEL_POLICY,2,28.040180713000154,3.95136
STAGE_MODEL_POLICY,2,28.094653590000235,3.91104
STAGE_MODEL_POLICY,2,28.148879775999376,3.95136
STAGE_MODEL_POLICY,2,28.203175079001085,3.91104
STAGE_MODEL_POLICY,2,28.257395282998914,3.91104
STAGE_MODEL_POLICY,2,28.311645583999052,3.95136
STAGE_MODEL_POLICY,2,28.365921919998073,3.91104
STAGE_MODEL_POLICY,2,28.420403690000967,3.95136
STAGE_MODEL_POLICY,2,28.474699153000984,3.95136
STAGE_MODEL_POLICY,2,28.529014540999924,3.91104
STAGE_MODEL_POLICY,2,28.583185425999545,3.95136
STAGE_MODEL_POLICY,2,28.637396674999763,3.95136
STAGE_MODEL_POLICY,2,28.691713535001327,3.91104
STAGE_MODEL_POLICY,2,28.74587268200048,3.95136
STAGE_MODEL_POLICY,2,28.800094677000743,3.91104
STAGE_MODEL_POLICY,2,28.85451692499919,3.91104
STAGE_MODEL_POLICY,2,28.90869942000063,3.95136
STAGE_MODEL_POLICY,2,28.962902609000594,3.91104
STAGE_MODEL_POLICY,2,29.017072342001484,3.95136
STAGE_MODEL_POLICY,2,29.07127840999965,3.91104
STAGE_MODEL_POLICY,2,29.125469413000246,3.91104
STAGE_MODEL_POLICY,2,29.179616149998765,3.95136
STAGE_MODEL_POLICY,2,29.233843391000846,3.91104
STAGE_MODEL_POLICY,2,29.288064107000537,3.91104
STAGE_MODEL_POLICY,2,29.342314887999237,3.95136
STAGE_MODEL_POLICY,2,29.39656186299908,3.91104
STAGE_MODEL_POLICY,2,29.451038930001232,3.95136
STAGE_MODEL_POLICY,2,29.505372325998906,3.95136
STAGE_MODEL_POLICY,2,29.56011511700126,3.91104
STAGE_MODEL_POLICY,2,29.61433151500023,3.95136
STAGE_MODEL_POLICY,2,29.668539245998545,3.91104
STAGE_MODEL_POLICY,2,29.722853643001145,3.91104
STAGE_MODEL_POLICY,2,29.77699810899867,3.95136
STAGE_MODEL_POLICY,2,29.83117977299844,3.91104
STAGE_MODEL_POLICY,2,29.88536351500079,3.95136
STAGE_MODEL_POLICY,2,29.939509869000176,3.95136
STAGE_MODEL_POLICY,2,29.993856090000918,3.91104
STAGE_FULL_PIPELINE,2,0.0005493889984791167,3.8304
STAGE_FULL_PIPELINE,2,0.0547353709989693,3.87072
STAGE_FULL_PIPELINE,2,0.10883179699885659,3.91104
STAGE_FULL_PIPELINE,2,0.16302510300010908,3.87072
STAGE_FULL_PIPELINE,2,0.2171870959973603,3.91104
STAGE_FULL_PIPELINE,2,0.2713439719991584,3.91104
STAGE_FULL_PIPELINE,2,0.32553072099835845,3.91104
STAGE_FULL_PIPELINE,2,0.37969706500007305,3.95136
STAGE_FULL_PIPELINE,2,0.4339803410002787,3.91104
STAGE_FULL_PIPELINE,2,0.4882292989968846,3.95136
STAGE_FULL_PIPELINE,2,0.5424771379985032,3.95136
STAGE_FULL_PIPELINE,2,0.5967025239988288,3.95136
STAGE_FULL_PIPELINE,2,0.6508623099980468,3.95136
STAGE_FULL_PIPELINE,2,0.7050460209975427,3.95136
STAGE_FULL_PIPELINE,2,0.7592331220002961,3.95136
STAGE_FULL_PIPELINE,2,0.8134262029998354,3.95136
STAGE_FULL_PIPELINE,2,0.8677071129968681,3.95136
STAGE_FULL_PIPELINE,2,0.9219410389996483,3.95136
STAGE_FULL_PIPELINE,2,0.9761127869969641,3.99168
STAGE_FULL_PIPELINE,2,1.030344601997058,3.95136
STAGE_FULL_PIPELINE,2,1.0845101779996185,3.99168
STAGE_FULL_PIPELINE,2,1.1387077049985237,3.95136
STAGE_FULL_PIPELINE,2,1.1929790199974377,3.95136
STAGE_FULL_PIPELINE,2,1.2471764519978024,3.99168
STAGE_FULL_PIPELINE,2,1.301354884999455,3.95136
STAGE_FULL_PIPELINE,2,1.355569587998616,3.95136
STAGE_FULL_PIPELINE,2,1.409733212996798,3.99168
STAGE_FULL_PIPELINE,2,1.464103261998389,3.95136
STAGE_FULL_PIPELINE,2,1.5183004059981613,3.99168
STAGE_FULL_PIPELINE,2,1.5725122629992256,3.95136
STAGE_FULL_PIPELINE,2,1.6267127649989561,3.95136
STAGE_FULL_PIPELINE,2,1.6808780529972864,3.99168
STAGE_FULL_PIPELINE,2,1.7350524559988116,3.95136
STAGE_FULL_PIPELINE,2,1.7893381949979812,3.95136
STAGE_FULL_PIPELINE,2,1.8435108069970738,3.99168
STAGE_FULL_PIPELINE,2,1.8977426860001287,3.95136
STAGE_FULL_PIPELINE,2,1.951893580997421,3.99168
STAGE_FULL_PIPELINE,2,2.006083463998948,3.99168
STAGE_FULL_PIPELINE,2,2.0602825269997993,3.95136
STAGE_FULL_PIPELINE,2,2.114465949998703,3.99168
STAGE_FULL_PIPELINE,2,2.1686250009988726,3.95136
STAGE_FULL_PIPELINE,2,2.2228834579982504,3.95136
STAGE_FULL_PIPELINE,2,2.277074908997747,3.99168
STAGE_FULL_PIPELINE,2,2.331360104999476,3.95136
STAGE_FULL_PIPELINE,2,2.385535882996919,3.99168
STAGE_FULL_PIPELINE,2,2.439748762997624,3.99168
STAGE_FULL_PIPELINE,2,2.494200531997194,3.95136
STAGE_FULL_PIPELINE,2,2.5484407259973523,3.99168
STAGE_FULL_PIPELINE,2,2.6026491919983528,3.95136
STAGE_FULL_PIPELINE,2,2.6569052829981956,3.95136
STAGE_FULL_PIPELINE,2,2.71111314099835,3.99168
STAGE_FULL_PIPELINE,2,2.765303951997339,3.95136
STAGE_FULL_PIPELINE,2,2.819575266999891,3.95136
STAGE_FULL_PIPELINE,2,2.873797485997784,3.99168
STAGE_FULL_PIPELINE,2,2.928006016998552,3.95136
STAGE_FULL_PIPELINE,2,2.9821823069978564,3.99168
STAGE_FULL_PIPELINE,2,3.0363923400000203,3.95136
STAGE_FULL_PIPELINE,2,3.0905796329971054,3.95136
STAGE_FULL_PIPELINE,2,3.144729184998141,3.99168
STAGE_FULL_PIPELINE,2,3.1989846670003317,3.95136
STAGE_FULL_PIPELINE,2,3.253179444996931,3.95136
STAGE_FULL_PIPELINE,2,3.3073401909969107,3.99168
STAGE_FULL_PIPELINE,2,3.3615558849996887,3.95136
STAGE_FULL_PIPELINE,2,3.4157101700002386,3.99168
STAGE_FULL_PIPELINE,2,3.4699106729967752,3.95136
STAGE_FULL_PIPELINE,2,3.5242614039998443,3.95136
STAGE_FULL_PIPELINE,2,3.5784537500003353,3.99168
STAGE_FULL_PIPELINE,2,3.632626201997482,3.95136
STAGE_FULL_PIPELINE,2,3.6868140709993895,3.95136
STAGE_FULL_PIPELINE,2,3.740996565997193,3.99168
STAGE_FULL_PIPELINE,2,3.7953607620002003,3.95136
STAGE_FULL_PIPELINE,2,3.849537211997813,3.95136
STAGE_FULL_PIPELINE,2,3.903726327996992,3.95136
STAGE_FULL_PIPELINE,2,3.9579312119967653,3.95136
STAGE_FULL_PIPELINE,2,4.012087160997908,3.99168
STAGE_FULL_PIPELINE,2,4.06623546499759,3.95136
STAGE_FULL_PIPELINE,2,4.12056770900017,3.95136
STAGE_FULL_PIPELINE,2,4.174731909999537,3.99168
STAGE_FULL_PIPELINE,2,4.2289519859987195,3.95136
STAGE_FULL_PIPELINE,2,4.283135248999315,3.95136
STAGE_FULL_PIPELINE,2,4.337319598998874,3.95136
STAGE_FULL_PIPELINE,2,4.391505580999365,3.95136
STAGE_FULL_PIPELINE,2,4.44565270199746,3.95136
STAGE_FULL_PIPELINE,2,4.499855090998608,3.95136
STAGE_FULL_PIPELINE,2,4.554232241000136,3.95136
STAGE_FULL_PIPELINE,2,4.608443233999424,3.95136
STAGE_FULL_PIPELINE,2,4.662656528998923,3.95136
STAGE_FULL_PIPELINE,2,4.716801826998562,3.95136
STAGE_FULL_PIPELINE,2,4.770989855998778,3.95136
STAGE_FULL_PIPELINE,2,4.825268014999892,3.95136
STAGE_FULL_PIPELINE,2,4.879437044997758,3.99168
STAGE_FULL_PIPELINE,2,4.934605159000057,3.95136
STAGE_FULL_PIPELINE,2,4.988996093998139,3.99168
STAGE_FULL_PIPELINE,2,5.0432607239999925,3.99168
STAGE_FULL_PIPELINE,2,5.0975258339967695,3.95136
STAGE_FULL_PIPELINE,2,5.151702955998189,3.95136
STAGE_FULL_PIPELINE,2,5.2058791179988475,3.95136
STAGE_FULL_PIPELINE,2,5.260112979998667,3.95136
STAGE_FULL_PIPELINE,2,5.314323876998969,3.95136
STAGE_FULL_PIPELINE,2,5.368509058997006,3.91104
STAGE_FULL_PIPELINE,2,5.422740296999109,3.95136
STAGE_FULL_PIPELINE,2,5.4769891269970685,3.95136
STAGE_FULL_PIPELINE,2,5.531489926997892,3.95136
STAGE_FULL_PIPELINE,2,5.585824090998358,3.95136
STAGE_FULL_PIPELINE,2,5.640053953997267,3.95136
STAGE_FULL_PIPELINE,2,5.694280458999856,3.95136
STAGE_FULL_PIPELINE,2,5.748483103998296,3.95136
STAGE_FULL_PIPELINE,2,5.802674874998047,3.91104
STAGE_FULL_PIPELINE,2,5.856939856999816,3.95136
STAGE_FULL_PIPELINE,2,5.911140710999462,3.95136
STAGE_FULL_PIPELINE,2,5.965370414996869,3.91104
STAGE_FULL_PIPELINE,2,6.019575106998673,3.95136
STAGE_FULL_PIPELINE,2,6.073767420999502,3.95136
STAGE_FULL_PIPELINE,2,6.127975822997541,3.95136
STAGE_FULL_PIPELINE,2,6.182139191998431,3.95136
STAGE_FULL_PIPELINE,2,6.236354374999792,3.95136
STAGE_FULL_PIPELINE,2,6.290613119999762,3.95136
STAGE_FULL_PIPELINE,2,6.344763566998154,3.95136
STAGE_FULL_PIPELINE,2,6.3989752319976105,3.91104
STAGE_FULL_PIPELINE,2,6.453506511999876,3.95136
STAGE_FULL_PIPELINE,2,6.507714882998698,3.95136
STAGE_FULL_PIPELINE,2,6.562116244000208,3.95136
STAGE_FULL_PIPELINE,2,6.616292150996742,3.95136
STAGE_FULL_PIPELINE,2,6.670519231996877,3.91104
STAGE_FULL_PIPELINE,2,6.724707707999187,3.95136
STAGE_FULL_PIPELINE,2,6.7788694459995895,3.95136
STAGE_FULL_PIPELINE,2,6.833120354996936,3.91104
STAGE_FULL_PIPELINE,2,6.887359045998892,3.95136
STAGE_FULL_PIPELINE,2,6.941512243000034,3.95136
STAGE_FULL_PIPELINE,2,6.99597638999694,3.95136
STAGE_FULL_PIPELINE,2,7.050266958998691,3.95136
STAGE_FULL_PIPELINE,2,7.104495158997452,3.91104
STAGE_FULL_PIPELINE,2,7.158719169998221,3.95136
STAGE_FULL_PIPELINE,2,7.212895523996849,3.95136
STAGE_FULL_PIPELINE,2,7.267082592999941,3.91104
STAGE_FULL_PIPELINE,2,7.321306922996882,3.95136
STAGE_FULL_PIPELINE,2,7.375509567998961,3.95136
STAGE_FULL_PIPELINE,2,7.42979303699758,3.91104
STAGE_FULL_PIPELINE,2,7.483952663998934,3.95136
STAGE_FULL_PIPELINE,2,7.538152365999849,3.91104
STAGE_FULL_PIPELINE,2,7.592668262997904,3.91104
STAGE_FULL_PIPELINE,2,7.6469436709994625,3.95136
STAGE_FULL_PIPELINE,2,7.701217640998948,3.95136
STAGE_FULL_PIPELINE,2,7.755719207998482,3.99168
STAGE_FULL_PIPELINE,2,7.81009341599929,3.99168
STAGE_FULL_PIPELINE,2,7.864495960999193,3.95136
STAGE_FULL_PIPELINE,2,7.918680694998329,3.99168
STAGE_FULL_PIPELINE,2,7.972879693999857,3.95136
STAGE_FULL_PIPELINE,2,8.027104631997645,3.95136
STAGE_FULL_PIPELINE,2,8.081268799996906,3.99168
STAGE_FULL_PIPELINE,2,8.135452893999172,3.95136
STAGE_FULL_PIPELINE,2,8.189780116998008,3.95136
STAGE_FULL_PIPELINE,2,8.24396229299964,3.99168
STAGE_FULL_PIPELINE,2,8.298248063998471,3.95136
STAGE_FULL_PIPELINE,2,8.352482660997339,3.95136
STAGE_FULL_PIPELINE,2,8.406676414997492,3.95136
STAGE_FULL_PIPELINE,2,8.460920415000146,3.95136
STAGE_FULL_PIPELINE,2,8.515102430999832,3.95136
STAGE_FULL_PIPELINE,2,8.569403587000124,3.95136
STAGE_FULL_PIPELINE,2,8.623895654996886,3.95136
STAGE_FULL_PIPELINE,2,8.678097659998457,3.99168
STAGE_FULL_PIPELINE,2,8.732303791999584,3.95136
STAGE_FULL_PIPELINE,2,8.786546928997268,3.95136
STAGE_FULL_PIPELINE,2,8.84077237800011,3.95136
STAGE_FULL_PIPELINE,2,8.894980332999694,3.95136
STAGE_FULL_PIPELINE,2,8.949163723998936,3.95136
STAGE_FULL_PIPELINE,2,9.003358819998539,3.95136
STAGE_FULL_PIPELINE,2,9.057642064999527,3.95136
STAGE_FULL_PIPELINE,2,9.111834794999595,3.95136
STAGE_FULL_PIPELINE,2,9.16601271699983,3.91104
STAGE_FULL_PIPELINE,2,9.220294329999888,3.95136
STAGE_FULL_PIPELINE,2,9.274572873997386,3.95136
STAGE_FULL_PIPELINE,2,9.328835296997568,3.91104
STAGE_FULL_PIPELINE,2,9.38300336699831,3.95136
STAGE_FULL_PIPELINE,2,9.437287698998261,3.91104
STAGE_FULL_PIPELINE,2,9.491493446999812,3.95136
STAGE_FULL_PIPELINE,2,9.545659597999474,3.95136
STAGE_FULL_PIPELINE,2,9.599855878997914,3.91104
STAGE_FULL_PIPELINE,2,9.654216588998679,3.95136
STAGE_FULL_PIPELINE,2,9.708426141998643,3.95136
STAGE_FULL_PIPELINE,2,9.762727105997328,3.91104
STAGE_FULL_PIPELINE,2,9.816889802998048,3.95136
STAGE_FULL_PIPELINE,2,9.871117683997,3.91104
STAGE_FULL_PIPELINE,2,9.925303249998251,3.95136
STAGE_FULL_PIPELINE,2,9.979498793996754,3.95136
STAGE_FULL_PIPELINE,2,10.033716855999955,3.91104
STAGE_FULL_PIPELINE,2,10.087941633999435,3.95136
STAGE_FULL_PIPELINE,2,10.142105225997511,3.95136
STAGE_FULL_PIPELINE,2,10.196304320998024,3.95136
STAGE_FULL_PIPELINE,2,10.250492477996886,3.95136
STAGE_FULL_PIPELINE,2,10.304753077998612,3.91104
STAGE_FULL_PIPELINE,2,10.358945487998426,3.95136
STAGE_FULL_PIPELINE,2,10.413140744996781,3.95136
STAGE_FULL_PIPELINE,2,10.467406685998867,3.91104
STAGE_FULL_PIPELINE,2,10.521650238999428,3.95136
STAGE_FULL_PIPELINE,2,10.575871211000049,3.95136
STAGE_FULL_PIPELINE,2,10.63012087199968,3.95136
STAGE_FULL_PIPELINE,2,10.684400950998679,3.95136
STAGE_FULL_PIPELINE,2,10.738581974997942,3.95136
STAGE_FULL_PIPELINE,2,10.792784491997736,3.95136
STAGE_FULL_PIPELINE,2,10.847024397997302,3.95136
STAGE_FULL_PIPELINE,2,10.901201807999314,3.91104
STAGE_FULL_PIPELINE,2,10.955485468999541,3.95136
STAGE_FULL_PIPELINE,2,11.009639849999076,3.99168
STAGE_FULL_PIPELINE,2,11.06399451499965,3.95136
STAGE_FULL_PIPELINE,2,11.11816130599982,3.95136
STAGE_FULL_PIPELINE,2,11.17231888599781,3.95136
STAGE_FULL_PIPELINE,2,11.226522170996759,3.95136
STAGE_FULL_PIPELINE,2,11.280747811997571,3.95136
STAGE_FULL_PIPELINE,2,11.33492704499804,3.91104
STAGE_FULL_PIPELINE,2,11.389222059999156,3.95136
STAGE_FULL_PIPELINE,2,11.443723786996998,3.95136
STAGE_FULL_PIPELINE,2,11.498472047998803,3.91104
STAGE_FULL_PIPELINE,2,11.552894134998496,3.95136
STAGE_FULL_PIPELINE,2,11.607114434998948,3.95136
STAGE_FULL_PIPELINE,2,11.661353829997097,3.95136
STAGE_FULL_PIPELINE,2,11.7157510979996,3.95136
STAGE_FULL_PIPELINE,2,11.76996915899872,3.95136
STAGE_FULL_PIPELINE,2,11.82418382999822,3.95136
STAGE_FULL_PIPELINE,2,11.87834438400023,3.99168
STAGE_FULL_PIPELINE,2,11.932560942997952,3.95136
STAGE_FULL_PIPELINE,2,11.986763363998762,3.95136
STAGE_FULL_PIPELINE,2,12.041042002998438,3.99168
STAGE_FULL_PIPELINE,2,12.095374886997888,3.95136
STAGE_FULL_PIPELINE,2,12.149543308998545,3.99168
STAGE_FULL_PIPELINE,2,12.203734247999819,3.95136
STAGE_FULL_PIPELINE,2,12.257943513999635,3.95136
STAGE_FULL_PIPELINE,2,12.312201298998843,3.99168
STAGE_FULL_PIPELINE,2,12.366416066997772,3.95136
STAGE_FULL_PIPELINE,2,12.42063364799833,3.99168
STAGE_FULL_PIPELINE,2,12.474794297999324,3.99168
STAGE_FULL_PIPELINE,2,12.529006889999437,3.95136
STAGE_FULL_PIPELINE,2,12.583224183999846,3.99168
STAGE_FULL_PIPELINE,2,12.637383810997562,3.95136
STAGE_FULL_PIPELINE,2,12.691582489998837,3.95136
STAGE_FULL_PIPELINE,2,12.745857642999908,3.99168
STAGE_FULL_PIPELINE,2,12.800071737998223,3.95136
STAGE_FULL_PIPELINE,2,12.854321047998383,3.99168
STAGE_FULL_PIPELINE,2,12.908491068999865,3.99168
STAGE_FULL_PIPELINE,2,12.962660450997646,3.95136
STAGE_FULL_PIPELINE,2,13.016771653998148,3.99168
STAGE_FULL_PIPELINE,2,13.070940523997706,3.95136
STAGE_FULL_PIPELINE,2,13.12515074899784,3.99168
STAGE_FULL_PIPELINE,2,13.179355600997951,3.99168
STAGE_FULL_PIPELINE,2,13.233552169996983,3.95136
STAGE_FULL_PIPELINE,2,13.287933380997856,3.99168
STAGE_FULL_PIPELINE,2,13.342090352998639,3.99168
STAGE_FULL_PIPELINE,2,13.396300738997525,3.95136
STAGE_FULL_PIPELINE,2,13.450517903998843,3.99168
STAGE_FULL_PIPELINE,2,13.504702030997578,3.95136
STAGE_FULL_PIPELINE,2,13.558888075996947,3.95136
STAGE_FULL_PIPELINE,2,13.613029087999166,3.99168
STAGE_FULL_PIPELINE,2,13.667255976997694,3.95136
STAGE_FULL_PIPELINE,2,13.721650014998886,3.99168
STAGE_FULL_PIPELINE,2,13.775839417998213,3.99168
STAGE_FULL_PIPELINE,2,13.83022878599877,3.95136
STAGE_FULL_PIPELINE,2,13.8843517589994,3.99168
STAGE_FULL_PIPELINE,2,13.93850690799809,3.95136
STAGE_FULL_PIPELINE,2,13.992660361996968,3.99168
STAGE_FULL_PIPELINE,2,14.046812599997793,3.99168
STAGE_FULL_PIPELINE,2,14.100955530997453,3.95136
STAGE_FULL_PIPELINE,2,14.155190927998774,3.99168
STAGE_FULL_PIPELINE,2,14.209311725997395,3.99168
STAGE_FULL_PIPELINE,2,14.26385976599704,3.95136
STAGE_FULL_PIPELINE,2,14.31805684599749,3.99168
STAGE_FULL_PIPELINE,2,14.372296688998176,3.95136
STAGE_FULL_PIPELINE,2,14.426575902998593,3.95136
STAGE_FULL_PIPELINE,2,14.480745380998997,3.99168
STAGE_FULL_PIPELINE,2,14.534928867997223,3.95136
STAGE_FULL_PIPELINE,2,14.58921012999781,3.95136
STAGE_FULL_PIPELINE,2,14.643378040000243,3.99168
STAGE_FULL_PIPELINE,2,14.697787077999237,3.95136
STAGE_FULL_PIPELINE,2,14.75279539999974,3.99168
STAGE_FULL_PIPELINE,2,14.80724406599984,3.99168
STAGE_FULL_PIPELINE,2,14.861519090998627,3.95136
STAGE_FULL_PIPELINE,2,14.915656584998942,3.99168
STAGE_FULL_PIPELINE,2,14.96983204299977,3.95136
STAGE_FULL_PIPELINE,2,15.024002064998058,3.99168
STAGE_FULL_PIPELINE,2,15.078206660997239,3.99168
STAGE_FULL_PIPELINE,2,15.132425521998812,3.99168
STAGE_FULL_PIPELINE,2,15.186939786999574,3.99168
STAGE_FULL_PIPELINE,2,15.241123625997716,3.99168
STAGE_FULL_PIPELINE,2,15.295407477999106,3.99168
STAGE_FULL_PIPELINE,2,15.349540909999632,3.99168
STAGE_FULL_PIPELINE,2,15.403716656997858,3.95136
STAGE_FULL_PIPELINE,2,15.457978567999817,3.99168
STAGE_FULL_PIPELINE,2,15.512108544997318,3.99168
STAGE_FULL_PIPELINE,2,15.566260207997402,3.95136
STAGE_FULL_PIPELINE,2,15.62054444399837,3.99168
STAGE_FULL_PIPELINE,2,15.674769957997341,3.99168
STAGE_FULL_PIPELINE,2,15.728941802997724,3.95136
STAGE_FULL_PIPELINE,2,15.783162454998092,3.99168
STAGE_FULL_PIPELINE,2,15.837367210999219,3.95136
STAGE_FULL_PIPELINE,2,15.89155354399918,3.95136
STAGE_FULL_PIPELINE,2,15.945684544996766,3.99168
STAGE_FULL_PIPELINE,2,15.999868894999963,3.95136
STAGE_FULL_PIPELINE,2,16.054165508998267,3.99168
STAGE_FULL_PIPELINE,2,16.108308247999958,3.99168
STAGE_FULL_PIPELINE,2,16.162649287998647,3.95136
STAGE_FULL_PIPELINE,2,16.216816846997972,3.99168
STAGE_FULL_PIPELINE,2,16.27104277699982,3.95136
STAGE_FULL_PIPELINE,2,16.325224439999147,3.95136
STAGE_FULL_PIPELINE,2,16.379373127998406,3.99168
STAGE_FULL_PIPELINE,2,16.433545643998514,3.95136
STAGE_FULL_PIPELINE,2,16.487844784998742,3.95136
STAGE_FULL_PIPELINE,2,16.5419997099998,3.99168
STAGE_FULL_PIPELINE,2,16.59627044899753,3.95136
STAGE_FULL_PIPELINE,2,16.65046049299781,3.95136
STAGE_FULL_PIPELINE,2,16.70463713499703,3.95136
STAGE_FULL_PIPELINE,2,16.758824011998513,3.95136
STAGE_FULL_PIPELINE,2,16.81302556999799,3.99168
STAGE_FULL_PIPELINE,2,16.867256296998676,3.95136
STAGE_FULL_PIPELINE,2,16.921489070999087,3.95136
STAGE_FULL_PIPELINE,2,16.97564751399841,3.99168
STAGE_FULL_PIPELINE,2,17.030222997000237,3.95136
STAGE_FULL_PIPELINE,2,17.084446078999463,3.99168
STAGE_FULL_PIPELINE,2,17.13868832099979,3.95136
STAGE_FULL_PIPELINE,2,17.19301567099683,3.95136
STAGE_FULL_PIPELINE,2,17.247298659996886,3.99168
STAGE_FULL_PIPELINE,2,17.301569911000115,3.95136
STAGE_FULL_PIPELINE,2,17.35640312099713,3.95136
STAGE_FULL_PIPELINE,2,17.41123441200034,3.95136
STAGE_FULL_PIPELINE,2,17.467744413999753,3.91104
STAGE_FULL_PIPELINE,2,17.52201601699926,3.95136
STAGE_FULL_PIPELINE,2,17.576242553997872,3.95136
STAGE_FULL_PIPELINE,2,17.631312988996797,3.91104
STAGE_FULL_PIPELINE,2,17.68547408700033,3.95136
STAGE_FULL_PIPELINE,2,17.739630451000266,3.95136
STAGE_FULL_PIPELINE,2,17.794064180998248,3.95136
STAGE_FULL_PIPELINE,2,17.848515054000018,3.95136
STAGE_FULL_PIPELINE,2,17.902749234999646,3.95136
STAGE_FULL_PIPELINE,2,17.95720474599875,3.95136
STAGE_FULL_PIPELINE,2,18.01137083299909,3.99168
STAGE_FULL_PIPELINE,2,18.06560974799868,3.95136
STAGE_FULL_PIPELINE,2,18.12055896399761,3.95136
STAGE_FULL_PIPELINE,2,18.175188147997687,3.95136
STAGE_FULL_PIPELINE,2,18.229664351998508,3.95136
STAGE_FULL_PIPELINE,2,18.28404713099735,3.95136
STAGE_FULL_PIPELINE,2,18.339825435999956,3.95136
STAGE_FULL_PIPELINE,2,18.394118467997032,3.95136
STAGE_FULL_PIPELINE,2,18.448319800998433,3.95136
STAGE_FULL_PIPELINE,2,18.50408671999685,3.91104
STAGE_FULL_PIPELINE,2,18.558355699999083,3.95136
STAGE_FULL_PIPELINE,2,18.61259589399924,3.95136
STAGE_FULL_PIPELINE,2,18.666786896999838,3.91104
STAGE_FULL_PIPELINE,2,18.72095506400001,3.95136
STAGE_FULL_PIPELINE,2,18.775156940999295,3.95136
STAGE_FULL_PIPELINE,2,18.829905072998372,3.91104
STAGE_FULL_PIPELINE,2,18.884673578999355,3.95136
STAGE_FULL_PIPELINE,2,18.938883900998917,3.95136
STAGE_FULL_PIPELINE,2,18.99317309399703,3.95136
STAGE_FULL_PIPELINE,2,19.048002817999077,3.95136
STAGE_FULL_PIPELINE,2,19.10218384199834,3.91104
STAGE_FULL_PIPELINE,2,19.156422564999957,3.95136
STAGE_FULL_PIPELINE,2,19.21123744799843,3.95136
STAGE_FULL_PIPELINE,2,19.26591249699777,3.91104
STAGE_FULL_PIPELINE,2,19.322152841999923,3.95136
STAGE_FULL_PIPELINE,2,19.376941945996805,3.95136
STAGE_FULL_PIPELINE,2,19.43129900999702,3.91104
STAGE_FULL_PIPELINE,2,19.4855045339973,3.95136
STAGE_FULL_PIPELINE,2,19.539661153998168,3.95136
STAGE_FULL_PIPELINE,2,19.59390099599841,3.91104
STAGE_FULL_PIPELINE,2,19.648030270000163,3.95136
STAGE_FULL_PIPELINE,2,19.70218151699737,3.91104
STAGE_FULL_PIPELINE,2,19.756328925999696,3.95136
STAGE_FULL_PIPELINE,2,19.810521047998918,3.95136
STAGE_FULL_PIPELINE,2,19.864874977,3.91104
STAGE_FULL_PIPELINE,2,19.9191410789972,3.95136
STAGE_FULL_PIPELINE,2,19.973358340997947,3.95136
STAGE_FULL_PIPELINE,2,20.027595368999755,3.95136
STAGE_FULL_PIPELINE,2,20.08237353399818,3.95136
STAGE_FULL_PIPELINE,2,20.136585229996854,3.91104
STAGE_FULL_PIPELINE,2,20.190793983998446,3.95136
STAGE_FULL_PIPELINE,2,20.244975871999486,3.95136
STAGE_FULL_PIPELINE,2,20.29925895699853,3.91104
STAGE_FULL_PIPELINE,2,20.35344359499868,3.95136
STAGE_FULL_PIPELINE,2,20.40760238999792,3.95136
STAGE_FULL_PIPELINE,2,20.46196489099748,3.91104
STAGE_FULL_PIPELINE,2,20.51617549999719,3.95136
STAGE_FULL_PIPELINE,2,20.57043210199845,3.91104
STAGE_FULL_PIPELINE,2,20.624618595997163,3.95136
STAGE_FULL_PIPELINE,2,20.678754489999847,3.95136
STAGE_FULL_PIPELINE,2,20.732901866998873,3.91104
STAGE_FULL_PIPELINE,2,20.78723615799754,3.95136
STAGE_FULL_PIPELINE,2,20.841485083998123,3.95136
STAGE_FULL_PIPELINE,2,20.896202895997703,3.95136
STAGE_FULL_PIPELINE,2,20.95047197099848,3.95136
STAGE_FULL_PIPELINE,2,21.00468203699711,3.95136
STAGE_FULL_PIPELINE,2,21.058894756999507,3.95136
STAGE_FULL_PIPELINE,2,21.11308886199913,3.95136
STAGE_FULL_PIPELINE,2,21.16725846799818,3.91104
STAGE_FULL_PIPELINE,2,21.221471635999478,3.95136
STAGE_FULL_PIPELINE,2,21.275680901999294,3.95136
STAGE_FULL_PIPELINE,2,21.329974796997703,3.91104
STAGE_FULL_PIPELINE,2,21.38408948599681,3.95136
STAGE_FULL_PIPELINE,2,21.43824204399789,3.91104
STAGE_FULL_PIPELINE,2,21.492431063998083,3.95136
STAGE_FULL_PIPELINE,2,21.54657741799747,3.95136
STAGE_FULL_PIPELINE,2,21.60075293999762,3.91104
STAGE_FULL_PIPELINE,2,21.654990351999004,3.95136
STAGE_FULL_PIPELINE,2,21.709149850998074,3.95136
STAGE_FULL_PIPELINE,2,21.763420845996734,3.91104
STAGE_FULL_PIPELINE,2,21.81759630399756,3.95136
STAGE_FULL_PIPELINE,2,21.87183064599958,3.91104
STAGE_FULL_PIPELINE,2,21.926205875999585,3.95136
STAGE_FULL_PIPELINE,2,21.98040826599754,3.95136
STAGE_FULL_PIPELINE,2,22.034622649000084,3.91104
STAGE_FULL_PIPELINE,2,22.08888219399887,3.95136
STAGE_FULL_PIPELINE,2,22.14301498599889,3.95136
STAGE_FULL_PIPELINE,2,22.19728553299865,3.91104
STAGE_FULL_PIPELINE,2,22.251428847997886,3.95136
STAGE_FULL_PIPELINE,2,22.305657239998254,3.95136
STAGE_FULL_PIPELINE,2,22.359839703000034,3.91104
STAGE_FULL_PIPELINE,2,22.413966577998508,3.95136
STAGE_FULL_PIPELINE,2,22.46814517099847,3.91104
STAGE_FULL_PIPELINE,2,22.522284423997917,3.91104
STAGE_FULL_PIPELINE,2,22.576464871999633,3.95136
STAGE_FULL_PIPELINE,2,22.630641801999445,3.91104
STAGE_FULL_PIPELINE,2,22.684760328997072,3.95136
STAGE_FULL_PIPELINE,2,22.738921778996882,3.91104
STAGE_FULL_PIPELINE,2,22.793154776998563,3.91104
STAGE_FULL_PIPELINE,2,22.847355854999478,3.95136
STAGE_FULL_PIPELINE,2,22.90153473600003,3.91104
STAGE_FULL_PIPELINE,2,22.955983689997083,3.95136
STAGE_FULL_PIPELINE,2,23.010228265997284,3.95136
STAGE_FULL_PIPELINE,2,23.064608389999194,3.91104
STAGE_FULL_PIPELINE,2,23.118767664996994,3.95136
STAGE_FULL_PIPELINE,2,23.172924796999723,3.95136
STAGE_FULL_PIPELINE,2,23.227098272996955,3.95136
STAGE_FULL_PIPELINE,2,23.28131607799878,3.95136
STAGE_FULL_PIPELINE,2,23.33544912599973,3.91104
STAGE_FULL_PIPELINE,2,23.38958498899956,3.95136
STAGE_FULL_PIPELINE,2,23.443703451997862,3.95136
STAGE_FULL_PIPELINE,2,23.497909263998736,3.91104
STAGE_FULL_PIPELINE,2,23.552035146996786,3.95136
STAGE_FULL_PIPELINE,2,23.606166915997164,3.95136
STAGE_FULL_PIPELINE,2,23.66031745899818,3.91104
STAGE_FULL_PIPELINE,2,23.71447436699964,3.95136
STAGE_FULL_PIPELINE,2,23.768605559998832,3.91104
STAGE_FULL_PIPELINE,2,23.822728788996756,3.95136
STAGE_FULL_PIPELINE,2,23.876840023000113,3.95136
STAGE_FULL_PIPELINE,2,23.931012091998127,3.95136
STAGE_FULL_PIPELINE,2,23.985350124999968,3.95136
STAGE_FULL_PIPELINE,2,24.039539656998386,3.95136
STAGE_FULL_PIPELINE,2,24.09374332599691,3.95136
STAGE_FULL_PIPELINE,2,24.147904774999915,3.99168
STAGE_FULL_PIPELINE,2,24.202088293997804,3.95136
STAGE_FULL_PIPELINE,2,24.25625626799956,3.95136
STAGE_FULL_PIPELINE,2,24.310491248998005,3.99168
STAGE_FULL_PIPELINE,2,24.36461332699764,3.95136
STAGE_FULL_PIPELINE,2,24.418724145998567,3.95136
STAGE_FULL_PIPELINE,2,24.47284670299996,3.95136
STAGE_FULL_PIPELINE,2,24.52698362099909,3.95136
STAGE_FULL_PIPELINE,2,24.581198451996897,3.95136
STAGE_FULL_PIPELINE,2,24.63554755199948,3.91104
STAGE_FULL_PIPELINE,2,24.68973941799777,3.95136
STAGE_FULL_PIPELINE,2,24.744385073998274,3.95136
STAGE_FULL_PIPELINE,2,24.79924297499747,3.95136
STAGE_FULL_PIPELINE,2,24.853402826000092,3.95136
STAGE_FULL_PIPELINE,2,24.907815189999383,3.95136
STAGE_FULL_PIPELINE,2,24.962871359999554,3.95136
STAGE_FULL_PIPELINE,2,25.017196343997057,3.95136
STAGE_FULL_PIPELINE,2,25.0713735299978,3.95136
STAGE_FULL_PIPELINE,2,25.12554179200015,3.95136
STAGE_FULL_PIPELINE,2,25.179670585999702,3.99168
STAGE_FULL_PIPELINE,2,25.23383750499852,3.95136
STAGE_FULL_PIPELINE,2,25.288099512999906,3.95136
STAGE_FULL_PIPELINE,2,25.34221532099764,3.99168
STAGE_FULL_PIPELINE,2,25.396674957999494,3.95136
STAGE_FULL_PIPELINE,2,25.45109080799739,3.99168
STAGE_FULL_PIPELINE,2,25.505222353000136,3.95136
STAGE_FULL_PIPELINE,2,25.55935380200026,3.95136
STAGE_FULL_PIPELINE,2,25.613487296999665,3.99168
STAGE_FULL_PIPELINE,2,25.667640110998036,3.95136
STAGE_FULL_PIPELINE,2,25.721879569999146,3.95136
STAGE_FULL_PIPELINE,2,25.776010442998086,3.99168
STAGE_FULL_PIPELINE,2,25.830178737996903,3.95136
STAGE_FULL_PIPELINE,2,25.88431514399781,3.99168
STAGE_FULL_PIPELINE,2,25.938465142997302,3.95136
STAGE_FULL_PIPELINE,2,25.99261904499872,3.95136
STAGE_FULL_PIPELINE,2,26.046905007999158,4.032
STAGE_FULL_PIPELINE,2,26.10108363299878,3.99168
STAGE_FULL_PIPELINE,2,26.15523155399933,3.99168
STAGE_FULL_PIPELINE,2,26.209373268997297,3.99168
STAGE_FULL_PIPELINE,2,26.263558578997618,3.95136
STAGE_FULL_PIPELINE,2,26.317822888999217,3.99168
STAGE_FULL_PIPELINE,2,26.37197330499839,3.95136
STAGE_FULL_PIPELINE,2,26.426121384996804,3.95136
STAGE_FULL_PIPELINE,2,26.480263164998178,3.99168
STAGE_FULL_PIPELINE,2,26.5344495299978,3.95136
STAGE_FULL_PIPELINE,2,26.58981600900006,3.95136
STAGE_FULL_PIPELINE,2,26.643972341000335,3.99168
STAGE_FULL_PIPELINE,2,26.699352732997795,3.95136
STAGE_FULL_PIPELINE,2,26.75398738599688,3.99168
STAGE_FULL_PIPELINE,2,26.80827795499863,3.99168
STAGE_FULL_PIPELINE,2,26.86264266299986,3.95136
STAGE_FULL_PIPELINE,2,26.916794549997576,3.99168
STAGE_FULL_PIPELINE,2,26.97092148899901,3.95136
STAGE_FULL_PIPELINE,2,27.02509426100005,3.99168
STAGE_FULL_PIPELINE,2,27.07948756299811,3.99168
STAGE_FULL_PIPELINE,2,27.13368301099763,3.95136
STAGE_FULL_PIPELINE,2,27.187911818997236,3.99168
STAGE_FULL_PIPELINE,2,27.242077138998866,4.032
STAGE_FULL_PIPELINE,2,27.296453073999146,3.99168
STAGE_FULL_PIPELINE,2,27.350604703999124,3.99168
STAGE_FULL_PIPELINE,2,27.40477715599991,3.95136
STAGE_FULL_PIPELINE,2,27.459038588000112,3.99168
STAGE_FULL_PIPELINE,2,27.51318618899677,3.99168
STAGE_FULL_PIPELINE,2,27.567362574998697,3.95136
STAGE_FULL_PIPELINE,2,27.62156505999883,3.99168
STAGE_FULL_PIPELINE,2,27.6756888969976,3.99168
STAGE_FULL_PIPELINE,2,27.72999820899713,3.95136
STAGE_FULL_PIPELINE,2,27.78410525399886,3.99168
STAGE_FULL_PIPELINE,2,27.838262384997506,3.95136
STAGE_FULL_PIPELINE,2,27.892467140998633,3.95136
STAGE_FULL_PIPELINE,2,27.94661762099713,3.99168
STAGE_FULL_PIPELINE,2,28.00082026599921,3.95136
STAGE_FULL_PIPELINE,2,28.055391941998096,3.99168
STAGE_FULL_PIPELINE,2,28.10966610399919,3.99168
STAGE_FULL_PIPELINE,2,28.164027356997394,3.95136
STAGE_FULL_PIPELINE,2,28.21845993599709,3.99168
STAGE_FULL_PIPELINE,2,28.272860465996928,3.99168
STAGE_FULL_PIPELINE,2,28.327140639998106,3.95136
STAGE_FULL_PIPELINE,2,28.38192312299725,3.99168
STAGE_FULL_PIPELINE,2,28.436168722997536,3.95136
STAGE_FULL_PIPELINE,2,28.490299435998168,3.95136
STAGE_FULL_PIPELINE,2,28.544474127000285,3.99168
STAGE_FULL_PIPELINE,2,28.598698136996973,3.95136
STAGE_FULL_PIPELINE,2,28.65285658099674,3.95136
STAGE_FULL_PIPELINE,2,28.707343914997182,3.99168
STAGE_FULL_PIPELINE,2,28.76302984999711,3.95136
STAGE_FULL_PIPELINE,2,28.81723409499682,3.95136
STAGE_FULL_PIPELINE,2,28.871448861998942,3.95136
STAGE_FULL_PIPELINE,2,28.925593391999428,3.95136
STAGE_FULL_PIPELINE,2,28.97971374199915,3.99168
STAGE_FULL_PIPELINE,2,29.033875511999213,3.95136
STAGE_FULL_PIPELINE,2,29.088174748998426,3.99168
STAGE_FULL_PIPELINE,2,29.142426616999728,3.99168
STAGE_FULL_PIPELINE,2,29.196623888998147,3.95136
STAGE_FULL_PIPELINE,2,29.25079371799802,3.99168
STAGE_FULL_PIPELINE,2,29.305071301998396,3.95136
STAGE_FULL_PIPELINE,2,29.359221716997126,3.95136
STAGE_FULL_PIPELINE,2,29.413357579996955,3.99168
STAGE_FULL_PIPELINE,2,29.46753390199956,3.95136
STAGE_FULL_PIPELINE,2,29.521687707998353,3.95136
STAGE_FULL_PIPELINE,2,29.5758515239977,3.99168
STAGE_FULL_PIPELINE,2,29.630002738998883,3.95136
STAGE_FULL_PIPELINE,2,29.68415958299738,3.95136
STAGE_FULL_PIPELINE,2,29.73831645899918,3.95136
STAGE_FULL_PIPELINE,2,29.792546163000225,3.95136
STAGE_FULL_PIPELINE,2,29.84669235599722,3.99168
STAGE_FULL_PIPELINE,2,29.900842482998996,3.95136
STAGE_FULL_PIPELINE,2,29.95499120399836,3.95136
STAGE_FULL_PIPELINE,2,30.009155403997283,3.95136
BASELINE_IDLE,3,0.0013097759983793367,3.109568
BASELINE_IDLE,3,0.0556383420007478,3.109568
BASELINE_IDLE,3,0.11301223299960839,3.109568
BASELINE_IDLE,3,0.16729634199873544,3.109568
BASELINE_IDLE,3,0.22150237700043363,3.109568
BASELINE_IDLE,3,0.275692388000607,3.109568
BASELINE_IDLE,3,0.329867814998579,3.109568
BASELINE_IDLE,3,0.38407231499877525,3.109568
BASELINE_IDLE,3,0.43819065099887666,3.109568
BASELINE_IDLE,3,0.49231084100028966,3.109568
BASELINE_IDLE,3,0.5464368840002862,3.109568
BASELINE_IDLE,3,0.6005799749982543,3.109568
BASELINE_IDLE,3,0.6547078740004508,3.109568
BASELINE_IDLE,3,0.7088383629998134,3.109568
BASELINE_IDLE,3,0.7629989810011466,3.109568
BASELINE_IDLE,3,0.8171129990005284,3.109568
BASELINE_IDLE,3,0.8712589360002312,3.109568
BASELINE_IDLE,3,0.925368891999824,3.109568
BASELINE_IDLE,3,0.9794723859995429,3.109568
BASELINE_IDLE,3,1.0335793029989873,3.109568
BASELINE_IDLE,3,1.0877174369998102,3.109568
BASELINE_IDLE,3,1.1419228009981452,3.109568
BASELINE_IDLE,3,1.19616417799989,3.109568
BASELINE_IDLE,3,1.25036992600144,3.109568
BASELINE_IDLE,3,1.3044953940006963,3.109568
BASELINE_IDLE,3,1.3586922499998764,3.109568
BASELINE_IDLE,3,1.4128104890005488,3.109568
BASELINE_IDLE,3,1.4669266169985349,3.109568
BASELINE_IDLE,3,1.5211002209980506,3.109568
BASELINE_IDLE,3,1.5752777269990474,3.109568
BASELINE_IDLE,3,1.6293789189985546,3.109568
BASELINE_IDLE,3,1.6835071050008992,3.109568
BASELINE_IDLE,3,1.7376848029998655,3.109568
BASELINE_IDLE,3,1.7919158170006995,3.109568
BASELINE_IDLE,3,1.8460412849999557,3.109568
BASELINE_IDLE,3,1.9001767640002072,3.109568
BASELINE_IDLE,3,1.9542996089985536,3.109568
BASELINE_IDLE,3,2.0084118989980198,3.109568
BASELINE_IDLE,3,2.0626002799981507,3.109568
BASELINE_IDLE,3,2.116777209997963,3.109568
BASELINE_IDLE,3,2.1710458699999435,3.109568
BASELINE_IDLE,3,2.225300967998919,3.109568
BASELINE_IDLE,3,2.279447513999912,3.109568
BASELINE_IDLE,3,2.3335819370004174,3.109568
BASELINE_IDLE,3,2.387792225999874,3.109568
BASELINE_IDLE,3,2.441947598999832,3.109568
BASELINE_IDLE,3,2.4960617440010537,3.109568
BASELINE_IDLE,3,2.5503007549996255,3.149952
BASELINE_IDLE,3,2.605365464998613,3.149952
BASELINE_IDLE,3,2.6595571719990403,3.149952
BASELINE_IDLE,3,2.713680656001088,3.149952
BASELINE_IDLE,3,2.7678024460001325,3.109568
BASELINE_IDLE,3,2.821949470999243,3.109568
BASELINE_IDLE,3,2.876104459999624,3.109568
BASELINE_IDLE,3,2.930228328001249,3.109568
BASELINE_IDLE,3,2.984358017998602,3.109568
BASELINE_IDLE,3,3.03849730300135,3.109568
BASELINE_IDLE,3,3.0926260329979414,3.109568
BASELINE_IDLE,3,3.1467354129999876,3.109568
BASELINE_IDLE,3,3.2009620139979233,3.109568
BASELINE_IDLE,3,3.255167729999812,3.109568
BASELINE_IDLE,3,3.3093721980003465,3.109568
BASELINE_IDLE,3,3.3636110170009488,3.109568
BASELINE_IDLE,3,3.4177330620004795,3.109568
BASELINE_IDLE,3,3.4718764089993783,3.109568
BASELINE_IDLE,3,3.5260824440010765,3.109568
BASELINE_IDLE,3,3.58022758199877,3.109568
BASELINE_IDLE,3,3.634359575000417,3.109568
BASELINE_IDLE,3,3.6884982519986806,3.109568
BASELINE_IDLE,3,3.7426653949987667,3.109568
BASELINE_IDLE,3,3.796865289001289,3.109568
BASELINE_IDLE,3,3.8510237320006127,3.109568
BASELINE_IDLE,3,3.9051696700007597,3.109568
BASELINE_IDLE,3,3.959363743000722,3.109568
BASELINE_IDLE,3,4.013476480999088,3.109568
BASELINE_IDLE,3,4.067609146000905,3.109568
BASELINE_IDLE,3,4.121715070999926,3.109568
BASELINE_IDLE,3,4.175871242998255,3.109568
BASELINE_IDLE,3,4.230153049000364,3.109568
BASELINE_IDLE,3,4.2843233899984625,3.109568
BASELINE_IDLE,3,4.338486534998083,3.109568
BASELINE_IDLE,3,4.3926861100007955,3.109568
BASELINE_IDLE,3,4.446813943999587,3.109568
BASELINE_IDLE,3,4.500930872000026,3.109568
BASELINE_IDLE,3,4.555045050001354,3.109568
BASELINE_IDLE,3,4.609148192997964,3.109568
BASELINE_IDLE,3,4.663295921000099,3.109568
BASELINE_IDLE,3,4.7173879020010645,3.109568
BASELINE_IDLE,3,4.771509722999326,3.109568
BASELINE_IDLE,3,4.825650511000276,3.109568
BASELINE_IDLE,3,4.879773387998284,3.109568
BASELINE_IDLE,3,4.9339191020008,3.109568
BASELINE_IDLE,3,4.988039804000437,3.109568
BASELINE_IDLE,3,5.042190890999336,3.109568
BASELINE_IDLE,3,5.096312360998127,3.109568
BASELINE_IDLE,3,5.150417741999263,3.109568
BASELINE_IDLE,3,5.204575257997931,3.109568
BASELINE_IDLE,3,5.258881754998583,3.109568
BASELINE_IDLE,3,5.31306843999846,3.109568
BASELINE_IDLE,3,5.367265839999163,3.109568
BASELINE_IDLE,3,5.42144887899849,3.109568
BASELINE_IDLE,3,5.475584870000603,3.109568
BASELINE_IDLE,3,5.529762854999717,3.109568
BASELINE_IDLE,3,5.5839288140014105,3.109568
BASELINE_IDLE,3,5.638048845001322,3.109568
BASELINE_IDLE,3,5.692203321999841,3.109568
BASELINE_IDLE,3,5.746421320000081,3.109568
BASELINE_IDLE,3,5.800622812999791,3.114496
BASELINE_IDLE,3,5.854777865999495,3.109568
BASELINE_IDLE,3,5.908896648998052,3.109568
BASELINE_IDLE,3,5.9630256989985355,3.109568
BASELINE_IDLE,3,6.017139908999525,3.114496
BASELINE_IDLE,3,6.071293394001259,3.114496
BASELINE_IDLE,3,6.12540565299787,3.109568
BASELINE_IDLE,3,6.1795313760012505,3.109568
BASELINE_IDLE,3,6.233768787998997,3.109568
BASELINE_IDLE,3,6.288185694000276,3.109568
BASELINE_IDLE,3,6.342353955998988,3.109568
BASELINE_IDLE,3,6.396539713998209,3.109568
BASELINE_IDLE,3,6.450680789999751,3.109568
BASELINE_IDLE,3,6.504807184999663,3.109568
BASELINE_IDLE,3,6.558926863999659,3.109568
BASELINE_IDLE,3,6.6130431839992525,3.109568
BASELINE_IDLE,3,6.667162798999925,3.109568
BASELINE_IDLE,3,6.721297861000494,3.109568
BASELINE_IDLE,3,6.775428222998016,3.109568
BASELINE_IDLE,3,6.829541472998244,3.109568
BASELINE_IDLE,3,6.883668091999425,3.109568
BASELINE_IDLE,3,6.937766596998699,3.109568
BASELINE_IDLE,3,6.991888131000451,3.109568
BASELINE_IDLE,3,7.046011455000553,3.109568
BASELINE_IDLE,3,7.100113255000906,3.109568
BASELINE_IDLE,3,7.154214318998129,3.109568
BASELINE_IDLE,3,7.2086153290001675,3.109568
BASELINE_IDLE,3,7.262788517000445,3.109568
BASELINE_IDLE,3,7.3171173709997674,3.109568
BASELINE_IDLE,3,7.371594215001096,3.109568
BASELINE_IDLE,3,7.425798842999939,3.109568
BASELINE_IDLE,3,7.479998448998231,3.109568
BASELINE_IDLE,3,7.53413501599789,3.109568
BASELINE_IDLE,3,7.588271198001166,3.109568
BASELINE_IDLE,3,7.642434246998164,3.114496
BASELINE_IDLE,3,7.696663917999103,3.109568
BASELINE_IDLE,3,7.750817723997898,3.109568
BASELINE_IDLE,3,7.804988576997857,3.109568
BASELINE_IDLE,3,7.859178875998623,3.114496
BASELINE_IDLE,3,7.913334504999511,3.109568
BASELINE_IDLE,3,7.967463779001264,3.109568
BASELINE_IDLE,3,8.021628203001455,3.109568
BASELINE_IDLE,3,8.075844408998819,3.114496
BASELINE_IDLE,3,8.130050061001384,3.109568
BASELINE_IDLE,3,8.18427039299786,3.114496
BASELINE_IDLE,3,8.238498817998334,3.109568
BASELINE_IDLE,3,8.292669798000134,3.109568
BASELINE_IDLE,3,8.347046531998785,3.114496
BASELINE_IDLE,3,8.40132286899825,3.109568
BASELINE_IDLE,3,8.455469606000406,3.109568
BASELINE_IDLE,3,8.509609337997972,3.109568
BASELINE_IDLE,3,8.56373771699873,3.109568
BASELINE_IDLE,3,8.617863600000419,3.109568
BASELINE_IDLE,3,8.672007459001179,3.109568
BASELINE_IDLE,3,8.726200092998624,3.109568
BASELINE_IDLE,3,8.780350188000739,3.109568
BASELINE_IDLE,3,8.834487297997839,3.109568
BASELINE_IDLE,3,8.888689622999664,3.109568
BASELINE_IDLE,3,8.942853024000215,3.109568
BASELINE_IDLE,3,8.997007468999072,3.109568
BASELINE_IDLE,3,9.05122108499927,3.109568
BASELINE_IDLE,3,9.105374987000687,3.109568
BASELINE_IDLE,3,9.159511680998548,3.109568
BASELINE_IDLE,3,9.213682757999777,3.109568
BASELINE_IDLE,3,9.267819484000938,3.109568
BASELINE_IDLE,3,9.32200338599796,3.109568
BASELINE_IDLE,3,9.37638207100099,3.109568
BASELINE_IDLE,3,9.430631252998865,3.109568
BASELINE_IDLE,3,9.484829900000477,3.109568
BASELINE_IDLE,3,9.539286946001084,3.109568
BASELINE_IDLE,3,9.593429332999222,3.109568
BASELINE_IDLE,3,9.64753768999799,3.109568
BASELINE_IDLE,3,9.701672784998664,3.109568
BASELINE_IDLE,3,9.755784594999568,3.109568
BASELINE_IDLE,3,9.80993859299997,3.109568
BASELINE_IDLE,3,9.864097483998194,3.109568
BASELINE_IDLE,3,9.918215211000643,3.109568
BASELINE_IDLE,3,9.972318738000467,3.109568
BASELINE_IDLE,3,10.02644193499873,3.109568
BASELINE_IDLE,3,10.080607413998223,3.109568
BASELINE_IDLE,3,10.13472395899953,3.109568
BASELINE_IDLE,3,10.188833241998509,3.109568
BASELINE_IDLE,3,10.243014073999802,3.109568
BASELINE_IDLE,3,10.297152944000118,3.109568
BASELINE_IDLE,3,10.351469035998889,3.109568
BASELINE_IDLE,3,10.405665668000438,3.109568
BASELINE_IDLE,3,10.459812852997857,3.109568
BASELINE_IDLE,3,10.513977500999317,3.109568
BASELINE_IDLE,3,10.568121039999824,3.109568
BASELINE_IDLE,3,10.622248873998615,3.109568
BASELINE_IDLE,3,10.67634932999863,3.109568
BASELINE_IDLE,3,10.730488999000954,3.109568
BASELINE_IDLE,3,10.784638711000298,3.109568
BASELINE_IDLE,3,10.838760851998813,3.109568
BASELINE_IDLE,3,10.89289511500101,3.109568
BASELINE_IDLE,3,10.947009037001408,3.109568
BASELINE_IDLE,3,11.001161755000794,3.109568
BASELINE_IDLE,3,11.05534773600084,3.109568
BASELINE_IDLE,3,11.10944534599912,3.109568
BASELINE_IDLE,3,11.163555781000468,3.109568
BASELINE_IDLE,3,11.217689820998203,3.109568
BASELINE_IDLE,3,11.27179638600137,3.109568
BASELINE_IDLE,3,11.325933399999485,3.109568
BASELINE_IDLE,3,11.38011256900063,3.109568
BASELINE_IDLE,3,11.434246767999866,3.109568
BASELINE_IDLE,3,11.488400253998407,3.109568
BASELINE_IDLE,3,11.542543376999674,3.109568
BASELINE_IDLE,3,11.596656818997872,3.109568
BASELINE_IDLE,3,11.650796838999668,3.109568
BASELINE_IDLE,3,11.704934076999052,3.109568
BASELINE_IDLE,3,11.759045055998286,3.109568
BASELINE_IDLE,3,11.81318232600097,3.109568
BASELINE_IDLE,3,11.867320203000418,3.109568
BASELINE_IDLE,3,11.921452356000373,3.109568
BASELINE_IDLE,3,11.975569316000474,3.109568
BASELINE_IDLE,3,12.029664493999007,3.109568
BASELINE_IDLE,3,12.083822010001313,3.109568
BASELINE_IDLE,3,12.13796244599871,3.109568
BASELINE_IDLE,3,12.192058329001156,3.109568
BASELINE_IDLE,3,12.246211526999105,3.109568
BASELINE_IDLE,3,12.300319306999882,3.109568
BASELINE_IDLE,3,12.354461822000303,3.109568
BASELINE_IDLE,3,12.408727956000803,3.109568
BASELINE_IDLE,3,12.462878850998095,3.109568
BASELINE_IDLE,3,12.51701928699913,3.109568
BASELINE_IDLE,3,12.57116221799879,3.109568
BASELINE_IDLE,3,12.625319637998473,3.109568
BASELINE_IDLE,3,12.679418527000962,3.109568
BASELINE_IDLE,3,12.733563185000094,3.109568
BASELINE_IDLE,3,12.78774603200145,3.109568
BASELINE_IDLE,3,12.842723234000005,3.109568
BASELINE_IDLE,3,12.896895781999774,3.109568
BASELINE_IDLE,3,12.951021856999432,3.109568
BASELINE_IDLE,3,13.00514972399833,3.109568
BASELINE_IDLE,3,13.059330619998946,3.109568
BASELINE_IDLE,3,13.113481803000468,3.109568
BASELINE_IDLE,3,13.167602473000443,3.109568
BASELINE_IDLE,3,13.22174418799841,3.109568
BASELINE_IDLE,3,13.275895562997903,3.109568
BASELINE_IDLE,3,13.330025061000924,3.109568
BASELINE_IDLE,3,13.38421104200097,3.109568
BASELINE_IDLE,3,13.438515237001411,3.109568
BASELINE_IDLE,3,13.492652826000267,3.109568
BASELINE_IDLE,3,13.546841878000123,3.109568
BASELINE_IDLE,3,13.600994436001201,3.109568
BASELINE_IDLE,3,13.655131130999507,3.109568
BASELINE_IDLE,3,13.709331728998222,3.109568
BASELINE_IDLE,3,13.763442036000924,3.109568
BASELINE_IDLE,3,13.817556309000793,3.109568
BASELINE_IDLE,3,13.871732727999188,3.109568
BASELINE_IDLE,3,13.925863665001089,3.109568
BASELINE_IDLE,3,13.9800044529984,3.109568
BASELINE_IDLE,3,14.03412333199958,3.109568
BASELINE_IDLE,3,14.088236868999957,3.109568
BASELINE_IDLE,3,14.142374267001287,3.109568
BASELINE_IDLE,3,14.196480639999209,3.109568
BASELINE_IDLE,3,14.250679798999045,3.109568
BASELINE_IDLE,3,14.304809968998597,3.109568
BASELINE_IDLE,3,14.358974040998874,3.109568
BASELINE_IDLE,3,14.413124488000904,3.109568
BASELINE_IDLE,3,14.467349425998691,3.109568
BASELINE_IDLE,3,14.521486824000021,3.109568
BASELINE_IDLE,3,14.575630682000337,3.109568
BASELINE_IDLE,3,14.629760052001075,3.109568
BASELINE_IDLE,3,14.683889069998258,3.109568
BASELINE_IDLE,3,14.738030529999378,3.109568
BASELINE_IDLE,3,14.792186127000605,3.109568
BASELINE_IDLE,3,14.846328801999334,3.109568
BASELINE_IDLE,3,14.900474227000814,3.109568
BASELINE_IDLE,3,14.954622371998994,3.109568
STAGE_FULL_PIPELINE,3,0.0013367389983613975,3.109568
STAGE_FULL_PIPELINE,3,0.055737492999469396,3.23072
STAGE_FULL_PIPELINE,3,0.1098987510013103,3.392256
STAGE_FULL_PIPELINE,3,0.16404606300056912,3.513408
STAGE_FULL_PIPELINE,3,0.21826319699903252,3.594176
STAGE_FULL_PIPELINE,3,0.27249491600014153,3.594176
STAGE_FULL_PIPELINE,3,0.32679840700075147,3.66912
STAGE_FULL_PIPELINE,3,0.38107167199996184,3.74976
STAGE_FULL_PIPELINE,3,0.43524754700047197,3.8304
STAGE_FULL_PIPELINE,3,0.48959655100043165,3.91104
STAGE_FULL_PIPELINE,3,0.5438488670006336,3.91104
STAGE_FULL_PIPELINE,3,0.5983104549995915,3.91104
STAGE_FULL_PIPELINE,3,0.6526082519994816,3.99168
STAGE_FULL_PIPELINE,3,0.7067656719991646,4.07232
STAGE_FULL_PIPELINE,3,0.7609401070003514,4.07232
STAGE_FULL_PIPELINE,3,0.8151493090008444,4.07232
STAGE_FULL_PIPELINE,3,0.8694627469994884,4.032
STAGE_FULL_PIPELINE,3,0.9236618739996629,4.07232
STAGE_FULL_PIPELINE,3,0.9778335580012936,4.11264
STAGE_FULL_PIPELINE,3,1.03223642300145,4.15296
STAGE_FULL_PIPELINE,3,1.0866835540000466,4.15296
STAGE_FULL_PIPELINE,3,1.1416242300001613,4.11264
STAGE_FULL_PIPELINE,3,1.1958880919992225,4.11264
STAGE_FULL_PIPELINE,3,1.2501103440008592,4.19328
STAGE_FULL_PIPELINE,3,1.304301857999235,4.15296
STAGE_FULL_PIPELINE,3,1.35869212200123,4.15296
STAGE_FULL_PIPELINE,3,1.4129441500008397,4.11264
STAGE_FULL_PIPELINE,3,1.468935564000276,4.15296
STAGE_FULL_PIPELINE,3,1.523154041999078,4.2336
STAGE_FULL_PIPELINE,3,1.5772984440009168,4.2336
STAGE_FULL_PIPELINE,3,1.6316112099993916,4.27392
STAGE_FULL_PIPELINE,3,1.6858113919988682,4.31424
STAGE_FULL_PIPELINE,3,1.7414690209989203,4.2336
STAGE_FULL_PIPELINE,3,1.795744269998977,4.2336
STAGE_FULL_PIPELINE,3,1.849892127000203,4.19328
STAGE_FULL_PIPELINE,3,1.9052799070013862,4.2336
STAGE_FULL_PIPELINE,3,1.9593897990016558,4.27392
STAGE_FULL_PIPELINE,3,2.0135106929992617,4.27392
STAGE_FULL_PIPELINE,3,2.0678629909998563,4.2336
STAGE_FULL_PIPELINE,3,2.122137088001182,4.2336
STAGE_FULL_PIPELINE,3,2.1763878050005587,4.2336
STAGE_FULL_PIPELINE,3,2.230608712998219,4.2336
STAGE_FULL_PIPELINE,3,2.2847218349998,4.27392
STAGE_FULL_PIPELINE,3,2.339348556000914,4.19328
STAGE_FULL_PIPELINE,3,2.3937788949988317,4.19328
STAGE_FULL_PIPELINE,3,2.4479927669999597,4.2336
STAGE_FULL_PIPELINE,3,2.5023056290010572,4.2336
STAGE_FULL_PIPELINE,3,2.55680786800076,4.2336
STAGE_FULL_PIPELINE,3,2.6110308870011067,4.19328
STAGE_FULL_PIPELINE,3,2.6653716069995426,4.2336
STAGE_FULL_PIPELINE,3,2.7195942100006505,4.27392
STAGE_FULL_PIPELINE,3,2.774251732000266,4.27392
STAGE_FULL_PIPELINE,3,2.8285092929982056,4.31424
STAGE_FULL_PIPELINE,3,2.8826931639996474,4.31424
STAGE_FULL_PIPELINE,3,2.9369941279983323,4.31424
STAGE_FULL_PIPELINE,3,2.9916566710016923,4.31424
STAGE_FULL_PIPELINE,3,3.0467651350008964,4.27392
STAGE_FULL_PIPELINE,3,3.102386718001071,4.2336
STAGE_FULL_PIPELINE,3,3.156820735999645,4.2336
STAGE_FULL_PIPELINE,3,3.212279455998214,4.31424
STAGE_FULL_PIPELINE,3,3.2664400419998856,4.31424
STAGE_FULL_PIPELINE,3,3.320835870999872,4.31424
STAGE_FULL_PIPELINE,3,3.3754339660008554,4.2336
STAGE_FULL_PIPELINE,3,3.429724759000237,4.2336
STAGE_FULL_PIPELINE,3,3.4848041820005164,4.2336
STAGE_FULL_PIPELINE,3,3.5390542909990472,4.2336
STAGE_FULL_PIPELINE,3,3.5936049859992636,4.2336
STAGE_FULL_PIPELINE,3,3.648754772999382,4.2336
STAGE_FULL_PIPELINE,3,3.7068022150015167,4.19328
STAGE_FULL_PIPELINE,3,3.761021811998944,4.2336
STAGE_FULL_PIPELINE,3,3.8151327909981774,4.2336
STAGE_FULL_PIPELINE,3,3.8694410790012626,4.19328
STAGE_FULL_PIPELINE,3,3.9258712500013644,4.19328
STAGE_FULL_PIPELINE,3,3.9801313060015673,4.2336
STAGE_FULL_PIPELINE,3,4.034525950999523,4.2336
STAGE_FULL_PIPELINE,3,4.088802287998988,4.2336
STAGE_FULL_PIPELINE,3,4.143062695999106,4.19328
STAGE_FULL_PIPELINE,3,4.204796836998867,4.19328
STAGE_FULL_PIPELINE,3,4.2594660649992875,4.2336
STAGE_FULL_PIPELINE,3,4.313652078999439,4.2336
STAGE_FULL_PIPELINE,3,4.368138197998633,4.19328
STAGE_FULL_PIPELINE,3,4.422323091999715,4.2336
STAGE_FULL_PIPELINE,3,4.476452972998231,4.27392
STAGE_FULL_PIPELINE,3,4.530634220998763,4.19328
STAGE_FULL_PIPELINE,3,4.585009099999297,4.19328
STAGE_FULL_PIPELINE,3,4.639181872000336,4.19328
STAGE_FULL_PIPELINE,3,4.693329729001562,4.2336
STAGE_FULL_PIPELINE,3,4.747473683000862,4.2336
STAGE_FULL_PIPELINE,3,4.801764444000582,4.19328
STAGE_FULL_PIPELINE,3,4.856075707000855,4.19328
STAGE_FULL_PIPELINE,3,4.910253277001175,4.2336
STAGE_FULL_PIPELINE,3,4.96437516199876,4.2336
STAGE_FULL_PIPELINE,3,5.018516269999964,4.2336
STAGE_FULL_PIPELINE,3,5.07298441400053,4.15296
STAGE_FULL_PIPELINE,3,5.12719614299931,4.19328
STAGE_FULL_PIPELINE,3,5.1813433280003665,4.2336
STAGE_FULL_PIPELINE,3,5.235540024001239,4.19328
STAGE_FULL_PIPELINE,3,5.289726484999846,4.19328
STAGE_FULL_PIPELINE,3,5.343897914000991,4.19328
STAGE_FULL_PIPELINE,3,5.3980281469994225,4.19328
STAGE_FULL_PIPELINE,3,5.452167751998786,4.2336
STAGE_FULL_PIPELINE,3,5.507960800998262,4.19328
STAGE_FULL_PIPELINE,3,5.569487623000896,4.15296
STAGE_FULL_PIPELINE,3,5.624090516001161,4.2336
STAGE_FULL_PIPELINE,3,5.678333939998993,4.2336
STAGE_FULL_PIPELINE,3,5.732690844000899,4.19328
STAGE_FULL_PIPELINE,3,5.787100490000739,4.19328
STAGE_FULL_PIPELINE,3,5.841429632000654,4.2336
STAGE_FULL_PIPELINE,3,5.896088272998895,4.2336
STAGE_FULL_PIPELINE,3,5.950292164998245,4.2336
STAGE_FULL_PIPELINE,3,6.0046065940005064,4.19328
STAGE_FULL_PIPELINE,3,6.058803674000956,4.2336
STAGE_FULL_PIPELINE,3,6.1129419680000865,4.2336
STAGE_FULL_PIPELINE,3,6.167120272999455,4.19328
STAGE_FULL_PIPELINE,3,6.221445768998819,4.19328
STAGE_FULL_PIPELINE,3,6.275833313000476,4.2336
STAGE_FULL_PIPELINE,3,6.33004548900135,4.2336
STAGE_FULL_PIPELINE,3,6.384211385000526,4.27392
STAGE_FULL_PIPELINE,3,6.438351278000482,4.27392
STAGE_FULL_PIPELINE,3,6.492494048998196,4.27392
STAGE_FULL_PIPELINE,3,6.546710831000382,4.27392
STAGE_FULL_PIPELINE,3,6.600855041000614,4.31424
STAGE_FULL_PIPELINE,3,6.655241241998738,4.31424
STAGE_FULL_PIPELINE,3,6.709562675998313,4.35456
STAGE_FULL_PIPELINE,3,6.763819566000166,4.31424
STAGE_FULL_PIPELINE,3,6.8180601759995625,4.35456
STAGE_FULL_PIPELINE,3,6.872260102998553,4.31424
STAGE_FULL_PIPELINE,3,6.926446435998514,4.31424
STAGE_FULL_PIPELINE,3,6.980690691998461,4.27392
STAGE_FULL_PIPELINE,3,7.035087095999188,4.27392
STAGE_FULL_PIPELINE,3,7.089373060000071,4.31424
STAGE_FULL_PIPELINE,3,7.143530542998633,4.27392
STAGE_FULL_PIPELINE,3,7.197833267000533,4.2336
STAGE_FULL_PIPELINE,3,7.252034121000179,4.2336
STAGE_FULL_PIPELINE,3,7.306333612999879,4.2336
STAGE_FULL_PIPELINE,3,7.360502866999013,4.27392
STAGE_FULL_PIPELINE,3,7.414719936998154,4.2336
STAGE_FULL_PIPELINE,3,7.469240727001306,4.19328
STAGE_FULL_PIPELINE,3,7.523440429999027,4.2336
STAGE_FULL_PIPELINE,3,7.577845469000749,4.27392
STAGE_FULL_PIPELINE,3,7.63220221300071,4.2336
STAGE_FULL_PIPELINE,3,7.686390113998641,4.2336
STAGE_FULL_PIPELINE,3,7.7405753919993,4.2336
STAGE_FULL_PIPELINE,3,7.794697116998577,4.2336
STAGE_FULL_PIPELINE,3,7.848805313999037,4.2336
STAGE_FULL_PIPELINE,3,7.90301483499934,4.19328
STAGE_FULL_PIPELINE,3,7.957144845000585,4.19328
STAGE_FULL_PIPELINE,3,8.011272200001258,4.27392
STAGE_FULL_PIPELINE,3,8.06550839600095,4.2336
STAGE_FULL_PIPELINE,3,8.11970205399848,4.2336
STAGE_FULL_PIPELINE,3,8.173894240000664,4.19328
STAGE_FULL_PIPELINE,3,8.228179147998162,4.2336
STAGE_FULL_PIPELINE,3,8.282323229999747,4.27392
STAGE_FULL_PIPELINE,3,8.336479338999197,4.19328
STAGE_FULL_PIPELINE,3,8.39103655800136,4.19328
STAGE_FULL_PIPELINE,3,8.445234629998595,4.15296
STAGE_FULL_PIPELINE,3,8.49953879199893,4.19328
STAGE_FULL_PIPELINE,3,8.553690454999014,4.27392
STAGE_FULL_PIPELINE,3,8.607849217998591,4.2336
STAGE_FULL_PIPELINE,3,8.662405317998491,4.2336
STAGE_FULL_PIPELINE,3,8.716641898001399,4.2336
STAGE_FULL_PIPELINE,3,8.770838849999564,4.15296
STAGE_FULL_PIPELINE,3,8.825121870999283,4.15296
STAGE_FULL_PIPELINE,3,8.879378664998512,4.15296
STAGE_FULL_PIPELINE,3,8.93357257900061,4.07232
STAGE_FULL_PIPELINE,3,8.987725617000251,4.07232
STAGE_FULL_PIPELINE,3,9.041953112999181,4.07232
STAGE_FULL_PIPELINE,3,9.096194139001454,4.032
STAGE_FULL_PIPELINE,3,9.150364640001499,4.032
STAGE_FULL_PIPELINE,3,9.204602308000176,3.99168
STAGE_FULL_PIPELINE,3,9.258790719999524,3.99168
STAGE_FULL_PIPELINE,3,9.312983610001538,4.032
STAGE_FULL_PIPELINE,3,9.367141925999022,3.99168
STAGE_FULL_PIPELINE,3,9.421316009000293,3.99168
STAGE_FULL_PIPELINE,3,9.475502053999662,3.99168
STAGE_FULL_PIPELINE,3,9.529702652998822,3.95136
STAGE_FULL_PIPELINE,3,9.583930020999105,3.99168
STAGE_FULL_PIPELINE,3,9.638245025998913,3.95136
STAGE_FULL_PIPELINE,3,9.692653776000952,3.99168
STAGE_FULL_PIPELINE,3,9.746915624000394,3.99168
STAGE_FULL_PIPELINE,3,9.801119708001352,3.95136
STAGE_FULL_PIPELINE,3,9.85538395399999,3.95136
STAGE_FULL_PIPELINE,3,9.909620310998434,3.95136
STAGE_FULL_PIPELINE,3,9.963807251999242,3.95136
STAGE_FULL_PIPELINE,3,10.017981623001106,3.95136
STAGE_FULL_PIPELINE,3,10.072306767000555,3.95136
STAGE_FULL_PIPELINE,3,10.126545682000142,3.95136
STAGE_FULL_PIPELINE,3,10.180700703000184,3.95136
STAGE_FULL_PIPELINE,3,10.234890714000358,3.91104
STAGE_FULL_PIPELINE,3,10.28912201699859,3.95136
STAGE_FULL_PIPELINE,3,10.343277102001593,3.95136
STAGE_FULL_PIPELINE,3,10.397925795998162,3.91104
STAGE_FULL_PIPELINE,3,10.452093929998227,3.95136
STAGE_FULL_PIPELINE,3,10.506325328999083,3.91104
STAGE_FULL_PIPELINE,3,10.560551353999472,3.95136
STAGE_FULL_PIPELINE,3,10.614683954998327,3.95136
STAGE_FULL_PIPELINE,3,10.6688870149992,3.91104
STAGE_FULL_PIPELINE,3,10.72321887599901,3.95136
STAGE_FULL_PIPELINE,3,10.777390783998271,3.95136
STAGE_FULL_PIPELINE,3,10.83164252500137,3.91104
STAGE_FULL_PIPELINE,3,10.885756286999822,3.95136
STAGE_FULL_PIPELINE,3,10.939878427998337,3.91104
STAGE_FULL_PIPELINE,3,10.994027852000727,3.95136
STAGE_FULL_PIPELINE,3,11.048216520001006,3.95136
STAGE_FULL_PIPELINE,3,11.102400486000988,3.95136
STAGE_FULL_PIPELINE,3,11.156716163000965,3.95136
STAGE_FULL_PIPELINE,3,11.21096464099901,3.95136
STAGE_FULL_PIPELINE,3,11.265175857999566,3.95136
STAGE_FULL_PIPELINE,3,11.319315366999945,3.95136
STAGE_FULL_PIPELINE,3,11.373570081999787,3.91104
STAGE_FULL_PIPELINE,3,11.427696637001645,3.95136
STAGE_FULL_PIPELINE,3,11.481845932998112,3.95136
STAGE_FULL_PIPELINE,3,11.535989087999042,3.91104
STAGE_FULL_PIPELINE,3,11.590124565998849,3.95136
STAGE_FULL_PIPELINE,3,11.64431275500101,3.95136
STAGE_FULL_PIPELINE,3,11.69855560400174,3.95136
STAGE_FULL_PIPELINE,3,11.75282784600131,3.95136
STAGE_FULL_PIPELINE,3,11.807000746000995,3.91104
STAGE_FULL_PIPELINE,3,11.861151160999725,3.95136
STAGE_FULL_PIPELINE,3,11.915294827998878,3.95136
STAGE_FULL_PIPELINE,3,11.969421254998451,3.91104
STAGE_FULL_PIPELINE,3,12.023867169998994,3.95136
STAGE_FULL_PIPELINE,3,12.078128249999281,3.95136
STAGE_FULL_PIPELINE,3,12.1323838290009,3.95136
STAGE_FULL_PIPELINE,3,12.18654048100143,3.95136
STAGE_FULL_PIPELINE,3,12.240717475000565,3.95136
STAGE_FULL_PIPELINE,3,12.294886472998769,3.95136
STAGE_FULL_PIPELINE,3,12.349028157001158,3.95136
STAGE_FULL_PIPELINE,3,12.403185832001327,3.91104
STAGE_FULL_PIPELINE,3,12.457401527000911,3.95136
STAGE_FULL_PIPELINE,3,12.511628608001047,3.95136
STAGE_FULL_PIPELINE,3,12.565911116998905,3.91104
STAGE_FULL_PIPELINE,3,12.620065113998862,3.95136
STAGE_FULL_PIPELINE,3,12.674282664000202,3.91104
STAGE_FULL_PIPELINE,3,12.728498519001732,3.95136
STAGE_FULL_PIPELINE,3,12.782894634998229,3.95136
STAGE_FULL_PIPELINE,3,12.83717058700131,3.91104
STAGE_FULL_PIPELINE,3,12.891475420998177,3.95136
STAGE_FULL_PIPELINE,3,12.945690731998184,3.95136
STAGE_FULL_PIPELINE,3,12.999880359999224,3.95136
STAGE_FULL_PIPELINE,3,13.054108047999762,3.95136
STAGE_FULL_PIPELINE,3,13.108330044000468,3.95136
STAGE_FULL_PIPELINE,3,13.162514618001296,3.95136
STAGE_FULL_PIPELINE,3,13.216683520000515,3.95136
STAGE_FULL_PIPELINE,3,13.27085837100094,3.91104
STAGE_FULL_PIPELINE,3,13.325104930001544,3.95136
STAGE_FULL_PIPELINE,3,13.379320625001128,3.95136
STAGE_FULL_PIPELINE,3,13.433593730998837,3.91104
STAGE_FULL_PIPELINE,3,13.487860088000161,3.95136
STAGE_FULL_PIPELINE,3,13.542085026001587,3.95136
STAGE_FULL_PIPELINE,3,13.596256486998755,3.95136
STAGE_FULL_PIPELINE,3,13.650455932998739,3.95136
STAGE_FULL_PIPELINE,3,13.704624067999248,3.91104
STAGE_FULL_PIPELINE,3,13.7588935269996,3.95136
STAGE_FULL_PIPELINE,3,13.813296199998149,3.95136
STAGE_FULL_PIPELINE,3,13.867540904000634,3.91104
STAGE_FULL_PIPELINE,3,13.921726502001547,3.95136
STAGE_FULL_PIPELINE,3,13.975907910000387,3.95136
STAGE_FULL_PIPELINE,3,14.030530760999682,3.95136
STAGE_FULL_PIPELINE,3,14.084775080998952,3.99168
STAGE_FULL_PIPELINE,3,14.138958568000817,3.95136
STAGE_FULL_PIPELINE,3,14.193208453001716,3.95136
STAGE_FULL_PIPELINE,3,14.247469565001666,3.99168
STAGE_FULL_PIPELINE,3,14.301640993999172,3.95136
STAGE_FULL_PIPELINE,3,14.355772442999296,3.95136
STAGE_FULL_PIPELINE,3,14.409902131999843,3.99168
STAGE_FULL_PIPELINE,3,14.464182433999667,3.95136
STAGE_FULL_PIPELINE,3,14.518361155998718,3.99168
STAGE_FULL_PIPELINE,3,14.57249573900117,3.95136
STAGE_FULL_PIPELINE,3,14.626650951999181,3.95136
STAGE_FULL_PIPELINE,3,14.68080239000119,3.99168
STAGE_FULL_PIPELINE,3,14.735019619998639,3.95136
STAGE_FULL_PIPELINE,3,14.789278141000977,3.95136
STAGE_FULL_PIPELINE,3,14.843743279001501,3.99168
STAGE_FULL_PIPELINE,3,14.89794224599973,3.95136
STAGE_FULL_PIPELINE,3,14.952074207001715,3.99168
STAGE_FULL_PIPELINE,3,15.006291755998973,3.95136
STAGE_FULL_PIPELINE,3,15.06093782699827,3.95136
STAGE_FULL_PIPELINE,3,15.11574094000025,3.99168
STAGE_FULL_PIPELINE,3,15.170415956999932,3.95136
STAGE_FULL_PIPELINE,3,15.225932504999946,3.95136
STAGE_FULL_PIPELINE,3,15.280102206001175,3.99168
STAGE_FULL_PIPELINE,3,15.334357464998902,3.95136
STAGE_FULL_PIPELINE,3,15.388881454000511,3.95136
STAGE_FULL_PIPELINE,3,15.443745336000575,3.99168
STAGE_FULL_PIPELINE,3,15.498990882999351,3.95136
STAGE_FULL_PIPELINE,3,15.553150733998336,3.99168
STAGE_FULL_PIPELINE,3,15.607836816998315,3.95136
STAGE_FULL_PIPELINE,3,15.662293862998922,3.95136
STAGE_FULL_PIPELINE,3,15.716413445999933,3.99168
STAGE_FULL_PIPELINE,3,15.771113954000612,3.95136
STAGE_FULL_PIPELINE,3,15.825389203000668,3.95136
STAGE_FULL_PIPELINE,3,15.879553275000944,3.99168
STAGE_FULL_PIPELINE,3,15.933688818000519,3.95136
STAGE_FULL_PIPELINE,3,15.987846557000012,3.99168
STAGE_FULL_PIPELINE,3,16.04210162399977,3.99168
STAGE_FULL_PIPELINE,3,16.096302157999162,3.95136
STAGE_FULL_PIPELINE,3,16.150450174998696,3.99168
STAGE_FULL_PIPELINE,3,16.204599118998885,3.95136
STAGE_FULL_PIPELINE,3,16.25874268899861,3.99168
STAGE_FULL_PIPELINE,3,16.312924032998126,3.99168
STAGE_FULL_PIPELINE,3,16.367748000000574,3.95136
STAGE_FULL_PIPELINE,3,16.421898671000235,3.99168
STAGE_FULL_PIPELINE,3,16.47602791299869,3.99168
STAGE_FULL_PIPELINE,3,16.530225120000978,3.95136
STAGE_FULL_PIPELINE,3,16.58434639799816,3.99168
STAGE_FULL_PIPELINE,3,16.63852153699918,3.95136
STAGE_FULL_PIPELINE,3,16.692724757998803,3.95136
STAGE_FULL_PIPELINE,3,16.74691192300088,3.99168
STAGE_FULL_PIPELINE,3,16.8013356090014,3.95136
STAGE_FULL_PIPELINE,3,16.855916112999694,3.99168
STAGE_FULL_PIPELINE,3,16.91032655899835,3.99168
STAGE_FULL_PIPELINE,3,16.964514778999728,3.95136
STAGE_FULL_PIPELINE,3,17.018649297999218,3.99168
STAGE_FULL_PIPELINE,3,17.072829810000258,3.95136
STAGE_FULL_PIPELINE,3,17.126967847998458,3.99168
STAGE_FULL_PIPELINE,3,17.181110235000233,3.99168
STAGE_FULL_PIPELINE,3,17.235324522000155,3.95136
STAGE_FULL_PIPELINE,3,17.289525952000986,3.99168
STAGE_FULL_PIPELINE,3,17.343703073998768,3.99168
STAGE_FULL_PIPELINE,3,17.39793076299975,3.95136
STAGE_FULL_PIPELINE,3,17.452057765000063,3.99168
STAGE_FULL_PIPELINE,3,17.506243938998523,3.95136
STAGE_FULL_PIPELINE,3,17.560398959998565,3.95136
STAGE_FULL_PIPELINE,3,17.6145456330014,3.99168
STAGE_FULL_PIPELINE,3,17.66870957699939,3.95136
STAGE_FULL_PIPELINE,3,17.723131792998174,3.95136
STAGE_FULL_PIPELINE,3,17.777323979000357,3.99168
STAGE_FULL_PIPELINE,3,17.831504875000974,3.95136
STAGE_FULL_PIPELINE,3,17.88573969600111,3.99168
STAGE_FULL_PIPELINE,3,17.940116877998662,3.95136
STAGE_FULL_PIPELINE,3,17.99434619800013,3.95136
STAGE_FULL_PIPELINE,3,18.04853544100115,3.99168
STAGE_FULL_PIPELINE,3,18.102693149001425,3.95136
STAGE_FULL_PIPELINE,3,18.15685120800117,3.95136
STAGE_FULL_PIPELINE,3,18.21101867100151,3.99168
STAGE_FULL_PIPELINE,3,18.265168799000094,3.95136
STAGE_FULL_PIPELINE,3,18.319513069000095,3.99168
STAGE_FULL_PIPELINE,3,18.37365804699948,3.95136
STAGE_FULL_PIPELINE,3,18.42778057200121,3.95136
STAGE_FULL_PIPELINE,3,18.481893502001185,3.99168
STAGE_FULL_PIPELINE,3,18.536073726001632,3.95136
STAGE_FULL_PIPELINE,3,18.59057999599827,3.95136
STAGE_FULL_PIPELINE,3,18.645030548999785,3.99168
STAGE_FULL_PIPELINE,3,18.69946731700111,3.95136
STAGE_FULL_PIPELINE,3,18.753683106999233,3.95136
STAGE_FULL_PIPELINE,3,18.809168054998736,3.95136
STAGE_FULL_PIPELINE,3,18.863614578000124,3.95136
STAGE_FULL_PIPELINE,3,18.918086495999887,3.99168
STAGE_FULL_PIPELINE,3,18.972326754999813,3.95136
STAGE_FULL_PIPELINE,3,19.02649373800159,3.95136
STAGE_FULL_PIPELINE,3,19.0807043470013,3.99168
STAGE_FULL_PIPELINE,3,19.134851211998466,3.95136
STAGE_FULL_PIPELINE,3,19.18901592399925,3.95136
STAGE_FULL_PIPELINE,3,19.24316464399817,3.99168
STAGE_FULL_PIPELINE,3,19.2976082569985,3.95136
STAGE_FULL_PIPELINE,3,19.35185328100124,3.99168
STAGE_FULL_PIPELINE,3,19.4060655530011,3.95136
STAGE_FULL_PIPELINE,3,19.460262377000618,3.95136
STAGE_FULL_PIPELINE,3,19.514422994998313,3.99168
STAGE_FULL_PIPELINE,3,19.568578048001655,3.95136
STAGE_FULL_PIPELINE,3,19.62272251399918,3.99168
STAGE_FULL_PIPELINE,3,19.67705782900157,3.99168
STAGE_FULL_PIPELINE,3,19.731396406001295,3.99168
STAGE_FULL_PIPELINE,3,19.78552999800013,3.99168
STAGE_FULL_PIPELINE,3,19.83968744899903,3.95136
STAGE_FULL_PIPELINE,3,19.893904199001554,3.99168
STAGE_FULL_PIPELINE,3,19.948149895000824,3.99168
STAGE_FULL_PIPELINE,3,20.002369107998675,3.95136
STAGE_FULL_PIPELINE,3,20.056564556998637,3.99168
STAGE_FULL_PIPELINE,3,20.110699299999396,3.99168
STAGE_FULL_PIPELINE,3,20.16543774100137,3.95136
STAGE_FULL_PIPELINE,3,20.219642945001397,3.99168
STAGE_FULL_PIPELINE,3,20.273797805999493,3.95136
STAGE_FULL_PIPELINE,3,20.328964767999423,3.95136
STAGE_FULL_PIPELINE,3,20.38381784000012,3.95136
STAGE_FULL_PIPELINE,3,20.440047726999182,3.95136
STAGE_FULL_PIPELINE,3,20.494258560000162,3.95136
STAGE_FULL_PIPELINE,3,20.548996520999935,3.95136
STAGE_FULL_PIPELINE,3,20.603808013998787,3.91104
STAGE_FULL_PIPELINE,3,20.658020062001015,3.95136
STAGE_FULL_PIPELINE,3,20.71213897299822,3.95136
STAGE_FULL_PIPELINE,3,20.766290219999064,3.91104
STAGE_FULL_PIPELINE,3,20.820681795001292,3.95136
STAGE_FULL_PIPELINE,3,20.87489144400024,3.95136
STAGE_FULL_PIPELINE,3,20.929043298998295,3.95136
STAGE_FULL_PIPELINE,3,20.983265965998726,3.95136
STAGE_FULL_PIPELINE,3,21.037491160001082,3.95136
STAGE_FULL_PIPELINE,3,21.091685456998675,3.95136
STAGE_FULL_PIPELINE,3,21.145832194000832,3.99168
STAGE_FULL_PIPELINE,3,21.199991820998548,3.95136
STAGE_FULL_PIPELINE,3,21.254174411998974,3.95136
STAGE_FULL_PIPELINE,3,21.30836154500139,3.95136
STAGE_FULL_PIPELINE,3,21.362518772999465,3.95136
STAGE_FULL_PIPELINE,3,21.416655083001388,3.95136
STAGE_FULL_PIPELINE,3,21.47079289699832,3.91104
STAGE_FULL_PIPELINE,3,21.524995637999382,3.95136
STAGE_FULL_PIPELINE,3,21.579170425000484,3.95136
STAGE_FULL_PIPELINE,3,21.63334546799888,3.91104
STAGE_FULL_PIPELINE,3,21.687527611000405,3.95136
STAGE_FULL_PIPELINE,3,21.741681577001145,3.95136
STAGE_FULL_PIPELINE,3,21.79583179999827,3.95136
STAGE_FULL_PIPELINE,3,21.849975881999853,3.95136
STAGE_FULL_PIPELINE,3,21.904129655998986,3.91104
STAGE_FULL_PIPELINE,3,21.95856325799832,3.95136
STAGE_FULL_PIPELINE,3,22.012905704999866,3.99168
STAGE_FULL_PIPELINE,3,22.067244090001623,3.95136
STAGE_FULL_PIPELINE,3,22.12151630000153,3.95136
STAGE_FULL_PIPELINE,3,22.175723422999,3.95136
STAGE_FULL_PIPELINE,3,22.229899968999234,3.95136
STAGE_FULL_PIPELINE,3,22.28410584499943,3.95136
STAGE_FULL_PIPELINE,3,22.33829476900064,3.91104
STAGE_FULL_PIPELINE,3,22.392514717001177,3.95136
STAGE_FULL_PIPELINE,3,22.446686242001306,3.95136
STAGE_FULL_PIPELINE,3,22.500840526998218,3.91104
STAGE_FULL_PIPELINE,3,22.555033928998455,3.95136
STAGE_FULL_PIPELINE,3,22.60916617700059,3.95136
STAGE_FULL_PIPELINE,3,22.663520267000422,3.91104
STAGE_FULL_PIPELINE,3,22.71771955299846,3.95136
STAGE_FULL_PIPELINE,3,22.771903968001425,3.91104
STAGE_FULL_PIPELINE,3,22.82611978999921,3.91104
STAGE_FULL_PIPELINE,3,22.880306667000696,3.95136
STAGE_FULL_PIPELINE,3,22.934467669001606,3.91104
STAGE_FULL_PIPELINE,3,22.988811235998583,3.95136
STAGE_FULL_PIPELINE,3,23.04300614100066,3.95136
STAGE_FULL_PIPELINE,3,23.09718188699844,3.95136
STAGE_FULL_PIPELINE,3,23.151370267998573,3.95136
STAGE_FULL_PIPELINE,3,23.205513582001004,3.91104
STAGE_FULL_PIPELINE,3,23.25975214600112,3.95136
STAGE_FULL_PIPELINE,3,23.313901217999955,3.95136
STAGE_FULL_PIPELINE,3,23.368153661998804,3.91104
STAGE_FULL_PIPELINE,3,23.422311017999164,3.95136
STAGE_FULL_PIPELINE,3,23.47644163500081,3.95136
STAGE_FULL_PIPELINE,3,23.53058472599878,3.91104
STAGE_FULL_PIPELINE,3,23.584761368001637,3.95136
STAGE_FULL_PIPELINE,3,23.639021295999555,3.91104
STAGE_FULL_PIPELINE,3,23.69317103999856,3.91104
STAGE_FULL_PIPELINE,3,23.747289503000502,3.95136
STAGE_FULL_PIPELINE,3,23.801415673999145,3.91104
STAGE_FULL_PIPELINE,3,23.85582397699909,3.95136
STAGE_FULL_PIPELINE,3,23.910092444999464,3.95136
STAGE_FULL_PIPELINE,3,23.964306988000317,3.91104
STAGE_FULL_PIPELINE,3,24.018617002999235,3.95136
STAGE_FULL_PIPELINE,3,24.072819807999622,3.91104
STAGE_FULL_PIPELINE,3,24.126987046998693,3.95136
STAGE_FULL_PIPELINE,3,24.18169424000007,3.95136
STAGE_FULL_PIPELINE,3,24.236972315000457,3.91104
STAGE_FULL_PIPELINE,3,24.29176464899865,3.95136
STAGE_FULL_PIPELINE,3,24.34646199100098,3.95136
STAGE_FULL_PIPELINE,3,24.40065475300071,3.91104
STAGE_FULL_PIPELINE,3,24.454793429998972,3.95136
STAGE_FULL_PIPELINE,3,24.50969441399866,3.95136
STAGE_FULL_PIPELINE,3,24.564485532999242,3.91104
STAGE_FULL_PIPELINE,3,24.61870426599853,3.95136
STAGE_FULL_PIPELINE,3,24.67283999999927,3.91104
STAGE_FULL_PIPELINE,3,24.7269938060017,3.91104
STAGE_FULL_PIPELINE,3,24.78111940099916,3.95136
STAGE_FULL_PIPELINE,3,24.8353143380009,3.91104
STAGE_FULL_PIPELINE,3,24.88975644799939,3.91104
STAGE_FULL_PIPELINE,3,24.944096592000278,3.95136
STAGE_FULL_PIPELINE,3,24.99828622000132,3.91104
STAGE_FULL_PIPELINE,3,25.052560572999937,3.95136
STAGE_FULL_PIPELINE,3,25.106749849001062,3.91104
STAGE_FULL_PIPELINE,3,25.16096982900126,3.95136
STAGE_FULL_PIPELINE,3,25.21515676999843,3.95136
STAGE_FULL_PIPELINE,3,25.26940329699937,3.91104
STAGE_FULL_PIPELINE,3,25.323697001000255,3.95136
STAGE_FULL_PIPELINE,3,25.377926608998678,3.95136
STAGE_FULL_PIPELINE,3,25.43223796700113,3.91104
STAGE_FULL_PIPELINE,3,25.487122096001258,3.95136
STAGE_FULL_PIPELINE,3,25.541339453000546,3.95136
STAGE_FULL_PIPELINE,3,25.596582345999195,3.91104
STAGE_FULL_PIPELINE,3,25.65074948899928,3.95136
STAGE_FULL_PIPELINE,3,25.70521622600063,3.91104
STAGE_FULL_PIPELINE,3,25.760440663998452,3.91104
STAGE_FULL_PIPELINE,3,25.815956475998973,3.95136
STAGE_FULL_PIPELINE,3,25.870153203999507,3.91104
STAGE_FULL_PIPELINE,3,25.924388313000236,3.91104
STAGE_FULL_PIPELINE,3,25.978547779999644,3.95136
STAGE_FULL_PIPELINE,3,26.033172198000102,3.91104
STAGE_FULL_PIPELINE,3,26.0873858140003,3.95136
STAGE_FULL_PIPELINE,3,26.141618939000182,3.95136
STAGE_FULL_PIPELINE,3,26.196069460998842,3.95136
STAGE_FULL_PIPELINE,3,26.25025956800164,3.95136
STAGE_FULL_PIPELINE,3,26.304406048999226,3.91104
STAGE_FULL_PIPELINE,3,26.358653856001183,3.95136
STAGE_FULL_PIPELINE,3,26.413995386999886,3.95136
STAGE_FULL_PIPELINE,3,26.468196336998517,3.91104
STAGE_FULL_PIPELINE,3,26.522357690999343,3.95136
STAGE_FULL_PIPELINE,3,26.57650976899822,3.95136
STAGE_FULL_PIPELINE,3,26.630649118000292,3.91104
STAGE_FULL_PIPELINE,3,26.684798350001074,3.95136
STAGE_FULL_PIPELINE,3,26.738953562999086,3.91104
STAGE_FULL_PIPELINE,3,26.79319558000134,3.95136
STAGE_FULL_PIPELINE,3,26.847824251999555,3.95136
STAGE_FULL_PIPELINE,3,26.903342206998786,3.91104
STAGE_FULL_PIPELINE,3,26.957527293001476,3.95136
STAGE_FULL_PIPELINE,3,27.013046495998424,3.95136
STAGE_FULL_PIPELINE,3,27.067236699000205,3.95136
STAGE_FULL_PIPELINE,3,27.121393766999972,3.95136
STAGE_FULL_PIPELINE,3,27.17557162400044,3.95136
STAGE_FULL_PIPELINE,3,27.22972431100061,3.95136
STAGE_FULL_PIPELINE,3,27.283869480001158,3.95136
STAGE_FULL_PIPELINE,3,27.338473716998124,3.91104
STAGE_FULL_PIPELINE,3,27.39272616100061,3.95136
STAGE_FULL_PIPELINE,3,27.44733948100111,3.95136
STAGE_FULL_PIPELINE,3,27.503251990001445,3.91104
STAGE_FULL_PIPELINE,3,27.557459625000774,3.95136
STAGE_FULL_PIPELINE,3,27.613036111000838,3.95136
STAGE_FULL_PIPELINE,3,27.667319578999013,3.91104
STAGE_FULL_PIPELINE,3,27.722073340999486,3.95136
STAGE_FULL_PIPELINE,3,27.776296423999156,3.95136
STAGE_FULL_PIPELINE,3,27.83047463299954,3.91104
STAGE_FULL_PIPELINE,3,27.88465220299986,3.95136
STAGE_FULL_PIPELINE,3,27.938796957001614,3.91104
STAGE_FULL_PIPELINE,3,27.993026501000713,3.95136
STAGE_FULL_PIPELINE,3,28.04763300799823,3.95136
STAGE_FULL_PIPELINE,3,28.103598674999375,3.91104
STAGE_FULL_PIPELINE,3,28.15781564899953,3.95136
STAGE_FULL_PIPELINE,3,28.21305313600169,3.95136
STAGE_FULL_PIPELINE,3,28.267224980998435,3.91104
STAGE_FULL_PIPELINE,3,28.321830017001048,3.95136
STAGE_FULL_PIPELINE,3,28.37601395100137,3.95136
STAGE_FULL_PIPELINE,3,28.430168075999973,3.95136
STAGE_FULL_PIPELINE,3,28.48434174399881,3.95136
STAGE_FULL_PIPELINE,3,28.538497787998494,3.95136
STAGE_FULL_PIPELINE,3,28.592676126001606,3.95136
STAGE_FULL_PIPELINE,3,28.64728304899836,3.95136
STAGE_FULL_PIPELINE,3,28.701493050000863,3.91104
STAGE_FULL_PIPELINE,3,28.755680214999302,3.95136
STAGE_FULL_PIPELINE,3,28.811598801999935,3.95136
STAGE_FULL_PIPELINE,3,28.86692357300126,3.91104
STAGE_FULL_PIPELINE,3,28.92114112299896,3.95136
STAGE_FULL_PIPELINE,3,28.97669563599993,3.95136
STAGE_FULL_PIPELINE,3,29.030878131001373,3.95136
STAGE_FULL_PIPELINE,3,29.086161259998335,3.95136
STAGE_FULL_PIPELINE,3,29.140375738999865,3.95136
STAGE_FULL_PIPELINE,3,29.194571283998812,3.95136
STAGE_FULL_PIPELINE,3,29.248744470998645,3.99168
STAGE_FULL_PIPELINE,3,29.303361468999356,3.95136
STAGE_FULL_PIPELINE,3,29.357588390001183,3.95136
STAGE_FULL_PIPELINE,3,29.412182455998845,3.99168
STAGE_FULL_PIPELINE,3,29.46650545599914,3.95136
STAGE_FULL_PIPELINE,3,29.52111512999909,3.95136
STAGE_FULL_PIPELINE,3,29.57529714499833,3.95136
STAGE_FULL_PIPELINE,3,29.629502956999204,3.95136
STAGE_FULL_PIPELINE,3,29.683768769999006,3.95136
STAGE_FULL_PIPELINE,3,29.737942949999706,3.91104
STAGE_FULL_PIPELINE,3,29.792090135000763,3.95136
STAGE_FULL_PIPELINE,3,29.846715799998492,3.95136
STAGE_FULL_PIPELINE,3,29.903359880001517,3.91104
STAGE_FULL_PIPELINE,3,29.958156691998738,3.95136
STAGE_FULL_PIPELINE,3,30.013444426000206,3.91104
STAGE_MODEL_POLICY,3,0.0007079339993651956,3.8304
STAGE_MODEL_POLICY,3,0.055006979000609135,3.87072
STAGE_MODEL_POLICY,3,0.10917450600027223,3.91104
STAGE_MODEL_POLICY,3,0.16334423900116235,3.87072
STAGE_MODEL_POLICY,3,0.21750533700105734,3.91104
STAGE_MODEL_POLICY,3,0.2719414660023176,3.95136
STAGE_MODEL_POLICY,3,0.3279452580027282,3.91104
STAGE_MODEL_POLICY,3,0.38222392900206614,3.95136
STAGE_MODEL_POLICY,3,0.4365370150007948,3.91104
STAGE_MODEL_POLICY,3,0.4908821480021288,3.95136
STAGE_MODEL_POLICY,3,0.5451744769998186,3.95136
STAGE_MODEL_POLICY,3,0.5994985649995215,3.91104
STAGE_MODEL_POLICY,3,0.654654941001354,3.95136
STAGE_MODEL_POLICY,3,0.7088373400001728,3.99168
STAGE_MODEL_POLICY,3,0.7630308700026944,3.95136
STAGE_MODEL_POLICY,3,0.8171872019993316,3.95136
STAGE_MODEL_POLICY,3,0.8719736830025795,3.95136
STAGE_MODEL_POLICY,3,0.9262107110007491,3.95136
STAGE_MODEL_POLICY,3,0.9803764470016176,3.99168
STAGE_MODEL_POLICY,3,1.0345766290010943,3.95136
STAGE_MODEL_POLICY,3,1.0887607559998287,3.95136
STAGE_MODEL_POLICY,3,1.1430098730015743,3.99168
STAGE_MODEL_POLICY,3,1.197168253002019,3.95136
STAGE_MODEL_POLICY,3,1.2513638929995068,3.95136
STAGE_MODEL_POLICY,3,1.3055863049994514,3.95136
STAGE_MODEL_POLICY,3,1.3597762839999632,3.95136
STAGE_MODEL_POLICY,3,1.4139492800022708,3.99168
STAGE_MODEL_POLICY,3,1.468142682002508,3.95136
STAGE_MODEL_POLICY,3,1.5223330770022585,3.95136
STAGE_MODEL_POLICY,3,1.5765001239997218,3.99168
STAGE_MODEL_POLICY,3,1.630753879002441,3.95136
STAGE_MODEL_POLICY,3,1.6850177100022847,3.95136
STAGE_MODEL_POLICY,3,1.7392094490023737,3.95136
STAGE_MODEL_POLICY,3,1.7933879459997115,3.95136
STAGE_MODEL_POLICY,3,1.847550227001193,3.95136
STAGE_MODEL_POLICY,3,1.9018006559999776,3.95136
STAGE_MODEL_POLICY,3,1.9559993030015903,3.95136
STAGE_MODEL_POLICY,3,2.0101640470020357,3.99168
STAGE_MODEL_POLICY,3,2.0643387070012977,3.95136
STAGE_MODEL_POLICY,3,2.118496094000875,3.95136
STAGE_MODEL_POLICY,3,2.1726951570017263,3.95136
STAGE_MODEL_POLICY,3,2.2269145940008457,3.95136
STAGE_MODEL_POLICY,3,2.281099936000828,3.95136
STAGE_MODEL_POLICY,3,2.335310288999608,3.95136
STAGE_MODEL_POLICY,3,2.3895502270024735,3.95136
STAGE_MODEL_POLICY,3,2.4437013780006964,3.99168
STAGE_MODEL_POLICY,3,2.4978931810001086,3.95136
STAGE_MODEL_POLICY,3,2.552078363001783,3.95136
STAGE_MODEL_POLICY,3,2.6062457940024615,3.95136
STAGE_MODEL_POLICY,3,2.6604394509995473,3.95136
STAGE_MODEL_POLICY,3,2.714644143001351,3.95136
STAGE_MODEL_POLICY,3,2.768887344001996,3.95136
STAGE_MODEL_POLICY,3,2.823074956999335,3.95136
STAGE_MODEL_POLICY,3,2.8772795210024924,3.95136
STAGE_MODEL_POLICY,3,2.9314787440016516,3.91104
STAGE_MODEL_POLICY,3,2.9857258789998014,3.95136
STAGE_MODEL_POLICY,3,3.039899769999465,3.95136
STAGE_MODEL_POLICY,3,3.094074909000483,3.91104
STAGE_MODEL_POLICY,3,3.1482192469993606,3.95136
STAGE_MODEL_POLICY,3,3.202436701001716,3.91104
STAGE_MODEL_POLICY,3,3.256651084000623,3.95136
STAGE_MODEL_POLICY,3,3.3108537290027016,3.95136
STAGE_MODEL_POLICY,3,3.365020073000778,3.91104
STAGE_MODEL_POLICY,3,3.4191743260016665,3.95136
STAGE_MODEL_POLICY,3,3.4733310420015187,3.95136
STAGE_MODEL_POLICY,3,3.5275319600004877,3.95136
STAGE_MODEL_POLICY,3,3.5816742189999786,3.95136
STAGE_MODEL_POLICY,3,3.6358383240003604,3.91104
STAGE_MODEL_POLICY,3,3.6900641249994806,3.95136
STAGE_MODEL_POLICY,3,3.7442011710008956,3.95136
STAGE_MODEL_POLICY,3,3.7983668750021025,3.91104
STAGE_MODEL_POLICY,3,3.852577260000544,3.95136
STAGE_MODEL_POLICY,3,3.906699593000667,3.95136
STAGE_MODEL_POLICY,3,3.9608422040000733,3.91104
STAGE_MODEL_POLICY,3,4.01496383400081,3.95136
STAGE_MODEL_POLICY,3,4.069094483002118,3.91104
STAGE_MODEL_POLICY,3,4.123255293001421,3.95136
STAGE_MODEL_POLICY,3,4.177401359000214,3.95136
STAGE_MODEL_POLICY,3,4.231651148002129,3.91104
STAGE_MODEL_POLICY,3,4.2859478579994175,3.95136
STAGE_MODEL_POLICY,3,4.340086087999225,3.95136
STAGE_MODEL_POLICY,3,4.394275619000837,3.95136
STAGE_MODEL_POLICY,3,4.448432719000266,3.95136
STAGE_MODEL_POLICY,3,4.502638690999447,3.91104
STAGE_MODEL_POLICY,3,4.556837530002667,3.95136
STAGE_MODEL_POLICY,3,4.611010462002014,3.95136
STAGE_MODEL_POLICY,3,4.665309347001312,3.91104
STAGE_MODEL_POLICY,3,4.719682531002036,3.95136
STAGE_MODEL_POLICY,3,4.773882969002443,3.95136
STAGE_MODEL_POLICY,3,4.82806703100141,3.91104
STAGE_MODEL_POLICY,3,4.882210666000901,3.95136
STAGE_MODEL_POLICY,3,4.936383758002194,3.91104
STAGE_MODEL_POLICY,3,4.990578631000972,3.91104
STAGE_MODEL_POLICY,3,5.044750507000572,3.95136
STAGE_MODEL_POLICY,3,5.098918610001419,3.91104
STAGE_MODEL_POLICY,3,5.153128739002568,3.95136
STAGE_MODEL_POLICY,3,5.207457848999184,3.95136
STAGE_MODEL_POLICY,3,5.261997412999335,3.91104
STAGE_MODEL_POLICY,3,5.3162612760024786,3.95136
STAGE_MODEL_POLICY,3,5.370493538001028,3.95136
STAGE_MODEL_POLICY,3,5.424742144001357,3.91104
STAGE_MODEL_POLICY,3,5.478935385999648,3.95136
STAGE_MODEL_POLICY,3,5.533156773999508,3.91104
STAGE_MODEL_POLICY,3,5.587813976002508,3.95136
STAGE_MODEL_POLICY,3,5.642026728000928,3.95136
STAGE_MODEL_POLICY,3,5.696235834002437,3.91104
STAGE_MODEL_POLICY,3,5.750375470001018,3.95136
STAGE_MODEL_POLICY,3,5.804569703999732,3.91104
STAGE_MODEL_POLICY,3,5.8587612500014075,3.91104
STAGE_MODEL_POLICY,3,5.912901750001765,3.95136
STAGE_MODEL_POLICY,3,5.9670743310016405,3.91104
STAGE_MODEL_POLICY,3,6.021620292001899,3.91104
STAGE_MODEL_POLICY,3,6.075955543001328,3.95136
STAGE_MODEL_POLICY,3,6.130152303001523,3.91104
STAGE_MODEL_POLICY,3,6.184337261001929,3.95136
STAGE_MODEL_POLICY,3,6.238786918002006,3.95136
STAGE_MODEL_POLICY,3,6.2931295890011825,3.91104
STAGE_MODEL_POLICY,3,6.347352128999773,3.95136
STAGE_MODEL_POLICY,3,6.401542588002485,3.91104
STAGE_MODEL_POLICY,3,6.455771651999385,3.91104
STAGE_MODEL_POLICY,3,6.5100641080025525,3.95136
STAGE_MODEL_POLICY,3,6.564278619000106,3.91104
STAGE_MODEL_POLICY,3,6.618530296000245,3.95136
STAGE_MODEL_POLICY,3,6.672724209001899,3.95136
STAGE_MODEL_POLICY,3,6.7268917040019005,3.91104
STAGE_MODEL_POLICY,3,6.78108126799998,3.95136
STAGE_MODEL_POLICY,3,6.835343851002108,3.91104
STAGE_MODEL_POLICY,3,6.889633588001743,3.91104
STAGE_MODEL_POLICY,3,6.9437978850000945,3.95136
STAGE_MODEL_POLICY,3,6.99798648900105,3.91104
STAGE_MODEL_POLICY,3,7.052184816002409,3.91104
STAGE_MODEL_POLICY,3,7.106342012000823,3.95136
STAGE_MODEL_POLICY,3,7.160518430002412,3.91104
STAGE_MODEL_POLICY,3,7.214704507001443,3.95136
STAGE_MODEL_POLICY,3,7.26915710799949,3.91104
STAGE_MODEL_POLICY,3,7.323512572002073,3.91104
STAGE_MODEL_POLICY,3,7.377746178000962,3.95136
STAGE_MODEL_POLICY,3,7.4319533970010525,3.91104
STAGE_MODEL_POLICY,3,7.486250778001704,3.91104
STAGE_MODEL_POLICY,3,7.540411173002212,3.95136
STAGE_MODEL_POLICY,3,7.594805881999491,3.91104
STAGE_MODEL_POLICY,3,7.649089638001897,3.95136
STAGE_MODEL_POLICY,3,7.703334054000152,3.91104
STAGE_MODEL_POLICY,3,7.757558960001916,3.91104
STAGE_MODEL_POLICY,3,7.811737618001644,3.95136
STAGE_MODEL_POLICY,3,7.866012930000579,3.91104
STAGE_MODEL_POLICY,3,7.920198560001154,3.91104
STAGE_MODEL_POLICY,3,7.9743903310009046,3.95136
STAGE_MODEL_POLICY,3,8.028612998001336,3.91104
STAGE_MODEL_POLICY,3,8.082756088999304,3.95136
STAGE_MODEL_POLICY,3,8.13691699500123,3.91104
STAGE_MODEL_POLICY,3,8.191088326999306,3.91104
STAGE_MODEL_POLICY,3,8.245293818999926,3.95136
STAGE_MODEL_POLICY,3,8.299757102002332,3.91104
STAGE_MODEL_POLICY,3,8.354002094001771,3.95136
STAGE_MODEL_POLICY,3,8.408181295002578,3.95136
STAGE_MODEL_POLICY,3,8.462399292002374,3.91104
STAGE_MODEL_POLICY,3,8.516654743001709,3.95136
STAGE_MODEL_POLICY,3,8.570884606000618,3.91104
STAGE_MODEL_POLICY,3,8.625190655999177,3.91104
STAGE_MODEL_POLICY,3,8.679374526000174,3.95136
STAGE_MODEL_POLICY,3,8.733995778002281,3.91104
STAGE_MODEL_POLICY,3,8.788210609000089,3.95136
STAGE_MODEL_POLICY,3,8.842443031000585,3.95136
STAGE_MODEL_POLICY,3,8.896741468000982,3.91104
STAGE_MODEL_POLICY,3,8.951004467002349,3.95136
STAGE_MODEL_POLICY,3,9.005195726000238,3.95136
STAGE_MODEL_POLICY,3,9.059433009999339,3.91104
STAGE_MODEL_POLICY,3,9.113605590002408,3.95136
STAGE_MODEL_POLICY,3,9.167854100000113,3.91104
STAGE_MODEL_POLICY,3,9.222206718000962,3.91104
STAGE_MODEL_POLICY,3,9.2764444500026,3.95136
STAGE_MODEL_POLICY,3,9.330866760999925,3.91104
STAGE_MODEL_POLICY,3,9.38537047200225,3.95136
STAGE_MODEL_POLICY,3,9.439649814001314,3.95136
STAGE_MODEL_POLICY,3,9.493878270001005,3.91104
STAGE_MODEL_POLICY,3,9.5480181310013,3.95136
STAGE_MODEL_POLICY,3,9.60217241600185,3.91104
STAGE_MODEL_POLICY,3,9.656358782001917,3.91104
STAGE_MODEL_POLICY,3,9.710485625000729,3.95136
STAGE_MODEL_POLICY,3,9.76464934500109,3.91104
STAGE_MODEL_POLICY,3,9.818833024000924,3.95136
STAGE_MODEL_POLICY,3,9.872996041001898,3.95136
STAGE_MODEL_POLICY,3,9.927144633002172,3.91104
STAGE_MODEL_POLICY,3,9.981299686001876,3.95136
STAGE_MODEL_POLICY,3,10.035445240002446,3.91104
STAGE_MODEL_POLICY,3,10.089623257001222,3.91104
STAGE_MODEL_POLICY,3,10.143763725001918,3.95136
STAGE_MODEL_POLICY,3,10.197951082001964,3.91104
STAGE_MODEL_POLICY,3,10.252142469002138,3.95136
STAGE_MODEL_POLICY,3,10.306301040000108,3.95136
STAGE_MODEL_POLICY,3,10.360558729000331,3.91104
STAGE_MODEL_POLICY,3,10.414691106001555,3.95136
STAGE_MODEL_POLICY,3,10.46886595700198,3.91104
STAGE_MODEL_POLICY,3,10.523045125999488,3.95136
STAGE_MODEL_POLICY,3,10.577193878001708,3.95136
STAGE_MODEL_POLICY,3,10.631357982001646,3.91104
STAGE_MODEL_POLICY,3,10.685517161000462,3.95136
STAGE_MODEL_POLICY,3,10.73998319400198,3.99168
STAGE_MODEL_POLICY,3,10.79541073099972,3.95136
STAGE_MODEL_POLICY,3,10.849698517002253,3.95136
STAGE_MODEL_POLICY,3,10.904040004999842,3.95136
STAGE_MODEL_POLICY,3,10.958514930000092,3.95136
STAGE_MODEL_POLICY,3,11.012744346000545,3.95136
STAGE_MODEL_POLICY,3,11.066918813001394,3.91104
STAGE_MODEL_POLICY,3,11.121074122002028,3.95136
STAGE_MODEL_POLICY,3,11.175286842000787,3.95136
STAGE_MODEL_POLICY,3,11.229454144002375,3.91104
STAGE_MODEL_POLICY,3,11.283607150002354,3.95136
STAGE_MODEL_POLICY,3,11.337796073999925,3.95136
STAGE_MODEL_POLICY,3,11.392138680999778,3.95136
STAGE_MODEL_POLICY,3,11.446319321999908,3.95136
STAGE_MODEL_POLICY,3,11.500483394000184,3.91104
STAGE_MODEL_POLICY,3,11.554727074999391,3.95136
STAGE_MODEL_POLICY,3,11.608935797001322,3.95136
STAGE_MODEL_POLICY,3,11.663271494999208,3.95136
STAGE_MODEL_POLICY,3,11.717404319002526,3.95136
STAGE_MODEL_POLICY,3,11.771566024999629,3.95136
STAGE_MODEL_POLICY,3,11.825711802001024,3.95136
STAGE_MODEL_POLICY,3,11.87981731200125,3.95136
STAGE_MODEL_POLICY,3,11.933942491999915,3.91104
STAGE_MODEL_POLICY,3,11.988120093999896,3.95136
STAGE_MODEL_POLICY,3,12.042256852000719,3.99168
STAGE_MODEL_POLICY,3,12.096395784999913,3.95136
STAGE_MODEL_POLICY,3,12.15055071000097,3.95136
STAGE_MODEL_POLICY,3,12.204701925002155,3.95136
STAGE_MODEL_POLICY,3,12.258860559999448,3.95136
STAGE_MODEL_POLICY,3,12.313078301001951,3.95136
STAGE_MODEL_POLICY,3,12.367506210001011,3.95136
STAGE_MODEL_POLICY,3,12.422028855002281,3.95136
STAGE_MODEL_POLICY,3,12.476281619001384,3.99168
STAGE_MODEL_POLICY,3,12.53070117900279,3.95136
STAGE_MODEL_POLICY,3,12.584976780002762,3.95136
STAGE_MODEL_POLICY,3,12.63916199400046,3.95136
STAGE_MODEL_POLICY,3,12.693376761002582,3.95136
STAGE_MODEL_POLICY,3,12.747545983002055,3.95136
STAGE_MODEL_POLICY,3,12.801763660001598,3.95136
STAGE_MODEL_POLICY,3,12.855974941001477,3.95136
STAGE_MODEL_POLICY,3,12.910111252000206,3.99168
STAGE_MODEL_POLICY,3,12.964289493000251,3.95136
STAGE_MODEL_POLICY,3,13.018651194000995,3.95136
STAGE_MODEL_POLICY,3,13.07281014900218,3.95136
STAGE_MODEL_POLICY,3,13.12850369700027,3.95136
STAGE_MODEL_POLICY,3,13.182796824999969,3.95136
STAGE_MODEL_POLICY,3,13.23700826500135,3.95136
STAGE_MODEL_POLICY,3,13.29125712700261,3.95136
STAGE_MODEL_POLICY,3,13.345859603999997,3.99168
STAGE_MODEL_POLICY,3,13.401429949000885,3.95136
STAGE_MODEL_POLICY,3,13.455704621999757,3.95136
STAGE_MODEL_POLICY,3,13.509891212001094,3.99168
STAGE_MODEL_POLICY,3,13.564722662002168,3.95136
STAGE_MODEL_POLICY,3,13.619797831001051,3.95136
STAGE_MODEL_POLICY,3,13.674070105000283,3.99168
STAGE_MODEL_POLICY,3,13.72829526699934,3.95136
STAGE_MODEL_POLICY,3,13.782452719002322,3.99168
STAGE_MODEL_POLICY,3,13.836638828001014,3.95136
STAGE_MODEL_POLICY,3,13.890812304001884,3.95136
STAGE_MODEL_POLICY,3,13.94494970100277,3.99168
STAGE_MODEL_POLICY,3,13.999115341001016,3.95136
STAGE_MODEL_POLICY,3,14.053331163999246,3.95136
STAGE_MODEL_POLICY,3,14.10746852900047,3.99168
STAGE_MODEL_POLICY,3,14.16165687800094,3.95136
STAGE_MODEL_POLICY,3,14.215805182000622,3.99168
STAGE_MODEL_POLICY,3,14.269982336001704,3.95136
STAGE_MODEL_POLICY,3,14.324170972002321,3.95136
STAGE_MODEL_POLICY,3,14.378316238002299,3.99168
STAGE_MODEL_POLICY,3,14.432573640002374,3.95136
STAGE_MODEL_POLICY,3,14.486789654001768,3.95136
STAGE_MODEL_POLICY,3,14.540935527002148,3.99168
STAGE_MODEL_POLICY,3,14.595098033001705,3.95136
STAGE_MODEL_POLICY,3,14.64927051700215,3.99168
STAGE_MODEL_POLICY,3,14.703407211000012,3.95136
STAGE_MODEL_POLICY,3,14.757674656000745,3.95136
STAGE_MODEL_POLICY,3,14.81306486700123,3.99168
STAGE_MODEL_POLICY,3,14.867281873001048,3.95136
STAGE_MODEL_POLICY,3,14.921504956000717,3.95136
STAGE_MODEL_POLICY,3,14.97564804600188,3.99168
STAGE_MODEL_POLICY,3,15.029755859002762,3.95136
STAGE_MODEL_POLICY,3,15.08388260600259,3.95136
STAGE_MODEL_POLICY,3,15.138037242999417,3.95136
STAGE_MODEL_POLICY,3,15.192193735001638,3.95136
STAGE_MODEL_POLICY,3,15.2463265280021,3.99168
STAGE_MODEL_POLICY,3,15.300461845999962,3.95136
STAGE_MODEL_POLICY,3,15.354676805000054,3.95136
STAGE_MODEL_POLICY,3,15.408799714001361,3.99168
STAGE_MODEL_POLICY,3,15.463027338999382,3.95136
STAGE_MODEL_POLICY,3,15.517154918001324,3.99168
STAGE_MODEL_POLICY,3,15.571307731999696,3.95136
STAGE_MODEL_POLICY,3,15.625462400999822,3.95136
STAGE_MODEL_POLICY,3,15.679608498001471,3.99168
STAGE_MODEL_POLICY,3,15.733744520999608,3.95136
STAGE_MODEL_POLICY,3,15.788274586000625,3.95136
STAGE_MODEL_POLICY,3,15.842552457001148,3.99168
STAGE_MODEL_POLICY,3,15.896783375999803,3.95136
STAGE_MODEL_POLICY,3,15.95101480700032,3.95136
STAGE_MODEL_POLICY,3,16.00520222799969,3.95136
STAGE_MODEL_POLICY,3,16.059476069000084,3.95136
STAGE_MODEL_POLICY,3,16.11370167900168,3.95136
STAGE_MODEL_POLICY,3,16.16792549800084,3.91104
STAGE_MODEL_POLICY,3,16.222251953000523,3.95136
STAGE_MODEL_POLICY,3,16.276484886999242,3.95136
STAGE_MODEL_POLICY,3,16.330712319002487,3.91104
STAGE_MODEL_POLICY,3,16.385040246001154,3.95136
STAGE_MODEL_POLICY,3,16.439297487999283,3.95136
STAGE_MODEL_POLICY,3,16.494583463001618,3.95136
STAGE_MODEL_POLICY,3,16.548850588002097,3.95136
STAGE_MODEL_POLICY,3,16.60307159200238,3.95136
STAGE_MODEL_POLICY,3,16.657283799999277,3.95136
STAGE_MODEL_POLICY,3,16.711422636999487,3.99168
STAGE_MODEL_POLICY,3,16.76558392700099,3.95136
STAGE_MODEL_POLICY,3,16.819724107001093,3.95136
STAGE_MODEL_POLICY,3,16.873888403999445,3.99168
STAGE_MODEL_POLICY,3,16.928076624000823,3.95136
STAGE_MODEL_POLICY,3,16.98221008800101,3.95136
STAGE_MODEL_POLICY,3,17.03634150400103,3.95136
STAGE_MODEL_POLICY,3,17.090530940000463,3.95136
STAGE_MODEL_POLICY,3,17.144672400001582,3.95136
STAGE_MODEL_POLICY,3,17.198839734999638,3.91104
STAGE_MODEL_POLICY,3,17.253008701001818,3.95136
STAGE_MODEL_POLICY,3,17.307125851999444,3.99168
STAGE_MODEL_POLICY,3,17.361345385001187,3.95136
STAGE_MODEL_POLICY,3,17.415478465001797,3.95136
STAGE_MODEL_POLICY,3,17.46964599200146,3.95136
STAGE_MODEL_POLICY,3,17.524003056001675,3.95136
STAGE_MODEL_POLICY,3,17.57815049599958,3.95136
STAGE_MODEL_POLICY,3,17.632330401000218,3.95136
STAGE_MODEL_POLICY,3,17.6865702110008,3.95136
STAGE_MODEL_POLICY,3,17.74070952799957,3.99168
STAGE_MODEL_POLICY,3,17.794854218002,3.95136
STAGE_MODEL_POLICY,3,17.84900767200088,3.95136
STAGE_MODEL_POLICY,3,17.90315978199942,3.95136
STAGE_MODEL_POLICY,3,17.957354526999552,3.95136
STAGE_MODEL_POLICY,3,18.01149160500063,3.95136
STAGE_MODEL_POLICY,3,18.06565714899989,3.91104
STAGE_MODEL_POLICY,3,18.119853940999747,3.95136
STAGE_MODEL_POLICY,3,18.17398705300002,3.95136
STAGE_MODEL_POLICY,3,18.228175273001398,3.91104
STAGE_MODEL_POLICY,3,18.282323065999663,3.95136
STAGE_MODEL_POLICY,3,18.336498365002626,3.95136
STAGE_MODEL_POLICY,3,18.3906613500003,3.95136
STAGE_MODEL_POLICY,3,18.44480021900017,3.95136
STAGE_MODEL_POLICY,3,18.49897164700087,3.91104
STAGE_MODEL_POLICY,3,18.553300916999433,3.95136
STAGE_MODEL_POLICY,3,18.607463135002035,3.95136
STAGE_MODEL_POLICY,3,18.66164303900223,3.95136
STAGE_MODEL_POLICY,3,18.71576211000138,3.95136
STAGE_MODEL_POLICY,3,18.769912973002647,3.95136
STAGE_MODEL_POLICY,3,18.8240623970014,3.95136
STAGE_MODEL_POLICY,3,18.87821236400123,3.95136
STAGE_MODEL_POLICY,3,18.933103048999328,3.95136
STAGE_MODEL_POLICY,3,18.987260149002395,3.95136
STAGE_MODEL_POLICY,3,19.041368185000465,3.95136
STAGE_MODEL_POLICY,3,19.095533408999472,3.95136
STAGE_MODEL_POLICY,3,19.14965986900279,3.95136
STAGE_MODEL_POLICY,3,19.203801007999573,3.95136
STAGE_MODEL_POLICY,3,19.257984591000422,3.95136
STAGE_MODEL_POLICY,3,19.312148439999874,3.95136
STAGE_MODEL_POLICY,3,19.366292746002728,3.91104
STAGE_MODEL_POLICY,3,19.42040110200105,3.95136
STAGE_MODEL_POLICY,3,19.474533862001408,3.95136
STAGE_MODEL_POLICY,3,19.528681527001027,3.95136
STAGE_MODEL_POLICY,3,19.582891848000145,3.95136
STAGE_MODEL_POLICY,3,19.63703970500137,3.95136
STAGE_MODEL_POLICY,3,19.69124382100199,3.95136
STAGE_MODEL_POLICY,3,19.74541992000013,3.95136
STAGE_MODEL_POLICY,3,19.79961712700242,3.91104
STAGE_MODEL_POLICY,3,19.85376332099986,3.95136
STAGE_MODEL_POLICY,3,19.90791907700259,3.95136
STAGE_MODEL_POLICY,3,19.96214238399989,3.91104
STAGE_MODEL_POLICY,3,20.01627162600198,3.95136
STAGE_MODEL_POLICY,3,20.070422329001303,3.91104
STAGE_MODEL_POLICY,3,20.124584195000352,3.91104
STAGE_MODEL_POLICY,3,20.178691111999797,3.95136
STAGE_MODEL_POLICY,3,20.232831836001424,3.91104
STAGE_MODEL_POLICY,3,20.28712493200146,3.91104
STAGE_MODEL_POLICY,3,20.341279025000404,3.95136
STAGE_MODEL_POLICY,3,20.39542835300017,3.91104
STAGE_MODEL_POLICY,3,20.44980220800062,3.95136
STAGE_MODEL_POLICY,3,20.504173089000687,3.95136
STAGE_MODEL_POLICY,3,20.559516156001337,3.91104
STAGE_MODEL_POLICY,3,20.613785135999933,3.95136
STAGE_MODEL_POLICY,3,20.668044968002505,3.91104
STAGE_MODEL_POLICY,3,20.72276629800035,3.91104
STAGE_MODEL_POLICY,3,20.7778512540026,3.95136
STAGE_MODEL_POLICY,3,20.832780447002733,3.91104
STAGE_MODEL_POLICY,3,20.887153055002273,3.91104
STAGE_MODEL_POLICY,3,20.94335153400243,3.95136
STAGE_MODEL_POLICY,3,20.997591536000982,3.91104
STAGE_MODEL_POLICY,3,21.051889110000047,3.91104
STAGE_MODEL_POLICY,3,21.106653170001664,3.95136
STAGE_MODEL_POLICY,3,21.16184783100107,3.91104
STAGE_MODEL_POLICY,3,21.21665238300193,3.91104
STAGE_MODEL_POLICY,3,21.271420697001304,3.91104
STAGE_MODEL_POLICY,3,21.32575898700088,3.91104
STAGE_MODEL_POLICY,3,21.380028925999795,3.91104
STAGE_MODEL_POLICY,3,21.434219992999715,3.91104
STAGE_MODEL_POLICY,3,21.489676795001287,3.91104
STAGE_MODEL_POLICY,3,21.543860122001206,3.95136
STAGE_MODEL_POLICY,3,21.59810194700185,3.91104
STAGE_MODEL_POLICY,3,21.65244493800128,3.91104
STAGE_MODEL_POLICY,3,21.706641474000207,3.95136
STAGE_MODEL_POLICY,3,21.7618512629997,3.91104
STAGE_MODEL_POLICY,3,21.8166957320027,3.91104
STAGE_MODEL_POLICY,3,21.87145361900184,3.95136
STAGE_MODEL_POLICY,3,21.926560195999627,3.91104
STAGE_MODEL_POLICY,3,21.980762809002044,3.95136
STAGE_MODEL_POLICY,3,22.034991937001905,3.91104
STAGE_MODEL_POLICY,3,22.08916720400157,3.91104
STAGE_MODEL_POLICY,3,22.14330021999922,3.95136
STAGE_MODEL_POLICY,3,22.19876786399982,3.91104
STAGE_MODEL_POLICY,3,22.25312336100251,3.91104
STAGE_MODEL_POLICY,3,22.308029846000863,3.95136
STAGE_MODEL_POLICY,3,22.362334680001368,3.91104
STAGE_MODEL_POLICY,3,22.416464560999884,3.91104
STAGE_MODEL_POLICY,3,22.471744682999997,3.91104
STAGE_MODEL_POLICY,3,22.526026360999822,3.91104
STAGE_MODEL_POLICY,3,22.580197758001304,3.95136
STAGE_MODEL_POLICY,3,22.634621476001485,3.91104
STAGE_MODEL_POLICY,3,22.68893257899981,3.91104
STAGE_MODEL_POLICY,3,22.74315735699929,3.95136
STAGE_MODEL_POLICY,3,22.797368510000524,3.91104
STAGE_MODEL_POLICY,3,22.851628341999458,3.95136
STAGE_MODEL_POLICY,3,22.90578233999986,3.95136
STAGE_MODEL_POLICY,3,22.960017673001857,3.91104
STAGE_MODEL_POLICY,3,23.014147394002066,3.95136
STAGE_MODEL_POLICY,3,23.06833977200222,3.91104
STAGE_MODEL_POLICY,3,23.12250448499981,3.91104
STAGE_MODEL_POLICY,3,23.176657489999343,3.95136
STAGE_MODEL_POLICY,3,23.230832661000022,3.91104
STAGE_MODEL_POLICY,3,23.28510455200012,3.91104
STAGE_MODEL_POLICY,3,23.33929561900004,3.95136
STAGE_MODEL_POLICY,3,23.39346644000034,3.91104
STAGE_MODEL_POLICY,3,23.447582664000947,3.95136
STAGE_MODEL_POLICY,3,23.501761897001415,3.91104
STAGE_MODEL_POLICY,3,23.556010279000475,3.91104
STAGE_MODEL_POLICY,3,23.610235505002493,3.95136
STAGE_MODEL_POLICY,3,23.664624041000934,3.91104
STAGE_MODEL_POLICY,3,23.718957213000976,3.95136
STAGE_MODEL_POLICY,3,23.77317700200001,3.95136
STAGE_MODEL_POLICY,3,23.827362535001157,3.91104
STAGE_MODEL_POLICY,3,23.881497054000647,3.95136
STAGE_MODEL_POLICY,3,23.93565345100069,3.91104
STAGE_MODEL_POLICY,3,23.989808823000203,3.91104
STAGE_MODEL_POLICY,3,24.043945613000687,3.95136
STAGE_MODEL_POLICY,3,24.09813744799976,3.91104
STAGE_MODEL_POLICY,3,24.15239766400191,3.91104
STAGE_MODEL_POLICY,3,24.206564839001658,3.95136
STAGE_MODEL_POLICY,3,24.260752196001704,3.91104
STAGE_MODEL_POLICY,3,24.314985610002623,3.91104
STAGE_MODEL_POLICY,3,24.36915041800239,3.91104
STAGE_MODEL_POLICY,3,24.423332497000956,3.91104
STAGE_MODEL_POLICY,3,24.477485343002627,3.95136
STAGE_MODEL_POLICY,3,24.531675131001975,3.91104
STAGE_MODEL_POLICY,3,24.58596080600182,3.91104
STAGE_MODEL_POLICY,3,24.64012196800104,3.95136
STAGE_MODEL_POLICY,3,24.694509609002125,3.91104
STAGE_MODEL_POLICY,3,24.748635748001107,3.95136
STAGE_MODEL_POLICY,3,24.802795887000684,3.91104
STAGE_MODEL_POLICY,3,24.856959094999183,3.91104
STAGE_MODEL_POLICY,3,24.911067548000574,3.95136
STAGE_MODEL_POLICY,3,24.965192312,3.91104
STAGE_MODEL_POLICY,3,25.01952983299998,3.95136
STAGE_MODEL_POLICY,3,25.07380261900107,3.95136
STAGE_MODEL_POLICY,3,25.12853172100222,3.91104
STAGE_MODEL_POLICY,3,25.18268930100021,3.95136
STAGE_MODEL_POLICY,3,25.236834023002302,3.91104
STAGE_MODEL_POLICY,3,25.291056273999857,3.91104
STAGE_MODEL_POLICY,3,25.34518532400034,3.95136
STAGE_MODEL_POLICY,3,25.399323841000296,3.91104
STAGE_MODEL_POLICY,3,25.453449340999214,3.95136
STAGE_MODEL_POLICY,3,25.507579894001537,3.95136
STAGE_MODEL_POLICY,3,25.561696758002654,3.91104
STAGE_MODEL_POLICY,3,25.615811735002353,3.95136
STAGE_MODEL_POLICY,3,25.66994833300123,3.95136
STAGE_MODEL_POLICY,3,25.72424360399964,3.95136
STAGE_MODEL_POLICY,3,25.778413082000043,3.95136
STAGE_MODEL_POLICY,3,25.83259311400252,3.91104
STAGE_MODEL_POLICY,3,25.88674938300028,3.95136
STAGE_MODEL_POLICY,3,25.94094969300204,3.95136
STAGE_MODEL_POLICY,3,25.995116739999503,3.91104
STAGE_MODEL_POLICY,3,26.0492851300005,3.95136
STAGE_MODEL_POLICY,3,26.10345240099923,3.91104
STAGE_MODEL_POLICY,3,26.157627700002195,3.95136
STAGE_MODEL_POLICY,3,26.211753104002128,3.95136
STAGE_MODEL_POLICY,3,26.265924724000797,3.91104
STAGE_MODEL_POLICY,3,26.32009800800006,3.95136
STAGE_MODEL_POLICY,3,26.37422459500158,3.95136
STAGE_MODEL_POLICY,3,26.428372803002276,3.91104
STAGE_MODEL_POLICY,3,26.482492802002525,3.95136
STAGE_MODEL_POLICY,3,26.536673729999166,3.91104
STAGE_MODEL_POLICY,3,26.59083006199944,3.95136
STAGE_MODEL_POLICY,3,26.64496013600001,3.95136
STAGE_MODEL_POLICY,3,26.699132236000878,3.91104
STAGE_MODEL_POLICY,3,26.75346761500259,3.95136
STAGE_MODEL_POLICY,3,26.807625098001154,3.95136
STAGE_MODEL_POLICY,3,26.86180161300217,3.95136
STAGE_MODEL_POLICY,3,26.915970451002067,3.95136
STAGE_MODEL_POLICY,3,26.970132476002618,3.95136
STAGE_MODEL_POLICY,3,27.02428529000099,3.95136
STAGE_MODEL_POLICY,3,27.078409255002043,3.95136
STAGE_MODEL_POLICY,3,27.13258346600196,3.91104
STAGE_MODEL_POLICY,3,27.186822381001548,3.95136
STAGE_MODEL_POLICY,3,27.240983543000766,3.95136
STAGE_MODEL_POLICY,3,27.29527244900237,3.95136
STAGE_MODEL_POLICY,3,27.349759176002408,3.95136
STAGE_MODEL_POLICY,3,27.403997003002587,3.95136
STAGE_MODEL_POLICY,3,27.45819369899982,3.95136
STAGE_MODEL_POLICY,3,27.512339797001914,3.99168
STAGE_MODEL_POLICY,3,27.56654039500063,3.95136
STAGE_MODEL_POLICY,3,27.62079191200246,3.95136
STAGE_MODEL_POLICY,3,27.674946005001402,3.99168
STAGE_MODEL_POLICY,3,27.729604070002097,3.95136
STAGE_MODEL_POLICY,3,27.783874808999826,3.95136
STAGE_MODEL_POLICY,3,27.838378391999868,3.95136
STAGE_MODEL_POLICY,3,27.892662149002717,3.95136
STAGE_MODEL_POLICY,3,27.946869622999657,3.95136
STAGE_MODEL_POLICY,3,28.001028482001857,3.95136
STAGE_MODEL_POLICY,3,28.055248335000215,3.95136
STAGE_MODEL_POLICY,3,28.10942344200157,3.99168
STAGE_MODEL_POLICY,3,28.163881159001903,3.95136
STAGE_MODEL_POLICY,3,28.218172944001708,3.95136
STAGE_MODEL_POLICY,3,28.272402295002394,3.95136
STAGE_MODEL_POLICY,3,28.32668902700243,3.95136
STAGE_MODEL_POLICY,3,28.380847918000654,3.95136
STAGE_MODEL_POLICY,3,28.43509530799929,3.95136
STAGE_MODEL_POLICY,3,28.489339181000105,3.95136
STAGE_MODEL_POLICY,3,28.543712108999898,3.95136
STAGE_MODEL_POLICY,3,28.598055611000746,3.95136
STAGE_MODEL_POLICY,3,28.652436406999186,3.95136
STAGE_MODEL_POLICY,3,28.706922942001256,3.99168
STAGE_MODEL_POLICY,3,28.762505090002378,3.95136
STAGE_MODEL_POLICY,3,28.81670680699972,3.95136
STAGE_MODEL_POLICY,3,28.87140667499989,3.95136
STAGE_MODEL_POLICY,3,28.92569363000075,3.95136
STAGE_MODEL_POLICY,3,28.980758244000754,3.99168
STAGE_MODEL_POLICY,3,29.034995752001123,3.95136
STAGE_MODEL_POLICY,3,29.08929751600226,3.95136
STAGE_MODEL_POLICY,3,29.14409918900128,3.99168
STAGE_MODEL_POLICY,3,29.198549742002797,3.95136
STAGE_MODEL_POLICY,3,29.25276831500014,3.99168
STAGE_MODEL_POLICY,3,29.30699098200057,3.99168
STAGE_MODEL_POLICY,3,29.361176196001907,3.95136
STAGE_MODEL_POLICY,3,29.415331857002457,3.99168
STAGE_MODEL_POLICY,3,29.470011511002667,3.95136
STAGE_MODEL_POLICY,3,29.524750431999564,3.95136
STAGE_MODEL_POLICY,3,29.581226051999693,3.99168
STAGE_MODEL_POLICY,3,29.635497302999283,3.95136
STAGE_MODEL_POLICY,3,29.68973429900143,3.95136
STAGE_MODEL_POLICY,3,29.74388906400054,3.99168
STAGE_MODEL_POLICY,3,29.798173652001424,3.95136
STAGE_MODEL_POLICY,3,29.852681936001318,3.99168
STAGE_MODEL_POLICY,3,29.90690796200215,3.99168
STAGE_MODEL_POLICY,3,29.961117324000952,3.95136
STAGE_MODEL_INFER,3,0.0007796099998813588,3.91104
STAGE_MODEL_INFER,3,0.05509781299770111,3.95136
STAGE_MODEL_INFER,3,0.10917879099724814,3.95136
STAGE_MODEL_INFER,3,0.1633659559993248,3.91104
STAGE_MODEL_INFER,3,0.2175224159982463,3.95136
STAGE_MODEL_INFER,3,0.2718497349997051,3.95136
STAGE_MODEL_INFER,3,0.326157288000104,3.95136
STAGE_MODEL_INFER,3,0.3803766929995618,3.95136
STAGE_MODEL_INFER,3,0.4346403309973539,3.91104
STAGE_MODEL_INFER,3,0.48891257399736787,3.95136
STAGE_MODEL_INFER,3,0.5430491719998827,3.95136
STAGE_MODEL_INFER,3,0.5972288839984685,3.91104
STAGE_MODEL_INFER,3,0.65142839499822,3.95136
STAGE_MODEL_INFER,3,0.7055937149998499,3.95136
STAGE_MODEL_INFER,3,0.7598211469994567,3.91104
STAGE_MODEL_INFER,3,0.8141272609973385,3.95136
STAGE_MODEL_INFER,3,0.8683216859972163,3.91104
STAGE_MODEL_INFER,3,0.9225689489976503,3.95136
STAGE_MODEL_INFER,3,0.9767645259998972,3.95136
STAGE_MODEL_INFER,3,1.03109948799829,3.91104
STAGE_MODEL_INFER,3,1.0867178730004525,3.95136
STAGE_MODEL_INFER,3,1.1414116649975767,3.95136
STAGE_MODEL_INFER,3,1.1962435949972132,3.91104
STAGE_MODEL_INFER,3,1.2504127850006626,3.95136
STAGE_MODEL_INFER,3,1.3046572329985793,3.95136
STAGE_MODEL_INFER,3,1.3594154079983127,3.91104
STAGE_MODEL_INFER,3,1.4140972059976775,3.95136
STAGE_MODEL_INFER,3,1.468575969000085,3.91104
STAGE_MODEL_INFER,3,1.523115660998883,3.91104
STAGE_MODEL_INFER,3,1.5773316119993979,3.95136
STAGE_MODEL_INFER,3,1.6316232999997737,3.91104
STAGE_MODEL_INFER,3,1.6858608399998047,3.91104
STAGE_MODEL_INFER,3,1.7402985999979137,3.95136
STAGE_MODEL_INFER,3,1.795176490999438,3.91104
STAGE_MODEL_INFER,3,1.849554344000353,3.95136
STAGE_MODEL_INFER,3,1.9039644699987548,3.95136
STAGE_MODEL_INFER,3,1.9582145149979624,3.91104
STAGE_MODEL_INFER,3,2.0124306569996406,3.95136
STAGE_MODEL_INFER,3,2.0667006289986602,3.91104
STAGE_MODEL_INFER,3,2.122176140997908,3.91104
STAGE_MODEL_INFER,3,2.176543440000387,3.95136
STAGE_MODEL_INFER,3,2.2307899029983673,3.91104
STAGE_MODEL_INFER,3,2.285151636999217,3.95136
STAGE_MODEL_INFER,3,2.339447450998705,3.95136
STAGE_MODEL_INFER,3,2.3941522130007797,3.91104
STAGE_MODEL_INFER,3,2.4484389440003724,3.95136
STAGE_MODEL_INFER,3,2.502655533997313,3.91104
STAGE_MODEL_INFER,3,2.556826514999557,3.91104
STAGE_MODEL_INFER,3,2.610967910997715,3.95136
STAGE_MODEL_INFER,3,2.6651228679984342,3.91104
STAGE_MODEL_INFER,3,2.7196482959989225,3.91104
STAGE_MODEL_INFER,3,2.7740078219976567,3.95136
STAGE_MODEL_INFER,3,2.828461477998644,3.91104
STAGE_MODEL_INFER,3,2.8828795029985486,3.95136
STAGE_MODEL_INFER,3,2.938461906000157,3.95136
STAGE_MODEL_INFER,3,2.992703796000569,3.91104
STAGE_MODEL_INFER,3,3.0475033900002018,3.95136
STAGE_MODEL_INFER,3,3.1017160459996376,3.91104
STAGE_MODEL_INFER,3,3.158121812997706,3.91104
STAGE_MODEL_INFER,3,3.2123064509978576,3.95136
STAGE_MODEL_INFER,3,3.2665531069978897,3.91104
STAGE_MODEL_INFER,3,3.321418203999201,3.91104
STAGE_MODEL_INFER,3,3.376606787998753,3.95136
STAGE_MODEL_INFER,3,3.4314862149985856,3.91104
STAGE_MODEL_INFER,3,3.4865707869976177,3.91104
STAGE_MODEL_INFER,3,3.540770776999125,3.95136
STAGE_MODEL_INFER,3,3.5949563430003764,3.91104
STAGE_MODEL_INFER,3,3.6490967469981115,3.95136
STAGE_MODEL_INFER,3,3.703253591000248,3.91104
STAGE_MODEL_INFER,3,3.7574278020001657,3.91104
STAGE_MODEL_INFER,3,3.8115737400003127,3.95136
STAGE_MODEL_INFER,3,3.865825704000599,3.91104
STAGE_MODEL_INFER,3,3.9206814949975524,3.91104
STAGE_MODEL_INFER,3,3.9748614309974073,3.95136
STAGE_MODEL_INFER,3,4.02913591199831,3.91104
STAGE_MODEL_INFER,3,4.083355988997937,3.95136
STAGE_MODEL_INFER,3,4.137544240998977,3.91104
STAGE_MODEL_INFER,3,4.191792751000321,3.91104
STAGE_MODEL_INFER,3,4.245976301997871,3.95136
STAGE_MODEL_INFER,3,4.30021412899805,3.91104
STAGE_MODEL_INFER,3,4.35448176600039,3.91104
STAGE_MODEL_INFER,3,4.408639506000327,3.95136
STAGE_MODEL_INFER,3,4.462800986999355,3.91104
STAGE_MODEL_INFER,3,4.516932179998548,3.91104
STAGE_MODEL_INFER,3,4.571091294998041,3.91104
STAGE_MODEL_INFER,3,4.6253163929977745,3.91104
STAGE_MODEL_INFER,3,4.6794396539989975,3.95136
STAGE_MODEL_INFER,3,4.733567391998804,3.91104
STAGE_MODEL_INFER,3,4.787823482998647,3.91104
STAGE_MODEL_INFER,3,4.841970699999365,3.95136
STAGE_MODEL_INFER,3,4.896140368997294,3.91104
STAGE_MODEL_INFER,3,4.9502740889984125,3.95136
STAGE_MODEL_INFER,3,5.004391464997752,3.91104
STAGE_MODEL_INFER,3,5.058521825998469,3.91104
STAGE_MODEL_INFER,3,5.112662709998403,3.95136
STAGE_MODEL_INFER,3,5.1668036579976615,3.91104
STAGE_MODEL_INFER,3,5.221111178998399,3.91104
STAGE_MODEL_INFER,3,5.275389817998075,3.95136
STAGE_MODEL_INFER,3,5.329548005000106,3.91104
STAGE_MODEL_INFER,3,5.383652491000248,3.95136
STAGE_MODEL_INFER,3,5.437758064999798,3.95136
STAGE_MODEL_INFER,3,5.491899044998718,3.91104
STAGE_MODEL_INFER,3,5.546031036999921,3.95136
STAGE_MODEL_INFER,3,5.600163446000806,3.91104
STAGE_MODEL_INFER,3,5.654318881999643,3.95136
STAGE_MODEL_INFER,3,5.7084461729973555,3.95136
STAGE_MODEL_INFER,3,5.7626028249978845,3.91104
STAGE_MODEL_INFER,3,5.816740414997184,3.95136
STAGE_MODEL_INFER,3,5.870886000997416,3.95136
STAGE_MODEL_INFER,3,5.9250797540007625,3.91104
STAGE_MODEL_INFER,3,5.979220670000359,3.95136
STAGE_MODEL_INFER,3,6.033380936998583,3.91104
STAGE_MODEL_INFER,3,6.087524698999914,3.95136
STAGE_MODEL_INFER,3,6.1416564360006305,3.95136
STAGE_MODEL_INFER,3,6.195807459000207,3.91104
STAGE_MODEL_INFER,3,6.249940921999951,3.95136
STAGE_MODEL_INFER,3,6.304149324998434,3.91104
STAGE_MODEL_INFER,3,6.358278693998727,3.91104
STAGE_MODEL_INFER,3,6.412393127997348,3.95136
STAGE_MODEL_INFER,3,6.46652623999762,3.91104
STAGE_MODEL_INFER,3,6.520721208999021,3.95136
STAGE_MODEL_INFER,3,6.574889726998663,3.95136
STAGE_MODEL_INFER,3,6.629113225000765,3.91104
STAGE_MODEL_INFER,3,6.68323693399725,3.95136
STAGE_MODEL_INFER,3,6.737365439999849,3.91104
STAGE_MODEL_INFER,3,6.791497177000565,3.91104
STAGE_MODEL_INFER,3,6.845617430997663,3.95136
STAGE_MODEL_INFER,3,6.899746032999246,3.91104
STAGE_MODEL_INFER,3,6.9539646379998885,3.95136
STAGE_MODEL_INFER,3,7.008077439997578,3.95136
STAGE_MODEL_INFER,3,7.062252578998596,3.91104
STAGE_MODEL_INFER,3,7.116398741000012,3.95136
STAGE_MODEL_INFER,3,7.170557343997643,3.91104
STAGE_MODEL_INFER,3,7.224785351998435,3.91104
STAGE_MODEL_INFER,3,7.279007922999881,3.95136
STAGE_MODEL_INFER,3,7.333169436999015,3.91104
STAGE_MODEL_INFER,3,7.387427063000359,3.95136
STAGE_MODEL_INFER,3,7.441558063997945,3.95136
STAGE_MODEL_INFER,3,7.49605988699841,3.91104
STAGE_MODEL_INFER,3,7.55023771299966,3.95136
STAGE_MODEL_INFER,3,7.604415186000551,3.95136
STAGE_MODEL_INFER,3,7.658587799000088,3.95136
STAGE_MODEL_INFER,3,7.712710420000803,3.95136
STAGE_MODEL_INFER,3,7.767477710000094,3.91104
STAGE_MODEL_INFER,3,7.823736574999202,3.95136
STAGE_MODEL_INFER,3,7.877923675998318,3.95136
STAGE_MODEL_INFER,3,7.9320910749993345,3.91104
STAGE_MODEL_INFER,3,7.986551286998292,3.95136
STAGE_MODEL_INFER,3,8.04072936800003,3.95136
STAGE_MODEL_INFER,3,8.094879336000304,3.95136
STAGE_MODEL_INFER,3,8.149007233998418,3.95136
STAGE_MODEL_INFER,3,8.203151317000447,3.95136
STAGE_MODEL_INFER,3,8.257338544997765,3.95136
STAGE_MODEL_INFER,3,8.311447861000488,3.95136
STAGE_MODEL_INFER,3,8.365555993997987,3.91104
STAGE_MODEL_INFER,3,8.41975489700053,3.95136
STAGE_MODEL_INFER,3,8.473854713000037,3.95136
STAGE_MODEL_INFER,3,8.528016514999763,3.95136
STAGE_MODEL_INFER,3,8.582126342000265,3.95136
STAGE_MODEL_INFER,3,8.636227405997488,3.95136
STAGE_MODEL_INFER,3,8.69037177700011,3.95136
STAGE_MODEL_INFER,3,8.74448780899911,3.95136
STAGE_MODEL_INFER,3,8.798633426999004,3.95136
STAGE_MODEL_INFER,3,8.852775941999425,3.95136
STAGE_MODEL_INFER,3,8.906889159999992,3.99168
STAGE_MODEL_INFER,3,8.961067752999952,3.95136
STAGE_MODEL_INFER,3,9.015411830998346,3.95136
STAGE_MODEL_INFER,3,9.069551595999656,3.95136
STAGE_MODEL_INFER,3,9.123690880998765,3.95136
STAGE_MODEL_INFER,3,9.177827030998742,3.99168
STAGE_MODEL_INFER,3,9.232016082998598,3.95136
STAGE_MODEL_INFER,3,9.286208973000612,3.95136
STAGE_MODEL_INFER,3,9.340372565999132,3.99168
STAGE_MODEL_INFER,3,9.394770760998654,3.95136
STAGE_MODEL_INFER,3,9.448925493998104,3.99168
STAGE_MODEL_INFER,3,9.503282525998657,3.95136
STAGE_MODEL_INFER,3,9.55757824399916,3.95136
STAGE_MODEL_INFER,3,9.611767647998931,3.99168
STAGE_MODEL_INFER,3,9.66599767200023,3.95136
STAGE_MODEL_INFER,3,9.720155122999131,3.99168
STAGE_MODEL_INFER,3,9.774298598000314,3.99168
STAGE_MODEL_INFER,3,9.829698467998242,3.95136
STAGE_MODEL_INFER,3,9.883867689997714,3.99168
STAGE_MODEL_INFER,3,9.93802904399854,3.95136
STAGE_MODEL_INFER,3,9.992220973999792,3.95136
STAGE_MODEL_INFER,3,10.046499549000146,3.99168
STAGE_MODEL_INFER,3,10.100649869000335,3.95136
STAGE_MODEL_INFER,3,10.154844646000129,3.95136
STAGE_MODEL_INFER,3,10.208986809000635,3.99168
STAGE_MODEL_INFER,3,10.263187790998927,3.95136
STAGE_MODEL_INFER,3,10.317345146999287,3.99168
STAGE_MODEL_INFER,3,10.371495721999963,3.95136
STAGE_MODEL_INFER,3,10.425640091998503,3.95136
STAGE_MODEL_INFER,3,10.479879614998936,3.99168
STAGE_MODEL_INFER,3,10.53403751499718,3.95136
STAGE_MODEL_INFER,3,10.588222376998601,3.95136
STAGE_MODEL_INFER,3,10.642443572000047,3.99168
STAGE_MODEL_INFER,3,10.696653925999271,3.95136
STAGE_MODEL_INFER,3,10.750801525999123,3.99168
STAGE_MODEL_INFER,3,10.805029215000104,3.95136
STAGE_MODEL_INFER,3,10.85916648499915,3.95136
STAGE_MODEL_INFER,3,10.913296749997244,3.99168
STAGE_MODEL_INFER,3,10.967423304999102,3.95136
STAGE_MODEL_INFER,3,11.021569913998974,3.99168
STAGE_MODEL_INFER,3,11.075761205000163,3.99168
STAGE_MODEL_INFER,3,11.129942165000102,3.95136
STAGE_MODEL_INFER,3,11.18406673699792,3.99168
STAGE_MODEL_INFER,3,11.238245937998727,3.99168
STAGE_MODEL_INFER,3,11.29249342500043,3.95136
STAGE_MODEL_INFER,3,11.346647742000641,3.99168
STAGE_MODEL_INFER,3,11.400802123000176,3.95136
STAGE_MODEL_INFER,3,11.455060517000675,3.95136
STAGE_MODEL_INFER,3,11.50919708299989,3.99168
STAGE_MODEL_INFER,3,11.563405324999621,3.95136
STAGE_MODEL_INFER,3,11.617715245,3.99168
STAGE_MODEL_INFER,3,11.671910788998503,3.95136
STAGE_MODEL_INFER,3,11.726101184998697,3.95136
STAGE_MODEL_INFER,3,11.780248304999986,3.99168
STAGE_MODEL_INFER,3,11.834434926997346,3.95136
STAGE_MODEL_INFER,3,11.888720185997954,3.95136
STAGE_MODEL_INFER,3,11.942935080998723,3.99168
STAGE_MODEL_INFER,3,11.997117416998663,3.95136
STAGE_MODEL_INFER,3,12.051569792998635,3.99168
STAGE_MODEL_INFER,3,12.105791212998156,3.99168
STAGE_MODEL_INFER,3,12.160068827997748,3.95136
STAGE_MODEL_INFER,3,12.214218252000137,3.99168
STAGE_MODEL_INFER,3,12.268475845998182,3.95136
STAGE_MODEL_INFER,3,12.322694738999417,3.95136
STAGE_MODEL_INFER,3,12.376825131999794,3.99168
STAGE_MODEL_INFER,3,12.430988116997469,3.95136
STAGE_MODEL_INFER,3,12.485159864998423,3.95136
STAGE_MODEL_INFER,3,12.539322242999333,3.99168
STAGE_MODEL_INFER,3,12.593484811997769,3.95136
STAGE_MODEL_INFER,3,12.647615844998654,3.99168
STAGE_MODEL_INFER,3,12.701760726999055,3.95136
STAGE_MODEL_INFER,3,12.75593701699836,3.95136
STAGE_MODEL_INFER,3,12.81007329500062,3.99168
STAGE_MODEL_INFER,3,12.864845702999446,3.95136
STAGE_MODEL_INFER,3,12.919098850998125,3.95136
STAGE_MODEL_INFER,3,12.973278307999863,3.99168
STAGE_MODEL_INFER,3,13.02750398200078,3.95136
STAGE_MODEL_INFER,3,13.081740049998189,3.99168
STAGE_MODEL_INFER,3,13.135944613997708,3.95136
STAGE_MODEL_INFER,3,13.190153719999216,3.95136
STAGE_MODEL_INFER,3,13.244309540998074,3.99168
STAGE_MODEL_INFER,3,13.298535597998125,3.95136
STAGE_MODEL_INFER,3,13.352774864997627,3.95136
STAGE_MODEL_INFER,3,13.406943286998285,3.99168
STAGE_MODEL_INFER,3,13.461128852999536,3.95136
STAGE_MODEL_INFER,3,13.51530002599975,3.99168
STAGE_MODEL_INFER,3,13.569535325998004,3.95136
STAGE_MODEL_INFER,3,13.623709026000142,3.95136
STAGE_MODEL_INFER,3,13.677827520998108,3.99168
STAGE_MODEL_INFER,3,13.732006562000606,3.95136
STAGE_MODEL_INFER,3,13.786220752997906,3.95136
STAGE_MODEL_INFER,3,13.840362020997418,3.99168
STAGE_MODEL_INFER,3,13.894513683997502,3.95136
STAGE_MODEL_INFER,3,13.94865898200078,3.95136
STAGE_MODEL_INFER,3,14.002811859998474,3.95136
STAGE_MODEL_INFER,3,14.056959972000186,3.95136
STAGE_MODEL_INFER,3,14.111324615998456,3.99168
STAGE_MODEL_INFER,3,14.165533881998272,3.95136
STAGE_MODEL_INFER,3,14.21981325699744,3.95136
STAGE_MODEL_INFER,3,14.274030997999944,3.99168
STAGE_MODEL_INFER,3,14.328215380999609,3.95136
STAGE_MODEL_INFER,3,14.382883840997238,3.95136
STAGE_MODEL_INFER,3,14.437069373998384,3.95136
STAGE_MODEL_INFER,3,14.491496898997866,3.95136
STAGE_MODEL_INFER,3,14.54733149599997,3.95136
STAGE_MODEL_INFER,3,14.601578789999621,3.95136
STAGE_MODEL_INFER,3,14.655835296998703,3.95136
STAGE_MODEL_INFER,3,14.709993419997772,3.95136
STAGE_MODEL_INFER,3,14.764622923998104,3.91104
STAGE_MODEL_INFER,3,14.819520484998066,3.95136
STAGE_MODEL_INFER,3,14.87431333099812,3.95136
STAGE_MODEL_INFER,3,14.928532543999609,3.95136
STAGE_MODEL_INFER,3,14.984108805998403,3.95136
STAGE_MODEL_INFER,3,15.038310075997288,3.95136
STAGE_MODEL_INFER,3,15.092600644999038,3.95136
STAGE_MODEL_INFER,3,15.147428928998124,3.95136
STAGE_MODEL_INFER,3,15.201656522000121,3.91104
STAGE_MODEL_INFER,3,15.255934745000559,3.95136
STAGE_MODEL_INFER,3,15.31020356499721,3.95136
STAGE_MODEL_INFER,3,15.364477725997858,3.91104
STAGE_MODEL_INFER,3,15.419176762999996,3.95136
STAGE_MODEL_INFER,3,15.47339882199958,3.95136
STAGE_MODEL_INFER,3,15.52756308699827,3.91104
STAGE_MODEL_INFER,3,15.581729237997934,3.95136
STAGE_MODEL_INFER,3,15.635914996000793,3.91104
STAGE_MODEL_INFER,3,15.690089686999272,3.95136
STAGE_MODEL_INFER,3,15.744206358998781,3.95136
STAGE_MODEL_INFER,3,15.798329811997974,3.91104
STAGE_MODEL_INFER,3,15.852467624998098,3.95136
STAGE_MODEL_INFER,3,15.906627540000045,3.95136
STAGE_MODEL_INFER,3,15.960845536999841,3.91104
STAGE_MODEL_INFER,3,16.014964063997468,3.95136
STAGE_MODEL_INFER,3,16.069087452997337,3.91104
STAGE_MODEL_INFER,3,16.123233198999515,3.95136
STAGE_MODEL_INFER,3,16.177491559999908,3.95136
STAGE_MODEL_INFER,3,16.23164012000052,3.91104
STAGE_MODEL_INFER,3,16.285891380997782,3.95136
STAGE_MODEL_INFER,3,16.340145647998725,3.95136
STAGE_MODEL_INFER,3,16.394307545997435,3.91104
STAGE_MODEL_INFER,3,16.448470849998557,3.95136
STAGE_MODEL_INFER,3,16.502707270999963,3.91104
STAGE_MODEL_INFER,3,16.556884808000177,3.95136
STAGE_MODEL_INFER,3,16.61103618299967,3.95136
STAGE_MODEL_INFER,3,16.66518560699842,3.91104
STAGE_MODEL_INFER,3,16.71935962600037,3.95136
STAGE_MODEL_INFER,3,16.773510424998676,3.95136
STAGE_MODEL_INFER,3,16.827674945998297,3.91104
STAGE_MODEL_INFER,3,16.881815701999585,3.95136
STAGE_MODEL_INFER,3,16.93599154399999,3.91104
STAGE_MODEL_INFER,3,16.99013559499872,3.91104
STAGE_MODEL_INFER,3,17.044232404998183,3.95136
STAGE_MODEL_INFER,3,17.098420624999562,3.91104
STAGE_MODEL_INFER,3,17.152573470997595,3.95136
STAGE_MODEL_INFER,3,17.206949021998298,3.95136
STAGE_MODEL_INFER,3,17.261206519000552,3.91104
STAGE_MODEL_INFER,3,17.31536832100028,3.95136
STAGE_MODEL_INFER,3,17.369527115999517,3.91104
STAGE_MODEL_INFER,3,17.423670398999093,3.91104
STAGE_MODEL_INFER,3,17.477791516997968,3.95136
STAGE_MODEL_INFER,3,17.531926707997627,3.91104
STAGE_MODEL_INFER,3,17.586138915998163,3.95136
STAGE_MODEL_INFER,3,17.6403241299995,3.95136
STAGE_MODEL_INFER,3,17.694492231999902,3.91104
STAGE_MODEL_INFER,3,17.748680100998172,3.95136
STAGE_MODEL_INFER,3,17.80285146499955,3.91104
STAGE_MODEL_INFER,3,17.857019311999466,3.91104
STAGE_MODEL_INFER,3,17.911153032000584,3.95136
STAGE_MODEL_INFER,3,17.9653112829983,3.91104
STAGE_MODEL_INFER,3,18.01944407499832,3.95136
STAGE_MODEL_INFER,3,18.07361278499957,3.95136
STAGE_MODEL_INFER,3,18.12807184600024,3.91104
STAGE_MODEL_INFER,3,18.182299950000015,3.95136
STAGE_MODEL_INFER,3,18.236547116997826,3.91104
STAGE_MODEL_INFER,3,18.290846418,3.91104
STAGE_MODEL_INFER,3,18.345072250998783,3.95136
STAGE_MODEL_INFER,3,18.39929088899953,3.91104
STAGE_MODEL_INFER,3,18.453507095000532,3.95136
STAGE_MODEL_INFER,3,18.507661155999813,3.95136
STAGE_MODEL_INFER,3,18.562027207997744,3.91104
STAGE_MODEL_INFER,3,18.616263883999636,3.95136
STAGE_MODEL_INFER,3,18.670522820997576,3.91104
STAGE_MODEL_INFER,3,18.72471401599978,3.91104
STAGE_MODEL_INFER,3,18.778850965998572,3.95136
STAGE_MODEL_INFER,3,18.833038193999528,3.91104
STAGE_MODEL_INFER,3,18.887219153999467,3.91104
STAGE_MODEL_INFER,3,18.941386104997946,3.95136
STAGE_MODEL_INFER,3,18.995565369998076,3.91104
STAGE_MODEL_INFER,3,19.04975080800068,3.95136
STAGE_MODEL_INFER,3,19.10399381699972,3.91104
STAGE_MODEL_INFER,3,19.158158400998218,3.91104
STAGE_MODEL_INFER,3,19.21239312599937,3.95136
STAGE_MODEL_INFER,3,19.26682445699771,3.91104
STAGE_MODEL_INFER,3,19.321849793999718,3.95136
STAGE_MODEL_INFER,3,19.376031329997204,3.95136
STAGE_MODEL_INFER,3,19.430802651000704,3.91104
STAGE_MODEL_INFER,3,19.485058357000526,3.95136
STAGE_MODEL_INFER,3,19.53920826099784,3.95136
STAGE_MODEL_INFER,3,19.593639335998887,3.95136
STAGE_MODEL_INFER,3,19.648142758000176,3.99168
STAGE_MODEL_INFER,3,19.70244583299791,3.95136
STAGE_MODEL_INFER,3,19.75663785999859,3.95136
STAGE_MODEL_INFER,3,19.81079383999895,3.99168
STAGE_MODEL_INFER,3,19.8649326449995,3.95136
STAGE_MODEL_INFER,3,19.919146804000775,3.95136
STAGE_MODEL_INFER,3,19.97331548299917,3.95136
STAGE_MODEL_INFER,3,20.027466089999507,3.95136
STAGE_MODEL_INFER,3,20.08166422499926,3.95136
STAGE_MODEL_INFER,3,20.13581515199985,3.91104
STAGE_MODEL_INFER,3,20.190215618000366,3.95136
STAGE_MODEL_INFER,3,20.24461499699828,3.95136
STAGE_MODEL_INFER,3,20.298905917999946,3.91104
STAGE_MODEL_INFER,3,20.353348155000276,3.95136
STAGE_MODEL_INFER,3,20.407523293997656,3.95136
STAGE_MODEL_INFER,3,20.46206535300007,3.91104
STAGE_MODEL_INFER,3,20.516329599999153,3.95136
STAGE_MODEL_INFER,3,20.570544941998378,3.91104
STAGE_MODEL_INFER,3,20.624734442000772,3.91104
STAGE_MODEL_INFER,3,20.678913674997602,3.95136
STAGE_MODEL_INFER,3,20.73309092499767,3.91104
STAGE_MODEL_INFER,3,20.787286405000486,3.91104
STAGE_MODEL_INFER,3,20.841855234997638,3.95136
STAGE_MODEL_INFER,3,20.896340426999814,3.91104
STAGE_MODEL_INFER,3,20.95053094999821,3.95136
STAGE_MODEL_INFER,3,21.00474558899805,3.91104
STAGE_MODEL_INFER,3,21.059052311000414,3.91104
STAGE_MODEL_INFER,3,21.11321270500048,3.95136
STAGE_MODEL_INFER,3,21.167415093997988,3.91104
STAGE_MODEL_INFER,3,21.221598644999176,3.91104
STAGE_MODEL_INFER,3,21.276036788000056,3.95136
STAGE_MODEL_INFER,3,21.330270744998415,3.91104
STAGE_MODEL_INFER,3,21.384485128997767,3.95136
STAGE_MODEL_INFER,3,21.438695289998577,3.95136
STAGE_MODEL_INFER,3,21.49289892699744,3.91104
STAGE_MODEL_INFER,3,21.547080813998036,3.95136
STAGE_MODEL_INFER,3,21.601374869998835,3.91104
STAGE_MODEL_INFER,3,21.65572953499941,3.91104
STAGE_MODEL_INFER,3,21.709906144998968,3.95136
STAGE_MODEL_INFER,3,21.764144579999993,3.91104
STAGE_MODEL_INFER,3,21.81838259899814,3.91104
STAGE_MODEL_INFER,3,21.872696260998055,3.95136
STAGE_MODEL_INFER,3,21.926977874998556,3.91104
STAGE_MODEL_INFER,3,21.981174762997398,3.95136
STAGE_MODEL_INFER,3,22.035472559997288,3.91104
STAGE_MODEL_INFER,3,22.089781359998597,3.91104
STAGE_MODEL_INFER,3,22.14394773499953,3.95136
STAGE_MODEL_INFER,3,22.198160935000487,3.91104
STAGE_MODEL_INFER,3,22.25286588900053,3.95136
STAGE_MODEL_INFER,3,22.307230884998717,3.95136
STAGE_MODEL_INFER,3,22.361437303999992,3.91104
STAGE_MODEL_INFER,3,22.41562616399824,3.95136
STAGE_MODEL_INFER,3,22.469794586999342,3.91104
STAGE_MODEL_INFER,3,22.524036571998295,3.95136
STAGE_MODEL_INFER,3,22.57823649800048,3.95136
STAGE_MODEL_INFER,3,22.63247403800051,3.91104
STAGE_MODEL_INFER,3,22.68688796999777,3.95136
STAGE_MODEL_INFER,3,22.74103189199741,3.95136
STAGE_MODEL_INFER,3,22.79518815999836,3.91104
STAGE_MODEL_INFER,3,22.8493469549976,3.95136
STAGE_MODEL_INFER,3,22.90347805199781,3.95136
STAGE_MODEL_INFER,3,22.95767564400012,3.95136
STAGE_MODEL_INFER,3,23.011795034999523,3.95136
STAGE_MODEL_INFER,3,23.06594273099836,3.91104
STAGE_MODEL_INFER,3,23.12015906599845,3.95136
STAGE_MODEL_INFER,3,23.174277048998192,3.95136
STAGE_MODEL_INFER,3,23.22869539399835,3.91104
STAGE_MODEL_INFER,3,23.28297991799991,3.95136
STAGE_MODEL_INFER,3,23.337427048998507,3.95136
STAGE_MODEL_INFER,3,23.391635323998344,3.95136
STAGE_MODEL_INFER,3,23.44582520699987,3.95136
STAGE_MODEL_INFER,3,23.50005084899749,3.91104
STAGE_MODEL_INFER,3,23.55428343099993,3.95136
STAGE_MODEL_INFER,3,23.608455690999108,3.95136
STAGE_MODEL_INFER,3,23.662671226000384,3.91104
STAGE_MODEL_INFER,3,23.716832611997233,3.95136
STAGE_MODEL_INFER,3,23.771001321998483,3.95136
STAGE_MODEL_INFER,3,23.825237741999445,3.95136
STAGE_MODEL_INFER,3,23.879479662999074,3.95136
STAGE_MODEL_INFER,3,23.93366334199891,3.91104
STAGE_MODEL_INFER,3,23.987862564998068,3.95136
STAGE_MODEL_INFER,3,24.04206313100076,3.95136
STAGE_MODEL_INFER,3,24.09632619399781,3.91104
STAGE_MODEL_INFER,3,24.150489466999716,3.95136
STAGE_MODEL_INFER,3,24.20473605799998,3.95136
STAGE_MODEL_INFER,3,24.25897071899817,3.95136
STAGE_MODEL_INFER,3,24.31315404599809,3.95136
STAGE_MODEL_INFER,3,24.367521344000124,3.91104
STAGE_MODEL_INFER,3,24.42178607099777,3.95136
STAGE_MODEL_INFER,3,24.476057608997507,3.95136
STAGE_MODEL_INFER,3,24.530243399000028,3.95136
STAGE_MODEL_INFER,3,24.584417578000284,3.95136
STAGE_MODEL_INFER,3,24.638633400998515,3.95136
STAGE_MODEL_INFER,3,24.692907369997556,3.95136
STAGE_MODEL_INFER,3,24.747116219998134,3.95136
STAGE_MODEL_INFER,3,24.801327277000382,3.91104
STAGE_MODEL_INFER,3,24.855664511000214,3.95136
STAGE_MODEL_INFER,3,24.90982279399759,3.95136
STAGE_MODEL_INFER,3,24.964046388999122,3.95136
STAGE_MODEL_INFER,3,25.018237551998027,3.95136
STAGE_MODEL_INFER,3,25.072466679997888,3.95136
STAGE_MODEL_INFER,3,25.126781461000064,3.95136
STAGE_MODEL_INFER,3,25.180943965999177,3.95136
STAGE_MODEL_INFER,3,25.235125660998165,3.95136
STAGE_MODEL_INFER,3,25.289422434998414,3.95136
STAGE_MODEL_INFER,3,25.343600484997296,3.99168
STAGE_MODEL_INFER,3,25.39792940299958,3.95136
STAGE_MODEL_INFER,3,25.452150214998255,3.95136
STAGE_MODEL_INFER,3,25.50639706199945,3.99168
STAGE_MODEL_INFER,3,25.560635944999376,3.95136
STAGE_MODEL_INFER,3,25.614851063997776,3.99168
STAGE_MODEL_INFER,3,25.669110383998486,3.95136
STAGE_MODEL_INFER,3,25.72332460799953,3.95136
STAGE_MODEL_INFER,3,25.777493637997395,3.99168
STAGE_MODEL_INFER,3,25.831685279998055,3.95136
STAGE_MODEL_INFER,3,25.886012918999768,3.95136
STAGE_MODEL_INFER,3,25.940185658997507,3.99168
STAGE_MODEL_INFER,3,25.994444627998746,3.95136
STAGE_MODEL_INFER,3,26.04872109200005,3.95136
STAGE_MODEL_INFER,3,26.10299080799814,3.95136
STAGE_MODEL_INFER,3,26.157177941000555,3.95136
STAGE_MODEL_INFER,3,26.211389764997875,3.99168
STAGE_MODEL_INFER,3,26.265644799997972,3.95136
STAGE_MODEL_INFER,3,26.319814118000068,3.95136
STAGE_MODEL_INFER,3,26.37400962999891,3.99168
STAGE_MODEL_INFER,3,26.42843136599913,3.95136
STAGE_MODEL_INFER,3,26.482661005997215,3.99168
STAGE_MODEL_INFER,3,26.536863235000055,3.95136
STAGE_MODEL_INFER,3,26.59113390999846,3.95136
STAGE_MODEL_INFER,3,26.645351906998258,3.99168
STAGE_MODEL_INFER,3,26.699604958997952,3.95136
STAGE_MODEL_INFER,3,26.753838213000563,3.95136
STAGE_MODEL_INFER,3,26.808045623998623,3.99168
STAGE_MODEL_INFER,3,26.862293142999988,3.95136
STAGE_MODEL_INFER,3,26.916444900998613,3.95136
STAGE_MODEL_INFER,3,26.970672109997395,3.95136
STAGE_MODEL_INFER,3,27.024841107999237,3.95136
STAGE_MODEL_INFER,3,27.079101707997324,3.99168
STAGE_MODEL_INFER,3,27.133312572997966,3.95136
STAGE_MODEL_INFER,3,27.187579890000052,3.95136
STAGE_MODEL_INFER,3,27.241779943997244,3.99168
STAGE_MODEL_INFER,3,27.29608650499722,3.95136
STAGE_MODEL_INFER,3,27.35032637999757,3.95136
STAGE_MODEL_INFER,3,27.404892106998886,3.95136
STAGE_MODEL_INFER,3,27.459265162997326,3.95136
STAGE_MODEL_INFER,3,27.513503534999472,3.99168
STAGE_MODEL_INFER,3,27.56766424899979,3.95136
STAGE_MODEL_INFER,3,27.621828224997444,3.95136
STAGE_MODEL_INFER,3,27.67604887699781,3.99168
STAGE_MODEL_INFER,3,27.730210614998214,3.95136
STAGE_MODEL_INFER,3,27.78441194900006,3.95136
STAGE_MODEL_INFER,3,27.838552352997795,3.95136
STAGE_MODEL_INFER,3,27.892726628000673,3.95136
STAGE_MODEL_INFER,3,27.946852990997286,3.95136
STAGE_MODEL_INFER,3,28.000977531999524,3.95136
STAGE_MODEL_INFER,3,28.055131976998382,3.95136
STAGE_MODEL_INFER,3,28.109338779999234,3.99168
STAGE_MODEL_INFER,3,28.1635217869989,3.95136
STAGE_MODEL_INFER,3,28.21765390699875,3.95136
STAGE_MODEL_INFER,3,28.27189877099954,3.95136
STAGE_MODEL_INFER,3,28.326053057000536,3.95136
STAGE_MODEL_INFER,3,28.380187767997995,3.95136
STAGE_MODEL_INFER,3,28.434370422997745,3.95136
STAGE_MODEL_INFER,3,28.488566126998194,3.95136
STAGE_MODEL_INFER,3,28.542771874999744,3.99168
STAGE_MODEL_INFER,3,28.59691538200059,3.95136
STAGE_MODEL_INFER,3,28.6510561699979,3.95136
STAGE_MODEL_INFER,3,28.705211319000227,3.95136
STAGE_MODEL_INFER,3,28.759538029997202,3.95136
STAGE_MODEL_INFER,3,28.813869218000036,3.99168
STAGE_MODEL_INFER,3,28.868175460000202,3.95136
STAGE_MODEL_INFER,3,28.922355811999296,3.95136
STAGE_MODEL_INFER,3,28.976492890000372,3.99168
STAGE_MODEL_INFER,3,29.03066431899788,3.95136
STAGE_MODEL_INFER,3,29.0848136780005,3.95136
STAGE_MODEL_INFER,3,29.1389935829975,3.95136
STAGE_MODEL_INFER,3,29.193161492999934,3.95136
STAGE_MODEL_INFER,3,29.247352623999177,3.95136
STAGE_MODEL_INFER,3,29.301588564998383,3.95136
STAGE_MODEL_INFER,3,29.35575740299828,3.95136
STAGE_MODEL_INFER,3,29.409883222000644,3.99168
STAGE_MODEL_INFER,3,29.46408733899807,3.95136
STAGE_MODEL_INFER,3,29.518240216999402,3.95136
STAGE_MODEL_INFER,3,29.572380108998914,3.95136
STAGE_MODEL_INFER,3,29.626539863998914,3.95136
STAGE_MODEL_INFER,3,29.680683561997284,3.95136
STAGE_MODEL_INFER,3,29.734816386000603,3.95136
STAGE_MODEL_INFER,3,29.788961459998973,3.95136
STAGE_MODEL_INFER,3,29.84308353799861,3.99168
STAGE_MODEL_INFER,3,29.89726340999914,3.95136
STAGE_MODEL_INFER,3,29.951398984998377,3.95136
STAGE_MODEL_THRESHOLD,3,0.0005624069999612402,3.91104
STAGE_MODEL_THRESHOLD,3,0.054924460000620456,3.95136
STAGE_MODEL_THRESHOLD,3,0.10909102799996617,3.95136
STAGE_MODEL_THRESHOLD,3,0.16327550599817187,3.91104
STAGE_MODEL_THRESHOLD,3,0.21752318400103832,3.95136
STAGE_MODEL_THRESHOLD,3,0.27177735599980224,3.95136
STAGE_MODEL_THRESHOLD,3,0.32596001099955174,3.91104
STAGE_MODEL_THRESHOLD,3,0.3801573790005932,3.95136
STAGE_MODEL_THRESHOLD,3,0.4344003559999692,3.91104
STAGE_MODEL_THRESHOLD,3,0.4886366159989848,3.95136
STAGE_MODEL_THRESHOLD,3,0.5428472889980185,3.95136
STAGE_MODEL_THRESHOLD,3,0.5971682429990324,3.91104
STAGE_MODEL_THRESHOLD,3,0.6513677859984455,3.95136
STAGE_MODEL_THRESHOLD,3,0.7055392139991454,3.95136
STAGE_MODEL_THRESHOLD,3,0.7614897210005438,3.91104
STAGE_MODEL_THRESHOLD,3,0.8157863029991859,3.95136
STAGE_MODEL_THRESHOLD,3,0.8700645270000678,3.91104
STAGE_MODEL_THRESHOLD,3,0.9242907439984265,3.95136
STAGE_MODEL_THRESHOLD,3,0.9784672899986617,3.95136
STAGE_MODEL_THRESHOLD,3,1.032651192999765,3.91104
STAGE_MODEL_THRESHOLD,3,1.0869179340006667,3.95136
STAGE_MODEL_THRESHOLD,3,1.1411412080014998,3.95136
STAGE_MODEL_THRESHOLD,3,1.195487109998794,3.91104
STAGE_MODEL_THRESHOLD,3,1.2497147340000083,3.95136
STAGE_MODEL_THRESHOLD,3,1.303929181998683,3.95136
STAGE_MODEL_THRESHOLD,3,1.3581405900004029,3.95136
STAGE_MODEL_THRESHOLD,3,1.4123034149997693,3.95136
STAGE_MODEL_THRESHOLD,3,1.4665044930006843,3.95136
STAGE_MODEL_THRESHOLD,3,1.5209635860010167,3.95136
STAGE_MODEL_THRESHOLD,3,1.5751901549992908,3.99168
STAGE_MODEL_THRESHOLD,3,1.6294901600012963,3.95136
STAGE_MODEL_THRESHOLD,3,1.6836352339996665,3.95136
STAGE_MODEL_THRESHOLD,3,1.7378057669993723,3.95136
STAGE_MODEL_THRESHOLD,3,1.7919653300014033,3.95136
STAGE_MODEL_THRESHOLD,3,1.8461467050001374,3.95136
STAGE_MODEL_THRESHOLD,3,1.9003198290010914,3.91104
STAGE_MODEL_THRESHOLD,3,1.9545383379991108,3.95136
STAGE_MODEL_THRESHOLD,3,2.008720866000658,3.99168
STAGE_MODEL_THRESHOLD,3,2.0628683059985633,3.95136
STAGE_MODEL_THRESHOLD,3,2.117108564998489,3.95136
STAGE_MODEL_THRESHOLD,3,2.171369133000553,3.95136
STAGE_MODEL_THRESHOLD,3,2.2255541869999433,3.95136
STAGE_MODEL_THRESHOLD,3,2.2797620450000977,3.99168
STAGE_MODEL_THRESHOLD,3,2.3339335700002266,3.95136
STAGE_MODEL_THRESHOLD,3,2.388203317001171,3.95136
STAGE_MODEL_THRESHOLD,3,2.44238539700018,3.99168
STAGE_MODEL_THRESHOLD,3,2.4966241199981596,3.95136
STAGE_MODEL_THRESHOLD,3,2.5509577070006344,3.95136
STAGE_MODEL_THRESHOLD,3,2.605189458001405,3.95136
STAGE_MODEL_THRESHOLD,3,2.6594125730007363,3.95136
STAGE_MODEL_THRESHOLD,3,2.7135695129982196,3.99168
STAGE_MODEL_THRESHOLD,3,2.767744363998645,3.95136
STAGE_MODEL_THRESHOLD,3,2.821940292000363,3.95136
STAGE_MODEL_THRESHOLD,3,2.876152181001089,3.99168
STAGE_MODEL_THRESHOLD,3,2.9303195479988062,3.95136
STAGE_MODEL_THRESHOLD,3,2.984891799998877,3.95136
STAGE_MODEL_THRESHOLD,3,3.0392200780006533,3.95136
STAGE_MODEL_THRESHOLD,3,3.093465517998993,3.95136
STAGE_MODEL_THRESHOLD,3,3.1475945679994766,3.99168
STAGE_MODEL_THRESHOLD,3,3.201780516999861,3.95136
STAGE_MODEL_THRESHOLD,3,3.2560234619995754,3.95136
STAGE_MODEL_THRESHOLD,3,3.310176308001246,3.99168
STAGE_MODEL_THRESHOLD,3,3.364324228998157,3.95136
STAGE_MODEL_THRESHOLD,3,3.418468342999404,3.95136
STAGE_MODEL_THRESHOLD,3,3.4725888530010707,3.95136
STAGE_MODEL_THRESHOLD,3,3.5269396160001634,3.95136
STAGE_MODEL_THRESHOLD,3,3.5813301679991127,3.99168
STAGE_MODEL_THRESHOLD,3,3.635547908997978,3.95136
STAGE_MODEL_THRESHOLD,3,3.689755799998238,3.95136
STAGE_MODEL_THRESHOLD,3,3.7439002659994003,3.99168
STAGE_MODEL_THRESHOLD,3,3.798106013000506,3.95136
STAGE_MODEL_THRESHOLD,3,3.8522859500008053,3.95136
STAGE_MODEL_THRESHOLD,3,3.906424946999323,3.99168
STAGE_MODEL_THRESHOLD,3,3.9605842220007617,3.95136
STAGE_MODEL_THRESHOLD,3,4.014758688997972,3.99168
STAGE_MODEL_THRESHOLD,3,4.068909199999325,3.95136
STAGE_MODEL_THRESHOLD,3,4.123093261998292,3.95136
STAGE_MODEL_THRESHOLD,3,4.177352902999701,3.99168
STAGE_MODEL_THRESHOLD,3,4.231518350999977,3.95136
STAGE_MODEL_THRESHOLD,3,4.2858062330014945,3.95136
STAGE_MODEL_THRESHOLD,3,4.339970529999846,3.99168
STAGE_MODEL_THRESHOLD,3,4.394210051999835,3.95136
STAGE_MODEL_THRESHOLD,3,4.448366033000639,3.95136
STAGE_MODEL_THRESHOLD,3,4.5025249239988625,3.95136
STAGE_MODEL_THRESHOLD,3,4.556739146999462,3.95136
STAGE_MODEL_THRESHOLD,3,4.6110805710013665,3.99168
STAGE_MODEL_THRESHOLD,3,4.665391578000708,3.95136
STAGE_MODEL_THRESHOLD,3,4.7196682339999825,3.95136
STAGE_MODEL_THRESHOLD,3,4.773825174001104,3.99168
STAGE_MODEL_THRESHOLD,3,4.828140882000298,3.95136
STAGE_MODEL_THRESHOLD,3,4.882300124998437,3.95136
STAGE_MODEL_THRESHOLD,3,4.936477630999434,3.95136
STAGE_MODEL_THRESHOLD,3,4.9906474919989705,3.95136
STAGE_MODEL_THRESHOLD,3,5.044788088998757,3.99168
STAGE_MODEL_THRESHOLD,3,5.098988079000264,3.95136
STAGE_MODEL_THRESHOLD,3,5.153286771997955,3.95136
STAGE_MODEL_THRESHOLD,3,5.207461751000665,3.99168
STAGE_MODEL_THRESHOLD,3,5.262015611999232,3.95136
STAGE_MODEL_THRESHOLD,3,5.316177765998873,3.95136
STAGE_MODEL_THRESHOLD,3,5.370331123998767,3.95136
STAGE_MODEL_THRESHOLD,3,5.424506006998854,3.95136
STAGE_MODEL_THRESHOLD,3,5.478655269998853,3.99168
STAGE_MODEL_THRESHOLD,3,5.5328306010014785,3.95136
STAGE_MODEL_THRESHOLD,3,5.5871077369993145,3.95136
STAGE_MODEL_THRESHOLD,3,5.641366290001315,3.99168
STAGE_MODEL_THRESHOLD,3,5.695550544998696,3.95136
STAGE_MODEL_THRESHOLD,3,5.749688806001359,3.99168
STAGE_MODEL_THRESHOLD,3,5.803901430001133,3.95136
STAGE_MODEL_THRESHOLD,3,5.858082197999465,3.95136
STAGE_MODEL_THRESHOLD,3,5.912209392998193,3.99168
STAGE_MODEL_THRESHOLD,3,5.966341129998909,3.95136
STAGE_MODEL_THRESHOLD,3,6.020483837000938,3.95136
STAGE_MODEL_THRESHOLD,3,6.0747006829988095,3.99168
STAGE_MODEL_THRESHOLD,3,6.12884774000122,3.95136
STAGE_MODEL_THRESHOLD,3,6.182973879000201,3.95136
STAGE_MODEL_THRESHOLD,3,6.237142653000774,3.95136
STAGE_MODEL_THRESHOLD,3,6.29140709100102,3.95136
STAGE_MODEL_THRESHOLD,3,6.345565693998651,3.95136
STAGE_MODEL_THRESHOLD,3,6.399720682999032,3.91104
STAGE_MODEL_THRESHOLD,3,6.45391910699982,3.95136
STAGE_MODEL_THRESHOLD,3,6.5081489059994055,3.99168
STAGE_MODEL_THRESHOLD,3,6.5623251639990485,3.95136
STAGE_MODEL_THRESHOLD,3,6.616576200998679,3.95136
STAGE_MODEL_THRESHOLD,3,6.670924565998575,3.95136
STAGE_MODEL_THRESHOLD,3,6.725176881998777,3.95136
STAGE_MODEL_THRESHOLD,3,6.7793211879979935,3.95136
STAGE_MODEL_THRESHOLD,3,6.834226745999331,3.91104
STAGE_MODEL_THRESHOLD,3,6.888533850000385,3.95136
STAGE_MODEL_THRESHOLD,3,6.942664340000192,3.95136
STAGE_MODEL_THRESHOLD,3,6.996815681999578,3.91104
STAGE_MODEL_THRESHOLD,3,7.051582525000413,3.95136
STAGE_MODEL_THRESHOLD,3,7.1073519390010915,3.95136
STAGE_MODEL_THRESHOLD,3,7.161574797999492,3.95136
STAGE_MODEL_THRESHOLD,3,7.216271276000043,3.95136
STAGE_MODEL_THRESHOLD,3,7.2709828820006805,3.95136
STAGE_MODEL_THRESHOLD,3,7.325166784998146,3.95136
STAGE_MODEL_THRESHOLD,3,7.379673470000853,3.95136
STAGE_MODEL_THRESHOLD,3,7.434362367999711,3.91104
STAGE_MODEL_THRESHOLD,3,7.489065882000432,3.95136
STAGE_MODEL_THRESHOLD,3,7.543721452999307,3.95136
STAGE_MODEL_THRESHOLD,3,7.5979437040005,3.91104
STAGE_MODEL_THRESHOLD,3,7.6521895279984165,3.95136
STAGE_MODEL_THRESHOLD,3,7.706369783998525,3.95136
STAGE_MODEL_THRESHOLD,3,7.760520583000471,3.95136
STAGE_MODEL_THRESHOLD,3,7.814632968998922,3.95136
STAGE_MODEL_THRESHOLD,3,7.868803311001102,3.91104
STAGE_MODEL_THRESHOLD,3,7.922927307001373,3.95136
STAGE_MODEL_THRESHOLD,3,7.977045322000777,3.95136
STAGE_MODEL_THRESHOLD,3,8.031195417999697,3.91104
STAGE_MODEL_THRESHOLD,3,8.085496669998975,3.95136
STAGE_MODEL_THRESHOLD,3,8.139632915997936,3.95136
STAGE_MODEL_THRESHOLD,3,8.193791582998529,3.91104
STAGE_MODEL_THRESHOLD,3,8.248416704998817,3.95136
STAGE_MODEL_THRESHOLD,3,8.302558835999662,3.91104
STAGE_MODEL_THRESHOLD,3,8.356717311999091,3.91104
STAGE_MODEL_THRESHOLD,3,8.411579339001037,3.95136
STAGE_MODEL_THRESHOLD,3,8.466967054999259,3.91104
STAGE_MODEL_THRESHOLD,3,8.521621537998726,3.91104
STAGE_MODEL_THRESHOLD,3,8.575925541001197,3.95136
STAGE_MODEL_THRESHOLD,3,8.63017638599922,3.91104
STAGE_MODEL_THRESHOLD,3,8.684529292000661,3.95136
STAGE_MODEL_THRESHOLD,3,8.738740283999505,3.95136
STAGE_MODEL_THRESHOLD,3,8.792905539998173,3.91104
STAGE_MODEL_THRESHOLD,3,8.84703251099927,3.95136
STAGE_MODEL_THRESHOLD,3,8.90121078499942,3.91104
STAGE_MODEL_THRESHOLD,3,8.955520415998762,3.91104
STAGE_MODEL_THRESHOLD,3,9.009643676999985,3.95136
STAGE_MODEL_THRESHOLD,3,9.063782577999518,3.91104
STAGE_MODEL_THRESHOLD,3,9.118008986999484,3.95136
STAGE_MODEL_THRESHOLD,3,9.172137270001258,3.95136
STAGE_MODEL_THRESHOLD,3,9.22627805799857,3.95136
STAGE_MODEL_THRESHOLD,3,9.280723300998943,3.95136
STAGE_MODEL_THRESHOLD,3,9.334859835998941,3.91104
STAGE_MODEL_THRESHOLD,3,9.389033758998266,3.95136
STAGE_MODEL_THRESHOLD,3,9.4431587149993,3.95136
STAGE_MODEL_THRESHOLD,3,9.49727055800031,3.91104
STAGE_MODEL_THRESHOLD,3,9.551404245001322,3.95136
STAGE_MODEL_THRESHOLD,3,9.605515383998863,3.95136
STAGE_MODEL_THRESHOLD,3,9.659816219998902,3.91104
STAGE_MODEL_THRESHOLD,3,9.71424873399883,3.95136
STAGE_MODEL_THRESHOLD,3,9.768407464998745,3.91104
STAGE_MODEL_THRESHOLD,3,9.822588136998093,3.95136
STAGE_MODEL_THRESHOLD,3,9.876790495000023,3.95136
STAGE_MODEL_THRESHOLD,3,9.93105595599991,3.91104
STAGE_MODEL_THRESHOLD,3,9.98544030300036,3.95136
STAGE_MODEL_THRESHOLD,3,10.039675156000158,3.95136
STAGE_MODEL_THRESHOLD,3,10.093928910999239,3.91104
STAGE_MODEL_THRESHOLD,3,10.148156311999628,3.95136
STAGE_MODEL_THRESHOLD,3,10.2023443399994,3.91104
STAGE_MODEL_THRESHOLD,3,10.256572669000889,3.91104
STAGE_MODEL_THRESHOLD,3,10.310736324998288,3.95136
STAGE_MODEL_THRESHOLD,3,10.364879960001417,3.91104
STAGE_MODEL_THRESHOLD,3,10.4191000360006,3.91104
STAGE_MODEL_THRESHOLD,3,10.473329804000969,3.95136
STAGE_MODEL_THRESHOLD,3,10.527534143999219,3.91104
STAGE_MODEL_THRESHOLD,3,10.581662075001077,3.95136
STAGE_MODEL_THRESHOLD,3,10.635829569000634,3.91104
STAGE_MODEL_THRESHOLD,3,10.690024282001104,3.91104
STAGE_MODEL_THRESHOLD,3,10.74431200500112,3.95136
STAGE_MODEL_THRESHOLD,3,10.798488679000002,3.91104
STAGE_MODEL_THRESHOLD,3,10.852730217000499,3.95136
STAGE_MODEL_THRESHOLD,3,10.90686815799927,3.95136
STAGE_MODEL_THRESHOLD,3,10.961278123999364,3.91104
STAGE_MODEL_THRESHOLD,3,11.015474307998375,3.95136
STAGE_MODEL_THRESHOLD,3,11.069634894000046,3.91104
STAGE_MODEL_THRESHOLD,3,11.123800469998969,3.91104
STAGE_MODEL_THRESHOLD,3,11.177967773001,3.95136
STAGE_MODEL_THRESHOLD,3,11.23217857399868,3.91104
STAGE_MODEL_THRESHOLD,3,11.286480273000052,3.95136
STAGE_MODEL_THRESHOLD,3,11.340723025998159,3.95136
STAGE_MODEL_THRESHOLD,3,11.394928197998524,3.91104
STAGE_MODEL_THRESHOLD,3,11.449068474001251,3.95136
STAGE_MODEL_THRESHOLD,3,11.503481094998278,3.91104
STAGE_MODEL_THRESHOLD,3,11.557849576998706,3.91104
STAGE_MODEL_THRESHOLD,3,11.61226875400098,3.95136
STAGE_MODEL_THRESHOLD,3,11.666433657999733,3.91104
STAGE_MODEL_THRESHOLD,3,11.720855744999426,3.95136
STAGE_MODEL_THRESHOLD,3,11.775248918998841,3.95136
STAGE_MODEL_THRESHOLD,3,11.829426232001424,3.91104
STAGE_MODEL_THRESHOLD,3,11.88356324599954,3.95136
STAGE_MODEL_THRESHOLD,3,11.937694470998395,3.91104
STAGE_MODEL_THRESHOLD,3,11.9920367909981,3.91104
STAGE_MODEL_THRESHOLD,3,12.04620006299956,3.95136
STAGE_MODEL_THRESHOLD,3,12.100794800000585,3.91104
STAGE_MODEL_THRESHOLD,3,12.155586750999646,3.91104
STAGE_MODEL_THRESHOLD,3,12.210945776998415,3.95136
STAGE_MODEL_THRESHOLD,3,12.265292637999664,3.91104
STAGE_MODEL_THRESHOLD,3,12.319463747000555,3.95136
STAGE_MODEL_THRESHOLD,3,12.37421706099849,3.95136
STAGE_MODEL_THRESHOLD,3,12.428923037998175,3.91104
STAGE_MODEL_THRESHOLD,3,12.483114873000886,3.95136
STAGE_MODEL_THRESHOLD,3,12.537360919999628,3.91104
STAGE_MODEL_THRESHOLD,3,12.591543542999716,3.91104
STAGE_MODEL_THRESHOLD,3,12.645803632000025,3.95136
STAGE_MODEL_THRESHOLD,3,12.7008916900013,3.91104
STAGE_MODEL_THRESHOLD,3,12.755181811000512,3.91104
STAGE_MODEL_THRESHOLD,3,12.809562894999544,3.95136
STAGE_MODEL_THRESHOLD,3,12.863775902998896,3.91104
STAGE_MODEL_THRESHOLD,3,12.917897660001472,3.95136
STAGE_MODEL_THRESHOLD,3,12.972040207998361,3.95136
STAGE_MODEL_THRESHOLD,3,13.026884547998634,3.91104
STAGE_MODEL_THRESHOLD,3,13.081039025000791,3.95136
STAGE_MODEL_THRESHOLD,3,13.135165708001296,3.91104
STAGE_MODEL_THRESHOLD,3,13.189301026999601,3.91104
STAGE_MODEL_THRESHOLD,3,13.245589924001251,3.95136
STAGE_MODEL_THRESHOLD,3,13.2997714919984,3.91104
STAGE_MODEL_THRESHOLD,3,13.354438449001464,3.91104
STAGE_MODEL_THRESHOLD,3,13.408619024998188,3.95136
STAGE_MODEL_THRESHOLD,3,13.462792373000411,3.91104
STAGE_MODEL_THRESHOLD,3,13.516925133000768,3.95136
STAGE_MODEL_THRESHOLD,3,13.57106659299825,3.91104
STAGE_MODEL_THRESHOLD,3,13.626920091999636,3.91104
STAGE_MODEL_THRESHOLD,3,13.681124880000425,3.95136
STAGE_MODEL_THRESHOLD,3,13.735281755998585,3.91104
STAGE_MODEL_THRESHOLD,3,13.789769122999132,3.91104
STAGE_MODEL_THRESHOLD,3,13.84396888899937,3.95136
STAGE_MODEL_THRESHOLD,3,13.898161843000707,3.91104
STAGE_MODEL_THRESHOLD,3,13.952285520001169,3.95136
STAGE_MODEL_THRESHOLD,3,14.00640391900015,3.95136
STAGE_MODEL_THRESHOLD,3,14.060565305000637,3.91104
STAGE_MODEL_THRESHOLD,3,14.11483716300063,3.95136
STAGE_MODEL_THRESHOLD,3,14.16903258000093,3.91104
STAGE_MODEL_THRESHOLD,3,14.223167226999067,3.91104
STAGE_MODEL_THRESHOLD,3,14.277384713001084,3.95136
STAGE_MODEL_THRESHOLD,3,14.331541364997975,3.91104
STAGE_MODEL_THRESHOLD,3,14.38575111099999,3.95136
STAGE_MODEL_THRESHOLD,3,14.439866631000768,3.95136
STAGE_MODEL_THRESHOLD,3,14.494024626997998,3.91104
STAGE_MODEL_THRESHOLD,3,14.548217101000773,3.95136
STAGE_MODEL_THRESHOLD,3,14.602358657000877,3.91104
STAGE_MODEL_THRESHOLD,3,14.656491000998358,3.91104
STAGE_MODEL_THRESHOLD,3,14.71059360000072,3.95136
STAGE_MODEL_THRESHOLD,3,14.764736147000804,3.91104
STAGE_MODEL_THRESHOLD,3,14.818942885998695,3.95136
STAGE_MODEL_THRESHOLD,3,14.873095349001233,3.95136
STAGE_MODEL_THRESHOLD,3,14.92724205400009,3.91104
STAGE_MODEL_THRESHOLD,3,14.981380507000722,3.95136
STAGE_MODEL_THRESHOLD,3,15.035523533999367,3.91104
STAGE_MODEL_THRESHOLD,3,15.08980661899841,3.95136
STAGE_MODEL_THRESHOLD,3,15.143944719999126,3.95136
STAGE_MODEL_THRESHOLD,3,15.19818878499791,3.91104
STAGE_MODEL_THRESHOLD,3,15.252447210001264,3.95136
STAGE_MODEL_THRESHOLD,3,15.30658252899957,3.95136
STAGE_MODEL_THRESHOLD,3,15.36074711299807,3.91104
STAGE_MODEL_THRESHOLD,3,15.414869445998193,3.95136
STAGE_MODEL_THRESHOLD,3,15.469007739000517,3.91104
STAGE_MODEL_THRESHOLD,3,15.523209808998217,3.95136
STAGE_MODEL_THRESHOLD,3,15.577353922999464,3.95136
STAGE_MODEL_THRESHOLD,3,15.631489849998616,3.91104
STAGE_MODEL_THRESHOLD,3,15.68560313099806,3.95136
STAGE_MODEL_THRESHOLD,3,15.739711744001397,3.95136
STAGE_MODEL_THRESHOLD,3,15.793848949000676,3.95136
STAGE_MODEL_THRESHOLD,3,15.848053546000301,3.95136
STAGE_MODEL_THRESHOLD,3,15.902214706999075,3.95136
STAGE_MODEL_THRESHOLD,3,15.956370687999879,3.95136
STAGE_MODEL_THRESHOLD,3,16.010482914000022,3.95136
STAGE_MODEL_THRESHOLD,3,16.064632114001142,3.95136
STAGE_MODEL_THRESHOLD,3,16.118951565000316,3.95136
STAGE_MODEL_THRESHOLD,3,16.173137641999347,3.95136
STAGE_MODEL_THRESHOLD,3,16.22728425099922,3.95136
STAGE_MODEL_THRESHOLD,3,16.281506054998317,3.95136
STAGE_MODEL_THRESHOLD,3,16.335651160999987,3.95136
STAGE_MODEL_THRESHOLD,3,16.389825851998467,3.95136
STAGE_MODEL_THRESHOLD,3,16.443950231998315,3.99168
STAGE_MODEL_THRESHOLD,3,16.498117215000093,3.95136
STAGE_MODEL_THRESHOLD,3,16.55238542799998,3.95136
STAGE_MODEL_THRESHOLD,3,16.606536130999302,3.95136
STAGE_MODEL_THRESHOLD,3,16.660784609000984,3.95136
STAGE_MODEL_THRESHOLD,3,16.71495338299792,3.95136
STAGE_MODEL_THRESHOLD,3,16.769100567998976,3.95136
STAGE_MODEL_THRESHOLD,3,16.823264480000944,3.95136
STAGE_MODEL_THRESHOLD,3,16.877519066998502,3.99168
STAGE_MODEL_THRESHOLD,3,16.931667116001336,3.95136
STAGE_MODEL_THRESHOLD,3,16.985814332998416,3.95136
STAGE_MODEL_THRESHOLD,3,17.039945972999703,3.99168
STAGE_MODEL_THRESHOLD,3,17.094165282000176,3.95136
STAGE_MODEL_THRESHOLD,3,17.148319248000917,3.99168
STAGE_MODEL_THRESHOLD,3,17.202550517999043,3.95136
STAGE_MODEL_THRESHOLD,3,17.256782684999052,3.95136
STAGE_MODEL_THRESHOLD,3,17.31090319500072,3.99168
STAGE_MODEL_THRESHOLD,3,17.36505888800093,3.95136
STAGE_MODEL_THRESHOLD,3,17.41924877099882,3.95136
STAGE_MODEL_THRESHOLD,3,17.47339685100087,3.99168
STAGE_MODEL_THRESHOLD,3,17.527561754999624,3.95136
STAGE_MODEL_THRESHOLD,3,17.581661603999237,3.99168
STAGE_MODEL_THRESHOLD,3,17.635788831001264,3.95136
STAGE_MODEL_THRESHOLD,3,17.689939277999656,3.95136
STAGE_MODEL_THRESHOLD,3,17.7440962820001,3.99168
STAGE_MODEL_THRESHOLD,3,17.798259490999044,3.95136
STAGE_MODEL_THRESHOLD,3,17.852453756000614,3.99168
STAGE_MODEL_THRESHOLD,3,17.906667692001065,3.99168
STAGE_MODEL_THRESHOLD,3,17.960820346001128,3.95136
STAGE_MODEL_THRESHOLD,3,18.014979332998337,3.99168
STAGE_MODEL_THRESHOLD,3,18.06912575000024,3.95136
STAGE_MODEL_THRESHOLD,3,18.12338545500097,3.95136
STAGE_MODEL_THRESHOLD,3,18.177589858998545,3.99168
STAGE_MODEL_THRESHOLD,3,18.2317432489981,3.95136
STAGE_MODEL_THRESHOLD,3,18.286200103000738,3.95136
STAGE_MODEL_THRESHOLD,3,18.340711681001267,3.99168
STAGE_MODEL_THRESHOLD,3,18.39549950500077,3.95136
STAGE_MODEL_THRESHOLD,3,18.44965343899821,3.99168
STAGE_MODEL_THRESHOLD,3,18.50380727599986,3.95136
STAGE_MODEL_THRESHOLD,3,18.55791665599827,3.95136
STAGE_MODEL_THRESHOLD,3,18.61203534300148,3.99168
STAGE_MODEL_THRESHOLD,3,18.666877987998305,3.95136
STAGE_MODEL_THRESHOLD,3,18.7211392600002,3.95136
STAGE_MODEL_THRESHOLD,3,18.77529396099999,3.99168
STAGE_MODEL_THRESHOLD,3,18.829440282999713,3.95136
STAGE_MODEL_THRESHOLD,3,18.884313727998233,3.95136
STAGE_MODEL_THRESHOLD,3,18.938662315998954,3.95136
STAGE_MODEL_THRESHOLD,3,18.99283377699976,3.95136
STAGE_MODEL_THRESHOLD,3,19.047558688998834,3.99168
STAGE_MODEL_THRESHOLD,3,19.102231755001412,3.95136
STAGE_MODEL_THRESHOLD,3,19.156457331999263,3.95136
STAGE_MODEL_THRESHOLD,3,19.210595145999832,3.99168
STAGE_MODEL_THRESHOLD,3,19.265493251001317,3.95136
STAGE_MODEL_THRESHOLD,3,19.320687560000806,3.95136
STAGE_MODEL_THRESHOLD,3,19.375581027998123,3.99168
STAGE_MODEL_THRESHOLD,3,19.42976630499834,3.95136
STAGE_MODEL_THRESHOLD,3,19.484506410000904,3.95136
STAGE_MODEL_THRESHOLD,3,19.53872264799793,3.95136
STAGE_MODEL_THRESHOLD,3,19.59384889500143,3.95136
STAGE_MODEL_THRESHOLD,3,19.648531684000773,3.95136
STAGE_MODEL_THRESHOLD,3,19.703174013000535,3.95136
STAGE_MODEL_THRESHOLD,3,19.757575247000204,3.95136
STAGE_MODEL_THRESHOLD,3,19.811722719998215,3.95136
STAGE_MODEL_THRESHOLD,3,19.865897027000756,3.95136
STAGE_MODEL_THRESHOLD,3,19.920117711000785,3.95136
STAGE_MODEL_THRESHOLD,3,19.974323170998105,3.99168
STAGE_MODEL_THRESHOLD,3,20.028535410998302,3.95136
STAGE_MODEL_THRESHOLD,3,20.08277560499846,3.95136
STAGE_MODEL_THRESHOLD,3,20.136925572998734,3.95136
STAGE_MODEL_THRESHOLD,3,20.191178560999106,3.95136
STAGE_MODEL_THRESHOLD,3,20.245409095998184,3.95136
STAGE_MODEL_THRESHOLD,3,20.299579244998313,3.95136
STAGE_MODEL_THRESHOLD,3,20.353806677998364,3.95136
STAGE_MODEL_THRESHOLD,3,20.407938607000688,3.99168
STAGE_MODEL_THRESHOLD,3,20.46241947999806,3.95136
STAGE_MODEL_THRESHOLD,3,20.516758186000516,3.95136
STAGE_MODEL_THRESHOLD,3,20.571554549998837,3.95136
STAGE_MODEL_THRESHOLD,3,20.626258479998796,3.95136
STAGE_MODEL_THRESHOLD,3,20.6804434379992,3.95136
STAGE_MODEL_THRESHOLD,3,20.734566474999156,3.95136
STAGE_MODEL_THRESHOLD,3,20.788794387000962,3.95136
STAGE_MODEL_THRESHOLD,3,20.843572360998223,3.95136
STAGE_MODEL_THRESHOLD,3,20.898658851998334,3.91104
STAGE_MODEL_THRESHOLD,3,20.95316236999861,3.95136
STAGE_MODEL_THRESHOLD,3,21.007431797999743,3.99168
STAGE_MODEL_THRESHOLD,3,21.06171306000033,3.95136
STAGE_MODEL_THRESHOLD,3,21.11597062099827,3.95136
STAGE_MODEL_THRESHOLD,3,21.170795802998327,3.95136
STAGE_MODEL_THRESHOLD,3,21.225031327998295,3.95136
STAGE_MODEL_THRESHOLD,3,21.279912545000116,3.95136
STAGE_MODEL_THRESHOLD,3,21.33410540299883,3.95136
STAGE_MODEL_THRESHOLD,3,21.388379756997892,3.95136
STAGE_MODEL_THRESHOLD,3,21.442505000999518,3.99168
STAGE_MODEL_THRESHOLD,3,21.496704703000432,3.95136
STAGE_MODEL_THRESHOLD,3,21.550869318998593,3.95136
STAGE_MODEL_THRESHOLD,3,21.605135709000024,3.95136
STAGE_MODEL_THRESHOLD,3,21.659533488000307,3.95136
STAGE_MODEL_THRESHOLD,3,21.71369554500052,3.95136
STAGE_MODEL_THRESHOLD,3,21.767867070000648,3.91104
STAGE_MODEL_THRESHOLD,3,21.822104737999325,3.95136
STAGE_MODEL_THRESHOLD,3,21.876264620001166,3.99168
STAGE_MODEL_THRESHOLD,3,21.930425941998692,3.95136
STAGE_MODEL_THRESHOLD,3,21.984624396998697,3.95136
STAGE_MODEL_THRESHOLD,3,22.038828834000014,3.95136
STAGE_MODEL_THRESHOLD,3,22.093206558998645,3.95136
STAGE_MODEL_THRESHOLD,3,22.147346611000103,3.95136
STAGE_MODEL_THRESHOLD,3,22.201571326000703,3.95136
STAGE_MODEL_THRESHOLD,3,22.255783950000477,3.95136
STAGE_MODEL_THRESHOLD,3,22.310067898000852,3.99168
STAGE_MODEL_THRESHOLD,3,22.364218217000598,3.95136
STAGE_MODEL_THRESHOLD,3,22.418488316998264,3.95136
STAGE_MODEL_THRESHOLD,3,22.472708425000747,3.95136
STAGE_MODEL_THRESHOLD,3,22.52690099499887,3.95136
STAGE_MODEL_THRESHOLD,3,22.58102182500079,3.95136
STAGE_MODEL_THRESHOLD,3,22.63514930800011,3.91104
STAGE_MODEL_THRESHOLD,3,22.68933029999971,3.95136
STAGE_MODEL_THRESHOLD,3,22.743467281998164,3.95136
STAGE_MODEL_THRESHOLD,3,22.797577557001205,3.91104
STAGE_MODEL_THRESHOLD,3,22.851766097999644,3.95136
STAGE_MODEL_THRESHOLD,3,22.905912834998162,3.95136
STAGE_MODEL_THRESHOLD,3,22.960113912999077,3.95136
STAGE_MODEL_THRESHOLD,3,23.014375727998413,3.95136
STAGE_MODEL_THRESHOLD,3,23.068546228998457,3.91104
STAGE_MODEL_THRESHOLD,3,23.122848152997904,3.95136
STAGE_MODEL_THRESHOLD,3,23.177063303999603,3.95136
STAGE_MODEL_THRESHOLD,3,23.23121685300066,3.91104
STAGE_MODEL_THRESHOLD,3,23.285444093999104,3.95136
STAGE_MODEL_THRESHOLD,3,23.339573591998487,3.95136
STAGE_MODEL_THRESHOLD,3,23.393768048998027,3.91104
STAGE_MODEL_THRESHOLD,3,23.44790746199942,3.95136
STAGE_MODEL_THRESHOLD,3,23.5020759479994,3.91104
STAGE_MODEL_THRESHOLD,3,23.556219391000923,3.95136
STAGE_MODEL_THRESHOLD,3,23.610348312999122,3.95136
STAGE_MODEL_THRESHOLD,3,23.664537589000247,3.91104
STAGE_MODEL_THRESHOLD,3,23.718684676998237,3.95136
STAGE_MODEL_THRESHOLD,3,23.772817373999715,3.95136
STAGE_MODEL_THRESHOLD,3,23.827235462998942,3.91104
STAGE_MODEL_THRESHOLD,3,23.88150143600069,3.95136
STAGE_MODEL_THRESHOLD,3,23.935743133999495,3.91104
STAGE_MODEL_THRESHOLD,3,23.989939957999013,3.91104
STAGE_MODEL_THRESHOLD,3,24.044289249999565,3.95136
STAGE_MODEL_THRESHOLD,3,24.09848981599862,3.91104
STAGE_MODEL_THRESHOLD,3,24.152727259999665,3.95136
STAGE_MODEL_THRESHOLD,3,24.207578091998585,3.95136
STAGE_MODEL_THRESHOLD,3,24.262107869999454,3.91104
STAGE_MODEL_THRESHOLD,3,24.316262827000173,3.95136
STAGE_MODEL_THRESHOLD,3,24.370379978998244,3.91104
STAGE_MODEL_THRESHOLD,3,24.424516448998475,3.91104
STAGE_MODEL_THRESHOLD,3,24.4786700629993,3.95136
STAGE_MODEL_THRESHOLD,3,24.532874787000765,3.91104
STAGE_MODEL_THRESHOLD,3,24.587167243000295,3.91104
STAGE_MODEL_THRESHOLD,3,24.641394931000832,3.95136
STAGE_MODEL_THRESHOLD,3,24.695534792001126,3.91104
STAGE_MODEL_THRESHOLD,3,24.749664226001187,3.95136
STAGE_MODEL_THRESHOLD,3,24.803822220997972,3.91104
STAGE_MODEL_THRESHOLD,3,24.85796508799831,3.91104
STAGE_MODEL_THRESHOLD,3,24.912158841998462,3.95136
STAGE_MODEL_THRESHOLD,3,24.966293520999898,3.91104
STAGE_MODEL_THRESHOLD,3,25.020466516998567,3.91104
STAGE_MODEL_THRESHOLD,3,25.074775700999453,3.95136
STAGE_MODEL_THRESHOLD,3,25.12903463800103,3.91104
STAGE_MODEL_THRESHOLD,3,25.183256281001377,3.95136
STAGE_MODEL_THRESHOLD,3,25.23748672000147,3.91104
STAGE_MODEL_THRESHOLD,3,25.29165216799811,3.91104
STAGE_MODEL_THRESHOLD,3,25.345790205999947,3.95136
STAGE_MODEL_THRESHOLD,3,25.399908860999858,3.91104
STAGE_MODEL_THRESHOLD,3,25.454143202001433,3.91104
STAGE_MODEL_THRESHOLD,3,25.508268413999758,3.95136
STAGE_MODEL_THRESHOLD,3,25.562708892000956,3.91104
STAGE_MODEL_THRESHOLD,3,25.616898711999966,3.95136
STAGE_MODEL_THRESHOLD,3,25.67108440499942,3.91104
STAGE_MODEL_THRESHOLD,3,25.725258201000543,3.91104
STAGE_MODEL_THRESHOLD,3,25.779446644999553,3.95136
STAGE_MODEL_THRESHOLD,3,25.833575663000374,3.91104
STAGE_MODEL_THRESHOLD,3,25.888551904998167,3.91104
STAGE_MODEL_THRESHOLD,3,25.942720423001447,3.95136
STAGE_MODEL_THRESHOLD,3,25.996843492001062,3.91104
STAGE_MODEL_THRESHOLD,3,26.05098290499882,3.95136
STAGE_MODEL_THRESHOLD,3,26.105256074999488,3.95136
STAGE_MODEL_THRESHOLD,3,26.159733429998596,3.91104
STAGE_MODEL_THRESHOLD,3,26.21392101099991,3.95136
STAGE_MODEL_THRESHOLD,3,26.26813897700049,3.91104
STAGE_MODEL_THRESHOLD,3,26.32238623900048,3.91104
STAGE_MODEL_THRESHOLD,3,26.376528467000753,3.95136
STAGE_MODEL_THRESHOLD,3,26.43066608799927,3.91104
STAGE_MODEL_THRESHOLD,3,26.484817814998678,3.95136
STAGE_MODEL_THRESHOLD,3,26.53900827400139,3.95136
STAGE_MODEL_THRESHOLD,3,26.5931701720001,3.91104
STAGE_MODEL_THRESHOLD,3,26.647298613999737,3.95136
STAGE_MODEL_THRESHOLD,3,26.70144208900092,3.91104
STAGE_MODEL_THRESHOLD,3,26.75561028700031,3.91104
STAGE_MODEL_THRESHOLD,3,26.809747940998932,3.95136
STAGE_MODEL_THRESHOLD,3,26.86387299299895,3.91104
STAGE_MODEL_THRESHOLD,3,26.918014740000217,3.95136
STAGE_MODEL_THRESHOLD,3,26.972129748999578,3.95136
STAGE_MODEL_THRESHOLD,3,27.026257966997946,3.91104
STAGE_MODEL_THRESHOLD,3,27.080411516999447,3.95136
STAGE_MODEL_THRESHOLD,3,27.13483539599838,3.91104
STAGE_MODEL_THRESHOLD,3,27.18906250800137,3.95136
STAGE_MODEL_THRESHOLD,3,27.243183018999844,3.95136
STAGE_MODEL_THRESHOLD,3,27.29729578900151,3.91104
STAGE_MODEL_THRESHOLD,3,27.35147319799944,3.95136
STAGE_MODEL_THRESHOLD,3,27.405619135999586,3.95136
STAGE_MODEL_THRESHOLD,3,27.459774540999206,3.91104
STAGE_MODEL_THRESHOLD,3,27.51389975300117,3.95136
STAGE_MODEL_THRESHOLD,3,27.56807399600075,3.91104
STAGE_MODEL_THRESHOLD,3,27.622226073999627,3.95136
STAGE_MODEL_THRESHOLD,3,27.676353492999624,3.95136
STAGE_MODEL_THRESHOLD,3,27.73049917499884,3.91104
STAGE_MODEL_THRESHOLD,3,27.78463516500051,3.95136
STAGE_MODEL_THRESHOLD,3,27.83878372500112,3.95136
STAGE_MODEL_THRESHOLD,3,27.892928032000782,3.91104
STAGE_MODEL_THRESHOLD,3,27.947064789997967,3.95136
STAGE_MODEL_THRESHOLD,3,28.001254929000424,3.91104
STAGE_MODEL_THRESHOLD,3,28.055492725001386,3.95136
STAGE_MODEL_THRESHOLD,3,28.10971906999839,3.95136
STAGE_MODEL_THRESHOLD,3,28.163965437001025,3.91104
STAGE_MODEL_THRESHOLD,3,28.218148764000944,3.95136
STAGE_MODEL_THRESHOLD,3,28.272353871998348,3.95136
STAGE_MODEL_THRESHOLD,3,28.326511898998433,3.91104
STAGE_MODEL_THRESHOLD,3,28.380627195998386,3.95136
STAGE_MODEL_THRESHOLD,3,28.434770863001177,3.91104
STAGE_MODEL_THRESHOLD,3,28.48891363399889,3.95136
STAGE_MODEL_THRESHOLD,3,28.543112472998473,3.95136
STAGE_MODEL_THRESHOLD,3,28.597301621000952,3.91104
STAGE_MODEL_THRESHOLD,3,28.651501099000598,3.95136
STAGE_MODEL_THRESHOLD,3,28.705615021000995,3.95136
STAGE_MODEL_THRESHOLD,3,28.75974963599947,3.91104
STAGE_MODEL_THRESHOLD,3,28.81386723600008,3.95136
STAGE_MODEL_THRESHOLD,3,28.867999612000858,3.91104
STAGE_MODEL_THRESHOLD,3,28.922157352000795,3.95136
STAGE_MODEL_THRESHOLD,3,28.97629008000149,3.95136
STAGE_MODEL_THRESHOLD,3,29.03042171999914,3.91104
STAGE_MODEL_THRESHOLD,3,29.084565706998546,3.95136
STAGE_MODEL_THRESHOLD,3,29.138832000000548,3.95136
STAGE_MODEL_THRESHOLD,3,29.193145469998854,3.95136
STAGE_MODEL_THRESHOLD,3,29.24738521600011,3.95136
STAGE_MODEL_THRESHOLD,3,29.30152498100142,3.91104
STAGE_MODEL_THRESHOLD,3,29.35567171799994,3.95136
STAGE_MODEL_THRESHOLD,3,29.40984714499791,3.95136
STAGE_MODEL_THRESHOLD,3,29.46397830600108,3.91104
STAGE_MODEL_THRESHOLD,3,29.51811087399983,3.95136
STAGE_MODEL_THRESHOLD,3,29.57222255599845,3.95136
STAGE_MODEL_THRESHOLD,3,29.62659676399926,3.95136
STAGE_MODEL_THRESHOLD,3,29.68090853800095,3.95136
STAGE_MODEL_THRESHOLD,3,29.73509292000017,3.91104
STAGE_MODEL_THRESHOLD,3,29.789287696999963,3.95136
STAGE_MODEL_THRESHOLD,3,29.84353528000065,3.95136
STAGE_MODEL_THRESHOLD,3,29.898228207999637,3.91104
STAGE_MODEL_THRESHOLD,3,29.952467186998547,3.95136
BASELINE_IDLE,4,0.001419193999026902,3.069184
BASELINE_IDLE,4,0.05578652500116732,3.069184
BASELINE_IDLE,4,0.10996668499865336,3.109568
BASELINE_IDLE,4,0.16418951200103038,3.109568
BASELINE_IDLE,4,0.2183574549999321,3.109568
BASELINE_IDLE,4,0.27274144900002284,3.109568
BASELINE_IDLE,4,0.3269140289994539,3.109568
BASELINE_IDLE,4,0.38105379400076345,3.109568
BASELINE_IDLE,4,0.4351834830013104,3.109568
BASELINE_IDLE,4,0.48933632999978727,3.109568
BASELINE_IDLE,4,0.5435389430022042,3.109568
BASELINE_IDLE,4,0.5976830569998128,3.109568
BASELINE_IDLE,4,0.6517859759987914,3.109568
BASELINE_IDLE,4,0.7059265079988108,3.109568
BASELINE_IDLE,4,0.7600396939997154,3.109568
BASELINE_IDLE,4,0.8141440520012111,3.109568
BASELINE_IDLE,4,0.8682964510007878,3.109568
BASELINE_IDLE,4,0.9224154260009527,3.109568
BASELINE_IDLE,4,0.976504719001241,3.109568
BASELINE_IDLE,4,1.030616881998867,3.109568
BASELINE_IDLE,4,1.0847509209997952,3.109568
BASELINE_IDLE,4,1.138857422000001,3.109568
BASELINE_IDLE,4,1.1930847590010671,3.109568
BASELINE_IDLE,4,1.247351787998923,3.109568
BASELINE_IDLE,4,1.3016869429993676,3.109568
BASELINE_IDLE,4,1.3558455780002987,3.109568
BASELINE_IDLE,4,1.4100190540011681,3.109568
BASELINE_IDLE,4,1.4641320480004651,3.109568
BASELINE_IDLE,4,1.5182858529988152,3.109568
BASELINE_IDLE,4,1.572458753002138,3.109568
BASELINE_IDLE,4,1.6266265039994323,3.109568
BASELINE_IDLE,4,1.6807432080022409,3.109568
BASELINE_IDLE,4,1.7348687400008203,3.109568
BASELINE_IDLE,4,1.7890147090001847,3.109568
BASELINE_IDLE,4,1.8431310939995456,3.109568
BASELINE_IDLE,4,1.897300186999928,3.109568
BASELINE_IDLE,4,1.9514988029986853,3.109568
BASELINE_IDLE,4,2.0056015299996943,3.109568
BASELINE_IDLE,4,2.059710558001825,3.109568
BASELINE_IDLE,4,2.1138468040007865,3.109568
BASELINE_IDLE,4,2.1680440759992052,3.109568
BASELINE_IDLE,4,2.222175843999139,3.109568
BASELINE_IDLE,4,2.276540008999291,3.109568
BASELINE_IDLE,4,2.330784264999238,3.109568
BASELINE_IDLE,4,2.384956076999515,3.109568
BASELINE_IDLE,4,2.439119030001166,3.109568
BASELINE_IDLE,4,2.493287100998714,3.109568
BASELINE_IDLE,4,2.5474246269986907,3.109568
BASELINE_IDLE,4,2.6015499339991948,3.109568
BASELINE_IDLE,4,2.6556621290001203,3.109568
BASELINE_IDLE,4,2.709757307999098,3.109568
BASELINE_IDLE,4,2.7674576909994357,3.109568
BASELINE_IDLE,4,2.8216237140004523,3.109568
BASELINE_IDLE,4,2.876384319999488,3.109568
BASELINE_IDLE,4,2.930529043002025,3.109568
BASELINE_IDLE,4,2.984669383000437,3.109568
BASELINE_IDLE,4,3.038783528001659,3.109568
BASELINE_IDLE,4,3.092923549000261,3.109568
BASELINE_IDLE,4,3.147057236001274,3.109568
BASELINE_IDLE,4,3.2013089770007355,3.109568
BASELINE_IDLE,4,3.2555517940018035,3.109568
BASELINE_IDLE,4,3.3099003179995634,3.109568
BASELINE_IDLE,4,3.364073857999756,3.109568
BASELINE_IDLE,4,3.4182212019986764,3.109568
BASELINE_IDLE,4,3.4723651570020593,3.109568
BASELINE_IDLE,4,3.5265387290019135,3.109568
BASELINE_IDLE,4,3.5806946769989736,3.109568
BASELINE_IDLE,4,3.634931705000781,3.109568
BASELINE_IDLE,4,3.6890448910016858,3.109568
BASELINE_IDLE,4,3.7431513920018915,3.109568
BASELINE_IDLE,4,3.7972887579999224,3.109568
BASELINE_IDLE,4,3.8513931800007413,3.109568
BASELINE_IDLE,4,3.905510012002196,3.109568
BASELINE_IDLE,4,3.9596094129992707,3.109568
BASELINE_IDLE,4,4.013709070000914,3.109568
BASELINE_IDLE,4,4.067821648000972,3.109568
BASELINE_IDLE,4,4.121976317001099,3.109568
BASELINE_IDLE,4,4.176160955001251,3.109568
BASELINE_IDLE,4,4.23026675300207,3.109568
BASELINE_IDLE,4,4.284516989999247,3.109568
BASELINE_IDLE,4,4.339070531001198,3.109568
BASELINE_IDLE,4,4.393298795999726,3.109568
BASELINE_IDLE,4,4.447453273001884,3.109568
BASELINE_IDLE,4,4.501577717001055,3.109568
BASELINE_IDLE,4,4.555693718000839,3.109568
BASELINE_IDLE,4,4.609806712000136,3.109568
BASELINE_IDLE,4,4.663965699000983,3.109568
BASELINE_IDLE,4,4.718158781000966,3.109568
BASELINE_IDLE,4,4.772273149999819,3.109568
BASELINE_IDLE,4,4.826387295001041,3.109568
BASELINE_IDLE,4,4.880516504999832,3.109568
BASELINE_IDLE,4,4.934715824001614,3.109568
BASELINE_IDLE,4,4.988825235999684,3.109568
BASELINE_IDLE,4,5.042935639001371,3.109568
BASELINE_IDLE,4,5.097059603001981,3.109568
BASELINE_IDLE,4,5.151198024999758,3.109568
BASELINE_IDLE,4,5.205402749001223,3.109568
BASELINE_IDLE,4,5.259597526001016,3.109568
BASELINE_IDLE,4,5.313743558999704,3.109568
BASELINE_IDLE,4,5.368013754999993,3.109568
BASELINE_IDLE,4,5.422162154998659,3.109568
BASELINE_IDLE,4,5.476308252000308,3.109568
BASELINE_IDLE,4,5.530505652001011,3.109568
BASELINE_IDLE,4,5.58466060900173,3.109568
BASELINE_IDLE,4,5.638778815999103,3.109568
BASELINE_IDLE,4,5.692871883999032,3.109568
BASELINE_IDLE,4,5.74696754300021,3.109568
BASELINE_IDLE,4,5.801061281999864,3.109568
BASELINE_IDLE,4,5.855164488999435,3.109568
BASELINE_IDLE,4,5.909321621002164,3.109568
BASELINE_IDLE,4,5.963453774002119,3.109568
BASELINE_IDLE,4,6.017560562999279,3.109568
BASELINE_IDLE,4,6.071683279998979,3.109568
BASELINE_IDLE,4,6.125941640999372,3.109568
BASELINE_IDLE,4,6.180147835999378,3.109568
BASELINE_IDLE,4,6.234393052000087,3.109568
BASELINE_IDLE,4,6.288786929999333,3.109568
BASELINE_IDLE,4,6.343832577000285,3.109568
BASELINE_IDLE,4,6.3983412769994175,3.109568
BASELINE_IDLE,4,6.452720537999994,3.149952
BASELINE_IDLE,4,6.507843011000659,3.149952
BASELINE_IDLE,4,6.562034302001848,3.149952
BASELINE_IDLE,4,6.616176688999985,3.149952
BASELINE_IDLE,4,6.670306698000786,3.149952
BASELINE_IDLE,4,6.724405906999891,3.109568
BASELINE_IDLE,4,6.778514423000161,3.109568
BASELINE_IDLE,4,6.832669316001557,3.109568
BASELINE_IDLE,4,6.886782310000854,3.109568
BASELINE_IDLE,4,6.940891049998754,3.109568
BASELINE_IDLE,4,6.995027809000021,3.109568
BASELINE_IDLE,4,7.049142402000143,3.109568
BASELINE_IDLE,4,7.103289683000185,3.109568
BASELINE_IDLE,4,7.157630786001391,3.109568
BASELINE_IDLE,4,7.211793067999679,3.109568
BASELINE_IDLE,4,7.2659720449992165,3.109568
BASELINE_IDLE,4,7.320090220000566,3.109568
BASELINE_IDLE,4,7.375150388001202,3.109568
BASELINE_IDLE,4,7.430399101998773,3.109568
BASELINE_IDLE,4,7.48461565999969,3.109568
BASELINE_IDLE,4,7.538753442000598,3.109568
BASELINE_IDLE,4,7.592875039001228,3.109568
BASELINE_IDLE,4,7.64698019700154,3.109568
BASELINE_IDLE,4,7.701092678998975,3.109568
BASELINE_IDLE,4,7.755590152999503,3.109568
BASELINE_IDLE,4,7.81119468900215,3.109568
BASELINE_IDLE,4,7.866041908000625,3.109568
BASELINE_IDLE,4,7.920158484001149,3.109568
BASELINE_IDLE,4,7.974290668000322,3.109568
BASELINE_IDLE,4,8.028404397999111,3.109568
BASELINE_IDLE,4,8.082508756000607,3.109568
BASELINE_IDLE,4,8.136665599999105,3.109568
BASELINE_IDLE,4,8.191843437001808,3.109568
BASELINE_IDLE,4,8.24604748999991,3.109568
BASELINE_IDLE,4,8.300159332000476,3.109568
BASELINE_IDLE,4,8.355197016000602,3.109568
BASELINE_IDLE,4,8.4103713350014,3.109568
BASELINE_IDLE,4,8.464713238001423,3.109568
BASELINE_IDLE,4,8.518875008001487,3.109568
BASELINE_IDLE,4,8.573020913001528,3.109568
BASELINE_IDLE,4,8.627213068000856,3.109568
BASELINE_IDLE,4,8.681349954000325,3.109568
BASELINE_IDLE,4,8.73546314000123,3.109568
BASELINE_IDLE,4,8.789581250999618,3.109568
BASELINE_IDLE,4,8.843729170999723,3.109568
BASELINE_IDLE,4,8.897980239999015,3.109568
BASELINE_IDLE,4,8.952094961001421,3.109568
BASELINE_IDLE,4,9.006205076999322,3.109568
BASELINE_IDLE,4,9.060318615000142,3.109568
BASELINE_IDLE,4,9.114471619999676,3.109568
BASELINE_IDLE,4,9.16871453299973,3.109568
BASELINE_IDLE,4,9.222847069999261,3.109568
BASELINE_IDLE,4,9.277033243000915,3.109568
BASELINE_IDLE,4,9.331187240000872,3.109568
BASELINE_IDLE,4,9.385340310000174,3.109568
BASELINE_IDLE,4,9.439494340000238,3.109568
BASELINE_IDLE,4,9.493908110998746,3.109568
BASELINE_IDLE,4,9.548120895000466,3.109568
BASELINE_IDLE,4,9.602253592001944,3.109568
BASELINE_IDLE,4,9.656373173998873,3.109568
BASELINE_IDLE,4,9.710489398999925,3.109568
BASELINE_IDLE,4,9.764637287000369,3.109568
BASELINE_IDLE,4,9.818737583002076,3.109568
BASELINE_IDLE,4,9.872838551000314,3.109568
BASELINE_IDLE,4,9.926950297998701,3.109568
BASELINE_IDLE,4,9.981051874001423,3.109568
BASELINE_IDLE,4,10.035159205999662,3.109568
BASELINE_IDLE,4,10.089281444001244,3.109568
BASELINE_IDLE,4,10.143435345002217,3.109568
BASELINE_IDLE,4,10.197632329000044,3.109568
BASELINE_IDLE,4,10.251817639000365,3.109568
BASELINE_IDLE,4,10.305972371999815,3.109568
BASELINE_IDLE,4,10.360087989000021,3.109568
BASELINE_IDLE,4,10.41419522599972,3.109568
BASELINE_IDLE,4,10.468298080999375,3.109568
BASELINE_IDLE,4,10.523475694000808,3.109568
BASELINE_IDLE,4,10.577646642999753,3.109568
BASELINE_IDLE,4,10.63178656799937,3.109568
BASELINE_IDLE,4,10.685929530001886,3.109568
BASELINE_IDLE,4,10.740038558000379,3.109568
BASELINE_IDLE,4,10.794149249999464,3.109568
BASELINE_IDLE,4,10.848259460999543,3.109568
BASELINE_IDLE,4,10.902394364002248,3.109568
BASELINE_IDLE,4,10.956515578000108,3.109568
BASELINE_IDLE,4,11.010651248001523,3.109568
BASELINE_IDLE,4,11.06476776099953,3.109568
BASELINE_IDLE,4,11.118924956001138,3.109568
BASELINE_IDLE,4,11.173128944999917,3.109568
BASELINE_IDLE,4,11.227320268000767,3.109568
BASELINE_IDLE,4,11.281523264999123,3.109568
BASELINE_IDLE,4,11.335972314001992,3.109568
BASELINE_IDLE,4,11.390453251999133,3.109568
BASELINE_IDLE,4,11.444609328998922,3.109568
BASELINE_IDLE,4,11.501023060001899,3.109568
BASELINE_IDLE,4,11.555213423001987,3.109568
BASELINE_IDLE,4,11.609370107002178,3.109568
BASELINE_IDLE,4,11.664155341000878,3.109568
BASELINE_IDLE,4,11.718608325001696,3.109568
BASELINE_IDLE,4,11.77275736500087,3.109568
BASELINE_IDLE,4,11.826917087000766,3.109568
BASELINE_IDLE,4,11.881061618001695,3.109568
BASELINE_IDLE,4,11.93521795000197,3.109568
BASELINE_IDLE,4,11.991725105999649,3.109568
BASELINE_IDLE,4,12.045919946998765,3.109568
BASELINE_IDLE,4,12.101019583999005,3.109568
BASELINE_IDLE,4,12.155219254000258,3.109568
BASELINE_IDLE,4,12.210462723000092,3.109568
BASELINE_IDLE,4,12.264664599999378,3.109568
BASELINE_IDLE,4,12.320854954999959,3.109568
BASELINE_IDLE,4,12.375336149001669,3.109568
BASELINE_IDLE,4,12.429460016999656,3.109568
BASELINE_IDLE,4,12.484201048999239,3.109568
BASELINE_IDLE,4,12.540029601001152,3.109568
BASELINE_IDLE,4,12.594210209001176,3.109568
BASELINE_IDLE,4,12.648348086000624,3.109568
BASELINE_IDLE,4,12.702456027000153,3.109568
BASELINE_IDLE,4,12.756579416000022,3.109568
BASELINE_IDLE,4,12.813425473999814,3.109568
BASELINE_IDLE,4,12.867593833001592,3.109568
BASELINE_IDLE,4,12.921792064000329,3.109568
BASELINE_IDLE,4,12.975935985999968,3.109568
BASELINE_IDLE,4,13.031477674001508,3.109568
BASELINE_IDLE,4,13.086006204001023,3.109568
BASELINE_IDLE,4,13.143007992999628,3.109568
BASELINE_IDLE,4,13.19732149400079,3.109568
BASELINE_IDLE,4,13.251490045000537,3.109568
BASELINE_IDLE,4,13.306522098999267,3.109568
BASELINE_IDLE,4,13.360676608001086,3.109568
BASELINE_IDLE,4,13.41577131899976,3.109568
BASELINE_IDLE,4,13.472307292999176,3.109568
BASELINE_IDLE,4,13.526468070998817,3.109568
BASELINE_IDLE,4,13.580671195999457,3.109568
BASELINE_IDLE,4,13.634796854999877,3.109568
BASELINE_IDLE,4,13.689853472998948,3.109568
BASELINE_IDLE,4,13.745142135001515,3.109568
BASELINE_IDLE,4,13.799351208999724,3.109568
BASELINE_IDLE,4,13.85448551599984,3.109568
BASELINE_IDLE,4,13.908659151999018,3.109568
BASELINE_IDLE,4,13.963827969000704,3.109568
BASELINE_IDLE,4,14.021632620999299,3.109568
BASELINE_IDLE,4,14.075841055000637,3.109568
BASELINE_IDLE,4,14.13000637499863,3.109568
BASELINE_IDLE,4,14.185164798000187,3.109568
BASELINE_IDLE,4,14.24013563400149,3.109568
BASELINE_IDLE,4,14.29593063500215,3.109568
BASELINE_IDLE,4,14.350103118998959,3.109568
BASELINE_IDLE,4,14.404343664999033,3.109568
BASELINE_IDLE,4,14.460229852000339,3.109568
BASELINE_IDLE,4,14.51578583599985,3.109568
BASELINE_IDLE,4,14.572078796001733,3.109568
BASELINE_IDLE,4,14.626266313000087,3.109568
BASELINE_IDLE,4,14.680399807999493,3.109568
BASELINE_IDLE,4,14.734537174001161,3.109568
BASELINE_IDLE,4,14.792247952002072,3.109568
BASELINE_IDLE,4,14.846488082999713,3.109568
BASELINE_IDLE,4,14.90071916099987,3.109568
BASELINE_IDLE,4,14.954907862000255,3.109568
STAGE_MODEL_POLICY,4,0.001133032998041017,3.109568
STAGE_MODEL_POLICY,4,0.055736117999913404,3.23072
STAGE_MODEL_POLICY,4,0.10985784299919032,3.392256
STAGE_MODEL_POLICY,4,0.1640536119994067,3.473024
STAGE_MODEL_POLICY,4,0.21823476400095387,3.594176
STAGE_MODEL_POLICY,4,0.2725237980012025,3.594176
STAGE_MODEL_POLICY,4,0.32687580800120486,3.715328
STAGE_MODEL_POLICY,4,0.3809994849980285,3.83648
STAGE_MODEL_POLICY,4,0.4351182680002239,3.876864
STAGE_MODEL_POLICY,4,0.48940330400000676,3.91104
STAGE_MODEL_POLICY,4,0.5436208850005642,3.91104
STAGE_MODEL_POLICY,4,0.5983708089988795,3.91104
STAGE_MODEL_POLICY,4,0.6526390850012831,4.032
STAGE_MODEL_POLICY,4,0.7068366769999557,4.07232
STAGE_MODEL_POLICY,4,0.761161500999151,4.032
STAGE_MODEL_POLICY,4,0.8154240519979794,4.07232
STAGE_MODEL_POLICY,4,0.8696448320006311,4.07232
STAGE_MODEL_POLICY,4,0.923796973998833,4.11264
STAGE_MODEL_POLICY,4,0.9779381779990217,4.19328
STAGE_MODEL_POLICY,4,1.032129276998603,4.11264
STAGE_MODEL_POLICY,4,1.0863657609988877,4.15296
STAGE_MODEL_POLICY,4,1.1405684380006278,4.15296
STAGE_MODEL_POLICY,4,1.1947391309986415,4.15296
STAGE_MODEL_POLICY,4,1.248927991000528,4.19328
STAGE_MODEL_POLICY,4,1.3031612129998393,4.15296
STAGE_MODEL_POLICY,4,1.3574082199993427,4.15296
STAGE_MODEL_POLICY,4,1.4116109290007444,4.19328
STAGE_MODEL_POLICY,4,1.4657791909994557,4.19328
STAGE_MODEL_POLICY,4,1.5200276059986209,4.2336
STAGE_MODEL_POLICY,4,1.574388220000401,4.31424
STAGE_MODEL_POLICY,4,1.6287361680006143,4.31424
STAGE_MODEL_POLICY,4,1.6829371499989065,4.27392
STAGE_MODEL_POLICY,4,1.7371876110009907,4.2336
STAGE_MODEL_POLICY,4,1.7914205130000482,4.2336
STAGE_MODEL_POLICY,4,1.845596036000643,4.31424
STAGE_MODEL_POLICY,4,1.899777187998552,4.2336
STAGE_MODEL_POLICY,4,1.954013192000275,4.31424
STAGE_MODEL_POLICY,4,2.0081610169982014,4.31424
STAGE_MODEL_POLICY,4,2.0623368589986057,4.27392
STAGE_MODEL_POLICY,4,2.1164845559978858,4.2336
STAGE_MODEL_POLICY,4,2.1708619620003446,4.19328
STAGE_MODEL_POLICY,4,2.225402166001004,4.2336
STAGE_MODEL_POLICY,4,2.2796131590002915,4.27392
STAGE_MODEL_POLICY,4,2.3337693309986207,4.19328
STAGE_MODEL_POLICY,4,2.3882027409999864,4.19328
STAGE_MODEL_POLICY,4,2.442458319997968,4.19328
STAGE_MODEL_POLICY,4,2.4966478509995795,4.19328
STAGE_MODEL_POLICY,4,2.55087211800128,4.2336
STAGE_MODEL_POLICY,4,2.605176503999246,4.19328
STAGE_MODEL_POLICY,4,2.65977335199932,4.15296
STAGE_MODEL_POLICY,4,2.713982617999136,4.2336
STAGE_MODEL_POLICY,4,2.768327974998101,4.19328
STAGE_MODEL_POLICY,4,2.8227615770010743,4.19328
STAGE_MODEL_POLICY,4,2.8769973890011897,4.19328
STAGE_MODEL_POLICY,4,2.9316355289993226,4.15296
STAGE_MODEL_POLICY,4,2.98584607399971,4.2336
STAGE_MODEL_POLICY,4,3.040211805000581,4.31424
STAGE_MODEL_POLICY,4,3.094440708999173,4.2336
STAGE_MODEL_POLICY,4,3.148681990998739,4.2336
STAGE_MODEL_POLICY,4,3.20330049200129,4.15296
STAGE_MODEL_POLICY,4,3.257707290998951,4.19328
STAGE_MODEL_POLICY,4,3.311860200999945,4.27392
STAGE_MODEL_POLICY,4,3.3660510439985956,4.19328
STAGE_MODEL_POLICY,4,3.4203116440003214,4.19328
STAGE_MODEL_POLICY,4,3.475388123999437,4.19328
STAGE_MODEL_POLICY,4,3.5295430490004946,4.19328
STAGE_MODEL_POLICY,4,3.584099341998808,4.2336
STAGE_MODEL_POLICY,4,3.6393696129998716,4.19328
STAGE_MODEL_POLICY,4,3.694378317999508,4.15296
STAGE_MODEL_POLICY,4,3.748687245999463,4.2336
STAGE_MODEL_POLICY,4,3.8028648479994445,4.19328
STAGE_MODEL_POLICY,4,3.857190504000755,4.19328
STAGE_MODEL_POLICY,4,3.9113734149977972,4.15296
STAGE_MODEL_POLICY,4,3.9657197640008235,4.15296
STAGE_MODEL_POLICY,4,4.019937697001296,4.2336
STAGE_MODEL_POLICY,4,4.074050498998986,4.19328
STAGE_MODEL_POLICY,4,4.12834138800099,4.15296
STAGE_MODEL_POLICY,4,4.182629527000245,4.19328
STAGE_MODEL_POLICY,4,4.23686792999797,4.2336
STAGE_MODEL_POLICY,4,4.291041149997909,4.19328
STAGE_MODEL_POLICY,4,4.345213122000132,4.19328
STAGE_MODEL_POLICY,4,4.399492304997693,4.15296
STAGE_MODEL_POLICY,4,4.453955267999845,4.19328
STAGE_MODEL_POLICY,4,4.508185611000954,4.19328
STAGE_MODEL_POLICY,4,4.562481968998327,4.19328
STAGE_MODEL_POLICY,4,4.616699614998652,4.19328
STAGE_MODEL_POLICY,4,4.670951100000821,4.2336
STAGE_MODEL_POLICY,4,4.725258843998745,4.2336
STAGE_MODEL_POLICY,4,4.779506299000786,4.19328
STAGE_MODEL_POLICY,4,4.833751899001072,4.15296
STAGE_MODEL_POLICY,4,4.888173569997889,4.19328
STAGE_MODEL_POLICY,4,4.942467402001057,4.2336
STAGE_MODEL_POLICY,4,4.9967066690005595,4.19328
STAGE_MODEL_POLICY,4,5.050897543998872,4.27392
STAGE_MODEL_POLICY,4,5.105064685998514,4.31424
STAGE_MODEL_POLICY,4,5.159229525997944,4.27392
STAGE_MODEL_POLICY,4,5.213410325999575,4.2336
STAGE_MODEL_POLICY,4,5.267681224999251,4.19328
STAGE_MODEL_POLICY,4,5.322226099000545,4.2336
STAGE_MODEL_POLICY,4,5.376368837998598,4.27392
STAGE_MODEL_POLICY,4,5.431314376000955,4.19328
STAGE_MODEL_POLICY,4,5.486803705000057,4.19328
STAGE_MODEL_POLICY,4,5.542032716999529,4.2336
STAGE_MODEL_POLICY,4,5.596217259000696,4.2336
STAGE_MODEL_POLICY,4,5.65041395499793,4.2336
STAGE_MODEL_POLICY,4,5.70537260600031,4.19328
STAGE_MODEL_POLICY,4,5.7596642629978305,4.19328
STAGE_MODEL_POLICY,4,5.813826479999989,4.2336
STAGE_MODEL_POLICY,4,5.867966564997914,4.19328
STAGE_MODEL_POLICY,4,5.922321453999757,4.19328
STAGE_MODEL_POLICY,4,5.976460641999438,4.15296
STAGE_MODEL_POLICY,4,6.030745550000574,4.19328
STAGE_MODEL_POLICY,4,6.084902106998925,4.2336
STAGE_MODEL_POLICY,4,6.139129442999547,4.19328
STAGE_MODEL_POLICY,4,6.1935653159998765,4.15296
STAGE_MODEL_POLICY,4,6.247768248998909,4.19328
STAGE_MODEL_POLICY,4,6.30192061499838,4.2336
STAGE_MODEL_POLICY,4,6.3561873879989434,4.19328
STAGE_MODEL_POLICY,4,6.41034205699907,4.19328
STAGE_MODEL_POLICY,4,6.464509615998395,4.15296
STAGE_MODEL_POLICY,4,6.518638761997863,4.2336
STAGE_MODEL_POLICY,4,6.57282423200013,4.19328
STAGE_MODEL_POLICY,4,6.627001864999329,4.19328
STAGE_MODEL_POLICY,4,6.681128195999918,4.19328
STAGE_MODEL_POLICY,4,6.735529622001195,4.19328
STAGE_MODEL_POLICY,4,6.789734313999361,4.2336
STAGE_MODEL_POLICY,4,6.843884825000714,4.19328
STAGE_MODEL_POLICY,4,6.898062682997988,4.15296
STAGE_MODEL_POLICY,4,6.95219170099881,4.19328
STAGE_MODEL_POLICY,4,7.0062784680012555,4.2336
STAGE_MODEL_POLICY,4,7.060415449999709,4.19328
STAGE_MODEL_POLICY,4,7.114684621999913,4.19328
STAGE_MODEL_POLICY,4,7.168933963999734,4.15296
STAGE_MODEL_POLICY,4,7.223144413001137,4.19328
STAGE_MODEL_POLICY,4,7.277307590000419,4.2336
STAGE_MODEL_POLICY,4,7.331513976998394,4.19328
STAGE_MODEL_POLICY,4,7.385643571000401,4.19328
STAGE_MODEL_POLICY,4,7.4397730359996785,4.2336
STAGE_MODEL_POLICY,4,7.493910178000078,4.2336
STAGE_MODEL_POLICY,4,7.548089122999954,4.19328
STAGE_MODEL_POLICY,4,7.602316235999751,4.15296
STAGE_MODEL_POLICY,4,7.656495980998443,4.19328
STAGE_MODEL_POLICY,4,7.710627237000153,4.27392
STAGE_MODEL_POLICY,4,7.764844050998363,4.19328
STAGE_MODEL_POLICY,4,7.819000447998405,4.19328
STAGE_MODEL_POLICY,4,7.873139987998002,4.2336
STAGE_MODEL_POLICY,4,7.9272798169986345,4.2336
STAGE_MODEL_POLICY,4,7.981382383997698,4.2336
STAGE_MODEL_POLICY,4,8.035538844000257,4.15296
STAGE_MODEL_POLICY,4,8.089733238000917,4.15296
STAGE_MODEL_POLICY,4,8.144001577999006,4.19328
STAGE_MODEL_POLICY,4,8.198249320001196,4.19328
STAGE_MODEL_POLICY,4,8.252545551000367,4.19328
STAGE_MODEL_POLICY,4,8.30667994200121,4.15296
STAGE_MODEL_POLICY,4,8.360936000000947,4.19328
STAGE_MODEL_POLICY,4,8.415051649000816,4.2336
STAGE_MODEL_POLICY,4,8.46924348399989,4.19328
STAGE_MODEL_POLICY,4,8.523384304000501,4.19328
STAGE_MODEL_POLICY,4,8.577642729000218,4.19328
STAGE_MODEL_POLICY,4,8.631852313999843,4.19328
STAGE_MODEL_POLICY,4,8.685977110999374,4.2336
STAGE_MODEL_POLICY,4,8.740092470998206,4.27392
STAGE_MODEL_POLICY,4,8.794244294000237,4.27392
STAGE_MODEL_POLICY,4,8.84837762999814,4.27392
STAGE_MODEL_POLICY,4,8.902557117999095,4.19328
STAGE_MODEL_POLICY,4,8.956824242999573,4.19328
STAGE_MODEL_POLICY,4,9.01094539299811,4.2336
STAGE_MODEL_POLICY,4,9.065086244998383,4.2336
STAGE_MODEL_POLICY,4,9.119543994998821,4.27392
STAGE_MODEL_POLICY,4,9.174025796000933,4.2336
STAGE_MODEL_POLICY,4,9.228360790999432,4.2336
STAGE_MODEL_POLICY,4,9.282491472000402,4.27392
STAGE_MODEL_POLICY,4,9.336626663000061,4.27392
STAGE_MODEL_POLICY,4,9.390958108000632,4.27392
STAGE_MODEL_POLICY,4,9.445138139999472,4.27392
STAGE_MODEL_POLICY,4,9.499262807999912,4.31424
STAGE_MODEL_POLICY,4,9.553470538998226,4.31424
STAGE_MODEL_POLICY,4,9.608589045998087,4.27392
STAGE_MODEL_POLICY,4,9.662962390000757,4.2336
STAGE_MODEL_POLICY,4,9.718010914999468,4.2336
STAGE_MODEL_POLICY,4,9.773273191000044,4.27392
STAGE_MODEL_POLICY,4,9.827602395998838,4.27392
STAGE_MODEL_POLICY,4,9.881860278001113,4.27392
STAGE_MODEL_POLICY,4,9.936743989997922,4.19328
STAGE_MODEL_POLICY,4,9.991030656998191,4.2336
STAGE_MODEL_POLICY,4,10.045142275997932,4.27392
STAGE_MODEL_POLICY,4,10.099270941998839,4.2336
STAGE_MODEL_POLICY,4,10.153603185997781,4.2336
STAGE_MODEL_POLICY,4,10.207759582997824,4.2336
STAGE_MODEL_POLICY,4,10.262255584999366,4.2336
STAGE_MODEL_POLICY,4,10.316877699999168,4.2336
STAGE_MODEL_POLICY,4,10.37167163399863,4.19328
STAGE_MODEL_POLICY,4,10.426179277998017,4.19328
STAGE_MODEL_POLICY,4,10.480357264001213,4.2336
STAGE_MODEL_POLICY,4,10.53454004699961,4.2336
STAGE_MODEL_POLICY,4,10.588731560997985,4.2336
STAGE_MODEL_POLICY,4,10.642913512998348,4.19328
STAGE_MODEL_POLICY,4,10.698697191000974,4.19328
STAGE_MODEL_POLICY,4,10.753168981998897,4.2336
STAGE_MODEL_POLICY,4,10.807482674998028,4.19328
STAGE_MODEL_POLICY,4,10.862137701999018,4.19328
STAGE_MODEL_POLICY,4,10.916341497999383,4.19328
STAGE_MODEL_POLICY,4,10.97051103999911,4.2336
STAGE_MODEL_POLICY,4,11.024668075999216,4.2336
STAGE_MODEL_POLICY,4,11.078822168998158,4.19328
STAGE_MODEL_POLICY,4,11.133116992998112,4.15296
STAGE_MODEL_POLICY,4,11.187477414998284,4.2336
STAGE_MODEL_POLICY,4,11.241649514999153,4.2336
STAGE_MODEL_POLICY,4,11.296042336998653,4.19328
STAGE_MODEL_POLICY,4,11.35019940499842,4.19328
STAGE_MODEL_POLICY,4,11.404367635001108,4.2336
STAGE_MODEL_POLICY,4,11.458515747999627,4.2336
STAGE_MODEL_POLICY,4,11.51273700800084,4.2336
STAGE_MODEL_POLICY,4,11.567001158000494,4.15296
STAGE_MODEL_POLICY,4,11.621292462998099,4.19328
STAGE_MODEL_POLICY,4,11.675411980999343,4.27392
STAGE_MODEL_POLICY,4,11.72954589299843,4.19328
STAGE_MODEL_POLICY,4,11.783667458999844,4.19328
STAGE_MODEL_POLICY,4,11.837823598998511,4.15296
STAGE_MODEL_POLICY,4,11.892044250998879,4.2336
STAGE_MODEL_POLICY,4,11.946688914998958,4.2336
STAGE_MODEL_POLICY,4,12.000917563000257,4.19328
STAGE_MODEL_POLICY,4,12.055555286999152,4.19328
STAGE_MODEL_POLICY,4,12.11251050699866,4.2336
STAGE_MODEL_POLICY,4,12.167204393997963,4.19328
STAGE_MODEL_POLICY,4,12.221649478000472,4.19328
STAGE_MODEL_POLICY,4,12.276697204000811,4.19328
STAGE_MODEL_POLICY,4,12.335448069999984,4.19328
STAGE_MODEL_POLICY,4,12.389777723998122,4.2336
STAGE_MODEL_POLICY,4,12.444001862000732,4.2336
STAGE_MODEL_POLICY,4,12.49863804999768,4.19328
STAGE_MODEL_POLICY,4,12.552974771999288,4.19328
STAGE_MODEL_POLICY,4,12.60722117199839,4.2336
STAGE_MODEL_POLICY,4,12.661375488998601,4.2336
STAGE_MODEL_POLICY,4,12.715561054999853,4.2336
STAGE_MODEL_POLICY,4,12.769782537998253,4.15296
STAGE_MODEL_POLICY,4,12.824234594998416,4.19328
STAGE_MODEL_POLICY,4,12.879407985998114,4.27392
STAGE_MODEL_POLICY,4,12.93360647299778,4.2336
STAGE_MODEL_POLICY,4,12.987860293000267,4.19328
STAGE_MODEL_POLICY,4,13.042011956000351,4.2336
STAGE_MODEL_POLICY,4,13.096158724998531,4.2336
STAGE_MODEL_POLICY,4,13.150854562998575,4.2336
STAGE_MODEL_POLICY,4,13.206032432000939,4.19328
STAGE_MODEL_POLICY,4,13.262115640998672,4.19328
STAGE_MODEL_POLICY,4,13.316777799998817,4.2336
STAGE_MODEL_POLICY,4,13.371918151999125,4.2336
STAGE_MODEL_POLICY,4,13.426676199000212,4.19328
STAGE_MODEL_POLICY,4,13.481293676999485,4.19328
STAGE_MODEL_POLICY,4,13.535566079001,4.19328
STAGE_MODEL_POLICY,4,13.59025350599768,4.27392
STAGE_MODEL_POLICY,4,13.645361489998322,4.2336
STAGE_MODEL_POLICY,4,13.69969670899809,4.19328
STAGE_MODEL_POLICY,4,13.754769541999849,4.19328
STAGE_MODEL_POLICY,4,13.809882995999942,4.27392
STAGE_MODEL_POLICY,4,13.864041983000789,4.2336
STAGE_MODEL_POLICY,4,13.918410016998678,4.2336
STAGE_MODEL_POLICY,4,13.972584421000647,4.15296
STAGE_MODEL_POLICY,4,14.026893923997704,4.19328
STAGE_MODEL_POLICY,4,14.081491123997694,4.27392
STAGE_MODEL_POLICY,4,14.135627626001224,4.2336
STAGE_MODEL_POLICY,4,14.190740792000724,4.2336
STAGE_MODEL_POLICY,4,14.246000412000285,4.19328
STAGE_MODEL_POLICY,4,14.300275852998311,4.19328
STAGE_MODEL_POLICY,4,14.355243298999994,4.2336
STAGE_MODEL_POLICY,4,14.409374619997834,4.31424
STAGE_MODEL_POLICY,4,14.463541410998005,4.2336
STAGE_MODEL_POLICY,4,14.517710985001031,4.2336
STAGE_MODEL_POLICY,4,14.571924216998013,4.2336
STAGE_MODEL_POLICY,4,14.626052946998243,4.2336
STAGE_MODEL_POLICY,4,14.680233138999029,4.27392
STAGE_MODEL_POLICY,4,14.734429291998822,4.19328
STAGE_MODEL_POLICY,4,14.788585207999859,4.19328
STAGE_MODEL_POLICY,4,14.84277918600128,4.2336
STAGE_MODEL_POLICY,4,14.896923907999735,4.2336
STAGE_MODEL_POLICY,4,14.951088491998235,4.31424
STAGE_MODEL_POLICY,4,15.005225154000073,4.27392
STAGE_MODEL_POLICY,4,15.059486617999937,4.31424
STAGE_MODEL_POLICY,4,15.113624782999977,4.35456
STAGE_MODEL_POLICY,4,15.167826916000195,4.27392
STAGE_MODEL_POLICY,4,15.22201037099876,4.27392
STAGE_MODEL_POLICY,4,15.278443324001273,4.2336
STAGE_MODEL_POLICY,4,15.332623964997765,4.19328
STAGE_MODEL_POLICY,4,15.386838284000987,4.15296
STAGE_MODEL_POLICY,4,15.440962376000243,4.15296
STAGE_MODEL_POLICY,4,15.49508445399988,4.11264
STAGE_MODEL_POLICY,4,15.54923170300026,4.11264
STAGE_MODEL_POLICY,4,15.603372937999666,4.07232
STAGE_MODEL_POLICY,4,15.657527095998375,4.07232
STAGE_MODEL_POLICY,4,15.711666125000193,4.07232
STAGE_MODEL_POLICY,4,15.765783980001288,4.032
STAGE_MODEL_POLICY,4,15.819924128998537,4.032
STAGE_MODEL_POLICY,4,15.87403932899906,4.032
STAGE_MODEL_POLICY,4,15.928223935999995,3.99168
STAGE_MODEL_POLICY,4,15.982441996999114,4.032
STAGE_MODEL_POLICY,4,16.03658384099981,3.99168
STAGE_MODEL_POLICY,4,16.0907323049978,3.99168
STAGE_MODEL_POLICY,4,16.144899799997802,4.032
STAGE_MODEL_POLICY,4,16.199104651997914,3.99168
STAGE_MODEL_POLICY,4,16.25326706099804,3.99168
STAGE_MODEL_POLICY,4,16.30737602500085,3.99168
STAGE_MODEL_POLICY,4,16.361515021999367,3.95136
STAGE_MODEL_POLICY,4,16.41563645899805,3.99168
STAGE_MODEL_POLICY,4,16.46976630900099,3.95136
STAGE_MODEL_POLICY,4,16.524022335001064,3.95136
STAGE_MODEL_POLICY,4,16.578273595998326,3.99168
STAGE_MODEL_POLICY,4,16.6324674139978,3.95136
STAGE_MODEL_POLICY,4,16.686606090999703,3.99168
STAGE_MODEL_POLICY,4,16.740721547997964,3.99168
STAGE_MODEL_POLICY,4,16.794894575999933,3.95136
STAGE_MODEL_POLICY,4,16.849073360997863,3.99168
STAGE_MODEL_POLICY,4,16.903215587997693,3.95136
STAGE_MODEL_POLICY,4,16.957329764998576,3.95136
STAGE_MODEL_POLICY,4,17.01150119399972,3.99168
STAGE_MODEL_POLICY,4,17.06562650200067,3.95136
STAGE_MODEL_POLICY,4,17.11986890299886,3.99168
STAGE_MODEL_POLICY,4,17.174084309997852,3.99168
STAGE_MODEL_POLICY,4,17.22826715699921,3.95136
STAGE_MODEL_POLICY,4,17.28239377600039,3.99168
STAGE_MODEL_POLICY,4,17.336515597999096,3.95136
STAGE_MODEL_POLICY,4,17.390695469999628,3.95136
STAGE_MODEL_POLICY,4,17.44487934100107,3.99168
STAGE_MODEL_POLICY,4,17.499021503997938,3.95136
STAGE_MODEL_POLICY,4,17.553155926998443,3.95136
STAGE_MODEL_POLICY,4,17.60728404999827,3.99168
STAGE_MODEL_POLICY,4,17.66148695100128,3.95136
STAGE_MODEL_POLICY,4,17.71561088299859,3.99168
STAGE_MODEL_POLICY,4,17.769725571997697,3.95136
STAGE_MODEL_POLICY,4,17.823893993998354,3.95136
STAGE_MODEL_POLICY,4,17.878010218999407,3.99168
STAGE_MODEL_POLICY,4,17.932178257000487,3.95136
STAGE_MODEL_POLICY,4,17.98670074199981,3.95136
STAGE_MODEL_POLICY,4,18.040951586997835,3.99168
STAGE_MODEL_POLICY,4,18.095127845997922,3.95136
STAGE_MODEL_POLICY,4,18.149306758998137,3.99168
STAGE_MODEL_POLICY,4,18.20356617499783,3.95136
STAGE_MODEL_POLICY,4,18.25774975799868,3.95136
STAGE_MODEL_POLICY,4,18.31189627099957,3.99168
STAGE_MODEL_POLICY,4,18.366040257998975,3.95136
STAGE_MODEL_POLICY,4,18.420232124000904,3.95136
STAGE_MODEL_POLICY,4,18.474359126998024,3.99168
STAGE_MODEL_POLICY,4,18.528540054998302,3.95136
STAGE_MODEL_POLICY,4,18.583015812000667,3.95136
STAGE_MODEL_POLICY,4,18.637486962001276,3.95136
STAGE_MODEL_POLICY,4,18.69194391199926,3.95136
STAGE_MODEL_POLICY,4,18.746111854998162,3.99168
STAGE_MODEL_POLICY,4,18.800300138998864,3.95136
STAGE_MODEL_POLICY,4,18.854555941998115,3.95136
STAGE_MODEL_POLICY,4,18.908692667999276,3.99168
STAGE_MODEL_POLICY,4,18.962915494998015,3.95136
STAGE_MODEL_POLICY,4,19.017110463999416,3.99168
STAGE_MODEL_POLICY,4,19.07131876999847,3.95136
STAGE_MODEL_POLICY,4,19.125622421001026,3.95136
STAGE_MODEL_POLICY,4,19.179855705999216,3.99168
STAGE_MODEL_POLICY,4,19.234044470998924,3.95136
STAGE_MODEL_POLICY,4,19.288261124998826,3.95136
STAGE_MODEL_POLICY,4,19.342373479001253,3.99168
STAGE_MODEL_POLICY,4,19.396534929001064,3.95136
STAGE_MODEL_POLICY,4,19.450641557999916,3.95136
STAGE_MODEL_POLICY,4,19.504799968999578,3.95136
STAGE_MODEL_POLICY,4,19.55895665299977,3.95136
STAGE_MODEL_POLICY,4,19.613078538997797,3.99168
STAGE_MODEL_POLICY,4,19.667223740998452,3.95136
STAGE_MODEL_POLICY,4,19.721517284000583,3.95136
STAGE_MODEL_POLICY,4,19.775641919997724,3.99168
STAGE_MODEL_POLICY,4,19.829835641998216,3.95136
STAGE_MODEL_POLICY,4,19.88400617499792,3.95136
STAGE_MODEL_POLICY,4,19.938149170000543,3.95136
STAGE_MODEL_POLICY,4,19.99228407299961,3.95136
STAGE_MODEL_POLICY,4,20.046443283998087,3.99168
STAGE_MODEL_POLICY,4,20.100596257998404,3.95136
STAGE_MODEL_POLICY,4,20.15490764900096,3.95136
STAGE_MODEL_POLICY,4,20.209121552001307,3.99168
STAGE_MODEL_POLICY,4,20.26328472900059,3.95136
STAGE_MODEL_POLICY,4,20.317409109000437,3.95136
STAGE_MODEL_POLICY,4,20.37154996100071,3.95136
STAGE_MODEL_POLICY,4,20.42569938499946,3.95136
STAGE_MODEL_POLICY,4,20.479821685999923,3.95136
STAGE_MODEL_POLICY,4,20.533990235999227,3.95136
STAGE_MODEL_POLICY,4,20.588254162998055,3.95136
STAGE_MODEL_POLICY,4,20.642446989000746,3.99168
STAGE_MODEL_POLICY,4,20.69659862000117,3.95136
STAGE_MODEL_POLICY,4,20.750732626998797,3.95136
STAGE_MODEL_POLICY,4,20.804900760998862,3.95136
STAGE_MODEL_POLICY,4,20.859085527998104,3.95136
STAGE_MODEL_POLICY,4,20.913251902999036,3.95136
STAGE_MODEL_POLICY,4,20.96737519599992,3.91104
STAGE_MODEL_POLICY,4,21.021550397999818,3.95136
STAGE_MODEL_POLICY,4,21.075772233998578,3.99168
STAGE_MODEL_POLICY,4,21.130033761997765,3.95136
STAGE_MODEL_POLICY,4,21.184261514001264,3.95136
STAGE_MODEL_POLICY,4,21.238432558999193,3.95136
STAGE_MODEL_POLICY,4,21.292570819998218,3.95136
STAGE_MODEL_POLICY,4,21.34668269499889,3.95136
STAGE_MODEL_POLICY,4,21.400830488000793,3.91104
STAGE_MODEL_POLICY,4,21.455026159997942,3.95136
STAGE_MODEL_POLICY,4,21.509155209998426,3.99168
STAGE_MODEL_POLICY,4,21.56332254500012,3.95136
STAGE_MODEL_POLICY,4,21.61749893099841,3.95136
STAGE_MODEL_POLICY,4,21.671670616000483,3.95136
STAGE_MODEL_POLICY,4,21.725827620000928,3.95136
STAGE_MODEL_POLICY,4,21.779973812997923,3.95136
STAGE_MODEL_POLICY,4,21.834178025001165,3.91104
STAGE_MODEL_POLICY,4,21.88868698100123,3.95136
STAGE_MODEL_POLICY,4,21.942867269997805,3.95136
STAGE_MODEL_POLICY,4,21.997621831000288,3.91104
STAGE_MODEL_POLICY,4,22.05239247999998,3.95136
STAGE_MODEL_POLICY,4,22.106743465999898,3.95136
STAGE_MODEL_POLICY,4,22.160963542999525,3.95136
STAGE_MODEL_POLICY,4,22.21536180199837,3.95136
STAGE_MODEL_POLICY,4,22.26986810299786,3.95136
STAGE_MODEL_POLICY,4,22.326192182998057,3.95136
STAGE_MODEL_POLICY,4,22.380395820000558,3.95136
STAGE_MODEL_POLICY,4,22.43470164500104,3.91104
STAGE_MODEL_POLICY,4,22.488937522000924,3.95136
STAGE_MODEL_POLICY,4,22.543468739000673,3.95136
STAGE_MODEL_POLICY,4,22.598622620000242,3.91104
STAGE_MODEL_POLICY,4,22.652883507998922,3.95136
STAGE_MODEL_POLICY,4,22.707453360999352,3.95136
STAGE_MODEL_POLICY,4,22.762422150997736,3.91104
STAGE_MODEL_POLICY,4,22.817240968000988,3.95136
STAGE_MODEL_POLICY,4,22.871491044999857,3.95136
STAGE_MODEL_POLICY,4,22.92637341400041,3.91104
STAGE_MODEL_POLICY,4,22.981060392998188,3.95136
STAGE_MODEL_POLICY,4,23.035314020999067,3.91104
STAGE_MODEL_POLICY,4,23.089548585998273,3.95136
STAGE_MODEL_POLICY,4,23.145071114999155,3.95136
STAGE_MODEL_POLICY,4,23.19928057300058,3.91104
STAGE_MODEL_POLICY,4,23.253576130999136,3.95136
STAGE_MODEL_POLICY,4,23.307687238000653,3.95136
STAGE_MODEL_POLICY,4,23.362433163998503,3.91104
STAGE_MODEL_POLICY,4,23.416591158998926,3.95136
STAGE_MODEL_POLICY,4,23.472951189000014,3.95136
STAGE_MODEL_POLICY,4,23.5271905519985,3.91104
STAGE_MODEL_POLICY,4,23.58303851799792,3.95136
STAGE_MODEL_POLICY,4,23.637263135999092,3.91104
STAGE_MODEL_POLICY,4,23.69145471400043,3.91104
STAGE_MODEL_POLICY,4,23.745590481001273,3.95136
STAGE_MODEL_POLICY,4,23.801146304998838,3.91104
STAGE_MODEL_POLICY,4,23.855493166000088,3.91104
STAGE_MODEL_POLICY,4,23.910326951998286,3.95136
STAGE_MODEL_POLICY,4,23.965042235999135,3.91104
STAGE_MODEL_POLICY,4,24.019284509999125,3.91104
STAGE_MODEL_POLICY,4,24.073427759998594,3.95136
STAGE_MODEL_POLICY,4,24.129992967998987,3.91104
STAGE_MODEL_POLICY,4,24.18424825799957,3.95136
STAGE_MODEL_POLICY,4,24.23847540299903,3.95136
STAGE_MODEL_POLICY,4,24.292706161999376,3.91104
STAGE_MODEL_POLICY,4,24.34692575900044,3.95136
STAGE_MODEL_POLICY,4,24.401224355999148,3.91104
STAGE_MODEL_POLICY,4,24.455444815997907,3.91104
STAGE_MODEL_POLICY,4,24.50959193699964,3.95136
STAGE_MODEL_POLICY,4,24.564292284998373,3.91104
STAGE_MODEL_POLICY,4,24.618572587998642,3.91104
STAGE_MODEL_POLICY,4,24.672857942998235,3.95136
STAGE_MODEL_POLICY,4,24.727203172998998,3.91104
STAGE_MODEL_POLICY,4,24.78139715100042,3.91104
STAGE_MODEL_POLICY,4,24.8355926309996,3.91104
STAGE_MODEL_POLICY,4,24.889850225001283,3.91104
STAGE_MODEL_POLICY,4,24.94399545899796,3.95136
STAGE_MODEL_POLICY,4,24.998203348997777,3.91104
STAGE_MODEL_POLICY,4,25.05242118699971,3.91104
STAGE_MODEL_POLICY,4,25.106682713998453,3.95136
STAGE_MODEL_POLICY,4,25.161076783999306,3.91104
STAGE_MODEL_POLICY,4,25.215294302000984,3.95136
STAGE_MODEL_POLICY,4,25.269523749000655,3.91104
STAGE_MODEL_POLICY,4,25.324370456000906,3.91104
STAGE_MODEL_POLICY,4,25.3790785759993,3.95136
STAGE_MODEL_POLICY,4,25.433254482999473,3.91104
STAGE_MODEL_POLICY,4,25.487549466000928,3.91104
STAGE_MODEL_POLICY,4,25.542352451000625,3.95136
STAGE_MODEL_POLICY,4,25.598344919999363,3.91104
STAGE_MODEL_POLICY,4,25.652574079998885,3.91104
STAGE_MODEL_POLICY,4,25.7070953500006,3.95136
STAGE_MODEL_POLICY,4,25.761751239999285,3.91104
STAGE_MODEL_POLICY,4,25.816033494000294,3.95136
STAGE_MODEL_POLICY,4,25.87022721500034,3.91104
STAGE_MODEL_POLICY,4,25.92440689599971,3.91104
STAGE_MODEL_POLICY,4,25.978568153997912,3.95136
STAGE_MODEL_POLICY,4,26.032799329001136,3.91104
STAGE_MODEL_POLICY,4,26.086997464000888,3.91104
STAGE_MODEL_POLICY,4,26.1412013879999,3.95136
STAGE_MODEL_POLICY,4,26.19575934399836,3.91104
STAGE_MODEL_POLICY,4,26.249956296000164,3.95136
STAGE_MODEL_POLICY,4,26.304159772000276,3.91104
STAGE_MODEL_POLICY,4,26.35905032899973,3.91104
STAGE_MODEL_POLICY,4,26.41375086900007,3.95136
STAGE_MODEL_POLICY,4,26.468829683999502,3.91104
STAGE_MODEL_POLICY,4,26.523061242998665,3.91104
STAGE_MODEL_POLICY,4,26.577244889998838,3.95136
STAGE_MODEL_POLICY,4,26.631385198001226,3.91104
STAGE_MODEL_POLICY,4,26.686999169000046,3.91104
STAGE_MODEL_POLICY,4,26.74144105400046,3.95136
STAGE_MODEL_POLICY,4,26.79589493399908,3.91104
STAGE_MODEL_POLICY,4,26.85003981599948,3.91104
STAGE_MODEL_POLICY,4,26.904214858997875,3.91104
STAGE_MODEL_POLICY,4,26.95845281400034,3.91104
STAGE_MODEL_POLICY,4,27.012848227001086,3.95136
STAGE_MODEL_POLICY,4,27.067276166999363,3.91104
STAGE_MODEL_POLICY,4,27.12187285500113,3.91104
STAGE_MODEL_POLICY,4,27.17700044599769,3.95136
STAGE_MODEL_POLICY,4,27.23189695199835,3.91104
STAGE_MODEL_POLICY,4,27.28620210599911,3.91104
STAGE_MODEL_POLICY,4,27.340381562000402,3.95136
STAGE_MODEL_POLICY,4,27.39456597699973,3.91104
STAGE_MODEL_POLICY,4,27.44869233999998,3.91104
STAGE_MODEL_POLICY,4,27.50285596499816,3.91104
STAGE_MODEL_POLICY,4,27.557701104000444,3.91104
STAGE_MODEL_POLICY,4,27.611861882000085,3.95136
STAGE_MODEL_POLICY,4,27.66627360699931,3.91104
STAGE_MODEL_POLICY,4,27.721506296998996,3.91104
STAGE_MODEL_POLICY,4,27.776659089999157,3.95136
STAGE_MODEL_POLICY,4,27.831034768998506,3.91104
STAGE_MODEL_POLICY,4,27.885279056998115,3.91104
STAGE_MODEL_POLICY,4,27.93941549599913,3.91104
STAGE_MODEL_POLICY,4,27.993886614000075,3.91104
STAGE_MODEL_POLICY,4,28.048963606001053,3.91104
STAGE_MODEL_POLICY,4,28.103536753998924,3.91104
STAGE_MODEL_POLICY,4,28.15838742699998,3.91104
STAGE_MODEL_POLICY,4,28.212600082999415,3.95136
STAGE_MODEL_POLICY,4,28.26699565599847,3.91104
STAGE_MODEL_POLICY,4,28.32176943900049,3.91104
STAGE_MODEL_POLICY,4,28.37593331899916,3.95136
STAGE_MODEL_POLICY,4,28.430134812999313,3.91104
STAGE_MODEL_POLICY,4,28.485206080000353,3.91104
STAGE_MODEL_POLICY,4,28.53939010999966,3.95136
STAGE_MODEL_POLICY,4,28.59359886400125,3.91104
STAGE_MODEL_POLICY,4,28.64829310300047,3.95136
STAGE_MODEL_POLICY,4,28.704574548999517,3.91104
STAGE_MODEL_POLICY,4,28.758779720999883,3.91104
STAGE_MODEL_POLICY,4,28.8129255620006,3.95136
STAGE_MODEL_POLICY,4,28.867465893999906,3.91104
STAGE_MODEL_POLICY,4,28.922091720000026,3.91104
STAGE_MODEL_POLICY,4,28.976312115999463,3.95136
STAGE_MODEL_POLICY,4,29.030508108000504,3.91104
STAGE_MODEL_POLICY,4,29.084663320998516,3.91104
STAGE_MODEL_POLICY,4,29.13891275900096,3.91104
STAGE_MODEL_POLICY,4,29.19314962700082,3.91104
STAGE_MODEL_POLICY,4,29.247375491999264,3.95136
STAGE_MODEL_POLICY,4,29.301775223000732,3.91104
STAGE_MODEL_POLICY,4,29.356197213997802,3.91104
STAGE_MODEL_POLICY,4,29.410395573999267,3.95136
STAGE_MODEL_POLICY,4,29.46459111799777,3.91104
STAGE_MODEL_POLICY,4,29.518857412000216,3.91104
STAGE_MODEL_POLICY,4,29.573014384001,3.95136
STAGE_MODEL_POLICY,4,29.627231741000287,3.91104
STAGE_MODEL_POLICY,4,29.681375023999863,3.95136
STAGE_MODEL_POLICY,4,29.73556286099847,3.91104
STAGE_MODEL_POLICY,4,29.7897478829982,3.91104
STAGE_MODEL_POLICY,4,29.843901847998495,3.95136
STAGE_MODEL_POLICY,4,29.89808056900074,3.91104
STAGE_MODEL_POLICY,4,29.952372577998176,3.91104
STAGE_FULL_PIPELINE,4,0.0008271389997389633,3.91104
STAGE_FULL_PIPELINE,4,0.05509157699998468,3.91104
STAGE_FULL_PIPELINE,4,0.10920137200082536,3.95136
STAGE_FULL_PIPELINE,4,0.1634952999993402,3.91104
STAGE_FULL_PIPELINE,4,0.2177404200010642,3.95136
STAGE_FULL_PIPELINE,4,0.2719308790001378,3.91104
STAGE_FULL_PIPELINE,4,0.3260933519995888,3.95136
STAGE_FULL_PIPELINE,4,0.3802488209985313,3.95136
STAGE_FULL_PIPELINE,4,0.43441468400123995,3.91104
STAGE_FULL_PIPELINE,4,0.4885993550014973,3.95136
STAGE_FULL_PIPELINE,4,0.5428135779984586,3.95136
STAGE_FULL_PIPELINE,4,0.5970135999996273,3.95136
STAGE_FULL_PIPELINE,4,0.6511561789993721,3.95136
STAGE_FULL_PIPELINE,4,0.7053274479985703,3.95136
STAGE_FULL_PIPELINE,4,0.7595011480007088,3.95136
STAGE_FULL_PIPELINE,4,0.8136681629985105,3.95136
STAGE_FULL_PIPELINE,4,0.8678764049982419,3.91104
STAGE_FULL_PIPELINE,4,0.9223226079993765,3.95136
STAGE_FULL_PIPELINE,4,0.976729759000591,3.95136
STAGE_FULL_PIPELINE,4,1.0313575680011127,3.95136
STAGE_FULL_PIPELINE,4,1.0880391009995947,3.95136
STAGE_FULL_PIPELINE,4,1.1424137239991978,3.99168
STAGE_FULL_PIPELINE,4,1.1987290399993071,3.95136
STAGE_FULL_PIPELINE,4,1.2529411840005196,3.95136
STAGE_FULL_PIPELINE,4,1.3073575150010583,3.95136
STAGE_FULL_PIPELINE,4,1.3617388540005777,3.95136
STAGE_FULL_PIPELINE,4,1.4159428749990184,3.99168
STAGE_FULL_PIPELINE,4,1.4701111050017062,3.95136
STAGE_FULL_PIPELINE,4,1.5243186119987513,3.95136
STAGE_FULL_PIPELINE,4,1.5785064160008915,3.99168
STAGE_FULL_PIPELINE,4,1.6326757019996876,3.95136
STAGE_FULL_PIPELINE,4,1.6868894139988697,3.95136
STAGE_FULL_PIPELINE,4,1.741034168000624,3.95136
STAGE_FULL_PIPELINE,4,1.7952023340003507,3.95136
STAGE_FULL_PIPELINE,4,1.8493172790003882,3.95136
STAGE_FULL_PIPELINE,4,1.9034672790003242,3.95136
STAGE_FULL_PIPELINE,4,1.9576218520014663,3.95136
STAGE_FULL_PIPELINE,4,2.011779207998188,3.99168
STAGE_FULL_PIPELINE,4,2.066004816999339,3.95136
STAGE_FULL_PIPELINE,4,2.1202114920015447,3.95136
STAGE_FULL_PIPELINE,4,2.174480408000818,3.95136
STAGE_FULL_PIPELINE,4,2.228775774998212,3.95136
STAGE_FULL_PIPELINE,4,2.282922864000284,3.95136
STAGE_FULL_PIPELINE,4,2.3372717079982976,3.95136
STAGE_FULL_PIPELINE,4,2.391483564999362,3.95136
STAGE_FULL_PIPELINE,4,2.445715410998673,3.99168
STAGE_FULL_PIPELINE,4,2.499892980998993,3.95136
STAGE_FULL_PIPELINE,4,2.5542447029984032,3.95136
STAGE_FULL_PIPELINE,4,2.608492669998668,3.99168
STAGE_FULL_PIPELINE,4,2.662683257000026,3.95136
STAGE_FULL_PIPELINE,4,2.71686236199821,3.95136
STAGE_FULL_PIPELINE,4,2.7711321089991543,3.95136
STAGE_FULL_PIPELINE,4,2.825342239000747,3.95136
STAGE_FULL_PIPELINE,4,2.8795727100005024,3.95136
STAGE_FULL_PIPELINE,4,2.9337596190016484,3.91104
STAGE_FULL_PIPELINE,4,2.987987851000071,3.95136
STAGE_FULL_PIPELINE,4,3.0422250390001864,3.99168
STAGE_FULL_PIPELINE,4,3.0992790259988396,3.95136
STAGE_FULL_PIPELINE,4,3.1543371789994126,3.95136
STAGE_FULL_PIPELINE,4,3.209400577001361,3.99168
STAGE_FULL_PIPELINE,4,3.26399777700135,3.95136
STAGE_FULL_PIPELINE,4,3.3183519939993857,3.95136
STAGE_FULL_PIPELINE,4,3.374025648001407,3.95136
STAGE_FULL_PIPELINE,4,3.4283521990000736,3.95136
STAGE_FULL_PIPELINE,4,3.4825198850012384,3.95136
STAGE_FULL_PIPELINE,4,3.537214348998532,3.95136
STAGE_FULL_PIPELINE,4,3.5914328260005277,3.95136
STAGE_FULL_PIPELINE,4,3.645836457999394,3.95136
STAGE_FULL_PIPELINE,4,3.70041721799862,3.91104
STAGE_FULL_PIPELINE,4,3.7551229400014563,3.95136
STAGE_FULL_PIPELINE,4,3.8100836379999237,3.95136
STAGE_FULL_PIPELINE,4,3.864768057999754,3.91104
STAGE_FULL_PIPELINE,4,3.9193741169983696,3.95136
STAGE_FULL_PIPELINE,4,3.9739652079988446,3.95136
STAGE_FULL_PIPELINE,4,4.028661685999396,3.91104
STAGE_FULL_PIPELINE,4,4.083218010000564,3.95136
STAGE_FULL_PIPELINE,4,4.138169560999813,3.91104
STAGE_FULL_PIPELINE,4,4.192764585000987,3.91104
STAGE_FULL_PIPELINE,4,4.24736117700013,3.95136
STAGE_FULL_PIPELINE,4,4.30222896199848,3.91104
STAGE_FULL_PIPELINE,4,4.356994238001789,3.95136
STAGE_FULL_PIPELINE,4,4.4116459700017,3.95136
STAGE_FULL_PIPELINE,4,4.465870812000503,3.91104
STAGE_FULL_PIPELINE,4,4.521146808001504,3.95136
STAGE_FULL_PIPELINE,4,4.57532495399937,3.95136
STAGE_FULL_PIPELINE,4,4.629921417999867,3.91104
STAGE_FULL_PIPELINE,4,4.6844942460011225,3.95136
STAGE_FULL_PIPELINE,4,4.7390116450005735,3.95136
STAGE_FULL_PIPELINE,4,4.793852146998688,3.91104
STAGE_FULL_PIPELINE,4,4.848711327998899,3.95136
STAGE_FULL_PIPELINE,4,4.903309327000898,3.91104
STAGE_FULL_PIPELINE,4,4.957889288001752,3.91104
STAGE_FULL_PIPELINE,4,5.01247756399971,3.95136
STAGE_FULL_PIPELINE,4,5.067054677998385,3.91104
STAGE_FULL_PIPELINE,4,5.122139824998158,3.95136
STAGE_FULL_PIPELINE,4,5.176748220001173,3.95136
STAGE_FULL_PIPELINE,4,5.2319993960009015,3.91104
STAGE_FULL_PIPELINE,4,5.286964923998312,3.95136
STAGE_FULL_PIPELINE,4,5.342588105999312,3.95136
STAGE_FULL_PIPELINE,4,5.3971126059987,3.95136
STAGE_FULL_PIPELINE,4,5.451762579999922,3.95136
STAGE_FULL_PIPELINE,4,5.5059610349999275,3.95136
STAGE_FULL_PIPELINE,4,5.560627031998592,3.95136
STAGE_FULL_PIPELINE,4,5.616339257998334,3.95136
STAGE_FULL_PIPELINE,4,5.670661938998819,3.91104
STAGE_FULL_PIPELINE,4,5.725924213998951,3.95136
STAGE_FULL_PIPELINE,4,5.780080738000834,3.95136
STAGE_FULL_PIPELINE,4,5.835346531999676,3.91104
STAGE_FULL_PIPELINE,4,5.889639403998444,3.95136
STAGE_FULL_PIPELINE,4,5.944883991000097,3.95136
STAGE_FULL_PIPELINE,4,5.999127512000996,3.91104
STAGE_FULL_PIPELINE,4,6.053319761998864,3.95136
STAGE_FULL_PIPELINE,4,6.107536703999358,3.95136
STAGE_FULL_PIPELINE,4,6.161823179998464,3.95136
STAGE_FULL_PIPELINE,4,6.215987060000771,3.95136
STAGE_FULL_PIPELINE,4,6.270132421999733,3.91104
STAGE_FULL_PIPELINE,4,6.324292688001151,3.95136
STAGE_FULL_PIPELINE,4,6.379192393000267,3.95136
STAGE_FULL_PIPELINE,4,6.433367596000608,3.91104
STAGE_FULL_PIPELINE,4,6.487562309001078,3.95136
STAGE_FULL_PIPELINE,4,6.541957082001318,3.95136
STAGE_FULL_PIPELINE,4,6.596710650999739,3.95136
STAGE_FULL_PIPELINE,4,6.650892155001202,3.95136
STAGE_FULL_PIPELINE,4,6.705487754999922,3.91104
STAGE_FULL_PIPELINE,4,6.760101138999744,3.91104
STAGE_FULL_PIPELINE,4,6.814665746998799,3.95136
STAGE_FULL_PIPELINE,4,6.869251847998385,3.91104
STAGE_FULL_PIPELINE,4,6.923872267998377,3.91104
STAGE_FULL_PIPELINE,4,6.978786908999609,3.95136
STAGE_FULL_PIPELINE,4,7.033393672001694,3.91104
STAGE_FULL_PIPELINE,4,7.087979709998763,3.95136
STAGE_FULL_PIPELINE,4,7.142572751999978,3.95136
STAGE_FULL_PIPELINE,4,7.197296991998883,3.91104
STAGE_FULL_PIPELINE,4,7.251883380999061,3.95136
STAGE_FULL_PIPELINE,4,7.3068148769998515,3.95136
STAGE_FULL_PIPELINE,4,7.361437504001515,3.91104
STAGE_FULL_PIPELINE,4,7.41604618600104,3.95136
STAGE_FULL_PIPELINE,4,7.47116434200143,3.91104
STAGE_FULL_PIPELINE,4,7.525339160998556,3.95136
STAGE_FULL_PIPELINE,4,7.579670126000565,3.95136
STAGE_FULL_PIPELINE,4,7.634059588999662,3.91104
STAGE_FULL_PIPELINE,4,7.688204791000317,3.95136
STAGE_FULL_PIPELINE,4,7.742318617001729,3.95136
STAGE_FULL_PIPELINE,4,7.7975761579982645,3.91104
STAGE_FULL_PIPELINE,4,7.851784335998673,3.95136
STAGE_FULL_PIPELINE,4,7.906535122998321,3.91104
STAGE_FULL_PIPELINE,4,7.960720464998303,3.91104
STAGE_FULL_PIPELINE,4,8.014850122999633,3.95136
STAGE_FULL_PIPELINE,4,8.069019185000798,3.91104
STAGE_FULL_PIPELINE,4,8.12407369200082,3.95136
STAGE_FULL_PIPELINE,4,8.178318268001021,3.95136
STAGE_FULL_PIPELINE,4,8.232505847998254,3.91104
STAGE_FULL_PIPELINE,4,8.286642286999268,3.95136
STAGE_FULL_PIPELINE,4,8.340784962001635,3.95136
STAGE_FULL_PIPELINE,4,8.394925045999116,3.91104
STAGE_FULL_PIPELINE,4,8.449088542998652,3.95136
STAGE_FULL_PIPELINE,4,8.503464412999165,3.91104
STAGE_FULL_PIPELINE,4,8.557714907001355,3.95136
STAGE_FULL_PIPELINE,4,8.611847667001712,3.95136
STAGE_FULL_PIPELINE,4,8.66602015099852,3.91104
STAGE_FULL_PIPELINE,4,8.72018096100146,3.95136
STAGE_FULL_PIPELINE,4,8.774327986000571,3.95136
STAGE_FULL_PIPELINE,4,8.828520684000978,3.91104
STAGE_FULL_PIPELINE,4,8.882724896000582,3.95136
STAGE_FULL_PIPELINE,4,8.936902593999548,3.91104
STAGE_FULL_PIPELINE,4,8.991109556998708,3.95136
STAGE_FULL_PIPELINE,4,9.045338141000684,3.95136
STAGE_FULL_PIPELINE,4,9.099535669000034,3.91104
STAGE_FULL_PIPELINE,4,9.153864202999102,3.95136
STAGE_FULL_PIPELINE,4,9.208104589000868,3.95136
STAGE_FULL_PIPELINE,4,9.2622776169992,3.91104
STAGE_FULL_PIPELINE,4,9.316498620999482,3.95136
STAGE_FULL_PIPELINE,4,9.370979686998908,3.95136
STAGE_FULL_PIPELINE,4,9.425223302998347,3.95136
STAGE_FULL_PIPELINE,4,9.479476226999395,3.95136
STAGE_FULL_PIPELINE,4,9.533933881000848,3.91104
STAGE_FULL_PIPELINE,4,9.588424125999154,3.95136
STAGE_FULL_PIPELINE,4,9.642609244001505,3.95136
STAGE_FULL_PIPELINE,4,9.696791931000917,3.91104
STAGE_FULL_PIPELINE,4,9.750927730001422,3.95136
STAGE_FULL_PIPELINE,4,9.805107314001361,3.95136
STAGE_FULL_PIPELINE,4,9.859240522000619,3.95136
STAGE_FULL_PIPELINE,4,9.91339934899952,3.95136
STAGE_FULL_PIPELINE,4,9.967547526000999,3.91104
STAGE_FULL_PIPELINE,4,10.021952693001367,3.95136
STAGE_FULL_PIPELINE,4,10.0761642940015,3.95136
STAGE_FULL_PIPELINE,4,10.13124857799994,3.91104
STAGE_FULL_PIPELINE,4,10.18547575499906,3.95136
STAGE_FULL_PIPELINE,4,10.239659849001328,3.95136
STAGE_FULL_PIPELINE,4,10.293843592000485,3.91104
STAGE_FULL_PIPELINE,4,10.347992727998644,3.95136
STAGE_FULL_PIPELINE,4,10.402145574000315,3.91104
STAGE_FULL_PIPELINE,4,10.456310477999068,3.95136
STAGE_FULL_PIPELINE,4,10.510950695999782,3.95136
STAGE_FULL_PIPELINE,4,10.566326225998637,3.91104
STAGE_FULL_PIPELINE,4,10.620545375000802,3.95136
STAGE_FULL_PIPELINE,4,10.674826828999358,3.95136
STAGE_FULL_PIPELINE,4,10.72895223299929,3.91104
STAGE_FULL_PIPELINE,4,10.783123117998912,3.95136
STAGE_FULL_PIPELINE,4,10.83784601500156,3.91104
STAGE_FULL_PIPELINE,4,10.892015204000927,3.91104
STAGE_FULL_PIPELINE,4,10.947013771001366,3.95136
STAGE_FULL_PIPELINE,4,11.00135778600088,3.91104
STAGE_FULL_PIPELINE,4,11.055627661000472,3.95136
STAGE_FULL_PIPELINE,4,11.109788534999097,3.95136
STAGE_FULL_PIPELINE,4,11.164516453998658,3.91104
STAGE_FULL_PIPELINE,4,11.21907671200097,3.95136
STAGE_FULL_PIPELINE,4,11.27383978099897,3.95136
STAGE_FULL_PIPELINE,4,11.328484221001418,3.91104
STAGE_FULL_PIPELINE,4,11.382640201001777,3.95136
STAGE_FULL_PIPELINE,4,11.43682455200178,3.91104
STAGE_FULL_PIPELINE,4,11.490950947001693,3.95136
STAGE_FULL_PIPELINE,4,11.546626038998511,3.95136
STAGE_FULL_PIPELINE,4,11.600895594998292,3.91104
STAGE_FULL_PIPELINE,4,11.655169309000485,3.95136
STAGE_FULL_PIPELINE,4,11.709874870000931,3.95136
STAGE_FULL_PIPELINE,4,11.764635507999628,3.91104
STAGE_FULL_PIPELINE,4,11.818820082000457,3.95136
STAGE_FULL_PIPELINE,4,11.872991126998386,3.95136
STAGE_FULL_PIPELINE,4,11.927192236998962,3.91104
STAGE_FULL_PIPELINE,4,11.981377258998691,3.95136
STAGE_FULL_PIPELINE,4,12.03584738599966,3.91104
STAGE_FULL_PIPELINE,4,12.090438540999457,3.95136
STAGE_FULL_PIPELINE,4,12.144770049999352,3.95136
STAGE_FULL_PIPELINE,4,12.198979092001537,3.95136
STAGE_FULL_PIPELINE,4,12.253267325999332,3.95136
STAGE_FULL_PIPELINE,4,12.30746514099883,3.95136
STAGE_FULL_PIPELINE,4,12.361664044001373,3.95136
STAGE_FULL_PIPELINE,4,12.41591057199912,3.95136
STAGE_FULL_PIPELINE,4,12.470655345998239,3.91104
STAGE_FULL_PIPELINE,4,12.524918024999351,3.95136
STAGE_FULL_PIPELINE,4,12.579243871998187,3.95136
STAGE_FULL_PIPELINE,4,12.633473319998302,3.95136
STAGE_FULL_PIPELINE,4,12.687793730001431,3.95136
STAGE_FULL_PIPELINE,4,12.741988891000801,3.99168
STAGE_FULL_PIPELINE,4,12.796291581998958,3.95136
STAGE_FULL_PIPELINE,4,12.850507692000974,3.95136
STAGE_FULL_PIPELINE,4,12.90469911100081,3.95136
STAGE_FULL_PIPELINE,4,12.958873003000917,3.95136
STAGE_FULL_PIPELINE,4,13.013038929999311,3.99168
STAGE_FULL_PIPELINE,4,13.06732706800176,3.95136
STAGE_FULL_PIPELINE,4,13.121648629999981,3.95136
STAGE_FULL_PIPELINE,4,13.17588543400052,3.99168
STAGE_FULL_PIPELINE,4,13.230089166998368,3.95136
STAGE_FULL_PIPELINE,4,13.284220806999656,3.95136
STAGE_FULL_PIPELINE,4,13.3383791870001,3.95136
STAGE_FULL_PIPELINE,4,13.392549047999637,3.95136
STAGE_FULL_PIPELINE,4,13.446706403999997,3.99168
STAGE_FULL_PIPELINE,4,13.500903068001207,3.95136
STAGE_FULL_PIPELINE,4,13.555833317001088,3.95136
STAGE_FULL_PIPELINE,4,13.61026762199981,3.99168
STAGE_FULL_PIPELINE,4,13.664518947000033,3.95136
STAGE_FULL_PIPELINE,4,13.718701154000883,3.95136
STAGE_FULL_PIPELINE,4,13.772882114000822,3.95136
STAGE_FULL_PIPELINE,4,13.827247045999684,3.95136
STAGE_FULL_PIPELINE,4,13.88152274299864,3.99168
STAGE_FULL_PIPELINE,4,13.935797864000051,3.95136
STAGE_FULL_PIPELINE,4,13.990064124998753,3.95136
STAGE_FULL_PIPELINE,4,14.04430070500166,3.99168
STAGE_FULL_PIPELINE,4,14.098565334999876,3.95136
STAGE_FULL_PIPELINE,4,14.15272256300159,3.95136
STAGE_FULL_PIPELINE,4,14.206951083000604,3.99168
STAGE_FULL_PIPELINE,4,14.262071989000106,3.95136
STAGE_FULL_PIPELINE,4,14.316260720999708,3.95136
STAGE_FULL_PIPELINE,4,14.371045250998577,3.95136
STAGE_FULL_PIPELINE,4,14.425921926998853,3.95136
STAGE_FULL_PIPELINE,4,14.481374442999368,3.99168
STAGE_FULL_PIPELINE,4,14.535609776001365,3.95136
STAGE_FULL_PIPELINE,4,14.589921549999417,3.95136
STAGE_FULL_PIPELINE,4,14.644187139998394,3.99168
STAGE_FULL_PIPELINE,4,14.698365477001062,3.95136
STAGE_FULL_PIPELINE,4,14.752534826999181,3.95136
STAGE_FULL_PIPELINE,4,14.807045445999393,3.99168
STAGE_FULL_PIPELINE,4,14.861912142998335,3.95136
STAGE_FULL_PIPELINE,4,14.916568417000235,3.99168
STAGE_FULL_PIPELINE,4,14.971134593000897,3.95136
STAGE_FULL_PIPELINE,4,15.025968474001274,3.95136
STAGE_FULL_PIPELINE,4,15.082234375000553,3.99168
STAGE_FULL_PIPELINE,4,15.136455059000582,3.95136
STAGE_FULL_PIPELINE,4,15.190691831001459,3.95136
STAGE_FULL_PIPELINE,4,15.24495009599923,3.99168
STAGE_FULL_PIPELINE,4,15.29913032100012,3.95136
STAGE_FULL_PIPELINE,4,15.353962059001788,3.95136
STAGE_FULL_PIPELINE,4,15.408620091999182,3.99168
STAGE_FULL_PIPELINE,4,15.46293452199825,3.95136
STAGE_FULL_PIPELINE,4,15.517366875999869,3.95136
STAGE_FULL_PIPELINE,4,15.572502909999457,3.95136
STAGE_FULL_PIPELINE,4,15.628429268999753,3.95136
STAGE_FULL_PIPELINE,4,15.68261867199908,3.99168
STAGE_FULL_PIPELINE,4,15.737239763999241,3.95136
STAGE_FULL_PIPELINE,4,15.791642885000329,3.95136
STAGE_FULL_PIPELINE,4,15.84585570100171,3.99168
STAGE_FULL_PIPELINE,4,15.900029912001628,3.95136
STAGE_FULL_PIPELINE,4,15.954200669999409,3.95136
STAGE_FULL_PIPELINE,4,16.00837110700013,3.99168
STAGE_FULL_PIPELINE,4,16.062727242999244,3.95136
STAGE_FULL_PIPELINE,4,16.11690135900062,3.99168
STAGE_FULL_PIPELINE,4,16.171170402001735,3.95136
STAGE_FULL_PIPELINE,4,16.225393549000728,3.95136
STAGE_FULL_PIPELINE,4,16.279525797999668,3.99168
STAGE_FULL_PIPELINE,4,16.333682674001466,3.95136
STAGE_FULL_PIPELINE,4,16.387855862001743,3.99168
STAGE_FULL_PIPELINE,4,16.44199975200172,3.99168
STAGE_FULL_PIPELINE,4,16.496194305000245,3.95136
STAGE_FULL_PIPELINE,4,16.550315295000473,3.99168
STAGE_FULL_PIPELINE,4,16.604645236999204,3.95136
STAGE_FULL_PIPELINE,4,16.659049476998916,3.95136
STAGE_FULL_PIPELINE,4,16.7133582130009,3.99168
STAGE_FULL_PIPELINE,4,16.76763061499878,3.95136
STAGE_FULL_PIPELINE,4,16.82208024099964,3.95136
STAGE_FULL_PIPELINE,4,16.876306202000706,3.99168
STAGE_FULL_PIPELINE,4,16.9307287369993,3.95136
STAGE_FULL_PIPELINE,4,16.984881390999362,3.99168
STAGE_FULL_PIPELINE,4,17.03915497699927,3.99168
STAGE_FULL_PIPELINE,4,17.093382346,3.95136
STAGE_FULL_PIPELINE,4,17.147627849000855,3.99168
STAGE_FULL_PIPELINE,4,17.201917875001527,3.95136
STAGE_FULL_PIPELINE,4,17.256264799998462,3.99168
STAGE_FULL_PIPELINE,4,17.31042292300117,3.99168
STAGE_FULL_PIPELINE,4,17.364697723998688,3.95136
STAGE_FULL_PIPELINE,4,17.418846892000147,3.99168
STAGE_FULL_PIPELINE,4,17.47303293799996,3.95136
STAGE_FULL_PIPELINE,4,17.527259346999926,3.95136
STAGE_FULL_PIPELINE,4,17.581402502000856,3.99168
STAGE_FULL_PIPELINE,4,17.635617780000757,3.95136
STAGE_FULL_PIPELINE,4,17.69006315200022,3.95136
STAGE_FULL_PIPELINE,4,17.74427273800029,3.99168
STAGE_FULL_PIPELINE,4,17.798510436998185,3.95136
STAGE_FULL_PIPELINE,4,17.852650842000003,3.95136
STAGE_FULL_PIPELINE,4,17.906798249998246,3.95136
STAGE_FULL_PIPELINE,4,17.960977611001,3.95136
STAGE_FULL_PIPELINE,4,18.01520673900086,3.99168
STAGE_FULL_PIPELINE,4,18.06946308500119,3.95136
STAGE_FULL_PIPELINE,4,18.123723141998198,3.99168
STAGE_FULL_PIPELINE,4,18.177969028998632,3.99168
STAGE_FULL_PIPELINE,4,18.23220218699862,3.95136
STAGE_FULL_PIPELINE,4,18.28633030900164,3.99168
STAGE_FULL_PIPELINE,4,18.340500235000945,3.95136
STAGE_FULL_PIPELINE,4,18.39465244099847,3.95136
STAGE_FULL_PIPELINE,4,18.448793612998998,3.99168
STAGE_FULL_PIPELINE,4,18.50297684399993,3.95136
STAGE_FULL_PIPELINE,4,18.557284524998977,3.95136
STAGE_FULL_PIPELINE,4,18.611532138998882,3.99168
STAGE_FULL_PIPELINE,4,18.66575541400016,3.95136
STAGE_FULL_PIPELINE,4,18.720209070001147,3.95136
STAGE_FULL_PIPELINE,4,18.77439783400041,3.95136
STAGE_FULL_PIPELINE,4,18.82863060800082,3.95136
STAGE_FULL_PIPELINE,4,18.882846109998354,3.95136
STAGE_FULL_PIPELINE,4,18.937093756998365,3.95136
STAGE_FULL_PIPELINE,4,18.99138371799927,3.95136
STAGE_FULL_PIPELINE,4,19.045614637001563,3.99168
STAGE_FULL_PIPELINE,4,19.09983979900062,3.95136
STAGE_FULL_PIPELINE,4,19.154191778001405,3.95136
STAGE_FULL_PIPELINE,4,19.2084742549996,3.99168
STAGE_FULL_PIPELINE,4,19.262800741998944,3.95136
STAGE_FULL_PIPELINE,4,19.31694568799867,3.95136
STAGE_FULL_PIPELINE,4,19.371201554000436,3.95136
STAGE_FULL_PIPELINE,4,19.42546487299842,3.95136
STAGE_FULL_PIPELINE,4,19.479594435000763,3.95136
STAGE_FULL_PIPELINE,4,19.53378799699931,3.95136
STAGE_FULL_PIPELINE,4,19.588010152001516,3.95136
STAGE_FULL_PIPELINE,4,19.642184554999403,3.95136
STAGE_FULL_PIPELINE,4,19.696418512998207,3.95136
STAGE_FULL_PIPELINE,4,19.750769244001276,3.95136
STAGE_FULL_PIPELINE,4,19.80500828699951,3.95136
STAGE_FULL_PIPELINE,4,19.859402292000595,3.95136
STAGE_FULL_PIPELINE,4,19.913601803000347,3.95136
STAGE_FULL_PIPELINE,4,19.967779372000223,3.91104
STAGE_FULL_PIPELINE,4,20.02217017899966,3.95136
STAGE_FULL_PIPELINE,4,20.076523725001607,3.99168
STAGE_FULL_PIPELINE,4,20.130852738999238,3.95136
STAGE_FULL_PIPELINE,4,20.18502918900049,3.95136
STAGE_FULL_PIPELINE,4,20.23924926499967,3.95136
STAGE_FULL_PIPELINE,4,20.293966052999167,3.95136
STAGE_FULL_PIPELINE,4,20.348153186001582,3.95136
STAGE_FULL_PIPELINE,4,20.40232832499896,3.91104
STAGE_FULL_PIPELINE,4,20.45651267499852,3.95136
STAGE_FULL_PIPELINE,4,20.510690852999687,3.95136
STAGE_FULL_PIPELINE,4,20.564947455000947,3.91104
STAGE_FULL_PIPELINE,4,20.619150292000995,3.95136
STAGE_FULL_PIPELINE,4,20.673327894000977,3.95136
STAGE_FULL_PIPELINE,4,20.727544419998594,3.95136
STAGE_FULL_PIPELINE,4,20.78193237999949,3.95136
STAGE_FULL_PIPELINE,4,20.836146955000004,3.91104
STAGE_FULL_PIPELINE,4,20.890386189999845,3.95136
STAGE_FULL_PIPELINE,4,20.944574282999383,3.95136
STAGE_FULL_PIPELINE,4,20.998736115998327,3.95136
STAGE_FULL_PIPELINE,4,21.05296917799933,3.95136
STAGE_FULL_PIPELINE,4,21.107204414998705,3.95136
STAGE_FULL_PIPELINE,4,21.161777531000553,3.95136
STAGE_FULL_PIPELINE,4,21.216055370001413,3.95136
STAGE_FULL_PIPELINE,4,21.27025980599865,3.91104
STAGE_FULL_PIPELINE,4,21.32450556600088,3.95136
STAGE_FULL_PIPELINE,4,21.378703349000716,3.95136
STAGE_FULL_PIPELINE,4,21.433014035999804,3.95136
STAGE_FULL_PIPELINE,4,21.48769593000179,3.95136
STAGE_FULL_PIPELINE,4,21.54198109400022,3.95136
STAGE_FULL_PIPELINE,4,21.596367327001644,3.91104
STAGE_FULL_PIPELINE,4,21.65057918399907,3.95136
STAGE_FULL_PIPELINE,4,21.704782788001467,3.91104
STAGE_FULL_PIPELINE,4,21.758990902999358,3.95136
STAGE_FULL_PIPELINE,4,21.81325863500024,3.95136
STAGE_FULL_PIPELINE,4,21.867688718000863,3.91104
STAGE_FULL_PIPELINE,4,21.921982870000647,3.95136
STAGE_FULL_PIPELINE,4,21.97617454400097,3.95136
STAGE_FULL_PIPELINE,4,22.03039666800032,3.91104
STAGE_FULL_PIPELINE,4,22.0846050379987,3.95136
STAGE_FULL_PIPELINE,4,22.138802501998725,3.91104
STAGE_FULL_PIPELINE,4,22.193114019999484,3.91104
STAGE_FULL_PIPELINE,4,22.247313307001605,3.95136
STAGE_FULL_PIPELINE,4,22.301462987001287,3.91104
STAGE_FULL_PIPELINE,4,22.355686454000534,3.95136
STAGE_FULL_PIPELINE,4,22.40990742500071,3.95136
STAGE_FULL_PIPELINE,4,22.46409263899841,3.91104
STAGE_FULL_PIPELINE,4,22.51824305500122,3.95136
STAGE_FULL_PIPELINE,4,22.572465561999707,3.91104
STAGE_FULL_PIPELINE,4,22.626725554000586,3.91104
STAGE_FULL_PIPELINE,4,22.680875617999845,3.95136
STAGE_FULL_PIPELINE,4,22.735059744001774,3.91104
STAGE_FULL_PIPELINE,4,22.789299746000324,3.95136
STAGE_FULL_PIPELINE,4,22.84371057500175,3.95136
STAGE_FULL_PIPELINE,4,22.897955151998758,3.91104
STAGE_FULL_PIPELINE,4,22.952224099000887,3.95136
STAGE_FULL_PIPELINE,4,23.006391753999196,3.95136
STAGE_FULL_PIPELINE,4,23.060699722998834,3.95136
STAGE_FULL_PIPELINE,4,23.114944395001658,3.95136
STAGE_FULL_PIPELINE,4,23.169234643999516,3.91104
STAGE_FULL_PIPELINE,4,23.223529659000633,3.95136
STAGE_FULL_PIPELINE,4,23.277712793998944,3.95136
STAGE_FULL_PIPELINE,4,23.331949854000413,3.91104
STAGE_FULL_PIPELINE,4,23.38613519499995,3.95136
STAGE_FULL_PIPELINE,4,23.44032837299892,3.95136
STAGE_FULL_PIPELINE,4,23.49470171700159,3.91104
STAGE_FULL_PIPELINE,4,23.549000793998857,3.95136
STAGE_FULL_PIPELINE,4,23.603285029999824,3.91104
STAGE_FULL_PIPELINE,4,23.657492696998816,3.91104
STAGE_FULL_PIPELINE,4,23.711644646999048,3.95136
STAGE_FULL_PIPELINE,4,23.7658581350006,3.91104
STAGE_FULL_PIPELINE,4,23.820389256001363,3.95136
STAGE_FULL_PIPELINE,4,23.8746588110007,3.95136
STAGE_FULL_PIPELINE,4,23.92891416600105,3.91104
STAGE_FULL_PIPELINE,4,23.98306697999942,3.95136
STAGE_FULL_PIPELINE,4,24.037303495999367,3.91104
STAGE_FULL_PIPELINE,4,24.091509435998887,3.95136
STAGE_FULL_PIPELINE,4,24.145678273998783,3.95136
STAGE_FULL_PIPELINE,4,24.199957232998713,3.91104
STAGE_FULL_PIPELINE,4,24.254209580998577,3.95136
STAGE_FULL_PIPELINE,4,24.308433335998416,3.95136
STAGE_FULL_PIPELINE,4,24.362719811000716,3.91104
STAGE_FULL_PIPELINE,4,24.4168754070015,3.95136
STAGE_FULL_PIPELINE,4,24.471049938998476,3.91104
STAGE_FULL_PIPELINE,4,24.525201536998793,3.91104
STAGE_FULL_PIPELINE,4,24.57935371200074,3.95136
STAGE_FULL_PIPELINE,4,24.63357231700138,3.91104
STAGE_FULL_PIPELINE,4,24.68809947200134,3.95136
STAGE_FULL_PIPELINE,4,24.74235748099818,3.95136
STAGE_FULL_PIPELINE,4,24.796653008001158,3.91104
STAGE_FULL_PIPELINE,4,24.85089262600013,3.95136
STAGE_FULL_PIPELINE,4,24.90512258599847,3.91104
STAGE_FULL_PIPELINE,4,24.95931998499873,3.91104
STAGE_FULL_PIPELINE,4,25.014012689000083,3.95136
STAGE_FULL_PIPELINE,4,25.068260815998656,3.91104
STAGE_FULL_PIPELINE,4,25.1225166180011,3.95136
STAGE_FULL_PIPELINE,4,25.176648515000124,3.95136
STAGE_FULL_PIPELINE,4,25.23137061200032,3.91104
STAGE_FULL_PIPELINE,4,25.28553519599882,3.95136
STAGE_FULL_PIPELINE,4,25.33968228500089,3.95136
STAGE_FULL_PIPELINE,4,25.393861838001612,3.91104
STAGE_FULL_PIPELINE,4,25.448024150999117,3.95136
STAGE_FULL_PIPELINE,4,25.502211123999587,3.91104
STAGE_FULL_PIPELINE,4,25.556959128000017,3.91104
STAGE_FULL_PIPELINE,4,25.611157840001397,3.95136
STAGE_FULL_PIPELINE,4,25.665904916000727,3.91104
STAGE_FULL_PIPELINE,4,25.72060983800111,3.95136
STAGE_FULL_PIPELINE,4,25.776795746998687,3.95136
STAGE_FULL_PIPELINE,4,25.831086924001283,3.91104
STAGE_FULL_PIPELINE,4,25.885399882001366,3.95136
STAGE_FULL_PIPELINE,4,25.939696400000685,3.95136
STAGE_FULL_PIPELINE,4,25.994695830999262,3.95136
STAGE_FULL_PIPELINE,4,26.04891961699832,3.95136
STAGE_FULL_PIPELINE,4,26.10313051399862,3.91104
STAGE_FULL_PIPELINE,4,26.157519849999517,3.95136
STAGE_FULL_PIPELINE,4,26.211797113999637,3.95136
STAGE_FULL_PIPELINE,4,26.26606599799925,3.91104
STAGE_FULL_PIPELINE,4,26.320230582001386,3.95136
STAGE_FULL_PIPELINE,4,26.374638051998772,3.95136
STAGE_FULL_PIPELINE,4,26.429708455001673,3.91104
STAGE_FULL_PIPELINE,4,26.483888136001042,3.95136
STAGE_FULL_PIPELINE,4,26.538956299998972,3.99168
STAGE_FULL_PIPELINE,4,26.59657832299854,4.27392
STAGE_FULL_PIPELINE,4,26.65093343600165,4.589184
STAGE_FULL_PIPELINE,4,26.705031205001433,4.790464
STAGE_FULL_PIPELINE,4,26.759187728999677,4.983808
STAGE_FULL_PIPELINE,4,26.813443915998505,5.265152
STAGE_FULL_PIPELINE,4,26.867537846999767,5.345536
STAGE_FULL_PIPELINE,4,26.921668912000314,5.457408
STAGE_FULL_PIPELINE,4,26.975786576000246,5.577792
STAGE_FULL_PIPELINE,4,27.029947994000395,5.658048
STAGE_FULL_PIPELINE,4,27.083811447999324,5.738304
STAGE_FULL_PIPELINE,4,27.1378218380014,5.81856
STAGE_FULL_PIPELINE,4,27.19186584199997,5.858688
STAGE_FULL_PIPELINE,4,27.245845878998807,5.929472
STAGE_FULL_PIPELINE,4,27.29981631999908,5.969536
STAGE_FULL_PIPELINE,4,27.353910475001612,6.049664
STAGE_FULL_PIPELINE,4,27.408007285001077,6.0096
STAGE_FULL_PIPELINE,4,27.46202199199979,5.929472
STAGE_FULL_PIPELINE,4,27.51603177400102,5.969536
STAGE_FULL_PIPELINE,4,27.57015129299907,5.929472
STAGE_FULL_PIPELINE,4,27.62429160100146,5.969536
STAGE_FULL_PIPELINE,4,27.678344913001638,6.049664
STAGE_FULL_PIPELINE,4,27.73240941900076,6.049664
STAGE_FULL_PIPELINE,4,27.786506676999124,6.089728
STAGE_FULL_PIPELINE,4,27.840502065999317,6.129792
STAGE_FULL_PIPELINE,4,27.8946027460006,6.169856
STAGE_FULL_PIPELINE,4,27.948691784000403,6.20992
STAGE_FULL_PIPELINE,4,28.002773082000203,6.169856
STAGE_FULL_PIPELINE,4,28.056923049000034,6.20992
STAGE_FULL_PIPELINE,4,28.110944345000462,6.20992
STAGE_FULL_PIPELINE,4,28.165025643000263,6.089728
STAGE_FULL_PIPELINE,4,28.219101247999788,6.0096
STAGE_FULL_PIPELINE,4,28.27309868299926,5.969536
STAGE_FULL_PIPELINE,4,28.327058858001692,5.889408
STAGE_FULL_PIPELINE,4,28.381071902000258,5.849344
STAGE_FULL_PIPELINE,4,28.435036586000933,5.769216
STAGE_FULL_PIPELINE,4,28.489004021001165,5.769216
STAGE_FULL_PIPELINE,4,28.54292846899989,5.769216
STAGE_FULL_PIPELINE,4,28.59714601900123,5.689088
STAGE_FULL_PIPELINE,4,28.651107215999218,5.689088
STAGE_FULL_PIPELINE,4,28.705071644999407,5.649024
STAGE_FULL_PIPELINE,4,28.75909469999897,5.649024
STAGE_FULL_PIPELINE,4,28.813018603999808,5.649024
STAGE_FULL_PIPELINE,4,28.86695427900122,5.60896
STAGE_FULL_PIPELINE,4,28.92090245899817,5.60896
STAGE_FULL_PIPELINE,4,28.974870597998233,5.60896
STAGE_FULL_PIPELINE,4,29.02880911900138,5.568896
STAGE_FULL_PIPELINE,4,29.082902283000294,5.60896
STAGE_FULL_PIPELINE,4,29.136908961998415,5.568896
STAGE_FULL_PIPELINE,4,29.19090201599829,5.568896
STAGE_FULL_PIPELINE,4,29.24487284100178,5.60896
STAGE_FULL_PIPELINE,4,29.29899261600076,5.60896
STAGE_FULL_PIPELINE,4,29.353006362998713,5.649024
STAGE_FULL_PIPELINE,4,29.407107683000504,5.689088
STAGE_FULL_PIPELINE,4,29.46114912900157,5.60896
STAGE_FULL_PIPELINE,4,29.515205030998914,5.60896
STAGE_FULL_PIPELINE,4,29.569199685000058,5.528832
STAGE_FULL_PIPELINE,4,29.62323895499867,5.568896
STAGE_FULL_PIPELINE,4,29.677263514000515,5.568896
STAGE_FULL_PIPELINE,4,29.731291397998575,5.60896
STAGE_FULL_PIPELINE,4,29.785681053999724,5.60896
STAGE_FULL_PIPELINE,4,29.83977095500086,5.60896
STAGE_FULL_PIPELINE,4,29.893769829999655,5.568896
STAGE_FULL_PIPELINE,4,29.947734609999316,5.568896
STAGE_FULL_PIPELINE,4,30.001737483999023,5.528832
STAGE_MODEL_THRESHOLD,4,0.00032393400033470243,5.40864
STAGE_MODEL_THRESHOLD,4,0.054410061002272414,5.448704
STAGE_MODEL_THRESHOLD,4,0.1085573740019754,5.448704
STAGE_MODEL_THRESHOLD,4,0.1626513060000434,5.448704
STAGE_MODEL_THRESHOLD,4,0.21682040000087,5.488768
STAGE_MODEL_THRESHOLD,4,0.2713345690026472,5.60896
STAGE_MODEL_THRESHOLD,4,0.3255309450032655,5.649024
STAGE_MODEL_THRESHOLD,4,0.37952025700360537,5.769216
STAGE_MODEL_THRESHOLD,4,0.43350221200307715,5.80928
STAGE_MODEL_THRESHOLD,4,0.48782268700233544,5.80928
STAGE_MODEL_THRESHOLD,4,0.5421467430023768,5.769216
STAGE_MODEL_THRESHOLD,4,0.5961499360018934,5.577792
STAGE_MODEL_THRESHOLD,4,0.6503376120017492,5.457408
STAGE_MODEL_THRESHOLD,4,0.7047286110027926,5.337024
STAGE_MODEL_THRESHOLD,4,0.7594781830011925,5.22496
STAGE_MODEL_THRESHOLD,4,0.8153856390017609,5.104384
STAGE_MODEL_THRESHOLD,4,0.8698302750017319,4.943616
STAGE_MODEL_THRESHOLD,4,0.926371942001424,4.83072
STAGE_MODEL_THRESHOLD,4,0.9826255930020125,4.750208
STAGE_MODEL_THRESHOLD,4,1.0369515690035769,4.62944
STAGE_MODEL_THRESHOLD,4,1.0912654860003386,4.548928
STAGE_MODEL_THRESHOLD,4,1.1454878020012984,4.508672
STAGE_MODEL_THRESHOLD,4,1.199758988001122,4.42816
STAGE_MODEL_THRESHOLD,4,1.254006859002402,4.387904
STAGE_MODEL_THRESHOLD,4,1.308213758002239,4.35456
STAGE_MODEL_THRESHOLD,4,1.3624591660009173,4.31424
STAGE_MODEL_THRESHOLD,4,1.4167956640012562,4.27392
STAGE_MODEL_THRESHOLD,4,1.4711298910006008,4.27392
STAGE_MODEL_THRESHOLD,4,1.525515389002976,4.2336
STAGE_MODEL_THRESHOLD,4,1.5797312750000856,4.27392
STAGE_MODEL_THRESHOLD,4,1.634149237001111,4.2336
STAGE_MODEL_THRESHOLD,4,1.6894135270013066,4.27392
STAGE_MODEL_THRESHOLD,4,1.7439271200018993,4.27392
STAGE_MODEL_THRESHOLD,4,1.798125607001566,4.19328
STAGE_MODEL_THRESHOLD,4,1.8533606320015679,4.19328
STAGE_MODEL_THRESHOLD,4,1.908136910002213,4.19328
STAGE_MODEL_THRESHOLD,4,1.9628303500030597,4.11264
STAGE_MODEL_THRESHOLD,4,2.0171437240023806,4.11264
STAGE_MODEL_THRESHOLD,4,2.0713306960024056,4.11264
STAGE_MODEL_THRESHOLD,4,2.1255724580005335,4.07232
STAGE_MODEL_THRESHOLD,4,2.1798185690022365,4.07232
STAGE_MODEL_THRESHOLD,4,2.2339702320023207,4.032
STAGE_MODEL_THRESHOLD,4,2.28815381500317,4.032
STAGE_MODEL_THRESHOLD,4,2.342410513003415,4.07232
STAGE_MODEL_THRESHOLD,4,2.39674087000094,4.07232
STAGE_MODEL_THRESHOLD,4,2.4512237910021213,4.11264
STAGE_MODEL_THRESHOLD,4,2.5054669920027663,4.15296
STAGE_MODEL_THRESHOLD,4,2.5596298490017944,4.15296
STAGE_MODEL_THRESHOLD,4,2.613839818000997,4.19328
STAGE_MODEL_THRESHOLD,4,2.6680019080013153,4.19328
STAGE_MODEL_THRESHOLD,4,2.722235545003059,4.35456
STAGE_MODEL_THRESHOLD,4,2.7767038810015947,4.47552
STAGE_MODEL_THRESHOLD,4,2.831388334001531,4.4352
STAGE_MODEL_THRESHOLD,4,2.885615574003168,4.4352
STAGE_MODEL_THRESHOLD,4,2.9398809720005374,4.4352
STAGE_MODEL_THRESHOLD,4,2.9946574100031285,4.39488
STAGE_MODEL_THRESHOLD,4,3.048985880002874,4.4352
STAGE_MODEL_THRESHOLD,4,3.1035321620001923,4.39488
STAGE_MODEL_THRESHOLD,4,3.1578356200006965,4.39488
STAGE_MODEL_THRESHOLD,4,3.2121404220015393,4.39488
STAGE_MODEL_THRESHOLD,4,3.2663682070015057,4.35456
STAGE_MODEL_THRESHOLD,4,3.32066462900184,4.39488
STAGE_MODEL_THRESHOLD,4,3.374862157001189,4.39488
STAGE_MODEL_THRESHOLD,4,3.4296810700034257,4.35456
STAGE_MODEL_THRESHOLD,4,3.48393872700035,4.39488
STAGE_MODEL_THRESHOLD,4,3.5383171240027878,4.39488
STAGE_MODEL_THRESHOLD,4,3.592866828003025,4.35456
STAGE_MODEL_THRESHOLD,4,3.6475200960012444,4.39488
STAGE_MODEL_THRESHOLD,4,3.701737805000448,4.35456
STAGE_MODEL_THRESHOLD,4,3.7559628390008584,4.39488
STAGE_MODEL_THRESHOLD,4,3.8107003530021757,4.4352
STAGE_MODEL_THRESHOLD,4,3.8651049450018036,4.39488
STAGE_MODEL_THRESHOLD,4,3.919340597003611,4.39488
STAGE_MODEL_THRESHOLD,4,3.9735260030029167,4.39488
STAGE_MODEL_THRESHOLD,4,4.027936160000536,4.35456
STAGE_MODEL_THRESHOLD,4,4.08214437100105,4.39488
STAGE_MODEL_THRESHOLD,4,4.136374778001482,4.35456
STAGE_MODEL_THRESHOLD,4,4.190532773001905,4.35456
STAGE_MODEL_THRESHOLD,4,4.244724480002333,4.39488
STAGE_MODEL_THRESHOLD,4,4.298867763001908,4.31424
STAGE_MODEL_THRESHOLD,4,4.353190636000363,4.27392
STAGE_MODEL_THRESHOLD,4,4.407470618003572,4.27392
STAGE_MODEL_THRESHOLD,4,4.461666323000827,4.19328
STAGE_MODEL_THRESHOLD,4,4.515840982003283,4.19328
STAGE_MODEL_THRESHOLD,4,4.569952537000063,4.11264
STAGE_MODEL_THRESHOLD,4,4.624118240000826,4.11264
STAGE_MODEL_THRESHOLD,4,4.678248570002324,4.11264
STAGE_MODEL_THRESHOLD,4,4.732356926000648,4.07232
STAGE_MODEL_THRESHOLD,4,4.786495411000942,4.07232
STAGE_MODEL_THRESHOLD,4,4.840604151002481,4.07232
STAGE_MODEL_THRESHOLD,4,4.894764226002735,4.032
STAGE_MODEL_THRESHOLD,4,4.9488723580034275,4.032
STAGE_MODEL_THRESHOLD,4,5.003009468000528,4.032
STAGE_MODEL_THRESHOLD,4,5.057336371002748,4.032
STAGE_MODEL_THRESHOLD,4,5.1115588460015715,4.032
STAGE_MODEL_THRESHOLD,4,5.165912807002314,3.99168
STAGE_MODEL_THRESHOLD,4,5.22011215800012,3.99168
STAGE_MODEL_THRESHOLD,4,5.274227071000496,3.99168
STAGE_MODEL_THRESHOLD,4,5.328344095003558,3.95136
STAGE_MODEL_THRESHOLD,4,5.382467356001143,3.99168
STAGE_MODEL_THRESHOLD,4,5.436596374001965,3.99168
STAGE_MODEL_THRESHOLD,4,5.490769658001227,3.99168
STAGE_MODEL_THRESHOLD,4,5.544890072000271,3.99168
STAGE_MODEL_THRESHOLD,4,5.599002394003037,3.95136
STAGE_MODEL_THRESHOLD,4,5.653196052000567,3.95136
STAGE_MODEL_THRESHOLD,4,5.70731717000308,3.99168
STAGE_MODEL_THRESHOLD,4,5.761530050000147,3.95136
STAGE_MODEL_THRESHOLD,4,5.815832389002026,4.11264
STAGE_MODEL_THRESHOLD,4,5.870303636002063,4.11264
STAGE_MODEL_THRESHOLD,4,5.924818157000118,4.11264
STAGE_MODEL_THRESHOLD,4,5.9790076250028505,4.11264
STAGE_MODEL_THRESHOLD,4,6.0332275410000875,4.07232
STAGE_MODEL_THRESHOLD,4,6.087447202000476,4.07232
STAGE_MODEL_THRESHOLD,4,6.142323718002444,4.07232
STAGE_MODEL_THRESHOLD,4,6.196578529001272,4.032
STAGE_MODEL_THRESHOLD,4,6.251303633001953,4.032
STAGE_MODEL_THRESHOLD,4,6.305450753003242,4.032
STAGE_MODEL_THRESHOLD,4,6.359898012000485,3.99168
STAGE_MODEL_THRESHOLD,4,6.4148303080000915,3.99168
STAGE_MODEL_THRESHOLD,4,6.469523204003053,3.99168
STAGE_MODEL_THRESHOLD,4,6.524213861001044,3.99168
STAGE_MODEL_THRESHOLD,4,6.57887797100193,3.99168
STAGE_MODEL_THRESHOLD,4,6.633309302000271,3.95136
STAGE_MODEL_THRESHOLD,4,6.687502256001608,3.99168
STAGE_MODEL_THRESHOLD,4,6.74311334900267,3.99168
STAGE_MODEL_THRESHOLD,4,6.797284490003221,3.95136
STAGE_MODEL_THRESHOLD,4,6.851607394000894,3.99168
STAGE_MODEL_THRESHOLD,4,6.9058212020026986,3.99168
STAGE_MODEL_THRESHOLD,4,6.9599819160030165,3.95136
STAGE_MODEL_THRESHOLD,4,7.014112885000941,3.95136
STAGE_MODEL_THRESHOLD,4,7.070348145000025,3.95136
STAGE_MODEL_THRESHOLD,4,7.124590866002109,3.95136
STAGE_MODEL_THRESHOLD,4,7.179113032001624,3.95136
STAGE_MODEL_THRESHOLD,4,7.233472974003234,3.95136
STAGE_MODEL_THRESHOLD,4,7.287635128002876,3.95136
STAGE_MODEL_THRESHOLD,4,7.34182034100013,3.95136
STAGE_MODEL_THRESHOLD,4,7.3960254170015105,3.95136
STAGE_MODEL_THRESHOLD,4,7.450159041000006,3.95136
STAGE_MODEL_THRESHOLD,4,7.5042795190020115,3.95136
STAGE_MODEL_THRESHOLD,4,7.558398590001161,3.95136
STAGE_MODEL_THRESHOLD,4,7.6125099530036096,3.95136
STAGE_MODEL_THRESHOLD,4,7.666614919002313,3.91104
STAGE_MODEL_THRESHOLD,4,7.720855209001456,3.95136
STAGE_MODEL_THRESHOLD,4,7.774961998002254,3.95136
STAGE_MODEL_THRESHOLD,4,7.829462958001386,3.91104
STAGE_MODEL_THRESHOLD,4,7.885387110000011,3.95136
STAGE_MODEL_THRESHOLD,4,7.940212452002015,3.95136
STAGE_MODEL_THRESHOLD,4,7.994860538001376,3.95136
STAGE_MODEL_THRESHOLD,4,8.049344866001775,3.99168
STAGE_MODEL_THRESHOLD,4,8.10414951400162,3.99168
STAGE_MODEL_THRESHOLD,4,8.158388525000191,3.99168
STAGE_MODEL_THRESHOLD,4,8.212548344003153,3.99168
STAGE_MODEL_THRESHOLD,4,8.268265207003424,3.95136
STAGE_MODEL_THRESHOLD,4,8.322432062002918,3.95136
STAGE_MODEL_THRESHOLD,4,8.376552796002215,3.99168
STAGE_MODEL_THRESHOLD,4,8.432269532000646,3.95136
STAGE_MODEL_THRESHOLD,4,8.486517435001588,3.95136
STAGE_MODEL_THRESHOLD,4,8.540694460003579,3.99168
STAGE_MODEL_THRESHOLD,4,8.595532276001904,3.95136
STAGE_MODEL_THRESHOLD,4,8.650180170003296,3.95136
STAGE_MODEL_THRESHOLD,4,8.705155261002801,3.95136
STAGE_MODEL_THRESHOLD,4,8.759314696002548,3.95136
STAGE_MODEL_THRESHOLD,4,8.813531542000419,3.95136
STAGE_MODEL_THRESHOLD,4,8.868241389001923,4.07232
STAGE_MODEL_THRESHOLD,4,8.922674959001597,4.19328
STAGE_MODEL_THRESHOLD,4,8.977556528003333,4.19328
STAGE_MODEL_THRESHOLD,4,9.031833984001423,4.11264
STAGE_MODEL_THRESHOLD,4,9.086087164003402,4.11264
STAGE_MODEL_THRESHOLD,4,9.140365259001555,4.11264
STAGE_MODEL_THRESHOLD,4,9.195081887002743,4.07232
STAGE_MODEL_THRESHOLD,4,9.249269404001097,4.11264
STAGE_MODEL_THRESHOLD,4,9.303471281000384,4.11264
STAGE_MODEL_THRESHOLD,4,9.357679428001575,4.15296
STAGE_MODEL_THRESHOLD,4,9.411883256001602,4.19328
STAGE_MODEL_THRESHOLD,4,9.466064664000442,4.15296
STAGE_MODEL_THRESHOLD,4,9.520256658001017,4.19328
STAGE_MODEL_THRESHOLD,4,9.574374674000865,4.2336
STAGE_MODEL_THRESHOLD,4,9.628528671000822,4.2336
STAGE_MODEL_THRESHOLD,4,9.68264166500012,4.2336
STAGE_MODEL_THRESHOLD,4,9.736795823002467,4.2336
STAGE_MODEL_THRESHOLD,4,9.790938530000858,4.27392
STAGE_MODEL_THRESHOLD,4,9.845150802000717,4.27392
STAGE_MODEL_THRESHOLD,4,9.89927383900067,4.27392
STAGE_MODEL_THRESHOLD,4,9.953409414003545,4.27392
STAGE_MODEL_THRESHOLD,4,10.007515691002482,4.31424
STAGE_MODEL_THRESHOLD,4,10.06194753300224,4.27392
STAGE_MODEL_THRESHOLD,4,10.116241653002362,4.31424
STAGE_MODEL_THRESHOLD,4,10.17057277800268,4.31424
STAGE_MODEL_THRESHOLD,4,10.224839039001381,4.31424
STAGE_MODEL_THRESHOLD,4,10.279285306001839,4.31424
STAGE_MODEL_THRESHOLD,4,10.333560683000542,4.31424
STAGE_MODEL_THRESHOLD,4,10.387833885000873,4.31424
STAGE_MODEL_THRESHOLD,4,10.441963063000003,4.35456
STAGE_MODEL_THRESHOLD,4,10.496108840001398,4.31424
STAGE_MODEL_THRESHOLD,4,10.550235331000295,4.31424
STAGE_MODEL_THRESHOLD,4,10.604356193001877,4.31424
STAGE_MODEL_THRESHOLD,4,10.658491896003397,4.31424
STAGE_MODEL_THRESHOLD,4,10.712665660001221,4.31424
STAGE_MODEL_THRESHOLD,4,10.766831555003591,4.31424
STAGE_MODEL_THRESHOLD,4,10.821178416001203,4.31424
STAGE_MODEL_THRESHOLD,4,10.875496715001645,4.35456
STAGE_MODEL_THRESHOLD,4,10.929710843000066,4.31424
STAGE_MODEL_THRESHOLD,4,10.984385188003216,4.31424
STAGE_MODEL_THRESHOLD,4,11.0386418220005,4.31424
STAGE_MODEL_THRESHOLD,4,11.09281744100008,4.31424
STAGE_MODEL_THRESHOLD,4,11.147017079001671,4.35456
STAGE_MODEL_THRESHOLD,4,11.201394357001845,4.31424
STAGE_MODEL_THRESHOLD,4,11.255644115000905,4.31424
STAGE_MODEL_THRESHOLD,4,11.309821396000189,4.35456
STAGE_MODEL_THRESHOLD,4,11.36457682100081,4.31424
STAGE_MODEL_THRESHOLD,4,11.418808028000058,4.31424
STAGE_MODEL_THRESHOLD,4,11.473398287002055,4.35456
STAGE_MODEL_THRESHOLD,4,11.528887808002764,4.31424
STAGE_MODEL_THRESHOLD,4,11.583500360000471,4.27392
STAGE_MODEL_THRESHOLD,4,11.637899163000839,4.2336
STAGE_MODEL_THRESHOLD,4,11.692022712002654,4.19328
STAGE_MODEL_THRESHOLD,4,11.746994764002011,4.19328
STAGE_MODEL_THRESHOLD,4,11.801154583001335,4.15296
STAGE_MODEL_THRESHOLD,4,11.856156380003085,4.11264
STAGE_MODEL_THRESHOLD,4,11.910485394000716,4.15296
STAGE_MODEL_THRESHOLD,4,11.96474538700204,4.27392
STAGE_MODEL_THRESHOLD,4,12.018957051001053,4.27392
STAGE_MODEL_THRESHOLD,4,12.073141018001479,4.27392
STAGE_MODEL_THRESHOLD,4,12.127312350003194,4.19328
STAGE_MODEL_THRESHOLD,4,12.182186372003343,4.19328
STAGE_MODEL_THRESHOLD,4,12.236426086001302,4.15296
STAGE_MODEL_THRESHOLD,4,12.290568921001977,4.15296
STAGE_MODEL_THRESHOLD,4,12.344952916002512,4.15296
STAGE_MODEL_THRESHOLD,4,12.399216202000389,4.07232
STAGE_MODEL_THRESHOLD,4,12.453420607002045,4.07232
STAGE_MODEL_THRESHOLD,4,12.507671100000152,4.11264
STAGE_MODEL_THRESHOLD,4,12.561904162001156,4.032
STAGE_MODEL_THRESHOLD,4,12.616134313000657,4.07232
STAGE_MODEL_THRESHOLD,4,12.670269280002685,4.032
STAGE_MODEL_THRESHOLD,4,12.724442596001609,4.032
STAGE_MODEL_THRESHOLD,4,12.778593235001608,4.032
STAGE_MODEL_THRESHOLD,4,12.832830391002062,3.99168
STAGE_MODEL_THRESHOLD,4,12.887034891002259,3.99168
STAGE_MODEL_THRESHOLD,4,12.941232387001946,4.032
STAGE_MODEL_THRESHOLD,4,12.99547555600293,3.99168
STAGE_MODEL_THRESHOLD,4,13.049611354002991,3.99168
STAGE_MODEL_THRESHOLD,4,13.103778945001977,3.99168
STAGE_MODEL_THRESHOLD,4,13.158617400000367,3.99168
STAGE_MODEL_THRESHOLD,4,13.21283821200268,3.99168
STAGE_MODEL_THRESHOLD,4,13.267004107001412,3.99168
STAGE_MODEL_THRESHOLD,4,13.321960232002311,3.99168
STAGE_MODEL_THRESHOLD,4,13.376917539000715,3.99168
STAGE_MODEL_THRESHOLD,4,13.43109626000296,3.95136
STAGE_MODEL_THRESHOLD,4,13.485327659000177,3.99168
STAGE_MODEL_THRESHOLD,4,13.540230210001027,3.99168
STAGE_MODEL_THRESHOLD,4,13.594901325002866,3.99168
STAGE_MODEL_THRESHOLD,4,13.64905058900331,3.99168
STAGE_MODEL_THRESHOLD,4,13.70317695200356,3.99168
STAGE_MODEL_THRESHOLD,4,13.757919007002783,3.99168
STAGE_MODEL_THRESHOLD,4,13.812263789001008,3.99168
STAGE_MODEL_THRESHOLD,4,13.866417019002256,3.95136
STAGE_MODEL_THRESHOLD,4,13.92073148000054,3.99168
STAGE_MODEL_THRESHOLD,4,13.974987443001737,3.99168
STAGE_MODEL_THRESHOLD,4,14.02915145100269,3.95136
STAGE_MODEL_THRESHOLD,4,14.083255362002092,3.99168
STAGE_MODEL_THRESHOLD,4,14.137417899000866,3.99168
STAGE_MODEL_THRESHOLD,4,14.192252772001666,3.99168
STAGE_MODEL_THRESHOLD,4,14.248505047002254,4.032
STAGE_MODEL_THRESHOLD,4,14.302709100000357,3.99168
STAGE_MODEL_THRESHOLD,4,14.356907171000785,3.99168
STAGE_MODEL_THRESHOLD,4,14.411061776001588,4.032
STAGE_MODEL_THRESHOLD,4,14.465254187001847,3.99168
STAGE_MODEL_THRESHOLD,4,14.519458463000774,3.99168
STAGE_MODEL_THRESHOLD,4,14.575210925002466,4.032
STAGE_MODEL_THRESHOLD,4,14.629397802000312,3.99168
STAGE_MODEL_THRESHOLD,4,14.68425455200122,3.99168
STAGE_MODEL_THRESHOLD,4,14.738892531000602,3.99168
STAGE_MODEL_THRESHOLD,4,14.793306494000717,3.95136
STAGE_MODEL_THRESHOLD,4,14.847504886001843,3.99168
STAGE_MODEL_THRESHOLD,4,14.901636207003321,3.95136
STAGE_MODEL_THRESHOLD,4,14.955788093000592,3.99168
STAGE_MODEL_THRESHOLD,4,15.009946025002137,4.15296
STAGE_MODEL_THRESHOLD,4,15.064107698002772,4.19328
STAGE_MODEL_THRESHOLD,4,15.11906558100236,4.15296
STAGE_MODEL_THRESHOLD,4,15.17340780500308,4.15296
STAGE_MODEL_THRESHOLD,4,15.227625994000846,4.11264
STAGE_MODEL_THRESHOLD,4,15.281841529002122,4.11264
STAGE_MODEL_THRESHOLD,4,15.336035762000392,4.07232
STAGE_MODEL_THRESHOLD,4,15.390229452001222,4.07232
STAGE_MODEL_THRESHOLD,4,15.444385336002597,4.07232
STAGE_MODEL_THRESHOLD,4,15.49857761900057,4.032
STAGE_MODEL_THRESHOLD,4,15.552989023002738,4.032
STAGE_MODEL_THRESHOLD,4,15.607192084000417,4.032
STAGE_MODEL_THRESHOLD,4,15.661460648003413,3.99168
STAGE_MODEL_THRESHOLD,4,15.71569719600302,4.032
STAGE_MODEL_THRESHOLD,4,15.769908957001462,3.99168
STAGE_MODEL_THRESHOLD,4,15.824111634003202,3.99168
STAGE_MODEL_THRESHOLD,4,15.878289971002232,4.032
STAGE_MODEL_THRESHOLD,4,15.932713946000149,3.99168
STAGE_MODEL_THRESHOLD,4,15.987207134003256,3.99168
STAGE_MODEL_THRESHOLD,4,16.041411986003368,3.99168
STAGE_MODEL_THRESHOLD,4,16.096150267003395,3.95136
STAGE_MODEL_THRESHOLD,4,16.150398393001524,3.99168
STAGE_MODEL_THRESHOLD,4,16.204612105000706,3.99168
STAGE_MODEL_THRESHOLD,4,16.258863174,3.99168
STAGE_MODEL_THRESHOLD,4,16.313201079003193,3.99168
STAGE_MODEL_THRESHOLD,4,16.367531212003087,3.95136
STAGE_MODEL_THRESHOLD,4,16.421850375001668,3.99168
STAGE_MODEL_THRESHOLD,4,16.47610214800079,3.99168
STAGE_MODEL_THRESHOLD,4,16.530290272003185,3.95136
STAGE_MODEL_THRESHOLD,4,16.584559380000428,3.99168
STAGE_MODEL_THRESHOLD,4,16.638796568000544,3.99168
STAGE_MODEL_THRESHOLD,4,16.693013254000107,3.95136
STAGE_MODEL_THRESHOLD,4,16.74720179400174,3.99168
STAGE_MODEL_THRESHOLD,4,16.80140664600185,3.95136
STAGE_MODEL_THRESHOLD,4,16.855709241001023,3.95136
STAGE_MODEL_THRESHOLD,4,16.90992717500194,3.99168
STAGE_MODEL_THRESHOLD,4,16.964185184002417,3.95136
STAGE_MODEL_THRESHOLD,4,17.01838837300238,3.95136
STAGE_MODEL_THRESHOLD,4,17.072601701001986,3.95136
STAGE_MODEL_THRESHOLD,4,17.127082351002173,3.95136
STAGE_MODEL_THRESHOLD,4,17.181321554002352,3.95136
STAGE_MODEL_THRESHOLD,4,17.235626068002603,3.95136
STAGE_MODEL_THRESHOLD,4,17.290070032002404,3.95136
STAGE_MODEL_THRESHOLD,4,17.344414782000968,3.99168
STAGE_MODEL_THRESHOLD,4,17.398626831,3.95136
STAGE_MODEL_THRESHOLD,4,17.45297103700068,3.95136
STAGE_MODEL_THRESHOLD,4,17.507129736000934,3.99168
STAGE_MODEL_THRESHOLD,4,17.56140373800008,3.95136
STAGE_MODEL_THRESHOLD,4,17.61554315000103,3.95136
STAGE_MODEL_THRESHOLD,4,17.669819071001257,3.95136
STAGE_MODEL_THRESHOLD,4,17.724018358003377,3.95136
STAGE_MODEL_THRESHOLD,4,17.77826315800121,3.95136
STAGE_MODEL_THRESHOLD,4,17.832506071001262,3.91104
STAGE_MODEL_THRESHOLD,4,17.88692851000087,3.95136
STAGE_MODEL_THRESHOLD,4,17.941149770002085,3.95136
STAGE_MODEL_THRESHOLD,4,17.99537659500129,3.91104
STAGE_MODEL_THRESHOLD,4,18.049622066002485,3.99168
STAGE_MODEL_THRESHOLD,4,18.103652062000037,4.15296
STAGE_MODEL_THRESHOLD,4,18.158052560000215,4.15296
STAGE_MODEL_THRESHOLD,4,18.212363343001925,4.15296
STAGE_MODEL_THRESHOLD,4,18.26667268700112,4.07232
STAGE_MODEL_THRESHOLD,4,18.321161077001307,4.07232
STAGE_MODEL_THRESHOLD,4,18.37554628700309,4.11264
STAGE_MODEL_THRESHOLD,4,18.429716948001442,4.032
STAGE_MODEL_THRESHOLD,4,18.48390561600172,4.032
STAGE_MODEL_THRESHOLD,4,18.538180769002793,4.032
STAGE_MODEL_THRESHOLD,4,18.592406410003605,3.99168
STAGE_MODEL_THRESHOLD,4,18.64658455600147,4.032
STAGE_MODEL_THRESHOLD,4,18.70078892800302,3.99168
STAGE_MODEL_THRESHOLD,4,18.754944684002112,3.99168
STAGE_MODEL_THRESHOLD,4,18.8090713040001,3.99168
STAGE_MODEL_THRESHOLD,4,18.863302606001525,3.95136
STAGE_MODEL_THRESHOLD,4,18.917556202002743,3.99168
STAGE_MODEL_THRESHOLD,4,18.971744422000484,3.95136
STAGE_MODEL_THRESHOLD,4,19.025913612000295,3.95136
STAGE_MODEL_THRESHOLD,4,19.080081715001143,3.95136
STAGE_MODEL_THRESHOLD,4,19.134289285000705,3.91104
STAGE_MODEL_THRESHOLD,4,19.188567828001396,3.95136
STAGE_MODEL_THRESHOLD,4,19.242762957001105,3.95136
STAGE_MODEL_THRESHOLD,4,19.296920345001126,3.91104
STAGE_MODEL_THRESHOLD,4,19.35117103000084,3.95136
STAGE_MODEL_THRESHOLD,4,19.4056616270027,3.95136
STAGE_MODEL_THRESHOLD,4,19.460051859001396,3.95136
STAGE_MODEL_THRESHOLD,4,19.514347193002322,3.95136
STAGE_MODEL_THRESHOLD,4,19.56869827600167,3.91104
STAGE_MODEL_THRESHOLD,4,19.62302086100317,3.95136
STAGE_MODEL_THRESHOLD,4,19.677274585003033,3.95136
STAGE_MODEL_THRESHOLD,4,19.73158332100138,3.91104
STAGE_MODEL_THRESHOLD,4,19.78603483400002,3.95136
STAGE_MODEL_THRESHOLD,4,19.84022743600144,3.95136
STAGE_MODEL_THRESHOLD,4,19.89463525800238,3.91104
STAGE_MODEL_THRESHOLD,4,19.948834673003148,3.95136
STAGE_MODEL_THRESHOLD,4,20.00300408700059,3.91104
STAGE_MODEL_THRESHOLD,4,20.057184535002307,3.91104
STAGE_MODEL_THRESHOLD,4,20.111394408002525,3.95136
STAGE_MODEL_THRESHOLD,4,20.165663324001798,3.91104
STAGE_MODEL_THRESHOLD,4,20.219949320002343,3.91104
STAGE_MODEL_THRESHOLD,4,20.274106676002702,3.99168
STAGE_MODEL_THRESHOLD,4,20.328307498002687,3.95136
STAGE_MODEL_THRESHOLD,4,20.38261569000315,3.95136
STAGE_MODEL_THRESHOLD,4,20.43701577200045,3.95136
STAGE_MODEL_THRESHOLD,4,20.491351663000387,3.95136
STAGE_MODEL_THRESHOLD,4,20.545621282002685,3.95136
STAGE_MODEL_THRESHOLD,4,20.599929571002576,3.91104
STAGE_MODEL_THRESHOLD,4,20.654342510002607,3.95136
STAGE_MODEL_THRESHOLD,4,20.708534697001596,3.95136
STAGE_MODEL_THRESHOLD,4,20.762795169001038,3.91104
STAGE_MODEL_THRESHOLD,4,20.81695645900254,3.95136
STAGE_MODEL_THRESHOLD,4,20.87121085400213,3.95136
STAGE_MODEL_THRESHOLD,4,20.92542216700167,3.95136
STAGE_MODEL_THRESHOLD,4,20.97964739300005,3.95136
STAGE_MODEL_THRESHOLD,4,21.03382748900185,3.91104
STAGE_MODEL_THRESHOLD,4,21.088174702003016,3.95136
STAGE_MODEL_THRESHOLD,4,21.14258588300072,4.07232
STAGE_MODEL_THRESHOLD,4,21.196730413001205,4.15296
STAGE_MODEL_THRESHOLD,4,21.251491946000897,4.15296
STAGE_MODEL_THRESHOLD,4,21.305970166002226,4.11264
STAGE_MODEL_THRESHOLD,4,21.36022811100338,4.07232
STAGE_MODEL_THRESHOLD,4,21.41459387500072,4.11264
STAGE_MODEL_THRESHOLD,4,21.468933923002623,4.07232
STAGE_MODEL_THRESHOLD,4,21.52317091900113,4.07232
STAGE_MODEL_THRESHOLD,4,21.57740410900078,4.07232
STAGE_MODEL_THRESHOLD,4,21.63160483500178,4.032
STAGE_MODEL_THRESHOLD,4,21.685785923000367,4.032
STAGE_MODEL_THRESHOLD,4,21.740003568000247,4.032
STAGE_MODEL_THRESHOLD,4,21.794763951002096,3.99168
STAGE_MODEL_THRESHOLD,4,21.849008655000944,3.99168
STAGE_MODEL_THRESHOLD,4,21.90320090500245,3.99168
STAGE_MODEL_THRESHOLD,4,21.957444681000197,3.99168
STAGE_MODEL_THRESHOLD,4,22.011589563000598,3.99168
STAGE_MODEL_THRESHOLD,4,22.065802891000203,3.95136
STAGE_MODEL_THRESHOLD,4,22.12004510100087,3.99168
STAGE_MODEL_THRESHOLD,4,22.17431718300213,3.99168
STAGE_MODEL_THRESHOLD,4,22.228525073001947,3.95136
STAGE_MODEL_THRESHOLD,4,22.282779853001557,3.99168
STAGE_MODEL_THRESHOLD,4,22.33700095200038,3.95136
STAGE_MODEL_THRESHOLD,4,22.39190631800011,3.95136
STAGE_MODEL_THRESHOLD,4,22.446195992000867,3.99168
STAGE_MODEL_THRESHOLD,4,22.50039419100358,3.95136
STAGE_MODEL_THRESHOLD,4,22.554812728001707,3.95136
STAGE_MODEL_THRESHOLD,4,22.608990042001096,3.99168
STAGE_MODEL_THRESHOLD,4,22.663224895000894,3.95136
STAGE_MODEL_THRESHOLD,4,22.71740380800111,3.95136
STAGE_MODEL_THRESHOLD,4,22.771628714002873,3.95136
STAGE_MODEL_THRESHOLD,4,22.826010341002984,3.95136
STAGE_MODEL_THRESHOLD,4,22.880345848003344,3.95136
STAGE_MODEL_THRESHOLD,4,22.934562726000877,3.95136
STAGE_MODEL_THRESHOLD,4,22.988808933001565,3.95136
STAGE_MODEL_THRESHOLD,4,23.04297937100273,3.95136
STAGE_MODEL_THRESHOLD,4,23.09763414200279,3.95136
STAGE_MODEL_THRESHOLD,4,23.15193510500103,3.95136
STAGE_MODEL_THRESHOLD,4,23.206164361003175,3.95136
STAGE_MODEL_THRESHOLD,4,23.260396592002508,3.95136
STAGE_MODEL_THRESHOLD,4,23.314571091003018,3.95136
STAGE_MODEL_THRESHOLD,4,23.368848609999986,3.95136
STAGE_MODEL_THRESHOLD,4,23.423113528002432,3.95136
STAGE_MODEL_THRESHOLD,4,23.477403554003104,3.99168
STAGE_MODEL_THRESHOLD,4,23.531644548002077,3.95136
STAGE_MODEL_THRESHOLD,4,23.585851735002507,3.95136
STAGE_MODEL_THRESHOLD,4,23.64000029500312,3.99168
STAGE_MODEL_THRESHOLD,4,23.694259903000784,3.95136
STAGE_MODEL_THRESHOLD,4,23.74846677000096,3.95136
STAGE_MODEL_THRESHOLD,4,23.80274237100093,3.95136
STAGE_MODEL_THRESHOLD,4,23.85700412300139,3.95136
STAGE_MODEL_THRESHOLD,4,23.91151208700103,3.99168
STAGE_MODEL_THRESHOLD,4,23.96576635400197,3.95136
STAGE_MODEL_THRESHOLD,4,24.020006069000374,3.95136
STAGE_MODEL_THRESHOLD,4,24.07423372500125,3.99168
STAGE_MODEL_THRESHOLD,4,24.128584265003155,3.95136
STAGE_MODEL_THRESHOLD,4,24.182872083001712,3.99168
STAGE_MODEL_THRESHOLD,4,24.237047158003406,4.15296
STAGE_MODEL_THRESHOLD,4,24.291524866002874,4.19328
STAGE_MODEL_THRESHOLD,4,24.346027681000123,4.19328
STAGE_MODEL_THRESHOLD,4,24.400234835000447,4.11264
STAGE_MODEL_THRESHOLD,4,24.45452402900264,4.11264
STAGE_MODEL_THRESHOLD,4,24.508888609001588,4.11264
STAGE_MODEL_THRESHOLD,4,24.563147962002404,4.07232
STAGE_MODEL_THRESHOLD,4,24.617381600000954,4.07232
STAGE_MODEL_THRESHOLD,4,24.67161402200145,4.07232
STAGE_MODEL_THRESHOLD,4,24.725899697001296,4.032
STAGE_MODEL_THRESHOLD,4,24.78007445300318,4.032
STAGE_MODEL_THRESHOLD,4,24.834297567002068,3.99168
STAGE_MODEL_THRESHOLD,4,24.888474657000188,4.032
STAGE_MODEL_THRESHOLD,4,24.942621650003275,4.032
STAGE_MODEL_THRESHOLD,4,24.997026530003495,3.99168
STAGE_MODEL_THRESHOLD,4,25.05134451000049,3.99168
STAGE_MODEL_THRESHOLD,4,25.10556884000107,3.99168
STAGE_MODEL_THRESHOLD,4,25.15997691800294,3.99168
STAGE_MODEL_THRESHOLD,4,25.214196323002398,3.99168
STAGE_MODEL_THRESHOLD,4,25.26835329500318,3.95136
STAGE_MODEL_THRESHOLD,4,25.32255833900126,3.99168
STAGE_MODEL_THRESHOLD,4,25.37669090700001,3.99168
STAGE_MODEL_THRESHOLD,4,25.430866910002806,3.95136
STAGE_MODEL_THRESHOLD,4,25.485108319000574,3.99168
STAGE_MODEL_THRESHOLD,4,25.539392268001393,3.99168
STAGE_MODEL_THRESHOLD,4,25.594108992001566,3.95136
STAGE_MODEL_THRESHOLD,4,25.648359613001958,3.99168
STAGE_MODEL_THRESHOLD,4,25.70253609500287,3.95136
STAGE_MODEL_THRESHOLD,4,25.756722204001562,3.95136
STAGE_MODEL_THRESHOLD,4,25.810868686003232,3.99168
STAGE_MODEL_THRESHOLD,4,25.865129606001574,3.95136
STAGE_MODEL_THRESHOLD,4,25.919443331000366,3.99168
STAGE_MODEL_THRESHOLD,4,25.97363542200037,3.99168
STAGE_MODEL_THRESHOLD,4,26.027901331002795,3.95136
STAGE_MODEL_THRESHOLD,4,26.082076566002797,3.99168
STAGE_MODEL_THRESHOLD,4,26.136315993000608,3.95136
STAGE_MODEL_THRESHOLD,4,26.19059431200003,3.95136
STAGE_MODEL_THRESHOLD,4,26.244823120003275,3.99168
STAGE_MODEL_THRESHOLD,4,26.29900519900184,3.95136
STAGE_MODEL_THRESHOLD,4,26.353162171002623,3.99168
STAGE_MODEL_THRESHOLD,4,26.40735944300104,4.032
STAGE_MODEL_THRESHOLD,4,26.461549998002738,3.99168
STAGE_MODEL_THRESHOLD,4,26.515710073002992,3.99168
STAGE_MODEL_THRESHOLD,4,26.569909168003505,3.99168
STAGE_MODEL_THRESHOLD,4,26.62417981100225,3.99168
STAGE_MODEL_THRESHOLD,4,26.67839745600213,3.99168
STAGE_MODEL_THRESHOLD,4,26.732602500000212,3.95136
STAGE_MODEL_THRESHOLD,4,26.786915938002494,3.99168
STAGE_MODEL_THRESHOLD,4,26.84116323300259,3.99168
STAGE_MODEL_THRESHOLD,4,26.895366038002976,3.95136
STAGE_MODEL_THRESHOLD,4,26.94955074000245,3.99168
STAGE_MODEL_THRESHOLD,4,27.003751306001504,3.95136
STAGE_MODEL_THRESHOLD,4,27.05794541100113,3.95136
STAGE_MODEL_THRESHOLD,4,27.112160722001136,3.99168
STAGE_MODEL_THRESHOLD,4,27.16644070500115,3.95136
STAGE_MODEL_THRESHOLD,4,27.22069151800315,3.95136
STAGE_MODEL_THRESHOLD,4,27.274868991000403,4.07232
STAGE_MODEL_THRESHOLD,4,27.32892038400314,4.15296
STAGE_MODEL_THRESHOLD,4,27.383642929002235,4.15296
STAGE_MODEL_THRESHOLD,4,27.437942358003056,4.15296
STAGE_MODEL_THRESHOLD,4,27.49227098800111,4.11264
STAGE_MODEL_THRESHOLD,4,27.546599010001955,4.11264
STAGE_MODEL_THRESHOLD,4,27.600878161003493,4.07232
STAGE_MODEL_THRESHOLD,4,27.655242421002185,4.11264
STAGE_MODEL_THRESHOLD,4,27.7095214760011,4.11264
STAGE_MODEL_THRESHOLD,4,27.763769699002296,4.07232
STAGE_MODEL_THRESHOLD,4,27.817940488002932,4.07232
STAGE_MODEL_THRESHOLD,4,27.87253237800178,4.2336
STAGE_MODEL_THRESHOLD,4,27.927055279000342,4.27392
STAGE_MODEL_THRESHOLD,4,27.98179506300221,4.35456
STAGE_MODEL_THRESHOLD,4,28.03642408700034,4.35456
STAGE_MODEL_THRESHOLD,4,28.091395756000566,4.31424
STAGE_MODEL_THRESHOLD,4,28.145720740001707,4.31424
STAGE_MODEL_THRESHOLD,4,28.200073390002217,4.2336
STAGE_MODEL_THRESHOLD,4,28.25440070800323,4.2336
STAGE_MODEL_THRESHOLD,4,28.308566732001054,4.19328
STAGE_MODEL_THRESHOLD,4,28.36282685200058,4.15296
STAGE_MODEL_THRESHOLD,4,28.4170381010008,4.15296
STAGE_MODEL_THRESHOLD,4,28.471375623001222,4.11264
STAGE_MODEL_THRESHOLD,4,28.525624709000112,4.11264
STAGE_MODEL_THRESHOLD,4,28.57984852700247,4.11264
STAGE_MODEL_THRESHOLD,4,28.63413138800024,4.07232
STAGE_MODEL_THRESHOLD,4,28.688333394002257,4.07232
STAGE_MODEL_THRESHOLD,4,28.742544099000952,4.07232
STAGE_MODEL_THRESHOLD,4,28.7967098980007,4.032
STAGE_MODEL_THRESHOLD,4,28.85089997400064,4.032
STAGE_MODEL_THRESHOLD,4,28.90511742700255,4.032
STAGE_MODEL_THRESHOLD,4,28.959430193001026,4.032
STAGE_MODEL_THRESHOLD,4,29.013626762000058,4.032
STAGE_MODEL_THRESHOLD,4,29.06788269200115,3.99168
STAGE_MODEL_THRESHOLD,4,29.12210772600156,3.99168
STAGE_MODEL_THRESHOLD,4,29.17641531100162,4.032
STAGE_MODEL_THRESHOLD,4,29.230628734003403,3.99168
STAGE_MODEL_THRESHOLD,4,29.284939357003168,3.99168
STAGE_MODEL_THRESHOLD,4,29.33919058600077,3.99168
STAGE_MODEL_THRESHOLD,4,29.393464524000592,3.99168
STAGE_MODEL_THRESHOLD,4,29.44773331200122,3.99168
STAGE_MODEL_THRESHOLD,4,29.50199164100195,3.99168
STAGE_MODEL_THRESHOLD,4,29.556199467002443,3.99168
STAGE_MODEL_THRESHOLD,4,29.61056158500287,3.99168
STAGE_MODEL_THRESHOLD,4,29.6648828590005,3.95136
STAGE_MODEL_THRESHOLD,4,29.719139813001675,3.99168
STAGE_MODEL_THRESHOLD,4,29.773636934001843,4.032
STAGE_MODEL_THRESHOLD,4,29.828155198003515,4.07232
STAGE_MODEL_THRESHOLD,4,29.882581763002236,4.15296
STAGE_MODEL_THRESHOLD,4,29.937317741001607,4.15296
STAGE_MODEL_THRESHOLD,4,29.992066097001953,4.15296
STAGE_MODEL_INFER,4,0.0005704659997718409,4.11264
STAGE_MODEL_INFER,4,0.05525939600192942,4.2336
STAGE_MODEL_INFER,4,0.10978949400305282,4.27392
STAGE_MODEL_INFER,4,0.16442539400304668,4.2336
STAGE_MODEL_INFER,4,0.21906871500323177,4.2336
STAGE_MODEL_INFER,4,0.27333062600155245,4.2336
STAGE_MODEL_INFER,4,0.32794081100291805,4.4352
STAGE_MODEL_INFER,4,0.3823935390028055,4.589184
STAGE_MODEL_INFER,4,0.4369364940030209,4.589184
STAGE_MODEL_INFER,4,0.49168158800239326,4.508672
STAGE_MODEL_INFER,4,0.5459231900022132,4.468416
STAGE_MODEL_INFER,4,0.600387688002229,4.39488
STAGE_MODEL_INFER,4,0.654861045000871,4.35456
STAGE_MODEL_INFER,4,0.7092504770007508,4.31424
STAGE_MODEL_INFER,4,0.7634386970021296,4.27392
STAGE_MODEL_INFER,4,0.8185250599999563,4.2336
STAGE_MODEL_INFER,4,0.8727483670008951,4.2336
STAGE_MODEL_INFER,4,0.927732605003257,4.15296
STAGE_MODEL_INFER,4,0.981996500002424,4.15296
STAGE_MODEL_INFER,4,1.03770744600115,4.15296
STAGE_MODEL_INFER,4,1.0919941770007426,4.11264
STAGE_MODEL_INFER,4,1.1471483790010097,4.11264
STAGE_MODEL_INFER,4,1.2013661520031746,4.07232
STAGE_MODEL_INFER,4,1.2556209310023405,4.07232
STAGE_MODEL_INFER,4,1.3106797239997832,4.07232
STAGE_MODEL_INFER,4,1.3649037340001087,4.032
STAGE_MODEL_INFER,4,1.419171274999826,4.032
STAGE_MODEL_INFER,4,1.4736125850031385,4.07232
STAGE_MODEL_INFER,4,1.5288564050024434,4.032
STAGE_MODEL_INFER,4,1.5837558220009669,4.032
STAGE_MODEL_INFER,4,1.6381105510008638,4.032
STAGE_MODEL_INFER,4,1.6923386870003014,3.99168
STAGE_MODEL_INFER,4,1.7465297540002211,4.032
STAGE_MODEL_INFER,4,1.8007708760014793,3.99168
STAGE_MODEL_INFER,4,1.8549799180000264,3.99168
STAGE_MODEL_INFER,4,1.909714105000603,4.032
STAGE_MODEL_INFER,4,1.964068674002192,3.99168
STAGE_MODEL_INFER,4,2.020007635001093,3.99168
STAGE_MODEL_INFER,4,2.074231837003026,4.032
STAGE_MODEL_INFER,4,2.1288651790018776,3.99168
STAGE_MODEL_INFER,4,2.1848843230000057,3.99168
STAGE_MODEL_INFER,4,2.2390874800003076,3.99168
STAGE_MODEL_INFER,4,2.293342131000827,3.99168
STAGE_MODEL_INFER,4,2.3477075430018886,3.99168
STAGE_MODEL_INFER,4,2.401977290002833,3.95136
STAGE_MODEL_INFER,4,2.456293191000441,3.99168
STAGE_MODEL_INFER,4,2.510546179000812,4.032
STAGE_MODEL_INFER,4,2.5647345910001604,3.99168
STAGE_MODEL_INFER,4,2.618918525000481,4.032
STAGE_MODEL_INFER,4,2.6733336400029657,4.032
STAGE_MODEL_INFER,4,2.727672729000915,3.99168
STAGE_MODEL_INFER,4,2.7818415670008108,4.032
STAGE_MODEL_INFER,4,2.8360734460002277,3.99168
STAGE_MODEL_INFER,4,2.89110466800048,3.99168
STAGE_MODEL_INFER,4,2.94542699700105,3.99168
STAGE_MODEL_INFER,4,2.9997356060011953,3.95136
STAGE_MODEL_INFER,4,3.0541994640007033,3.99168
STAGE_MODEL_INFER,4,3.108502731000044,3.99168
STAGE_MODEL_INFER,4,3.1627574140002253,3.95136
STAGE_MODEL_INFER,4,3.2169426920008846,3.99168
STAGE_MODEL_INFER,4,3.2711331830032577,3.99168
STAGE_MODEL_INFER,4,3.325429893000546,3.95136
STAGE_MODEL_INFER,4,3.379635417000827,4.11264
STAGE_MODEL_INFER,4,3.4340223540020816,4.15296
STAGE_MODEL_INFER,4,3.488984043000528,4.15296
STAGE_MODEL_INFER,4,3.543243875999906,4.15296
STAGE_MODEL_INFER,4,3.597447384003317,4.11264
STAGE_MODEL_INFER,4,3.6518562300007034,4.11264
STAGE_MODEL_INFER,4,3.7062012040005357,4.11264
STAGE_MODEL_INFER,4,3.7605147380018025,4.07232
STAGE_MODEL_INFER,4,3.8147716600033164,4.07232
STAGE_MODEL_INFER,4,3.869092005999846,4.032
STAGE_MODEL_INFER,4,3.923461384001712,4.032
STAGE_MODEL_INFER,4,3.9778300580001087,4.032
STAGE_MODEL_INFER,4,4.032165852000617,3.99168
STAGE_MODEL_INFER,4,4.0868009210025775,4.032
STAGE_MODEL_INFER,4,4.14116825200108,4.032
STAGE_MODEL_INFER,4,4.1955207099999825,3.99168
STAGE_MODEL_INFER,4,4.249795415002154,4.032
STAGE_MODEL_INFER,4,4.304129866002768,4.032
STAGE_MODEL_INFER,4,4.358476407000126,3.99168
STAGE_MODEL_INFER,4,4.412778907000757,4.032
STAGE_MODEL_INFER,4,4.467133379999723,3.99168
STAGE_MODEL_INFER,4,4.521672304999811,3.99168
STAGE_MODEL_INFER,4,4.575985422001395,3.99168
STAGE_MODEL_INFER,4,4.630333883000276,3.95136
STAGE_MODEL_INFER,4,4.684687844001019,3.99168
STAGE_MODEL_INFER,4,4.739004224000382,3.99168
STAGE_MODEL_INFER,4,4.79335901700324,3.99168
STAGE_MODEL_INFER,4,4.847701944003347,3.99168
STAGE_MODEL_INFER,4,4.902028239001083,3.95136
STAGE_MODEL_INFER,4,4.956502940000064,3.99168
STAGE_MODEL_INFER,4,5.01070974400136,4.032
STAGE_MODEL_INFER,4,5.06489729200257,4.07232
STAGE_MODEL_INFER,4,5.1191975840010855,4.2336
STAGE_MODEL_INFER,4,5.1731273740006145,4.387904
STAGE_MODEL_INFER,4,5.226999145001173,4.468416
STAGE_MODEL_INFER,4,5.28088924199983,4.589184
STAGE_MODEL_INFER,4,5.33495205300278,4.468416
STAGE_MODEL_INFER,4,5.389361155001097,4.42816
STAGE_MODEL_INFER,4,5.443756632001168,4.387904
STAGE_MODEL_INFER,4,5.498094857000979,4.307392
STAGE_MODEL_INFER,4,5.552435129000514,4.27392
STAGE_MODEL_INFER,4,5.6067159430022,4.27392
STAGE_MODEL_INFER,4,5.661055415999726,4.19328
STAGE_MODEL_INFER,4,5.715469124002993,4.19328
STAGE_MODEL_INFER,4,5.769782561001193,4.15296
STAGE_MODEL_INFER,4,5.824594470002921,4.11264
STAGE_MODEL_INFER,4,5.87884090100124,4.11264
STAGE_MODEL_INFER,4,5.933092098002817,4.07232
STAGE_MODEL_INFER,4,5.9874551110006,4.07232
STAGE_MODEL_INFER,4,6.041648544000054,4.07232
STAGE_MODEL_INFER,4,6.096022464000271,4.032
STAGE_MODEL_INFER,4,6.150363696000568,4.032
STAGE_MODEL_INFER,4,6.204727156000445,4.032
STAGE_MODEL_INFER,4,6.2604583490028745,3.99168
STAGE_MODEL_INFER,4,6.314770795001095,4.032
STAGE_MODEL_INFER,4,6.369143179003004,3.99168
STAGE_MODEL_INFER,4,6.423505328002648,3.99168
STAGE_MODEL_INFER,4,6.478049019002356,4.19328
STAGE_MODEL_INFER,4,6.532548603001487,4.15296
STAGE_MODEL_INFER,4,6.587261521002802,4.15296
STAGE_MODEL_INFER,4,6.641644332001306,4.15296
STAGE_MODEL_INFER,4,6.696383701000741,4.11264
STAGE_MODEL_INFER,4,6.750932349001232,4.11264
STAGE_MODEL_INFER,4,6.8052152740019665,4.07232
STAGE_MODEL_INFER,4,6.859606785001233,4.07232
STAGE_MODEL_INFER,4,6.913864794001711,4.07232
STAGE_MODEL_INFER,4,6.96820154800298,4.032
STAGE_MODEL_INFER,4,7.023873026002548,4.032
STAGE_MODEL_INFER,4,7.0781265900004655,4.032
STAGE_MODEL_INFER,4,7.132900276999862,3.99168
STAGE_MODEL_INFER,4,7.187797551003314,3.99168
STAGE_MODEL_INFER,4,7.242015485000593,4.032
STAGE_MODEL_INFER,4,7.2961619020024955,3.95136
STAGE_MODEL_INFER,4,7.351956902002712,3.99168
STAGE_MODEL_INFER,4,7.406215360002534,3.99168
STAGE_MODEL_INFER,4,7.460539256000629,3.95136
STAGE_MODEL_INFER,4,7.514922611000657,3.99168
STAGE_MODEL_INFER,4,7.569136386002356,3.95136
STAGE_MODEL_INFER,4,7.623426348000066,3.95136
STAGE_MODEL_INFER,4,7.677651574002084,3.99168
STAGE_MODEL_INFER,4,7.731859368002915,3.95136
STAGE_MODEL_INFER,4,7.7863597520008625,3.95136
STAGE_MODEL_INFER,4,7.840565436003089,3.99168
STAGE_MODEL_INFER,4,7.895187903002807,3.95136
STAGE_MODEL_INFER,4,7.949609575000068,3.95136
STAGE_MODEL_INFER,4,8.003892276003171,3.95136
STAGE_MODEL_INFER,4,8.058207249003317,3.95136
STAGE_MODEL_INFER,4,8.112568950000423,3.95136
STAGE_MODEL_INFER,4,8.166871065001033,3.95136
STAGE_MODEL_INFER,4,8.22137842200027,3.95136
STAGE_MODEL_INFER,4,8.2756722860031,3.99168
STAGE_MODEL_INFER,4,8.329913024001144,3.95136
STAGE_MODEL_INFER,4,8.384222687000147,3.95136
STAGE_MODEL_INFER,4,8.438515367000946,3.95136
STAGE_MODEL_INFER,4,8.492933041001379,3.95136
STAGE_MODEL_INFER,4,8.547250445000827,3.95136
STAGE_MODEL_INFER,4,8.601493901001959,3.95136
STAGE_MODEL_INFER,4,8.655800494001596,3.99168
STAGE_MODEL_INFER,4,8.710280185001466,3.99168
STAGE_MODEL_INFER,4,8.76464345400018,3.95136
STAGE_MODEL_INFER,4,8.81908015800218,3.99168
STAGE_MODEL_INFER,4,8.873346162999951,3.99168
STAGE_MODEL_INFER,4,8.927638012002717,3.95136
STAGE_MODEL_INFER,4,8.981987527000456,3.99168
STAGE_MODEL_INFER,4,9.0362952400028,3.95136
STAGE_MODEL_INFER,4,9.090594541001337,3.95136
STAGE_MODEL_INFER,4,9.144892370000889,3.99168
STAGE_MODEL_INFER,4,9.199202961000992,3.95136
STAGE_MODEL_INFER,4,9.253752889002499,3.95136
STAGE_MODEL_INFER,4,9.308084973003133,3.99168
STAGE_MODEL_INFER,4,9.362325134999992,3.95136
STAGE_MODEL_INFER,4,9.416521480001393,3.95136
STAGE_MODEL_INFER,4,9.470787517002464,3.95136
STAGE_MODEL_INFER,4,9.525703277002322,4.07232
STAGE_MODEL_INFER,4,9.579933652999898,4.2336
STAGE_MODEL_INFER,4,9.634660484000051,4.15296
STAGE_MODEL_INFER,4,9.689406441000756,4.15296
STAGE_MODEL_INFER,4,9.743914949001919,4.15296
STAGE_MODEL_INFER,4,9.798437178000313,4.07232
STAGE_MODEL_INFER,4,9.852749241003039,4.07232
STAGE_MODEL_INFER,4,9.90705784900274,4.07232
STAGE_MODEL_INFER,4,9.961390797001513,4.032
STAGE_MODEL_INFER,4,10.015628720000677,4.032
STAGE_MODEL_INFER,4,10.069962244000635,4.032
STAGE_MODEL_INFER,4,10.12458208800308,3.99168
STAGE_MODEL_INFER,4,10.178857753002376,4.032
STAGE_MODEL_INFER,4,10.233098587003042,3.99168
STAGE_MODEL_INFER,4,10.287860055999772,3.99168
STAGE_MODEL_INFER,4,10.343687041000521,3.99168
STAGE_MODEL_INFER,4,10.398029264000797,3.95136
STAGE_MODEL_INFER,4,10.45237423800063,3.99168
STAGE_MODEL_INFER,4,10.506662888001301,4.11264
STAGE_MODEL_INFER,4,10.560542335002538,4.2336
STAGE_MODEL_INFER,4,10.614400832000683,4.387904
STAGE_MODEL_INFER,4,10.668324961003236,4.468416
STAGE_MODEL_INFER,4,10.722310914003174,4.589184
STAGE_MODEL_INFER,4,10.776220522002404,4.702464
STAGE_MODEL_INFER,4,10.830128467001487,4.589184
STAGE_MODEL_INFER,4,10.884334342001239,4.548928
STAGE_MODEL_INFER,4,10.938666299000033,4.468416
STAGE_MODEL_INFER,4,10.993108760001633,4.387904
STAGE_MODEL_INFER,4,11.047368592000566,4.347648
STAGE_MODEL_INFER,4,11.101634662001743,4.267136
STAGE_MODEL_INFER,4,11.15582109100069,4.267136
STAGE_MODEL_INFER,4,11.209968404000392,4.22688
STAGE_MODEL_INFER,4,11.264174823001667,4.15296
STAGE_MODEL_INFER,4,11.318447417001153,4.15296
STAGE_MODEL_INFER,4,11.372746206001466,4.15296
STAGE_MODEL_INFER,4,11.426985121001053,4.11264
STAGE_MODEL_INFER,4,11.481157733000146,4.11264
STAGE_MODEL_INFER,4,11.535315504999744,4.07232
STAGE_MODEL_INFER,4,11.589457699999912,4.07232
STAGE_MODEL_INFER,4,11.643606740002724,4.07232
STAGE_MODEL_INFER,4,11.699286662002123,4.032
STAGE_MODEL_INFER,4,11.753512464001687,4.032
STAGE_MODEL_INFER,4,11.808419619999768,4.032
STAGE_MODEL_INFER,4,11.86281663200134,3.99168
STAGE_MODEL_INFER,4,11.917006260002381,4.032
STAGE_MODEL_INFER,4,11.971833776002313,4.032
STAGE_MODEL_INFER,4,12.026028841002699,3.99168
STAGE_MODEL_INFER,4,12.080251827999746,3.99168
STAGE_MODEL_INFER,4,12.135043587000837,3.99168
STAGE_MODEL_INFER,4,12.189361790002295,3.99168
STAGE_MODEL_INFER,4,12.244458260000101,3.99168
STAGE_MODEL_INFER,4,12.298848587000975,3.95136
STAGE_MODEL_INFER,4,12.353038183002354,3.99168
STAGE_MODEL_INFER,4,12.407290275001287,3.99168
STAGE_MODEL_INFER,4,12.461699409002904,3.95136
STAGE_MODEL_INFER,4,12.51590672400198,3.99168
STAGE_MODEL_INFER,4,12.570123378001881,3.99168
STAGE_MODEL_INFER,4,12.624376366002252,4.19328
STAGE_MODEL_INFER,4,12.678742609001347,4.19328
STAGE_MODEL_INFER,4,12.733077636003145,4.11264
STAGE_MODEL_INFER,4,12.787436683000124,4.11264
STAGE_MODEL_INFER,4,12.841615116001776,4.11264
STAGE_MODEL_INFER,4,12.895998183001211,4.07232
STAGE_MODEL_INFER,4,12.950261598001816,4.07232
STAGE_MODEL_INFER,4,13.004456183000002,4.07232
STAGE_MODEL_INFER,4,13.058711698002298,4.032
STAGE_MODEL_INFER,4,13.11296807600229,4.07232
STAGE_MODEL_INFER,4,13.167192854001769,4.032
STAGE_MODEL_INFER,4,13.221487005001109,4.032
STAGE_MODEL_INFER,4,13.275657027003035,4.032
STAGE_MODEL_INFER,4,13.329841280999972,3.99168
STAGE_MODEL_INFER,4,13.384056208000402,4.032
STAGE_MODEL_INFER,4,13.438355509002577,3.99168
STAGE_MODEL_INFER,4,13.492558122001356,3.99168
STAGE_MODEL_INFER,4,13.546733133000089,3.99168
STAGE_MODEL_INFER,4,13.600954872003058,3.95136
STAGE_MODEL_INFER,4,13.655172998001945,3.99168
STAGE_MODEL_INFER,4,13.7093529340018,3.99168
STAGE_MODEL_INFER,4,13.763523659003113,3.95136
STAGE_MODEL_INFER,4,13.817694384000788,3.99168
STAGE_MODEL_INFER,4,13.871869811002398,3.99168
STAGE_MODEL_INFER,4,13.926234615002613,3.95136
STAGE_MODEL_INFER,4,13.980912415001512,3.99168
STAGE_MODEL_INFER,4,14.036428962001082,3.95136
STAGE_MODEL_INFER,4,14.090670244000648,3.99168
STAGE_MODEL_INFER,4,14.145426053000847,3.99168
STAGE_MODEL_INFER,4,14.19962597900303,3.95136
STAGE_MODEL_INFER,4,14.254350347000582,3.99168
STAGE_MODEL_INFER,4,14.308566841002175,3.99168
STAGE_MODEL_INFER,4,14.36278467900047,3.95136
STAGE_MODEL_INFER,4,14.41697795300206,3.99168
STAGE_MODEL_INFER,4,14.471234459000698,3.99168
STAGE_MODEL_INFER,4,14.525521158000629,3.99168
STAGE_MODEL_INFER,4,14.58085152700005,3.99168
STAGE_MODEL_INFER,4,14.635739621000539,3.95136
STAGE_MODEL_INFER,4,14.689939835003315,3.95136
STAGE_MODEL_INFER,4,14.745711808001943,3.99168
STAGE_MODEL_INFER,4,14.799903482002264,3.99168
STAGE_MODEL_INFER,4,14.85495395900216,3.99168
STAGE_MODEL_INFER,4,14.909147489001043,4.032
STAGE_MODEL_INFER,4,14.963571975000377,3.99168
STAGE_MODEL_INFER,4,15.018634798001585,3.99168
STAGE_MODEL_INFER,4,15.073044315002335,3.99168
STAGE_MODEL_INFER,4,15.127342305000639,3.99168
STAGE_MODEL_INFER,4,15.181568426000013,3.99168
STAGE_MODEL_INFER,4,15.235734769001283,3.95136
STAGE_MODEL_INFER,4,15.289927116002218,3.99168
STAGE_MODEL_INFER,4,15.344154739999794,3.99168
STAGE_MODEL_INFER,4,15.398418667002261,3.95136
STAGE_MODEL_INFER,4,15.452579957000125,3.99168
STAGE_MODEL_INFER,4,15.50673846400241,3.99168
STAGE_MODEL_INFER,4,15.560954286000197,3.95136
STAGE_MODEL_INFER,4,15.61519745500118,3.99168
STAGE_MODEL_INFER,4,15.669392584000889,4.07232
STAGE_MODEL_INFER,4,15.724016522002785,4.19328
STAGE_MODEL_INFER,4,15.778602656002477,4.19328
STAGE_MODEL_INFER,4,15.832976735000557,4.11264
STAGE_MODEL_INFER,4,15.88750350600094,4.11264
STAGE_MODEL_INFER,4,15.94182199700299,4.11264
STAGE_MODEL_INFER,4,15.99607949500205,4.07232
STAGE_MODEL_INFER,4,16.05029611700229,4.07232
STAGE_MODEL_INFER,4,16.104512675003207,4.07232
STAGE_MODEL_INFER,4,16.15880154900151,4.032
STAGE_MODEL_INFER,4,16.21300170000177,4.07232
STAGE_MODEL_INFER,4,16.267230763001862,4.032
STAGE_MODEL_INFER,4,16.32146548899982,4.032
STAGE_MODEL_INFER,4,16.3757110880033,4.032
STAGE_MODEL_INFER,4,16.429912838000746,3.99168
STAGE_MODEL_INFER,4,16.484130291002657,3.99168
STAGE_MODEL_INFER,4,16.53835126300328,3.99168
STAGE_MODEL_INFER,4,16.592712645000574,3.99168
STAGE_MODEL_INFER,4,16.64693179400274,3.99168
STAGE_MODEL_INFER,4,16.70108163400073,3.95136
STAGE_MODEL_INFER,4,16.755318565999914,3.99168
STAGE_MODEL_INFER,4,16.80947374600146,3.99168
STAGE_MODEL_INFER,4,16.863651892002963,3.95136
STAGE_MODEL_INFER,4,16.917906575003144,3.99168
STAGE_MODEL_INFER,4,16.97216237700195,3.99168
STAGE_MODEL_INFER,4,17.026350854001066,3.95136
STAGE_MODEL_INFER,4,17.080538178001007,3.99168
STAGE_MODEL_INFER,4,17.134839878002822,3.95136
STAGE_MODEL_INFER,4,17.189009292000264,3.95136
STAGE_MODEL_INFER,4,17.243154717001744,3.99168
STAGE_MODEL_INFER,4,17.297320741003205,3.95136
STAGE_MODEL_INFER,4,17.351565988999937,3.99168
STAGE_MODEL_INFER,4,17.405800234002527,3.99168
STAGE_MODEL_INFER,4,17.460084630001802,3.95136
STAGE_MODEL_INFER,4,17.514257466002164,3.99168
STAGE_MODEL_INFER,4,17.568469419002213,3.95136
STAGE_MODEL_INFER,4,17.622685881000507,3.95136
STAGE_MODEL_INFER,4,17.67681790500137,3.99168
STAGE_MODEL_INFER,4,17.73100123200129,3.95136
STAGE_MODEL_INFER,4,17.785207843000535,3.95136
STAGE_MODEL_INFER,4,17.839368046003074,3.95136
STAGE_MODEL_INFER,4,17.893600308001623,3.95136
STAGE_MODEL_INFER,4,17.94784005400288,3.99168
STAGE_MODEL_INFER,4,18.00204548200054,3.95136
STAGE_MODEL_INFER,4,18.056203158001153,3.95136
STAGE_MODEL_INFER,4,18.110444344001735,3.99168
STAGE_MODEL_INFER,4,18.16463102900161,3.95136
STAGE_MODEL_INFER,4,18.218862618999992,3.95136
STAGE_MODEL_INFER,4,18.272993333001068,3.99168
STAGE_MODEL_INFER,4,18.327192363001814,3.95136
STAGE_MODEL_INFER,4,18.381362737000018,3.95136
STAGE_MODEL_INFER,4,18.435611791002884,3.95136
STAGE_MODEL_INFER,4,18.489859949000675,3.95136
STAGE_MODEL_INFER,4,18.54398858300192,3.95136
STAGE_MODEL_INFER,4,18.598227178001252,3.95136
STAGE_MODEL_INFER,4,18.652379033002944,3.95136
STAGE_MODEL_INFER,4,18.706566262000706,3.95136
STAGE_MODEL_INFER,4,18.76080952600023,4.11264
STAGE_MODEL_INFER,4,18.815199406002648,4.15296
STAGE_MODEL_INFER,4,18.86969144199975,4.11264
STAGE_MODEL_INFER,4,18.924781771002017,4.11264
STAGE_MODEL_INFER,4,18.97897210300289,4.11264
STAGE_MODEL_INFER,4,19.033247927000048,4.07232
STAGE_MODEL_INFER,4,19.087433013002737,4.07232
STAGE_MODEL_INFER,4,19.141669721000653,4.07232
STAGE_MODEL_INFER,4,19.19584917800239,4.032
STAGE_MODEL_INFER,4,19.249996682003257,4.032
STAGE_MODEL_INFER,4,19.30413718300042,3.99168
STAGE_MODEL_INFER,4,19.35830042300222,3.99168
STAGE_MODEL_INFER,4,19.412437693001266,4.032
STAGE_MODEL_INFER,4,19.466567767001834,3.95136
STAGE_MODEL_INFER,4,19.5207079790016,3.99168
STAGE_MODEL_INFER,4,19.574919804003002,3.99168
STAGE_MODEL_INFER,4,19.629057105001266,3.95136
STAGE_MODEL_INFER,4,19.683191081003315,3.99168
STAGE_MODEL_INFER,4,19.73731239100016,3.95136
STAGE_MODEL_INFER,4,19.791445599003055,3.95136
STAGE_MODEL_INFER,4,19.8455799580006,3.99168
STAGE_MODEL_INFER,4,19.899713454000448,3.95136
STAGE_MODEL_INFER,4,19.953821009999956,3.95136
STAGE_MODEL_INFER,4,20.007939569000882,3.99168
STAGE_MODEL_INFER,4,20.06227913800103,3.95136
STAGE_MODEL_INFER,4,20.116534845001297,3.95136
STAGE_MODEL_INFER,4,20.170698533001996,3.95136
STAGE_MODEL_INFER,4,20.224848309000663,3.95136
STAGE_MODEL_INFER,4,20.27898599400214,3.95136
STAGE_MODEL_INFER,4,20.33309879599983,3.91104
STAGE_MODEL_INFER,4,20.387263764001545,3.95136
STAGE_MODEL_INFER,4,20.441375991002133,3.99168
STAGE_MODEL_INFER,4,20.495666848000837,3.95136
STAGE_MODEL_INFER,4,20.5498556120001,3.95136
STAGE_MODEL_INFER,4,20.603979896000965,3.95136
STAGE_MODEL_INFER,4,20.65811483100333,3.95136
STAGE_MODEL_INFER,4,20.71227599300255,3.95136
STAGE_MODEL_INFER,4,20.766427208000096,3.91104
STAGE_MODEL_INFER,4,20.82066541899985,3.95136
STAGE_MODEL_INFER,4,20.87481049300186,3.95136
STAGE_MODEL_INFER,4,20.92927623900323,3.95136
STAGE_MODEL_INFER,4,20.983493692001502,3.99168
STAGE_MODEL_INFER,4,21.03766774399992,3.95136
STAGE_MODEL_INFER,4,21.092103584000142,3.95136
STAGE_MODEL_INFER,4,21.146329098002752,3.99168
STAGE_MODEL_INFER,4,21.200520229001995,3.95136
STAGE_MODEL_INFER,4,21.25467656100227,3.95136
STAGE_MODEL_INFER,4,21.30883826700301,3.99168
STAGE_MODEL_INFER,4,21.36321036300069,3.95136
STAGE_MODEL_INFER,4,21.417581052002788,3.99168
STAGE_MODEL_INFER,4,21.471715571002278,3.99168
STAGE_MODEL_INFER,4,21.525880315002723,3.95136
STAGE_MODEL_INFER,4,21.58047575599994,3.99168
STAGE_MODEL_INFER,4,21.634634967002057,3.95136
STAGE_MODEL_INFER,4,21.68877047800197,3.95136
STAGE_MODEL_INFER,4,21.742911170000298,3.99168
STAGE_MODEL_INFER,4,21.797056979001354,3.99168
STAGE_MODEL_INFER,4,21.851768330001505,4.15296
STAGE_MODEL_INFER,4,21.906797442003153,4.19328
STAGE_MODEL_INFER,4,21.96103389400014,4.11264
STAGE_MODEL_INFER,4,22.015257137001754,4.11264
STAGE_MODEL_INFER,4,22.06944522900085,4.07232
STAGE_MODEL_INFER,4,22.123881773000903,4.07232
STAGE_MODEL_INFER,4,22.178220894002152,4.07232
STAGE_MODEL_INFER,4,22.232511303001957,4.032
STAGE_MODEL_INFER,4,22.286866895999992,4.032
STAGE_MODEL_INFER,4,22.341128871001274,4.032
STAGE_MODEL_INFER,4,22.395613710999896,3.99168
STAGE_MODEL_INFER,4,22.449868745999993,3.99168
STAGE_MODEL_INFER,4,22.504180776002613,3.99168
STAGE_MODEL_INFER,4,22.558539344001474,3.99168
STAGE_MODEL_INFER,4,22.61277518800125,3.99168
STAGE_MODEL_INFER,4,22.66698835600255,3.95136
STAGE_MODEL_INFER,4,22.721267699002055,3.95136
STAGE_MODEL_INFER,4,22.77572634399985,3.99168
STAGE_MODEL_INFER,4,22.82997578100185,3.95136
STAGE_MODEL_INFER,4,22.884284006002417,3.99168
STAGE_MODEL_INFER,4,22.93850859200029,3.99168
STAGE_MODEL_INFER,4,22.992780322001636,3.95136
STAGE_MODEL_INFER,4,23.046968894999736,3.99168
STAGE_MODEL_INFER,4,23.10119607100205,3.95136
STAGE_MODEL_INFER,4,23.155610419002187,3.95136
STAGE_MODEL_INFER,4,23.209862351002812,3.99168
STAGE_MODEL_INFER,4,23.264091543001996,3.95136
STAGE_MODEL_INFER,4,23.31835537400184,3.95136
STAGE_MODEL_INFER,4,23.372534255002392,3.95136
STAGE_MODEL_INFER,4,23.426803297999868,3.95136
STAGE_MODEL_INFER,4,23.48104151000007,3.95136
STAGE_MODEL_INFER,4,23.535232737001934,3.91104
STAGE_MODEL_INFER,4,23.589487995002855,3.95136
STAGE_MODEL_INFER,4,23.643722369000898,3.95136
STAGE_MODEL_INFER,4,23.69794973700118,3.91104
STAGE_MODEL_INFER,4,23.75219610500062,3.95136
STAGE_MODEL_INFER,4,23.806407833002595,3.95136
STAGE_MODEL_INFER,4,23.860573377001856,3.91104
STAGE_MODEL_INFER,4,23.914795243999833,3.95136
STAGE_MODEL_INFER,4,23.9689532400007,3.91104
STAGE_MODEL_INFER,4,24.02319074800107,3.91104
STAGE_MODEL_INFER,4,24.077374746000714,3.95136
STAGE_MODEL_INFER,4,24.131713067003147,3.91104
STAGE_MODEL_INFER,4,24.185918783001398,3.95136
STAGE_MODEL_INFER,4,24.24007073300163,3.95136
STAGE_MODEL_INFER,4,24.294526916000905,3.91104
STAGE_MODEL_INFER,4,24.348701447001076,3.95136
STAGE_MODEL_INFER,4,24.402958624999883,3.91104
STAGE_MODEL_INFER,4,24.457234993002203,4.032
STAGE_MODEL_INFER,4,24.511513568002556,4.15296
STAGE_MODEL_INFER,4,24.56583260300249,4.15296
STAGE_MODEL_INFER,4,24.620461018999777,4.15296
STAGE_MODEL_INFER,4,24.674689251001837,4.15296
STAGE_MODEL_INFER,4,24.72928632300318,4.07232
STAGE_MODEL_INFER,4,24.783509470002173,4.07232
STAGE_MODEL_INFER,4,24.83778686200094,4.07232
STAGE_MODEL_INFER,4,24.892209493002156,4.2336
STAGE_MODEL_INFER,4,24.946858475002955,4.27392
STAGE_MODEL_INFER,4,25.003119162000075,4.2336
STAGE_MODEL_INFER,4,25.059662204999768,4.19328
STAGE_MODEL_INFER,4,25.113878027001192,4.19328
STAGE_MODEL_INFER,4,25.16948109200166,4.11264
STAGE_MODEL_INFER,4,25.22382245100016,4.11264
STAGE_MODEL_INFER,4,25.278060535001714,4.11264
STAGE_MODEL_INFER,4,25.3322112700007,4.07232
STAGE_MODEL_INFER,4,25.387575958000525,4.07232
STAGE_MODEL_INFER,4,25.441793283000152,4.07232
STAGE_MODEL_INFER,4,25.497184806001314,4.032
STAGE_MODEL_INFER,4,25.55139531900204,4.032
STAGE_MODEL_INFER,4,25.605632443002833,4.032
STAGE_MODEL_INFER,4,25.66171990500152,3.99168
STAGE_MODEL_INFER,4,25.71595770100248,4.032
STAGE_MODEL_INFER,4,25.770266597002774,3.99168
STAGE_MODEL_INFER,4,25.82447276000312,3.99168
STAGE_MODEL_INFER,4,25.879146242001298,3.99168
STAGE_MODEL_INFER,4,25.933340219002275,3.95136
STAGE_MODEL_INFER,4,25.988383564003016,3.99168
STAGE_MODEL_INFER,4,26.042584801001794,3.99168
STAGE_MODEL_INFER,4,26.097969063001074,3.95136
STAGE_MODEL_INFER,4,26.15260374799982,3.99168
STAGE_MODEL_INFER,4,26.20693832800316,3.99168
STAGE_MODEL_INFER,4,26.26113275300304,3.99168
STAGE_MODEL_INFER,4,26.31534384200131,3.99168
STAGE_MODEL_INFER,4,26.369583652001893,3.95136
STAGE_MODEL_INFER,4,26.423873965002713,3.99168
STAGE_MODEL_INFER,4,26.47807402000035,3.99168
STAGE_MODEL_INFER,4,26.53234779700142,3.95136
STAGE_MODEL_INFER,4,26.58663251300095,3.99168
STAGE_MODEL_INFER,4,26.640887133002252,3.99168
STAGE_MODEL_INFER,4,26.695142455002497,3.95136
STAGE_MODEL_INFER,4,26.749297316000593,3.99168
STAGE_MODEL_INFER,4,26.803506262000155,3.95136
STAGE_MODEL_INFER,4,26.857726659000036,3.95136
STAGE_MODEL_INFER,4,26.911944080002286,3.99168
STAGE_MODEL_INFER,4,26.966194669003016,3.95136
STAGE_MODEL_INFER,4,27.020444203000807,3.95136
STAGE_MODEL_INFER,4,27.074617135000153,4.032
STAGE_MODEL_INFER,4,27.129132552003284,3.99168
STAGE_MODEL_INFER,4,27.183378567002364,4.032
STAGE_MODEL_INFER,4,27.23779873500098,3.99168
STAGE_MODEL_INFER,4,27.292013279002276,3.99168
STAGE_MODEL_INFER,4,27.346200028001476,4.032
STAGE_MODEL_INFER,4,27.400384890002897,3.99168
STAGE_MODEL_INFER,4,27.454556191001757,3.99168
STAGE_MODEL_INFER,4,27.50870385500093,4.032
STAGE_MODEL_INFER,4,27.562919998003053,3.99168
STAGE_MODEL_INFER,4,27.617080744003033,3.99168
STAGE_MODEL_INFER,4,27.671256778001407,3.99168
STAGE_MODEL_INFER,4,27.72548622600152,3.99168
STAGE_MODEL_INFER,4,27.779636353003298,3.99168
STAGE_MODEL_INFER,4,27.833820671003195,3.95136
STAGE_MODEL_INFER,4,27.888089939002384,3.99168
STAGE_MODEL_INFER,4,27.942318363002414,4.11264
STAGE_MODEL_INFER,4,27.996734309999738,4.19328
STAGE_MODEL_INFER,4,28.051906677999796,4.19328
STAGE_MODEL_INFER,4,28.106203708000976,4.19328
STAGE_MODEL_INFER,4,28.160504160001437,4.15296
STAGE_MODEL_INFER,4,28.21470044000307,4.15296
STAGE_MODEL_INFER,4,28.26900706500237,4.11264
STAGE_MODEL_INFER,4,28.32321751500058,4.11264
STAGE_MODEL_INFER,4,28.37737787700098,4.11264
STAGE_MODEL_INFER,4,28.43171459900259,4.07232
STAGE_MODEL_INFER,4,28.485938194000482,4.07232
STAGE_MODEL_INFER,4,28.540149218002625,4.07232
STAGE_MODEL_INFER,4,28.594378954003332,4.032
STAGE_MODEL_INFER,4,28.64865078100047,4.07232
STAGE_MODEL_INFER,4,28.702968440000404,4.11264
STAGE_MODEL_INFER,4,28.757378917001915,4.15296
STAGE_MODEL_INFER,4,28.811608173000423,4.19328
STAGE_MODEL_INFER,4,28.8659865380032,4.15296
STAGE_MODEL_INFER,4,28.921354297002836,4.19328
STAGE_MODEL_INFER,4,28.975594043000456,4.2336
STAGE_MODEL_INFER,4,29.029818213002727,4.2336
STAGE_MODEL_INFER,4,29.084002436000446,4.27392
STAGE_MODEL_INFER,4,29.138862864001567,4.27392
STAGE_MODEL_INFER,4,29.193207518001145,4.27392
STAGE_MODEL_INFER,4,29.24756023200098,4.27392
STAGE_MODEL_INFER,4,29.30189580300066,4.2336
STAGE_MODEL_INFER,4,29.35612742500234,4.19328
STAGE_MODEL_INFER,4,29.4103993480021,4.19328
STAGE_MODEL_INFER,4,29.464677219002624,4.15296
STAGE_MODEL_INFER,4,29.519065436001256,4.15296
STAGE_MODEL_INFER,4,29.573233410003013,4.11264
STAGE_MODEL_INFER,4,29.628016757000296,4.07232
STAGE_MODEL_INFER,4,29.68225516000166,4.07232
STAGE_MODEL_INFER,4,29.73652119700273,4.07232
STAGE_MODEL_INFER,4,29.79076791600164,4.032
STAGE_MODEL_INFER,4,29.844970945003297,4.07232
STAGE_MODEL_INFER,4,29.899337284001376,4.032
STAGE_MODEL_INFER,4,29.953677237001102,4.032
